gene	module	kME	in_trait_module	power	sft_r2	trait_module_cor	trait_module_size	n_modules
2	1	0.563314043004686	0	6	0.86804663073688	0.672497051555787	566	11
9	4	-0.0201751669321542	0	6	0.86804663073688	0.672497051555787	566	11
12	1	0.236365511802014	0	6	0.86804663073688	0.672497051555787	566	11
14	2	-0.258952930988914	0	6	0.86804663073688	0.672497051555787	566	11
15	1	0.300099808455214	0	6	0.86804663073688	0.672497051555787	566	11
16	2	0.0191235110881475	0	6	0.86804663073688	0.672497051555787	566	11
18	4	-0.317835485602038	0	6	0.86804663073688	0.672497051555787	566	11
19	1	0.324866984473577	0	6	0.86804663073688	0.672497051555787	566	11
20	3	0.198516817851189	0	6	0.86804663073688	0.672497051555787	566	11
21	2	0.182672548867605	0	6	0.86804663073688	0.672497051555787	566	11
22	4	0.105246119025076	0	6	0.86804663073688	0.672497051555787	566	11
24	1	0.256828824103725	0	6	0.86804663073688	0.672497051555787	566	11
25	6	0.211610185154245	0	6	0.86804663073688	0.672497051555787	566	11
26	4	-0.256186222422223	0	6	0.86804663073688	0.672497051555787	566	11
27	1	0.525889859909403	0	6	0.86804663073688	0.672497051555787	566	11
28	2	-0.0219777903630006	0	6	0.86804663073688	0.672497051555787	566	11
29	3	0.355428917826842	0	6	0.86804663073688	0.672497051555787	566	11
30	4	-0.254189040574557	0	6	0.86804663073688	0.672497051555787	566	11
31	3	0.477008624942675	0	6	0.86804663073688	0.672497051555787	566	11
32	3	0.405802509182601	0	6	0.86804663073688	0.672497051555787	566	11
33	4	-0.355114976529072	0	6	0.86804663073688	0.672497051555787	566	11
34	4	-0.179014289526581	0	6	0.86804663073688	0.672497051555787	566	11
35	2	-0.258325811343227	0	6	0.86804663073688	0.672497051555787	566	11
36	4	-0.316568416641344	0	6	0.86804663073688	0.672497051555787	566	11
37	4	-0.24392413366344	0	6	0.86804663073688	0.672497051555787	566	11
38	4	-0.357274284141657	0	6	0.86804663073688	0.672497051555787	566	11
39	2	-0.0140044684804571	0	6	0.86804663073688	0.672497051555787	566	11
40	1	0.264789105607047	0	6	0.86804663073688	0.672497051555787	566	11
41	0	0.140168426484024	0	6	0.86804663073688	0.672497051555787	566	11
43	0	0.145035967314671	0	6	0.86804663073688	0.672497051555787	566	11
47	7	-0.0102098043069755	0	6	0.86804663073688	0.672497051555787	566	11
48	4	-0.273072848772579	0	6	0.86804663073688	0.672497051555787	566	11
50	4	-0.307544277197701	0	6	0.86804663073688	0.672497051555787	566	11
51	4	-0.199360248407337	0	6	0.86804663073688	0.672497051555787	566	11
52	2	-0.0950589495452789	0	6	0.86804663073688	0.672497051555787	566	11
53	2	-0.0465060704505864	0	6	0.86804663073688	0.672497051555787	566	11
54	4	-0.200039023361212	0	6	0.86804663073688	0.672497051555787	566	11
55	1	0.356614706938489	0	6	0.86804663073688	0.672497051555787	566	11
58	2	-0.0704545300736753	0	6	0.86804663073688	0.672497051555787	566	11
59	1	0.466825096918842	0	6	0.86804663073688	0.672497051555787	566	11
70	1	0.139129257279386	0	6	0.86804663073688	0.672497051555787	566	11
72	1	0.124210078565085	0	6	0.86804663073688	0.672497051555787	566	11
81	3	0.095181931047445	0	6	0.86804663073688	0.672497051555787	566	11
86	2	0.190184028944477	0	6	0.86804663073688	0.672497051555787	566	11
87	1	0.347228051616952	0	6	0.86804663073688	0.672497051555787	566	11
88	3	0.138100591326803	0	6	0.86804663073688	0.672497051555787	566	11
89	3	0.0497051305990704	0	6	0.86804663073688	0.672497051555787	566	11
90	1	0.588455416807535	0	6	0.86804663073688	0.672497051555787	566	11
91	4	0.141386547709619	0	6	0.86804663073688	0.672497051555787	566	11
92	0	0.243005498598819	0	6	0.86804663073688	0.672497051555787	566	11
93	3	0.00793066710601985	0	6	0.86804663073688	0.672497051555787	566	11
94	0	0.423704888230467	0	6	0.86804663073688	0.672497051555787	566	11
97	1	0.357995410698673	0	6	0.86804663073688	0.672497051555787	566	11
100	1	0.314700202035293	0	6	0.86804663073688	0.672497051555787	566	11
101	1	0.144376583880591	0	6	0.86804663073688	0.672497051555787	566	11
102	1	0.535946124650428	0	6	0.86804663073688	0.672497051555787	566	11
103	10	0.247718034144915	0	6	0.86804663073688	0.672497051555787	566	11
104	5	0.693091353988767	1	6	0.86804663073688	0.672497051555787	566	11
105	0	0.191211297638602	0	6	0.86804663073688	0.672497051555787	566	11
107	3	0.22630488053782	0	6	0.86804663073688	0.672497051555787	566	11
108	1	0.216634833494435	0	6	0.86804663073688	0.672497051555787	566	11
109	1	0.486748287443699	0	6	0.86804663073688	0.672497051555787	566	11
113	1	0.409912315768389	0	6	0.86804663073688	0.672497051555787	566	11
115	4	-0.177366532760065	0	6	0.86804663073688	0.672497051555787	566	11
116	3	0.00725804773295411	0	6	0.86804663073688	0.672497051555787	566	11
117	0	0.248130948914858	0	6	0.86804663073688	0.672497051555787	566	11
118	3	0.394481850765398	0	6	0.86804663073688	0.672497051555787	566	11
119	1	0.264719139074183	0	6	0.86804663073688	0.672497051555787	566	11
120	2	-0.044473976214456	0	6	0.86804663073688	0.672497051555787	566	11
125	1	0.516248044282375	0	6	0.86804663073688	0.672497051555787	566	11
128	2	-0.172270159924232	0	6	0.86804663073688	0.672497051555787	566	11
130	4	-0.285227698176834	0	6	0.86804663073688	0.672497051555787	566	11
132	2	-0.0297110588322027	0	6	0.86804663073688	0.672497051555787	566	11
133	3	0.00842760959296176	0	6	0.86804663073688	0.672497051555787	566	11
134	3	0.237341901670794	0	6	0.86804663073688	0.672497051555787	566	11
136	0	0.0413050686978024	0	6	0.86804663073688	0.672497051555787	566	11
140	1	0.481300034713473	0	6	0.86804663073688	0.672497051555787	566	11
141	3	0.124900247876202	0	6	0.86804663073688	0.672497051555787	566	11
142	2	0.204842414049143	0	6	0.86804663073688	0.672497051555787	566	11
147	0	0.0279488018998084	0	6	0.86804663073688	0.672497051555787	566	11
148	1	0.13318676810473	0	6	0.86804663073688	0.672497051555787	566	11
150	1	0.341937672653153	0	6	0.86804663073688	0.672497051555787	566	11
151	3	0.0234286164279892	0	6	0.86804663073688	0.672497051555787	566	11
152	1	0.243470439931633	0	6	0.86804663073688	0.672497051555787	566	11
153	3	0.0986951404764364	0	6	0.86804663073688	0.672497051555787	566	11
154	1	0.350025282016729	0	6	0.86804663073688	0.672497051555787	566	11
156	1	0.170424863003645	0	6	0.86804663073688	0.672497051555787	566	11
157	3	-0.0861036296418538	0	6	0.86804663073688	0.672497051555787	566	11
158	1	0.245135100317236	0	6	0.86804663073688	0.672497051555787	566	11
159	1	0.280018218599116	0	6	0.86804663073688	0.672497051555787	566	11
161	2	-0.122722329840233	0	6	0.86804663073688	0.672497051555787	566	11
162	2	-0.197123730788566	0	6	0.86804663073688	0.672497051555787	566	11
163	2	0.207799670981062	0	6	0.86804663073688	0.672497051555787	566	11
164	3	0.000758424303953966	0	6	0.86804663073688	0.672497051555787	566	11
166	2	0.124105597113412	0	6	0.86804663073688	0.672497051555787	566	11
173	4	-0.308057607311833	0	6	0.86804663073688	0.672497051555787	566	11
175	1	0.10131368835247	0	6	0.86804663073688	0.672497051555787	566	11
176	1	0.328486580927279	0	6	0.86804663073688	0.672497051555787	566	11
178	4	-0.139502715537023	0	6	0.86804663073688	0.672497051555787	566	11
181	1	0.27233067915464	0	6	0.86804663073688	0.672497051555787	566	11
182	1	0.523727195760946	0	6	0.86804663073688	0.672497051555787	566	11
183	4	-0.24914060927024	0	6	0.86804663073688	0.672497051555787	566	11
185	3	0.15443357642461	0	6	0.86804663073688	0.672497051555787	566	11
186	1	0.0713722605216957	0	6	0.86804663073688	0.672497051555787	566	11
187	3	0.238859885746602	0	6	0.86804663073688	0.672497051555787	566	11
189	4	-0.134716692962122	0	6	0.86804663073688	0.672497051555787	566	11
191	4	-0.32162461283047	0	6	0.86804663073688	0.672497051555787	566	11
196	1	0.302421987317246	0	6	0.86804663073688	0.672497051555787	566	11
197	0	0.293326930003975	0	6	0.86804663073688	0.672497051555787	566	11
202	6	0.113878963862756	0	6	0.86804663073688	0.672497051555787	566	11
203	2	0.129701253094793	0	6	0.86804663073688	0.672497051555787	566	11
204	4	-0.104682166826046	0	6	0.86804663073688	0.672497051555787	566	11
207	2	-0.00525046554988829	0	6	0.86804663073688	0.672497051555787	566	11
208	2	-0.165208756425834	0	6	0.86804663073688	0.672497051555787	566	11
210	4	-0.305783923844822	0	6	0.86804663073688	0.672497051555787	566	11
211	0	0.0507245183689787	0	6	0.86804663073688	0.672497051555787	566	11
212	2	-0.12691264652424	0	6	0.86804663073688	0.672497051555787	566	11
213	4	-0.326914348414496	0	6	0.86804663073688	0.672497051555787	566	11
214	2	-0.170990299654991	0	6	0.86804663073688	0.672497051555787	566	11
215	0	0.0667106382212789	0	6	0.86804663073688	0.672497051555787	566	11
216	4	-0.0483318886420436	0	6	0.86804663073688	0.672497051555787	566	11
217	4	-0.445168019724949	0	6	0.86804663073688	0.672497051555787	566	11
218	0	0.0675538062279204	0	6	0.86804663073688	0.672497051555787	566	11
219	4	-0.238398363697979	0	6	0.86804663073688	0.672497051555787	566	11
220	1	0.320233888961411	0	6	0.86804663073688	0.672497051555787	566	11
221	2	0.0648671690767919	0	6	0.86804663073688	0.672497051555787	566	11
223	4	-0.399934502910153	0	6	0.86804663073688	0.672497051555787	566	11
224	4	-0.382689573523288	0	6	0.86804663073688	0.672497051555787	566	11
225	1	0.151857334407293	0	6	0.86804663073688	0.672497051555787	566	11
226	2	-0.294693324244406	0	6	0.86804663073688	0.672497051555787	566	11
229	4	-0.44756061504337	0	6	0.86804663073688	0.672497051555787	566	11
230	3	-0.0532406610250085	0	6	0.86804663073688	0.672497051555787	566	11
231	1	0.301582960543526	0	6	0.86804663073688	0.672497051555787	566	11
238	5	0.519438114019601	1	6	0.86804663073688	0.672497051555787	566	11
239	1	0.557567256127685	0	6	0.86804663073688	0.672497051555787	566	11
240	1	0.0356922548953192	0	6	0.86804663073688	0.672497051555787	566	11
241	1	-0.0565576987825581	0	6	0.86804663073688	0.672497051555787	566	11
242	0	0.0422986297704967	0	6	0.86804663073688	0.672497051555787	566	11
246	1	0.336274017558023	0	6	0.86804663073688	0.672497051555787	566	11
248	1	0.29172721345461	0	6	0.86804663073688	0.672497051555787	566	11
249	4	-0.343416379192638	0	6	0.86804663073688	0.672497051555787	566	11
257	3	0.13816085304941	0	6	0.86804663073688	0.672497051555787	566	11
259	4	0.061957199766215	0	6	0.86804663073688	0.672497051555787	566	11
262	1	0.25414049563024	0	6	0.86804663073688	0.672497051555787	566	11
267	2	-0.079808097332844	0	6	0.86804663073688	0.672497051555787	566	11
270	1	0.196181907785414	0	6	0.86804663073688	0.672497051555787	566	11
271	3	0.261366170871014	0	6	0.86804663073688	0.672497051555787	566	11
272	1	0.104539467194052	0	6	0.86804663073688	0.672497051555787	566	11
273	0	0.169040116103081	0	6	0.86804663073688	0.672497051555787	566	11
274	4	-0.369850890567073	0	6	0.86804663073688	0.672497051555787	566	11
275	0	0.333541454085486	0	6	0.86804663073688	0.672497051555787	566	11
284	1	0.262044775266873	0	6	0.86804663073688	0.672497051555787	566	11
285	1	0.732790696353325	0	6	0.86804663073688	0.672497051555787	566	11
286	4	0.459347964936121	0	6	0.86804663073688	0.672497051555787	566	11
287	4	-0.292746324035697	0	6	0.86804663073688	0.672497051555787	566	11
288	4	0.142771562099587	0	6	0.86804663073688	0.672497051555787	566	11
290	4	-0.282535638518024	0	6	0.86804663073688	0.672497051555787	566	11
291	3	0.00444614078894833	0	6	0.86804663073688	0.672497051555787	566	11
292	4	-0.283410282694617	0	6	0.86804663073688	0.672497051555787	566	11
301	1	0.595536783200731	0	6	0.86804663073688	0.672497051555787	566	11
302	3	0.141727600306961	0	6	0.86804663073688	0.672497051555787	566	11
306	1	0.409772391321492	0	6	0.86804663073688	0.672497051555787	566	11
307	6	0.177239435521798	0	6	0.86804663073688	0.672497051555787	566	11
308	1	0.30305039263681	0	6	0.86804663073688	0.672497051555787	566	11
309	1	0.269352376239452	0	6	0.86804663073688	0.672497051555787	566	11
310	2	-0.105017831957866	0	6	0.86804663073688	0.672497051555787	566	11
311	2	0.243840878964267	0	6	0.86804663073688	0.672497051555787	566	11
312	4	-0.0779514654778242	0	6	0.86804663073688	0.672497051555787	566	11
313	1	0.312728770362734	0	6	0.86804663073688	0.672497051555787	566	11
314	0	0.152113507501198	0	6	0.86804663073688	0.672497051555787	566	11
316	4	-0.2789271025348	0	6	0.86804663073688	0.672497051555787	566	11
317	1	0.392502080949677	0	6	0.86804663073688	0.672497051555787	566	11
318	2	-0.0835922746364945	0	6	0.86804663073688	0.672497051555787	566	11
321	1	0.232761583731348	0	6	0.86804663073688	0.672497051555787	566	11
322	2	0.089178915305596	0	6	0.86804663073688	0.672497051555787	566	11
323	3	0.426827337506867	0	6	0.86804663073688	0.672497051555787	566	11
324	3	0.1258684617448	0	6	0.86804663073688	0.672497051555787	566	11
326	2	0.308487075265836	0	6	0.86804663073688	0.672497051555787	566	11
327	2	-0.324302183646716	0	6	0.86804663073688	0.672497051555787	566	11
328	6	0.14071714685947	0	6	0.86804663073688	0.672497051555787	566	11
329	2	0.110434615453851	0	6	0.86804663073688	0.672497051555787	566	11
330	1	0.166797512001675	0	6	0.86804663073688	0.672497051555787	566	11
331	3	0.16131846736267	0	6	0.86804663073688	0.672497051555787	566	11
332	1	0.589924096030248	0	6	0.86804663073688	0.672497051555787	566	11
333	3	-0.00408959146241686	0	6	0.86804663073688	0.672497051555787	566	11
334	2	-0.132962653781288	0	6	0.86804663073688	0.672497051555787	566	11
338	4	-0.128283355189289	0	6	0.86804663073688	0.672497051555787	566	11
341	1	0.28306864309282	0	6	0.86804663073688	0.672497051555787	566	11
345	4	-0.133992134197572	0	6	0.86804663073688	0.672497051555787	566	11
347	3	-0.130914591059333	0	6	0.86804663073688	0.672497051555787	566	11
348	4	-0.470153449849362	0	6	0.86804663073688	0.672497051555787	566	11
350	4	-0.506881825085115	0	6	0.86804663073688	0.672497051555787	566	11
351	2	0.226875340472095	0	6	0.86804663073688	0.672497051555787	566	11
353	7	-0.254313733141688	0	6	0.86804663073688	0.672497051555787	566	11
355	1	0.485772521189153	0	6	0.86804663073688	0.672497051555787	566	11
356	0	0.293173402513491	0	6	0.86804663073688	0.672497051555787	566	11
357	3	0.145600613975549	0	6	0.86804663073688	0.672497051555787	566	11
359	4	0.0204693323190769	0	6	0.86804663073688	0.672497051555787	566	11
360	2	-0.188311797938287	0	6	0.86804663073688	0.672497051555787	566	11
361	0	0.0296083731778777	0	6	0.86804663073688	0.672497051555787	566	11
362	0	0.0894043615029775	0	6	0.86804663073688	0.672497051555787	566	11
363	0	-0.124865266928859	0	6	0.86804663073688	0.672497051555787	566	11
366	8	-0.171650022529571	0	6	0.86804663073688	0.672497051555787	566	11
367	0	0.0847277194744951	0	6	0.86804663073688	0.672497051555787	566	11
369	2	-0.239795170414461	0	6	0.86804663073688	0.672497051555787	566	11
372	2	0.0740598941186824	0	6	0.86804663073688	0.672497051555787	566	11
373	3	0.185406099866609	0	6	0.86804663073688	0.672497051555787	566	11
377	2	-0.0202833969839078	0	6	0.86804663073688	0.672497051555787	566	11
378	2	0.0055622913555209	0	6	0.86804663073688	0.672497051555787	566	11
379	2	0.000890186367265414	0	6	0.86804663073688	0.672497051555787	566	11
381	2	-0.117985938085765	0	6	0.86804663073688	0.672497051555787	566	11
382	3	-0.00936657147113239	0	6	0.86804663073688	0.672497051555787	566	11
384	4	-0.172516798684695	0	6	0.86804663073688	0.672497051555787	566	11
387	2	0.0842685612969261	0	6	0.86804663073688	0.672497051555787	566	11
388	11	-0.0519226863063464	0	6	0.86804663073688	0.672497051555787	566	11
389	7	0.103417736738009	0	6	0.86804663073688	0.672497051555787	566	11
390	1	0.365171208606636	0	6	0.86804663073688	0.672497051555787	566	11
391	1	-0.118816443689762	0	6	0.86804663073688	0.672497051555787	566	11
392	7	0.173975318378424	0	6	0.86804663073688	0.672497051555787	566	11
393	1	0.584925514893702	0	6	0.86804663073688	0.672497051555787	566	11
394	2	-0.210888462851574	0	6	0.86804663073688	0.672497051555787	566	11
395	1	0.267778998381435	0	6	0.86804663073688	0.672497051555787	566	11
396	2	-0.0681524330521031	0	6	0.86804663073688	0.672497051555787	566	11
397	5	0.463447712223691	1	6	0.86804663073688	0.672497051555787	566	11
399	1	0.212872950380056	0	6	0.86804663073688	0.672497051555787	566	11
400	2	-0.105916547437746	0	6	0.86804663073688	0.672497051555787	566	11
402	2	-0.364182435786342	0	6	0.86804663073688	0.672497051555787	566	11
403	2	-0.0771945036946344	0	6	0.86804663073688	0.672497051555787	566	11
405	3	0.0643087796340635	0	6	0.86804663073688	0.672497051555787	566	11
406	2	-0.383859608288452	0	6	0.86804663073688	0.672497051555787	566	11
407	1	0.525067058517656	0	6	0.86804663073688	0.672497051555787	566	11
408	3	0.233373942700453	0	6	0.86804663073688	0.672497051555787	566	11
409	1	0.174420082825433	0	6	0.86804663073688	0.672497051555787	566	11
410	2	-0.289299914506613	0	6	0.86804663073688	0.672497051555787	566	11
411	4	-0.119706052377593	0	6	0.86804663073688	0.672497051555787	566	11
412	1	0.32326512250016	0	6	0.86804663073688	0.672497051555787	566	11
414	4	-0.133158337153469	0	6	0.86804663073688	0.672497051555787	566	11
415	4	-0.31535231946326	0	6	0.86804663073688	0.672497051555787	566	11
416	4	-0.184851920013282	0	6	0.86804663073688	0.672497051555787	566	11
420	0	-0.146652670178723	0	6	0.86804663073688	0.672497051555787	566	11
421	1	0.311872225630208	0	6	0.86804663073688	0.672497051555787	566	11
427	4	-0.196001406368879	0	6	0.86804663073688	0.672497051555787	566	11
430	1	0.379218561237384	0	6	0.86804663073688	0.672497051555787	566	11
433	1	0.529880400682237	0	6	0.86804663073688	0.672497051555787	566	11
435	4	-0.383921326945969	0	6	0.86804663073688	0.672497051555787	566	11
439	2	-0.0816324590135963	0	6	0.86804663073688	0.672497051555787	566	11
440	1	0.595899348696003	0	6	0.86804663073688	0.672497051555787	566	11
443	4	-0.276449525551588	0	6	0.86804663073688	0.672497051555787	566	11
444	2	-0.000417616200095077	0	6	0.86804663073688	0.672497051555787	566	11
445	4	-0.270408471649839	0	6	0.86804663073688	0.672497051555787	566	11
462	4	-0.0682388275926258	0	6	0.86804663073688	0.672497051555787	566	11
463	3	0.316788275943303	0	6	0.86804663073688	0.672497051555787	566	11
466	2	0.0976365917190895	0	6	0.86804663073688	0.672497051555787	566	11
467	11	-0.248107316551738	0	6	0.86804663073688	0.672497051555787	566	11
471	2	-0.191455750681856	0	6	0.86804663073688	0.672497051555787	566	11
472	1	0.397917225928937	0	6	0.86804663073688	0.672497051555787	566	11
473	3	0.148268145263811	0	6	0.86804663073688	0.672497051555787	566	11
475	2	-0.408927308317046	0	6	0.86804663073688	0.672497051555787	566	11
476	2	-0.0180951419371198	0	6	0.86804663073688	0.672497051555787	566	11
477	3	0.18953678237604	0	6	0.86804663073688	0.672497051555787	566	11
479	9	-0.0913617643426145	0	6	0.86804663073688	0.672497051555787	566	11
481	4	-0.0866977739089941	0	6	0.86804663073688	0.672497051555787	566	11
482	2	0.179644306332287	0	6	0.86804663073688	0.672497051555787	566	11
483	1	0.515963911432818	0	6	0.86804663073688	0.672497051555787	566	11
487	0	0.228986507302253	0	6	0.86804663073688	0.672497051555787	566	11
488	3	0.261346974965084	0	6	0.86804663073688	0.672497051555787	566	11
489	5	0.565733716570426	1	6	0.86804663073688	0.672497051555787	566	11
490	1	0.380674073640667	0	6	0.86804663073688	0.672497051555787	566	11
491	0	0.168705778916523	0	6	0.86804663073688	0.672497051555787	566	11
492	0	0.175102768453399	0	6	0.86804663073688	0.672497051555787	566	11
493	1	0.397440112802224	0	6	0.86804663073688	0.672497051555787	566	11
498	4	-0.266185331829985	0	6	0.86804663073688	0.672497051555787	566	11
501	4	-0.181772690974752	0	6	0.86804663073688	0.672497051555787	566	11
506	4	-0.265188396497688	0	6	0.86804663073688	0.672497051555787	566	11
509	2	-0.227739665534447	0	6	0.86804663073688	0.672497051555787	566	11
513	2	-0.412310671348133	0	6	0.86804663073688	0.672497051555787	566	11
515	2	-0.129039712631497	0	6	0.86804663073688	0.672497051555787	566	11
516	2	-0.0365719836538497	0	6	0.86804663073688	0.672497051555787	566	11
517	2	-0.494198343456556	0	6	0.86804663073688	0.672497051555787	566	11
518	2	-0.296504319421097	0	6	0.86804663073688	0.672497051555787	566	11
521	2	-0.207605377905498	0	6	0.86804663073688	0.672497051555787	566	11
522	2	0.0194714152206993	0	6	0.86804663073688	0.672497051555787	566	11
523	2	-0.118586580211139	0	6	0.86804663073688	0.672497051555787	566	11
525	9	-0.105273444473207	0	6	0.86804663073688	0.672497051555787	566	11
526	4	-0.28010049448654	0	6	0.86804663073688	0.672497051555787	566	11
527	2	-0.223546551841649	0	6	0.86804663073688	0.672497051555787	566	11
528	4	-0.20347372338478	0	6	0.86804663073688	0.672497051555787	566	11
529	2	-0.0782078012588095	0	6	0.86804663073688	0.672497051555787	566	11
533	2	-0.0951686826366553	0	6	0.86804663073688	0.672497051555787	566	11
535	4	0.105832135079039	0	6	0.86804663073688	0.672497051555787	566	11
537	2	-0.212673278792515	0	6	0.86804663073688	0.672497051555787	566	11
538	0	0.20112000006034	0	6	0.86804663073688	0.672497051555787	566	11
539	2	-0.179369832881009	0	6	0.86804663073688	0.672497051555787	566	11
540	4	0.202241713796827	0	6	0.86804663073688	0.672497051555787	566	11
545	5	0.633787561304796	1	6	0.86804663073688	0.672497051555787	566	11
546	3	0.503356254613593	0	6	0.86804663073688	0.672497051555787	566	11
547	3	0.198577824734203	0	6	0.86804663073688	0.672497051555787	566	11
549	4	-0.173973653669233	0	6	0.86804663073688	0.672497051555787	566	11
550	1	0.480591828534789	0	6	0.86804663073688	0.672497051555787	566	11
552	9	0.0568655106303482	0	6	0.86804663073688	0.672497051555787	566	11
553	0	0.153258716376883	0	6	0.86804663073688	0.672497051555787	566	11
554	2	0.322567365160508	0	6	0.86804663073688	0.672497051555787	566	11
558	1	0.357908660932892	0	6	0.86804663073688	0.672497051555787	566	11
563	4	-0.314163974230621	0	6	0.86804663073688	0.672497051555787	566	11
567	3	0.428853432406246	0	6	0.86804663073688	0.672497051555787	566	11
572	2	-0.137184145090954	0	6	0.86804663073688	0.672497051555787	566	11
573	2	-0.19727025961146	0	6	0.86804663073688	0.672497051555787	566	11
575	1	0.107074508092725	0	6	0.86804663073688	0.672497051555787	566	11
576	1	0.286758750062521	0	6	0.86804663073688	0.672497051555787	566	11
577	4	0.412362933028178	0	6	0.86804663073688	0.672497051555787	566	11
580	0	0.0208068880661752	0	6	0.86804663073688	0.672497051555787	566	11
581	1	0.365445438046015	0	6	0.86804663073688	0.672497051555787	566	11
582	2	-0.291434676293784	0	6	0.86804663073688	0.672497051555787	566	11
585	3	0.154489071429234	0	6	0.86804663073688	0.672497051555787	566	11
586	1	0.543874883288578	0	6	0.86804663073688	0.672497051555787	566	11
587	2	-0.257774740222277	0	6	0.86804663073688	0.672497051555787	566	11
590	4	0.0499426829437298	0	6	0.86804663073688	0.672497051555787	566	11
593	2	0.0197556092040816	0	6	0.86804663073688	0.672497051555787	566	11
594	2	0.0441552950766474	0	6	0.86804663073688	0.672497051555787	566	11
595	3	0.337183852520267	0	6	0.86804663073688	0.672497051555787	566	11
596	1	0.163119826891882	0	6	0.86804663073688	0.672497051555787	566	11
597	8	0.0966924907900229	0	6	0.86804663073688	0.672497051555787	566	11
598	2	0.0688608299254476	0	6	0.86804663073688	0.672497051555787	566	11
599	2	-0.0639514903539836	0	6	0.86804663073688	0.672497051555787	566	11
604	1	0.0492554272256649	0	6	0.86804663073688	0.672497051555787	566	11
605	6	-0.119196273002919	0	6	0.86804663073688	0.672497051555787	566	11
608	1	0.510258061453367	0	6	0.86804663073688	0.672497051555787	566	11
610	0	0.155199510822742	0	6	0.86804663073688	0.672497051555787	566	11
613	4	-0.0626812246624948	0	6	0.86804663073688	0.672497051555787	566	11
617	3	0.275269031100161	0	6	0.86804663073688	0.672497051555787	566	11
622	2	-0.0664488631745611	0	6	0.86804663073688	0.672497051555787	566	11
623	0	0.301654043892048	0	6	0.86804663073688	0.672497051555787	566	11
624	1	0.246180805986035	0	6	0.86804663073688	0.672497051555787	566	11
627	0	0.321014395592249	0	6	0.86804663073688	0.672497051555787	566	11
629	6	0.117923893644253	0	6	0.86804663073688	0.672497051555787	566	11
631	5	0.468511329156687	1	6	0.86804663073688	0.672497051555787	566	11
633	2	0.192747140679814	0	6	0.86804663073688	0.672497051555787	566	11
634	3	0.135661364432082	0	6	0.86804663073688	0.672497051555787	566	11
635	4	-0.324661569981127	0	6	0.86804663073688	0.672497051555787	566	11
636	1	0.490366478453648	0	6	0.86804663073688	0.672497051555787	566	11
637	1	0.253539527054059	0	6	0.86804663073688	0.672497051555787	566	11
638	2	-0.155285656972377	0	6	0.86804663073688	0.672497051555787	566	11
639	8	-0.0560907523089648	0	6	0.86804663073688	0.672497051555787	566	11
640	1	0.174425625346163	0	6	0.86804663073688	0.672497051555787	566	11
641	1	0.483230636429959	0	6	0.86804663073688	0.672497051555787	566	11
642	2	-0.070137348298376	0	6	0.86804663073688	0.672497051555787	566	11
643	1	0.154018505769659	0	6	0.86804663073688	0.672497051555787	566	11
644	2	-0.253412578377863	0	6	0.86804663073688	0.672497051555787	566	11
645	2	-0.372270794178412	0	6	0.86804663073688	0.672497051555787	566	11
649	1	0.268163887079653	0	6	0.86804663073688	0.672497051555787	566	11
650	0	0.34072694695971	0	6	0.86804663073688	0.672497051555787	566	11
652	3	0.158128148140285	0	6	0.86804663073688	0.672497051555787	566	11
653	1	0.220782131453622	0	6	0.86804663073688	0.672497051555787	566	11
654	3	0.342989072284316	0	6	0.86804663073688	0.672497051555787	566	11
655	3	-0.0374077080026474	0	6	0.86804663073688	0.672497051555787	566	11
656	0	0.305772131628384	0	6	0.86804663073688	0.672497051555787	566	11
657	3	0.102686214469117	0	6	0.86804663073688	0.672497051555787	566	11
658	9	0.147856591039987	0	6	0.86804663073688	0.672497051555787	566	11
659	5	0.55185187693549	1	6	0.86804663073688	0.672497051555787	566	11
660	0	0.0944551171686638	0	6	0.86804663073688	0.672497051555787	566	11
661	0	0.207150214464498	0	6	0.86804663073688	0.672497051555787	566	11
662	0	0.132907500974275	0	6	0.86804663073688	0.672497051555787	566	11
663	3	0.227322894057839	0	6	0.86804663073688	0.672497051555787	566	11
664	4	-0.336189407637435	0	6	0.86804663073688	0.672497051555787	566	11
665	2	-0.156009662396012	0	6	0.86804663073688	0.672497051555787	566	11
669	2	-0.0910705439034099	0	6	0.86804663073688	0.672497051555787	566	11
670	4	-0.189599180565933	0	6	0.86804663073688	0.672497051555787	566	11
672	1	0.386987528596905	0	6	0.86804663073688	0.672497051555787	566	11
675	1	0.429742586225229	0	6	0.86804663073688	0.672497051555787	566	11
677	1	0.117585370854091	0	6	0.86804663073688	0.672497051555787	566	11
678	2	-0.286718927487925	0	6	0.86804663073688	0.672497051555787	566	11
682	2	-0.324749229930196	0	6	0.86804663073688	0.672497051555787	566	11
683	3	-0.0423813417154009	0	6	0.86804663073688	0.672497051555787	566	11
684	3	0.0879369080307756	0	6	0.86804663073688	0.672497051555787	566	11
685	3	0.0576870159288117	0	6	0.86804663073688	0.672497051555787	566	11
686	4	-0.255127775582495	0	6	0.86804663073688	0.672497051555787	566	11
687	2	6.02706182411279e-05	0	6	0.86804663073688	0.672497051555787	566	11
688	1	0.240928807914709	0	6	0.86804663073688	0.672497051555787	566	11
689	2	0.108049634785465	0	6	0.86804663073688	0.672497051555787	566	11
694	1	0.365872291843517	0	6	0.86804663073688	0.672497051555787	566	11
695	1	0.228768045162209	0	6	0.86804663073688	0.672497051555787	566	11
699	1	0.480834169777441	0	6	0.86804663073688	0.672497051555787	566	11
705	1	0.185927206711764	0	6	0.86804663073688	0.672497051555787	566	11
706	1	-0.0253037662319381	0	6	0.86804663073688	0.672497051555787	566	11
708	4	-0.160821290737795	0	6	0.86804663073688	0.672497051555787	566	11
710	7	-0.0145877331271135	0	6	0.86804663073688	0.672497051555787	566	11
712	1	0.439399124099733	0	6	0.86804663073688	0.672497051555787	566	11
713	1	0.414816534948868	0	6	0.86804663073688	0.672497051555787	566	11
715	1	0.0348157773068432	0	6	0.86804663073688	0.672497051555787	566	11
716	1	0.367919834067481	0	6	0.86804663073688	0.672497051555787	566	11
718	1	0.308415362806649	0	6	0.86804663073688	0.672497051555787	566	11
719	1	0.372919350780803	0	6	0.86804663073688	0.672497051555787	566	11
726	4	-0.0794718804441585	0	6	0.86804663073688	0.672497051555787	566	11
727	4	-0.0937244019033488	0	6	0.86804663073688	0.672497051555787	566	11
728	1	-0.0101438770885201	0	6	0.86804663073688	0.672497051555787	566	11
729	1	0.225928553305174	0	6	0.86804663073688	0.672497051555787	566	11
730	1	0.409683234777402	0	6	0.86804663073688	0.672497051555787	566	11
733	1	0.162238769649459	0	6	0.86804663073688	0.672497051555787	566	11
734	2	-0.0700817594085838	0	6	0.86804663073688	0.672497051555787	566	11
738	2	-0.0500702557893096	0	6	0.86804663073688	0.672497051555787	566	11
740	2	-0.244198758399081	0	6	0.86804663073688	0.672497051555787	566	11
741	2	0.00019317205170964	0	6	0.86804663073688	0.672497051555787	566	11
744	1	0.568063387871467	0	6	0.86804663073688	0.672497051555787	566	11
745	1	0.110175875502476	0	6	0.86804663073688	0.672497051555787	566	11
747	1	0.262841528547856	0	6	0.86804663073688	0.672497051555787	566	11
752	1	0.288061451450166	0	6	0.86804663073688	0.672497051555787	566	11
753	1	0.578052590791954	0	6	0.86804663073688	0.672497051555787	566	11
754	7	0.132171154609398	0	6	0.86804663073688	0.672497051555787	566	11
755	2	-0.0704425431809622	0	6	0.86804663073688	0.672497051555787	566	11
757	3	0.6382060653376	0	6	0.86804663073688	0.672497051555787	566	11
759	0	0.301546999927146	0	6	0.86804663073688	0.672497051555787	566	11
760	4	-0.383281242387428	0	6	0.86804663073688	0.672497051555787	566	11
761	2	0.0659015435217687	0	6	0.86804663073688	0.672497051555787	566	11
762	4	-0.00981659834331229	0	6	0.86804663073688	0.672497051555787	566	11
767	1	0.323309246057458	0	6	0.86804663073688	0.672497051555787	566	11
770	3	0.126924178595881	0	6	0.86804663073688	0.672497051555787	566	11
771	4	-0.18278810352143	0	6	0.86804663073688	0.672497051555787	566	11
775	5	0.76657371058643	1	6	0.86804663073688	0.672497051555787	566	11
776	6	0.0695250358391025	0	6	0.86804663073688	0.672497051555787	566	11
777	0	-0.0989999910711887	0	6	0.86804663073688	0.672497051555787	566	11
779	3	0.165734462792433	0	6	0.86804663073688	0.672497051555787	566	11
781	0	0.0941442659529549	0	6	0.86804663073688	0.672497051555787	566	11
782	4	0.404868792110259	0	6	0.86804663073688	0.672497051555787	566	11
783	3	0.120440535096261	0	6	0.86804663073688	0.672497051555787	566	11
784	1	0.27213008158649	0	6	0.86804663073688	0.672497051555787	566	11
785	4	-0.0327598645721801	0	6	0.86804663073688	0.672497051555787	566	11
788	2	-0.0656712889127628	0	6	0.86804663073688	0.672497051555787	566	11
790	1	0.429555119049625	0	6	0.86804663073688	0.672497051555787	566	11
793	9	-0.20420983550891	0	6	0.86804663073688	0.672497051555787	566	11
796	0	0.12464075896514	0	6	0.86804663073688	0.672497051555787	566	11
799	0	-0.0426862862011644	0	6	0.86804663073688	0.672497051555787	566	11
800	1	0.582602866383786	0	6	0.86804663073688	0.672497051555787	566	11
810	4	-0.0874849877457091	0	6	0.86804663073688	0.672497051555787	566	11
811	2	-0.0473876710673919	0	6	0.86804663073688	0.672497051555787	566	11
813	1	0.483711294998492	0	6	0.86804663073688	0.672497051555787	566	11
814	1	0.291343349223256	0	6	0.86804663073688	0.672497051555787	566	11
815	3	-0.0282094563692729	0	6	0.86804663073688	0.672497051555787	566	11
816	0	0.28383859318436	0	6	0.86804663073688	0.672497051555787	566	11
818	2	-0.112714864358655	0	6	0.86804663073688	0.672497051555787	566	11
819	0	0.113139308089745	0	6	0.86804663073688	0.672497051555787	566	11
821	2	-0.082263116658519	0	6	0.86804663073688	0.672497051555787	566	11
822	6	0.182954911665098	0	6	0.86804663073688	0.672497051555787	566	11
823	7	-0.0090622470221019	0	6	0.86804663073688	0.672497051555787	566	11
824	3	0.252839199146992	0	6	0.86804663073688	0.672497051555787	566	11
825	4	-0.106465934621823	0	6	0.86804663073688	0.672497051555787	566	11
826	2	-0.0661394262268399	0	6	0.86804663073688	0.672497051555787	566	11
827	1	0.339989753869975	0	6	0.86804663073688	0.672497051555787	566	11
830	0	0.417209872602012	0	6	0.86804663073688	0.672497051555787	566	11
831	3	0.19113488215016	0	6	0.86804663073688	0.672497051555787	566	11
832	7	-0.014674835420524	0	6	0.86804663073688	0.672497051555787	566	11
833	0	0.272648652367444	0	6	0.86804663073688	0.672497051555787	566	11
834	1	0.622395899756922	0	6	0.86804663073688	0.672497051555787	566	11
835	1	0.462755412424843	0	6	0.86804663073688	0.672497051555787	566	11
836	1	0.630363488120082	0	6	0.86804663073688	0.672497051555787	566	11
837	1	0.44345646002584	0	6	0.86804663073688	0.672497051555787	566	11
839	2	-0.0603710476971099	0	6	0.86804663073688	0.672497051555787	566	11
840	0	0.239437342289867	0	6	0.86804663073688	0.672497051555787	566	11
841	1	0.49478519043677	0	6	0.86804663073688	0.672497051555787	566	11
842	4	-0.182181249730107	0	6	0.86804663073688	0.672497051555787	566	11
843	5	0.606169815230422	1	6	0.86804663073688	0.672497051555787	566	11
844	0	0.280481964224493	0	6	0.86804663073688	0.672497051555787	566	11
845	0	0.339382379333847	0	6	0.86804663073688	0.672497051555787	566	11
846	6	0.270208975046411	0	6	0.86804663073688	0.672497051555787	566	11
847	4	-0.185693212425986	0	6	0.86804663073688	0.672497051555787	566	11
857	1	0.388798679995991	0	6	0.86804663073688	0.672497051555787	566	11
858	2	0.393736341732085	0	6	0.86804663073688	0.672497051555787	566	11
860	1	0.413781848138069	0	6	0.86804663073688	0.672497051555787	566	11
862	5	0.710915502946463	1	6	0.86804663073688	0.672497051555787	566	11
863	1	0.559588981457608	0	6	0.86804663073688	0.672497051555787	566	11
864	1	0.17679574139513	0	6	0.86804663073688	0.672497051555787	566	11
865	1	0.575253168649888	0	6	0.86804663073688	0.672497051555787	566	11
866	4	-0.234626453922747	0	6	0.86804663073688	0.672497051555787	566	11
867	3	0.125924896852328	0	6	0.86804663073688	0.672497051555787	566	11
868	3	0.0931086044223623	0	6	0.86804663073688	0.672497051555787	566	11
871	1	0.387874516484064	0	6	0.86804663073688	0.672497051555787	566	11
873	2	-0.00668320142339617	0	6	0.86804663073688	0.672497051555787	566	11
874	1	0.456792785167862	0	6	0.86804663073688	0.672497051555787	566	11
883	3	-0.115238309058198	0	6	0.86804663073688	0.672497051555787	566	11
889	5	0.490073502530352	1	6	0.86804663073688	0.672497051555787	566	11
890	1	0.605831039599932	0	6	0.86804663073688	0.672497051555787	566	11
891	1	0.38589233468642	0	6	0.86804663073688	0.672497051555787	566	11
892	0	0.343780824298696	0	6	0.86804663073688	0.672497051555787	566	11
894	1	0.477716636619844	0	6	0.86804663073688	0.672497051555787	566	11
896	3	0.251558697783661	0	6	0.86804663073688	0.672497051555787	566	11
899	0	0.279336816243219	0	6	0.86804663073688	0.672497051555787	566	11
900	4	-0.264893827497956	0	6	0.86804663073688	0.672497051555787	566	11
901	4	0.0810000084865649	0	6	0.86804663073688	0.672497051555787	566	11
902	0	0.240304030905952	0	6	0.86804663073688	0.672497051555787	566	11
904	3	0.045507182498327	0	6	0.86804663073688	0.672497051555787	566	11
905	5	0.802862907938126	1	6	0.86804663073688	0.672497051555787	566	11
908	6	0.243436530587463	0	6	0.86804663073688	0.672497051555787	566	11
911	1	0.284289505127161	0	6	0.86804663073688	0.672497051555787	566	11
912	1	0.277072072772737	0	6	0.86804663073688	0.672497051555787	566	11
913	1	0.346482810745872	0	6	0.86804663073688	0.672497051555787	566	11
914	1	0.191099934944847	0	6	0.86804663073688	0.672497051555787	566	11
915	1	0.288816624837453	0	6	0.86804663073688	0.672497051555787	566	11
916	1	0.119503510747829	0	6	0.86804663073688	0.672497051555787	566	11
917	1	0.102570002780733	0	6	0.86804663073688	0.672497051555787	566	11
919	1	0.205746997458475	0	6	0.86804663073688	0.672497051555787	566	11
920	1	0.232693808271648	0	6	0.86804663073688	0.672497051555787	566	11
921	1	0.309550596365449	0	6	0.86804663073688	0.672497051555787	566	11
922	0	0.0910759460411633	0	6	0.86804663073688	0.672497051555787	566	11
923	1	0.329445624745388	0	6	0.86804663073688	0.672497051555787	566	11
924	1	0.175932066190728	0	6	0.86804663073688	0.672497051555787	566	11
925	1	0.248823969233645	0	6	0.86804663073688	0.672497051555787	566	11
929	1	0.156776499913752	0	6	0.86804663073688	0.672497051555787	566	11
930	1	0.3176790196137	0	6	0.86804663073688	0.672497051555787	566	11
931	1	0.0801366045609894	0	6	0.86804663073688	0.672497051555787	566	11
933	1	0.335032306042522	0	6	0.86804663073688	0.672497051555787	566	11
939	1	0.439992245657979	0	6	0.86804663073688	0.672497051555787	566	11
940	1	0.382113731255299	0	6	0.86804663073688	0.672497051555787	566	11
941	1	0.420916882122708	0	6	0.86804663073688	0.672497051555787	566	11
942	1	0.318712606966016	0	6	0.86804663073688	0.672497051555787	566	11
943	3	0.1751922182802	0	6	0.86804663073688	0.672497051555787	566	11
944	1	0.171233352099474	0	6	0.86804663073688	0.672497051555787	566	11
945	1	0.460612611607642	0	6	0.86804663073688	0.672497051555787	566	11
946	1	0.412181564842964	0	6	0.86804663073688	0.672497051555787	566	11
947	5	0.450113913494855	1	6	0.86804663073688	0.672497051555787	566	11
948	1	0.479232759718544	0	6	0.86804663073688	0.672497051555787	566	11
949	1	0.445200602805273	0	6	0.86804663073688	0.672497051555787	566	11
950	3	0.0844037134156025	0	6	0.86804663073688	0.672497051555787	566	11
951	1	0.150892745243607	0	6	0.86804663073688	0.672497051555787	566	11
952	0	0.126436901774076	0	6	0.86804663073688	0.672497051555787	566	11
953	1	0.489598915778349	0	6	0.86804663073688	0.672497051555787	566	11
954	4	0.0589357342392287	0	6	0.86804663073688	0.672497051555787	566	11
955	0	0.289858873177563	0	6	0.86804663073688	0.672497051555787	566	11
956	1	0.459955826522416	0	6	0.86804663073688	0.672497051555787	566	11
957	4	-0.165907224571334	0	6	0.86804663073688	0.672497051555787	566	11
958	1	0.400169613535943	0	6	0.86804663073688	0.672497051555787	566	11
959	1	0.19645532428094	0	6	0.86804663073688	0.672497051555787	566	11
960	1	0.450537091900452	0	6	0.86804663073688	0.672497051555787	566	11
961	3	0.290271266585038	0	6	0.86804663073688	0.672497051555787	566	11
962	1	0.373099935896046	0	6	0.86804663073688	0.672497051555787	566	11
963	1	0.253055442818187	0	6	0.86804663073688	0.672497051555787	566	11
965	1	0.566186164617675	0	6	0.86804663073688	0.672497051555787	566	11
967	7	0.258855264268488	0	6	0.86804663073688	0.672497051555787	566	11
969	1	0.00962449556285247	0	6	0.86804663073688	0.672497051555787	566	11
970	1	0.383250855075413	0	6	0.86804663073688	0.672497051555787	566	11
971	1	0.266955065881195	0	6	0.86804663073688	0.672497051555787	566	11
972	2	0.181577857835231	0	6	0.86804663073688	0.672497051555787	566	11
973	1	0.307284083362725	0	6	0.86804663073688	0.672497051555787	566	11
974	2	0.147046527329103	0	6	0.86804663073688	0.672497051555787	566	11
975	3	0.0546788245435647	0	6	0.86804663073688	0.672497051555787	566	11
976	1	0.331461751179651	0	6	0.86804663073688	0.672497051555787	566	11
977	2	-0.00108759266746033	0	6	0.86804663073688	0.672497051555787	566	11
978	2	-0.131500882127411	0	6	0.86804663073688	0.672497051555787	566	11
983	1	0.200677469192481	0	6	0.86804663073688	0.672497051555787	566	11
987	6	0.166240923505555	0	6	0.86804663073688	0.672497051555787	566	11
988	2	-0.094881701503103	0	6	0.86804663073688	0.672497051555787	566	11
989	3	0.517129758473707	0	6	0.86804663073688	0.672497051555787	566	11
990	1	0.363598035115332	0	6	0.86804663073688	0.672497051555787	566	11
991	1	0.475539118768248	0	6	0.86804663073688	0.672497051555787	566	11
993	3	0.00109657593406661	0	6	0.86804663073688	0.672497051555787	566	11
994	0	0.308601522676315	0	6	0.86804663073688	0.672497051555787	566	11
996	3	0.221387970326832	0	6	0.86804663073688	0.672497051555787	566	11
997	2	-0.420004907561377	0	6	0.86804663073688	0.672497051555787	566	11
998	1	0.334972612045424	0	6	0.86804663073688	0.672497051555787	566	11
999	6	0.170821053294973	0	6	0.86804663073688	0.672497051555787	566	11
1000	1	0.108710339354281	0	6	0.86804663073688	0.672497051555787	566	11
1001	1	0.339423021928684	0	6	0.86804663073688	0.672497051555787	566	11
1002	1	0.217352520633271	0	6	0.86804663073688	0.672497051555787	566	11
1003	5	0.48649191375684	1	6	0.86804663073688	0.672497051555787	566	11
1004	1	0.201541262649765	0	6	0.86804663073688	0.672497051555787	566	11
1007	4	-0.129368001606954	0	6	0.86804663073688	0.672497051555787	566	11
1009	1	0.486125100987015	0	6	0.86804663073688	0.672497051555787	566	11
1012	3	0.1495139951889	0	6	0.86804663073688	0.672497051555787	566	11
1013	0	0.100253326742028	0	6	0.86804663073688	0.672497051555787	566	11
1014	4	-0.248764734614037	0	6	0.86804663073688	0.672497051555787	566	11
1017	1	0.454844604780639	0	6	0.86804663073688	0.672497051555787	566	11
1019	2	0.0424678783662759	0	6	0.86804663073688	0.672497051555787	566	11
1020	7	-0.0432103618168522	0	6	0.86804663073688	0.672497051555787	566	11
1021	3	0.33701210068296	0	6	0.86804663073688	0.672497051555787	566	11
1022	2	0.170940861834063	0	6	0.86804663073688	0.672497051555787	566	11
1024	7	0.192276237899131	0	6	0.86804663073688	0.672497051555787	566	11
1026	1	0.168336737874579	0	6	0.86804663073688	0.672497051555787	566	11
1027	3	-0.117084980075185	0	6	0.86804663073688	0.672497051555787	566	11
1028	3	-0.0562470916093562	0	6	0.86804663073688	0.672497051555787	566	11
1030	1	0.413913999092413	0	6	0.86804663073688	0.672497051555787	566	11
1031	1	0.122594258047655	0	6	0.86804663073688	0.672497051555787	566	11
1032	2	0.0720170945863747	0	6	0.86804663073688	0.672497051555787	566	11
1036	1	0.338545497691514	0	6	0.86804663073688	0.672497051555787	566	11
1038	6	0.0141372915789984	0	6	0.86804663073688	0.672497051555787	566	11
1040	3	0.000119394274307674	0	6	0.86804663073688	0.672497051555787	566	11
1043	1	0.314990398038951	0	6	0.86804663073688	0.672497051555787	566	11
1050	0	0.039698120440442	0	6	0.86804663073688	0.672497051555787	566	11
1051	0	0.0371810389582948	0	6	0.86804663073688	0.672497051555787	566	11
1052	11	-0.25153411141444	0	6	0.86804663073688	0.672497051555787	566	11
1054	5	0.41446341862562	1	6	0.86804663073688	0.672497051555787	566	11
1056	2	0.0221677349954116	0	6	0.86804663073688	0.672497051555787	566	11
1059	2	0.0630485793696408	0	6	0.86804663073688	0.672497051555787	566	11
1060	3	0.396573310768272	0	6	0.86804663073688	0.672497051555787	566	11
1063	3	0.145549883646506	0	6	0.86804663073688	0.672497051555787	566	11
1069	2	-0.350753719454351	0	6	0.86804663073688	0.672497051555787	566	11
1070	3	0.120395787397624	0	6	0.86804663073688	0.672497051555787	566	11
1071	2	-0.0498786797318308	0	6	0.86804663073688	0.672497051555787	566	11
1075	6	0.183372930617584	0	6	0.86804663073688	0.672497051555787	566	11
1080	1	0.253285648923048	0	6	0.86804663073688	0.672497051555787	566	11
1089	0	0.078040776949458	0	6	0.86804663073688	0.672497051555787	566	11
1101	3	0.179190403179841	0	6	0.86804663073688	0.672497051555787	566	11
1102	2	0.174627384064662	0	6	0.86804663073688	0.672497051555787	566	11
1105	5	0.657880984050319	1	6	0.86804663073688	0.672497051555787	566	11
1107	0	0.139788018019919	0	6	0.86804663073688	0.672497051555787	566	11
1108	1	0.322635021285059	0	6	0.86804663073688	0.672497051555787	566	11
1111	1	0.343990068914716	0	6	0.86804663073688	0.672497051555787	566	11
1112	1	0.477783625315653	0	6	0.86804663073688	0.672497051555787	566	11
1113	0	0.327277995258784	0	6	0.86804663073688	0.672497051555787	566	11
1114	0	-0.0707126920901153	0	6	0.86804663073688	0.672497051555787	566	11
1116	3	-0.0468656677093803	0	6	0.86804663073688	0.672497051555787	566	11
1117	1	0.212984531672488	0	6	0.86804663073688	0.672497051555787	566	11
1118	1	0.377671633501855	0	6	0.86804663073688	0.672497051555787	566	11
1119	1	0.22816225272496	0	6	0.86804663073688	0.672497051555787	566	11
1121	3	0.0341112561156443	0	6	0.86804663073688	0.672497051555787	566	11
1122	2	-0.0110377124291486	0	6	0.86804663073688	0.672497051555787	566	11
1123	5	0.471566897837468	1	6	0.86804663073688	0.672497051555787	566	11
1124	1	0.282423693334154	0	6	0.86804663073688	0.672497051555787	566	11
1130	4	0.480829916985291	0	6	0.86804663073688	0.672497051555787	566	11
1131	5	0.609962624061192	1	6	0.86804663073688	0.672497051555787	566	11
1133	0	0.209366690385549	0	6	0.86804663073688	0.672497051555787	566	11
1137	4	-0.0131433741261618	0	6	0.86804663073688	0.672497051555787	566	11
1140	3	-0.0847559945158402	0	6	0.86804663073688	0.672497051555787	566	11
1141	0	0.100887156662074	0	6	0.86804663073688	0.672497051555787	566	11
1143	1	0.53871814766794	0	6	0.86804663073688	0.672497051555787	566	11
1145	0	0.102851230161253	0	6	0.86804663073688	0.672497051555787	566	11
1146	1	0.311984414896303	0	6	0.86804663073688	0.672497051555787	566	11
1147	3	0.18968903816022	0	6	0.86804663073688	0.672497051555787	566	11
1149	0	0.195438869259696	0	6	0.86804663073688	0.672497051555787	566	11
1152	2	-0.216912967850759	0	6	0.86804663073688	0.672497051555787	566	11
1153	2	-0.0597735400170771	0	6	0.86804663073688	0.672497051555787	566	11
1154	2	-0.197826078609157	0	6	0.86804663073688	0.672497051555787	566	11
1155	2	-0.0365796980068626	0	6	0.86804663073688	0.672497051555787	566	11
1158	2	-0.244385672776081	0	6	0.86804663073688	0.672497051555787	566	11
1160	9	0.143358600593867	0	6	0.86804663073688	0.672497051555787	566	11
1161	3	0.119213670729086	0	6	0.86804663073688	0.672497051555787	566	11
1164	1	0.121211491983222	0	6	0.86804663073688	0.672497051555787	566	11
1173	6	0.0877920785617649	0	6	0.86804663073688	0.672497051555787	566	11
1174	2	0.0818046467634765	0	6	0.86804663073688	0.672497051555787	566	11
1175	2	-0.00705002582757842	0	6	0.86804663073688	0.672497051555787	566	11
1178	1	0.285764246398833	0	6	0.86804663073688	0.672497051555787	566	11
1181	0	0.247770773858196	0	6	0.86804663073688	0.672497051555787	566	11
1182	3	0.216149418984713	0	6	0.86804663073688	0.672497051555787	566	11
1183	3	-0.227220677593976	0	6	0.86804663073688	0.672497051555787	566	11
1184	4	-0.192448390695043	0	6	0.86804663073688	0.672497051555787	566	11
1186	4	-0.0974819742924777	0	6	0.86804663073688	0.672497051555787	566	11
1188	9	-0.0486421074848296	0	6	0.86804663073688	0.672497051555787	566	11
1191	6	0.237061932273365	0	6	0.86804663073688	0.672497051555787	566	11
1193	3	0.410656012087987	0	6	0.86804663073688	0.672497051555787	566	11
1195	5	0.626393647018428	1	6	0.86804663073688	0.672497051555787	566	11
1196	5	0.664383421383	1	6	0.86804663073688	0.672497051555787	566	11
1198	3	0.118189090227779	0	6	0.86804663073688	0.672497051555787	566	11
1200	2	-0.236793640441593	0	6	0.86804663073688	0.672497051555787	566	11
1201	2	0.0679766622274296	0	6	0.86804663073688	0.672497051555787	566	11
1203	2	-0.157971950012144	0	6	0.86804663073688	0.672497051555787	566	11
1207	6	0.222694350532981	0	6	0.86804663073688	0.672497051555787	566	11
1209	2	-0.238229117858893	0	6	0.86804663073688	0.672497051555787	566	11
1211	7	0.120856001375748	0	6	0.86804663073688	0.672497051555787	566	11
1212	2	-0.1889450378612	0	6	0.86804663073688	0.672497051555787	566	11
1213	1	0.370655585411501	0	6	0.86804663073688	0.672497051555787	566	11
1215	1	0.195055328119805	0	6	0.86804663073688	0.672497051555787	566	11
1230	1	0.158760557692694	0	6	0.86804663073688	0.672497051555787	566	11
1233	1	0.18650356919004	0	6	0.86804663073688	0.672497051555787	566	11
1234	1	0.299995628975131	0	6	0.86804663073688	0.672497051555787	566	11
1235	1	0.266761674157233	0	6	0.86804663073688	0.672497051555787	566	11
1236	1	0.147724070910011	0	6	0.86804663073688	0.672497051555787	566	11
1238	3	0.211865470692712	0	6	0.86804663073688	0.672497051555787	566	11
1240	5	0.583551748080349	1	6	0.86804663073688	0.672497051555787	566	11
1241	1	0.395047395331563	0	6	0.86804663073688	0.672497051555787	566	11
1244	4	-0.273410912352365	0	6	0.86804663073688	0.672497051555787	566	11
1259	0	0.421066901296539	0	6	0.86804663073688	0.672497051555787	566	11
1263	1	0.321537895401418	0	6	0.86804663073688	0.672497051555787	566	11
1264	1	0.331026055411599	0	6	0.86804663073688	0.672497051555787	566	11
1265	8	-0.0551359973276182	0	6	0.86804663073688	0.672497051555787	566	11
1266	2	0.0522419621280466	0	6	0.86804663073688	0.672497051555787	566	11
1267	2	-0.021182928409211	0	6	0.86804663073688	0.672497051555787	566	11
1268	1	0.0828466437960035	0	6	0.86804663073688	0.672497051555787	566	11
1269	0	0.142602536441378	0	6	0.86804663073688	0.672497051555787	566	11
1271	3	0.327181489230141	0	6	0.86804663073688	0.672497051555787	566	11
1272	2	-0.180663172472172	0	6	0.86804663073688	0.672497051555787	566	11
1277	1	0.437452676059096	0	6	0.86804663073688	0.672497051555787	566	11
1278	1	0.512122606673107	0	6	0.86804663073688	0.672497051555787	566	11
1282	1	0.473417960314293	0	6	0.86804663073688	0.672497051555787	566	11
1284	1	0.511676568015464	0	6	0.86804663073688	0.672497051555787	566	11
1285	3	0.121062154563454	0	6	0.86804663073688	0.672497051555787	566	11
1286	3	0.155779299732951	0	6	0.86804663073688	0.672497051555787	566	11
1287	3	0.186653073852784	0	6	0.86804663073688	0.672497051555787	566	11
1288	0	0.240487833888301	0	6	0.86804663073688	0.672497051555787	566	11
1289	1	0.388029089986647	0	6	0.86804663073688	0.672497051555787	566	11
1290	1	0.583196225726093	0	6	0.86804663073688	0.672497051555787	566	11
1291	1	0.476674976502251	0	6	0.86804663073688	0.672497051555787	566	11
1292	1	0.500913806303327	0	6	0.86804663073688	0.672497051555787	566	11
1293	1	0.493173926335055	0	6	0.86804663073688	0.672497051555787	566	11
1294	1	0.350866695509263	0	6	0.86804663073688	0.672497051555787	566	11
1296	0	0.15575897402797	0	6	0.86804663073688	0.672497051555787	566	11
1298	1	0.370815457494605	0	6	0.86804663073688	0.672497051555787	566	11
1299	2	0.278958515981138	0	6	0.86804663073688	0.672497051555787	566	11
1300	1	0.457140170880949	0	6	0.86804663073688	0.672497051555787	566	11
1301	1	0.476298669818003	0	6	0.86804663073688	0.672497051555787	566	11
1305	2	0.462240193907837	0	6	0.86804663073688	0.672497051555787	566	11
1306	1	0.578363604498542	0	6	0.86804663073688	0.672497051555787	566	11
1307	1	0.542048880392379	0	6	0.86804663073688	0.672497051555787	566	11
1310	4	0.0127318803391952	0	6	0.86804663073688	0.672497051555787	566	11
1311	1	0.323423648552017	0	6	0.86804663073688	0.672497051555787	566	11
1314	1	0.392956412143382	0	6	0.86804663073688	0.672497051555787	566	11
1315	1	0.372359106928293	0	6	0.86804663073688	0.672497051555787	566	11
1316	11	0.176053474598441	0	6	0.86804663073688	0.672497051555787	566	11
1317	4	0.0552764351997102	0	6	0.86804663073688	0.672497051555787	566	11
1318	3	0.0163617375538889	0	6	0.86804663073688	0.672497051555787	566	11
1326	1	0.364209296035689	0	6	0.86804663073688	0.672497051555787	566	11
1327	2	-0.122884704752122	0	6	0.86804663073688	0.672497051555787	566	11
1329	2	-0.27065619654921	0	6	0.86804663073688	0.672497051555787	566	11
1339	2	-0.0618579413429162	0	6	0.86804663073688	0.672497051555787	566	11
1340	2	-0.307118104428129	0	6	0.86804663073688	0.672497051555787	566	11
1345	2	0.288825721883085	0	6	0.86804663073688	0.672497051555787	566	11
1346	3	0.324269225273851	0	6	0.86804663073688	0.672497051555787	566	11
1347	0	0.215785817347577	0	6	0.86804663073688	0.672497051555787	566	11
1349	4	-0.149882654765246	0	6	0.86804663073688	0.672497051555787	566	11
1351	2	-0.353258080526758	0	6	0.86804663073688	0.672497051555787	566	11
1352	2	0.16652646019907	0	6	0.86804663073688	0.672497051555787	566	11
1353	4	-0.0543008867663188	0	6	0.86804663073688	0.672497051555787	566	11
1355	4	0.0181109750708368	0	6	0.86804663073688	0.672497051555787	566	11
1356	1	0.370654398433774	0	6	0.86804663073688	0.672497051555787	566	11
1359	1	0.338830569905581	0	6	0.86804663073688	0.672497051555787	566	11
1362	3	0.0755429839922651	0	6	0.86804663073688	0.672497051555787	566	11
1363	1	0.405458337982686	0	6	0.86804663073688	0.672497051555787	566	11
1365	6	0.0683489052241866	0	6	0.86804663073688	0.672497051555787	566	11
1366	6	0.204207450718518	0	6	0.86804663073688	0.672497051555787	566	11
1368	4	-0.0835753979105721	0	6	0.86804663073688	0.672497051555787	566	11
1370	4	0.00334264593318096	0	6	0.86804663073688	0.672497051555787	566	11
1371	0	0.0687787622251973	0	6	0.86804663073688	0.672497051555787	566	11
1373	0	0.096233416376455	0	6	0.86804663073688	0.672497051555787	566	11
1374	2	-0.123534628286609	0	6	0.86804663073688	0.672497051555787	566	11
1376	4	-0.164933122399398	0	6	0.86804663073688	0.672497051555787	566	11
1378	3	-0.101256591906842	0	6	0.86804663073688	0.672497051555787	566	11
1380	2	-0.132152198613449	0	6	0.86804663073688	0.672497051555787	566	11
1381	2	-0.217134300539497	0	6	0.86804663073688	0.672497051555787	566	11
1382	1	0.340503153213927	0	6	0.86804663073688	0.672497051555787	566	11
1384	4	-0.219050193418618	0	6	0.86804663073688	0.672497051555787	566	11
1385	0	0.499411859974249	0	6	0.86804663073688	0.672497051555787	566	11
1386	2	0.265124805954802	0	6	0.86804663073688	0.672497051555787	566	11
1387	2	0.228100382590373	0	6	0.86804663073688	0.672497051555787	566	11
1388	2	0.0636392452245003	0	6	0.86804663073688	0.672497051555787	566	11
1389	3	0.00152920000065693	0	6	0.86804663073688	0.672497051555787	566	11
1390	0	0.0888769220872399	0	6	0.86804663073688	0.672497051555787	566	11
1393	3	0.307515283806936	0	6	0.86804663073688	0.672497051555787	566	11
1395	0	0.0740187185687757	0	6	0.86804663073688	0.672497051555787	566	11
1396	1	0.457467318123463	0	6	0.86804663073688	0.672497051555787	566	11
1397	2	0.114584869884206	0	6	0.86804663073688	0.672497051555787	566	11
1398	3	0.352022521352907	0	6	0.86804663073688	0.672497051555787	566	11
1399	2	-0.00309605265087451	0	6	0.86804663073688	0.672497051555787	566	11
1400	1	0.287102788615684	0	6	0.86804663073688	0.672497051555787	566	11
1401	0	0.0446620613018918	0	6	0.86804663073688	0.672497051555787	566	11
1404	0	0.0570116308636554	0	6	0.86804663073688	0.672497051555787	566	11
1407	3	0.256536659351509	0	6	0.86804663073688	0.672497051555787	566	11
1408	3	0.0458478113875863	0	6	0.86804663073688	0.672497051555787	566	11
1410	2	-0.43578463724276	0	6	0.86804663073688	0.672497051555787	566	11
1417	4	-0.195795436848529	0	6	0.86804663073688	0.672497051555787	566	11
1428	4	-0.398510135695227	0	6	0.86804663073688	0.672497051555787	566	11
1429	4	-0.260029323852295	0	6	0.86804663073688	0.672497051555787	566	11
1432	1	0.375550860036049	0	6	0.86804663073688	0.672497051555787	566	11
1434	1	0.0643118678552747	0	6	0.86804663073688	0.672497051555787	566	11
1435	4	0.420071446069235	0	6	0.86804663073688	0.672497051555787	566	11
1436	1	0.466260859551433	0	6	0.86804663073688	0.672497051555787	566	11
1439	0	0.130175343432042	0	6	0.86804663073688	0.672497051555787	566	11
1441	8	-0.173061660132476	0	6	0.86804663073688	0.672497051555787	566	11
1445	1	0.37598962855842	0	6	0.86804663073688	0.672497051555787	566	11
1452	5	0.464483090136216	1	6	0.86804663073688	0.672497051555787	566	11
1453	0	0.192901566945549	0	6	0.86804663073688	0.672497051555787	566	11
1455	2	0.111274021816121	0	6	0.86804663073688	0.672497051555787	566	11
1456	0	0.0564777652162639	0	6	0.86804663073688	0.672497051555787	566	11
1459	2	0.107669511817541	0	6	0.86804663073688	0.672497051555787	566	11
1460	2	-0.216078441868801	0	6	0.86804663073688	0.672497051555787	566	11
1462	1	0.435273896862884	0	6	0.86804663073688	0.672497051555787	566	11
1464	1	0.459112904915145	0	6	0.86804663073688	0.672497051555787	566	11
1465	3	0.152961829877748	0	6	0.86804663073688	0.672497051555787	566	11
1466	1	0.389918268762156	0	6	0.86804663073688	0.672497051555787	566	11
1468	4	-0.378640829467442	0	6	0.86804663073688	0.672497051555787	566	11
1469	1	0.168641982482384	0	6	0.86804663073688	0.672497051555787	566	11
1471	6	0.0189154847362489	0	6	0.86804663073688	0.672497051555787	566	11
1474	1	0.25265771475947	0	6	0.86804663073688	0.672497051555787	566	11
1475	1	0.157687224565267	0	6	0.86804663073688	0.672497051555787	566	11
1476	6	0.0886822743354952	0	6	0.86804663073688	0.672497051555787	566	11
1477	2	0.0745585383055467	0	6	0.86804663073688	0.672497051555787	566	11
1478	2	0.0603910299340392	0	6	0.86804663073688	0.672497051555787	566	11
1479	0	0.407825581325622	0	6	0.86804663073688	0.672497051555787	566	11
1486	2	-0.0304704061003989	0	6	0.86804663073688	0.672497051555787	566	11
1487	2	-0.0641099107995974	0	6	0.86804663073688	0.672497051555787	566	11
1488	3	0.352862327411675	0	6	0.86804663073688	0.672497051555787	566	11
1489	2	0.0833463129938884	0	6	0.86804663073688	0.672497051555787	566	11
1490	3	0.0432307529462049	0	6	0.86804663073688	0.672497051555787	566	11
1491	4	-0.0698577813671513	0	6	0.86804663073688	0.672497051555787	566	11
1493	1	0.29523899039856	0	6	0.86804663073688	0.672497051555787	566	11
1495	2	0.0548340718191875	0	6	0.86804663073688	0.672497051555787	566	11
1497	4	-0.164384830071126	0	6	0.86804663073688	0.672497051555787	566	11
1499	0	0.424237787510599	0	6	0.86804663073688	0.672497051555787	566	11
1503	1	0.408317271951047	0	6	0.86804663073688	0.672497051555787	566	11
1506	0	0.321931807178778	0	6	0.86804663073688	0.672497051555787	566	11
1508	4	-0.298319146388364	0	6	0.86804663073688	0.672497051555787	566	11
1509	2	-0.171283410360498	0	6	0.86804663073688	0.672497051555787	566	11
1511	1	0.172207287042111	0	6	0.86804663073688	0.672497051555787	566	11
1512	4	-0.326199550275885	0	6	0.86804663073688	0.672497051555787	566	11
1513	1	0.531224301427249	0	6	0.86804663073688	0.672497051555787	566	11
1514	2	-0.223838061175765	0	6	0.86804663073688	0.672497051555787	566	11
1515	2	-0.260516145503551	0	6	0.86804663073688	0.672497051555787	566	11
1519	3	0.106605291199874	0	6	0.86804663073688	0.672497051555787	566	11
1520	1	0.150763597922993	0	6	0.86804663073688	0.672497051555787	566	11
1521	8	0.101448963711032	0	6	0.86804663073688	0.672497051555787	566	11
1522	1	0.422463495904763	0	6	0.86804663073688	0.672497051555787	566	11
1523	2	-0.217229154934598	0	6	0.86804663073688	0.672497051555787	566	11
1524	1	0.389257122902755	0	6	0.86804663073688	0.672497051555787	566	11
1525	3	0.164295542539192	0	6	0.86804663073688	0.672497051555787	566	11
1528	4	-0.393387478000576	0	6	0.86804663073688	0.672497051555787	566	11
1534	2	-0.15354639504565	0	6	0.86804663073688	0.672497051555787	566	11
1535	2	-0.152674745493312	0	6	0.86804663073688	0.672497051555787	566	11
1536	1	0.235432511989182	0	6	0.86804663073688	0.672497051555787	566	11
1537	2	-0.324573148930923	0	6	0.86804663073688	0.672497051555787	566	11
1540	3	0.23436693232527	0	6	0.86804663073688	0.672497051555787	566	11
1543	0	0.226190629657127	0	6	0.86804663073688	0.672497051555787	566	11
1545	1	0.413201580801848	0	6	0.86804663073688	0.672497051555787	566	11
1548	0	0.300769260314219	0	6	0.86804663073688	0.672497051555787	566	11
1549	1	0.366022679955243	0	6	0.86804663073688	0.672497051555787	566	11
1555	4	-0.413667939063195	0	6	0.86804663073688	0.672497051555787	566	11
1558	0	0.124895575765162	0	6	0.86804663073688	0.672497051555787	566	11
1559	4	-0.0181915924411376	0	6	0.86804663073688	0.672497051555787	566	11
1571	0	0.394794830676737	0	6	0.86804663073688	0.672497051555787	566	11
1573	4	-0.196979582311273	0	6	0.86804663073688	0.672497051555787	566	11
1576	4	-0.21910243224849	0	6	0.86804663073688	0.672497051555787	566	11
1577	4	-0.0107007704257174	0	6	0.86804663073688	0.672497051555787	566	11
1580	3	-0.172043515209141	0	6	0.86804663073688	0.672497051555787	566	11
1586	4	-0.0877383116886626	0	6	0.86804663073688	0.672497051555787	566	11
1591	4	-0.255603273691007	0	6	0.86804663073688	0.672497051555787	566	11
1593	4	-0.229505830713817	0	6	0.86804663073688	0.672497051555787	566	11
1594	4	-0.357172642485294	0	6	0.86804663073688	0.672497051555787	566	11
1600	1	0.371468546912776	0	6	0.86804663073688	0.672497051555787	566	11
1602	3	-0.0379441463623377	0	6	0.86804663073688	0.672497051555787	566	11
1603	2	-0.0183002524854241	0	6	0.86804663073688	0.672497051555787	566	11
1604	0	0.30917379837389	0	6	0.86804663073688	0.672497051555787	566	11
1605	3	0.284261200994604	0	6	0.86804663073688	0.672497051555787	566	11
1606	1	0.427352022586592	0	6	0.86804663073688	0.672497051555787	566	11
1607	4	0.104548799253725	0	6	0.86804663073688	0.672497051555787	566	11
1608	1	0.30946827258774	0	6	0.86804663073688	0.672497051555787	566	11
1609	0	0.123876952097053	0	6	0.86804663073688	0.672497051555787	566	11
1610	4	-0.28379449788092	0	6	0.86804663073688	0.672497051555787	566	11
1611	2	-0.0929609350362805	0	6	0.86804663073688	0.672497051555787	566	11
1612	3	0.345394568565645	0	6	0.86804663073688	0.672497051555787	566	11
1615	2	0.111180493503746	0	6	0.86804663073688	0.672497051555787	566	11
1620	0	0.136251499869337	0	6	0.86804663073688	0.672497051555787	566	11
1621	0	0.0449138289179463	0	6	0.86804663073688	0.672497051555787	566	11
1622	2	-0.377877995201142	0	6	0.86804663073688	0.672497051555787	566	11
1627	1	0.258757239553445	0	6	0.86804663073688	0.672497051555787	566	11
1628	2	0.0824856213760494	0	6	0.86804663073688	0.672497051555787	566	11
1629	4	-0.207360678340358	0	6	0.86804663073688	0.672497051555787	566	11
1630	0	0.225115463087858	0	6	0.86804663073688	0.672497051555787	566	11
1632	2	-0.318487522510912	0	6	0.86804663073688	0.672497051555787	566	11
1633	4	0.314333182033279	0	6	0.86804663073688	0.672497051555787	566	11
1634	2	-0.0346340661568431	0	6	0.86804663073688	0.672497051555787	566	11
1635	3	-0.0727945881359761	0	6	0.86804663073688	0.672497051555787	566	11
1636	4	-0.150194948137558	0	6	0.86804663073688	0.672497051555787	566	11
1638	2	0.000201069314695117	0	6	0.86804663073688	0.672497051555787	566	11
1639	1	0.206265781163349	0	6	0.86804663073688	0.672497051555787	566	11
1642	2	-0.173528114655009	0	6	0.86804663073688	0.672497051555787	566	11
1643	1	0.229573763542331	0	6	0.86804663073688	0.672497051555787	566	11
1644	4	-0.407703387978024	0	6	0.86804663073688	0.672497051555787	566	11
1645	4	-0.143105809181277	0	6	0.86804663073688	0.672497051555787	566	11
1647	3	0.109720768894094	0	6	0.86804663073688	0.672497051555787	566	11
1649	2	0.0750247689814483	0	6	0.86804663073688	0.672497051555787	566	11
1650	3	0.0295775223876219	0	6	0.86804663073688	0.672497051555787	566	11
1653	2	0.0662680478393624	0	6	0.86804663073688	0.672497051555787	566	11
1654	0	0.25169375941645	0	6	0.86804663073688	0.672497051555787	566	11
1656	3	0.400013943342173	0	6	0.86804663073688	0.672497051555787	566	11
1657	4	0.22184841908021	0	6	0.86804663073688	0.672497051555787	566	11
1659	0	0.293493419146756	0	6	0.86804663073688	0.672497051555787	566	11
1660	1	0.110604956367619	0	6	0.86804663073688	0.672497051555787	566	11
1662	2	0.0760976204373921	0	6	0.86804663073688	0.672497051555787	566	11
1663	1	0.398872922355424	0	6	0.86804663073688	0.672497051555787	566	11
1665	5	0.719921808872564	1	6	0.86804663073688	0.672497051555787	566	11
1666	4	-0.0237394266179078	0	6	0.86804663073688	0.672497051555787	566	11
1672	9	-0.205901122755874	0	6	0.86804663073688	0.672497051555787	566	11
1674	0	0.125636390778887	0	6	0.86804663073688	0.672497051555787	566	11
1675	1	0.265261591971859	0	6	0.86804663073688	0.672497051555787	566	11
1676	2	-0.0446844524560316	0	6	0.86804663073688	0.672497051555787	566	11
1677	5	0.637995067223074	1	6	0.86804663073688	0.672497051555787	566	11
1678	7	0.0818514482407809	0	6	0.86804663073688	0.672497051555787	566	11
1687	3	0.153374823196988	0	6	0.86804663073688	0.672497051555787	566	11
1690	4	0.027264380011541	0	6	0.86804663073688	0.672497051555787	566	11
1716	2	0.0704560031533217	0	6	0.86804663073688	0.672497051555787	566	11
1717	3	0.0721721912682054	0	6	0.86804663073688	0.672497051555787	566	11
1718	1	0.30501085885131	0	6	0.86804663073688	0.672497051555787	566	11
1723	0	0.30881609810708	0	6	0.86804663073688	0.672497051555787	566	11
1725	2	-0.0643059627496859	0	6	0.86804663073688	0.672497051555787	566	11
1727	2	-0.211040785420305	0	6	0.86804663073688	0.672497051555787	566	11
1728	3	-0.111140899530291	0	6	0.86804663073688	0.672497051555787	566	11
1729	1	0.114591206581542	0	6	0.86804663073688	0.672497051555787	566	11
1730	1	0.269457540121043	0	6	0.86804663073688	0.672497051555787	566	11
1733	4	-0.203551139267309	0	6	0.86804663073688	0.672497051555787	566	11
1734	1	0.251110827645363	0	6	0.86804663073688	0.672497051555787	566	11
1737	2	-0.206330037256713	0	6	0.86804663073688	0.672497051555787	566	11
1738	4	-0.0477364205340858	0	6	0.86804663073688	0.672497051555787	566	11
1739	1	0.467564838023569	0	6	0.86804663073688	0.672497051555787	566	11
1740	3	0.0119910722599439	0	6	0.86804663073688	0.672497051555787	566	11
1741	1	0.0383362700684338	0	6	0.86804663073688	0.672497051555787	566	11
1742	5	0.60003925641825	1	6	0.86804663073688	0.672497051555787	566	11
1743	4	0.00136993359691157	0	6	0.86804663073688	0.672497051555787	566	11
1756	0	0.230266457998367	0	6	0.86804663073688	0.672497051555787	566	11
1757	4	-0.0667017071972868	0	6	0.86804663073688	0.672497051555787	566	11
1759	1	0.41959272649115	0	6	0.86804663073688	0.672497051555787	566	11
1760	0	0.172601832942117	0	6	0.86804663073688	0.672497051555787	566	11
1762	3	0.324384814117552	0	6	0.86804663073688	0.672497051555787	566	11
1763	0	0.375888771435036	0	6	0.86804663073688	0.672497051555787	566	11
1768	0	0.339479571734983	0	6	0.86804663073688	0.672497051555787	566	11
1770	3	0.1538309408366	0	6	0.86804663073688	0.672497051555787	566	11
1773	9	0.0211253264105198	0	6	0.86804663073688	0.672497051555787	566	11
1774	0	0.0821790407515331	0	6	0.86804663073688	0.672497051555787	566	11
1775	0	0.105308737563281	0	6	0.86804663073688	0.672497051555787	566	11
1776	2	-0.0259457412275276	0	6	0.86804663073688	0.672497051555787	566	11
1777	3	0.113606650399622	0	6	0.86804663073688	0.672497051555787	566	11
1778	1	0.644313449682923	0	6	0.86804663073688	0.672497051555787	566	11
1780	3	0.148680154798526	0	6	0.86804663073688	0.672497051555787	566	11
1783	3	0.071111648368864	0	6	0.86804663073688	0.672497051555787	566	11
1785	2	-0.119460949364379	0	6	0.86804663073688	0.672497051555787	566	11
1786	1	0.505242810397377	0	6	0.86804663073688	0.672497051555787	566	11
1787	0	0.310561678668706	0	6	0.86804663073688	0.672497051555787	566	11
1788	1	0.631224889858292	0	6	0.86804663073688	0.672497051555787	566	11
1789	1	0.471893232644335	0	6	0.86804663073688	0.672497051555787	566	11
1793	3	0.312708379522752	0	6	0.86804663073688	0.672497051555787	566	11
1794	1	0.409514922233028	0	6	0.86804663073688	0.672497051555787	566	11
1795	3	0.433265509292334	0	6	0.86804663073688	0.672497051555787	566	11
1796	0	0.226745555660041	0	6	0.86804663073688	0.672497051555787	566	11
1798	2	0.0354970545892036	0	6	0.86804663073688	0.672497051555787	566	11
1800	4	-0.451071676911271	0	6	0.86804663073688	0.672497051555787	566	11
1802	0	0.185366280834292	0	6	0.86804663073688	0.672497051555787	566	11
1803	4	-0.230612732778586	0	6	0.86804663073688	0.672497051555787	566	11
1804	3	-0.276881617757503	0	6	0.86804663073688	0.672497051555787	566	11
1805	1	0.174845241088794	0	6	0.86804663073688	0.672497051555787	566	11
1806	0	0.139402716164117	0	6	0.86804663073688	0.672497051555787	566	11
1807	4	-0.296138808748142	0	6	0.86804663073688	0.672497051555787	566	11
1808	3	0.0986098215806353	0	6	0.86804663073688	0.672497051555787	566	11
1809	1	0.281263891771071	0	6	0.86804663073688	0.672497051555787	566	11
1810	2	0.068509474773388	0	6	0.86804663073688	0.672497051555787	566	11
1812	0	0.161131346923156	0	6	0.86804663073688	0.672497051555787	566	11
1815	0	0.161041038477318	0	6	0.86804663073688	0.672497051555787	566	11
1816	1	0.362006713234329	0	6	0.86804663073688	0.672497051555787	566	11
1819	2	-0.00605585364851737	0	6	0.86804663073688	0.672497051555787	566	11
1820	3	0.145840742347516	0	6	0.86804663073688	0.672497051555787	566	11
1821	1	0.398306827649956	0	6	0.86804663073688	0.672497051555787	566	11
1822	2	0.0882500430874589	0	6	0.86804663073688	0.672497051555787	566	11
1824	0	0.123147317038859	0	6	0.86804663073688	0.672497051555787	566	11
1827	3	0.238661283109039	0	6	0.86804663073688	0.672497051555787	566	11
1829	7	-0.0949302225301316	0	6	0.86804663073688	0.672497051555787	566	11
1831	2	-0.2245168224724	0	6	0.86804663073688	0.672497051555787	566	11
1832	6	0.277645905346375	0	6	0.86804663073688	0.672497051555787	566	11
1836	3	0.0300868666289261	0	6	0.86804663073688	0.672497051555787	566	11
1837	2	0.0826313992730141	0	6	0.86804663073688	0.672497051555787	566	11
1838	1	0.380493000053603	0	6	0.86804663073688	0.672497051555787	566	11
1839	1	0.388773323268163	0	6	0.86804663073688	0.672497051555787	566	11
1841	6	0.219431573550218	0	6	0.86804663073688	0.672497051555787	566	11
1842	2	-0.0537561254035859	0	6	0.86804663073688	0.672497051555787	566	11
1843	11	-0.304130813897266	0	6	0.86804663073688	0.672497051555787	566	11
1844	2	0.0377707288336382	0	6	0.86804663073688	0.672497051555787	566	11
1845	2	-0.163240923657209	0	6	0.86804663073688	0.672497051555787	566	11
1846	0	0.109048200966653	0	6	0.86804663073688	0.672497051555787	566	11
1847	11	0.0968079101271123	0	6	0.86804663073688	0.672497051555787	566	11
1848	1	0.201149802004661	0	6	0.86804663073688	0.672497051555787	566	11
1849	3	0.120336904120694	0	6	0.86804663073688	0.672497051555787	566	11
1852	2	-0.0606188785649435	0	6	0.86804663073688	0.672497051555787	566	11
1854	2	-0.0343499682173277	0	6	0.86804663073688	0.672497051555787	566	11
1855	3	0.187183378910746	0	6	0.86804663073688	0.672497051555787	566	11
1856	0	0.133871995797823	0	6	0.86804663073688	0.672497051555787	566	11
1857	1	0.463659182893561	0	6	0.86804663073688	0.672497051555787	566	11
1859	3	0.280583418654775	0	6	0.86804663073688	0.672497051555787	566	11
1861	0	0.0736765790590378	0	6	0.86804663073688	0.672497051555787	566	11
1869	1	0.356209695763233	0	6	0.86804663073688	0.672497051555787	566	11
1870	1	0.209983962986442	0	6	0.86804663073688	0.672497051555787	566	11
1871	1	0.306031863261197	0	6	0.86804663073688	0.672497051555787	566	11
1874	2	-0.0312016055508039	0	6	0.86804663073688	0.672497051555787	566	11
1875	0	0.274235275587535	0	6	0.86804663073688	0.672497051555787	566	11
1877	2	0.060590403662803	0	6	0.86804663073688	0.672497051555787	566	11
1880	1	0.391081213582506	0	6	0.86804663073688	0.672497051555787	566	11
1889	1	0.468064155391669	0	6	0.86804663073688	0.672497051555787	566	11
1890	1	0.199480435403087	0	6	0.86804663073688	0.672497051555787	566	11
1891	2	-0.305336775657185	0	6	0.86804663073688	0.672497051555787	566	11
1892	4	-0.435130986334377	0	6	0.86804663073688	0.672497051555787	566	11
1893	1	0.591245017065409	0	6	0.86804663073688	0.672497051555787	566	11
1894	1	0.458817752024274	0	6	0.86804663073688	0.672497051555787	566	11
1896	2	-0.0908894950557828	0	6	0.86804663073688	0.672497051555787	566	11
1901	3	0.361682256328771	0	6	0.86804663073688	0.672497051555787	566	11
1902	1	0.43447984228544	0	6	0.86804663073688	0.672497051555787	566	11
1906	1	0.520130882855493	0	6	0.86804663073688	0.672497051555787	566	11
1907	0	-0.000561065113892903	0	6	0.86804663073688	0.672497051555787	566	11
1909	1	0.574858644288753	0	6	0.86804663073688	0.672497051555787	566	11
1910	1	0.486277708518841	0	6	0.86804663073688	0.672497051555787	566	11
1917	0	0.177633859720875	0	6	0.86804663073688	0.672497051555787	566	11
1936	7	0.100631283804576	0	6	0.86804663073688	0.672497051555787	566	11
1939	0	-0.0533096902812693	0	6	0.86804663073688	0.672497051555787	566	11
1942	2	0.118940704052276	0	6	0.86804663073688	0.672497051555787	566	11
1945	1	0.0820831749685273	0	6	0.86804663073688	0.672497051555787	566	11
1946	1	0.264125488268737	0	6	0.86804663073688	0.672497051555787	566	11
1947	3	0.128245223641788	0	6	0.86804663073688	0.672497051555787	566	11
1948	3	0.120848741972998	0	6	0.86804663073688	0.672497051555787	566	11
1949	1	0.358119599051155	0	6	0.86804663073688	0.672497051555787	566	11
1950	2	-0.132495987598343	0	6	0.86804663073688	0.672497051555787	566	11
1952	2	-0.091363933675168	0	6	0.86804663073688	0.672497051555787	566	11
1953	1	0.400058508174283	0	6	0.86804663073688	0.672497051555787	566	11
1954	3	0.0816347315386284	0	6	0.86804663073688	0.672497051555787	566	11
1955	3	-0.0736575290054395	0	6	0.86804663073688	0.672497051555787	566	11
1956	2	-0.107655911987357	0	6	0.86804663073688	0.672497051555787	566	11
1958	11	-0.0768578110162981	0	6	0.86804663073688	0.672497051555787	566	11
1959	1	0.30378179075525	0	6	0.86804663073688	0.672497051555787	566	11
1960	1	0.313874968544005	0	6	0.86804663073688	0.672497051555787	566	11
1962	4	-0.313280739292739	0	6	0.86804663073688	0.672497051555787	566	11
1965	0	0.25135739841675	0	6	0.86804663073688	0.672497051555787	566	11
1967	0	0.390181862403557	0	6	0.86804663073688	0.672497051555787	566	11
1969	1	0.458054501192672	0	6	0.86804663073688	0.672497051555787	566	11
1977	3	0.369882571183178	0	6	0.86804663073688	0.672497051555787	566	11
1978	1	-0.000981135018298161	0	6	0.86804663073688	0.672497051555787	566	11
1979	2	-0.211351580509352	0	6	0.86804663073688	0.672497051555787	566	11
1981	2	0.0859863354735852	0	6	0.86804663073688	0.672497051555787	566	11
1982	2	-0.123994792978974	0	6	0.86804663073688	0.672497051555787	566	11
1983	2	-0.160609723379811	0	6	0.86804663073688	0.672497051555787	566	11
1984	1	0.393132637761808	0	6	0.86804663073688	0.672497051555787	566	11
1992	3	0.00780233559155551	0	6	0.86804663073688	0.672497051555787	566	11
1994	2	0.0687076429128045	0	6	0.86804663073688	0.672497051555787	566	11
1997	3	0.0996409880921065	0	6	0.86804663073688	0.672497051555787	566	11
1998	3	0.206812560053492	0	6	0.86804663073688	0.672497051555787	566	11
1999	6	0.129548319403214	0	6	0.86804663073688	0.672497051555787	566	11
2000	3	0.151083491307315	0	6	0.86804663073688	0.672497051555787	566	11
2001	9	0.101671937672135	0	6	0.86804663073688	0.672497051555787	566	11
2002	2	-0.0842342415950941	0	6	0.86804663073688	0.672497051555787	566	11
2004	5	0.705700081992857	1	6	0.86804663073688	0.672497051555787	566	11
2006	1	0.620424512200466	0	6	0.86804663073688	0.672497051555787	566	11
2009	3	0.332911175156303	0	6	0.86804663073688	0.672497051555787	566	11
2010	2	-0.333136794746255	0	6	0.86804663073688	0.672497051555787	566	11
2011	1	0.147574609915732	0	6	0.86804663073688	0.672497051555787	566	11
2012	5	0.6974352203947	1	6	0.86804663073688	0.672497051555787	566	11
2013	3	0.172320987507114	0	6	0.86804663073688	0.672497051555787	566	11
2014	1	0.511179627374666	0	6	0.86804663073688	0.672497051555787	566	11
2015	1	0.0425036703815278	0	6	0.86804663073688	0.672497051555787	566	11
2016	9	-0.00842202908948809	0	6	0.86804663073688	0.672497051555787	566	11
2017	0	0.265617147695287	0	6	0.86804663073688	0.672497051555787	566	11
2018	4	-0.239160979816733	0	6	0.86804663073688	0.672497051555787	566	11
2021	2	-0.17224448799697	0	6	0.86804663073688	0.672497051555787	566	11
2022	3	0.306881948141821	0	6	0.86804663073688	0.672497051555787	566	11
2023	6	-0.075543097030474	0	6	0.86804663073688	0.672497051555787	566	11
2026	1	0.566101393541044	0	6	0.86804663073688	0.672497051555787	566	11
2027	1	0.316811422718704	0	6	0.86804663073688	0.672497051555787	566	11
2028	2	-0.217648253826117	0	6	0.86804663073688	0.672497051555787	566	11
2029	3	0.19343567131406	0	6	0.86804663073688	0.672497051555787	566	11
2030	0	0.440552625634004	0	6	0.86804663073688	0.672497051555787	566	11
2034	3	0.141622024314304	0	6	0.86804663073688	0.672497051555787	566	11
2035	2	0.0309388618302741	0	6	0.86804663073688	0.672497051555787	566	11
2036	2	-0.0552696293404969	0	6	0.86804663073688	0.672497051555787	566	11
2037	1	0.712284372236648	0	6	0.86804663073688	0.672497051555787	566	11
2038	0	0.078560008158613	0	6	0.86804663073688	0.672497051555787	566	11
2039	4	-0.161743592769814	0	6	0.86804663073688	0.672497051555787	566	11
2040	0	0.301612625873613	0	6	0.86804663073688	0.672497051555787	566	11
2041	1	0.31716208559581	0	6	0.86804663073688	0.672497051555787	566	11
2042	1	0.437478559892619	0	6	0.86804663073688	0.672497051555787	566	11
2043	3	0.325146857265119	0	6	0.86804663073688	0.672497051555787	566	11
2045	4	-0.0902628655206557	0	6	0.86804663073688	0.672497051555787	566	11
2047	1	0.511924151218963	0	6	0.86804663073688	0.672497051555787	566	11
2048	1	0.44410057130936	0	6	0.86804663073688	0.672497051555787	566	11
2049	1	0.433456319859297	0	6	0.86804663073688	0.672497051555787	566	11
2050	5	0.621980156613595	1	6	0.86804663073688	0.672497051555787	566	11
2051	0	0.0188493180280172	0	6	0.86804663073688	0.672497051555787	566	11
2052	4	-0.205020287540417	0	6	0.86804663073688	0.672497051555787	566	11
2053	4	-0.317744599824943	0	6	0.86804663073688	0.672497051555787	566	11
2054	3	0.48502779060062	0	6	0.86804663073688	0.672497051555787	566	11
2055	1	0.428214222698383	0	6	0.86804663073688	0.672497051555787	566	11
2056	0	0.28971770759625	0	6	0.86804663073688	0.672497051555787	566	11
2057	11	0.20401894342579	0	6	0.86804663073688	0.672497051555787	566	11
2058	1	0.201949857395249	0	6	0.86804663073688	0.672497051555787	566	11
2059	6	0.151081519708238	0	6	0.86804663073688	0.672497051555787	566	11
2060	3	0.152228928120213	0	6	0.86804663073688	0.672497051555787	566	11
2063	2	-0.0117149428306223	0	6	0.86804663073688	0.672497051555787	566	11
2065	4	-0.154207679497115	0	6	0.86804663073688	0.672497051555787	566	11
2066	3	0.157152887763843	0	6	0.86804663073688	0.672497051555787	566	11
2067	7	-0.0256213346292509	0	6	0.86804663073688	0.672497051555787	566	11
2068	2	-0.295211439094132	0	6	0.86804663073688	0.672497051555787	566	11
2070	5	0.687952877399723	1	6	0.86804663073688	0.672497051555787	566	11
2071	3	-0.0132769856548893	0	6	0.86804663073688	0.672497051555787	566	11
2072	3	0.332598488061737	0	6	0.86804663073688	0.672497051555787	566	11
2077	2	-0.0112568754444999	0	6	0.86804663073688	0.672497051555787	566	11
2078	5	0.647285265256423	1	6	0.86804663073688	0.672497051555787	566	11
2079	1	0.414851403541381	0	6	0.86804663073688	0.672497051555787	566	11
2081	8	-0.0234980550186479	0	6	0.86804663073688	0.672497051555787	566	11
2091	7	0.0137585674169766	0	6	0.86804663073688	0.672497051555787	566	11
2098	2	-0.0933159583573361	0	6	0.86804663073688	0.672497051555787	566	11
2099	1	0.131031187140565	0	6	0.86804663073688	0.672497051555787	566	11
2100	5	0.635794055202623	1	6	0.86804663073688	0.672497051555787	566	11
2101	2	-0.0133679609015505	0	6	0.86804663073688	0.672497051555787	566	11
2104	9	-0.127965496337474	0	6	0.86804663073688	0.672497051555787	566	11
2107	3	0.192749140131771	0	6	0.86804663073688	0.672497051555787	566	11
2108	4	-0.136850923280358	0	6	0.86804663073688	0.672497051555787	566	11
2109	2	-0.414750130587146	0	6	0.86804663073688	0.672497051555787	566	11
2110	4	0.065047691235386	0	6	0.86804663073688	0.672497051555787	566	11
2113	5	0.693692670331509	1	6	0.86804663073688	0.672497051555787	566	11
2114	3	0.15020684738284	0	6	0.86804663073688	0.672497051555787	566	11
2115	1	0.438985676379743	0	6	0.86804663073688	0.672497051555787	566	11
2117	3	0.246489771507766	0	6	0.86804663073688	0.672497051555787	566	11
2118	1	0.441416954539692	0	6	0.86804663073688	0.672497051555787	566	11
2119	1	0.362171332985058	0	6	0.86804663073688	0.672497051555787	566	11
2120	1	0.381875662664647	0	6	0.86804663073688	0.672497051555787	566	11
2122	1	0.593648973688341	0	6	0.86804663073688	0.672497051555787	566	11
2123	1	0.305031626969739	0	6	0.86804663073688	0.672497051555787	566	11
2124	1	0.216912694467266	0	6	0.86804663073688	0.672497051555787	566	11
2125	1	0.0927933383868579	0	6	0.86804663073688	0.672497051555787	566	11
2130	5	0.732400370331203	1	6	0.86804663073688	0.672497051555787	566	11
2131	1	0.396557134022671	0	6	0.86804663073688	0.672497051555787	566	11
2132	3	0.0478345181253558	0	6	0.86804663073688	0.672497051555787	566	11
2134	3	0.362916794622979	0	6	0.86804663073688	0.672497051555787	566	11
2135	0	0.1932918782207	0	6	0.86804663073688	0.672497051555787	566	11
2137	3	0.205811335695212	0	6	0.86804663073688	0.672497051555787	566	11
2139	2	-0.26966599700016	0	6	0.86804663073688	0.672497051555787	566	11
2140	6	0.211213598367704	0	6	0.86804663073688	0.672497051555787	566	11
2145	3	-0.0124224383650244	0	6	0.86804663073688	0.672497051555787	566	11
2146	1	0.635459707192436	0	6	0.86804663073688	0.672497051555787	566	11
2149	2	0.0660467493178567	0	6	0.86804663073688	0.672497051555787	566	11
2150	6	0.160891585910332	0	6	0.86804663073688	0.672497051555787	566	11
2151	1	0.641684217444099	0	6	0.86804663073688	0.672497051555787	566	11
2152	3	-0.0669698085050913	0	6	0.86804663073688	0.672497051555787	566	11
2153	1	-0.176429994055956	0	6	0.86804663073688	0.672497051555787	566	11
2155	0	0.137264910166205	0	6	0.86804663073688	0.672497051555787	566	11
2157	3	0.25619692876891	0	6	0.86804663073688	0.672497051555787	566	11
2159	1	0.387470324426354	0	6	0.86804663073688	0.672497051555787	566	11
2160	4	-0.306994722402124	0	6	0.86804663073688	0.672497051555787	566	11
2161	4	0.0545451956929612	0	6	0.86804663073688	0.672497051555787	566	11
2162	1	0.204549470668067	0	6	0.86804663073688	0.672497051555787	566	11
2166	4	-0.252607404094119	0	6	0.86804663073688	0.672497051555787	566	11
2167	1	0.577274577144605	0	6	0.86804663073688	0.672497051555787	566	11
2168	4	-0.435192116727217	0	6	0.86804663073688	0.672497051555787	566	11
2170	4	-0.26586994477578	0	6	0.86804663073688	0.672497051555787	566	11
2175	1	0.240338864958029	0	6	0.86804663073688	0.672497051555787	566	11
2176	5	0.605344912402708	1	6	0.86804663073688	0.672497051555787	566	11
2178	1	0.223769894925852	0	6	0.86804663073688	0.672497051555787	566	11
2180	4	-0.20995903100904	0	6	0.86804663073688	0.672497051555787	566	11
2181	3	-0.0858426541607181	0	6	0.86804663073688	0.672497051555787	566	11
2184	4	-0.232798671959535	0	6	0.86804663073688	0.672497051555787	566	11
2185	4	-0.17495296760407	0	6	0.86804663073688	0.672497051555787	566	11
2186	0	0.38100351668143	0	6	0.86804663073688	0.672497051555787	566	11
2188	2	0.00535942757135633	0	6	0.86804663073688	0.672497051555787	566	11
2189	1	0.40239144306855	0	6	0.86804663073688	0.672497051555787	566	11
2191	1	0.442329202589779	0	6	0.86804663073688	0.672497051555787	566	11
2192	1	0.427382143652887	0	6	0.86804663073688	0.672497051555787	566	11
2193	2	0.00342219255235868	0	6	0.86804663073688	0.672497051555787	566	11
2194	1	0.153821112133283	0	6	0.86804663073688	0.672497051555787	566	11
2195	3	0.351596865205923	0	6	0.86804663073688	0.672497051555787	566	11
2196	1	0.377201756463087	0	6	0.86804663073688	0.672497051555787	566	11
2197	2	-0.0995364633428084	0	6	0.86804663073688	0.672497051555787	566	11
2199	1	0.38859932137215	0	6	0.86804663073688	0.672497051555787	566	11
2200	1	0.518711397850055	0	6	0.86804663073688	0.672497051555787	566	11
2201	1	0.104544030734664	0	6	0.86804663073688	0.672497051555787	566	11
2202	3	0.0351091395420663	0	6	0.86804663073688	0.672497051555787	566	11
2203	4	-0.500397632554989	0	6	0.86804663073688	0.672497051555787	566	11
2204	1	0.225084788913366	0	6	0.86804663073688	0.672497051555787	566	11
2205	1	0.346748006567373	0	6	0.86804663073688	0.672497051555787	566	11
2206	1	0.292385273600777	0	6	0.86804663073688	0.672497051555787	566	11
2207	1	0.313669173298116	0	6	0.86804663073688	0.672497051555787	566	11
2208	1	0.34264806040628	0	6	0.86804663073688	0.672497051555787	566	11
2213	1	0.440778393183264	0	6	0.86804663073688	0.672497051555787	566	11
2217	4	-0.259880455896455	0	6	0.86804663073688	0.672497051555787	566	11
2218	0	0.446603713033811	0	6	0.86804663073688	0.672497051555787	566	11
2219	1	-0.027203292318119	0	6	0.86804663073688	0.672497051555787	566	11
2220	1	0.126838264942084	0	6	0.86804663073688	0.672497051555787	566	11
2222	2	-0.0269930095137742	0	6	0.86804663073688	0.672497051555787	566	11
2224	2	0.257357596408866	0	6	0.86804663073688	0.672497051555787	566	11
2230	4	-0.305417917139713	0	6	0.86804663073688	0.672497051555787	566	11
2232	1	0.286299426438156	0	6	0.86804663073688	0.672497051555787	566	11
2235	2	-0.212188730554287	0	6	0.86804663073688	0.672497051555787	566	11
2237	1	0.423780214176281	0	6	0.86804663073688	0.672497051555787	566	11
2239	7	0.0608442261713157	0	6	0.86804663073688	0.672497051555787	566	11
2241	0	0.429062948937274	0	6	0.86804663073688	0.672497051555787	566	11
2242	1	0.534484227403517	0	6	0.86804663073688	0.672497051555787	566	11
2243	1	0.0549902687913056	0	6	0.86804663073688	0.672497051555787	566	11
2244	1	0.215471517029484	0	6	0.86804663073688	0.672497051555787	566	11
2245	1	0.134988076502154	0	6	0.86804663073688	0.672497051555787	566	11
2246	3	0.00967114339634493	0	6	0.86804663073688	0.672497051555787	566	11
2247	1	0.494877746037739	0	6	0.86804663073688	0.672497051555787	566	11
2250	4	-0.0185862042317385	0	6	0.86804663073688	0.672497051555787	566	11
2252	3	0.099825250786498	0	6	0.86804663073688	0.672497051555787	566	11
2254	3	-0.134545313950123	0	6	0.86804663073688	0.672497051555787	566	11
2257	1	0.1818720073606	0	6	0.86804663073688	0.672497051555787	566	11
2258	0	0.16168301037073	0	6	0.86804663073688	0.672497051555787	566	11
2260	2	0.0247450220024422	0	6	0.86804663073688	0.672497051555787	566	11
2261	4	0.0296904874499672	0	6	0.86804663073688	0.672497051555787	566	11
2262	2	0.0863989442294073	0	6	0.86804663073688	0.672497051555787	566	11
2263	3	-0.151735341895214	0	6	0.86804663073688	0.672497051555787	566	11
2264	2	-0.229618546965428	0	6	0.86804663073688	0.672497051555787	566	11
2266	1	0.053888707387038	0	6	0.86804663073688	0.672497051555787	566	11
2268	0	-0.132378934289385	0	6	0.86804663073688	0.672497051555787	566	11
2271	4	-0.304991318205224	0	6	0.86804663073688	0.672497051555787	566	11
2272	4	-0.112840122191872	0	6	0.86804663073688	0.672497051555787	566	11
2273	1	0.444083373584552	0	6	0.86804663073688	0.672497051555787	566	11
2274	1	0.598016224983153	0	6	0.86804663073688	0.672497051555787	566	11
2275	1	0.366003256945296	0	6	0.86804663073688	0.672497051555787	566	11
2281	1	0.329184861460516	0	6	0.86804663073688	0.672497051555787	566	11
2286	2	-0.125101750038818	0	6	0.86804663073688	0.672497051555787	566	11
2287	7	0.150201448009535	0	6	0.86804663073688	0.672497051555787	566	11
2288	2	-0.0910173601695738	0	6	0.86804663073688	0.672497051555787	566	11
2289	2	0.0942768240955477	0	6	0.86804663073688	0.672497051555787	566	11
2294	11	0.123992349970726	0	6	0.86804663073688	0.672497051555787	566	11
2296	3	-0.167267071974846	0	6	0.86804663073688	0.672497051555787	566	11
2297	2	-0.074726723158813	0	6	0.86804663073688	0.672497051555787	566	11
2299	9	-0.019889785858889	0	6	0.86804663073688	0.672497051555787	566	11
2300	5	0.522654527965763	1	6	0.86804663073688	0.672497051555787	566	11
2302	0	-0.0338705142987795	0	6	0.86804663073688	0.672497051555787	566	11
2303	2	0.0224753580796106	0	6	0.86804663073688	0.672497051555787	566	11
2305	1	0.390493284302111	0	6	0.86804663073688	0.672497051555787	566	11
2306	3	-0.0986248951195846	0	6	0.86804663073688	0.672497051555787	566	11
2308	0	-0.0801410294895654	0	6	0.86804663073688	0.672497051555787	566	11
2309	2	0.214844555324531	0	6	0.86804663073688	0.672497051555787	566	11
2312	3	0.138737117403024	0	6	0.86804663073688	0.672497051555787	566	11
2313	5	0.736918825234385	1	6	0.86804663073688	0.672497051555787	566	11
2314	7	0.146225645515188	0	6	0.86804663073688	0.672497051555787	566	11
2315	5	0.74608313707512	1	6	0.86804663073688	0.672497051555787	566	11
2316	1	0.326258377729459	0	6	0.86804663073688	0.672497051555787	566	11
2317	1	0.418375340549233	0	6	0.86804663073688	0.672497051555787	566	11
2318	3	0.137093195458424	0	6	0.86804663073688	0.672497051555787	566	11
2319	7	0.144980584607589	0	6	0.86804663073688	0.672497051555787	566	11
2321	3	0.13288299153447	0	6	0.86804663073688	0.672497051555787	566	11
2322	1	0.125388188820199	0	6	0.86804663073688	0.672497051555787	566	11
2323	1	0.239060290453609	0	6	0.86804663073688	0.672497051555787	566	11
2324	3	0.00956214274260898	0	6	0.86804663073688	0.672497051555787	566	11
2326	4	-0.285362108983335	0	6	0.86804663073688	0.672497051555787	566	11
2327	1	0.303209682747047	0	6	0.86804663073688	0.672497051555787	566	11
2328	1	0.291314669273193	0	6	0.86804663073688	0.672497051555787	566	11
2329	4	-0.180193482143219	0	6	0.86804663073688	0.672497051555787	566	11
2331	1	0.319076451238892	0	6	0.86804663073688	0.672497051555787	566	11
2332	4	-0.195346120012582	0	6	0.86804663073688	0.672497051555787	566	11
2334	0	-0.0493222404505768	0	6	0.86804663073688	0.672497051555787	566	11
2335	1	0.492671637774716	0	6	0.86804663073688	0.672497051555787	566	11
2339	3	0.208034633442017	0	6	0.86804663073688	0.672497051555787	566	11
2348	4	-0.293332223156137	0	6	0.86804663073688	0.672497051555787	566	11
2350	1	0.427046812810381	0	6	0.86804663073688	0.672497051555787	566	11
2352	0	-0.338118607028461	0	6	0.86804663073688	0.672497051555787	566	11
2353	11	-0.502862425464657	0	6	0.86804663073688	0.672497051555787	566	11
2354	11	-0.0992288507638758	0	6	0.86804663073688	0.672497051555787	566	11
2355	11	0.242451257000155	0	6	0.86804663073688	0.672497051555787	566	11
2356	2	0.11370832006644	0	6	0.86804663073688	0.672497051555787	566	11
2357	8	-0.21531554247071	0	6	0.86804663073688	0.672497051555787	566	11
2358	8	-0.212860366929972	0	6	0.86804663073688	0.672497051555787	566	11
2359	1	0.527709577708894	0	6	0.86804663073688	0.672497051555787	566	11
2395	1	0.329048201774934	0	6	0.86804663073688	0.672497051555787	566	11
2444	4	-0.0953147449268551	0	6	0.86804663073688	0.672497051555787	566	11
2475	3	0.355660657283554	0	6	0.86804663073688	0.672497051555787	566	11
2487	1	0.361658938223968	0	6	0.86804663073688	0.672497051555787	566	11
2491	1	0.345762609646588	0	6	0.86804663073688	0.672497051555787	566	11
2494	2	0.0748688744606582	0	6	0.86804663073688	0.672497051555787	566	11
2495	2	-0.392329635770742	0	6	0.86804663073688	0.672497051555787	566	11
2517	6	-0.0239417955977846	0	6	0.86804663073688	0.672497051555787	566	11
2521	1	0.416394576712488	0	6	0.86804663073688	0.672497051555787	566	11
2523	3	0.146426417123191	0	6	0.86804663073688	0.672497051555787	566	11
2524	1	0.241831674874047	0	6	0.86804663073688	0.672497051555787	566	11
2525	4	-0.128469105273169	0	6	0.86804663073688	0.672497051555787	566	11
2528	4	-0.280016669276223	0	6	0.86804663073688	0.672497051555787	566	11
2529	1	0.176466054960268	0	6	0.86804663073688	0.672497051555787	566	11
2530	1	0.246955996339775	0	6	0.86804663073688	0.672497051555787	566	11
2531	2	-0.0564421020382769	0	6	0.86804663073688	0.672497051555787	566	11
2532	1	0.331751784930401	0	6	0.86804663073688	0.672497051555787	566	11
2533	1	0.22075348963736	0	6	0.86804663073688	0.672497051555787	566	11
2534	3	0.253465689750129	0	6	0.86804663073688	0.672497051555787	566	11
2535	3	-0.015295412397706	0	6	0.86804663073688	0.672497051555787	566	11
2537	10	0.0798256981943755	0	6	0.86804663073688	0.672497051555787	566	11
2538	4	-0.473124956619522	0	6	0.86804663073688	0.672497051555787	566	11
2539	2	-0.0781658862093869	0	6	0.86804663073688	0.672497051555787	566	11
2542	4	-0.251488905338514	0	6	0.86804663073688	0.672497051555787	566	11
2548	2	-0.212738983829465	0	6	0.86804663073688	0.672497051555787	566	11
2549	0	-0.0538047424783405	0	6	0.86804663073688	0.672497051555787	566	11
2550	5	0.745940773803161	1	6	0.86804663073688	0.672497051555787	566	11
2551	3	0.283983677997106	0	6	0.86804663073688	0.672497051555787	566	11
2553	0	0.076428338020313	0	6	0.86804663073688	0.672497051555787	566	11
2555	3	-0.0292461415730342	0	6	0.86804663073688	0.672497051555787	566	11
2558	0	-0.03424592099517	0	6	0.86804663073688	0.672497051555787	566	11
2561	4	-0.114289573286816	0	6	0.86804663073688	0.672497051555787	566	11
2562	4	-0.288581965536935	0	6	0.86804663073688	0.672497051555787	566	11
2568	1	0.427321319938071	0	6	0.86804663073688	0.672497051555787	566	11
2570	0	0.351024696566147	0	6	0.86804663073688	0.672497051555787	566	11
2571	3	-0.0201419008689242	0	6	0.86804663073688	0.672497051555787	566	11
2580	4	-0.0634805395918294	0	6	0.86804663073688	0.672497051555787	566	11
2581	3	-0.041848131372334	0	6	0.86804663073688	0.672497051555787	566	11
2582	1	0.250960699538493	0	6	0.86804663073688	0.672497051555787	566	11
2583	1	0.410447830306762	0	6	0.86804663073688	0.672497051555787	566	11
2584	4	-0.292094965988378	0	6	0.86804663073688	0.672497051555787	566	11
2585	4	0.229057383413492	0	6	0.86804663073688	0.672497051555787	566	11
2588	3	0.0911447333372641	0	6	0.86804663073688	0.672497051555787	566	11
2589	1	0.391042671988682	0	6	0.86804663073688	0.672497051555787	566	11
2590	1	0.37496191408455	0	6	0.86804663073688	0.672497051555787	566	11
2591	6	0.145485608210187	0	6	0.86804663073688	0.672497051555787	566	11
2592	2	-0.0334854221226497	0	6	0.86804663073688	0.672497051555787	566	11
2593	4	-0.0998907803255675	0	6	0.86804663073688	0.672497051555787	566	11
2615	5	0.524141977593449	1	6	0.86804663073688	0.672497051555787	566	11
2617	1	0.176045176333186	0	6	0.86804663073688	0.672497051555787	566	11
2618	1	0.425098413797586	0	6	0.86804663073688	0.672497051555787	566	11
2619	2	-0.0649218272473773	0	6	0.86804663073688	0.672497051555787	566	11
2620	3	0.222326560046315	0	6	0.86804663073688	0.672497051555787	566	11
2621	2	-0.0858678034064752	0	6	0.86804663073688	0.672497051555787	566	11
2622	2	-0.00178445250296055	0	6	0.86804663073688	0.672497051555787	566	11
2623	0	0.148720297991629	0	6	0.86804663073688	0.672497051555787	566	11
2624	3	0.319727318956098	0	6	0.86804663073688	0.672497051555787	566	11
2625	3	0.336874373653413	0	6	0.86804663073688	0.672497051555787	566	11
2627	1	0.206343570422799	0	6	0.86804663073688	0.672497051555787	566	11
2628	4	-0.394433505383785	0	6	0.86804663073688	0.672497051555787	566	11
2631	2	0.208050458044831	0	6	0.86804663073688	0.672497051555787	566	11
2632	2	0.0370194771357666	0	6	0.86804663073688	0.672497051555787	566	11
2633	10	0.389040606740301	0	6	0.86804663073688	0.672497051555787	566	11
2634	1	0.367341318859505	0	6	0.86804663073688	0.672497051555787	566	11
2638	2	-0.0300031886325863	0	6	0.86804663073688	0.672497051555787	566	11
2639	4	-0.23251023566244	0	6	0.86804663073688	0.672497051555787	566	11
2642	2	-0.00881219719651649	0	6	0.86804663073688	0.672497051555787	566	11
2643	4	-0.00293141958649203	0	6	0.86804663073688	0.672497051555787	566	11
2644	4	-0.244330428689641	0	6	0.86804663073688	0.672497051555787	566	11
2647	2	-0.221175603475987	0	6	0.86804663073688	0.672497051555787	566	11
2648	1	0.330735158459167	0	6	0.86804663073688	0.672497051555787	566	11
2649	4	0.0774706742129047	0	6	0.86804663073688	0.672497051555787	566	11
2650	0	0.0420263370893632	0	6	0.86804663073688	0.672497051555787	566	11
2651	4	0.0475608236981567	0	6	0.86804663073688	0.672497051555787	566	11
2664	3	0.181154339901793	0	6	0.86804663073688	0.672497051555787	566	11
2665	6	0.139323513407233	0	6	0.86804663073688	0.672497051555787	566	11
2668	0	0.00234897206647212	0	6	0.86804663073688	0.672497051555787	566	11
2669	0	-0.0453642959178014	0	6	0.86804663073688	0.672497051555787	566	11
2671	1	0.13096037138331	0	6	0.86804663073688	0.672497051555787	566	11
2672	1	-0.00617907401204324	0	6	0.86804663073688	0.672497051555787	566	11
2673	3	0.271721702966763	0	6	0.86804663073688	0.672497051555787	566	11
2674	1	0.469226296069834	0	6	0.86804663073688	0.672497051555787	566	11
2675	1	0.377046700252063	0	6	0.86804663073688	0.672497051555787	566	11
2677	3	0.0289286332312851	0	6	0.86804663073688	0.672497051555787	566	11
2683	1	0.324146203976931	0	6	0.86804663073688	0.672497051555787	566	11
2687	1	0.450902050755528	0	6	0.86804663073688	0.672497051555787	566	11
2690	3	-0.00869433304854766	0	6	0.86804663073688	0.672497051555787	566	11
2692	0	0.17333643105029	0	6	0.86804663073688	0.672497051555787	566	11
2694	0	0.174026112252715	0	6	0.86804663073688	0.672497051555787	566	11
2696	0	0.127088165700055	0	6	0.86804663073688	0.672497051555787	566	11
2697	3	-0.0395324227970483	0	6	0.86804663073688	0.672497051555787	566	11
2700	3	-0.0123960606679559	0	6	0.86804663073688	0.672497051555787	566	11
2701	5	0.497446237545548	1	6	0.86804663073688	0.672497051555787	566	11
2705	4	-0.149382270622109	0	6	0.86804663073688	0.672497051555787	566	11
2707	1	0.290434422784852	0	6	0.86804663073688	0.672497051555787	566	11
2710	4	-0.272437312906404	0	6	0.86804663073688	0.672497051555787	566	11
2717	0	-0.183237514879235	0	6	0.86804663073688	0.672497051555787	566	11
2719	6	0.0182314199431484	0	6	0.86804663073688	0.672497051555787	566	11
2729	4	-0.296492506854818	0	6	0.86804663073688	0.672497051555787	566	11
2730	2	-0.221402270958	0	6	0.86804663073688	0.672497051555787	566	11
2731	4	-0.21322489200678	0	6	0.86804663073688	0.672497051555787	566	11
2733	2	-0.112652822397431	0	6	0.86804663073688	0.672497051555787	566	11
2734	2	-0.0932628786603039	0	6	0.86804663073688	0.672497051555787	566	11
2735	1	0.477088643590181	0	6	0.86804663073688	0.672497051555787	566	11
2736	1	0.504068853274942	0	6	0.86804663073688	0.672497051555787	566	11
2737	2	-0.0914931608925252	0	6	0.86804663073688	0.672497051555787	566	11
2739	2	-0.210196600089915	0	6	0.86804663073688	0.672497051555787	566	11
2740	1	0.0842063519111542	0	6	0.86804663073688	0.672497051555787	566	11
2743	0	-0.0957665928486375	0	6	0.86804663073688	0.672497051555787	566	11
2744	4	0.205181235364594	0	6	0.86804663073688	0.672497051555787	566	11
2745	4	-0.0214797727148731	0	6	0.86804663073688	0.672497051555787	566	11
2746	4	0.00414199855483332	0	6	0.86804663073688	0.672497051555787	566	11
2747	4	-0.19495694714213	0	6	0.86804663073688	0.672497051555787	566	11
2752	7	-0.0995852300565033	0	6	0.86804663073688	0.672497051555787	566	11
2760	1	0.0442703448658079	0	6	0.86804663073688	0.672497051555787	566	11
2762	3	-0.11455018134674	0	6	0.86804663073688	0.672497051555787	566	11
2764	3	0.115620247019959	0	6	0.86804663073688	0.672497051555787	566	11
2766	0	0.0786073058070246	0	6	0.86804663073688	0.672497051555787	566	11
2767	3	0.348824636591501	0	6	0.86804663073688	0.672497051555787	566	11
2768	3	0.427916870327737	0	6	0.86804663073688	0.672497051555787	566	11
2769	1	0.314456280121656	0	6	0.86804663073688	0.672497051555787	566	11
2770	1	0.438101566341037	0	6	0.86804663073688	0.672497051555787	566	11
2771	5	0.669667312325484	1	6	0.86804663073688	0.672497051555787	566	11
2773	2	0.105695411463946	0	6	0.86804663073688	0.672497051555787	566	11
2774	2	-0.265872603477676	0	6	0.86804663073688	0.672497051555787	566	11
2775	0	0.158773348050901	0	6	0.86804663073688	0.672497051555787	566	11
2776	5	0.571487699440508	1	6	0.86804663073688	0.672497051555787	566	11
2778	5	0.501827208290239	1	6	0.86804663073688	0.672497051555787	566	11
2780	1	0.498702093084036	0	6	0.86804663073688	0.672497051555787	566	11
2781	1	0.196919645791637	0	6	0.86804663073688	0.672497051555787	566	11
2782	3	0.332257600413352	0	6	0.86804663073688	0.672497051555787	566	11
2783	2	-0.0462053288992391	0	6	0.86804663073688	0.672497051555787	566	11
2784	1	0.530310271371499	0	6	0.86804663073688	0.672497051555787	566	11
2785	1	0.36583139599431	0	6	0.86804663073688	0.672497051555787	566	11
2786	1	0.184909635006524	0	6	0.86804663073688	0.672497051555787	566	11
2787	2	-0.164630022605588	0	6	0.86804663073688	0.672497051555787	566	11
2788	3	0.18184444975897	0	6	0.86804663073688	0.672497051555787	566	11
2791	3	0.229472119700041	0	6	0.86804663073688	0.672497051555787	566	11
2796	5	0.62366236137066	1	6	0.86804663073688	0.672497051555787	566	11
2798	5	0.404766397686866	1	6	0.86804663073688	0.672497051555787	566	11
2799	4	-0.342318134893227	0	6	0.86804663073688	0.672497051555787	566	11
2800	3	0.304140221581565	0	6	0.86804663073688	0.672497051555787	566	11
2801	3	0.261446260231191	0	6	0.86804663073688	0.672497051555787	566	11
2802	3	0.179721865291862	0	6	0.86804663073688	0.672497051555787	566	11
2803	2	0.0371111775376172	0	6	0.86804663073688	0.672497051555787	566	11
2804	3	0.0993847720898082	0	6	0.86804663073688	0.672497051555787	566	11
2805	4	-0.30488608904638	0	6	0.86804663073688	0.672497051555787	566	11
2806	2	-0.260987436842282	0	6	0.86804663073688	0.672497051555787	566	11
2810	1	0.188753985609732	0	6	0.86804663073688	0.672497051555787	566	11
2811	1	0.130872807005262	0	6	0.86804663073688	0.672497051555787	566	11
2813	4	0.163323881110863	0	6	0.86804663073688	0.672497051555787	566	11
2815	0	0.223452136464413	0	6	0.86804663073688	0.672497051555787	566	11
2817	1	0.213999171897436	0	6	0.86804663073688	0.672497051555787	566	11
2819	4	-0.22671479767137	0	6	0.86804663073688	0.672497051555787	566	11
2820	2	0.0515221267786396	0	6	0.86804663073688	0.672497051555787	566	11
2821	2	-0.277326842557585	0	6	0.86804663073688	0.672497051555787	566	11
2822	3	0.169441683464721	0	6	0.86804663073688	0.672497051555787	566	11
2823	1	0.212878859295387	0	6	0.86804663073688	0.672497051555787	566	11
2824	0	0.177999223703393	0	6	0.86804663073688	0.672497051555787	566	11
2826	1	0.270615885109528	0	6	0.86804663073688	0.672497051555787	566	11
2827	2	-0.0504569867411511	0	6	0.86804663073688	0.672497051555787	566	11
2828	3	0.26408994478631	0	6	0.86804663073688	0.672497051555787	566	11
2829	1	0.346997785408669	0	6	0.86804663073688	0.672497051555787	566	11
2833	1	0.377244526640619	0	6	0.86804663073688	0.672497051555787	566	11
2838	1	0.254771328634155	0	6	0.86804663073688	0.672497051555787	566	11
2840	0	0.473486469082573	0	6	0.86804663073688	0.672497051555787	566	11
2841	5	0.655328656715817	1	6	0.86804663073688	0.672497051555787	566	11
2843	1	0.513862959966495	0	6	0.86804663073688	0.672497051555787	566	11
2845	0	0.365352958925487	0	6	0.86804663073688	0.672497051555787	566	11
2850	3	-0.00567799208018146	0	6	0.86804663073688	0.672497051555787	566	11
2852	4	-0.0590252125287627	0	6	0.86804663073688	0.672497051555787	566	11
2859	1	0.300636991178787	0	6	0.86804663073688	0.672497051555787	566	11
2861	1	0.322293685537304	0	6	0.86804663073688	0.672497051555787	566	11
2863	1	0.254116551430337	0	6	0.86804663073688	0.672497051555787	566	11
2867	8	-0.0655229776691921	0	6	0.86804663073688	0.672497051555787	566	11
2868	0	0.00648422877594836	0	6	0.86804663073688	0.672497051555787	566	11
2869	3	0.227658581798241	0	6	0.86804663073688	0.672497051555787	566	11
2870	1	0.274920528268359	0	6	0.86804663073688	0.672497051555787	566	11
2872	2	0.0270064524119516	0	6	0.86804663073688	0.672497051555787	566	11
2873	2	-0.171455674239404	0	6	0.86804663073688	0.672497051555787	566	11
2875	4	-0.0501737813807984	0	6	0.86804663073688	0.672497051555787	566	11
2877	1	0.267593817424999	0	6	0.86804663073688	0.672497051555787	566	11
2878	4	-0.490092393867488	0	6	0.86804663073688	0.672497051555787	566	11
2879	2	-0.23711754150895	0	6	0.86804663073688	0.672497051555787	566	11
2882	0	0.145227098536365	0	6	0.86804663073688	0.672497051555787	566	11
2885	2	-0.357836844098755	0	6	0.86804663073688	0.672497051555787	566	11
2886	2	-0.118342845581964	0	6	0.86804663073688	0.672497051555787	566	11
2887	0	0.241254122426002	0	6	0.86804663073688	0.672497051555787	566	11
2888	6	0.0212043884149416	0	6	0.86804663073688	0.672497051555787	566	11
2889	3	0.0865312787450976	0	6	0.86804663073688	0.672497051555787	566	11
2891	1	0.389276125645745	0	6	0.86804663073688	0.672497051555787	566	11
2892	4	-0.292691068253506	0	6	0.86804663073688	0.672497051555787	566	11
2893	0	-0.0108045627221901	0	6	0.86804663073688	0.672497051555787	566	11
2896	2	-0.111374632196868	0	6	0.86804663073688	0.672497051555787	566	11
2897	5	0.49703335069106	1	6	0.86804663073688	0.672497051555787	566	11
2898	3	0.351181845593892	0	6	0.86804663073688	0.672497051555787	566	11
2899	0	-0.0913624675589159	0	6	0.86804663073688	0.672497051555787	566	11
2900	0	0.210560254026942	0	6	0.86804663073688	0.672497051555787	566	11
2901	2	-0.010708160130081	0	6	0.86804663073688	0.672497051555787	566	11
2903	1	0.269435401296621	0	6	0.86804663073688	0.672497051555787	566	11
2904	3	0.0120658005027578	0	6	0.86804663073688	0.672497051555787	566	11
2905	3	0.208389328107904	0	6	0.86804663073688	0.672497051555787	566	11
2906	2	0.094672887042928	0	6	0.86804663073688	0.672497051555787	566	11
2907	4	-0.278113577071111	0	6	0.86804663073688	0.672497051555787	566	11
2908	3	0.255392045902445	0	6	0.86804663073688	0.672497051555787	566	11
2909	3	-0.0362552788494923	0	6	0.86804663073688	0.672497051555787	566	11
2911	0	0.103851387053267	0	6	0.86804663073688	0.672497051555787	566	11
2915	1	0.304451218578564	0	6	0.86804663073688	0.672497051555787	566	11
2916	2	0.435073176075049	0	6	0.86804663073688	0.672497051555787	566	11
2918	4	0.291562396728782	0	6	0.86804663073688	0.672497051555787	566	11
2919	1	0.15015153162245	0	6	0.86804663073688	0.672497051555787	566	11
2920	11	0.0420748465242969	0	6	0.86804663073688	0.672497051555787	566	11
2921	1	0.146795343697009	0	6	0.86804663073688	0.672497051555787	566	11
2923	2	0.0155117959316344	0	6	0.86804663073688	0.672497051555787	566	11
2926	0	-0.127143299533972	0	6	0.86804663073688	0.672497051555787	566	11
2931	2	-0.126078604156449	0	6	0.86804663073688	0.672497051555787	566	11
2932	0	0.290991692269117	0	6	0.86804663073688	0.672497051555787	566	11
2934	0	0.304830893179924	0	6	0.86804663073688	0.672497051555787	566	11
2935	1	0.129506200831354	0	6	0.86804663073688	0.672497051555787	566	11
2936	4	-0.300876047893944	0	6	0.86804663073688	0.672497051555787	566	11
2937	4	-0.405727228427503	0	6	0.86804663073688	0.672497051555787	566	11
2938	4	-0.383065804008857	0	6	0.86804663073688	0.672497051555787	566	11
2941	3	-0.0975617897967524	0	6	0.86804663073688	0.672497051555787	566	11
2947	2	-0.183182347067967	0	6	0.86804663073688	0.672497051555787	566	11
2948	4	0.0112233265822921	0	6	0.86804663073688	0.672497051555787	566	11
2949	0	0.134524450183284	0	6	0.86804663073688	0.672497051555787	566	11
2950	7	-0.154397975043668	0	6	0.86804663073688	0.672497051555787	566	11
2954	4	-0.121146390457049	0	6	0.86804663073688	0.672497051555787	566	11
2956	1	0.249062963571142	0	6	0.86804663073688	0.672497051555787	566	11
2957	3	0.0890775809917396	0	6	0.86804663073688	0.672497051555787	566	11
2958	3	-0.170141196514497	0	6	0.86804663073688	0.672497051555787	566	11
2959	2	-0.21655789121836	0	6	0.86804663073688	0.672497051555787	566	11
2960	3	0.294718809802719	0	6	0.86804663073688	0.672497051555787	566	11
2961	2	0.186516904591283	0	6	0.86804663073688	0.672497051555787	566	11
2962	2	-0.17290336379919	0	6	0.86804663073688	0.672497051555787	566	11
2963	1	0.211388348749617	0	6	0.86804663073688	0.672497051555787	566	11
2965	3	0.208515068767159	0	6	0.86804663073688	0.672497051555787	566	11
2967	2	-0.125446032905257	0	6	0.86804663073688	0.672497051555787	566	11
2968	2	0.11212982398328	0	6	0.86804663073688	0.672497051555787	566	11
2969	0	0.428546529589528	0	6	0.86804663073688	0.672497051555787	566	11
2971	1	0.157683752344345	0	6	0.86804663073688	0.672497051555787	566	11
2972	0	0.268176627372363	0	6	0.86804663073688	0.672497051555787	566	11
2975	3	0.23377193109599	0	6	0.86804663073688	0.672497051555787	566	11
2976	1	0.34973772941439	0	6	0.86804663073688	0.672497051555787	566	11
2977	1	0.458992855355375	0	6	0.86804663073688	0.672497051555787	566	11
2979	0	0.16308675101115	0	6	0.86804663073688	0.672497051555787	566	11
2982	1	0.608776247632003	0	6	0.86804663073688	0.672497051555787	566	11
2983	1	0.430592437437363	0	6	0.86804663073688	0.672497051555787	566	11
2984	3	-0.00890142054363291	0	6	0.86804663073688	0.672497051555787	566	11
2987	2	-0.294410983296406	0	6	0.86804663073688	0.672497051555787	566	11
2990	2	-0.012850152723555	0	6	0.86804663073688	0.672497051555787	566	11
2992	3	0.235503696924933	0	6	0.86804663073688	0.672497051555787	566	11
2995	1	0.36180908163243	0	6	0.86804663073688	0.672497051555787	566	11
2997	2	-0.158680041023296	0	6	0.86804663073688	0.672497051555787	566	11
2998	2	-0.0731393224002205	0	6	0.86804663073688	0.672497051555787	566	11
2999	8	-0.0186122171701674	0	6	0.86804663073688	0.672497051555787	566	11
3000	0	0.0855173085266204	0	6	0.86804663073688	0.672497051555787	566	11
3001	1	0.158836853492453	0	6	0.86804663073688	0.672497051555787	566	11
3002	8	0.083763858707045	0	6	0.86804663073688	0.672497051555787	566	11
3003	1	0.242485577734942	0	6	0.86804663073688	0.672497051555787	566	11
3004	1	0.556822012536241	0	6	0.86804663073688	0.672497051555787	566	11
3005	2	-0.0730957247538375	0	6	0.86804663073688	0.672497051555787	566	11
3006	2	-0.264938345947823	0	6	0.86804663073688	0.672497051555787	566	11
3007	1	0.0677849026592352	0	6	0.86804663073688	0.672497051555787	566	11
3008	2	-0.127336200958052	0	6	0.86804663073688	0.672497051555787	566	11
3009	1	0.169608630713524	0	6	0.86804663073688	0.672497051555787	566	11
3014	1	0.225054644369412	0	6	0.86804663073688	0.672497051555787	566	11
3015	1	0.481967831745504	0	6	0.86804663073688	0.672497051555787	566	11
3017	4	-0.268239039484841	0	6	0.86804663073688	0.672497051555787	566	11
3018	0	0.0297233979547252	0	6	0.86804663073688	0.672497051555787	566	11
3024	0	0.0874143080862199	0	6	0.86804663073688	0.672497051555787	566	11
3026	4	-0.0922785513657763	0	6	0.86804663073688	0.672497051555787	566	11
3028	2	-0.148364831854689	0	6	0.86804663073688	0.672497051555787	566	11
3029	4	-0.166755899765616	0	6	0.86804663073688	0.672497051555787	566	11
3030	2	-0.154957893547453	0	6	0.86804663073688	0.672497051555787	566	11
3032	4	-0.314891680116348	0	6	0.86804663073688	0.672497051555787	566	11
3033	4	-0.249143898577123	0	6	0.86804663073688	0.672497051555787	566	11
3034	8	-0.0561466924384869	0	6	0.86804663073688	0.672497051555787	566	11
3037	1	0.285723772520765	0	6	0.86804663073688	0.672497051555787	566	11
3043	2	-0.311802662308069	0	6	0.86804663073688	0.672497051555787	566	11
3052	2	-0.0310484189146134	0	6	0.86804663073688	0.672497051555787	566	11
3053	0	0.105560468180132	0	6	0.86804663073688	0.672497051555787	566	11
3054	2	0.0480567940293654	0	6	0.86804663073688	0.672497051555787	566	11
3055	1	0.0637129762407527	0	6	0.86804663073688	0.672497051555787	566	11
3059	1	0.403872345242819	0	6	0.86804663073688	0.672497051555787	566	11
3061	0	0.152628090280553	0	6	0.86804663073688	0.672497051555787	566	11
3062	3	0.0637503881395265	0	6	0.86804663073688	0.672497051555787	566	11
3064	0	0.422622864610347	0	6	0.86804663073688	0.672497051555787	566	11
3065	2	0.170504058278526	0	6	0.86804663073688	0.672497051555787	566	11
3066	0	0.190191115204091	0	6	0.86804663073688	0.672497051555787	566	11
3067	1	0.382039515479703	0	6	0.86804663073688	0.672497051555787	566	11
3068	2	0.0356798197831743	0	6	0.86804663073688	0.672497051555787	566	11
3069	0	0.182932219172325	0	6	0.86804663073688	0.672497051555787	566	11
3071	1	0.278185483633681	0	6	0.86804663073688	0.672497051555787	566	11
3073	2	-0.134813250073029	0	6	0.86804663073688	0.672497051555787	566	11
3074	0	-0.0161870143342727	0	6	0.86804663073688	0.672497051555787	566	11
3075	1	0.336268738146188	0	6	0.86804663073688	0.672497051555787	566	11
3077	2	0.0341797239649059	0	6	0.86804663073688	0.672497051555787	566	11
3081	4	-0.37731017286492	0	6	0.86804663073688	0.672497051555787	566	11
3082	1	0.426339989503577	0	6	0.86804663073688	0.672497051555787	566	11
3083	1	0.244010379494731	0	6	0.86804663073688	0.672497051555787	566	11
3084	4	-0.104848383118301	0	6	0.86804663073688	0.672497051555787	566	11
3087	5	0.407338817196117	1	6	0.86804663073688	0.672497051555787	566	11
3090	1	0.229754386158613	0	6	0.86804663073688	0.672497051555787	566	11
3091	1	0.395793470554975	0	6	0.86804663073688	0.672497051555787	566	11
3092	5	0.616239888674862	1	6	0.86804663073688	0.672497051555787	566	11
3093	2	0.145785958859999	0	6	0.86804663073688	0.672497051555787	566	11
3094	2	-0.104918313595941	0	6	0.86804663073688	0.672497051555787	566	11
3096	0	0.293222148713948	0	6	0.86804663073688	0.672497051555787	566	11
3097	3	0.279119231706	0	6	0.86804663073688	0.672497051555787	566	11
3098	4	0.446593470320047	0	6	0.86804663073688	0.672497051555787	566	11
3099	0	-0.0987608880238315	0	6	0.86804663073688	0.672497051555787	566	11
3101	1	0.342773253215367	0	6	0.86804663073688	0.672497051555787	566	11
3104	2	-0.112596512880064	0	6	0.86804663073688	0.672497051555787	566	11
3105	2	0.0151936758163175	0	6	0.86804663073688	0.672497051555787	566	11
3106	2	0.0105952626642122	0	6	0.86804663073688	0.672497051555787	566	11
3107	2	-0.0204082133707796	0	6	0.86804663073688	0.672497051555787	566	11
3108	1	0.350328924496013	0	6	0.86804663073688	0.672497051555787	566	11
3111	3	0.151023370728761	0	6	0.86804663073688	0.672497051555787	566	11
3115	1	0.533897335200981	0	6	0.86804663073688	0.672497051555787	566	11
3117	0	0.121044305753712	0	6	0.86804663073688	0.672497051555787	566	11
3119	1	0.339994310083327	0	6	0.86804663073688	0.672497051555787	566	11
3122	1	0.31494397829289	0	6	0.86804663073688	0.672497051555787	566	11
3123	1	0.368492755354109	0	6	0.86804663073688	0.672497051555787	566	11
3131	4	0.0767173982697711	0	6	0.86804663073688	0.672497051555787	566	11
3134	3	0.185910516330539	0	6	0.86804663073688	0.672497051555787	566	11
3140	3	0.147843063046936	0	6	0.86804663073688	0.672497051555787	566	11
3141	0	0.190689751231509	0	6	0.86804663073688	0.672497051555787	566	11
3142	11	0.12963521505156	0	6	0.86804663073688	0.672497051555787	566	11
3145	2	-0.118513322746984	0	6	0.86804663073688	0.672497051555787	566	11
3148	7	-0.0761066971303161	0	6	0.86804663073688	0.672497051555787	566	11
3149	0	0.0759405822455019	0	6	0.86804663073688	0.672497051555787	566	11
3155	4	-0.320568819395989	0	6	0.86804663073688	0.672497051555787	566	11
3156	5	0.466105089091464	1	6	0.86804663073688	0.672497051555787	566	11
3157	0	0.028501770096883	0	6	0.86804663073688	0.672497051555787	566	11
3158	4	0.094987674649993	0	6	0.86804663073688	0.672497051555787	566	11
3162	4	-0.169317503604028	0	6	0.86804663073688	0.672497051555787	566	11
3163	2	0.0950319109955537	0	6	0.86804663073688	0.672497051555787	566	11
3164	11	-0.123790854599648	0	6	0.86804663073688	0.672497051555787	566	11
3172	4	-0.353307662394609	0	6	0.86804663073688	0.672497051555787	566	11
3174	4	-0.0873925230606074	0	6	0.86804663073688	0.672497051555787	566	11
3176	4	-0.141009281129802	0	6	0.86804663073688	0.672497051555787	566	11
3177	0	-0.0795632263682809	0	6	0.86804663073688	0.672497051555787	566	11
3181	5	0.532598495009252	1	6	0.86804663073688	0.672497051555787	566	11
3182	6	0.11082865775116	0	6	0.86804663073688	0.672497051555787	566	11
3184	0	0.187547716318455	0	6	0.86804663073688	0.672497051555787	566	11
3185	1	0.140269428454672	0	6	0.86804663073688	0.672497051555787	566	11
3187	5	0.76702926760683	1	6	0.86804663073688	0.672497051555787	566	11
3189	0	0.33410312470615	0	6	0.86804663073688	0.672497051555787	566	11
3191	1	0.313711448268898	0	6	0.86804663073688	0.672497051555787	566	11
3192	0	0.380833365598695	0	6	0.86804663073688	0.672497051555787	566	11
3198	3	0.23495754175327	0	6	0.86804663073688	0.672497051555787	566	11
3199	1	0.612052594213509	0	6	0.86804663073688	0.672497051555787	566	11
3200	1	0.426605272533064	0	6	0.86804663073688	0.672497051555787	566	11
3201	2	-0.0439542082960501	0	6	0.86804663073688	0.672497051555787	566	11
3202	0	0.0575215446630387	0	6	0.86804663073688	0.672497051555787	566	11
3203	1	0.284757008616409	0	6	0.86804663073688	0.672497051555787	566	11
3204	2	-0.0615555700823058	0	6	0.86804663073688	0.672497051555787	566	11
3206	1	0.0716885683913296	0	6	0.86804663073688	0.672497051555787	566	11
3207	1	0.507211623557141	0	6	0.86804663073688	0.672497051555787	566	11
3212	2	-0.0486105869184128	0	6	0.86804663073688	0.672497051555787	566	11
3215	3	0.179286508361617	0	6	0.86804663073688	0.672497051555787	566	11
3216	1	0.446642855564685	0	6	0.86804663073688	0.672497051555787	566	11
3217	2	0.108298365296549	0	6	0.86804663073688	0.672497051555787	566	11
3218	6	0.0519231409345446	0	6	0.86804663073688	0.672497051555787	566	11
3219	6	0.239223503115222	0	6	0.86804663073688	0.672497051555787	566	11
3221	0	0.297381910574475	0	6	0.86804663073688	0.672497051555787	566	11
3222	1	0.476057133792049	0	6	0.86804663073688	0.672497051555787	566	11
3223	1	0.556522537790745	0	6	0.86804663073688	0.672497051555787	566	11
3224	1	0.299675644772549	0	6	0.86804663073688	0.672497051555787	566	11
3226	2	-0.0996519504324385	0	6	0.86804663073688	0.672497051555787	566	11
3231	3	-0.109082084051914	0	6	0.86804663073688	0.672497051555787	566	11
3235	0	-0.0101271710196957	0	6	0.86804663073688	0.672497051555787	566	11
3236	1	0.456151855075411	0	6	0.86804663073688	0.672497051555787	566	11
3237	1	0.502500959281866	0	6	0.86804663073688	0.672497051555787	566	11
3240	1	0.440401778638485	0	6	0.86804663073688	0.672497051555787	566	11
3241	2	-0.0340307611440425	0	6	0.86804663073688	0.672497051555787	566	11
3242	4	-0.472816775114308	0	6	0.86804663073688	0.672497051555787	566	11
3248	2	-0.099151308246923	0	6	0.86804663073688	0.672497051555787	566	11
3249	4	-0.397606834957271	0	6	0.86804663073688	0.672497051555787	566	11
3251	2	-0.10336793119646	0	6	0.86804663073688	0.672497051555787	566	11
3265	2	-0.0633385912733941	0	6	0.86804663073688	0.672497051555787	566	11
3267	1	0.289288499326806	0	6	0.86804663073688	0.672497051555787	566	11
3268	0	0.187916462544971	0	6	0.86804663073688	0.672497051555787	566	11
3269	1	0.43969318421964	0	6	0.86804663073688	0.672497051555787	566	11
3270	1	0.539852424258934	0	6	0.86804663073688	0.672497051555787	566	11
3273	4	0.0170316455033895	0	6	0.86804663073688	0.672497051555787	566	11
3274	1	0.142431599363496	0	6	0.86804663073688	0.672497051555787	566	11
3275	3	0.00718987698340793	0	6	0.86804663073688	0.672497051555787	566	11
3276	2	0.124262291913863	0	6	0.86804663073688	0.672497051555787	566	11
3280	11	-0.0767480610210996	0	6	0.86804663073688	0.672497051555787	566	11
3281	2	0.0472249048539789	0	6	0.86804663073688	0.672497051555787	566	11
3283	0	0.113712861712333	0	6	0.86804663073688	0.672497051555787	566	11
3284	0	0.25299942131703	0	6	0.86804663073688	0.672497051555787	566	11
3290	1	0.199107008171117	0	6	0.86804663073688	0.672497051555787	566	11
3291	9	-0.187338635661772	0	6	0.86804663073688	0.672497051555787	566	11
3293	4	0.0444160688822097	0	6	0.86804663073688	0.672497051555787	566	11
3294	2	-0.0954121954597296	0	6	0.86804663073688	0.672497051555787	566	11
3295	2	-0.0660894613699664	0	6	0.86804663073688	0.672497051555787	566	11
3297	2	-0.151579053905033	0	6	0.86804663073688	0.672497051555787	566	11
3298	3	0.196057075434053	0	6	0.86804663073688	0.672497051555787	566	11
3300	2	-0.0855082467917896	0	6	0.86804663073688	0.672497051555787	566	11
3301	0	0.073741220877464	0	6	0.86804663073688	0.672497051555787	566	11
3306	2	0.126294509870959	0	6	0.86804663073688	0.672497051555787	566	11
3308	2	0.0303691462353992	0	6	0.86804663073688	0.672497051555787	566	11
3309	2	0.00672905209981979	0	6	0.86804663073688	0.672497051555787	566	11
3310	1	0.113165814604101	0	6	0.86804663073688	0.672497051555787	566	11
3313	4	-0.335777036174588	0	6	0.86804663073688	0.672497051555787	566	11
3320	2	-0.177453277306113	0	6	0.86804663073688	0.672497051555787	566	11
3321	6	2.65738669546879e-05	0	6	0.86804663073688	0.672497051555787	566	11
3326	7	0.0364299288642481	0	6	0.86804663073688	0.672497051555787	566	11
3337	2	-0.0530881652560569	0	6	0.86804663073688	0.672497051555787	566	11
3338	2	-0.334436158177374	0	6	0.86804663073688	0.672497051555787	566	11
3339	1	0.658120321666458	0	6	0.86804663073688	0.672497051555787	566	11
3340	1	0.447526932828244	0	6	0.86804663073688	0.672497051555787	566	11
3344	3	0.0325843989541952	0	6	0.86804663073688	0.672497051555787	566	11
3351	2	-0.0812228687956006	0	6	0.86804663073688	0.672497051555787	566	11
3355	0	0.174711826219022	0	6	0.86804663073688	0.672497051555787	566	11
3357	1	0.390438069023196	0	6	0.86804663073688	0.672497051555787	566	11
3362	0	0.160598385972431	0	6	0.86804663073688	0.672497051555787	566	11
3363	1	0.310114445416993	0	6	0.86804663073688	0.672497051555787	566	11
3364	0	0.485949894834902	0	6	0.86804663073688	0.672497051555787	566	11
3371	1	0.505225048821191	0	6	0.86804663073688	0.672497051555787	566	11
3373	4	-0.0169426577357418	0	6	0.86804663073688	0.672497051555787	566	11
3376	3	0.112123262128562	0	6	0.86804663073688	0.672497051555787	566	11
3382	0	0.430502355889074	0	6	0.86804663073688	0.672497051555787	566	11
3383	0	0.161825187885036	0	6	0.86804663073688	0.672497051555787	566	11
3384	3	0.286585975969624	0	6	0.86804663073688	0.672497051555787	566	11
3385	2	-0.135226898062422	0	6	0.86804663073688	0.672497051555787	566	11
3386	3	0.0641754352265281	0	6	0.86804663073688	0.672497051555787	566	11
3394	1	0.39098118518845	0	6	0.86804663073688	0.672497051555787	566	11
3396	2	-0.230563610558533	0	6	0.86804663073688	0.672497051555787	566	11
3397	3	0.0805657941438424	0	6	0.86804663073688	0.672497051555787	566	11
3398	2	0.107008132889413	0	6	0.86804663073688	0.672497051555787	566	11
3399	3	0.118758867669555	0	6	0.86804663073688	0.672497051555787	566	11
3400	2	-0.164696543406973	0	6	0.86804663073688	0.672497051555787	566	11
3416	1	0.443091289706681	0	6	0.86804663073688	0.672497051555787	566	11
3417	4	-0.324459317855784	0	6	0.86804663073688	0.672497051555787	566	11
3418	4	-0.255561142638403	0	6	0.86804663073688	0.672497051555787	566	11
3419	3	0.176565398183041	0	6	0.86804663073688	0.672497051555787	566	11
3420	2	-0.158212039638143	0	6	0.86804663073688	0.672497051555787	566	11
3421	2	-0.232911405101872	0	6	0.86804663073688	0.672497051555787	566	11
3422	2	0.0638123206293554	0	6	0.86804663073688	0.672497051555787	566	11
3423	3	0.391149992518921	0	6	0.86804663073688	0.672497051555787	566	11
3425	2	0.208984062409532	0	6	0.86804663073688	0.672497051555787	566	11
3426	6	-0.0708381217555592	0	6	0.86804663073688	0.672497051555787	566	11
3428	1	0.524557156275951	0	6	0.86804663073688	0.672497051555787	566	11
3429	10	0.198421992628467	0	6	0.86804663073688	0.672497051555787	566	11
3430	10	0.0559565875863625	0	6	0.86804663073688	0.672497051555787	566	11
3431	10	0.364251551954664	0	6	0.86804663073688	0.672497051555787	566	11
3433	10	-0.0198962703560989	0	6	0.86804663073688	0.672497051555787	566	11
3434	10	0.251668250430252	0	6	0.86804663073688	0.672497051555787	566	11
3437	10	0.151150339583157	0	6	0.86804663073688	0.672497051555787	566	11
3454	3	0.244964015760765	0	6	0.86804663073688	0.672497051555787	566	11
3455	1	0.554205835320833	0	6	0.86804663073688	0.672497051555787	566	11
3459	1	0.477666026182632	0	6	0.86804663073688	0.672497051555787	566	11
3460	6	0.159257192044726	0	6	0.86804663073688	0.672497051555787	566	11
3475	0	0.404641058223994	0	6	0.86804663073688	0.672497051555787	566	11
3476	2	-0.37121528025592	0	6	0.86804663073688	0.672497051555787	566	11
3479	3	-0.0554634039982248	0	6	0.86804663073688	0.672497051555787	566	11
3480	3	0.00013555832887129	0	6	0.86804663073688	0.672497051555787	566	11
3482	2	0.0122947880637965	0	6	0.86804663073688	0.672497051555787	566	11
3483	2	0.122052094617322	0	6	0.86804663073688	0.672497051555787	566	11
3484	1	0.17738315040027	0	6	0.86804663073688	0.672497051555787	566	11
3485	3	-0.0694277545516665	0	6	0.86804663073688	0.672497051555787	566	11
3486	1	0.367927378506557	0	6	0.86804663073688	0.672497051555787	566	11
3487	2	-0.195334593748744	0	6	0.86804663073688	0.672497051555787	566	11
3488	3	0.21070247784069	0	6	0.86804663073688	0.672497051555787	566	11
3489	1	0.487435969094722	0	6	0.86804663073688	0.672497051555787	566	11
3490	6	0.285089235865296	0	6	0.86804663073688	0.672497051555787	566	11
3491	11	-0.110431780092655	0	6	0.86804663073688	0.672497051555787	566	11
3508	2	0.0276045911023892	0	6	0.86804663073688	0.672497051555787	566	11
3512	1	0.336200964078736	0	6	0.86804663073688	0.672497051555787	566	11
3516	1	0.466310496128723	0	6	0.86804663073688	0.672497051555787	566	11
3547	0	0.247807839806795	0	6	0.86804663073688	0.672497051555787	566	11
3549	0	0.0619902006641433	0	6	0.86804663073688	0.672497051555787	566	11
3551	5	0.616564636131297	1	6	0.86804663073688	0.672497051555787	566	11
3553	8	-0.0891258944474444	0	6	0.86804663073688	0.672497051555787	566	11
3554	1	0.173449977502998	0	6	0.86804663073688	0.672497051555787	566	11
3556	3	0.135656633849372	0	6	0.86804663073688	0.672497051555787	566	11
3557	0	-0.101858875130077	0	6	0.86804663073688	0.672497051555787	566	11
3559	1	0.297009982504517	0	6	0.86804663073688	0.672497051555787	566	11
3560	1	0.333408471108671	0	6	0.86804663073688	0.672497051555787	566	11
3561	1	0.0943570925712024	0	6	0.86804663073688	0.672497051555787	566	11
3566	3	0.165008090287366	0	6	0.86804663073688	0.672497051555787	566	11
3568	2	-0.00374899555269956	0	6	0.86804663073688	0.672497051555787	566	11
3569	0	-0.0739503034541386	0	6	0.86804663073688	0.672497051555787	566	11
3570	0	-0.122623710245004	0	6	0.86804663073688	0.672497051555787	566	11
3572	3	0.374227647663962	0	6	0.86804663073688	0.672497051555787	566	11
3574	1	0.350507636573771	0	6	0.86804663073688	0.672497051555787	566	11
3575	1	0.211130053564491	0	6	0.86804663073688	0.672497051555787	566	11
3576	1	0.000857936366172439	0	6	0.86804663073688	0.672497051555787	566	11
3577	8	-0.207231707747785	0	6	0.86804663073688	0.672497051555787	566	11
3579	8	-0.187551184257387	0	6	0.86804663073688	0.672497051555787	566	11
3587	1	0.431627821889639	0	6	0.86804663073688	0.672497051555787	566	11
3588	0	0.160893793542973	0	6	0.86804663073688	0.672497051555787	566	11
3589	1	0.2535130592672	0	6	0.86804663073688	0.672497051555787	566	11
3590	5	0.473820037269785	1	6	0.86804663073688	0.672497051555787	566	11
3594	1	0.3416188479111	0	6	0.86804663073688	0.672497051555787	566	11
3595	1	0.207048493729722	0	6	0.86804663073688	0.672497051555787	566	11
3597	0	0.0487578620741771	0	6	0.86804663073688	0.672497051555787	566	11
3598	0	0.246673308758808	0	6	0.86804663073688	0.672497051555787	566	11
3600	1	0.430587011537835	0	6	0.86804663073688	0.672497051555787	566	11
3601	3	-0.00332431806950673	0	6	0.86804663073688	0.672497051555787	566	11
3603	1	0.38166745009368	0	6	0.86804663073688	0.672497051555787	566	11
3604	1	0.0808501687364105	0	6	0.86804663073688	0.672497051555787	566	11
3606	1	0.342941873315817	0	6	0.86804663073688	0.672497051555787	566	11
3607	3	0.161935648924548	0	6	0.86804663073688	0.672497051555787	566	11
3608	7	0.210269854847507	0	6	0.86804663073688	0.672497051555787	566	11
3609	7	0.00380620494232357	0	6	0.86804663073688	0.672497051555787	566	11
3611	1	0.302064400512089	0	6	0.86804663073688	0.672497051555787	566	11
3612	3	0.311115840267242	0	6	0.86804663073688	0.672497051555787	566	11
3613	4	-0.276880854913257	0	6	0.86804663073688	0.672497051555787	566	11
3614	3	0.12723680634825	0	6	0.86804663073688	0.672497051555787	566	11
3615	1	0.0196274197565892	0	6	0.86804663073688	0.672497051555787	566	11
3617	0	0.139877568365091	0	6	0.86804663073688	0.672497051555787	566	11
3619	1	0.288992467504501	0	6	0.86804663073688	0.672497051555787	566	11
3620	3	0.206086574063264	0	6	0.86804663073688	0.672497051555787	566	11
3621	2	0.0216990715247036	0	6	0.86804663073688	0.672497051555787	566	11
3622	2	0.1042509162633	0	6	0.86804663073688	0.672497051555787	566	11
3624	1	0.412593511417264	0	6	0.86804663073688	0.672497051555787	566	11
3625	1	0.251473811522595	0	6	0.86804663073688	0.672497051555787	566	11
3627	0	0.272538477156324	0	6	0.86804663073688	0.672497051555787	566	11
3628	5	0.468381027470548	1	6	0.86804663073688	0.672497051555787	566	11
3631	1	0.434436778008353	0	6	0.86804663073688	0.672497051555787	566	11
3632	3	0.21728394285206	0	6	0.86804663073688	0.672497051555787	566	11
3633	5	0.584615420218086	1	6	0.86804663073688	0.672497051555787	566	11
3635	1	0.571153669377813	0	6	0.86804663073688	0.672497051555787	566	11
3636	2	-0.047075009865434	0	6	0.86804663073688	0.672497051555787	566	11
3638	3	0.00348059925118378	0	6	0.86804663073688	0.672497051555787	566	11
3643	4	-0.297156225401669	0	6	0.86804663073688	0.672497051555787	566	11
3645	9	0.101999726121044	0	6	0.86804663073688	0.672497051555787	566	11
3646	6	0.343488555124312	0	6	0.86804663073688	0.672497051555787	566	11
3652	3	-0.0276472059566896	0	6	0.86804663073688	0.672497051555787	566	11
3655	0	0.208182208256412	0	6	0.86804663073688	0.672497051555787	566	11
3658	1	0.438598373512038	0	6	0.86804663073688	0.672497051555787	566	11
3659	3	0.411346138225049	0	6	0.86804663073688	0.672497051555787	566	11
3660	2	0.270047317501897	0	6	0.86804663073688	0.672497051555787	566	11
3661	1	0.410466366403836	0	6	0.86804663073688	0.672497051555787	566	11
3662	1	0.279132151221611	0	6	0.86804663073688	0.672497051555787	566	11
3663	1	0.276692110976522	0	6	0.86804663073688	0.672497051555787	566	11
3664	6	-0.0583779569132128	0	6	0.86804663073688	0.672497051555787	566	11
3665	1	0.351629410531336	0	6	0.86804663073688	0.672497051555787	566	11
3667	1	0.147933566887265	0	6	0.86804663073688	0.672497051555787	566	11
3669	1	0.506655195364397	0	6	0.86804663073688	0.672497051555787	566	11
3671	1	0.578533439422077	0	6	0.86804663073688	0.672497051555787	566	11
3673	1	0.37308997591504	0	6	0.86804663073688	0.672497051555787	566	11
3674	0	0.297829586273916	0	6	0.86804663073688	0.672497051555787	566	11
3675	3	-0.0763487355335393	0	6	0.86804663073688	0.672497051555787	566	11
3676	1	0.358375031854227	0	6	0.86804663073688	0.672497051555787	566	11
3678	5	0.741996423489499	1	6	0.86804663073688	0.672497051555787	566	11
3679	1	0.365074205399261	0	6	0.86804663073688	0.672497051555787	566	11
3680	1	0.540292288951684	0	6	0.86804663073688	0.672497051555787	566	11
3682	0	0.0868163818444449	0	6	0.86804663073688	0.672497051555787	566	11
3683	1	0.304079372797565	0	6	0.86804663073688	0.672497051555787	566	11
3684	1	0.290294445762598	0	6	0.86804663073688	0.672497051555787	566	11
3685	3	0.201829330132808	0	6	0.86804663073688	0.672497051555787	566	11
3687	1	0.339241139915785	0	6	0.86804663073688	0.672497051555787	566	11
3689	1	0.212036449982792	0	6	0.86804663073688	0.672497051555787	566	11
3690	0	0.193656336590874	0	6	0.86804663073688	0.672497051555787	566	11
3691	1	0.366520096624722	0	6	0.86804663073688	0.672497051555787	566	11
3692	2	-0.246910493009821	0	6	0.86804663073688	0.672497051555787	566	11
3693	3	-0.0525383063062486	0	6	0.86804663073688	0.672497051555787	566	11
3695	1	0.034725049586788	0	6	0.86804663073688	0.672497051555787	566	11
3696	3	0.246360563840997	0	6	0.86804663073688	0.672497051555787	566	11
3698	1	0.400666214305166	0	6	0.86804663073688	0.672497051555787	566	11
3699	1	0.441705565055907	0	6	0.86804663073688	0.672497051555787	566	11
3700	1	0.284720401188239	0	6	0.86804663073688	0.672497051555787	566	11
3702	1	0.321505516883336	0	6	0.86804663073688	0.672497051555787	566	11
3703	2	0.165947883290995	0	6	0.86804663073688	0.672497051555787	566	11
3704	7	0.0507471682903643	0	6	0.86804663073688	0.672497051555787	566	11
3705	2	-0.0302221279785306	0	6	0.86804663073688	0.672497051555787	566	11
3707	1	0.684106161045113	0	6	0.86804663073688	0.672497051555787	566	11
3708	1	0.511620701284317	0	6	0.86804663073688	0.672497051555787	566	11
3709	6	0.304221233653215	0	6	0.86804663073688	0.672497051555787	566	11
3710	1	0.547463262438206	0	6	0.86804663073688	0.672497051555787	566	11
3712	4	-0.248016919739015	0	6	0.86804663073688	0.672497051555787	566	11
3714	5	0.543275755023545	1	6	0.86804663073688	0.672497051555787	566	11
3716	1	0.32140690113904	0	6	0.86804663073688	0.672497051555787	566	11
3717	3	0.0559275145413957	0	6	0.86804663073688	0.672497051555787	566	11
3718	1	0.397041439713856	0	6	0.86804663073688	0.672497051555787	566	11
3720	3	0.167769038299897	0	6	0.86804663073688	0.672497051555787	566	11
3725	11	-0.185990656964687	0	6	0.86804663073688	0.672497051555787	566	11
3726	11	-0.240175518807594	0	6	0.86804663073688	0.672497051555787	566	11
3727	2	-0.124971004675684	0	6	0.86804663073688	0.672497051555787	566	11
3728	2	-0.152141147013017	0	6	0.86804663073688	0.672497051555787	566	11
3730	1	0.169884200306662	0	6	0.86804663073688	0.672497051555787	566	11
3732	1	0.238344687271936	0	6	0.86804663073688	0.672497051555787	566	11
3735	2	-0.181018009814	0	6	0.86804663073688	0.672497051555787	566	11
3737	1	0.332764055988185	0	6	0.86804663073688	0.672497051555787	566	11
3741	1	0.0921814540508654	0	6	0.86804663073688	0.672497051555787	566	11
3745	3	0.0857269561294663	0	6	0.86804663073688	0.672497051555787	566	11
3748	2	0.16980399266173	0	6	0.86804663073688	0.672497051555787	566	11
3749	3	0.175858699408322	0	6	0.86804663073688	0.672497051555787	566	11
3750	1	0.405518009402732	0	6	0.86804663073688	0.672497051555787	566	11
3752	3	0.0452828819858993	0	6	0.86804663073688	0.672497051555787	566	11
3754	0	0.0757390734130214	0	6	0.86804663073688	0.672497051555787	566	11
3756	1	0.324212104640563	0	6	0.86804663073688	0.672497051555787	566	11
3757	2	0.119662684989869	0	6	0.86804663073688	0.672497051555787	566	11
3758	9	0.00859402357982391	0	6	0.86804663073688	0.672497051555787	566	11
3759	1	0.306425296088077	0	6	0.86804663073688	0.672497051555787	566	11
3760	4	-0.17864202389575	0	6	0.86804663073688	0.672497051555787	566	11
3762	2	0.40270388321975	0	6	0.86804663073688	0.672497051555787	566	11
3764	1	0.425803474577952	0	6	0.86804663073688	0.672497051555787	566	11
3766	9	0.0128382502841812	0	6	0.86804663073688	0.672497051555787	566	11
3769	5	0.471752825145428	1	6	0.86804663073688	0.672497051555787	566	11
3770	5	0.61513789209856	1	6	0.86804663073688	0.672497051555787	566	11
3772	4	-0.178316280733408	0	6	0.86804663073688	0.672497051555787	566	11
3773	6	0.0891530796915256	0	6	0.86804663073688	0.672497051555787	566	11
3775	1	0.159501677146604	0	6	0.86804663073688	0.672497051555787	566	11
3776	1	0.186145932480355	0	6	0.86804663073688	0.672497051555787	566	11
3777	5	0.537853079797672	1	6	0.86804663073688	0.672497051555787	566	11
3778	1	0.331963194326124	0	6	0.86804663073688	0.672497051555787	566	11
3779	1	0.330568029604111	0	6	0.86804663073688	0.672497051555787	566	11
3781	0	0.302801952144033	0	6	0.86804663073688	0.672497051555787	566	11
3782	1	0.497773579830268	0	6	0.86804663073688	0.672497051555787	566	11
3783	1	0.411223923195622	0	6	0.86804663073688	0.672497051555787	566	11
3784	2	0.100266853920353	0	6	0.86804663073688	0.672497051555787	566	11
3785	1	0.329769422967742	0	6	0.86804663073688	0.672497051555787	566	11
3786	1	0.312474148783409	0	6	0.86804663073688	0.672497051555787	566	11
3787	1	0.308815777157872	0	6	0.86804663073688	0.672497051555787	566	11
3790	1	0.101606348444404	0	6	0.86804663073688	0.672497051555787	566	11
3791	3	0.0585865605575326	0	6	0.86804663073688	0.672497051555787	566	11
3792	0	0.197163777707936	0	6	0.86804663073688	0.672497051555787	566	11
3795	4	-0.352313544535902	0	6	0.86804663073688	0.672497051555787	566	11
3796	3	0.0213375985005799	0	6	0.86804663073688	0.672497051555787	566	11
3797	1	0.39174096024541	0	6	0.86804663073688	0.672497051555787	566	11
3798	1	0.29304669452845	0	6	0.86804663073688	0.672497051555787	566	11
3799	3	0.281753028513892	0	6	0.86804663073688	0.672497051555787	566	11
3800	1	0.371313610676616	0	6	0.86804663073688	0.672497051555787	566	11
3801	0	0.293270528448531	0	6	0.86804663073688	0.672497051555787	566	11
3815	6	0.156637052452433	0	6	0.86804663073688	0.672497051555787	566	11
3816	9	-0.0660500196203996	0	6	0.86804663073688	0.672497051555787	566	11
3818	0	0.144055958967413	0	6	0.86804663073688	0.672497051555787	566	11
3820	1	0.0150472479189122	0	6	0.86804663073688	0.672497051555787	566	11
3824	8	0.0044148936192213	0	6	0.86804663073688	0.672497051555787	566	11
3827	4	-0.170043349135153	0	6	0.86804663073688	0.672497051555787	566	11
3831	5	0.69913531559648	1	6	0.86804663073688	0.672497051555787	566	11
3832	1	0.439821834402172	0	6	0.86804663073688	0.672497051555787	566	11
3835	2	-0.121987178105749	0	6	0.86804663073688	0.672497051555787	566	11
3836	5	0.575073671058324	1	6	0.86804663073688	0.672497051555787	566	11
3837	3	0.081998405359157	0	6	0.86804663073688	0.672497051555787	566	11
3838	1	0.460499182075336	0	6	0.86804663073688	0.672497051555787	566	11
3839	0	-0.136509052435239	0	6	0.86804663073688	0.672497051555787	566	11
3840	3	0.149854132282711	0	6	0.86804663073688	0.672497051555787	566	11
3841	2	0.063268567620024	0	6	0.86804663073688	0.672497051555787	566	11
3842	3	0.137910083243157	0	6	0.86804663073688	0.672497051555787	566	11
3843	1	0.0831133182655906	0	6	0.86804663073688	0.672497051555787	566	11
3845	0	0.370831670433335	0	6	0.86804663073688	0.672497051555787	566	11
3855	6	0.288143158223906	0	6	0.86804663073688	0.672497051555787	566	11
3858	0	0.161982746295656	0	6	0.86804663073688	0.672497051555787	566	11
3880	1	0.215068208901645	0	6	0.86804663073688	0.672497051555787	566	11
3895	2	0.0849993239490024	0	6	0.86804663073688	0.672497051555787	566	11
3897	1	0.380119555606652	0	6	0.86804663073688	0.672497051555787	566	11
3898	2	0.0194344198991123	0	6	0.86804663073688	0.672497051555787	566	11
3899	1	0.474837088510542	0	6	0.86804663073688	0.672497051555787	566	11
3902	1	0.199931448969642	0	6	0.86804663073688	0.672497051555787	566	11
3903	1	0.423191155879631	0	6	0.86804663073688	0.672497051555787	566	11
3908	1	0.420831751886158	0	6	0.86804663073688	0.672497051555787	566	11
3909	1	0.194193059664783	0	6	0.86804663073688	0.672497051555787	566	11
3910	1	0.544953692085421	0	6	0.86804663073688	0.672497051555787	566	11
3912	6	0.182639078800238	0	6	0.86804663073688	0.672497051555787	566	11
3913	3	0.0127791069967928	0	6	0.86804663073688	0.672497051555787	566	11
3915	1	0.495018826366187	0	6	0.86804663073688	0.672497051555787	566	11
3916	2	-0.208003248114905	0	6	0.86804663073688	0.672497051555787	566	11
3918	1	0.39520952367338	0	6	0.86804663073688	0.672497051555787	566	11
3920	4	-0.346115200457236	0	6	0.86804663073688	0.672497051555787	566	11
3927	7	0.0521274262376861	0	6	0.86804663073688	0.672497051555787	566	11
3929	2	-0.0490450384999307	0	6	0.86804663073688	0.672497051555787	566	11
3930	1	0.460290937360755	0	6	0.86804663073688	0.672497051555787	566	11
3932	1	0.254089040397984	0	6	0.86804663073688	0.672497051555787	566	11
3934	1	-0.0341404017585453	0	6	0.86804663073688	0.672497051555787	566	11
3936	1	0.310222546924985	0	6	0.86804663073688	0.672497051555787	566	11
3937	1	0.491156111860973	0	6	0.86804663073688	0.672497051555787	566	11
3945	4	-0.303861834162285	0	6	0.86804663073688	0.672497051555787	566	11
3949	0	0.162368932762976	0	6	0.86804663073688	0.672497051555787	566	11
3952	0	0.171570498383193	0	6	0.86804663073688	0.672497051555787	566	11
3954	0	0.0924929158218658	0	6	0.86804663073688	0.672497051555787	566	11
3956	1	0.380212691550193	0	6	0.86804663073688	0.672497051555787	566	11
3957	4	-0.31965920558756	0	6	0.86804663073688	0.672497051555787	566	11
3958	6	0.212915659240191	0	6	0.86804663073688	0.672497051555787	566	11
3959	2	-0.0849574674441229	0	6	0.86804663073688	0.672497051555787	566	11
3960	1	0.271258715645949	0	6	0.86804663073688	0.672497051555787	566	11
3964	3	0.130262451772528	0	6	0.86804663073688	0.672497051555787	566	11
3973	0	0.0979603211800657	0	6	0.86804663073688	0.672497051555787	566	11
3975	0	0.0537944282619697	0	6	0.86804663073688	0.672497051555787	566	11
3976	1	0.358589605658706	0	6	0.86804663073688	0.672497051555787	566	11
3977	3	0.296486711793231	0	6	0.86804663073688	0.672497051555787	566	11
3978	1	0.295304207059351	0	6	0.86804663073688	0.672497051555787	566	11
3980	0	0.0140541783004356	0	6	0.86804663073688	0.672497051555787	566	11
3981	3	0.107888622437292	0	6	0.86804663073688	0.672497051555787	566	11
3983	1	0.332475232714044	0	6	0.86804663073688	0.672497051555787	566	11
3984	1	0.25467196979273	0	6	0.86804663073688	0.672497051555787	566	11
3990	1	0.0791847121470749	0	6	0.86804663073688	0.672497051555787	566	11
3991	2	-0.0302520795706476	0	6	0.86804663073688	0.672497051555787	566	11
3993	4	-0.106840524441514	0	6	0.86804663073688	0.672497051555787	566	11
3995	0	-0.031504628099662	0	6	0.86804663073688	0.672497051555787	566	11
3996	2	0.0645257880724894	0	6	0.86804663073688	0.672497051555787	566	11
3998	2	0.0904578681463782	0	6	0.86804663073688	0.672497051555787	566	11
4000	1	0.408778757499186	0	6	0.86804663073688	0.672497051555787	566	11
4001	1	0.264618238870138	0	6	0.86804663073688	0.672497051555787	566	11
4004	2	0.101547287193069	0	6	0.86804663073688	0.672497051555787	566	11
4005	3	0.0750875446362532	0	6	0.86804663073688	0.672497051555787	566	11
4007	1	0.306319503898745	0	6	0.86804663073688	0.672497051555787	566	11
4008	3	0.167807190243005	0	6	0.86804663073688	0.672497051555787	566	11
4010	3	-0.081965483161699	0	6	0.86804663073688	0.672497051555787	566	11
4012	3	0.236813882772501	0	6	0.86804663073688	0.672497051555787	566	11
4013	7	-0.0142181248326767	0	6	0.86804663073688	0.672497051555787	566	11
4015	3	-0.166477233868017	0	6	0.86804663073688	0.672497051555787	566	11
4016	1	0.274476847322759	0	6	0.86804663073688	0.672497051555787	566	11
4017	1	0.445585607542676	0	6	0.86804663073688	0.672497051555787	566	11
4018	4	0.14845391375466	0	6	0.86804663073688	0.672497051555787	566	11
4023	2	-0.0956614370930119	0	6	0.86804663073688	0.672497051555787	566	11
4026	1	0.64036970833523	0	6	0.86804663073688	0.672497051555787	566	11
4033	1	0.0172923950485909	0	6	0.86804663073688	0.672497051555787	566	11
4034	2	0.0264964987512577	0	6	0.86804663073688	0.672497051555787	566	11
4035	1	0.478833520195985	0	6	0.86804663073688	0.672497051555787	566	11
4036	4	-0.231740899903643	0	6	0.86804663073688	0.672497051555787	566	11
4037	0	0.285918055051339	0	6	0.86804663073688	0.672497051555787	566	11
4038	1	0.130826608095164	0	6	0.86804663073688	0.672497051555787	566	11
4040	3	0.405299191969186	0	6	0.86804663073688	0.672497051555787	566	11
4041	4	0.0696345913044479	0	6	0.86804663073688	0.672497051555787	566	11
4043	2	-0.250769273090128	0	6	0.86804663073688	0.672497051555787	566	11
4045	1	0.329297370239393	0	6	0.86804663073688	0.672497051555787	566	11
4046	1	0.321154848371882	0	6	0.86804663073688	0.672497051555787	566	11
4047	0	0.182709789199584	0	6	0.86804663073688	0.672497051555787	566	11
4052	1	0.625131671853495	0	6	0.86804663073688	0.672497051555787	566	11
4053	1	0.340254201770431	0	6	0.86804663073688	0.672497051555787	566	11
4054	1	0.264517574474724	0	6	0.86804663073688	0.672497051555787	566	11
4055	2	-0.134158824682405	0	6	0.86804663073688	0.672497051555787	566	11
4056	2	-0.00886642968777125	0	6	0.86804663073688	0.672497051555787	566	11
4057	1	0.264503980374701	0	6	0.86804663073688	0.672497051555787	566	11
4058	3	0.0120232529856922	0	6	0.86804663073688	0.672497051555787	566	11
4059	3	-0.0152394928836323	0	6	0.86804663073688	0.672497051555787	566	11
4060	1	0.43236671511325	0	6	0.86804663073688	0.672497051555787	566	11
4061	10	0.0352980972598742	0	6	0.86804663073688	0.672497051555787	566	11
4063	1	0.265127563120328	0	6	0.86804663073688	0.672497051555787	566	11
4064	1	0.320132394524973	0	6	0.86804663073688	0.672497051555787	566	11
4066	0	0.248236070195011	0	6	0.86804663073688	0.672497051555787	566	11
4067	1	0.231502381856615	0	6	0.86804663073688	0.672497051555787	566	11
4068	1	0.215377079908548	0	6	0.86804663073688	0.672497051555787	566	11
4069	1	0.175848305080472	0	6	0.86804663073688	0.672497051555787	566	11
4070	1	0.122224281998689	0	6	0.86804663073688	0.672497051555787	566	11
4071	5	0.494412200727647	1	6	0.86804663073688	0.672497051555787	566	11
4072	6	-0.0992139532004703	0	6	0.86804663073688	0.672497051555787	566	11
4074	7	0.113438119388941	0	6	0.86804663073688	0.672497051555787	566	11
4076	2	-0.0305106293551902	0	6	0.86804663073688	0.672497051555787	566	11
4077	4	-0.239938109665801	0	6	0.86804663073688	0.672497051555787	566	11
4082	1	0.474273253078151	0	6	0.86804663073688	0.672497051555787	566	11
4084	8	-0.10366431040717	0	6	0.86804663073688	0.672497051555787	566	11
4086	1	0.609589352045449	0	6	0.86804663073688	0.672497051555787	566	11
4087	3	0.297034882500654	0	6	0.86804663073688	0.672497051555787	566	11
4088	1	0.170282753932536	0	6	0.86804663073688	0.672497051555787	566	11
4089	3	0.257891177307833	0	6	0.86804663073688	0.672497051555787	566	11
4090	3	0.137517872167126	0	6	0.86804663073688	0.672497051555787	566	11
4091	3	0.429216344780344	0	6	0.86804663073688	0.672497051555787	566	11
4092	3	0.284809370874173	0	6	0.86804663073688	0.672497051555787	566	11
4093	3	0.324340140870579	0	6	0.86804663073688	0.672497051555787	566	11
4094	4	-0.082031370578455	0	6	0.86804663073688	0.672497051555787	566	11
4097	2	0.0241236983708642	0	6	0.86804663073688	0.672497051555787	566	11
4117	5	0.674276960462329	1	6	0.86804663073688	0.672497051555787	566	11
4118	6	0.0889830061559429	0	6	0.86804663073688	0.672497051555787	566	11
4121	4	-0.149299681588359	0	6	0.86804663073688	0.672497051555787	566	11
4122	3	-0.0836726547994703	0	6	0.86804663073688	0.672497051555787	566	11
4123	2	0.00558420729149596	0	6	0.86804663073688	0.672497051555787	566	11
4124	1	0.210074303395848	0	6	0.86804663073688	0.672497051555787	566	11
4125	1	0.434577176450635	0	6	0.86804663073688	0.672497051555787	566	11
4126	2	-0.192301116489706	0	6	0.86804663073688	0.672497051555787	566	11
4128	4	-0.411555703433847	0	6	0.86804663073688	0.672497051555787	566	11
4129	4	-0.388747597025335	0	6	0.86804663073688	0.672497051555787	566	11
4130	3	0.000889347943212149	0	6	0.86804663073688	0.672497051555787	566	11
4131	3	0.414646722894532	0	6	0.86804663073688	0.672497051555787	566	11
4133	0	0.320465218334968	0	6	0.86804663073688	0.672497051555787	566	11
4134	3	0.194082800740934	0	6	0.86804663073688	0.672497051555787	566	11
4137	4	-0.280670071376335	0	6	0.86804663073688	0.672497051555787	566	11
4139	3	0.180124816330473	0	6	0.86804663073688	0.672497051555787	566	11
4140	5	0.745154907291837	1	6	0.86804663073688	0.672497051555787	566	11
4144	4	-0.0485553249198214	0	6	0.86804663073688	0.672497051555787	566	11
4145	3	0.124879279208721	0	6	0.86804663073688	0.672497051555787	566	11
4148	3	0.0644250489478271	0	6	0.86804663073688	0.672497051555787	566	11
4149	0	0.393839075247214	0	6	0.86804663073688	0.672497051555787	566	11
4150	0	0.02416396118242	0	6	0.86804663073688	0.672497051555787	566	11
4151	1	0.406219538532591	0	6	0.86804663073688	0.672497051555787	566	11
4152	2	-0.0541190460544194	0	6	0.86804663073688	0.672497051555787	566	11
4154	1	0.741976807377252	0	6	0.86804663073688	0.672497051555787	566	11
4155	1	0.12907847876	0	6	0.86804663073688	0.672497051555787	566	11
4162	1	0.583466434053706	0	6	0.86804663073688	0.672497051555787	566	11
4163	3	0.0787113225741897	0	6	0.86804663073688	0.672497051555787	566	11
4168	0	0.454636410654445	0	6	0.86804663073688	0.672497051555787	566	11
4170	2	-0.049551844956193	0	6	0.86804663073688	0.672497051555787	566	11
4171	1	0.293410121131315	0	6	0.86804663073688	0.672497051555787	566	11
4172	1	0.177842815234872	0	6	0.86804663073688	0.672497051555787	566	11
4173	7	0.0973319684349184	0	6	0.86804663073688	0.672497051555787	566	11
4174	1	0.119825353797875	0	6	0.86804663073688	0.672497051555787	566	11
4175	3	0.011661423988137	0	6	0.86804663073688	0.672497051555787	566	11
4176	1	0.43659756330313	0	6	0.86804663073688	0.672497051555787	566	11
4179	3	0.245666992778592	0	6	0.86804663073688	0.672497051555787	566	11
4185	0	0.251111559006271	0	6	0.86804663073688	0.672497051555787	566	11
4188	1	0.426068364734033	0	6	0.86804663073688	0.672497051555787	566	11
4189	3	-0.0895845917897994	0	6	0.86804663073688	0.672497051555787	566	11
4190	4	-0.225982406681799	0	6	0.86804663073688	0.672497051555787	566	11
4191	2	-0.392247779602016	0	6	0.86804663073688	0.672497051555787	566	11
4192	1	0.461640513667762	0	6	0.86804663073688	0.672497051555787	566	11
4193	1	0.321867892511702	0	6	0.86804663073688	0.672497051555787	566	11
4194	5	0.742068701850485	1	6	0.86804663073688	0.672497051555787	566	11
4199	3	-0.014201819673299	0	6	0.86804663073688	0.672497051555787	566	11
4200	1	0.285892563184221	0	6	0.86804663073688	0.672497051555787	566	11
4201	2	-0.118795167336728	0	6	0.86804663073688	0.672497051555787	566	11
4204	3	0.419101611379549	0	6	0.86804663073688	0.672497051555787	566	11
4205	5	0.807927053236646	1	6	0.86804663073688	0.672497051555787	566	11
4208	5	0.665123071729594	1	6	0.86804663073688	0.672497051555787	566	11
4209	3	0.298274426830388	0	6	0.86804663073688	0.672497051555787	566	11
4210	0	-0.145583604140789	0	6	0.86804663073688	0.672497051555787	566	11
4211	1	0.553273406064572	0	6	0.86804663073688	0.672497051555787	566	11
4212	5	0.417057613541922	1	6	0.86804663073688	0.672497051555787	566	11
4214	1	0.400014584036111	0	6	0.86804663073688	0.672497051555787	566	11
4215	3	0.184810341398083	0	6	0.86804663073688	0.672497051555787	566	11
4216	3	0.460853203011422	0	6	0.86804663073688	0.672497051555787	566	11
4217	1	0.197239742444709	0	6	0.86804663073688	0.672497051555787	566	11
4218	2	0.0519584608629253	0	6	0.86804663073688	0.672497051555787	566	11
4221	1	0.376626019361574	0	6	0.86804663073688	0.672497051555787	566	11
4222	1	0.333089643884425	0	6	0.86804663073688	0.672497051555787	566	11
4225	2	0.430534955988793	0	6	0.86804663073688	0.672497051555787	566	11
4232	1	0.572366282842955	0	6	0.86804663073688	0.672497051555787	566	11
4233	6	0.26749387351361	0	6	0.86804663073688	0.672497051555787	566	11
4234	4	-0.215595485279391	0	6	0.86804663073688	0.672497051555787	566	11
4236	0	0.145743017413422	0	6	0.86804663073688	0.672497051555787	566	11
4237	1	0.36943715508142	0	6	0.86804663073688	0.672497051555787	566	11
4238	3	0.0483073339421229	0	6	0.86804663073688	0.672497051555787	566	11
4239	1	0.458056362421605	0	6	0.86804663073688	0.672497051555787	566	11
4240	1	0.4942174394766	0	6	0.86804663073688	0.672497051555787	566	11
4241	1	0.339735880348508	0	6	0.86804663073688	0.672497051555787	566	11
4242	5	0.465462892247123	1	6	0.86804663073688	0.672497051555787	566	11
4245	1	0.307956472921715	0	6	0.86804663073688	0.672497051555787	566	11
4247	2	-0.0270202198842269	0	6	0.86804663073688	0.672497051555787	566	11
4248	1	0.49767181539151	0	6	0.86804663073688	0.672497051555787	566	11
4249	3	0.104155310740087	0	6	0.86804663073688	0.672497051555787	566	11
4253	4	-0.208354697506563	0	6	0.86804663073688	0.672497051555787	566	11
4254	1	0.393049231773326	0	6	0.86804663073688	0.672497051555787	566	11
4255	2	-0.323925517161634	0	6	0.86804663073688	0.672497051555787	566	11
4256	1	0.229625155428584	0	6	0.86804663073688	0.672497051555787	566	11
4258	2	0.0183112845146747	0	6	0.86804663073688	0.672497051555787	566	11
4261	5	0.701758669452782	1	6	0.86804663073688	0.672497051555787	566	11
4281	1	0.39817752133549	0	6	0.86804663073688	0.672497051555787	566	11
4283	3	0.182024988959703	0	6	0.86804663073688	0.672497051555787	566	11
4285	4	-0.287096608067411	0	6	0.86804663073688	0.672497051555787	566	11
4286	6	0.110626863923611	0	6	0.86804663073688	0.672497051555787	566	11
4287	5	0.493751221463266	1	6	0.86804663073688	0.672497051555787	566	11
4288	1	0.431639557986771	0	6	0.86804663073688	0.672497051555787	566	11
4289	5	0.651834653449062	1	6	0.86804663073688	0.672497051555787	566	11
4291	2	-0.276140149966894	0	6	0.86804663073688	0.672497051555787	566	11
4292	0	0.166252965190981	0	6	0.86804663073688	0.672497051555787	566	11
4293	1	0.303253263613457	0	6	0.86804663073688	0.672497051555787	566	11
4294	2	0.0839523896262693	0	6	0.86804663073688	0.672497051555787	566	11
4296	5	0.451457830404539	1	6	0.86804663073688	0.672497051555787	566	11
4297	5	0.603408746183288	1	6	0.86804663073688	0.672497051555787	566	11
4298	2	0.0477847980819364	0	6	0.86804663073688	0.672497051555787	566	11
4299	2	-0.0834824298119377	0	6	0.86804663073688	0.672497051555787	566	11
4300	3	0.242316156961173	0	6	0.86804663073688	0.672497051555787	566	11
4301	5	0.509205025007646	1	6	0.86804663073688	0.672497051555787	566	11
4303	3	0.0448038643284913	0	6	0.86804663073688	0.672497051555787	566	11
4306	3	0.0632090120137056	0	6	0.86804663073688	0.672497051555787	566	11
4311	2	-0.22487009252559	0	6	0.86804663073688	0.672497051555787	566	11
4312	0	0.388976570307972	0	6	0.86804663073688	0.672497051555787	566	11
4313	1	0.567286408447729	0	6	0.86804663073688	0.672497051555787	566	11
4314	5	0.569978609232734	1	6	0.86804663073688	0.672497051555787	566	11
4316	1	0.350687027049998	0	6	0.86804663073688	0.672497051555787	566	11
4318	1	0.21399944526113	0	6	0.86804663073688	0.672497051555787	566	11
4320	1	0.42464168480651	0	6	0.86804663073688	0.672497051555787	566	11
4321	5	0.54665369457317	1	6	0.86804663073688	0.672497051555787	566	11
4322	5	0.615786113900006	1	6	0.86804663073688	0.672497051555787	566	11
4323	1	0.392476735939489	0	6	0.86804663073688	0.672497051555787	566	11
4324	2	-0.231632460253889	0	6	0.86804663073688	0.672497051555787	566	11
4326	0	0.398213464514709	0	6	0.86804663073688	0.672497051555787	566	11
4327	1	0.387043090965562	0	6	0.86804663073688	0.672497051555787	566	11
4329	4	-0.309113099403032	0	6	0.86804663073688	0.672497051555787	566	11
4330	5	0.606006232815676	1	6	0.86804663073688	0.672497051555787	566	11
4331	2	-0.24521947532534	0	6	0.86804663073688	0.672497051555787	566	11
4332	8	-0.102281138758325	0	6	0.86804663073688	0.672497051555787	566	11
4335	0	0.151282595991219	0	6	0.86804663073688	0.672497051555787	566	11
4337	2	-0.195235410938011	0	6	0.86804663073688	0.672497051555787	566	11
4338	3	-0.016445548608491	0	6	0.86804663073688	0.672497051555787	566	11
4345	3	-0.0246106183129937	0	6	0.86804663073688	0.672497051555787	566	11
4350	1	0.158514473392387	0	6	0.86804663073688	0.672497051555787	566	11
4351	4	-0.327090901583254	0	6	0.86804663073688	0.672497051555787	566	11
4352	1	0.307199115964543	0	6	0.86804663073688	0.672497051555787	566	11
4354	4	-0.217212006975719	0	6	0.86804663073688	0.672497051555787	566	11
4355	3	-0.045137171735907	0	6	0.86804663073688	0.672497051555787	566	11
4356	3	0.232210234197737	0	6	0.86804663073688	0.672497051555787	566	11
4357	4	-0.165382410526078	0	6	0.86804663073688	0.672497051555787	566	11
4358	1	0.221436042860643	0	6	0.86804663073688	0.672497051555787	566	11
4359	0	0.0907879756438341	0	6	0.86804663073688	0.672497051555787	566	11
4360	1	0.396897024831271	0	6	0.86804663073688	0.672497051555787	566	11
4361	0	0.357638455832362	0	6	0.86804663073688	0.672497051555787	566	11
4363	3	0.297917714869777	0	6	0.86804663073688	0.672497051555787	566	11
4430	3	0.101311547054066	0	6	0.86804663073688	0.672497051555787	566	11
4436	1	0.36152426946513	0	6	0.86804663073688	0.672497051555787	566	11
4437	4	-0.171747545274385	0	6	0.86804663073688	0.672497051555787	566	11
4440	0	0.100655667047762	0	6	0.86804663073688	0.672497051555787	566	11
4478	1	0.324365146763656	0	6	0.86804663073688	0.672497051555787	566	11
4481	1	0.33342505134226	0	6	0.86804663073688	0.672497051555787	566	11
4482	4	-0.298176681087746	0	6	0.86804663073688	0.672497051555787	566	11
4485	4	0.022645351397498	0	6	0.86804663073688	0.672497051555787	566	11
4486	1	0.3550828958623	0	6	0.86804663073688	0.672497051555787	566	11
4487	1	0.336569887067171	0	6	0.86804663073688	0.672497051555787	566	11
4494	4	-0.354599620494032	0	6	0.86804663073688	0.672497051555787	566	11
4495	4	-0.353767942150591	0	6	0.86804663073688	0.672497051555787	566	11
4499	2	-0.204626646718182	0	6	0.86804663073688	0.672497051555787	566	11
4501	4	-0.309456580338745	0	6	0.86804663073688	0.672497051555787	566	11
4502	4	-0.28765044518002	0	6	0.86804663073688	0.672497051555787	566	11
4507	0	0.271191143255751	0	6	0.86804663073688	0.672497051555787	566	11
4520	3	0.107672428922591	0	6	0.86804663073688	0.672497051555787	566	11
4521	0	0.0547741919676739	0	6	0.86804663073688	0.672497051555787	566	11
4522	4	-0.197894096160986	0	6	0.86804663073688	0.672497051555787	566	11
4524	1	0.26864843250159	0	6	0.86804663073688	0.672497051555787	566	11
4528	2	0.164841091453473	0	6	0.86804663073688	0.672497051555787	566	11
4534	2	0.0803881361707562	0	6	0.86804663073688	0.672497051555787	566	11
4542	1	0.207163506934672	0	6	0.86804663073688	0.672497051555787	566	11
4543	4	0.165792182202806	0	6	0.86804663073688	0.672497051555787	566	11
4547	4	-0.222427811572884	0	6	0.86804663073688	0.672497051555787	566	11
4548	1	0.299293620679435	0	6	0.86804663073688	0.672497051555787	566	11
4552	4	-0.215589191505523	0	6	0.86804663073688	0.672497051555787	566	11
4582	6	0.180092482996103	0	6	0.86804663073688	0.672497051555787	566	11
4585	0	0.0330224115696856	0	6	0.86804663073688	0.672497051555787	566	11
4588	1	0.382894044523358	0	6	0.86804663073688	0.672497051555787	566	11
4591	1	0.317877550401824	0	6	0.86804663073688	0.672497051555787	566	11
4593	1	0.0894825990042212	0	6	0.86804663073688	0.672497051555787	566	11
4594	4	-0.442221187811006	0	6	0.86804663073688	0.672497051555787	566	11
4595	0	0.118588783581635	0	6	0.86804663073688	0.672497051555787	566	11
4597	2	-0.119606084217996	0	6	0.86804663073688	0.672497051555787	566	11
4598	4	-0.00937741968705271	0	6	0.86804663073688	0.672497051555787	566	11
4599	10	0.380826920317568	0	6	0.86804663073688	0.672497051555787	566	11
4600	10	0.140622784525474	0	6	0.86804663073688	0.672497051555787	566	11
4601	2	-0.19468212082463	0	6	0.86804663073688	0.672497051555787	566	11
4603	1	0.165418076109612	0	6	0.86804663073688	0.672497051555787	566	11
4604	0	0.0711821341457187	0	6	0.86804663073688	0.672497051555787	566	11
4605	1	0.368278725170106	0	6	0.86804663073688	0.672497051555787	566	11
4606	1	0.1974528319158	0	6	0.86804663073688	0.672497051555787	566	11
4608	3	0.133918449212553	0	6	0.86804663073688	0.672497051555787	566	11
4609	1	0.189892059925034	0	6	0.86804663073688	0.672497051555787	566	11
4610	1	0.113096070450526	0	6	0.86804663073688	0.672497051555787	566	11
4613	2	0.050429526654584	0	6	0.86804663073688	0.672497051555787	566	11
4615	1	0.0779376440359819	0	6	0.86804663073688	0.672497051555787	566	11
4616	3	-0.140048361785499	0	6	0.86804663073688	0.672497051555787	566	11
4619	0	0.114892551175001	0	6	0.86804663073688	0.672497051555787	566	11
4620	1	-0.0884357016117777	0	6	0.86804663073688	0.672497051555787	566	11
4621	0	0.127441974401964	0	6	0.86804663073688	0.672497051555787	566	11
4622	1	0.00536407228172656	0	6	0.86804663073688	0.672497051555787	566	11
4624	0	0.108872380189571	0	6	0.86804663073688	0.672497051555787	566	11
4625	0	0.111492410468329	0	6	0.86804663073688	0.672497051555787	566	11
4626	0	-0.214815352962863	0	6	0.86804663073688	0.672497051555787	566	11
4627	3	0.114557341086923	0	6	0.86804663073688	0.672497051555787	566	11
4628	1	0.486397123824446	0	6	0.86804663073688	0.672497051555787	566	11
4629	1	0.274553206138254	0	6	0.86804663073688	0.672497051555787	566	11
4632	0	-0.00505118517165905	0	6	0.86804663073688	0.672497051555787	566	11
4633	1	0.143193883321987	0	6	0.86804663073688	0.672497051555787	566	11
4634	2	-0.251661737202467	0	6	0.86804663073688	0.672497051555787	566	11
4636	4	-0.385262944945779	0	6	0.86804663073688	0.672497051555787	566	11
4637	2	0.00668296282406919	0	6	0.86804663073688	0.672497051555787	566	11
4638	0	0.19524867105684	0	6	0.86804663073688	0.672497051555787	566	11
4641	3	0.160447151302129	0	6	0.86804663073688	0.672497051555787	566	11
4642	3	0.0612899477526561	0	6	0.86804663073688	0.672497051555787	566	11
4643	3	0.190649728184644	0	6	0.86804663073688	0.672497051555787	566	11
4644	1	0.379682920462493	0	6	0.86804663073688	0.672497051555787	566	11
4646	4	0.124105232230042	0	6	0.86804663073688	0.672497051555787	566	11
4647	4	-0.20441893180364	0	6	0.86804663073688	0.672497051555787	566	11
4649	0	0.349002063643586	0	6	0.86804663073688	0.672497051555787	566	11
4650	1	0.463767358410192	0	6	0.86804663073688	0.672497051555787	566	11
4651	6	0.286292524133698	0	6	0.86804663073688	0.672497051555787	566	11
4653	1	0.373922444379386	0	6	0.86804663073688	0.672497051555787	566	11
4659	1	0.383281213677415	0	6	0.86804663073688	0.672497051555787	566	11
4660	5	0.556554398015799	1	6	0.86804663073688	0.672497051555787	566	11
4664	3	0.303706575073121	0	6	0.86804663073688	0.672497051555787	566	11
4665	2	0.0429416668600303	0	6	0.86804663073688	0.672497051555787	566	11
4666	7	0.050774418113971	0	6	0.86804663073688	0.672497051555787	566	11
4668	0	-0.24447566325793	0	6	0.86804663073688	0.672497051555787	566	11
4669	4	-0.0554522006909807	0	6	0.86804663073688	0.672497051555787	566	11
4670	2	0.149508753170178	0	6	0.86804663073688	0.672497051555787	566	11
4673	1	0.508139069584366	0	6	0.86804663073688	0.672497051555787	566	11
4674	3	-0.278038850243463	0	6	0.86804663073688	0.672497051555787	566	11
4675	0	0.141023075599489	0	6	0.86804663073688	0.672497051555787	566	11
4676	2	0.0910544222317004	0	6	0.86804663073688	0.672497051555787	566	11
4677	2	-0.0823870831811154	0	6	0.86804663073688	0.672497051555787	566	11
4678	1	0.613545976920855	0	6	0.86804663073688	0.672497051555787	566	11
4682	2	0.0852780631228537	0	6	0.86804663073688	0.672497051555787	566	11
4683	1	0.30422553587437	0	6	0.86804663073688	0.672497051555787	566	11
4684	1	0.559238178532298	0	6	0.86804663073688	0.672497051555787	566	11
4686	5	0.54734751067559	1	6	0.86804663073688	0.672497051555787	566	11
4688	1	-0.0468654007132448	0	6	0.86804663073688	0.672497051555787	566	11
4689	1	0.0971758299039187	0	6	0.86804663073688	0.672497051555787	566	11
4690	1	0.53516744168009	0	6	0.86804663073688	0.672497051555787	566	11
4692	2	-0.199999823886521	0	6	0.86804663073688	0.672497051555787	566	11
4694	2	-0.203379828031701	0	6	0.86804663073688	0.672497051555787	566	11
4695	2	-0.262086485909143	0	6	0.86804663073688	0.672497051555787	566	11
4696	2	0.264845285539569	0	6	0.86804663073688	0.672497051555787	566	11
4697	2	0.212040068286653	0	6	0.86804663073688	0.672497051555787	566	11
4698	4	-0.0964333945728789	0	6	0.86804663073688	0.672497051555787	566	11
4700	2	-0.30315922667969	0	6	0.86804663073688	0.672497051555787	566	11
4701	2	-0.20680600761363	0	6	0.86804663073688	0.672497051555787	566	11
4702	2	-0.226320510741017	0	6	0.86804663073688	0.672497051555787	566	11
4703	0	0.214266812451688	0	6	0.86804663073688	0.672497051555787	566	11
4704	2	-0.204204604884028	0	6	0.86804663073688	0.672497051555787	566	11
4705	4	0.0730087660038835	0	6	0.86804663073688	0.672497051555787	566	11
4706	2	-0.223564901853379	0	6	0.86804663073688	0.672497051555787	566	11
4707	2	0.282947219600626	0	6	0.86804663073688	0.672497051555787	566	11
4708	2	0.077250586296532	0	6	0.86804663073688	0.672497051555787	566	11
4709	2	0.0108275900120328	0	6	0.86804663073688	0.672497051555787	566	11
4710	2	-0.0488132830767811	0	6	0.86804663073688	0.672497051555787	566	11
4711	2	-0.177329645939738	0	6	0.86804663073688	0.672497051555787	566	11
4712	2	0.0117348866708643	0	6	0.86804663073688	0.672497051555787	566	11
4713	2	-0.0286805916454489	0	6	0.86804663073688	0.672497051555787	566	11
4717	2	-0.350885569855305	0	6	0.86804663073688	0.672497051555787	566	11
4719	4	-0.104062182049788	0	6	0.86804663073688	0.672497051555787	566	11
4720	4	-0.135097128569763	0	6	0.86804663073688	0.672497051555787	566	11
4722	2	-0.0435417768572627	0	6	0.86804663073688	0.672497051555787	566	11
4723	4	-0.355609776885388	0	6	0.86804663073688	0.672497051555787	566	11
4724	2	-0.0890570881388557	0	6	0.86804663073688	0.672497051555787	566	11
4726	2	-0.11945843667227	0	6	0.86804663073688	0.672497051555787	566	11
4733	2	0.228039037289532	0	6	0.86804663073688	0.672497051555787	566	11
4734	5	0.547325454064143	1	6	0.86804663073688	0.672497051555787	566	11
4735	2	0.167308444124574	0	6	0.86804663073688	0.672497051555787	566	11
4738	2	0.329661102450848	0	6	0.86804663073688	0.672497051555787	566	11
4739	3	0.194196305333007	0	6	0.86804663073688	0.672497051555787	566	11
4741	1	0.418072099747276	0	6	0.86804663073688	0.672497051555787	566	11
4744	0	-0.0421303099317761	0	6	0.86804663073688	0.672497051555787	566	11
4745	3	0.268638614214321	0	6	0.86804663073688	0.672497051555787	566	11
4747	1	0.322926992975362	0	6	0.86804663073688	0.672497051555787	566	11
4750	3	0.156106431510374	0	6	0.86804663073688	0.672497051555787	566	11
4752	5	0.526908338598843	1	6	0.86804663073688	0.672497051555787	566	11
4756	2	-0.116169760158649	0	6	0.86804663073688	0.672497051555787	566	11
4763	0	0.291908247202299	0	6	0.86804663073688	0.672497051555787	566	11
4771	1	0.249901036151269	0	6	0.86804663073688	0.672497051555787	566	11
4772	3	0.302783640880786	0	6	0.86804663073688	0.672497051555787	566	11
4775	2	-0.122788058690403	0	6	0.86804663073688	0.672497051555787	566	11
4776	1	0.555115553787722	0	6	0.86804663073688	0.672497051555787	566	11
4778	2	-0.122345691926442	0	6	0.86804663073688	0.672497051555787	566	11
4779	2	-0.150139220310471	0	6	0.86804663073688	0.672497051555787	566	11
4780	3	0.135709754698872	0	6	0.86804663073688	0.672497051555787	566	11
4781	1	0.223169865656752	0	6	0.86804663073688	0.672497051555787	566	11
4782	2	-0.155050286385259	0	6	0.86804663073688	0.672497051555787	566	11
4783	8	-0.20949445521397	0	6	0.86804663073688	0.672497051555787	566	11
4784	1	0.294457061239258	0	6	0.86804663073688	0.672497051555787	566	11
4790	1	0.488968522380927	0	6	0.86804663073688	0.672497051555787	566	11
4791	1	0.130799576888824	0	6	0.86804663073688	0.672497051555787	566	11
4792	11	0.0204353563786993	0	6	0.86804663073688	0.672497051555787	566	11
4793	0	0.0657213983182825	0	6	0.86804663073688	0.672497051555787	566	11
4794	1	0.214678973853263	0	6	0.86804663073688	0.672497051555787	566	11
4796	1	0.371241853728721	0	6	0.86804663073688	0.672497051555787	566	11
4798	2	0.082263232978533	0	6	0.86804663073688	0.672497051555787	566	11
4799	0	0.404454065140845	0	6	0.86804663073688	0.672497051555787	566	11
4800	5	0.686780901318591	1	6	0.86804663073688	0.672497051555787	566	11
4801	0	0.0236544134144804	0	6	0.86804663073688	0.672497051555787	566	11
4802	2	0.236082247107196	0	6	0.86804663073688	0.672497051555787	566	11
4803	3	0.106942169098177	0	6	0.86804663073688	0.672497051555787	566	11
4804	1	0.245278743593302	0	6	0.86804663073688	0.672497051555787	566	11
4809	2	-0.00489060345565637	0	6	0.86804663073688	0.672497051555787	566	11
4811	1	0.32770891733161	0	6	0.86804663073688	0.672497051555787	566	11
4814	2	-0.122590665363955	0	6	0.86804663073688	0.672497051555787	566	11
4815	1	0.186361460577802	0	6	0.86804663073688	0.672497051555787	566	11
4817	4	-0.053104602671687	0	6	0.86804663073688	0.672497051555787	566	11
4818	8	0.0143980527726723	0	6	0.86804663073688	0.672497051555787	566	11
4820	5	0.85503364415128	1	6	0.86804663073688	0.672497051555787	566	11
4824	3	0.257728707666549	0	6	0.86804663073688	0.672497051555787	566	11
4826	2	0.116337279941619	0	6	0.86804663073688	0.672497051555787	566	11
4828	1	0.124548954162173	0	6	0.86804663073688	0.672497051555787	566	11
4830	1	0.308487935013827	0	6	0.86804663073688	0.672497051555787	566	11
4832	2	-0.220300995376865	0	6	0.86804663073688	0.672497051555787	566	11
4833	1	0.225409731020169	0	6	0.86804663073688	0.672497051555787	566	11
4835	4	-0.261702104740903	0	6	0.86804663073688	0.672497051555787	566	11
4836	2	-0.16843686090656	0	6	0.86804663073688	0.672497051555787	566	11
4839	1	0.570478171407892	0	6	0.86804663073688	0.672497051555787	566	11
4841	6	0.302451108559024	0	6	0.86804663073688	0.672497051555787	566	11
4842	1	0.357906361116684	0	6	0.86804663073688	0.672497051555787	566	11
4843	1	0.458683815608585	0	6	0.86804663073688	0.672497051555787	566	11
4846	5	0.61895875564238	1	6	0.86804663073688	0.672497051555787	566	11
4848	0	0.504682845500134	0	6	0.86804663073688	0.672497051555787	566	11
4849	0	0.0871172818361736	0	6	0.86804663073688	0.672497051555787	566	11
4850	3	0.23684881933485	0	6	0.86804663073688	0.672497051555787	566	11
4851	3	0.362663555971659	0	6	0.86804663073688	0.672497051555787	566	11
4852	0	-0.0581314183194784	0	6	0.86804663073688	0.672497051555787	566	11
4853	3	0.289723548110539	0	6	0.86804663073688	0.672497051555787	566	11
4854	1	0.429347425482066	0	6	0.86804663073688	0.672497051555787	566	11
4855	5	0.696820597314098	1	6	0.86804663073688	0.672497051555787	566	11
4856	1	0.22336575691757	0	6	0.86804663073688	0.672497051555787	566	11
4857	0	0.241954789639901	0	6	0.86804663073688	0.672497051555787	566	11
4858	4	0.425437470002443	0	6	0.86804663073688	0.672497051555787	566	11
4860	4	-0.202194835787132	0	6	0.86804663073688	0.672497051555787	566	11
4861	0	0.228371318478286	0	6	0.86804663073688	0.672497051555787	566	11
4862	7	-0.0492116111408417	0	6	0.86804663073688	0.672497051555787	566	11
4863	2	0.128355993967511	0	6	0.86804663073688	0.672497051555787	566	11
4864	1	0.210675648275244	0	6	0.86804663073688	0.672497051555787	566	11
4868	3	-0.137008536779582	0	6	0.86804663073688	0.672497051555787	566	11
4869	6	0.484423001891052	0	6	0.86804663073688	0.672497051555787	566	11
4881	3	-0.112035292699917	0	6	0.86804663073688	0.672497051555787	566	11
4882	3	0.0960395769731456	0	6	0.86804663073688	0.672497051555787	566	11
4883	2	-0.161129262421845	0	6	0.86804663073688	0.672497051555787	566	11
4884	0	0.0976883838512578	0	6	0.86804663073688	0.672497051555787	566	11
4886	1	0.203830454561033	0	6	0.86804663073688	0.672497051555787	566	11
4889	1	0.398688302150224	0	6	0.86804663073688	0.672497051555787	566	11
4891	1	0.313864455309759	0	6	0.86804663073688	0.672497051555787	566	11
4892	0	-0.0379033543158206	0	6	0.86804663073688	0.672497051555787	566	11
4893	1	0.272538554779745	0	6	0.86804663073688	0.672497051555787	566	11
4897	1	0.151979627681913	0	6	0.86804663073688	0.672497051555787	566	11
4900	3	0.111358247374145	0	6	0.86804663073688	0.672497051555787	566	11
4901	3	0.0835377209614072	0	6	0.86804663073688	0.672497051555787	566	11
4902	0	0.106952439800085	0	6	0.86804663073688	0.672497051555787	566	11
4907	1	0.380784645227116	0	6	0.86804663073688	0.672497051555787	566	11
4908	1	0.250191330768032	0	6	0.86804663073688	0.672497051555787	566	11
4913	2	0.0145250168707783	0	6	0.86804663073688	0.672497051555787	566	11
4914	1	0.255011966140258	0	6	0.86804663073688	0.672497051555787	566	11
4915	0	0.186054350240915	0	6	0.86804663073688	0.672497051555787	566	11
4916	1	0.496842662781195	0	6	0.86804663073688	0.672497051555787	566	11
4917	0	0.105499857556742	0	6	0.86804663073688	0.672497051555787	566	11
4919	1	0.245063668103707	0	6	0.86804663073688	0.672497051555787	566	11
4920	1	0.305308303438534	0	6	0.86804663073688	0.672497051555787	566	11
4921	1	0.496074205236589	0	6	0.86804663073688	0.672497051555787	566	11
4923	2	0.032563826144811	0	6	0.86804663073688	0.672497051555787	566	11
4924	2	-0.18043998080573	0	6	0.86804663073688	0.672497051555787	566	11
4925	3	0.0743690926391784	0	6	0.86804663073688	0.672497051555787	566	11
4926	2	0.0437097337407335	0	6	0.86804663073688	0.672497051555787	566	11
4927	1	0.298514042196448	0	6	0.86804663073688	0.672497051555787	566	11
4928	2	0.0450632903949288	0	6	0.86804663073688	0.672497051555787	566	11
4929	11	0.00894174021901965	0	6	0.86804663073688	0.672497051555787	566	11
4931	1	0.556774596182649	0	6	0.86804663073688	0.672497051555787	566	11
4935	1	0.137600189997678	0	6	0.86804663073688	0.672497051555787	566	11
4938	10	0.258233989769699	0	6	0.86804663073688	0.672497051555787	566	11
4939	10	0.404910943631997	0	6	0.86804663073688	0.672497051555787	566	11
4940	10	0.276501512324263	0	6	0.86804663073688	0.672497051555787	566	11
4942	4	-0.2682143232453	0	6	0.86804663073688	0.672497051555787	566	11
4946	2	-0.286828063628267	0	6	0.86804663073688	0.672497051555787	566	11
4947	3	0.123107375967934	0	6	0.86804663073688	0.672497051555787	566	11
4948	1	0.246275501238484	0	6	0.86804663073688	0.672497051555787	566	11
4952	3	-0.176036023810967	0	6	0.86804663073688	0.672497051555787	566	11
4953	2	-0.246597003608943	0	6	0.86804663073688	0.672497051555787	566	11
4957	1	0.321501989462289	0	6	0.86804663073688	0.672497051555787	566	11
4967	4	-0.190722922818804	0	6	0.86804663073688	0.672497051555787	566	11
4968	4	-0.145867238867295	0	6	0.86804663073688	0.672497051555787	566	11
4969	1	0.331880898554484	0	6	0.86804663073688	0.672497051555787	566	11
4973	1	0.309505681903166	0	6	0.86804663073688	0.672497051555787	566	11
4976	4	-0.131824139904756	0	6	0.86804663073688	0.672497051555787	566	11
4978	0	0.00606666942049736	0	6	0.86804663073688	0.672497051555787	566	11
4982	1	0.328429427869897	0	6	0.86804663073688	0.672497051555787	566	11
4987	0	0.168537378977884	0	6	0.86804663073688	0.672497051555787	566	11
4998	1	0.269991057692724	0	6	0.86804663073688	0.672497051555787	566	11
4999	5	0.537405426639486	1	6	0.86804663073688	0.672497051555787	566	11
5000	0	-0.00539919915373147	0	6	0.86804663073688	0.672497051555787	566	11
5001	0	0.410568172633518	0	6	0.86804663073688	0.672497051555787	566	11
5002	4	-0.137438758861946	0	6	0.86804663073688	0.672497051555787	566	11
5003	4	-0.0286328812112015	0	6	0.86804663073688	0.672497051555787	566	11
5007	4	-0.196320449031771	0	6	0.86804663073688	0.672497051555787	566	11
5008	0	0.128540484432396	0	6	0.86804663073688	0.672497051555787	566	11
5010	3	0.145575533296395	0	6	0.86804663073688	0.672497051555787	566	11
5016	5	0.475817039983349	1	6	0.86804663073688	0.672497051555787	566	11
5017	4	-0.0334648688657416	0	6	0.86804663073688	0.672497051555787	566	11
5018	4	-0.153312823996917	0	6	0.86804663073688	0.672497051555787	566	11
5019	7	-0.0736311929511995	0	6	0.86804663073688	0.672497051555787	566	11
5020	4	-0.192686101009374	0	6	0.86804663073688	0.672497051555787	566	11
5021	1	0.000808409615401671	0	6	0.86804663073688	0.672497051555787	566	11
5023	1	0.310939643392837	0	6	0.86804663073688	0.672497051555787	566	11
5025	1	0.0107902785874074	0	6	0.86804663073688	0.672497051555787	566	11
5026	1	0.334620340161343	0	6	0.86804663073688	0.672497051555787	566	11
5027	1	0.245633857614919	0	6	0.86804663073688	0.672497051555787	566	11
5028	2	-0.072364539558926	0	6	0.86804663073688	0.672497051555787	566	11
5029	1	0.382040082569402	0	6	0.86804663073688	0.672497051555787	566	11
5031	1	0.299803887985458	0	6	0.86804663073688	0.672497051555787	566	11
5033	2	-0.067095285162025	0	6	0.86804663073688	0.672497051555787	566	11
5034	2	0.14586903101498	0	6	0.86804663073688	0.672497051555787	566	11
5036	1	0.139847972020467	0	6	0.86804663073688	0.672497051555787	566	11
5037	4	-0.425723448978848	0	6	0.86804663073688	0.672497051555787	566	11
5045	2	0.0267103751254481	0	6	0.86804663073688	0.672497051555787	566	11
5048	3	0.0790319883391624	0	6	0.86804663073688	0.672497051555787	566	11
5049	2	0.0456321870002146	0	6	0.86804663073688	0.672497051555787	566	11
5050	7	-0.0628525222607224	0	6	0.86804663073688	0.672497051555787	566	11
5051	2	-0.169223064608414	0	6	0.86804663073688	0.672497051555787	566	11
5052	2	-0.237683811734949	0	6	0.86804663073688	0.672497051555787	566	11
5054	1	0.357950337983816	0	6	0.86804663073688	0.672497051555787	566	11
5058	3	-0.153335032479475	0	6	0.86804663073688	0.672497051555787	566	11
5062	1	0.365578340376496	0	6	0.86804663073688	0.672497051555787	566	11
5063	1	0.383819417429163	0	6	0.86804663073688	0.672497051555787	566	11
5064	0	0.0451353583005662	0	6	0.86804663073688	0.672497051555787	566	11
5066	2	0.0229239023922926	0	6	0.86804663073688	0.672497051555787	566	11
5069	0	-0.123771081609479	0	6	0.86804663073688	0.672497051555787	566	11
5071	2	-0.00116115031720447	0	6	0.86804663073688	0.672497051555787	566	11
5073	2	0.215607312983857	0	6	0.86804663073688	0.672497051555787	566	11
5074	3	0.11044222558966	0	6	0.86804663073688	0.672497051555787	566	11
5076	6	-0.0731539740716626	0	6	0.86804663073688	0.672497051555787	566	11
5079	1	0.302905285868631	0	6	0.86804663073688	0.672497051555787	566	11
5080	3	0.0484194255161079	0	6	0.86804663073688	0.672497051555787	566	11
5082	0	0.532699780328	0	6	0.86804663073688	0.672497051555787	566	11
5087	5	0.644982074866834	1	6	0.86804663073688	0.672497051555787	566	11
5090	2	0.00218202528580961	0	6	0.86804663073688	0.672497051555787	566	11
5091	2	-0.26271974236814	0	6	0.86804663073688	0.672497051555787	566	11
5092	2	-0.399481115365053	0	6	0.86804663073688	0.672497051555787	566	11
5093	2	-0.0711141138811112	0	6	0.86804663073688	0.672497051555787	566	11
5094	4	-0.243589663444124	0	6	0.86804663073688	0.672497051555787	566	11
5095	4	-0.183652655179154	0	6	0.86804663073688	0.672497051555787	566	11
5096	4	-0.31653567627367	0	6	0.86804663073688	0.672497051555787	566	11
5097	5	0.614383596158864	1	6	0.86804663073688	0.672497051555787	566	11
5099	1	0.257501759159891	0	6	0.86804663073688	0.672497051555787	566	11
5101	2	0.0921062692800875	0	6	0.86804663073688	0.672497051555787	566	11
5104	2	-0.243793359488077	0	6	0.86804663073688	0.672497051555787	566	11
5105	4	-0.430177573841652	0	6	0.86804663073688	0.672497051555787	566	11
5106	4	-0.274230859136122	0	6	0.86804663073688	0.672497051555787	566	11
5108	5	0.578336189694606	1	6	0.86804663073688	0.672497051555787	566	11
5110	3	0.230116173854603	0	6	0.86804663073688	0.672497051555787	566	11
5111	7	0.139854227852696	0	6	0.86804663073688	0.672497051555787	566	11
5116	1	0.505838408930525	0	6	0.86804663073688	0.672497051555787	566	11
5118	1	0.369363306612522	0	6	0.86804663073688	0.672497051555787	566	11
5119	2	-0.0947808164282278	0	6	0.86804663073688	0.672497051555787	566	11
5121	2	-0.118112947394796	0	6	0.86804663073688	0.672497051555787	566	11
5122	0	0.189330016826317	0	6	0.86804663073688	0.672497051555787	566	11
5125	0	0.335950142956957	0	6	0.86804663073688	0.672497051555787	566	11
5127	2	-0.144454109184088	0	6	0.86804663073688	0.672497051555787	566	11
5128	3	0.526871859148336	0	6	0.86804663073688	0.672497051555787	566	11
5129	4	-0.124804226749177	0	6	0.86804663073688	0.672497051555787	566	11
5130	3	0.220311478875101	0	6	0.86804663073688	0.672497051555787	566	11
5133	1	0.439974168003508	0	6	0.86804663073688	0.672497051555787	566	11
5134	3	0.169397868205007	0	6	0.86804663073688	0.672497051555787	566	11
5136	1	0.528355344935044	0	6	0.86804663073688	0.672497051555787	566	11
5137	9	0.0179555991716301	0	6	0.86804663073688	0.672497051555787	566	11
5138	3	0.449907378265718	0	6	0.86804663073688	0.672497051555787	566	11
5139	1	0.462815307759783	0	6	0.86804663073688	0.672497051555787	566	11
5140	1	-0.00473459750194495	0	6	0.86804663073688	0.672497051555787	566	11
5141	3	0.0696883396012542	0	6	0.86804663073688	0.672497051555787	566	11
5142	2	-0.152243585886494	0	6	0.86804663073688	0.672497051555787	566	11
5144	0	0.307664522870685	0	6	0.86804663073688	0.672497051555787	566	11
5147	3	-0.00874077402933064	0	6	0.86804663073688	0.672497051555787	566	11
5148	1	0.274786028825762	0	6	0.86804663073688	0.672497051555787	566	11
5151	1	0.372201011684987	0	6	0.86804663073688	0.672497051555787	566	11
5152	1	0.271213196143995	0	6	0.86804663073688	0.672497051555787	566	11
5153	1	0.370460943503886	0	6	0.86804663073688	0.672497051555787	566	11
5154	3	0.275069590650919	0	6	0.86804663073688	0.672497051555787	566	11
5155	5	0.714649788986989	1	6	0.86804663073688	0.672497051555787	566	11
5156	1	0.382495325897523	0	6	0.86804663073688	0.672497051555787	566	11
5157	1	0.223318813710542	0	6	0.86804663073688	0.672497051555787	566	11
5158	0	0.095547492562566	0	6	0.86804663073688	0.672497051555787	566	11
5159	2	0.38845637417823	0	6	0.86804663073688	0.672497051555787	566	11
5160	4	-0.270059567871433	0	6	0.86804663073688	0.672497051555787	566	11
5162	2	-0.170527367547073	0	6	0.86804663073688	0.672497051555787	566	11
5163	1	0.473170484728028	0	6	0.86804663073688	0.672497051555787	566	11
5164	4	-0.387941509768448	0	6	0.86804663073688	0.672497051555787	566	11
5165	6	-0.0628918921600506	0	6	0.86804663073688	0.672497051555787	566	11
5166	2	-0.205326502809105	0	6	0.86804663073688	0.672497051555787	566	11
5167	1	0.196013048250189	0	6	0.86804663073688	0.672497051555787	566	11
5168	4	-0.0709145521777782	0	6	0.86804663073688	0.672497051555787	566	11
5170	3	0.20882279982635	0	6	0.86804663073688	0.672497051555787	566	11
5172	9	-0.0014012098518	0	6	0.86804663073688	0.672497051555787	566	11
5175	5	0.621898444609857	1	6	0.86804663073688	0.672497051555787	566	11
5176	1	0.362842534115223	0	6	0.86804663073688	0.672497051555787	566	11
5184	4	-0.460915641204107	0	6	0.86804663073688	0.672497051555787	566	11
5188	4	-0.063054269364585	0	6	0.86804663073688	0.672497051555787	566	11
5189	0	0.198229999385818	0	6	0.86804663073688	0.672497051555787	566	11
5190	2	-0.0656169313569501	0	6	0.86804663073688	0.672497051555787	566	11
5191	2	0.0333911124525579	0	6	0.86804663073688	0.672497051555787	566	11
5192	0	0.231691460285216	0	6	0.86804663073688	0.672497051555787	566	11
5193	3	-0.00971083613623841	0	6	0.86804663073688	0.672497051555787	566	11
5194	3	0.133913988180349	0	6	0.86804663073688	0.672497051555787	566	11
5195	0	-0.182033780712721	0	6	0.86804663073688	0.672497051555787	566	11
5196	2	0.191493114338361	0	6	0.86804663073688	0.672497051555787	566	11
5198	1	0.319259116499158	0	6	0.86804663073688	0.672497051555787	566	11
5199	1	-0.0084496387165841	0	6	0.86804663073688	0.672497051555787	566	11
5201	1	0.270200773991871	0	6	0.86804663073688	0.672497051555787	566	11
5202	2	0.0531209563666298	0	6	0.86804663073688	0.672497051555787	566	11
5203	0	0.236530302583336	0	6	0.86804663073688	0.672497051555787	566	11
5204	7	0.139211291676366	0	6	0.86804663073688	0.672497051555787	566	11
5207	0	0.0929631301710657	0	6	0.86804663073688	0.672497051555787	566	11
5208	4	-0.278427126229425	0	6	0.86804663073688	0.672497051555787	566	11
5209	1	0.313428631410794	0	6	0.86804663073688	0.672497051555787	566	11
5210	1	0.398413594218719	0	6	0.86804663073688	0.672497051555787	566	11
5211	2	-0.277124684999048	0	6	0.86804663073688	0.672497051555787	566	11
5213	2	-0.32516745898708	0	6	0.86804663073688	0.672497051555787	566	11
5214	1	0.270082577854788	0	6	0.86804663073688	0.672497051555787	566	11
5216	7	0.0303618809379282	0	6	0.86804663073688	0.672497051555787	566	11
5217	3	0.211050989321045	0	6	0.86804663073688	0.672497051555787	566	11
5218	2	-0.304562618308043	0	6	0.86804663073688	0.672497051555787	566	11
5224	2	0.0142749268408856	0	6	0.86804663073688	0.672497051555787	566	11
5226	2	-0.110100339482137	0	6	0.86804663073688	0.672497051555787	566	11
5228	1	0.407868976840413	0	6	0.86804663073688	0.672497051555787	566	11
5229	3	0.474081388713622	0	6	0.86804663073688	0.672497051555787	566	11
5236	4	-0.140112596228569	0	6	0.86804663073688	0.672497051555787	566	11
5238	1	0.515497550339174	0	6	0.86804663073688	0.672497051555787	566	11
5239	1	0.366800721687785	0	6	0.86804663073688	0.672497051555787	566	11
5241	3	0.20523283886454	0	6	0.86804663073688	0.672497051555787	566	11
5243	6	0.118352620848088	0	6	0.86804663073688	0.672497051555787	566	11
5244	1	0.228638287399942	0	6	0.86804663073688	0.672497051555787	566	11
5245	2	-0.224090859970082	0	6	0.86804663073688	0.672497051555787	566	11
5250	2	-0.00357708877611877	0	6	0.86804663073688	0.672497051555787	566	11
5251	0	0.167803718378398	0	6	0.86804663073688	0.672497051555787	566	11
5252	2	-0.0917345163977193	0	6	0.86804663073688	0.672497051555787	566	11
5253	3	0.136585057136897	0	6	0.86804663073688	0.672497051555787	566	11
5255	2	-0.0651392948221875	0	6	0.86804663073688	0.672497051555787	566	11
5256	0	0.180307231321297	0	6	0.86804663073688	0.672497051555787	566	11
5257	2	-0.217485437610395	0	6	0.86804663073688	0.672497051555787	566	11
5260	1	0.363381907288966	0	6	0.86804663073688	0.672497051555787	566	11
5261	2	0.0225371509177	0	6	0.86804663073688	0.672497051555787	566	11
5264	4	-0.377676570764629	0	6	0.86804663073688	0.672497051555787	566	11
5265	4	-0.338563158481591	0	6	0.86804663073688	0.672497051555787	566	11
5266	2	-0.113688409544402	0	6	0.86804663073688	0.672497051555787	566	11
5267	2	-0.0957688369039619	0	6	0.86804663073688	0.672497051555787	566	11
5269	2	0.265648481804484	0	6	0.86804663073688	0.672497051555787	566	11
5270	1	0.176312734366673	0	6	0.86804663073688	0.672497051555787	566	11
5271	1	0.358185171830882	0	6	0.86804663073688	0.672497051555787	566	11
5272	3	0.280516496581944	0	6	0.86804663073688	0.672497051555787	566	11
5274	2	-0.0670278163243294	0	6	0.86804663073688	0.672497051555787	566	11
5277	0	0.0910576250164055	0	6	0.86804663073688	0.672497051555787	566	11
5281	3	-0.0166738874876513	0	6	0.86804663073688	0.672497051555787	566	11
5283	2	-0.0316375644835521	0	6	0.86804663073688	0.672497051555787	566	11
5284	6	0.102301227639856	0	6	0.86804663073688	0.672497051555787	566	11
5286	5	0.611606359822029	1	6	0.86804663073688	0.672497051555787	566	11
5287	5	0.724266880909527	1	6	0.86804663073688	0.672497051555787	566	11
5288	9	0.0560508303344197	0	6	0.86804663073688	0.672497051555787	566	11
5289	3	0.286490453692013	0	6	0.86804663073688	0.672497051555787	566	11
5290	3	0.0914772126548743	0	6	0.86804663073688	0.672497051555787	566	11
5291	4	-0.0157336642775891	0	6	0.86804663073688	0.672497051555787	566	11
5292	1	-0.115935678132	0	6	0.86804663073688	0.672497051555787	566	11
5293	1	0.305619641445468	0	6	0.86804663073688	0.672497051555787	566	11
5294	1	0.350966819078877	0	6	0.86804663073688	0.672497051555787	566	11
5295	1	0.19742598523312	0	6	0.86804663073688	0.672497051555787	566	11
5296	2	-0.0278941855723599	0	6	0.86804663073688	0.672497051555787	566	11
5297	3	0.0921569627636856	0	6	0.86804663073688	0.672497051555787	566	11
5298	3	0.201587184143448	0	6	0.86804663073688	0.672497051555787	566	11
5300	2	-0.24688929113998	0	6	0.86804663073688	0.672497051555787	566	11
5303	2	0.135570896194919	0	6	0.86804663073688	0.672497051555787	566	11
5305	3	0.310085402636989	0	6	0.86804663073688	0.672497051555787	566	11
5306	3	0.37770342140033	0	6	0.86804663073688	0.672497051555787	566	11
5308	1	0.237175711934802	0	6	0.86804663073688	0.672497051555787	566	11
5311	1	0.447460041619282	0	6	0.86804663073688	0.672497051555787	566	11
5313	4	-0.262192932970079	0	6	0.86804663073688	0.672497051555787	566	11
5315	6	0.279422065960261	0	6	0.86804663073688	0.672497051555787	566	11
5316	3	0.0970814927835222	0	6	0.86804663073688	0.672497051555787	566	11
5317	0	0.165071908847419	0	6	0.86804663073688	0.672497051555787	566	11
5318	4	-0.28460857201778	0	6	0.86804663073688	0.672497051555787	566	11
5320	1	0.406281865534855	0	6	0.86804663073688	0.672497051555787	566	11
5321	3	0.192762057912588	0	6	0.86804663073688	0.672497051555787	566	11
5324	3	0.324102620617505	0	6	0.86804663073688	0.672497051555787	566	11
5325	1	0.214561854815648	0	6	0.86804663073688	0.672497051555787	566	11
5326	2	0.179651331736346	0	6	0.86804663073688	0.672497051555787	566	11
5327	3	0.133942997303719	0	6	0.86804663073688	0.672497051555787	566	11
5328	1	0.403049502922951	0	6	0.86804663073688	0.672497051555787	566	11
5329	1	0.0911555456401772	0	6	0.86804663073688	0.672497051555787	566	11
5330	1	0.385842788220721	0	6	0.86804663073688	0.672497051555787	566	11
5331	1	0.467500926790355	0	6	0.86804663073688	0.672497051555787	566	11
5332	1	0.221511017151194	0	6	0.86804663073688	0.672497051555787	566	11
5333	3	-0.0261950219295358	0	6	0.86804663073688	0.672497051555787	566	11
5334	4	0.158440194912773	0	6	0.86804663073688	0.672497051555787	566	11
5335	5	0.67768263145219	1	6	0.86804663073688	0.672497051555787	566	11
5336	3	-0.019666644558492	0	6	0.86804663073688	0.672497051555787	566	11
5337	2	0.218199844166738	0	6	0.86804663073688	0.672497051555787	566	11
5338	1	0.295402886235381	0	6	0.86804663073688	0.672497051555787	566	11
5339	1	0.322595710370644	0	6	0.86804663073688	0.672497051555787	566	11
5340	4	-0.309824506830048	0	6	0.86804663073688	0.672497051555787	566	11
5341	1	0.216109120693811	0	6	0.86804663073688	0.672497051555787	566	11
5345	4	-0.291115832956597	0	6	0.86804663073688	0.672497051555787	566	11
5346	1	0.351286243650991	0	6	0.86804663073688	0.672497051555787	566	11
5347	1	0.429658874454633	0	6	0.86804663073688	0.672497051555787	566	11
5348	2	-0.11771718899735	0	6	0.86804663073688	0.672497051555787	566	11
5349	6	0.131875906978889	0	6	0.86804663073688	0.672497051555787	566	11
5350	1	0.471958298864193	0	6	0.86804663073688	0.672497051555787	566	11
5351	2	-0.107655904241343	0	6	0.86804663073688	0.672497051555787	566	11
5352	1	0.241965882426329	0	6	0.86804663073688	0.672497051555787	566	11
5354	0	0.0171283455721558	0	6	0.86804663073688	0.672497051555787	566	11
5355	1	0.144497812779844	0	6	0.86804663073688	0.672497051555787	566	11
5357	6	-0.163240878515152	0	6	0.86804663073688	0.672497051555787	566	11
5358	3	0.0547701078451745	0	6	0.86804663073688	0.672497051555787	566	11
5359	10	0.420465898175858	0	6	0.86804663073688	0.672497051555787	566	11
5360	2	-0.162615731860823	0	6	0.86804663073688	0.672497051555787	566	11
5361	3	0.143925749885194	0	6	0.86804663073688	0.672497051555787	566	11
5362	3	0.365378723682092	0	6	0.86804663073688	0.672497051555787	566	11
5364	2	-0.174649203879196	0	6	0.86804663073688	0.672497051555787	566	11
5365	0	0.202443039580779	0	6	0.86804663073688	0.672497051555787	566	11
5368	1	0.56193485886356	0	6	0.86804663073688	0.672497051555787	566	11
5371	1	0.539306392920269	0	6	0.86804663073688	0.672497051555787	566	11
5372	4	-0.401397349892955	0	6	0.86804663073688	0.672497051555787	566	11
5373	1	0.471513774080275	0	6	0.86804663073688	0.672497051555787	566	11
5376	1	0.352168719066107	0	6	0.86804663073688	0.672497051555787	566	11
5378	1	0.386901455369702	0	6	0.86804663073688	0.672497051555787	566	11
5393	0	0.215547674040712	0	6	0.86804663073688	0.672497051555787	566	11
5394	1	0.461720547977057	0	6	0.86804663073688	0.672497051555787	566	11
5396	1	0.387507653299582	0	6	0.86804663073688	0.672497051555787	566	11
5411	5	0.57796746022971	1	6	0.86804663073688	0.672497051555787	566	11
5412	2	0.0226799931416172	0	6	0.86804663073688	0.672497051555787	566	11
5414	5	0.497844396338329	1	6	0.86804663073688	0.672497051555787	566	11
5420	3	-0.119467510869186	0	6	0.86804663073688	0.672497051555787	566	11
5422	3	0.221928956307524	0	6	0.86804663073688	0.672497051555787	566	11
5423	0	0.0417059575227955	0	6	0.86804663073688	0.672497051555787	566	11
5424	1	0.294899732220703	0	6	0.86804663073688	0.672497051555787	566	11
5425	2	-0.0345895098107099	0	6	0.86804663073688	0.672497051555787	566	11
5426	1	0.435075933027697	0	6	0.86804663073688	0.672497051555787	566	11
5427	1	0.509377294187925	0	6	0.86804663073688	0.672497051555787	566	11
5428	0	0.259841104458217	0	6	0.86804663073688	0.672497051555787	566	11
5429	1	0.380833863048682	0	6	0.86804663073688	0.672497051555787	566	11
5430	3	0.0339659908453519	0	6	0.86804663073688	0.672497051555787	566	11
5431	5	0.604542291012914	1	6	0.86804663073688	0.672497051555787	566	11
5432	2	-0.130251295970831	0	6	0.86804663073688	0.672497051555787	566	11
5433	1	0.234155162325094	0	6	0.86804663073688	0.672497051555787	566	11
5434	2	0.0628275850867948	0	6	0.86804663073688	0.672497051555787	566	11
5435	0	0.367995870685223	0	6	0.86804663073688	0.672497051555787	566	11
5436	2	-0.0759344954336797	0	6	0.86804663073688	0.672497051555787	566	11
5437	7	0.161501627990557	0	6	0.86804663073688	0.672497051555787	566	11
5438	2	-0.205846941358465	0	6	0.86804663073688	0.672497051555787	566	11
5439	2	-0.255230193429884	0	6	0.86804663073688	0.672497051555787	566	11
5440	2	0.0954008365328746	0	6	0.86804663073688	0.672497051555787	566	11
5441	2	0.159890801787548	0	6	0.86804663073688	0.672497051555787	566	11
5445	3	0.118502616260637	0	6	0.86804663073688	0.672497051555787	566	11
5446	4	0.0446440863975684	0	6	0.86804663073688	0.672497051555787	566	11
5450	1	0.247743667418739	0	6	0.86804663073688	0.672497051555787	566	11
5451	0	0.445176526298487	0	6	0.86804663073688	0.672497051555787	566	11
5452	1	0.283824033162393	0	6	0.86804663073688	0.672497051555787	566	11
5455	4	-0.0529071122290558	0	6	0.86804663073688	0.672497051555787	566	11
5456	4	-0.0703901363673188	0	6	0.86804663073688	0.672497051555787	566	11
5463	0	0.224878687976434	0	6	0.86804663073688	0.672497051555787	566	11
5464	2	0.108325746228302	0	6	0.86804663073688	0.672497051555787	566	11
5465	4	-0.168014562319428	0	6	0.86804663073688	0.672497051555787	566	11
5467	2	-0.0953890753299166	0	6	0.86804663073688	0.672497051555787	566	11
5468	0	0.348602172287387	0	6	0.86804663073688	0.672497051555787	566	11
5469	2	0.205160641031615	0	6	0.86804663073688	0.672497051555787	566	11
5471	1	0.223955078274177	0	6	0.86804663073688	0.672497051555787	566	11
5473	2	0.0247105375487296	0	6	0.86804663073688	0.672497051555787	566	11
5476	4	-0.34404366932579	0	6	0.86804663073688	0.672497051555787	566	11
5479	7	0.0132906044804976	0	6	0.86804663073688	0.672497051555787	566	11
5480	1	0.279550292229957	0	6	0.86804663073688	0.672497051555787	566	11
5481	2	0.226383212333458	0	6	0.86804663073688	0.672497051555787	566	11
5493	1	0.473766392707298	0	6	0.86804663073688	0.672497051555787	566	11
5494	4	0.13170788653937	0	6	0.86804663073688	0.672497051555787	566	11
5495	1	0.451490017075241	0	6	0.86804663073688	0.672497051555787	566	11
5496	2	-0.245335069115507	0	6	0.86804663073688	0.672497051555787	566	11
5498	2	-0.130033619705682	0	6	0.86804663073688	0.672497051555787	566	11
5499	2	-0.278905225431721	0	6	0.86804663073688	0.672497051555787	566	11
5500	2	0.180693490004024	0	6	0.86804663073688	0.672497051555787	566	11
5501	1	0.329821223919997	0	6	0.86804663073688	0.672497051555787	566	11
5502	6	0.0265004088269219	0	6	0.86804663073688	0.672497051555787	566	11
5504	2	0.171071298170183	0	6	0.86804663073688	0.672497051555787	566	11
5506	0	0.0352699859862805	0	6	0.86804663073688	0.672497051555787	566	11
5507	1	0.435617377543122	0	6	0.86804663073688	0.672497051555787	566	11
5509	3	-0.0585906381350974	0	6	0.86804663073688	0.672497051555787	566	11
5510	2	0.00775011983387936	0	6	0.86804663073688	0.672497051555787	566	11
5511	2	-0.0458414000271458	0	6	0.86804663073688	0.672497051555787	566	11
5515	2	0.174992638342952	0	6	0.86804663073688	0.672497051555787	566	11
5516	3	0.178382001317984	0	6	0.86804663073688	0.672497051555787	566	11
5518	2	-0.203258877957702	0	6	0.86804663073688	0.672497051555787	566	11
5519	1	0.378066046596195	0	6	0.86804663073688	0.672497051555787	566	11
5520	5	0.552413910912879	1	6	0.86804663073688	0.672497051555787	566	11
5521	3	-0.205973933235202	0	6	0.86804663073688	0.672497051555787	566	11
5523	6	0.120475107746684	0	6	0.86804663073688	0.672497051555787	566	11
5524	0	0.0811954102926468	0	6	0.86804663073688	0.672497051555787	566	11
5525	3	0.2531176114214	0	6	0.86804663073688	0.672497051555787	566	11
5526	3	0.0252082903322233	0	6	0.86804663073688	0.672497051555787	566	11
5527	1	0.403117147257471	0	6	0.86804663073688	0.672497051555787	566	11
5528	2	0.110079710593001	0	6	0.86804663073688	0.672497051555787	566	11
5530	1	0.197259443725184	0	6	0.86804663073688	0.672497051555787	566	11
5531	2	-0.0242315589833596	0	6	0.86804663073688	0.672497051555787	566	11
5532	5	0.48629859580833	1	6	0.86804663073688	0.672497051555787	566	11
5533	5	0.558952044681554	1	6	0.86804663073688	0.672497051555787	566	11
5534	2	0.0800527527889994	0	6	0.86804663073688	0.672497051555787	566	11
5536	2	-0.0366193055416214	0	6	0.86804663073688	0.672497051555787	566	11
5537	2	0.0485070692024507	0	6	0.86804663073688	0.672497051555787	566	11
5538	2	0.123499672782113	0	6	0.86804663073688	0.672497051555787	566	11
5546	0	0.248576988008925	0	6	0.86804663073688	0.672497051555787	566	11
5547	5	0.612218656108652	1	6	0.86804663073688	0.672497051555787	566	11
5549	1	0.499296191976151	0	6	0.86804663073688	0.672497051555787	566	11
5550	3	0.100887034201182	0	6	0.86804663073688	0.672497051555787	566	11
5551	8	0.0489545957102525	0	6	0.86804663073688	0.672497051555787	566	11
5552	1	0.26586552233807	0	6	0.86804663073688	0.672497051555787	566	11
5557	0	-0.0998994774780851	0	6	0.86804663073688	0.672497051555787	566	11
5562	3	0.388006308098538	0	6	0.86804663073688	0.672497051555787	566	11
5563	4	0.044489237211913	0	6	0.86804663073688	0.672497051555787	566	11
5564	2	-0.118607894798824	0	6	0.86804663073688	0.672497051555787	566	11
5566	7	-0.0115935507932926	0	6	0.86804663073688	0.672497051555787	566	11
5567	2	-0.341907525715744	0	6	0.86804663073688	0.672497051555787	566	11
5569	0	-0.0954389441214755	0	6	0.86804663073688	0.672497051555787	566	11
5571	2	-0.0840397939755329	0	6	0.86804663073688	0.672497051555787	566	11
5573	2	0.0363320723711691	0	6	0.86804663073688	0.672497051555787	566	11
5575	1	0.368633697796124	0	6	0.86804663073688	0.672497051555787	566	11
5576	2	0.0124424775387215	0	6	0.86804663073688	0.672497051555787	566	11
5577	3	-0.267475604542404	0	6	0.86804663073688	0.672497051555787	566	11
5578	4	0.00107536277131591	0	6	0.86804663073688	0.672497051555787	566	11
5579	1	0.278358650310459	0	6	0.86804663073688	0.672497051555787	566	11
5580	2	0.00601655637613153	0	6	0.86804663073688	0.672497051555787	566	11
5581	3	0.343096316391561	0	6	0.86804663073688	0.672497051555787	566	11
5583	5	0.710687007558499	1	6	0.86804663073688	0.672497051555787	566	11
5584	3	0.188279892187761	0	6	0.86804663073688	0.672497051555787	566	11
5585	2	0.0399385275505246	0	6	0.86804663073688	0.672497051555787	566	11
5586	5	0.642480474979798	1	6	0.86804663073688	0.672497051555787	566	11
5587	3	-0.0100473649612973	0	6	0.86804663073688	0.672497051555787	566	11
5588	1	0.336389158529881	0	6	0.86804663073688	0.672497051555787	566	11
5589	2	-0.124874582738114	0	6	0.86804663073688	0.672497051555787	566	11
5590	4	-0.309234503563522	0	6	0.86804663073688	0.672497051555787	566	11
5591	1	0.666306081894762	0	6	0.86804663073688	0.672497051555787	566	11
5592	3	-0.146476854772715	0	6	0.86804663073688	0.672497051555787	566	11
5593	3	0.295524080188189	0	6	0.86804663073688	0.672497051555787	566	11
5594	3	0.00803562023333765	0	6	0.86804663073688	0.672497051555787	566	11
5595	2	-0.0216872724137832	0	6	0.86804663073688	0.672497051555787	566	11
5596	2	0.0847131588115408	0	6	0.86804663073688	0.672497051555787	566	11
5597	4	0.182134913181516	0	6	0.86804663073688	0.672497051555787	566	11
5598	3	0.24943507974809	0	6	0.86804663073688	0.672497051555787	566	11
5599	1	0.334978137016022	0	6	0.86804663073688	0.672497051555787	566	11
5600	1	0.376969630376113	0	6	0.86804663073688	0.672497051555787	566	11
5601	0	0.412868150124009	0	6	0.86804663073688	0.672497051555787	566	11
5602	3	0.226968710445023	0	6	0.86804663073688	0.672497051555787	566	11
5603	1	0.101094734171878	0	6	0.86804663073688	0.672497051555787	566	11
5604	0	0.306885142531357	0	6	0.86804663073688	0.672497051555787	566	11
5605	2	0.250696765469555	0	6	0.86804663073688	0.672497051555787	566	11
5607	2	0.288018562265069	0	6	0.86804663073688	0.672497051555787	566	11
5608	6	0.400210547045936	0	6	0.86804663073688	0.672497051555787	566	11
5609	2	-0.059288295078535	0	6	0.86804663073688	0.672497051555787	566	11
5610	10	0.311797297961841	0	6	0.86804663073688	0.672497051555787	566	11
5611	3	-0.0406060931115055	0	6	0.86804663073688	0.672497051555787	566	11
5613	1	0.732411982164544	0	6	0.86804663073688	0.672497051555787	566	11
5618	4	-0.225350860241371	0	6	0.86804663073688	0.672497051555787	566	11
5621	2	-0.191411202247013	0	6	0.86804663073688	0.672497051555787	566	11
5624	4	-0.0331358349954117	0	6	0.86804663073688	0.672497051555787	566	11
5627	1	0.360333528375304	0	6	0.86804663073688	0.672497051555787	566	11
5629	0	-0.350537375898087	0	6	0.86804663073688	0.672497051555787	566	11
5631	2	0.00884993847702777	0	6	0.86804663073688	0.672497051555787	566	11
5634	2	-0.265471320849475	0	6	0.86804663073688	0.672497051555787	566	11
5635	0	0.386415421493632	0	6	0.86804663073688	0.672497051555787	566	11
5636	2	0.160386302010492	0	6	0.86804663073688	0.672497051555787	566	11
5638	0	0.101725871252921	0	6	0.86804663073688	0.672497051555787	566	11
5639	4	-0.219963172992543	0	6	0.86804663073688	0.672497051555787	566	11
5641	4	-0.354794644480933	0	6	0.86804663073688	0.672497051555787	566	11
5648	4	-0.217612330973052	0	6	0.86804663073688	0.672497051555787	566	11
5649	1	0.25814769672313	0	6	0.86804663073688	0.672497051555787	566	11
5650	3	-0.0108992925801822	0	6	0.86804663073688	0.672497051555787	566	11
5652	4	-0.063131737130795	0	6	0.86804663073688	0.672497051555787	566	11
5653	3	-0.014959043532072	0	6	0.86804663073688	0.672497051555787	566	11
5654	3	-0.209045560762685	0	6	0.86804663073688	0.672497051555787	566	11
5662	1	0.114469597214371	0	6	0.86804663073688	0.672497051555787	566	11
5663	1	0.420032047865612	0	6	0.86804663073688	0.672497051555787	566	11
5664	3	0.0430943272293679	0	6	0.86804663073688	0.672497051555787	566	11
5672	0	0.225568533814646	0	6	0.86804663073688	0.672497051555787	566	11
5681	3	-0.101977737653679	0	6	0.86804663073688	0.672497051555787	566	11
5682	0	0.373400020866175	0	6	0.86804663073688	0.672497051555787	566	11
5683	2	0.162155920833297	0	6	0.86804663073688	0.672497051555787	566	11
5684	0	0.184164456471643	0	6	0.86804663073688	0.672497051555787	566	11
5685	1	0.318667937648964	0	6	0.86804663073688	0.672497051555787	566	11
5686	2	-0.117100635055054	0	6	0.86804663073688	0.672497051555787	566	11
5688	7	0.0811985207315704	0	6	0.86804663073688	0.672497051555787	566	11
5689	2	-0.155644361748805	0	6	0.86804663073688	0.672497051555787	566	11
5690	2	-0.0193884174720962	0	6	0.86804663073688	0.672497051555787	566	11
5691	2	-0.0969137840770341	0	6	0.86804663073688	0.672497051555787	566	11
5692	2	0.217522347428903	0	6	0.86804663073688	0.672497051555787	566	11
5693	2	-0.0914330926345125	0	6	0.86804663073688	0.672497051555787	566	11
5694	2	-0.116007312211945	0	6	0.86804663073688	0.672497051555787	566	11
5695	2	-0.176423797245173	0	6	0.86804663073688	0.672497051555787	566	11
5697	2	0.0297038132194736	0	6	0.86804663073688	0.672497051555787	566	11
5699	2	-0.120745007129169	0	6	0.86804663073688	0.672497051555787	566	11
5701	2	-0.0578436178762427	0	6	0.86804663073688	0.672497051555787	566	11
5702	2	-0.106618829451631	0	6	0.86804663073688	0.672497051555787	566	11
5704	2	-0.143210261143893	0	6	0.86804663073688	0.672497051555787	566	11
5705	2	-0.0216762780769976	0	6	0.86804663073688	0.672497051555787	566	11
5707	3	0.176252610621933	0	6	0.86804663073688	0.672497051555787	566	11
5708	2	0.0738031317726036	0	6	0.86804663073688	0.672497051555787	566	11
5709	2	-0.0868910881303083	0	6	0.86804663073688	0.672497051555787	566	11
5710	2	0.256838800560068	0	6	0.86804663073688	0.672497051555787	566	11
5711	1	0.52418297534951	0	6	0.86804663073688	0.672497051555787	566	11
5713	5	0.519138245628302	1	6	0.86804663073688	0.672497051555787	566	11
5714	2	-0.075521744530162	0	6	0.86804663073688	0.672497051555787	566	11
5715	2	-0.15127926346086	0	6	0.86804663073688	0.672497051555787	566	11
5716	1	0.249982014753344	0	6	0.86804663073688	0.672497051555787	566	11
5717	2	0.0848280789016793	0	6	0.86804663073688	0.672497051555787	566	11
5718	3	0.437351888081371	0	6	0.86804663073688	0.672497051555787	566	11
5719	2	0.00495155907268559	0	6	0.86804663073688	0.672497051555787	566	11
5720	2	-0.112459434634848	0	6	0.86804663073688	0.672497051555787	566	11
5723	4	0.109107169091046	0	6	0.86804663073688	0.672497051555787	566	11
5724	1	0.315069044905309	0	6	0.86804663073688	0.672497051555787	566	11
5727	1	0.118461671281615	0	6	0.86804663073688	0.672497051555787	566	11
5728	1	0.424522763713795	0	6	0.86804663073688	0.672497051555787	566	11
5729	1	0.308115928683365	0	6	0.86804663073688	0.672497051555787	566	11
5730	3	-0.107330122252966	0	6	0.86804663073688	0.672497051555787	566	11
5731	1	0.287910258015915	0	6	0.86804663073688	0.672497051555787	566	11
5732	1	0.260875825448491	0	6	0.86804663073688	0.672497051555787	566	11
5733	9	-0.0889139932383274	0	6	0.86804663073688	0.672497051555787	566	11
5734	3	0.133579534485469	0	6	0.86804663073688	0.672497051555787	566	11
5737	9	-0.122505367604608	0	6	0.86804663073688	0.672497051555787	566	11
5739	1	0.425855408255565	0	6	0.86804663073688	0.672497051555787	566	11
5740	3	-0.0333954844557963	0	6	0.86804663073688	0.672497051555787	566	11
5742	1	0.596682311116673	0	6	0.86804663073688	0.672497051555787	566	11
5743	8	-0.214200323499124	0	6	0.86804663073688	0.672497051555787	566	11
5744	3	0.38352611873887	0	6	0.86804663073688	0.672497051555787	566	11
5745	2	-0.202656240761637	0	6	0.86804663073688	0.672497051555787	566	11
5753	1	0.343188099363878	0	6	0.86804663073688	0.672497051555787	566	11
5754	2	0.0189464440425269	0	6	0.86804663073688	0.672497051555787	566	11
5763	2	0.208198731367802	0	6	0.86804663073688	0.672497051555787	566	11
5764	1	0.351363130254795	0	6	0.86804663073688	0.672497051555787	566	11
5770	1	0.247367473040299	0	6	0.86804663073688	0.672497051555787	566	11
5771	1	0.308357119691605	0	6	0.86804663073688	0.672497051555787	566	11
5774	6	0.109158839962507	0	6	0.86804663073688	0.672497051555787	566	11
5775	4	-0.138056061248871	0	6	0.86804663073688	0.672497051555787	566	11
5777	1	-0.00772881446343845	0	6	0.86804663073688	0.672497051555787	566	11
5778	3	0.222820458825001	0	6	0.86804663073688	0.672497051555787	566	11
5780	3	0.196575150610153	0	6	0.86804663073688	0.672497051555787	566	11
5781	3	0.266799715160955	0	6	0.86804663073688	0.672497051555787	566	11
5782	5	0.70882903100085	1	6	0.86804663073688	0.672497051555787	566	11
5783	3	0.00281792878353359	0	6	0.86804663073688	0.672497051555787	566	11
5784	3	0.126058827349746	0	6	0.86804663073688	0.672497051555787	566	11
5786	2	-0.0589664863012714	0	6	0.86804663073688	0.672497051555787	566	11
5787	3	0.361811330130947	0	6	0.86804663073688	0.672497051555787	566	11
5788	1	0.243448880382858	0	6	0.86804663073688	0.672497051555787	566	11
5789	3	0.0131983361284344	0	6	0.86804663073688	0.672497051555787	566	11
5790	1	0.456172529303952	0	6	0.86804663073688	0.672497051555787	566	11
5791	1	0.496378734927548	0	6	0.86804663073688	0.672497051555787	566	11
5792	7	-0.104540091000899	0	6	0.86804663073688	0.672497051555787	566	11
5793	3	0.202776710405893	0	6	0.86804663073688	0.672497051555787	566	11
5794	1	0.556597544757597	0	6	0.86804663073688	0.672497051555787	566	11
5796	1	0.428076251190721	0	6	0.86804663073688	0.672497051555787	566	11
5797	5	0.477905804408289	1	6	0.86804663073688	0.672497051555787	566	11
5799	3	-0.0278557961962602	0	6	0.86804663073688	0.672497051555787	566	11
5800	3	0.0893533644968226	0	6	0.86804663073688	0.672497051555787	566	11
5802	1	0.0919053329893497	0	6	0.86804663073688	0.672497051555787	566	11
5805	2	0.177646919326736	0	6	0.86804663073688	0.672497051555787	566	11
5806	1	0.176737338775326	0	6	0.86804663073688	0.672497051555787	566	11
5810	0	0.048904934514365	0	6	0.86804663073688	0.672497051555787	566	11
5813	2	0.072160787371747	0	6	0.86804663073688	0.672497051555787	566	11
5816	2	-0.209561780964401	0	6	0.86804663073688	0.672497051555787	566	11
5817	3	0.0860507135140422	0	6	0.86804663073688	0.672497051555787	566	11
5818	1	0.121120939467847	0	6	0.86804663073688	0.672497051555787	566	11
5819	3	-0.163298731522429	0	6	0.86804663073688	0.672497051555787	566	11
5824	3	-0.0823211220773577	0	6	0.86804663073688	0.672497051555787	566	11
5825	4	-0.273215819401553	0	6	0.86804663073688	0.672497051555787	566	11
5826	5	0.453053333839146	1	6	0.86804663073688	0.672497051555787	566	11
5827	4	-0.244174601549398	0	6	0.86804663073688	0.672497051555787	566	11
5828	3	0.182460986778676	0	6	0.86804663073688	0.672497051555787	566	11
5829	0	0.122351699293256	0	6	0.86804663073688	0.672497051555787	566	11
5830	2	-0.0703346872863123	0	6	0.86804663073688	0.672497051555787	566	11
5831	1	0.293880944343408	0	6	0.86804663073688	0.672497051555787	566	11
5832	1	0.314513429158223	0	6	0.86804663073688	0.672497051555787	566	11
5833	4	-0.34092272061157	0	6	0.86804663073688	0.672497051555787	566	11
5834	1	0.22177403001234	0	6	0.86804663073688	0.672497051555787	566	11
5836	1	0.221819924079719	0	6	0.86804663073688	0.672497051555787	566	11
5837	1	0.407946833147945	0	6	0.86804663073688	0.672497051555787	566	11
5858	1	0.557837670461655	0	6	0.86804663073688	0.672497051555787	566	11
5860	4	-0.487827167093942	0	6	0.86804663073688	0.672497051555787	566	11
5861	2	0.0326131445700585	0	6	0.86804663073688	0.672497051555787	566	11
5862	2	-0.0638631989986405	0	6	0.86804663073688	0.672497051555787	566	11
5864	4	-0.0134587444411466	0	6	0.86804663073688	0.672497051555787	566	11
5865	1	0.347327969539003	0	6	0.86804663073688	0.672497051555787	566	11
5866	2	-0.180125976862404	0	6	0.86804663073688	0.672497051555787	566	11
5868	3	0.0879567169231039	0	6	0.86804663073688	0.672497051555787	566	11
5869	3	0.140389499720875	0	6	0.86804663073688	0.672497051555787	566	11
5871	3	0.198073157768102	0	6	0.86804663073688	0.672497051555787	566	11
5873	1	0.174020665069168	0	6	0.86804663073688	0.672497051555787	566	11
5874	0	-0.0805128449882862	0	6	0.86804663073688	0.672497051555787	566	11
5875	2	-0.238338128213669	0	6	0.86804663073688	0.672497051555787	566	11
5877	2	-0.123102823877624	0	6	0.86804663073688	0.672497051555787	566	11
5878	2	-0.144085831465648	0	6	0.86804663073688	0.672497051555787	566	11
5879	2	0.0450334146290184	0	6	0.86804663073688	0.672497051555787	566	11
5880	1	0.0628602451353943	0	6	0.86804663073688	0.672497051555787	566	11
5881	8	-0.00795495631029675	0	6	0.86804663073688	0.672497051555787	566	11
5883	2	0.251086493587798	0	6	0.86804663073688	0.672497051555787	566	11
5884	3	0.0274568393963593	0	6	0.86804663073688	0.672497051555787	566	11
5886	2	-0.109294126547245	0	6	0.86804663073688	0.672497051555787	566	11
5887	3	-0.00995033097360862	0	6	0.86804663073688	0.672497051555787	566	11
5889	2	0.127285333424494	0	6	0.86804663073688	0.672497051555787	566	11
5890	1	0.522762607392868	0	6	0.86804663073688	0.672497051555787	566	11
5891	0	0.247050187763856	0	6	0.86804663073688	0.672497051555787	566	11
5892	1	0.564283531979257	0	6	0.86804663073688	0.672497051555787	566	11
5894	3	0.237237339410789	0	6	0.86804663073688	0.672497051555787	566	11
5896	3	0.0778426516487982	0	6	0.86804663073688	0.672497051555787	566	11
5898	2	0.165552106785338	0	6	0.86804663073688	0.672497051555787	566	11
5899	3	0.141341212196564	0	6	0.86804663073688	0.672497051555787	566	11
5900	5	0.406860153718607	1	6	0.86804663073688	0.672497051555787	566	11
5901	7	0.199290469587602	0	6	0.86804663073688	0.672497051555787	566	11
5902	0	0.388367649261577	0	6	0.86804663073688	0.672497051555787	566	11
5903	5	0.719154129425417	1	6	0.86804663073688	0.672497051555787	566	11
5905	3	0.00819907622238399	0	6	0.86804663073688	0.672497051555787	566	11
5906	1	0.449756656297274	0	6	0.86804663073688	0.672497051555787	566	11
5909	6	0.0208476252922809	0	6	0.86804663073688	0.672497051555787	566	11
5910	3	0.360762988558556	0	6	0.86804663073688	0.672497051555787	566	11
5911	0	0.306879022712601	0	6	0.86804663073688	0.672497051555787	566	11
5912	1	0.466090122221787	0	6	0.86804663073688	0.672497051555787	566	11
5913	1	0.423790444938258	0	6	0.86804663073688	0.672497051555787	566	11
5914	2	0.00267737280319833	0	6	0.86804663073688	0.672497051555787	566	11
5915	3	0.233732644566851	0	6	0.86804663073688	0.672497051555787	566	11
5916	3	0.365585141292981	0	6	0.86804663073688	0.672497051555787	566	11
5917	1	0.509445151398947	0	6	0.86804663073688	0.672497051555787	566	11
5918	1	0.360364048737681	0	6	0.86804663073688	0.672497051555787	566	11
5919	3	-0.0872221945487452	0	6	0.86804663073688	0.672497051555787	566	11
5920	2	-0.143809767369057	0	6	0.86804663073688	0.672497051555787	566	11
5921	5	0.829566886584059	1	6	0.86804663073688	0.672497051555787	566	11
5922	5	0.788447177761041	1	6	0.86804663073688	0.672497051555787	566	11
5923	1	0.128771028020493	0	6	0.86804663073688	0.672497051555787	566	11
5925	1	0.392197447640985	0	6	0.86804663073688	0.672497051555787	566	11
5926	5	0.451844624775538	1	6	0.86804663073688	0.672497051555787	566	11
5927	5	0.5647383384558	1	6	0.86804663073688	0.672497051555787	566	11
5929	2	0.00780629170590972	0	6	0.86804663073688	0.672497051555787	566	11
5930	1	0.514620452598023	0	6	0.86804663073688	0.672497051555787	566	11
5931	1	0.294090357846977	0	6	0.86804663073688	0.672497051555787	566	11
5933	1	0.254030524329691	0	6	0.86804663073688	0.672497051555787	566	11
5934	3	0.0681614856288658	0	6	0.86804663073688	0.672497051555787	566	11
5935	0	0.289146425028842	0	6	0.86804663073688	0.672497051555787	566	11
5939	3	0.20597722835504	0	6	0.86804663073688	0.672497051555787	566	11
5947	1	0.461608437607644	0	6	0.86804663073688	0.672497051555787	566	11
5950	4	-0.186897249625087	0	6	0.86804663073688	0.672497051555787	566	11
5955	3	0.155896882853307	0	6	0.86804663073688	0.672497051555787	566	11
5961	0	0.24464774127877	0	6	0.86804663073688	0.672497051555787	566	11
5962	3	-0.00736986670545852	0	6	0.86804663073688	0.672497051555787	566	11
5965	1	0.393066899605187	0	6	0.86804663073688	0.672497051555787	566	11
5966	1	0.472439115266021	0	6	0.86804663073688	0.672497051555787	566	11
5967	1	0.161204677442911	0	6	0.86804663073688	0.672497051555787	566	11
5970	2	0.187806078845802	0	6	0.86804663073688	0.672497051555787	566	11
5971	1	0.329742446387786	0	6	0.86804663073688	0.672497051555787	566	11
5972	0	0.272484764704717	0	6	0.86804663073688	0.672497051555787	566	11
5973	4	0.0850267860418874	0	6	0.86804663073688	0.672497051555787	566	11
5976	2	-0.162946292077278	0	6	0.86804663073688	0.672497051555787	566	11
5977	2	0.13187129118462	0	6	0.86804663073688	0.672497051555787	566	11
5978	0	0.284735826532991	0	6	0.86804663073688	0.672497051555787	566	11
5979	1	0.483918043925392	0	6	0.86804663073688	0.672497051555787	566	11
5980	1	0.610400246083925	0	6	0.86804663073688	0.672497051555787	566	11
5981	3	-0.0338074996191442	0	6	0.86804663073688	0.672497051555787	566	11
5982	1	0.113842998966916	0	6	0.86804663073688	0.672497051555787	566	11
5983	1	0.229529887489307	0	6	0.86804663073688	0.672497051555787	566	11
5984	1	0.368741870503716	0	6	0.86804663073688	0.672497051555787	566	11
5985	1	0.344499113504753	0	6	0.86804663073688	0.672497051555787	566	11
5986	2	0.0389094942453133	0	6	0.86804663073688	0.672497051555787	566	11
5989	2	-0.138607200642305	0	6	0.86804663073688	0.672497051555787	566	11
5990	1	0.443035708571037	0	6	0.86804663073688	0.672497051555787	566	11
5991	0	0.445893850197738	0	6	0.86804663073688	0.672497051555787	566	11
5993	1	0.323758414134647	0	6	0.86804663073688	0.672497051555787	566	11
5994	0	0.395723036349883	0	6	0.86804663073688	0.672497051555787	566	11
5996	11	-0.0551390749563387	0	6	0.86804663073688	0.672497051555787	566	11
5997	8	-0.0174609503309508	0	6	0.86804663073688	0.672497051555787	566	11
5998	5	0.72418912503643	1	6	0.86804663073688	0.672497051555787	566	11
5999	1	0.417396958503622	0	6	0.86804663073688	0.672497051555787	566	11
6000	3	0.0825247970495247	0	6	0.86804663073688	0.672497051555787	566	11
6001	2	0.0240788963149766	0	6	0.86804663073688	0.672497051555787	566	11
6002	1	0.4321032641804	0	6	0.86804663073688	0.672497051555787	566	11
6004	11	0.203208438682702	0	6	0.86804663073688	0.672497051555787	566	11
6007	5	0.609727819207975	1	6	0.86804663073688	0.672497051555787	566	11
6009	3	0.0428655571096711	0	6	0.86804663073688	0.672497051555787	566	11
6016	2	0.193085297501023	0	6	0.86804663073688	0.672497051555787	566	11
6018	5	0.670573760840662	1	6	0.86804663073688	0.672497051555787	566	11
6035	3	0.380250777756963	0	6	0.86804663073688	0.672497051555787	566	11
6039	1	0.389952670987878	0	6	0.86804663073688	0.672497051555787	566	11
6041	3	-0.0425555115982478	0	6	0.86804663073688	0.672497051555787	566	11
6045	3	0.16484151840454	0	6	0.86804663073688	0.672497051555787	566	11
6046	3	0.177536169575283	0	6	0.86804663073688	0.672497051555787	566	11
6047	2	0.295860842144667	0	6	0.86804663073688	0.672497051555787	566	11
6049	3	0.133923799242739	0	6	0.86804663073688	0.672497051555787	566	11
6050	2	-0.229035518947073	0	6	0.86804663073688	0.672497051555787	566	11
6051	2	-0.132063324395369	0	6	0.86804663073688	0.672497051555787	566	11
6059	1	0.393743583581218	0	6	0.86804663073688	0.672497051555787	566	11
6091	3	0.346932708021199	0	6	0.86804663073688	0.672497051555787	566	11
6093	3	0.432925463769303	0	6	0.86804663073688	0.672497051555787	566	11
6094	0	-0.187558901684122	0	6	0.86804663073688	0.672497051555787	566	11
6095	4	-0.0272597812724058	0	6	0.86804663073688	0.672497051555787	566	11
6096	4	-0.202195145366743	0	6	0.86804663073688	0.672497051555787	566	11
6097	9	-0.161721263523561	0	6	0.86804663073688	0.672497051555787	566	11
6098	0	-0.20332026406395	0	6	0.86804663073688	0.672497051555787	566	11
6102	2	-0.00777760262816939	0	6	0.86804663073688	0.672497051555787	566	11
6103	4	0.183157347431962	0	6	0.86804663073688	0.672497051555787	566	11
6117	1	0.324592374894937	0	6	0.86804663073688	0.672497051555787	566	11
6118	2	-0.0059543999752875	0	6	0.86804663073688	0.672497051555787	566	11
6119	2	-0.0102778741890453	0	6	0.86804663073688	0.672497051555787	566	11
6123	0	0.13916175827708	0	6	0.86804663073688	0.672497051555787	566	11
6132	7	-0.168234179960691	0	6	0.86804663073688	0.672497051555787	566	11
6135	7	-0.0797889210653186	0	6	0.86804663073688	0.672497051555787	566	11
6138	7	0.14202494893409	0	6	0.86804663073688	0.672497051555787	566	11
6146	7	0.00464334873156009	0	6	0.86804663073688	0.672497051555787	566	11
6150	2	-0.375169358846117	0	6	0.86804663073688	0.672497051555787	566	11
6156	7	0.0243140400111549	0	6	0.86804663073688	0.672497051555787	566	11
6160	7	0.304381416416081	0	6	0.86804663073688	0.672497051555787	566	11
6165	7	0.359416768084129	0	6	0.86804663073688	0.672497051555787	566	11
6168	7	-0.0922003924400178	0	6	0.86804663073688	0.672497051555787	566	11
6169	7	0.162261319812719	0	6	0.86804663073688	0.672497051555787	566	11
6182	2	-0.169622020675892	0	6	0.86804663073688	0.672497051555787	566	11
6183	2	-0.107093169395088	0	6	0.86804663073688	0.672497051555787	566	11
6184	2	-0.211783909786166	0	6	0.86804663073688	0.672497051555787	566	11
6185	2	-0.00186547241921249	0	6	0.86804663073688	0.672497051555787	566	11
6188	7	0.0917585795097633	0	6	0.86804663073688	0.672497051555787	566	11
6192	0	0.0119955889934247	0	6	0.86804663073688	0.672497051555787	566	11
6194	7	-0.00891293729277376	0	6	0.86804663073688	0.672497051555787	566	11
6195	6	0.0987059482703004	0	6	0.86804663073688	0.672497051555787	566	11
6196	3	0.258227055383598	0	6	0.86804663073688	0.672497051555787	566	11
6197	1	0.414790749538476	0	6	0.86804663073688	0.672497051555787	566	11
6198	5	0.611821882801366	1	6	0.86804663073688	0.672497051555787	566	11
6199	2	0.0657136819580566	0	6	0.86804663073688	0.672497051555787	566	11
6208	7	0.00783552343847205	0	6	0.86804663073688	0.672497051555787	566	11
6217	7	-0.201196428020723	0	6	0.86804663073688	0.672497051555787	566	11
6223	7	0.105569719692157	0	6	0.86804663073688	0.672497051555787	566	11
6227	7	0.194929596071629	0	6	0.86804663073688	0.672497051555787	566	11
6228	7	0.149772448381626	0	6	0.86804663073688	0.672497051555787	566	11
6229	6	0.428898929123989	0	6	0.86804663073688	0.672497051555787	566	11
6236	1	0.122749792945755	0	6	0.86804663073688	0.672497051555787	566	11
6237	3	-0.0844779224435001	0	6	0.86804663073688	0.672497051555787	566	11
6238	0	0.148985169900412	0	6	0.86804663073688	0.672497051555787	566	11
6239	2	0.139831105274482	0	6	0.86804663073688	0.672497051555787	566	11
6241	1	0.49047196661511	0	6	0.86804663073688	0.672497051555787	566	11
6249	3	0.244307569587914	0	6	0.86804663073688	0.672497051555787	566	11
6251	1	0.294064820520758	0	6	0.86804663073688	0.672497051555787	566	11
6252	1	0.13720090349726	0	6	0.86804663073688	0.672497051555787	566	11
6253	3	0.048722575058618	0	6	0.86804663073688	0.672497051555787	566	11
6256	3	0.103030980752557	0	6	0.86804663073688	0.672497051555787	566	11
6259	1	0.686256011829104	0	6	0.86804663073688	0.672497051555787	566	11
6261	1	0.109309631506558	0	6	0.86804663073688	0.672497051555787	566	11
6262	0	-0.20517500240667	0	6	0.86804663073688	0.672497051555787	566	11
6263	3	0.404486084935035	0	6	0.86804663073688	0.672497051555787	566	11
6271	4	-0.196923627360396	0	6	0.86804663073688	0.672497051555787	566	11
6272	3	-0.0164494084880484	0	6	0.86804663073688	0.672497051555787	566	11
6273	1	0.303778506850573	0	6	0.86804663073688	0.672497051555787	566	11
6274	1	0.311617821411726	0	6	0.86804663073688	0.672497051555787	566	11
6275	1	0.558491306991183	0	6	0.86804663073688	0.672497051555787	566	11
6277	2	-0.000926770769980539	0	6	0.86804663073688	0.672497051555787	566	11
6279	8	-0.0965922802436503	0	6	0.86804663073688	0.672497051555787	566	11
6280	8	-0.271112215871147	0	6	0.86804663073688	0.672497051555787	566	11
6281	1	0.274644394517377	0	6	0.86804663073688	0.672497051555787	566	11
6282	1	0.232291483633303	0	6	0.86804663073688	0.672497051555787	566	11
6284	2	-0.0288353316475372	0	6	0.86804663073688	0.672497051555787	566	11
6285	1	0.502115532424835	0	6	0.86804663073688	0.672497051555787	566	11
6294	2	0.182306776143065	0	6	0.86804663073688	0.672497051555787	566	11
6296	4	-0.198713451315947	0	6	0.86804663073688	0.672497051555787	566	11
6297	2	-0.090822375680077	0	6	0.86804663073688	0.672497051555787	566	11
6299	2	-0.232684344441652	0	6	0.86804663073688	0.672497051555787	566	11
6300	0	0.340336966559232	0	6	0.86804663073688	0.672497051555787	566	11
6301	2	-0.0344508052408861	0	6	0.86804663073688	0.672497051555787	566	11
6302	3	-8.61497013846836e-06	0	6	0.86804663073688	0.672497051555787	566	11
6303	2	-0.0629357453953936	0	6	0.86804663073688	0.672497051555787	566	11
6304	5	0.599618898937842	1	6	0.86804663073688	0.672497051555787	566	11
6305	0	-0.0455567984027277	0	6	0.86804663073688	0.672497051555787	566	11
6307	2	-0.024295065088829	0	6	0.86804663073688	0.672497051555787	566	11
6309	2	-0.0660472397142591	0	6	0.86804663073688	0.672497051555787	566	11
6310	5	0.655215180177137	1	6	0.86804663073688	0.672497051555787	566	11
6311	3	0.237289148407807	0	6	0.86804663073688	0.672497051555787	566	11
6314	3	0.486458008083179	0	6	0.86804663073688	0.672497051555787	566	11
6319	1	0.180741363122042	0	6	0.86804663073688	0.672497051555787	566	11
6320	1	0.348361888645095	0	6	0.86804663073688	0.672497051555787	566	11
6322	0	0.288223764178962	0	6	0.86804663073688	0.672497051555787	566	11
6323	0	-0.0405475370932214	0	6	0.86804663073688	0.672497051555787	566	11
6324	1	0.0193017123677206	0	6	0.86804663073688	0.672497051555787	566	11
6326	1	0.40322228703259	0	6	0.86804663073688	0.672497051555787	566	11
6327	3	-0.134036990987535	0	6	0.86804663073688	0.672497051555787	566	11
6328	1	0.385805549152467	0	6	0.86804663073688	0.672497051555787	566	11
6329	0	0.409910356441532	0	6	0.86804663073688	0.672497051555787	566	11
6332	3	0.0767392528420444	0	6	0.86804663073688	0.672497051555787	566	11
6334	1	0.0932111942812247	0	6	0.86804663073688	0.672497051555787	566	11
6335	1	0.296023146175588	0	6	0.86804663073688	0.672497051555787	566	11
6337	6	0.151748626638801	0	6	0.86804663073688	0.672497051555787	566	11
6338	9	0.0531529304557882	0	6	0.86804663073688	0.672497051555787	566	11
6339	5	0.526451495412714	1	6	0.86804663073688	0.672497051555787	566	11
6342	4	-0.327088559906068	0	6	0.86804663073688	0.672497051555787	566	11
6343	3	0.139557898519095	0	6	0.86804663073688	0.672497051555787	566	11
6344	4	0.0664802743791338	0	6	0.86804663073688	0.672497051555787	566	11
6347	1	0.385644752801175	0	6	0.86804663073688	0.672497051555787	566	11
6352	1	0.178258661222005	0	6	0.86804663073688	0.672497051555787	566	11
6355	1	0.518770090214132	0	6	0.86804663073688	0.672497051555787	566	11
6356	1	0.293200045700319	0	6	0.86804663073688	0.672497051555787	566	11
6357	1	0.418543076250791	0	6	0.86804663073688	0.672497051555787	566	11
6361	1	0.337244572978765	0	6	0.86804663073688	0.672497051555787	566	11
6363	1	0.396487777666873	0	6	0.86804663073688	0.672497051555787	566	11
6364	1	0.166992794045064	0	6	0.86804663073688	0.672497051555787	566	11
6366	1	0.440691879976391	0	6	0.86804663073688	0.672497051555787	566	11
6367	1	0.289303868871684	0	6	0.86804663073688	0.672497051555787	566	11
6372	1	0.25049434961402	0	6	0.86804663073688	0.672497051555787	566	11
6376	2	-0.0869862096320356	0	6	0.86804663073688	0.672497051555787	566	11
6382	4	-0.284473405381293	0	6	0.86804663073688	0.672497051555787	566	11
6383	2	0.0735970157617663	0	6	0.86804663073688	0.672497051555787	566	11
6385	2	-0.114564718244558	0	6	0.86804663073688	0.672497051555787	566	11
6386	1	0.660359005017622	0	6	0.86804663073688	0.672497051555787	566	11
6387	1	0.085969174270594	0	6	0.86804663073688	0.672497051555787	566	11
6388	2	-0.010779974224793	0	6	0.86804663073688	0.672497051555787	566	11
6390	4	-0.348579012329407	0	6	0.86804663073688	0.672497051555787	566	11
6392	2	-0.0962126425522359	0	6	0.86804663073688	0.672497051555787	566	11
6396	2	0.130986798827893	0	6	0.86804663073688	0.672497051555787	566	11
6398	1	-0.0877381042907153	0	6	0.86804663073688	0.672497051555787	566	11
6399	2	0.250025924503606	0	6	0.86804663073688	0.672497051555787	566	11
6400	3	0.164452667900911	0	6	0.86804663073688	0.672497051555787	566	11
6401	0	0.372150262307537	0	6	0.86804663073688	0.672497051555787	566	11
6402	8	-0.0904126041483326	0	6	0.86804663073688	0.672497051555787	566	11
6403	0	0.00733491369292646	0	6	0.86804663073688	0.672497051555787	566	11
6404	1	0.102864771673045	0	6	0.86804663073688	0.672497051555787	566	11
6405	5	0.418243339666589	1	6	0.86804663073688	0.672497051555787	566	11
6414	4	-0.156941295167459	0	6	0.86804663073688	0.672497051555787	566	11
6415	2	-0.052936808013953	0	6	0.86804663073688	0.672497051555787	566	11
6416	2	0.194242341169425	0	6	0.86804663073688	0.672497051555787	566	11
6418	1	0.207463474602531	0	6	0.86804663073688	0.672497051555787	566	11
6419	1	0.61714575976941	0	6	0.86804663073688	0.672497051555787	566	11
6422	1	0.240600489360499	0	6	0.86804663073688	0.672497051555787	566	11
6424	1	0.08519900961581	0	6	0.86804663073688	0.672497051555787	566	11
6426	5	0.547828819730431	1	6	0.86804663073688	0.672497051555787	566	11
6428	2	0.109057861868672	0	6	0.86804663073688	0.672497051555787	566	11
6429	0	0.45719230766848	0	6	0.86804663073688	0.672497051555787	566	11
6430	5	0.613543092465504	1	6	0.86804663073688	0.672497051555787	566	11
6431	5	0.550544117378662	1	6	0.86804663073688	0.672497051555787	566	11
6432	0	0.349673455141388	0	6	0.86804663073688	0.672497051555787	566	11
6433	5	0.732842651668233	1	6	0.86804663073688	0.672497051555787	566	11
6434	5	0.719659887800615	1	6	0.86804663073688	0.672497051555787	566	11
6439	1	0.335511151388206	0	6	0.86804663073688	0.672497051555787	566	11
6441	1	0.251140316172319	0	6	0.86804663073688	0.672497051555787	566	11
6442	5	0.632479656537753	1	6	0.86804663073688	0.672497051555787	566	11
6443	3	0.0472227369317688	0	6	0.86804663073688	0.672497051555787	566	11
6444	1	0.310812137985125	0	6	0.86804663073688	0.672497051555787	566	11
6446	3	0.416562238584098	0	6	0.86804663073688	0.672497051555787	566	11
6448	2	-0.206268790039877	0	6	0.86804663073688	0.672497051555787	566	11
6449	2	0.0243324509361136	0	6	0.86804663073688	0.672497051555787	566	11
6451	7	0.216985408663219	0	6	0.86804663073688	0.672497051555787	566	11
6452	5	0.62602998590534	1	6	0.86804663073688	0.672497051555787	566	11
6453	1	0.371229974821492	0	6	0.86804663073688	0.672497051555787	566	11
6455	1	0.345772853248226	0	6	0.86804663073688	0.672497051555787	566	11
6456	4	-0.170394471048676	0	6	0.86804663073688	0.672497051555787	566	11
6457	1	0.172750883290556	0	6	0.86804663073688	0.672497051555787	566	11
6461	2	0.182581747494806	0	6	0.86804663073688	0.672497051555787	566	11
6462	4	-0.182611304824019	0	6	0.86804663073688	0.672497051555787	566	11
6464	1	0.414367893393715	0	6	0.86804663073688	0.672497051555787	566	11
6468	3	0.237767767465332	0	6	0.86804663073688	0.672497051555787	566	11
6469	4	0.0880252732072264	0	6	0.86804663073688	0.672497051555787	566	11
6470	4	-0.270411441554915	0	6	0.86804663073688	0.672497051555787	566	11
6472	2	-0.0467121797580949	0	6	0.86804663073688	0.672497051555787	566	11
6477	5	0.618184549611293	1	6	0.86804663073688	0.672497051555787	566	11
6478	2	-0.00248984722442094	0	6	0.86804663073688	0.672497051555787	566	11
6480	3	0.0841118356019571	0	6	0.86804663073688	0.672497051555787	566	11
6482	3	0.157662573414467	0	6	0.86804663073688	0.672497051555787	566	11
6483	1	0.571755196055327	0	6	0.86804663073688	0.672497051555787	566	11
6484	3	-0.0869339188669886	0	6	0.86804663073688	0.672497051555787	566	11
6489	1	0.449102057381599	0	6	0.86804663073688	0.672497051555787	566	11
6490	1	0.372157563439249	0	6	0.86804663073688	0.672497051555787	566	11
6491	1	0.265498317582402	0	6	0.86804663073688	0.672497051555787	566	11
6492	9	-0.0507813217301673	0	6	0.86804663073688	0.672497051555787	566	11
6493	6	0.0719534949917698	0	6	0.86804663073688	0.672497051555787	566	11
6494	1	0.253106281734974	0	6	0.86804663073688	0.672497051555787	566	11
6497	1	0.348760758367741	0	6	0.86804663073688	0.672497051555787	566	11
6498	5	0.8210113102166	1	6	0.86804663073688	0.672497051555787	566	11
6500	3	0.330220362668733	0	6	0.86804663073688	0.672497051555787	566	11
6502	1	0.542844785800015	0	6	0.86804663073688	0.672497051555787	566	11
6503	1	0.370902601680376	0	6	0.86804663073688	0.672497051555787	566	11
6504	1	0.484140899677019	0	6	0.86804663073688	0.672497051555787	566	11
6505	4	-0.10334285213417	0	6	0.86804663073688	0.672497051555787	566	11
6506	1	0.0786426723165879	0	6	0.86804663073688	0.672497051555787	566	11
6507	1	0.233857946297714	0	6	0.86804663073688	0.672497051555787	566	11
6508	1	0.360284785164993	0	6	0.86804663073688	0.672497051555787	566	11
6509	1	0.168560857946244	0	6	0.86804663073688	0.672497051555787	566	11
6510	2	-0.0373892512368437	0	6	0.86804663073688	0.672497051555787	566	11
6512	0	0.0503594800050403	0	6	0.86804663073688	0.672497051555787	566	11
6513	6	0.0772745617137583	0	6	0.86804663073688	0.672497051555787	566	11
6514	4	-0.208735318179279	0	6	0.86804663073688	0.672497051555787	566	11
6515	11	-0.0537093058429987	0	6	0.86804663073688	0.672497051555787	566	11
6517	1	0.374146331356201	0	6	0.86804663073688	0.672497051555787	566	11
6518	4	-0.123377469676728	0	6	0.86804663073688	0.672497051555787	566	11
6519	4	-0.244318759684926	0	6	0.86804663073688	0.672497051555787	566	11
6520	4	-0.386164670761612	0	6	0.86804663073688	0.672497051555787	566	11
6521	9	-0.106571411210467	0	6	0.86804663073688	0.672497051555787	566	11
6522	0	-0.0683843011474074	0	6	0.86804663073688	0.672497051555787	566	11
6523	4	-0.231688322339634	0	6	0.86804663073688	0.672497051555787	566	11
6524	4	-0.422878701478921	0	6	0.86804663073688	0.672497051555787	566	11
6525	3	0.438207772261684	0	6	0.86804663073688	0.672497051555787	566	11
6527	5	0.614502096745481	1	6	0.86804663073688	0.672497051555787	566	11
6529	1	0.261813662055241	0	6	0.86804663073688	0.672497051555787	566	11
6531	0	0.175754002146177	0	6	0.86804663073688	0.672497051555787	566	11
6532	3	0.00804027840059978	0	6	0.86804663073688	0.672497051555787	566	11
6533	1	0.595045322889918	0	6	0.86804663073688	0.672497051555787	566	11
6535	4	-0.0861976646084102	0	6	0.86804663073688	0.672497051555787	566	11
6536	1	0.324224427385809	0	6	0.86804663073688	0.672497051555787	566	11
6539	4	-0.113128647178371	0	6	0.86804663073688	0.672497051555787	566	11
6540	4	-0.352047570021815	0	6	0.86804663073688	0.672497051555787	566	11
6541	1	0.114632445193011	0	6	0.86804663073688	0.672497051555787	566	11
6542	1	0.321831558771192	0	6	0.86804663073688	0.672497051555787	566	11
6546	9	0.0491835030131397	0	6	0.86804663073688	0.672497051555787	566	11
6548	1	0.0472510744812507	0	6	0.86804663073688	0.672497051555787	566	11
6549	9	-0.0372534350863084	0	6	0.86804663073688	0.672497051555787	566	11
6550	4	-0.267050034612118	0	6	0.86804663073688	0.672497051555787	566	11
6553	1	0.303630402882067	0	6	0.86804663073688	0.672497051555787	566	11
6554	5	0.548051309543612	1	6	0.86804663073688	0.672497051555787	566	11
6555	4	-0.161887826634661	0	6	0.86804663073688	0.672497051555787	566	11
6556	8	0.14055712880806	0	6	0.86804663073688	0.672497051555787	566	11
6557	2	0.12996462582999	0	6	0.86804663073688	0.672497051555787	566	11
6558	1	0.524366197230598	0	6	0.86804663073688	0.672497051555787	566	11
6559	4	-0.244671554224106	0	6	0.86804663073688	0.672497051555787	566	11
6561	4	-0.209626158907748	0	6	0.86804663073688	0.672497051555787	566	11
6563	3	0.261580991825911	0	6	0.86804663073688	0.672497051555787	566	11
6564	4	0.0244150687536609	0	6	0.86804663073688	0.672497051555787	566	11
6565	6	0.120997952881425	0	6	0.86804663073688	0.672497051555787	566	11
6566	1	0.0754732321768875	0	6	0.86804663073688	0.672497051555787	566	11
6567	4	-0.133508430672075	0	6	0.86804663073688	0.672497051555787	566	11
6568	4	-0.316158330149193	0	6	0.86804663073688	0.672497051555787	566	11
6569	4	-0.259519129644971	0	6	0.86804663073688	0.672497051555787	566	11
6571	1	0.13995277980462	0	6	0.86804663073688	0.672497051555787	566	11
6573	1	0.0197740792540862	0	6	0.86804663073688	0.672497051555787	566	11
6574	1	0.590171714449908	0	6	0.86804663073688	0.672497051555787	566	11
6575	3	0.149393521425936	0	6	0.86804663073688	0.672497051555787	566	11
6576	2	-0.271224083746498	0	6	0.86804663073688	0.672497051555787	566	11
6578	3	0.10778801092255	0	6	0.86804663073688	0.672497051555787	566	11
6579	3	0.189963441672992	0	6	0.86804663073688	0.672497051555787	566	11
6580	1	0.272689890650001	0	6	0.86804663073688	0.672497051555787	566	11
6581	1	0.237362228828016	0	6	0.86804663073688	0.672497051555787	566	11
6582	4	-0.047023952630928	0	6	0.86804663073688	0.672497051555787	566	11
6583	4	0.211689278078355	0	6	0.86804663073688	0.672497051555787	566	11
6584	4	-0.232435081295983	0	6	0.86804663073688	0.672497051555787	566	11
6585	1	0.406010955947261	0	6	0.86804663073688	0.672497051555787	566	11
6586	1	0.420238125232194	0	6	0.86804663073688	0.672497051555787	566	11
6588	0	0.151924637594346	0	6	0.86804663073688	0.672497051555787	566	11
6590	1	0.0628229670258203	0	6	0.86804663073688	0.672497051555787	566	11
6591	3	0.257744460926701	0	6	0.86804663073688	0.672497051555787	566	11
6594	0	0.280270346641813	0	6	0.86804663073688	0.672497051555787	566	11
6595	3	0.126320587240165	0	6	0.86804663073688	0.672497051555787	566	11
6596	3	0.204885441804009	0	6	0.86804663073688	0.672497051555787	566	11
6597	1	0.326502029207743	0	6	0.86804663073688	0.672497051555787	566	11
6598	2	0.122597155533856	0	6	0.86804663073688	0.672497051555787	566	11
6599	7	-0.0541764373845561	0	6	0.86804663073688	0.672497051555787	566	11
6601	3	0.145049996417817	0	6	0.86804663073688	0.672497051555787	566	11
6602	2	0.10639465017815	0	6	0.86804663073688	0.672497051555787	566	11
6603	1	0.0880450493549979	0	6	0.86804663073688	0.672497051555787	566	11
6604	1	0.431391656128512	0	6	0.86804663073688	0.672497051555787	566	11
6605	1	0.450733421690912	0	6	0.86804663073688	0.672497051555787	566	11
6608	2	-0.221986006529953	0	6	0.86804663073688	0.672497051555787	566	11
6609	2	-0.18513931356128	0	6	0.86804663073688	0.672497051555787	566	11
6610	2	0.0166373565245	0	6	0.86804663073688	0.672497051555787	566	11
6612	1	0.299089458480492	0	6	0.86804663073688	0.672497051555787	566	11
6614	1	0.374076258783051	0	6	0.86804663073688	0.672497051555787	566	11
6615	11	0.069025432901904	0	6	0.86804663073688	0.672497051555787	566	11
6616	5	0.628371454942199	1	6	0.86804663073688	0.672497051555787	566	11
6617	2	0.156163754281116	0	6	0.86804663073688	0.672497051555787	566	11
6618	2	-0.122323894085642	0	6	0.86804663073688	0.672497051555787	566	11
6619	3	0.31565216636523	0	6	0.86804663073688	0.672497051555787	566	11
6621	1	0.27811240251946	0	6	0.86804663073688	0.672497051555787	566	11
6622	3	-0.0556708257063537	0	6	0.86804663073688	0.672497051555787	566	11
6623	1	0.358802357283832	0	6	0.86804663073688	0.672497051555787	566	11
6625	5	0.555127658286454	1	6	0.86804663073688	0.672497051555787	566	11
6626	2	0.174027943089619	0	6	0.86804663073688	0.672497051555787	566	11
6628	2	-0.0759272752177218	0	6	0.86804663073688	0.672497051555787	566	11
6629	2	-0.0265124967961914	0	6	0.86804663073688	0.672497051555787	566	11
6631	2	0.0388519497027206	0	6	0.86804663073688	0.672497051555787	566	11
6632	7	0.13701003600533	0	6	0.86804663073688	0.672497051555787	566	11
6633	6	0.347327960354752	0	6	0.86804663073688	0.672497051555787	566	11
6634	2	0.0559938722362835	0	6	0.86804663073688	0.672497051555787	566	11
6636	7	0.219030721660355	0	6	0.86804663073688	0.672497051555787	566	11
6640	2	-0.192629885443602	0	6	0.86804663073688	0.672497051555787	566	11
6641	0	0.263834341343303	0	6	0.86804663073688	0.672497051555787	566	11
6642	2	-0.0456024978775963	0	6	0.86804663073688	0.672497051555787	566	11
6643	2	0.0724919896110751	0	6	0.86804663073688	0.672497051555787	566	11
6645	1	0.473997648123767	0	6	0.86804663073688	0.672497051555787	566	11
6646	1	0.102469553961023	0	6	0.86804663073688	0.672497051555787	566	11
6647	2	-0.326781688177559	0	6	0.86804663073688	0.672497051555787	566	11
6649	1	0.0991964968380702	0	6	0.86804663073688	0.672497051555787	566	11
6651	5	0.795151302826962	1	6	0.86804663073688	0.672497051555787	566	11
6653	1	0.146116581356233	0	6	0.86804663073688	0.672497051555787	566	11
6654	5	0.581334220049212	1	6	0.86804663073688	0.672497051555787	566	11
6655	3	0.0542853948064956	0	6	0.86804663073688	0.672497051555787	566	11
6659	1	0.496680229901706	0	6	0.86804663073688	0.672497051555787	566	11
6660	5	0.66041599555052	1	6	0.86804663073688	0.672497051555787	566	11
6662	1	0.284856745979119	0	6	0.86804663073688	0.672497051555787	566	11
6663	0	0.29833133042363	0	6	0.86804663073688	0.672497051555787	566	11
6666	1	0.557764719196573	0	6	0.86804663073688	0.672497051555787	566	11
6667	2	0.146058206954494	0	6	0.86804663073688	0.672497051555787	566	11
6668	3	0.113505383924103	0	6	0.86804663073688	0.672497051555787	566	11
6670	1	0.312248718086114	0	6	0.86804663073688	0.672497051555787	566	11
6671	2	0.21069200185143	0	6	0.86804663073688	0.672497051555787	566	11
6672	10	0.619958000184967	0	6	0.86804663073688	0.672497051555787	566	11
6674	0	0.233773143721474	0	6	0.86804663073688	0.672497051555787	566	11
6675	1	0.183701904334237	0	6	0.86804663073688	0.672497051555787	566	11
6676	0	0.0204296063933612	0	6	0.86804663073688	0.672497051555787	566	11
6678	3	0.319897157269871	0	6	0.86804663073688	0.672497051555787	566	11
6683	1	0.303850005519928	0	6	0.86804663073688	0.672497051555787	566	11
6688	1	0.163749098497269	0	6	0.86804663073688	0.672497051555787	566	11
6689	1	0.0548921439390695	0	6	0.86804663073688	0.672497051555787	566	11
6690	9	-0.0175871263614431	0	6	0.86804663073688	0.672497051555787	566	11
6692	4	-0.115809254017333	0	6	0.86804663073688	0.672497051555787	566	11
6693	1	0.363348855148946	0	6	0.86804663073688	0.672497051555787	566	11
6695	3	0.0867710217617238	0	6	0.86804663073688	0.672497051555787	566	11
6696	6	-0.0720346791571548	0	6	0.86804663073688	0.672497051555787	566	11
6697	2	-0.0294069988969301	0	6	0.86804663073688	0.672497051555787	566	11
6709	3	0.379483925334877	0	6	0.86804663073688	0.672497051555787	566	11
6710	3	-0.0447071904957075	0	6	0.86804663073688	0.672497051555787	566	11
6711	5	0.562407283825082	1	6	0.86804663073688	0.672497051555787	566	11
6712	6	-0.0990408552366592	0	6	0.86804663073688	0.672497051555787	566	11
6713	3	0.330346746891784	0	6	0.86804663073688	0.672497051555787	566	11
6714	1	0.166456861538333	0	6	0.86804663073688	0.672497051555787	566	11
6715	2	0.0831702890530266	0	6	0.86804663073688	0.672497051555787	566	11
6717	7	0.247315922993406	0	6	0.86804663073688	0.672497051555787	566	11
6720	0	0.115516105096434	0	6	0.86804663073688	0.672497051555787	566	11
6721	3	0.259275888262755	0	6	0.86804663073688	0.672497051555787	566	11
6722	3	-0.0106092809912551	0	6	0.86804663073688	0.672497051555787	566	11
6723	1	0.0641737095353588	0	6	0.86804663073688	0.672497051555787	566	11
6726	2	0.121071669855549	0	6	0.86804663073688	0.672497051555787	566	11
6727	2	-0.106790497515021	0	6	0.86804663073688	0.672497051555787	566	11
6729	2	0.0152347551222131	0	6	0.86804663073688	0.672497051555787	566	11
6731	2	0.0836321759528422	0	6	0.86804663073688	0.672497051555787	566	11
6732	2	0.0209508200472926	0	6	0.86804663073688	0.672497051555787	566	11
6733	3	0.468410655994162	0	6	0.86804663073688	0.672497051555787	566	11
6734	3	0.198903437542387	0	6	0.86804663073688	0.672497051555787	566	11
6737	10	0.212063204171794	0	6	0.86804663073688	0.672497051555787	566	11
6738	3	0.0281264603748013	0	6	0.86804663073688	0.672497051555787	566	11
6741	3	0.0489476556208956	0	6	0.86804663073688	0.672497051555787	566	11
6742	1	0.323084817897124	0	6	0.86804663073688	0.672497051555787	566	11
6744	5	0.568741010670959	1	6	0.86804663073688	0.672497051555787	566	11
6745	2	0.112935308377885	0	6	0.86804663073688	0.672497051555787	566	11
6746	7	-0.0131354700782064	0	6	0.86804663073688	0.672497051555787	566	11
6747	1	0.219397438163526	0	6	0.86804663073688	0.672497051555787	566	11
6748	7	-0.0052727360346777	0	6	0.86804663073688	0.672497051555787	566	11
6749	2	-0.0669418459494434	0	6	0.86804663073688	0.672497051555787	566	11
6751	0	0.0768552661473638	0	6	0.86804663073688	0.672497051555787	566	11
6752	4	-0.0639541667017602	0	6	0.86804663073688	0.672497051555787	566	11
6755	2	0.0861457937828345	0	6	0.86804663073688	0.672497051555787	566	11
6760	3	0.104486925758638	0	6	0.86804663073688	0.672497051555787	566	11
6764	1	0.171616139179116	0	6	0.86804663073688	0.672497051555787	566	11
6767	2	-0.0569725057043781	0	6	0.86804663073688	0.672497051555787	566	11
6768	6	0.202875071545454	0	6	0.86804663073688	0.672497051555787	566	11
6769	3	0.104973272365659	0	6	0.86804663073688	0.672497051555787	566	11
6770	0	0.143364987203377	0	6	0.86804663073688	0.672497051555787	566	11
6772	10	0.130085268908939	0	6	0.86804663073688	0.672497051555787	566	11
6773	10	0.335340035202662	0	6	0.86804663073688	0.672497051555787	566	11
6774	1	0.459076953761932	0	6	0.86804663073688	0.672497051555787	566	11
6775	1	0.276643839890907	0	6	0.86804663073688	0.672497051555787	566	11
6776	1	0.236266859925629	0	6	0.86804663073688	0.672497051555787	566	11
6777	3	0.259260608263656	0	6	0.86804663073688	0.672497051555787	566	11
6778	2	0.0764598226371341	0	6	0.86804663073688	0.672497051555787	566	11
6780	2	-0.365079204631009	0	6	0.86804663073688	0.672497051555787	566	11
6781	0	0.128321459188028	0	6	0.86804663073688	0.672497051555787	566	11
6782	3	0.0348336973511226	0	6	0.86804663073688	0.672497051555787	566	11
6785	3	0.00240689027155568	0	6	0.86804663073688	0.672497051555787	566	11
6787	3	-0.0586999050887409	0	6	0.86804663073688	0.672497051555787	566	11
6788	0	0.296016291762826	0	6	0.86804663073688	0.672497051555787	566	11
6789	1	0.333371309180398	0	6	0.86804663073688	0.672497051555787	566	11
6790	1	0.413455351970753	0	6	0.86804663073688	0.672497051555787	566	11
6792	2	0.12081253342981	0	6	0.86804663073688	0.672497051555787	566	11
6793	1	0.506648138312017	0	6	0.86804663073688	0.672497051555787	566	11
6794	2	-0.0962961455731673	0	6	0.86804663073688	0.672497051555787	566	11
6795	0	0.372625810769868	0	6	0.86804663073688	0.672497051555787	566	11
6799	3	0.0160137657980745	0	6	0.86804663073688	0.672497051555787	566	11
6801	3	0.479844899978378	0	6	0.86804663073688	0.672497051555787	566	11
6804	1	0.394621118669902	0	6	0.86804663073688	0.672497051555787	566	11
6809	4	-0.0944529403167543	0	6	0.86804663073688	0.672497051555787	566	11
6810	1	0.422284011057542	0	6	0.86804663073688	0.672497051555787	566	11
6811	2	0.112089536184308	0	6	0.86804663073688	0.672497051555787	566	11
6812	3	0.45571181931809	0	6	0.86804663073688	0.672497051555787	566	11
6813	2	-0.0297396623070998	0	6	0.86804663073688	0.672497051555787	566	11
6814	2	-0.00229586865996497	0	6	0.86804663073688	0.672497051555787	566	11
6819	4	-0.0831699489200767	0	6	0.86804663073688	0.672497051555787	566	11
6820	0	-0.021932181356346	0	6	0.86804663073688	0.672497051555787	566	11
6827	2	-0.0863871596953808	0	6	0.86804663073688	0.672497051555787	566	11
6829	2	-0.104087261049808	0	6	0.86804663073688	0.672497051555787	566	11
6830	3	0.0834742190829509	0	6	0.86804663073688	0.672497051555787	566	11
6832	0	0.345512127672031	0	6	0.86804663073688	0.672497051555787	566	11
6833	1	0.462668021955628	0	6	0.86804663073688	0.672497051555787	566	11
6834	2	0.0336963534516723	0	6	0.86804663073688	0.672497051555787	566	11
6835	0	-0.026855730931165	0	6	0.86804663073688	0.672497051555787	566	11
6837	2	-0.0146399961617793	0	6	0.86804663073688	0.672497051555787	566	11
6839	2	-0.0582460392721146	0	6	0.86804663073688	0.672497051555787	566	11
6840	1	0.583974594296928	0	6	0.86804663073688	0.672497051555787	566	11
6843	0	0.456226967695014	0	6	0.86804663073688	0.672497051555787	566	11
6844	3	0.0545565969012285	0	6	0.86804663073688	0.672497051555787	566	11
6850	1	0.234277444170665	0	6	0.86804663073688	0.672497051555787	566	11
6854	4	-0.300976024841214	0	6	0.86804663073688	0.672497051555787	566	11
6855	0	0.342077730422744	0	6	0.86804663073688	0.672497051555787	566	11
6856	2	-0.197511586323484	0	6	0.86804663073688	0.672497051555787	566	11
6857	1	0.39191188492485	0	6	0.86804663073688	0.672497051555787	566	11
6863	1	0.237612067166528	0	6	0.86804663073688	0.672497051555787	566	11
6867	5	0.497684174086078	1	6	0.86804663073688	0.672497051555787	566	11
6868	5	0.708890506028984	1	6	0.86804663073688	0.672497051555787	566	11
6869	2	-0.108015201467702	0	6	0.86804663073688	0.672497051555787	566	11
6871	3	0.0223205659835359	0	6	0.86804663073688	0.672497051555787	566	11
6872	5	0.449184391245979	1	6	0.86804663073688	0.672497051555787	566	11
6873	0	0.45963546265388	0	6	0.86804663073688	0.672497051555787	566	11
6875	2	-0.0529324528205784	0	6	0.86804663073688	0.672497051555787	566	11
6876	1	0.425556735905254	0	6	0.86804663073688	0.672497051555787	566	11
6877	3	0.18014945550343	0	6	0.86804663073688	0.672497051555787	566	11
6878	0	0.041971110959924	0	6	0.86804663073688	0.672497051555787	566	11
6879	2	-0.0523475184849521	0	6	0.86804663073688	0.672497051555787	566	11
6881	2	-0.272702381396338	0	6	0.86804663073688	0.672497051555787	566	11
6882	5	0.57530318207601	1	6	0.86804663073688	0.672497051555787	566	11
6883	0	0.253144006768218	0	6	0.86804663073688	0.672497051555787	566	11
6884	2	0.152257507033761	0	6	0.86804663073688	0.672497051555787	566	11
6885	5	0.603622580845919	1	6	0.86804663073688	0.672497051555787	566	11
6886	3	0.331374190754397	0	6	0.86804663073688	0.672497051555787	566	11
6888	2	-0.395501172323653	0	6	0.86804663073688	0.672497051555787	566	11
6891	10	0.380574988540291	0	6	0.86804663073688	0.672497051555787	566	11
6894	5	0.720934451158228	1	6	0.86804663073688	0.672497051555787	566	11
6895	2	-0.0610127002105404	0	6	0.86804663073688	0.672497051555787	566	11
6897	2	0.0727240909978795	0	6	0.86804663073688	0.672497051555787	566	11
6899	1	0.430870841137804	0	6	0.86804663073688	0.672497051555787	566	11
6900	0	0.23927740676554	0	6	0.86804663073688	0.672497051555787	566	11
6901	0	0.323236159831534	0	6	0.86804663073688	0.672497051555787	566	11
6902	2	0.0223408577691401	0	6	0.86804663073688	0.672497051555787	566	11
6903	0	0.186072367226806	0	6	0.86804663073688	0.672497051555787	566	11
6904	0	0.0409318971099012	0	6	0.86804663073688	0.672497051555787	566	11
6905	2	-0.0461945457739722	0	6	0.86804663073688	0.672497051555787	566	11
6907	3	0.0253237156236409	0	6	0.86804663073688	0.672497051555787	566	11
6908	2	0.150857505617342	0	6	0.86804663073688	0.672497051555787	566	11
6909	6	0.0220363539497947	0	6	0.86804663073688	0.672497051555787	566	11
6911	1	0.324357498239291	0	6	0.86804663073688	0.672497051555787	566	11
6915	3	0.204969479383812	0	6	0.86804663073688	0.672497051555787	566	11
6916	3	0.0910120219185406	0	6	0.86804663073688	0.672497051555787	566	11
6919	2	0.0154674733837924	0	6	0.86804663073688	0.672497051555787	566	11
6921	5	0.656202861932325	1	6	0.86804663073688	0.672497051555787	566	11
6923	2	-0.166997826605587	0	6	0.86804663073688	0.672497051555787	566	11
6924	2	0.0653942668417278	0	6	0.86804663073688	0.672497051555787	566	11
6925	5	0.636486699781273	1	6	0.86804663073688	0.672497051555787	566	11
6926	3	0.307561155929946	0	6	0.86804663073688	0.672497051555787	566	11
6927	4	-0.250719081972524	0	6	0.86804663073688	0.672497051555787	566	11
6928	6	0.25727669044141	0	6	0.86804663073688	0.672497051555787	566	11
6929	1	0.197478994888269	0	6	0.86804663073688	0.672497051555787	566	11
6932	1	0.396718685447172	0	6	0.86804663073688	0.672497051555787	566	11
6934	2	0.263423854398965	0	6	0.86804663073688	0.672497051555787	566	11
6936	0	0.451053315615641	0	6	0.86804663073688	0.672497051555787	566	11
6938	1	0.497297545289672	0	6	0.86804663073688	0.672497051555787	566	11
6940	0	0.24261254690421	0	6	0.86804663073688	0.672497051555787	566	11
6942	1	0.268182737329012	0	6	0.86804663073688	0.672497051555787	566	11
6943	3	-0.0123160440039065	0	6	0.86804663073688	0.672497051555787	566	11
6944	0	-0.0076731185087711	0	6	0.86804663073688	0.672497051555787	566	11
6945	2	-0.0310720656139643	0	6	0.86804663073688	0.672497051555787	566	11
6947	0	-0.0123144623307088	0	6	0.86804663073688	0.672497051555787	566	11
6948	4	-0.28843565546702	0	6	0.86804663073688	0.672497051555787	566	11
6949	1	0.421405405633454	0	6	0.86804663073688	0.672497051555787	566	11
6988	3	-0.00377820165951551	0	6	0.86804663073688	0.672497051555787	566	11
6990	3	0.192334425475179	0	6	0.86804663073688	0.672497051555787	566	11
6992	2	0.0543309049576726	0	6	0.86804663073688	0.672497051555787	566	11
6993	1	0.288773238502137	0	6	0.86804663073688	0.672497051555787	566	11
6999	1	0.41319448129002	0	6	0.86804663073688	0.672497051555787	566	11
7001	2	-0.290984538986875	0	6	0.86804663073688	0.672497051555787	566	11
7003	3	0.156509138257746	0	6	0.86804663073688	0.672497051555787	566	11
7004	0	0.302319985465157	0	6	0.86804663073688	0.672497051555787	566	11
7005	3	0.224158938311669	0	6	0.86804663073688	0.672497051555787	566	11
7007	3	0.0611611641518891	0	6	0.86804663073688	0.672497051555787	566	11
7008	3	-0.0174576315795588	0	6	0.86804663073688	0.672497051555787	566	11
7009	4	-0.37087548277581	0	6	0.86804663073688	0.672497051555787	566	11
7010	3	0.368670690064544	0	6	0.86804663073688	0.672497051555787	566	11
7011	1	0.490411391426099	0	6	0.86804663073688	0.672497051555787	566	11
7013	2	0.158983238469466	0	6	0.86804663073688	0.672497051555787	566	11
7014	3	0.304757318287093	0	6	0.86804663073688	0.672497051555787	566	11
7018	0	0.227319668665717	0	6	0.86804663073688	0.672497051555787	566	11
7019	2	0.064387962737112	0	6	0.86804663073688	0.672497051555787	566	11
7020	9	-0.0783638839313836	0	6	0.86804663073688	0.672497051555787	566	11
7021	6	0.1781179631496	0	6	0.86804663073688	0.672497051555787	566	11
7022	1	0.146252455625251	0	6	0.86804663073688	0.672497051555787	566	11
7023	1	0.372149455104141	0	6	0.86804663073688	0.672497051555787	566	11
7024	3	0.23587073989518	0	6	0.86804663073688	0.672497051555787	566	11
7025	1	0.262907554872705	0	6	0.86804663073688	0.672497051555787	566	11
7027	3	0.399309872348245	0	6	0.86804663073688	0.672497051555787	566	11
7029	2	-0.0550328882512861	0	6	0.86804663073688	0.672497051555787	566	11
7030	3	-0.0290468121423822	0	6	0.86804663073688	0.672497051555787	566	11
7033	1	0.33689924175677	0	6	0.86804663073688	0.672497051555787	566	11
7035	0	0.0366495036172323	0	6	0.86804663073688	0.672497051555787	566	11
7037	6	0.110455967834988	0	6	0.86804663073688	0.672497051555787	566	11
7038	0	0.25846382325811	0	6	0.86804663073688	0.672497051555787	566	11
7039	4	0.012152097712059	0	6	0.86804663073688	0.672497051555787	566	11
7040	1	0.308649158013188	0	6	0.86804663073688	0.672497051555787	566	11
7041	0	-0.00335010220841949	0	6	0.86804663073688	0.672497051555787	566	11
7042	1	0.427622840116632	0	6	0.86804663073688	0.672497051555787	566	11
7043	1	0.526540406669981	0	6	0.86804663073688	0.672497051555787	566	11
7046	1	0.363805964344707	0	6	0.86804663073688	0.672497051555787	566	11
7048	3	0.0417163948662009	0	6	0.86804663073688	0.672497051555787	566	11
7049	2	-0.221852634630937	0	6	0.86804663073688	0.672497051555787	566	11
7050	6	0.0967730842963829	0	6	0.86804663073688	0.672497051555787	566	11
7051	1	0.0596016829063418	0	6	0.86804663073688	0.672497051555787	566	11
7052	1	0.189998223019019	0	6	0.86804663073688	0.672497051555787	566	11
7056	1	0.361799234546758	0	6	0.86804663073688	0.672497051555787	566	11
7057	7	-0.109729179757711	0	6	0.86804663073688	0.672497051555787	566	11
7058	1	0.506050345635411	0	6	0.86804663073688	0.672497051555787	566	11
7059	1	0.567402643286417	0	6	0.86804663073688	0.672497051555787	566	11
7060	1	0.201719539423131	0	6	0.86804663073688	0.672497051555787	566	11
7064	1	0.174813698724663	0	6	0.86804663073688	0.672497051555787	566	11
7066	4	-0.194136160882603	0	6	0.86804663073688	0.672497051555787	566	11
7067	2	-0.0704108697292146	0	6	0.86804663073688	0.672497051555787	566	11
7068	1	0.364809733137824	0	6	0.86804663073688	0.672497051555787	566	11
7070	6	-0.000208842085689137	0	6	0.86804663073688	0.672497051555787	566	11
7071	2	0.188197024374148	0	6	0.86804663073688	0.672497051555787	566	11
7072	5	0.579914871668482	1	6	0.86804663073688	0.672497051555787	566	11
7073	5	0.640132075518395	1	6	0.86804663073688	0.672497051555787	566	11
7074	8	0.0249250895010695	0	6	0.86804663073688	0.672497051555787	566	11
7075	5	0.701389391705986	1	6	0.86804663073688	0.672497051555787	566	11
7076	1	0.275314620563444	0	6	0.86804663073688	0.672497051555787	566	11
7078	3	0.388803338396681	0	6	0.86804663073688	0.672497051555787	566	11
7079	3	0.194608067162547	0	6	0.86804663073688	0.672497051555787	566	11
7082	3	0.0570457925269444	0	6	0.86804663073688	0.672497051555787	566	11
7083	1	0.206267734019194	0	6	0.86804663073688	0.672497051555787	566	11
7084	0	0.286896799940796	0	6	0.86804663073688	0.672497051555787	566	11
7086	7	-0.0591300673450268	0	6	0.86804663073688	0.672497051555787	566	11
7087	0	0.164234866617115	0	6	0.86804663073688	0.672497051555787	566	11
7088	1	0.294948373302784	0	6	0.86804663073688	0.672497051555787	566	11
7089	5	0.476050685001775	1	6	0.86804663073688	0.672497051555787	566	11
7090	1	0.128142586728968	0	6	0.86804663073688	0.672497051555787	566	11
7091	3	0.13671861454315	0	6	0.86804663073688	0.672497051555787	566	11
7092	0	0.1599231995721	0	6	0.86804663073688	0.672497051555787	566	11
7093	1	0.315446144854357	0	6	0.86804663073688	0.672497051555787	566	11
7094	3	0.0804818637581646	0	6	0.86804663073688	0.672497051555787	566	11
7095	3	0.0757889791239613	0	6	0.86804663073688	0.672497051555787	566	11
7096	1	0.260674890765731	0	6	0.86804663073688	0.672497051555787	566	11
7097	1	0.375427848982437	0	6	0.86804663073688	0.672497051555787	566	11
7098	3	-0.0426559030550074	0	6	0.86804663073688	0.672497051555787	566	11
7099	3	0.251077275092984	0	6	0.86804663073688	0.672497051555787	566	11
7100	1	0.279007909830063	0	6	0.86804663073688	0.672497051555787	566	11
7102	3	0.146577558139712	0	6	0.86804663073688	0.672497051555787	566	11
7103	6	0.157782149242521	0	6	0.86804663073688	0.672497051555787	566	11
7104	1	0.155447279032897	0	6	0.86804663073688	0.672497051555787	566	11
7105	2	-0.0110939702736454	0	6	0.86804663073688	0.672497051555787	566	11
7106	2	-0.0682538225338756	0	6	0.86804663073688	0.672497051555787	566	11
7107	4	-0.264237111138117	0	6	0.86804663073688	0.672497051555787	566	11
7108	4	-0.270794370524151	0	6	0.86804663073688	0.672497051555787	566	11
7110	2	0.255383261757273	0	6	0.86804663073688	0.672497051555787	566	11
7111	3	0.328081514821165	0	6	0.86804663073688	0.672497051555787	566	11
7112	1	0.00164242486236231	0	6	0.86804663073688	0.672497051555787	566	11
7113	9	-0.0500387369118416	0	6	0.86804663073688	0.672497051555787	566	11
7122	1	0.445022411267366	0	6	0.86804663073688	0.672497051555787	566	11
7125	3	0.135706914015961	0	6	0.86804663073688	0.672497051555787	566	11
7126	3	0.301756871379069	0	6	0.86804663073688	0.672497051555787	566	11
7127	1	0.401829007795722	0	6	0.86804663073688	0.672497051555787	566	11
7128	1	0.176549186942817	0	6	0.86804663073688	0.672497051555787	566	11
7132	7	0.161536544504562	0	6	0.86804663073688	0.672497051555787	566	11
7134	3	0.103148053795635	0	6	0.86804663073688	0.672497051555787	566	11
7135	3	-0.0643292839883423	0	6	0.86804663073688	0.672497051555787	566	11
7136	1	0.487541152390461	0	6	0.86804663073688	0.672497051555787	566	11
7138	1	0.407665074083441	0	6	0.86804663073688	0.672497051555787	566	11
7139	3	0.0437740386556381	0	6	0.86804663073688	0.672497051555787	566	11
7140	1	0.332834159041856	0	6	0.86804663073688	0.672497051555787	566	11
7145	1	0.464901977819664	0	6	0.86804663073688	0.672497051555787	566	11
7148	1	0.592169777063147	0	6	0.86804663073688	0.672497051555787	566	11
7150	2	0.104311411775153	0	6	0.86804663073688	0.672497051555787	566	11
7153	1	0.369217898727816	0	6	0.86804663073688	0.672497051555787	566	11
7156	1	0.444011707990809	0	6	0.86804663073688	0.672497051555787	566	11
7157	1	0.418228369436472	0	6	0.86804663073688	0.672497051555787	566	11
7158	1	0.468607196459422	0	6	0.86804663073688	0.672497051555787	566	11
7159	3	0.134032982065077	0	6	0.86804663073688	0.672497051555787	566	11
7161	1	0.341896565776099	0	6	0.86804663073688	0.672497051555787	566	11
7162	2	-0.0667836493285192	0	6	0.86804663073688	0.672497051555787	566	11
7163	2	-0.193696450451723	0	6	0.86804663073688	0.672497051555787	566	11
7164	6	0.0732313162096797	0	6	0.86804663073688	0.672497051555787	566	11
7165	2	-0.102528309482802	0	6	0.86804663073688	0.672497051555787	566	11
7167	2	-0.384704243378433	0	6	0.86804663073688	0.672497051555787	566	11
7168	1	0.557936761882987	0	6	0.86804663073688	0.672497051555787	566	11
7169	3	0.358321142968785	0	6	0.86804663073688	0.672497051555787	566	11
7170	1	0.549404339586732	0	6	0.86804663073688	0.672497051555787	566	11
7171	1	0.628218300849099	0	6	0.86804663073688	0.672497051555787	566	11
7172	4	-0.192965761420607	0	6	0.86804663073688	0.672497051555787	566	11
7174	1	0.608569184102489	0	6	0.86804663073688	0.672497051555787	566	11
7175	1	0.482062161965537	0	6	0.86804663073688	0.672497051555787	566	11
7181	5	0.685998837693452	1	6	0.86804663073688	0.672497051555787	566	11
7182	3	0.337045581346716	0	6	0.86804663073688	0.672497051555787	566	11
7185	1	0.361057186587144	0	6	0.86804663073688	0.672497051555787	566	11
7186	0	0.108853715366806	0	6	0.86804663073688	0.672497051555787	566	11
7187	3	0.217069182438975	0	6	0.86804663073688	0.672497051555787	566	11
7188	3	0.238992579612535	0	6	0.86804663073688	0.672497051555787	566	11
7189	3	0.332754240266526	0	6	0.86804663073688	0.672497051555787	566	11
7204	1	0.660226096486366	0	6	0.86804663073688	0.672497051555787	566	11
7205	2	0.125810859459807	0	6	0.86804663073688	0.672497051555787	566	11
7216	1	0.499823589385083	0	6	0.86804663073688	0.672497051555787	566	11
7220	5	0.587261488068458	1	6	0.86804663073688	0.672497051555787	566	11
7223	5	0.423994920474926	1	6	0.86804663073688	0.672497051555787	566	11
7224	0	0.0920518329375278	0	6	0.86804663073688	0.672497051555787	566	11
7225	3	0.238669677640201	0	6	0.86804663073688	0.672497051555787	566	11
7226	2	0.129323177145807	0	6	0.86804663073688	0.672497051555787	566	11
7227	1	0.204667621888497	0	6	0.86804663073688	0.672497051555787	566	11
7247	2	0.0787831855770248	0	6	0.86804663073688	0.672497051555787	566	11
7248	3	0.194258173088533	0	6	0.86804663073688	0.672497051555787	566	11
7249	3	0.163676386379759	0	6	0.86804663073688	0.672497051555787	566	11
7251	2	-0.163373217536072	0	6	0.86804663073688	0.672497051555787	566	11
7253	1	0.253269272083862	0	6	0.86804663073688	0.672497051555787	566	11
7259	3	0.00226625007051481	0	6	0.86804663073688	0.672497051555787	566	11
7260	2	-0.100990271339114	0	6	0.86804663073688	0.672497051555787	566	11
7262	1	0.229373614393869	0	6	0.86804663073688	0.672497051555787	566	11
7263	4	-0.293397391043863	0	6	0.86804663073688	0.672497051555787	566	11
7264	2	-0.00660900739383948	0	6	0.86804663073688	0.672497051555787	566	11
7265	2	0.146861016686422	0	6	0.86804663073688	0.672497051555787	566	11
7266	2	0.185161914561987	0	6	0.86804663073688	0.672497051555787	566	11
7270	3	0.207923536411358	0	6	0.86804663073688	0.672497051555787	566	11
7273	5	0.568516694895172	1	6	0.86804663073688	0.672497051555787	566	11
7274	4	0.0333625106825964	0	6	0.86804663073688	0.672497051555787	566	11
7275	4	-0.339031525604068	0	6	0.86804663073688	0.672497051555787	566	11
7276	3	0.16980494251249	0	6	0.86804663073688	0.672497051555787	566	11
7277	7	0.130770595576535	0	6	0.86804663073688	0.672497051555787	566	11
7280	2	-0.187542429873096	0	6	0.86804663073688	0.672497051555787	566	11
7283	4	0.0328757392063921	0	6	0.86804663073688	0.672497051555787	566	11
7286	0	0.0640740270457364	0	6	0.86804663073688	0.672497051555787	566	11
7288	0	0.250586224775661	0	6	0.86804663073688	0.672497051555787	566	11
7289	6	0.0801866840160299	0	6	0.86804663073688	0.672497051555787	566	11
7292	3	0.204813280348559	0	6	0.86804663073688	0.672497051555787	566	11
7293	1	0.429870534106348	0	6	0.86804663073688	0.672497051555787	566	11
7294	1	0.507952584690742	0	6	0.86804663073688	0.672497051555787	566	11
7295	2	-0.27445308524935	0	6	0.86804663073688	0.672497051555787	566	11
7296	3	-0.00859763505402031	0	6	0.86804663073688	0.672497051555787	566	11
7297	0	-0.198340897007207	0	6	0.86804663073688	0.672497051555787	566	11
7298	1	0.267304115359009	0	6	0.86804663073688	0.672497051555787	566	11
7301	3	0.033581272293904	0	6	0.86804663073688	0.672497051555787	566	11
7305	1	0.194428519824998	0	6	0.86804663073688	0.672497051555787	566	11
7306	2	0.017329930051536	0	6	0.86804663073688	0.672497051555787	566	11
7311	7	0.0870525972773307	0	6	0.86804663073688	0.672497051555787	566	11
7314	2	-0.0528626074610075	0	6	0.86804663073688	0.672497051555787	566	11
7317	2	-0.000737562780317088	0	6	0.86804663073688	0.672497051555787	566	11
7319	2	-0.0615981509360469	0	6	0.86804663073688	0.672497051555787	566	11
7320	3	0.138168482657488	0	6	0.86804663073688	0.672497051555787	566	11
7321	0	-0.0623831239641028	0	6	0.86804663073688	0.672497051555787	566	11
7322	1	0.151226724427228	0	6	0.86804663073688	0.672497051555787	566	11
7323	2	0.426818912544753	0	6	0.86804663073688	0.672497051555787	566	11
7324	3	0.357740895987172	0	6	0.86804663073688	0.672497051555787	566	11
7326	2	-0.179895181289406	0	6	0.86804663073688	0.672497051555787	566	11
7327	3	0.237558622994826	0	6	0.86804663073688	0.672497051555787	566	11
7328	2	0.219767885783924	0	6	0.86804663073688	0.672497051555787	566	11
7329	2	-0.168769743796656	0	6	0.86804663073688	0.672497051555787	566	11
7332	2	0.0134765472455144	0	6	0.86804663073688	0.672497051555787	566	11
7334	3	0.198590785819339	0	6	0.86804663073688	0.672497051555787	566	11
7336	3	0.140045945513812	0	6	0.86804663073688	0.672497051555787	566	11
7337	3	0.00651992680617218	0	6	0.86804663073688	0.672497051555787	566	11
7341	2	0.294167008400749	0	6	0.86804663073688	0.672497051555787	566	11
7342	3	0.495066986414169	0	6	0.86804663073688	0.672497051555787	566	11
7343	2	-0.120917279221185	0	6	0.86804663073688	0.672497051555787	566	11
7345	1	0.489779304126145	0	6	0.86804663073688	0.672497051555787	566	11
7347	2	-0.182364429978688	0	6	0.86804663073688	0.672497051555787	566	11
7348	0	0.0263910473030488	0	6	0.86804663073688	0.672497051555787	566	11
7351	1	0.234034481803791	0	6	0.86804663073688	0.672497051555787	566	11
7352	5	0.457622232313843	1	6	0.86804663073688	0.672497051555787	566	11
7353	3	0.210599917315792	0	6	0.86804663073688	0.672497051555787	566	11
7355	2	-0.0310141695588784	0	6	0.86804663073688	0.672497051555787	566	11
7357	1	0.434271749814557	0	6	0.86804663073688	0.672497051555787	566	11
7358	6	0.179104104182513	0	6	0.86804663073688	0.672497051555787	566	11
7360	2	-0.176924172327551	0	6	0.86804663073688	0.672497051555787	566	11
7368	6	0.112810807354504	0	6	0.86804663073688	0.672497051555787	566	11
7369	2	-0.117343679553383	0	6	0.86804663073688	0.672497051555787	566	11
7372	0	0.259755582556591	0	6	0.86804663073688	0.672497051555787	566	11
7373	1	0.380368062265809	0	6	0.86804663073688	0.672497051555787	566	11
7374	3	-0.123754643780905	0	6	0.86804663073688	0.672497051555787	566	11
7375	1	0.414098651596003	0	6	0.86804663073688	0.672497051555787	566	11
7376	2	-0.0350667514769785	0	6	0.86804663073688	0.672497051555787	566	11
7378	1	0.318175983973023	0	6	0.86804663073688	0.672497051555787	566	11
7381	2	-0.265042544888934	0	6	0.86804663073688	0.672497051555787	566	11
7384	4	-0.319965542715512	0	6	0.86804663073688	0.672497051555787	566	11
7385	2	-0.197128339898043	0	6	0.86804663073688	0.672497051555787	566	11
7389	2	-0.0199976670267127	0	6	0.86804663073688	0.672497051555787	566	11
7390	2	-0.019064463720616	0	6	0.86804663073688	0.672497051555787	566	11
7392	2	-0.0974112157308416	0	6	0.86804663073688	0.672497051555787	566	11
7398	2	-0.200149302639954	0	6	0.86804663073688	0.672497051555787	566	11
7399	0	0.00312414420937531	0	6	0.86804663073688	0.672497051555787	566	11
7402	5	0.585170236570288	1	6	0.86804663073688	0.672497051555787	566	11
7403	0	0.146666337344094	0	6	0.86804663073688	0.672497051555787	566	11
7404	0	0.247896726822872	0	6	0.86804663073688	0.672497051555787	566	11
7405	3	0.297508339148378	0	6	0.86804663073688	0.672497051555787	566	11
7408	1	0.297607163622942	0	6	0.86804663073688	0.672497051555787	566	11
7409	1	0.300784894403497	0	6	0.86804663073688	0.672497051555787	566	11
7410	3	-0.0464530795582933	0	6	0.86804663073688	0.672497051555787	566	11
7411	2	-0.070262498029373	0	6	0.86804663073688	0.672497051555787	566	11
7412	1	0.291288456808545	0	6	0.86804663073688	0.672497051555787	566	11
7414	1	0.325819294505581	0	6	0.86804663073688	0.672497051555787	566	11
7415	2	-0.0617790650286124	0	6	0.86804663073688	0.672497051555787	566	11
7419	2	-0.112906964578176	0	6	0.86804663073688	0.672497051555787	566	11
7421	4	-0.0432553129853227	0	6	0.86804663073688	0.672497051555787	566	11
7422	3	-0.0019701330384628	0	6	0.86804663073688	0.672497051555787	566	11
7423	2	0.0114460923425025	0	6	0.86804663073688	0.672497051555787	566	11
7424	1	0.577691474900764	0	6	0.86804663073688	0.672497051555787	566	11
7425	0	0.158778186596972	0	6	0.86804663073688	0.672497051555787	566	11
7429	4	-0.121528912890591	0	6	0.86804663073688	0.672497051555787	566	11
7430	4	-0.334611915989228	0	6	0.86804663073688	0.672497051555787	566	11
7431	5	0.478070550074651	1	6	0.86804663073688	0.672497051555787	566	11
7433	3	0.307501368211692	0	6	0.86804663073688	0.672497051555787	566	11
7434	0	0.148249343078742	0	6	0.86804663073688	0.672497051555787	566	11
7436	0	-0.0845459742133901	0	6	0.86804663073688	0.672497051555787	566	11
7439	1	0.349798501491229	0	6	0.86804663073688	0.672497051555787	566	11
7443	2	0.0139385830234931	0	6	0.86804663073688	0.672497051555787	566	11
7444	5	0.546874933424843	1	6	0.86804663073688	0.672497051555787	566	11
7447	0	0.197775504951624	0	6	0.86804663073688	0.672497051555787	566	11
7450	1	0.505058917038952	0	6	0.86804663073688	0.672497051555787	566	11
7453	10	0.379666626278098	0	6	0.86804663073688	0.672497051555787	566	11
7454	1	0.114612943467081	0	6	0.86804663073688	0.672497051555787	566	11
7456	1	0.465919924989139	0	6	0.86804663073688	0.672497051555787	566	11
7461	1	0.266807780042449	0	6	0.86804663073688	0.672497051555787	566	11
7462	1	0.404262326437051	0	6	0.86804663073688	0.672497051555787	566	11
7464	2	-0.213150774120333	0	6	0.86804663073688	0.672497051555787	566	11
7465	3	0.0862560115299083	0	6	0.86804663073688	0.672497051555787	566	11
7466	3	0.187022785959212	0	6	0.86804663073688	0.672497051555787	566	11
7468	1	0.668979355944541	0	6	0.86804663073688	0.672497051555787	566	11
7474	0	-0.0962615189402751	0	6	0.86804663073688	0.672497051555787	566	11
7475	0	-0.159030259522834	0	6	0.86804663073688	0.672497051555787	566	11
7476	0	0.21182730419917	0	6	0.86804663073688	0.672497051555787	566	11
7477	2	-0.0869359080619268	0	6	0.86804663073688	0.672497051555787	566	11
7479	3	0.267505252096288	0	6	0.86804663073688	0.672497051555787	566	11
7481	0	0.274496828290206	0	6	0.86804663073688	0.672497051555787	566	11
7482	1	0.553195369964737	0	6	0.86804663073688	0.672497051555787	566	11
7485	3	0.0749938914092837	0	6	0.86804663073688	0.672497051555787	566	11
7486	5	0.578569512085239	1	6	0.86804663073688	0.672497051555787	566	11
7490	3	-0.173419545893071	0	6	0.86804663073688	0.672497051555787	566	11
7494	7	0.192273869221807	0	6	0.86804663073688	0.672497051555787	566	11
7498	1	0.205269176733384	0	6	0.86804663073688	0.672497051555787	566	11
7504	0	-0.022200680011707	0	6	0.86804663073688	0.672497051555787	566	11
7507	0	0.227120202035063	0	6	0.86804663073688	0.672497051555787	566	11
7508	2	-0.075088449061959	0	6	0.86804663073688	0.672497051555787	566	11
7511	1	0.34844205056268	0	6	0.86804663073688	0.672497051555787	566	11
7512	4	-0.37216164064777	0	6	0.86804663073688	0.672497051555787	566	11
7514	5	0.644109121244506	1	6	0.86804663073688	0.672497051555787	566	11
7515	2	-0.00564184746611467	0	6	0.86804663073688	0.672497051555787	566	11
7517	1	0.491696839361207	0	6	0.86804663073688	0.672497051555787	566	11
7518	0	0.0733795145517907	0	6	0.86804663073688	0.672497051555787	566	11
7520	1	0.356134016271596	0	6	0.86804663073688	0.672497051555787	566	11
7525	3	0.402297829713853	0	6	0.86804663073688	0.672497051555787	566	11
7528	0	-0.0125721729600126	0	6	0.86804663073688	0.672497051555787	566	11
7529	7	0.104331558791739	0	6	0.86804663073688	0.672497051555787	566	11
7531	2	0.0541190838010275	0	6	0.86804663073688	0.672497051555787	566	11
7533	1	0.622391889723886	0	6	0.86804663073688	0.672497051555787	566	11
7534	3	0.300719940013285	0	6	0.86804663073688	0.672497051555787	566	11
7535	1	0.261956302854547	0	6	0.86804663073688	0.672497051555787	566	11
7536	5	0.413295061095971	1	6	0.86804663073688	0.672497051555787	566	11
7538	11	-0.212998707776861	0	6	0.86804663073688	0.672497051555787	566	11
7539	2	0.0730107838596075	0	6	0.86804663073688	0.672497051555787	566	11
7541	3	0.246596626699443	0	6	0.86804663073688	0.672497051555787	566	11
7542	2	-0.154145035835769	0	6	0.86804663073688	0.672497051555787	566	11
7543	0	0.326488483177062	0	6	0.86804663073688	0.672497051555787	566	11
7544	0	0.181410411031559	0	6	0.86804663073688	0.672497051555787	566	11
7551	0	0.299773846095663	0	6	0.86804663073688	0.672497051555787	566	11
7552	0	0.141157854456698	0	6	0.86804663073688	0.672497051555787	566	11
7553	5	0.668121924031251	1	6	0.86804663073688	0.672497051555787	566	11
7555	2	-0.158416161213731	0	6	0.86804663073688	0.672497051555787	566	11
7556	0	0.360501230293197	0	6	0.86804663073688	0.672497051555787	566	11
7559	0	0.316148578497895	0	6	0.86804663073688	0.672497051555787	566	11
7561	2	0.00519822261844062	0	6	0.86804663073688	0.672497051555787	566	11
7564	3	-0.131420795314062	0	6	0.86804663073688	0.672497051555787	566	11
7570	0	0.311440623224603	0	6	0.86804663073688	0.672497051555787	566	11
7571	0	0.218635827935144	0	6	0.86804663073688	0.672497051555787	566	11
7572	3	0.371394718481484	0	6	0.86804663073688	0.672497051555787	566	11
7580	2	0.168527971831497	0	6	0.86804663073688	0.672497051555787	566	11
7582	2	0.102527686049065	0	6	0.86804663073688	0.672497051555787	566	11
7584	5	0.47574609264626	1	6	0.86804663073688	0.672497051555787	566	11
7586	3	0.263184416972282	0	6	0.86804663073688	0.672497051555787	566	11
7592	3	0.114475162171467	0	6	0.86804663073688	0.672497051555787	566	11
7593	5	0.431711714223503	1	6	0.86804663073688	0.672497051555787	566	11
7594	1	0.517171304544578	0	6	0.86804663073688	0.672497051555787	566	11
7596	3	0.168724529356705	0	6	0.86804663073688	0.672497051555787	566	11
7597	0	0.227863925878885	0	6	0.86804663073688	0.672497051555787	566	11
7625	1	0.538986662230501	0	6	0.86804663073688	0.672497051555787	566	11
7626	3	0.299717807352244	0	6	0.86804663073688	0.672497051555787	566	11
7629	2	0.0393252072819023	0	6	0.86804663073688	0.672497051555787	566	11
7633	1	0.487534762195592	0	6	0.86804663073688	0.672497051555787	566	11
7638	0	0.327654683194092	0	6	0.86804663073688	0.672497051555787	566	11
7639	5	0.599201948234278	1	6	0.86804663073688	0.672497051555787	566	11
7644	3	0.0407231662399428	0	6	0.86804663073688	0.672497051555787	566	11
7673	3	0.35078136541884	0	6	0.86804663073688	0.672497051555787	566	11
7678	3	-0.00155593320476882	0	6	0.86804663073688	0.672497051555787	566	11
7691	3	0.225587245737217	0	6	0.86804663073688	0.672497051555787	566	11
7692	5	0.551402915015796	1	6	0.86804663073688	0.672497051555787	566	11
7693	3	0.213532056540493	0	6	0.86804663073688	0.672497051555787	566	11
7694	3	0.333431200624533	0	6	0.86804663073688	0.672497051555787	566	11
7695	3	0.284882718133153	0	6	0.86804663073688	0.672497051555787	566	11
7699	2	0.078307127744071	0	6	0.86804663073688	0.672497051555787	566	11
7701	2	0.135138358721529	0	6	0.86804663073688	0.672497051555787	566	11
7702	3	0.393291729636662	0	6	0.86804663073688	0.672497051555787	566	11
7703	2	-0.0477193651655178	0	6	0.86804663073688	0.672497051555787	566	11
7704	2	0.129876378987895	0	6	0.86804663073688	0.672497051555787	566	11
7705	0	0.168828120938509	0	6	0.86804663073688	0.672497051555787	566	11
7707	3	0.183740538040662	0	6	0.86804663073688	0.672497051555787	566	11
7709	0	0.235487115348036	0	6	0.86804663073688	0.672497051555787	566	11
7710	5	0.596302679787138	1	6	0.86804663073688	0.672497051555787	566	11
7716	3	0.16867639924515	0	6	0.86804663073688	0.672497051555787	566	11
7718	0	0.0662981263114916	0	6	0.86804663073688	0.672497051555787	566	11
7727	3	0.142804125193649	0	6	0.86804663073688	0.672497051555787	566	11
7728	2	0.0539574602393421	0	6	0.86804663073688	0.672497051555787	566	11
7733	3	0.325723668238452	0	6	0.86804663073688	0.672497051555787	566	11
7737	2	-0.0942366463552794	0	6	0.86804663073688	0.672497051555787	566	11
7738	2	-0.0531469273811173	0	6	0.86804663073688	0.672497051555787	566	11
7739	3	-0.146127259273757	0	6	0.86804663073688	0.672497051555787	566	11
7741	3	0.318130821935198	0	6	0.86804663073688	0.672497051555787	566	11
7743	3	0.126388460588267	0	6	0.86804663073688	0.672497051555787	566	11
7745	3	0.27587497362933	0	6	0.86804663073688	0.672497051555787	566	11
7746	0	0.441126125405158	0	6	0.86804663073688	0.672497051555787	566	11
7748	1	0.447961568860217	0	6	0.86804663073688	0.672497051555787	566	11
7750	5	0.530646909538422	1	6	0.86804663073688	0.672497051555787	566	11
7752	2	-0.00842232289956789	0	6	0.86804663073688	0.672497051555787	566	11
7753	0	0.252132955680181	0	6	0.86804663073688	0.672497051555787	566	11
7755	0	0.214741541347299	0	6	0.86804663073688	0.672497051555787	566	11
7761	2	0.0345852418026494	0	6	0.86804663073688	0.672497051555787	566	11
7762	1	0.295804009941088	0	6	0.86804663073688	0.672497051555787	566	11
7763	2	0.0780564838702069	0	6	0.86804663073688	0.672497051555787	566	11
7764	1	0.139484250051392	0	6	0.86804663073688	0.672497051555787	566	11
7766	0	0.208833935477514	0	6	0.86804663073688	0.672497051555787	566	11
7767	0	0.195503151223282	0	6	0.86804663073688	0.672497051555787	566	11
7768	3	0.239966714453011	0	6	0.86804663073688	0.672497051555787	566	11
7769	0	0.11265713118715	0	6	0.86804663073688	0.672497051555787	566	11
7770	3	0.355434968489547	0	6	0.86804663073688	0.672497051555787	566	11
7773	2	-0.0348474109540478	0	6	0.86804663073688	0.672497051555787	566	11
7775	0	0.239295548706375	0	6	0.86804663073688	0.672497051555787	566	11
7776	3	0.356589452143889	0	6	0.86804663073688	0.672497051555787	566	11
7782	3	0.0590983647214518	0	6	0.86804663073688	0.672497051555787	566	11
7786	1	0.43941412652451	0	6	0.86804663073688	0.672497051555787	566	11
7791	1	0.440939796869373	0	6	0.86804663073688	0.672497051555787	566	11
7798	5	0.598284783372529	1	6	0.86804663073688	0.672497051555787	566	11
7799	3	0.445192849412255	0	6	0.86804663073688	0.672497051555787	566	11
7802	2	-0.00575988773671511	0	6	0.86804663073688	0.672497051555787	566	11
7803	2	-0.0513379117865037	0	6	0.86804663073688	0.672497051555787	566	11
7804	1	0.281545958968227	0	6	0.86804663073688	0.672497051555787	566	11
7805	1	0.157359792029442	0	6	0.86804663073688	0.672497051555787	566	11
7812	3	0.0204905770536768	0	6	0.86804663073688	0.672497051555787	566	11
7813	3	0.422051127818372	0	6	0.86804663073688	0.672497051555787	566	11
7818	7	0.160617044504053	0	6	0.86804663073688	0.672497051555787	566	11
7827	3	-0.0136056112105027	0	6	0.86804663073688	0.672497051555787	566	11
7832	11	-0.166002087003452	0	6	0.86804663073688	0.672497051555787	566	11
7837	1	0.587926089160724	0	6	0.86804663073688	0.672497051555787	566	11
7840	1	0.383055568555344	0	6	0.86804663073688	0.672497051555787	566	11
7841	0	0.27211703898135	0	6	0.86804663073688	0.672497051555787	566	11
7844	3	-0.0151605156257571	0	6	0.86804663073688	0.672497051555787	566	11
7849	6	0.0309828372530208	0	6	0.86804663073688	0.672497051555787	566	11
7850	8	-0.0966233749868229	0	6	0.86804663073688	0.672497051555787	566	11
7852	11	-0.131996176307179	0	6	0.86804663073688	0.672497051555787	566	11
7855	4	-0.172401492444499	0	6	0.86804663073688	0.672497051555787	566	11
7862	1	0.381850638507377	0	6	0.86804663073688	0.672497051555787	566	11
7866	1	0.162114688044829	0	6	0.86804663073688	0.672497051555787	566	11
7867	2	-0.0380224276849901	0	6	0.86804663073688	0.672497051555787	566	11
7869	2	-0.111276181538915	0	6	0.86804663073688	0.672497051555787	566	11
7873	0	0.0775253019383764	0	6	0.86804663073688	0.672497051555787	566	11
7874	3	0.502247673184873	0	6	0.86804663073688	0.672497051555787	566	11
7879	2	0.0337261790797718	0	6	0.86804663073688	0.672497051555787	566	11
7881	1	0.51538267556874	0	6	0.86804663073688	0.672497051555787	566	11
7884	2	0.0587640570373614	0	6	0.86804663073688	0.672497051555787	566	11
7903	0	0.170909721426408	0	6	0.86804663073688	0.672497051555787	566	11
7905	2	-0.321194877180136	0	6	0.86804663073688	0.672497051555787	566	11
7913	1	0.332446040474711	0	6	0.86804663073688	0.672497051555787	566	11
7915	4	-0.282205478943217	0	6	0.86804663073688	0.672497051555787	566	11
7916	2	0.0105763648541729	0	6	0.86804663073688	0.672497051555787	566	11
7941	1	0.406942740583099	0	6	0.86804663073688	0.672497051555787	566	11
7942	0	0.333774265071517	0	6	0.86804663073688	0.672497051555787	566	11
7957	4	0.146294378746578	0	6	0.86804663073688	0.672497051555787	566	11
7965	2	0.00663394604894707	0	6	0.86804663073688	0.672497051555787	566	11
7975	2	-0.112730162305501	0	6	0.86804663073688	0.672497051555787	566	11
7976	0	-0.120458549968347	0	6	0.86804663073688	0.672497051555787	566	11
7978	5	0.524686302842361	1	6	0.86804663073688	0.672497051555787	566	11
7979	5	0.713655298284126	1	6	0.86804663073688	0.672497051555787	566	11
7980	1	0.352493484213834	0	6	0.86804663073688	0.672497051555787	566	11
7988	1	0.37091835503458	0	6	0.86804663073688	0.672497051555787	566	11
7991	3	0.0856933437457973	0	6	0.86804663073688	0.672497051555787	566	11
7993	0	0.186610200461158	0	6	0.86804663073688	0.672497051555787	566	11
7994	3	0.440632840229966	0	6	0.86804663073688	0.672497051555787	566	11
8000	0	0.231075165130346	0	6	0.86804663073688	0.672497051555787	566	11
8013	11	0.0243315566305572	0	6	0.86804663073688	0.672497051555787	566	11
8019	2	0.000619075053347749	0	6	0.86804663073688	0.672497051555787	566	11
8021	1	0.423901311082915	0	6	0.86804663073688	0.672497051555787	566	11
8027	7	0.147364780858455	0	6	0.86804663073688	0.672497051555787	566	11
8028	5	0.50613742652802	1	6	0.86804663073688	0.672497051555787	566	11
8029	4	-0.308753594697251	0	6	0.86804663073688	0.672497051555787	566	11
8030	2	-0.116779894640227	0	6	0.86804663073688	0.672497051555787	566	11
8031	2	-0.200648798564988	0	6	0.86804663073688	0.672497051555787	566	11
8034	4	-0.0538716152314653	0	6	0.86804663073688	0.672497051555787	566	11
8036	3	0.14628166452842	0	6	0.86804663073688	0.672497051555787	566	11
8038	1	0.446464809511242	0	6	0.86804663073688	0.672497051555787	566	11
8045	2	-0.274072247566669	0	6	0.86804663073688	0.672497051555787	566	11
8048	1	0.433973419863186	0	6	0.86804663073688	0.672497051555787	566	11
8050	3	0.0920875525284553	0	6	0.86804663073688	0.672497051555787	566	11
8061	1	0.384101643470508	0	6	0.86804663073688	0.672497051555787	566	11
8065	3	0.0643277834529492	0	6	0.86804663073688	0.672497051555787	566	11
8073	7	0.243409131740926	0	6	0.86804663073688	0.672497051555787	566	11
8076	0	0.00710981553944935	0	6	0.86804663073688	0.672497051555787	566	11
8078	2	-0.157255508668397	0	6	0.86804663073688	0.672497051555787	566	11
8079	2	-0.0832422263103644	0	6	0.86804663073688	0.672497051555787	566	11
8082	1	0.514009397773184	0	6	0.86804663073688	0.672497051555787	566	11
8085	0	0.437306738570253	0	6	0.86804663073688	0.672497051555787	566	11
8086	2	0.0244528371976725	0	6	0.86804663073688	0.672497051555787	566	11
8087	2	0.149730071457808	0	6	0.86804663073688	0.672497051555787	566	11
8089	2	-0.121259622661758	0	6	0.86804663073688	0.672497051555787	566	11
8091	1	0.364393133815367	0	6	0.86804663073688	0.672497051555787	566	11
8092	1	0.17240140347099	0	6	0.86804663073688	0.672497051555787	566	11
8099	5	0.625615324082095	1	6	0.86804663073688	0.672497051555787	566	11
8100	4	-0.00931603392402851	0	6	0.86804663073688	0.672497051555787	566	11
8111	1	0.295786616216943	0	6	0.86804663073688	0.672497051555787	566	11
8115	0	0.041455267538979	0	6	0.86804663073688	0.672497051555787	566	11
8120	0	-0.135787818659341	0	6	0.86804663073688	0.672497051555787	566	11
8125	2	0.262391556170298	0	6	0.86804663073688	0.672497051555787	566	11
8131	2	-0.066052825324679	0	6	0.86804663073688	0.672497051555787	566	11
8139	0	0.321961429838192	0	6	0.86804663073688	0.672497051555787	566	11
8140	0	-0.0863438767157193	0	6	0.86804663073688	0.672497051555787	566	11
8148	2	0.153959949277966	0	6	0.86804663073688	0.672497051555787	566	11
8153	2	0.114516596811083	0	6	0.86804663073688	0.672497051555787	566	11
8161	2	0.177589038257063	0	6	0.86804663073688	0.672497051555787	566	11
8165	4	0.0173016469162681	0	6	0.86804663073688	0.672497051555787	566	11
8175	2	0.151295109526125	0	6	0.86804663073688	0.672497051555787	566	11
8178	1	0.013955998127959	0	6	0.86804663073688	0.672497051555787	566	11
8187	2	0.0471134155795874	0	6	0.86804663073688	0.672497051555787	566	11
8189	1	0.415173548230738	0	6	0.86804663073688	0.672497051555787	566	11
8192	2	-0.240489692498479	0	6	0.86804663073688	0.672497051555787	566	11
8195	2	0.072792125204699	0	6	0.86804663073688	0.672497051555787	566	11
8200	0	0.161116472433165	0	6	0.86804663073688	0.672497051555787	566	11
8202	5	0.625166777213154	1	6	0.86804663073688	0.672497051555787	566	11
8204	2	-0.0681216006905854	0	6	0.86804663073688	0.672497051555787	566	11
8208	1	0.148413612757078	0	6	0.86804663073688	0.672497051555787	566	11
8216	3	-0.0253356567965281	0	6	0.86804663073688	0.672497051555787	566	11
8218	1	0.284176616173496	0	6	0.86804663073688	0.672497051555787	566	11
8224	5	0.440959198307831	1	6	0.86804663073688	0.672497051555787	566	11
8226	2	0.0749243346048219	0	6	0.86804663073688	0.672497051555787	566	11
8228	4	-0.329054620964627	0	6	0.86804663073688	0.672497051555787	566	11
8233	5	0.514904419227044	1	6	0.86804663073688	0.672497051555787	566	11
8237	2	-0.121023647968905	0	6	0.86804663073688	0.672497051555787	566	11
8239	3	0.0940627435087768	0	6	0.86804663073688	0.672497051555787	566	11
8241	3	-0.160177875392088	0	6	0.86804663073688	0.672497051555787	566	11
8242	0	0.123096636703865	0	6	0.86804663073688	0.672497051555787	566	11
8243	0	0.07880149399601	0	6	0.86804663073688	0.672497051555787	566	11
8260	2	0.0991868134388806	0	6	0.86804663073688	0.672497051555787	566	11
8266	2	-0.0470525381595499	0	6	0.86804663073688	0.672497051555787	566	11
8269	2	0.153670871796434	0	6	0.86804663073688	0.672497051555787	566	11
8270	1	0.322603296881761	0	6	0.86804663073688	0.672497051555787	566	11
8273	2	0.0725997291915244	0	6	0.86804663073688	0.672497051555787	566	11
8284	0	0.299949200574811	0	6	0.86804663073688	0.672497051555787	566	11
8287	0	0.120834012601211	0	6	0.86804663073688	0.672497051555787	566	11
8288	0	-0.0456945110173999	0	6	0.86804663073688	0.672497051555787	566	11
8289	3	0.175607649844457	0	6	0.86804663073688	0.672497051555787	566	11
8291	3	0.401237253220215	0	6	0.86804663073688	0.672497051555787	566	11
8292	1	0.506587717211333	0	6	0.86804663073688	0.672497051555787	566	11
8295	1	0.523397574118981	0	6	0.86804663073688	0.672497051555787	566	11
8301	2	0.0264281109901783	0	6	0.86804663073688	0.672497051555787	566	11
8303	1	0.415296082202264	0	6	0.86804663073688	0.672497051555787	566	11
8309	4	-0.194414785730343	0	6	0.86804663073688	0.672497051555787	566	11
8310	3	0.382850681887084	0	6	0.86804663073688	0.672497051555787	566	11
8312	0	0.0867925587117819	0	6	0.86804663073688	0.672497051555787	566	11
8314	2	-0.0936166780079303	0	6	0.86804663073688	0.672497051555787	566	11
8315	3	0.0388634617238274	0	6	0.86804663073688	0.672497051555787	566	11
8317	1	0.547434476271515	0	6	0.86804663073688	0.672497051555787	566	11
8321	6	0.118874661479098	0	6	0.86804663073688	0.672497051555787	566	11
8322	3	0.296855936735373	0	6	0.86804663073688	0.672497051555787	566	11
8323	1	0.254297523086822	0	6	0.86804663073688	0.672497051555787	566	11
8324	2	-0.00408838229687935	0	6	0.86804663073688	0.672497051555787	566	11
8328	0	0.347168878550424	0	6	0.86804663073688	0.672497051555787	566	11
8332	1	0.282958115809214	0	6	0.86804663073688	0.672497051555787	566	11
8340	2	0.196038274499293	0	6	0.86804663073688	0.672497051555787	566	11
8342	1	0.0871124724772372	0	6	0.86804663073688	0.672497051555787	566	11
8345	1	0.167566390001909	0	6	0.86804663073688	0.672497051555787	566	11
8348	1	0.140305381508633	0	6	0.86804663073688	0.672497051555787	566	11
8349	2	-0.125458488361347	0	6	0.86804663073688	0.672497051555787	566	11
8372	0	0.176310807144439	0	6	0.86804663073688	0.672497051555787	566	11
8379	1	0.3748362096158	0	6	0.86804663073688	0.672497051555787	566	11
8382	4	-0.225504385713029	0	6	0.86804663073688	0.672497051555787	566	11
8394	3	0.403180039732304	0	6	0.86804663073688	0.672497051555787	566	11
8395	1	0.520741166689218	0	6	0.86804663073688	0.672497051555787	566	11
8396	2	0.22778077655887	0	6	0.86804663073688	0.672497051555787	566	11
8398	4	0.223915096946805	0	6	0.86804663073688	0.672497051555787	566	11
8402	4	-0.287839898834187	0	6	0.86804663073688	0.672497051555787	566	11
8404	1	0.183575961806409	0	6	0.86804663073688	0.672497051555787	566	11
8405	3	0.127582701260218	0	6	0.86804663073688	0.672497051555787	566	11
8406	1	0.154920803446157	0	6	0.86804663073688	0.672497051555787	566	11
8407	1	0.343139282721224	0	6	0.86804663073688	0.672497051555787	566	11
8408	2	-0.315593555321384	0	6	0.86804663073688	0.672497051555787	566	11
8409	7	0.0219799776934183	0	6	0.86804663073688	0.672497051555787	566	11
8411	3	0.211600075955716	0	6	0.86804663073688	0.672497051555787	566	11
8412	3	0.102387558280849	0	6	0.86804663073688	0.672497051555787	566	11
8416	4	-0.285791448701606	0	6	0.86804663073688	0.672497051555787	566	11
8417	2	-0.212640504924335	0	6	0.86804663073688	0.672497051555787	566	11
8424	4	-0.292680188901045	0	6	0.86804663073688	0.672497051555787	566	11
8425	1	0.210248363706956	0	6	0.86804663073688	0.672497051555787	566	11
8427	0	0.256530186198706	0	6	0.86804663073688	0.672497051555787	566	11
8428	2	0.0100676719909262	0	6	0.86804663073688	0.672497051555787	566	11
8431	0	0.368576091220941	0	6	0.86804663073688	0.672497051555787	566	11
8434	3	0.11515646417317	0	6	0.86804663073688	0.672497051555787	566	11
8435	0	0.123082982711401	0	6	0.86804663073688	0.672497051555787	566	11
8436	3	0.143952446508141	0	6	0.86804663073688	0.672497051555787	566	11
8437	1	0.311716887160121	0	6	0.86804663073688	0.672497051555787	566	11
8438	1	0.228626099647863	0	6	0.86804663073688	0.672497051555787	566	11
8439	3	0.206830834404104	0	6	0.86804663073688	0.672497051555787	566	11
8440	3	0.194670432505674	0	6	0.86804663073688	0.672497051555787	566	11
8443	0	0.102345688544468	0	6	0.86804663073688	0.672497051555787	566	11
8444	1	0.569964758868184	0	6	0.86804663073688	0.672497051555787	566	11
8445	1	0.427301438976199	0	6	0.86804663073688	0.672497051555787	566	11
8446	5	0.569024617216169	1	6	0.86804663073688	0.672497051555787	566	11
8447	1	0.392342211770495	0	6	0.86804663073688	0.672497051555787	566	11
8448	0	0.352206076022174	0	6	0.86804663073688	0.672497051555787	566	11
8450	2	-0.0479669982834383	0	6	0.86804663073688	0.672497051555787	566	11
8451	0	0.307727668050905	0	6	0.86804663073688	0.672497051555787	566	11
8452	3	0.336061727724826	0	6	0.86804663073688	0.672497051555787	566	11
8453	3	0.151366485933375	0	6	0.86804663073688	0.672497051555787	566	11
8454	5	0.524120210507701	1	6	0.86804663073688	0.672497051555787	566	11
8455	3	0.0274853011497951	0	6	0.86804663073688	0.672497051555787	566	11
8458	0	0.463363558299441	0	6	0.86804663073688	0.672497051555787	566	11
8459	5	0.396930621123297	1	6	0.86804663073688	0.672497051555787	566	11
8460	1	0.394211267354098	0	6	0.86804663073688	0.672497051555787	566	11
8462	3	0.13675330805715	0	6	0.86804663073688	0.672497051555787	566	11
8464	1	0.181809842095646	0	6	0.86804663073688	0.672497051555787	566	11
8467	0	0.167618040905758	0	6	0.86804663073688	0.672497051555787	566	11
8470	1	0.531683387835038	0	6	0.86804663073688	0.672497051555787	566	11
8473	5	0.507203292819215	1	6	0.86804663073688	0.672497051555787	566	11
8476	3	0.480866548128894	0	6	0.86804663073688	0.672497051555787	566	11
8477	1	0.366357919881901	0	6	0.86804663073688	0.672497051555787	566	11
8479	2	-0.0552002549728406	0	6	0.86804663073688	0.672497051555787	566	11
8480	3	0.0586885674335099	0	6	0.86804663073688	0.672497051555787	566	11
8481	5	0.611073110041	1	6	0.86804663073688	0.672497051555787	566	11
8482	0	0.370848245352278	0	6	0.86804663073688	0.672497051555787	566	11
8483	1	0.265610071841122	0	6	0.86804663073688	0.672497051555787	566	11
8487	5	0.662708322330531	1	6	0.86804663073688	0.672497051555787	566	11
8490	1	0.414751783376341	0	6	0.86804663073688	0.672497051555787	566	11
8491	3	0.0323960176388986	0	6	0.86804663073688	0.672497051555787	566	11
8492	1	0.275528725918779	0	6	0.86804663073688	0.672497051555787	566	11
8493	3	0.338532601311961	0	6	0.86804663073688	0.672497051555787	566	11
8495	4	-0.144733814746739	0	6	0.86804663073688	0.672497051555787	566	11
8496	5	0.572390796112818	1	6	0.86804663073688	0.672497051555787	566	11
8497	3	0.271458975617234	0	6	0.86804663073688	0.672497051555787	566	11
8498	3	0.121294775987186	0	6	0.86804663073688	0.672497051555787	566	11
8499	1	0.219811563510074	0	6	0.86804663073688	0.672497051555787	566	11
8500	3	0.0431429475760623	0	6	0.86804663073688	0.672497051555787	566	11
8501	1	0.219618908821027	0	6	0.86804663073688	0.672497051555787	566	11
8502	3	0.0900614759975571	0	6	0.86804663073688	0.672497051555787	566	11
8503	5	0.720294823864457	1	6	0.86804663073688	0.672497051555787	566	11
8504	3	0.228246716632461	0	6	0.86804663073688	0.672497051555787	566	11
8506	4	0.254285599879599	0	6	0.86804663073688	0.672497051555787	566	11
8507	3	0.444790290972014	0	6	0.86804663073688	0.672497051555787	566	11
8508	4	-0.24498352351302	0	6	0.86804663073688	0.672497051555787	566	11
8509	0	0.351245761119607	0	6	0.86804663073688	0.672497051555787	566	11
8514	4	-0.341622501616746	0	6	0.86804663073688	0.672497051555787	566	11
8516	3	0.176237356511291	0	6	0.86804663073688	0.672497051555787	566	11
8518	3	0.507978981305471	0	6	0.86804663073688	0.672497051555787	566	11
8519	10	0.372531832989188	0	6	0.86804663073688	0.672497051555787	566	11
8520	2	0.217650589310724	0	6	0.86804663073688	0.672497051555787	566	11
8521	2	0.0316099230118135	0	6	0.86804663073688	0.672497051555787	566	11
8522	1	0.444039078130838	0	6	0.86804663073688	0.672497051555787	566	11
8525	3	0.181872565199814	0	6	0.86804663073688	0.672497051555787	566	11
8526	5	0.533947070005771	1	6	0.86804663073688	0.672497051555787	566	11
8527	1	0.346964573328318	0	6	0.86804663073688	0.672497051555787	566	11
8528	4	-0.135024848591031	0	6	0.86804663073688	0.672497051555787	566	11
8529	4	-0.0978059925862541	0	6	0.86804663073688	0.672497051555787	566	11
8530	1	0.0911290189920742	0	6	0.86804663073688	0.672497051555787	566	11
8531	2	-0.0878073351528088	0	6	0.86804663073688	0.672497051555787	566	11
8533	2	0.0630213134082986	0	6	0.86804663073688	0.672497051555787	566	11
8534	3	0.337357476465738	0	6	0.86804663073688	0.672497051555787	566	11
8535	2	0.0570908441178844	0	6	0.86804663073688	0.672497051555787	566	11
8536	2	0.260424302742414	0	6	0.86804663073688	0.672497051555787	566	11
8537	1	0.306811793065021	0	6	0.86804663073688	0.672497051555787	566	11
8538	0	-0.0368932753221155	0	6	0.86804663073688	0.672497051555787	566	11
8539	2	0.218447374640821	0	6	0.86804663073688	0.672497051555787	566	11
8540	1	0.270172139223036	0	6	0.86804663073688	0.672497051555787	566	11
8541	0	0.227040058119941	0	6	0.86804663073688	0.672497051555787	566	11
8542	3	0.0360057987876349	0	6	0.86804663073688	0.672497051555787	566	11
8543	0	0.166383243393722	0	6	0.86804663073688	0.672497051555787	566	11
8545	3	0.180821847306846	0	6	0.86804663073688	0.672497051555787	566	11
8546	3	0.0325116171810488	0	6	0.86804663073688	0.672497051555787	566	11
8547	3	0.194084134192134	0	6	0.86804663073688	0.672497051555787	566	11
8549	1	0.132290268079879	0	6	0.86804663073688	0.672497051555787	566	11
8550	0	0.014294642515583	0	6	0.86804663073688	0.672497051555787	566	11
8553	1	0.096490685725049	0	6	0.86804663073688	0.672497051555787	566	11
8554	3	0.145653366322753	0	6	0.86804663073688	0.672497051555787	566	11
8555	2	-0.0594431574026538	0	6	0.86804663073688	0.672497051555787	566	11
8556	3	0.000620833731448171	0	6	0.86804663073688	0.672497051555787	566	11
8557	0	0.0973410457882549	0	6	0.86804663073688	0.672497051555787	566	11
8558	2	-0.0656576322436576	0	6	0.86804663073688	0.672497051555787	566	11
8559	5	0.737012809198805	1	6	0.86804663073688	0.672497051555787	566	11
8560	7	0.238142081239115	0	6	0.86804663073688	0.672497051555787	566	11
8562	2	0.0525833010471647	0	6	0.86804663073688	0.672497051555787	566	11
8563	1	0.291536389905665	0	6	0.86804663073688	0.672497051555787	566	11
8564	4	-0.280355191567693	0	6	0.86804663073688	0.672497051555787	566	11
8565	1	0.217264407479379	0	6	0.86804663073688	0.672497051555787	566	11
8566	7	0.107680644893144	0	6	0.86804663073688	0.672497051555787	566	11
8567	3	0.366148868687913	0	6	0.86804663073688	0.672497051555787	566	11
8568	0	0.0538413457243169	0	6	0.86804663073688	0.672497051555787	566	11
8569	1	0.631809007801998	0	6	0.86804663073688	0.672497051555787	566	11
8572	1	0.243795469599681	0	6	0.86804663073688	0.672497051555787	566	11
8573	1	0.224452856226542	0	6	0.86804663073688	0.672497051555787	566	11
8574	4	-0.298244172545588	0	6	0.86804663073688	0.672497051555787	566	11
8575	5	0.502764679454379	1	6	0.86804663073688	0.672497051555787	566	11
8576	1	0.171232381765771	0	6	0.86804663073688	0.672497051555787	566	11
8578	3	0.261428185178389	0	6	0.86804663073688	0.672497051555787	566	11
8602	1	0.226233172617178	0	6	0.86804663073688	0.672497051555787	566	11
8603	5	0.563844792453198	1	6	0.86804663073688	0.672497051555787	566	11
8604	2	-0.136601320859835	0	6	0.86804663073688	0.672497051555787	566	11
8605	0	0.124390543666111	0	6	0.86804663073688	0.672497051555787	566	11
8607	2	-0.0524232359939718	0	6	0.86804663073688	0.672497051555787	566	11
8608	0	0.240663618429272	0	6	0.86804663073688	0.672497051555787	566	11
8609	3	0.127373000289802	0	6	0.86804663073688	0.672497051555787	566	11
8611	3	0.26556946032633	0	6	0.86804663073688	0.672497051555787	566	11
8612	1	0.424653156725555	0	6	0.86804663073688	0.672497051555787	566	11
8613	3	-0.0259883785119397	0	6	0.86804663073688	0.672497051555787	566	11
8614	0	-0.140700141653132	0	6	0.86804663073688	0.672497051555787	566	11
8615	2	-0.119840962781907	0	6	0.86804663073688	0.672497051555787	566	11
8620	5	0.747047674339482	1	6	0.86804663073688	0.672497051555787	566	11
8621	0	0.523529395760533	0	6	0.86804663073688	0.672497051555787	566	11
8622	0	0.38599830948473	0	6	0.86804663073688	0.672497051555787	566	11
8624	2	-0.0587575797456085	0	6	0.86804663073688	0.672497051555787	566	11
8625	2	-0.0639878233531739	0	6	0.86804663073688	0.672497051555787	566	11
8629	3	0.026644784613413	0	6	0.86804663073688	0.672497051555787	566	11
8630	0	0.035694673183943	0	6	0.86804663073688	0.672497051555787	566	11
8631	2	-0.303636526913826	0	6	0.86804663073688	0.672497051555787	566	11
8632	1	0.330536782608829	0	6	0.86804663073688	0.672497051555787	566	11
8633	3	0.0550943205469089	0	6	0.86804663073688	0.672497051555787	566	11
8634	4	0.208324396336239	0	6	0.86804663073688	0.672497051555787	566	11
8635	1	0.247236789464363	0	6	0.86804663073688	0.672497051555787	566	11
8636	2	-0.30283771177882	0	6	0.86804663073688	0.672497051555787	566	11
8638	10	0.00799518627857186	0	6	0.86804663073688	0.672497051555787	566	11
8639	1	0.383802388617213	0	6	0.86804663073688	0.672497051555787	566	11
8642	5	0.604152020578562	1	6	0.86804663073688	0.672497051555787	566	11
8643	4	0.327432939677494	0	6	0.86804663073688	0.672497051555787	566	11
8644	4	-0.199110605876982	0	6	0.86804663073688	0.672497051555787	566	11
8645	4	-0.036750998699907	0	6	0.86804663073688	0.672497051555787	566	11
8646	1	0.0902711578659757	0	6	0.86804663073688	0.672497051555787	566	11
8648	3	0.00551000836426897	0	6	0.86804663073688	0.672497051555787	566	11
8649	2	-0.15551711083218	0	6	0.86804663073688	0.672497051555787	566	11
8651	0	0.142524777811499	0	6	0.86804663073688	0.672497051555787	566	11
8653	0	0.203519288900989	0	6	0.86804663073688	0.672497051555787	566	11
8654	1	0.38179269244707	0	6	0.86804663073688	0.672497051555787	566	11
8655	2	0.0610271409553268	0	6	0.86804663073688	0.672497051555787	566	11
8658	5	0.700701537829747	1	6	0.86804663073688	0.672497051555787	566	11
8660	7	0.0416817250191073	0	6	0.86804663073688	0.672497051555787	566	11
8662	2	0.0159646988004981	0	6	0.86804663073688	0.672497051555787	566	11
8664	6	0.223748426107507	0	6	0.86804663073688	0.672497051555787	566	11
8666	7	-0.0325382702519894	0	6	0.86804663073688	0.672497051555787	566	11
8667	7	-0.0212805519529213	0	6	0.86804663073688	0.672497051555787	566	11
8668	2	-0.167392102576595	0	6	0.86804663073688	0.672497051555787	566	11
8669	2	0.228690633371675	0	6	0.86804663073688	0.672497051555787	566	11
8671	4	-0.338779218147447	0	6	0.86804663073688	0.672497051555787	566	11
8672	1	0.548979398421447	0	6	0.86804663073688	0.672497051555787	566	11
8673	2	-0.139239672186028	0	6	0.86804663073688	0.672497051555787	566	11
8674	3	0.163255810007936	0	6	0.86804663073688	0.672497051555787	566	11
8675	5	0.665462857468405	1	6	0.86804663073688	0.672497051555787	566	11
8676	3	-0.0276442142690623	0	6	0.86804663073688	0.672497051555787	566	11
8677	2	0.145059183238643	0	6	0.86804663073688	0.672497051555787	566	11
8678	2	0.199424870665492	0	6	0.86804663073688	0.672497051555787	566	11
8682	3	0.0146548782292924	0	6	0.86804663073688	0.672497051555787	566	11
8685	1	0.117670174482668	0	6	0.86804663073688	0.672497051555787	566	11
8690	0	0.173265842004892	0	6	0.86804663073688	0.672497051555787	566	11
8692	5	0.359388854727395	1	6	0.86804663073688	0.672497051555787	566	11
8694	2	-0.106262486759375	0	6	0.86804663073688	0.672497051555787	566	11
8697	2	-0.00665689262499434	0	6	0.86804663073688	0.672497051555787	566	11
8698	3	0.184769159244376	0	6	0.86804663073688	0.672497051555787	566	11
8702	4	-0.0500203587273001	0	6	0.86804663073688	0.672497051555787	566	11
8703	2	0.0338787358067234	0	6	0.86804663073688	0.672497051555787	566	11
8704	2	-0.218367785185855	0	6	0.86804663073688	0.672497051555787	566	11
8706	3	0.0136768307067812	0	6	0.86804663073688	0.672497051555787	566	11
8707	3	0.0967998751802743	0	6	0.86804663073688	0.672497051555787	566	11
8711	0	0.206716716777793	0	6	0.86804663073688	0.672497051555787	566	11
8714	1	0.404364352035196	0	6	0.86804663073688	0.672497051555787	566	11
8717	2	-0.0480391668188985	0	6	0.86804663073688	0.672497051555787	566	11
8720	3	-0.0184057537880083	0	6	0.86804663073688	0.672497051555787	566	11
8721	2	-0.307505097895123	0	6	0.86804663073688	0.672497051555787	566	11
8722	2	-0.163233287352506	0	6	0.86804663073688	0.672497051555787	566	11
8723	4	-0.152374487860379	0	6	0.86804663073688	0.672497051555787	566	11
8724	2	-0.0223004072463831	0	6	0.86804663073688	0.672497051555787	566	11
8725	3	-0.0970992368942885	0	6	0.86804663073688	0.672497051555787	566	11
8726	5	0.717731343975447	1	6	0.86804663073688	0.672497051555787	566	11
8727	3	0.205636140985351	0	6	0.86804663073688	0.672497051555787	566	11
8728	1	0.507937550144767	0	6	0.86804663073688	0.672497051555787	566	11
8729	3	0.087041772112712	0	6	0.86804663073688	0.672497051555787	566	11
8731	2	0.171269990526976	0	6	0.86804663073688	0.672497051555787	566	11
8732	0	0.118876393371164	0	6	0.86804663073688	0.672497051555787	566	11
8733	2	-0.128397744750468	0	6	0.86804663073688	0.672497051555787	566	11
8736	0	0.250391320321547	0	6	0.86804663073688	0.672497051555787	566	11
8737	3	0.371520185171456	0	6	0.86804663073688	0.672497051555787	566	11
8738	0	0.25508527899997	0	6	0.86804663073688	0.672497051555787	566	11
8740	1	0.254285292259078	0	6	0.86804663073688	0.672497051555787	566	11
8743	0	0.245364783524511	0	6	0.86804663073688	0.672497051555787	566	11
8744	0	0.0674802819691085	0	6	0.86804663073688	0.672497051555787	566	11
8745	1	0.348569258814411	0	6	0.86804663073688	0.672497051555787	566	11
8747	0	0.443439175247863	0	6	0.86804663073688	0.672497051555787	566	11
8748	5	0.522835625259285	1	6	0.86804663073688	0.672497051555787	566	11
8751	1	0.650222437457256	0	6	0.86804663073688	0.672497051555787	566	11
8754	1	0.382540595280496	0	6	0.86804663073688	0.672497051555787	566	11
8760	3	0.151389483141427	0	6	0.86804663073688	0.672497051555787	566	11
8763	2	-0.131767337848759	0	6	0.86804663073688	0.672497051555787	566	11
8764	4	0.251877129415238	0	6	0.86804663073688	0.672497051555787	566	11
8766	2	0.0793199789756663	0	6	0.86804663073688	0.672497051555787	566	11
8767	1	0.18001580493436	0	6	0.86804663073688	0.672497051555787	566	11
8772	1	0.050541465792133	0	6	0.86804663073688	0.672497051555787	566	11
8773	1	0.291606603430642	0	6	0.86804663073688	0.672497051555787	566	11
8774	2	0.00159089513764778	0	6	0.86804663073688	0.672497051555787	566	11
8775	2	-0.422732994419427	0	6	0.86804663073688	0.672497051555787	566	11
8776	0	0.0137644217241565	0	6	0.86804663073688	0.672497051555787	566	11
8777	3	0.179880162376188	0	6	0.86804663073688	0.672497051555787	566	11
8780	2	0.00304278707834091	0	6	0.86804663073688	0.672497051555787	566	11
8786	0	0.103830893211473	0	6	0.86804663073688	0.672497051555787	566	11
8787	3	0.0491126130056035	0	6	0.86804663073688	0.672497051555787	566	11
8792	1	0.210435407199817	0	6	0.86804663073688	0.672497051555787	566	11
8793	1	0.446309361547046	0	6	0.86804663073688	0.672497051555787	566	11
8795	1	0.433810365815945	0	6	0.86804663073688	0.672497051555787	566	11
8796	1	0.242673173280118	0	6	0.86804663073688	0.672497051555787	566	11
8798	2	0.0189043048390498	0	6	0.86804663073688	0.672497051555787	566	11
8800	2	0.0639028716446035	0	6	0.86804663073688	0.672497051555787	566	11
8801	4	-0.209835148620898	0	6	0.86804663073688	0.672497051555787	566	11
8802	4	-0.405203319298519	0	6	0.86804663073688	0.672497051555787	566	11
8803	2	-0.094561053973527	0	6	0.86804663073688	0.672497051555787	566	11
8804	2	-0.107650391011392	0	6	0.86804663073688	0.672497051555787	566	11
8805	1	0.440136669402898	0	6	0.86804663073688	0.672497051555787	566	11
8807	8	-0.0756101356970845	0	6	0.86804663073688	0.672497051555787	566	11
8808	0	0.0803198387576691	0	6	0.86804663073688	0.672497051555787	566	11
8809	3	0.23641607006463	0	6	0.86804663073688	0.672497051555787	566	11
8812	0	0.219197010698833	0	6	0.86804663073688	0.672497051555787	566	11
8813	2	0.0857646842045881	0	6	0.86804663073688	0.672497051555787	566	11
8814	4	-0.254523999177756	0	6	0.86804663073688	0.672497051555787	566	11
8815	2	-0.0093904928803102	0	6	0.86804663073688	0.672497051555787	566	11
8818	2	0.0402489157232695	0	6	0.86804663073688	0.672497051555787	566	11
8819	1	0.345403129552718	0	6	0.86804663073688	0.672497051555787	566	11
8821	1	0.377515974161115	0	6	0.86804663073688	0.672497051555787	566	11
8824	4	-0.2178550365252	0	6	0.86804663073688	0.672497051555787	566	11
8825	4	-0.244837102593914	0	6	0.86804663073688	0.672497051555787	566	11
8826	1	0.471392026201109	0	6	0.86804663073688	0.672497051555787	566	11
8828	1	0.383518829639527	0	6	0.86804663073688	0.672497051555787	566	11
8829	1	0.391814591417278	0	6	0.86804663073688	0.672497051555787	566	11
8832	1	0.439030196067563	0	6	0.86804663073688	0.672497051555787	566	11
8834	2	-0.0493765475237906	0	6	0.86804663073688	0.672497051555787	566	11
8835	3	0.158714447128758	0	6	0.86804663073688	0.672497051555787	566	11
8836	4	-0.177600077425307	0	6	0.86804663073688	0.672497051555787	566	11
8837	5	0.759803034523173	1	6	0.86804663073688	0.672497051555787	566	11
8838	2	-0.00289050267858599	0	6	0.86804663073688	0.672497051555787	566	11
8839	1	0.359695263927066	0	6	0.86804663073688	0.672497051555787	566	11
8840	1	0.476575968800959	0	6	0.86804663073688	0.672497051555787	566	11
8841	0	0.20602829067153	0	6	0.86804663073688	0.672497051555787	566	11
8842	1	0.353781135894911	0	6	0.86804663073688	0.672497051555787	566	11
8844	5	0.631073468821947	1	6	0.86804663073688	0.672497051555787	566	11
8846	3	0.230458797975121	0	6	0.86804663073688	0.672497051555787	566	11
8848	2	-0.0786171898371277	0	6	0.86804663073688	0.672497051555787	566	11
8850	3	-0.00515078781649372	0	6	0.86804663073688	0.672497051555787	566	11
8851	1	0.15778805164487	0	6	0.86804663073688	0.672497051555787	566	11
8853	5	0.489186670419684	1	6	0.86804663073688	0.672497051555787	566	11
8854	1	0.293530397977866	0	6	0.86804663073688	0.672497051555787	566	11
8857	1	0.0808922010783277	0	6	0.86804663073688	0.672497051555787	566	11
8858	4	-0.120831686250161	0	6	0.86804663073688	0.672497051555787	566	11
8861	5	0.546169115458466	1	6	0.86804663073688	0.672497051555787	566	11
8863	0	0.374430424358679	0	6	0.86804663073688	0.672497051555787	566	11
8864	1	0.39206579847876	0	6	0.86804663073688	0.672497051555787	566	11
8867	3	0.263411063816948	0	6	0.86804663073688	0.672497051555787	566	11
8869	1	0.373464802028561	0	6	0.86804663073688	0.672497051555787	566	11
8871	3	0.446823183269867	0	6	0.86804663073688	0.672497051555787	566	11
8872	2	0.182751980907022	0	6	0.86804663073688	0.672497051555787	566	11
8874	5	0.72521612779629	1	6	0.86804663073688	0.672497051555787	566	11
8875	8	-0.0753838595300605	0	6	0.86804663073688	0.672497051555787	566	11
8876	4	-0.164092702327901	0	6	0.86804663073688	0.672497051555787	566	11
8877	1	0.375045826777872	0	6	0.86804663073688	0.672497051555787	566	11
8878	2	-0.247305022663125	0	6	0.86804663073688	0.672497051555787	566	11
8879	1	0.165582758419291	0	6	0.86804663073688	0.672497051555787	566	11
8880	5	0.745139308808333	1	6	0.86804663073688	0.672497051555787	566	11
8881	5	0.582300707175879	1	6	0.86804663073688	0.672497051555787	566	11
8882	0	0.102134197339251	0	6	0.86804663073688	0.672497051555787	566	11
8883	0	0.0848936256915219	0	6	0.86804663073688	0.672497051555787	566	11
8884	0	-0.0276179511083933	0	6	0.86804663073688	0.672497051555787	566	11
8886	2	0.340982520854228	0	6	0.86804663073688	0.672497051555787	566	11
8887	2	-0.103739570550433	0	6	0.86804663073688	0.672497051555787	566	11
8888	5	0.752823004417535	1	6	0.86804663073688	0.672497051555787	566	11
8890	0	0.469471104326088	0	6	0.86804663073688	0.672497051555787	566	11
8891	3	0.102605511065673	0	6	0.86804663073688	0.672497051555787	566	11
8892	4	0.054270770235781	0	6	0.86804663073688	0.672497051555787	566	11
8893	1	0.442766717563217	0	6	0.86804663073688	0.672497051555787	566	11
8894	2	0.120951606141018	0	6	0.86804663073688	0.672497051555787	566	11
8895	3	-0.086725226796101	0	6	0.86804663073688	0.672497051555787	566	11
8896	2	0.182063358384608	0	6	0.86804663073688	0.672497051555787	566	11
8897	3	0.101884961674053	0	6	0.86804663073688	0.672497051555787	566	11
8898	3	0.076787544980139	0	6	0.86804663073688	0.672497051555787	566	11
8899	5	0.722840171117964	1	6	0.86804663073688	0.672497051555787	566	11
8904	1	0.480154976709108	0	6	0.86804663073688	0.672497051555787	566	11
8905	3	0.512173115122846	0	6	0.86804663073688	0.672497051555787	566	11
8906	5	0.573700839720379	1	6	0.86804663073688	0.672497051555787	566	11
8908	3	-0.00427614374827358	0	6	0.86804663073688	0.672497051555787	566	11
8909	0	0.420146304145238	0	6	0.86804663073688	0.672497051555787	566	11
8910	0	0.424936237890167	0	6	0.86804663073688	0.672497051555787	566	11
8911	1	0.154279158435187	0	6	0.86804663073688	0.672497051555787	566	11
8912	0	0.0935666745176908	0	6	0.86804663073688	0.672497051555787	566	11
8914	0	0.0683114314867865	0	6	0.86804663073688	0.672497051555787	566	11
8915	1	0.158893009551197	0	6	0.86804663073688	0.672497051555787	566	11
8925	5	0.762104015179248	1	6	0.86804663073688	0.672497051555787	566	11
8927	1	0.35999757364638	0	6	0.86804663073688	0.672497051555787	566	11
8930	2	0.184019081422038	0	6	0.86804663073688	0.672497051555787	566	11
8932	3	0.00491835467902696	0	6	0.86804663073688	0.672497051555787	566	11
8933	2	-0.00778923214519643	0	6	0.86804663073688	0.672497051555787	566	11
8934	4	-0.284602478752417	0	6	0.86804663073688	0.672497051555787	566	11
8935	2	0.0364360088645099	0	6	0.86804663073688	0.672497051555787	566	11
8936	0	0.156135395444381	0	6	0.86804663073688	0.672497051555787	566	11
8938	0	0.0116552119683677	0	6	0.86804663073688	0.672497051555787	566	11
8939	3	0.298797245729843	0	6	0.86804663073688	0.672497051555787	566	11
8940	1	0.297932719090114	0	6	0.86804663073688	0.672497051555787	566	11
8942	4	-0.527128319237003	0	6	0.86804663073688	0.672497051555787	566	11
8943	2	-0.0301879985254149	0	6	0.86804663073688	0.672497051555787	566	11
8945	3	0.16910733974036	0	6	0.86804663073688	0.672497051555787	566	11
8971	2	-0.146982949555749	0	6	0.86804663073688	0.672497051555787	566	11
8972	4	-0.117705472033576	0	6	0.86804663073688	0.672497051555787	566	11
8975	3	0.0855143367698015	0	6	0.86804663073688	0.672497051555787	566	11
8976	3	-0.129199229344412	0	6	0.86804663073688	0.672497051555787	566	11
8985	3	0.0421084337002641	0	6	0.86804663073688	0.672497051555787	566	11
8986	1	0.156551687813817	0	6	0.86804663073688	0.672497051555787	566	11
8989	1	0.444567359345139	0	6	0.86804663073688	0.672497051555787	566	11
8991	4	-0.129665495138731	0	6	0.86804663073688	0.672497051555787	566	11
8992	2	-0.0098156667102733	0	6	0.86804663073688	0.672497051555787	566	11
8993	8	0.135134086515043	0	6	0.86804663073688	0.672497051555787	566	11
8994	1	0.533357449315101	0	6	0.86804663073688	0.672497051555787	566	11
8996	2	-0.107444395598838	0	6	0.86804663073688	0.672497051555787	566	11
8997	2	0.47137765726547	0	6	0.86804663073688	0.672497051555787	566	11
8999	4	-0.0784269701971949	0	6	0.86804663073688	0.672497051555787	566	11
9001	1	0.354000579132902	0	6	0.86804663073688	0.672497051555787	566	11
9013	0	0.290528627955611	0	6	0.86804663073688	0.672497051555787	566	11
9014	2	0.220159958159006	0	6	0.86804663073688	0.672497051555787	566	11
9015	1	0.419847060879552	0	6	0.86804663073688	0.672497051555787	566	11
9016	3	0.227994918134287	0	6	0.86804663073688	0.672497051555787	566	11
9019	1	0.259862932269406	0	6	0.86804663073688	0.672497051555787	566	11
9020	1	0.390119389116982	0	6	0.86804663073688	0.672497051555787	566	11
9021	8	-0.160958815399797	0	6	0.86804663073688	0.672497051555787	566	11
9022	1	0.154134766999664	0	6	0.86804663073688	0.672497051555787	566	11
9023	1	0.536101309880912	0	6	0.86804663073688	0.672497051555787	566	11
9024	1	0.361194158032606	0	6	0.86804663073688	0.672497051555787	566	11
9025	3	0.199390871418412	0	6	0.86804663073688	0.672497051555787	566	11
9026	0	0.0731397122077853	0	6	0.86804663073688	0.672497051555787	566	11
9028	0	0.0519129097893303	0	6	0.86804663073688	0.672497051555787	566	11
9031	5	0.367423362014243	1	6	0.86804663073688	0.672497051555787	566	11
9032	4	-0.242401408908099	0	6	0.86804663073688	0.672497051555787	566	11
9034	0	0.188596967124009	0	6	0.86804663073688	0.672497051555787	566	11
9037	3	0.101340626778004	0	6	0.86804663073688	0.672497051555787	566	11
9039	2	0.344381105952916	0	6	0.86804663073688	0.672497051555787	566	11
9040	2	-0.0801179080572976	0	6	0.86804663073688	0.672497051555787	566	11
9043	4	0.344777339618082	0	6	0.86804663073688	0.672497051555787	566	11
9044	5	0.762184787323568	1	6	0.86804663073688	0.672497051555787	566	11
9045	7	0.0420997417167921	0	6	0.86804663073688	0.672497051555787	566	11
9046	1	0.094090414291996	0	6	0.86804663073688	0.672497051555787	566	11
9047	1	0.231801162816392	0	6	0.86804663073688	0.672497051555787	566	11
9048	3	0.386753862165819	0	6	0.86804663073688	0.672497051555787	566	11
9049	2	-0.125564562405424	0	6	0.86804663073688	0.672497051555787	566	11
9050	1	0.185887080400213	0	6	0.86804663073688	0.672497051555787	566	11
9051	1	0.432690152108773	0	6	0.86804663073688	0.672497051555787	566	11
9053	4	-0.124314411415879	0	6	0.86804663073688	0.672497051555787	566	11
9054	4	-0.214729629347795	0	6	0.86804663073688	0.672497051555787	566	11
9055	1	0.402270848626266	0	6	0.86804663073688	0.672497051555787	566	11
9056	4	-0.348808648676882	0	6	0.86804663073688	0.672497051555787	566	11
9057	5	0.664883513354767	1	6	0.86804663073688	0.672497051555787	566	11
9058	4	-0.170363669717289	0	6	0.86804663073688	0.672497051555787	566	11
9060	1	0.146962743817581	0	6	0.86804663073688	0.672497051555787	566	11
9061	2	-0.149339849609173	0	6	0.86804663073688	0.672497051555787	566	11
9063	3	0.385688381013076	0	6	0.86804663073688	0.672497051555787	566	11
9064	3	0.453747369573394	0	6	0.86804663073688	0.672497051555787	566	11
9070	3	0.198952396001563	0	6	0.86804663073688	0.672497051555787	566	11
9071	4	-0.00827111355391577	0	6	0.86804663073688	0.672497051555787	566	11
9073	9	-0.13378767224128	0	6	0.86804663073688	0.672497051555787	566	11
9076	1	0.195216897354385	0	6	0.86804663073688	0.672497051555787	566	11
9077	2	0.163875872709699	0	6	0.86804663073688	0.672497051555787	566	11
9079	3	0.426564556007326	0	6	0.86804663073688	0.672497051555787	566	11
9086	0	0.013724595087375	0	6	0.86804663073688	0.672497051555787	566	11
9087	0	0.126441187615781	0	6	0.86804663073688	0.672497051555787	566	11
9088	1	0.46068218379186	0	6	0.86804663073688	0.672497051555787	566	11
9092	2	-0.0584598746650409	0	6	0.86804663073688	0.672497051555787	566	11
9093	2	-0.286301436395638	0	6	0.86804663073688	0.672497051555787	566	11
9094	3	-0.0691472916830107	0	6	0.86804663073688	0.672497051555787	566	11
9095	1	0.516515011018106	0	6	0.86804663073688	0.672497051555787	566	11
9097	3	0.228144721469345	0	6	0.86804663073688	0.672497051555787	566	11
9099	4	-0.136322810865692	0	6	0.86804663073688	0.672497051555787	566	11
9100	2	0.116257946369753	0	6	0.86804663073688	0.672497051555787	566	11
9101	3	0.249222570852566	0	6	0.86804663073688	0.672497051555787	566	11
9104	4	-0.260950565102315	0	6	0.86804663073688	0.672497051555787	566	11
9107	3	0.0817501493923974	0	6	0.86804663073688	0.672497051555787	566	11
9110	4	-0.126333599070507	0	6	0.86804663073688	0.672497051555787	566	11
9111	10	0.455821059725339	0	6	0.86804663073688	0.672497051555787	566	11
9112	2	0.230054699477971	0	6	0.86804663073688	0.672497051555787	566	11
9113	3	0.456841677348534	0	6	0.86804663073688	0.672497051555787	566	11
9114	2	-0.235968962647196	0	6	0.86804663073688	0.672497051555787	566	11
9120	1	0.257637713541246	0	6	0.86804663073688	0.672497051555787	566	11
9121	1	0.179234046479532	0	6	0.86804663073688	0.672497051555787	566	11
9122	4	-0.214016978446957	0	6	0.86804663073688	0.672497051555787	566	11
9124	1	0.503376071573418	0	6	0.86804663073688	0.672497051555787	566	11
9125	1	0.475243924102594	0	6	0.86804663073688	0.672497051555787	566	11
9126	2	0.152983000791823	0	6	0.86804663073688	0.672497051555787	566	11
9127	0	0.103125716004581	0	6	0.86804663073688	0.672497051555787	566	11
9128	4	0.086681306769244	0	6	0.86804663073688	0.672497051555787	566	11
9129	5	0.826550368351468	1	6	0.86804663073688	0.672497051555787	566	11
9130	7	0.0145777654511738	0	6	0.86804663073688	0.672497051555787	566	11
9131	4	-0.356623909325685	0	6	0.86804663073688	0.672497051555787	566	11
9132	0	0.128406151893148	0	6	0.86804663073688	0.672497051555787	566	11
9133	0	0.347214019152506	0	6	0.86804663073688	0.672497051555787	566	11
9135	3	0.236048708301452	0	6	0.86804663073688	0.672497051555787	566	11
9136	2	-0.0711198349181536	0	6	0.86804663073688	0.672497051555787	566	11
9139	1	0.404012677505721	0	6	0.86804663073688	0.672497051555787	566	11
9140	5	0.703528749598743	1	6	0.86804663073688	0.672497051555787	566	11
9141	1	0.411179185102322	0	6	0.86804663073688	0.672497051555787	566	11
9143	1	0.152462484109174	0	6	0.86804663073688	0.672497051555787	566	11
9144	2	-0.00541311779111982	0	6	0.86804663073688	0.672497051555787	566	11
9145	1	0.179913057171543	0	6	0.86804663073688	0.672497051555787	566	11
9146	2	-0.182299237956852	0	6	0.86804663073688	0.672497051555787	566	11
9147	3	0.425859178990892	0	6	0.86804663073688	0.672497051555787	566	11
9148	1	0.317606019876597	0	6	0.86804663073688	0.672497051555787	566	11
9149	2	-0.217499864401089	0	6	0.86804663073688	0.672497051555787	566	11
9150	0	0.0591694699696577	0	6	0.86804663073688	0.672497051555787	566	11
9153	4	-0.0474846701440697	0	6	0.86804663073688	0.672497051555787	566	11
9154	4	-0.200307551796006	0	6	0.86804663073688	0.672497051555787	566	11
9158	2	-0.0449921259904215	0	6	0.86804663073688	0.672497051555787	566	11
9159	1	0.54151726190323	0	6	0.86804663073688	0.672497051555787	566	11
9162	1	0.423675644195991	0	6	0.86804663073688	0.672497051555787	566	11
9166	3	-0.195030135176994	0	6	0.86804663073688	0.672497051555787	566	11
9167	2	-0.0629531030833762	0	6	0.86804663073688	0.672497051555787	566	11
9168	1	0.398177228319769	0	6	0.86804663073688	0.672497051555787	566	11
9169	5	0.582111928098123	1	6	0.86804663073688	0.672497051555787	566	11
9170	0	-0.0157271596850558	0	6	0.86804663073688	0.672497051555787	566	11
9172	4	-0.0574329702338916	0	6	0.86804663073688	0.672497051555787	566	11
9173	3	0.166357764759207	0	6	0.86804663073688	0.672497051555787	566	11
9175	4	-0.1880151441003	0	6	0.86804663073688	0.672497051555787	566	11
9179	0	0.0228563005647339	0	6	0.86804663073688	0.672497051555787	566	11
9180	1	0.575190577874169	0	6	0.86804663073688	0.672497051555787	566	11
9181	5	0.591594271562347	1	6	0.86804663073688	0.672497051555787	566	11
9182	1	0.624038726415989	0	6	0.86804663073688	0.672497051555787	566	11
9183	2	0.144708172705889	0	6	0.86804663073688	0.672497051555787	566	11
9184	1	0.43998108795602	0	6	0.86804663073688	0.672497051555787	566	11
9185	2	0.0274544857955267	0	6	0.86804663073688	0.672497051555787	566	11
9187	0	0.296487702138663	0	6	0.86804663073688	0.672497051555787	566	11
9188	1	0.25608997860592	0	6	0.86804663073688	0.672497051555787	566	11
9191	2	0.197325349583216	0	6	0.86804663073688	0.672497051555787	566	11
9194	9	0.0395018319478835	0	6	0.86804663073688	0.672497051555787	566	11
9196	0	0.448444690286231	0	6	0.86804663073688	0.672497051555787	566	11
9197	2	0.155440477929246	0	6	0.86804663073688	0.672497051555787	566	11
9200	1	0.312392065142344	0	6	0.86804663073688	0.672497051555787	566	11
9201	1	0.334541032093986	0	6	0.86804663073688	0.672497051555787	566	11
9202	3	0.0361732973075594	0	6	0.86804663073688	0.672497051555787	566	11
9203	2	-0.174086225014538	0	6	0.86804663073688	0.672497051555787	566	11
9205	0	0.21196568557812	0	6	0.86804663073688	0.672497051555787	566	11
9208	5	0.772658010604476	1	6	0.86804663073688	0.672497051555787	566	11
9209	0	0.354500582508029	0	6	0.86804663073688	0.672497051555787	566	11
9212	1	0.267408852978468	0	6	0.86804663073688	0.672497051555787	566	11
9214	1	0.276222375059755	0	6	0.86804663073688	0.672497051555787	566	11
9215	3	0.0737187380957924	0	6	0.86804663073688	0.672497051555787	566	11
9217	3	0.161333371618486	0	6	0.86804663073688	0.672497051555787	566	11
9218	2	-0.179621726529795	0	6	0.86804663073688	0.672497051555787	566	11
9219	1	0.377772227215026	0	6	0.86804663073688	0.672497051555787	566	11
9221	0	-0.00496564065752932	0	6	0.86804663073688	0.672497051555787	566	11
9228	4	-0.0678233421253546	0	6	0.86804663073688	0.672497051555787	566	11
9229	1	0.243400736840581	0	6	0.86804663073688	0.672497051555787	566	11
9230	2	-0.248466903773686	0	6	0.86804663073688	0.672497051555787	566	11
9231	0	0.439140386281839	0	6	0.86804663073688	0.672497051555787	566	11
9232	1	0.428571444335053	0	6	0.86804663073688	0.672497051555787	566	11
9235	6	0.210027225676104	0	6	0.86804663073688	0.672497051555787	566	11
9240	2	-0.103539922803235	0	6	0.86804663073688	0.672497051555787	566	11
9242	1	0.408141091831424	0	6	0.86804663073688	0.672497051555787	566	11
9244	1	0.336132616352032	0	6	0.86804663073688	0.672497051555787	566	11
9245	1	0.124993992307534	0	6	0.86804663073688	0.672497051555787	566	11
9246	10	0.130174395277786	0	6	0.86804663073688	0.672497051555787	566	11
9249	3	-0.000381428077899952	0	6	0.86804663073688	0.672497051555787	566	11
9252	0	0.0640338874931417	0	6	0.86804663073688	0.672497051555787	566	11
9254	0	0.072645533045422	0	6	0.86804663073688	0.672497051555787	566	11
9255	7	0.0504389931381431	0	6	0.86804663073688	0.672497051555787	566	11
9256	1	0.204220656948096	0	6	0.86804663073688	0.672497051555787	566	11
9258	1	0.378886819957988	0	6	0.86804663073688	0.672497051555787	566	11
9260	1	0.48032377396089	0	6	0.86804663073688	0.672497051555787	566	11
9261	1	0.252548942123525	0	6	0.86804663073688	0.672497051555787	566	11
9262	0	0.213761911641938	0	6	0.86804663073688	0.672497051555787	566	11
9263	1	0.511905901484553	0	6	0.86804663073688	0.672497051555787	566	11
9265	1	0.394864262386447	0	6	0.86804663073688	0.672497051555787	566	11
9266	2	0.234114707990743	0	6	0.86804663073688	0.672497051555787	566	11
9267	1	0.532222879025113	0	6	0.86804663073688	0.672497051555787	566	11
9270	0	0.214610130580189	0	6	0.86804663073688	0.672497051555787	566	11
9274	2	-0.0159761975974269	0	6	0.86804663073688	0.672497051555787	566	11
9275	3	0.433275316547265	0	6	0.86804663073688	0.672497051555787	566	11
9276	0	0.254623803365036	0	6	0.86804663073688	0.672497051555787	566	11
9277	1	0.253181772357236	0	6	0.86804663073688	0.672497051555787	566	11
9282	2	-0.115367811630339	0	6	0.86804663073688	0.672497051555787	566	11
9289	6	0.18052678054703	0	6	0.86804663073688	0.672497051555787	566	11
9293	5	0.705722665463744	1	6	0.86804663073688	0.672497051555787	566	11
9294	1	0.624211913476985	0	6	0.86804663073688	0.672497051555787	566	11
9295	5	0.780252075341912	1	6	0.86804663073688	0.672497051555787	566	11
9306	1	0.594962149534427	0	6	0.86804663073688	0.672497051555787	566	11
9308	2	-0.0681625594194204	0	6	0.86804663073688	0.672497051555787	566	11
9310	3	0.472483945088643	0	6	0.86804663073688	0.672497051555787	566	11
9312	1	0.285161565713845	0	6	0.86804663073688	0.672497051555787	566	11
9314	11	0.15182075849217	0	6	0.86804663073688	0.672497051555787	566	11
9315	1	0.55988157505633	0	6	0.86804663073688	0.672497051555787	566	11
9317	4	-0.0243693780990102	0	6	0.86804663073688	0.672497051555787	566	11
9318	2	-0.0662665032791807	0	6	0.86804663073688	0.672497051555787	566	11
9319	1	0.18286459504582	0	6	0.86804663073688	0.672497051555787	566	11
9320	3	0.521209481373779	0	6	0.86804663073688	0.672497051555787	566	11
9321	3	0.382467257403312	0	6	0.86804663073688	0.672497051555787	566	11
9322	3	0.502815423273222	0	6	0.86804663073688	0.672497051555787	566	11
9324	3	-0.0368497876854376	0	6	0.86804663073688	0.672497051555787	566	11
9325	2	-0.239270600472749	0	6	0.86804663073688	0.672497051555787	566	11
9326	2	-0.0732108215862608	0	6	0.86804663073688	0.672497051555787	566	11
9328	2	-0.00904803915209322	0	6	0.86804663073688	0.672497051555787	566	11
9329	3	0.111826618568601	0	6	0.86804663073688	0.672497051555787	566	11
9330	1	0.539230501988787	0	6	0.86804663073688	0.672497051555787	566	11
9331	3	0.313285490777982	0	6	0.86804663073688	0.672497051555787	566	11
9332	1	0.320758124527006	0	6	0.86804663073688	0.672497051555787	566	11
9334	1	0.288411669130517	0	6	0.86804663073688	0.672497051555787	566	11
9337	5	0.435816928013719	1	6	0.86804663073688	0.672497051555787	566	11
9338	2	0.244612457471404	0	6	0.86804663073688	0.672497051555787	566	11
9341	2	-0.13120707832987	0	6	0.86804663073688	0.672497051555787	566	11
9342	2	0.0384242438814926	0	6	0.86804663073688	0.672497051555787	566	11
9344	0	0.270863607814582	0	6	0.86804663073688	0.672497051555787	566	11
9348	0	0.132277939457632	0	6	0.86804663073688	0.672497051555787	566	11
9351	3	0.210835349852924	0	6	0.86804663073688	0.672497051555787	566	11
9352	2	-0.071024120769446	0	6	0.86804663073688	0.672497051555787	566	11
9353	4	-0.146576278632896	0	6	0.86804663073688	0.672497051555787	566	11
9354	2	0.0429736014230456	0	6	0.86804663073688	0.672497051555787	566	11
9356	4	-0.38388257255424	0	6	0.86804663073688	0.672497051555787	566	11
9358	1	0.0947475082283707	0	6	0.86804663073688	0.672497051555787	566	11
9360	3	0.229313055444868	0	6	0.86804663073688	0.672497051555787	566	11
9361	2	-0.192307697976526	0	6	0.86804663073688	0.672497051555787	566	11
9362	4	-0.0705426161908164	0	6	0.86804663073688	0.672497051555787	566	11
9364	3	0.414701353981935	0	6	0.86804663073688	0.672497051555787	566	11
9365	4	-0.277199544770274	0	6	0.86804663073688	0.672497051555787	566	11
9367	2	0.0375661901603555	0	6	0.86804663073688	0.672497051555787	566	11
9369	3	0.278999431213614	0	6	0.86804663073688	0.672497051555787	566	11
9370	1	0.37390324247822	0	6	0.86804663073688	0.672497051555787	566	11
9371	2	0.139795335867305	0	6	0.86804663073688	0.672497051555787	566	11
9372	3	-0.0164284726732131	0	6	0.86804663073688	0.672497051555787	566	11
9373	3	0.24694744577481	0	6	0.86804663073688	0.672497051555787	566	11
9375	2	-0.0486158935507814	0	6	0.86804663073688	0.672497051555787	566	11
9376	4	-0.375054986865633	0	6	0.86804663073688	0.672497051555787	566	11
9377	2	-0.302275504061204	0	6	0.86804663073688	0.672497051555787	566	11
9378	2	-0.074514766974536	0	6	0.86804663073688	0.672497051555787	566	11
9379	1	0.108961562427281	0	6	0.86804663073688	0.672497051555787	566	11
9380	4	-0.294775594810197	0	6	0.86804663073688	0.672497051555787	566	11
9388	1	0.252906358455575	0	6	0.86804663073688	0.672497051555787	566	11
9389	0	0.123857443100722	0	6	0.86804663073688	0.672497051555787	566	11
9390	4	-0.0651435262895606	0	6	0.86804663073688	0.672497051555787	566	11
9391	2	-0.0745199858300604	0	6	0.86804663073688	0.672497051555787	566	11
9392	7	0.194043457802334	0	6	0.86804663073688	0.672497051555787	566	11
9397	0	0.139410920501482	0	6	0.86804663073688	0.672497051555787	566	11
9399	0	0.37046123733377	0	6	0.86804663073688	0.672497051555787	566	11
9400	2	0.207890397680052	0	6	0.86804663073688	0.672497051555787	566	11
9401	1	0.290342810878351	0	6	0.86804663073688	0.672497051555787	566	11
9402	1	0.204539643939915	0	6	0.86804663073688	0.672497051555787	566	11
9403	1	0.44849253790274	0	6	0.86804663073688	0.672497051555787	566	11
9404	1	0.420377401887292	0	6	0.86804663073688	0.672497051555787	566	11
9407	5	0.505300156356508	1	6	0.86804663073688	0.672497051555787	566	11
9409	2	-0.283127002270343	0	6	0.86804663073688	0.672497051555787	566	11
9410	0	0.199015794878324	0	6	0.86804663073688	0.672497051555787	566	11
9411	3	0.379167609494152	0	6	0.86804663073688	0.672497051555787	566	11
9413	5	0.570616829448587	1	6	0.86804663073688	0.672497051555787	566	11
9414	6	0.148360385800013	0	6	0.86804663073688	0.672497051555787	566	11
9415	1	0.580757923741775	0	6	0.86804663073688	0.672497051555787	566	11
9416	3	-0.0442446236868375	0	6	0.86804663073688	0.672497051555787	566	11
9419	2	-0.223165587296975	0	6	0.86804663073688	0.672497051555787	566	11
9420	1	0.12782642053315	0	6	0.86804663073688	0.672497051555787	566	11
9422	0	0.294798431802132	0	6	0.86804663073688	0.672497051555787	566	11
9423	0	0.095535344992175	0	6	0.86804663073688	0.672497051555787	566	11
9425	2	-0.00267506075247243	0	6	0.86804663073688	0.672497051555787	566	11
9427	1	0.307745205756708	0	6	0.86804663073688	0.672497051555787	566	11
9429	4	0.0644949999633592	0	6	0.86804663073688	0.672497051555787	566	11
9435	1	0.236134485024443	0	6	0.86804663073688	0.672497051555787	566	11
9439	1	0.531162215592451	0	6	0.86804663073688	0.672497051555787	566	11
9440	3	0.206156423869245	0	6	0.86804663073688	0.672497051555787	566	11
9442	3	0.197731381154276	0	6	0.86804663073688	0.672497051555787	566	11
9443	3	0.346502517683207	0	6	0.86804663073688	0.672497051555787	566	11
9444	3	0.31085955450504	0	6	0.86804663073688	0.672497051555787	566	11
9445	2	-0.116102270825239	0	6	0.86804663073688	0.672497051555787	566	11
9446	2	0.0531234253325847	0	6	0.86804663073688	0.672497051555787	566	11
9447	1	0.129474687890723	0	6	0.86804663073688	0.672497051555787	566	11
9448	1	0.660094222854543	0	6	0.86804663073688	0.672497051555787	566	11
9450	1	0.339776608075612	0	6	0.86804663073688	0.672497051555787	566	11
9451	3	0.178025705488864	0	6	0.86804663073688	0.672497051555787	566	11
9452	0	0.27206039225399	0	6	0.86804663073688	0.672497051555787	566	11
9453	2	0.0602252982825653	0	6	0.86804663073688	0.672497051555787	566	11
9454	1	0.420299775249382	0	6	0.86804663073688	0.672497051555787	566	11
9455	1	0.237467832901572	0	6	0.86804663073688	0.672497051555787	566	11
9456	2	0.0137153719248744	0	6	0.86804663073688	0.672497051555787	566	11
9457	0	0.279249487459085	0	6	0.86804663073688	0.672497051555787	566	11
9459	5	0.499764650079336	1	6	0.86804663073688	0.672497051555787	566	11
9462	5	0.794578837368175	1	6	0.86804663073688	0.672497051555787	566	11
9463	2	0.0232388829007567	0	6	0.86804663073688	0.672497051555787	566	11
9465	1	0.138342098763463	0	6	0.86804663073688	0.672497051555787	566	11
9466	1	0.183033773478264	0	6	0.86804663073688	0.672497051555787	566	11
9467	3	0.0464338614644164	0	6	0.86804663073688	0.672497051555787	566	11
9469	1	0.281687704082843	0	6	0.86804663073688	0.672497051555787	566	11
9470	2	0.224084153325289	0	6	0.86804663073688	0.672497051555787	566	11
9472	1	0.252527835424517	0	6	0.86804663073688	0.672497051555787	566	11
9473	1	0.209429328942646	0	6	0.86804663073688	0.672497051555787	566	11
9474	3	0.477771794868416	0	6	0.86804663073688	0.672497051555787	566	11
9475	3	0.491454238633942	0	6	0.86804663073688	0.672497051555787	566	11
9477	1	0.458247910005769	0	6	0.86804663073688	0.672497051555787	566	11
9478	0	0.219147886870229	0	6	0.86804663073688	0.672497051555787	566	11
9480	1	0.169391549912287	0	6	0.86804663073688	0.672497051555787	566	11
9482	2	0.00818368010804352	0	6	0.86804663073688	0.672497051555787	566	11
9486	0	0.103966618541377	0	6	0.86804663073688	0.672497051555787	566	11
9487	1	0.622065289439844	0	6	0.86804663073688	0.672497051555787	566	11
9488	3	0.116766443334456	0	6	0.86804663073688	0.672497051555787	566	11
9489	3	0.194990419857559	0	6	0.86804663073688	0.672497051555787	566	11
9491	2	-0.196203777544506	0	6	0.86804663073688	0.672497051555787	566	11
9493	1	0.426529641749769	0	6	0.86804663073688	0.672497051555787	566	11
9495	1	0.374789792037955	0	6	0.86804663073688	0.672497051555787	566	11
9497	1	0.47249635942775	0	6	0.86804663073688	0.672497051555787	566	11
9499	0	0.169703330265112	0	6	0.86804663073688	0.672497051555787	566	11
9500	2	-0.255826004940521	0	6	0.86804663073688	0.672497051555787	566	11
9501	1	0.390744016239551	0	6	0.86804663073688	0.672497051555787	566	11
9508	1	0.252492881969787	0	6	0.86804663073688	0.672497051555787	566	11
9509	1	0.178262629014886	0	6	0.86804663073688	0.672497051555787	566	11
9510	1	0.541166495446715	0	6	0.86804663073688	0.672497051555787	566	11
9512	4	-0.0136033149543554	0	6	0.86804663073688	0.672497051555787	566	11
9513	3	0.0762493692980672	0	6	0.86804663073688	0.672497051555787	566	11
9514	4	0.026485784187446	0	6	0.86804663073688	0.672497051555787	566	11
9516	6	0.0425520767935768	0	6	0.86804663073688	0.672497051555787	566	11
9517	2	0.169502619052416	0	6	0.86804663073688	0.672497051555787	566	11
9518	11	-0.203772849339492	0	6	0.86804663073688	0.672497051555787	566	11
9519	3	0.1735314193791	0	6	0.86804663073688	0.672497051555787	566	11
9522	2	0.0227838751627087	0	6	0.86804663073688	0.672497051555787	566	11
9525	3	0.223710453915277	0	6	0.86804663073688	0.672497051555787	566	11
9526	2	-0.0164000822925563	0	6	0.86804663073688	0.672497051555787	566	11
9527	5	0.50485035794954	1	6	0.86804663073688	0.672497051555787	566	11
9528	2	-0.0403029156912806	0	6	0.86804663073688	0.672497051555787	566	11
9529	0	0.192458760768643	0	6	0.86804663073688	0.672497051555787	566	11
9530	7	0.00935371114767159	0	6	0.86804663073688	0.672497051555787	566	11
9531	2	-0.263471974625419	0	6	0.86804663073688	0.672497051555787	566	11
9532	1	0.242758362653178	0	6	0.86804663073688	0.672497051555787	566	11
9533	2	0.190646486734822	0	6	0.86804663073688	0.672497051555787	566	11
9534	5	0.663966765258374	1	6	0.86804663073688	0.672497051555787	566	11
9535	8	0.205413934813084	0	6	0.86804663073688	0.672497051555787	566	11
9536	1	0.619521317875829	0	6	0.86804663073688	0.672497051555787	566	11
9537	3	0.112496112346814	0	6	0.86804663073688	0.672497051555787	566	11
9538	3	0.187137256276013	0	6	0.86804663073688	0.672497051555787	566	11
9540	2	-0.0203065237452491	0	6	0.86804663073688	0.672497051555787	566	11
9542	0	0.259099846901538	0	6	0.86804663073688	0.672497051555787	566	11
9545	1	0.206136121808612	0	6	0.86804663073688	0.672497051555787	566	11
9546	0	0.174883868461292	0	6	0.86804663073688	0.672497051555787	566	11
9547	4	-0.301756536466922	0	6	0.86804663073688	0.672497051555787	566	11
9550	2	-0.23137061581146	0	6	0.86804663073688	0.672497051555787	566	11
9552	2	-0.151487575978342	0	6	0.86804663073688	0.672497051555787	566	11
9553	1	0.482213141854925	0	6	0.86804663073688	0.672497051555787	566	11
9555	1	0.556433937363405	0	6	0.86804663073688	0.672497051555787	566	11
9556	2	0.0365050052453854	0	6	0.86804663073688	0.672497051555787	566	11
9559	3	0.16812133593602	0	6	0.86804663073688	0.672497051555787	566	11
9562	2	-0.201257906974427	0	6	0.86804663073688	0.672497051555787	566	11
9563	2	-0.0814381758363756	0	6	0.86804663073688	0.672497051555787	566	11
9567	3	0.040407754495443	0	6	0.86804663073688	0.672497051555787	566	11
9569	1	0.103428796873833	0	6	0.86804663073688	0.672497051555787	566	11
9570	2	0.267515330540669	0	6	0.86804663073688	0.672497051555787	566	11
9573	0	0.209548650570329	0	6	0.86804663073688	0.672497051555787	566	11
9575	3	0.109577511510071	0	6	0.86804663073688	0.672497051555787	566	11
9576	0	0.316032519129272	0	6	0.86804663073688	0.672497051555787	566	11
9577	6	-0.0512184005518625	0	6	0.86804663073688	0.672497051555787	566	11
9578	3	0.184896930573108	0	6	0.86804663073688	0.672497051555787	566	11
9580	5	0.609679247760779	1	6	0.86804663073688	0.672497051555787	566	11
9581	4	-0.157990289774018	0	6	0.86804663073688	0.672497051555787	566	11
9583	3	0.382789729506485	0	6	0.86804663073688	0.672497051555787	566	11
9584	5	0.784956622791704	1	6	0.86804663073688	0.672497051555787	566	11
9585	0	0.319438479377387	0	6	0.86804663073688	0.672497051555787	566	11
9587	1	0.425637038011825	0	6	0.86804663073688	0.672497051555787	566	11
9588	2	-0.128543076494915	0	6	0.86804663073688	0.672497051555787	566	11
9589	1	0.634879446872527	0	6	0.86804663073688	0.672497051555787	566	11
9590	1	0.372020582196133	0	6	0.86804663073688	0.672497051555787	566	11
9592	11	0.0257222874092657	0	6	0.86804663073688	0.672497051555787	566	11
9595	1	0.0443829196259372	0	6	0.86804663073688	0.672497051555787	566	11
9600	0	-0.178421663061139	0	6	0.86804663073688	0.672497051555787	566	11
9601	7	-0.00640175690379372	0	6	0.86804663073688	0.672497051555787	566	11
9603	3	0.500734584674855	0	6	0.86804663073688	0.672497051555787	566	11
9604	3	0.0198796470666829	0	6	0.86804663073688	0.672497051555787	566	11
9605	2	0.0630900338797586	0	6	0.86804663073688	0.672497051555787	566	11
9609	2	-0.0510027214540327	0	6	0.86804663073688	0.672497051555787	566	11
9610	1	0.46171715489997	0	6	0.86804663073688	0.672497051555787	566	11
9611	5	0.458809592456014	1	6	0.86804663073688	0.672497051555787	566	11
9612	3	0.208705128001036	0	6	0.86804663073688	0.672497051555787	566	11
9616	2	0.192131330914253	0	6	0.86804663073688	0.672497051555787	566	11
9617	5	0.486284929098201	1	6	0.86804663073688	0.672497051555787	566	11
9618	1	0.178298218359473	0	6	0.86804663073688	0.672497051555787	566	11
9619	1	0.481311310353733	0	6	0.86804663073688	0.672497051555787	566	11
9620	4	-0.0939184979286675	0	6	0.86804663073688	0.672497051555787	566	11
9625	0	-0.0322282926825466	0	6	0.86804663073688	0.672497051555787	566	11
9627	1	0.675633239414437	0	6	0.86804663073688	0.672497051555787	566	11
9628	1	0.292967714327192	0	6	0.86804663073688	0.672497051555787	566	11
9630	3	0.348527202038691	0	6	0.86804663073688	0.672497051555787	566	11
9631	0	0.174504300773004	0	6	0.86804663073688	0.672497051555787	566	11
9632	3	-0.0457197617438064	0	6	0.86804663073688	0.672497051555787	566	11
9633	4	-0.200520617679831	0	6	0.86804663073688	0.672497051555787	566	11
9636	10	0.167875188559819	0	6	0.86804663073688	0.672497051555787	566	11
9637	0	0.183921569146677	0	6	0.86804663073688	0.672497051555787	566	11
9638	5	0.391771397014598	1	6	0.86804663073688	0.672497051555787	566	11
9639	3	0.505273409532274	0	6	0.86804663073688	0.672497051555787	566	11
9640	3	0.156599614017101	0	6	0.86804663073688	0.672497051555787	566	11
9641	1	0.265469382736091	0	6	0.86804663073688	0.672497051555787	566	11
9643	1	0.274416127617365	0	6	0.86804663073688	0.672497051555787	566	11
9644	1	0.490170500681004	0	6	0.86804663073688	0.672497051555787	566	11
9645	1	0.361537342213888	0	6	0.86804663073688	0.672497051555787	566	11
9646	3	-0.0466340445311092	0	6	0.86804663073688	0.672497051555787	566	11
9647	5	0.655975446853486	1	6	0.86804663073688	0.672497051555787	566	11
9648	0	0.425444414307479	0	6	0.86804663073688	0.672497051555787	566	11
9649	1	0.356011989328287	0	6	0.86804663073688	0.672497051555787	566	11
9650	4	0.0672334695309821	0	6	0.86804663073688	0.672497051555787	566	11
9651	0	-0.0949473982692184	0	6	0.86804663073688	0.672497051555787	566	11
9652	0	0.290301116063302	0	6	0.86804663073688	0.672497051555787	566	11
9654	1	0.411567570839486	0	6	0.86804663073688	0.672497051555787	566	11
9655	1	0.268389107634511	0	6	0.86804663073688	0.672497051555787	566	11
9657	1	0.589569216507629	0	6	0.86804663073688	0.672497051555787	566	11
9658	3	0.119690838688817	0	6	0.86804663073688	0.672497051555787	566	11
9662	2	0.160693568445399	0	6	0.86804663073688	0.672497051555787	566	11
9663	2	-0.121727055392253	0	6	0.86804663073688	0.672497051555787	566	11
9665	2	0.0449572564103385	0	6	0.86804663073688	0.672497051555787	566	11
9666	4	-0.178773897639574	0	6	0.86804663073688	0.672497051555787	566	11
9667	4	0.134717377914216	0	6	0.86804663073688	0.672497051555787	566	11
9669	1	0.398124540874249	0	6	0.86804663073688	0.672497051555787	566	11
9670	4	-0.162023940791345	0	6	0.86804663073688	0.672497051555787	566	11
9672	4	0.299599260754054	0	6	0.86804663073688	0.672497051555787	566	11
9673	4	-0.149373473946843	0	6	0.86804663073688	0.672497051555787	566	11
9674	3	0.380664709182453	0	6	0.86804663073688	0.672497051555787	566	11
9675	3	0.170898442011809	0	6	0.86804663073688	0.672497051555787	566	11
9677	1	0.343513148912774	0	6	0.86804663073688	0.672497051555787	566	11
9678	1	0.616171908683058	0	6	0.86804663073688	0.672497051555787	566	11
9679	3	0.213815842949535	0	6	0.86804663073688	0.672497051555787	566	11
9681	0	0.37491558459587	0	6	0.86804663073688	0.672497051555787	566	11
9682	0	0.218976139035257	0	6	0.86804663073688	0.672497051555787	566	11
9683	3	0.113038475170523	0	6	0.86804663073688	0.672497051555787	566	11
9684	1	0.416335988714595	0	6	0.86804663073688	0.672497051555787	566	11
9685	4	-0.154188944234235	0	6	0.86804663073688	0.672497051555787	566	11
9686	3	0.513626073323891	0	6	0.86804663073688	0.672497051555787	566	11
9687	4	-0.153240282514894	0	6	0.86804663073688	0.672497051555787	566	11
9688	1	0.660545348395923	0	6	0.86804663073688	0.672497051555787	566	11
9690	0	0.298202755978642	0	6	0.86804663073688	0.672497051555787	566	11
9692	2	0.088760510530725	0	6	0.86804663073688	0.672497051555787	566	11
9693	3	0.395301386617233	0	6	0.86804663073688	0.672497051555787	566	11
9694	2	0.0476316009280048	0	6	0.86804663073688	0.672497051555787	566	11
9695	1	0.307374335151668	0	6	0.86804663073688	0.672497051555787	566	11
9696	2	0.50317511943987	0	6	0.86804663073688	0.672497051555787	566	11
9697	3	0.183461895976928	0	6	0.86804663073688	0.672497051555787	566	11
9698	2	0.168601404701653	0	6	0.86804663073688	0.672497051555787	566	11
9699	0	-0.0364153507785676	0	6	0.86804663073688	0.672497051555787	566	11
9700	4	-0.168664289259275	0	6	0.86804663073688	0.672497051555787	566	11
9701	2	-0.111346434145271	0	6	0.86804663073688	0.672497051555787	566	11
9702	1	0.460922498881561	0	6	0.86804663073688	0.672497051555787	566	11
9703	3	0.132949184998956	0	6	0.86804663073688	0.672497051555787	566	11
9704	1	0.282885857313542	0	6	0.86804663073688	0.672497051555787	566	11
9705	0	0.0978282204474369	0	6	0.86804663073688	0.672497051555787	566	11
9706	3	0.257184093054385	0	6	0.86804663073688	0.672497051555787	566	11
9709	2	-0.149369035857687	0	6	0.86804663073688	0.672497051555787	566	11
9710	3	0.315117948100589	0	6	0.86804663073688	0.672497051555787	566	11
9715	0	0.11455815135647	0	6	0.86804663073688	0.672497051555787	566	11
9716	0	0.256017708008921	0	6	0.86804663073688	0.672497051555787	566	11
9717	0	0.31753261760664	0	6	0.86804663073688	0.672497051555787	566	11
9718	1	0.294392192374372	0	6	0.86804663073688	0.672497051555787	566	11
9722	3	-0.040406604782853	0	6	0.86804663073688	0.672497051555787	566	11
9725	4	0.0932901793756656	0	6	0.86804663073688	0.672497051555787	566	11
9726	3	-0.00543314281959507	0	6	0.86804663073688	0.672497051555787	566	11
9727	4	-0.287688442321184	0	6	0.86804663073688	0.672497051555787	566	11
9728	3	0.058528379891594	0	6	0.86804663073688	0.672497051555787	566	11
9730	3	0.121817449170332	0	6	0.86804663073688	0.672497051555787	566	11
9731	3	-0.125253717575537	0	6	0.86804663073688	0.672497051555787	566	11
9732	0	0.389241176231836	0	6	0.86804663073688	0.672497051555787	566	11
9733	2	0.204950399725419	0	6	0.86804663073688	0.672497051555787	566	11
9734	1	0.560179761209575	0	6	0.86804663073688	0.672497051555787	566	11
9735	1	0.56261386709676	0	6	0.86804663073688	0.672497051555787	566	11
9736	5	0.652229711462688	1	6	0.86804663073688	0.672497051555787	566	11
9737	0	0.111090261590101	0	6	0.86804663073688	0.672497051555787	566	11
9738	3	0.214135020594619	0	6	0.86804663073688	0.672497051555787	566	11
9739	3	0.199989500614844	0	6	0.86804663073688	0.672497051555787	566	11
9741	2	-0.0180645762247425	0	6	0.86804663073688	0.672497051555787	566	11
9742	2	-0.236130292640264	0	6	0.86804663073688	0.672497051555787	566	11
9743	4	-0.104306842033514	0	6	0.86804663073688	0.672497051555787	566	11
9746	6	0.00905204466112927	0	6	0.86804663073688	0.672497051555787	566	11
9748	3	-0.0818131675033645	0	6	0.86804663073688	0.672497051555787	566	11
9749	3	0.142987655907575	0	6	0.86804663073688	0.672497051555787	566	11
9750	8	0.0265747268938139	0	6	0.86804663073688	0.672497051555787	566	11
9753	2	0.105651763679052	0	6	0.86804663073688	0.672497051555787	566	11
9754	3	-0.0380943727920005	0	6	0.86804663073688	0.672497051555787	566	11
9755	0	-0.0140286040752054	0	6	0.86804663073688	0.672497051555787	566	11
9757	0	0.195873008492271	0	6	0.86804663073688	0.672497051555787	566	11
9759	3	0.329593146093466	0	6	0.86804663073688	0.672497051555787	566	11
9760	1	0.27956127548779	0	6	0.86804663073688	0.672497051555787	566	11
9761	4	-0.115255881180206	0	6	0.86804663073688	0.672497051555787	566	11
9762	4	0.0281203249479113	0	6	0.86804663073688	0.672497051555787	566	11
9764	0	0.224546051706007	0	6	0.86804663073688	0.672497051555787	566	11
9765	5	0.605602738611933	1	6	0.86804663073688	0.672497051555787	566	11
9766	3	0.0330430757952759	0	6	0.86804663073688	0.672497051555787	566	11
9767	5	0.477154248736881	1	6	0.86804663073688	0.672497051555787	566	11
9770	1	0.234553028680443	0	6	0.86804663073688	0.672497051555787	566	11
9771	4	0.557132843353621	0	6	0.86804663073688	0.672497051555787	566	11
9774	1	0.516876021556975	0	6	0.86804663073688	0.672497051555787	566	11
9775	2	-0.0739457946170035	0	6	0.86804663073688	0.672497051555787	566	11
9776	2	-0.0408557201717043	0	6	0.86804663073688	0.672497051555787	566	11
9777	2	-0.0962008820734807	0	6	0.86804663073688	0.672497051555787	566	11
9778	3	-0.0890752453461848	0	6	0.86804663073688	0.672497051555787	566	11
9779	3	0.557047861833002	0	6	0.86804663073688	0.672497051555787	566	11
9781	5	0.595510466000935	1	6	0.86804663073688	0.672497051555787	566	11
9783	0	0.166372724532746	0	6	0.86804663073688	0.672497051555787	566	11
9784	2	-0.0672460270645066	0	6	0.86804663073688	0.672497051555787	566	11
9785	3	0.0459194256090308	0	6	0.86804663073688	0.672497051555787	566	11
9786	1	0.405565299304661	0	6	0.86804663073688	0.672497051555787	566	11
9788	3	0.186554643907785	0	6	0.86804663073688	0.672497051555787	566	11
9790	5	0.515024862319535	1	6	0.86804663073688	0.672497051555787	566	11
9791	2	-0.142331271193238	0	6	0.86804663073688	0.672497051555787	566	11
9792	3	0.147453933051818	0	6	0.86804663073688	0.672497051555787	566	11
9793	0	0.0703609835998162	0	6	0.86804663073688	0.672497051555787	566	11
9794	0	0.255526062944706	0	6	0.86804663073688	0.672497051555787	566	11
9796	3	-0.136092991355566	0	6	0.86804663073688	0.672497051555787	566	11
9798	0	0.0804516889413034	0	6	0.86804663073688	0.672497051555787	566	11
9801	4	-0.112579797382021	0	6	0.86804663073688	0.672497051555787	566	11
9802	2	-0.23138887310638	0	6	0.86804663073688	0.672497051555787	566	11
9804	2	-0.150481616853033	0	6	0.86804663073688	0.672497051555787	566	11
9805	3	-0.0117080386860528	0	6	0.86804663073688	0.672497051555787	566	11
9806	3	0.00143067372750476	0	6	0.86804663073688	0.672497051555787	566	11
9807	2	0.140951564715531	0	6	0.86804663073688	0.672497051555787	566	11
9810	2	0.16226262038561	0	6	0.86804663073688	0.672497051555787	566	11
9812	2	0.14813463660167	0	6	0.86804663073688	0.672497051555787	566	11
9813	3	-0.0918840851972486	0	6	0.86804663073688	0.672497051555787	566	11
9814	5	0.725836727914987	1	6	0.86804663073688	0.672497051555787	566	11
9815	1	0.619711871358754	0	6	0.86804663073688	0.672497051555787	566	11
9816	1	0.200475650569392	0	6	0.86804663073688	0.672497051555787	566	11
9817	2	-0.200835811423033	0	6	0.86804663073688	0.672497051555787	566	11
9819	0	0.247921447808304	0	6	0.86804663073688	0.672497051555787	566	11
9820	2	0.00952460955864967	0	6	0.86804663073688	0.672497051555787	566	11
9821	3	0.0689739028373157	0	6	0.86804663073688	0.672497051555787	566	11
9823	3	-0.0791259777432977	0	6	0.86804663073688	0.672497051555787	566	11
9824	1	0.567299999480747	0	6	0.86804663073688	0.672497051555787	566	11
9825	0	0.0689481133301737	0	6	0.86804663073688	0.672497051555787	566	11
9826	3	0.239948039569177	0	6	0.86804663073688	0.672497051555787	566	11
9828	3	0.0784204963800918	0	6	0.86804663073688	0.672497051555787	566	11
9829	2	-0.311730248242563	0	6	0.86804663073688	0.672497051555787	566	11
9830	4	-0.0744073501786637	0	6	0.86804663073688	0.672497051555787	566	11
9833	1	0.252743166484019	0	6	0.86804663073688	0.672497051555787	566	11
9836	0	0.06822511326999	0	6	0.86804663073688	0.672497051555787	566	11
9837	1	0.258236203112932	0	6	0.86804663073688	0.672497051555787	566	11
9840	1	0.217360131285745	0	6	0.86804663073688	0.672497051555787	566	11
9841	5	0.559654945184033	1	6	0.86804663073688	0.672497051555787	566	11
9843	1	0.377057766540744	0	6	0.86804663073688	0.672497051555787	566	11
9844	5	0.753956510822194	1	6	0.86804663073688	0.672497051555787	566	11
9846	3	0.250977457159663	0	6	0.86804663073688	0.672497051555787	566	11
9847	0	0.333018779924262	0	6	0.86804663073688	0.672497051555787	566	11
9848	4	-0.222658908911301	0	6	0.86804663073688	0.672497051555787	566	11
9849	5	0.57511802736618	1	6	0.86804663073688	0.672497051555787	566	11
9851	1	0.460385978373464	0	6	0.86804663073688	0.672497051555787	566	11
9852	2	0.206094218713461	0	6	0.86804663073688	0.672497051555787	566	11
9853	3	0.0443116715111168	0	6	0.86804663073688	0.672497051555787	566	11
9854	0	0.316976582457722	0	6	0.86804663073688	0.672497051555787	566	11
9855	3	0.180311567421712	0	6	0.86804663073688	0.672497051555787	566	11
9857	5	0.476988040070145	1	6	0.86804663073688	0.672497051555787	566	11
9858	2	0.0692769895033757	0	6	0.86804663073688	0.672497051555787	566	11
9860	5	0.430086036639038	1	6	0.86804663073688	0.672497051555787	566	11
9861	3	0.289707051685578	0	6	0.86804663073688	0.672497051555787	566	11
9862	2	-0.0806796838793237	0	6	0.86804663073688	0.672497051555787	566	11
9863	3	0.0305872330219451	0	6	0.86804663073688	0.672497051555787	566	11
9865	1	0.26352973561016	0	6	0.86804663073688	0.672497051555787	566	11
9866	0	0.200765904709029	0	6	0.86804663073688	0.672497051555787	566	11
9867	3	0.100638738278439	0	6	0.86804663073688	0.672497051555787	566	11
9868	4	-0.238193169831349	0	6	0.86804663073688	0.672497051555787	566	11
9869	0	0.117196612409565	0	6	0.86804663073688	0.672497051555787	566	11
9870	0	0.174076805451329	0	6	0.86804663073688	0.672497051555787	566	11
9871	1	0.434671501678578	0	6	0.86804663073688	0.672497051555787	566	11
9873	3	0.527688765421045	0	6	0.86804663073688	0.672497051555787	566	11
9874	2	0.0518388888174805	0	6	0.86804663073688	0.672497051555787	566	11
9875	1	0.342151276074387	0	6	0.86804663073688	0.672497051555787	566	11
9878	3	0.175630569983351	0	6	0.86804663073688	0.672497051555787	566	11
9879	1	0.55728705575018	0	6	0.86804663073688	0.672497051555787	566	11
9880	0	0.396502662971876	0	6	0.86804663073688	0.672497051555787	566	11
9881	1	0.437353639364319	0	6	0.86804663073688	0.672497051555787	566	11
9882	1	0.368169672843477	0	6	0.86804663073688	0.672497051555787	566	11
9885	3	0.118552091339516	0	6	0.86804663073688	0.672497051555787	566	11
9886	4	-0.0139314861396016	0	6	0.86804663073688	0.672497051555787	566	11
9887	2	0.0646781520945011	0	6	0.86804663073688	0.672497051555787	566	11
9889	1	0.30158504319293	0	6	0.86804663073688	0.672497051555787	566	11
9890	1	0.132603883836692	0	6	0.86804663073688	0.672497051555787	566	11
9891	1	0.538432374512775	0	6	0.86804663073688	0.672497051555787	566	11
9894	0	-0.00161889136578723	0	6	0.86804663073688	0.672497051555787	566	11
9895	3	0.227133924665725	0	6	0.86804663073688	0.672497051555787	566	11
9896	3	0.204495233817283	0	6	0.86804663073688	0.672497051555787	566	11
9897	2	0.101863188873189	0	6	0.86804663073688	0.672497051555787	566	11
9898	1	0.271939624616184	0	6	0.86804663073688	0.672497051555787	566	11
9899	1	0.506696179562057	0	6	0.86804663073688	0.672497051555787	566	11
9900	2	0.50904177874417	0	6	0.86804663073688	0.672497051555787	566	11
9901	1	0.351852361177645	0	6	0.86804663073688	0.672497051555787	566	11
9902	4	0.43738802116139	0	6	0.86804663073688	0.672497051555787	566	11
9903	0	0.106140511945363	0	6	0.86804663073688	0.672497051555787	566	11
9904	1	0.434708255722173	0	6	0.86804663073688	0.672497051555787	566	11
9905	0	0.22897670430788	0	6	0.86804663073688	0.672497051555787	566	11
9908	2	0.0345046885565353	0	6	0.86804663073688	0.672497051555787	566	11
9909	5	0.623978111767117	1	6	0.86804663073688	0.672497051555787	566	11
9910	3	0.267466315278629	0	6	0.86804663073688	0.672497051555787	566	11
9911	2	-0.0185864878478502	0	6	0.86804663073688	0.672497051555787	566	11
9912	2	0.116412703629234	0	6	0.86804663073688	0.672497051555787	566	11
9913	2	-0.087743205152569	0	6	0.86804663073688	0.672497051555787	566	11
9914	9	0.00585509017537774	0	6	0.86804663073688	0.672497051555787	566	11
9915	1	0.320073800230644	0	6	0.86804663073688	0.672497051555787	566	11
9917	3	0.0119033365117243	0	6	0.86804663073688	0.672497051555787	566	11
9918	1	0.266048081083548	0	6	0.86804663073688	0.672497051555787	566	11
9919	2	0.103077372172253	0	6	0.86804663073688	0.672497051555787	566	11
9920	3	-0.0852759855293377	0	6	0.86804663073688	0.672497051555787	566	11
9921	2	-0.256875358530169	0	6	0.86804663073688	0.672497051555787	566	11
9922	3	0.0993311327919088	0	6	0.86804663073688	0.672497051555787	566	11
9923	2	0.172490011034945	0	6	0.86804663073688	0.672497051555787	566	11
9924	2	0.00237226638866895	0	6	0.86804663073688	0.672497051555787	566	11
9925	0	0.129895353099502	0	6	0.86804663073688	0.672497051555787	566	11
9926	1	0.196360265810756	0	6	0.86804663073688	0.672497051555787	566	11
9927	3	-0.174033160579548	0	6	0.86804663073688	0.672497051555787	566	11
9929	2	0.16316376110662	0	6	0.86804663073688	0.672497051555787	566	11
9931	5	0.498440157550588	1	6	0.86804663073688	0.672497051555787	566	11
9933	1	0.255154636465035	0	6	0.86804663073688	0.672497051555787	566	11
9934	1	0.451897859601614	0	6	0.86804663073688	0.672497051555787	566	11
9935	3	-0.0770543486257858	0	6	0.86804663073688	0.672497051555787	566	11
9937	3	-0.00205472147152175	0	6	0.86804663073688	0.672497051555787	566	11
9938	1	0.347798014067376	0	6	0.86804663073688	0.672497051555787	566	11
9940	0	0.379800761681497	0	6	0.86804663073688	0.672497051555787	566	11
9941	5	0.668421774005385	1	6	0.86804663073688	0.672497051555787	566	11
9942	4	-0.211430250136252	0	6	0.86804663073688	0.672497051555787	566	11
9943	3	-0.00679880271250489	0	6	0.86804663073688	0.672497051555787	566	11
9945	1	0.383470141849109	0	6	0.86804663073688	0.672497051555787	566	11
9946	3	0.436971285160892	0	6	0.86804663073688	0.672497051555787	566	11
9948	1	0.42199231462767	0	6	0.86804663073688	0.672497051555787	566	11
9949	1	0.199271063377812	0	6	0.86804663073688	0.672497051555787	566	11
9950	3	0.115268672357878	0	6	0.86804663073688	0.672497051555787	566	11
9953	3	0.049440105152589	0	6	0.86804663073688	0.672497051555787	566	11
9955	3	0.0508507504938473	0	6	0.86804663073688	0.672497051555787	566	11
9957	1	0.439896973380302	0	6	0.86804663073688	0.672497051555787	566	11
9960	1	0.31637330623475	0	6	0.86804663073688	0.672497051555787	566	11
9961	0	-0.183941603782887	0	6	0.86804663073688	0.672497051555787	566	11
9962	3	0.0763940552858265	0	6	0.86804663073688	0.672497051555787	566	11
9966	6	0.0606748534478525	0	6	0.86804663073688	0.672497051555787	566	11
9967	2	0.114479655474745	0	6	0.86804663073688	0.672497051555787	566	11
9968	2	-0.0102892597938397	0	6	0.86804663073688	0.672497051555787	566	11
9969	0	0.359707254316853	0	6	0.86804663073688	0.672497051555787	566	11
9970	4	-0.0814268687695949	0	6	0.86804663073688	0.672497051555787	566	11
9971	4	-0.146613615597367	0	6	0.86804663073688	0.672497051555787	566	11
9972	0	0.256495857186152	0	6	0.86804663073688	0.672497051555787	566	11
9973	2	-0.0660440949984321	0	6	0.86804663073688	0.672497051555787	566	11
9975	5	0.562692947411824	1	6	0.86804663073688	0.672497051555787	566	11
9976	0	0.176874133437771	0	6	0.86804663073688	0.672497051555787	566	11
9980	1	0.135005816539878	0	6	0.86804663073688	0.672497051555787	566	11
9984	5	0.564763925111251	1	6	0.86804663073688	0.672497051555787	566	11
9985	1	0.245034202244803	0	6	0.86804663073688	0.672497051555787	566	11
9986	2	-0.0979205904186781	0	6	0.86804663073688	0.672497051555787	566	11
9987	5	0.500758680847795	1	6	0.86804663073688	0.672497051555787	566	11
9988	5	0.784071971318265	1	6	0.86804663073688	0.672497051555787	566	11
9989	3	0.315723754792761	0	6	0.86804663073688	0.672497051555787	566	11
9990	4	0.147084327028224	0	6	0.86804663073688	0.672497051555787	566	11
9993	2	-0.105727875148672	0	6	0.86804663073688	0.672497051555787	566	11
9994	3	0.268312312853186	0	6	0.86804663073688	0.672497051555787	566	11
10000	3	0.214065436067846	0	6	0.86804663073688	0.672497051555787	566	11
10001	5	0.509161194904451	1	6	0.86804663073688	0.672497051555787	566	11
10002	0	0.121115615924054	0	6	0.86804663073688	0.672497051555787	566	11
10003	0	0.283044877954378	0	6	0.86804663073688	0.672497051555787	566	11
10004	2	-0.156994882976069	0	6	0.86804663073688	0.672497051555787	566	11
10005	3	0.0297125754227988	0	6	0.86804663073688	0.672497051555787	566	11
10006	3	0.240189179135111	0	6	0.86804663073688	0.672497051555787	566	11
10007	4	-0.284923062845773	0	6	0.86804663073688	0.672497051555787	566	11
10009	2	-0.203986403069839	0	6	0.86804663073688	0.672497051555787	566	11
10010	1	0.589394710859888	0	6	0.86804663073688	0.672497051555787	566	11
10013	4	-0.187150890285902	0	6	0.86804663073688	0.672497051555787	566	11
10014	3	-0.0734590097084045	0	6	0.86804663073688	0.672497051555787	566	11
10015	3	0.481491471333894	0	6	0.86804663073688	0.672497051555787	566	11
10017	4	0.0462655951201913	0	6	0.86804663073688	0.672497051555787	566	11
10018	1	0.401855058091522	0	6	0.86804663073688	0.672497051555787	566	11
10019	5	0.462746828969511	1	6	0.86804663073688	0.672497051555787	566	11
10020	2	0.0913893195532944	0	6	0.86804663073688	0.672497051555787	566	11
10021	1	0.206768589765351	0	6	0.86804663073688	0.672497051555787	566	11
10023	2	-0.0487285674975539	0	6	0.86804663073688	0.672497051555787	566	11
10024	1	0.428189367098973	0	6	0.86804663073688	0.672497051555787	566	11
10025	2	-0.170888927159837	0	6	0.86804663073688	0.672497051555787	566	11
10026	3	0.0139317342303076	0	6	0.86804663073688	0.672497051555787	566	11
10036	1	0.144144378669877	0	6	0.86804663073688	0.672497051555787	566	11
10038	0	0.408702091506389	0	6	0.86804663073688	0.672497051555787	566	11
10039	4	-0.0467386698892924	0	6	0.86804663073688	0.672497051555787	566	11
10040	4	-0.180299163112904	0	6	0.86804663073688	0.672497051555787	566	11
10042	0	-0.0322829935620369	0	6	0.86804663073688	0.672497051555787	566	11
10043	2	-0.0987331710681991	0	6	0.86804663073688	0.672497051555787	566	11
10045	1	0.354027604906082	0	6	0.86804663073688	0.672497051555787	566	11
10046	1	0.361553180731658	0	6	0.86804663073688	0.672497051555787	566	11
10048	3	0.351120495040833	0	6	0.86804663073688	0.672497051555787	566	11
10049	3	0.418833785904286	0	6	0.86804663073688	0.672497051555787	566	11
10050	4	0.108425716415559	0	6	0.86804663073688	0.672497051555787	566	11
10051	4	0.336219056975906	0	6	0.86804663073688	0.672497051555787	566	11
10052	1	0.598044290527134	0	6	0.86804663073688	0.672497051555787	566	11
10053	4	-0.277586389177305	0	6	0.86804663073688	0.672497051555787	566	11
10054	0	0.332495813318708	0	6	0.86804663073688	0.672497051555787	566	11
10055	3	0.0215551043502888	0	6	0.86804663073688	0.672497051555787	566	11
10057	1	0.501577031911655	0	6	0.86804663073688	0.672497051555787	566	11
10058	4	0.023845456680024	0	6	0.86804663073688	0.672497051555787	566	11
10059	3	0.162320682013647	0	6	0.86804663073688	0.672497051555787	566	11
10060	1	0.39967331031618	0	6	0.86804663073688	0.672497051555787	566	11
10061	1	0.328283264603587	0	6	0.86804663073688	0.672497051555787	566	11
10062	1	0.378147655326832	0	6	0.86804663073688	0.672497051555787	566	11
10066	2	-0.144267100810008	0	6	0.86804663073688	0.672497051555787	566	11
10067	2	0.0754759644789949	0	6	0.86804663073688	0.672497051555787	566	11
10069	4	0.219408814213257	0	6	0.86804663073688	0.672497051555787	566	11
10072	2	-0.0842290318782454	0	6	0.86804663073688	0.672497051555787	566	11
10073	2	0.0416290445818601	0	6	0.86804663073688	0.672497051555787	566	11
10075	0	0.374968227367322	0	6	0.86804663073688	0.672497051555787	566	11
10076	2	-0.0653697151694721	0	6	0.86804663073688	0.672497051555787	566	11
10077	1	0.557624358238613	0	6	0.86804663073688	0.672497051555787	566	11
10078	0	0.1893076177075	0	6	0.86804663073688	0.672497051555787	566	11
10079	3	-0.00280423145127662	0	6	0.86804663073688	0.672497051555787	566	11
10083	4	-0.18213935477243	0	6	0.86804663073688	0.672497051555787	566	11
10084	2	-0.0474242128728729	0	6	0.86804663073688	0.672497051555787	566	11
10085	1	0.227617791538342	0	6	0.86804663073688	0.672497051555787	566	11
10087	0	0.410706336112731	0	6	0.86804663073688	0.672497051555787	566	11
10090	1	0.142860678681432	0	6	0.86804663073688	0.672497051555787	566	11
10092	1	0.566068202398117	0	6	0.86804663073688	0.672497051555787	566	11
10093	7	0.164995790492676	0	6	0.86804663073688	0.672497051555787	566	11
10095	1	0.463478271399878	0	6	0.86804663073688	0.672497051555787	566	11
10096	1	0.631469611472156	0	6	0.86804663073688	0.672497051555787	566	11
10097	0	0.379707766584112	0	6	0.86804663073688	0.672497051555787	566	11
10098	1	0.387124429152373	0	6	0.86804663073688	0.672497051555787	566	11
10099	2	-0.0093543904224104	0	6	0.86804663073688	0.672497051555787	566	11
10100	3	0.0696431763699775	0	6	0.86804663073688	0.672497051555787	566	11
10101	2	0.115196420594218	0	6	0.86804663073688	0.672497051555787	566	11
10102	4	0.0518609870814487	0	6	0.86804663073688	0.672497051555787	566	11
10103	4	-0.187085721137247	0	6	0.86804663073688	0.672497051555787	566	11
10105	2	-0.158008510750131	0	6	0.86804663073688	0.672497051555787	566	11
10106	2	0.222060100405797	0	6	0.86804663073688	0.672497051555787	566	11
10109	1	0.569092943252131	0	6	0.86804663073688	0.672497051555787	566	11
10110	4	-0.243353532604816	0	6	0.86804663073688	0.672497051555787	566	11
10111	0	0.382686224960092	0	6	0.86804663073688	0.672497051555787	566	11
10112	1	0.324981149348093	0	6	0.86804663073688	0.672497051555787	566	11
10113	2	-0.039437597312096	0	6	0.86804663073688	0.672497051555787	566	11
10114	3	0.0382779856198907	0	6	0.86804663073688	0.672497051555787	566	11
10116	0	0.380550972903416	0	6	0.86804663073688	0.672497051555787	566	11
10120	2	0.0495831846942645	0	6	0.86804663073688	0.672497051555787	566	11
10121	0	0.267051659696064	0	6	0.86804663073688	0.672497051555787	566	11
10123	1	0.239642147163659	0	6	0.86804663073688	0.672497051555787	566	11
10125	1	0.107197291570896	0	6	0.86804663073688	0.672497051555787	566	11
10126	2	-0.141019483330529	0	6	0.86804663073688	0.672497051555787	566	11
10128	4	-0.0694740753509059	0	6	0.86804663073688	0.672497051555787	566	11
10129	3	0.131188444380758	0	6	0.86804663073688	0.672497051555787	566	11
10130	2	-0.0974122405087677	0	6	0.86804663073688	0.672497051555787	566	11
10131	4	-0.328722064089896	0	6	0.86804663073688	0.672497051555787	566	11
10133	2	-0.202645309652844	0	6	0.86804663073688	0.672497051555787	566	11
10134	2	-0.236377257122891	0	6	0.86804663073688	0.672497051555787	566	11
10135	11	-0.258140660727249	0	6	0.86804663073688	0.672497051555787	566	11
10138	3	0.261493605930619	0	6	0.86804663073688	0.672497051555787	566	11
10139	2	0.0468467979359817	0	6	0.86804663073688	0.672497051555787	566	11
10140	2	0.013554774902497	0	6	0.86804663073688	0.672497051555787	566	11
10142	5	0.505448446131305	1	6	0.86804663073688	0.672497051555787	566	11
10144	6	0.0980610505258526	0	6	0.86804663073688	0.672497051555787	566	11
10146	3	0.431533610140078	0	6	0.86804663073688	0.672497051555787	566	11
10147	1	0.262027545760427	0	6	0.86804663073688	0.672497051555787	566	11
10148	1	0.127807627873751	0	6	0.86804663073688	0.672497051555787	566	11
10149	1	0.459273697135158	0	6	0.86804663073688	0.672497051555787	566	11
10150	2	0.054025222194678	0	6	0.86804663073688	0.672497051555787	566	11
10152	3	0.261032073846876	0	6	0.86804663073688	0.672497051555787	566	11
10153	0	0.224587557796475	0	6	0.86804663073688	0.672497051555787	566	11
10154	1	0.326625473833176	0	6	0.86804663073688	0.672497051555787	566	11
10155	1	0.20701911179873	0	6	0.86804663073688	0.672497051555787	566	11
10157	3	0.06134613563747	0	6	0.86804663073688	0.672497051555787	566	11
10158	4	-0.422490906019943	0	6	0.86804663073688	0.672497051555787	566	11
10159	2	-0.0943602375092424	0	6	0.86804663073688	0.672497051555787	566	11
10161	5	0.783073169096997	1	6	0.86804663073688	0.672497051555787	566	11
10162	4	-0.0797170723658732	0	6	0.86804663073688	0.672497051555787	566	11
10163	3	0.247076185866811	0	6	0.86804663073688	0.672497051555787	566	11
10164	1	0.332670404541238	0	6	0.86804663073688	0.672497051555787	566	11
10165	4	0.114384876850646	0	6	0.86804663073688	0.672497051555787	566	11
10168	0	0.390713371121574	0	6	0.86804663073688	0.672497051555787	566	11
10170	1	0.145967018108243	0	6	0.86804663073688	0.672497051555787	566	11
10171	0	0.139089660709871	0	6	0.86804663073688	0.672497051555787	566	11
10174	2	-0.22671699577035	0	6	0.86804663073688	0.672497051555787	566	11
10175	2	0.0283353225309189	0	6	0.86804663073688	0.672497051555787	566	11
10178	4	-0.0312775631625656	0	6	0.86804663073688	0.672497051555787	566	11
10179	1	0.278092773344578	0	6	0.86804663073688	0.672497051555787	566	11
10180	5	0.573404100232457	1	6	0.86804663073688	0.672497051555787	566	11
10181	5	0.817183899390009	1	6	0.86804663073688	0.672497051555787	566	11
10184	1	0.422154780102872	0	6	0.86804663073688	0.672497051555787	566	11
10186	3	0.173656518402859	0	6	0.86804663073688	0.672497051555787	566	11
10188	5	0.658593386080622	1	6	0.86804663073688	0.672497051555787	566	11
10190	5	0.430874903970519	1	6	0.86804663073688	0.672497051555787	566	11
10193	3	0.0716052181002767	0	6	0.86804663073688	0.672497051555787	566	11
10195	7	-0.154860329760226	0	6	0.86804663073688	0.672497051555787	566	11
10196	2	-0.0227165611829068	0	6	0.86804663073688	0.672497051555787	566	11
10197	1	0.408533955103066	0	6	0.86804663073688	0.672497051555787	566	11
10198	0	0.331071585427728	0	6	0.86804663073688	0.672497051555787	566	11
10199	0	0.193718720313624	0	6	0.86804663073688	0.672497051555787	566	11
10200	2	-0.00717667650591864	0	6	0.86804663073688	0.672497051555787	566	11
10201	5	0.435791817947384	1	6	0.86804663073688	0.672497051555787	566	11
10203	5	0.411462588966857	1	6	0.86804663073688	0.672497051555787	566	11
10205	1	0.470266886384394	0	6	0.86804663073688	0.672497051555787	566	11
10207	4	-0.0948778230334558	0	6	0.86804663073688	0.672497051555787	566	11
10208	0	0.330045177509233	0	6	0.86804663073688	0.672497051555787	566	11
10209	2	-0.0206605446717562	0	6	0.86804663073688	0.672497051555787	566	11
10210	2	0.0495960961218483	0	6	0.86804663073688	0.672497051555787	566	11
10212	1	0.0968922256148537	0	6	0.86804663073688	0.672497051555787	566	11
10213	0	0.403136107652385	0	6	0.86804663073688	0.672497051555787	566	11
10215	3	0.0712129523095355	0	6	0.86804663073688	0.672497051555787	566	11
10217	3	0.0237720825357195	0	6	0.86804663073688	0.672497051555787	566	11
10218	1	0.305856533253834	0	6	0.86804663073688	0.672497051555787	566	11
10219	1	0.222058921526796	0	6	0.86804663073688	0.672497051555787	566	11
10220	5	0.658684468945214	1	6	0.86804663073688	0.672497051555787	566	11
10221	6	-0.0606819090231551	0	6	0.86804663073688	0.672497051555787	566	11
10224	1	0.414444623957236	0	6	0.86804663073688	0.672497051555787	566	11
10225	1	0.258911210369379	0	6	0.86804663073688	0.672497051555787	566	11
10226	1	0.0555310951959279	0	6	0.86804663073688	0.672497051555787	566	11
10227	2	-0.0911443855621661	0	6	0.86804663073688	0.672497051555787	566	11
10228	1	0.378927269219127	0	6	0.86804663073688	0.672497051555787	566	11
10229	3	-0.0248513811628779	0	6	0.86804663073688	0.672497051555787	566	11
10231	5	0.435264588447599	1	6	0.86804663073688	0.672497051555787	566	11
10232	3	0.207118130411694	0	6	0.86804663073688	0.672497051555787	566	11
10234	1	0.234231832476484	0	6	0.86804663073688	0.672497051555787	566	11
10235	0	0.313887513739332	0	6	0.86804663073688	0.672497051555787	566	11
10236	2	0.224363475470386	0	6	0.86804663073688	0.672497051555787	566	11
10237	2	0.00406830545079199	0	6	0.86804663073688	0.672497051555787	566	11
10238	2	-0.184830404876219	0	6	0.86804663073688	0.672497051555787	566	11
10240	0	0.24366437001151	0	6	0.86804663073688	0.672497051555787	566	11
10241	3	0.350202853846708	0	6	0.86804663073688	0.672497051555787	566	11
10242	1	0.319663303917279	0	6	0.86804663073688	0.672497051555787	566	11
10243	4	-0.233403837618518	0	6	0.86804663073688	0.672497051555787	566	11
10244	3	0.287633252098451	0	6	0.86804663073688	0.672497051555787	566	11
10245	2	-0.124709479651874	0	6	0.86804663073688	0.672497051555787	566	11
10246	1	0.174766182779987	0	6	0.86804663073688	0.672497051555787	566	11
10247	4	-0.41052006701977	0	6	0.86804663073688	0.672497051555787	566	11
10248	2	-0.304118435501516	0	6	0.86804663073688	0.672497051555787	566	11
10249	4	-0.373492243443732	0	6	0.86804663073688	0.672497051555787	566	11
10250	0	0.399312415255133	0	6	0.86804663073688	0.672497051555787	566	11
10252	1	0.309078967561168	0	6	0.86804663073688	0.672497051555787	566	11
10253	0	0.221155654457608	0	6	0.86804663073688	0.672497051555787	566	11
10254	3	-0.00695112741274309	0	6	0.86804663073688	0.672497051555787	566	11
10256	2	0.210239099301821	0	6	0.86804663073688	0.672497051555787	566	11
10257	6	0.178929270124499	0	6	0.86804663073688	0.672497051555787	566	11
10260	3	0.133037405659634	0	6	0.86804663073688	0.672497051555787	566	11
10261	1	0.406818476855817	0	6	0.86804663073688	0.672497051555787	566	11
10262	2	0.166691584751235	0	6	0.86804663073688	0.672497051555787	566	11
10263	2	-0.0988546548752049	0	6	0.86804663073688	0.672497051555787	566	11
10265	1	0.253931288458657	0	6	0.86804663073688	0.672497051555787	566	11
10266	3	0.0419174413216778	0	6	0.86804663073688	0.672497051555787	566	11
10267	2	0.0617153902362633	0	6	0.86804663073688	0.672497051555787	566	11
10268	3	0.0420434684984316	0	6	0.86804663073688	0.672497051555787	566	11
10269	2	0.0598638727443439	0	6	0.86804663073688	0.672497051555787	566	11
10270	1	0.422814236378215	0	6	0.86804663073688	0.672497051555787	566	11
10272	1	0.238681537150988	0	6	0.86804663073688	0.672497051555787	566	11
10273	2	-0.208211500280886	0	6	0.86804663073688	0.672497051555787	566	11
10274	5	0.453114477094697	1	6	0.86804663073688	0.672497051555787	566	11
10276	0	0.310166095792497	0	6	0.86804663073688	0.672497051555787	566	11
10277	3	0.174601866414619	0	6	0.86804663073688	0.672497051555787	566	11
10278	1	0.193183075702234	0	6	0.86804663073688	0.672497051555787	566	11
10279	2	-0.122506018287877	0	6	0.86804663073688	0.672497051555787	566	11
10280	7	0.0521036279636326	0	6	0.86804663073688	0.672497051555787	566	11
10282	3	0.0766655597172882	0	6	0.86804663073688	0.672497051555787	566	11
10284	2	-0.240343795028202	0	6	0.86804663073688	0.672497051555787	566	11
10285	2	0.165956515639114	0	6	0.86804663073688	0.672497051555787	566	11
10286	2	0.0672855478036284	0	6	0.86804663073688	0.672497051555787	566	11
10287	1	0.382666233854599	0	6	0.86804663073688	0.672497051555787	566	11
10288	1	0.151575142482154	0	6	0.86804663073688	0.672497051555787	566	11
10289	2	-0.020896848942458	0	6	0.86804663073688	0.672497051555787	566	11
10291	2	-0.0864095650433097	0	6	0.86804663073688	0.672497051555787	566	11
10293	0	0.0928585868844722	0	6	0.86804663073688	0.672497051555787	566	11
10294	2	-0.06660565525316	0	6	0.86804663073688	0.672497051555787	566	11
10295	2	-0.27422495946707	0	6	0.86804663073688	0.672497051555787	566	11
10296	2	0.127389232329781	0	6	0.86804663073688	0.672497051555787	566	11
10297	3	0.283711687941317	0	6	0.86804663073688	0.672497051555787	566	11
10298	4	-0.122333640422775	0	6	0.86804663073688	0.672497051555787	566	11
10299	3	0.290089925696372	0	6	0.86804663073688	0.672497051555787	566	11
10300	3	0.101480343605519	0	6	0.86804663073688	0.672497051555787	566	11
10302	0	-0.129598485647339	0	6	0.86804663073688	0.672497051555787	566	11
10308	1	0.315722954381686	0	6	0.86804663073688	0.672497051555787	566	11
10309	1	0.105546829068588	0	6	0.86804663073688	0.672497051555787	566	11
10311	3	0.193939484584195	0	6	0.86804663073688	0.672497051555787	566	11
10312	1	0.263892207161565	0	6	0.86804663073688	0.672497051555787	566	11
10313	7	0.0853506039478745	0	6	0.86804663073688	0.672497051555787	566	11
10314	3	-0.276643603080772	0	6	0.86804663073688	0.672497051555787	566	11
10316	3	0.0442533977866628	0	6	0.86804663073688	0.672497051555787	566	11
10317	1	0.308063987399714	0	6	0.86804663073688	0.672497051555787	566	11
10318	7	0.100784319098872	0	6	0.86804663073688	0.672497051555787	566	11
10319	1	0.381484708960713	0	6	0.86804663073688	0.672497051555787	566	11
10320	1	0.328700817343085	0	6	0.86804663073688	0.672497051555787	566	11
10322	2	0.00935784913140478	0	6	0.86804663073688	0.672497051555787	566	11
10324	0	0.321335634296051	0	6	0.86804663073688	0.672497051555787	566	11
10325	2	-0.0221946777324355	0	6	0.86804663073688	0.672497051555787	566	11
10327	4	-0.407994765973389	0	6	0.86804663073688	0.672497051555787	566	11
10328	2	0.0217916733590607	0	6	0.86804663073688	0.672497051555787	566	11
10329	2	0.0837573138988384	0	6	0.86804663073688	0.672497051555787	566	11
10330	2	0.0511737431060327	0	6	0.86804663073688	0.672497051555787	566	11
10331	1	0.286045291003017	0	6	0.86804663073688	0.672497051555787	566	11
10333	1	0.259622387182462	0	6	0.86804663073688	0.672497051555787	566	11
10336	4	0.50059409729547	0	6	0.86804663073688	0.672497051555787	566	11
10342	0	0.392208025745944	0	6	0.86804663073688	0.672497051555787	566	11
10343	1	0.215366525781177	0	6	0.86804663073688	0.672497051555787	566	11
10345	0	0.0423073125458462	0	6	0.86804663073688	0.672497051555787	566	11
10347	1	0.195207997700208	0	6	0.86804663073688	0.672497051555787	566	11
10351	1	0.365538711311339	0	6	0.86804663073688	0.672497051555787	566	11
10352	2	-0.150303318148777	0	6	0.86804663073688	0.672497051555787	566	11
10360	1	0.193866983460197	0	6	0.86804663073688	0.672497051555787	566	11
10362	2	-0.255142756975965	0	6	0.86804663073688	0.672497051555787	566	11
10363	3	0.378876831022251	0	6	0.86804663073688	0.672497051555787	566	11
10365	11	0.173575562492921	0	6	0.86804663073688	0.672497051555787	566	11
10367	4	-0.162161008941526	0	6	0.86804663073688	0.672497051555787	566	11
10370	2	-0.116211363866536	0	6	0.86804663073688	0.672497051555787	566	11
10371	1	0.207621887621921	0	6	0.86804663073688	0.672497051555787	566	11
10382	7	-0.0532281122535142	0	6	0.86804663073688	0.672497051555787	566	11
10383	2	-0.217964259845669	0	6	0.86804663073688	0.672497051555787	566	11
10384	10	0.40502878182203	0	6	0.86804663073688	0.672497051555787	566	11
10385	4	0.321526412481673	0	6	0.86804663073688	0.672497051555787	566	11
10388	0	0.399313300887041	0	6	0.86804663073688	0.672497051555787	566	11
10389	1	0.0888641408621552	0	6	0.86804663073688	0.672497051555787	566	11
10390	1	0.270674154087937	0	6	0.86804663073688	0.672497051555787	566	11
10391	3	0.0208386755205802	0	6	0.86804663073688	0.672497051555787	566	11
10392	3	0.435400217179134	0	6	0.86804663073688	0.672497051555787	566	11
10393	0	0.38458813210152	0	6	0.86804663073688	0.672497051555787	566	11
10395	3	0.291951387943302	0	6	0.86804663073688	0.672497051555787	566	11
10396	0	0.0612029457581417	0	6	0.86804663073688	0.672497051555787	566	11
10397	2	-0.191099588151418	0	6	0.86804663073688	0.672497051555787	566	11
10398	3	0.0151822202112826	0	6	0.86804663073688	0.672497051555787	566	11
10400	2	-0.167123217292455	0	6	0.86804663073688	0.672497051555787	566	11
10402	3	0.158846264823109	0	6	0.86804663073688	0.672497051555787	566	11
10404	3	-0.0477370170181157	0	6	0.86804663073688	0.672497051555787	566	11
10406	1	0.330147161481658	0	6	0.86804663073688	0.672497051555787	566	11
10409	1	0.262664430431001	0	6	0.86804663073688	0.672497051555787	566	11
10411	3	0.130278569437889	0	6	0.86804663073688	0.672497051555787	566	11
10413	3	0.232989489959851	0	6	0.86804663073688	0.672497051555787	566	11
10418	1	0.419928419070272	0	6	0.86804663073688	0.672497051555787	566	11
10419	2	-0.0510169058090293	0	6	0.86804663073688	0.672497051555787	566	11
10420	0	0.139887174043564	0	6	0.86804663073688	0.672497051555787	566	11
10421	2	-0.0811943880491973	0	6	0.86804663073688	0.672497051555787	566	11
10422	0	0.0315127538638373	0	6	0.86804663073688	0.672497051555787	566	11
10423	2	-0.212563242405811	0	6	0.86804663073688	0.672497051555787	566	11
10425	5	0.550389677128872	1	6	0.86804663073688	0.672497051555787	566	11
10426	0	0.070354120853203	0	6	0.86804663073688	0.672497051555787	566	11
10427	2	-0.0197227859039432	0	6	0.86804663073688	0.672497051555787	566	11
10428	4	-0.187194408841125	0	6	0.86804663073688	0.672497051555787	566	11
10430	2	-0.0810279081313629	0	6	0.86804663073688	0.672497051555787	566	11
10434	4	0.0633770310661733	0	6	0.86804663073688	0.672497051555787	566	11
10435	3	-0.0928147330622074	0	6	0.86804663073688	0.672497051555787	566	11
10436	1	0.382446726300312	0	6	0.86804663073688	0.672497051555787	566	11
10438	2	0.0122760631123281	0	6	0.86804663073688	0.672497051555787	566	11
10439	0	0.0891138805553356	0	6	0.86804663073688	0.672497051555787	566	11
10440	2	0.11797962279727	0	6	0.86804663073688	0.672497051555787	566	11
10443	5	0.537671528262426	1	6	0.86804663073688	0.672497051555787	566	11
10444	2	-0.130354757514766	0	6	0.86804663073688	0.672497051555787	566	11
10445	2	-0.0230701255808663	0	6	0.86804663073688	0.672497051555787	566	11
10446	1	0.342485609749409	0	6	0.86804663073688	0.672497051555787	566	11
10449	4	-0.317086585493973	0	6	0.86804663073688	0.672497051555787	566	11
10450	3	0.16981392323255	0	6	0.86804663073688	0.672497051555787	566	11
10451	4	-0.0773801155298352	0	6	0.86804663073688	0.672497051555787	566	11
10455	4	-0.262175806303786	0	6	0.86804663073688	0.672497051555787	566	11
10456	2	-0.238226861122125	0	6	0.86804663073688	0.672497051555787	566	11
10457	2	0.161187606464573	0	6	0.86804663073688	0.672497051555787	566	11
10458	3	-0.0966430011636786	0	6	0.86804663073688	0.672497051555787	566	11
10460	1	0.344083173851693	0	6	0.86804663073688	0.672497051555787	566	11
10461	1	0.442164682082158	0	6	0.86804663073688	0.672497051555787	566	11
10462	1	0.409891205450112	0	6	0.86804663073688	0.672497051555787	566	11
10463	4	-0.229688918703313	0	6	0.86804663073688	0.672497051555787	566	11
10464	1	0.426942832650771	0	6	0.86804663073688	0.672497051555787	566	11
10465	2	0.223308658957464	0	6	0.86804663073688	0.672497051555787	566	11
10466	3	0.222524604247175	0	6	0.86804663073688	0.672497051555787	566	11
10467	2	-0.0794872634607898	0	6	0.86804663073688	0.672497051555787	566	11
10468	1	0.275668871201416	0	6	0.86804663073688	0.672497051555787	566	11
10469	2	-0.218748888554635	0	6	0.86804663073688	0.672497051555787	566	11
10472	2	-0.0481913653607185	0	6	0.86804663073688	0.672497051555787	566	11
10473	2	0.0797641998712122	0	6	0.86804663073688	0.672497051555787	566	11
10474	2	-0.124994936515768	0	6	0.86804663073688	0.672497051555787	566	11
10475	0	0.192309032400808	0	6	0.86804663073688	0.672497051555787	566	11
10478	3	0.144093868263327	0	6	0.86804663073688	0.672497051555787	566	11
10479	2	-0.264564452314407	0	6	0.86804663073688	0.672497051555787	566	11
10480	3	0.0577623687142581	0	6	0.86804663073688	0.672497051555787	566	11
10482	2	0.00518117824413084	0	6	0.86804663073688	0.672497051555787	566	11
10483	2	-0.0158767641411801	0	6	0.86804663073688	0.672497051555787	566	11
10484	1	0.497868247991326	0	6	0.86804663073688	0.672497051555787	566	11
10486	0	0.235621514377845	0	6	0.86804663073688	0.672497051555787	566	11
10487	7	0.246208615301225	0	6	0.86804663073688	0.672497051555787	566	11
10488	2	-0.203608704837235	0	6	0.86804663073688	0.672497051555787	566	11
10489	2	0.00671536854328543	0	6	0.86804663073688	0.672497051555787	566	11
10490	2	-0.147374451907313	0	6	0.86804663073688	0.672497051555787	566	11
10492	1	0.431582224050762	0	6	0.86804663073688	0.672497051555787	566	11
10493	7	0.101194558667097	0	6	0.86804663073688	0.672497051555787	566	11
10494	0	0.171360532532307	0	6	0.86804663073688	0.672497051555787	566	11
10495	3	0.176784322323062	0	6	0.86804663073688	0.672497051555787	566	11
10497	3	0.00872670948479922	0	6	0.86804663073688	0.672497051555787	566	11
10498	2	-0.0949127238794734	0	6	0.86804663073688	0.672497051555787	566	11
10499	3	-0.0088700032220047	0	6	0.86804663073688	0.672497051555787	566	11
10500	1	0.265788364525587	0	6	0.86804663073688	0.672497051555787	566	11
10501	1	0.399530471163785	0	6	0.86804663073688	0.672497051555787	566	11
10505	3	0.078001831649599	0	6	0.86804663073688	0.672497051555787	566	11
10507	1	0.119452171508668	0	6	0.86804663073688	0.672497051555787	566	11
10512	1	-0.00840520295824423	0	6	0.86804663073688	0.672497051555787	566	11
10513	3	-0.108554044208035	0	6	0.86804663073688	0.672497051555787	566	11
10514	2	-0.0492915449485759	0	6	0.86804663073688	0.672497051555787	566	11
10516	1	0.404821909818477	0	6	0.86804663073688	0.672497051555787	566	11
10518	1	0.0560245863146854	0	6	0.86804663073688	0.672497051555787	566	11
10519	2	-0.171427983915084	0	6	0.86804663073688	0.672497051555787	566	11
10520	3	0.413642709897157	0	6	0.86804663073688	0.672497051555787	566	11
10521	5	0.814144506791987	1	6	0.86804663073688	0.672497051555787	566	11
10522	0	0.10697409025398	0	6	0.86804663073688	0.672497051555787	566	11
10523	2	-0.178426026537734	0	6	0.86804663073688	0.672497051555787	566	11
10524	2	-0.0848215269002109	0	6	0.86804663073688	0.672497051555787	566	11
10525	3	0.026915613969774	0	6	0.86804663073688	0.672497051555787	566	11
10526	3	0.0113074598305786	0	6	0.86804663073688	0.672497051555787	566	11
10527	1	0.264278785620631	0	6	0.86804663073688	0.672497051555787	566	11
10529	3	0.309987011967545	0	6	0.86804663073688	0.672497051555787	566	11
10531	4	0.0243034267393191	0	6	0.86804663073688	0.672497051555787	566	11
10533	1	0.318119209608757	0	6	0.86804663073688	0.672497051555787	566	11
10534	2	0.0105388923621549	0	6	0.86804663073688	0.672497051555787	566	11
10535	0	-0.0602396734685318	0	6	0.86804663073688	0.672497051555787	566	11
10536	1	0.150245326308495	0	6	0.86804663073688	0.672497051555787	566	11
10538	1	0.138538549742732	0	6	0.86804663073688	0.672497051555787	566	11
10539	1	0.528788100233644	0	6	0.86804663073688	0.672497051555787	566	11
10540	7	0.0538906407814652	0	6	0.86804663073688	0.672497051555787	566	11
10541	1	0.445373388974675	0	6	0.86804663073688	0.672497051555787	566	11
10542	4	-0.216689196507404	0	6	0.86804663073688	0.672497051555787	566	11
10544	1	0.389433331153432	0	6	0.86804663073688	0.672497051555787	566	11
10548	2	-0.0213083376787088	0	6	0.86804663073688	0.672497051555787	566	11
10549	1	0.093844843651973	0	6	0.86804663073688	0.672497051555787	566	11
10550	7	0.219033037186855	0	6	0.86804663073688	0.672497051555787	566	11
10551	1	0.339286013069581	0	6	0.86804663073688	0.672497051555787	566	11
10552	2	0.0927835607067074	0	6	0.86804663073688	0.672497051555787	566	11
10553	2	0.0362611503760585	0	6	0.86804663073688	0.672497051555787	566	11
10554	2	-0.138221666395933	0	6	0.86804663073688	0.672497051555787	566	11
10555	7	0.00124558371874714	0	6	0.86804663073688	0.672497051555787	566	11
10556	0	0.319397288561426	0	6	0.86804663073688	0.672497051555787	566	11
10557	1	0.390878827490346	0	6	0.86804663073688	0.672497051555787	566	11
10558	2	0.0473420893039654	0	6	0.86804663073688	0.672497051555787	566	11
10559	0	0.381545683045563	0	6	0.86804663073688	0.672497051555787	566	11
10560	4	-0.110697773415649	0	6	0.86804663073688	0.672497051555787	566	11
10561	10	0.5945467994991	0	6	0.86804663073688	0.672497051555787	566	11
10562	1	0.0159958059513676	0	6	0.86804663073688	0.672497051555787	566	11
10563	1	0.153150714794012	0	6	0.86804663073688	0.672497051555787	566	11
10564	3	0.0408071807427682	0	6	0.86804663073688	0.672497051555787	566	11
10565	5	0.502921407744318	1	6	0.86804663073688	0.672497051555787	566	11
10566	0	0.0681540453287222	0	6	0.86804663073688	0.672497051555787	566	11
10567	2	-0.100046563106132	0	6	0.86804663073688	0.672497051555787	566	11
10568	1	0.346499782160686	0	6	0.86804663073688	0.672497051555787	566	11
10570	1	0.388815014888125	0	6	0.86804663073688	0.672497051555787	566	11
10572	2	-0.0155196190561103	0	6	0.86804663073688	0.672497051555787	566	11
10573	2	-0.134693580098645	0	6	0.86804663073688	0.672497051555787	566	11
10574	2	-0.0418673039975681	0	6	0.86804663073688	0.672497051555787	566	11
10575	2	-0.106053529716877	0	6	0.86804663073688	0.672497051555787	566	11
10576	7	0.233813834214615	0	6	0.86804663073688	0.672497051555787	566	11
10578	8	0.0569924205711365	0	6	0.86804663073688	0.672497051555787	566	11
10579	3	-0.0621379202680987	0	6	0.86804663073688	0.672497051555787	566	11
10580	1	0.478392504639378	0	6	0.86804663073688	0.672497051555787	566	11
10581	2	0.0772993445976067	0	6	0.86804663073688	0.672497051555787	566	11
10584	1	0.436794362939712	0	6	0.86804663073688	0.672497051555787	566	11
10585	2	0.00880450269588091	0	6	0.86804663073688	0.672497051555787	566	11
10586	0	0.339337014691379	0	6	0.86804663073688	0.672497051555787	566	11
10587	2	-0.0851390425862186	0	6	0.86804663073688	0.672497051555787	566	11
10589	2	0.0255797409608979	0	6	0.86804663073688	0.672497051555787	566	11
10590	1	0.167593892020355	0	6	0.86804663073688	0.672497051555787	566	11
10591	4	-0.375548739874768	0	6	0.86804663073688	0.672497051555787	566	11
10592	0	-0.00161358664869409	0	6	0.86804663073688	0.672497051555787	566	11
10594	2	-0.0450581679755432	0	6	0.86804663073688	0.672497051555787	566	11
10598	2	-0.109250057475512	0	6	0.86804663073688	0.672497051555787	566	11
10600	3	0.0220035347128957	0	6	0.86804663073688	0.672497051555787	566	11
10602	3	0.104867994866793	0	6	0.86804663073688	0.672497051555787	566	11
10603	3	0.255546137930791	0	6	0.86804663073688	0.672497051555787	566	11
10606	6	0.0577057215661188	0	6	0.86804663073688	0.672497051555787	566	11
10607	2	-0.0910794834815553	0	6	0.86804663073688	0.672497051555787	566	11
10609	1	0.407012835392337	0	6	0.86804663073688	0.672497051555787	566	11
10610	2	-0.112331794754399	0	6	0.86804663073688	0.672497051555787	566	11
10611	3	0.018510662027027	0	6	0.86804663073688	0.672497051555787	566	11
10612	0	0.319580303095096	0	6	0.86804663073688	0.672497051555787	566	11
10613	2	-0.0296057486080511	0	6	0.86804663073688	0.672497051555787	566	11
10614	3	0.00355944610467882	0	6	0.86804663073688	0.672497051555787	566	11
10616	2	0.0847332538974011	0	6	0.86804663073688	0.672497051555787	566	11
10617	2	-0.0336751075569549	0	6	0.86804663073688	0.672497051555787	566	11
10618	3	-0.0117170991814111	0	6	0.86804663073688	0.672497051555787	566	11
10621	3	0.213903301286992	0	6	0.86804663073688	0.672497051555787	566	11
10625	6	0.0404181956994985	0	6	0.86804663073688	0.672497051555787	566	11
10627	2	0.19197229149213	0	6	0.86804663073688	0.672497051555787	566	11
10629	2	0.232679691631074	0	6	0.86804663073688	0.672497051555787	566	11
10630	3	0.294437934431169	0	6	0.86804663073688	0.672497051555787	566	11
10631	1	0.539182832108623	0	6	0.86804663073688	0.672497051555787	566	11
10632	2	-0.148287923671181	0	6	0.86804663073688	0.672497051555787	566	11
10634	3	0.140468464551261	0	6	0.86804663073688	0.672497051555787	566	11
10636	1	-0.0277960042542988	0	6	0.86804663073688	0.672497051555787	566	11
10637	0	0.117720588520747	0	6	0.86804663073688	0.672497051555787	566	11
10640	3	0.334086384399959	0	6	0.86804663073688	0.672497051555787	566	11
10641	0	0.0742631061799498	0	6	0.86804663073688	0.672497051555787	566	11
10645	2	0.215482160381539	0	6	0.86804663073688	0.672497051555787	566	11
10647	4	-0.0682825511575738	0	6	0.86804663073688	0.672497051555787	566	11
10650	3	0.0624803599807811	0	6	0.86804663073688	0.672497051555787	566	11
10651	2	-0.0710071250714545	0	6	0.86804663073688	0.672497051555787	566	11
10652	1	0.255776971090056	0	6	0.86804663073688	0.672497051555787	566	11
10653	2	-0.221962849271182	0	6	0.86804663073688	0.672497051555787	566	11
10654	2	-0.24790065597308	0	6	0.86804663073688	0.672497051555787	566	11
10656	3	0.0189203635850407	0	6	0.86804663073688	0.672497051555787	566	11
10657	2	-0.324400508950125	0	6	0.86804663073688	0.672497051555787	566	11
10658	1	0.393881408640205	0	6	0.86804663073688	0.672497051555787	566	11
10659	1	0.246583656245083	0	6	0.86804663073688	0.672497051555787	566	11
10663	1	0.522005500377284	0	6	0.86804663073688	0.672497051555787	566	11
10664	2	0.0286792396853565	0	6	0.86804663073688	0.672497051555787	566	11
10666	1	0.410924618262298	0	6	0.86804663073688	0.672497051555787	566	11
10667	2	-0.0156068351657803	0	6	0.86804663073688	0.672497051555787	566	11
10668	2	-0.104307319184235	0	6	0.86804663073688	0.672497051555787	566	11
10669	1	0.218949947928474	0	6	0.86804663073688	0.672497051555787	566	11
10670	2	0.033160687426956	0	6	0.86804663073688	0.672497051555787	566	11
10671	3	0.23873149786124	0	6	0.86804663073688	0.672497051555787	566	11
10672	3	0.383068970780984	0	6	0.86804663073688	0.672497051555787	566	11
10677	5	0.593469232037404	1	6	0.86804663073688	0.672497051555787	566	11
10678	1	0.2593396047268	0	6	0.86804663073688	0.672497051555787	566	11
10681	2	-0.263335443488331	0	6	0.86804663073688	0.672497051555787	566	11
10682	4	-0.0988658960354185	0	6	0.86804663073688	0.672497051555787	566	11
10686	2	0.0873453461455549	0	6	0.86804663073688	0.672497051555787	566	11
10687	3	-0.138364514090788	0	6	0.86804663073688	0.672497051555787	566	11
10690	0	0.0218704910392261	0	6	0.86804663073688	0.672497051555787	566	11
10691	2	0.168464131636298	0	6	0.86804663073688	0.672497051555787	566	11
10693	4	0.0683122623657527	0	6	0.86804663073688	0.672497051555787	566	11
10694	1	0.251225350573046	0	6	0.86804663073688	0.672497051555787	566	11
10695	7	-0.0151822510036541	0	6	0.86804663073688	0.672497051555787	566	11
10699	1	0.219349558162017	0	6	0.86804663073688	0.672497051555787	566	11
10712	2	0.00025859951405911	0	6	0.86804663073688	0.672497051555787	566	11
10713	3	0.00937513568764116	0	6	0.86804663073688	0.672497051555787	566	11
10714	2	-0.0138144378637781	0	6	0.86804663073688	0.672497051555787	566	11
10721	1	0.157666335478882	0	6	0.86804663073688	0.672497051555787	566	11
10723	4	-0.319402308374781	0	6	0.86804663073688	0.672497051555787	566	11
10724	5	0.605360631742472	1	6	0.86804663073688	0.672497051555787	566	11
10725	5	0.638093438340753	1	6	0.86804663073688	0.672497051555787	566	11
10726	2	-0.00147628232831342	0	6	0.86804663073688	0.672497051555787	566	11
10728	2	-0.156552630771808	0	6	0.86804663073688	0.672497051555787	566	11
10730	2	0.109245465743988	0	6	0.86804663073688	0.672497051555787	566	11
10733	0	0.254876580507693	0	6	0.86804663073688	0.672497051555787	566	11
10734	2	0.459245761640989	0	6	0.86804663073688	0.672497051555787	566	11
10735	2	-0.00375035444423902	0	6	0.86804663073688	0.672497051555787	566	11
10741	2	-0.211781242720742	0	6	0.86804663073688	0.672497051555787	566	11
10742	2	0.186822374896697	0	6	0.86804663073688	0.672497051555787	566	11
10745	0	0.43620306926613	0	6	0.86804663073688	0.672497051555787	566	11
10746	3	0.163348241890326	0	6	0.86804663073688	0.672497051555787	566	11
10747	5	0.546971411570942	1	6	0.86804663073688	0.672497051555787	566	11
10749	3	0.103690009944616	0	6	0.86804663073688	0.672497051555787	566	11
10750	3	0.00878981211358039	0	6	0.86804663073688	0.672497051555787	566	11
10752	6	0.0653215682762222	0	6	0.86804663073688	0.672497051555787	566	11
10755	2	-0.0234598982134687	0	6	0.86804663073688	0.672497051555787	566	11
10758	1	0.37144277414718	0	6	0.86804663073688	0.672497051555787	566	11
10762	1	0.485783923171645	0	6	0.86804663073688	0.672497051555787	566	11
10763	3	-0.0306088767552292	0	6	0.86804663073688	0.672497051555787	566	11
10765	1	0.489962022874994	0	6	0.86804663073688	0.672497051555787	566	11
10766	2	0.0758442042589419	0	6	0.86804663073688	0.672497051555787	566	11
10767	3	0.28643756272461	0	6	0.86804663073688	0.672497051555787	566	11
10768	2	-0.128143604829721	0	6	0.86804663073688	0.672497051555787	566	11
10769	1	0.546413376227471	0	6	0.86804663073688	0.672497051555787	566	11
10771	3	0.233546112879613	0	6	0.86804663073688	0.672497051555787	566	11
10772	5	0.441354618790649	1	6	0.86804663073688	0.672497051555787	566	11
10773	3	0.0329334936116549	0	6	0.86804663073688	0.672497051555787	566	11
10775	2	-0.0665027052992954	0	6	0.86804663073688	0.672497051555787	566	11
10776	3	0.120775572220291	0	6	0.86804663073688	0.672497051555787	566	11
10777	1	0.0230699167425556	0	6	0.86804663073688	0.672497051555787	566	11
10780	0	0.327047535269955	0	6	0.86804663073688	0.672497051555787	566	11
10781	5	0.745210084888557	1	6	0.86804663073688	0.672497051555787	566	11
10782	2	-0.0465091446514855	0	6	0.86804663073688	0.672497051555787	566	11
10785	1	0.0630795131374696	0	6	0.86804663073688	0.672497051555787	566	11
10786	4	-0.291462541089383	0	6	0.86804663073688	0.672497051555787	566	11
10787	3	0.264184995391591	0	6	0.86804663073688	0.672497051555787	566	11
10788	3	0.13057350542175	0	6	0.86804663073688	0.672497051555787	566	11
10791	3	0.108889936644535	0	6	0.86804663073688	0.672497051555787	566	11
10793	0	0.198180358890374	0	6	0.86804663073688	0.672497051555787	566	11
10794	1	0.529833083188729	0	6	0.86804663073688	0.672497051555787	566	11
10795	2	-0.0454898743071436	0	6	0.86804663073688	0.672497051555787	566	11
10797	3	0.120657567191339	0	6	0.86804663073688	0.672497051555787	566	11
10801	1	0.25213904105737	0	6	0.86804663073688	0.672497051555787	566	11
10802	1	0.172927701582484	0	6	0.86804663073688	0.672497051555787	566	11
10803	0	0.183182746842762	0	6	0.86804663073688	0.672497051555787	566	11
10807	7	0.20024153517503	0	6	0.86804663073688	0.672497051555787	566	11
10808	0	0.164817550745689	0	6	0.86804663073688	0.672497051555787	566	11
10810	3	0.0102530161665184	0	6	0.86804663073688	0.672497051555787	566	11
10817	2	0.064699500879664	0	6	0.86804663073688	0.672497051555787	566	11
10818	3	0.0972503543506925	0	6	0.86804663073688	0.672497051555787	566	11
10825	1	0.513501138850407	0	6	0.86804663073688	0.672497051555787	566	11
10826	3	-0.0282317830336617	0	6	0.86804663073688	0.672497051555787	566	11
10827	3	0.0502829417870817	0	6	0.86804663073688	0.672497051555787	566	11
10840	4	-0.356761252047937	0	6	0.86804663073688	0.672497051555787	566	11
10841	4	-0.200182659934418	0	6	0.86804663073688	0.672497051555787	566	11
10844	2	-0.404131033623825	0	6	0.86804663073688	0.672497051555787	566	11
10845	2	-0.0190491220949937	0	6	0.86804663073688	0.672497051555787	566	11
10846	0	0.438347644749366	0	6	0.86804663073688	0.672497051555787	566	11
10847	1	0.412769866594374	0	6	0.86804663073688	0.672497051555787	566	11
10848	1	0.158086272262988	0	6	0.86804663073688	0.672497051555787	566	11
10849	1	0.439764760984425	0	6	0.86804663073688	0.672497051555787	566	11
10855	1	0.186479595109085	0	6	0.86804663073688	0.672497051555787	566	11
10856	2	-0.0929710710416463	0	6	0.86804663073688	0.672497051555787	566	11
10857	4	-0.325349605098404	0	6	0.86804663073688	0.672497051555787	566	11
10858	4	-0.0144593895736316	0	6	0.86804663073688	0.672497051555787	566	11
10861	4	-0.022730954893376	0	6	0.86804663073688	0.672497051555787	566	11
10863	0	0.320053130764281	0	6	0.86804663073688	0.672497051555787	566	11
10864	4	-0.0547584849884799	0	6	0.86804663073688	0.672497051555787	566	11
10865	1	0.45498881073521	0	6	0.86804663073688	0.672497051555787	566	11
10867	2	0.10927485918042	0	6	0.86804663073688	0.672497051555787	566	11
10868	2	-0.0883570586795534	0	6	0.86804663073688	0.672497051555787	566	11
10869	2	-0.116217057787517	0	6	0.86804663073688	0.672497051555787	566	11
10871	1	0.00361310589224094	0	6	0.86804663073688	0.672497051555787	566	11
10873	1	0.416667480979756	0	6	0.86804663073688	0.672497051555787	566	11
10875	1	0.318918242489808	0	6	0.86804663073688	0.672497051555787	566	11
10882	3	0.107459693180335	0	6	0.86804663073688	0.672497051555787	566	11
10884	2	-0.217065861478465	0	6	0.86804663073688	0.672497051555787	566	11
10885	1	0.320344510217637	0	6	0.86804663073688	0.672497051555787	566	11
10891	4	-0.155716287008543	0	6	0.86804663073688	0.672497051555787	566	11
10892	1	0.521857824681926	0	6	0.86804663073688	0.672497051555787	566	11
10893	0	0.0586354775012491	0	6	0.86804663073688	0.672497051555787	566	11
10894	1	0.520742482099543	0	6	0.86804663073688	0.672497051555787	566	11
10897	2	-0.244771292707994	0	6	0.86804663073688	0.672497051555787	566	11
10898	3	0.217591355816641	0	6	0.86804663073688	0.672497051555787	566	11
10899	2	-0.108591101634688	0	6	0.86804663073688	0.672497051555787	566	11
10900	2	0.144097926807408	0	6	0.86804663073688	0.672497051555787	566	11
10902	2	0.293702474599906	0	6	0.86804663073688	0.672497051555787	566	11
10904	2	0.11485456640031	0	6	0.86804663073688	0.672497051555787	566	11
10905	3	0.0799366672365059	0	6	0.86804663073688	0.672497051555787	566	11
10906	3	0.220861996074008	0	6	0.86804663073688	0.672497051555787	566	11
10907	2	-0.17063820015852	0	6	0.86804663073688	0.672497051555787	566	11
10908	1	0.124584368382497	0	6	0.86804663073688	0.672497051555787	566	11
10912	4	-0.156554285740172	0	6	0.86804663073688	0.672497051555787	566	11
10913	1	0.25990886343949	0	6	0.86804663073688	0.672497051555787	566	11
10914	0	0.322689546006054	0	6	0.86804663073688	0.672497051555787	566	11
10915	1	0.587045177613833	0	6	0.86804663073688	0.672497051555787	566	11
10916	2	-0.0302708925479121	0	6	0.86804663073688	0.672497051555787	566	11
10920	3	0.0849171735407512	0	6	0.86804663073688	0.672497051555787	566	11
10921	2	0.0311810097692776	0	6	0.86804663073688	0.672497051555787	566	11
10922	4	-0.0632070804248324	0	6	0.86804663073688	0.672497051555787	566	11
10923	2	0.0743488102509421	0	6	0.86804663073688	0.672497051555787	566	11
10924	4	-0.192347336970876	0	6	0.86804663073688	0.672497051555787	566	11
10926	1	0.21281321008101	0	6	0.86804663073688	0.672497051555787	566	11
10927	0	0.228811207306022	0	6	0.86804663073688	0.672497051555787	566	11
10928	2	-0.190779871836715	0	6	0.86804663073688	0.672497051555787	566	11
10929	2	-0.0899629756769896	0	6	0.86804663073688	0.672497051555787	566	11
10930	0	0.372715206914571	0	6	0.86804663073688	0.672497051555787	566	11
10935	2	-0.32089276584437	0	6	0.86804663073688	0.672497051555787	566	11
10936	1	0.392004825330421	0	6	0.86804663073688	0.672497051555787	566	11
10938	3	-0.174287625893901	0	6	0.86804663073688	0.672497051555787	566	11
10939	4	-0.114523082195333	0	6	0.86804663073688	0.672497051555787	566	11
10940	4	0.113940870289378	0	6	0.86804663073688	0.672497051555787	566	11
10943	1	0.377430114841527	0	6	0.86804663073688	0.672497051555787	566	11
10944	3	0.269194855323641	0	6	0.86804663073688	0.672497051555787	566	11
10945	7	0.0137666255791708	0	6	0.86804663073688	0.672497051555787	566	11
10946	1	0.553247640872603	0	6	0.86804663073688	0.672497051555787	566	11
10947	3	0.224776905971862	0	6	0.86804663073688	0.672497051555787	566	11
10948	2	0.162810787288255	0	6	0.86804663073688	0.672497051555787	566	11
10949	3	0.150680506932209	0	6	0.86804663073688	0.672497051555787	566	11
10950	3	0.0229458384310048	0	6	0.86804663073688	0.672497051555787	566	11
10952	2	-0.0196237341614876	0	6	0.86804663073688	0.672497051555787	566	11
10953	2	-0.300388190080263	0	6	0.86804663073688	0.672497051555787	566	11
10955	3	0.0903381358601667	0	6	0.86804663073688	0.672497051555787	566	11
10956	2	-0.0433180457984505	0	6	0.86804663073688	0.672497051555787	566	11
10957	2	-0.211350866318478	0	6	0.86804663073688	0.672497051555787	566	11
10959	1	0.196318883176329	0	6	0.86804663073688	0.672497051555787	566	11
10960	2	-0.265709389908296	0	6	0.86804663073688	0.672497051555787	566	11
10961	2	-0.0991965543042973	0	6	0.86804663073688	0.672497051555787	566	11
10962	1	0.393876798288594	0	6	0.86804663073688	0.672497051555787	566	11
10963	2	-0.15558012302565	0	6	0.86804663073688	0.672497051555787	566	11
10964	10	0.225326509847476	0	6	0.86804663073688	0.672497051555787	566	11
10966	2	-0.264476424315577	0	6	0.86804663073688	0.672497051555787	566	11
10970	2	0.0178701134230705	0	6	0.86804663073688	0.672497051555787	566	11
10972	2	0.0774258175725271	0	6	0.86804663073688	0.672497051555787	566	11
10973	1	0.529637718829557	0	6	0.86804663073688	0.672497051555787	566	11
10974	2	0.135758186025971	0	6	0.86804663073688	0.672497051555787	566	11
10975	2	-0.182986167355667	0	6	0.86804663073688	0.672497051555787	566	11
10978	0	0.180604674491025	0	6	0.86804663073688	0.672497051555787	566	11
10979	3	0.0601765071309527	0	6	0.86804663073688	0.672497051555787	566	11
10980	2	-0.139492756712249	0	6	0.86804663073688	0.672497051555787	566	11
10981	1	0.141205367307629	0	6	0.86804663073688	0.672497051555787	566	11
10982	3	0.0507209192689003	0	6	0.86804663073688	0.672497051555787	566	11
10983	2	0.00824952722430926	0	6	0.86804663073688	0.672497051555787	566	11
10985	0	0.187297642360975	0	6	0.86804663073688	0.672497051555787	566	11
10987	0	0.273711276234335	0	6	0.86804663073688	0.672497051555787	566	11
10988	0	0.182635264596603	0	6	0.86804663073688	0.672497051555787	566	11
10989	4	0.131686456653119	0	6	0.86804663073688	0.672497051555787	566	11
10990	1	0.407244486776183	0	6	0.86804663073688	0.672497051555787	566	11
10991	4	-0.017647289834851	0	6	0.86804663073688	0.672497051555787	566	11
10992	2	-0.0473186397303889	0	6	0.86804663073688	0.672497051555787	566	11
10993	1	0.522048981429537	0	6	0.86804663073688	0.672497051555787	566	11
10994	4	-0.348774188186115	0	6	0.86804663073688	0.672497051555787	566	11
10998	2	0.0697270012238044	0	6	0.86804663073688	0.672497051555787	566	11
11000	5	0.580823890580924	1	6	0.86804663073688	0.672497051555787	566	11
11001	4	-0.246564388965352	0	6	0.86804663073688	0.672497051555787	566	11
11004	1	0.056583141408614	0	6	0.86804663073688	0.672497051555787	566	11
11006	1	0.300427941242158	0	6	0.86804663073688	0.672497051555787	566	11
11007	1	0.118124511967033	0	6	0.86804663073688	0.672497051555787	566	11
11009	1	0.252842340489263	0	6	0.86804663073688	0.672497051555787	566	11
11010	1	0.33846278650826	0	6	0.86804663073688	0.672497051555787	566	11
11011	5	0.664420455006851	1	6	0.86804663073688	0.672497051555787	566	11
11014	7	-0.0510962504936443	0	6	0.86804663073688	0.672497051555787	566	11
11015	0	0.219695549529431	0	6	0.86804663073688	0.672497051555787	566	11
11016	5	0.545598389069983	1	6	0.86804663073688	0.672497051555787	566	11
11017	3	-0.00864900378950643	0	6	0.86804663073688	0.672497051555787	566	11
11018	2	-0.149330742299089	0	6	0.86804663073688	0.672497051555787	566	11
11019	4	-0.0283792893801163	0	6	0.86804663073688	0.672497051555787	566	11
11020	2	-0.0961333830473664	0	6	0.86804663073688	0.672497051555787	566	11
11021	2	0.199698018926222	0	6	0.86804663073688	0.672497051555787	566	11
11022	1	0.155646012639117	0	6	0.86804663073688	0.672497051555787	566	11
11027	1	0.114265598262455	0	6	0.86804663073688	0.672497051555787	566	11
11030	5	0.484728280477252	1	6	0.86804663073688	0.672497051555787	566	11
11031	0	0.405933247815932	0	6	0.86804663073688	0.672497051555787	566	11
11033	0	0.221859264033215	0	6	0.86804663073688	0.672497051555787	566	11
11034	2	-0.0569758315031105	0	6	0.86804663073688	0.672497051555787	566	11
11040	1	-0.00224544416172417	0	6	0.86804663073688	0.672497051555787	566	11
11041	3	-0.0710082220419634	0	6	0.86804663073688	0.672497051555787	566	11
11043	3	0.022590140105065	0	6	0.86804663073688	0.672497051555787	566	11
11044	5	0.71484057017004	1	6	0.86804663073688	0.672497051555787	566	11
11046	4	-0.0868799756678315	0	6	0.86804663073688	0.672497051555787	566	11
11047	2	0.0785798818722697	0	6	0.86804663073688	0.672497051555787	566	11
11051	2	-0.268649884662928	0	6	0.86804663073688	0.672497051555787	566	11
11052	5	0.583318963196245	1	6	0.86804663073688	0.672497051555787	566	11
11054	2	0.124322710220654	0	6	0.86804663073688	0.672497051555787	566	11
11056	1	0.324954277517181	0	6	0.86804663073688	0.672497051555787	566	11
11057	1	0.377175880017517	0	6	0.86804663073688	0.672497051555787	566	11
11059	3	-0.0653676417802621	0	6	0.86804663073688	0.672497051555787	566	11
11060	2	-0.1172967665875	0	6	0.86804663073688	0.672497051555787	566	11
11062	0	-0.0648489204312637	0	6	0.86804663073688	0.672497051555787	566	11
11064	1	0.484036889973825	0	6	0.86804663073688	0.672497051555787	566	11
11065	1	0.249045192122309	0	6	0.86804663073688	0.672497051555787	566	11
11066	5	0.711920484747019	1	6	0.86804663073688	0.672497051555787	566	11
11067	1	0.31920195826901	0	6	0.86804663073688	0.672497051555787	566	11
11068	2	-0.107159375300667	0	6	0.86804663073688	0.672497051555787	566	11
11069	3	0.397384584158724	0	6	0.86804663073688	0.672497051555787	566	11
11070	2	-0.0987002351190963	0	6	0.86804663073688	0.672497051555787	566	11
11072	3	0.0904503252151697	0	6	0.86804663073688	0.672497051555787	566	11
11073	1	0.395049196902487	0	6	0.86804663073688	0.672497051555787	566	11
11075	1	0.0961566847356456	0	6	0.86804663073688	0.672497051555787	566	11
11076	2	-0.104420119119189	0	6	0.86804663073688	0.672497051555787	566	11
11078	0	0.400854956440288	0	6	0.86804663073688	0.672497051555787	566	11
11079	0	0.094724107459166	0	6	0.86804663073688	0.672497051555787	566	11
11080	3	0.168936131909572	0	6	0.86804663073688	0.672497051555787	566	11
11082	3	-0.139291245772522	0	6	0.86804663073688	0.672497051555787	566	11
11083	3	0.45309182544206	0	6	0.86804663073688	0.672497051555787	566	11
11092	3	-0.137472269149978	0	6	0.86804663073688	0.672497051555787	566	11
11093	1	0.344569638652625	0	6	0.86804663073688	0.672497051555787	566	11
11094	1	0.24984842077107	0	6	0.86804663073688	0.672497051555787	566	11
11095	1	0.314840484729121	0	6	0.86804663073688	0.672497051555787	566	11
11096	1	0.473158655333685	0	6	0.86804663073688	0.672497051555787	566	11
11097	1	0.49533548729693	0	6	0.86804663073688	0.672497051555787	566	11
11098	1	0.52121081006769	0	6	0.86804663073688	0.672497051555787	566	11
11099	3	0.0189118833925354	0	6	0.86804663073688	0.672497051555787	566	11
11100	7	0.00691769625254701	0	6	0.86804663073688	0.672497051555787	566	11
11102	4	0.00855107107051885	0	6	0.86804663073688	0.672497051555787	566	11
11103	1	0.120007721849093	0	6	0.86804663073688	0.672497051555787	566	11
11104	0	0.313080657537548	0	6	0.86804663073688	0.672497051555787	566	11
11107	3	-0.0929099559327167	0	6	0.86804663073688	0.672497051555787	566	11
11108	3	-0.174911917746749	0	6	0.86804663073688	0.672497051555787	566	11
11116	4	-0.107485152174724	0	6	0.86804663073688	0.672497051555787	566	11
11117	1	0.397659665523648	0	6	0.86804663073688	0.672497051555787	566	11
11118	3	-0.0670047007022157	0	6	0.86804663073688	0.672497051555787	566	11
11119	3	0.103344611918687	0	6	0.86804663073688	0.672497051555787	566	11
11120	3	0.269218857810845	0	6	0.86804663073688	0.672497051555787	566	11
11122	0	-0.00476604668329036	0	6	0.86804663073688	0.672497051555787	566	11
11123	1	0.130845764912751	0	6	0.86804663073688	0.672497051555787	566	11
11124	0	0.171753450649809	0	6	0.86804663073688	0.672497051555787	566	11
11127	3	0.322108967024134	0	6	0.86804663073688	0.672497051555787	566	11
11129	0	0.0170433301813052	0	6	0.86804663073688	0.672497051555787	566	11
11130	1	0.322911861827131	0	6	0.86804663073688	0.672497051555787	566	11
11132	1	0.235564340466638	0	6	0.86804663073688	0.672497051555787	566	11
11133	0	0.0533462392658049	0	6	0.86804663073688	0.672497051555787	566	11
11135	5	0.490683802915158	1	6	0.86804663073688	0.672497051555787	566	11
11136	4	-0.263124603079025	0	6	0.86804663073688	0.672497051555787	566	11
11137	2	0.0967714024409742	0	6	0.86804663073688	0.672497051555787	566	11
11138	5	0.633916147319629	1	6	0.86804663073688	0.672497051555787	566	11
11142	0	0.303723207081625	0	6	0.86804663073688	0.672497051555787	566	11
11145	2	-0.295926476778529	0	6	0.86804663073688	0.672497051555787	566	11
11146	1	0.552892360835921	0	6	0.86804663073688	0.672497051555787	566	11
11147	2	0.00262331739819066	0	6	0.86804663073688	0.672497051555787	566	11
11148	4	-0.246253541936578	0	6	0.86804663073688	0.672497051555787	566	11
11151	1	0.361156891897749	0	6	0.86804663073688	0.672497051555787	566	11
11152	0	0.0831180632678469	0	6	0.86804663073688	0.672497051555787	566	11
11153	3	-0.058967031019273	0	6	0.86804663073688	0.672497051555787	566	11
11154	3	0.357662345824795	0	6	0.86804663073688	0.672497051555787	566	11
11155	0	0.185763027867544	0	6	0.86804663073688	0.672497051555787	566	11
11156	7	0.14716324631425	0	6	0.86804663073688	0.672497051555787	566	11
11157	0	0.0012972285700661	0	6	0.86804663073688	0.672497051555787	566	11
11160	2	-0.294369072604008	0	6	0.86804663073688	0.672497051555787	566	11
11161	2	-0.0691211044131372	0	6	0.86804663073688	0.672497051555787	566	11
11162	1	0.282536188671124	0	6	0.86804663073688	0.672497051555787	566	11
11168	3	0.323385088139272	0	6	0.86804663073688	0.672497051555787	566	11
11169	1	0.349189126616359	0	6	0.86804663073688	0.672497051555787	566	11
11171	3	0.0148747342653002	0	6	0.86804663073688	0.672497051555787	566	11
11174	1	0.401237913717378	0	6	0.86804663073688	0.672497051555787	566	11
11176	3	0.376068733209948	0	6	0.86804663073688	0.672497051555787	566	11
11177	1	0.462623365375054	0	6	0.86804663073688	0.672497051555787	566	11
11178	0	0.0255377340656671	0	6	0.86804663073688	0.672497051555787	566	11
11179	3	-0.0653680733537113	0	6	0.86804663073688	0.672497051555787	566	11
11180	2	-0.133791543892511	0	6	0.86804663073688	0.672497051555787	566	11
11181	4	-0.167679284735894	0	6	0.86804663073688	0.672497051555787	566	11
11182	1	0.300373044412396	0	6	0.86804663073688	0.672497051555787	566	11
11183	5	0.470157918216087	1	6	0.86804663073688	0.672497051555787	566	11
11184	1	0.489221418413985	0	6	0.86804663073688	0.672497051555787	566	11
11186	1	0.524717743179218	0	6	0.86804663073688	0.672497051555787	566	11
11187	0	0.0316124375478952	0	6	0.86804663073688	0.672497051555787	566	11
11188	3	0.282725067113608	0	6	0.86804663073688	0.672497051555787	566	11
11189	0	0.113157713291669	0	6	0.86804663073688	0.672497051555787	566	11
11190	1	0.337164355128614	0	6	0.86804663073688	0.672497051555787	566	11
11193	3	0.223823997815373	0	6	0.86804663073688	0.672497051555787	566	11
11194	0	0.220718722980322	0	6	0.86804663073688	0.672497051555787	566	11
11196	1	0.542031129756069	0	6	0.86804663073688	0.672497051555787	566	11
11198	2	-0.0297704181287392	0	6	0.86804663073688	0.672497051555787	566	11
11201	3	0.0562217487570856	0	6	0.86804663073688	0.672497051555787	566	11
11212	2	-0.148948994717734	0	6	0.86804663073688	0.672497051555787	566	11
11213	3	0.249347338004878	0	6	0.86804663073688	0.672497051555787	566	11
11214	1	0.279534984282612	0	6	0.86804663073688	0.672497051555787	566	11
11215	3	0.178840548994309	0	6	0.86804663073688	0.672497051555787	566	11
11216	0	0.493762611261659	0	6	0.86804663073688	0.672497051555787	566	11
11221	1	0.472230708959332	0	6	0.86804663073688	0.672497051555787	566	11
11222	6	0.0839435077395103	0	6	0.86804663073688	0.672497051555787	566	11
11226	1	0.361594931421576	0	6	0.86804663073688	0.672497051555787	566	11
11230	2	0.00664849384949464	0	6	0.86804663073688	0.672497051555787	566	11
11231	1	0.626103808798366	0	6	0.86804663073688	0.672497051555787	566	11
11232	1	0.414443743441944	0	6	0.86804663073688	0.672497051555787	566	11
11234	3	-0.027401074685032	0	6	0.86804663073688	0.672497051555787	566	11
11235	5	0.457810283341691	1	6	0.86804663073688	0.672497051555787	566	11
11236	2	0.103373026048335	0	6	0.86804663073688	0.672497051555787	566	11
11237	1	0.276966086831297	0	6	0.86804663073688	0.672497051555787	566	11
11238	5	0.420929434541415	1	6	0.86804663073688	0.672497051555787	566	11
11240	0	0.0609723940113513	0	6	0.86804663073688	0.672497051555787	566	11
11245	1	0.495243772469952	0	6	0.86804663073688	0.672497051555787	566	11
11248	1	0.449757788455937	0	6	0.86804663073688	0.672497051555787	566	11
11253	2	0.0561665230765431	0	6	0.86804663073688	0.672497051555787	566	11
11258	2	-0.0200634338921663	0	6	0.86804663073688	0.672497051555787	566	11
11259	1	0.581091734995235	0	6	0.86804663073688	0.672497051555787	566	11
11260	3	0.106680809325922	0	6	0.86804663073688	0.672497051555787	566	11
11261	2	-0.147196524721345	0	6	0.86804663073688	0.672497051555787	566	11
11262	1	0.311755305183471	0	6	0.86804663073688	0.672497051555787	566	11
11264	3	-0.251422603620994	0	6	0.86804663073688	0.672497051555787	566	11
11266	5	0.50933308319977	1	6	0.86804663073688	0.672497051555787	566	11
11267	2	0.341593112442518	0	6	0.86804663073688	0.672497051555787	566	11
11273	1	0.167333176694255	0	6	0.86804663073688	0.672497051555787	566	11
11275	3	0.250110727499945	0	6	0.86804663073688	0.672497051555787	566	11
11276	3	0.146155463497308	0	6	0.86804663073688	0.672497051555787	566	11
11278	1	0.426189560393429	0	6	0.86804663073688	0.672497051555787	566	11
11279	0	0.245680876589678	0	6	0.86804663073688	0.672497051555787	566	11
11280	0	0.0471649174699232	0	6	0.86804663073688	0.672497051555787	566	11
11282	2	0.024548437360057	0	6	0.86804663073688	0.672497051555787	566	11
11284	2	-0.0949421073201928	0	6	0.86804663073688	0.672497051555787	566	11
11285	1	0.341430426212316	0	6	0.86804663073688	0.672497051555787	566	11
11309	1	0.374369830558389	0	6	0.86804663073688	0.672497051555787	566	11
11311	3	0.326877929829937	0	6	0.86804663073688	0.672497051555787	566	11
11313	2	-0.0627906477233816	0	6	0.86804663073688	0.672497051555787	566	11
11314	1	0.094950923360902	0	6	0.86804663073688	0.672497051555787	566	11
11315	2	-0.0267833160072651	0	6	0.86804663073688	0.672497051555787	566	11
11316	2	-0.221595088859577	0	6	0.86804663073688	0.672497051555787	566	11
11318	1	0.347948239194414	0	6	0.86804663073688	0.672497051555787	566	11
11319	1	0.278577724187692	0	6	0.86804663073688	0.672497051555787	566	11
11320	4	-0.109183748954311	0	6	0.86804663073688	0.672497051555787	566	11
11321	2	0.173522896025918	0	6	0.86804663073688	0.672497051555787	566	11
11322	1	0.346912968585426	0	6	0.86804663073688	0.672497051555787	566	11
11325	3	0.113407435778305	0	6	0.86804663073688	0.672497051555787	566	11
11326	1	0.400513787914401	0	6	0.86804663073688	0.672497051555787	566	11
11329	0	0.142544477629153	0	6	0.86804663073688	0.672497051555787	566	11
11331	2	-0.211462221918844	0	6	0.86804663073688	0.672497051555787	566	11
11332	4	-0.329893181076654	0	6	0.86804663073688	0.672497051555787	566	11
11333	1	0.234764658885688	0	6	0.86804663073688	0.672497051555787	566	11
11334	2	-0.0398344476620097	0	6	0.86804663073688	0.672497051555787	566	11
11335	1	0.416158014744142	0	6	0.86804663073688	0.672497051555787	566	11
11336	4	-0.0407918155448384	0	6	0.86804663073688	0.672497051555787	566	11
11337	2	-0.244589690491271	0	6	0.86804663073688	0.672497051555787	566	11
11338	2	0.0843408933126726	0	6	0.86804663073688	0.672497051555787	566	11
11339	1	0.425228538297492	0	6	0.86804663073688	0.672497051555787	566	11
11340	1	0.401149464318324	0	6	0.86804663073688	0.672497051555787	566	11
11342	3	0.101131042033083	0	6	0.86804663073688	0.672497051555787	566	11
11343	6	0.0195398519342334	0	6	0.86804663073688	0.672497051555787	566	11
11345	2	-0.098265825773462	0	6	0.86804663073688	0.672497051555787	566	11
11346	3	-0.0656732599551394	0	6	0.86804663073688	0.672497051555787	566	11
22795	1	0.517015832427875	0	6	0.86804663073688	0.672497051555787	566	11
22796	0	0.208456379238733	0	6	0.86804663073688	0.672497051555787	566	11
22797	4	-0.23723156717555	0	6	0.86804663073688	0.672497051555787	566	11
22798	0	0.171549981058226	0	6	0.86804663073688	0.672497051555787	566	11
22800	0	0.198116081668645	0	6	0.86804663073688	0.672497051555787	566	11
22806	1	0.326109395982046	0	6	0.86804663073688	0.672497051555787	566	11
22807	3	0.134012467800453	0	6	0.86804663073688	0.672497051555787	566	11
22808	1	0.584476101943517	0	6	0.86804663073688	0.672497051555787	566	11
22818	2	-0.204203164297196	0	6	0.86804663073688	0.672497051555787	566	11
22820	2	-0.0213278715417773	0	6	0.86804663073688	0.672497051555787	566	11
22821	1	0.423485001101885	0	6	0.86804663073688	0.672497051555787	566	11
22822	1	0.18656785338602	0	6	0.86804663073688	0.672497051555787	566	11
22823	1	0.492132442716968	0	6	0.86804663073688	0.672497051555787	566	11
22824	4	-0.0673753116443982	0	6	0.86804663073688	0.672497051555787	566	11
22826	2	0.15334713257764	0	6	0.86804663073688	0.672497051555787	566	11
22827	2	-0.125377814656749	0	6	0.86804663073688	0.672497051555787	566	11
22829	1	0.242843923156672	0	6	0.86804663073688	0.672497051555787	566	11
22832	3	0.130033948393702	0	6	0.86804663073688	0.672497051555787	566	11
22834	3	0.283842695512069	0	6	0.86804663073688	0.672497051555787	566	11
22835	0	0.313665831984289	0	6	0.86804663073688	0.672497051555787	566	11
22836	2	-0.0151643943166179	0	6	0.86804663073688	0.672497051555787	566	11
22837	6	0.199581343611105	0	6	0.86804663073688	0.672497051555787	566	11
22838	2	-0.0295829231849392	0	6	0.86804663073688	0.672497051555787	566	11
22839	1	0.287068317257826	0	6	0.86804663073688	0.672497051555787	566	11
22841	3	0.181784452488237	0	6	0.86804663073688	0.672497051555787	566	11
22843	1	0.208644373987004	0	6	0.86804663073688	0.672497051555787	566	11
22844	2	-0.0170450410025014	0	6	0.86804663073688	0.672497051555787	566	11
22845	0	0.357611127645173	0	6	0.86804663073688	0.672497051555787	566	11
22846	1	0.697930834987814	0	6	0.86804663073688	0.672497051555787	566	11
22848	1	0.400331322454637	0	6	0.86804663073688	0.672497051555787	566	11
22849	5	0.543119422155358	1	6	0.86804663073688	0.672497051555787	566	11
22850	4	-0.0597793322872316	0	6	0.86804663073688	0.672497051555787	566	11
22852	2	0.435119072403975	0	6	0.86804663073688	0.672497051555787	566	11
22853	4	-0.0872456420969609	0	6	0.86804663073688	0.672497051555787	566	11
22856	0	0.375326674903283	0	6	0.86804663073688	0.672497051555787	566	11
22858	0	0.153672042037053	0	6	0.86804663073688	0.672497051555787	566	11
22859	4	0.34879028341172	0	6	0.86804663073688	0.672497051555787	566	11
22862	1	0.346070528624273	0	6	0.86804663073688	0.672497051555787	566	11
22863	0	0.0102084502816784	0	6	0.86804663073688	0.672497051555787	566	11
22864	2	-0.143872190296096	0	6	0.86804663073688	0.672497051555787	566	11
22866	1	0.304889456243605	0	6	0.86804663073688	0.672497051555787	566	11
22868	3	0.184333829416962	0	6	0.86804663073688	0.672497051555787	566	11
22869	2	-0.0118477114530774	0	6	0.86804663073688	0.672497051555787	566	11
22870	2	0.0486653109619429	0	6	0.86804663073688	0.672497051555787	566	11
22871	6	0.0660006935169807	0	6	0.86804663073688	0.672497051555787	566	11
22872	1	0.236982803855089	0	6	0.86804663073688	0.672497051555787	566	11
22873	1	0.284109265856418	0	6	0.86804663073688	0.672497051555787	566	11
22874	6	0.121676354279038	0	6	0.86804663073688	0.672497051555787	566	11
22875	3	-0.0175723605871402	0	6	0.86804663073688	0.672497051555787	566	11
22876	1	0.433904980223377	0	6	0.86804663073688	0.672497051555787	566	11
22877	1	0.313766185405768	0	6	0.86804663073688	0.672497051555787	566	11
22878	2	-0.198804994459792	0	6	0.86804663073688	0.672497051555787	566	11
22879	2	-0.233570925264902	0	6	0.86804663073688	0.672497051555787	566	11
22880	2	-0.11738842625051	0	6	0.86804663073688	0.672497051555787	566	11
22881	1	0.265179028821329	0	6	0.86804663073688	0.672497051555787	566	11
22882	7	0.103127475293478	0	6	0.86804663073688	0.672497051555787	566	11
22883	2	0.00490366283849009	0	6	0.86804663073688	0.672497051555787	566	11
22884	3	0.127764315656932	0	6	0.86804663073688	0.672497051555787	566	11
22885	2	-0.0635560976412845	0	6	0.86804663073688	0.672497051555787	566	11
22887	3	-0.00594056665811104	0	6	0.86804663073688	0.672497051555787	566	11
22889	5	0.516751021712208	1	6	0.86804663073688	0.672497051555787	566	11
22890	5	0.408493503760396	1	6	0.86804663073688	0.672497051555787	566	11
22891	1	0.37251981503237	0	6	0.86804663073688	0.672497051555787	566	11
22893	2	0.173739502769673	0	6	0.86804663073688	0.672497051555787	566	11
22894	1	0.410276939114246	0	6	0.86804663073688	0.672497051555787	566	11
22897	5	0.633003489786576	1	6	0.86804663073688	0.672497051555787	566	11
22898	5	0.545884210253283	1	6	0.86804663073688	0.672497051555787	566	11
22899	3	0.426643014126552	0	6	0.86804663073688	0.672497051555787	566	11
22900	5	0.718858694245481	1	6	0.86804663073688	0.672497051555787	566	11
22902	5	0.638192606656222	1	6	0.86804663073688	0.672497051555787	566	11
22903	3	0.0673444352083043	0	6	0.86804663073688	0.672497051555787	566	11
22904	1	0.132531419443009	0	6	0.86804663073688	0.672497051555787	566	11
22906	5	0.694028832760996	1	6	0.86804663073688	0.672497051555787	566	11
22907	2	-0.100646333668174	0	6	0.86804663073688	0.672497051555787	566	11
22908	3	0.183476361682354	0	6	0.86804663073688	0.672497051555787	566	11
22909	3	-0.0517575376354383	0	6	0.86804663073688	0.672497051555787	566	11
22911	3	0.195766187822919	0	6	0.86804663073688	0.672497051555787	566	11
22913	2	0.202731599123821	0	6	0.86804663073688	0.672497051555787	566	11
22915	1	0.266911044894495	0	6	0.86804663073688	0.672497051555787	566	11
22916	0	0.285863706000327	0	6	0.86804663073688	0.672497051555787	566	11
22918	1	0.62350546984118	0	6	0.86804663073688	0.672497051555787	566	11
22919	3	0.343122095131505	0	6	0.86804663073688	0.672497051555787	566	11
22920	3	-0.145938945841627	0	6	0.86804663073688	0.672497051555787	566	11
22921	4	-0.126838883781378	0	6	0.86804663073688	0.672497051555787	566	11
22924	3	0.118992984864492	0	6	0.86804663073688	0.672497051555787	566	11
22925	3	0.1923070606218	0	6	0.86804663073688	0.672497051555787	566	11
22926	3	0.0699913083378839	0	6	0.86804663073688	0.672497051555787	566	11
22927	2	0.072093036947055	0	6	0.86804663073688	0.672497051555787	566	11
22928	4	-0.232733621699291	0	6	0.86804663073688	0.672497051555787	566	11
22929	3	0.0736411896543581	0	6	0.86804663073688	0.672497051555787	566	11
22930	3	0.257869970459412	0	6	0.86804663073688	0.672497051555787	566	11
22933	3	0.267281396526183	0	6	0.86804663073688	0.672497051555787	566	11
22936	3	0.0893228667282158	0	6	0.86804663073688	0.672497051555787	566	11
22937	2	-0.0853278359914316	0	6	0.86804663073688	0.672497051555787	566	11
22938	2	0.263523073125869	0	6	0.86804663073688	0.672497051555787	566	11
22941	2	-0.0507886709594569	0	6	0.86804663073688	0.672497051555787	566	11
22944	5	0.578860480439073	1	6	0.86804663073688	0.672497051555787	566	11
22948	1	0.462053824565585	0	6	0.86804663073688	0.672497051555787	566	11
22954	2	0.0489254475374339	0	6	0.86804663073688	0.672497051555787	566	11
22955	2	-0.272861756967551	0	6	0.86804663073688	0.672497051555787	566	11
22974	1	0.39687160621581	0	6	0.86804663073688	0.672497051555787	566	11
22976	1	0.298820021398906	0	6	0.86804663073688	0.672497051555787	566	11
22977	4	-0.18934567741872	0	6	0.86804663073688	0.672497051555787	566	11
22978	3	0.242192987071755	0	6	0.86804663073688	0.672497051555787	566	11
22980	0	0.21769595773906	0	6	0.86804663073688	0.672497051555787	566	11
22981	4	-0.0451990179046679	0	6	0.86804663073688	0.672497051555787	566	11
22982	4	-0.166916026175803	0	6	0.86804663073688	0.672497051555787	566	11
22984	1	0.187194147993571	0	6	0.86804663073688	0.672497051555787	566	11
22985	5	0.468991758320945	1	6	0.86804663073688	0.672497051555787	566	11
22986	0	0.17014678036087	0	6	0.86804663073688	0.672497051555787	566	11
22989	0	0.127775705935369	0	6	0.86804663073688	0.672497051555787	566	11
22990	3	0.154767481257899	0	6	0.86804663073688	0.672497051555787	566	11
22992	1	0.457870313153256	0	6	0.86804663073688	0.672497051555787	566	11
22993	3	0.196185469904839	0	6	0.86804663073688	0.672497051555787	566	11
22994	2	0.211489992012927	0	6	0.86804663073688	0.672497051555787	566	11
22996	1	0.363908381073228	0	6	0.86804663073688	0.672497051555787	566	11
22998	3	0.397204200492676	0	6	0.86804663073688	0.672497051555787	566	11
22999	1	0.166367697710074	0	6	0.86804663073688	0.672497051555787	566	11
23001	4	0.157834937608723	0	6	0.86804663073688	0.672497051555787	566	11
23002	1	0.407317127823367	0	6	0.86804663073688	0.672497051555787	566	11
23005	5	0.693969436200332	1	6	0.86804663073688	0.672497051555787	566	11
23007	6	0.231557796211475	0	6	0.86804663073688	0.672497051555787	566	11
23008	3	0.0198195024163131	0	6	0.86804663073688	0.672497051555787	566	11
23011	2	-0.196896875868417	0	6	0.86804663073688	0.672497051555787	566	11
23012	1	0.473505375815023	0	6	0.86804663073688	0.672497051555787	566	11
23013	1	0.60269576318348	0	6	0.86804663073688	0.672497051555787	566	11
23014	3	-0.205203419173225	0	6	0.86804663073688	0.672497051555787	566	11
23015	5	0.815213901019174	1	6	0.86804663073688	0.672497051555787	566	11
23016	2	0.0436009992594422	0	6	0.86804663073688	0.672497051555787	566	11
23017	1	0.371237319599244	0	6	0.86804663073688	0.672497051555787	566	11
23019	1	0.386824793971755	0	6	0.86804663073688	0.672497051555787	566	11
23022	3	0.10489369192718	0	6	0.86804663073688	0.672497051555787	566	11
23023	0	0.254555395180077	0	6	0.86804663073688	0.672497051555787	566	11
23024	6	0.0444597614732169	0	6	0.86804663073688	0.672497051555787	566	11
23025	1	0.203955716186567	0	6	0.86804663073688	0.672497051555787	566	11
23026	0	0.10861197012266	0	6	0.86804663073688	0.672497051555787	566	11
23028	7	0.294910089014411	0	6	0.86804663073688	0.672497051555787	566	11
23029	0	0.106694624591614	0	6	0.86804663073688	0.672497051555787	566	11
23030	2	-0.159097747211739	0	6	0.86804663073688	0.672497051555787	566	11
23031	4	-0.152352395583306	0	6	0.86804663073688	0.672497051555787	566	11
23032	5	0.512457619919032	1	6	0.86804663073688	0.672497051555787	566	11
23033	5	0.611401260315373	1	6	0.86804663073688	0.672497051555787	566	11
23034	4	0.38944540048137	0	6	0.86804663073688	0.672497051555787	566	11
23035	0	0.177960173368756	0	6	0.86804663073688	0.672497051555787	566	11
23036	5	0.680396151846619	1	6	0.86804663073688	0.672497051555787	566	11
23037	4	0.214881205817268	0	6	0.86804663073688	0.672497051555787	566	11
23038	3	-0.16589180762012	0	6	0.86804663073688	0.672497051555787	566	11
23039	2	-0.0503765168932973	0	6	0.86804663073688	0.672497051555787	566	11
23041	5	0.647214029868998	1	6	0.86804663073688	0.672497051555787	566	11
23043	1	0.258194758187373	0	6	0.86804663073688	0.672497051555787	566	11
23046	1	0.0534400648672518	0	6	0.86804663073688	0.672497051555787	566	11
23047	4	0.505821149243253	0	6	0.86804663073688	0.672497051555787	566	11
23048	5	0.513395733069931	1	6	0.86804663073688	0.672497051555787	566	11
23051	4	0.173084355029231	0	6	0.86804663073688	0.672497051555787	566	11
23052	2	0.0224161070117297	0	6	0.86804663073688	0.672497051555787	566	11
23053	2	0.0583241584227294	0	6	0.86804663073688	0.672497051555787	566	11
23054	3	0.317062975898919	0	6	0.86804663073688	0.672497051555787	566	11
23057	1	0.248784581956229	0	6	0.86804663073688	0.672497051555787	566	11
23059	2	-0.109842296911552	0	6	0.86804663073688	0.672497051555787	566	11
23060	3	0.120674013172279	0	6	0.86804663073688	0.672497051555787	566	11
23061	3	-0.0995461514916455	0	6	0.86804663073688	0.672497051555787	566	11
23062	4	-0.399387629046414	0	6	0.86804663073688	0.672497051555787	566	11
23063	3	0.223533706010844	0	6	0.86804663073688	0.672497051555787	566	11
23064	3	0.527579070135201	0	6	0.86804663073688	0.672497051555787	566	11
23065	3	0.113601736180108	0	6	0.86804663073688	0.672497051555787	566	11
23066	3	-0.0271068924179632	0	6	0.86804663073688	0.672497051555787	566	11
23067	0	0.145415521142289	0	6	0.86804663073688	0.672497051555787	566	11
23070	3	0.106476688486464	0	6	0.86804663073688	0.672497051555787	566	11
23071	3	0.043256812623109	0	6	0.86804663073688	0.672497051555787	566	11
23072	4	-0.150688973201263	0	6	0.86804663073688	0.672497051555787	566	11
23074	4	-0.361523009283202	0	6	0.86804663073688	0.672497051555787	566	11
23075	3	0.0979603546815849	0	6	0.86804663073688	0.672497051555787	566	11
23076	1	0.276818882810373	0	6	0.86804663073688	0.672497051555787	566	11
23077	5	0.677325546404982	1	6	0.86804663073688	0.672497051555787	566	11
23078	4	-0.118526686960436	0	6	0.86804663073688	0.672497051555787	566	11
23080	1	0.191563561261213	0	6	0.86804663073688	0.672497051555787	566	11
23081	5	0.610415912274868	1	6	0.86804663073688	0.672497051555787	566	11
23082	1	0.252431664837222	0	6	0.86804663073688	0.672497051555787	566	11
23085	3	0.218948418912252	0	6	0.86804663073688	0.672497051555787	566	11
23086	3	0.0113784014649937	0	6	0.86804663073688	0.672497051555787	566	11
23089	1	-0.124571293575709	0	6	0.86804663073688	0.672497051555787	566	11
23090	3	0.201794814833436	0	6	0.86804663073688	0.672497051555787	566	11
23091	3	0.244987344676494	0	6	0.86804663073688	0.672497051555787	566	11
23092	1	0.693401541501229	0	6	0.86804663073688	0.672497051555787	566	11
23093	1	0.550615814551162	0	6	0.86804663073688	0.672497051555787	566	11
23094	2	-0.18335818963787	0	6	0.86804663073688	0.672497051555787	566	11
23095	3	0.0848698824429055	0	6	0.86804663073688	0.672497051555787	566	11
23096	3	-0.172297702217933	0	6	0.86804663073688	0.672497051555787	566	11
23097	2	0.0102420989533927	0	6	0.86804663073688	0.672497051555787	566	11
23098	0	-0.133485817776183	0	6	0.86804663073688	0.672497051555787	566	11
23099	3	0.188790317553318	0	6	0.86804663073688	0.672497051555787	566	11
23101	2	0.349653782838768	0	6	0.86804663073688	0.672497051555787	566	11
23102	1	0.678529158952034	0	6	0.86804663073688	0.672497051555787	566	11
23105	9	0.0797249505853279	0	6	0.86804663073688	0.672497051555787	566	11
23107	2	0.0756070972068064	0	6	0.86804663073688	0.672497051555787	566	11
23108	1	0.40498670143419	0	6	0.86804663073688	0.672497051555787	566	11
23109	3	-0.0191714884122217	0	6	0.86804663073688	0.672497051555787	566	11
23111	2	-0.0211727752412225	0	6	0.86804663073688	0.672497051555787	566	11
23112	5	0.676116778044411	1	6	0.86804663073688	0.672497051555787	566	11
23113	0	0.398066024993363	0	6	0.86804663073688	0.672497051555787	566	11
23114	3	0.104410165696935	0	6	0.86804663073688	0.672497051555787	566	11
23116	3	0.0451287918296594	0	6	0.86804663073688	0.672497051555787	566	11
23118	3	0.147035549533109	0	6	0.86804663073688	0.672497051555787	566	11
23119	1	0.45360178231272	0	6	0.86804663073688	0.672497051555787	566	11
23122	3	0.289639893359072	0	6	0.86804663073688	0.672497051555787	566	11
23125	3	0.109853518025209	0	6	0.86804663073688	0.672497051555787	566	11
23126	5	0.420828018988662	1	6	0.86804663073688	0.672497051555787	566	11
23127	3	0.112271757495194	0	6	0.86804663073688	0.672497051555787	566	11
23129	5	0.690965552479521	1	6	0.86804663073688	0.672497051555787	566	11
23130	2	0.0288858458756954	0	6	0.86804663073688	0.672497051555787	566	11
23131	0	0.25403390339059	0	6	0.86804663073688	0.672497051555787	566	11
23132	3	-0.0530813848328853	0	6	0.86804663073688	0.672497051555787	566	11
23133	5	0.467752085641144	1	6	0.86804663073688	0.672497051555787	566	11
23135	2	0.120146819671534	0	6	0.86804663073688	0.672497051555787	566	11
23136	4	-0.199359466095071	0	6	0.86804663073688	0.672497051555787	566	11
23137	2	0.426234397988209	0	6	0.86804663073688	0.672497051555787	566	11
23138	1	0.221437931078195	0	6	0.86804663073688	0.672497051555787	566	11
23139	1	0.395669805588809	0	6	0.86804663073688	0.672497051555787	566	11
23140	5	0.771835348962189	1	6	0.86804663073688	0.672497051555787	566	11
23141	1	0.534836904861447	0	6	0.86804663073688	0.672497051555787	566	11
23142	3	0.264908943749379	0	6	0.86804663073688	0.672497051555787	566	11
23143	5	0.762474938948191	1	6	0.86804663073688	0.672497051555787	566	11
23144	2	-0.183775560310962	0	6	0.86804663073688	0.672497051555787	566	11
23148	2	0.0079356996267618	0	6	0.86804663073688	0.672497051555787	566	11
23149	1	0.16284161417475	0	6	0.86804663073688	0.672497051555787	566	11
23150	1	0.543481915081635	0	6	0.86804663073688	0.672497051555787	566	11
23151	0	-0.0671761205332917	0	6	0.86804663073688	0.672497051555787	566	11
23152	1	0.373310521535535	0	6	0.86804663073688	0.672497051555787	566	11
23154	3	0.125360081921455	0	6	0.86804663073688	0.672497051555787	566	11
23155	3	0.350048162966868	0	6	0.86804663073688	0.672497051555787	566	11
23157	1	0.249709098023178	0	6	0.86804663073688	0.672497051555787	566	11
23158	1	0.398141069169094	0	6	0.86804663073688	0.672497051555787	566	11
23160	1	0.181455006868547	0	6	0.86804663073688	0.672497051555787	566	11
23161	3	0.18702897082223	0	6	0.86804663073688	0.672497051555787	566	11
23162	5	0.558957769228051	1	6	0.86804663073688	0.672497051555787	566	11
23163	0	-0.144070711814952	0	6	0.86804663073688	0.672497051555787	566	11
23164	3	0.231161683746317	0	6	0.86804663073688	0.672497051555787	566	11
23165	1	0.449549826156585	0	6	0.86804663073688	0.672497051555787	566	11
23166	1	0.512164577284158	0	6	0.86804663073688	0.672497051555787	566	11
23167	3	0.112583691795026	0	6	0.86804663073688	0.672497051555787	566	11
23168	2	0.0199615445218859	0	6	0.86804663073688	0.672497051555787	566	11
23169	4	0.0331322221603658	0	6	0.86804663073688	0.672497051555787	566	11
23170	0	0.143994870231894	0	6	0.86804663073688	0.672497051555787	566	11
23171	3	-0.0386162825482293	0	6	0.86804663073688	0.672497051555787	566	11
23172	0	0.226039792150909	0	6	0.86804663073688	0.672497051555787	566	11
23173	3	-0.0355430219271585	0	6	0.86804663073688	0.672497051555787	566	11
23174	3	0.0930600473221069	0	6	0.86804663073688	0.672497051555787	566	11
23175	3	0.176794047018472	0	6	0.86804663073688	0.672497051555787	566	11
23176	1	0.444169266775162	0	6	0.86804663073688	0.672497051555787	566	11
23177	5	0.57519258288305	1	6	0.86804663073688	0.672497051555787	566	11
23178	1	0.324278207985282	0	6	0.86804663073688	0.672497051555787	566	11
23179	3	0.100878857332461	0	6	0.86804663073688	0.672497051555787	566	11
23180	1	0.50898000385295	0	6	0.86804663073688	0.672497051555787	566	11
23185	0	0.0320082129565594	0	6	0.86804663073688	0.672497051555787	566	11
23186	1	0.215725290190045	0	6	0.86804663073688	0.672497051555787	566	11
23187	5	0.586307320193789	1	6	0.86804663073688	0.672497051555787	566	11
23189	3	0.0575588915360228	0	6	0.86804663073688	0.672497051555787	566	11
23190	2	0.248425519693409	0	6	0.86804663073688	0.672497051555787	566	11
23191	5	0.529536309838005	1	6	0.86804663073688	0.672497051555787	566	11
23192	0	0.218769232577764	0	6	0.86804663073688	0.672497051555787	566	11
23193	2	-0.142522910990935	0	6	0.86804663073688	0.672497051555787	566	11
23194	3	0.152754940321896	0	6	0.86804663073688	0.672497051555787	566	11
23195	5	0.630838363655323	1	6	0.86804663073688	0.672497051555787	566	11
23196	2	0.0776266048005451	0	6	0.86804663073688	0.672497051555787	566	11
23197	0	0.403499384800216	0	6	0.86804663073688	0.672497051555787	566	11
23198	1	0.636071210529861	0	6	0.86804663073688	0.672497051555787	566	11
23199	5	0.522308727393114	1	6	0.86804663073688	0.672497051555787	566	11
23200	0	0.267538392083541	0	6	0.86804663073688	0.672497051555787	566	11
23201	2	0.00197497192705484	0	6	0.86804663073688	0.672497051555787	566	11
23203	2	-0.0594697193672038	0	6	0.86804663073688	0.672497051555787	566	11
23204	2	0.124910184226009	0	6	0.86804663073688	0.672497051555787	566	11
23205	2	0.194303629092774	0	6	0.86804663073688	0.672497051555787	566	11
23207	3	0.154767622838888	0	6	0.86804663073688	0.672497051555787	566	11
23208	1	0.57890888323725	0	6	0.86804663073688	0.672497051555787	566	11
23210	0	0.297952503942763	0	6	0.86804663073688	0.672497051555787	566	11
23211	5	0.509600695609997	1	6	0.86804663073688	0.672497051555787	566	11
23212	1	0.281614487475972	0	6	0.86804663073688	0.672497051555787	566	11
23213	3	0.194752878889859	0	6	0.86804663073688	0.672497051555787	566	11
23214	8	-0.0750418908176051	0	6	0.86804663073688	0.672497051555787	566	11
23215	0	0.319306477960128	0	6	0.86804663073688	0.672497051555787	566	11
23216	3	0.22318808675858	0	6	0.86804663073688	0.672497051555787	566	11
23218	1	0.32569614665481	0	6	0.86804663073688	0.672497051555787	566	11
23219	2	-0.0863057255146358	0	6	0.86804663073688	0.672497051555787	566	11
23220	2	0.0298376071004413	0	6	0.86804663073688	0.672497051555787	566	11
23221	3	0.0757611382068821	0	6	0.86804663073688	0.672497051555787	566	11
23223	1	0.315144422382494	0	6	0.86804663073688	0.672497051555787	566	11
23224	3	0.420356813326019	0	6	0.86804663073688	0.672497051555787	566	11
23225	1	0.0786158890737333	0	6	0.86804663073688	0.672497051555787	566	11
23229	4	-0.00934574275464936	0	6	0.86804663073688	0.672497051555787	566	11
23230	4	0.316405784978264	0	6	0.86804663073688	0.672497051555787	566	11
23231	1	0.283072412607624	0	6	0.86804663073688	0.672497051555787	566	11
23232	1	0.402006761052616	0	6	0.86804663073688	0.672497051555787	566	11
23236	1	0.434445084864955	0	6	0.86804663073688	0.672497051555787	566	11
23237	0	0.0321281820623108	0	6	0.86804663073688	0.672497051555787	566	11
23239	3	0.143915630597244	0	6	0.86804663073688	0.672497051555787	566	11
23240	1	0.551343973648646	0	6	0.86804663073688	0.672497051555787	566	11
23241	2	0.189783776901494	0	6	0.86804663073688	0.672497051555787	566	11
23242	2	-0.130241685030858	0	6	0.86804663073688	0.672497051555787	566	11
23243	0	0.300200352969262	0	6	0.86804663073688	0.672497051555787	566	11
23244	1	0.46967672719383	0	6	0.86804663073688	0.672497051555787	566	11
23245	2	-0.075767562450468	0	6	0.86804663073688	0.672497051555787	566	11
23247	3	0.0130547113012888	0	6	0.86804663073688	0.672497051555787	566	11
23248	2	-0.118749517644001	0	6	0.86804663073688	0.672497051555787	566	11
23250	1	0.358779901363197	0	6	0.86804663073688	0.672497051555787	566	11
23251	3	-0.0138823083932629	0	6	0.86804663073688	0.672497051555787	566	11
23252	2	0.0703106981543901	0	6	0.86804663073688	0.672497051555787	566	11
23253	3	0.255656252044566	0	6	0.86804663073688	0.672497051555787	566	11
23254	0	-0.0493207608216757	0	6	0.86804663073688	0.672497051555787	566	11
23255	1	0.207477996534316	0	6	0.86804663073688	0.672497051555787	566	11
23256	3	0.067810686916668	0	6	0.86804663073688	0.672497051555787	566	11
23258	3	0.333221202841068	0	6	0.86804663073688	0.672497051555787	566	11
23259	3	0.235632672806788	0	6	0.86804663073688	0.672497051555787	566	11
23261	3	0.245274218645361	0	6	0.86804663073688	0.672497051555787	566	11
23262	5	0.48240516136499	1	6	0.86804663073688	0.672497051555787	566	11
23263	0	0.150577112338946	0	6	0.86804663073688	0.672497051555787	566	11
23264	3	-0.0995905463092482	0	6	0.86804663073688	0.672497051555787	566	11
23265	2	-0.0181220772638029	0	6	0.86804663073688	0.672497051555787	566	11
23266	5	0.665441806347348	1	6	0.86804663073688	0.672497051555787	566	11
23268	1	0.341479162575038	0	6	0.86804663073688	0.672497051555787	566	11
23269	0	0.343720839418116	0	6	0.86804663073688	0.672497051555787	566	11
23270	2	-0.0576588812633607	0	6	0.86804663073688	0.672497051555787	566	11
23271	3	0.336230424885384	0	6	0.86804663073688	0.672497051555787	566	11
23272	3	0.407368687868352	0	6	0.86804663073688	0.672497051555787	566	11
23274	3	0.403099076006049	0	6	0.86804663073688	0.672497051555787	566	11
23275	3	0.208373225065881	0	6	0.86804663073688	0.672497051555787	566	11
23276	0	0.353528772859131	0	6	0.86804663073688	0.672497051555787	566	11
23277	4	-0.435330901173253	0	6	0.86804663073688	0.672497051555787	566	11
23279	1	0.492164507482787	0	6	0.86804663073688	0.672497051555787	566	11
23283	0	0.306467796305311	0	6	0.86804663073688	0.672497051555787	566	11
23284	1	0.194468519710222	0	6	0.86804663073688	0.672497051555787	566	11
23286	6	-0.0268367027542784	0	6	0.86804663073688	0.672497051555787	566	11
23287	2	0.102629554193004	0	6	0.86804663073688	0.672497051555787	566	11
23288	3	0.229050668128298	0	6	0.86804663073688	0.672497051555787	566	11
23291	3	0.144970377401881	0	6	0.86804663073688	0.672497051555787	566	11
23293	0	0.282371185956651	0	6	0.86804663073688	0.672497051555787	566	11
23294	3	-0.0309425589989612	0	6	0.86804663073688	0.672497051555787	566	11
23295	2	-0.117640144892509	0	6	0.86804663073688	0.672497051555787	566	11
23299	0	0.201680549900174	0	6	0.86804663073688	0.672497051555787	566	11
23300	0	-0.0441901282077452	0	6	0.86804663073688	0.672497051555787	566	11
23301	2	-0.190906626752583	0	6	0.86804663073688	0.672497051555787	566	11
23303	4	0.107339836469313	0	6	0.86804663073688	0.672497051555787	566	11
23304	3	0.20306487872304	0	6	0.86804663073688	0.672497051555787	566	11
23305	0	0.08533459689863	0	6	0.86804663073688	0.672497051555787	566	11
23306	1	0.361345938529547	0	6	0.86804663073688	0.672497051555787	566	11
23307	0	0.170746719190416	0	6	0.86804663073688	0.672497051555787	566	11
23309	1	0.400409718986371	0	6	0.86804663073688	0.672497051555787	566	11
23310	3	0.358143468699859	0	6	0.86804663073688	0.672497051555787	566	11
23312	0	0.283999701836293	0	6	0.86804663073688	0.672497051555787	566	11
23313	1	0.301175632701295	0	6	0.86804663073688	0.672497051555787	566	11
23314	6	-0.0152214597411758	0	6	0.86804663073688	0.672497051555787	566	11
23315	2	-0.0632067343601476	0	6	0.86804663073688	0.672497051555787	566	11
23316	0	0.0670023267136545	0	6	0.86804663073688	0.672497051555787	566	11
23317	0	0.197752257531898	0	6	0.86804663073688	0.672497051555787	566	11
23318	0	0.229839905193837	0	6	0.86804663073688	0.672497051555787	566	11
23321	6	0.349377422639957	0	6	0.86804663073688	0.672497051555787	566	11
23322	1	0.353600305287203	0	6	0.86804663073688	0.672497051555787	566	11
23324	2	-0.200340092820237	0	6	0.86804663073688	0.672497051555787	566	11
23325	0	0.234009441811022	0	6	0.86804663073688	0.672497051555787	566	11
23326	0	0.1040064859697	0	6	0.86804663073688	0.672497051555787	566	11
23327	4	-0.341456061131451	0	6	0.86804663073688	0.672497051555787	566	11
23328	3	0.0451309848653556	0	6	0.86804663073688	0.672497051555787	566	11
23329	0	0.195309983380288	0	6	0.86804663073688	0.672497051555787	566	11
23331	0	0.296552826512431	0	6	0.86804663073688	0.672497051555787	566	11
23332	5	0.616502876854771	1	6	0.86804663073688	0.672497051555787	566	11
23334	5	0.565991545973898	1	6	0.86804663073688	0.672497051555787	566	11
23335	3	0.448371455626428	0	6	0.86804663073688	0.672497051555787	566	11
23336	5	0.491963699365997	1	6	0.86804663073688	0.672497051555787	566	11
23338	3	0.0949129317754292	0	6	0.86804663073688	0.672497051555787	566	11
23339	2	-0.0479484252896185	0	6	0.86804663073688	0.672497051555787	566	11
23341	4	-0.157276109024238	0	6	0.86804663073688	0.672497051555787	566	11
23344	3	0.273106434667873	0	6	0.86804663073688	0.672497051555787	566	11
23345	3	0.400697970300269	0	6	0.86804663073688	0.672497051555787	566	11
23347	1	0.339270022894709	0	6	0.86804663073688	0.672497051555787	566	11
23348	5	0.685757901764848	1	6	0.86804663073688	0.672497051555787	566	11
23349	0	0.203156281834812	0	6	0.86804663073688	0.672497051555787	566	11
23350	0	0.362439693998304	0	6	0.86804663073688	0.672497051555787	566	11
23351	0	0.20445734591219	0	6	0.86804663073688	0.672497051555787	566	11
23352	1	0.471592019808045	0	6	0.86804663073688	0.672497051555787	566	11
23353	5	0.511713418437116	1	6	0.86804663073688	0.672497051555787	566	11
23354	1	0.472267630545493	0	6	0.86804663073688	0.672497051555787	566	11
23357	0	0.302123730583592	0	6	0.86804663073688	0.672497051555787	566	11
23358	5	0.469291619460019	1	6	0.86804663073688	0.672497051555787	566	11
23359	1	0.135482961608222	0	6	0.86804663073688	0.672497051555787	566	11
23360	5	0.718010169135867	1	6	0.86804663073688	0.672497051555787	566	11
23361	2	-0.0576527836350155	0	6	0.86804663073688	0.672497051555787	566	11
23362	1	0.466238264844188	0	6	0.86804663073688	0.672497051555787	566	11
23363	2	-0.257850276866862	0	6	0.86804663073688	0.672497051555787	566	11
23365	3	0.0815775335696539	0	6	0.86804663073688	0.672497051555787	566	11
23366	2	-0.192307902603532	0	6	0.86804663073688	0.672497051555787	566	11
23367	2	-0.0725923350593021	0	6	0.86804663073688	0.672497051555787	566	11
23368	5	0.576265697555544	1	6	0.86804663073688	0.672497051555787	566	11
23369	3	0.283470748157136	0	6	0.86804663073688	0.672497051555787	566	11
23370	3	-0.17531278912131	0	6	0.86804663073688	0.672497051555787	566	11
23371	3	-0.00602338692262669	0	6	0.86804663073688	0.672497051555787	566	11
23373	2	-0.245753059246562	0	6	0.86804663073688	0.672497051555787	566	11
23376	3	-0.0255622609011017	0	6	0.86804663073688	0.672497051555787	566	11
23378	2	0.113090620922074	0	6	0.86804663073688	0.672497051555787	566	11
23379	0	-0.037200522674661	0	6	0.86804663073688	0.672497051555787	566	11
23381	2	-0.153511640196306	0	6	0.86804663073688	0.672497051555787	566	11
23382	4	-0.00693260640583552	0	6	0.86804663073688	0.672497051555787	566	11
23383	0	0.0362217625170246	0	6	0.86804663073688	0.672497051555787	566	11
23384	0	0.250893027363294	0	6	0.86804663073688	0.672497051555787	566	11
23385	2	-0.316329556769269	0	6	0.86804663073688	0.672497051555787	566	11
23386	0	0.369914836266726	0	6	0.86804663073688	0.672497051555787	566	11
23387	3	-0.0582777189837706	0	6	0.86804663073688	0.672497051555787	566	11
23389	3	0.346840272394399	0	6	0.86804663073688	0.672497051555787	566	11
23390	0	0.286749046505189	0	6	0.86804663073688	0.672497051555787	566	11
23392	3	-0.0627354250198007	0	6	0.86804663073688	0.672497051555787	566	11
23394	1	0.493271858538609	0	6	0.86804663073688	0.672497051555787	566	11
23395	4	0.139837410999278	0	6	0.86804663073688	0.672497051555787	566	11
23396	2	0.233283330806621	0	6	0.86804663073688	0.672497051555787	566	11
23397	1	0.189092908495507	0	6	0.86804663073688	0.672497051555787	566	11
23398	5	0.592947215571094	1	6	0.86804663073688	0.672497051555787	566	11
23399	2	-0.0672296689744053	0	6	0.86804663073688	0.672497051555787	566	11
23400	3	0.130013711158713	0	6	0.86804663073688	0.672497051555787	566	11
23401	8	0.0537451998183024	0	6	0.86804663073688	0.672497051555787	566	11
23403	2	0.108359256482082	0	6	0.86804663073688	0.672497051555787	566	11
23404	0	0.145975644447742	0	6	0.86804663073688	0.672497051555787	566	11
23405	5	0.738955560783837	1	6	0.86804663073688	0.672497051555787	566	11
23406	4	-0.390546070732331	0	6	0.86804663073688	0.672497051555787	566	11
23408	2	0.188157449394341	0	6	0.86804663073688	0.672497051555787	566	11
23409	2	0.136727968744962	0	6	0.86804663073688	0.672497051555787	566	11
23410	2	0.0978801021119396	0	6	0.86804663073688	0.672497051555787	566	11
23411	0	0.429186822373937	0	6	0.86804663073688	0.672497051555787	566	11
23412	2	-4.5557356435696e-05	0	6	0.86804663073688	0.672497051555787	566	11
23413	2	-0.202587846487298	0	6	0.86804663073688	0.672497051555787	566	11
23414	1	0.437608623560063	0	6	0.86804663073688	0.672497051555787	566	11
23417	4	-0.0846445504653074	0	6	0.86804663073688	0.672497051555787	566	11
23421	2	0.131254470132365	0	6	0.86804663073688	0.672497051555787	566	11
23423	3	-0.0637665922297802	0	6	0.86804663073688	0.672497051555787	566	11
23424	1	-0.232401136073786	0	6	0.86804663073688	0.672497051555787	566	11
23426	1	0.0949732522966714	0	6	0.86804663073688	0.672497051555787	566	11
23428	4	-0.383368355392816	0	6	0.86804663073688	0.672497051555787	566	11
23429	3	0.132168428702649	0	6	0.86804663073688	0.672497051555787	566	11
23430	1	0.433777564743241	0	6	0.86804663073688	0.672497051555787	566	11
23431	5	0.544645079639976	1	6	0.86804663073688	0.672497051555787	566	11
23432	2	0.428495878633414	0	6	0.86804663073688	0.672497051555787	566	11
23433	3	0.194319110173225	0	6	0.86804663073688	0.672497051555787	566	11
23435	5	0.594977233791086	1	6	0.86804663073688	0.672497051555787	566	11
23438	2	0.196757251735791	0	6	0.86804663073688	0.672497051555787	566	11
23439	0	0.0791434854290487	0	6	0.86804663073688	0.672497051555787	566	11
23443	4	0.211465544152961	0	6	0.86804663073688	0.672497051555787	566	11
23446	1	-0.012029768527351	0	6	0.86804663073688	0.672497051555787	566	11
23450	0	0.273088071694848	0	6	0.86804663073688	0.672497051555787	566	11
23451	5	0.661237255698554	1	6	0.86804663073688	0.672497051555787	566	11
23452	1	0.542630341188437	0	6	0.86804663073688	0.672497051555787	566	11
23457	1	0.258923357676394	0	6	0.86804663073688	0.672497051555787	566	11
23460	1	0.363740278429314	0	6	0.86804663073688	0.672497051555787	566	11
23461	3	0.0859146874492833	0	6	0.86804663073688	0.672497051555787	566	11
23462	3	0.399401860451339	0	6	0.86804663073688	0.672497051555787	566	11
23463	3	0.0273671143010237	0	6	0.86804663073688	0.672497051555787	566	11
23464	4	-0.0760747855133774	0	6	0.86804663073688	0.672497051555787	566	11
23466	2	0.0233863759318191	0	6	0.86804663073688	0.672497051555787	566	11
23467	0	0.310149475354438	0	6	0.86804663073688	0.672497051555787	566	11
23469	3	0.224308408613592	0	6	0.86804663073688	0.672497051555787	566	11
23471	7	-0.0392674432601669	0	6	0.86804663073688	0.672497051555787	566	11
23473	3	0.413669863419058	0	6	0.86804663073688	0.672497051555787	566	11
23474	3	-0.145815092409668	0	6	0.86804663073688	0.672497051555787	566	11
23475	4	-0.351957091044479	0	6	0.86804663073688	0.672497051555787	566	11
23476	2	-0.0357844458410474	0	6	0.86804663073688	0.672497051555787	566	11
23478	7	0.140206680123879	0	6	0.86804663073688	0.672497051555787	566	11
23479	2	-0.125159434151312	0	6	0.86804663073688	0.672497051555787	566	11
23480	7	0.380821732499859	0	6	0.86804663073688	0.672497051555787	566	11
23481	1	0.25707838954657	0	6	0.86804663073688	0.672497051555787	566	11
23483	2	-0.0874053435244157	0	6	0.86804663073688	0.672497051555787	566	11
23484	1	0.16792952488635	0	6	0.86804663073688	0.672497051555787	566	11
23492	3	0.227321291404411	0	6	0.86804663073688	0.672497051555787	566	11
23493	1	0.31476884222611	0	6	0.86804663073688	0.672497051555787	566	11
23495	1	0.609423976385229	0	6	0.86804663073688	0.672497051555787	566	11
23498	4	-0.328535886571737	0	6	0.86804663073688	0.672497051555787	566	11
23499	5	0.771802408583864	1	6	0.86804663073688	0.672497051555787	566	11
23500	3	0.461833816988504	0	6	0.86804663073688	0.672497051555787	566	11
23503	1	0.423288377971151	0	6	0.86804663073688	0.672497051555787	566	11
23504	6	0.166696479197017	0	6	0.86804663073688	0.672497051555787	566	11
23505	3	0.28867916557987	0	6	0.86804663073688	0.672497051555787	566	11
23506	2	0.10644279837136	0	6	0.86804663073688	0.672497051555787	566	11
23507	5	0.658630148488903	1	6	0.86804663073688	0.672497051555787	566	11
23508	1	0.274357942372541	0	6	0.86804663073688	0.672497051555787	566	11
23510	3	-0.0370315907289098	0	6	0.86804663073688	0.672497051555787	566	11
23511	1	0.335389508291955	0	6	0.86804663073688	0.672497051555787	566	11
23512	1	0.362418797826748	0	6	0.86804663073688	0.672497051555787	566	11
23515	0	0.380121797113039	0	6	0.86804663073688	0.672497051555787	566	11
23516	2	-0.143196830932545	0	6	0.86804663073688	0.672497051555787	566	11
23517	2	0.220257020411979	0	6	0.86804663073688	0.672497051555787	566	11
23518	0	0.21100425038059	0	6	0.86804663073688	0.672497051555787	566	11
23522	3	0.176695052440405	0	6	0.86804663073688	0.672497051555787	566	11
23523	0	0.227522952789881	0	6	0.86804663073688	0.672497051555787	566	11
23524	5	0.480259830010756	1	6	0.86804663073688	0.672497051555787	566	11
23526	1	0.450762650101075	0	6	0.86804663073688	0.672497051555787	566	11
23527	5	0.658090143722334	1	6	0.86804663073688	0.672497051555787	566	11
23528	2	-0.0607687164858	0	6	0.86804663073688	0.672497051555787	566	11
23529	1	0.314836844874628	0	6	0.86804663073688	0.672497051555787	566	11
23530	4	-0.0731047091655057	0	6	0.86804663073688	0.672497051555787	566	11
23531	1	0.48055942052659	0	6	0.86804663073688	0.672497051555787	566	11
23532	1	0.154169505962717	0	6	0.86804663073688	0.672497051555787	566	11
23533	1	0.3527001833119	0	6	0.86804663073688	0.672497051555787	566	11
23534	3	0.0309469939196702	0	6	0.86804663073688	0.672497051555787	566	11
23536	2	0.0488980305114071	0	6	0.86804663073688	0.672497051555787	566	11
23539	0	0.0647194049586438	0	6	0.86804663073688	0.672497051555787	566	11
23541	1	0.454781750310928	0	6	0.86804663073688	0.672497051555787	566	11
23542	3	0.144630269888979	0	6	0.86804663073688	0.672497051555787	566	11
23545	5	0.595883688229558	1	6	0.86804663073688	0.672497051555787	566	11
23547	1	0.277224796395696	0	6	0.86804663073688	0.672497051555787	566	11
23548	2	0.0823695952640967	0	6	0.86804663073688	0.672497051555787	566	11
23549	2	0.217714938367201	0	6	0.86804663073688	0.672497051555787	566	11
23550	1	0.314881810924633	0	6	0.86804663073688	0.672497051555787	566	11
23552	2	-0.0884992092428128	0	6	0.86804663073688	0.672497051555787	566	11
23554	2	-0.0959105647091808	0	6	0.86804663073688	0.672497051555787	566	11
23555	3	0.100354915764334	0	6	0.86804663073688	0.672497051555787	566	11
23556	3	0.306644241292012	0	6	0.86804663073688	0.672497051555787	566	11
23558	2	-0.106309903367381	0	6	0.86804663073688	0.672497051555787	566	11
23560	0	0.0978351930492748	0	6	0.86804663073688	0.672497051555787	566	11
23562	1	0.409219346366945	0	6	0.86804663073688	0.672497051555787	566	11
23568	3	0.0279185384531941	0	6	0.86804663073688	0.672497051555787	566	11
23569	8	0.20874871252401	0	6	0.86804663073688	0.672497051555787	566	11
23576	4	-0.215164268509688	0	6	0.86804663073688	0.672497051555787	566	11
23580	2	-0.0402649765880012	0	6	0.86804663073688	0.672497051555787	566	11
23583	0	0.209173407145117	0	6	0.86804663073688	0.672497051555787	566	11
23585	2	0.097812618628399	0	6	0.86804663073688	0.672497051555787	566	11
23586	10	0.46134757473218	0	6	0.86804663073688	0.672497051555787	566	11
23587	2	-0.0893905716978999	0	6	0.86804663073688	0.672497051555787	566	11
23588	4	-0.161346356512861	0	6	0.86804663073688	0.672497051555787	566	11
23589	2	0.0477971110288774	0	6	0.86804663073688	0.672497051555787	566	11
23590	4	0.241676703944257	0	6	0.86804663073688	0.672497051555787	566	11
23592	3	0.373235196857885	0	6	0.86804663073688	0.672497051555787	566	11
23593	2	-0.104852185731888	0	6	0.86804663073688	0.672497051555787	566	11
23595	3	0.195293427590688	0	6	0.86804663073688	0.672497051555787	566	11
23596	2	-0.161979818449677	0	6	0.86804663073688	0.672497051555787	566	11
23597	0	0.399895924568019	0	6	0.86804663073688	0.672497051555787	566	11
23598	2	0.0760731405803869	0	6	0.86804663073688	0.672497051555787	566	11
23601	1	0.308381507597889	0	6	0.86804663073688	0.672497051555787	566	11
23603	1	0.50980766068642	0	6	0.86804663073688	0.672497051555787	566	11
23604	1	0.41947592218836	0	6	0.86804663073688	0.672497051555787	566	11
23607	3	0.123647787142558	0	6	0.86804663073688	0.672497051555787	566	11
23608	0	0.415670829866043	0	6	0.86804663073688	0.672497051555787	566	11
23609	3	0.0362196533894567	0	6	0.86804663073688	0.672497051555787	566	11
23612	1	0.35940989233644	0	6	0.86804663073688	0.672497051555787	566	11
23613	1	0.384886803553728	0	6	0.86804663073688	0.672497051555787	566	11
23616	1	0.497121352891251	0	6	0.86804663073688	0.672497051555787	566	11
23621	3	-0.0452593804489164	0	6	0.86804663073688	0.672497051555787	566	11
23623	1	0.307945971007208	0	6	0.86804663073688	0.672497051555787	566	11
23624	2	-0.0516217143990098	0	6	0.86804663073688	0.672497051555787	566	11
23625	1	0.0719434294043702	0	6	0.86804663073688	0.672497051555787	566	11
23627	1	0.565302394128283	0	6	0.86804663073688	0.672497051555787	566	11
23632	3	0.260957593844036	0	6	0.86804663073688	0.672497051555787	566	11
23635	3	0.487544043100226	0	6	0.86804663073688	0.672497051555787	566	11
23636	1	0.287143970206704	0	6	0.86804663073688	0.672497051555787	566	11
23639	2	-0.170614098653885	0	6	0.86804663073688	0.672497051555787	566	11
23640	2	-0.26799403772315	0	6	0.86804663073688	0.672497051555787	566	11
23641	2	-0.249776048340305	0	6	0.86804663073688	0.672497051555787	566	11
23643	1	0.160450605389131	0	6	0.86804663073688	0.672497051555787	566	11
23644	0	-0.140619039027129	0	6	0.86804663073688	0.672497051555787	566	11
23645	3	-0.0872427384089334	0	6	0.86804663073688	0.672497051555787	566	11
23646	2	0.0314434509667869	0	6	0.86804663073688	0.672497051555787	566	11
23647	2	0.0729006659092083	0	6	0.86804663073688	0.672497051555787	566	11
23648	2	0.0461796136241498	0	6	0.86804663073688	0.672497051555787	566	11
23649	3	0.0672750306595034	0	6	0.86804663073688	0.672497051555787	566	11
23650	0	0.0405246605709115	0	6	0.86804663073688	0.672497051555787	566	11
23654	2	-0.0803394176790402	0	6	0.86804663073688	0.672497051555787	566	11
23657	1	0.456992644681634	0	6	0.86804663073688	0.672497051555787	566	11
23658	2	-0.0979241949479111	0	6	0.86804663073688	0.672497051555787	566	11
23659	2	-0.225157787081155	0	6	0.86804663073688	0.672497051555787	566	11
23660	3	0.158013193808323	0	6	0.86804663073688	0.672497051555787	566	11
23670	3	-0.0120449325114913	0	6	0.86804663073688	0.672497051555787	566	11
23673	2	0.187343481618554	0	6	0.86804663073688	0.672497051555787	566	11
23677	1	0.292278914890541	0	6	0.86804663073688	0.672497051555787	566	11
23682	6	0.0849500303052262	0	6	0.86804663073688	0.672497051555787	566	11
23683	5	0.530490867843524	1	6	0.86804663073688	0.672497051555787	566	11
23704	1	0.596263205584707	0	6	0.86804663073688	0.672497051555787	566	11
23705	1	0.144006440671045	0	6	0.86804663073688	0.672497051555787	566	11
23708	0	0.0388558436231099	0	6	0.86804663073688	0.672497051555787	566	11
23710	2	-0.144289366224097	0	6	0.86804663073688	0.672497051555787	566	11
23729	4	0.0705529733615601	0	6	0.86804663073688	0.672497051555787	566	11
23741	2	0.0185398924829166	0	6	0.86804663073688	0.672497051555787	566	11
23742	0	0.361191736641015	0	6	0.86804663073688	0.672497051555787	566	11
23743	4	-0.349272440275673	0	6	0.86804663073688	0.672497051555787	566	11
23753	2	-0.10732823344032	0	6	0.86804663073688	0.672497051555787	566	11
23760	5	0.654838857377375	1	6	0.86804663073688	0.672497051555787	566	11
23762	1	0.465670411233578	0	6	0.86804663073688	0.672497051555787	566	11
23764	1	0.190251922609531	0	6	0.86804663073688	0.672497051555787	566	11
23765	1	0.120420173807836	0	6	0.86804663073688	0.672497051555787	566	11
23767	3	-0.0901720748114061	0	6	0.86804663073688	0.672497051555787	566	11
23769	1	0.40101357202024	0	6	0.86804663073688	0.672497051555787	566	11
23770	2	-0.188391496423342	0	6	0.86804663073688	0.672497051555787	566	11
23774	3	0.225725323817824	0	6	0.86804663073688	0.672497051555787	566	11
23780	3	0.226973021766559	0	6	0.86804663073688	0.672497051555787	566	11
23786	2	-0.21397383029949	0	6	0.86804663073688	0.672497051555787	566	11
23787	2	-0.067840007116626	0	6	0.86804663073688	0.672497051555787	566	11
23788	4	-0.265794271675919	0	6	0.86804663073688	0.672497051555787	566	11
24137	1	0.43577137987045	0	6	0.86804663073688	0.672497051555787	566	11
24138	10	0.0395639808743414	0	6	0.86804663073688	0.672497051555787	566	11
24139	1	0.110309680178102	0	6	0.86804663073688	0.672497051555787	566	11
24140	2	-0.14226517429434	0	6	0.86804663073688	0.672497051555787	566	11
24141	1	0.387654628252631	0	6	0.86804663073688	0.672497051555787	566	11
24144	5	0.444076884987491	1	6	0.86804663073688	0.672497051555787	566	11
24145	0	0.0636071866802466	0	6	0.86804663073688	0.672497051555787	566	11
24146	1	0.263321259555966	0	6	0.86804663073688	0.672497051555787	566	11
24147	1	0.365326051161897	0	6	0.86804663073688	0.672497051555787	566	11
24148	2	-0.0749309149536297	0	6	0.86804663073688	0.672497051555787	566	11
24149	0	0.423854247912972	0	6	0.86804663073688	0.672497051555787	566	11
25758	0	-0.0239115736729078	0	6	0.86804663073688	0.672497051555787	566	11
25759	0	0.201845432930522	0	6	0.86804663073688	0.672497051555787	566	11
25771	3	0.504131735211675	0	6	0.86804663073688	0.672497051555787	566	11
25776	2	0.0238945599594994	0	6	0.86804663073688	0.672497051555787	566	11
25777	2	-0.0822332006739166	0	6	0.86804663073688	0.672497051555787	566	11
25778	3	0.238777299328767	0	6	0.86804663073688	0.672497051555787	566	11
25780	3	0.29389156678347	0	6	0.86804663073688	0.672497051555787	566	11
25789	1	0.375116396700853	0	6	0.86804663073688	0.672497051555787	566	11
25790	3	0.0919742036821906	0	6	0.86804663073688	0.672497051555787	566	11
25792	2	-0.0162029594968533	0	6	0.86804663073688	0.672497051555787	566	11
25793	3	-0.0329611313183635	0	6	0.86804663073688	0.672497051555787	566	11
25794	1	0.363467758055787	0	6	0.86804663073688	0.672497051555787	566	11
25796	2	-0.315165415000111	0	6	0.86804663073688	0.672497051555787	566	11
25797	1	0.28560726568242	0	6	0.86804663073688	0.672497051555787	566	11
25799	0	0.309088054574671	0	6	0.86804663073688	0.672497051555787	566	11
25800	2	-0.0169951634947682	0	6	0.86804663073688	0.672497051555787	566	11
25801	8	0.06656195528343	0	6	0.86804663073688	0.672497051555787	566	11
25802	1	0.414796079100579	0	6	0.86804663073688	0.672497051555787	566	11
25804	2	-0.19431642460486	0	6	0.86804663073688	0.672497051555787	566	11
25805	3	0.28847951103869	0	6	0.86804663073688	0.672497051555787	566	11
25807	2	0.0457160029944734	0	6	0.86804663073688	0.672497051555787	566	11
25809	0	0.180650835532048	0	6	0.86804663073688	0.672497051555787	566	11
25813	4	-0.0869179353938317	0	6	0.86804663073688	0.672497051555787	566	11
25814	3	0.0239671194755062	0	6	0.86804663073688	0.672497051555787	566	11
25816	1	0.36774981319928	0	6	0.86804663073688	0.672497051555787	566	11
25818	1	0.186244649444759	0	6	0.86804663073688	0.672497051555787	566	11
25819	4	0.0865736315452635	0	6	0.86804663073688	0.672497051555787	566	11
25821	5	0.453345852134532	1	6	0.86804663073688	0.672497051555787	566	11
25822	4	-0.00941105183677581	0	6	0.86804663073688	0.672497051555787	566	11
25823	1	0.312292392064491	0	6	0.86804663073688	0.672497051555787	566	11
25825	1	0.387272446071445	0	6	0.86804663073688	0.672497051555787	566	11
25827	3	0.00309078740158038	0	6	0.86804663073688	0.672497051555787	566	11
25828	2	-0.280909436834748	0	6	0.86804663073688	0.672497051555787	566	11
25829	4	0.268857974599047	0	6	0.86804663073688	0.672497051555787	566	11
25833	0	0.123712090215347	0	6	0.86804663073688	0.672497051555787	566	11
25836	0	0.41154024907262	0	6	0.86804663073688	0.672497051555787	566	11
25837	1	0.420941977243929	0	6	0.86804663073688	0.672497051555787	566	11
25839	0	0.0633835202596626	0	6	0.86804663073688	0.672497051555787	566	11
25840	4	-0.240662412712267	0	6	0.86804663073688	0.672497051555787	566	11
25841	1	0.0325790973876691	0	6	0.86804663073688	0.672497051555787	566	11
25842	3	0.247910472492055	0	6	0.86804663073688	0.672497051555787	566	11
25844	2	0.127258952374173	0	6	0.86804663073688	0.672497051555787	566	11
25847	2	0.076995600625966	0	6	0.86804663073688	0.672497051555787	566	11
25849	4	0.15961959991009	0	6	0.86804663073688	0.672497051555787	566	11
25850	5	0.558035258002222	1	6	0.86804663073688	0.672497051555787	566	11
25852	5	0.543057396016682	1	6	0.86804663073688	0.672497051555787	566	11
25854	4	-0.0048782504367586	0	6	0.86804663073688	0.672497051555787	566	11
25855	2	-0.259463158014765	0	6	0.86804663073688	0.672497051555787	566	11
25861	1	0.33120869543764	0	6	0.86804663073688	0.672497051555787	566	11
25865	2	0.192114482201605	0	6	0.86804663073688	0.672497051555787	566	11
25873	7	0.0258410627003916	0	6	0.86804663073688	0.672497051555787	566	11
25874	4	-0.343185790228951	0	6	0.86804663073688	0.672497051555787	566	11
25875	4	0.18335888179248	0	6	0.86804663073688	0.672497051555787	566	11
25876	0	0.0331428546714739	0	6	0.86804663073688	0.672497051555787	566	11
25878	1	0.177497431360502	0	6	0.86804663073688	0.672497051555787	566	11
25880	2	0.0126513757235756	0	6	0.86804663073688	0.672497051555787	566	11
25888	0	0.257606629862211	0	6	0.86804663073688	0.672497051555787	566	11
25891	2	-0.0624770862690103	0	6	0.86804663073688	0.672497051555787	566	11
25896	1	0.461469323787835	0	6	0.86804663073688	0.672497051555787	566	11
25897	3	0.305083673274456	0	6	0.86804663073688	0.672497051555787	566	11
25898	3	0.00997502915634997	0	6	0.86804663073688	0.672497051555787	566	11
25900	5	0.549028700823542	1	6	0.86804663073688	0.672497051555787	566	11
25901	2	-0.160104928831566	0	6	0.86804663073688	0.672497051555787	566	11
25903	1	0.414115530731824	0	6	0.86804663073688	0.672497051555787	566	11
25906	2	-0.282855150054991	0	6	0.86804663073688	0.672497051555787	566	11
25907	1	0.415973700994996	0	6	0.86804663073688	0.672497051555787	566	11
25909	3	0.27140735265623	0	6	0.86804663073688	0.672497051555787	566	11
25913	2	-0.0515007731174309	0	6	0.86804663073688	0.672497051555787	566	11
25915	2	-0.240606618667031	0	6	0.86804663073688	0.672497051555787	566	11
25920	0	-0.145454968906641	0	6	0.86804663073688	0.672497051555787	566	11
25924	2	-0.0247629149504868	0	6	0.86804663073688	0.672497051555787	566	11
25926	4	0.0213575957571992	0	6	0.86804663073688	0.672497051555787	566	11
25928	0	0.0258312919483846	0	6	0.86804663073688	0.672497051555787	566	11
25932	1	0.27458829865849	0	6	0.86804663073688	0.672497051555787	566	11
25936	2	0.0529789965664479	0	6	0.86804663073688	0.672497051555787	566	11
25937	2	-0.140052983564944	0	6	0.86804663073688	0.672497051555787	566	11
25939	1	0.405310898006094	0	6	0.86804663073688	0.672497051555787	566	11
25940	3	0.0443699234877575	0	6	0.86804663073688	0.672497051555787	566	11
25941	3	0.183892953937209	0	6	0.86804663073688	0.672497051555787	566	11
25945	4	0.136032364635455	0	6	0.86804663073688	0.672497051555787	566	11
25948	3	0.0916086258845361	0	6	0.86804663073688	0.672497051555787	566	11
25949	2	0.174798024813179	0	6	0.86804663073688	0.672497051555787	566	11
25950	0	0.198360432819862	0	6	0.86804663073688	0.672497051555787	566	11
25957	5	0.752841228612749	1	6	0.86804663073688	0.672497051555787	566	11
25959	1	0.21153550880095	0	6	0.86804663073688	0.672497051555787	566	11
25960	1	0.492050656817908	0	6	0.86804663073688	0.672497051555787	566	11
25961	5	0.761925335959329	1	6	0.86804663073688	0.672497051555787	566	11
25963	2	0.28307339028478	0	6	0.86804663073688	0.672497051555787	566	11
25966	1	0.634326199311361	0	6	0.86804663073688	0.672497051555787	566	11
25970	2	0.0945825524668112	0	6	0.86804663073688	0.672497051555787	566	11
25972	2	0.181438323393233	0	6	0.86804663073688	0.672497051555787	566	11
25974	0	-0.0860207420116107	0	6	0.86804663073688	0.672497051555787	566	11
25976	2	-0.157018655534952	0	6	0.86804663073688	0.672497051555787	566	11
25977	3	-0.16007428915356	0	6	0.86804663073688	0.672497051555787	566	11
25978	2	0.0526879882621741	0	6	0.86804663073688	0.672497051555787	566	11
25979	2	-0.00554460364818746	0	6	0.86804663073688	0.672497051555787	566	11
25980	2	-0.0909532215463568	0	6	0.86804663073688	0.672497051555787	566	11
25983	0	0.216583978037556	0	6	0.86804663073688	0.672497051555787	566	11
25984	3	-0.107034341629482	0	6	0.86804663073688	0.672497051555787	566	11
25987	4	-0.236455494829214	0	6	0.86804663073688	0.672497051555787	566	11
25988	2	0.129269309189575	0	6	0.86804663073688	0.672497051555787	566	11
25992	3	0.315830578419024	0	6	0.86804663073688	0.672497051555787	566	11
25994	3	0.346635685920905	0	6	0.86804663073688	0.672497051555787	566	11
25996	2	-0.161671217870488	0	6	0.86804663073688	0.672497051555787	566	11
25998	0	0.0847549319119313	0	6	0.86804663073688	0.672497051555787	566	11
25999	2	-0.0360160668029343	0	6	0.86804663073688	0.672497051555787	566	11
26000	0	0.117318602998872	0	6	0.86804663073688	0.672497051555787	566	11
26001	2	-0.173283539690395	0	6	0.86804663073688	0.672497051555787	566	11
26002	1	0.384295059846743	0	6	0.86804663073688	0.672497051555787	566	11
26003	2	0.170232896202911	0	6	0.86804663073688	0.672497051555787	566	11
26005	3	0.254224035233672	0	6	0.86804663073688	0.672497051555787	566	11
26007	4	-0.321656734476221	0	6	0.86804663073688	0.672497051555787	566	11
26009	0	-0.159480931081766	0	6	0.86804663073688	0.672497051555787	566	11
26010	2	-0.276942314995443	0	6	0.86804663073688	0.672497051555787	566	11
26011	1	0.386247139877597	0	6	0.86804663073688	0.672497051555787	566	11
26013	4	0.41392395966999	0	6	0.86804663073688	0.672497051555787	566	11
26015	2	-0.172295964875319	0	6	0.86804663073688	0.672497051555787	566	11
26017	2	-0.0163494032379792	0	6	0.86804663073688	0.672497051555787	566	11
26018	3	0.077913959416194	0	6	0.86804663073688	0.672497051555787	566	11
26019	3	0.128482045743906	0	6	0.86804663073688	0.672497051555787	566	11
26020	3	-0.00993545711894081	0	6	0.86804663073688	0.672497051555787	566	11
26027	4	-0.193629389343019	0	6	0.86804663073688	0.672497051555787	566	11
26030	2	-0.0759301201067332	0	6	0.86804663073688	0.672497051555787	566	11
26031	1	0.568122200927164	0	6	0.86804663073688	0.672497051555787	566	11
26032	1	0.192603743244614	0	6	0.86804663073688	0.672497051555787	566	11
26033	1	0.20833902197805	0	6	0.86804663073688	0.672497051555787	566	11
26034	1	0.0506945511348805	0	6	0.86804663073688	0.672497051555787	566	11
26035	4	-0.121617477364988	0	6	0.86804663073688	0.672497051555787	566	11
26036	5	0.527218886356405	1	6	0.86804663073688	0.672497051555787	566	11
26037	4	-0.075238413130511	0	6	0.86804663073688	0.672497051555787	566	11
26038	1	0.181452647963283	0	6	0.86804663073688	0.672497051555787	566	11
26039	2	0.179171318286809	0	6	0.86804663073688	0.672497051555787	566	11
26040	1	0.381484018435024	0	6	0.86804663073688	0.672497051555787	566	11
26043	3	0.325040318234191	0	6	0.86804663073688	0.672497051555787	566	11
26045	0	0.475579365022515	0	6	0.86804663073688	0.672497051555787	566	11
26046	0	0.376218785187465	0	6	0.86804663073688	0.672497051555787	566	11
26047	3	0.209651707560924	0	6	0.86804663073688	0.672497051555787	566	11
26048	0	0.165143893218878	0	6	0.86804663073688	0.672497051555787	566	11
26049	3	-0.124637254418388	0	6	0.86804663073688	0.672497051555787	566	11
26050	1	0.0442340360707055	0	6	0.86804663073688	0.672497051555787	566	11
26051	4	0.0420768114146882	0	6	0.86804663073688	0.672497051555787	566	11
26052	5	0.695362210495548	1	6	0.86804663073688	0.672497051555787	566	11
26053	1	0.140444257082379	0	6	0.86804663073688	0.672497051555787	566	11
26054	3	0.362631192512527	0	6	0.86804663073688	0.672497051555787	566	11
26056	4	-0.164148521932334	0	6	0.86804663073688	0.672497051555787	566	11
26057	3	0.168797777872101	0	6	0.86804663073688	0.672497051555787	566	11
26058	5	0.509595759512093	1	6	0.86804663073688	0.672497051555787	566	11
26059	0	0.00925007959647655	0	6	0.86804663073688	0.672497051555787	566	11
26060	1	0.39584341424275	0	6	0.86804663073688	0.672497051555787	566	11
26063	4	-0.0393622495127008	0	6	0.86804663073688	0.672497051555787	566	11
26064	3	0.395178547240193	0	6	0.86804663073688	0.672497051555787	566	11
26065	2	-0.0497546550226669	0	6	0.86804663073688	0.672497051555787	566	11
26071	2	-0.34592730168651	0	6	0.86804663073688	0.672497051555787	566	11
26073	4	-0.253384812252203	0	6	0.86804663073688	0.672497051555787	566	11
26084	3	0.123483512920281	0	6	0.86804663073688	0.672497051555787	566	11
26088	3	0.0442099713770171	0	6	0.86804663073688	0.672497051555787	566	11
26091	5	0.698080679439145	1	6	0.86804663073688	0.672497051555787	566	11
26092	2	-0.220698776355876	0	6	0.86804663073688	0.672497051555787	566	11
26093	0	0.136411749507322	0	6	0.86804663073688	0.672497051555787	566	11
26097	5	0.588564471520068	1	6	0.86804663073688	0.672497051555787	566	11
26098	5	0.536309029947035	1	6	0.86804663073688	0.672497051555787	566	11
26099	2	0.00191663695213503	0	6	0.86804663073688	0.672497051555787	566	11
26100	2	-0.040440531929725	0	6	0.86804663073688	0.672497051555787	566	11
26108	3	0.0568216069949442	0	6	0.86804663073688	0.672497051555787	566	11
26112	5	0.474776378954658	1	6	0.86804663073688	0.672497051555787	566	11
26115	1	0.50181223414209	0	6	0.86804663073688	0.672497051555787	566	11
26118	5	0.660311296615533	1	6	0.86804663073688	0.672497051555787	566	11
26119	1	0.373210220847433	0	6	0.86804663073688	0.672497051555787	566	11
26121	2	-0.095063360619346	0	6	0.86804663073688	0.672497051555787	566	11
26123	3	-0.274642644554451	0	6	0.86804663073688	0.672497051555787	566	11
26128	3	0.239581850678196	0	6	0.86804663073688	0.672497051555787	566	11
26130	5	0.575582315493265	1	6	0.86804663073688	0.672497051555787	566	11
26133	4	-0.0133547092365877	0	6	0.86804663073688	0.672497051555787	566	11
26135	6	0.375494407397966	0	6	0.86804663073688	0.672497051555787	566	11
26136	1	0.448414212627174	0	6	0.86804663073688	0.672497051555787	566	11
26137	5	0.686386237385895	1	6	0.86804663073688	0.672497051555787	566	11
26145	0	0.138843772755773	0	6	0.86804663073688	0.672497051555787	566	11
26146	3	0.0669109714602956	0	6	0.86804663073688	0.672497051555787	566	11
26151	2	-0.0199081880020113	0	6	0.86804663073688	0.672497051555787	566	11
26152	0	-0.0526463628807033	0	6	0.86804663073688	0.672497051555787	566	11
26154	1	0.239757916345135	0	6	0.86804663073688	0.672497051555787	566	11
26155	2	-0.022341423262466	0	6	0.86804663073688	0.672497051555787	566	11
26156	7	-0.056423558716524	0	6	0.86804663073688	0.672497051555787	566	11
26168	0	0.0238519828890233	0	6	0.86804663073688	0.672497051555787	566	11
26173	2	-0.0115815847910752	0	6	0.86804663073688	0.672497051555787	566	11
26175	2	-0.0769400830204406	0	6	0.86804663073688	0.672497051555787	566	11
26190	1	0.534492446775079	0	6	0.86804663073688	0.672497051555787	566	11
26191	1	0.177297241222321	0	6	0.86804663073688	0.672497051555787	566	11
26205	3	0.0474728055406699	0	6	0.86804663073688	0.672497051555787	566	11
26206	3	0.253831567845743	0	6	0.86804663073688	0.672497051555787	566	11
26207	0	0.361527581643022	0	6	0.86804663073688	0.672497051555787	566	11
26227	4	-0.261453586275407	0	6	0.86804663073688	0.672497051555787	566	11
26228	6	-0.100311391918498	0	6	0.86804663073688	0.672497051555787	566	11
26229	2	0.288771197092256	0	6	0.86804663073688	0.672497051555787	566	11
26232	3	-0.00676893955357762	0	6	0.86804663073688	0.672497051555787	566	11
26233	0	-0.00246598248237699	0	6	0.86804663073688	0.672497051555787	566	11
26234	2	-0.14560607406917	0	6	0.86804663073688	0.672497051555787	566	11
26235	2	-0.0909049374311092	0	6	0.86804663073688	0.672497051555787	566	11
26240	2	-0.129799429696252	0	6	0.86804663073688	0.672497051555787	566	11
26249	9	0.00324090825591972	0	6	0.86804663073688	0.672497051555787	566	11
26251	1	0.170874668464722	0	6	0.86804663073688	0.672497051555787	566	11
26253	8	-0.0199899118666497	0	6	0.86804663073688	0.672497051555787	566	11
26256	1	0.51418538344753	0	6	0.86804663073688	0.672497051555787	566	11
26261	1	0.446487510744344	0	6	0.86804663073688	0.672497051555787	566	11
26263	2	0.229964278398145	0	6	0.86804663073688	0.672497051555787	566	11
26266	0	0.515571163487424	0	6	0.86804663073688	0.672497051555787	566	11
26268	3	0.0416472188735458	0	6	0.86804663073688	0.672497051555787	566	11
26271	0	0.122703371396152	0	6	0.86804663073688	0.672497051555787	566	11
26273	2	-0.225935048496268	0	6	0.86804663073688	0.672497051555787	566	11
26275	4	-0.0678086336353392	0	6	0.86804663073688	0.672497051555787	566	11
26276	3	0.187444600651131	0	6	0.86804663073688	0.672497051555787	566	11
26277	5	0.476826595646021	1	6	0.86804663073688	0.672497051555787	566	11
26278	1	0.335747018657605	0	6	0.86804663073688	0.672497051555787	566	11
26279	1	0.273210550013662	0	6	0.86804663073688	0.672497051555787	566	11
26280	0	0.00233926179546991	0	6	0.86804663073688	0.672497051555787	566	11
26284	2	0.152395848437859	0	6	0.86804663073688	0.672497051555787	566	11
26287	1	0.105662293146665	0	6	0.86804663073688	0.672497051555787	566	11
26289	5	0.420798743536268	1	6	0.86804663073688	0.672497051555787	566	11
26297	2	-0.0285998116938103	0	6	0.86804663073688	0.672497051555787	566	11
26298	6	0.082550178644663	0	6	0.86804663073688	0.672497051555787	566	11
26330	0	0.297363321704004	0	6	0.86804663073688	0.672497051555787	566	11
26353	2	-0.148589341629959	0	6	0.86804663073688	0.672497051555787	566	11
26355	4	-0.269038274414971	0	6	0.86804663073688	0.672497051555787	566	11
26468	1	0.101759785635861	0	6	0.86804663073688	0.672497051555787	566	11
26469	2	0.0230601148911216	0	6	0.86804663073688	0.672497051555787	566	11
26470	2	-0.0119313388905636	0	6	0.86804663073688	0.672497051555787	566	11
26471	2	-0.0834932537466771	0	6	0.86804663073688	0.672497051555787	566	11
26499	3	0.0674660248186609	0	6	0.86804663073688	0.672497051555787	566	11
26502	1	0.439317794792947	0	6	0.86804663073688	0.672497051555787	566	11
26503	3	-0.124560916648859	0	6	0.86804663073688	0.672497051555787	566	11
26504	0	-0.0316375132569808	0	6	0.86804663073688	0.672497051555787	566	11
26505	2	-0.0247698311808357	0	6	0.86804663073688	0.672497051555787	566	11
26507	1	0.149380607064928	0	6	0.86804663073688	0.672497051555787	566	11
26508	1	0.475305694030396	0	6	0.86804663073688	0.672497051555787	566	11
26509	1	0.368273899499233	0	6	0.86804663073688	0.672497051555787	566	11
26511	2	0.187455925848618	0	6	0.86804663073688	0.672497051555787	566	11
26512	1	0.497962025321493	0	6	0.86804663073688	0.672497051555787	566	11
26515	3	0.242660268486608	0	6	0.86804663073688	0.672497051555787	566	11
26517	2	-0.183335587151265	0	6	0.86804663073688	0.672497051555787	566	11
26519	2	-0.00824771569846221	0	6	0.86804663073688	0.672497051555787	566	11
26520	7	0.0765990039780088	0	6	0.86804663073688	0.672497051555787	566	11
26521	7	0.155165765760752	0	6	0.86804663073688	0.672497051555787	566	11
26523	0	0.0642212291330178	0	6	0.86804663073688	0.672497051555787	566	11
26528	1	0.415535629809912	0	6	0.86804663073688	0.672497051555787	566	11
26548	1	0.364752820736404	0	6	0.86804663073688	0.672497051555787	566	11
26574	2	-0.135588611971566	0	6	0.86804663073688	0.672497051555787	566	11
26576	0	0.208265629173883	0	6	0.86804663073688	0.672497051555787	566	11
26577	3	-0.0944476522096678	0	6	0.86804663073688	0.672497051555787	566	11
26578	3	-0.168265733469403	0	6	0.86804663073688	0.672497051555787	566	11
26585	1	0.23177658128026	0	6	0.86804663073688	0.672497051555787	566	11
26586	1	0.233999080163022	0	6	0.86804663073688	0.672497051555787	566	11
26589	2	0.0502540059270544	0	6	0.86804663073688	0.672497051555787	566	11
26608	4	0.237498676292433	0	6	0.86804663073688	0.672497051555787	566	11
26610	2	-0.343213098526337	0	6	0.86804663073688	0.672497051555787	566	11
26747	2	-0.00418021139905489	0	6	0.86804663073688	0.672497051555787	566	11
26750	3	0.383112852638085	0	6	0.86804663073688	0.672497051555787	566	11
26751	4	-0.238105009936348	0	6	0.86804663073688	0.672497051555787	566	11
26872	4	0.00853106326905078	0	6	0.86804663073688	0.672497051555787	566	11
26873	2	0.0124658863631141	0	6	0.86804663073688	0.672497051555787	566	11
26953	3	0.123340561755089	0	6	0.86804663073688	0.672497051555787	566	11
26959	5	0.518806890851069	1	6	0.86804663073688	0.672497051555787	566	11
26960	5	0.64923984766534	1	6	0.86804663073688	0.672497051555787	566	11
26973	0	0.361292199888027	0	6	0.86804663073688	0.672497051555787	566	11
26984	0	0.36654484257686	0	6	0.86804663073688	0.672497051555787	566	11
26993	0	0.375295433232854	0	6	0.86804663073688	0.672497051555787	566	11
26994	3	0.0442742960132943	0	6	0.86804663073688	0.672497051555787	566	11
26998	0	-0.0933230702950398	0	6	0.86804663073688	0.672497051555787	566	11
26999	4	-0.3025757457539	0	6	0.86804663073688	0.672497051555787	566	11
27000	1	0.459826148463269	0	6	0.86804663073688	0.672497051555787	566	11
27005	2	-0.0721067420114817	0	6	0.86804663073688	0.672497051555787	566	11
27010	0	-0.00480008933653888	0	6	0.86804663073688	0.672497051555787	566	11
27012	0	0.0335970299285491	0	6	0.86804663073688	0.672497051555787	566	11
27013	4	-0.265898551381637	0	6	0.86804663073688	0.672497051555787	566	11
27018	2	-0.202555420501877	0	6	0.86804663073688	0.672497051555787	566	11
27019	1	0.305746865529474	0	6	0.86804663073688	0.672497051555787	566	11
27020	2	0.0215646742455433	0	6	0.86804663073688	0.672497051555787	566	11
27030	0	0.475509191237821	0	6	0.86804663073688	0.672497051555787	566	11
27032	3	0.198610358519965	0	6	0.86804663073688	0.672497051555787	566	11
27033	0	0.191943091388353	0	6	0.86804663073688	0.672497051555787	566	11
27034	4	0.0494412893761897	0	6	0.86804663073688	0.672497051555787	566	11
27036	1	0.310849312790856	0	6	0.86804663073688	0.672497051555787	566	11
27037	0	0.13436467621481	0	6	0.86804663073688	0.672497051555787	566	11
27042	1	0.0796037036755732	0	6	0.86804663073688	0.672497051555787	566	11
27043	1	0.266791756393325	0	6	0.86804663073688	0.672497051555787	566	11
27065	3	0.208465635863544	0	6	0.86804663073688	0.672497051555787	566	11
27067	3	0.127779999686168	0	6	0.86804663073688	0.672497051555787	566	11
27068	4	-0.0755351854329976	0	6	0.86804663073688	0.672497051555787	566	11
27069	2	-0.337119471641463	0	6	0.86804663073688	0.672497051555787	566	11
27071	1	0.149363702712486	0	6	0.86804663073688	0.672497051555787	566	11
27072	3	0.288321975184826	0	6	0.86804663073688	0.672497051555787	566	11
27074	1	0.155750854893036	0	6	0.86804663073688	0.672497051555787	566	11
27075	1	0.33549374887335	0	6	0.86804663073688	0.672497051555787	566	11
27077	2	-0.169314028832757	0	6	0.86804663073688	0.672497051555787	566	11
27079	0	0.256519727759759	0	6	0.86804663073688	0.672497051555787	566	11
27087	1	0.259808194077444	0	6	0.86804663073688	0.672497051555787	566	11
27089	2	-0.114761471241887	0	6	0.86804663073688	0.672497051555787	566	11
27090	2	0.0327871114651501	0	6	0.86804663073688	0.672497051555787	566	11
27095	2	-0.149429431819367	0	6	0.86804663073688	0.672497051555787	566	11
27097	5	0.530253539236417	1	6	0.86804663073688	0.672497051555787	566	11
27098	0	0.101620204970846	0	6	0.86804663073688	0.672497051555787	566	11
27101	2	-0.154029685229296	0	6	0.86804663073688	0.672497051555787	566	11
27102	2	-0.100666194600221	0	6	0.86804663073688	0.672497051555787	566	11
27107	0	0.107284859113539	0	6	0.86804663073688	0.672497051555787	566	11
27109	0	0.00198083481205511	0	6	0.86804663073688	0.672497051555787	566	11
27112	0	-0.0126944890776816	0	6	0.86804663073688	0.672497051555787	566	11
27115	3	0.247035244710407	0	6	0.86804663073688	0.672497051555787	566	11
27122	1	0.495358279209823	0	6	0.86804663073688	0.672497051555787	566	11
27124	9	-0.0554439045390257	0	6	0.86804663073688	0.672497051555787	566	11
27125	0	0.0741163463617777	0	6	0.86804663073688	0.672497051555787	566	11
27128	3	0.133628137676623	0	6	0.86804663073688	0.672497051555787	566	11
27129	1	0.196580697231946	0	6	0.86804663073688	0.672497051555787	566	11
27130	4	0.11017793322814	0	6	0.86804663073688	0.672497051555787	566	11
27131	4	-0.140157428330706	0	6	0.86804663073688	0.672497051555787	566	11
27132	1	0.270578346838962	0	6	0.86804663073688	0.672497051555787	566	11
27134	9	0.0573049521472704	0	6	0.86804663073688	0.672497051555787	566	11
27147	1	0.340865871136769	0	6	0.86804663073688	0.672497051555787	566	11
27156	2	-0.144737141777005	0	6	0.86804663073688	0.672497051555787	566	11
27158	0	-0.0257569818498548	0	6	0.86804663073688	0.672497051555787	566	11
27163	3	0.0823710015181126	0	6	0.86804663073688	0.672497051555787	566	11
27165	5	0.467142892156728	1	6	0.86804663073688	0.672497051555787	566	11
27173	2	-0.000157584129574104	0	6	0.86804663073688	0.672497051555787	566	11
27175	2	-0.00364093540818745	0	6	0.86804663073688	0.672497051555787	566	11
27180	1	0.190222188843739	0	6	0.86804663073688	0.672497051555787	566	11
27181	1	0.33075695550485	0	6	0.86804663073688	0.672497051555787	566	11
27183	2	-0.177809104092759	0	6	0.86804663073688	0.672497051555787	566	11
27202	0	0.0976925572935138	0	6	0.86804663073688	0.672497051555787	566	11
27229	3	0.110783130619678	0	6	0.86804663073688	0.672497051555787	566	11
27230	2	-0.175710395309794	0	6	0.86804663073688	0.672497051555787	566	11
27231	0	0.258070833835699	0	6	0.86804663073688	0.672497051555787	566	11
27235	1	0.361304895795329	0	6	0.86804663073688	0.672497051555787	566	11
27236	2	0.0481518580848665	0	6	0.86804663073688	0.672497051555787	566	11
27237	3	-0.00756490237257432	0	6	0.86804663073688	0.672497051555787	566	11
27238	2	-0.229760854832567	0	6	0.86804663073688	0.672497051555787	566	11
27239	1	0.471359765147005	0	6	0.86804663073688	0.672497051555787	566	11
27240	1	0.30751807439696	0	6	0.86804663073688	0.672497051555787	566	11
27241	0	0.262451540368867	0	6	0.86804663073688	0.672497051555787	566	11
27242	1	0.341043031587951	0	6	0.86804663073688	0.672497051555787	566	11
27243	2	-0.203802523859169	0	6	0.86804663073688	0.672497051555787	566	11
27244	1	0.434569513968308	0	6	0.86804663073688	0.672497051555787	566	11
27245	1	0.489078417612558	0	6	0.86804663073688	0.672497051555787	566	11
27247	0	0.16572557780495	0	6	0.86804663073688	0.672497051555787	566	11
27249	1	0.327448216642603	0	6	0.86804663073688	0.672497051555787	566	11
27252	1	0.516853392003837	0	6	0.86804663073688	0.672497051555787	566	11
27253	1	0.519194985750905	0	6	0.86804663073688	0.672497051555787	566	11
27254	2	-0.160514739931648	0	6	0.86804663073688	0.672497051555787	566	11
27255	0	0.00931442616883288	0	6	0.86804663073688	0.672497051555787	566	11
27257	2	0.00916346347665169	0	6	0.86804663073688	0.672497051555787	566	11
27258	2	-0.248741354665114	0	6	0.86804663073688	0.672497051555787	566	11
27285	0	0.330818761144523	0	6	0.86804663073688	0.672497051555787	566	11
27286	1	0.540834065966953	0	6	0.86804663073688	0.672497051555787	566	11
27287	1	0.230452437446107	0	6	0.86804663073688	0.672497051555787	566	11
27289	1	-0.235492659526928	0	6	0.86804663073688	0.672497051555787	566	11
27291	5	0.630527840933422	1	6	0.86804663073688	0.672497051555787	566	11
27292	0	0.191354023771165	0	6	0.86804663073688	0.672497051555787	566	11
27293	3	-0.0562580785827485	0	6	0.86804663073688	0.672497051555787	566	11
27295	1	0.396164471247969	0	6	0.86804663073688	0.672497051555787	566	11
27296	0	0.149913135185711	0	6	0.86804663073688	0.672497051555787	566	11
27297	2	0.20398104364122	0	6	0.86804663073688	0.672497051555787	566	11
27299	1	0.1933764383361	0	6	0.86804663073688	0.672497051555787	566	11
27300	3	0.463297282914715	0	6	0.86804663073688	0.672497051555787	566	11
27301	2	-0.124693617172724	0	6	0.86804663073688	0.672497051555787	566	11
27303	4	0.531570362696784	0	6	0.86804663073688	0.672497051555787	566	11
27304	0	0.228905846001907	0	6	0.86804663073688	0.672497051555787	566	11
27306	1	0.29614444243526	0	6	0.86804663073688	0.672497051555787	566	11
27309	2	-0.0563998039986095	0	6	0.86804663073688	0.672497051555787	566	11
27314	3	0.211144064173927	0	6	0.86804663073688	0.672497051555787	566	11
27315	5	0.434887567835788	1	6	0.86804663073688	0.672497051555787	566	11
27324	9	-0.165855824188668	0	6	0.86804663073688	0.672497051555787	566	11
27329	4	-0.387441699992739	0	6	0.86804663073688	0.672497051555787	566	11
27330	3	-0.222558635100616	0	6	0.86804663073688	0.672497051555787	566	11
27333	3	-0.145845198762258	0	6	0.86804663073688	0.672497051555787	566	11
27334	1	0.161228938006929	0	6	0.86804663073688	0.672497051555787	566	11
27335	2	-0.265096235710213	0	6	0.86804663073688	0.672497051555787	566	11
27336	2	-0.117941805114615	0	6	0.86804663073688	0.672497051555787	566	11
27339	0	-0.1822261149232	0	6	0.86804663073688	0.672497051555787	566	11
27340	1	0.406401052094784	0	6	0.86804663073688	0.672497051555787	566	11
27341	0	0.191661933044306	0	6	0.86804663073688	0.672497051555787	566	11
27343	2	0.0118693386048382	0	6	0.86804663073688	0.672497051555787	566	11
27344	4	-0.386910023081342	0	6	0.86804663073688	0.672497051555787	566	11
27345	2	-0.173485254783127	0	6	0.86804663073688	0.672497051555787	566	11
27346	1	0.179512182781226	0	6	0.86804663073688	0.672497051555787	566	11
27347	1	0.253908039695654	0	6	0.86804663073688	0.672497051555787	566	11
27348	3	0.0047986722554247	0	6	0.86804663073688	0.672497051555787	566	11
27349	4	-0.141269510703277	0	6	0.86804663073688	0.672497051555787	566	11
27350	2	-0.0251381722847681	0	6	0.86804663073688	0.672497051555787	566	11
27351	2	-0.056211421771406	0	6	0.86804663073688	0.672497051555787	566	11
27352	2	-0.102291788151735	0	6	0.86804663073688	0.672497051555787	566	11
27429	2	-0.182270890772484	0	6	0.86804663073688	0.672497051555787	566	11
27430	4	0.022062279223116	0	6	0.86804663073688	0.672497051555787	566	11
27434	2	0.473153991959793	0	6	0.86804663073688	0.672497051555787	566	11
27436	3	0.0867999718454821	0	6	0.86804663073688	0.672497051555787	566	11
27445	4	-0.281581304537766	0	6	0.86804663073688	0.672497051555787	566	11
28231	1	0.275311832960303	0	6	0.86804663073688	0.672497051555787	566	11
28232	1	0.41576950848503	0	6	0.86804663073688	0.672497051555787	566	11
28316	1	0.248820488904877	0	6	0.86804663073688	0.672497051555787	566	11
28511	0	0.281759771790024	0	6	0.86804663073688	0.672497051555787	566	11
28513	1	0.0987205619388359	0	6	0.86804663073688	0.672497051555787	566	11
28951	3	0.217009168665298	0	6	0.86804663073688	0.672497051555787	566	11
28952	2	-0.115000186396692	0	6	0.86804663073688	0.672497051555787	566	11
28954	1	0.333085406025723	0	6	0.86804663073688	0.672497051555787	566	11
28955	2	0.140036615711061	0	6	0.86804663073688	0.672497051555787	566	11
28956	2	-0.134652197901035	0	6	0.86804663073688	0.672497051555787	566	11
28957	2	0.161184871857585	0	6	0.86804663073688	0.672497051555787	566	11
28958	4	-0.203650259485781	0	6	0.86804663073688	0.672497051555787	566	11
28959	4	-0.252760465235729	0	6	0.86804663073688	0.672497051555787	566	11
28960	2	-0.168916933700493	0	6	0.86804663073688	0.672497051555787	566	11
28962	1	0.336104746832095	0	6	0.86804663073688	0.672497051555787	566	11
28964	3	0.123216091930758	0	6	0.86804663073688	0.672497051555787	566	11
28966	0	0.0897968050711404	0	6	0.86804663073688	0.672497051555787	566	11
28968	3	0.369384552645754	0	6	0.86804663073688	0.672497051555787	566	11
28969	1	0.257840330651736	0	6	0.86804663073688	0.672497051555787	566	11
28971	3	0.250306401909332	0	6	0.86804663073688	0.672497051555787	566	11
28972	2	-0.258728070258501	0	6	0.86804663073688	0.672497051555787	566	11
28974	2	-0.390968269585146	0	6	0.86804663073688	0.672497051555787	566	11
28977	2	-0.0360069721855981	0	6	0.86804663073688	0.672497051555787	566	11
28978	2	-0.118670167161609	0	6	0.86804663073688	0.672497051555787	566	11
28981	0	0.092163113365319	0	6	0.86804663073688	0.672497051555787	566	11
28984	1	0.208976074036622	0	6	0.86804663073688	0.672497051555787	566	11
28985	2	0.20450815053449	0	6	0.86804663073688	0.672497051555787	566	11
28986	0	0.29515531511547	0	6	0.86804663073688	0.672497051555787	566	11
28990	0	0.343255026518121	0	6	0.86804663073688	0.672497051555787	566	11
28992	4	-0.364245268905798	0	6	0.86804663073688	0.672497051555787	566	11
28996	3	0.0138816758402595	0	6	0.86804663073688	0.672497051555787	566	11
28998	2	-0.173158945424529	0	6	0.86804663073688	0.672497051555787	566	11
28999	2	-0.189425659895435	0	6	0.86804663073688	0.672497051555787	566	11
29015	1	0.276104077895668	0	6	0.86804663073688	0.672497051555787	566	11
29028	1	0.395823246900068	0	6	0.86804663073688	0.672497051555787	566	11
29062	4	0.0786052576246003	0	6	0.86804663073688	0.672497051555787	566	11
29063	3	0.257020748551173	0	6	0.86804663073688	0.672497051555787	566	11
29066	3	0.445921585237699	0	6	0.86804663073688	0.672497051555787	566	11
29071	0	-0.115027604818683	0	6	0.86804663073688	0.672497051555787	566	11
29072	5	0.501935671461559	1	6	0.86804663073688	0.672497051555787	566	11
29074	2	-0.106411686511053	0	6	0.86804663073688	0.672497051555787	566	11
29078	2	-0.0990565401967601	0	6	0.86804663073688	0.672497051555787	566	11
29079	3	0.139998582162419	0	6	0.86804663073688	0.672497051555787	566	11
29080	2	0.198012770088675	0	6	0.86804663073688	0.672497051555787	566	11
29081	2	0.141981490424907	0	6	0.86804663073688	0.672497051555787	566	11
29083	0	0.0214911444330197	0	6	0.86804663073688	0.672497051555787	566	11
29086	2	-0.070819107955623	0	6	0.86804663073688	0.672497051555787	566	11
29087	2	0.137763584960986	0	6	0.86804663073688	0.672497051555787	566	11
29088	2	-0.238106579150585	0	6	0.86804663073688	0.672497051555787	566	11
29091	1	0.0965264736358354	0	6	0.86804663073688	0.672497051555787	566	11
29093	2	0.255524360124919	0	6	0.86804663073688	0.672497051555787	566	11
29094	3	0.0513730146647853	0	6	0.86804663073688	0.672497051555787	566	11
29095	2	0.00907771475824122	0	6	0.86804663073688	0.672497051555787	566	11
29097	2	0.0992579926944209	0	6	0.86804663073688	0.672497051555787	566	11
29099	2	-0.175471597305023	0	6	0.86804663073688	0.672497051555787	566	11
29100	2	-0.28563930382383	0	6	0.86804663073688	0.672497051555787	566	11
29102	3	0.407279272235941	0	6	0.86804663073688	0.672497051555787	566	11
29103	2	0.0352611294409375	0	6	0.86804663073688	0.672497051555787	566	11
29104	3	0.25578754364521	0	6	0.86804663073688	0.672497051555787	566	11
29105	2	-0.290782723302759	0	6	0.86804663073688	0.672497051555787	566	11
29107	1	0.248307243884829	0	6	0.86804663073688	0.672497051555787	566	11
29108	1	0.0495062931949646	0	6	0.86804663073688	0.672497051555787	566	11
29109	1	0.549933358470449	0	6	0.86804663073688	0.672497051555787	566	11
29110	3	0.264663675333529	0	6	0.86804663073688	0.672497051555787	566	11
29114	1	0.0864969731960516	0	6	0.86804663073688	0.672497051555787	566	11
29115	2	0.080301892702663	0	6	0.86804663073688	0.672497051555787	566	11
29118	4	-0.0144692345595857	0	6	0.86804663073688	0.672497051555787	566	11
29119	3	0.0300941440962326	0	6	0.86804663073688	0.672497051555787	566	11
29121	1	0.363774744060605	0	6	0.86804663073688	0.672497051555787	566	11
29123	3	0.178289856961201	0	6	0.86804663073688	0.672497051555787	566	11
29127	1	0.423162703594437	0	6	0.86804663073688	0.672497051555787	566	11
29760	6	0.237464333105059	0	6	0.86804663073688	0.672497051555787	566	11
29761	3	0.046599641479414	0	6	0.86804663073688	0.672497051555787	566	11
29763	3	-0.305673314882265	0	6	0.86804663073688	0.672497051555787	566	11
29766	3	0.257321161709237	0	6	0.86804663073688	0.672497051555787	566	11
29767	3	-0.0480037132240681	0	6	0.86804663073688	0.672497051555787	566	11
29775	2	-0.0190418825148962	0	6	0.86804663073688	0.672497051555787	566	11
29777	2	0.111553623999838	0	6	0.86804663073688	0.672497051555787	566	11
29780	5	0.489680518121709	1	6	0.86804663073688	0.672497051555787	566	11
29781	1	0.137069327409568	0	6	0.86804663073688	0.672497051555787	566	11
29789	6	0.0954050173141658	0	6	0.86804663073688	0.672497051555787	566	11
29796	2	-0.240136773644701	0	6	0.86804663073688	0.672497051555787	566	11
29799	1	0.356984759647786	0	6	0.86804663073688	0.672497051555787	566	11
29802	1	0.213947312605109	0	6	0.86804663073688	0.672497051555787	566	11
29803	2	-0.109696255572587	0	6	0.86804663073688	0.672497051555787	566	11
29842	4	-0.0810944938515456	0	6	0.86804663073688	0.672497051555787	566	11
29844	1	0.322732329232414	0	6	0.86804663073688	0.672497051555787	566	11
29851	1	0.235988965389905	0	6	0.86804663073688	0.672497051555787	566	11
29855	1	0.51786003521266	0	6	0.86804663073688	0.672497051555787	566	11
29880	0	-0.211278606497895	0	6	0.86804663073688	0.672497051555787	566	11
29881	4	-0.0475836709721486	0	6	0.86804663073688	0.672497051555787	566	11
29882	0	0.0379976762183181	0	6	0.86804663073688	0.672497051555787	566	11
29883	3	0.141929752948043	0	6	0.86804663073688	0.672497051555787	566	11
29887	1	-0.0288344506317629	0	6	0.86804663073688	0.672497051555787	566	11
29888	0	0.0479324466327694	0	6	0.86804663073688	0.672497051555787	566	11
29889	3	0.177913224398573	0	6	0.86804663073688	0.672497051555787	566	11
29890	2	0.122519045213903	0	6	0.86804663073688	0.672497051555787	566	11
29893	2	0.12986599991133	0	6	0.86804663073688	0.672497051555787	566	11
29895	2	-0.186452323169556	0	6	0.86804663073688	0.672497051555787	566	11
29896	5	0.750682210065849	1	6	0.86804663073688	0.672497051555787	566	11
29899	1	0.516246459453282	0	6	0.86804663073688	0.672497051555787	566	11
29901	0	0.120203637137865	0	6	0.86804663073688	0.672497051555787	566	11
29902	5	0.676609911477548	1	6	0.86804663073688	0.672497051555787	566	11
29903	2	-0.0591249609441861	0	6	0.86804663073688	0.672497051555787	566	11
29906	0	0.0406705752430633	0	6	0.86804663073688	0.672497051555787	566	11
29911	4	-0.109085731421924	0	6	0.86804663073688	0.672497051555787	566	11
29914	2	-0.291244765670548	0	6	0.86804663073688	0.672497051555787	566	11
29915	3	0.471672694865712	0	6	0.86804663073688	0.672497051555787	566	11
29916	3	0.273060649244324	0	6	0.86804663073688	0.672497051555787	566	11
29919	2	0.112649965193879	0	6	0.86804663073688	0.672497051555787	566	11
29922	2	0.173095030600795	0	6	0.86804663073688	0.672497051555787	566	11
29923	2	-0.225535160135226	0	6	0.86804663073688	0.672497051555787	566	11
29924	2	-0.134547518784682	0	6	0.86804663073688	0.672497051555787	566	11
29926	1	0.126425019941658	0	6	0.86804663073688	0.672497051555787	566	11
29927	2	0.0209288141036431	0	6	0.86804663073688	0.672497051555787	566	11
29928	2	-0.046049559143992	0	6	0.86804663073688	0.672497051555787	566	11
29929	2	0.251020969834294	0	6	0.86804663073688	0.672497051555787	566	11
29933	1	0.470020803851015	0	6	0.86804663073688	0.672497051555787	566	11
29937	2	0.0628612440038613	0	6	0.86804663073688	0.672497051555787	566	11
29942	1	0.37908741013406	0	6	0.86804663073688	0.672497051555787	566	11
29944	0	0.00935206996520753	0	6	0.86804663073688	0.672497051555787	566	11
29946	3	0.235514562501404	0	6	0.86804663073688	0.672497051555787	566	11
29948	4	-0.225215087154027	0	6	0.86804663073688	0.672497051555787	566	11
29951	1	0.173858101524722	0	6	0.86804663073688	0.672497051555787	566	11
29953	4	-0.084941309971289	0	6	0.86804663073688	0.672497051555787	566	11
29954	3	-0.0276458453885417	0	6	0.86804663073688	0.672497051555787	566	11
29956	4	-0.242577588356996	0	6	0.86804663073688	0.672497051555787	566	11
29957	2	-0.0103912886484854	0	6	0.86804663073688	0.672497051555787	566	11
29959	1	0.506181197681528	0	6	0.86804663073688	0.672497051555787	566	11
29960	2	0.0993965334117012	0	6	0.86804663073688	0.672497051555787	566	11
29965	4	-0.114996550118998	0	6	0.86804663073688	0.672497051555787	566	11
29966	3	0.175026998891554	0	6	0.86804663073688	0.672497051555787	566	11
29967	1	0.286139079430126	0	6	0.86804663073688	0.672497051555787	566	11
29968	4	-0.312867443836837	0	6	0.86804663073688	0.672497051555787	566	11
29969	3	0.18947525813862	0	6	0.86804663073688	0.672497051555787	566	11
29974	4	-0.353742575107027	0	6	0.86804663073688	0.672497051555787	566	11
29978	2	-0.127156401914112	0	6	0.86804663073688	0.672497051555787	566	11
29980	2	0.395076701307102	0	6	0.86804663073688	0.672497051555787	566	11
29982	1	0.178970515118588	0	6	0.86804663073688	0.672497051555787	566	11
29984	1	0.198581924390958	0	6	0.86804663073688	0.672497051555787	566	11
29988	1	0.231509888279039	0	6	0.86804663073688	0.672497051555787	566	11
29992	1	0.175693959997154	0	6	0.86804663073688	0.672497051555787	566	11
29994	5	0.649054162289027	1	6	0.86804663073688	0.672497051555787	566	11
29995	1	0.45587991920753	0	6	0.86804663073688	0.672497051555787	566	11
29998	2	-0.048512279022962	0	6	0.86804663073688	0.672497051555787	566	11
30000	2	-0.162293774228662	0	6	0.86804663073688	0.672497051555787	566	11
30001	2	0.0259168592338369	0	6	0.86804663073688	0.672497051555787	566	11
30008	2	-0.00825713083375816	0	6	0.86804663073688	0.672497051555787	566	11
30009	1	0.0731971374032161	0	6	0.86804663073688	0.672497051555787	566	11
30811	1	-0.0396530089171497	0	6	0.86804663073688	0.672497051555787	566	11
30817	1	0.29065549102079	0	6	0.86804663073688	0.672497051555787	566	11
30819	1	0.415364874137392	0	6	0.86804663073688	0.672497051555787	566	11
30820	2	-0.0249405229279695	0	6	0.86804663073688	0.672497051555787	566	11
30827	0	0.37072682847243	0	6	0.86804663073688	0.672497051555787	566	11
30833	2	-0.104848846485113	0	6	0.86804663073688	0.672497051555787	566	11
30835	1	0.400998829831569	0	6	0.86804663073688	0.672497051555787	566	11
30836	0	0.385367745983101	0	6	0.86804663073688	0.672497051555787	566	11
30837	0	0.137735914703181	0	6	0.86804663073688	0.672497051555787	566	11
30844	3	0.168423512644062	0	6	0.86804663073688	0.672497051555787	566	11
30845	3	-0.0202001980953637	0	6	0.86804663073688	0.672497051555787	566	11
30846	2	0.0967109182005261	0	6	0.86804663073688	0.672497051555787	566	11
30849	3	0.0193177509406468	0	6	0.86804663073688	0.672497051555787	566	11
30850	1	0.607682054104347	0	6	0.86804663073688	0.672497051555787	566	11
30968	2	-0.27570438830642	0	6	0.86804663073688	0.672497051555787	566	11
49855	3	0.215086804510937	0	6	0.86804663073688	0.672497051555787	566	11
49856	2	0.145795603436743	0	6	0.86804663073688	0.672497051555787	566	11
50485	3	0.0955337300328434	0	6	0.86804663073688	0.672497051555787	566	11
50486	2	-0.32687963636518	0	6	0.86804663073688	0.672497051555787	566	11
50488	0	0.142736208405066	0	6	0.86804663073688	0.672497051555787	566	11
50489	1	0.256168392390712	0	6	0.86804663073688	0.672497051555787	566	11
50506	0	0.201610956688373	0	6	0.86804663073688	0.672497051555787	566	11
50507	4	-0.226825800602037	0	6	0.86804663073688	0.672497051555787	566	11
50509	1	0.462801827105843	0	6	0.86804663073688	0.672497051555787	566	11
50512	0	0.243282563690123	0	6	0.86804663073688	0.672497051555787	566	11
50515	1	0.42046951234956	0	6	0.86804663073688	0.672497051555787	566	11
50613	0	0.277927285202578	0	6	0.86804663073688	0.672497051555787	566	11
50615	5	0.422802033475569	1	6	0.86804663073688	0.672497051555787	566	11
50617	9	-0.0507987159641047	0	6	0.86804663073688	0.672497051555787	566	11
50618	2	0.534202617601744	0	6	0.86804663073688	0.672497051555787	566	11
50619	1	0.427955612971231	0	6	0.86804663073688	0.672497051555787	566	11
50626	2	0.0198955845993438	0	6	0.86804663073688	0.672497051555787	566	11
50628	2	0.0533770172490435	0	6	0.86804663073688	0.672497051555787	566	11
50649	0	0.174358812712986	0	6	0.86804663073688	0.672497051555787	566	11
50650	3	0.103744956699844	0	6	0.86804663073688	0.672497051555787	566	11
50700	0	0.0462149598180747	0	6	0.86804663073688	0.672497051555787	566	11
50717	3	0.211309409162252	0	6	0.86804663073688	0.672497051555787	566	11
50807	5	0.766129043119001	1	6	0.86804663073688	0.672497051555787	566	11
50809	0	0.29959533903062	0	6	0.86804663073688	0.672497051555787	566	11
50810	3	0.287857870807189	0	6	0.86804663073688	0.672497051555787	566	11
50813	2	-0.121018937134617	0	6	0.86804663073688	0.672497051555787	566	11
50814	2	0.0228987371791421	0	6	0.86804663073688	0.672497051555787	566	11
50831	5	0.687540872877641	1	6	0.86804663073688	0.672497051555787	566	11
50832	5	0.516601369911826	1	6	0.86804663073688	0.672497051555787	566	11
50838	5	0.53807656414189	1	6	0.86804663073688	0.672497051555787	566	11
50852	1	0.24675025690552	0	6	0.86804663073688	0.672497051555787	566	11
50853	0	0.34725250254701	0	6	0.86804663073688	0.672497051555787	566	11
50855	2	-0.0334287200232187	0	6	0.86804663073688	0.672497051555787	566	11
50856	1	0.205826533391986	0	6	0.86804663073688	0.672497051555787	566	11
50861	1	0.444569105368451	0	6	0.86804663073688	0.672497051555787	566	11
50862	3	0.0211794619097063	0	6	0.86804663073688	0.672497051555787	566	11
50865	3	-0.0930511531622465	0	6	0.86804663073688	0.672497051555787	566	11
50937	0	0.401315297492161	0	6	0.86804663073688	0.672497051555787	566	11
50939	0	0.283207446433397	0	6	0.86804663073688	0.672497051555787	566	11
50940	1	0.18491855278671	0	6	0.86804663073688	0.672497051555787	566	11
50943	1	0.244141306052475	0	6	0.86804663073688	0.672497051555787	566	11
50944	0	0.297275219977726	0	6	0.86804663073688	0.672497051555787	566	11
50999	2	-0.0897721075898841	0	6	0.86804663073688	0.672497051555787	566	11
51001	2	0.189192047947815	0	6	0.86804663073688	0.672497051555787	566	11
51002	5	0.555964750566478	1	6	0.86804663073688	0.672497051555787	566	11
51003	2	-0.0517876522211138	0	6	0.86804663073688	0.672497051555787	566	11
51004	4	-0.244666009658607	0	6	0.86804663073688	0.672497051555787	566	11
51006	2	0.0560186781371008	0	6	0.86804663073688	0.672497051555787	566	11
51008	3	0.466775220959877	0	6	0.86804663073688	0.672497051555787	566	11
51009	2	-0.124368561116228	0	6	0.86804663073688	0.672497051555787	566	11
51012	2	-0.0252807149388167	0	6	0.86804663073688	0.672497051555787	566	11
51015	2	-0.183229210331224	0	6	0.86804663073688	0.672497051555787	566	11
51016	2	-0.0696408973659231	0	6	0.86804663073688	0.672497051555787	566	11
51018	2	0.0716362940670474	0	6	0.86804663073688	0.672497051555787	566	11
51019	3	0.0690931895411528	0	6	0.86804663073688	0.672497051555787	566	11
51020	2	-0.310270978534812	0	6	0.86804663073688	0.672497051555787	566	11
51022	3	0.00457533839566343	0	6	0.86804663073688	0.672497051555787	566	11
51023	1	0.44183942241846	0	6	0.86804663073688	0.672497051555787	566	11
51024	2	-0.179595382510541	0	6	0.86804663073688	0.672497051555787	566	11
51026	0	0.0862786089479498	0	6	0.86804663073688	0.672497051555787	566	11
51027	2	-0.32740854921206	0	6	0.86804663073688	0.672497051555787	566	11
51029	0	0.399054215704261	0	6	0.86804663073688	0.672497051555787	566	11
51031	2	-0.0461730377285987	0	6	0.86804663073688	0.672497051555787	566	11
51035	2	-0.0746027396314168	0	6	0.86804663073688	0.672497051555787	566	11
51042	2	-0.379701678741185	0	6	0.86804663073688	0.672497051555787	566	11
51043	1	0.296145105146151	0	6	0.86804663073688	0.672497051555787	566	11
51050	1	0.231430084935048	0	6	0.86804663073688	0.672497051555787	566	11
51053	2	-0.0787578052314204	0	6	0.86804663073688	0.672497051555787	566	11
51056	0	0.157219603657931	0	6	0.86804663073688	0.672497051555787	566	11
51063	1	0.566045914103079	0	6	0.86804663073688	0.672497051555787	566	11
51065	6	0.0100225892344255	0	6	0.86804663073688	0.672497051555787	566	11
51066	1	0.409755716566818	0	6	0.86804663073688	0.672497051555787	566	11
51067	1	0.325674368311758	0	6	0.86804663073688	0.672497051555787	566	11
51068	3	0.141334514213593	0	6	0.86804663073688	0.672497051555787	566	11
51069	2	-0.0143018929460272	0	6	0.86804663073688	0.672497051555787	566	11
51070	7	-0.030519392135985	0	6	0.86804663073688	0.672497051555787	566	11
51071	4	-0.325093972925159	0	6	0.86804663073688	0.672497051555787	566	11
51073	2	-0.173576801642714	0	6	0.86804663073688	0.672497051555787	566	11
51075	3	0.177914153439065	0	6	0.86804663073688	0.672497051555787	566	11
51076	2	-0.10148536929137	0	6	0.86804663073688	0.672497051555787	566	11
51077	2	0.184139711072281	0	6	0.86804663073688	0.672497051555787	566	11
51078	2	-0.0961739945889783	0	6	0.86804663073688	0.672497051555787	566	11
51081	2	-0.198733955280784	0	6	0.86804663073688	0.672497051555787	566	11
51082	2	-0.0120917715833991	0	6	0.86804663073688	0.672497051555787	566	11
51084	4	-0.378927247034094	0	6	0.86804663073688	0.672497051555787	566	11
51085	4	-0.276891016210594	0	6	0.86804663073688	0.672497051555787	566	11
51087	0	0.307586767376981	0	6	0.86804663073688	0.672497051555787	566	11
51090	4	0.0444401338079512	0	6	0.86804663073688	0.672497051555787	566	11
51092	2	0.16819312186032	0	6	0.86804663073688	0.672497051555787	566	11
51093	3	0.190039962019794	0	6	0.86804663073688	0.672497051555787	566	11
51094	3	-0.143339720112986	0	6	0.86804663073688	0.672497051555787	566	11
51096	1	0.413196262653179	0	6	0.86804663073688	0.672497051555787	566	11
51097	4	-0.342388361433309	0	6	0.86804663073688	0.672497051555787	566	11
51098	3	0.221968271556599	0	6	0.86804663073688	0.672497051555787	566	11
51099	0	0.151274745009898	0	6	0.86804663073688	0.672497051555787	566	11
51100	2	0.0345432072151205	0	6	0.86804663073688	0.672497051555787	566	11
51101	3	0.0667886811937553	0	6	0.86804663073688	0.672497051555787	566	11
51102	2	-0.16807799027484	0	6	0.86804663073688	0.672497051555787	566	11
51103	4	0.0254138461225738	0	6	0.86804663073688	0.672497051555787	566	11
51104	2	0.0938119602440082	0	6	0.86804663073688	0.672497051555787	566	11
51105	5	0.783574925293331	1	6	0.86804663073688	0.672497051555787	566	11
51106	0	0.312605357159737	0	6	0.86804663073688	0.672497051555787	566	11
51107	0	0.0530025502196325	0	6	0.86804663073688	0.672497051555787	566	11
51108	4	-0.262324960151829	0	6	0.86804663073688	0.672497051555787	566	11
51109	4	-0.190844878144342	0	6	0.86804663073688	0.672497051555787	566	11
51110	4	-0.0621208968792011	0	6	0.86804663073688	0.672497051555787	566	11
51111	0	0.431994678732107	0	6	0.86804663073688	0.672497051555787	566	11
51112	2	0.243758558886234	0	6	0.86804663073688	0.672497051555787	566	11
51115	3	0.0282680110401011	0	6	0.86804663073688	0.672497051555787	566	11
51116	4	-0.229564324290828	0	6	0.86804663073688	0.672497051555787	566	11
51117	2	-0.0459543064176878	0	6	0.86804663073688	0.672497051555787	566	11
51118	1	0.297254887796158	0	6	0.86804663073688	0.672497051555787	566	11
51125	2	-0.0716030900479288	0	6	0.86804663073688	0.672497051555787	566	11
51127	0	0.209544267095893	0	6	0.86804663073688	0.672497051555787	566	11
51128	2	0.242215993213042	0	6	0.86804663073688	0.672497051555787	566	11
51129	2	-0.0260633839217767	0	6	0.86804663073688	0.672497051555787	566	11
51131	5	0.705309171625708	1	6	0.86804663073688	0.672497051555787	566	11
51133	0	0.121919684011163	0	6	0.86804663073688	0.672497051555787	566	11
51134	0	0.436260965952634	0	6	0.86804663073688	0.672497051555787	566	11
51135	3	0.172854784506221	0	6	0.86804663073688	0.672497051555787	566	11
51136	1	0.219213843425732	0	6	0.86804663073688	0.672497051555787	566	11
51138	2	-0.219994348810232	0	6	0.86804663073688	0.672497051555787	566	11
51141	2	-0.189565314095467	0	6	0.86804663073688	0.672497051555787	566	11
51142	2	-0.221574362542004	0	6	0.86804663073688	0.672497051555787	566	11
51143	2	-0.0814099857775498	0	6	0.86804663073688	0.672497051555787	566	11
51144	2	-0.0607030382078563	0	6	0.86804663073688	0.672497051555787	566	11
51146	0	0.181845328795599	0	6	0.86804663073688	0.672497051555787	566	11
51147	1	0.366884706807334	0	6	0.86804663073688	0.672497051555787	566	11
51149	0	0.251971549545599	0	6	0.86804663073688	0.672497051555787	566	11
51150	2	-0.0377922033658448	0	6	0.86804663073688	0.672497051555787	566	11
51151	0	-0.0505586647050388	0	6	0.86804663073688	0.672497051555787	566	11
51154	1	0.206374815387263	0	6	0.86804663073688	0.672497051555787	566	11
51155	1	0.381425307230852	0	6	0.86804663073688	0.672497051555787	566	11
51157	1	0.31852313297799	0	6	0.86804663073688	0.672497051555787	566	11
51160	2	-0.190825649376932	0	6	0.86804663073688	0.672497051555787	566	11
51161	0	0.261101065072307	0	6	0.86804663073688	0.672497051555787	566	11
51162	2	0.099175713267421	0	6	0.86804663073688	0.672497051555787	566	11
51163	2	0.217439464885927	0	6	0.86804663073688	0.672497051555787	566	11
51164	3	0.104364996043555	0	6	0.86804663073688	0.672497051555787	566	11
51167	1	0.154548487535484	0	6	0.86804663073688	0.672497051555787	566	11
51168	2	0.277173801050507	0	6	0.86804663073688	0.672497051555787	566	11
51170	4	0.0995122147965867	0	6	0.86804663073688	0.672497051555787	566	11
51171	4	-0.209676128488194	0	6	0.86804663073688	0.672497051555787	566	11
51172	2	0.0624492014969717	0	6	0.86804663073688	0.672497051555787	566	11
51174	0	0.483521636354594	0	6	0.86804663073688	0.672497051555787	566	11
51176	1	0.334732572208151	0	6	0.86804663073688	0.672497051555787	566	11
51177	3	0.300014817046114	0	6	0.86804663073688	0.672497051555787	566	11
51179	4	-0.36411292853103	0	6	0.86804663073688	0.672497051555787	566	11
51181	4	-0.420760773838572	0	6	0.86804663073688	0.672497051555787	566	11
51182	0	0.305399310295294	0	6	0.86804663073688	0.672497051555787	566	11
51184	2	-0.0336908361359283	0	6	0.86804663073688	0.672497051555787	566	11
51185	0	0.302735923752692	0	6	0.86804663073688	0.672497051555787	566	11
51186	2	-0.147924309783962	0	6	0.86804663073688	0.672497051555787	566	11
51187	1	0.235191390156576	0	6	0.86804663073688	0.672497051555787	566	11
51188	2	-0.00252004065070722	0	6	0.86804663073688	0.672497051555787	566	11
51191	10	0.151439634465677	0	6	0.86804663073688	0.672497051555787	566	11
51192	1	0.283656217433966	0	6	0.86804663073688	0.672497051555787	566	11
51193	5	0.538572790280398	1	6	0.86804663073688	0.672497051555787	566	11
51195	0	0.310696920222504	0	6	0.86804663073688	0.672497051555787	566	11
51196	3	0.145216725901083	0	6	0.86804663073688	0.672497051555787	566	11
51200	1	0.354462817506034	0	6	0.86804663073688	0.672497051555787	566	11
51203	1	0.205439695639379	0	6	0.86804663073688	0.672497051555787	566	11
51204	4	-0.214683107746579	0	6	0.86804663073688	0.672497051555787	566	11
51206	0	0.241585494701937	0	6	0.86804663073688	0.672497051555787	566	11
51207	2	-0.0279374998418043	0	6	0.86804663073688	0.672497051555787	566	11
51208	2	0.262446627249377	0	6	0.86804663073688	0.672497051555787	566	11
51218	2	-0.290773547509142	0	6	0.86804663073688	0.672497051555787	566	11
51222	2	-0.0225089251984813	0	6	0.86804663073688	0.672497051555787	566	11
51224	1	0.319372013863538	0	6	0.86804663073688	0.672497051555787	566	11
51226	3	0.08772647070503	0	6	0.86804663073688	0.672497051555787	566	11
51227	2	-0.101063421225881	0	6	0.86804663073688	0.672497051555787	566	11
51228	7	0.0792445953836148	0	6	0.86804663073688	0.672497051555787	566	11
51230	3	0.176695590326069	0	6	0.86804663073688	0.672497051555787	566	11
51231	4	-0.126310457888121	0	6	0.86804663073688	0.672497051555787	566	11
51233	0	0.364131226566843	0	6	0.86804663073688	0.672497051555787	566	11
51237	1	0.329701616460254	0	6	0.86804663073688	0.672497051555787	566	11
51257	2	0.218938519101501	0	6	0.86804663073688	0.672497051555787	566	11
51265	3	0.203054905272536	0	6	0.86804663073688	0.672497051555787	566	11
51267	3	0.0753659465798058	0	6	0.86804663073688	0.672497051555787	566	11
51268	4	-0.218119071698927	0	6	0.86804663073688	0.672497051555787	566	11
51271	2	-0.00719277543181278	0	6	0.86804663073688	0.672497051555787	566	11
51272	2	-0.0136351316777473	0	6	0.86804663073688	0.672497051555787	566	11
51274	5	0.692072504951899	1	6	0.86804663073688	0.672497051555787	566	11
51276	0	0.218346691083923	0	6	0.86804663073688	0.672497051555787	566	11
51278	3	0.158651971292471	0	6	0.86804663073688	0.672497051555787	566	11
51279	1	0.229856410315199	0	6	0.86804663073688	0.672497051555787	566	11
51280	6	0.101414515658818	0	6	0.86804663073688	0.672497051555787	566	11
51281	1	0.381056332148747	0	6	0.86804663073688	0.672497051555787	566	11
51282	2	-0.196718950571869	0	6	0.86804663073688	0.672497051555787	566	11
51283	2	0.028368172186536	0	6	0.86804663073688	0.672497051555787	566	11
51284	1	0.337805148160871	0	6	0.86804663073688	0.672497051555787	566	11
51285	1	0.238175069193417	0	6	0.86804663073688	0.672497051555787	566	11
51286	0	-0.00561227225146721	0	6	0.86804663073688	0.672497051555787	566	11
51287	2	-0.0668585886126594	0	6	0.86804663073688	0.672497051555787	566	11
51290	0	0.12589773178266	0	6	0.86804663073688	0.672497051555787	566	11
51291	1	0.0611559396717428	0	6	0.86804663073688	0.672497051555787	566	11
51292	2	-0.0920720879847048	0	6	0.86804663073688	0.672497051555787	566	11
51293	7	0.00499748367075328	0	6	0.86804663073688	0.672497051555787	566	11
51294	3	0.356611554462422	0	6	0.86804663073688	0.672497051555787	566	11
51295	4	-0.265131828201757	0	6	0.86804663073688	0.672497051555787	566	11
51296	10	0.151342040753236	0	6	0.86804663073688	0.672497051555787	566	11
51299	3	-0.0189353489702417	0	6	0.86804663073688	0.672497051555787	566	11
51301	3	0.29258267004228	0	6	0.86804663073688	0.672497051555787	566	11
51302	3	-0.282155155130353	0	6	0.86804663073688	0.672497051555787	566	11
51303	1	0.369659960045738	0	6	0.86804663073688	0.672497051555787	566	11
51304	1	0.454397704940586	0	6	0.86804663073688	0.672497051555787	566	11
51306	3	0.330639333925894	0	6	0.86804663073688	0.672497051555787	566	11
51307	0	0.231315545521853	0	6	0.86804663073688	0.672497051555787	566	11
51308	1	0.358778350642527	0	6	0.86804663073688	0.672497051555787	566	11
51309	3	-0.0269421015739531	0	6	0.86804663073688	0.672497051555787	566	11
51310	0	-0.0479869849129762	0	6	0.86804663073688	0.672497051555787	566	11
51311	1	-0.0200668012890931	0	6	0.86804663073688	0.672497051555787	566	11
51312	3	0.324173568707255	0	6	0.86804663073688	0.672497051555787	566	11
51313	1	0.246500156860351	0	6	0.86804663073688	0.672497051555787	566	11
51315	3	-0.0953798182442537	0	6	0.86804663073688	0.672497051555787	566	11
51316	1	0.153053930118024	0	6	0.86804663073688	0.672497051555787	566	11
51317	0	0.296038122334921	0	6	0.86804663073688	0.672497051555787	566	11
51319	2	0.0946240053673552	0	6	0.86804663073688	0.672497051555787	566	11
51320	2	-0.103378977933428	0	6	0.86804663073688	0.672497051555787	566	11
51321	2	-0.0413029789073942	0	6	0.86804663073688	0.672497051555787	566	11
51322	3	0.171476388252994	0	6	0.86804663073688	0.672497051555787	566	11
51324	2	-0.20284749666358	0	6	0.86804663073688	0.672497051555787	566	11
51327	2	0.0366748598764219	0	6	0.86804663073688	0.672497051555787	566	11
51329	2	-0.121359702268857	0	6	0.86804663073688	0.672497051555787	566	11
51330	1	0.279272945790172	0	6	0.86804663073688	0.672497051555787	566	11
51332	1	0.490601572583596	0	6	0.86804663073688	0.672497051555787	566	11
51333	1	0.156301345803599	0	6	0.86804663073688	0.672497051555787	566	11
51335	2	-0.0418690858190042	0	6	0.86804663073688	0.672497051555787	566	11
51337	2	-0.0290852191708373	0	6	0.86804663073688	0.672497051555787	566	11
51338	1	0.224868815441913	0	6	0.86804663073688	0.672497051555787	566	11
51339	1	0.394139648501229	0	6	0.86804663073688	0.672497051555787	566	11
51340	3	0.0636075852433576	0	6	0.86804663073688	0.672497051555787	566	11
51341	2	0.231352486308396	0	6	0.86804663073688	0.672497051555787	566	11
51343	2	-0.0406902960967318	0	6	0.86804663073688	0.672497051555787	566	11
51347	0	0.0303773374748634	0	6	0.86804663073688	0.672497051555787	566	11
51360	3	0.0704353455078442	0	6	0.86804663073688	0.672497051555787	566	11
51361	6	-0.0915371637319393	0	6	0.86804663073688	0.672497051555787	566	11
51362	3	0.0909438529666227	0	6	0.86804663073688	0.672497051555787	566	11
51363	1	0.391843506749426	0	6	0.86804663073688	0.672497051555787	566	11
51364	0	-0.0429729767064112	0	6	0.86804663073688	0.672497051555787	566	11
51365	0	0.153367730506638	0	6	0.86804663073688	0.672497051555787	566	11
51366	5	0.684606173466808	1	6	0.86804663073688	0.672497051555787	566	11
51367	2	-0.207968193858115	0	6	0.86804663073688	0.672497051555787	566	11
51368	2	-0.193912242807981	0	6	0.86804663073688	0.672497051555787	566	11
51371	2	0.316301421949003	0	6	0.86804663073688	0.672497051555787	566	11
51373	2	-0.0325058162426759	0	6	0.86804663073688	0.672497051555787	566	11
51374	2	-0.247099713273292	0	6	0.86804663073688	0.672497051555787	566	11
51375	0	-0.0064594232220728	0	6	0.86804663073688	0.672497051555787	566	11
51377	2	0.0883261030638951	0	6	0.86804663073688	0.672497051555787	566	11
51378	1	0.13360461683581	0	6	0.86804663073688	0.672497051555787	566	11
51379	5	0.620056793826951	1	6	0.86804663073688	0.672497051555787	566	11
51380	5	0.729170845653988	1	6	0.86804663073688	0.672497051555787	566	11
51382	2	-0.428231265295371	0	6	0.86804663073688	0.672497051555787	566	11
51384	0	0.0197819217329335	0	6	0.86804663073688	0.672497051555787	566	11
51385	0	0.458262073268136	0	6	0.86804663073688	0.672497051555787	566	11
51386	7	0.179212410737036	0	6	0.86804663073688	0.672497051555787	566	11
51388	2	0.0516260116932701	0	6	0.86804663073688	0.672497051555787	566	11
51389	2	-0.16058234359421	0	6	0.86804663073688	0.672497051555787	566	11
51393	4	0.21401845315797	0	6	0.86804663073688	0.672497051555787	566	11
51397	2	0.437167081484392	0	6	0.86804663073688	0.672497051555787	566	11
51398	2	-0.170252555513586	0	6	0.86804663073688	0.672497051555787	566	11
51400	3	-0.0560753898918379	0	6	0.86804663073688	0.672497051555787	566	11
51406	2	-0.101690625912674	0	6	0.86804663073688	0.672497051555787	566	11
51409	2	-0.0511934024956921	0	6	0.86804663073688	0.672497051555787	566	11
51411	1	-0.0267210983066279	0	6	0.86804663073688	0.672497051555787	566	11
51421	3	0.302686541447587	0	6	0.86804663073688	0.672497051555787	566	11
51422	4	0.0884257329020823	0	6	0.86804663073688	0.672497051555787	566	11
51427	1	0.443904649103819	0	6	0.86804663073688	0.672497051555787	566	11
51428	2	-0.00431414889604536	0	6	0.86804663073688	0.672497051555787	566	11
51430	3	-0.158230061115419	0	6	0.86804663073688	0.672497051555787	566	11
51433	0	0.28084115152515	0	6	0.86804663073688	0.672497051555787	566	11
51435	1	0.42426747383754	0	6	0.86804663073688	0.672497051555787	566	11
51439	4	0.201338186531069	0	6	0.86804663073688	0.672497051555787	566	11
51440	1	0.129004600992804	0	6	0.86804663073688	0.672497051555787	566	11
51442	0	-0.0552967471724125	0	6	0.86804663073688	0.672497051555787	566	11
51444	1	0.539183342077384	0	6	0.86804663073688	0.672497051555787	566	11
51447	3	0.344713409284834	0	6	0.86804663073688	0.672497051555787	566	11
51449	2	-0.185872574998321	0	6	0.86804663073688	0.672497051555787	566	11
51451	7	-0.0183812310433843	0	6	0.86804663073688	0.672497051555787	566	11
51454	3	0.0336318320288766	0	6	0.86804663073688	0.672497051555787	566	11
51455	0	0.432290233651312	0	6	0.86804663073688	0.672497051555787	566	11
51458	9	-0.174923832786165	0	6	0.86804663073688	0.672497051555787	566	11
51460	6	0.0989518560729303	0	6	0.86804663073688	0.672497051555787	566	11
51465	0	0.171736842889291	0	6	0.86804663073688	0.672497051555787	566	11
51466	2	0.190193860540545	0	6	0.86804663073688	0.672497051555787	566	11
51471	4	-0.267675157075885	0	6	0.86804663073688	0.672497051555787	566	11
51474	5	0.793294883257389	1	6	0.86804663073688	0.672497051555787	566	11
51477	0	0.283362012708581	0	6	0.86804663073688	0.672497051555787	566	11
51479	3	0.100355773788454	0	6	0.86804663073688	0.672497051555787	566	11
51490	2	0.0632258072099013	0	6	0.86804663073688	0.672497051555787	566	11
51491	2	-0.0972965940144532	0	6	0.86804663073688	0.672497051555787	566	11
51493	2	0.0473449490966373	0	6	0.86804663073688	0.672497051555787	566	11
51495	2	-0.0689396211775015	0	6	0.86804663073688	0.672497051555787	566	11
51497	2	0.0641907146981006	0	6	0.86804663073688	0.672497051555787	566	11
51499	1	0.183004391125663	0	6	0.86804663073688	0.672497051555787	566	11
51501	5	0.545461178071747	1	6	0.86804663073688	0.672497051555787	566	11
51504	2	0.0169057908518437	0	6	0.86804663073688	0.672497051555787	566	11
51506	2	-0.0916500379984343	0	6	0.86804663073688	0.672497051555787	566	11
51507	2	-0.162659167485076	0	6	0.86804663073688	0.672497051555787	566	11
51510	3	0.0188837196896553	0	6	0.86804663073688	0.672497051555787	566	11
51512	1	0.226117072408373	0	6	0.86804663073688	0.672497051555787	566	11
51513	1	0.263794546234627	0	6	0.86804663073688	0.672497051555787	566	11
51514	1	0.362939460802003	0	6	0.86804663073688	0.672497051555787	566	11
51517	2	-0.133741556995715	0	6	0.86804663073688	0.672497051555787	566	11
51520	1	0.260167521244955	0	6	0.86804663073688	0.672497051555787	566	11
51526	3	0.0577624084844139	0	6	0.86804663073688	0.672497051555787	566	11
51531	2	0.0492602126868214	0	6	0.86804663073688	0.672497051555787	566	11
51533	3	0.0594802786238688	0	6	0.86804663073688	0.672497051555787	566	11
51542	3	0.39850741120021	0	6	0.86804663073688	0.672497051555787	566	11
51547	0	0.0665827266655236	0	6	0.86804663073688	0.672497051555787	566	11
51548	4	0.1159348038197	0	6	0.86804663073688	0.672497051555787	566	11
51550	0	0.234086638790896	0	6	0.86804663073688	0.672497051555787	566	11
51552	2	-0.112969934406037	0	6	0.86804663073688	0.672497051555787	566	11
51555	3	0.201181845163081	0	6	0.86804663073688	0.672497051555787	566	11
51557	0	-0.146829043916029	0	6	0.86804663073688	0.672497051555787	566	11
51559	1	0.258138145347883	0	6	0.86804663073688	0.672497051555787	566	11
51560	1	0.29398325229878	0	6	0.86804663073688	0.672497051555787	566	11
51562	2	-0.0298367466136072	0	6	0.86804663073688	0.672497051555787	566	11
51564	5	0.63511395758702	1	6	0.86804663073688	0.672497051555787	566	11
51566	3	-0.0219400928676152	0	6	0.86804663073688	0.672497051555787	566	11
51567	4	-0.0924391612475012	0	6	0.86804663073688	0.672497051555787	566	11
51569	3	0.148377471341895	0	6	0.86804663073688	0.672497051555787	566	11
51571	1	0.329569252290254	0	6	0.86804663073688	0.672497051555787	566	11
51573	3	-0.095516860628878	0	6	0.86804663073688	0.672497051555787	566	11
51574	0	0.347188176677506	0	6	0.86804663073688	0.672497051555787	566	11
51575	0	0.231714710922271	0	6	0.86804663073688	0.672497051555787	566	11
51582	2	0.122529862969776	0	6	0.86804663073688	0.672497051555787	566	11
51585	5	0.522172982968228	1	6	0.86804663073688	0.672497051555787	566	11
51586	2	-0.050316799571331	0	6	0.86804663073688	0.672497051555787	566	11
51588	0	-0.014978620874958	0	6	0.86804663073688	0.672497051555787	566	11
51592	0	0.298335071356321	0	6	0.86804663073688	0.672497051555787	566	11
51593	1	0.283401110183484	0	6	0.86804663073688	0.672497051555787	566	11
51594	0	0.303515014602021	0	6	0.86804663073688	0.672497051555787	566	11
51599	1	0.0928081756348955	0	6	0.86804663073688	0.672497051555787	566	11
51601	5	0.521575967058535	1	6	0.86804663073688	0.672497051555787	566	11
51603	2	-0.0294736534852732	0	6	0.86804663073688	0.672497051555787	566	11
51604	2	-0.0373823690756349	0	6	0.86804663073688	0.672497051555787	566	11
51606	2	-0.0564687452261829	0	6	0.86804663073688	0.672497051555787	566	11
51611	1	0.258570645933779	0	6	0.86804663073688	0.672497051555787	566	11
51614	7	-0.00448024445711339	0	6	0.86804663073688	0.672497051555787	566	11
51616	2	0.015987257764545	0	6	0.86804663073688	0.672497051555787	566	11
51619	0	0.0605708505479961	0	6	0.86804663073688	0.672497051555787	566	11
51621	2	0.165815788535756	0	6	0.86804663073688	0.672497051555787	566	11
51626	1	0.248608791135551	0	6	0.86804663073688	0.672497051555787	566	11
51634	2	0.207256452179902	0	6	0.86804663073688	0.672497051555787	566	11
51635	7	0.0552715190148649	0	6	0.86804663073688	0.672497051555787	566	11
51637	7	-0.0365598549384416	0	6	0.86804663073688	0.672497051555787	566	11
51642	2	-0.190204458157995	0	6	0.86804663073688	0.672497051555787	566	11
51643	2	0.106968308739056	0	6	0.86804663073688	0.672497051555787	566	11
51646	2	0.00276416449579891	0	6	0.86804663073688	0.672497051555787	566	11
51647	2	-0.370674512101634	0	6	0.86804663073688	0.672497051555787	566	11
51650	2	-0.199980327139641	0	6	0.86804663073688	0.672497051555787	566	11
51651	1	0.465646695769639	0	6	0.86804663073688	0.672497051555787	566	11
51654	5	0.630317941968975	1	6	0.86804663073688	0.672497051555787	566	11
51657	2	0.064864611375288	0	6	0.86804663073688	0.672497051555787	566	11
51659	1	0.178325078816032	0	6	0.86804663073688	0.672497051555787	566	11
51660	4	-0.299817042191727	0	6	0.86804663073688	0.672497051555787	566	11
51663	3	0.0445795334349934	0	6	0.86804663073688	0.672497051555787	566	11
51665	3	0.0150524585635203	0	6	0.86804663073688	0.672497051555787	566	11
51668	2	0.0611052633861264	0	6	0.86804663073688	0.672497051555787	566	11
51669	2	-0.0921689404949333	0	6	0.86804663073688	0.672497051555787	566	11
51673	3	-0.185509343260752	0	6	0.86804663073688	0.672497051555787	566	11
51686	0	0.199525870587899	0	6	0.86804663073688	0.672497051555787	566	11
51690	7	-0.130377249817062	0	6	0.86804663073688	0.672497051555787	566	11
51691	1	0.271644781419103	0	6	0.86804663073688	0.672497051555787	566	11
51693	2	-0.277335584301362	0	6	0.86804663073688	0.672497051555787	566	11
51696	3	0.183659548000215	0	6	0.86804663073688	0.672497051555787	566	11
51700	3	-0.116520685539235	0	6	0.86804663073688	0.672497051555787	566	11
51701	3	0.0191322768356472	0	6	0.86804663073688	0.672497051555787	566	11
51703	3	0.223066735693255	0	6	0.86804663073688	0.672497051555787	566	11
51704	2	0.12264564664687	0	6	0.86804663073688	0.672497051555787	566	11
51705	3	0.178762489641866	0	6	0.86804663073688	0.672497051555787	566	11
51706	2	-0.140674728397373	0	6	0.86804663073688	0.672497051555787	566	11
51714	2	0.104081465658045	0	6	0.86804663073688	0.672497051555787	566	11
51715	1	0.376726855825408	0	6	0.86804663073688	0.672497051555787	566	11
51719	3	0.328616123006527	0	6	0.86804663073688	0.672497051555787	566	11
51720	5	0.708564772929652	1	6	0.86804663073688	0.672497051555787	566	11
51725	1	0.305941228681776	0	6	0.86804663073688	0.672497051555787	566	11
51727	2	-0.0256520146146799	0	6	0.86804663073688	0.672497051555787	566	11
51728	2	0.09825281611878	0	6	0.86804663073688	0.672497051555787	566	11
51729	3	0.0626939874379445	0	6	0.86804663073688	0.672497051555787	566	11
51733	4	-0.275513145469271	0	6	0.86804663073688	0.672497051555787	566	11
51734	4	-0.277562126072155	0	6	0.86804663073688	0.672497051555787	566	11
51735	3	0.585632251909062	0	6	0.86804663073688	0.672497051555787	566	11
51741	2	-0.0719129904834386	0	6	0.86804663073688	0.672497051555787	566	11
51742	5	0.530379686820166	1	6	0.86804663073688	0.672497051555787	566	11
51744	1	0.245890183177242	0	6	0.86804663073688	0.672497051555787	566	11
51747	5	0.637191521721542	1	6	0.86804663073688	0.672497051555787	566	11
51752	0	0.0324930604369938	0	6	0.86804663073688	0.672497051555787	566	11
51754	2	-0.059099646898303	0	6	0.86804663073688	0.672497051555787	566	11
51755	0	0.338998248292884	0	6	0.86804663073688	0.672497051555787	566	11
51759	2	-0.152042838051331	0	6	0.86804663073688	0.672497051555787	566	11
51760	3	0.2144069146988	0	6	0.86804663073688	0.672497051555787	566	11
51761	3	0.158101783719381	0	6	0.86804663073688	0.672497051555787	566	11
51762	8	0.0479875926924275	0	6	0.86804663073688	0.672497051555787	566	11
51763	3	0.292046942935493	0	6	0.86804663073688	0.672497051555787	566	11
51765	0	-0.222282380807382	0	6	0.86804663073688	0.672497051555787	566	11
51768	4	-0.208717715657666	0	6	0.86804663073688	0.672497051555787	566	11
51773	3	0.463721448188852	0	6	0.86804663073688	0.672497051555787	566	11
51776	3	0.0578689450576843	0	6	0.86804663073688	0.672497051555787	566	11
51778	3	0.421365013331588	0	6	0.86804663073688	0.672497051555787	566	11
51780	2	-0.0767156586460637	0	6	0.86804663073688	0.672497051555787	566	11
51805	2	-0.0939117583142628	0	6	0.86804663073688	0.672497051555787	566	11
51807	1	0.213131719521502	0	6	0.86804663073688	0.672497051555787	566	11
51809	1	0.283510797083616	0	6	0.86804663073688	0.672497051555787	566	11
51816	1	0.405752633571477	0	6	0.86804663073688	0.672497051555787	566	11
53335	1	0.17197608302473	0	6	0.86804663073688	0.672497051555787	566	11
53339	3	0.169885582012235	0	6	0.86804663073688	0.672497051555787	566	11
53340	2	-0.0374408906862445	0	6	0.86804663073688	0.672497051555787	566	11
53343	2	-0.0196083277394518	0	6	0.86804663073688	0.672497051555787	566	11
53346	1	0.586582418891518	0	6	0.86804663073688	0.672497051555787	566	11
53347	2	0.07383228815297	0	6	0.86804663073688	0.672497051555787	566	11
53353	0	-0.150530785993096	0	6	0.86804663073688	0.672497051555787	566	11
53358	0	0.0200477354132001	0	6	0.86804663073688	0.672497051555787	566	11
53371	1	0.405380657844099	0	6	0.86804663073688	0.672497051555787	566	11
53373	2	0.0323556912076015	0	6	0.86804663073688	0.672497051555787	566	11
53405	3	0.0216593609994112	0	6	0.86804663073688	0.672497051555787	566	11
53407	0	0.463616501386091	0	6	0.86804663073688	0.672497051555787	566	11
53615	0	0.223135272895534	0	6	0.86804663073688	0.672497051555787	566	11
53616	1	0.372657733500642	0	6	0.86804663073688	0.672497051555787	566	11
53630	4	-0.0548043495369937	0	6	0.86804663073688	0.672497051555787	566	11
53637	3	0.368325767578397	0	6	0.86804663073688	0.672497051555787	566	11
53827	1	0.205954960090301	0	6	0.86804663073688	0.672497051555787	566	11
53829	1	0.1151517291862	0	6	0.86804663073688	0.672497051555787	566	11
53832	0	0.157327787009383	0	6	0.86804663073688	0.672497051555787	566	11
53838	1	0.294561028842729	0	6	0.86804663073688	0.672497051555787	566	11
53841	4	-0.317330526122865	0	6	0.86804663073688	0.672497051555787	566	11
53904	1	0.134597208172672	0	6	0.86804663073688	0.672497051555787	566	11
53905	1	0.647047376297237	0	6	0.86804663073688	0.672497051555787	566	11
53942	5	0.422613143902284	1	6	0.86804663073688	0.672497051555787	566	11
53944	0	0.136238904403915	0	6	0.86804663073688	0.672497051555787	566	11
53947	2	-0.10647508217661	0	6	0.86804663073688	0.672497051555787	566	11
54014	5	0.705475444698121	1	6	0.86804663073688	0.672497051555787	566	11
54020	1	0.485529946657388	0	6	0.86804663073688	0.672497051555787	566	11
54039	1	0.337339876838579	0	6	0.86804663073688	0.672497051555787	566	11
54069	0	0.0105647993799682	0	6	0.86804663073688	0.672497051555787	566	11
54093	0	0.258284479456214	0	6	0.86804663073688	0.672497051555787	566	11
54101	4	-0.23611918529242	0	6	0.86804663073688	0.672497051555787	566	11
54103	0	0.324241310298546	0	6	0.86804663073688	0.672497051555787	566	11
54107	2	0.00538440392382513	0	6	0.86804663073688	0.672497051555787	566	11
54112	0	-0.102047128608846	0	6	0.86804663073688	0.672497051555787	566	11
54148	2	0.0858232687552847	0	6	0.86804663073688	0.672497051555787	566	11
54149	1	0.37311861977454	0	6	0.86804663073688	0.672497051555787	566	11
54187	1	0.245766987374752	0	6	0.86804663073688	0.672497051555787	566	11
54205	4	-0.214261903646406	0	6	0.86804663073688	0.672497051555787	566	11
54207	4	-0.144022348267338	0	6	0.86804663073688	0.672497051555787	566	11
54209	1	0.357312968145152	0	6	0.86804663073688	0.672497051555787	566	11
54210	8	-0.0542031296437367	0	6	0.86804663073688	0.672497051555787	566	11
54212	0	-0.122542277525915	0	6	0.86804663073688	0.672497051555787	566	11
54328	3	0.226532625525289	0	6	0.86804663073688	0.672497051555787	566	11
54332	0	0.00859894339604945	0	6	0.86804663073688	0.672497051555787	566	11
54344	0	0.165805495987061	0	6	0.86804663073688	0.672497051555787	566	11
54345	3	0.328420140806506	0	6	0.86804663073688	0.672497051555787	566	11
54361	1	0.242481603237838	0	6	0.86804663073688	0.672497051555787	566	11
54386	3	0.0425387124315072	0	6	0.86804663073688	0.672497051555787	566	11
54407	1	0.617135412572943	0	6	0.86804663073688	0.672497051555787	566	11
54413	1	-0.218604315333473	0	6	0.86804663073688	0.672497051555787	566	11
54431	3	0.127398548474529	0	6	0.86804663073688	0.672497051555787	566	11
54432	2	0.104956775988462	0	6	0.86804663073688	0.672497051555787	566	11
54433	7	0.316465615567238	0	6	0.86804663073688	0.672497051555787	566	11
54434	1	0.530025257793193	0	6	0.86804663073688	0.672497051555787	566	11
54436	1	0.254174051343081	0	6	0.86804663073688	0.672497051555787	566	11
54438	5	0.46793000593114	1	6	0.86804663073688	0.672497051555787	566	11
54440	1	0.208639933741406	0	6	0.86804663073688	0.672497051555787	566	11
54442	1	0.329990082469943	0	6	0.86804663073688	0.672497051555787	566	11
54453	3	0.282531212056352	0	6	0.86804663073688	0.672497051555787	566	11
54454	5	0.58044967774008	1	6	0.86804663073688	0.672497051555787	566	11
54455	5	0.525206994725044	1	6	0.86804663073688	0.672497051555787	566	11
54462	3	0.19639659745541	0	6	0.86804663073688	0.672497051555787	566	11
54463	3	-0.235346682181916	0	6	0.86804663073688	0.672497051555787	566	11
54465	1	0.220103090883378	0	6	0.86804663073688	0.672497051555787	566	11
54468	0	0.311146269454	0	6	0.86804663073688	0.672497051555787	566	11
54471	4	-0.11170663177959	0	6	0.86804663073688	0.672497051555787	566	11
54472	2	-0.250885477593873	0	6	0.86804663073688	0.672497051555787	566	11
54475	0	0.0862429492299179	0	6	0.86804663073688	0.672497051555787	566	11
54476	3	0.257163229795001	0	6	0.86804663073688	0.672497051555787	566	11
54477	2	-0.24634670375299	0	6	0.86804663073688	0.672497051555787	566	11
54482	5	0.609131774226196	1	6	0.86804663073688	0.672497051555787	566	11
54491	1	0.339373017156661	0	6	0.86804663073688	0.672497051555787	566	11
54494	2	-0.143238001390447	0	6	0.86804663073688	0.672497051555787	566	11
54496	1	0.456354600060229	0	6	0.86804663073688	0.672497051555787	566	11
54498	0	0.205230049027645	0	6	0.86804663073688	0.672497051555787	566	11
54499	2	0.0846071534486085	0	6	0.86804663073688	0.672497051555787	566	11
54502	4	-0.155338215428127	0	6	0.86804663073688	0.672497051555787	566	11
54503	3	0.0658565770388495	0	6	0.86804663073688	0.672497051555787	566	11
54504	1	0.301623777812372	0	6	0.86804663073688	0.672497051555787	566	11
54505	4	-0.0598954163049296	0	6	0.86804663073688	0.672497051555787	566	11
54509	1	0.0946486288821669	0	6	0.86804663073688	0.672497051555787	566	11
54512	2	-0.0206507790948554	0	6	0.86804663073688	0.672497051555787	566	11
54517	1	0.511902003349405	0	6	0.86804663073688	0.672497051555787	566	11
54518	1	0.019121932362407	0	6	0.86804663073688	0.672497051555787	566	11
54520	0	0.253076305624261	0	6	0.86804663073688	0.672497051555787	566	11
54521	3	0.427137638490464	0	6	0.86804663073688	0.672497051555787	566	11
54529	2	-0.00503731494401622	0	6	0.86804663073688	0.672497051555787	566	11
54531	3	0.32658375336746	0	6	0.86804663073688	0.672497051555787	566	11
54535	1	0.543078322500919	0	6	0.86804663073688	0.672497051555787	566	11
54538	3	0.164566674040053	0	6	0.86804663073688	0.672497051555787	566	11
54539	2	-0.174465965728543	0	6	0.86804663073688	0.672497051555787	566	11
54540	5	0.608210026230283	1	6	0.86804663073688	0.672497051555787	566	11
54541	11	-0.0860244358955879	0	6	0.86804663073688	0.672497051555787	566	11
54542	3	0.21970548123819	0	6	0.86804663073688	0.672497051555787	566	11
54545	3	-0.0168031832339973	0	6	0.86804663073688	0.672497051555787	566	11
54546	4	-0.186736702212232	0	6	0.86804663073688	0.672497051555787	566	11
54549	0	0.0324836963271199	0	6	0.86804663073688	0.672497051555787	566	11
54550	4	-0.0649410613978027	0	6	0.86804663073688	0.672497051555787	566	11
54552	1	0.501820974348979	0	6	0.86804663073688	0.672497051555787	566	11
54554	3	0.0546030110681296	0	6	0.86804663073688	0.672497051555787	566	11
54555	0	0.116966763189033	0	6	0.86804663073688	0.672497051555787	566	11
54556	2	0.125445782810668	0	6	0.86804663073688	0.672497051555787	566	11
54558	3	0.113359222877996	0	6	0.86804663073688	0.672497051555787	566	11
54566	9	0.0191800004614509	0	6	0.86804663073688	0.672497051555787	566	11
54583	2	-0.0257646144256135	0	6	0.86804663073688	0.672497051555787	566	11
54585	2	-0.248134111137376	0	6	0.86804663073688	0.672497051555787	566	11
54587	2	-0.0811239767300333	0	6	0.86804663073688	0.672497051555787	566	11
54606	2	-0.182468004768239	0	6	0.86804663073688	0.672497051555787	566	11
54619	1	0.483974403884477	0	6	0.86804663073688	0.672497051555787	566	11
54622	3	0.185470954928035	0	6	0.86804663073688	0.672497051555787	566	11
54623	2	-0.0266892881090301	0	6	0.86804663073688	0.672497051555787	566	11
54626	1	0.13748112752781	0	6	0.86804663073688	0.672497051555787	566	11
54662	4	-0.077225572616449	0	6	0.86804663073688	0.672497051555787	566	11
54664	2	-0.100378611208725	0	6	0.86804663073688	0.672497051555787	566	11
54665	3	0.140035619802613	0	6	0.86804663073688	0.672497051555787	566	11
54674	1	0.581864454178963	0	6	0.86804663073688	0.672497051555787	566	11
54676	1	0.665419930795651	0	6	0.86804663073688	0.672497051555787	566	11
54677	2	0.107090835356394	0	6	0.86804663073688	0.672497051555787	566	11
54680	5	0.6511305903315	1	6	0.86804663073688	0.672497051555787	566	11
54681	2	-0.0240562358123782	0	6	0.86804663073688	0.672497051555787	566	11
54682	3	0.132733360487398	0	6	0.86804663073688	0.672497051555787	566	11
54700	0	0.440601552418999	0	6	0.86804663073688	0.672497051555787	566	11
54704	1	0.375935917621405	0	6	0.86804663073688	0.672497051555787	566	11
54707	2	-0.155000054062391	0	6	0.86804663073688	0.672497051555787	566	11
54708	2	-0.0390642168328088	0	6	0.86804663073688	0.672497051555787	566	11
54715	3	0.305691992888149	0	6	0.86804663073688	0.672497051555787	566	11
54716	1	0.394110681455956	0	6	0.86804663073688	0.672497051555787	566	11
54726	3	0.46208531163798	0	6	0.86804663073688	0.672497051555787	566	11
54732	3	0.346909911142815	0	6	0.86804663073688	0.672497051555787	566	11
54733	6	0.195164168269302	0	6	0.86804663073688	0.672497051555787	566	11
54737	3	0.47658104154968	0	6	0.86804663073688	0.672497051555787	566	11
54739	10	0.64684904626044	0	6	0.86804663073688	0.672497051555787	566	11
54758	0	0.250058611976045	0	6	0.86804663073688	0.672497051555787	566	11
54762	4	-0.0296487651320811	0	6	0.86804663073688	0.672497051555787	566	11
54765	2	0.0493749778417288	0	6	0.86804663073688	0.672497051555787	566	11
54769	1	0.153901690035649	0	6	0.86804663073688	0.672497051555787	566	11
54777	0	0.122415475657459	0	6	0.86804663073688	0.672497051555787	566	11
54778	3	-0.0219209228945513	0	6	0.86804663073688	0.672497051555787	566	11
54780	1	0.571757097704142	0	6	0.86804663073688	0.672497051555787	566	11
54784	2	0.0578674878885889	0	6	0.86804663073688	0.672497051555787	566	11
54785	2	-0.0485531229412665	0	6	0.86804663073688	0.672497051555787	566	11
54788	2	-0.182525492011446	0	6	0.86804663073688	0.672497051555787	566	11
54795	0	0.159483915259654	0	6	0.86804663073688	0.672497051555787	566	11
54796	6	0.199526290826063	0	6	0.86804663073688	0.672497051555787	566	11
54798	1	0.500813137545119	0	6	0.86804663073688	0.672497051555787	566	11
54800	0	0.188094442907212	0	6	0.86804663073688	0.672497051555787	566	11
54801	3	0.390510075272077	0	6	0.86804663073688	0.672497051555787	566	11
54802	0	0.19805133670499	0	6	0.86804663073688	0.672497051555787	566	11
54805	4	-0.179397650958913	0	6	0.86804663073688	0.672497051555787	566	11
54806	3	0.486519277110894	0	6	0.86804663073688	0.672497051555787	566	11
54807	5	0.389307646011555	1	6	0.86804663073688	0.672497051555787	566	11
54809	10	0.141176994484367	0	6	0.86804663073688	0.672497051555787	566	11
54810	4	-0.287067173972302	0	6	0.86804663073688	0.672497051555787	566	11
54811	0	0.20933910175655	0	6	0.86804663073688	0.672497051555787	566	11
54812	4	-0.471723695805115	0	6	0.86804663073688	0.672497051555787	566	11
54814	0	0.261640173971652	0	6	0.86804663073688	0.672497051555787	566	11
54815	1	0.296990074399347	0	6	0.86804663073688	0.672497051555787	566	11
54819	1	0.531779199824094	0	6	0.86804663073688	0.672497051555787	566	11
54821	5	0.460071040759683	1	6	0.86804663073688	0.672497051555787	566	11
54825	4	-0.175169502069511	0	6	0.86804663073688	0.672497051555787	566	11
54826	3	0.0348679397446881	0	6	0.86804663073688	0.672497051555787	566	11
54828	3	0.281370852737693	0	6	0.86804663073688	0.672497051555787	566	11
54829	1	0.328101660929462	0	6	0.86804663073688	0.672497051555787	566	11
54830	2	-0.0658098619047727	0	6	0.86804663073688	0.672497051555787	566	11
54832	5	0.608751401282373	1	6	0.86804663073688	0.672497051555787	566	11
54834	0	0.318690421638862	0	6	0.86804663073688	0.672497051555787	566	11
54836	9	0.0209190849563119	0	6	0.86804663073688	0.672497051555787	566	11
54838	3	0.371384488381534	0	6	0.86804663073688	0.672497051555787	566	11
54839	1	0.274603885698993	0	6	0.86804663073688	0.672497051555787	566	11
54840	0	0.35493232382574	0	6	0.86804663073688	0.672497051555787	566	11
54842	3	0.278308920583368	0	6	0.86804663073688	0.672497051555787	566	11
54843	1	0.418576384717492	0	6	0.86804663073688	0.672497051555787	566	11
54845	9	-0.0210068683257012	0	6	0.86804663073688	0.672497051555787	566	11
54847	1	0.528777960586408	0	6	0.86804663073688	0.672497051555787	566	11
54848	6	0.276910960243156	0	6	0.86804663073688	0.672497051555787	566	11
54849	2	-0.0710537879421792	0	6	0.86804663073688	0.672497051555787	566	11
54850	2	0.0628133949881829	0	6	0.86804663073688	0.672497051555787	566	11
54851	0	0.365666448006373	0	6	0.86804663073688	0.672497051555787	566	11
54852	4	-0.221461034447422	0	6	0.86804663073688	0.672497051555787	566	11
54853	1	0.364903476157345	0	6	0.86804663073688	0.672497051555787	566	11
54855	4	-0.0447406990237917	0	6	0.86804663073688	0.672497051555787	566	11
54857	1	0.303303555489671	0	6	0.86804663073688	0.672497051555787	566	11
54858	4	-0.0534259092227351	0	6	0.86804663073688	0.672497051555787	566	11
54861	3	0.398320557433264	0	6	0.86804663073688	0.672497051555787	566	11
54862	0	0.213094857545901	0	6	0.86804663073688	0.672497051555787	566	11
54863	1	0.325608733300623	0	6	0.86804663073688	0.672497051555787	566	11
54866	4	-0.0551332152748631	0	6	0.86804663073688	0.672497051555787	566	11
54867	2	0.24983384053798	0	6	0.86804663073688	0.672497051555787	566	11
54868	2	-0.0920941404558362	0	6	0.86804663073688	0.672497051555787	566	11
54869	1	0.298767101970266	0	6	0.86804663073688	0.672497051555787	566	11
54870	2	0.164121785808333	0	6	0.86804663073688	0.672497051555787	566	11
54872	5	0.564297293658593	1	6	0.86804663073688	0.672497051555787	566	11
54874	3	-0.131379477545523	0	6	0.86804663073688	0.672497051555787	566	11
54875	0	0.391557089060535	0	6	0.86804663073688	0.672497051555787	566	11
54876	3	0.165034799448236	0	6	0.86804663073688	0.672497051555787	566	11
54877	10	0.443342442196109	0	6	0.86804663073688	0.672497051555787	566	11
54878	3	0.34245441626787	0	6	0.86804663073688	0.672497051555787	566	11
54879	1	0.514126227350369	0	6	0.86804663073688	0.672497051555787	566	11
54880	3	0.37017224607648	0	6	0.86804663073688	0.672497051555787	566	11
54881	1	0.467705802669619	0	6	0.86804663073688	0.672497051555787	566	11
54883	0	0.0676010585371309	0	6	0.86804663073688	0.672497051555787	566	11
54884	4	-0.0273590329000517	0	6	0.86804663073688	0.672497051555787	566	11
54885	3	0.234799410035802	0	6	0.86804663073688	0.672497051555787	566	11
54886	4	-0.273501962847089	0	6	0.86804663073688	0.672497051555787	566	11
54891	1	0.474399205854657	0	6	0.86804663073688	0.672497051555787	566	11
54892	1	0.574094939146724	0	6	0.86804663073688	0.672497051555787	566	11
54894	6	0.0655499208772517	0	6	0.86804663073688	0.672497051555787	566	11
54896	2	-0.0138755025384211	0	6	0.86804663073688	0.672497051555787	566	11
54897	3	0.0746028552907686	0	6	0.86804663073688	0.672497051555787	566	11
54900	1	0.380589823216067	0	6	0.86804663073688	0.672497051555787	566	11
54901	5	0.67406373978493	1	6	0.86804663073688	0.672497051555787	566	11
54902	5	0.667782240950146	1	6	0.86804663073688	0.672497051555787	566	11
54903	2	-0.0794592943775667	0	6	0.86804663073688	0.672497051555787	566	11
54904	3	0.482041044596228	0	6	0.86804663073688	0.672497051555787	566	11
54905	0	0.124243970515259	0	6	0.86804663073688	0.672497051555787	566	11
54906	5	0.755534106981803	1	6	0.86804663073688	0.672497051555787	566	11
54908	1	0.494714372237729	0	6	0.86804663073688	0.672497051555787	566	11
54910	5	0.454490517902991	1	6	0.86804663073688	0.672497051555787	566	11
54913	1	0.343488080925559	0	6	0.86804663073688	0.672497051555787	566	11
54914	3	0.256607099870646	0	6	0.86804663073688	0.672497051555787	566	11
54915	2	0.146223421535312	0	6	0.86804663073688	0.672497051555787	566	11
54916	0	0.30518580567676	0	6	0.86804663073688	0.672497051555787	566	11
54918	0	-0.114974001445194	0	6	0.86804663073688	0.672497051555787	566	11
54919	2	0.1797942938194	0	6	0.86804663073688	0.672497051555787	566	11
54920	0	-0.0220985030931284	0	6	0.86804663073688	0.672497051555787	566	11
54922	5	0.475104945400466	1	6	0.86804663073688	0.672497051555787	566	11
54923	4	-0.0726325948143141	0	6	0.86804663073688	0.672497051555787	566	11
54925	5	0.474855522199845	1	6	0.86804663073688	0.672497051555787	566	11
54927	7	-0.104370697096208	0	6	0.86804663073688	0.672497051555787	566	11
54928	3	0.166091479362418	0	6	0.86804663073688	0.672497051555787	566	11
54929	4	-0.0890666990597021	0	6	0.86804663073688	0.672497051555787	566	11
54932	0	0.0647883730917456	0	6	0.86804663073688	0.672497051555787	566	11
54934	0	0.312177093525548	0	6	0.86804663073688	0.672497051555787	566	11
54938	2	-0.140627507757592	0	6	0.86804663073688	0.672497051555787	566	11
54939	2	-0.313928831549381	0	6	0.86804663073688	0.672497051555787	566	11
54941	1	0.335542502940006	0	6	0.86804663073688	0.672497051555787	566	11
54942	3	0.161162738819029	0	6	0.86804663073688	0.672497051555787	566	11
54943	4	-0.188870040690525	0	6	0.86804663073688	0.672497051555787	566	11
54946	1	0.322876171878407	0	6	0.86804663073688	0.672497051555787	566	11
54948	2	-0.0702489281024642	0	6	0.86804663073688	0.672497051555787	566	11
54951	2	-0.176979561770171	0	6	0.86804663073688	0.672497051555787	566	11
54952	1	0.370268477951475	0	6	0.86804663073688	0.672497051555787	566	11
54953	3	0.164365680400289	0	6	0.86804663073688	0.672497051555787	566	11
54954	3	0.0149183053728997	0	6	0.86804663073688	0.672497051555787	566	11
54955	3	0.213794800390571	0	6	0.86804663073688	0.672497051555787	566	11
54956	2	-0.0229564465764364	0	6	0.86804663073688	0.672497051555787	566	11
54957	0	0.38988961970207	0	6	0.86804663073688	0.672497051555787	566	11
54958	2	-0.134977437330017	0	6	0.86804663073688	0.672497051555787	566	11
54960	0	0.125835882192705	0	6	0.86804663073688	0.672497051555787	566	11
54961	2	-0.0042675897647184	0	6	0.86804663073688	0.672497051555787	566	11
54962	1	0.350081610479682	0	6	0.86804663073688	0.672497051555787	566	11
54964	0	-0.0585878870935923	0	6	0.86804663073688	0.672497051555787	566	11
54968	2	0.12912861365041	0	6	0.86804663073688	0.672497051555787	566	11
54969	7	0.146236980615857	0	6	0.86804663073688	0.672497051555787	566	11
54970	3	0.00959841924681946	0	6	0.86804663073688	0.672497051555787	566	11
54971	1	0.37458664970727	0	6	0.86804663073688	0.672497051555787	566	11
54972	1	0.509656929751497	0	6	0.86804663073688	0.672497051555787	566	11
54974	1	0.240112564977397	0	6	0.86804663073688	0.672497051555787	566	11
54976	1	0.374016803524985	0	6	0.86804663073688	0.672497051555787	566	11
54977	2	-0.38931006040898	0	6	0.86804663073688	0.672497051555787	566	11
54978	6	-0.143785002323282	0	6	0.86804663073688	0.672497051555787	566	11
54979	4	-0.0677988968165686	0	6	0.86804663073688	0.672497051555787	566	11
54980	0	0.29432921371139	0	6	0.86804663073688	0.672497051555787	566	11
54981	2	-0.0637677882513234	0	6	0.86804663073688	0.672497051555787	566	11
54982	7	-0.0926992377215051	0	6	0.86804663073688	0.672497051555787	566	11
54985	2	-0.17000442578863	0	6	0.86804663073688	0.672497051555787	566	11
54986	5	0.479298969156544	1	6	0.86804663073688	0.672497051555787	566	11
54987	2	0.110606224622275	0	6	0.86804663073688	0.672497051555787	566	11
54988	4	-0.14442764426536	0	6	0.86804663073688	0.672497051555787	566	11
54991	1	0.493822551517438	0	6	0.86804663073688	0.672497051555787	566	11
54993	4	0.0726457659238882	0	6	0.86804663073688	0.672497051555787	566	11
54994	2	-0.187904504704908	0	6	0.86804663073688	0.672497051555787	566	11
54995	0	-0.100092321550593	0	6	0.86804663073688	0.672497051555787	566	11
54996	4	-0.219155718355694	0	6	0.86804663073688	0.672497051555787	566	11
54997	1	0.316427057432502	0	6	0.86804663073688	0.672497051555787	566	11
54998	2	-0.19671031098938	0	6	0.86804663073688	0.672497051555787	566	11
55001	4	-0.199781916662213	0	6	0.86804663073688	0.672497051555787	566	11
55002	3	0.179427198593577	0	6	0.86804663073688	0.672497051555787	566	11
55003	1	0.10075761400282	0	6	0.86804663073688	0.672497051555787	566	11
55005	4	-0.43071435012546	0	6	0.86804663073688	0.672497051555787	566	11
55006	0	0.450703033196956	0	6	0.86804663073688	0.672497051555787	566	11
55007	5	0.614149935020402	1	6	0.86804663073688	0.672497051555787	566	11
55008	10	0.335417816855341	0	6	0.86804663073688	0.672497051555787	566	11
55009	2	0.0234361408687031	0	6	0.86804663073688	0.672497051555787	566	11
55011	2	-0.072859465491434	0	6	0.86804663073688	0.672497051555787	566	11
55012	0	0.197016433508056	0	6	0.86804663073688	0.672497051555787	566	11
55013	1	0.106180590796118	0	6	0.86804663073688	0.672497051555787	566	11
55014	3	0.251838731103103	0	6	0.86804663073688	0.672497051555787	566	11
55015	5	0.73021994216218	1	6	0.86804663073688	0.672497051555787	566	11
55016	1	0.467065740578663	0	6	0.86804663073688	0.672497051555787	566	11
55020	4	-0.259929194145701	0	6	0.86804663073688	0.672497051555787	566	11
55022	1	0.576097093251381	0	6	0.86804663073688	0.672497051555787	566	11
55023	3	0.503039020435889	0	6	0.86804663073688	0.672497051555787	566	11
55024	3	0.0180872335871524	0	6	0.86804663073688	0.672497051555787	566	11
55026	1	0.248049160080639	0	6	0.86804663073688	0.672497051555787	566	11
55028	3	0.171667988771906	0	6	0.86804663073688	0.672497051555787	566	11
55030	5	0.732056226197787	1	6	0.86804663073688	0.672497051555787	566	11
55031	3	0.132775318141451	0	6	0.86804663073688	0.672497051555787	566	11
55032	3	0.0411027506967359	0	6	0.86804663073688	0.672497051555787	566	11
55033	3	0.0405259569884175	0	6	0.86804663073688	0.672497051555787	566	11
55034	1	0.0755393070403816	0	6	0.86804663073688	0.672497051555787	566	11
55035	0	0.437576070279213	0	6	0.86804663073688	0.672497051555787	566	11
55036	1	0.469866560752263	0	6	0.86804663073688	0.672497051555787	566	11
55037	5	0.453343198842886	1	6	0.86804663073688	0.672497051555787	566	11
55038	1	0.108057544358414	0	6	0.86804663073688	0.672497051555787	566	11
55039	1	0.334703451329307	0	6	0.86804663073688	0.672497051555787	566	11
55040	0	0.111612310107377	0	6	0.86804663073688	0.672497051555787	566	11
55041	4	-0.0543622923081767	0	6	0.86804663073688	0.672497051555787	566	11
55048	2	0.199330499509317	0	6	0.86804663073688	0.672497051555787	566	11
55049	2	-0.0520543456782123	0	6	0.86804663073688	0.672497051555787	566	11
55052	2	0.00866497301626441	0	6	0.86804663073688	0.672497051555787	566	11
55055	1	0.345498547777385	0	6	0.86804663073688	0.672497051555787	566	11
55057	1	0.214812300246298	0	6	0.86804663073688	0.672497051555787	566	11
55061	1	0.251089000504421	0	6	0.86804663073688	0.672497051555787	566	11
55062	2	-0.180013269713027	0	6	0.86804663073688	0.672497051555787	566	11
55063	0	0.191014138410469	0	6	0.86804663073688	0.672497051555787	566	11
55064	1	0.557961360801779	0	6	0.86804663073688	0.672497051555787	566	11
55066	2	0.24689596769457	0	6	0.86804663073688	0.672497051555787	566	11
55068	1	0.261804546594975	0	6	0.86804663073688	0.672497051555787	566	11
55069	2	-0.17442617112939	0	6	0.86804663073688	0.672497051555787	566	11
55070	3	0.340605641463241	0	6	0.86804663073688	0.672497051555787	566	11
55071	2	0.123188677102634	0	6	0.86804663073688	0.672497051555787	566	11
55074	1	0.439942308517752	0	6	0.86804663073688	0.672497051555787	566	11
55076	3	0.35195893078152	0	6	0.86804663073688	0.672497051555787	566	11
55080	0	0.261414200089184	0	6	0.86804663073688	0.672497051555787	566	11
55081	2	-0.276989415356791	0	6	0.86804663073688	0.672497051555787	566	11
55082	5	0.858989354287225	1	6	0.86804663073688	0.672497051555787	566	11
55083	1	0.16636241989576	0	6	0.86804663073688	0.672497051555787	566	11
55084	3	0.0405568913280369	0	6	0.86804663073688	0.672497051555787	566	11
55086	2	-0.158502881358614	0	6	0.86804663073688	0.672497051555787	566	11
55089	0	0.167149884399174	0	6	0.86804663073688	0.672497051555787	566	11
55090	2	-0.245630097257698	0	6	0.86804663073688	0.672497051555787	566	11
55092	2	-0.00440033452930175	0	6	0.86804663073688	0.672497051555787	566	11
55093	0	0.00524486885353941	0	6	0.86804663073688	0.672497051555787	566	11
55094	3	0.214951537586908	0	6	0.86804663073688	0.672497051555787	566	11
55095	1	0.374904450584314	0	6	0.86804663073688	0.672497051555787	566	11
55096	5	0.611309386858598	1	6	0.86804663073688	0.672497051555787	566	11
55100	1	0.491168820202332	0	6	0.86804663073688	0.672497051555787	566	11
55101	2	-0.182947359441591	0	6	0.86804663073688	0.672497051555787	566	11
55102	3	0.52620860726206	0	6	0.86804663073688	0.672497051555787	566	11
55105	0	0.335969615004375	0	6	0.86804663073688	0.672497051555787	566	11
55106	5	0.470204343334803	1	6	0.86804663073688	0.672497051555787	566	11
55107	1	0.531058076749285	0	6	0.86804663073688	0.672497051555787	566	11
55108	2	0.109530847392455	0	6	0.86804663073688	0.672497051555787	566	11
55109	2	0.0228320720192962	0	6	0.86804663073688	0.672497051555787	566	11
55110	0	0.288637224666358	0	6	0.86804663073688	0.672497051555787	566	11
55112	0	0.386449843526204	0	6	0.86804663073688	0.672497051555787	566	11
55114	0	0.259816907000594	0	6	0.86804663073688	0.672497051555787	566	11
55116	0	-0.0617718242458607	0	6	0.86804663073688	0.672497051555787	566	11
55118	1	0.190808823244721	0	6	0.86804663073688	0.672497051555787	566	11
55119	5	0.680636299526568	1	6	0.86804663073688	0.672497051555787	566	11
55120	3	0.246817811492561	0	6	0.86804663073688	0.672497051555787	566	11
55124	0	0.175404941224746	0	6	0.86804663073688	0.672497051555787	566	11
55125	0	0.401487039558015	0	6	0.86804663073688	0.672497051555787	566	11
55127	1	0.326086719492632	0	6	0.86804663073688	0.672497051555787	566	11
55128	3	0.165857188132826	0	6	0.86804663073688	0.672497051555787	566	11
55129	0	0.167556050688114	0	6	0.86804663073688	0.672497051555787	566	11
55131	0	0.285715851276405	0	6	0.86804663073688	0.672497051555787	566	11
55133	2	0.0964760518867652	0	6	0.86804663073688	0.672497051555787	566	11
55135	1	0.168237687215539	0	6	0.86804663073688	0.672497051555787	566	11
55138	1	0.458744981439481	0	6	0.86804663073688	0.672497051555787	566	11
55139	5	0.622487548894591	1	6	0.86804663073688	0.672497051555787	566	11
55140	0	0.293469126984156	0	6	0.86804663073688	0.672497051555787	566	11
55142	2	0.0408122490454829	0	6	0.86804663073688	0.672497051555787	566	11
55143	0	0.0372164822311639	0	6	0.86804663073688	0.672497051555787	566	11
55144	4	-0.0944494745890854	0	6	0.86804663073688	0.672497051555787	566	11
55145	3	0.0397419861659019	0	6	0.86804663073688	0.672497051555787	566	11
55146	2	-0.0614583916310495	0	6	0.86804663073688	0.672497051555787	566	11
55147	2	-0.0111874055520323	0	6	0.86804663073688	0.672497051555787	566	11
55148	0	0.20375350707889	0	6	0.86804663073688	0.672497051555787	566	11
55151	2	-0.202778092370267	0	6	0.86804663073688	0.672497051555787	566	11
55152	2	-0.21624036904748	0	6	0.86804663073688	0.672497051555787	566	11
55153	1	0.178504799976882	0	6	0.86804663073688	0.672497051555787	566	11
55156	2	-0.0548287239037328	0	6	0.86804663073688	0.672497051555787	566	11
55157	4	-0.108890393031077	0	6	0.86804663073688	0.672497051555787	566	11
55159	1	0.128479372413901	0	6	0.86804663073688	0.672497051555787	566	11
55160	4	0.107220398529615	0	6	0.86804663073688	0.672497051555787	566	11
55161	2	0.0948286254568575	0	6	0.86804663073688	0.672497051555787	566	11
55163	4	-0.202633113705573	0	6	0.86804663073688	0.672497051555787	566	11
55164	3	0.14503587628865	0	6	0.86804663073688	0.672497051555787	566	11
55167	3	0.266555140043408	0	6	0.86804663073688	0.672497051555787	566	11
55168	2	-0.188046070460173	0	6	0.86804663073688	0.672497051555787	566	11
55171	2	0.215566957702371	0	6	0.86804663073688	0.672497051555787	566	11
55172	2	0.031547931517152	0	6	0.86804663073688	0.672497051555787	566	11
55175	3	0.0619998260108092	0	6	0.86804663073688	0.672497051555787	566	11
55176	5	0.748998288944283	1	6	0.86804663073688	0.672497051555787	566	11
55177	3	0.0986314804614079	0	6	0.86804663073688	0.672497051555787	566	11
55178	2	0.180317244768828	0	6	0.86804663073688	0.672497051555787	566	11
55179	1	0.224827770953584	0	6	0.86804663073688	0.672497051555787	566	11
55180	5	0.499026665332021	1	6	0.86804663073688	0.672497051555787	566	11
55181	3	0.190983448888913	0	6	0.86804663073688	0.672497051555787	566	11
55182	3	-0.188017048729466	0	6	0.86804663073688	0.672497051555787	566	11
55183	1	0.545836687396306	0	6	0.86804663073688	0.672497051555787	566	11
55184	0	0.271038351737018	0	6	0.86804663073688	0.672497051555787	566	11
55186	5	0.466406544771617	1	6	0.86804663073688	0.672497051555787	566	11
55187	5	0.536827375701462	1	6	0.86804663073688	0.672497051555787	566	11
55188	3	0.362198029691213	0	6	0.86804663073688	0.672497051555787	566	11
55191	2	-0.00805230922274293	0	6	0.86804663073688	0.672497051555787	566	11
55192	1	0.0765312441392421	0	6	0.86804663073688	0.672497051555787	566	11
55193	1	0.634675798616855	0	6	0.86804663073688	0.672497051555787	566	11
55194	2	0.114163208340333	0	6	0.86804663073688	0.672497051555787	566	11
55195	6	0.129540530373788	0	6	0.86804663073688	0.672497051555787	566	11
55196	3	0.303373910539905	0	6	0.86804663073688	0.672497051555787	566	11
55197	3	0.199127493854531	0	6	0.86804663073688	0.672497051555787	566	11
55198	0	0.104526643577562	0	6	0.86804663073688	0.672497051555787	566	11
55200	5	0.546135931898782	1	6	0.86804663073688	0.672497051555787	566	11
55201	2	0.165390005213959	0	6	0.86804663073688	0.672497051555787	566	11
55203	1	0.288753281485897	0	6	0.86804663073688	0.672497051555787	566	11
55204	2	-0.0020056544878966	0	6	0.86804663073688	0.672497051555787	566	11
55206	1	0.339234217895523	0	6	0.86804663073688	0.672497051555787	566	11
55207	2	-0.0786248335982085	0	6	0.86804663073688	0.672497051555787	566	11
55208	0	0.441452344830179	0	6	0.86804663073688	0.672497051555787	566	11
55209	5	0.792610454009891	1	6	0.86804663073688	0.672497051555787	566	11
55212	3	0.0906298242507869	0	6	0.86804663073688	0.672497051555787	566	11
55213	3	0.253765581493142	0	6	0.86804663073688	0.672497051555787	566	11
55214	3	0.0299034189783551	0	6	0.86804663073688	0.672497051555787	566	11
55215	1	0.257596822948621	0	6	0.86804663073688	0.672497051555787	566	11
55216	2	-0.057897832586869	0	6	0.86804663073688	0.672497051555787	566	11
55218	0	0.105312233739209	0	6	0.86804663073688	0.672497051555787	566	11
55219	2	0.0789996198753709	0	6	0.86804663073688	0.672497051555787	566	11
55220	1	0.237467110502998	0	6	0.86804663073688	0.672497051555787	566	11
55222	3	0.174247930221107	0	6	0.86804663073688	0.672497051555787	566	11
55223	1	0.394857153355594	0	6	0.86804663073688	0.672497051555787	566	11
55224	4	-0.273637327602904	0	6	0.86804663073688	0.672497051555787	566	11
55226	0	0.113297398915156	0	6	0.86804663073688	0.672497051555787	566	11
55227	3	-0.0308732980970368	0	6	0.86804663073688	0.672497051555787	566	11
55228	2	-0.0618902128055351	0	6	0.86804663073688	0.672497051555787	566	11
55229	2	0.0157440882248284	0	6	0.86804663073688	0.672497051555787	566	11
55231	0	0.131143608407375	0	6	0.86804663073688	0.672497051555787	566	11
55233	2	-0.195989034850709	0	6	0.86804663073688	0.672497051555787	566	11
55234	3	0.106113220398592	0	6	0.86804663073688	0.672497051555787	566	11
55236	0	0.290195459548348	0	6	0.86804663073688	0.672497051555787	566	11
55238	2	0.102855318960655	0	6	0.86804663073688	0.672497051555787	566	11
55239	2	0.170734148918655	0	6	0.86804663073688	0.672497051555787	566	11
55240	1	0.22889046315478	0	6	0.86804663073688	0.672497051555787	566	11
55243	3	0.00834716762898186	0	6	0.86804663073688	0.672497051555787	566	11
55244	4	-0.2726966853131	0	6	0.86804663073688	0.672497051555787	566	11
55245	3	0.146125235768532	0	6	0.86804663073688	0.672497051555787	566	11
55246	3	0.227655687796977	0	6	0.86804663073688	0.672497051555787	566	11
55249	0	0.135723109018833	0	6	0.86804663073688	0.672497051555787	566	11
55251	3	-0.144089564859836	0	6	0.86804663073688	0.672497051555787	566	11
55252	0	0.277661283944359	0	6	0.86804663073688	0.672497051555787	566	11
55253	5	0.626185469943967	1	6	0.86804663073688	0.672497051555787	566	11
55254	5	0.556158521632941	1	6	0.86804663073688	0.672497051555787	566	11
55255	5	0.389175384635753	1	6	0.86804663073688	0.672497051555787	566	11
55256	4	-0.364721434770837	0	6	0.86804663073688	0.672497051555787	566	11
55257	2	-0.0782007067137406	0	6	0.86804663073688	0.672497051555787	566	11
55258	2	-0.0516231751877462	0	6	0.86804663073688	0.672497051555787	566	11
55259	3	0.0410149612896547	0	6	0.86804663073688	0.672497051555787	566	11
55268	4	0.192030324277045	0	6	0.86804663073688	0.672497051555787	566	11
55269	1	0.561850237924753	0	6	0.86804663073688	0.672497051555787	566	11
55270	2	-0.218269307348388	0	6	0.86804663073688	0.672497051555787	566	11
55272	2	-0.0622956767315906	0	6	0.86804663073688	0.672497051555787	566	11
55274	3	-0.0443967570237979	0	6	0.86804663073688	0.672497051555787	566	11
55275	3	0.472532162392656	0	6	0.86804663073688	0.672497051555787	566	11
55277	4	-0.155910297198233	0	6	0.86804663073688	0.672497051555787	566	11
55278	4	0.0103041163878985	0	6	0.86804663073688	0.672497051555787	566	11
55279	3	0.378950824781394	0	6	0.86804663073688	0.672497051555787	566	11
55280	0	0.405920484928629	0	6	0.86804663073688	0.672497051555787	566	11
55281	2	-0.0003087382500851	0	6	0.86804663073688	0.672497051555787	566	11
55282	0	0.274857529814511	0	6	0.86804663073688	0.672497051555787	566	11
55283	0	0.239669517705147	0	6	0.86804663073688	0.672497051555787	566	11
55284	0	0.0398445946016683	0	6	0.86804663073688	0.672497051555787	566	11
55285	3	0.253146177107288	0	6	0.86804663073688	0.672497051555787	566	11
55286	0	0.0554696471303629	0	6	0.86804663073688	0.672497051555787	566	11
55288	0	0.107850071638887	0	6	0.86804663073688	0.672497051555787	566	11
55290	0	0.386785170659301	0	6	0.86804663073688	0.672497051555787	566	11
55291	0	0.527565557663648	0	6	0.86804663073688	0.672497051555787	566	11
55293	3	0.140540776680216	0	6	0.86804663073688	0.672497051555787	566	11
55294	3	0.338709050534826	0	6	0.86804663073688	0.672497051555787	566	11
55295	2	-0.111781545504463	0	6	0.86804663073688	0.672497051555787	566	11
55296	4	-0.192586797912925	0	6	0.86804663073688	0.672497051555787	566	11
55297	3	-0.0873294805210725	0	6	0.86804663073688	0.672497051555787	566	11
55298	1	0.29105893246727	0	6	0.86804663073688	0.672497051555787	566	11
55299	0	0.23197444536136	0	6	0.86804663073688	0.672497051555787	566	11
55303	3	0.457358850057467	0	6	0.86804663073688	0.672497051555787	566	11
55308	2	0.210925688157052	0	6	0.86804663073688	0.672497051555787	566	11
55311	2	0.207816864954803	0	6	0.86804663073688	0.672497051555787	566	11
55312	2	-0.0507503077230271	0	6	0.86804663073688	0.672497051555787	566	11
55313	2	-0.166197544903921	0	6	0.86804663073688	0.672497051555787	566	11
55314	0	0.0725987381106869	0	6	0.86804663073688	0.672497051555787	566	11
55315	2	-0.0562796584125619	0	6	0.86804663073688	0.672497051555787	566	11
55316	4	0.0703050284503353	0	6	0.86804663073688	0.672497051555787	566	11
55317	2	0.00659986613407297	0	6	0.86804663073688	0.672497051555787	566	11
55319	1	0.304321945225736	0	6	0.86804663073688	0.672497051555787	566	11
55320	5	0.657745205149663	1	6	0.86804663073688	0.672497051555787	566	11
55321	1	0.560792966150074	0	6	0.86804663073688	0.672497051555787	566	11
55322	2	-0.121572876104869	0	6	0.86804663073688	0.672497051555787	566	11
55323	1	0.07357413069419	0	6	0.86804663073688	0.672497051555787	566	11
55324	2	0.0189238123097452	0	6	0.86804663073688	0.672497051555787	566	11
55325	2	-0.0281743810854767	0	6	0.86804663073688	0.672497051555787	566	11
55326	1	-0.0554171545334463	0	6	0.86804663073688	0.672497051555787	566	11
55327	3	0.183497434186915	0	6	0.86804663073688	0.672497051555787	566	11
55328	4	-0.176314083485721	0	6	0.86804663073688	0.672497051555787	566	11
55329	1	0.206348663998199	0	6	0.86804663073688	0.672497051555787	566	11
55332	1	0.256926328942245	0	6	0.86804663073688	0.672497051555787	566	11
55334	3	-0.0101731624495713	0	6	0.86804663073688	0.672497051555787	566	11
55335	3	0.256764749186744	0	6	0.86804663073688	0.672497051555787	566	11
55336	1	0.194312537019842	0	6	0.86804663073688	0.672497051555787	566	11
55337	5	0.547393634142787	1	6	0.86804663073688	0.672497051555787	566	11
55341	0	0.314823211628673	0	6	0.86804663073688	0.672497051555787	566	11
55343	1	0.448288445123759	0	6	0.86804663073688	0.672497051555787	566	11
55346	3	0.132241362284823	0	6	0.86804663073688	0.672497051555787	566	11
55347	4	-0.323623019247428	0	6	0.86804663073688	0.672497051555787	566	11
55350	8	-0.105197409934152	0	6	0.86804663073688	0.672497051555787	566	11
55351	6	0.145991654987759	0	6	0.86804663073688	0.672497051555787	566	11
55353	3	0.35314634246263	0	6	0.86804663073688	0.672497051555787	566	11
55355	1	0.44126288675316	0	6	0.86804663073688	0.672497051555787	566	11
55357	1	0.21780152460792	0	6	0.86804663073688	0.672497051555787	566	11
55361	2	-0.00818725909383989	0	6	0.86804663073688	0.672497051555787	566	11
55364	3	-0.0527494360349944	0	6	0.86804663073688	0.672497051555787	566	11
55365	4	-0.262595592159007	0	6	0.86804663073688	0.672497051555787	566	11
55366	3	-0.0994765474540732	0	6	0.86804663073688	0.672497051555787	566	11
55367	0	0.14789710935085	0	6	0.86804663073688	0.672497051555787	566	11
55374	0	0.222504957056273	0	6	0.86804663073688	0.672497051555787	566	11
55379	1	0.239609893867317	0	6	0.86804663073688	0.672497051555787	566	11
55421	0	0.437811835879956	0	6	0.86804663073688	0.672497051555787	566	11
55422	11	0.0210523278377885	0	6	0.86804663073688	0.672497051555787	566	11
55423	1	0.188755215203524	0	6	0.86804663073688	0.672497051555787	566	11
55432	4	0.139073176659897	0	6	0.86804663073688	0.672497051555787	566	11
55435	4	-0.196930012915717	0	6	0.86804663073688	0.672497051555787	566	11
55450	6	-0.0360574222950367	0	6	0.86804663073688	0.672497051555787	566	11
55454	1	0.483788287265457	0	6	0.86804663073688	0.672497051555787	566	11
55471	1	0.662047412334299	0	6	0.86804663073688	0.672497051555787	566	11
55486	2	-0.0754732941226595	0	6	0.86804663073688	0.672497051555787	566	11
55500	1	0.439712430942637	0	6	0.86804663073688	0.672497051555787	566	11
55501	2	0.130586485980883	0	6	0.86804663073688	0.672497051555787	566	11
55503	1	0.223124043110579	0	6	0.86804663073688	0.672497051555787	566	11
55505	7	0.0670062436223801	0	6	0.86804663073688	0.672497051555787	566	11
55506	2	0.158374560379419	0	6	0.86804663073688	0.672497051555787	566	11
55508	2	0.221890346527511	0	6	0.86804663073688	0.672497051555787	566	11
55509	1	0.393501129694383	0	6	0.86804663073688	0.672497051555787	566	11
55510	1	0.322227704751533	0	6	0.86804663073688	0.672497051555787	566	11
55512	1	0.334547235487625	0	6	0.86804663073688	0.672497051555787	566	11
55520	3	0.0489584004591328	0	6	0.86804663073688	0.672497051555787	566	11
55526	4	-0.264779527777099	0	6	0.86804663073688	0.672497051555787	566	11
55540	4	-0.156807216946207	0	6	0.86804663073688	0.672497051555787	566	11
55544	2	-0.0831400691888976	0	6	0.86804663073688	0.672497051555787	566	11
55556	4	-0.0660834582886466	0	6	0.86804663073688	0.672497051555787	566	11
55558	3	-0.0284594016843922	0	6	0.86804663073688	0.672497051555787	566	11
55565	0	0.139888149984762	0	6	0.86804663073688	0.672497051555787	566	11
55567	0	0.197707955137326	0	6	0.86804663073688	0.672497051555787	566	11
55568	1	0.326148197837113	0	6	0.86804663073688	0.672497051555787	566	11
55573	3	0.268255862359414	0	6	0.86804663073688	0.672497051555787	566	11
55576	1	0.0623038933465896	0	6	0.86804663073688	0.672497051555787	566	11
55577	1	0.502581577035481	0	6	0.86804663073688	0.672497051555787	566	11
55578	5	0.626372959875082	1	6	0.86804663073688	0.672497051555787	566	11
55585	3	0.00394120568620895	0	6	0.86804663073688	0.672497051555787	566	11
55589	1	0.227105508224097	0	6	0.86804663073688	0.672497051555787	566	11
55596	1	0.446153115722385	0	6	0.86804663073688	0.672497051555787	566	11
55601	10	0.305063456610621	0	6	0.86804663073688	0.672497051555787	566	11
55602	2	0.0507916643051256	0	6	0.86804663073688	0.672497051555787	566	11
55603	1	0.215481784468454	0	6	0.86804663073688	0.672497051555787	566	11
55604	1	0.244494502518554	0	6	0.86804663073688	0.672497051555787	566	11
55607	6	0.0769444255282606	0	6	0.86804663073688	0.672497051555787	566	11
55608	5	0.794048325444611	1	6	0.86804663073688	0.672497051555787	566	11
55612	4	-0.212956728687542	0	6	0.86804663073688	0.672497051555787	566	11
55614	2	0.00250812445970341	0	6	0.86804663073688	0.672497051555787	566	11
55616	0	0.0396625871920307	0	6	0.86804663073688	0.672497051555787	566	11
55617	2	0.147408397457164	0	6	0.86804663073688	0.672497051555787	566	11
55619	1	0.498364067486855	0	6	0.86804663073688	0.672497051555787	566	11
55620	4	-0.128565337765505	0	6	0.86804663073688	0.672497051555787	566	11
55621	2	0.114848696133738	0	6	0.86804663073688	0.672497051555787	566	11
55622	1	0.480103314454746	0	6	0.86804663073688	0.672497051555787	566	11
55623	1	0.301829706219189	0	6	0.86804663073688	0.672497051555787	566	11
55624	2	-0.0593326037635745	0	6	0.86804663073688	0.672497051555787	566	11
55625	2	0.274195365809318	0	6	0.86804663073688	0.672497051555787	566	11
55626	5	0.530017865573684	1	6	0.86804663073688	0.672497051555787	566	11
55628	0	0.382017465279416	0	6	0.86804663073688	0.672497051555787	566	11
55630	4	-0.0455790876701446	0	6	0.86804663073688	0.672497051555787	566	11
55631	0	0.283572418641572	0	6	0.86804663073688	0.672497051555787	566	11
55633	6	-0.0180871248738403	0	6	0.86804663073688	0.672497051555787	566	11
55634	3	0.358571010467792	0	6	0.86804663073688	0.672497051555787	566	11
55636	3	0.103202116164957	0	6	0.86804663073688	0.672497051555787	566	11
55638	0	0.141360397702928	0	6	0.86804663073688	0.672497051555787	566	11
55640	1	0.148016596179381	0	6	0.86804663073688	0.672497051555787	566	11
55643	2	-0.0576017963465416	0	6	0.86804663073688	0.672497051555787	566	11
55644	1	0.564814192350583	0	6	0.86804663073688	0.672497051555787	566	11
55647	8	-0.039462349318365	0	6	0.86804663073688	0.672497051555787	566	11
55650	2	-0.0708898784135786	0	6	0.86804663073688	0.672497051555787	566	11
55651	7	0.00725919684814753	0	6	0.86804663073688	0.672497051555787	566	11
55652	3	0.0996415994875261	0	6	0.86804663073688	0.672497051555787	566	11
55653	3	0.289875646762211	0	6	0.86804663073688	0.672497051555787	566	11
55654	2	0.0729657964253764	0	6	0.86804663073688	0.672497051555787	566	11
55655	1	0.0524539587308193	0	6	0.86804663073688	0.672497051555787	566	11
55656	5	0.777065170136425	1	6	0.86804663073688	0.672497051555787	566	11
55657	1	0.406803912994367	0	6	0.86804663073688	0.672497051555787	566	11
55658	2	-0.29608431440045	0	6	0.86804663073688	0.672497051555787	566	11
55660	1	0.412927500900354	0	6	0.86804663073688	0.672497051555787	566	11
55661	1	0.358713353197868	0	6	0.86804663073688	0.672497051555787	566	11
55662	3	0.266270957666247	0	6	0.86804663073688	0.672497051555787	566	11
55663	1	0.3265856807935	0	6	0.86804663073688	0.672497051555787	566	11
55664	2	0.219038447261037	0	6	0.86804663073688	0.672497051555787	566	11
55665	4	0.142465505625835	0	6	0.86804663073688	0.672497051555787	566	11
55666	5	0.469062143908597	1	6	0.86804663073688	0.672497051555787	566	11
55667	3	0.242164337733731	0	6	0.86804663073688	0.672497051555787	566	11
55668	5	0.735244191688229	1	6	0.86804663073688	0.672497051555787	566	11
55669	5	0.668560356861213	1	6	0.86804663073688	0.672497051555787	566	11
55670	2	0.0116855101722545	0	6	0.86804663073688	0.672497051555787	566	11
55671	1	0.35180849539762	0	6	0.86804663073688	0.672497051555787	566	11
55679	3	0.194267942294045	0	6	0.86804663073688	0.672497051555787	566	11
55681	1	0.25193489487349	0	6	0.86804663073688	0.672497051555787	566	11
55683	5	0.515128667346272	1	6	0.86804663073688	0.672497051555787	566	11
55684	1	0.196356731308695	0	6	0.86804663073688	0.672497051555787	566	11
55686	1	0.241606118962781	0	6	0.86804663073688	0.672497051555787	566	11
55687	0	-0.0332027755308049	0	6	0.86804663073688	0.672497051555787	566	11
55689	5	0.67492779834709	1	6	0.86804663073688	0.672497051555787	566	11
55690	6	-0.0396624223709573	0	6	0.86804663073688	0.672497051555787	566	11
55691	5	0.74398367645193	1	6	0.86804663073688	0.672497051555787	566	11
55692	5	0.839981989721197	1	6	0.86804663073688	0.672497051555787	566	11
55693	0	-0.152771361828877	0	6	0.86804663073688	0.672497051555787	566	11
55695	2	0.20354745941568	0	6	0.86804663073688	0.672497051555787	566	11
55696	3	0.114483179625293	0	6	0.86804663073688	0.672497051555787	566	11
55697	2	-0.150546416589585	0	6	0.86804663073688	0.672497051555787	566	11
55699	4	-0.0676524761711423	0	6	0.86804663073688	0.672497051555787	566	11
55700	1	0.410250886135838	0	6	0.86804663073688	0.672497051555787	566	11
55701	3	0.0661059277965187	0	6	0.86804663073688	0.672497051555787	566	11
55702	0	0.160604065441759	0	6	0.86804663073688	0.672497051555787	566	11
55703	2	0.146975294892495	0	6	0.86804663073688	0.672497051555787	566	11
55704	1	0.642788053825176	0	6	0.86804663073688	0.672497051555787	566	11
55705	1	0.375007295639862	0	6	0.86804663073688	0.672497051555787	566	11
55706	2	-0.0840531127190465	0	6	0.86804663073688	0.672497051555787	566	11
55707	2	0.24846173467605	0	6	0.86804663073688	0.672497051555787	566	11
55709	0	0.051726063290069	0	6	0.86804663073688	0.672497051555787	566	11
55711	5	0.498092557060903	1	6	0.86804663073688	0.672497051555787	566	11
55713	0	0.107878754669808	0	6	0.86804663073688	0.672497051555787	566	11
55714	3	0.0194255762134927	0	6	0.86804663073688	0.672497051555787	566	11
55715	2	-0.0486538283302339	0	6	0.86804663073688	0.672497051555787	566	11
55716	5	0.413628584153069	1	6	0.86804663073688	0.672497051555787	566	11
55717	0	0.485321470633173	0	6	0.86804663073688	0.672497051555787	566	11
55719	3	0.247557720056476	0	6	0.86804663073688	0.672497051555787	566	11
55720	0	0.0715272836128607	0	6	0.86804663073688	0.672497051555787	566	11
55721	1	0.425796739638815	0	6	0.86804663073688	0.672497051555787	566	11
55722	0	0.223898330739637	0	6	0.86804663073688	0.672497051555787	566	11
55723	1	0.39917542525501	0	6	0.86804663073688	0.672497051555787	566	11
55726	0	-0.0491142687438064	0	6	0.86804663073688	0.672497051555787	566	11
55727	1	0.413407683709326	0	6	0.86804663073688	0.672497051555787	566	11
55729	1	0.597410135312579	0	6	0.86804663073688	0.672497051555787	566	11
55731	3	0.468441381451581	0	6	0.86804663073688	0.672497051555787	566	11
55732	5	0.628241610248222	1	6	0.86804663073688	0.672497051555787	566	11
55733	1	0.323480235717293	0	6	0.86804663073688	0.672497051555787	566	11
55734	1	0.175351202048863	0	6	0.86804663073688	0.672497051555787	566	11
55735	4	-0.0395444190468917	0	6	0.86804663073688	0.672497051555787	566	11
55737	2	0.0964000777657487	0	6	0.86804663073688	0.672497051555787	566	11
55738	1	0.0303792477789589	0	6	0.86804663073688	0.672497051555787	566	11
55739	2	-0.217244970422755	0	6	0.86804663073688	0.672497051555787	566	11
55740	1	0.583391165150076	0	6	0.86804663073688	0.672497051555787	566	11
55741	2	0.0300419082068942	0	6	0.86804663073688	0.672497051555787	566	11
55742	3	0.146695218135627	0	6	0.86804663073688	0.672497051555787	566	11
55743	5	0.575634417027906	1	6	0.86804663073688	0.672497051555787	566	11
55744	2	0.317834924539497	0	6	0.86804663073688	0.672497051555787	566	11
55745	2	-0.0782344660714691	0	6	0.86804663073688	0.672497051555787	566	11
55746	3	0.197427631485776	0	6	0.86804663073688	0.672497051555787	566	11
55748	4	-0.342237061188686	0	6	0.86804663073688	0.672497051555787	566	11
55750	0	0.182443392528819	0	6	0.86804663073688	0.672497051555787	566	11
55751	0	-0.0517944658649128	0	6	0.86804663073688	0.672497051555787	566	11
55752	3	-0.047444277247928	0	6	0.86804663073688	0.672497051555787	566	11
55753	4	-0.254538723723083	0	6	0.86804663073688	0.672497051555787	566	11
55754	2	-0.0586506829659133	0	6	0.86804663073688	0.672497051555787	566	11
55755	3	0.092025542918289	0	6	0.86804663073688	0.672497051555787	566	11
55756	2	0.0876448954340916	0	6	0.86804663073688	0.672497051555787	566	11
55757	3	0.103191817360994	0	6	0.86804663073688	0.672497051555787	566	11
55758	5	0.392612944431037	1	6	0.86804663073688	0.672497051555787	566	11
55759	4	-0.00136653495703739	0	6	0.86804663073688	0.672497051555787	566	11
55760	1	0.206363503974666	0	6	0.86804663073688	0.672497051555787	566	11
55761	5	0.447008596007839	1	6	0.86804663073688	0.672497051555787	566	11
55762	1	0.577053982708363	0	6	0.86804663073688	0.672497051555787	566	11
55763	3	0.402668102433203	0	6	0.86804663073688	0.672497051555787	566	11
55764	0	0.215351632678661	0	6	0.86804663073688	0.672497051555787	566	11
55768	2	0.107292136281232	0	6	0.86804663073688	0.672497051555787	566	11
55769	5	0.557320228729539	1	6	0.86804663073688	0.672497051555787	566	11
55770	3	0.084657633878976	0	6	0.86804663073688	0.672497051555787	566	11
55775	1	0.223394881160825	0	6	0.86804663073688	0.672497051555787	566	11
55776	0	0.0963265636556342	0	6	0.86804663073688	0.672497051555787	566	11
55778	0	0.286677196645325	0	6	0.86804663073688	0.672497051555787	566	11
55779	5	0.649424825729928	1	6	0.86804663073688	0.672497051555787	566	11
55781	3	0.361053995156917	0	6	0.86804663073688	0.672497051555787	566	11
55784	3	0.1521650187839	0	6	0.86804663073688	0.672497051555787	566	11
55785	5	0.654986559253365	1	6	0.86804663073688	0.672497051555787	566	11
55786	0	0.203718808877969	0	6	0.86804663073688	0.672497051555787	566	11
55787	2	0.148211374846791	0	6	0.86804663073688	0.672497051555787	566	11
55788	2	-0.273411879085783	0	6	0.86804663073688	0.672497051555787	566	11
55790	1	0.560134483055069	0	6	0.86804663073688	0.672497051555787	566	11
55791	2	-0.226562285826596	0	6	0.86804663073688	0.672497051555787	566	11
55794	0	0.159427156981165	0	6	0.86804663073688	0.672497051555787	566	11
55795	2	0.263601533172831	0	6	0.86804663073688	0.672497051555787	566	11
55796	3	-0.0880257094479764	0	6	0.86804663073688	0.672497051555787	566	11
55799	6	0.272351303378442	0	6	0.86804663073688	0.672497051555787	566	11
55800	1	0.184163001752566	0	6	0.86804663073688	0.672497051555787	566	11
55802	3	0.140647607376906	0	6	0.86804663073688	0.672497051555787	566	11
55803	1	0.388911532237978	0	6	0.86804663073688	0.672497051555787	566	11
55805	5	0.689806359432773	1	6	0.86804663073688	0.672497051555787	566	11
55806	1	0.557808302643137	0	6	0.86804663073688	0.672497051555787	566	11
55810	3	0.173558354573375	0	6	0.86804663073688	0.672497051555787	566	11
55811	0	0.259601837281572	0	6	0.86804663073688	0.672497051555787	566	11
55812	0	-0.0633613853695526	0	6	0.86804663073688	0.672497051555787	566	11
55813	1	0.57977873308038	0	6	0.86804663073688	0.672497051555787	566	11
55815	1	0.373054400866974	0	6	0.86804663073688	0.672497051555787	566	11
55816	1	0.286743106164812	0	6	0.86804663073688	0.672497051555787	566	11
55818	5	0.567731024640987	1	6	0.86804663073688	0.672497051555787	566	11
55819	1	0.433096192718838	0	6	0.86804663073688	0.672497051555787	566	11
55821	4	0.0495999751261547	0	6	0.86804663073688	0.672497051555787	566	11
55823	3	-0.0268983132292879	0	6	0.86804663073688	0.672497051555787	566	11
55825	4	-0.145025348820872	0	6	0.86804663073688	0.672497051555787	566	11
55827	3	0.108819203920603	0	6	0.86804663073688	0.672497051555787	566	11
55830	2	-0.11323729852291	0	6	0.86804663073688	0.672497051555787	566	11
55831	0	0.375211126231327	0	6	0.86804663073688	0.672497051555787	566	11
55832	3	0.191700284455636	0	6	0.86804663073688	0.672497051555787	566	11
55833	3	0.023697131080425	0	6	0.86804663073688	0.672497051555787	566	11
55835	0	0.421420574181567	0	6	0.86804663073688	0.672497051555787	566	11
55837	2	0.0249339224490413	0	6	0.86804663073688	0.672497051555787	566	11
55839	1	0.258266662474071	0	6	0.86804663073688	0.672497051555787	566	11
55840	4	-0.0972788032732241	0	6	0.86804663073688	0.672497051555787	566	11
55841	1	-0.064265454020251	0	6	0.86804663073688	0.672497051555787	566	11
55844	0	0.414445180499535	0	6	0.86804663073688	0.672497051555787	566	11
55847	4	-0.216758835360334	0	6	0.86804663073688	0.672497051555787	566	11
55848	2	0.076236982797857	0	6	0.86804663073688	0.672497051555787	566	11
55850	2	-0.118792119680111	0	6	0.86804663073688	0.672497051555787	566	11
55851	2	0.0396823273077575	0	6	0.86804663073688	0.672497051555787	566	11
55852	4	0.164555905991179	0	6	0.86804663073688	0.672497051555787	566	11
55854	2	0.0149126182147728	0	6	0.86804663073688	0.672497051555787	566	11
55856	4	-0.29788076812649	0	6	0.86804663073688	0.672497051555787	566	11
55857	0	0.307349785744408	0	6	0.86804663073688	0.672497051555787	566	11
55858	1	0.671739008843258	0	6	0.86804663073688	0.672497051555787	566	11
55859	3	0.0824026794395174	0	6	0.86804663073688	0.672497051555787	566	11
55860	3	0.0156618592693045	0	6	0.86804663073688	0.672497051555787	566	11
55862	4	-0.230159857823487	0	6	0.86804663073688	0.672497051555787	566	11
55863	0	0.360831859755469	0	6	0.86804663073688	0.672497051555787	566	11
55867	4	-0.289882356548936	0	6	0.86804663073688	0.672497051555787	566	11
55876	5	0.669746545547755	1	6	0.86804663073688	0.672497051555787	566	11
55884	0	0.178393189166322	0	6	0.86804663073688	0.672497051555787	566	11
55885	0	0.377296924827455	0	6	0.86804663073688	0.672497051555787	566	11
55888	1	0.368531000534351	0	6	0.86804663073688	0.672497051555787	566	11
55890	6	-0.0314771401736468	0	6	0.86804663073688	0.672497051555787	566	11
55892	5	0.507266880916844	1	6	0.86804663073688	0.672497051555787	566	11
55893	2	-0.118767798743404	0	6	0.86804663073688	0.672497051555787	566	11
55898	2	-0.195426776423769	0	6	0.86804663073688	0.672497051555787	566	11
55900	3	0.453073770340473	0	6	0.86804663073688	0.672497051555787	566	11
55905	3	-0.170225103498681	0	6	0.86804663073688	0.672497051555787	566	11
55906	3	-0.0221121015389495	0	6	0.86804663073688	0.672497051555787	566	11
55907	2	-0.123405268957326	0	6	0.86804663073688	0.672497051555787	566	11
55908	1	0.455995059278609	0	6	0.86804663073688	0.672497051555787	566	11
55909	0	0.21472822024288	0	6	0.86804663073688	0.672497051555787	566	11
55911	1	0.380101365431549	0	6	0.86804663073688	0.672497051555787	566	11
55914	3	0.0300998002061549	0	6	0.86804663073688	0.672497051555787	566	11
55915	2	-0.119621391160519	0	6	0.86804663073688	0.672497051555787	566	11
55916	2	-0.154184405124535	0	6	0.86804663073688	0.672497051555787	566	11
55922	1	0.178732157115308	0	6	0.86804663073688	0.672497051555787	566	11
55930	3	0.0475414679748625	0	6	0.86804663073688	0.672497051555787	566	11
55954	2	-0.0884973679759959	0	6	0.86804663073688	0.672497051555787	566	11
55957	3	0.145729244865088	0	6	0.86804663073688	0.672497051555787	566	11
55958	3	0.0355489039545488	0	6	0.86804663073688	0.672497051555787	566	11
55966	3	0.119512906633195	0	6	0.86804663073688	0.672497051555787	566	11
55968	2	0.083442324021044	0	6	0.86804663073688	0.672497051555787	566	11
55970	6	0.198393975002449	0	6	0.86804663073688	0.672497051555787	566	11
55972	2	-0.15809960245191	0	6	0.86804663073688	0.672497051555787	566	11
55973	0	0.0508483641058301	0	6	0.86804663073688	0.672497051555787	566	11
55974	2	0.00204786384721138	0	6	0.86804663073688	0.672497051555787	566	11
55975	2	-0.0771726121805324	0	6	0.86804663073688	0.672497051555787	566	11
56005	2	-0.0436998079612608	0	6	0.86804663073688	0.672497051555787	566	11
56006	1	0.350653881480922	0	6	0.86804663073688	0.672497051555787	566	11
56034	1	0.176419134210842	0	6	0.86804663073688	0.672497051555787	566	11
56061	0	0.19917414268321	0	6	0.86804663073688	0.672497051555787	566	11
56062	1	0.350707737326003	0	6	0.86804663073688	0.672497051555787	566	11
56155	0	0.169924255697606	0	6	0.86804663073688	0.672497051555787	566	11
56163	0	0.0132644753586237	0	6	0.86804663073688	0.672497051555787	566	11
56165	0	-0.00872584379414418	0	6	0.86804663073688	0.672497051555787	566	11
56171	1	0.269021008564606	0	6	0.86804663073688	0.672497051555787	566	11
56172	1	0.203582006397681	0	6	0.86804663073688	0.672497051555787	566	11
56180	2	-0.0365054144224286	0	6	0.86804663073688	0.672497051555787	566	11
56242	2	0.0895694084110515	0	6	0.86804663073688	0.672497051555787	566	11
56245	0	0.152881403766921	0	6	0.86804663073688	0.672497051555787	566	11
56252	4	0.450955510351323	0	6	0.86804663073688	0.672497051555787	566	11
56253	1	0.0984882655061496	0	6	0.86804663073688	0.672497051555787	566	11
56255	2	-0.113629928802409	0	6	0.86804663073688	0.672497051555787	566	11
56257	2	-0.0983325180300134	0	6	0.86804663073688	0.672497051555787	566	11
56259	2	0.0353567505748463	0	6	0.86804663073688	0.672497051555787	566	11
56260	5	0.644817280756397	1	6	0.86804663073688	0.672497051555787	566	11
56270	3	0.105446751929662	0	6	0.86804663073688	0.672497051555787	566	11
56271	3	0.0317687810876277	0	6	0.86804663073688	0.672497051555787	566	11
56288	3	0.230666836462362	0	6	0.86804663073688	0.672497051555787	566	11
56301	3	-0.0032643547063631	0	6	0.86804663073688	0.672497051555787	566	11
56302	1	0.129777773920389	0	6	0.86804663073688	0.672497051555787	566	11
56339	5	0.577523141810132	1	6	0.86804663073688	0.672497051555787	566	11
56413	1	0.230431581069435	0	6	0.86804663073688	0.672497051555787	566	11
56474	0	0.326436675585854	0	6	0.86804663073688	0.672497051555787	566	11
56475	0	0.11511883789101	0	6	0.86804663073688	0.672497051555787	566	11
56478	3	0.253172971487261	0	6	0.86804663073688	0.672497051555787	566	11
56521	4	-0.164622684819786	0	6	0.86804663073688	0.672497051555787	566	11
56548	1	0.16764935010697	0	6	0.86804663073688	0.672497051555787	566	11
56603	3	0.0773204551944437	0	6	0.86804663073688	0.672497051555787	566	11
56605	3	-0.0459699218909847	0	6	0.86804663073688	0.672497051555787	566	11
56606	4	-0.137754807442333	0	6	0.86804663073688	0.672497051555787	566	11
56616	2	0.0218205680169599	0	6	0.86804663073688	0.672497051555787	566	11
56623	0	0.245610961767581	0	6	0.86804663073688	0.672497051555787	566	11
56647	2	-0.0218974078325055	0	6	0.86804663073688	0.672497051555787	566	11
56648	3	0.00305965717159042	0	6	0.86804663073688	0.672497051555787	566	11
56649	6	0.339838881172581	0	6	0.86804663073688	0.672497051555787	566	11
56650	3	0.418363258847246	0	6	0.86804663073688	0.672497051555787	566	11
56652	1	0.235102581943392	0	6	0.86804663073688	0.672497051555787	566	11
56654	3	0.202266647174857	0	6	0.86804663073688	0.672497051555787	566	11
56659	3	0.22975148298401	0	6	0.86804663073688	0.672497051555787	566	11
56667	4	-0.193183588255517	0	6	0.86804663073688	0.672497051555787	566	11
56672	3	0.389331112861064	0	6	0.86804663073688	0.672497051555787	566	11
56673	1	0.409180736218889	0	6	0.86804663073688	0.672497051555787	566	11
56674	3	-0.108969856833925	0	6	0.86804663073688	0.672497051555787	566	11
56675	0	0.367215989892733	0	6	0.86804663073688	0.672497051555787	566	11
56681	3	0.0914248501583752	0	6	0.86804663073688	0.672497051555787	566	11
56683	2	-0.0578802372561875	0	6	0.86804663073688	0.672497051555787	566	11
56729	1	0.318837311491179	0	6	0.86804663073688	0.672497051555787	566	11
56731	4	-0.164805345866459	0	6	0.86804663073688	0.672497051555787	566	11
56829	0	0.178896199574575	0	6	0.86804663073688	0.672497051555787	566	11
56833	1	0.232149664948577	0	6	0.86804663073688	0.672497051555787	566	11
56834	2	-0.0913511471086175	0	6	0.86804663073688	0.672497051555787	566	11
56848	4	-0.0107232362119438	0	6	0.86804663073688	0.672497051555787	566	11
56851	2	0.0992111869227256	0	6	0.86804663073688	0.672497051555787	566	11
56882	1	0.447541609567065	0	6	0.86804663073688	0.672497051555787	566	11
56886	3	0.372404130667843	0	6	0.86804663073688	0.672497051555787	566	11
56888	0	0.434461037329782	0	6	0.86804663073688	0.672497051555787	566	11
56889	3	-0.00514481142396105	0	6	0.86804663073688	0.672497051555787	566	11
56890	3	-0.00425884796297457	0	6	0.86804663073688	0.672497051555787	566	11
56892	5	0.528685509926351	1	6	0.86804663073688	0.672497051555787	566	11
56894	4	-0.093530076500662	0	6	0.86804663073688	0.672497051555787	566	11
56895	5	0.526401334239966	1	6	0.86804663073688	0.672497051555787	566	11
56898	4	-0.248338808459683	0	6	0.86804663073688	0.672497051555787	566	11
56899	2	-0.218714651550255	0	6	0.86804663073688	0.672497051555787	566	11
56901	1	0.390041041145138	0	6	0.86804663073688	0.672497051555787	566	11
56902	0	0.243537785755024	0	6	0.86804663073688	0.672497051555787	566	11
56904	2	0.0952270882027082	0	6	0.86804663073688	0.672497051555787	566	11
56905	1	0.448754890603514	0	6	0.86804663073688	0.672497051555787	566	11
56906	2	-0.0108691221967661	0	6	0.86804663073688	0.672497051555787	566	11
56910	2	-0.0819698458923405	0	6	0.86804663073688	0.672497051555787	566	11
56911	1	0.378045385984891	0	6	0.86804663073688	0.672497051555787	566	11
56912	2	-0.0650768580301017	0	6	0.86804663073688	0.672497051555787	566	11
56913	4	0.0123417132876906	0	6	0.86804663073688	0.672497051555787	566	11
56915	2	0.00279671677819448	0	6	0.86804663073688	0.672497051555787	566	11
56920	3	-0.00849935513836494	0	6	0.86804663073688	0.672497051555787	566	11
56922	4	-0.236556327573798	0	6	0.86804663073688	0.672497051555787	566	11
56925	1	0.417365248241425	0	6	0.86804663073688	0.672497051555787	566	11
56926	2	-0.103734889152787	0	6	0.86804663073688	0.672497051555787	566	11
56928	2	0.0959437437764009	0	6	0.86804663073688	0.672497051555787	566	11
56929	2	0.241436085199206	0	6	0.86804663073688	0.672497051555787	566	11
56934	3	-0.0620651534150903	0	6	0.86804663073688	0.672497051555787	566	11
56935	1	0.332416694450843	0	6	0.86804663073688	0.672497051555787	566	11
56937	3	0.0908778787747801	0	6	0.86804663073688	0.672497051555787	566	11
56938	1	0.21520819253424	0	6	0.86804663073688	0.672497051555787	566	11
56941	3	-0.102683967380267	0	6	0.86804663073688	0.672497051555787	566	11
56942	2	-0.0523895117174577	0	6	0.86804663073688	0.672497051555787	566	11
56943	0	0.303985052253272	0	6	0.86804663073688	0.672497051555787	566	11
56944	1	0.488614976113872	0	6	0.86804663073688	0.672497051555787	566	11
56945	2	0.289418396552143	0	6	0.86804663073688	0.672497051555787	566	11
56946	0	0.357135984095369	0	6	0.86804663073688	0.672497051555787	566	11
56947	2	0.0278040959765774	0	6	0.86804663073688	0.672497051555787	566	11
56948	2	0.181999937829888	0	6	0.86804663073688	0.672497051555787	566	11
56949	2	-0.18709069777852	0	6	0.86804663073688	0.672497051555787	566	11
56950	1	0.243276086615462	0	6	0.86804663073688	0.672497051555787	566	11
56951	7	0.161950861702654	0	6	0.86804663073688	0.672497051555787	566	11
56953	0	-0.184129615773916	0	6	0.86804663073688	0.672497051555787	566	11
56954	4	-0.165907026929422	0	6	0.86804663073688	0.672497051555787	566	11
56955	1	0.179028208283698	0	6	0.86804663073688	0.672497051555787	566	11
56957	3	0.24236586954474	0	6	0.86804663073688	0.672497051555787	566	11
56965	1	0.361425639333803	0	6	0.86804663073688	0.672497051555787	566	11
56967	3	0.22204596719922	0	6	0.86804663073688	0.672497051555787	566	11
56978	0	0.0923374951329432	0	6	0.86804663073688	0.672497051555787	566	11
56980	1	0.354381509436043	0	6	0.86804663073688	0.672497051555787	566	11
56983	3	0.160829239645797	0	6	0.86804663073688	0.672497051555787	566	11
56984	2	0.156378079345099	0	6	0.86804663073688	0.672497051555787	566	11
56985	0	0.249266288029666	0	6	0.86804663073688	0.672497051555787	566	11
56986	5	0.532109456803401	1	6	0.86804663073688	0.672497051555787	566	11
56987	3	0.220170062112153	0	6	0.86804663073688	0.672497051555787	566	11
56993	2	-0.0787668251134988	0	6	0.86804663073688	0.672497051555787	566	11
56994	2	-0.158034906819249	0	6	0.86804663073688	0.672497051555787	566	11
56995	3	-0.0124915216107369	0	6	0.86804663073688	0.672497051555787	566	11
56996	1	0.293240558981189	0	6	0.86804663073688	0.672497051555787	566	11
56997	4	0.117774369392795	0	6	0.86804663073688	0.672497051555787	566	11
56998	3	0.0322029223653533	0	6	0.86804663073688	0.672497051555787	566	11
57001	2	-0.189539431734306	0	6	0.86804663073688	0.672497051555787	566	11
57003	1	0.437345331263146	0	6	0.86804663073688	0.672497051555787	566	11
57007	0	0.214364209288967	0	6	0.86804663073688	0.672497051555787	566	11
57017	4	-0.27742645442768	0	6	0.86804663073688	0.672497051555787	566	11
57018	5	0.649333171995719	1	6	0.86804663073688	0.672497051555787	566	11
57019	3	0.355565218232448	0	6	0.86804663073688	0.672497051555787	566	11
57020	2	0.0196331117420291	0	6	0.86804663073688	0.672497051555787	566	11
57030	0	0.0924026071786768	0	6	0.86804663073688	0.672497051555787	566	11
57035	5	0.515288978545757	1	6	0.86804663073688	0.672497051555787	566	11
57037	2	-0.184174261318284	0	6	0.86804663073688	0.672497051555787	566	11
57045	3	0.129958386704581	0	6	0.86804663073688	0.672497051555787	566	11
57047	0	0.224732736557554	0	6	0.86804663073688	0.672497051555787	566	11
57050	2	-0.0565084194119879	0	6	0.86804663073688	0.672497051555787	566	11
57053	0	0.420643593146816	0	6	0.86804663073688	0.672497051555787	566	11
57060	2	0.150948974783914	0	6	0.86804663073688	0.672497051555787	566	11
57062	3	-0.0883799342944041	0	6	0.86804663073688	0.672497051555787	566	11
57088	3	0.0771828999689229	0	6	0.86804663073688	0.672497051555787	566	11
57089	1	0.443441491575652	0	6	0.86804663073688	0.672497051555787	566	11
57091	1	0.047192558250511	0	6	0.86804663073688	0.672497051555787	566	11
57092	2	0.218130617199757	0	6	0.86804663073688	0.672497051555787	566	11
57097	3	0.265618997084731	0	6	0.86804663073688	0.672497051555787	566	11
57099	1	0.207340740368609	0	6	0.86804663073688	0.672497051555787	566	11
57101	0	0.214114909015687	0	6	0.86804663073688	0.672497051555787	566	11
57102	1	0.263226746996954	0	6	0.86804663073688	0.672497051555787	566	11
57103	0	0.207324571812438	0	6	0.86804663073688	0.672497051555787	566	11
57104	2	-0.125564974075617	0	6	0.86804663073688	0.672497051555787	566	11
57105	1	0.358640687316061	0	6	0.86804663073688	0.672497051555787	566	11
57107	2	-0.00239450318919748	0	6	0.86804663073688	0.672497051555787	566	11
57109	1	0.260370939841889	0	6	0.86804663073688	0.672497051555787	566	11
57111	6	0.0572875949181279	0	6	0.86804663073688	0.672497051555787	566	11
57113	4	-0.162933811703751	0	6	0.86804663073688	0.672497051555787	566	11
57117	3	0.0968107534718786	0	6	0.86804663073688	0.672497051555787	566	11
57122	1	0.36878991618528	0	6	0.86804663073688	0.672497051555787	566	11
57124	1	0.569445956361978	0	6	0.86804663073688	0.672497051555787	566	11
57125	1	0.376016410234193	0	6	0.86804663073688	0.672497051555787	566	11
57126	8	-0.0170231383226559	0	6	0.86804663073688	0.672497051555787	566	11
57127	9	0.0736725375722944	0	6	0.86804663073688	0.672497051555787	566	11
57128	2	0.179187232405775	0	6	0.86804663073688	0.672497051555787	566	11
57130	1	0.188322436815952	0	6	0.86804663073688	0.672497051555787	566	11
57132	0	-0.0249990235720163	0	6	0.86804663073688	0.672497051555787	566	11
57134	4	-0.052861984836344	0	6	0.86804663073688	0.672497051555787	566	11
57136	2	0.0393211796829853	0	6	0.86804663073688	0.672497051555787	566	11
57140	2	-0.0705944813438476	0	6	0.86804663073688	0.672497051555787	566	11
57142	5	0.459033209592045	1	6	0.86804663073688	0.672497051555787	566	11
57146	2	-0.199703990541701	0	6	0.86804663073688	0.672497051555787	566	11
57147	0	0.181779875071547	0	6	0.86804663073688	0.672497051555787	566	11
57148	3	0.300674645228565	0	6	0.86804663073688	0.672497051555787	566	11
57149	4	-0.133126771956239	0	6	0.86804663073688	0.672497051555787	566	11
57150	0	0.160591796654248	0	6	0.86804663073688	0.672497051555787	566	11
57154	5	0.638042903223426	1	6	0.86804663073688	0.672497051555787	566	11
57157	0	0.415002809843658	0	6	0.86804663073688	0.672497051555787	566	11
57158	0	0.184736905305688	0	6	0.86804663073688	0.672497051555787	566	11
57161	2	-0.135400390344589	0	6	0.86804663073688	0.672497051555787	566	11
57162	1	0.337290367225216	0	6	0.86804663073688	0.672497051555787	566	11
57165	1	0.267690675348597	0	6	0.86804663073688	0.672497051555787	566	11
57171	2	-0.0648548986538117	0	6	0.86804663073688	0.672497051555787	566	11
57172	0	0.262420043161406	0	6	0.86804663073688	0.672497051555787	566	11
57178	2	0.137653410869753	0	6	0.86804663073688	0.672497051555787	566	11
57180	4	0.112632573464673	0	6	0.86804663073688	0.672497051555787	566	11
57185	3	0.0739205336071279	0	6	0.86804663073688	0.672497051555787	566	11
57187	5	0.615439299048042	1	6	0.86804663073688	0.672497051555787	566	11
57188	3	0.104305475527567	0	6	0.86804663073688	0.672497051555787	566	11
57191	0	0.504472454121208	0	6	0.86804663073688	0.672497051555787	566	11
57192	2	0.0499301399145234	0	6	0.86804663073688	0.672497051555787	566	11
57194	3	0.166446088480584	0	6	0.86804663073688	0.672497051555787	566	11
57198	1	0.529974842350202	0	6	0.86804663073688	0.672497051555787	566	11
57205	3	0.100453753236069	0	6	0.86804663073688	0.672497051555787	566	11
57209	0	0.202969459913514	0	6	0.86804663073688	0.672497051555787	566	11
57211	1	0.167060134702082	0	6	0.86804663073688	0.672497051555787	566	11
57213	0	0.346374076638531	0	6	0.86804663073688	0.672497051555787	566	11
57214	5	0.605927209533444	1	6	0.86804663073688	0.672497051555787	566	11
57215	2	0.114246503100363	0	6	0.86804663073688	0.672497051555787	566	11
57228	1	0.512781024208324	0	6	0.86804663073688	0.672497051555787	566	11
57326	2	-0.0649981053794478	0	6	0.86804663073688	0.672497051555787	566	11
57332	1	0.259982908163598	0	6	0.86804663073688	0.672497051555787	566	11
57333	1	0.308295820126525	0	6	0.86804663073688	0.672497051555787	566	11
57335	1	0.277569301594313	0	6	0.86804663073688	0.672497051555787	566	11
57336	3	0.131970510809537	0	6	0.86804663073688	0.672497051555787	566	11
57337	3	0.119869759748413	0	6	0.86804663073688	0.672497051555787	566	11
57338	0	0.0874360994093959	0	6	0.86804663073688	0.672497051555787	566	11
57343	3	0.178480630815673	0	6	0.86804663073688	0.672497051555787	566	11
57348	0	0.272472912946518	0	6	0.86804663073688	0.672497051555787	566	11
57380	3	-0.183879549969025	0	6	0.86804663073688	0.672497051555787	566	11
57396	5	0.514385250261283	1	6	0.86804663073688	0.672497051555787	566	11
57402	1	0.392606881091774	0	6	0.86804663073688	0.672497051555787	566	11
57403	0	0.286129760622056	0	6	0.86804663073688	0.672497051555787	566	11
57404	2	-0.222977347499276	0	6	0.86804663073688	0.672497051555787	566	11
57406	4	-0.330185236781107	0	6	0.86804663073688	0.672497051555787	566	11
57408	1	0.206265020037119	0	6	0.86804663073688	0.672497051555787	566	11
57415	2	-0.301262270992459	0	6	0.86804663073688	0.672497051555787	566	11
57418	2	-0.161260608980285	0	6	0.86804663073688	0.672497051555787	566	11
57419	0	0.0554330820694689	0	6	0.86804663073688	0.672497051555787	566	11
57446	2	-0.011061606276513	0	6	0.86804663073688	0.672497051555787	566	11
57447	3	0.186636612718917	0	6	0.86804663073688	0.672497051555787	566	11
57460	2	-0.208884569968438	0	6	0.86804663073688	0.672497051555787	566	11
57466	3	0.400960522733222	0	6	0.86804663073688	0.672497051555787	566	11
57470	2	-0.103618768897675	0	6	0.86804663073688	0.672497051555787	566	11
57472	3	0.162349412272509	0	6	0.86804663073688	0.672497051555787	566	11
57473	2	-0.0657064711263925	0	6	0.86804663073688	0.672497051555787	566	11
57476	4	-0.35665791541154	0	6	0.86804663073688	0.672497051555787	566	11
57493	5	0.639423582999525	1	6	0.86804663073688	0.672497051555787	566	11
57496	1	0.492951244322006	0	6	0.86804663073688	0.672497051555787	566	11
57498	3	0.2345379372439	0	6	0.86804663073688	0.672497051555787	566	11
57502	1	0.223428924293974	0	6	0.86804663073688	0.672497051555787	566	11
57506	0	0.288105754457516	0	6	0.86804663073688	0.672497051555787	566	11
57509	0	0.307831103671115	0	6	0.86804663073688	0.672497051555787	566	11
57513	3	-0.121260428134336	0	6	0.86804663073688	0.672497051555787	566	11
57515	2	0.114210404591005	0	6	0.86804663073688	0.672497051555787	566	11
57523	1	0.548937059102829	0	6	0.86804663073688	0.672497051555787	566	11
57535	0	0.0859524309925216	0	6	0.86804663073688	0.672497051555787	566	11
57538	5	0.449932006980779	1	6	0.86804663073688	0.672497051555787	566	11
57553	1	0.630788460563872	0	6	0.86804663073688	0.672497051555787	566	11
57556	3	0.140943817868946	0	6	0.86804663073688	0.672497051555787	566	11
57572	5	0.609326348902482	1	6	0.86804663073688	0.672497051555787	566	11
57573	3	0.153811205242737	0	6	0.86804663073688	0.672497051555787	566	11
57576	0	0.126042988917838	0	6	0.86804663073688	0.672497051555787	566	11
57579	0	0.271622474476516	0	6	0.86804663073688	0.672497051555787	566	11
57586	9	0.128326577062984	0	6	0.86804663073688	0.672497051555787	566	11
57591	0	-0.156374855238424	0	6	0.86804663073688	0.672497051555787	566	11
57596	3	0.188631954099678	0	6	0.86804663073688	0.672497051555787	566	11
57597	1	0.298791999340549	0	6	0.86804663073688	0.672497051555787	566	11
57599	3	0.064266979553214	0	6	0.86804663073688	0.672497051555787	566	11
57602	2	0.214765804558399	0	6	0.86804663073688	0.672497051555787	566	11
57608	5	0.640602706548638	1	6	0.86804663073688	0.672497051555787	566	11
57610	3	0.199177301939807	0	6	0.86804663073688	0.672497051555787	566	11
57613	3	-0.0425835388553156	0	6	0.86804663073688	0.672497051555787	566	11
57634	1	0.564495799792188	0	6	0.86804663073688	0.672497051555787	566	11
57645	2	0.00205508022021122	0	6	0.86804663073688	0.672497051555787	566	11
57658	3	0.0357727596652328	0	6	0.86804663073688	0.672497051555787	566	11
57664	1	0.315577010143925	0	6	0.86804663073688	0.672497051555787	566	11
57669	3	-0.0466099369209183	0	6	0.86804663073688	0.672497051555787	566	11
57680	3	0.211146804687403	0	6	0.86804663073688	0.672497051555787	566	11
57698	7	0.123502107715074	0	6	0.86804663073688	0.672497051555787	566	11
57706	4	-0.0335546705040674	0	6	0.86804663073688	0.672497051555787	566	11
57707	3	0.0151457466919029	0	6	0.86804663073688	0.672497051555787	566	11
57710	1	0.350175294783116	0	6	0.86804663073688	0.672497051555787	566	11
57711	3	0.281628447525007	0	6	0.86804663073688	0.672497051555787	566	11
57715	3	0.209588881246368	0	6	0.86804663073688	0.672497051555787	566	11
57716	3	0.106947026674336	0	6	0.86804663073688	0.672497051555787	566	11
57720	3	0.218471103437428	0	6	0.86804663073688	0.672497051555787	566	11
57728	1	0.187129825418794	0	6	0.86804663073688	0.672497051555787	566	11
57731	0	0.350475325402232	0	6	0.86804663073688	0.672497051555787	566	11
57733	4	-0.299385173302946	0	6	0.86804663073688	0.672497051555787	566	11
57758	1	0.365782138592777	0	6	0.86804663073688	0.672497051555787	566	11
57761	1	0.486560845995052	0	6	0.86804663073688	0.672497051555787	566	11
57763	0	0.322480137155211	0	6	0.86804663073688	0.672497051555787	566	11
57787	3	0.120094926274825	0	6	0.86804663073688	0.672497051555787	566	11
57794	0	0.383780119210388	0	6	0.86804663073688	0.672497051555787	566	11
57798	3	0.395980319895027	0	6	0.86804663073688	0.672497051555787	566	11
57799	0	0.0349184462526823	0	6	0.86804663073688	0.672497051555787	566	11
57804	2	-0.0715415532620638	0	6	0.86804663073688	0.672497051555787	566	11
57820	4	-0.298743934385479	0	6	0.86804663073688	0.672497051555787	566	11
57821	2	0.0299487874610007	0	6	0.86804663073688	0.672497051555787	566	11
57823	1	0.260619177196221	0	6	0.86804663073688	0.672497051555787	566	11
57826	3	0.128978821540626	0	6	0.86804663073688	0.672497051555787	566	11
57827	2	-0.247823508840147	0	6	0.86804663073688	0.672497051555787	566	11
57828	2	0.178253451117729	0	6	0.86804663073688	0.672497051555787	566	11
57834	4	0.137533773069042	0	6	0.86804663073688	0.672497051555787	566	11
57835	1	0.50331923243858	0	6	0.86804663073688	0.672497051555787	566	11
57863	1	0.323763038554858	0	6	0.86804663073688	0.672497051555787	566	11
58155	4	0.568485181607229	0	6	0.86804663073688	0.672497051555787	566	11
58189	5	0.349860652646034	1	6	0.86804663073688	0.672497051555787	566	11
58190	2	-0.159327316060847	0	6	0.86804663073688	0.672497051555787	566	11
58472	3	0.194324635216616	0	6	0.86804663073688	0.672497051555787	566	11
58473	3	0.096185544945127	0	6	0.86804663073688	0.672497051555787	566	11
58477	2	0.0729632574315916	0	6	0.86804663073688	0.672497051555787	566	11
58478	3	0.0357970158513624	0	6	0.86804663073688	0.672497051555787	566	11
58486	1	0.613278775525599	0	6	0.86804663073688	0.672497051555787	566	11
58487	5	0.705578391785413	1	6	0.86804663073688	0.672497051555787	566	11
58488	4	-0.134805556502791	0	6	0.86804663073688	0.672497051555787	566	11
58494	5	0.634676236919502	1	6	0.86804663073688	0.672497051555787	566	11
58495	0	0.0567884400239484	0	6	0.86804663073688	0.672497051555787	566	11
58497	2	-0.247601907997647	0	6	0.86804663073688	0.672497051555787	566	11
58500	3	0.179585454329621	0	6	0.86804663073688	0.672497051555787	566	11
58504	1	0.431256394874852	0	6	0.86804663073688	0.672497051555787	566	11
58509	1	0.277794744681226	0	6	0.86804663073688	0.672497051555787	566	11
58510	4	-0.385885363164354	0	6	0.86804663073688	0.672497051555787	566	11
58513	2	-0.0549864704696204	0	6	0.86804663073688	0.672497051555787	566	11
58517	5	0.653438535428951	1	6	0.86804663073688	0.672497051555787	566	11
58525	2	-0.00167907099949627	0	6	0.86804663073688	0.672497051555787	566	11
58526	2	-0.248754325966129	0	6	0.86804663073688	0.672497051555787	566	11
58528	2	-0.238634645868371	0	6	0.86804663073688	0.672497051555787	566	11
58529	3	-0.0445974140866772	0	6	0.86804663073688	0.672497051555787	566	11
58985	6	-0.0351428366173611	0	6	0.86804663073688	0.672497051555787	566	11
58986	2	0.00191297369990113	0	6	0.86804663073688	0.672497051555787	566	11
59269	0	0.464893965525123	0	6	0.86804663073688	0.672497051555787	566	11
59272	4	-0.175006273691203	0	6	0.86804663073688	0.672497051555787	566	11
59307	4	-0.0933430428242792	0	6	0.86804663073688	0.672497051555787	566	11
59338	4	0.0887873464288789	0	6	0.86804663073688	0.672497051555787	566	11
59339	3	0.268199089526152	0	6	0.86804663073688	0.672497051555787	566	11
59341	4	-0.165335868388131	0	6	0.86804663073688	0.672497051555787	566	11
59342	2	0.0783421830747014	0	6	0.86804663073688	0.672497051555787	566	11
59343	3	-0.14874254202771	0	6	0.86804663073688	0.672497051555787	566	11
59348	3	0.0850924256281134	0	6	0.86804663073688	0.672497051555787	566	11
59349	2	0.0201600553210211	0	6	0.86804663073688	0.672497051555787	566	11
60312	3	0.162939114771882	0	6	0.86804663073688	0.672497051555787	566	11
60313	3	0.162078690068659	0	6	0.86804663073688	0.672497051555787	566	11
60314	2	-0.115531546687002	0	6	0.86804663073688	0.672497051555787	566	11
60343	2	-0.105402199492852	0	6	0.86804663073688	0.672497051555787	566	11
60370	2	0.00072169975807088	0	6	0.86804663073688	0.672497051555787	566	11
60401	0	0.000295060000870323	0	6	0.86804663073688	0.672497051555787	566	11
60436	3	0.339805175200069	0	6	0.86804663073688	0.672497051555787	566	11
60468	1	0.284823317323464	0	6	0.86804663073688	0.672497051555787	566	11
60481	2	0.256845812686838	0	6	0.86804663073688	0.672497051555787	566	11
60485	3	0.122701102686113	0	6	0.86804663073688	0.672497051555787	566	11
60487	0	0.198448443999962	0	6	0.86804663073688	0.672497051555787	566	11
60488	2	-0.293678471616775	0	6	0.86804663073688	0.672497051555787	566	11
60489	1	0.272641218915536	0	6	0.86804663073688	0.672497051555787	566	11
60490	2	0.0642921439017148	0	6	0.86804663073688	0.672497051555787	566	11
60491	2	0.000586869366108777	0	6	0.86804663073688	0.672497051555787	566	11
60492	2	0.234872897155265	0	6	0.86804663073688	0.672497051555787	566	11
60494	0	0.218316702060297	0	6	0.86804663073688	0.672497051555787	566	11
60495	1	0.21106344706236	0	6	0.86804663073688	0.672497051555787	566	11
60496	2	-0.0470332520143137	0	6	0.86804663073688	0.672497051555787	566	11
60506	1	0.0974223211195953	0	6	0.86804663073688	0.672497051555787	566	11
60509	2	-0.136781483497589	0	6	0.86804663073688	0.672497051555787	566	11
60526	3	0.15075376470356	0	6	0.86804663073688	0.672497051555787	566	11
60528	0	-0.0244522122904005	0	6	0.86804663073688	0.672497051555787	566	11
60529	0	0.347067132892727	0	6	0.86804663073688	0.672497051555787	566	11
60558	2	-0.10955457634189	0	6	0.86804663073688	0.672497051555787	566	11
60559	5	0.5197583550314	1	6	0.86804663073688	0.672497051555787	566	11
60560	0	0.395278410613796	0	6	0.86804663073688	0.672497051555787	566	11
60561	5	0.496400282939425	1	6	0.86804663073688	0.672497051555787	566	11
60598	1	0.221814269590048	0	6	0.86804663073688	0.672497051555787	566	11
60625	3	0.31330165447617	0	6	0.86804663073688	0.672497051555787	566	11
60672	2	0.0761282573075777	0	6	0.86804663073688	0.672497051555787	566	11
60673	2	0.0391408213114808	0	6	0.86804663073688	0.672497051555787	566	11
60676	1	0.314850883001347	0	6	0.86804663073688	0.672497051555787	566	11
60681	1	0.434611715997391	0	6	0.86804663073688	0.672497051555787	566	11
60682	1	0.226289682004419	0	6	0.86804663073688	0.672497051555787	566	11
60684	0	0.35858308838072	0	6	0.86804663073688	0.672497051555787	566	11
60685	2	0.00804250755249728	0	6	0.86804663073688	0.672497051555787	566	11
60686	2	-0.142909459516384	0	6	0.86804663073688	0.672497051555787	566	11
63035	2	0.0156570128526491	0	6	0.86804663073688	0.672497051555787	566	11
63826	2	0.0776797839577956	0	6	0.86804663073688	0.672497051555787	566	11
63827	0	0.122291840156475	0	6	0.86804663073688	0.672497051555787	566	11
63874	2	-0.102598103054816	0	6	0.86804663073688	0.672497051555787	566	11
63875	2	0.00301307497962209	0	6	0.86804663073688	0.672497051555787	566	11
63876	1	0.379181988505295	0	6	0.86804663073688	0.672497051555787	566	11
63877	3	0.327193103989553	0	6	0.86804663073688	0.672497051555787	566	11
63891	2	0.00732579197806622	0	6	0.86804663073688	0.672497051555787	566	11
63892	1	0.471892623102387	0	6	0.86804663073688	0.672497051555787	566	11
63893	0	0.0979676091107711	0	6	0.86804663073688	0.672497051555787	566	11
63894	2	0.121769685187722	0	6	0.86804663073688	0.672497051555787	566	11
63895	1	0.622136883831086	0	6	0.86804663073688	0.672497051555787	566	11
63897	0	0.163866298523348	0	6	0.86804663073688	0.672497051555787	566	11
63898	3	0.0516308886859979	0	6	0.86804663073688	0.672497051555787	566	11
63899	0	0.340533275039725	0	6	0.86804663073688	0.672497051555787	566	11
63901	5	0.500913888405693	1	6	0.86804663073688	0.672497051555787	566	11
63906	2	0.0759529703782093	0	6	0.86804663073688	0.672497051555787	566	11
63910	1	0.388629631207455	0	6	0.86804663073688	0.672497051555787	566	11
63916	3	-0.021201844235626	0	6	0.86804663073688	0.672497051555787	566	11
63917	4	-0.136825117670662	0	6	0.86804663073688	0.672497051555787	566	11
63920	3	0.224229352056709	0	6	0.86804663073688	0.672497051555787	566	11
63923	1	0.196131744056915	0	6	0.86804663073688	0.672497051555787	566	11
63924	1	0.420405809336368	0	6	0.86804663073688	0.672497051555787	566	11
63925	0	0.359195456730507	0	6	0.86804663073688	0.672497051555787	566	11
63926	2	-0.132441105124903	0	6	0.86804663073688	0.672497051555787	566	11
63928	4	-0.236033894770798	0	6	0.86804663073688	0.672497051555787	566	11
63931	2	-0.0068663288085963	0	6	0.86804663073688	0.672497051555787	566	11
63932	3	0.0953309375925909	0	6	0.86804663073688	0.672497051555787	566	11
63933	4	-0.293908335238785	0	6	0.86804663073688	0.672497051555787	566	11
63934	1	0.446586997600331	0	6	0.86804663073688	0.672497051555787	566	11
63935	2	-0.0659987470024888	0	6	0.86804663073688	0.672497051555787	566	11
63940	1	0.110760263959357	0	6	0.86804663073688	0.672497051555787	566	11
63941	0	-0.128475724331045	0	6	0.86804663073688	0.672497051555787	566	11
63976	6	0.368999198639816	0	6	0.86804663073688	0.672497051555787	566	11
63982	0	0.129191438013756	0	6	0.86804663073688	0.672497051555787	566	11
64061	1	0.416217641561936	0	6	0.86804663073688	0.672497051555787	566	11
64062	5	0.648435241783056	1	6	0.86804663073688	0.672497051555787	566	11
64063	0	0.08322407206194	0	6	0.86804663073688	0.672497051555787	566	11
64065	2	0.0230052655251961	0	6	0.86804663073688	0.672497051555787	566	11
64067	3	0.029103664299103	0	6	0.86804663073688	0.672497051555787	566	11
64077	4	-0.305249270995153	0	6	0.86804663073688	0.672497051555787	566	11
64080	4	-0.184849592686415	0	6	0.86804663073688	0.672497051555787	566	11
64081	4	-0.414475786251871	0	6	0.86804663073688	0.672497051555787	566	11
64083	2	0.298939348092104	0	6	0.86804663073688	0.672497051555787	566	11
64084	1	0.205797644648346	0	6	0.86804663073688	0.672497051555787	566	11
64087	4	-0.299562571424383	0	6	0.86804663073688	0.672497051555787	566	11
64089	0	0.234119556451495	0	6	0.86804663073688	0.672497051555787	566	11
64091	5	0.61428283904785	1	6	0.86804663073688	0.672497051555787	566	11
64092	1	0.272386047774954	0	6	0.86804663073688	0.672497051555787	566	11
64097	3	0.457035661455567	0	6	0.86804663073688	0.672497051555787	566	11
64102	0	0.106055496293741	0	6	0.86804663073688	0.672497051555787	566	11
64108	3	0.114824936250529	0	6	0.86804663073688	0.672497051555787	566	11
64110	2	0.0664709426533464	0	6	0.86804663073688	0.672497051555787	566	11
64112	3	-0.0791457985646069	0	6	0.86804663073688	0.672497051555787	566	11
64116	6	-0.0171043427428325	0	6	0.86804663073688	0.672497051555787	566	11
64118	2	-0.170545795722117	0	6	0.86804663073688	0.672497051555787	566	11
64121	2	-0.117711205236296	0	6	0.86804663073688	0.672497051555787	566	11
64122	4	-0.341122676256275	0	6	0.86804663073688	0.672497051555787	566	11
64123	1	0.416264037180949	0	6	0.86804663073688	0.672497051555787	566	11
64127	1	0.244481780428586	0	6	0.86804663073688	0.672497051555787	566	11
64129	5	0.399889886653206	1	6	0.86804663073688	0.672497051555787	566	11
64130	2	0.00767311943482838	0	6	0.86804663073688	0.672497051555787	566	11
64131	2	-0.140011984287057	0	6	0.86804663073688	0.672497051555787	566	11
64132	0	0.157861659855608	0	6	0.86804663073688	0.672497051555787	566	11
64135	10	0.348424461916444	0	6	0.86804663073688	0.672497051555787	566	11
64149	3	-0.0739084263675575	0	6	0.86804663073688	0.672497051555787	566	11
64151	1	0.455234842610815	0	6	0.86804663073688	0.672497051555787	566	11
64167	3	0.323146806888147	0	6	0.86804663073688	0.672497051555787	566	11
64172	5	0.572109120757262	1	6	0.86804663073688	0.672497051555787	566	11
64174	2	0.153139748608946	0	6	0.86804663073688	0.672497051555787	566	11
64175	1	0.347435185474731	0	6	0.86804663073688	0.672497051555787	566	11
64210	1	0.387606896372151	0	6	0.86804663073688	0.672497051555787	566	11
64215	3	-0.0103269582803939	0	6	0.86804663073688	0.672497051555787	566	11
64216	2	0.072820048585803	0	6	0.86804663073688	0.672497051555787	566	11
64218	1	0.0442304955179989	0	6	0.86804663073688	0.672497051555787	566	11
64219	3	-0.158023709581259	0	6	0.86804663073688	0.672497051555787	566	11
64220	4	-0.121549626402586	0	6	0.86804663073688	0.672497051555787	566	11
64221	1	0.46640965777282	0	6	0.86804663073688	0.672497051555787	566	11
64222	3	-0.0757893907553011	0	6	0.86804663073688	0.672497051555787	566	11
64223	2	0.0714920474153824	0	6	0.86804663073688	0.672497051555787	566	11
64231	1	0.364223548334831	0	6	0.86804663073688	0.672497051555787	566	11
64236	3	-0.122737975454279	0	6	0.86804663073688	0.672497051555787	566	11
64240	1	0.529598783170732	0	6	0.86804663073688	0.672497051555787	566	11
64283	6	0.119426461242205	0	6	0.86804663073688	0.672497051555787	566	11
64284	4	-0.139844072302204	0	6	0.86804663073688	0.672497051555787	566	11
64285	1	0.519475582073832	0	6	0.86804663073688	0.672497051555787	566	11
64288	3	0.185345083336646	0	6	0.86804663073688	0.672497051555787	566	11
64318	1	0.415771043331547	0	6	0.86804663073688	0.672497051555787	566	11
64319	2	0.0551130007209342	0	6	0.86804663073688	0.672497051555787	566	11
64320	2	-0.0486339054243722	0	6	0.86804663073688	0.672497051555787	566	11
64321	5	0.616954369563437	1	6	0.86804663073688	0.672497051555787	566	11
64324	3	0.566372753081271	0	6	0.86804663073688	0.672497051555787	566	11
64328	1	0.190788084363643	0	6	0.86804663073688	0.672497051555787	566	11
64342	4	0.127297191457759	0	6	0.86804663073688	0.672497051555787	566	11
64343	3	0.0907806611848427	0	6	0.86804663073688	0.672497051555787	566	11
64344	5	0.561984297179178	1	6	0.86804663073688	0.672497051555787	566	11
64359	3	0.25587537075015	0	6	0.86804663073688	0.672497051555787	566	11
64374	2	-0.12235980807095	0	6	0.86804663073688	0.672497051555787	566	11
64375	2	0.0696650625920497	0	6	0.86804663073688	0.672497051555787	566	11
64376	3	0.118753590780921	0	6	0.86804663073688	0.672497051555787	566	11
64386	8	-0.0338367935596375	0	6	0.86804663073688	0.672497051555787	566	11
64388	2	-0.0909948291187049	0	6	0.86804663073688	0.672497051555787	566	11
64393	1	0.210029035083089	0	6	0.86804663073688	0.672497051555787	566	11
64397	3	0.244683786295597	0	6	0.86804663073688	0.672497051555787	566	11
64398	3	-0.0199770164336648	0	6	0.86804663073688	0.672497051555787	566	11
64400	3	0.124052783269179	0	6	0.86804663073688	0.672497051555787	566	11
64405	1	0.347337511851676	0	6	0.86804663073688	0.672497051555787	566	11
64410	0	0.156098806090249	0	6	0.86804663073688	0.672497051555787	566	11
64411	5	0.616542742820777	1	6	0.86804663073688	0.672497051555787	566	11
64417	1	0.307498816744743	0	6	0.86804663073688	0.672497051555787	566	11
64418	5	0.553369488619958	1	6	0.86804663073688	0.672497051555787	566	11
64419	2	0.0736847491682832	0	6	0.86804663073688	0.672497051555787	566	11
64421	1	0.170230238217307	0	6	0.86804663073688	0.672497051555787	566	11
64422	2	0.00198422008562846	0	6	0.86804663073688	0.672497051555787	566	11
64423	3	-0.00934562338371051	0	6	0.86804663073688	0.672497051555787	566	11
64425	1	0.305200602790059	0	6	0.86804663073688	0.672497051555787	566	11
64427	1	0.349969290287562	0	6	0.86804663073688	0.672497051555787	566	11
64428	2	0.0149282168218278	0	6	0.86804663073688	0.672497051555787	566	11
64429	3	0.0998544014431151	0	6	0.86804663073688	0.672497051555787	566	11
64430	3	0.142296246607102	0	6	0.86804663073688	0.672497051555787	566	11
64431	2	-0.0279022756605141	0	6	0.86804663073688	0.672497051555787	566	11
64506	3	0.107228447597215	0	6	0.86804663073688	0.672497051555787	566	11
64577	4	-0.0962010325604698	0	6	0.86804663073688	0.672497051555787	566	11
64581	1	0.369981241293278	0	6	0.86804663073688	0.672497051555787	566	11
64582	0	0.36030726921125	0	6	0.86804663073688	0.672497051555787	566	11
64598	7	-0.125180764278331	0	6	0.86804663073688	0.672497051555787	566	11
64601	2	-0.036873399266766	0	6	0.86804663073688	0.672497051555787	566	11
64641	1	0.118996665572286	0	6	0.86804663073688	0.672497051555787	566	11
64689	3	0.242445986737491	0	6	0.86804663073688	0.672497051555787	566	11
64699	2	-0.205082094656677	0	6	0.86804663073688	0.672497051555787	566	11
64708	5	0.42614319152391	1	6	0.86804663073688	0.672497051555787	566	11
64710	2	-0.0554798493135351	0	6	0.86804663073688	0.672497051555787	566	11
64718	0	0.365102391578898	0	6	0.86804663073688	0.672497051555787	566	11
64743	2	-0.0687660229651702	0	6	0.86804663073688	0.672497051555787	566	11
64745	5	0.59703704825216	1	6	0.86804663073688	0.672497051555787	566	11
64746	3	0.175099106828519	0	6	0.86804663073688	0.672497051555787	566	11
64748	0	0.163079317231518	0	6	0.86804663073688	0.672497051555787	566	11
64750	5	0.600364222561653	1	6	0.86804663073688	0.672497051555787	566	11
64754	0	0.239703487287216	0	6	0.86804663073688	0.672497051555787	566	11
64755	2	-0.234109348341482	0	6	0.86804663073688	0.672497051555787	566	11
64757	0	0.114038966556451	0	6	0.86804663073688	0.672497051555787	566	11
64759	3	0.0582748093300098	0	6	0.86804663073688	0.672497051555787	566	11
64760	3	0.323968440356002	0	6	0.86804663073688	0.672497051555787	566	11
64761	10	0.521983422417783	0	6	0.86804663073688	0.672497051555787	566	11
64762	4	-0.125553615128296	0	6	0.86804663073688	0.672497051555787	566	11
64763	0	0.0925866257942038	0	6	0.86804663073688	0.672497051555787	566	11
64764	2	0.0353114337224803	0	6	0.86804663073688	0.672497051555787	566	11
64766	5	0.662388498216602	1	6	0.86804663073688	0.672497051555787	566	11
64768	3	0.139630666195999	0	6	0.86804663073688	0.672497051555787	566	11
64769	3	0.230798107516559	0	6	0.86804663073688	0.672497051555787	566	11
64771	4	0.0525671773972642	0	6	0.86804663073688	0.672497051555787	566	11
64772	0	0.099980807109987	0	6	0.86804663073688	0.672497051555787	566	11
64777	0	0.371590397809345	0	6	0.86804663073688	0.672497051555787	566	11
64779	2	0.118211888696206	0	6	0.86804663073688	0.672497051555787	566	11
64780	1	0.380736362675407	0	6	0.86804663073688	0.672497051555787	566	11
64781	2	-0.0714675199642901	0	6	0.86804663073688	0.672497051555787	566	11
64782	1	0.45722370683285	0	6	0.86804663073688	0.672497051555787	566	11
64783	1	0.280262194519901	0	6	0.86804663073688	0.672497051555787	566	11
64784	0	0.0747891915332097	0	6	0.86804663073688	0.672497051555787	566	11
64785	0	0.0876597185746846	0	6	0.86804663073688	0.672497051555787	566	11
64786	3	0.0645611809145718	0	6	0.86804663073688	0.672497051555787	566	11
64787	4	-0.36869100098685	0	6	0.86804663073688	0.672497051555787	566	11
64788	1	0.223718736431125	0	6	0.86804663073688	0.672497051555787	566	11
64789	0	0.220090325776026	0	6	0.86804663073688	0.672497051555787	566	11
64792	2	-0.0908924276987868	0	6	0.86804663073688	0.672497051555787	566	11
64793	1	0.478789409118036	0	6	0.86804663073688	0.672497051555787	566	11
64794	1	0.299214153670407	0	6	0.86804663073688	0.672497051555787	566	11
64795	3	0.292420642791593	0	6	0.86804663073688	0.672497051555787	566	11
64798	7	-0.115517733799609	0	6	0.86804663073688	0.672497051555787	566	11
64799	3	-0.121680252495045	0	6	0.86804663073688	0.672497051555787	566	11
64800	4	0.14766267856432	0	6	0.86804663073688	0.672497051555787	566	11
64837	0	0.171503454789102	0	6	0.86804663073688	0.672497051555787	566	11
64838	1	0.300656600714057	0	6	0.86804663073688	0.672497051555787	566	11
64840	2	0.0411460462881647	0	6	0.86804663073688	0.672497051555787	566	11
64844	5	0.690804194544189	1	6	0.86804663073688	0.672497051555787	566	11
64847	2	0.0497921721922919	0	6	0.86804663073688	0.672497051555787	566	11
64848	5	0.824298221647503	1	6	0.86804663073688	0.672497051555787	566	11
64849	4	-0.403797259827217	0	6	0.86804663073688	0.672497051555787	566	11
64850	4	-0.117827331589277	0	6	0.86804663073688	0.672497051555787	566	11
64852	0	0.243255724038228	0	6	0.86804663073688	0.672497051555787	566	11
64854	3	-0.0508740506536929	0	6	0.86804663073688	0.672497051555787	566	11
64856	2	0.0849832538048514	0	6	0.86804663073688	0.672497051555787	566	11
64858	2	0.195434054094233	0	6	0.86804663073688	0.672497051555787	566	11
64859	1	0.301156522750615	0	6	0.86804663073688	0.672497051555787	566	11
64860	2	0.171928749724457	0	6	0.86804663073688	0.672497051555787	566	11
64863	3	0.2054607245448	0	6	0.86804663073688	0.672497051555787	566	11
64864	1	0.58029078518787	0	6	0.86804663073688	0.672497051555787	566	11
64866	1	0.286784031009424	0	6	0.86804663073688	0.672497051555787	566	11
64895	0	0.0513168768806529	0	6	0.86804663073688	0.672497051555787	566	11
64897	2	-0.049022878168919	0	6	0.86804663073688	0.672497051555787	566	11
64901	0	0.362017587051258	0	6	0.86804663073688	0.672497051555787	566	11
64919	1	0.105197221667718	0	6	0.86804663073688	0.672497051555787	566	11
64921	3	0.117425694432892	0	6	0.86804663073688	0.672497051555787	566	11
64922	4	-0.260199196412724	0	6	0.86804663073688	0.672497051555787	566	11
64924	3	0.175885386879898	0	6	0.86804663073688	0.672497051555787	566	11
64927	0	0.2047998038805	0	6	0.86804663073688	0.672497051555787	566	11
64943	1	0.492386274253158	0	6	0.86804663073688	0.672497051555787	566	11
64960	2	-0.210951971450249	0	6	0.86804663073688	0.672497051555787	566	11
64963	2	-0.0950612215355404	0	6	0.86804663073688	0.672497051555787	566	11
64976	2	-0.121246931851237	0	6	0.86804663073688	0.672497051555787	566	11
64981	2	-0.18368323642298	0	6	0.86804663073688	0.672497051555787	566	11
65003	2	-0.182536052240932	0	6	0.86804663073688	0.672497051555787	566	11
65005	2	-0.0397255254008351	0	6	0.86804663073688	0.672497051555787	566	11
65009	0	0.272262680494746	0	6	0.86804663073688	0.672497051555787	566	11
65012	1	0.400405378148348	0	6	0.86804663073688	0.672497051555787	566	11
65018	2	-0.0731351565181848	0	6	0.86804663073688	0.672497051555787	566	11
65055	1	0.283154832949349	0	6	0.86804663073688	0.672497051555787	566	11
65057	0	0.196733456286516	0	6	0.86804663073688	0.672497051555787	566	11
65080	2	-0.20897391158426	0	6	0.86804663073688	0.672497051555787	566	11
65082	0	0.169657876227808	0	6	0.86804663073688	0.672497051555787	566	11
65083	1	0.382068676741914	0	6	0.86804663073688	0.672497051555787	566	11
65084	3	0.0840403079074916	0	6	0.86804663073688	0.672497051555787	566	11
65094	2	0.104854696515023	0	6	0.86804663073688	0.672497051555787	566	11
65095	2	-0.0741298568457415	0	6	0.86804663073688	0.672497051555787	566	11
65108	1	0.253885250215917	0	6	0.86804663073688	0.672497051555787	566	11
65109	3	0.171906185806241	0	6	0.86804663073688	0.672497051555787	566	11
65110	3	0.510145470680641	0	6	0.86804663073688	0.672497051555787	566	11
65117	3	0.309583797380265	0	6	0.86804663073688	0.672497051555787	566	11
65123	5	0.575561767835377	1	6	0.86804663073688	0.672497051555787	566	11
65124	2	-0.172203547941913	0	6	0.86804663073688	0.672497051555787	566	11
65125	3	0.128712155600471	0	6	0.86804663073688	0.672497051555787	566	11
65220	1	0.131173864198239	0	6	0.86804663073688	0.672497051555787	566	11
65243	1	0.419974894704146	0	6	0.86804663073688	0.672497051555787	566	11
65244	1	0.64373411719267	0	6	0.86804663073688	0.672497051555787	566	11
65250	5	0.576679086192731	1	6	0.86804663073688	0.672497051555787	566	11
65258	3	0.0927023692289957	0	6	0.86804663073688	0.672497051555787	566	11
65260	2	-0.113215365619511	0	6	0.86804663073688	0.672497051555787	566	11
65263	0	0.27788119449136	0	6	0.86804663073688	0.672497051555787	566	11
65264	2	0.255493800893937	0	6	0.86804663073688	0.672497051555787	566	11
65265	3	0.132680862441777	0	6	0.86804663073688	0.672497051555787	566	11
65979	3	0.0986410997433231	0	6	0.86804663073688	0.672497051555787	566	11
65980	0	-0.0701812845591437	0	6	0.86804663073688	0.672497051555787	566	11
65981	3	0.273708721395939	0	6	0.86804663073688	0.672497051555787	566	11
65982	0	0.175459837941255	0	6	0.86804663073688	0.672497051555787	566	11
65983	1	0.263106271721884	0	6	0.86804663073688	0.672497051555787	566	11
65985	2	0.112331386965546	0	6	0.86804663073688	0.672497051555787	566	11
65986	3	-0.0560462659940903	0	6	0.86804663073688	0.672497051555787	566	11
65988	2	-0.021513169547741	0	6	0.86804663073688	0.672497051555787	566	11
65989	0	0.32598804091652	0	6	0.86804663073688	0.672497051555787	566	11
65990	2	-0.215509981154348	0	6	0.86804663073688	0.672497051555787	566	11
65992	2	0.13768694877002	0	6	0.86804663073688	0.672497051555787	566	11
65993	2	-0.328631858048411	0	6	0.86804663073688	0.672497051555787	566	11
65997	3	-0.11808365409013	0	6	0.86804663073688	0.672497051555787	566	11
65998	0	0.456975334170397	0	6	0.86804663073688	0.672497051555787	566	11
65999	2	-0.0729296602939444	0	6	0.86804663073688	0.672497051555787	566	11
66002	4	0.0993048510379909	0	6	0.86804663073688	0.672497051555787	566	11
66008	3	0.152419974544633	0	6	0.86804663073688	0.672497051555787	566	11
66035	4	0.230750100552632	0	6	0.86804663073688	0.672497051555787	566	11
66036	3	0.263397372127238	0	6	0.86804663073688	0.672497051555787	566	11
78986	2	-0.0251720433096358	0	6	0.86804663073688	0.672497051555787	566	11
78987	2	-0.159648735899848	0	6	0.86804663073688	0.672497051555787	566	11
78988	4	-0.233583615653127	0	6	0.86804663073688	0.672497051555787	566	11
78989	4	-0.0836951449840263	0	6	0.86804663073688	0.672497051555787	566	11
78990	0	0.258808344719407	0	6	0.86804663073688	0.672497051555787	566	11
78991	3	0.285341912068261	0	6	0.86804663073688	0.672497051555787	566	11
78992	2	-0.251104150397968	0	6	0.86804663073688	0.672497051555787	566	11
78994	2	-0.300659025767039	0	6	0.86804663073688	0.672497051555787	566	11
78995	1	0.293136700961121	0	6	0.86804663073688	0.672497051555787	566	11
78997	1	0.533420276700743	0	6	0.86804663073688	0.672497051555787	566	11
78999	3	0.216501241294125	0	6	0.86804663073688	0.672497051555787	566	11
79001	2	-0.0972798905792353	0	6	0.86804663073688	0.672497051555787	566	11
79003	3	0.131661797550967	0	6	0.86804663073688	0.672497051555787	566	11
79004	2	-0.110111064006784	0	6	0.86804663073688	0.672497051555787	566	11
79006	2	-0.106638672181507	0	6	0.86804663073688	0.672497051555787	566	11
79007	0	0.116076401703143	0	6	0.86804663073688	0.672497051555787	566	11
79009	2	0.173899521748603	0	6	0.86804663073688	0.672497051555787	566	11
79016	2	0.204010074357149	0	6	0.86804663073688	0.672497051555787	566	11
79017	2	0.0857370433006849	0	6	0.86804663073688	0.672497051555787	566	11
79018	2	-0.11910409605875	0	6	0.86804663073688	0.672497051555787	566	11
79022	2	-0.146560517423171	0	6	0.86804663073688	0.672497051555787	566	11
79023	2	-0.00433080536575953	0	6	0.86804663073688	0.672497051555787	566	11
79024	4	0.108763902453533	0	6	0.86804663073688	0.672497051555787	566	11
79026	3	0.403048350682349	0	6	0.86804663073688	0.672497051555787	566	11
79029	1	0.338055038742124	0	6	0.86804663073688	0.672497051555787	566	11
79033	4	-0.323874187429142	0	6	0.86804663073688	0.672497051555787	566	11
79034	2	-0.0145076021127949	0	6	0.86804663073688	0.672497051555787	566	11
79035	2	-0.0984162008286941	0	6	0.86804663073688	0.672497051555787	566	11
79036	0	0.204400446370587	0	6	0.86804663073688	0.672497051555787	566	11
79037	1	0.446588276804559	0	6	0.86804663073688	0.672497051555787	566	11
79038	3	-0.199741724359937	0	6	0.86804663073688	0.672497051555787	566	11
79039	2	-0.116519366923397	0	6	0.86804663073688	0.672497051555787	566	11
79042	2	-0.0365469291036274	0	6	0.86804663073688	0.672497051555787	566	11
79047	5	0.580870344895389	1	6	0.86804663073688	0.672497051555787	566	11
79048	3	0.18677365287927	0	6	0.86804663073688	0.672497051555787	566	11
79050	0	-0.00486116746379443	0	6	0.86804663073688	0.672497051555787	566	11
79053	0	-0.0544131402093978	0	6	0.86804663073688	0.672497051555787	566	11
79056	0	-0.00748250450816699	0	6	0.86804663073688	0.672497051555787	566	11
79058	2	-0.119482167907017	0	6	0.86804663073688	0.672497051555787	566	11
79064	2	-0.0949107931154755	0	6	0.86804663073688	0.672497051555787	566	11
79065	2	-0.134175031157896	0	6	0.86804663073688	0.672497051555787	566	11
79068	3	-0.12893124465409	0	6	0.86804663073688	0.672497051555787	566	11
79070	1	0.394232928630971	0	6	0.86804663073688	0.672497051555787	566	11
79071	1	0.149591387226458	0	6	0.86804663073688	0.672497051555787	566	11
79072	4	-0.0974587041448099	0	6	0.86804663073688	0.672497051555787	566	11
79073	2	-0.131408129532361	0	6	0.86804663073688	0.672497051555787	566	11
79074	3	0.181236239915132	0	6	0.86804663073688	0.672497051555787	566	11
79077	2	-0.239893297926442	0	6	0.86804663073688	0.672497051555787	566	11
79080	0	0.22532543779466	0	6	0.86804663073688	0.672497051555787	566	11
79083	1	0.322941430433381	0	6	0.86804663073688	0.672497051555787	566	11
79084	1	0.202657176830684	0	6	0.86804663073688	0.672497051555787	566	11
79086	2	0.079733742232569	0	6	0.86804663073688	0.672497051555787	566	11
79087	2	-0.14402019048646	0	6	0.86804663073688	0.672497051555787	566	11
79088	3	0.419092800929608	0	6	0.86804663073688	0.672497051555787	566	11
79089	2	-0.00899660256170767	0	6	0.86804663073688	0.672497051555787	566	11
79090	2	-0.17404209735624	0	6	0.86804663073688	0.672497051555787	566	11
79091	1	0.3707614163398	0	6	0.86804663073688	0.672497051555787	566	11
79092	1	0.32690198392568	0	6	0.86804663073688	0.672497051555787	566	11
79094	0	-0.00895848331140147	0	6	0.86804663073688	0.672497051555787	566	11
79095	6	0.0499112285724937	0	6	0.86804663073688	0.672497051555787	566	11
79096	2	-0.175089204847556	0	6	0.86804663073688	0.672497051555787	566	11
79098	6	0.0843717911799903	0	6	0.86804663073688	0.672497051555787	566	11
79109	2	-0.236198455004835	0	6	0.86804663073688	0.672497051555787	566	11
79132	2	0.0791119320520336	0	6	0.86804663073688	0.672497051555787	566	11
79133	2	0.186089779116226	0	6	0.86804663073688	0.672497051555787	566	11
79134	2	0.186696855330352	0	6	0.86804663073688	0.672497051555787	566	11
79135	2	-0.262143819010171	0	6	0.86804663073688	0.672497051555787	566	11
79137	2	-0.0742933190253499	0	6	0.86804663073688	0.672497051555787	566	11
79139	2	0.00273311254177077	0	6	0.86804663073688	0.672497051555787	566	11
79140	1	0.333517576535236	0	6	0.86804663073688	0.672497051555787	566	11
79143	2	-0.0413313731658964	0	6	0.86804663073688	0.672497051555787	566	11
79144	2	-0.30092843452131	0	6	0.86804663073688	0.672497051555787	566	11
79145	0	0.0450272262811706	0	6	0.86804663073688	0.672497051555787	566	11
79147	2	-0.098568052038182	0	6	0.86804663073688	0.672497051555787	566	11
79148	3	-0.0992266901573341	0	6	0.86804663073688	0.672497051555787	566	11
79149	0	0.254259645902074	0	6	0.86804663073688	0.672497051555787	566	11
79152	9	-0.102287781781471	0	6	0.86804663073688	0.672497051555787	566	11
79153	4	-0.0827219752501662	0	6	0.86804663073688	0.672497051555787	566	11
79154	0	-0.0777382835128933	0	6	0.86804663073688	0.672497051555787	566	11
79155	2	0.150688338221019	0	6	0.86804663073688	0.672497051555787	566	11
79156	1	0.493538690017381	0	6	0.86804663073688	0.672497051555787	566	11
79157	3	0.278747967616997	0	6	0.86804663073688	0.672497051555787	566	11
79158	3	0.225935724728868	0	6	0.86804663073688	0.672497051555787	566	11
79159	0	0.424149579489662	0	6	0.86804663073688	0.672497051555787	566	11
79161	1	0.530695243948454	0	6	0.86804663073688	0.672497051555787	566	11
79169	1	0.283853425049292	0	6	0.86804663073688	0.672497051555787	566	11
79170	2	-0.105027181058198	0	6	0.86804663073688	0.672497051555787	566	11
79171	2	0.0310508762673195	0	6	0.86804663073688	0.672497051555787	566	11
79172	0	0.00969818238198864	0	6	0.86804663073688	0.672497051555787	566	11
79173	1	0.204118672956711	0	6	0.86804663073688	0.672497051555787	566	11
79174	2	-0.0247302460302702	0	6	0.86804663073688	0.672497051555787	566	11
79175	5	0.509258784678081	1	6	0.86804663073688	0.672497051555787	566	11
79176	2	-0.275612435619776	0	6	0.86804663073688	0.672497051555787	566	11
79177	2	0.0880564188644358	0	6	0.86804663073688	0.672497051555787	566	11
79178	3	0.25544451584648	0	6	0.86804663073688	0.672497051555787	566	11
79180	1	-0.0106741504084417	0	6	0.86804663073688	0.672497051555787	566	11
79183	3	0.253469516231187	0	6	0.86804663073688	0.672497051555787	566	11
79184	0	0.198786345172521	0	6	0.86804663073688	0.672497051555787	566	11
79188	1	0.186289046404805	0	6	0.86804663073688	0.672497051555787	566	11
79228	1	0.220156968903011	0	6	0.86804663073688	0.672497051555787	566	11
79230	0	0.227706717611757	0	6	0.86804663073688	0.672497051555787	566	11
79269	2	0.0206941422627755	0	6	0.86804663073688	0.672497051555787	566	11
79363	3	0.0205929131921745	0	6	0.86804663073688	0.672497051555787	566	11
79364	3	0.0994076075749376	0	6	0.86804663073688	0.672497051555787	566	11
79365	1	0.362039732597823	0	6	0.86804663073688	0.672497051555787	566	11
79366	2	0.0662251713377876	0	6	0.86804663073688	0.672497051555787	566	11
79368	1	0.25822679470423	0	6	0.86804663073688	0.672497051555787	566	11
79369	4	0.0393244694695882	0	6	0.86804663073688	0.672497051555787	566	11
79370	1	0.367420837547952	0	6	0.86804663073688	0.672497051555787	566	11
79411	4	0.226649094165709	0	6	0.86804663073688	0.672497051555787	566	11
79413	1	0.113815880109284	0	6	0.86804663073688	0.672497051555787	566	11
79414	2	-0.0632105423032547	0	6	0.86804663073688	0.672497051555787	566	11
79415	1	0.362430275033674	0	6	0.86804663073688	0.672497051555787	566	11
79442	3	-0.0578421470728959	0	6	0.86804663073688	0.672497051555787	566	11
79443	2	0.065562598306892	0	6	0.86804663073688	0.672497051555787	566	11
79444	1	0.433442664584567	0	6	0.86804663073688	0.672497051555787	566	11
79446	2	-0.0156927606545005	0	6	0.86804663073688	0.672497051555787	566	11
79447	0	0.208188974422065	0	6	0.86804663073688	0.672497051555787	566	11
79567	3	0.0247747580236485	0	6	0.86804663073688	0.672497051555787	566	11
79568	4	-0.26837216786482	0	6	0.86804663073688	0.672497051555787	566	11
79571	0	0.15977202900408	0	6	0.86804663073688	0.672497051555787	566	11
79572	1	0.616284277953231	0	6	0.86804663073688	0.672497051555787	566	11
79573	5	0.711020333882195	1	6	0.86804663073688	0.672497051555787	566	11
79574	0	0.231914194023797	0	6	0.86804663073688	0.672497051555787	566	11
79575	0	0.124504694027478	0	6	0.86804663073688	0.672497051555787	566	11
79577	3	0.226734164781565	0	6	0.86804663073688	0.672497051555787	566	11
79581	1	0.198732564871894	0	6	0.86804663073688	0.672497051555787	566	11
79582	2	-0.15668142666622	0	6	0.86804663073688	0.672497051555787	566	11
79583	2	-0.067239863036293	0	6	0.86804663073688	0.672497051555787	566	11
79585	1	0.174439229729629	0	6	0.86804663073688	0.672497051555787	566	11
79586	2	-0.0591340631617211	0	6	0.86804663073688	0.672497051555787	566	11
79587	2	-0.0860752840062177	0	6	0.86804663073688	0.672497051555787	566	11
79589	6	-0.0335008966464352	0	6	0.86804663073688	0.672497051555787	566	11
79590	2	-0.0540567494884348	0	6	0.86804663073688	0.672497051555787	566	11
79591	5	0.551110733408821	1	6	0.86804663073688	0.672497051555787	566	11
79594	3	0.0879633328018741	0	6	0.86804663073688	0.672497051555787	566	11
79595	2	0.0172437561259952	0	6	0.86804663073688	0.672497051555787	566	11
79596	2	0.0789893550490599	0	6	0.86804663073688	0.672497051555787	566	11
79598	0	0.269105109922965	0	6	0.86804663073688	0.672497051555787	566	11
79600	2	-0.210185519589683	0	6	0.86804663073688	0.672497051555787	566	11
79602	3	-0.0254161298729285	0	6	0.86804663073688	0.672497051555787	566	11
79603	4	-0.137790237532327	0	6	0.86804663073688	0.672497051555787	566	11
79605	0	0.190847753242866	0	6	0.86804663073688	0.672497051555787	566	11
79608	3	0.217437002696522	0	6	0.86804663073688	0.672497051555787	566	11
79609	5	0.746287579702006	1	6	0.86804663073688	0.672497051555787	566	11
79611	4	-0.140645188039552	0	6	0.86804663073688	0.672497051555787	566	11
79612	5	0.541360665919699	1	6	0.86804663073688	0.672497051555787	566	11
79616	1	0.0883132995767166	0	6	0.86804663073688	0.672497051555787	566	11
79618	3	0.521144559478696	0	6	0.86804663073688	0.672497051555787	566	11
79621	0	0.156068511075595	0	6	0.86804663073688	0.672497051555787	566	11
79622	2	-0.204578904615177	0	6	0.86804663073688	0.672497051555787	566	11
79623	6	-0.0224950357198021	0	6	0.86804663073688	0.672497051555787	566	11
79624	4	-0.0851948573166159	0	6	0.86804663073688	0.672497051555787	566	11
79625	3	-0.113278436286952	0	6	0.86804663073688	0.672497051555787	566	11
79627	1	0.408105605458779	0	6	0.86804663073688	0.672497051555787	566	11
79628	5	0.507773575191558	1	6	0.86804663073688	0.672497051555787	566	11
79629	2	-0.240230174632864	0	6	0.86804663073688	0.672497051555787	566	11
79630	1	0.559335317273664	0	6	0.86804663073688	0.672497051555787	566	11
79631	2	-0.107370757409777	0	6	0.86804663073688	0.672497051555787	566	11
79632	0	0.162472082643964	0	6	0.86804663073688	0.672497051555787	566	11
79633	1	0.565187232980091	0	6	0.86804663073688	0.672497051555787	566	11
79634	3	0.157500661576548	0	6	0.86804663073688	0.672497051555787	566	11
79635	3	-0.0454731698265142	0	6	0.86804663073688	0.672497051555787	566	11
79637	2	0.215353846266453	0	6	0.86804663073688	0.672497051555787	566	11
79639	2	-0.316560732447714	0	6	0.86804663073688	0.672497051555787	566	11
79641	2	0.0543496032934882	0	6	0.86804663073688	0.672497051555787	566	11
79642	1	0.200605094055664	0	6	0.86804663073688	0.672497051555787	566	11
79643	2	0.0673953790303232	0	6	0.86804663073688	0.672497051555787	566	11
79644	2	-0.077787629732748	0	6	0.86804663073688	0.672497051555787	566	11
79646	3	0.228583802107053	0	6	0.86804663073688	0.672497051555787	566	11
79647	3	0.020534511303223	0	6	0.86804663073688	0.672497051555787	566	11
79648	3	0.251217673485577	0	6	0.86804663073688	0.672497051555787	566	11
79649	1	0.30002730459302	0	6	0.86804663073688	0.672497051555787	566	11
79650	1	0.0903985244239775	0	6	0.86804663073688	0.672497051555787	566	11
79651	1	0.237632955509719	0	6	0.86804663073688	0.672497051555787	566	11
79652	3	0.0515103549618865	0	6	0.86804663073688	0.672497051555787	566	11
79654	2	0.129924135850281	0	6	0.86804663073688	0.672497051555787	566	11
79656	6	0.145059889279927	0	6	0.86804663073688	0.672497051555787	566	11
79657	3	0.177104506833509	0	6	0.86804663073688	0.672497051555787	566	11
79658	1	0.226363866645607	0	6	0.86804663073688	0.672497051555787	566	11
79659	3	0.325459148929473	0	6	0.86804663073688	0.672497051555787	566	11
79663	5	0.683598067423028	1	6	0.86804663073688	0.672497051555787	566	11
79664	3	0.0835885186643188	0	6	0.86804663073688	0.672497051555787	566	11
79665	2	0.0041057182079225	0	6	0.86804663073688	0.672497051555787	566	11
79666	2	-0.143206676957524	0	6	0.86804663073688	0.672497051555787	566	11
79668	1	0.56169529025241	0	6	0.86804663073688	0.672497051555787	566	11
79669	1	0.242793144593238	0	6	0.86804663073688	0.672497051555787	566	11
79670	1	0.489889501707524	0	6	0.86804663073688	0.672497051555787	566	11
79671	2	0.0317235545929988	0	6	0.86804663073688	0.672497051555787	566	11
79672	2	0.0117134172831906	0	6	0.86804663073688	0.672497051555787	566	11
79673	5	0.542336195098633	1	6	0.86804663073688	0.672497051555787	566	11
79675	5	0.568081285476562	1	6	0.86804663073688	0.672497051555787	566	11
79676	0	0.115483119529298	0	6	0.86804663073688	0.672497051555787	566	11
79677	1	0.425010251237501	0	6	0.86804663073688	0.672497051555787	566	11
79679	6	0.189829776309785	0	6	0.86804663073688	0.672497051555787	566	11
79683	5	0.670525723841822	1	6	0.86804663073688	0.672497051555787	566	11
79684	5	0.639991303956705	1	6	0.86804663073688	0.672497051555787	566	11
79685	0	0.362359773442542	0	6	0.86804663073688	0.672497051555787	566	11
79689	1	0.0377005611324967	0	6	0.86804663073688	0.672497051555787	566	11
79690	1	0.458872849795157	0	6	0.86804663073688	0.672497051555787	566	11
79691	3	0.399353283496297	0	6	0.86804663073688	0.672497051555787	566	11
79693	2	-0.0564872989116789	0	6	0.86804663073688	0.672497051555787	566	11
79694	3	-0.0885999743091501	0	6	0.86804663073688	0.672497051555787	566	11
79695	1	0.10136907099102	0	6	0.86804663073688	0.672497051555787	566	11
79696	2	-0.061187963305733	0	6	0.86804663073688	0.672497051555787	566	11
79697	0	-0.020776572564912	0	6	0.86804663073688	0.672497051555787	566	11
79701	2	-0.0185953784215242	0	6	0.86804663073688	0.672497051555787	566	11
79703	1	0.44238922796249	0	6	0.86804663073688	0.672497051555787	566	11
79705	1	0.319758259906079	0	6	0.86804663073688	0.672497051555787	566	11
79707	1	0.289798299008984	0	6	0.86804663073688	0.672497051555787	566	11
79709	1	0.346664419347926	0	6	0.86804663073688	0.672497051555787	566	11
79710	0	0.0318819864602642	0	6	0.86804663073688	0.672497051555787	566	11
79711	6	-0.0936872020990234	0	6	0.86804663073688	0.672497051555787	566	11
79712	2	-0.0437059366773326	0	6	0.86804663073688	0.672497051555787	566	11
79713	1	0.0360147807657822	0	6	0.86804663073688	0.672497051555787	566	11
79714	1	0.254389275496321	0	6	0.86804663073688	0.672497051555787	566	11
79717	2	-0.240354675931575	0	6	0.86804663073688	0.672497051555787	566	11
79718	1	0.479299941440189	0	6	0.86804663073688	0.672497051555787	566	11
79719	3	0.266032571178559	0	6	0.86804663073688	0.672497051555787	566	11
79720	1	0.425100955956212	0	6	0.86804663073688	0.672497051555787	566	11
79722	0	0.366794290498022	0	6	0.86804663073688	0.672497051555787	566	11
79723	1	0.214608346421977	0	6	0.86804663073688	0.672497051555787	566	11
79725	2	-0.0300486022582083	0	6	0.86804663073688	0.672497051555787	566	11
79726	4	0.157028967160584	0	6	0.86804663073688	0.672497051555787	566	11
79728	2	0.0736808089608237	0	6	0.86804663073688	0.672497051555787	566	11
79729	3	0.157739817191987	0	6	0.86804663073688	0.672497051555787	566	11
79731	6	0.0796352810402319	0	6	0.86804663073688	0.672497051555787	566	11
79733	1	0.20903397321182	0	6	0.86804663073688	0.672497051555787	566	11
79734	1	0.227435679353512	0	6	0.86804663073688	0.672497051555787	566	11
79736	0	0.319384926042626	0	6	0.86804663073688	0.672497051555787	566	11
79738	2	-0.0687491341501892	0	6	0.86804663073688	0.672497051555787	566	11
79739	3	0.227444746151158	0	6	0.86804663073688	0.672497051555787	566	11
79740	0	-0.00479392242508654	0	6	0.86804663073688	0.672497051555787	566	11
79742	1	0.234334482899331	0	6	0.86804663073688	0.672497051555787	566	11
79744	5	0.568433577257419	1	6	0.86804663073688	0.672497051555787	566	11
79745	3	0.199734763342207	0	6	0.86804663073688	0.672497051555787	566	11
79746	4	-0.378838473145217	0	6	0.86804663073688	0.672497051555787	566	11
79750	1	0.00880564412441629	0	6	0.86804663073688	0.672497051555787	566	11
79751	2	-0.00891102042879672	0	6	0.86804663073688	0.672497051555787	566	11
79752	3	0.231482845147593	0	6	0.86804663073688	0.672497051555787	566	11
79753	0	0.399232133352243	0	6	0.86804663073688	0.672497051555787	566	11
79754	4	-0.25401700109722	0	6	0.86804663073688	0.672497051555787	566	11
79755	0	0.134749282979118	0	6	0.86804663073688	0.672497051555787	566	11
79758	2	-0.145817843657903	0	6	0.86804663073688	0.672497051555787	566	11
79759	1	0.312778649850355	0	6	0.86804663073688	0.672497051555787	566	11
79760	2	-0.0595337932927641	0	6	0.86804663073688	0.672497051555787	566	11
79762	2	-0.226802284358978	0	6	0.86804663073688	0.672497051555787	566	11
79763	4	-0.174876037300849	0	6	0.86804663073688	0.672497051555787	566	11
79767	4	0.0822665779358958	0	6	0.86804663073688	0.672497051555787	566	11
79768	1	0.635305516909643	0	6	0.86804663073688	0.672497051555787	566	11
79770	3	0.197415085860686	0	6	0.86804663073688	0.672497051555787	566	11
79772	1	0.471955152086794	0	6	0.86804663073688	0.672497051555787	566	11
79774	4	-0.261217668066945	0	6	0.86804663073688	0.672497051555787	566	11
79776	1	0.440885296796431	0	6	0.86804663073688	0.672497051555787	566	11
79777	2	0.0325355619807998	0	6	0.86804663073688	0.672497051555787	566	11
79778	1	0.249181577407833	0	6	0.86804663073688	0.672497051555787	566	11
79781	1	0.371959571233088	0	6	0.86804663073688	0.672497051555787	566	11
79783	4	-0.232180303377491	0	6	0.86804663073688	0.672497051555787	566	11
79784	1	0.323108889226435	0	6	0.86804663073688	0.672497051555787	566	11
79785	1	0.193469047587043	0	6	0.86804663073688	0.672497051555787	566	11
79786	2	-0.00571236974839	0	6	0.86804663073688	0.672497051555787	566	11
79788	0	0.165649112850791	0	6	0.86804663073688	0.672497051555787	566	11
79789	6	0.148674396158411	0	6	0.86804663073688	0.672497051555787	566	11
79791	2	0.13909360172091	0	6	0.86804663073688	0.672497051555787	566	11
79792	2	-0.20654926405498	0	6	0.86804663073688	0.672497051555787	566	11
79794	7	0.0242106672905579	0	6	0.86804663073688	0.672497051555787	566	11
79796	0	0.0353726356829042	0	6	0.86804663073688	0.672497051555787	566	11
79797	1	0.274202865504009	0	6	0.86804663073688	0.672497051555787	566	11
79800	3	0.302644113200974	0	6	0.86804663073688	0.672497051555787	566	11
79801	1	0.411354541773823	0	6	0.86804663073688	0.672497051555787	566	11
79803	2	0.0475565262914799	0	6	0.86804663073688	0.672497051555787	566	11
79805	1	0.519366030809798	0	6	0.86804663073688	0.672497051555787	566	11
79810	2	-0.0333211455154832	0	6	0.86804663073688	0.672497051555787	566	11
79811	5	0.679299595578575	1	6	0.86804663073688	0.672497051555787	566	11
79812	5	0.533045265172257	1	6	0.86804663073688	0.672497051555787	566	11
79813	1	0.645614179122888	0	6	0.86804663073688	0.672497051555787	566	11
79814	4	-0.384228326527164	0	6	0.86804663073688	0.672497051555787	566	11
79815	5	0.522777002078433	1	6	0.86804663073688	0.672497051555787	566	11
79816	1	0.32465674449168	0	6	0.86804663073688	0.672497051555787	566	11
79817	1	0.0584277654477189	0	6	0.86804663073688	0.672497051555787	566	11
79818	1	0.585993670974928	0	6	0.86804663073688	0.672497051555787	566	11
79819	3	-0.110012789606804	0	6	0.86804663073688	0.672497051555787	566	11
79822	1	-0.133029538536562	0	6	0.86804663073688	0.672497051555787	566	11
79823	5	0.409935991694199	1	6	0.86804663073688	0.672497051555787	566	11
79825	0	0.356435414637499	0	6	0.86804663073688	0.672497051555787	566	11
79828	0	0.262584375700188	0	6	0.86804663073688	0.672497051555787	566	11
79829	1	0.309140822332261	0	6	0.86804663073688	0.672497051555787	566	11
79830	0	0.430748805367243	0	6	0.86804663073688	0.672497051555787	566	11
79831	3	0.038448775681191	0	6	0.86804663073688	0.672497051555787	566	11
79832	1	0.294241250773961	0	6	0.86804663073688	0.672497051555787	566	11
79833	2	-0.0491471821590191	0	6	0.86804663073688	0.672497051555787	566	11
79834	5	0.786997126458701	1	6	0.86804663073688	0.672497051555787	566	11
79836	1	-0.1765998411418	0	6	0.86804663073688	0.672497051555787	566	11
79837	2	-0.184885033165401	0	6	0.86804663073688	0.672497051555787	566	11
79839	1	0.323589548677242	0	6	0.86804663073688	0.672497051555787	566	11
79841	1	0.29414589598102	0	6	0.86804663073688	0.672497051555787	566	11
79843	0	-0.151318784321313	0	6	0.86804663073688	0.672497051555787	566	11
79845	1	0.397265877146112	0	6	0.86804663073688	0.672497051555787	566	11
79846	0	0.334756889397704	0	6	0.86804663073688	0.672497051555787	566	11
79847	5	0.450422493298938	1	6	0.86804663073688	0.672497051555787	566	11
79848	3	0.100733022995256	0	6	0.86804663073688	0.672497051555787	566	11
79849	4	-0.248805755888068	0	6	0.86804663073688	0.672497051555787	566	11
79850	1	0.272000221349408	0	6	0.86804663073688	0.672497051555787	566	11
79852	0	-0.0314407738427183	0	6	0.86804663073688	0.672497051555787	566	11
79858	3	0.0831906890454473	0	6	0.86804663073688	0.672497051555787	566	11
79861	4	-0.0568555920350132	0	6	0.86804663073688	0.672497051555787	566	11
79862	1	0.399014771822487	0	6	0.86804663073688	0.672497051555787	566	11
79863	0	0.0581514786760616	0	6	0.86804663073688	0.672497051555787	566	11
79864	3	-0.0454084577419224	0	6	0.86804663073688	0.672497051555787	566	11
79865	0	0.0545436497061051	0	6	0.86804663073688	0.672497051555787	566	11
79866	1	0.428009623653867	0	6	0.86804663073688	0.672497051555787	566	11
79867	3	0.139214567983588	0	6	0.86804663073688	0.672497051555787	566	11
79868	5	0.562280229232588	1	6	0.86804663073688	0.672497051555787	566	11
79869	2	0.286831189041407	0	6	0.86804663073688	0.672497051555787	566	11
79870	1	0.449561949498825	0	6	0.86804663073688	0.672497051555787	566	11
79871	2	0.123445450245149	0	6	0.86804663073688	0.672497051555787	566	11
79872	2	-0.036200559768946	0	6	0.86804663073688	0.672497051555787	566	11
79873	1	0.245903469147914	0	6	0.86804663073688	0.672497051555787	566	11
79874	0	0.435323079052702	0	6	0.86804663073688	0.672497051555787	566	11
79875	1	0.404068422812295	0	6	0.86804663073688	0.672497051555787	566	11
79876	0	0.38880972463281	0	6	0.86804663073688	0.672497051555787	566	11
79877	2	-0.252022277125012	0	6	0.86804663073688	0.672497051555787	566	11
79879	2	0.0608133337438728	0	6	0.86804663073688	0.672497051555787	566	11
79882	3	0.234783718121372	0	6	0.86804663073688	0.672497051555787	566	11
79883	1	0.365533145405578	0	6	0.86804663073688	0.672497051555787	566	11
79884	3	-0.026147484487303	0	6	0.86804663073688	0.672497051555787	566	11
79885	4	0.0121441435716294	0	6	0.86804663073688	0.672497051555787	566	11
79886	2	-0.163202655283166	0	6	0.86804663073688	0.672497051555787	566	11
79887	3	-0.148957836885429	0	6	0.86804663073688	0.672497051555787	566	11
79888	3	0.175770779142875	0	6	0.86804663073688	0.672497051555787	566	11
79890	1	0.262196752772869	0	6	0.86804663073688	0.672497051555787	566	11
79891	3	0.208624447480948	0	6	0.86804663073688	0.672497051555787	566	11
79892	0	0.188198683087923	0	6	0.86804663073688	0.672497051555787	566	11
79893	0	0.260540501173235	0	6	0.86804663073688	0.672497051555787	566	11
79894	2	0.175415741795559	0	6	0.86804663073688	0.672497051555787	566	11
79895	1	0.375635830522355	0	6	0.86804663073688	0.672497051555787	566	11
79896	4	0.00918982196156319	0	6	0.86804663073688	0.672497051555787	566	11
79899	1	0.278737137929589	0	6	0.86804663073688	0.672497051555787	566	11
79901	1	0.386630234610862	0	6	0.86804663073688	0.672497051555787	566	11
79902	1	0.478744398017876	0	6	0.86804663073688	0.672497051555787	566	11
79903	2	-0.240925105640038	0	6	0.86804663073688	0.672497051555787	566	11
79905	1	0.384077555567351	0	6	0.86804663073688	0.672497051555787	566	11
79906	0	0.281678045160393	0	6	0.86804663073688	0.672497051555787	566	11
79912	2	-0.110073211701726	0	6	0.86804663073688	0.672497051555787	566	11
79913	0	0.292483932490491	0	6	0.86804663073688	0.672497051555787	566	11
79915	1	0.503593757036036	0	6	0.86804663073688	0.672497051555787	566	11
79917	1	0.232059432281058	0	6	0.86804663073688	0.672497051555787	566	11
79918	5	0.469657750439486	1	6	0.86804663073688	0.672497051555787	566	11
79919	4	0.0305065702461808	0	6	0.86804663073688	0.672497051555787	566	11
79921	0	0.0447800042085267	0	6	0.86804663073688	0.672497051555787	566	11
79922	0	0.124718902553138	0	6	0.86804663073688	0.672497051555787	566	11
79924	0	0.158937650000899	0	6	0.86804663073688	0.672497051555787	566	11
79927	0	0.199092401854677	0	6	0.86804663073688	0.672497051555787	566	11
79929	0	0.338107020771108	0	6	0.86804663073688	0.672497051555787	566	11
79930	1	0.248555416299089	0	6	0.86804663073688	0.672497051555787	566	11
79932	2	-0.115860766779869	0	6	0.86804663073688	0.672497051555787	566	11
79933	0	0.270613237492728	0	6	0.86804663073688	0.672497051555787	566	11
79935	4	-0.036235814365278	0	6	0.86804663073688	0.672497051555787	566	11
79939	2	-0.149441732319904	0	6	0.86804663073688	0.672497051555787	566	11
79943	2	0.430922809772746	0	6	0.86804663073688	0.672497051555787	566	11
79944	4	-0.0372728520518212	0	6	0.86804663073688	0.672497051555787	566	11
79947	2	0.0519756115097674	0	6	0.86804663073688	0.672497051555787	566	11
79948	0	0.187687163318882	0	6	0.86804663073688	0.672497051555787	566	11
79953	0	0.0443208457075546	0	6	0.86804663073688	0.672497051555787	566	11
79954	0	0.0802856390816562	0	6	0.86804663073688	0.672497051555787	566	11
79955	3	0.359772166111704	0	6	0.86804663073688	0.672497051555787	566	11
79956	3	0.0424949947922818	0	6	0.86804663073688	0.672497051555787	566	11
79957	0	0.0530168347672165	0	6	0.86804663073688	0.672497051555787	566	11
79958	1	0.116475662966379	0	6	0.86804663073688	0.672497051555787	566	11
79959	1	0.404956267410692	0	6	0.86804663073688	0.672497051555787	566	11
79960	2	-0.128182367251184	0	6	0.86804663073688	0.672497051555787	566	11
79961	1	0.15388200561364	0	6	0.86804663073688	0.672497051555787	566	11
79962	4	0.127476601088248	0	6	0.86804663073688	0.672497051555787	566	11
79968	1	0.26613658092755	0	6	0.86804663073688	0.672497051555787	566	11
79971	6	0.0968531676675728	0	6	0.86804663073688	0.672497051555787	566	11
79973	3	0.0793444012552868	0	6	0.86804663073688	0.672497051555787	566	11
79974	1	0.518406779556558	0	6	0.86804663073688	0.672497051555787	566	11
79977	6	0.188282841656823	0	6	0.86804663073688	0.672497051555787	566	11
79979	0	0.26451588035075	0	6	0.86804663073688	0.672497051555787	566	11
79980	0	0.211510888979477	0	6	0.86804663073688	0.672497051555787	566	11
79981	3	-0.00124165989771206	0	6	0.86804663073688	0.672497051555787	566	11
79982	3	0.493694664760719	0	6	0.86804663073688	0.672497051555787	566	11
79983	1	-0.046639501631603	0	6	0.86804663073688	0.672497051555787	566	11
79987	1	0.477773622941445	0	6	0.86804663073688	0.672497051555787	566	11
79989	2	0.0985524940062308	0	6	0.86804663073688	0.672497051555787	566	11
79990	0	0.288398609038311	0	6	0.86804663073688	0.672497051555787	566	11
79991	3	0.277950789230273	0	6	0.86804663073688	0.672497051555787	566	11
80000	0	0.0830256229119304	0	6	0.86804663073688	0.672497051555787	566	11
80003	1	0.194697085092574	0	6	0.86804663073688	0.672497051555787	566	11
80005	3	0.147340536945242	0	6	0.86804663073688	0.672497051555787	566	11
80006	0	0.441979408518538	0	6	0.86804663073688	0.672497051555787	566	11
80007	0	0.164866724478604	0	6	0.86804663073688	0.672497051555787	566	11
80008	1	0.392110388065491	0	6	0.86804663073688	0.672497051555787	566	11
80010	0	0.0405343913689566	0	6	0.86804663073688	0.672497051555787	566	11
80011	3	-0.123416434291697	0	6	0.86804663073688	0.672497051555787	566	11
80017	4	0.298082888912733	0	6	0.86804663073688	0.672497051555787	566	11
80019	1	0.208475477389127	0	6	0.86804663073688	0.672497051555787	566	11
80020	2	-0.109121853332186	0	6	0.86804663073688	0.672497051555787	566	11
80021	1	0.38950523934995	0	6	0.86804663073688	0.672497051555787	566	11
80022	5	0.460580882838347	1	6	0.86804663073688	0.672497051555787	566	11
80023	2	0.00462847166213961	0	6	0.86804663073688	0.672497051555787	566	11
80024	1	0.428931760815608	0	6	0.86804663073688	0.672497051555787	566	11
80025	5	0.627231249972062	1	6	0.86804663073688	0.672497051555787	566	11
80028	2	0.313363965079489	0	6	0.86804663073688	0.672497051555787	566	11
80031	0	-0.142200485272491	0	6	0.86804663073688	0.672497051555787	566	11
80034	0	0.0738326926968701	0	6	0.86804663073688	0.672497051555787	566	11
80036	4	-0.00281588844009941	0	6	0.86804663073688	0.672497051555787	566	11
80055	0	0.08605400289621	0	6	0.86804663073688	0.672497051555787	566	11
80067	3	0.325514028711518	0	6	0.86804663073688	0.672497051555787	566	11
80071	0	0.0931642206748033	0	6	0.86804663073688	0.672497051555787	566	11
80086	4	-0.087430399061917	0	6	0.86804663073688	0.672497051555787	566	11
80095	3	0.35576169182634	0	6	0.86804663073688	0.672497051555787	566	11
80108	3	0.410845043697037	0	6	0.86804663073688	0.672497051555787	566	11
80110	3	0.172403616618653	0	6	0.86804663073688	0.672497051555787	566	11
80111	1	0.269837366143294	0	6	0.86804663073688	0.672497051555787	566	11
80114	6	0.00523327811498628	0	6	0.86804663073688	0.672497051555787	566	11
80124	2	-0.174874262626816	0	6	0.86804663073688	0.672497051555787	566	11
80127	4	-0.125452842947851	0	6	0.86804663073688	0.672497051555787	566	11
80128	1	0.254594020868128	0	6	0.86804663073688	0.672497051555787	566	11
80129	1	0.237821178079984	0	6	0.86804663073688	0.672497051555787	566	11
80131	1	0.174851757617906	0	6	0.86804663073688	0.672497051555787	566	11
80133	1	0.0610101888326866	0	6	0.86804663073688	0.672497051555787	566	11
80135	0	0.151163187504379	0	6	0.86804663073688	0.672497051555787	566	11
80142	4	-0.037057732214187	0	6	0.86804663073688	0.672497051555787	566	11
80143	2	0.20187530365497	0	6	0.86804663073688	0.672497051555787	566	11
80144	0	0.020755614841636	0	6	0.86804663073688	0.672497051555787	566	11
80145	2	-0.142761526885911	0	6	0.86804663073688	0.672497051555787	566	11
80146	1	0.318657836702635	0	6	0.86804663073688	0.672497051555787	566	11
80148	0	0.143487134132156	0	6	0.86804663073688	0.672497051555787	566	11
80150	4	-0.10601449186753	0	6	0.86804663073688	0.672497051555787	566	11
80152	1	0.232763835402878	0	6	0.86804663073688	0.672497051555787	566	11
80153	5	0.526061776848545	1	6	0.86804663073688	0.672497051555787	566	11
80155	1	0.393415195897031	0	6	0.86804663073688	0.672497051555787	566	11
80157	9	0.0153542161305869	0	6	0.86804663073688	0.672497051555787	566	11
80162	1	0.303763407663602	0	6	0.86804663073688	0.672497051555787	566	11
80164	0	-0.0220402015616443	0	6	0.86804663073688	0.672497051555787	566	11
80167	5	0.5308380926254	1	6	0.86804663073688	0.672497051555787	566	11
80168	4	0.0855179902420148	0	6	0.86804663073688	0.672497051555787	566	11
80169	3	0.231704881005844	0	6	0.86804663073688	0.672497051555787	566	11
80173	4	0.0865251513548429	0	6	0.86804663073688	0.672497051555787	566	11
80176	2	0.113907951489866	0	6	0.86804663073688	0.672497051555787	566	11
80177	3	0.0618060564288445	0	6	0.86804663073688	0.672497051555787	566	11
80178	0	0.176192607535644	0	6	0.86804663073688	0.672497051555787	566	11
80179	1	0.224548922467337	0	6	0.86804663073688	0.672497051555787	566	11
80183	1	0.228533763975688	0	6	0.86804663073688	0.672497051555787	566	11
80184	3	0.236482630836809	0	6	0.86804663073688	0.672497051555787	566	11
80185	2	0.0104166265835891	0	6	0.86804663073688	0.672497051555787	566	11
80194	2	-0.21640195313587	0	6	0.86804663073688	0.672497051555787	566	11
80195	2	-0.146028657733711	0	6	0.86804663073688	0.672497051555787	566	11
80196	1	0.531131324646703	0	6	0.86804663073688	0.672497051555787	566	11
80198	2	0.31020788396447	0	6	0.86804663073688	0.672497051555787	566	11
80199	2	-0.176508831816079	0	6	0.86804663073688	0.672497051555787	566	11
80201	6	0.140311794669278	0	6	0.86804663073688	0.672497051555787	566	11
80204	5	0.709148545245627	1	6	0.86804663073688	0.672497051555787	566	11
80205	3	0.338798512559306	0	6	0.86804663073688	0.672497051555787	566	11
80206	6	0.192835752919671	0	6	0.86804663073688	0.672497051555787	566	11
80207	2	0.110144265824469	0	6	0.86804663073688	0.672497051555787	566	11
80208	1	0.422844997708415	0	6	0.86804663073688	0.672497051555787	566	11
80209	3	0.309297913975344	0	6	0.86804663073688	0.672497051555787	566	11
80210	1	0.44069940253576	0	6	0.86804663073688	0.672497051555787	566	11
80212	2	0.154771042064039	0	6	0.86804663073688	0.672497051555787	566	11
80213	3	0.381071735422737	0	6	0.86804663073688	0.672497051555787	566	11
80217	4	0.0901853471729965	0	6	0.86804663073688	0.672497051555787	566	11
80218	1	0.158719736959865	0	6	0.86804663073688	0.672497051555787	566	11
80219	3	0.161209937876965	0	6	0.86804663073688	0.672497051555787	566	11
80221	4	-0.282990928499709	0	6	0.86804663073688	0.672497051555787	566	11
80223	0	-0.0991762065918412	0	6	0.86804663073688	0.672497051555787	566	11
80224	2	0.335933219420393	0	6	0.86804663073688	0.672497051555787	566	11
80227	2	0.13396219087986	0	6	0.86804663073688	0.672497051555787	566	11
80228	1	0.358220371566681	0	6	0.86804663073688	0.672497051555787	566	11
80230	0	0.197201421045572	0	6	0.86804663073688	0.672497051555787	566	11
80231	1	0.26819247723154	0	6	0.86804663073688	0.672497051555787	566	11
80232	3	0.36264195827865	0	6	0.86804663073688	0.672497051555787	566	11
80233	1	0.213292195431745	0	6	0.86804663073688	0.672497051555787	566	11
80235	3	0.0256728893789339	0	6	0.86804663073688	0.672497051555787	566	11
80237	1	0.231843988131747	0	6	0.86804663073688	0.672497051555787	566	11
80254	0	-0.202810706865513	0	6	0.86804663073688	0.672497051555787	566	11
80256	1	0.480248638360922	0	6	0.86804663073688	0.672497051555787	566	11
80258	0	0.258921635943042	0	6	0.86804663073688	0.672497051555787	566	11
80263	1	0.335421024273678	0	6	0.86804663073688	0.672497051555787	566	11
80264	2	0.220316726202597	0	6	0.86804663073688	0.672497051555787	566	11
80267	3	0.0960350623750157	0	6	0.86804663073688	0.672497051555787	566	11
80271	8	0.0236596174291412	0	6	0.86804663073688	0.672497051555787	566	11
80273	4	-0.192183877444792	0	6	0.86804663073688	0.672497051555787	566	11
80279	6	0.165325847416887	0	6	0.86804663073688	0.672497051555787	566	11
80301	1	0.536194105496731	0	6	0.86804663073688	0.672497051555787	566	11
80303	2	-0.0218784085482377	0	6	0.86804663073688	0.672497051555787	566	11
80304	3	0.224714339426137	0	6	0.86804663073688	0.672497051555787	566	11
80305	1	0.143833988950018	0	6	0.86804663073688	0.672497051555787	566	11
80306	3	0.061222700220247	0	6	0.86804663073688	0.672497051555787	566	11
80308	0	0.179230454290103	0	6	0.86804663073688	0.672497051555787	566	11
80310	3	0.239487519367536	0	6	0.86804663073688	0.672497051555787	566	11
80317	3	0.528262360261712	0	6	0.86804663073688	0.672497051555787	566	11
80319	3	0.240974087820363	0	6	0.86804663073688	0.672497051555787	566	11
80321	0	0.035289424614577	0	6	0.86804663073688	0.672497051555787	566	11
80323	3	-0.0395244231682404	0	6	0.86804663073688	0.672497051555787	566	11
80324	0	0.0490287125039845	0	6	0.86804663073688	0.672497051555787	566	11
80335	1	0.177846404751231	0	6	0.86804663073688	0.672497051555787	566	11
80339	4	-0.18333254108152	0	6	0.86804663073688	0.672497051555787	566	11
80342	1	0.346537606010641	0	6	0.86804663073688	0.672497051555787	566	11
80344	2	-0.250476975445775	0	6	0.86804663073688	0.672497051555787	566	11
80345	1	0.414163159403672	0	6	0.86804663073688	0.672497051555787	566	11
80346	1	0.229096753653519	0	6	0.86804663073688	0.672497051555787	566	11
80347	2	-0.224020392012319	0	6	0.86804663073688	0.672497051555787	566	11
80349	2	0.398133255052311	0	6	0.86804663073688	0.672497051555787	566	11
80351	3	0.496740380841782	0	6	0.86804663073688	0.672497051555787	566	11
80380	3	0.0448929443200656	0	6	0.86804663073688	0.672497051555787	566	11
80704	4	-0.034113581294204	0	6	0.86804663073688	0.672497051555787	566	11
80705	4	0.1617404995808	0	6	0.86804663073688	0.672497051555787	566	11
80723	1	0.311519822430011	0	6	0.86804663073688	0.672497051555787	566	11
80724	4	0.160786755658824	0	6	0.86804663073688	0.672497051555787	566	11
80745	5	0.498610705235805	1	6	0.86804663073688	0.672497051555787	566	11
80746	5	0.575469525342511	1	6	0.86804663073688	0.672497051555787	566	11
80757	0	0.168201276605283	0	6	0.86804663073688	0.672497051555787	566	11
80758	1	0.283104116717981	0	6	0.86804663073688	0.672497051555787	566	11
80760	3	0.0901501548292283	0	6	0.86804663073688	0.672497051555787	566	11
80762	3	0.0825619813964927	0	6	0.86804663073688	0.672497051555787	566	11
80763	4	-0.195923540422346	0	6	0.86804663073688	0.672497051555787	566	11
80764	2	-0.0458021707448096	0	6	0.86804663073688	0.672497051555787	566	11
80765	1	0.313401884922356	0	6	0.86804663073688	0.672497051555787	566	11
80772	2	-0.0677183090773338	0	6	0.86804663073688	0.672497051555787	566	11
80774	1	0.237782459454895	0	6	0.86804663073688	0.672497051555787	566	11
80775	4	0.0857879355723995	0	6	0.86804663073688	0.672497051555787	566	11
80776	2	0.0340126569435049	0	6	0.86804663073688	0.672497051555787	566	11
80777	3	0.206841672194491	0	6	0.86804663073688	0.672497051555787	566	11
80778	2	0.0888718734995475	0	6	0.86804663073688	0.672497051555787	566	11
80781	6	0.171012386258121	0	6	0.86804663073688	0.672497051555787	566	11
80789	2	0.0230224455703492	0	6	0.86804663073688	0.672497051555787	566	11
80816	6	0.0467834626522549	0	6	0.86804663073688	0.672497051555787	566	11
80823	0	0.0920259342059146	0	6	0.86804663073688	0.672497051555787	566	11
80830	10	0.110738640876583	0	6	0.86804663073688	0.672497051555787	566	11
80833	3	0.466151502372815	0	6	0.86804663073688	0.672497051555787	566	11
80852	3	0.376893000913496	0	6	0.86804663073688	0.672497051555787	566	11
80853	2	0.11005269727006	0	6	0.86804663073688	0.672497051555787	566	11
80895	0	0.416445524433276	0	6	0.86804663073688	0.672497051555787	566	11
80896	4	-0.202343768730186	0	6	0.86804663073688	0.672497051555787	566	11
80975	0	0.287109173883222	0	6	0.86804663073688	0.672497051555787	566	11
81027	0	0.391952359105991	0	6	0.86804663073688	0.672497051555787	566	11
81029	1	0.450578788287398	0	6	0.86804663073688	0.672497051555787	566	11
81030	1	0.385511602147751	0	6	0.86804663073688	0.672497051555787	566	11
81031	3	0.0982809573650869	0	6	0.86804663073688	0.672497051555787	566	11
81033	4	-0.113894619952524	0	6	0.86804663073688	0.672497051555787	566	11
81034	2	0.0793891446967305	0	6	0.86804663073688	0.672497051555787	566	11
81035	5	0.43066248357677	1	6	0.86804663073688	0.672497051555787	566	11
81490	2	-0.0323753554003272	0	6	0.86804663073688	0.672497051555787	566	11
81491	3	0.064468642038845	0	6	0.86804663073688	0.672497051555787	566	11
81493	1	0.448375989595915	0	6	0.86804663073688	0.672497051555787	566	11
81501	1	0.105749035066289	0	6	0.86804663073688	0.672497051555787	566	11
81533	3	0.144994792670731	0	6	0.86804663073688	0.672497051555787	566	11
81537	4	-0.237190749828011	0	6	0.86804663073688	0.672497051555787	566	11
81539	1	0.284250458151234	0	6	0.86804663073688	0.672497051555787	566	11
81542	1	0.526998902100866	0	6	0.86804663073688	0.672497051555787	566	11
81543	0	0.156311421780687	0	6	0.86804663073688	0.672497051555787	566	11
81544	0	0.363485412346279	0	6	0.86804663073688	0.672497051555787	566	11
81545	0	0.401811900902003	0	6	0.86804663073688	0.672497051555787	566	11
81550	0	0.270128981363515	0	6	0.86804663073688	0.672497051555787	566	11
81553	1	0.280282743992504	0	6	0.86804663073688	0.672497051555787	566	11
81554	2	-0.0698945922166081	0	6	0.86804663073688	0.672497051555787	566	11
81555	2	0.22783079796433	0	6	0.86804663073688	0.672497051555787	566	11
81556	3	0.145641520521615	0	6	0.86804663073688	0.672497051555787	566	11
81558	0	0.153171098894224	0	6	0.86804663073688	0.672497051555787	566	11
81562	4	-0.108637806792654	0	6	0.86804663073688	0.672497051555787	566	11
81563	3	-0.0237170553247745	0	6	0.86804663073688	0.672497051555787	566	11
81565	3	0.253299030450053	0	6	0.86804663073688	0.672497051555787	566	11
81566	5	0.506226174831407	1	6	0.86804663073688	0.672497051555787	566	11
81570	2	-0.0398741549648262	0	6	0.86804663073688	0.672497051555787	566	11
81575	1	0.213090836855881	0	6	0.86804663073688	0.672497051555787	566	11
81576	0	-0.0443271407739402	0	6	0.86804663073688	0.672497051555787	566	11
81577	3	0.203835199241773	0	6	0.86804663073688	0.672497051555787	566	11
81578	1	0.44388747753684	0	6	0.86804663073688	0.672497051555787	566	11
81579	2	-0.0410434329688888	0	6	0.86804663073688	0.672497051555787	566	11
81602	2	-0.182225138979486	0	6	0.86804663073688	0.672497051555787	566	11
81603	2	-0.231262483372118	0	6	0.86804663073688	0.672497051555787	566	11
81605	2	0.167534875099507	0	6	0.86804663073688	0.672497051555787	566	11
81606	1	0.31958582483387	0	6	0.86804663073688	0.672497051555787	566	11
81608	2	-0.150603160481201	0	6	0.86804663073688	0.672497051555787	566	11
81609	4	-0.222424002734795	0	6	0.86804663073688	0.672497051555787	566	11
81611	2	0.104033623067369	0	6	0.86804663073688	0.672497051555787	566	11
81614	3	0.353073149938852	0	6	0.86804663073688	0.672497051555787	566	11
81616	0	0.0555007742414493	0	6	0.86804663073688	0.672497051555787	566	11
81617	3	0.24809340136555	0	6	0.86804663073688	0.672497051555787	566	11
81618	1	0.314840059493322	0	6	0.86804663073688	0.672497051555787	566	11
81619	2	0.231083218476501	0	6	0.86804663073688	0.672497051555787	566	11
81620	0	-0.011700827989597	0	6	0.86804663073688	0.672497051555787	566	11
81621	1	0.557973007752743	0	6	0.86804663073688	0.672497051555787	566	11
81624	1	0.287583264394249	0	6	0.86804663073688	0.672497051555787	566	11
81627	2	-0.0793514065927588	0	6	0.86804663073688	0.672497051555787	566	11
81628	1	0.356266248643262	0	6	0.86804663073688	0.672497051555787	566	11
81631	2	-0.0751496267473275	0	6	0.86804663073688	0.672497051555787	566	11
81669	5	0.535341533190528	1	6	0.86804663073688	0.672497051555787	566	11
81688	1	0.267226567168485	0	6	0.86804663073688	0.672497051555787	566	11
81689	2	-0.230129139232688	0	6	0.86804663073688	0.672497051555787	566	11
81789	2	0.0805773287395245	0	6	0.86804663073688	0.672497051555787	566	11
81792	1	0.368570451757782	0	6	0.86804663073688	0.672497051555787	566	11
81796	1	0.370247293196308	0	6	0.86804663073688	0.672497051555787	566	11
81831	1	0.383361589083676	0	6	0.86804663073688	0.672497051555787	566	11
81839	3	0.34676987342991	0	6	0.86804663073688	0.672497051555787	566	11
81847	3	0.206728913643	0	6	0.86804663073688	0.672497051555787	566	11
81848	3	0.0243010722848156	0	6	0.86804663073688	0.672497051555787	566	11
81855	1	0.219080098007565	0	6	0.86804663073688	0.672497051555787	566	11
81856	1	0.531620307504659	0	6	0.86804663073688	0.672497051555787	566	11
81857	3	-0.0431937427568569	0	6	0.86804663073688	0.672497051555787	566	11
81858	2	-0.125428679089644	0	6	0.86804663073688	0.672497051555787	566	11
81873	2	0.146248677288825	0	6	0.86804663073688	0.672497051555787	566	11
81875	2	-0.252123901851993	0	6	0.86804663073688	0.672497051555787	566	11
81876	2	-0.132910035834924	0	6	0.86804663073688	0.672497051555787	566	11
81887	2	0.160028548922886	0	6	0.86804663073688	0.672497051555787	566	11
81890	2	-0.180178722540396	0	6	0.86804663073688	0.672497051555787	566	11
81892	4	0.153278394962207	0	6	0.86804663073688	0.672497051555787	566	11
81894	0	0.316111130229593	0	6	0.86804663073688	0.672497051555787	566	11
81929	2	-0.162855266368149	0	6	0.86804663073688	0.672497051555787	566	11
81931	1	0.345334078212316	0	6	0.86804663073688	0.672497051555787	566	11
81932	4	-0.302149243491495	0	6	0.86804663073688	0.672497051555787	566	11
83394	3	0.138938812373767	0	6	0.86804663073688	0.672497051555787	566	11
83439	3	0.213490554809061	0	6	0.86804663073688	0.672497051555787	566	11
83440	1	0.367279260719585	0	6	0.86804663073688	0.672497051555787	566	11
83442	7	0.183044322239198	0	6	0.86804663073688	0.672497051555787	566	11
83443	2	-0.335890051750789	0	6	0.86804663073688	0.672497051555787	566	11
83448	3	0.330848414984315	0	6	0.86804663073688	0.672497051555787	566	11
83449	1	0.103734286247934	0	6	0.86804663073688	0.672497051555787	566	11
83450	0	0.385436561708875	0	6	0.86804663073688	0.672497051555787	566	11
83451	1	0.26080730234521	0	6	0.86804663073688	0.672497051555787	566	11
83452	3	0.265113930992548	0	6	0.86804663073688	0.672497051555787	566	11
83461	1	0.382993514959251	0	6	0.86804663073688	0.672497051555787	566	11
83463	1	0.338045774423192	0	6	0.86804663073688	0.672497051555787	566	11
83464	3	0.173093641908395	0	6	0.86804663073688	0.672497051555787	566	11
83468	1	0.536158239172582	0	6	0.86804663073688	0.672497051555787	566	11
83475	0	0.109717977311073	0	6	0.86804663073688	0.672497051555787	566	11
83478	4	-0.377861064878251	0	6	0.86804663073688	0.672497051555787	566	11
83480	0	0.1274783184044	0	6	0.86804663073688	0.672497051555787	566	11
83481	4	-0.0390589984286477	0	6	0.86804663073688	0.672497051555787	566	11
83483	1	0.412466796329356	0	6	0.86804663073688	0.672497051555787	566	11
83604	3	0.334121845035814	0	6	0.86804663073688	0.672497051555787	566	11
83637	1	0.29604833795535	0	6	0.86804663073688	0.672497051555787	566	11
83638	1	0.308474866317029	0	6	0.86804663073688	0.672497051555787	566	11
83658	2	-0.0601695536003509	0	6	0.86804663073688	0.672497051555787	566	11
83660	4	-0.236529052682344	0	6	0.86804663073688	0.672497051555787	566	11
83696	2	0.0170873067508772	0	6	0.86804663073688	0.672497051555787	566	11
83700	3	0.260751563873462	0	6	0.86804663073688	0.672497051555787	566	11
83714	3	0.125001379027322	0	6	0.86804663073688	0.672497051555787	566	11
83716	1	0.323508535860359	0	6	0.86804663073688	0.672497051555787	566	11
83737	3	0.21957523772406	0	6	0.86804663073688	0.672497051555787	566	11
83743	0	0.0882048890161748	0	6	0.86804663073688	0.672497051555787	566	11
83744	3	0.26336813932612	0	6	0.86804663073688	0.672497051555787	566	11
83759	1	0.588906276500434	0	6	0.86804663073688	0.672497051555787	566	11
83786	3	0.201736670950326	0	6	0.86804663073688	0.672497051555787	566	11
83937	4	0.0275817295047387	0	6	0.86804663073688	0.672497051555787	566	11
83941	3	0.307795675681143	0	6	0.86804663073688	0.672497051555787	566	11
83988	0	0.26040216185527	0	6	0.86804663073688	0.672497051555787	566	11
83990	1	0.297741033324884	0	6	0.86804663073688	0.672497051555787	566	11
84060	3	0.327566918497924	0	6	0.86804663073688	0.672497051555787	566	11
84061	2	-0.120036717075887	0	6	0.86804663073688	0.672497051555787	566	11
84065	2	0.0365914878257362	0	6	0.86804663073688	0.672497051555787	566	11
84079	2	-0.115333624218826	0	6	0.86804663073688	0.672497051555787	566	11
84124	0	0.336992452807957	0	6	0.86804663073688	0.672497051555787	566	11
84148	2	-0.0801319199752346	0	6	0.86804663073688	0.672497051555787	566	11
84159	7	-0.00780386920627685	0	6	0.86804663073688	0.672497051555787	566	11
84162	5	0.488425673916968	1	6	0.86804663073688	0.672497051555787	566	11
84164	3	0.221557370708786	0	6	0.86804663073688	0.672497051555787	566	11
84168	1	0.612324039601909	0	6	0.86804663073688	0.672497051555787	566	11
84179	1	0.227074955549203	0	6	0.86804663073688	0.672497051555787	566	11
84193	4	-0.0203848278105843	0	6	0.86804663073688	0.672497051555787	566	11
84196	5	0.671446243573722	1	6	0.86804663073688	0.672497051555787	566	11
84223	1	0.31180583646081	0	6	0.86804663073688	0.672497051555787	566	11
84243	2	0.0970528982622559	0	6	0.86804663073688	0.672497051555787	566	11
84263	4	-0.21649421362313	0	6	0.86804663073688	0.672497051555787	566	11
84271	2	-0.117629419222318	0	6	0.86804663073688	0.672497051555787	566	11
84272	2	0.0508202614928149	0	6	0.86804663073688	0.672497051555787	566	11
84288	0	0.281758009110545	0	6	0.86804663073688	0.672497051555787	566	11
84296	1	0.348882012882446	0	6	0.86804663073688	0.672497051555787	566	11
84302	3	-0.0623084912259149	0	6	0.86804663073688	0.672497051555787	566	11
84364	2	-0.0375851425512686	0	6	0.86804663073688	0.672497051555787	566	11
84436	3	0.496981707612067	0	6	0.86804663073688	0.672497051555787	566	11
84444	1	0.384838605244778	0	6	0.86804663073688	0.672497051555787	566	11
84516	3	0.280087536144499	0	6	0.86804663073688	0.672497051555787	566	11
84525	1	0.370893018566488	0	6	0.86804663073688	0.672497051555787	566	11
84549	1	0.196923307674234	0	6	0.86804663073688	0.672497051555787	566	11
84561	1	0.365637053855876	0	6	0.86804663073688	0.672497051555787	566	11
84612	4	-0.281202335900019	0	6	0.86804663073688	0.672497051555787	566	11
84617	1	0.422262032687346	0	6	0.86804663073688	0.672497051555787	566	11
84619	4	-0.0492454577517717	0	6	0.86804663073688	0.672497051555787	566	11
84656	2	-0.0319586796988189	0	6	0.86804663073688	0.672497051555787	566	11
84669	3	0.151674744184831	0	6	0.86804663073688	0.672497051555787	566	11
84679	0	0.040823341138416	0	6	0.86804663073688	0.672497051555787	566	11
84705	1	0.150861143800432	0	6	0.86804663073688	0.672497051555787	566	11
84720	2	-0.0923211475659279	0	6	0.86804663073688	0.672497051555787	566	11
84722	1	0.272270011486511	0	6	0.86804663073688	0.672497051555787	566	11
84726	3	0.077632692288337	0	6	0.86804663073688	0.672497051555787	566	11
84733	1	0.425116753539381	0	6	0.86804663073688	0.672497051555787	566	11
84759	2	0.00157090897779367	0	6	0.86804663073688	0.672497051555787	566	11
84790	6	0.303537095018462	0	6	0.86804663073688	0.672497051555787	566	11
84804	2	0.129947486393079	0	6	0.86804663073688	0.672497051555787	566	11
84818	4	0.17124087100672	0	6	0.86804663073688	0.672497051555787	566	11
84823	1	0.0973617338202347	0	6	0.86804663073688	0.672497051555787	566	11
84830	6	0.140936942310523	0	6	0.86804663073688	0.672497051555787	566	11
84861	0	0.174226190955234	0	6	0.86804663073688	0.672497051555787	566	11
84864	3	0.200306335956301	0	6	0.86804663073688	0.672497051555787	566	11
84869	2	0.17242149950872	0	6	0.86804663073688	0.672497051555787	566	11
84890	2	-0.121523824520349	0	6	0.86804663073688	0.672497051555787	566	11
84898	1	0.332701162409312	0	6	0.86804663073688	0.672497051555787	566	11
84900	1	0.0930962360225153	0	6	0.86804663073688	0.672497051555787	566	11
84928	3	0.381551920374357	0	6	0.86804663073688	0.672497051555787	566	11
84934	2	-0.103078483507215	0	6	0.86804663073688	0.672497051555787	566	11
84942	5	0.515844457403312	1	6	0.86804663073688	0.672497051555787	566	11
84951	0	0.134226365290508	0	6	0.86804663073688	0.672497051555787	566	11
84975	0	0.194311004392565	0	6	0.86804663073688	0.672497051555787	566	11
84986	3	-0.00983636972232828	0	6	0.86804663073688	0.672497051555787	566	11
85352	0	0.283625781731339	0	6	0.86804663073688	0.672497051555787	566	11
85360	3	-0.0302830387689342	0	6	0.86804663073688	0.672497051555787	566	11
85363	5	0.602776962833663	1	6	0.86804663073688	0.672497051555787	566	11
85377	5	0.514727272947996	1	6	0.86804663073688	0.672497051555787	566	11
85453	3	-0.0987754198317873	0	6	0.86804663073688	0.672497051555787	566	11
85458	1	0.0566997435260995	0	6	0.86804663073688	0.672497051555787	566	11
85477	6	0.149411028079314	0	6	0.86804663073688	0.672497051555787	566	11
89781	5	0.478841502225498	1	6	0.86804663073688	0.672497051555787	566	11
89795	3	0.0741871125938289	0	6	0.86804663073688	0.672497051555787	566	11
89797	1	0.425410214053452	0	6	0.86804663073688	0.672497051555787	566	11
89845	2	0.393040603574729	0	6	0.86804663073688	0.672497051555787	566	11
89853	2	0.306730428130791	0	6	0.86804663073688	0.672497051555787	566	11
89910	3	-0.186821542916799	0	6	0.86804663073688	0.672497051555787	566	11
89927	1	0.319283242198144	0	6	0.86804663073688	0.672497051555787	566	11
89941	4	0.0410664890148182	0	6	0.86804663073688	0.672497051555787	566	11
89944	4	-0.267735047551501	0	6	0.86804663073688	0.672497051555787	566	11
90121	2	-0.142517617590747	0	6	0.86804663073688	0.672497051555787	566	11
90141	0	-0.1084005015273	0	6	0.86804663073688	0.672497051555787	566	11
90233	2	0.34316191051293	0	6	0.86804663073688	0.672497051555787	566	11
90273	1	0.376131975256271	0	6	0.86804663073688	0.672497051555787	566	11
90326	0	0.386165100862794	0	6	0.86804663073688	0.672497051555787	566	11
90333	0	0.206941384357803	0	6	0.86804663073688	0.672497051555787	566	11
90355	3	0.117941053888189	0	6	0.86804663073688	0.672497051555787	566	11
90362	1	0.323609286238384	0	6	0.86804663073688	0.672497051555787	566	11
90379	2	0.184954452855017	0	6	0.86804663073688	0.672497051555787	566	11
90410	1	0.278412669303117	0	6	0.86804663073688	0.672497051555787	566	11
90411	2	0.0505304718331004	0	6	0.86804663073688	0.672497051555787	566	11
90480	2	-0.125266594594162	0	6	0.86804663073688	0.672497051555787	566	11
90485	0	0.0406900603777687	0	6	0.86804663073688	0.672497051555787	566	11
90522	2	0.0490015770107225	0	6	0.86804663073688	0.672497051555787	566	11
90627	5	0.599425835830223	1	6	0.86804663073688	0.672497051555787	566	11
90634	3	0.0962135239794325	0	6	0.86804663073688	0.672497051555787	566	11
90665	2	-0.0669853701467879	0	6	0.86804663073688	0.672497051555787	566	11
90806	0	0.444508665896711	0	6	0.86804663073688	0.672497051555787	566	11
90864	2	-0.213368830240014	0	6	0.86804663073688	0.672497051555787	566	11
90865	1	0.531663671409527	0	6	0.86804663073688	0.672497051555787	566	11
90956	3	0.0532067660636436	0	6	0.86804663073688	0.672497051555787	566	11
90957	0	0.263940001438709	0	6	0.86804663073688	0.672497051555787	566	11
90993	1	0.245080858939992	0	6	0.86804663073688	0.672497051555787	566	11
91120	0	0.224498926132861	0	6	0.86804663073688	0.672497051555787	566	11
91137	2	0.141998215053869	0	6	0.86804663073688	0.672497051555787	566	11
91289	1	0.11448586932179	0	6	0.86804663073688	0.672497051555787	566	11
91298	2	-0.173179396038035	0	6	0.86804663073688	0.672497051555787	566	11
91300	8	-0.0294614132387967	0	6	0.86804663073688	0.672497051555787	566	11
91304	2	-0.195907307361741	0	6	0.86804663073688	0.672497051555787	566	11
91355	1	0.375052098150754	0	6	0.86804663073688	0.672497051555787	566	11
91369	3	0.245229620594861	0	6	0.86804663073688	0.672497051555787	566	11
91373	0	0.0233732354586001	0	6	0.86804663073688	0.672497051555787	566	11
91442	1	0.454664227069077	0	6	0.86804663073688	0.672497051555787	566	11
91543	10	0.18850913761476	0	6	0.86804663073688	0.672497051555787	566	11
91647	2	-0.0455219361253079	0	6	0.86804663073688	0.672497051555787	566	11
91754	3	0.222490685969586	0	6	0.86804663073688	0.672497051555787	566	11
91775	6	0.0955664428338871	0	6	0.86804663073688	0.672497051555787	566	11
91782	0	0.299757479915099	0	6	0.86804663073688	0.672497051555787	566	11
91807	0	0.0952559305485225	0	6	0.86804663073688	0.672497051555787	566	11
91851	3	0.117771232766086	0	6	0.86804663073688	0.672497051555787	566	11
91860	4	-0.234140975564979	0	6	0.86804663073688	0.672497051555787	566	11
91949	3	0.112402310654635	0	6	0.86804663073688	0.672497051555787	566	11
91977	0	0.337686619635879	0	6	0.86804663073688	0.672497051555787	566	11
92104	3	-0.0971782263596373	0	6	0.86804663073688	0.672497051555787	566	11
92140	1	0.28254159558939	0	6	0.86804663073688	0.672497051555787	566	11
92154	3	0.0897477376456197	0	6	0.86804663073688	0.672497051555787	566	11
92170	4	0.202112048385627	0	6	0.86804663073688	0.672497051555787	566	11
92211	3	0.115984071802794	0	6	0.86804663073688	0.672497051555787	566	11
92335	1	0.147667480731154	0	6	0.86804663073688	0.672497051555787	566	11
92342	3	0.317626691561906	0	6	0.86804663073688	0.672497051555787	566	11
92482	2	0.0372737417016068	0	6	0.86804663073688	0.672497051555787	566	11
92483	5	0.654777545659977	1	6	0.86804663073688	0.672497051555787	566	11
92558	4	-0.313941864188878	0	6	0.86804663073688	0.672497051555787	566	11
92579	2	-0.0921772821043876	0	6	0.86804663073688	0.672497051555787	566	11
92595	1	0.255183630723461	0	6	0.86804663073688	0.672497051555787	566	11
92689	3	0.316220925341763	0	6	0.86804663073688	0.672497051555787	566	11
92822	1	0.244543444627904	0	6	0.86804663073688	0.672497051555787	566	11
92856	7	-0.043614766345723	0	6	0.86804663073688	0.672497051555787	566	11
93081	1	0.14500446913636	0	6	0.86804663073688	0.672497051555787	566	11
93129	2	-0.0125307600044457	0	6	0.86804663073688	0.672497051555787	566	11
93210	3	-0.0260810609257658	0	6	0.86804663073688	0.672497051555787	566	11
93349	5	0.771427443718293	1	6	0.86804663073688	0.672497051555787	566	11
93436	0	0.238771707747329	0	6	0.86804663073688	0.672497051555787	566	11
93487	2	-0.103482688266198	0	6	0.86804663073688	0.672497051555787	566	11
93594	1	0.31675182900945	0	6	0.86804663073688	0.672497051555787	566	11
93643	0	0.455017432137648	0	6	0.86804663073688	0.672497051555787	566	11
93664	0	0.0353191126927927	0	6	0.86804663073688	0.672497051555787	566	11
93973	1	0.340089836577578	0	6	0.86804663073688	0.672497051555787	566	11
93974	4	-0.264852136692046	0	6	0.86804663073688	0.672497051555787	566	11
94081	4	-0.163711978780015	0	6	0.86804663073688	0.672497051555787	566	11
94104	5	0.674357089084542	1	6	0.86804663073688	0.672497051555787	566	11
94134	3	0.0837272953330761	0	6	0.86804663073688	0.672497051555787	566	11
94239	2	0.176422315162821	0	6	0.86804663073688	0.672497051555787	566	11
95681	0	-0.0962511623496104	0	6	0.86804663073688	0.672497051555787	566	11
96764	0	0.0912559937345405	0	6	0.86804663073688	0.672497051555787	566	11
103910	2	0.0929339993414147	0	6	0.86804663073688	0.672497051555787	566	11
112399	6	0.136904593709389	0	6	0.86804663073688	0.672497051555787	566	11
112464	1	0.427014634459988	0	6	0.86804663073688	0.672497051555787	566	11
112479	0	0.254836319605797	0	6	0.86804663073688	0.672497051555787	566	11
112611	0	0.23079613357911	0	6	0.86804663073688	0.672497051555787	566	11
112869	2	-0.0299122881469708	0	6	0.86804663073688	0.672497051555787	566	11
112950	2	-0.00612742901411008	0	6	0.86804663073688	0.672497051555787	566	11
113146	1	0.470461939154313	0	6	0.86804663073688	0.672497051555787	566	11
113177	2	0.201463754861354	0	6	0.86804663073688	0.672497051555787	566	11
113251	4	-0.0897604231985394	0	6	0.86804663073688	0.672497051555787	566	11
113419	2	0.174068975941792	0	6	0.86804663073688	0.672497051555787	566	11
113791	3	0.134028676039577	0	6	0.86804663073688	0.672497051555787	566	11
113835	5	0.399569359644781	1	6	0.86804663073688	0.672497051555787	566	11
114034	2	0.0807249027580535	0	6	0.86804663073688	0.672497051555787	566	11
114049	7	0.13653833984605	0	6	0.86804663073688	0.672497051555787	566	11
114088	1	0.454030066356535	0	6	0.86804663073688	0.672497051555787	566	11
114327	5	0.456029736758389	1	6	0.86804663073688	0.672497051555787	566	11
114548	1	0.286897383924778	0	6	0.86804663073688	0.672497051555787	566	11
114625	3	-0.0647760484726461	0	6	0.86804663073688	0.672497051555787	566	11
114791	0	0.367829450210833	0	6	0.86804663073688	0.672497051555787	566	11
114825	2	0.142226401145322	0	6	0.86804663073688	0.672497051555787	566	11
114876	2	-0.0557126828774229	0	6	0.86804663073688	0.672497051555787	566	11
114881	2	0.290560127201658	0	6	0.86804663073688	0.672497051555787	566	11
114882	2	-0.0101246487973608	0	6	0.86804663073688	0.672497051555787	566	11
114883	3	-0.0144927767273023	0	6	0.86804663073688	0.672497051555787	566	11
114884	1	0.176929606388376	0	6	0.86804663073688	0.672497051555787	566	11
114885	1	0.156925210515856	0	6	0.86804663073688	0.672497051555787	566	11
114897	1	0.307278454749084	0	6	0.86804663073688	0.672497051555787	566	11
114899	1	0.540738531721004	0	6	0.86804663073688	0.672497051555787	566	11
114908	1	0.106206917390972	0	6	0.86804663073688	0.672497051555787	566	11
114932	3	0.0996587918775223	0	6	0.86804663073688	0.672497051555787	566	11
115123	1	0.357121208949855	0	6	0.86804663073688	0.672497051555787	566	11
115201	3	0.149391795190349	0	6	0.86804663073688	0.672497051555787	566	11
115207	1	0.497266601684877	0	6	0.86804663073688	0.672497051555787	566	11
115353	2	0.0184154805677105	0	6	0.86804663073688	0.672497051555787	566	11
115703	0	0.297192894822571	0	6	0.86804663073688	0.672497051555787	566	11
115708	4	0.0517783042429296	0	6	0.86804663073688	0.672497051555787	566	11
115817	2	-0.0216848127831453	0	6	0.86804663073688	0.672497051555787	566	11
115939	2	-0.101260945444983	0	6	0.86804663073688	0.672497051555787	566	11
116039	1	-0.0649610706952597	0	6	0.86804663073688	0.672497051555787	566	11
116138	2	-0.000326832668196903	0	6	0.86804663073688	0.672497051555787	566	11
116285	1	0.243690912775934	0	6	0.86804663073688	0.672497051555787	566	11
116372	1	0.300461019122399	0	6	0.86804663073688	0.672497051555787	566	11
116496	1	0.324145223735789	0	6	0.86804663073688	0.672497051555787	566	11
116832	4	0.221686640786914	0	6	0.86804663073688	0.672497051555787	566	11
116984	3	0.15333100935404	0	6	0.86804663073688	0.672497051555787	566	11
116985	1	-0.064055437315057	0	6	0.86804663073688	0.672497051555787	566	11
116986	1	0.31692720515104	0	6	0.86804663073688	0.672497051555787	566	11
116987	2	0.310642222175498	0	6	0.86804663073688	0.672497051555787	566	11
117178	4	0.0527788159900398	0	6	0.86804663073688	0.672497051555787	566	11
117246	2	0.05712171215961	0	6	0.86804663073688	0.672497051555787	566	11
120227	1	0.260304289763158	0	6	0.86804663073688	0.672497051555787	566	11
120526	5	0.516204862167721	1	6	0.86804663073688	0.672497051555787	566	11
122616	2	-0.085355880181537	0	6	0.86804663073688	0.672497051555787	566	11
123803	1	0.511095375392282	0	6	0.86804663073688	0.672497051555787	566	11
123872	1	0.368757550991297	0	6	0.86804663073688	0.672497051555787	566	11
124044	1	0.202438499450382	0	6	0.86804663073688	0.672497051555787	566	11
124152	2	0.0827179335954723	0	6	0.86804663073688	0.672497051555787	566	11
124222	1	0.219069077356174	0	6	0.86804663073688	0.672497051555787	566	11
124565	2	-0.15291612825776	0	6	0.86804663073688	0.672497051555787	566	11
124583	2	0.0763759021459131	0	6	0.86804663073688	0.672497051555787	566	11
125058	1	0.378820075268848	0	6	0.86804663073688	0.672497051555787	566	11
126208	0	0.052968727564455	0	6	0.86804663073688	0.672497051555787	566	11
126231	0	0.37502710504363	0	6	0.86804663073688	0.672497051555787	566	11
126298	0	0.1017800597095	0	6	0.86804663073688	0.672497051555787	566	11
126299	0	0.204963108384822	0	6	0.86804663073688	0.672497051555787	566	11
126353	0	0.0799408412927116	0	6	0.86804663073688	0.672497051555787	566	11
126393	1	0.423228972332415	0	6	0.86804663073688	0.672497051555787	566	11
127544	2	-0.0571061010070293	0	6	0.86804663073688	0.672497051555787	566	11
127703	0	0.245079474642942	0	6	0.86804663073688	0.672497051555787	566	11
127833	3	0.275745118269897	0	6	0.86804663073688	0.672497051555787	566	11
128553	1	0.519119360911197	0	6	0.86804663073688	0.672497051555787	566	11
129080	3	0.479507829228764	0	6	0.86804663073688	0.672497051555787	566	11
130074	2	-0.17562260973587	0	6	0.86804663073688	0.672497051555787	566	11
130916	5	0.654352174660502	1	6	0.86804663073688	0.672497051555787	566	11
131408	0	0.147338175006242	0	6	0.86804663073688	0.672497051555787	566	11
131544	1	0.530308854555442	0	6	0.86804663073688	0.672497051555787	566	11
131566	1	0.129438875197104	0	6	0.86804663073688	0.672497051555787	566	11
131601	2	-0.145655818413313	0	6	0.86804663073688	0.672497051555787	566	11
133619	2	0.0183463338915681	0	6	0.86804663073688	0.672497051555787	566	11
135138	0	-0.246280112881529	0	6	0.86804663073688	0.672497051555787	566	11
137886	2	-0.322920431591331	0	6	0.86804663073688	0.672497051555787	566	11
138046	4	-0.164005878449305	0	6	0.86804663073688	0.672497051555787	566	11
138050	5	0.636900431559037	1	6	0.86804663073688	0.672497051555787	566	11
138151	3	0.00389703291194218	0	6	0.86804663073688	0.672497051555787	566	11
138162	1	0.0831202896095043	0	6	0.86804663073688	0.672497051555787	566	11
139322	2	-0.183252654290637	0	6	0.86804663073688	0.672497051555787	566	11
140459	2	0.0240077278554476	0	6	0.86804663073688	0.672497051555787	566	11
140460	0	0.130393866258859	0	6	0.86804663073688	0.672497051555787	566	11
140461	2	-0.0266069621845714	0	6	0.86804663073688	0.672497051555787	566	11
140462	4	-0.0252483169558883	0	6	0.86804663073688	0.672497051555787	566	11
140465	6	0.239860135395213	0	6	0.86804663073688	0.672497051555787	566	11
140467	0	0.134845110569636	0	6	0.86804663073688	0.672497051555787	566	11
140545	2	-0.129982988002099	0	6	0.86804663073688	0.672497051555787	566	11
140578	1	0.46923540599459	0	6	0.86804663073688	0.672497051555787	566	11
140597	3	-0.0771249171381028	0	6	0.86804663073688	0.672497051555787	566	11
140609	3	0.408435204520485	0	6	0.86804663073688	0.672497051555787	566	11
140803	2	-0.179471967876169	0	6	0.86804663073688	0.672497051555787	566	11
140883	1	0.27361671106285	0	6	0.86804663073688	0.672497051555787	566	11
140885	3	-0.114086370331704	0	6	0.86804663073688	0.672497051555787	566	11
140890	5	0.855143593850503	1	6	0.86804663073688	0.672497051555787	566	11
142684	0	0.121709377934812	0	6	0.86804663073688	0.672497051555787	566	11
144404	1	0.35433972435498	0	6	0.86804663073688	0.672497051555787	566	11
145389	1	0.371030748654332	0	6	0.86804663073688	0.672497051555787	566	11
146057	3	0.32428856299965	0	6	0.86804663073688	0.672497051555787	566	11
146227	1	0.289684999080886	0	6	0.86804663073688	0.672497051555787	566	11
146542	2	-0.0370604229194178	0	6	0.86804663073688	0.672497051555787	566	11
146562	0	0.151922460977011	0	6	0.86804663073688	0.672497051555787	566	11
146691	3	0.010520016726	0	6	0.86804663073688	0.672497051555787	566	11
146712	1	0.195166205957325	0	6	0.86804663073688	0.672497051555787	566	11
146909	1	0.327782484581179	0	6	0.86804663073688	0.672497051555787	566	11
147179	2	0.12418556525152	0	6	0.86804663073688	0.672497051555787	566	11
147339	3	0.247142472405136	0	6	0.86804663073688	0.672497051555787	566	11
147657	0	0.18614256825997	0	6	0.86804663073688	0.672497051555787	566	11
147912	2	-0.0437009545167108	0	6	0.86804663073688	0.672497051555787	566	11
148022	1	0.16640260146538	0	6	0.86804663073688	0.672497051555787	566	11
148229	1	0.209727648273527	0	6	0.86804663073688	0.672497051555787	566	11
149111	3	0.339152954654003	0	6	0.86804663073688	0.672497051555787	566	11
149603	2	-0.199750386246244	0	6	0.86804663073688	0.672497051555787	566	11
149628	1	0.217698034385586	0	6	0.86804663073688	0.672497051555787	566	11
149986	2	0.172908783757364	0	6	0.86804663073688	0.672497051555787	566	11
151011	3	-0.070588706239719	0	6	0.86804663073688	0.672497051555787	566	11
151050	4	0.0903624632281465	0	6	0.86804663073688	0.672497051555787	566	11
151987	3	0.483998904695763	0	6	0.86804663073688	0.672497051555787	566	11
152006	2	-0.203063185711644	0	6	0.86804663073688	0.672497051555787	566	11
152185	5	0.46400166009163	1	6	0.86804663073688	0.672497051555787	566	11
152559	3	0.280067866325224	0	6	0.86804663073688	0.672497051555787	566	11
154661	4	0.00580502233049594	0	6	0.86804663073688	0.672497051555787	566	11
155066	4	-0.319479065874149	0	6	0.86804663073688	0.672497051555787	566	11
157567	3	0.0561193502149382	0	6	0.86804663073688	0.672497051555787	566	11
157680	5	0.818207822764035	1	6	0.86804663073688	0.672497051555787	566	11
157869	2	-0.00277939420877118	0	6	0.86804663073688	0.672497051555787	566	11
157922	1	0.375938578897536	0	6	0.86804663073688	0.672497051555787	566	11
158471	4	-0.181571622350399	0	6	0.86804663073688	0.672497051555787	566	11
158586	2	0.15503738498054	0	6	0.86804663073688	0.672497051555787	566	11
158747	3	0.11134530665406	0	6	0.86804663073688	0.672497051555787	566	11
159963	4	-0.285030424426285	0	6	0.86804663073688	0.672497051555787	566	11
160518	2	-0.0226193480754641	0	6	0.86804663073688	0.672497051555787	566	11
161291	9	-0.12639063962334	0	6	0.86804663073688	0.672497051555787	566	11
162427	2	-0.0277232582389846	0	6	0.86804663073688	0.672497051555787	566	11
162972	3	0.286509408170219	0	6	0.86804663073688	0.672497051555787	566	11
163131	0	0.362662844612401	0	6	0.86804663073688	0.672497051555787	566	11
163486	2	0.0878402874891329	0	6	0.86804663073688	0.672497051555787	566	11
163590	3	0.341807887041169	0	6	0.86804663073688	0.672497051555787	566	11
166647	3	0.205175937413636	0	6	0.86804663073688	0.672497051555787	566	11
167227	0	0.363152719745949	0	6	0.86804663073688	0.672497051555787	566	11
168544	2	0.176754650438971	0	6	0.86804663073688	0.672497051555787	566	11
169522	4	0.00303628496643396	0	6	0.86804663073688	0.672497051555787	566	11
169611	2	-0.0454412651394162	0	6	0.86804663073688	0.672497051555787	566	11
171017	2	0.0434836943620915	0	6	0.86804663073688	0.672497051555787	566	11
171023	1	0.45460251014779	0	6	0.86804663073688	0.672497051555787	566	11
171392	0	0.0737141639922702	0	6	0.86804663073688	0.672497051555787	566	11
171546	2	0.13635481517775	0	6	0.86804663073688	0.672497051555787	566	11
171558	0	0.282028873796046	0	6	0.86804663073688	0.672497051555787	566	11
171586	3	0.0373251719746396	0	6	0.86804663073688	0.672497051555787	566	11
192286	2	-0.12223060989148	0	6	0.86804663073688	0.672497051555787	566	11
192669	5	0.663901528648301	1	6	0.86804663073688	0.672497051555787	566	11
192670	5	0.726726312061393	1	6	0.86804663073688	0.672497051555787	566	11
192683	4	0.0997227106985201	0	6	0.86804663073688	0.672497051555787	566	11
196403	3	0.188861267958751	0	6	0.86804663073688	0.672497051555787	566	11
196441	5	0.692737864742826	1	6	0.86804663073688	0.672497051555787	566	11
196740	4	0.032852822646451	0	6	0.86804663073688	0.672497051555787	566	11
196743	4	-0.00386377675004925	0	6	0.86804663073688	0.672497051555787	566	11
199731	4	-0.193383288890439	0	6	0.86804663073688	0.672497051555787	566	11
199870	3	0.296219424853848	0	6	0.86804663073688	0.672497051555787	566	11
200081	0	0.0928757566419965	0	6	0.86804663073688	0.672497051555787	566	11
200316	2	0.16517490935116	0	6	0.86804663073688	0.672497051555787	566	11
200424	2	0.197473519098602	0	6	0.86804663073688	0.672497051555787	566	11
200576	5	0.588924932435847	1	6	0.86804663073688	0.672497051555787	566	11
200734	3	0.245391696342859	0	6	0.86804663073688	0.672497051555787	566	11
201134	3	0.449484761053639	0	6	0.86804663073688	0.672497051555787	566	11
201191	3	0.116699073029792	0	6	0.86804663073688	0.672497051555787	566	11
201229	3	-0.17076503430578	0	6	0.86804663073688	0.672497051555787	566	11
201254	2	-0.100468706866224	0	6	0.86804663073688	0.672497051555787	566	11
201501	3	0.540615359632493	0	6	0.86804663073688	0.672497051555787	566	11
202559	0	0.200480830217625	0	6	0.86804663073688	0.672497051555787	566	11
203068	1	0.35011021916757	0	6	0.86804663073688	0.672497051555787	566	11
203069	2	0.0409435387905702	0	6	0.86804663073688	0.672497051555787	566	11
203197	1	0.404952848683374	0	6	0.86804663073688	0.672497051555787	566	11
204851	3	-0.0463427794783539	0	6	0.86804663073688	0.672497051555787	566	11
205564	5	0.590187199875643	1	6	0.86804663073688	0.672497051555787	566	11
206358	3	0.340628923087532	0	6	0.86804663073688	0.672497051555787	566	11
219333	3	-0.151502758490952	0	6	0.86804663073688	0.672497051555787	566	11
219654	5	0.606666141753433	1	6	0.86804663073688	0.672497051555787	566	11
219699	5	0.642130341351222	1	6	0.86804663073688	0.672497051555787	566	11
219899	3	0.223697451517211	0	6	0.86804663073688	0.672497051555787	566	11
220972	0	0.171141335256837	0	6	0.86804663073688	0.672497051555787	566	11
221037	5	0.680683836314643	1	6	0.86804663073688	0.672497051555787	566	11
221061	6	0.0816530499394351	0	6	0.86804663073688	0.672497051555787	566	11
221092	2	-0.151457369365287	0	6	0.86804663073688	0.672497051555787	566	11
221154	2	-0.251544581166294	0	6	0.86804663073688	0.672497051555787	566	11
221395	3	0.344288161936439	0	6	0.86804663073688	0.672497051555787	566	11
221443	2	-0.0575620602490154	0	6	0.86804663073688	0.672497051555787	566	11
221692	1	0.458375832621856	0	6	0.86804663073688	0.672497051555787	566	11
221749	3	0.114725045686814	0	6	0.86804663073688	0.672497051555787	566	11
221830	3	0.0766559915968041	0	6	0.86804663073688	0.672497051555787	566	11
221981	3	-0.0317696507929939	0	6	0.86804663073688	0.672497051555787	566	11
222255	0	-0.0944890120985692	0	6	0.86804663073688	0.672497051555787	566	11
222487	8	0.088786926240273	0	6	0.86804663073688	0.672497051555787	566	11
222642	1	0.382868385137835	0	6	0.86804663073688	0.672497051555787	566	11
222658	5	0.556294966488132	1	6	0.86804663073688	0.672497051555787	566	11
223117	1	0.385615012703838	0	6	0.86804663073688	0.672497051555787	566	11
246243	1	0.438217995790578	0	6	0.86804663073688	0.672497051555787	566	11
253143	1	0.394268287039175	0	6	0.86804663073688	0.672497051555787	566	11
253190	1	0.284791984857374	0	6	0.86804663073688	0.672497051555787	566	11
253461	3	0.117855896722784	0	6	0.86804663073688	0.672497051555787	566	11
253782	3	-0.0229232885963022	0	6	0.86804663073688	0.672497051555787	566	11
253943	0	0.126734557501546	0	6	0.86804663073688	0.672497051555787	566	11
253959	5	0.508600301389077	1	6	0.86804663073688	0.672497051555787	566	11
253980	2	0.102439341122826	0	6	0.86804663073688	0.672497051555787	566	11
253982	1	0.351716291225814	0	6	0.86804663073688	0.672497051555787	566	11
254102	1	0.495753194794649	0	6	0.86804663073688	0.672497051555787	566	11
254359	2	0.00123892586995378	0	6	0.86804663073688	0.672497051555787	566	11
254394	5	0.500890134030192	1	6	0.86804663073688	0.672497051555787	566	11
254531	2	0.216685773478752	0	6	0.86804663073688	0.672497051555787	566	11
255057	0	-0.14519927354815	0	6	0.86804663073688	0.672497051555787	566	11
256051	3	0.31334360638494	0	6	0.86804663073688	0.672497051555787	566	11
256364	0	0.305102038420971	0	6	0.86804663073688	0.672497051555787	566	11
256949	5	0.46494484799166	1	6	0.86804663073688	0.672497051555787	566	11
256987	3	0.0665691630789516	0	6	0.86804663073688	0.672497051555787	566	11
257407	0	0.0390024655757377	0	6	0.86804663073688	0.672497051555787	566	11
259173	3	0.207316294945318	0	6	0.86804663073688	0.672497051555787	566	11
259217	3	-0.00592132614948894	0	6	0.86804663073688	0.672497051555787	566	11
259230	3	0.000763305191649981	0	6	0.86804663073688	0.672497051555787	566	11
259266	1	0.295564050897022	0	6	0.86804663073688	0.672497051555787	566	11
261726	1	0.302624523869688	0	6	0.86804663073688	0.672497051555787	566	11
261734	2	0.0703607317258977	0	6	0.86804663073688	0.672497051555787	566	11
266655	2	-0.174271487139354	0	6	0.86804663073688	0.672497051555787	566	11
266977	6	0.137967352472241	0	6	0.86804663073688	0.672497051555787	566	11
283232	2	0.0387625338620488	0	6	0.86804663073688	0.672497051555787	566	11
283298	1	0.283969511094125	0	6	0.86804663073688	0.672497051555787	566	11
283450	3	0.402714646586265	0	6	0.86804663073688	0.672497051555787	566	11
283459	2	0.122277359641722	0	6	0.86804663073688	0.672497051555787	566	11
283537	2	0.0367492518416447	0	6	0.86804663073688	0.672497051555787	566	11
283638	0	-0.0430582471452126	0	6	0.86804663073688	0.672497051555787	566	11
284021	1	0.288982620248557	0	6	0.86804663073688	0.672497051555787	566	11
284119	1	0.401415585866821	0	6	0.86804663073688	0.672497051555787	566	11
284325	2	0.0722106931845489	0	6	0.86804663073688	0.672497051555787	566	11
284352	2	0.0554336266609387	0	6	0.86804663073688	0.672497051555787	566	11
284403	0	0.301132189037879	0	6	0.86804663073688	0.672497051555787	566	11
284443	5	0.651173787619747	1	6	0.86804663073688	0.672497051555787	566	11
285203	5	0.675618336854224	1	6	0.86804663073688	0.672497051555787	566	11
285282	3	-0.0753169936587527	0	6	0.86804663073688	0.672497051555787	566	11
285527	5	0.775832195244935	1	6	0.86804663073688	0.672497051555787	566	11
285672	2	0.0815052784181845	0	6	0.86804663073688	0.672497051555787	566	11
285755	4	0.0357233546945991	0	6	0.86804663073688	0.672497051555787	566	11
286148	3	-0.0935240187090914	0	6	0.86804663073688	0.672497051555787	566	11
286205	1	0.44250307784814	0	6	0.86804663073688	0.672497051555787	566	11
286451	2	-0.0730335145582357	0	6	0.86804663073688	0.672497051555787	566	11
317662	2	0.148044478505931	0	6	0.86804663073688	0.672497051555787	566	11
317762	3	0.0547108426852823	0	6	0.86804663073688	0.672497051555787	566	11
317781	0	0.250702157146093	0	6	0.86804663073688	0.672497051555787	566	11
339105	0	0.316721919188036	0	6	0.86804663073688	0.672497051555787	566	11
339229	2	-0.0751417359651047	0	6	0.86804663073688	0.672497051555787	566	11
339448	1	0.508524489021845	0	6	0.86804663073688	0.672497051555787	566	11
339479	2	-0.0443964737628898	0	6	0.86804663073688	0.672497051555787	566	11
346157	0	-0.00864791829818729	0	6	0.86804663073688	0.672497051555787	566	11
347344	1	0.340208792270976	0	6	0.86804663073688	0.672497051555787	566	11
347733	1	0.286715472308976	0	6	0.86804663073688	0.672497051555787	566	11
347902	3	0.268651993034591	0	6	0.86804663073688	0.672497051555787	566	11
348110	2	-0.082503380512618	0	6	0.86804663073688	0.672497051555787	566	11
348995	1	0.562192880049269	0	6	0.86804663073688	0.672497051555787	566	11
353189	4	-0.168259622473809	0	6	0.86804663073688	0.672497051555787	566	11
353500	2	0.147205908157679	0	6	0.86804663073688	0.672497051555787	566	11
353514	1	0.11341536133113	0	6	0.86804663073688	0.672497051555787	566	11
373156	2	-0.279401793170809	0	6	0.86804663073688	0.672497051555787	566	11
374291	2	-0.311229691985047	0	6	0.86804663073688	0.672497051555787	566	11
374655	0	0.318962785494581	0	6	0.86804663073688	0.672497051555787	566	11
374868	5	0.594255702846305	1	6	0.86804663073688	0.672497051555787	566	11
375035	1	0.433721970836545	0	6	0.86804663073688	0.672497051555787	566	11
375056	3	0.232935402694527	0	6	0.86804663073688	0.672497051555787	566	11
375057	1	0.221856027546148	0	6	0.86804663073688	0.672497051555787	566	11
375449	4	0.124982638179013	0	6	0.86804663073688	0.672497051555787	566	11
375790	2	6.14578578407984e-05	0	6	0.86804663073688	0.672497051555787	566	11
376267	1	0.233523530646804	0	6	0.86804663073688	0.672497051555787	566	11
387032	5	0.560912572520807	1	6	0.86804663073688	0.672497051555787	566	11
387082	0	0.0939514803947413	0	6	0.86804663073688	0.672497051555787	566	11
387263	2	-0.0218768476866254	0	6	0.86804663073688	0.672497051555787	566	11
387509	2	0.0261728359575219	0	6	0.86804663073688	0.672497051555787	566	11
388567	5	0.530802369728409	1	6	0.86804663073688	0.672497051555787	566	11
388569	1	0.313418500287942	0	6	0.86804663073688	0.672497051555787	566	11
388650	3	0.0117181346850719	0	6	0.86804663073688	0.672497051555787	566	11
388969	0	0.162590998582974	0	6	0.86804663073688	0.672497051555787	566	11
389136	1	0.270897519455292	0	6	0.86804663073688	0.672497051555787	566	11
389677	0	0.334265954482599	0	6	0.86804663073688	0.672497051555787	566	11
389856	0	0.12957120516947	0	6	0.86804663073688	0.672497051555787	566	11
390940	2	-0.0229662892219142	0	6	0.86804663073688	0.672497051555787	566	11
399664	2	0.0433503364949198	0	6	0.86804663073688	0.672497051555787	566	11
399665	4	-0.0113096548207781	0	6	0.86804663073688	0.672497051555787	566	11
399979	3	0.237038728975144	0	6	0.86804663073688	0.672497051555787	566	11
400410	2	0.108911124724884	0	6	0.86804663073688	0.672497051555787	566	11
400451	2	-0.117574247309403	0	6	0.86804663073688	0.672497051555787	566	11
400506	1	0.446192920130158	0	6	0.86804663073688	0.672497051555787	566	11
402055	0	0.329140456564792	0	6	0.86804663073688	0.672497051555787	566	11
404093	0	0.3725144020367	0	6	0.86804663073688	0.672497051555787	566	11
404672	2	-0.127866873532916	0	6	0.86804663073688	0.672497051555787	566	11
440026	3	0.0896270981331474	0	6	0.86804663073688	0.672497051555787	566	11
440738	1	0.334497042301864	0	6	0.86804663073688	0.672497051555787	566	11
441024	3	0.0645685815027525	0	6	0.86804663073688	0.672497051555787	566	11
474344	3	0.190349285994265	0	6	0.86804663073688	0.672497051555787	566	11
552889	2	-0.123918941714267	0	6	0.86804663073688	0.672497051555787	566	11
553115	2	0.00177000451357154	0	6	0.86804663073688	0.672497051555787	566	11
641339	0	0.1390837768301	0	6	0.86804663073688	0.672497051555787	566	11
643641	1	0.477869049590367	0	6	0.86804663073688	0.672497051555787	566	11
644096	2	0.0850200668891562	0	6	0.86804663073688	0.672497051555787	566	11
727800	2	-0.00551259334413581	0	6	0.86804663073688	0.672497051555787	566	11
727897	1	0.455945589144788	0	6	0.86804663073688	0.672497051555787	566	11
728215	1	0.291511520157491	0	6	0.86804663073688	0.672497051555787	566	11
729230	1	0.350141489585599	0	6	0.86804663073688	0.672497051555787	566	11
729515	2	-0.100154416479082	0	6	0.86804663073688	0.672497051555787	566	11
752014	4	0.204554753100688	0	6	0.86804663073688	0.672497051555787	566	11
100129250	2	-0.129494564636527	0	6	0.86804663073688	0.672497051555787	566	11
100129361	2	-0.0205007774129187	0	6	0.86804663073688	0.672497051555787	566	11
100131755	5	0.691680309605393	1	6	0.86804663073688	0.672497051555787	566	11
100133941	6	0.311628070670993	0	6	0.86804663073688	0.672497051555787	566	11
100288413	3	-0.160962071204987	0	6	0.86804663073688	0.672497051555787	566	11
100505741	5	0.547237499252742	1	6	0.86804663073688	0.672497051555787	566	11
100506581	2	0.0244828357038566	0	6	0.86804663073688	0.672497051555787	566	11
100507436	0	-0.00464658228978677	0	6	0.86804663073688	0.672497051555787	566	11
