gene	module	kME	in_trait_module	power	sft_r2	trait_module_cor	trait_module_size	n_modules
2	1	0.709590307792887	1	8	0.918582138069376	0.511014390209921	2675	10
9	2	-0.270713828707112	0	8	0.918582138069376	0.511014390209921	2675	10
12	1	0.659855830201292	1	8	0.918582138069376	0.511014390209921	2675	10
14	3	-0.00371484387141092	0	8	0.918582138069376	0.511014390209921	2675	10
15	1	0.488411613490151	1	8	0.918582138069376	0.511014390209921	2675	10
16	2	-0.0966407440074858	0	8	0.918582138069376	0.511014390209921	2675	10
18	2	-0.385409032802903	0	8	0.918582138069376	0.511014390209921	2675	10
19	1	0.606464181598063	1	8	0.918582138069376	0.511014390209921	2675	10
20	5	0.288330617001804	0	8	0.918582138069376	0.511014390209921	2675	10
21	5	0.533919478009236	0	8	0.918582138069376	0.511014390209921	2675	10
22	4	-0.313207882131109	0	8	0.918582138069376	0.511014390209921	2675	10
24	5	0.459359453617355	0	8	0.918582138069376	0.511014390209921	2675	10
25	10	0.410287487455834	0	8	0.918582138069376	0.511014390209921	2675	10
26	2	-0.471383798104158	0	8	0.918582138069376	0.511014390209921	2675	10
27	1	0.672487740560329	1	8	0.918582138069376	0.511014390209921	2675	10
28	0	-0.0203176587665974	0	8	0.918582138069376	0.511014390209921	2675	10
29	0	0.3091718174789	0	8	0.918582138069376	0.511014390209921	2675	10
30	2	-0.376912864293878	0	8	0.918582138069376	0.511014390209921	2675	10
31	1	0.60370686898592	1	8	0.918582138069376	0.511014390209921	2675	10
32	5	0.0715093361220128	0	8	0.918582138069376	0.511014390209921	2675	10
33	2	-0.512594804434681	0	8	0.918582138069376	0.511014390209921	2675	10
34	2	-0.378668701994204	0	8	0.918582138069376	0.511014390209921	2675	10
35	2	-0.158004686342327	0	8	0.918582138069376	0.511014390209921	2675	10
36	2	-0.475143310655875	0	8	0.918582138069376	0.511014390209921	2675	10
37	2	0.033535175247561	0	8	0.918582138069376	0.511014390209921	2675	10
38	2	-0.542218678858649	0	8	0.918582138069376	0.511014390209921	2675	10
39	3	-0.0826529167485057	0	8	0.918582138069376	0.511014390209921	2675	10
40	0	0.389752036978446	0	8	0.918582138069376	0.511014390209921	2675	10
41	5	0.208411210119132	0	8	0.918582138069376	0.511014390209921	2675	10
43	1	0.714679725813575	1	8	0.918582138069376	0.511014390209921	2675	10
47	0	0.182388904912543	0	8	0.918582138069376	0.511014390209921	2675	10
48	2	-0.405827744460025	0	8	0.918582138069376	0.511014390209921	2675	10
50	2	-0.397517455965233	0	8	0.918582138069376	0.511014390209921	2675	10
51	0	-0.243534475080242	0	8	0.918582138069376	0.511014390209921	2675	10
52	3	0.0464643008310436	0	8	0.918582138069376	0.511014390209921	2675	10
53	2	-0.155904582933497	0	8	0.918582138069376	0.511014390209921	2675	10
54	2	-0.297489895262078	0	8	0.918582138069376	0.511014390209921	2675	10
55	0	0.105960732402365	0	8	0.918582138069376	0.511014390209921	2675	10
58	0	0.334851352899221	0	8	0.918582138069376	0.511014390209921	2675	10
59	1	0.562860923767157	1	8	0.918582138069376	0.511014390209921	2675	10
70	0	0.022614006746531	0	8	0.918582138069376	0.511014390209921	2675	10
72	0	0.35947902878896	0	8	0.918582138069376	0.511014390209921	2675	10
81	9	0.13927829798461	0	8	0.918582138069376	0.511014390209921	2675	10
86	0	0.428282670984206	0	8	0.918582138069376	0.511014390209921	2675	10
87	1	0.66277106231358	1	8	0.918582138069376	0.511014390209921	2675	10
88	0	0.224177479094189	0	8	0.918582138069376	0.511014390209921	2675	10
89	5	0.281547654459189	0	8	0.918582138069376	0.511014390209921	2675	10
90	4	-0.12701191150616	0	8	0.918582138069376	0.511014390209921	2675	10
91	5	0.111226336667767	0	8	0.918582138069376	0.511014390209921	2675	10
92	0	0.0169586186938079	0	8	0.918582138069376	0.511014390209921	2675	10
93	0	0.24126065686613	0	8	0.918582138069376	0.511014390209921	2675	10
94	1	0.599257739878244	1	8	0.918582138069376	0.511014390209921	2675	10
97	0	-0.0201847731808978	0	8	0.918582138069376	0.511014390209921	2675	10
100	1	0.779270495040512	1	8	0.918582138069376	0.511014390209921	2675	10
101	1	0.486531251097146	1	8	0.918582138069376	0.511014390209921	2675	10
102	1	0.6454029592417	1	8	0.918582138069376	0.511014390209921	2675	10
103	10	0.641239035642151	0	8	0.918582138069376	0.511014390209921	2675	10
104	1	0.576031872344834	1	8	0.918582138069376	0.511014390209921	2675	10
105	0	0.109806305259091	0	8	0.918582138069376	0.511014390209921	2675	10
107	0	-0.000600924374196135	0	8	0.918582138069376	0.511014390209921	2675	10
108	1	0.605036033093099	1	8	0.918582138069376	0.511014390209921	2675	10
109	1	0.598205696911046	1	8	0.918582138069376	0.511014390209921	2675	10
113	1	0.706226103087988	1	8	0.918582138069376	0.511014390209921	2675	10
115	6	-0.112265931230515	0	8	0.918582138069376	0.511014390209921	2675	10
116	0	0.0227903754807359	0	8	0.918582138069376	0.511014390209921	2675	10
117	1	0.553684808186217	1	8	0.918582138069376	0.511014390209921	2675	10
118	5	0.246624866234831	0	8	0.918582138069376	0.511014390209921	2675	10
119	1	0.744512605563561	1	8	0.918582138069376	0.511014390209921	2675	10
120	2	-0.342118058688907	0	8	0.918582138069376	0.511014390209921	2675	10
125	1	0.711921922319539	1	8	0.918582138069376	0.511014390209921	2675	10
128	2	-0.284036891689117	0	8	0.918582138069376	0.511014390209921	2675	10
130	2	-0.378850908158977	0	8	0.918582138069376	0.511014390209921	2675	10
132	7	-2.06752476219537e-05	0	8	0.918582138069376	0.511014390209921	2675	10
133	8	-0.218439219312906	0	8	0.918582138069376	0.511014390209921	2675	10
134	0	0.345953713478844	0	8	0.918582138069376	0.511014390209921	2675	10
136	0	0.215289645538801	0	8	0.918582138069376	0.511014390209921	2675	10
140	1	0.62201890308804	1	8	0.918582138069376	0.511014390209921	2675	10
141	1	0.582062997897829	1	8	0.918582138069376	0.511014390209921	2675	10
142	1	0.66078430703054	1	8	0.918582138069376	0.511014390209921	2675	10
147	0	-0.130457935495956	0	8	0.918582138069376	0.511014390209921	2675	10
148	6	-0.0268060371011845	0	8	0.918582138069376	0.511014390209921	2675	10
150	1	0.742723850993794	1	8	0.918582138069376	0.511014390209921	2675	10
151	0	-0.165854881739373	0	8	0.918582138069376	0.511014390209921	2675	10
152	0	0.427563772872815	0	8	0.918582138069376	0.511014390209921	2675	10
153	6	-0.161844544945598	0	8	0.918582138069376	0.511014390209921	2675	10
154	1	0.724877233241715	1	8	0.918582138069376	0.511014390209921	2675	10
156	1	0.517359018842371	1	8	0.918582138069376	0.511014390209921	2675	10
157	1	0.675819298646406	1	8	0.918582138069376	0.511014390209921	2675	10
158	3	0.263827313555002	0	8	0.918582138069376	0.511014390209921	2675	10
159	4	0.00673187415869094	0	8	0.918582138069376	0.511014390209921	2675	10
161	9	0.169917380082375	0	8	0.918582138069376	0.511014390209921	2675	10
162	9	0.199708110073596	0	8	0.918582138069376	0.511014390209921	2675	10
163	0	0.566431259322317	0	8	0.918582138069376	0.511014390209921	2675	10
164	0	-0.18875067064264	0	8	0.918582138069376	0.511014390209921	2675	10
166	3	0.587481150470555	0	8	0.918582138069376	0.511014390209921	2675	10
173	2	-0.530960773275624	0	8	0.918582138069376	0.511014390209921	2675	10
175	7	0.123449182824675	0	8	0.918582138069376	0.511014390209921	2675	10
176	0	0.170670769225291	0	8	0.918582138069376	0.511014390209921	2675	10
178	4	-0.341048703807856	0	8	0.918582138069376	0.511014390209921	2675	10
181	5	0.403899212417094	0	8	0.918582138069376	0.511014390209921	2675	10
182	5	0.565665159432613	0	8	0.918582138069376	0.511014390209921	2675	10
183	2	-0.288556568206337	0	8	0.918582138069376	0.511014390209921	2675	10
185	8	-0.0565461723211252	0	8	0.918582138069376	0.511014390209921	2675	10
186	0	0.183839622805205	0	8	0.918582138069376	0.511014390209921	2675	10
187	0	-0.0482227060954569	0	8	0.918582138069376	0.511014390209921	2675	10
189	2	-0.190673808806979	0	8	0.918582138069376	0.511014390209921	2675	10
191	2	-0.372932339727926	0	8	0.918582138069376	0.511014390209921	2675	10
196	1	0.593431222713105	1	8	0.918582138069376	0.511014390209921	2675	10
197	0	0.143821514849971	0	8	0.918582138069376	0.511014390209921	2675	10
202	0	0.156723318910956	0	8	0.918582138069376	0.511014390209921	2675	10
203	3	0.215748893805981	0	8	0.918582138069376	0.511014390209921	2675	10
204	2	-0.213436811725066	0	8	0.918582138069376	0.511014390209921	2675	10
207	0	0.390370564995831	0	8	0.918582138069376	0.511014390209921	2675	10
208	9	-0.0377389759083987	0	8	0.918582138069376	0.511014390209921	2675	10
210	2	-0.405413087517794	0	8	0.918582138069376	0.511014390209921	2675	10
211	0	0.0224120332383547	0	8	0.918582138069376	0.511014390209921	2675	10
212	0	0.264765818079782	0	8	0.918582138069376	0.511014390209921	2675	10
213	2	-0.470983536003913	0	8	0.918582138069376	0.511014390209921	2675	10
214	4	-0.191714506887359	0	8	0.918582138069376	0.511014390209921	2675	10
215	5	0.25727723067684	0	8	0.918582138069376	0.511014390209921	2675	10
216	2	0.129144546198282	0	8	0.918582138069376	0.511014390209921	2675	10
217	2	-0.471680725775343	0	8	0.918582138069376	0.511014390209921	2675	10
218	0	-0.0207177668623747	0	8	0.918582138069376	0.511014390209921	2675	10
219	2	-0.235401256317667	0	8	0.918582138069376	0.511014390209921	2675	10
220	1	0.698109033984524	1	8	0.918582138069376	0.511014390209921	2675	10
221	2	-0.117799036798069	0	8	0.918582138069376	0.511014390209921	2675	10
223	2	-0.490162988846334	0	8	0.918582138069376	0.511014390209921	2675	10
224	2	-0.43323635834066	0	8	0.918582138069376	0.511014390209921	2675	10
225	0	0.35437522362211	0	8	0.918582138069376	0.511014390209921	2675	10
226	3	0.203671990340614	0	8	0.918582138069376	0.511014390209921	2675	10
229	2	-0.475021429308141	0	8	0.918582138069376	0.511014390209921	2675	10
230	0	0.215924661973946	0	8	0.918582138069376	0.511014390209921	2675	10
231	1	0.565579759770544	1	8	0.918582138069376	0.511014390209921	2675	10
238	0	0.39115682545112	0	8	0.918582138069376	0.511014390209921	2675	10
239	5	0.040771057670396	0	8	0.918582138069376	0.511014390209921	2675	10
240	1	0.583898574357833	1	8	0.918582138069376	0.511014390209921	2675	10
241	1	0.530653176667905	1	8	0.918582138069376	0.511014390209921	2675	10
242	6	-0.063440261227704	0	8	0.918582138069376	0.511014390209921	2675	10
246	1	0.662814762651694	1	8	0.918582138069376	0.511014390209921	2675	10
248	0	0.116181590972196	0	8	0.918582138069376	0.511014390209921	2675	10
249	2	-0.395180049579604	0	8	0.918582138069376	0.511014390209921	2675	10
257	6	0.0490161977034618	0	8	0.918582138069376	0.511014390209921	2675	10
259	0	-0.115952428326108	0	8	0.918582138069376	0.511014390209921	2675	10
262	0	0.227791625415137	0	8	0.918582138069376	0.511014390209921	2675	10
267	0	0.0444693560559295	0	8	0.918582138069376	0.511014390209921	2675	10
270	1	0.502041800208892	1	8	0.918582138069376	0.511014390209921	2675	10
271	5	0.49509657955908	0	8	0.918582138069376	0.511014390209921	2675	10
272	0	0.38170910455477	0	8	0.918582138069376	0.511014390209921	2675	10
273	0	-0.238175025042624	0	8	0.918582138069376	0.511014390209921	2675	10
274	2	-0.253795787806224	0	8	0.918582138069376	0.511014390209921	2675	10
275	2	-0.255530387324511	0	8	0.918582138069376	0.511014390209921	2675	10
284	0	0.226863858111007	0	8	0.918582138069376	0.511014390209921	2675	10
285	1	0.527322437509461	1	8	0.918582138069376	0.511014390209921	2675	10
286	1	0.552425826729431	1	8	0.918582138069376	0.511014390209921	2675	10
287	2	-0.346720942072597	0	8	0.918582138069376	0.511014390209921	2675	10
288	2	-0.217182468383661	0	8	0.918582138069376	0.511014390209921	2675	10
290	2	-0.353715857006093	0	8	0.918582138069376	0.511014390209921	2675	10
291	2	-0.219763688374023	0	8	0.918582138069376	0.511014390209921	2675	10
292	2	-0.239711234844399	0	8	0.918582138069376	0.511014390209921	2675	10
301	1	0.596068706106127	1	8	0.918582138069376	0.511014390209921	2675	10
302	1	0.722277492035315	1	8	0.918582138069376	0.511014390209921	2675	10
306	1	0.679802921336173	1	8	0.918582138069376	0.511014390209921	2675	10
307	1	0.398357551906265	1	8	0.918582138069376	0.511014390209921	2675	10
308	1	0.37120469784328	1	8	0.918582138069376	0.511014390209921	2675	10
309	0	0.326421638765486	0	8	0.918582138069376	0.511014390209921	2675	10
310	2	0.0910264814516855	0	8	0.918582138069376	0.511014390209921	2675	10
311	1	0.610387762190841	1	8	0.918582138069376	0.511014390209921	2675	10
312	0	0.20218977542239	0	8	0.918582138069376	0.511014390209921	2675	10
313	1	0.670242615824682	1	8	0.918582138069376	0.511014390209921	2675	10
314	6	-0.0346807304666679	0	8	0.918582138069376	0.511014390209921	2675	10
316	2	-0.341776527694325	0	8	0.918582138069376	0.511014390209921	2675	10
317	1	0.65232482403	1	8	0.918582138069376	0.511014390209921	2675	10
318	3	0.0573257724642823	0	8	0.918582138069376	0.511014390209921	2675	10
321	1	0.766587768101393	1	8	0.918582138069376	0.511014390209921	2675	10
322	3	0.172775375901621	0	8	0.918582138069376	0.511014390209921	2675	10
323	5	0.296911014431508	0	8	0.918582138069376	0.511014390209921	2675	10
324	0	0.276874208664421	0	8	0.918582138069376	0.511014390209921	2675	10
326	0	0.218958326153776	0	8	0.918582138069376	0.511014390209921	2675	10
327	2	-0.184058473295162	0	8	0.918582138069376	0.511014390209921	2675	10
328	3	0.348738564093763	0	8	0.918582138069376	0.511014390209921	2675	10
329	4	-0.0159118945860937	0	8	0.918582138069376	0.511014390209921	2675	10
330	1	0.58914223347214	1	8	0.918582138069376	0.511014390209921	2675	10
331	0	0.0533262029228434	0	8	0.918582138069376	0.511014390209921	2675	10
332	1	0.740880445358976	1	8	0.918582138069376	0.511014390209921	2675	10
333	8	-0.163453816828048	0	8	0.918582138069376	0.511014390209921	2675	10
334	2	-0.0890630383759737	0	8	0.918582138069376	0.511014390209921	2675	10
338	6	-0.0937468919977446	0	8	0.918582138069376	0.511014390209921	2675	10
341	1	0.555570972809921	1	8	0.918582138069376	0.511014390209921	2675	10
345	8	-0.180632426544743	0	8	0.918582138069376	0.511014390209921	2675	10
347	0	-0.183529162822885	0	8	0.918582138069376	0.511014390209921	2675	10
348	2	-0.531155818402231	0	8	0.918582138069376	0.511014390209921	2675	10
350	1	-0.624992036184726	1	8	0.918582138069376	0.511014390209921	2675	10
351	5	0.381868767605711	0	8	0.918582138069376	0.511014390209921	2675	10
353	3	0.149055902973565	0	8	0.918582138069376	0.511014390209921	2675	10
355	1	0.647168590844699	1	8	0.918582138069376	0.511014390209921	2675	10
356	1	0.632908017176418	1	8	0.918582138069376	0.511014390209921	2675	10
357	0	-0.0244282061358197	0	8	0.918582138069376	0.511014390209921	2675	10
359	0	0.121376624886365	0	8	0.918582138069376	0.511014390209921	2675	10
360	2	-0.15577860096731	0	8	0.918582138069376	0.511014390209921	2675	10
361	0	-0.0188858113585253	0	8	0.918582138069376	0.511014390209921	2675	10
362	6	-0.0432668934861354	0	8	0.918582138069376	0.511014390209921	2675	10
363	6	-0.0801253195923765	0	8	0.918582138069376	0.511014390209921	2675	10
366	0	0.30260000807746	0	8	0.918582138069376	0.511014390209921	2675	10
367	0	0.214327619333342	0	8	0.918582138069376	0.511014390209921	2675	10
369	2	-0.128980604388814	0	8	0.918582138069376	0.511014390209921	2675	10
372	4	0.0655605230052076	0	8	0.918582138069376	0.511014390209921	2675	10
373	4	-0.056752266846126	0	8	0.918582138069376	0.511014390209921	2675	10
377	0	0.193714191433776	0	8	0.918582138069376	0.511014390209921	2675	10
378	7	0.383714101182305	0	8	0.918582138069376	0.511014390209921	2675	10
379	0	0.0318852813848981	0	8	0.918582138069376	0.511014390209921	2675	10
381	3	0.294081679046993	0	8	0.918582138069376	0.511014390209921	2675	10
382	1	0.677298748555076	1	8	0.918582138069376	0.511014390209921	2675	10
384	2	-0.0712756678068859	0	8	0.918582138069376	0.511014390209921	2675	10
387	1	0.524138967559513	1	8	0.918582138069376	0.511014390209921	2675	10
388	0	0.240189466490607	0	8	0.918582138069376	0.511014390209921	2675	10
389	3	0.26069496685957	0	8	0.918582138069376	0.511014390209921	2675	10
390	1	0.663363272659117	1	8	0.918582138069376	0.511014390209921	2675	10
391	1	0.476923309881283	1	8	0.918582138069376	0.511014390209921	2675	10
392	5	0.646129211710526	0	8	0.918582138069376	0.511014390209921	2675	10
393	1	0.794785658900865	1	8	0.918582138069376	0.511014390209921	2675	10
394	4	-0.20661014546202	0	8	0.918582138069376	0.511014390209921	2675	10
395	6	0.0349353693600896	0	8	0.918582138069376	0.511014390209921	2675	10
396	0	0.402004330177397	0	8	0.918582138069376	0.511014390209921	2675	10
397	1	0.784225601749869	1	8	0.918582138069376	0.511014390209921	2675	10
399	1	0.725297377628184	1	8	0.918582138069376	0.511014390209921	2675	10
400	7	-0.181454544560375	0	8	0.918582138069376	0.511014390209921	2675	10
402	3	-0.12893555402481	0	8	0.918582138069376	0.511014390209921	2675	10
403	7	0.12616450765905	0	8	0.918582138069376	0.511014390209921	2675	10
405	1	0.603460833535575	1	8	0.918582138069376	0.511014390209921	2675	10
406	0	-0.0100200599773961	0	8	0.918582138069376	0.511014390209921	2675	10
407	6	0.066642546398295	0	8	0.918582138069376	0.511014390209921	2675	10
408	1	0.691220702467524	1	8	0.918582138069376	0.511014390209921	2675	10
409	1	0.713412111668076	1	8	0.918582138069376	0.511014390209921	2675	10
410	0	0.0930799036683428	0	8	0.918582138069376	0.511014390209921	2675	10
411	2	-0.123546339500005	0	8	0.918582138069376	0.511014390209921	2675	10
412	1	0.692369279741634	1	8	0.918582138069376	0.511014390209921	2675	10
414	0	0.14943838810448	0	8	0.918582138069376	0.511014390209921	2675	10
415	2	-0.408252982952705	0	8	0.918582138069376	0.511014390209921	2675	10
416	0	-0.284164585493925	0	8	0.918582138069376	0.511014390209921	2675	10
420	0	0.057300913364206	0	8	0.918582138069376	0.511014390209921	2675	10
421	5	0.32512488647879	0	8	0.918582138069376	0.511014390209921	2675	10
427	2	-0.156028771245361	0	8	0.918582138069376	0.511014390209921	2675	10
430	1	0.555922047638881	1	8	0.918582138069376	0.511014390209921	2675	10
433	0	0.28324065091761	0	8	0.918582138069376	0.511014390209921	2675	10
435	2	-0.472259556565225	0	8	0.918582138069376	0.511014390209921	2675	10
439	3	0.144219847660406	0	8	0.918582138069376	0.511014390209921	2675	10
440	1	0.636587606135208	1	8	0.918582138069376	0.511014390209921	2675	10
443	2	-0.44454025342057	0	8	0.918582138069376	0.511014390209921	2675	10
444	0	0.116993217410437	0	8	0.918582138069376	0.511014390209921	2675	10
445	2	-0.373830276604499	0	8	0.918582138069376	0.511014390209921	2675	10
462	4	-0.230565127125607	0	8	0.918582138069376	0.511014390209921	2675	10
463	1	0.592625025382513	1	8	0.918582138069376	0.511014390209921	2675	10
466	7	0.130614172312478	0	8	0.918582138069376	0.511014390209921	2675	10
467	0	-0.17419831090757	0	8	0.918582138069376	0.511014390209921	2675	10
471	3	0.0848869325663894	0	8	0.918582138069376	0.511014390209921	2675	10
472	0	0.41015527392055	0	8	0.918582138069376	0.511014390209921	2675	10
473	5	0.336469615787992	0	8	0.918582138069376	0.511014390209921	2675	10
475	3	-0.193533580112523	0	8	0.918582138069376	0.511014390209921	2675	10
476	2	-0.163692065201462	0	8	0.918582138069376	0.511014390209921	2675	10
477	8	-0.0353930800857499	0	8	0.918582138069376	0.511014390209921	2675	10
479	0	-0.0754047011221468	0	8	0.918582138069376	0.511014390209921	2675	10
481	2	-0.358397326381063	0	8	0.918582138069376	0.511014390209921	2675	10
482	5	-0.0620538429617698	0	8	0.918582138069376	0.511014390209921	2675	10
483	0	0.313287515032173	0	8	0.918582138069376	0.511014390209921	2675	10
487	5	0.153739271088985	0	8	0.918582138069376	0.511014390209921	2675	10
488	0	0.257657528847735	0	8	0.918582138069376	0.511014390209921	2675	10
489	1	0.76307386028669	1	8	0.918582138069376	0.511014390209921	2675	10
490	0	0.404888539983902	0	8	0.918582138069376	0.511014390209921	2675	10
491	6	0.012067151116925	0	8	0.918582138069376	0.511014390209921	2675	10
492	0	0.00741063385496356	0	8	0.918582138069376	0.511014390209921	2675	10
493	1	0.68367032054561	1	8	0.918582138069376	0.511014390209921	2675	10
498	2	-0.315133454854933	0	8	0.918582138069376	0.511014390209921	2675	10
501	2	-0.364067012033326	0	8	0.918582138069376	0.511014390209921	2675	10
506	2	-0.306442463304551	0	8	0.918582138069376	0.511014390209921	2675	10
509	3	-0.124751462241941	0	8	0.918582138069376	0.511014390209921	2675	10
513	3	-0.224844091632086	0	8	0.918582138069376	0.511014390209921	2675	10
515	7	-0.0994650546572691	0	8	0.918582138069376	0.511014390209921	2675	10
516	3	0.189432503865651	0	8	0.918582138069376	0.511014390209921	2675	10
517	3	0.0127309691039461	0	8	0.918582138069376	0.511014390209921	2675	10
518	2	-0.205351549058226	0	8	0.918582138069376	0.511014390209921	2675	10
521	3	0.064432342872352	0	8	0.918582138069376	0.511014390209921	2675	10
522	3	-0.113814512123359	0	8	0.918582138069376	0.511014390209921	2675	10
523	4	-0.220295675971664	0	8	0.918582138069376	0.511014390209921	2675	10
525	2	-0.235688622762004	0	8	0.918582138069376	0.511014390209921	2675	10
526	2	-0.486564282667148	0	8	0.918582138069376	0.511014390209921	2675	10
527	2	-0.217764341665815	0	8	0.918582138069376	0.511014390209921	2675	10
528	4	-0.296631109651742	0	8	0.918582138069376	0.511014390209921	2675	10
529	2	-0.0531206832650429	0	8	0.918582138069376	0.511014390209921	2675	10
533	3	0.109076046078967	0	8	0.918582138069376	0.511014390209921	2675	10
535	2	-0.24093850363649	0	8	0.918582138069376	0.511014390209921	2675	10
537	2	-0.281232801757112	0	8	0.918582138069376	0.511014390209921	2675	10
538	0	-0.217043197602017	0	8	0.918582138069376	0.511014390209921	2675	10
539	3	0.108617157133649	0	8	0.918582138069376	0.511014390209921	2675	10
540	2	-0.145762824585141	0	8	0.918582138069376	0.511014390209921	2675	10
545	0	0.304957687960163	0	8	0.918582138069376	0.511014390209921	2675	10
546	0	0.322966096108234	0	8	0.918582138069376	0.511014390209921	2675	10
547	8	-0.0788457106540297	0	8	0.918582138069376	0.511014390209921	2675	10
549	2	-0.340535744377467	0	8	0.918582138069376	0.511014390209921	2675	10
550	3	0.288226600444783	0	8	0.918582138069376	0.511014390209921	2675	10
552	6	0.0920782106804495	0	8	0.918582138069376	0.511014390209921	2675	10
553	0	0.0252963707477775	0	8	0.918582138069376	0.511014390209921	2675	10
554	0	-0.00471319300898311	0	8	0.918582138069376	0.511014390209921	2675	10
558	1	0.744537053457357	1	8	0.918582138069376	0.511014390209921	2675	10
563	2	-0.485422413262552	0	8	0.918582138069376	0.511014390209921	2675	10
567	1	0.632719144042634	1	8	0.918582138069376	0.511014390209921	2675	10
572	3	0.208852317286965	0	8	0.918582138069376	0.511014390209921	2675	10
573	3	-0.0355759575490733	0	8	0.918582138069376	0.511014390209921	2675	10
575	5	0.314954632374792	0	8	0.918582138069376	0.511014390209921	2675	10
576	1	0.590134540068119	1	8	0.918582138069376	0.511014390209921	2675	10
577	0	0.197612210795574	0	8	0.918582138069376	0.511014390209921	2675	10
580	0	0.314846559841472	0	8	0.918582138069376	0.511014390209921	2675	10
581	3	0.56273952912077	0	8	0.918582138069376	0.511014390209921	2675	10
582	2	-0.199896025817403	0	8	0.918582138069376	0.511014390209921	2675	10
585	0	0.0689470247058175	0	8	0.918582138069376	0.511014390209921	2675	10
586	1	0.683697842516103	1	8	0.918582138069376	0.511014390209921	2675	10
587	6	-0.0462103841799093	0	8	0.918582138069376	0.511014390209921	2675	10
590	4	-0.134343444669319	0	8	0.918582138069376	0.511014390209921	2675	10
593	2	-0.0738943831527236	0	8	0.918582138069376	0.511014390209921	2675	10
594	2	-0.267925201444131	0	8	0.918582138069376	0.511014390209921	2675	10
595	2	-0.149300888936472	0	8	0.918582138069376	0.511014390209921	2675	10
596	1	0.559688465228859	1	8	0.918582138069376	0.511014390209921	2675	10
597	1	0.558575538665502	1	8	0.918582138069376	0.511014390209921	2675	10
598	3	-0.0495600771478776	0	8	0.918582138069376	0.511014390209921	2675	10
599	2	-0.165696751095533	0	8	0.918582138069376	0.511014390209921	2675	10
604	1	0.5010817745947	1	8	0.918582138069376	0.511014390209921	2675	10
605	0	-0.0816097156872704	0	8	0.918582138069376	0.511014390209921	2675	10
608	0	0.371066699283097	0	8	0.918582138069376	0.511014390209921	2675	10
610	6	0.0110361055892024	0	8	0.918582138069376	0.511014390209921	2675	10
613	9	-0.0821608096284987	0	8	0.918582138069376	0.511014390209921	2675	10
617	3	0.198938188668054	0	8	0.918582138069376	0.511014390209921	2675	10
622	2	-0.135566519301995	0	8	0.918582138069376	0.511014390209921	2675	10
623	6	-0.0437965162415129	0	8	0.918582138069376	0.511014390209921	2675	10
624	0	0.148152009434487	0	8	0.918582138069376	0.511014390209921	2675	10
627	0	-0.182467449977381	0	8	0.918582138069376	0.511014390209921	2675	10
629	0	-0.0832309197797211	0	8	0.918582138069376	0.511014390209921	2675	10
631	1	0.367293825923595	1	8	0.918582138069376	0.511014390209921	2675	10
633	1	0.536918437319727	1	8	0.918582138069376	0.511014390209921	2675	10
634	8	-0.100097353278329	0	8	0.918582138069376	0.511014390209921	2675	10
635	2	-0.500172878286525	0	8	0.918582138069376	0.511014390209921	2675	10
636	1	0.614577981640426	1	8	0.918582138069376	0.511014390209921	2675	10
637	1	0.644228691595666	1	8	0.918582138069376	0.511014390209921	2675	10
638	3	0.0969034440416488	0	8	0.918582138069376	0.511014390209921	2675	10
639	1	0.595319055723841	1	8	0.918582138069376	0.511014390209921	2675	10
640	1	0.709306534411266	1	8	0.918582138069376	0.511014390209921	2675	10
641	1	0.852928175641289	1	8	0.918582138069376	0.511014390209921	2675	10
642	0	-0.0865162565951033	0	8	0.918582138069376	0.511014390209921	2675	10
643	1	0.672078270155255	1	8	0.918582138069376	0.511014390209921	2675	10
644	3	0.294675791921414	0	8	0.918582138069376	0.511014390209921	2675	10
645	3	-0.179116764002074	0	8	0.918582138069376	0.511014390209921	2675	10
649	1	0.741399749775197	1	8	0.918582138069376	0.511014390209921	2675	10
650	0	0.199076953441577	0	8	0.918582138069376	0.511014390209921	2675	10
652	1	0.61656895360285	1	8	0.918582138069376	0.511014390209921	2675	10
653	0	-0.00874353421423613	0	8	0.918582138069376	0.511014390209921	2675	10
654	0	0.404219938127519	0	8	0.918582138069376	0.511014390209921	2675	10
655	6	-0.0598247701378952	0	8	0.918582138069376	0.511014390209921	2675	10
656	0	0.397987283101443	0	8	0.918582138069376	0.511014390209921	2675	10
657	0	0.239944854023467	0	8	0.918582138069376	0.511014390209921	2675	10
658	6	0.068524860270188	0	8	0.918582138069376	0.511014390209921	2675	10
659	1	0.593854412258928	1	8	0.918582138069376	0.511014390209921	2675	10
660	0	-0.197748170939634	0	8	0.918582138069376	0.511014390209921	2675	10
661	0	0.330473573827037	0	8	0.918582138069376	0.511014390209921	2675	10
662	3	0.148660367443089	0	8	0.918582138069376	0.511014390209921	2675	10
663	1	0.528746027290346	1	8	0.918582138069376	0.511014390209921	2675	10
664	2	-0.321505452700672	0	8	0.918582138069376	0.511014390209921	2675	10
665	2	-0.019270421583996	0	8	0.918582138069376	0.511014390209921	2675	10
669	0	0.0772716800405097	0	8	0.918582138069376	0.511014390209921	2675	10
670	2	-0.285076475810392	0	8	0.918582138069376	0.511014390209921	2675	10
672	1	0.568390348514826	1	8	0.918582138069376	0.511014390209921	2675	10
675	1	0.618569546577246	1	8	0.918582138069376	0.511014390209921	2675	10
677	0	0.354873805824032	0	8	0.918582138069376	0.511014390209921	2675	10
678	1	0.22202470513503	1	8	0.918582138069376	0.511014390209921	2675	10
682	2	-0.184991443121797	0	8	0.918582138069376	0.511014390209921	2675	10
683	8	-0.0727193460917936	0	8	0.918582138069376	0.511014390209921	2675	10
684	1	0.48850978980487	1	8	0.918582138069376	0.511014390209921	2675	10
685	0	-0.0601673906576952	0	8	0.918582138069376	0.511014390209921	2675	10
686	2	-0.520712806998879	0	8	0.918582138069376	0.511014390209921	2675	10
687	6	-0.0795611105447903	0	8	0.918582138069376	0.511014390209921	2675	10
688	0	0.292557432784569	0	8	0.918582138069376	0.511014390209921	2675	10
689	7	0.557752495029405	0	8	0.918582138069376	0.511014390209921	2675	10
694	1	0.560559003410426	1	8	0.918582138069376	0.511014390209921	2675	10
695	1	0.678938168037495	1	8	0.918582138069376	0.511014390209921	2675	10
699	1	0.771807816479188	1	8	0.918582138069376	0.511014390209921	2675	10
705	3	0.508116286207868	0	8	0.918582138069376	0.511014390209921	2675	10
706	1	0.423210541365339	1	8	0.918582138069376	0.511014390209921	2675	10
708	2	-0.103062751342526	0	8	0.918582138069376	0.511014390209921	2675	10
710	1	0.601023264978936	1	8	0.918582138069376	0.511014390209921	2675	10
712	1	0.754414506196287	1	8	0.918582138069376	0.511014390209921	2675	10
713	1	0.764332849503115	1	8	0.918582138069376	0.511014390209921	2675	10
715	1	0.629077300451041	1	8	0.918582138069376	0.511014390209921	2675	10
716	1	0.711720474563044	1	8	0.918582138069376	0.511014390209921	2675	10
718	1	0.628565429835918	1	8	0.918582138069376	0.511014390209921	2675	10
719	1	0.75437712010586	1	8	0.918582138069376	0.511014390209921	2675	10
726	6	0.0198002454156474	0	8	0.918582138069376	0.511014390209921	2675	10
727	4	-0.248863882531537	0	8	0.918582138069376	0.511014390209921	2675	10
728	1	0.466862853403599	1	8	0.918582138069376	0.511014390209921	2675	10
729	1	0.526718663989648	1	8	0.918582138069376	0.511014390209921	2675	10
730	1	0.643269788828494	1	8	0.918582138069376	0.511014390209921	2675	10
733	0	0.140649639461404	0	8	0.918582138069376	0.511014390209921	2675	10
734	6	-0.0119170613155149	0	8	0.918582138069376	0.511014390209921	2675	10
738	3	0.182948460122466	0	8	0.918582138069376	0.511014390209921	2675	10
740	2	-0.348833674830943	0	8	0.918582138069376	0.511014390209921	2675	10
741	3	0.166028667043753	0	8	0.918582138069376	0.511014390209921	2675	10
744	6	-0.00667693367747389	0	8	0.918582138069376	0.511014390209921	2675	10
745	1	0.528541373998505	1	8	0.918582138069376	0.511014390209921	2675	10
747	5	0.0914361438249188	0	8	0.918582138069376	0.511014390209921	2675	10
752	1	0.725415553038181	1	8	0.918582138069376	0.511014390209921	2675	10
753	1	0.723360194386499	1	8	0.918582138069376	0.511014390209921	2675	10
754	10	0.527003129436707	0	8	0.918582138069376	0.511014390209921	2675	10
755	5	0.177856548236411	0	8	0.918582138069376	0.511014390209921	2675	10
757	7	0.341953596520664	0	8	0.918582138069376	0.511014390209921	2675	10
759	0	0.119491581384862	0	8	0.918582138069376	0.511014390209921	2675	10
760	2	-0.438793946672812	0	8	0.918582138069376	0.511014390209921	2675	10
761	0	0.27135588065732	0	8	0.918582138069376	0.511014390209921	2675	10
762	2	-0.282118605630261	0	8	0.918582138069376	0.511014390209921	2675	10
767	6	-0.084981750177583	0	8	0.918582138069376	0.511014390209921	2675	10
770	3	0.20604737855163	0	8	0.918582138069376	0.511014390209921	2675	10
771	2	-0.364696742827923	0	8	0.918582138069376	0.511014390209921	2675	10
775	1	0.705010054635134	1	8	0.918582138069376	0.511014390209921	2675	10
776	0	0.0729632676664908	0	8	0.918582138069376	0.511014390209921	2675	10
777	6	-0.218660137505702	0	8	0.918582138069376	0.511014390209921	2675	10
779	0	-0.00594400200774588	0	8	0.918582138069376	0.511014390209921	2675	10
781	6	-0.197028067356686	0	8	0.918582138069376	0.511014390209921	2675	10
782	1	0.442134560563844	1	8	0.918582138069376	0.511014390209921	2675	10
783	6	-0.189764143311146	0	8	0.918582138069376	0.511014390209921	2675	10
784	1	0.596156541136325	1	8	0.918582138069376	0.511014390209921	2675	10
785	6	-0.235553926090008	0	8	0.918582138069376	0.511014390209921	2675	10
788	2	-0.0350560379246237	0	8	0.918582138069376	0.511014390209921	2675	10
790	1	0.605660953538007	1	8	0.918582138069376	0.511014390209921	2675	10
793	2	-0.349810532974135	0	8	0.918582138069376	0.511014390209921	2675	10
796	6	0.0561738813293347	0	8	0.918582138069376	0.511014390209921	2675	10
799	6	-0.193415508814472	0	8	0.918582138069376	0.511014390209921	2675	10
800	1	0.435518241670819	1	8	0.918582138069376	0.511014390209921	2675	10
810	2	-0.156954759987479	0	8	0.918582138069376	0.511014390209921	2675	10
811	1	0.46924146760001	1	8	0.918582138069376	0.511014390209921	2675	10
813	1	0.588755157046543	1	8	0.918582138069376	0.511014390209921	2675	10
814	1	0.670811737664119	1	8	0.918582138069376	0.511014390209921	2675	10
815	6	-0.172757857478044	0	8	0.918582138069376	0.511014390209921	2675	10
816	6	-0.0626400355515389	0	8	0.918582138069376	0.511014390209921	2675	10
818	2	-0.240367840612937	0	8	0.918582138069376	0.511014390209921	2675	10
819	0	0.285968462086383	0	8	0.918582138069376	0.511014390209921	2675	10
821	2	0.0295013138902432	0	8	0.918582138069376	0.511014390209921	2675	10
822	1	0.602873362074849	1	8	0.918582138069376	0.511014390209921	2675	10
823	1	0.652003273300196	1	8	0.918582138069376	0.511014390209921	2675	10
824	1	0.57613265801049	1	8	0.918582138069376	0.511014390209921	2675	10
825	2	-0.0864471138117688	0	8	0.918582138069376	0.511014390209921	2675	10
826	3	0.311406164934886	0	8	0.918582138069376	0.511014390209921	2675	10
827	1	0.637496830755778	1	8	0.918582138069376	0.511014390209921	2675	10
830	7	-0.109994560972013	0	8	0.918582138069376	0.511014390209921	2675	10
831	1	0.495679281516409	1	8	0.918582138069376	0.511014390209921	2675	10
832	3	0.515892769295709	0	8	0.918582138069376	0.511014390209921	2675	10
833	0	0.407630668029792	0	8	0.918582138069376	0.511014390209921	2675	10
834	1	0.855481593866175	1	8	0.918582138069376	0.511014390209921	2675	10
835	1	0.69584774508386	1	8	0.918582138069376	0.511014390209921	2675	10
836	1	0.61157274904826	1	8	0.918582138069376	0.511014390209921	2675	10
837	1	0.723311758246182	1	8	0.918582138069376	0.511014390209921	2675	10
839	3	0.451541160095938	0	8	0.918582138069376	0.511014390209921	2675	10
840	0	0.284874256663547	0	8	0.918582138069376	0.511014390209921	2675	10
841	1	0.789646232178386	1	8	0.918582138069376	0.511014390209921	2675	10
842	0	-0.166876100347401	0	8	0.918582138069376	0.511014390209921	2675	10
843	1	0.664036570251657	1	8	0.918582138069376	0.511014390209921	2675	10
844	0	0.368349370274672	0	8	0.918582138069376	0.511014390209921	2675	10
845	6	0.107099059081262	0	8	0.918582138069376	0.511014390209921	2675	10
846	5	0.253913073099408	0	8	0.918582138069376	0.511014390209921	2675	10
847	2	-0.33422481400575	0	8	0.918582138069376	0.511014390209921	2675	10
857	1	0.44652966639773	1	8	0.918582138069376	0.511014390209921	2675	10
858	0	0.338107889568814	0	8	0.918582138069376	0.511014390209921	2675	10
860	1	0.786572952244263	1	8	0.918582138069376	0.511014390209921	2675	10
862	1	0.770830504840007	1	8	0.918582138069376	0.511014390209921	2675	10
863	1	0.805082667679048	1	8	0.918582138069376	0.511014390209921	2675	10
864	1	0.766578547276088	1	8	0.918582138069376	0.511014390209921	2675	10
865	1	0.708800114445993	1	8	0.918582138069376	0.511014390209921	2675	10
866	2	-0.426739142769507	0	8	0.918582138069376	0.511014390209921	2675	10
867	1	0.738378721792343	1	8	0.918582138069376	0.511014390209921	2675	10
868	0	0.372189632101955	0	8	0.918582138069376	0.511014390209921	2675	10
871	1	0.6217580072322	1	8	0.918582138069376	0.511014390209921	2675	10
873	3	-0.111741580941695	0	8	0.918582138069376	0.511014390209921	2675	10
874	1	0.462626215654215	1	8	0.918582138069376	0.511014390209921	2675	10
883	8	-0.276942210605278	0	8	0.918582138069376	0.511014390209921	2675	10
889	4	-0.205588246136696	0	8	0.918582138069376	0.511014390209921	2675	10
890	1	0.711350175621947	1	8	0.918582138069376	0.511014390209921	2675	10
891	1	0.522538108999538	1	8	0.918582138069376	0.511014390209921	2675	10
892	2	-0.190734772866661	0	8	0.918582138069376	0.511014390209921	2675	10
894	1	0.759471293655144	1	8	0.918582138069376	0.511014390209921	2675	10
896	10	0.669758262724493	0	8	0.918582138069376	0.511014390209921	2675	10
899	1	0.56354350000659	1	8	0.918582138069376	0.511014390209921	2675	10
900	2	-0.291625681585326	0	8	0.918582138069376	0.511014390209921	2675	10
901	0	0.226250774288783	0	8	0.918582138069376	0.511014390209921	2675	10
902	2	-0.267722258602752	0	8	0.918582138069376	0.511014390209921	2675	10
904	0	0.236175314587141	0	8	0.918582138069376	0.511014390209921	2675	10
905	1	0.43117602495291	1	8	0.918582138069376	0.511014390209921	2675	10
908	7	-0.0918834550199758	0	8	0.918582138069376	0.511014390209921	2675	10
911	1	0.60467393773103	1	8	0.918582138069376	0.511014390209921	2675	10
912	1	0.69315787632169	1	8	0.918582138069376	0.511014390209921	2675	10
913	1	0.652887088189553	1	8	0.918582138069376	0.511014390209921	2675	10
914	1	0.70982406749043	1	8	0.918582138069376	0.511014390209921	2675	10
915	1	0.830260795935651	1	8	0.918582138069376	0.511014390209921	2675	10
916	1	0.654312027001017	1	8	0.918582138069376	0.511014390209921	2675	10
917	1	0.650331457912904	1	8	0.918582138069376	0.511014390209921	2675	10
919	1	0.723493710218839	1	8	0.918582138069376	0.511014390209921	2675	10
920	1	0.688161831090287	1	8	0.918582138069376	0.511014390209921	2675	10
921	1	0.789903491803992	1	8	0.918582138069376	0.511014390209921	2675	10
922	0	0.356661322807438	0	8	0.918582138069376	0.511014390209921	2675	10
923	1	0.788169887970723	1	8	0.918582138069376	0.511014390209921	2675	10
924	1	0.589299980454302	1	8	0.918582138069376	0.511014390209921	2675	10
925	1	0.834860836874824	1	8	0.918582138069376	0.511014390209921	2675	10
929	1	0.610213792194231	1	8	0.918582138069376	0.511014390209921	2675	10
930	1	0.660396572450637	1	8	0.918582138069376	0.511014390209921	2675	10
931	1	0.529265578880402	1	8	0.918582138069376	0.511014390209921	2675	10
933	1	0.682946171365754	1	8	0.918582138069376	0.511014390209921	2675	10
939	1	0.771047636144455	1	8	0.918582138069376	0.511014390209921	2675	10
940	1	0.747871458899776	1	8	0.918582138069376	0.511014390209921	2675	10
941	1	0.750848737258737	1	8	0.918582138069376	0.511014390209921	2675	10
942	1	0.765950088986396	1	8	0.918582138069376	0.511014390209921	2675	10
943	0	0.369911493553582	0	8	0.918582138069376	0.511014390209921	2675	10
944	1	0.685210507958811	1	8	0.918582138069376	0.511014390209921	2675	10
945	1	0.781674057091983	1	8	0.918582138069376	0.511014390209921	2675	10
946	1	0.735660946182753	1	8	0.918582138069376	0.511014390209921	2675	10
947	0	-0.0169831568935193	0	8	0.918582138069376	0.511014390209921	2675	10
948	1	0.532940878202337	1	8	0.918582138069376	0.511014390209921	2675	10
949	1	0.581432255757842	1	8	0.918582138069376	0.511014390209921	2675	10
950	1	0.478714840548914	1	8	0.918582138069376	0.511014390209921	2675	10
951	1	0.711362334494844	1	8	0.918582138069376	0.511014390209921	2675	10
952	1	0.619608811349968	1	8	0.918582138069376	0.511014390209921	2675	10
953	1	0.62532159066495	1	8	0.918582138069376	0.511014390209921	2675	10
954	6	-0.0224384794111049	0	8	0.918582138069376	0.511014390209921	2675	10
955	0	0.333565408952547	0	8	0.918582138069376	0.511014390209921	2675	10
956	6	0.066985123706945	0	8	0.918582138069376	0.511014390209921	2675	10
957	2	-0.341974367167676	0	8	0.918582138069376	0.511014390209921	2675	10
958	1	0.604055526761266	1	8	0.918582138069376	0.511014390209921	2675	10
959	1	0.523471193236047	1	8	0.918582138069376	0.511014390209921	2675	10
960	1	0.780795271296472	1	8	0.918582138069376	0.511014390209921	2675	10
961	1	0.540903367522432	1	8	0.918582138069376	0.511014390209921	2675	10
962	1	0.82185914830283	1	8	0.918582138069376	0.511014390209921	2675	10
963	1	0.714131530961521	1	8	0.918582138069376	0.511014390209921	2675	10
965	0	0.198106040906649	0	8	0.918582138069376	0.511014390209921	2675	10
967	3	0.464807925353195	0	8	0.918582138069376	0.511014390209921	2675	10
969	0	0.325983808814608	0	8	0.918582138069376	0.511014390209921	2675	10
970	1	0.728896097080896	1	8	0.918582138069376	0.511014390209921	2675	10
971	1	0.684375450493786	1	8	0.918582138069376	0.511014390209921	2675	10
972	1	0.629042070224878	1	8	0.918582138069376	0.511014390209921	2675	10
973	1	0.749030042940398	1	8	0.918582138069376	0.511014390209921	2675	10
974	1	0.742579359702884	1	8	0.918582138069376	0.511014390209921	2675	10
975	10	0.557701286141844	0	8	0.918582138069376	0.511014390209921	2675	10
976	1	0.663220201917364	1	8	0.918582138069376	0.511014390209921	2675	10
977	3	0.536938924873695	0	8	0.918582138069376	0.511014390209921	2675	10
978	0	-0.0704593420813102	0	8	0.918582138069376	0.511014390209921	2675	10
983	0	0.289402930408218	0	8	0.918582138069376	0.511014390209921	2675	10
987	0	0.141890727171998	0	8	0.918582138069376	0.511014390209921	2675	10
988	1	0.5439247316413	1	8	0.918582138069376	0.511014390209921	2675	10
989	4	0.475829670491627	0	8	0.918582138069376	0.511014390209921	2675	10
990	1	0.692799485345428	1	8	0.918582138069376	0.511014390209921	2675	10
991	1	0.652603211967633	1	8	0.918582138069376	0.511014390209921	2675	10
993	0	0.283614979915569	0	8	0.918582138069376	0.511014390209921	2675	10
994	1	0.625830580278661	1	8	0.918582138069376	0.511014390209921	2675	10
996	1	0.340720495538679	1	8	0.918582138069376	0.511014390209921	2675	10
997	3	-0.00330731984945021	0	8	0.918582138069376	0.511014390209921	2675	10
998	1	0.679615360099999	1	8	0.918582138069376	0.511014390209921	2675	10
999	5	0.273623090375082	0	8	0.918582138069376	0.511014390209921	2675	10
1000	2	-0.237501248337439	0	8	0.918582138069376	0.511014390209921	2675	10
1001	1	0.674478266744889	1	8	0.918582138069376	0.511014390209921	2675	10
1002	5	0.32067616512492	0	8	0.918582138069376	0.511014390209921	2675	10
1003	0	0.162699076535931	0	8	0.918582138069376	0.511014390209921	2675	10
1004	1	0.462297617265648	1	8	0.918582138069376	0.511014390209921	2675	10
1007	2	-0.246265198071399	0	8	0.918582138069376	0.511014390209921	2675	10
1009	1	0.800722273331628	1	8	0.918582138069376	0.511014390209921	2675	10
1012	0	0.117772938308307	0	8	0.918582138069376	0.511014390209921	2675	10
1013	0	-0.0506941268945167	0	8	0.918582138069376	0.511014390209921	2675	10
1014	2	-0.166462145312043	0	8	0.918582138069376	0.511014390209921	2675	10
1017	1	0.60594316310547	1	8	0.918582138069376	0.511014390209921	2675	10
1019	3	0.385188746800109	0	8	0.918582138069376	0.511014390209921	2675	10
1020	3	-0.0168497179197065	0	8	0.918582138069376	0.511014390209921	2675	10
1021	1	0.603612708300021	1	8	0.918582138069376	0.511014390209921	2675	10
1022	7	-0.00431626155512705	0	8	0.918582138069376	0.511014390209921	2675	10
1024	4	0.00789516436768176	0	8	0.918582138069376	0.511014390209921	2675	10
1026	1	0.471381960130204	1	8	0.918582138069376	0.511014390209921	2675	10
1027	0	0.150343894374004	0	8	0.918582138069376	0.511014390209921	2675	10
1028	8	-0.227738069520282	0	8	0.918582138069376	0.511014390209921	2675	10
1030	1	0.631382666537188	1	8	0.918582138069376	0.511014390209921	2675	10
1031	0	0.0988942138421114	0	8	0.918582138069376	0.511014390209921	2675	10
1032	1	0.503926190643956	1	8	0.918582138069376	0.511014390209921	2675	10
1036	0	0.234761544417994	0	8	0.918582138069376	0.511014390209921	2675	10
1038	6	-0.0940763550821112	0	8	0.918582138069376	0.511014390209921	2675	10
1040	0	0.163248570269426	0	8	0.918582138069376	0.511014390209921	2675	10
1043	1	0.744626877987668	1	8	0.918582138069376	0.511014390209921	2675	10
1050	1	0.348163725367749	1	8	0.918582138069376	0.511014390209921	2675	10
1051	0	0.390987176829498	0	8	0.918582138069376	0.511014390209921	2675	10
1052	0	0.118927968950944	0	8	0.918582138069376	0.511014390209921	2675	10
1054	7	0.015125055408455	0	8	0.918582138069376	0.511014390209921	2675	10
1056	8	-0.123751879356	0	8	0.918582138069376	0.511014390209921	2675	10
1059	3	0.457932228018398	0	8	0.918582138069376	0.511014390209921	2675	10
1060	4	-0.0733662337459203	0	8	0.918582138069376	0.511014390209921	2675	10
1063	1	0.427971312015907	1	8	0.918582138069376	0.511014390209921	2675	10
1069	7	-0.14995794795223	0	8	0.918582138069376	0.511014390209921	2675	10
1070	7	-0.157445914957284	0	8	0.918582138069376	0.511014390209921	2675	10
1071	0	0.236126499671617	0	8	0.918582138069376	0.511014390209921	2675	10
1075	1	0.175023497315284	1	8	0.918582138069376	0.511014390209921	2675	10
1080	1	0.444049618412534	1	8	0.918582138069376	0.511014390209921	2675	10
1089	1	0.582044850322813	1	8	0.918582138069376	0.511014390209921	2675	10
1101	6	-0.0579471865762929	0	8	0.918582138069376	0.511014390209921	2675	10
1102	0	0.394403680231765	0	8	0.918582138069376	0.511014390209921	2675	10
1105	4	0.271917295862526	0	8	0.918582138069376	0.511014390209921	2675	10
1107	1	0.451821878481337	1	8	0.918582138069376	0.511014390209921	2675	10
1108	1	0.606816823112854	1	8	0.918582138069376	0.511014390209921	2675	10
1111	7	0.341450562696058	0	8	0.918582138069376	0.511014390209921	2675	10
1112	1	0.576310258184266	1	8	0.918582138069376	0.511014390209921	2675	10
1113	5	0.106960613846784	0	8	0.918582138069376	0.511014390209921	2675	10
1114	0	-0.0868090707105109	0	8	0.918582138069376	0.511014390209921	2675	10
1116	8	-0.235034376308442	0	8	0.918582138069376	0.511014390209921	2675	10
1117	1	0.592064925748373	1	8	0.918582138069376	0.511014390209921	2675	10
1118	1	0.491510814193811	1	8	0.918582138069376	0.511014390209921	2675	10
1119	4	0.0238852154422654	0	8	0.918582138069376	0.511014390209921	2675	10
1121	0	-0.0787324890136381	0	8	0.918582138069376	0.511014390209921	2675	10
1122	0	0.257961281232128	0	8	0.918582138069376	0.511014390209921	2675	10
1123	1	0.426440052816509	1	8	0.918582138069376	0.511014390209921	2675	10
1124	0	0.315103306117112	0	8	0.918582138069376	0.511014390209921	2675	10
1130	1	0.557012543430529	1	8	0.918582138069376	0.511014390209921	2675	10
1131	0	-0.17447557891749	0	8	0.918582138069376	0.511014390209921	2675	10
1133	6	-0.0023117130771277	0	8	0.918582138069376	0.511014390209921	2675	10
1137	6	-0.108230958032062	0	8	0.918582138069376	0.511014390209921	2675	10
1140	0	0.35044032398158	0	8	0.918582138069376	0.511014390209921	2675	10
1141	1	0.605829864036789	1	8	0.918582138069376	0.511014390209921	2675	10
1143	6	0.0845625833114772	0	8	0.918582138069376	0.511014390209921	2675	10
1145	6	0.106002732443052	0	8	0.918582138069376	0.511014390209921	2675	10
1146	1	0.437829565753363	1	8	0.918582138069376	0.511014390209921	2675	10
1147	4	-0.230659976076408	0	8	0.918582138069376	0.511014390209921	2675	10
1149	0	0.222493463316317	0	8	0.918582138069376	0.511014390209921	2675	10
1152	2	-0.0487192502107514	0	8	0.918582138069376	0.511014390209921	2675	10
1153	3	0.36330357931301	0	8	0.918582138069376	0.511014390209921	2675	10
1154	2	0.00715853202593402	0	8	0.918582138069376	0.511014390209921	2675	10
1155	3	0.474860421039123	0	8	0.918582138069376	0.511014390209921	2675	10
1158	0	0.117023920977166	0	8	0.918582138069376	0.511014390209921	2675	10
1160	4	-0.244213487203112	0	8	0.918582138069376	0.511014390209921	2675	10
1161	7	-0.219727466317721	0	8	0.918582138069376	0.511014390209921	2675	10
1164	3	0.38547139445282	0	8	0.918582138069376	0.511014390209921	2675	10
1173	3	0.357953244813877	0	8	0.918582138069376	0.511014390209921	2675	10
1174	3	0.0413131887481061	0	8	0.918582138069376	0.511014390209921	2675	10
1175	3	0.289796325802822	0	8	0.918582138069376	0.511014390209921	2675	10
1178	1	0.704872575096742	1	8	0.918582138069376	0.511014390209921	2675	10
1181	5	-0.10300928864491	0	8	0.918582138069376	0.511014390209921	2675	10
1182	1	0.40886658182963	1	8	0.918582138069376	0.511014390209921	2675	10
1183	6	-0.185153873390723	0	8	0.918582138069376	0.511014390209921	2675	10
1184	2	-0.41607663783582	0	8	0.918582138069376	0.511014390209921	2675	10
1186	5	0.000491843252171345	0	8	0.918582138069376	0.511014390209921	2675	10
1188	2	-0.183830252582492	0	8	0.918582138069376	0.511014390209921	2675	10
1191	1	0.531866497961933	1	8	0.918582138069376	0.511014390209921	2675	10
1193	1	0.631290737562327	1	8	0.918582138069376	0.511014390209921	2675	10
1195	0	0.27738161341505	0	8	0.918582138069376	0.511014390209921	2675	10
1196	1	0.594931324565618	1	8	0.918582138069376	0.511014390209921	2675	10
1198	10	0.435051508147432	0	8	0.918582138069376	0.511014390209921	2675	10
1200	0	-0.0422120941705179	0	8	0.918582138069376	0.511014390209921	2675	10
1201	3	0.35516708127932	0	8	0.918582138069376	0.511014390209921	2675	10
1203	0	-0.224761986278663	0	8	0.918582138069376	0.511014390209921	2675	10
1207	3	0.383905833898954	0	8	0.918582138069376	0.511014390209921	2675	10
1209	2	-0.218163155499572	0	8	0.918582138069376	0.511014390209921	2675	10
1211	3	0.396338622312665	0	8	0.918582138069376	0.511014390209921	2675	10
1212	3	0.0945174767543218	0	8	0.918582138069376	0.511014390209921	2675	10
1213	0	0.139283829372211	0	8	0.918582138069376	0.511014390209921	2675	10
1215	0	0.0762920302153733	0	8	0.918582138069376	0.511014390209921	2675	10
1230	0	0.328302162361163	0	8	0.918582138069376	0.511014390209921	2675	10
1233	1	0.708485812301071	1	8	0.918582138069376	0.511014390209921	2675	10
1234	1	0.745360974611461	1	8	0.918582138069376	0.511014390209921	2675	10
1235	1	0.734774652339181	1	8	0.918582138069376	0.511014390209921	2675	10
1236	1	0.660008310429872	1	8	0.918582138069376	0.511014390209921	2675	10
1238	5	0.398242367973077	0	8	0.918582138069376	0.511014390209921	2675	10
1240	1	0.766600446636931	1	8	0.918582138069376	0.511014390209921	2675	10
1241	1	0.681086278905945	1	8	0.918582138069376	0.511014390209921	2675	10
1244	2	-0.385558309579871	0	8	0.918582138069376	0.511014390209921	2675	10
1259	0	0.136534642860956	0	8	0.918582138069376	0.511014390209921	2675	10
1263	1	0.573052984588718	1	8	0.918582138069376	0.511014390209921	2675	10
1264	0	0.182398373213655	0	8	0.918582138069376	0.511014390209921	2675	10
1265	1	0.788680012330726	1	8	0.918582138069376	0.511014390209921	2675	10
1266	0	0.301401145306492	0	8	0.918582138069376	0.511014390209921	2675	10
1267	1	0.431754681110376	1	8	0.918582138069376	0.511014390209921	2675	10
1268	1	0.640446105788439	1	8	0.918582138069376	0.511014390209921	2675	10
1269	1	0.569258695377635	1	8	0.918582138069376	0.511014390209921	2675	10
1271	0	0.308443409324346	0	8	0.918582138069376	0.511014390209921	2675	10
1272	0	0.223345690730216	0	8	0.918582138069376	0.511014390209921	2675	10
1277	1	0.729808964198427	1	8	0.918582138069376	0.511014390209921	2675	10
1278	1	0.831882972282454	1	8	0.918582138069376	0.511014390209921	2675	10
1282	1	0.677215146537128	1	8	0.918582138069376	0.511014390209921	2675	10
1284	1	0.615445220706716	1	8	0.918582138069376	0.511014390209921	2675	10
1285	0	0.0260418553560166	0	8	0.918582138069376	0.511014390209921	2675	10
1286	1	0.520948857286921	1	8	0.918582138069376	0.511014390209921	2675	10
1287	0	0.212747645757816	0	8	0.918582138069376	0.511014390209921	2675	10
1288	0	0.253284037355854	0	8	0.918582138069376	0.511014390209921	2675	10
1289	1	0.647982498737003	1	8	0.918582138069376	0.511014390209921	2675	10
1290	1	0.836784034775847	1	8	0.918582138069376	0.511014390209921	2675	10
1291	5	0.246461683395164	0	8	0.918582138069376	0.511014390209921	2675	10
1292	1	0.457427865784959	1	8	0.918582138069376	0.511014390209921	2675	10
1293	1	0.831753204676282	1	8	0.918582138069376	0.511014390209921	2675	10
1294	1	0.494822600770061	1	8	0.918582138069376	0.511014390209921	2675	10
1296	1	0.66908232885677	1	8	0.918582138069376	0.511014390209921	2675	10
1298	5	0.4150030636743	0	8	0.918582138069376	0.511014390209921	2675	10
1299	0	-0.0427920785556336	0	8	0.918582138069376	0.511014390209921	2675	10
1300	0	0.0171704267684617	0	8	0.918582138069376	0.511014390209921	2675	10
1301	1	0.60960590600908	1	8	0.918582138069376	0.511014390209921	2675	10
1305	0	0.205446163708985	0	8	0.918582138069376	0.511014390209921	2675	10
1306	1	0.697340745283255	1	8	0.918582138069376	0.511014390209921	2675	10
1307	1	0.787965220824431	1	8	0.918582138069376	0.511014390209921	2675	10
1310	6	-0.0775348677114438	0	8	0.918582138069376	0.511014390209921	2675	10
1311	1	0.502902082382546	1	8	0.918582138069376	0.511014390209921	2675	10
1314	0	0.506902371361047	0	8	0.918582138069376	0.511014390209921	2675	10
1315	0	0.191974726742471	0	8	0.918582138069376	0.511014390209921	2675	10
1316	0	0.451335341735091	0	8	0.918582138069376	0.511014390209921	2675	10
1317	2	-0.200064349120325	0	8	0.918582138069376	0.511014390209921	2675	10
1318	8	-0.246777995365674	0	8	0.918582138069376	0.511014390209921	2675	10
1326	1	0.641915558207204	1	8	0.918582138069376	0.511014390209921	2675	10
1327	3	0.193133453241824	0	8	0.918582138069376	0.511014390209921	2675	10
1329	3	-0.0295467002058129	0	8	0.918582138069376	0.511014390209921	2675	10
1339	0	0.0230663171047065	0	8	0.918582138069376	0.511014390209921	2675	10
1340	3	0.080273311660447	0	8	0.918582138069376	0.511014390209921	2675	10
1345	3	-0.0302728656234968	0	8	0.918582138069376	0.511014390209921	2675	10
1346	3	0.296704701941105	0	8	0.918582138069376	0.511014390209921	2675	10
1347	3	-0.00955997688298819	0	8	0.918582138069376	0.511014390209921	2675	10
1349	3	0.0652275254122147	0	8	0.918582138069376	0.511014390209921	2675	10
1351	3	-0.137502458869003	0	8	0.918582138069376	0.511014390209921	2675	10
1352	2	0.028091582406658	0	8	0.918582138069376	0.511014390209921	2675	10
1353	6	-0.104236800818569	0	8	0.918582138069376	0.511014390209921	2675	10
1355	4	-0.132385289678698	0	8	0.918582138069376	0.511014390209921	2675	10
1356	1	0.652810893481799	1	8	0.918582138069376	0.511014390209921	2675	10
1359	1	0.600252599116384	1	8	0.918582138069376	0.511014390209921	2675	10
1362	0	0.271244820765663	0	8	0.918582138069376	0.511014390209921	2675	10
1363	1	0.600820989354281	1	8	0.918582138069376	0.511014390209921	2675	10
1365	1	0.496614781431318	1	8	0.918582138069376	0.511014390209921	2675	10
1366	1	0.68010936863637	1	8	0.918582138069376	0.511014390209921	2675	10
1368	0	0.117577092229692	0	8	0.918582138069376	0.511014390209921	2675	10
1370	2	-0.118754771477839	0	8	0.918582138069376	0.511014390209921	2675	10
1371	0	0.251837524432324	0	8	0.918582138069376	0.511014390209921	2675	10
1373	0	-0.054748760680979	0	8	0.918582138069376	0.511014390209921	2675	10
1374	0	-0.0265470957968744	0	8	0.918582138069376	0.511014390209921	2675	10
1376	2	-0.302558923098777	0	8	0.918582138069376	0.511014390209921	2675	10
1378	0	0.0754807290494837	0	8	0.918582138069376	0.511014390209921	2675	10
1380	0	0.0509824467693747	0	8	0.918582138069376	0.511014390209921	2675	10
1381	0	-0.293772208894463	0	8	0.918582138069376	0.511014390209921	2675	10
1382	1	0.542506283503738	1	8	0.918582138069376	0.511014390209921	2675	10
1384	2	-0.295590206457033	0	8	0.918582138069376	0.511014390209921	2675	10
1385	1	0.653116755213229	1	8	0.918582138069376	0.511014390209921	2675	10
1386	0	0.396572978836951	0	8	0.918582138069376	0.511014390209921	2675	10
1387	5	0.615220837001063	0	8	0.918582138069376	0.511014390209921	2675	10
1388	0	0.275898508667109	0	8	0.918582138069376	0.511014390209921	2675	10
1389	7	-0.0369851991534807	0	8	0.918582138069376	0.511014390209921	2675	10
1390	0	0.159784648296133	0	8	0.918582138069376	0.511014390209921	2675	10
1393	8	-0.119866522447047	0	8	0.918582138069376	0.511014390209921	2675	10
1395	0	0.053506803509872	0	8	0.918582138069376	0.511014390209921	2675	10
1396	1	0.639339227151024	1	8	0.918582138069376	0.511014390209921	2675	10
1397	1	0.640974557098895	1	8	0.918582138069376	0.511014390209921	2675	10
1398	1	0.5907848770609	1	8	0.918582138069376	0.511014390209921	2675	10
1399	1	0.51122254111597	1	8	0.918582138069376	0.511014390209921	2675	10
1400	0	0.420589880046027	0	8	0.918582138069376	0.511014390209921	2675	10
1401	0	0.118490031288439	0	8	0.918582138069376	0.511014390209921	2675	10
1404	0	0.39982624123828	0	8	0.918582138069376	0.511014390209921	2675	10
1407	4	0.108837669799415	0	8	0.918582138069376	0.511014390209921	2675	10
1408	2	-0.225957661580731	0	8	0.918582138069376	0.511014390209921	2675	10
1410	2	-0.0836608569410293	0	8	0.918582138069376	0.511014390209921	2675	10
1417	6	-0.0921607031567088	0	8	0.918582138069376	0.511014390209921	2675	10
1428	2	-0.499961526955717	0	8	0.918582138069376	0.511014390209921	2675	10
1429	2	-0.285175065334138	0	8	0.918582138069376	0.511014390209921	2675	10
1432	1	0.74724350474039	1	8	0.918582138069376	0.511014390209921	2675	10
1434	6	0.0139755652953649	0	8	0.918582138069376	0.511014390209921	2675	10
1435	5	0.584899133970967	0	8	0.918582138069376	0.511014390209921	2675	10
1436	1	0.803967452029161	1	8	0.918582138069376	0.511014390209921	2675	10
1439	1	0.637126479513694	1	8	0.918582138069376	0.511014390209921	2675	10
1441	1	0.59986463135432	1	8	0.918582138069376	0.511014390209921	2675	10
1445	1	0.764194525715439	1	8	0.918582138069376	0.511014390209921	2675	10
1452	1	0.488651545024169	1	8	0.918582138069376	0.511014390209921	2675	10
1453	5	0.46156673045502	0	8	0.918582138069376	0.511014390209921	2675	10
1455	1	0.537295996794447	1	8	0.918582138069376	0.511014390209921	2675	10
1456	0	0.249122139493721	0	8	0.918582138069376	0.511014390209921	2675	10
1459	0	0.0795562857028129	0	8	0.918582138069376	0.511014390209921	2675	10
1460	0	0.229238009334063	0	8	0.918582138069376	0.511014390209921	2675	10
1462	1	0.802242889396405	1	8	0.918582138069376	0.511014390209921	2675	10
1464	0	0.0664106088636781	0	8	0.918582138069376	0.511014390209921	2675	10
1465	1	0.36334692232128	1	8	0.918582138069376	0.511014390209921	2675	10
1466	3	0.170806913209048	0	8	0.918582138069376	0.511014390209921	2675	10
1468	2	-0.432418393120234	0	8	0.918582138069376	0.511014390209921	2675	10
1469	0	0.260087008267253	0	8	0.918582138069376	0.511014390209921	2675	10
1471	3	0.390184320227217	0	8	0.918582138069376	0.511014390209921	2675	10
1474	1	0.687741997384437	1	8	0.918582138069376	0.511014390209921	2675	10
1475	1	0.710586266387712	1	8	0.918582138069376	0.511014390209921	2675	10
1476	1	0.435648684937367	1	8	0.918582138069376	0.511014390209921	2675	10
1477	0	0.0676709971373072	0	8	0.918582138069376	0.511014390209921	2675	10
1478	0	0.293965586533643	0	8	0.918582138069376	0.511014390209921	2675	10
1479	0	0.248650122037339	0	8	0.918582138069376	0.511014390209921	2675	10
1486	4	-0.0490205625952277	0	8	0.918582138069376	0.511014390209921	2675	10
1487	3	0.423301824549788	0	8	0.918582138069376	0.511014390209921	2675	10
1488	5	0.607413898391174	0	8	0.918582138069376	0.511014390209921	2675	10
1489	6	-0.0849765608715585	0	8	0.918582138069376	0.511014390209921	2675	10
1490	8	-0.00212012214954619	0	8	0.918582138069376	0.511014390209921	2675	10
1491	4	-0.161859461089142	0	8	0.918582138069376	0.511014390209921	2675	10
1493	1	0.665738355244017	1	8	0.918582138069376	0.511014390209921	2675	10
1495	0	0.143090731927185	0	8	0.918582138069376	0.511014390209921	2675	10
1497	5	0.0857427090126669	0	8	0.918582138069376	0.511014390209921	2675	10
1499	1	0.37365134602533	1	8	0.918582138069376	0.511014390209921	2675	10
1503	0	0.264475698797608	0	8	0.918582138069376	0.511014390209921	2675	10
1506	5	0.0657993646129086	0	8	0.918582138069376	0.511014390209921	2675	10
1508	2	-0.396484163520802	0	8	0.918582138069376	0.511014390209921	2675	10
1509	0	0.242795854439139	0	8	0.918582138069376	0.511014390209921	2675	10
1511	1	0.498337390493881	1	8	0.918582138069376	0.511014390209921	2675	10
1512	2	-0.238119772151419	0	8	0.918582138069376	0.511014390209921	2675	10
1513	1	0.680783285270377	1	8	0.918582138069376	0.511014390209921	2675	10
1514	2	-0.339671649273898	0	8	0.918582138069376	0.511014390209921	2675	10
1515	2	-0.498004913836549	0	8	0.918582138069376	0.511014390209921	2675	10
1519	4	0.2117398822608	0	8	0.918582138069376	0.511014390209921	2675	10
1520	1	0.669376626830796	1	8	0.918582138069376	0.511014390209921	2675	10
1521	1	0.676715688439179	1	8	0.918582138069376	0.511014390209921	2675	10
1522	1	0.611121220162428	1	8	0.918582138069376	0.511014390209921	2675	10
1523	0	-0.0346566379883065	0	8	0.918582138069376	0.511014390209921	2675	10
1524	1	0.768108418772328	1	8	0.918582138069376	0.511014390209921	2675	10
1525	1	0.611355145135598	1	8	0.918582138069376	0.511014390209921	2675	10
1528	2	-0.344110246929264	0	8	0.918582138069376	0.511014390209921	2675	10
1534	0	0.322488944005823	0	8	0.918582138069376	0.511014390209921	2675	10
1535	3	0.397117004731982	0	8	0.918582138069376	0.511014390209921	2675	10
1536	1	0.645895489601274	1	8	0.918582138069376	0.511014390209921	2675	10
1537	3	-0.199540947654374	0	8	0.918582138069376	0.511014390209921	2675	10
1540	1	0.538043744405528	1	8	0.918582138069376	0.511014390209921	2675	10
1543	1	0.437295679787333	1	8	0.918582138069376	0.511014390209921	2675	10
1545	1	0.752485146086558	1	8	0.918582138069376	0.511014390209921	2675	10
1548	5	0.138711629821438	0	8	0.918582138069376	0.511014390209921	2675	10
1549	6	0.219707248103563	0	8	0.918582138069376	0.511014390209921	2675	10
1555	2	-0.455222742313676	0	8	0.918582138069376	0.511014390209921	2675	10
1558	0	-0.18138185803954	0	8	0.918582138069376	0.511014390209921	2675	10
1559	0	-0.0110544083152575	0	8	0.918582138069376	0.511014390209921	2675	10
1571	6	0.102060538642212	0	8	0.918582138069376	0.511014390209921	2675	10
1573	2	-0.355163482840031	0	8	0.918582138069376	0.511014390209921	2675	10
1576	6	-0.230864794183417	0	8	0.918582138069376	0.511014390209921	2675	10
1577	2	-0.160468736667178	0	8	0.918582138069376	0.511014390209921	2675	10
1580	0	-0.274076203767356	0	8	0.918582138069376	0.511014390209921	2675	10
1586	2	-0.237128622822894	0	8	0.918582138069376	0.511014390209921	2675	10
1591	0	-0.101725200762054	0	8	0.918582138069376	0.511014390209921	2675	10
1593	2	-0.258118386997143	0	8	0.918582138069376	0.511014390209921	2675	10
1594	2	-0.403053167655317	0	8	0.918582138069376	0.511014390209921	2675	10
1600	6	-0.00490479602629989	0	8	0.918582138069376	0.511014390209921	2675	10
1602	8	-0.205619522309537	0	8	0.918582138069376	0.511014390209921	2675	10
1603	3	0.156003084604785	0	8	0.918582138069376	0.511014390209921	2675	10
1604	0	0.264056145016422	0	8	0.918582138069376	0.511014390209921	2675	10
1605	5	0.194660210825183	0	8	0.918582138069376	0.511014390209921	2675	10
1606	1	0.754324536808101	1	8	0.918582138069376	0.511014390209921	2675	10
1607	2	-0.131801051379008	0	8	0.918582138069376	0.511014390209921	2675	10
1608	0	0.153202125702355	0	8	0.918582138069376	0.511014390209921	2675	10
1609	5	0.622763823811544	0	8	0.918582138069376	0.511014390209921	2675	10
1610	2	-0.448099341552776	0	8	0.918582138069376	0.511014390209921	2675	10
1611	3	0.146069280810307	0	8	0.918582138069376	0.511014390209921	2675	10
1612	1	0.678718798846034	1	8	0.918582138069376	0.511014390209921	2675	10
1615	4	0.0255019911757794	0	8	0.918582138069376	0.511014390209921	2675	10
1620	0	0.400803725881361	0	8	0.918582138069376	0.511014390209921	2675	10
1621	6	-0.156991923140741	0	8	0.918582138069376	0.511014390209921	2675	10
1622	3	-0.0114537853526453	0	8	0.918582138069376	0.511014390209921	2675	10
1627	1	0.580085459427137	1	8	0.918582138069376	0.511014390209921	2675	10
1628	2	-0.0176151642149157	0	8	0.918582138069376	0.511014390209921	2675	10
1629	2	-0.310415169725411	0	8	0.918582138069376	0.511014390209921	2675	10
1630	0	-0.145258506684608	0	8	0.918582138069376	0.511014390209921	2675	10
1632	2	-0.248264987572412	0	8	0.918582138069376	0.511014390209921	2675	10
1633	1	0.500714573852919	1	8	0.918582138069376	0.511014390209921	2675	10
1634	1	0.575289881377707	1	8	0.918582138069376	0.511014390209921	2675	10
1635	3	0.305308125156647	0	8	0.918582138069376	0.511014390209921	2675	10
1636	0	-0.131818091684591	0	8	0.918582138069376	0.511014390209921	2675	10
1638	0	-0.0420390033263643	0	8	0.918582138069376	0.511014390209921	2675	10
1639	0	0.469290424789859	0	8	0.918582138069376	0.511014390209921	2675	10
1642	0	0.0901936936071189	0	8	0.918582138069376	0.511014390209921	2675	10
1643	1	0.607949751672923	1	8	0.918582138069376	0.511014390209921	2675	10
1644	2	-0.47401827752813	0	8	0.918582138069376	0.511014390209921	2675	10
1645	0	0.217636493881382	0	8	0.918582138069376	0.511014390209921	2675	10
1647	2	-0.269495988265758	0	8	0.918582138069376	0.511014390209921	2675	10
1649	3	-0.00279009925463606	0	8	0.918582138069376	0.511014390209921	2675	10
1650	3	0.434059584232107	0	8	0.918582138069376	0.511014390209921	2675	10
1653	4	-0.0924594449843879	0	8	0.918582138069376	0.511014390209921	2675	10
1654	0	0.25308450745642	0	8	0.918582138069376	0.511014390209921	2675	10
1656	1	0.646083553131671	1	8	0.918582138069376	0.511014390209921	2675	10
1657	4	-0.262529446028657	0	8	0.918582138069376	0.511014390209921	2675	10
1659	10	0.570239283329341	0	8	0.918582138069376	0.511014390209921	2675	10
1660	0	0.522580206845308	0	8	0.918582138069376	0.511014390209921	2675	10
1662	4	-0.0680333252174878	0	8	0.918582138069376	0.511014390209921	2675	10
1663	1	0.51001345424402	1	8	0.918582138069376	0.511014390209921	2675	10
1665	1	0.55915441858251	1	8	0.918582138069376	0.511014390209921	2675	10
1666	2	-0.207811643685631	0	8	0.918582138069376	0.511014390209921	2675	10
1672	2	-0.346947802383339	0	8	0.918582138069376	0.511014390209921	2675	10
1674	0	0.273275084196788	0	8	0.918582138069376	0.511014390209921	2675	10
1675	1	0.668386860737794	1	8	0.918582138069376	0.511014390209921	2675	10
1676	3	0.0667835529918938	0	8	0.918582138069376	0.511014390209921	2675	10
1677	0	0.0528604684858757	0	8	0.918582138069376	0.511014390209921	2675	10
1678	2	-0.0518415018564539	0	8	0.918582138069376	0.511014390209921	2675	10
1687	0	-0.318732389914463	0	8	0.918582138069376	0.511014390209921	2675	10
1690	0	-0.240438982897551	0	8	0.918582138069376	0.511014390209921	2675	10
1716	3	0.277729633008219	0	8	0.918582138069376	0.511014390209921	2675	10
1717	9	-0.00579429001656846	0	8	0.918582138069376	0.511014390209921	2675	10
1718	1	0.48473276292684	1	8	0.918582138069376	0.511014390209921	2675	10
1723	2	-0.105143217941847	0	8	0.918582138069376	0.511014390209921	2675	10
1725	3	0.18158442061116	0	8	0.918582138069376	0.511014390209921	2675	10
1727	0	0.222990276734333	0	8	0.918582138069376	0.511014390209921	2675	10
1728	0	-0.0642418420117332	0	8	0.918582138069376	0.511014390209921	2675	10
1729	0	0.230072167061274	0	8	0.918582138069376	0.511014390209921	2675	10
1730	0	0.170263995792749	0	8	0.918582138069376	0.511014390209921	2675	10
1733	2	-0.380703021870362	0	8	0.918582138069376	0.511014390209921	2675	10
1734	0	0.172646839693104	0	8	0.918582138069376	0.511014390209921	2675	10
1737	4	-0.232170474936851	0	8	0.918582138069376	0.511014390209921	2675	10
1738	4	-0.289884715495639	0	8	0.918582138069376	0.511014390209921	2675	10
1739	4	0.0650928202484478	0	8	0.918582138069376	0.511014390209921	2675	10
1740	8	-0.143761741796369	0	8	0.918582138069376	0.511014390209921	2675	10
1741	0	0.354703049936685	0	8	0.918582138069376	0.511014390209921	2675	10
1742	5	0.61155399306509	0	8	0.918582138069376	0.511014390209921	2675	10
1743	2	-0.249129137111	0	8	0.918582138069376	0.511014390209921	2675	10
1756	0	0.250246089557796	0	8	0.918582138069376	0.511014390209921	2675	10
1757	2	-0.145165966502748	0	8	0.918582138069376	0.511014390209921	2675	10
1759	5	0.249707730891523	0	8	0.918582138069376	0.511014390209921	2675	10
1760	9	0.159961140696059	0	8	0.918582138069376	0.511014390209921	2675	10
1762	5	0.442174796818518	0	8	0.918582138069376	0.511014390209921	2675	10
1763	0	-0.0764747878853303	0	8	0.918582138069376	0.511014390209921	2675	10
1768	6	-0.00761680466668718	0	8	0.918582138069376	0.511014390209921	2675	10
1770	1	0.557729268432206	1	8	0.918582138069376	0.511014390209921	2675	10
1773	2	-0.160727780453893	0	8	0.918582138069376	0.511014390209921	2675	10
1774	1	-0.443621047324578	1	8	0.918582138069376	0.511014390209921	2675	10
1775	5	0.0574165671989593	0	8	0.918582138069376	0.511014390209921	2675	10
1776	0	0.20277790381634	0	8	0.918582138069376	0.511014390209921	2675	10
1777	1	0.618387729340378	1	8	0.918582138069376	0.511014390209921	2675	10
1778	10	0.578451670233266	0	8	0.918582138069376	0.511014390209921	2675	10
1780	8	-0.0951839686533008	0	8	0.918582138069376	0.511014390209921	2675	10
1783	0	0.404841759000984	0	8	0.918582138069376	0.511014390209921	2675	10
1785	0	0.0655268912569325	0	8	0.918582138069376	0.511014390209921	2675	10
1786	1	0.709435255282476	1	8	0.918582138069376	0.511014390209921	2675	10
1787	0	0.271777406663803	0	8	0.918582138069376	0.511014390209921	2675	10
1788	1	0.610904472060415	1	8	0.918582138069376	0.511014390209921	2675	10
1789	5	0.137438788515922	0	8	0.918582138069376	0.511014390209921	2675	10
1793	1	0.479097173856626	1	8	0.918582138069376	0.511014390209921	2675	10
1794	1	0.831709582697608	1	8	0.918582138069376	0.511014390209921	2675	10
1795	0	0.0728651403507794	0	8	0.918582138069376	0.511014390209921	2675	10
1796	1	0.679575161340967	1	8	0.918582138069376	0.511014390209921	2675	10
1798	0	0.228159994555513	0	8	0.918582138069376	0.511014390209921	2675	10
1800	2	-0.541312578633009	0	8	0.918582138069376	0.511014390209921	2675	10
1802	3	0.428675528232153	0	8	0.918582138069376	0.511014390209921	2675	10
1803	2	-0.421617929097514	0	8	0.918582138069376	0.511014390209921	2675	10
1804	1	-0.430281498153588	1	8	0.918582138069376	0.511014390209921	2675	10
1805	0	0.35197762568909	0	8	0.918582138069376	0.511014390209921	2675	10
1806	1	0.345353128839735	1	8	0.918582138069376	0.511014390209921	2675	10
1807	2	-0.452240255001896	0	8	0.918582138069376	0.511014390209921	2675	10
1808	1	0.563487371034944	1	8	0.918582138069376	0.511014390209921	2675	10
1809	1	0.473897801435811	1	8	0.918582138069376	0.511014390209921	2675	10
1810	0	0.0329613578653354	0	8	0.918582138069376	0.511014390209921	2675	10
1812	0	0.089452947279143	0	8	0.918582138069376	0.511014390209921	2675	10
1815	5	0.113616364776929	0	8	0.918582138069376	0.511014390209921	2675	10
1816	6	0.0382129417697784	0	8	0.918582138069376	0.511014390209921	2675	10
1819	3	-0.0496282538878142	0	8	0.918582138069376	0.511014390209921	2675	10
1820	5	0.13319525454924	0	8	0.918582138069376	0.511014390209921	2675	10
1821	1	0.618572789707811	1	8	0.918582138069376	0.511014390209921	2675	10
1822	5	0.344171735490912	0	8	0.918582138069376	0.511014390209921	2675	10
1824	0	0.329249928237157	0	8	0.918582138069376	0.511014390209921	2675	10
1827	0	0.0789869266290943	0	8	0.918582138069376	0.511014390209921	2675	10
1829	4	-0.0162562508748018	0	8	0.918582138069376	0.511014390209921	2675	10
1831	0	0.11008022019495	0	8	0.918582138069376	0.511014390209921	2675	10
1832	2	0.077725889112126	0	8	0.918582138069376	0.511014390209921	2675	10
1836	0	0.372509899134672	0	8	0.918582138069376	0.511014390209921	2675	10
1837	1	0.517020595994934	1	8	0.918582138069376	0.511014390209921	2675	10
1838	0	0.314256471550912	0	8	0.918582138069376	0.511014390209921	2675	10
1839	0	0.200325517199143	0	8	0.918582138069376	0.511014390209921	2675	10
1841	3	0.446461367407513	0	8	0.918582138069376	0.511014390209921	2675	10
1842	4	-0.0667198698313217	0	8	0.918582138069376	0.511014390209921	2675	10
1843	0	-0.140893006402542	0	8	0.918582138069376	0.511014390209921	2675	10
1844	0	0.32614837662561	0	8	0.918582138069376	0.511014390209921	2675	10
1845	3	-0.0412224484141217	0	8	0.918582138069376	0.511014390209921	2675	10
1846	1	0.582612021015166	1	8	0.918582138069376	0.511014390209921	2675	10
1847	0	0.286480818869958	0	8	0.918582138069376	0.511014390209921	2675	10
1848	0	0.423830053172573	0	8	0.918582138069376	0.511014390209921	2675	10
1849	1	0.290474229938308	1	8	0.918582138069376	0.511014390209921	2675	10
1852	2	-0.174905210435767	0	8	0.918582138069376	0.511014390209921	2675	10
1854	3	0.180505107530978	0	8	0.918582138069376	0.511014390209921	2675	10
1855	9	-0.0258035773052	0	8	0.918582138069376	0.511014390209921	2675	10
1856	5	0.275319956844378	0	8	0.918582138069376	0.511014390209921	2675	10
1857	5	0.376611222741715	0	8	0.918582138069376	0.511014390209921	2675	10
1859	1	0.639023398843464	1	8	0.918582138069376	0.511014390209921	2675	10
1861	3	0.197498369818648	0	8	0.918582138069376	0.511014390209921	2675	10
1869	1	0.706350112905255	1	8	0.918582138069376	0.511014390209921	2675	10
1870	1	0.628890539395818	1	8	0.918582138069376	0.511014390209921	2675	10
1871	0	0.172353681368478	0	8	0.918582138069376	0.511014390209921	2675	10
1874	1	0.570593818053206	1	8	0.918582138069376	0.511014390209921	2675	10
1875	0	-0.040021876836031	0	8	0.918582138069376	0.511014390209921	2675	10
1877	9	0.249886636901881	0	8	0.918582138069376	0.511014390209921	2675	10
1880	1	0.523556361176907	1	8	0.918582138069376	0.511014390209921	2675	10
1889	5	0.308006192948924	0	8	0.918582138069376	0.511014390209921	2675	10
1890	1	0.70457767471306	1	8	0.918582138069376	0.511014390209921	2675	10
1891	2	-0.224542450891339	0	8	0.918582138069376	0.511014390209921	2675	10
1892	2	-0.458692393118115	0	8	0.918582138069376	0.511014390209921	2675	10
1893	0	0.235199828869125	0	8	0.918582138069376	0.511014390209921	2675	10
1894	1	0.526120251071684	1	8	0.918582138069376	0.511014390209921	2675	10
1896	6	-0.271467999744313	0	8	0.918582138069376	0.511014390209921	2675	10
1901	1	0.554401734757193	1	8	0.918582138069376	0.511014390209921	2675	10
1902	1	0.755759268076071	1	8	0.918582138069376	0.511014390209921	2675	10
1906	1	0.666925605035215	1	8	0.918582138069376	0.511014390209921	2675	10
1907	0	0.399721117254882	0	8	0.918582138069376	0.511014390209921	2675	10
1909	0	0.488704844754146	0	8	0.918582138069376	0.511014390209921	2675	10
1910	1	0.711502379910624	1	8	0.918582138069376	0.511014390209921	2675	10
1917	0	0.347987404107498	0	8	0.918582138069376	0.511014390209921	2675	10
1936	3	0.627488204295665	0	8	0.918582138069376	0.511014390209921	2675	10
1939	0	-0.0657848180309165	0	8	0.918582138069376	0.511014390209921	2675	10
1942	1	0.296476751400661	1	8	0.918582138069376	0.511014390209921	2675	10
1945	1	0.546134583452282	1	8	0.918582138069376	0.511014390209921	2675	10
1946	5	0.416547827417498	0	8	0.918582138069376	0.511014390209921	2675	10
1947	0	-0.0135004554294166	0	8	0.918582138069376	0.511014390209921	2675	10
1948	0	-0.062527001199969	0	8	0.918582138069376	0.511014390209921	2675	10
1949	1	0.621612410108869	1	8	0.918582138069376	0.511014390209921	2675	10
1950	2	-0.317386657674108	0	8	0.918582138069376	0.511014390209921	2675	10
1952	1	0.464031450031727	1	8	0.918582138069376	0.511014390209921	2675	10
1953	5	0.498034682069432	0	8	0.918582138069376	0.511014390209921	2675	10
1954	9	0.221799857330723	0	8	0.918582138069376	0.511014390209921	2675	10
1955	0	0.1087771132879	0	8	0.918582138069376	0.511014390209921	2675	10
1956	5	0.490446095173275	0	8	0.918582138069376	0.511014390209921	2675	10
1958	0	0.0770680718257607	0	8	0.918582138069376	0.511014390209921	2675	10
1959	0	0.325979421904496	0	8	0.918582138069376	0.511014390209921	2675	10
1960	0	0.238641148969889	0	8	0.918582138069376	0.511014390209921	2675	10
1962	2	-0.44122954952146	0	8	0.918582138069376	0.511014390209921	2675	10
1965	7	0.132244672321811	0	8	0.918582138069376	0.511014390209921	2675	10
1967	3	0.265969532886266	0	8	0.918582138069376	0.511014390209921	2675	10
1969	1	0.568352102395584	1	8	0.918582138069376	0.511014390209921	2675	10
1977	7	0.231269458941702	0	8	0.918582138069376	0.511014390209921	2675	10
1978	3	0.196053878751836	0	8	0.918582138069376	0.511014390209921	2675	10
1979	2	-0.181172173983018	0	8	0.918582138069376	0.511014390209921	2675	10
1981	9	0.27267730335282	0	8	0.918582138069376	0.511014390209921	2675	10
1982	0	0.490253671849478	0	8	0.918582138069376	0.511014390209921	2675	10
1983	4	-0.0780593791040835	0	8	0.918582138069376	0.511014390209921	2675	10
1984	3	0.390166515114428	0	8	0.918582138069376	0.511014390209921	2675	10
1992	1	0.51952846079829	1	8	0.918582138069376	0.511014390209921	2675	10
1994	0	0.156900405878625	0	8	0.918582138069376	0.511014390209921	2675	10
1997	1	0.552335566469463	1	8	0.918582138069376	0.511014390209921	2675	10
1998	1	0.654343095515006	1	8	0.918582138069376	0.511014390209921	2675	10
1999	1	0.457906406008985	1	8	0.918582138069376	0.511014390209921	2675	10
2000	1	0.603065307368034	1	8	0.918582138069376	0.511014390209921	2675	10
2001	0	0.0827854395046404	0	8	0.918582138069376	0.511014390209921	2675	10
2002	0	0.270394187377893	0	8	0.918582138069376	0.511014390209921	2675	10
2004	1	0.754060277626567	1	8	0.918582138069376	0.511014390209921	2675	10
2006	1	0.752790379775526	1	8	0.918582138069376	0.511014390209921	2675	10
2009	0	0.195871366976186	0	8	0.918582138069376	0.511014390209921	2675	10
2010	3	-0.0695439735420862	0	8	0.918582138069376	0.511014390209921	2675	10
2011	5	0.378858954483559	0	8	0.918582138069376	0.511014390209921	2675	10
2012	1	0.591567639241271	1	8	0.918582138069376	0.511014390209921	2675	10
2013	1	0.505349170003336	1	8	0.918582138069376	0.511014390209921	2675	10
2014	1	0.756818864052722	1	8	0.918582138069376	0.511014390209921	2675	10
2015	1	0.580199046166479	1	8	0.918582138069376	0.511014390209921	2675	10
2016	6	-0.0344838607688676	0	8	0.918582138069376	0.511014390209921	2675	10
2017	0	0.372627705118178	0	8	0.918582138069376	0.511014390209921	2675	10
2018	4	-0.181376531697098	0	8	0.918582138069376	0.511014390209921	2675	10
2021	2	-0.0603923550177214	0	8	0.918582138069376	0.511014390209921	2675	10
2022	0	0.432038549524868	0	8	0.918582138069376	0.511014390209921	2675	10
2023	1	0.295118017032057	1	8	0.918582138069376	0.511014390209921	2675	10
2026	1	0.786801888038766	1	8	0.918582138069376	0.511014390209921	2675	10
2027	0	-0.0632373159967089	0	8	0.918582138069376	0.511014390209921	2675	10
2028	2	-0.45546392323725	0	8	0.918582138069376	0.511014390209921	2675	10
2029	3	0.405583561901309	0	8	0.918582138069376	0.511014390209921	2675	10
2030	1	0.664345973410889	1	8	0.918582138069376	0.511014390209921	2675	10
2034	0	0.23571812129554	0	8	0.918582138069376	0.511014390209921	2675	10
2035	1	0.613488217630901	1	8	0.918582138069376	0.511014390209921	2675	10
2036	0	0.184847581275194	0	8	0.918582138069376	0.511014390209921	2675	10
2037	1	0.667085170541671	1	8	0.918582138069376	0.511014390209921	2675	10
2038	0	0.346833197848418	0	8	0.918582138069376	0.511014390209921	2675	10
2039	9	-0.0274353563533805	0	8	0.918582138069376	0.511014390209921	2675	10
2040	2	-0.158777709326317	0	8	0.918582138069376	0.511014390209921	2675	10
2041	1	0.663707252524567	1	8	0.918582138069376	0.511014390209921	2675	10
2042	1	0.443264566521102	1	8	0.918582138069376	0.511014390209921	2675	10
2043	0	0.134328424444356	0	8	0.918582138069376	0.511014390209921	2675	10
2045	1	0.41378100896397	1	8	0.918582138069376	0.511014390209921	2675	10
2047	1	0.760344655087176	1	8	0.918582138069376	0.511014390209921	2675	10
2048	1	0.752690746198328	1	8	0.918582138069376	0.511014390209921	2675	10
2049	5	0.439552261492112	0	8	0.918582138069376	0.511014390209921	2675	10
2050	5	0.431322462752249	0	8	0.918582138069376	0.511014390209921	2675	10
2051	1	0.61996029917349	1	8	0.918582138069376	0.511014390209921	2675	10
2052	2	-0.326865670614459	0	8	0.918582138069376	0.511014390209921	2675	10
2053	2	-0.457547844337212	0	8	0.918582138069376	0.511014390209921	2675	10
2054	1	0.5891926525681	1	8	0.918582138069376	0.511014390209921	2675	10
2055	2	-0.135745076710127	0	8	0.918582138069376	0.511014390209921	2675	10
2056	0	-0.010521775758886	0	8	0.918582138069376	0.511014390209921	2675	10
2057	5	0.198603134457359	0	8	0.918582138069376	0.511014390209921	2675	10
2058	1	0.583422596676023	1	8	0.918582138069376	0.511014390209921	2675	10
2059	2	-0.123936722306593	0	8	0.918582138069376	0.511014390209921	2675	10
2060	1	0.360042359179309	1	8	0.918582138069376	0.511014390209921	2675	10
2063	6	-0.0505085300881463	0	8	0.918582138069376	0.511014390209921	2675	10
2065	6	-0.138474494342041	0	8	0.918582138069376	0.511014390209921	2675	10
2066	0	0.183371142143801	0	8	0.918582138069376	0.511014390209921	2675	10
2067	3	0.481722420197844	0	8	0.918582138069376	0.511014390209921	2675	10
2068	0	-0.106247794237097	0	8	0.918582138069376	0.511014390209921	2675	10
2070	5	0.444930356833955	0	8	0.918582138069376	0.511014390209921	2675	10
2071	0	0.412870759343634	0	8	0.918582138069376	0.511014390209921	2675	10
2072	6	0.0436552530216481	0	8	0.918582138069376	0.511014390209921	2675	10
2077	6	-0.162245050041955	0	8	0.918582138069376	0.511014390209921	2675	10
2078	1	0.436840400419987	1	8	0.918582138069376	0.511014390209921	2675	10
2079	3	0.462924947451089	0	8	0.918582138069376	0.511014390209921	2675	10
2081	1	0.596529058666404	1	8	0.918582138069376	0.511014390209921	2675	10
2091	3	0.448231441304929	0	8	0.918582138069376	0.511014390209921	2675	10
2098	0	0.140957352761505	0	8	0.918582138069376	0.511014390209921	2675	10
2099	0	0.0959847862609415	0	8	0.918582138069376	0.511014390209921	2675	10
2100	1	0.740466000829966	1	8	0.918582138069376	0.511014390209921	2675	10
2101	6	0.0450334943570307	0	8	0.918582138069376	0.511014390209921	2675	10
2104	4	-0.235473514158056	0	8	0.918582138069376	0.511014390209921	2675	10
2107	7	0.346230576233585	0	8	0.918582138069376	0.511014390209921	2675	10
2108	2	-0.19615654663447	0	8	0.918582138069376	0.511014390209921	2675	10
2109	2	-0.38008756150843	0	8	0.918582138069376	0.511014390209921	2675	10
2110	4	-0.22609482351648	0	8	0.918582138069376	0.511014390209921	2675	10
2113	1	0.791534545171278	1	8	0.918582138069376	0.511014390209921	2675	10
2114	1	0.451182038158464	1	8	0.918582138069376	0.511014390209921	2675	10
2115	1	0.550721740955272	1	8	0.918582138069376	0.511014390209921	2675	10
2117	1	0.55042444371978	1	8	0.918582138069376	0.511014390209921	2675	10
2118	1	0.659905447338515	1	8	0.918582138069376	0.511014390209921	2675	10
2119	0	0.099364524644306	0	8	0.918582138069376	0.511014390209921	2675	10
2120	1	0.682135755283231	1	8	0.918582138069376	0.511014390209921	2675	10
2122	0	0.399032979324245	0	8	0.918582138069376	0.511014390209921	2675	10
2123	1	0.538867585046657	1	8	0.918582138069376	0.511014390209921	2675	10
2124	1	0.541725162480216	1	8	0.918582138069376	0.511014390209921	2675	10
2125	5	0.25905524600429	0	8	0.918582138069376	0.511014390209921	2675	10
2130	1	0.600081257175481	1	8	0.918582138069376	0.511014390209921	2675	10
2131	1	0.572537365129789	1	8	0.918582138069376	0.511014390209921	2675	10
2132	1	0.479827319904657	1	8	0.918582138069376	0.511014390209921	2675	10
2134	0	0.164355087185991	0	8	0.918582138069376	0.511014390209921	2675	10
2135	4	-0.241425460793361	0	8	0.918582138069376	0.511014390209921	2675	10
2137	1	0.600805541314116	1	8	0.918582138069376	0.511014390209921	2675	10
2139	2	-0.338717299993988	0	8	0.918582138069376	0.511014390209921	2675	10
2140	1	0.45486714780415	1	8	0.918582138069376	0.511014390209921	2675	10
2145	1	0.447093272332983	1	8	0.918582138069376	0.511014390209921	2675	10
2146	1	0.753087920819463	1	8	0.918582138069376	0.511014390209921	2675	10
2149	0	0.212712767357966	0	8	0.918582138069376	0.511014390209921	2675	10
2150	0	0.195214522093143	0	8	0.918582138069376	0.511014390209921	2675	10
2151	6	0.0490445594325091	0	8	0.918582138069376	0.511014390209921	2675	10
2152	8	-0.346664151332973	0	8	0.918582138069376	0.511014390209921	2675	10
2153	0	-0.331778598571745	0	8	0.918582138069376	0.511014390209921	2675	10
2155	6	-0.153845668016395	0	8	0.918582138069376	0.511014390209921	2675	10
2157	0	-0.111586544679498	0	8	0.918582138069376	0.511014390209921	2675	10
2159	0	-0.147904981627391	0	8	0.918582138069376	0.511014390209921	2675	10
2160	1	-0.472096537380337	1	8	0.918582138069376	0.511014390209921	2675	10
2161	0	0.0354496117872885	0	8	0.918582138069376	0.511014390209921	2675	10
2162	1	0.619304760688575	1	8	0.918582138069376	0.511014390209921	2675	10
2166	2	-0.357869996953719	0	8	0.918582138069376	0.511014390209921	2675	10
2167	0	0.402883219601165	0	8	0.918582138069376	0.511014390209921	2675	10
2168	2	-0.51520036467706	0	8	0.918582138069376	0.511014390209921	2675	10
2170	3	-0.108783194626223	0	8	0.918582138069376	0.511014390209921	2675	10
2175	1	0.589299825583903	1	8	0.918582138069376	0.511014390209921	2675	10
2176	2	-0.0137292790051925	0	8	0.918582138069376	0.511014390209921	2675	10
2178	1	0.72383261834026	1	8	0.918582138069376	0.511014390209921	2675	10
2180	2	-0.300848067618181	0	8	0.918582138069376	0.511014390209921	2675	10
2181	4	-0.240830747750392	0	8	0.918582138069376	0.511014390209921	2675	10
2184	2	-0.278324543091516	0	8	0.918582138069376	0.511014390209921	2675	10
2185	1	0.478528170671896	1	8	0.918582138069376	0.511014390209921	2675	10
2186	1	0.446745701097716	1	8	0.918582138069376	0.511014390209921	2675	10
2188	0	0.362536863397626	0	8	0.918582138069376	0.511014390209921	2675	10
2189	1	0.599594144347917	1	8	0.918582138069376	0.511014390209921	2675	10
2191	1	0.769091096899096	1	8	0.918582138069376	0.511014390209921	2675	10
2192	1	0.713050784622235	1	8	0.918582138069376	0.511014390209921	2675	10
2193	3	0.211625423622989	0	8	0.918582138069376	0.511014390209921	2675	10
2194	5	0.39027320666021	0	8	0.918582138069376	0.511014390209921	2675	10
2195	1	0.514590130485006	1	8	0.918582138069376	0.511014390209921	2675	10
2196	5	0.153384865125187	0	8	0.918582138069376	0.511014390209921	2675	10
2197	3	0.395092256299948	0	8	0.918582138069376	0.511014390209921	2675	10
2199	1	0.530929941113665	1	8	0.918582138069376	0.511014390209921	2675	10
2200	1	0.705609147907595	1	8	0.918582138069376	0.511014390209921	2675	10
2201	0	0.380188944464167	0	8	0.918582138069376	0.511014390209921	2675	10
2202	1	0.447474104268936	1	8	0.918582138069376	0.511014390209921	2675	10
2203	2	-0.63081428602228	0	8	0.918582138069376	0.511014390209921	2675	10
2204	0	0.446074112447391	0	8	0.918582138069376	0.511014390209921	2675	10
2205	1	0.633038476906213	1	8	0.918582138069376	0.511014390209921	2675	10
2206	1	0.562655743153285	1	8	0.918582138069376	0.511014390209921	2675	10
2207	1	0.709244594014992	1	8	0.918582138069376	0.511014390209921	2675	10
2208	1	0.552409668856318	1	8	0.918582138069376	0.511014390209921	2675	10
2213	1	0.820974031774853	1	8	0.918582138069376	0.511014390209921	2675	10
2217	2	-0.230040703595502	0	8	0.918582138069376	0.511014390209921	2675	10
2218	4	0.0732771851021889	0	8	0.918582138069376	0.511014390209921	2675	10
2219	1	0.532760770596608	1	8	0.918582138069376	0.511014390209921	2675	10
2220	0	0.0147214209491098	0	8	0.918582138069376	0.511014390209921	2675	10
2222	3	0.191556846612184	0	8	0.918582138069376	0.511014390209921	2675	10
2224	3	0.0978403796835689	0	8	0.918582138069376	0.511014390209921	2675	10
2230	2	-0.364593475975176	0	8	0.918582138069376	0.511014390209921	2675	10
2232	3	0.211880018755396	0	8	0.918582138069376	0.511014390209921	2675	10
2235	2	-0.142594501873522	0	8	0.918582138069376	0.511014390209921	2675	10
2237	1	0.57070863177244	1	8	0.918582138069376	0.511014390209921	2675	10
2239	1	0.350461438821689	1	8	0.918582138069376	0.511014390209921	2675	10
2241	1	0.536317580104248	1	8	0.918582138069376	0.511014390209921	2675	10
2242	1	0.744655535982577	1	8	0.918582138069376	0.511014390209921	2675	10
2243	0	0.311537634786525	0	8	0.918582138069376	0.511014390209921	2675	10
2244	1	0.465359359763195	1	8	0.918582138069376	0.511014390209921	2675	10
2245	5	0.214607294569878	0	8	0.918582138069376	0.511014390209921	2675	10
2246	8	-0.175281515903525	0	8	0.918582138069376	0.511014390209921	2675	10
2247	1	0.778292066925408	1	8	0.918582138069376	0.511014390209921	2675	10
2250	6	0.0322651432015666	0	8	0.918582138069376	0.511014390209921	2675	10
2252	1	0.414825281144949	1	8	0.918582138069376	0.511014390209921	2675	10
2254	8	-0.32862727474533	0	8	0.918582138069376	0.511014390209921	2675	10
2257	6	-0.115838847584673	0	8	0.918582138069376	0.511014390209921	2675	10
2258	0	0.356907431108469	0	8	0.918582138069376	0.511014390209921	2675	10
2260	1	0.591023525679507	1	8	0.918582138069376	0.511014390209921	2675	10
2261	2	-0.174039359486268	0	8	0.918582138069376	0.511014390209921	2675	10
2262	0	0.0314482162363353	0	8	0.918582138069376	0.511014390209921	2675	10
2263	0	0.15487689154344	0	8	0.918582138069376	0.511014390209921	2675	10
2264	2	-0.145950940745888	0	8	0.918582138069376	0.511014390209921	2675	10
2266	0	0.309179962074899	0	8	0.918582138069376	0.511014390209921	2675	10
2268	2	0.35543277960589	0	8	0.918582138069376	0.511014390209921	2675	10
2271	2	-0.20876960002135	0	8	0.918582138069376	0.511014390209921	2675	10
2272	2	-0.205478056541574	0	8	0.918582138069376	0.511014390209921	2675	10
2273	1	0.623912522789658	1	8	0.918582138069376	0.511014390209921	2675	10
2274	1	0.787948541279517	1	8	0.918582138069376	0.511014390209921	2675	10
2275	1	0.657075600581855	1	8	0.918582138069376	0.511014390209921	2675	10
2281	1	0.543646041955933	1	8	0.918582138069376	0.511014390209921	2675	10
2286	3	0.114160941376951	0	8	0.918582138069376	0.511014390209921	2675	10
2287	7	0.297004449013843	0	8	0.918582138069376	0.511014390209921	2675	10
2288	2	-0.0201796428277451	0	8	0.918582138069376	0.511014390209921	2675	10
2289	0	0.0520092637935181	0	8	0.918582138069376	0.511014390209921	2675	10
2294	8	0.0179392843093134	0	8	0.918582138069376	0.511014390209921	2675	10
2296	0	0.0376081415157195	0	8	0.918582138069376	0.511014390209921	2675	10
2297	0	0.262941020844975	0	8	0.918582138069376	0.511014390209921	2675	10
2299	2	-0.176508520645029	0	8	0.918582138069376	0.511014390209921	2675	10
2300	1	0.528535671260053	1	8	0.918582138069376	0.511014390209921	2675	10
2302	1	0.5228872824158	1	8	0.918582138069376	0.511014390209921	2675	10
2303	5	0.21106221759329	0	8	0.918582138069376	0.511014390209921	2675	10
2305	0	0.403684784844001	0	8	0.918582138069376	0.511014390209921	2675	10
2306	8	-0.123610511693887	0	8	0.918582138069376	0.511014390209921	2675	10
2308	0	-0.238627523312861	0	8	0.918582138069376	0.511014390209921	2675	10
2309	1	0.537222953325001	1	8	0.918582138069376	0.511014390209921	2675	10
2312	0	0.296080976240483	0	8	0.918582138069376	0.511014390209921	2675	10
2313	1	0.719793243632637	1	8	0.918582138069376	0.511014390209921	2675	10
2314	10	0.512198723679965	0	8	0.918582138069376	0.511014390209921	2675	10
2315	0	0.304277367527023	0	8	0.918582138069376	0.511014390209921	2675	10
2316	1	0.650803184272142	1	8	0.918582138069376	0.511014390209921	2675	10
2317	1	0.527289197968837	1	8	0.918582138069376	0.511014390209921	2675	10
2318	1	0.47859645637998	1	8	0.918582138069376	0.511014390209921	2675	10
2319	1	0.674838528955657	1	8	0.918582138069376	0.511014390209921	2675	10
2321	8	-0.192915467651897	0	8	0.918582138069376	0.511014390209921	2675	10
2322	1	0.449952860800155	1	8	0.918582138069376	0.511014390209921	2675	10
2323	1	0.670529733414078	1	8	0.918582138069376	0.511014390209921	2675	10
2324	0	0.0855490560096429	0	8	0.918582138069376	0.511014390209921	2675	10
2326	2	-0.459387496753318	0	8	0.918582138069376	0.511014390209921	2675	10
2327	0	0.334386849033208	0	8	0.918582138069376	0.511014390209921	2675	10
2328	0	0.141193809146684	0	8	0.918582138069376	0.511014390209921	2675	10
2329	2	-0.361342870091327	0	8	0.918582138069376	0.511014390209921	2675	10
2331	1	0.610731649429293	1	8	0.918582138069376	0.511014390209921	2675	10
2332	2	-0.218464073835908	0	8	0.918582138069376	0.511014390209921	2675	10
2334	1	0.584444228675205	1	8	0.918582138069376	0.511014390209921	2675	10
2335	1	0.603418106385698	1	8	0.918582138069376	0.511014390209921	2675	10
2339	7	0.325305371728095	0	8	0.918582138069376	0.511014390209921	2675	10
2348	2	-0.312603937231801	0	8	0.918582138069376	0.511014390209921	2675	10
2350	1	0.755809516423348	1	8	0.918582138069376	0.511014390209921	2675	10
2352	0	-0.239097127080876	0	8	0.918582138069376	0.511014390209921	2675	10
2353	0	-0.283309897289184	0	8	0.918582138069376	0.511014390209921	2675	10
2354	0	0.00972045876263938	0	8	0.918582138069376	0.511014390209921	2675	10
2355	1	0.530918060404104	1	8	0.918582138069376	0.511014390209921	2675	10
2356	5	0.526199342070144	0	8	0.918582138069376	0.511014390209921	2675	10
2357	1	0.518552366215751	1	8	0.918582138069376	0.511014390209921	2675	10
2358	0	0.307958507250043	0	8	0.918582138069376	0.511014390209921	2675	10
2359	1	0.777598685377045	1	8	0.918582138069376	0.511014390209921	2675	10
2395	3	0.160528480410945	0	8	0.918582138069376	0.511014390209921	2675	10
2444	2	-0.245909399138041	0	8	0.918582138069376	0.511014390209921	2675	10
2475	1	0.693977518588297	1	8	0.918582138069376	0.511014390209921	2675	10
2487	1	0.347176640680578	1	8	0.918582138069376	0.511014390209921	2675	10
2491	1	0.493849066410722	1	8	0.918582138069376	0.511014390209921	2675	10
2494	1	0.623459194117034	1	8	0.918582138069376	0.511014390209921	2675	10
2495	3	0.0300844043766142	0	8	0.918582138069376	0.511014390209921	2675	10
2517	0	0.0691187457557446	0	8	0.918582138069376	0.511014390209921	2675	10
2521	1	0.658366060049622	1	8	0.918582138069376	0.511014390209921	2675	10
2523	0	0.02817881792855	0	8	0.918582138069376	0.511014390209921	2675	10
2524	1	0.490896708179568	1	8	0.918582138069376	0.511014390209921	2675	10
2525	2	-0.279935517840803	0	8	0.918582138069376	0.511014390209921	2675	10
2528	2	-0.33769012670437	0	8	0.918582138069376	0.511014390209921	2675	10
2529	1	0.737022609937041	1	8	0.918582138069376	0.511014390209921	2675	10
2530	0	0.362727891584674	0	8	0.918582138069376	0.511014390209921	2675	10
2531	4	0.00832523243778886	0	8	0.918582138069376	0.511014390209921	2675	10
2532	1	0.728243484659168	1	8	0.918582138069376	0.511014390209921	2675	10
2533	1	0.707648817627995	1	8	0.918582138069376	0.511014390209921	2675	10
2534	1	0.406786905802067	1	8	0.918582138069376	0.511014390209921	2675	10
2535	1	0.644136581378448	1	8	0.918582138069376	0.511014390209921	2675	10
2537	1	0.366245680044123	1	8	0.918582138069376	0.511014390209921	2675	10
2538	2	-0.505580907577171	0	8	0.918582138069376	0.511014390209921	2675	10
2539	0	0.17239509691511	0	8	0.918582138069376	0.511014390209921	2675	10
2542	2	-0.253402641916721	0	8	0.918582138069376	0.511014390209921	2675	10
2548	9	0.0899966920055512	0	8	0.918582138069376	0.511014390209921	2675	10
2549	0	-0.25002151012793	0	8	0.918582138069376	0.511014390209921	2675	10
2550	0	0.38592318802372	0	8	0.918582138069376	0.511014390209921	2675	10
2551	0	0.0773462363605852	0	8	0.918582138069376	0.511014390209921	2675	10
2553	0	0.292233765117602	0	8	0.918582138069376	0.511014390209921	2675	10
2555	0	-0.251726864786368	0	8	0.918582138069376	0.511014390209921	2675	10
2558	0	0.0948481141961001	0	8	0.918582138069376	0.511014390209921	2675	10
2561	6	-0.133323008897451	0	8	0.918582138069376	0.511014390209921	2675	10
2562	0	-0.268743872276364	0	8	0.918582138069376	0.511014390209921	2675	10
2568	1	0.64193546130307	1	8	0.918582138069376	0.511014390209921	2675	10
2570	6	-0.108886675234922	0	8	0.918582138069376	0.511014390209921	2675	10
2571	6	-0.213636445184748	0	8	0.918582138069376	0.511014390209921	2675	10
2580	9	0.0410233670601954	0	8	0.918582138069376	0.511014390209921	2675	10
2581	0	-0.0274490843613645	0	8	0.918582138069376	0.511014390209921	2675	10
2582	2	-0.163657518329269	0	8	0.918582138069376	0.511014390209921	2675	10
2583	1	0.512624108828677	1	8	0.918582138069376	0.511014390209921	2675	10
2584	2	-0.283383743071061	0	8	0.918582138069376	0.511014390209921	2675	10
2585	2	-0.0699935574017251	0	8	0.918582138069376	0.511014390209921	2675	10
2588	0	0.0480255902807025	0	8	0.918582138069376	0.511014390209921	2675	10
2589	1	0.787084538662217	1	8	0.918582138069376	0.511014390209921	2675	10
2590	0	0.232708796157141	0	8	0.918582138069376	0.511014390209921	2675	10
2591	1	0.50102936428635	1	8	0.918582138069376	0.511014390209921	2675	10
2592	2	-0.147678734545712	0	8	0.918582138069376	0.511014390209921	2675	10
2593	2	-0.141715416187563	0	8	0.918582138069376	0.511014390209921	2675	10
2615	1	0.410702710139278	1	8	0.918582138069376	0.511014390209921	2675	10
2617	7	0.292768285068835	0	8	0.918582138069376	0.511014390209921	2675	10
2618	1	0.459935063295621	1	8	0.918582138069376	0.511014390209921	2675	10
2619	0	0.11518351353606	0	8	0.918582138069376	0.511014390209921	2675	10
2620	0	-0.215453830341477	0	8	0.918582138069376	0.511014390209921	2675	10
2621	0	0.315573931193928	0	8	0.918582138069376	0.511014390209921	2675	10
2622	9	-0.0593689855149163	0	8	0.918582138069376	0.511014390209921	2675	10
2623	6	0.0189984464377046	0	8	0.918582138069376	0.511014390209921	2675	10
2624	0	0.132217581464036	0	8	0.918582138069376	0.511014390209921	2675	10
2625	5	0.215067291919095	0	8	0.918582138069376	0.511014390209921	2675	10
2627	1	0.572653760985777	1	8	0.918582138069376	0.511014390209921	2675	10
2628	2	-0.567132472574828	0	8	0.918582138069376	0.511014390209921	2675	10
2631	7	0.382548318042952	0	8	0.918582138069376	0.511014390209921	2675	10
2632	2	-0.3312613223809	0	8	0.918582138069376	0.511014390209921	2675	10
2633	1	0.559429667053312	1	8	0.918582138069376	0.511014390209921	2675	10
2634	1	0.7565362366326	1	8	0.918582138069376	0.511014390209921	2675	10
2638	0	-0.167937522254844	0	8	0.918582138069376	0.511014390209921	2675	10
2639	2	-0.233565206924615	0	8	0.918582138069376	0.511014390209921	2675	10
2642	6	-0.0124517015711172	0	8	0.918582138069376	0.511014390209921	2675	10
2643	2	-0.368189109636283	0	8	0.918582138069376	0.511014390209921	2675	10
2644	2	-0.145878932526364	0	8	0.918582138069376	0.511014390209921	2675	10
2647	3	-0.00301244184922211	0	8	0.918582138069376	0.511014390209921	2675	10
2648	5	0.259995155506193	0	8	0.918582138069376	0.511014390209921	2675	10
2649	6	-0.0192207127238357	0	8	0.918582138069376	0.511014390209921	2675	10
2650	1	0.707412696232149	1	8	0.918582138069376	0.511014390209921	2675	10
2651	6	-0.150067790144339	0	8	0.918582138069376	0.511014390209921	2675	10
2664	10	0.455205996338581	0	8	0.918582138069376	0.511014390209921	2675	10
2665	7	0.248808473426043	0	8	0.918582138069376	0.511014390209921	2675	10
2668	0	0.109109097426436	0	8	0.918582138069376	0.511014390209921	2675	10
2669	0	0.246038705559949	0	8	0.918582138069376	0.511014390209921	2675	10
2671	3	0.0566092383564284	0	8	0.918582138069376	0.511014390209921	2675	10
2672	1	0.753350529070935	1	8	0.918582138069376	0.511014390209921	2675	10
2673	1	0.541235495057903	1	8	0.918582138069376	0.511014390209921	2675	10
2674	1	0.730064603377956	1	8	0.918582138069376	0.511014390209921	2675	10
2675	1	0.620134858366033	1	8	0.918582138069376	0.511014390209921	2675	10
2677	4	-0.0862734911118465	0	8	0.918582138069376	0.511014390209921	2675	10
2683	1	0.587868556796133	1	8	0.918582138069376	0.511014390209921	2675	10
2687	1	0.720665748156256	1	8	0.918582138069376	0.511014390209921	2675	10
2690	8	-0.316504480184387	0	8	0.918582138069376	0.511014390209921	2675	10
2692	0	-0.0266001198077835	0	8	0.918582138069376	0.511014390209921	2675	10
2694	0	0.280521460220154	0	8	0.918582138069376	0.511014390209921	2675	10
2696	1	0.668190517490266	1	8	0.918582138069376	0.511014390209921	2675	10
2697	1	0.275722575885016	1	8	0.918582138069376	0.511014390209921	2675	10
2700	6	-0.111819819323093	0	8	0.918582138069376	0.511014390209921	2675	10
2701	0	0.0757196467805292	0	8	0.918582138069376	0.511014390209921	2675	10
2705	2	-0.336884792796727	0	8	0.918582138069376	0.511014390209921	2675	10
2707	0	0.37653059246407	0	8	0.918582138069376	0.511014390209921	2675	10
2710	2	-0.449120475065017	0	8	0.918582138069376	0.511014390209921	2675	10
2717	0	0.0747552643485904	0	8	0.918582138069376	0.511014390209921	2675	10
2719	0	-0.0865101688054017	0	8	0.918582138069376	0.511014390209921	2675	10
2729	2	-0.401928614147688	0	8	0.918582138069376	0.511014390209921	2675	10
2730	4	-0.28520788576251	0	8	0.918582138069376	0.511014390209921	2675	10
2731	2	-0.330138850214919	0	8	0.918582138069376	0.511014390209921	2675	10
2733	0	0.130504019295119	0	8	0.918582138069376	0.511014390209921	2675	10
2734	0	-0.017927626278478	0	8	0.918582138069376	0.511014390209921	2675	10
2735	1	0.727067415031635	1	8	0.918582138069376	0.511014390209921	2675	10
2736	1	0.614288628629258	1	8	0.918582138069376	0.511014390209921	2675	10
2737	0	-0.133971731554288	0	8	0.918582138069376	0.511014390209921	2675	10
2739	7	-0.200274159611897	0	8	0.918582138069376	0.511014390209921	2675	10
2740	6	-0.0250562269812738	0	8	0.918582138069376	0.511014390209921	2675	10
2743	0	0.0019792423623804	0	8	0.918582138069376	0.511014390209921	2675	10
2744	2	-0.285375566308985	0	8	0.918582138069376	0.511014390209921	2675	10
2745	2	-0.0403714417800143	0	8	0.918582138069376	0.511014390209921	2675	10
2746	2	-0.253075202591978	0	8	0.918582138069376	0.511014390209921	2675	10
2747	2	-0.31938343525027	0	8	0.918582138069376	0.511014390209921	2675	10
2752	1	0.492627581844958	1	8	0.918582138069376	0.511014390209921	2675	10
2760	1	0.65500037131898	1	8	0.918582138069376	0.511014390209921	2675	10
2762	1	0.42869269581522	1	8	0.918582138069376	0.511014390209921	2675	10
2764	0	0.0538944420216287	0	8	0.918582138069376	0.511014390209921	2675	10
2766	0	-0.107309979420651	0	8	0.918582138069376	0.511014390209921	2675	10
2767	9	-0.0851557369765526	0	8	0.918582138069376	0.511014390209921	2675	10
2768	0	0.313279818965395	0	8	0.918582138069376	0.511014390209921	2675	10
2769	1	0.73479562333009	1	8	0.918582138069376	0.511014390209921	2675	10
2770	0	0.424603967475782	0	8	0.918582138069376	0.511014390209921	2675	10
2771	10	0.741870994878557	0	8	0.918582138069376	0.511014390209921	2675	10
2773	0	0.393040356196091	0	8	0.918582138069376	0.511014390209921	2675	10
2774	0	-0.163957462105648	0	8	0.918582138069376	0.511014390209921	2675	10
2775	1	0.435331121858343	1	8	0.918582138069376	0.511014390209921	2675	10
2776	1	0.589952808119269	1	8	0.918582138069376	0.511014390209921	2675	10
2778	1	0.61295423223145	1	8	0.918582138069376	0.511014390209921	2675	10
2780	0	0.314701747071164	0	8	0.918582138069376	0.511014390209921	2675	10
2781	1	0.534161128782227	1	8	0.918582138069376	0.511014390209921	2675	10
2782	10	0.52834952126368	0	8	0.918582138069376	0.511014390209921	2675	10
2783	3	0.449894546603019	0	8	0.918582138069376	0.511014390209921	2675	10
2784	5	0.460667686160931	0	8	0.918582138069376	0.511014390209921	2675	10
2785	0	0.340528107632639	0	8	0.918582138069376	0.511014390209921	2675	10
2786	1	0.478795271948697	1	8	0.918582138069376	0.511014390209921	2675	10
2787	3	0.123002671867811	0	8	0.918582138069376	0.511014390209921	2675	10
2788	6	0.0439114189607939	0	8	0.918582138069376	0.511014390209921	2675	10
2791	1	0.420524517589861	1	8	0.918582138069376	0.511014390209921	2675	10
2796	0	0.348122797736324	0	8	0.918582138069376	0.511014390209921	2675	10
2798	0	-0.169465143141768	0	8	0.918582138069376	0.511014390209921	2675	10
2799	2	-0.37568831698696	0	8	0.918582138069376	0.511014390209921	2675	10
2800	0	0.303233071739826	0	8	0.918582138069376	0.511014390209921	2675	10
2801	0	0.493754445688538	0	8	0.918582138069376	0.511014390209921	2675	10
2802	1	0.63335668058666	1	8	0.918582138069376	0.511014390209921	2675	10
2803	0	-0.138223442581871	0	8	0.918582138069376	0.511014390209921	2675	10
2804	4	-0.0272612725537376	0	8	0.918582138069376	0.511014390209921	2675	10
2805	2	-0.343187028366752	0	8	0.918582138069376	0.511014390209921	2675	10
2806	2	-0.28132333693085	0	8	0.918582138069376	0.511014390209921	2675	10
2810	1	0.641325447280213	1	8	0.918582138069376	0.511014390209921	2675	10
2811	6	-0.125988515175031	0	8	0.918582138069376	0.511014390209921	2675	10
2813	6	0.182511468834174	0	8	0.918582138069376	0.511014390209921	2675	10
2815	0	0.248890460890787	0	8	0.918582138069376	0.511014390209921	2675	10
2817	5	0.483411171404708	0	8	0.918582138069376	0.511014390209921	2675	10
2819	2	-0.329609212855961	0	8	0.918582138069376	0.511014390209921	2675	10
2820	1	0.479881107278444	1	8	0.918582138069376	0.511014390209921	2675	10
2821	0	0.0831953513439449	0	8	0.918582138069376	0.511014390209921	2675	10
2822	6	-0.0467978880206844	0	8	0.918582138069376	0.511014390209921	2675	10
2823	0	0.364242244596371	0	8	0.918582138069376	0.511014390209921	2675	10
2824	0	0.486545517367449	0	8	0.918582138069376	0.511014390209921	2675	10
2826	0	0.370583660250996	0	8	0.918582138069376	0.511014390209921	2675	10
2827	0	0.150209010236819	0	8	0.918582138069376	0.511014390209921	2675	10
2828	0	0.0727554687485976	0	8	0.918582138069376	0.511014390209921	2675	10
2829	1	0.716881700805643	1	8	0.918582138069376	0.511014390209921	2675	10
2833	1	0.81551886056281	1	8	0.918582138069376	0.511014390209921	2675	10
2838	1	0.456332382585116	1	8	0.918582138069376	0.511014390209921	2675	10
2840	5	0.184796067809941	0	8	0.918582138069376	0.511014390209921	2675	10
2841	1	0.463209059974153	1	8	0.918582138069376	0.511014390209921	2675	10
2843	5	0.272969158260975	0	8	0.918582138069376	0.511014390209921	2675	10
2845	0	0.0234226828260654	0	8	0.918582138069376	0.511014390209921	2675	10
2850	0	0.226799665657577	0	8	0.918582138069376	0.511014390209921	2675	10
2852	0	-0.127883416754466	0	8	0.918582138069376	0.511014390209921	2675	10
2859	0	0.259796672694082	0	8	0.918582138069376	0.511014390209921	2675	10
2861	1	0.53985891444589	1	8	0.918582138069376	0.511014390209921	2675	10
2863	0	0.204073622734584	0	8	0.918582138069376	0.511014390209921	2675	10
2867	0	0.373172621223897	0	8	0.918582138069376	0.511014390209921	2675	10
2868	0	-0.0992530447406314	0	8	0.918582138069376	0.511014390209921	2675	10
2869	1	0.783506260334243	1	8	0.918582138069376	0.511014390209921	2675	10
2870	1	0.789469174189729	1	8	0.918582138069376	0.511014390209921	2675	10
2872	0	0.219067309149575	0	8	0.918582138069376	0.511014390209921	2675	10
2873	2	-0.222414395177411	0	8	0.918582138069376	0.511014390209921	2675	10
2875	2	-0.157414889938962	0	8	0.918582138069376	0.511014390209921	2675	10
2877	0	-0.063716056555004	0	8	0.918582138069376	0.511014390209921	2675	10
2878	2	-0.525042775695675	0	8	0.918582138069376	0.511014390209921	2675	10
2879	3	0.0538031621157554	0	8	0.918582138069376	0.511014390209921	2675	10
2882	1	0.517575982000676	1	8	0.918582138069376	0.511014390209921	2675	10
2885	0	0.30754569480499	0	8	0.918582138069376	0.511014390209921	2675	10
2886	0	0.0214296103086107	0	8	0.918582138069376	0.511014390209921	2675	10
2887	2	-0.396685360979505	0	8	0.918582138069376	0.511014390209921	2675	10
2888	4	-0.1504449566766	0	8	0.918582138069376	0.511014390209921	2675	10
2889	5	0.350588119277514	0	8	0.918582138069376	0.511014390209921	2675	10
2891	6	-0.0228696842187362	0	8	0.918582138069376	0.511014390209921	2675	10
2892	0	-0.47169807878783	0	8	0.918582138069376	0.511014390209921	2675	10
2893	0	-0.0243807111555563	0	8	0.918582138069376	0.511014390209921	2675	10
2896	10	0.343256258851551	0	8	0.918582138069376	0.511014390209921	2675	10
2897	0	0.234398346435381	0	8	0.918582138069376	0.511014390209921	2675	10
2898	6	0.0270976204590558	0	8	0.918582138069376	0.511014390209921	2675	10
2899	0	-0.13592897384269	0	8	0.918582138069376	0.511014390209921	2675	10
2900	1	0.456177374575977	1	8	0.918582138069376	0.511014390209921	2675	10
2901	5	0.310174913100034	0	8	0.918582138069376	0.511014390209921	2675	10
2903	1	0.60156736906886	1	8	0.918582138069376	0.511014390209921	2675	10
2904	1	0.470787725652404	1	8	0.918582138069376	0.511014390209921	2675	10
2905	5	0.155139191477413	0	8	0.918582138069376	0.511014390209921	2675	10
2906	5	0.548717127720878	0	8	0.918582138069376	0.511014390209921	2675	10
2907	2	-0.330904841055154	0	8	0.918582138069376	0.511014390209921	2675	10
2908	1	0.420840587853716	1	8	0.918582138069376	0.511014390209921	2675	10
2909	0	0.154001611784386	0	8	0.918582138069376	0.511014390209921	2675	10
2911	6	-0.0851740962213374	0	8	0.918582138069376	0.511014390209921	2675	10
2915	0	0.270003919442544	0	8	0.918582138069376	0.511014390209921	2675	10
2916	0	0.42190346880599	0	8	0.918582138069376	0.511014390209921	2675	10
2918	1	0.446392235425967	1	8	0.918582138069376	0.511014390209921	2675	10
2919	1	0.616164989424342	1	8	0.918582138069376	0.511014390209921	2675	10
2920	0	0.221785518404993	0	8	0.918582138069376	0.511014390209921	2675	10
2921	0	0.345250033342813	0	8	0.918582138069376	0.511014390209921	2675	10
2923	7	0.31049730075617	0	8	0.918582138069376	0.511014390209921	2675	10
2926	0	-0.0917790425459827	0	8	0.918582138069376	0.511014390209921	2675	10
2931	0	-0.200320210137023	0	8	0.918582138069376	0.511014390209921	2675	10
2932	1	0.421742324244053	1	8	0.918582138069376	0.511014390209921	2675	10
2934	5	0.40358966013786	0	8	0.918582138069376	0.511014390209921	2675	10
2935	0	0.131150425435479	0	8	0.918582138069376	0.511014390209921	2675	10
2936	2	-0.228804589108468	0	8	0.918582138069376	0.511014390209921	2675	10
2937	2	-0.294110672854045	0	8	0.918582138069376	0.511014390209921	2675	10
2938	2	-0.364079832931049	0	8	0.918582138069376	0.511014390209921	2675	10
2941	0	-0.215947882884059	0	8	0.918582138069376	0.511014390209921	2675	10
2947	0	-0.122477381885097	0	8	0.918582138069376	0.511014390209921	2675	10
2948	2	-0.10660849433906	0	8	0.918582138069376	0.511014390209921	2675	10
2949	1	0.526300804024901	1	8	0.918582138069376	0.511014390209921	2675	10
2950	3	0.57194541571598	0	8	0.918582138069376	0.511014390209921	2675	10
2954	3	-0.0752117919559717	0	8	0.918582138069376	0.511014390209921	2675	10
2956	0	0.395058959659023	0	8	0.918582138069376	0.511014390209921	2675	10
2957	0	0.0863276607203425	0	8	0.918582138069376	0.511014390209921	2675	10
2958	3	0.0790924569732548	0	8	0.918582138069376	0.511014390209921	2675	10
2959	0	-0.0599810818948195	0	8	0.918582138069376	0.511014390209921	2675	10
2960	0	0.32195791782944	0	8	0.918582138069376	0.511014390209921	2675	10
2961	7	0.0328434403372164	0	8	0.918582138069376	0.511014390209921	2675	10
2962	0	0.217575020394523	0	8	0.918582138069376	0.511014390209921	2675	10
2963	7	0.432434513398564	0	8	0.918582138069376	0.511014390209921	2675	10
2965	0	0.0972672590262163	0	8	0.918582138069376	0.511014390209921	2675	10
2967	0	0.052281075459083	0	8	0.918582138069376	0.511014390209921	2675	10
2968	0	0.217597900782517	0	8	0.918582138069376	0.511014390209921	2675	10
2969	0	0.158051862367625	0	8	0.918582138069376	0.511014390209921	2675	10
2971	3	0.25381447608295	0	8	0.918582138069376	0.511014390209921	2675	10
2972	5	0.281542497067472	0	8	0.918582138069376	0.511014390209921	2675	10
2975	0	0.312651400051587	0	8	0.918582138069376	0.511014390209921	2675	10
2976	0	0.256697443286327	0	8	0.918582138069376	0.511014390209921	2675	10
2977	1	0.710732464316347	1	8	0.918582138069376	0.511014390209921	2675	10
2979	6	0.0859672267956087	0	8	0.918582138069376	0.511014390209921	2675	10
2982	1	0.642657001152438	1	8	0.918582138069376	0.511014390209921	2675	10
2983	1	0.552137319355272	1	8	0.918582138069376	0.511014390209921	2675	10
2984	6	-0.105238272886044	0	8	0.918582138069376	0.511014390209921	2675	10
2987	3	0.0166858111599794	0	8	0.918582138069376	0.511014390209921	2675	10
2990	0	0.0380833692697019	0	8	0.918582138069376	0.511014390209921	2675	10
2992	7	0.490285636036764	0	8	0.918582138069376	0.511014390209921	2675	10
2995	1	0.695607055634063	1	8	0.918582138069376	0.511014390209921	2675	10
2997	9	-0.05182333366514	0	8	0.918582138069376	0.511014390209921	2675	10
2998	6	0.0352657933415904	0	8	0.918582138069376	0.511014390209921	2675	10
2999	1	0.66806775000529	1	8	0.918582138069376	0.511014390209921	2675	10
3000	0	0.210954842193115	0	8	0.918582138069376	0.511014390209921	2675	10
3001	1	0.768441451381458	1	8	0.918582138069376	0.511014390209921	2675	10
3002	1	0.688953192823185	1	8	0.918582138069376	0.511014390209921	2675	10
3003	1	0.709291447869479	1	8	0.918582138069376	0.511014390209921	2675	10
3004	1	0.727740992221382	1	8	0.918582138069376	0.511014390209921	2675	10
3005	0	0.194333749768058	0	8	0.918582138069376	0.511014390209921	2675	10
3006	3	0.202708444055335	0	8	0.918582138069376	0.511014390209921	2675	10
3007	1	0.663958241519876	1	8	0.918582138069376	0.511014390209921	2675	10
3008	3	0.396742232421924	0	8	0.918582138069376	0.511014390209921	2675	10
3009	1	0.724440517451159	1	8	0.918582138069376	0.511014390209921	2675	10
3014	1	0.539502818293287	1	8	0.918582138069376	0.511014390209921	2675	10
3015	7	0.402573611908225	0	8	0.918582138069376	0.511014390209921	2675	10
3017	3	0.326807678815927	0	8	0.918582138069376	0.511014390209921	2675	10
3018	1	0.471904141149112	1	8	0.918582138069376	0.511014390209921	2675	10
3024	3	0.28553409653372	0	8	0.918582138069376	0.511014390209921	2675	10
3026	0	0.225518695246056	0	8	0.918582138069376	0.511014390209921	2675	10
3028	3	-0.0107271137156405	0	8	0.918582138069376	0.511014390209921	2675	10
3029	2	-0.335701824732203	0	8	0.918582138069376	0.511014390209921	2675	10
3030	2	-0.0991226979873272	0	8	0.918582138069376	0.511014390209921	2675	10
3032	2	-0.300382371708275	0	8	0.918582138069376	0.511014390209921	2675	10
3033	2	-0.355904579004071	0	8	0.918582138069376	0.511014390209921	2675	10
3034	0	0.163342241891117	0	8	0.918582138069376	0.511014390209921	2675	10
3037	1	0.675683987677177	1	8	0.918582138069376	0.511014390209921	2675	10
3043	0	0.186210942614137	0	8	0.918582138069376	0.511014390209921	2675	10
3052	0	-0.00377477668954965	0	8	0.918582138069376	0.511014390209921	2675	10
3053	0	0.227313037356168	0	8	0.918582138069376	0.511014390209921	2675	10
3054	5	0.368621785440313	0	8	0.918582138069376	0.511014390209921	2675	10
3055	1	0.722404469116299	1	8	0.918582138069376	0.511014390209921	2675	10
3059	1	0.79048036741379	1	8	0.918582138069376	0.511014390209921	2675	10
3061	1	0.633215235777808	1	8	0.918582138069376	0.511014390209921	2675	10
3062	6	-0.0692264530990775	0	8	0.918582138069376	0.511014390209921	2675	10
3064	1	0.675075382259035	1	8	0.918582138069376	0.511014390209921	2675	10
3065	1	0.464400248618078	1	8	0.918582138069376	0.511014390209921	2675	10
3066	0	0.0185172040116468	0	8	0.918582138069376	0.511014390209921	2675	10
3067	1	0.661885560873679	1	8	0.918582138069376	0.511014390209921	2675	10
3068	3	0.15354509480219	0	8	0.918582138069376	0.511014390209921	2675	10
3069	1	0.646626300900811	1	8	0.918582138069376	0.511014390209921	2675	10
3071	1	0.676160463266691	1	8	0.918582138069376	0.511014390209921	2675	10
3073	3	0.0233286633974546	0	8	0.918582138069376	0.511014390209921	2675	10
3074	0	0.0382499514050379	0	8	0.918582138069376	0.511014390209921	2675	10
3075	1	0.585470199483339	1	8	0.918582138069376	0.511014390209921	2675	10
3077	0	0.121636346524278	0	8	0.918582138069376	0.511014390209921	2675	10
3081	2	-0.492558759779501	0	8	0.918582138069376	0.511014390209921	2675	10
3082	1	0.676229779071705	1	8	0.918582138069376	0.511014390209921	2675	10
3083	0	0.308853387803386	0	8	0.918582138069376	0.511014390209921	2675	10
3084	6	-0.00289932321782374	0	8	0.918582138069376	0.511014390209921	2675	10
3087	1	0.533484774502946	1	8	0.918582138069376	0.511014390209921	2675	10
3090	0	0.285624214785019	0	8	0.918582138069376	0.511014390209921	2675	10
3091	1	0.517334602476793	1	8	0.918582138069376	0.511014390209921	2675	10
3092	1	0.592859759596573	1	8	0.918582138069376	0.511014390209921	2675	10
3093	4	-0.0422430849787416	0	8	0.918582138069376	0.511014390209921	2675	10
3094	3	0.262091682939424	0	8	0.918582138069376	0.511014390209921	2675	10
3096	1	0.593173123746174	1	8	0.918582138069376	0.511014390209921	2675	10
3097	1	0.51216573118894	1	8	0.918582138069376	0.511014390209921	2675	10
3098	0	0.559320776067393	0	8	0.918582138069376	0.511014390209921	2675	10
3099	2	0.469147328279564	0	8	0.918582138069376	0.511014390209921	2675	10
3101	1	0.72837776936974	1	8	0.918582138069376	0.511014390209921	2675	10
3104	0	-0.0188838464220165	0	8	0.918582138069376	0.511014390209921	2675	10
3105	0	0.20201418591732	0	8	0.918582138069376	0.511014390209921	2675	10
3106	1	0.607356052072844	1	8	0.918582138069376	0.511014390209921	2675	10
3107	1	0.418345102718251	1	8	0.918582138069376	0.511014390209921	2675	10
3108	0	0.262329741035669	0	8	0.918582138069376	0.511014390209921	2675	10
3111	0	0.400727462977011	0	8	0.918582138069376	0.511014390209921	2675	10
3115	1	0.495348261531198	1	8	0.918582138069376	0.511014390209921	2675	10
3117	0	0.2391453711253	0	8	0.918582138069376	0.511014390209921	2675	10
3119	0	0.207390116656957	0	8	0.918582138069376	0.511014390209921	2675	10
3122	0	0.245374524285264	0	8	0.918582138069376	0.511014390209921	2675	10
3123	1	0.524083538715158	1	8	0.918582138069376	0.511014390209921	2675	10
3131	0	0.137057421868165	0	8	0.918582138069376	0.511014390209921	2675	10
3134	1	0.38902282571875	1	8	0.918582138069376	0.511014390209921	2675	10
3140	1	0.665428813756943	1	8	0.918582138069376	0.511014390209921	2675	10
3141	0	0.338285469218101	0	8	0.918582138069376	0.511014390209921	2675	10
3142	0	0.301754615582151	0	8	0.918582138069376	0.511014390209921	2675	10
3145	3	0.145055064028458	0	8	0.918582138069376	0.511014390209921	2675	10
3148	7	0.349109224772027	0	8	0.918582138069376	0.511014390209921	2675	10
3149	0	0.310736241054406	0	8	0.918582138069376	0.511014390209921	2675	10
3155	2	-0.313371790847445	0	8	0.918582138069376	0.511014390209921	2675	10
3156	4	0.0312799366154818	0	8	0.918582138069376	0.511014390209921	2675	10
3157	0	-0.251806253899255	0	8	0.918582138069376	0.511014390209921	2675	10
3158	2	-0.0705825544268756	0	8	0.918582138069376	0.511014390209921	2675	10
3162	2	-0.192678952418952	0	8	0.918582138069376	0.511014390209921	2675	10
3163	3	0.130319215618591	0	8	0.918582138069376	0.511014390209921	2675	10
3164	0	-0.0191362210967824	0	8	0.918582138069376	0.511014390209921	2675	10
3172	2	-0.357944220104806	0	8	0.918582138069376	0.511014390209921	2675	10
3174	6	-0.0940380979749501	0	8	0.918582138069376	0.511014390209921	2675	10
3176	2	-0.159851217646857	0	8	0.918582138069376	0.511014390209921	2675	10
3177	5	0.122931726879856	0	8	0.918582138069376	0.511014390209921	2675	10
3181	0	0.169821872660967	0	8	0.918582138069376	0.511014390209921	2675	10
3182	1	0.438384540443882	1	8	0.918582138069376	0.511014390209921	2675	10
3184	0	0.07058795740735	0	8	0.918582138069376	0.511014390209921	2675	10
3185	1	0.474968453840445	1	8	0.918582138069376	0.511014390209921	2675	10
3187	1	0.579970406809287	1	8	0.918582138069376	0.511014390209921	2675	10
3189	0	-0.00633227057755385	0	8	0.918582138069376	0.511014390209921	2675	10
3191	1	0.573043870634191	1	8	0.918582138069376	0.511014390209921	2675	10
3192	5	0.450046506042837	0	8	0.918582138069376	0.511014390209921	2675	10
3198	0	0.335421022827761	0	8	0.918582138069376	0.511014390209921	2675	10
3199	0	0.369257566247877	0	8	0.918582138069376	0.511014390209921	2675	10
3200	5	0.320653314713881	0	8	0.918582138069376	0.511014390209921	2675	10
3201	0	-0.0623567966002405	0	8	0.918582138069376	0.511014390209921	2675	10
3202	0	0.260351935484269	0	8	0.918582138069376	0.511014390209921	2675	10
3203	5	0.382227787091452	0	8	0.918582138069376	0.511014390209921	2675	10
3204	0	-0.0302464825506855	0	8	0.918582138069376	0.511014390209921	2675	10
3206	1	0.617640539521811	1	8	0.918582138069376	0.511014390209921	2675	10
3207	1	0.793656337894556	1	8	0.918582138069376	0.511014390209921	2675	10
3212	0	0.405381542602355	0	8	0.918582138069376	0.511014390209921	2675	10
3215	5	0.470335542268191	0	8	0.918582138069376	0.511014390209921	2675	10
3216	0	0.311484302044189	0	8	0.918582138069376	0.511014390209921	2675	10
3217	0	0.29012473164503	0	8	0.918582138069376	0.511014390209921	2675	10
3218	0	0.0970234746111588	0	8	0.918582138069376	0.511014390209921	2675	10
3219	1	0.5635566846343	1	8	0.918582138069376	0.511014390209921	2675	10
3221	0	0.0205793069046627	0	8	0.918582138069376	0.511014390209921	2675	10
3222	5	0.385979840909541	0	8	0.918582138069376	0.511014390209921	2675	10
3223	5	0.268313596138519	0	8	0.918582138069376	0.511014390209921	2675	10
3224	5	-0.00541128081957168	0	8	0.918582138069376	0.511014390209921	2675	10
3226	2	-0.181918289389145	0	8	0.918582138069376	0.511014390209921	2675	10
3231	0	0.138858175619533	0	8	0.918582138069376	0.511014390209921	2675	10
3235	0	-0.0111469483447278	0	8	0.918582138069376	0.511014390209921	2675	10
3236	0	0.394095711219869	0	8	0.918582138069376	0.511014390209921	2675	10
3237	1	0.637489117931411	1	8	0.918582138069376	0.511014390209921	2675	10
3240	1	0.592179681188582	1	8	0.918582138069376	0.511014390209921	2675	10
3241	2	-0.214570208527374	0	8	0.918582138069376	0.511014390209921	2675	10
3242	2	-0.548355094318578	0	8	0.918582138069376	0.511014390209921	2675	10
3248	2	-0.370877146705201	0	8	0.918582138069376	0.511014390209921	2675	10
3249	2	-0.536948178642142	0	8	0.918582138069376	0.511014390209921	2675	10
3251	0	-0.159610200575495	0	8	0.918582138069376	0.511014390209921	2675	10
3265	3	0.328829931750993	0	8	0.918582138069376	0.511014390209921	2675	10
3267	0	0.398844537045432	0	8	0.918582138069376	0.511014390209921	2675	10
3268	5	0.516106060568709	0	8	0.918582138069376	0.511014390209921	2675	10
3269	1	0.705878857114169	1	8	0.918582138069376	0.511014390209921	2675	10
3270	0	0.263886336100497	0	8	0.918582138069376	0.511014390209921	2675	10
3273	0	-0.404378130522033	0	8	0.918582138069376	0.511014390209921	2675	10
3274	1	0.618962113662771	1	8	0.918582138069376	0.511014390209921	2675	10
3275	1	0.595326534100313	1	8	0.918582138069376	0.511014390209921	2675	10
3276	3	0.470614291328086	0	8	0.918582138069376	0.511014390209921	2675	10
3280	6	0.0430253382654568	0	8	0.918582138069376	0.511014390209921	2675	10
3281	3	0.333897660826174	0	8	0.918582138069376	0.511014390209921	2675	10
3283	6	0.0818131423548076	0	8	0.918582138069376	0.511014390209921	2675	10
3284	6	-0.0734980884385374	0	8	0.918582138069376	0.511014390209921	2675	10
3290	0	0.295000510961866	0	8	0.918582138069376	0.511014390209921	2675	10
3291	2	-0.395908471280379	0	8	0.918582138069376	0.511014390209921	2675	10
3293	0	-0.15519743191268	0	8	0.918582138069376	0.511014390209921	2675	10
3294	0	0.294449959875553	0	8	0.918582138069376	0.511014390209921	2675	10
3295	2	-0.215105274867503	0	8	0.918582138069376	0.511014390209921	2675	10
3297	0	0.291031708717575	0	8	0.918582138069376	0.511014390209921	2675	10
3298	4	0.105520635985919	0	8	0.918582138069376	0.511014390209921	2675	10
3300	3	0.114039338642907	0	8	0.918582138069376	0.511014390209921	2675	10
3301	0	-0.0283681595238623	0	8	0.918582138069376	0.511014390209921	2675	10
3306	0	0.120259378917168	0	8	0.918582138069376	0.511014390209921	2675	10
3308	2	-0.218114595096654	0	8	0.918582138069376	0.511014390209921	2675	10
3309	1	0.380452356647824	1	8	0.918582138069376	0.511014390209921	2675	10
3310	1	0.669155638500361	1	8	0.918582138069376	0.511014390209921	2675	10
3313	2	-0.406576921015061	0	8	0.918582138069376	0.511014390209921	2675	10
3320	2	-0.151441518363472	0	8	0.918582138069376	0.511014390209921	2675	10
3321	0	0.161012668966726	0	8	0.918582138069376	0.511014390209921	2675	10
3326	1	0.33254314649637	1	8	0.918582138069376	0.511014390209921	2675	10
3337	2	0.0271876392755268	0	8	0.918582138069376	0.511014390209921	2675	10
3338	3	0.150080664041667	0	8	0.918582138069376	0.511014390209921	2675	10
3339	0	0.571347791993886	0	8	0.918582138069376	0.511014390209921	2675	10
3340	5	0.528439663311885	0	8	0.918582138069376	0.511014390209921	2675	10
3344	1	0.405117355368034	1	8	0.918582138069376	0.511014390209921	2675	10
3351	6	0.00355408432879641	0	8	0.918582138069376	0.511014390209921	2675	10
3355	0	0.145538214021349	0	8	0.918582138069376	0.511014390209921	2675	10
3357	1	0.469645320790829	1	8	0.918582138069376	0.511014390209921	2675	10
3362	5	0.229572046071978	0	8	0.918582138069376	0.511014390209921	2675	10
3363	1	0.717475344546996	1	8	0.918582138069376	0.511014390209921	2675	10
3364	0	0.466876883604196	0	8	0.918582138069376	0.511014390209921	2675	10
3371	1	0.791225614900534	1	8	0.918582138069376	0.511014390209921	2675	10
3373	2	-0.405927720139547	0	8	0.918582138069376	0.511014390209921	2675	10
3376	1	0.441531942783256	1	8	0.918582138069376	0.511014390209921	2675	10
3382	0	-0.00776582161091228	0	8	0.918582138069376	0.511014390209921	2675	10
3383	1	0.494410206818031	1	8	0.918582138069376	0.511014390209921	2675	10
3384	1	0.566205174843134	1	8	0.918582138069376	0.511014390209921	2675	10
3385	1	0.611577050855954	1	8	0.918582138069376	0.511014390209921	2675	10
3386	0	-0.0117922410716941	0	8	0.918582138069376	0.511014390209921	2675	10
3394	1	0.806146776705582	1	8	0.918582138069376	0.511014390209921	2675	10
3396	2	-0.0877771455792349	0	8	0.918582138069376	0.511014390209921	2675	10
3397	1	0.245839943484814	1	8	0.918582138069376	0.511014390209921	2675	10
3398	7	-0.168032349355867	0	8	0.918582138069376	0.511014390209921	2675	10
3399	1	0.515856779266115	1	8	0.918582138069376	0.511014390209921	2675	10
3400	0	0.114354949445448	0	8	0.918582138069376	0.511014390209921	2675	10
3416	0	0.118608929288962	0	8	0.918582138069376	0.511014390209921	2675	10
3417	2	-0.509170948387621	0	8	0.918582138069376	0.511014390209921	2675	10
3418	2	-0.249244427465849	0	8	0.918582138069376	0.511014390209921	2675	10
3419	4	-0.078751662970682	0	8	0.918582138069376	0.511014390209921	2675	10
3420	2	-0.214870976351248	0	8	0.918582138069376	0.511014390209921	2675	10
3421	3	-0.222003662849089	0	8	0.918582138069376	0.511014390209921	2675	10
3422	7	-0.0854220951796177	0	8	0.918582138069376	0.511014390209921	2675	10
3423	1	0.587218646438703	1	8	0.918582138069376	0.511014390209921	2675	10
3425	5	0.474224438070566	0	8	0.918582138069376	0.511014390209921	2675	10
3426	2	-0.116794365604889	0	8	0.918582138069376	0.511014390209921	2675	10
3428	1	0.787973489092958	1	8	0.918582138069376	0.511014390209921	2675	10
3429	1	0.464546812873673	1	8	0.918582138069376	0.511014390209921	2675	10
3430	3	0.51854453240648	0	8	0.918582138069376	0.511014390209921	2675	10
3431	1	0.691756060525222	1	8	0.918582138069376	0.511014390209921	2675	10
3433	1	0.410597775862593	1	8	0.918582138069376	0.511014390209921	2675	10
3434	2	-0.235417923708643	0	8	0.918582138069376	0.511014390209921	2675	10
3437	0	0.186137087969931	0	8	0.918582138069376	0.511014390209921	2675	10
3454	1	0.601454847926482	1	8	0.918582138069376	0.511014390209921	2675	10
3455	1	0.717233259623085	1	8	0.918582138069376	0.511014390209921	2675	10
3459	1	0.502749044142929	1	8	0.918582138069376	0.511014390209921	2675	10
3460	1	0.585944689611892	1	8	0.918582138069376	0.511014390209921	2675	10
3475	0	-0.129153672175395	0	8	0.918582138069376	0.511014390209921	2675	10
3476	3	0.0930822685496974	0	8	0.918582138069376	0.511014390209921	2675	10
3479	0	0.238599754488035	0	8	0.918582138069376	0.511014390209921	2675	10
3480	6	-0.109071330359114	0	8	0.918582138069376	0.511014390209921	2675	10
3482	0	0.196844082868795	0	8	0.918582138069376	0.511014390209921	2675	10
3483	6	0.0677202430095411	0	8	0.918582138069376	0.511014390209921	2675	10
3484	0	-0.289055397173288	0	8	0.918582138069376	0.511014390209921	2675	10
3485	0	0.112935459630823	0	8	0.918582138069376	0.511014390209921	2675	10
3486	0	0.295872146408797	0	8	0.918582138069376	0.511014390209921	2675	10
3487	2	-0.138021164199164	0	8	0.918582138069376	0.511014390209921	2675	10
3488	8	0.0607709224229254	0	8	0.918582138069376	0.511014390209921	2675	10
3489	1	0.525973464179917	1	8	0.918582138069376	0.511014390209921	2675	10
3490	1	0.668404365858686	1	8	0.918582138069376	0.511014390209921	2675	10
3491	0	-0.157948286214252	0	8	0.918582138069376	0.511014390209921	2675	10
3508	5	0.203184126135806	0	8	0.918582138069376	0.511014390209921	2675	10
3512	1	0.673639232435049	1	8	0.918582138069376	0.511014390209921	2675	10
3516	4	0.211787513994508	0	8	0.918582138069376	0.511014390209921	2675	10
3547	0	-0.099622348069705	0	8	0.918582138069376	0.511014390209921	2675	10
3549	6	-0.128938099575553	0	8	0.918582138069376	0.511014390209921	2675	10
3551	1	0.609384731323474	1	8	0.918582138069376	0.511014390209921	2675	10
3553	0	0.380579714438238	0	8	0.918582138069376	0.511014390209921	2675	10
3554	1	0.653276934925768	1	8	0.918582138069376	0.511014390209921	2675	10
3556	0	-0.0618214415474561	0	8	0.918582138069376	0.511014390209921	2675	10
3557	1	0.438428404974047	1	8	0.918582138069376	0.511014390209921	2675	10
3559	1	0.651027874574873	1	8	0.918582138069376	0.511014390209921	2675	10
3560	1	0.739374350359701	1	8	0.918582138069376	0.511014390209921	2675	10
3561	1	0.591600590095179	1	8	0.918582138069376	0.511014390209921	2675	10
3566	1	0.580476078501584	1	8	0.918582138069376	0.511014390209921	2675	10
3568	1	0.647333643296441	1	8	0.918582138069376	0.511014390209921	2675	10
3569	0	0.153540243105747	0	8	0.918582138069376	0.511014390209921	2675	10
3570	0	-0.0658834354757922	0	8	0.918582138069376	0.511014390209921	2675	10
3572	1	0.533455646450872	1	8	0.918582138069376	0.511014390209921	2675	10
3574	1	0.636445022310892	1	8	0.918582138069376	0.511014390209921	2675	10
3575	1	0.635082016830415	1	8	0.918582138069376	0.511014390209921	2675	10
3576	0	0.29576859730439	0	8	0.918582138069376	0.511014390209921	2675	10
3577	0	0.233721409320698	0	8	0.918582138069376	0.511014390209921	2675	10
3579	0	0.299588226386994	0	8	0.918582138069376	0.511014390209921	2675	10
3587	1	0.818816835209369	1	8	0.918582138069376	0.511014390209921	2675	10
3588	0	0.364609139154542	0	8	0.918582138069376	0.511014390209921	2675	10
3589	0	0.448773823555587	0	8	0.918582138069376	0.511014390209921	2675	10
3590	0	0.0759355383958277	0	8	0.918582138069376	0.511014390209921	2675	10
3594	1	0.739207416676885	1	8	0.918582138069376	0.511014390209921	2675	10
3595	0	0.386220261934456	0	8	0.918582138069376	0.511014390209921	2675	10
3597	1	0.56355546401353	1	8	0.918582138069376	0.511014390209921	2675	10
3598	8	-0.241328387604656	0	8	0.918582138069376	0.511014390209921	2675	10
3600	1	0.403783399451244	1	8	0.918582138069376	0.511014390209921	2675	10
3601	1	0.597611133868583	1	8	0.918582138069376	0.511014390209921	2675	10
3603	1	0.814164453092728	1	8	0.918582138069376	0.511014390209921	2675	10
3604	1	0.479941153420162	1	8	0.918582138069376	0.511014390209921	2675	10
3606	1	0.390164255416973	1	8	0.918582138069376	0.511014390209921	2675	10
3607	0	0.423237479348409	0	8	0.918582138069376	0.511014390209921	2675	10
3608	3	0.231510098135847	0	8	0.918582138069376	0.511014390209921	2675	10
3609	1	0.60775983748833	1	8	0.918582138069376	0.511014390209921	2675	10
3611	3	0.371702470530221	0	8	0.918582138069376	0.511014390209921	2675	10
3612	4	-0.14698949187922	0	8	0.918582138069376	0.511014390209921	2675	10
3613	2	-0.239213858640698	0	8	0.918582138069376	0.511014390209921	2675	10
3614	1	0.780129696296153	1	8	0.918582138069376	0.511014390209921	2675	10
3615	3	0.278128660872504	0	8	0.918582138069376	0.511014390209921	2675	10
3617	0	-0.150799766558185	0	8	0.918582138069376	0.511014390209921	2675	10
3619	5	0.239793299416213	0	8	0.918582138069376	0.511014390209921	2675	10
3620	1	0.553587194464787	1	8	0.918582138069376	0.511014390209921	2675	10
3621	0	0.260054248462614	0	8	0.918582138069376	0.511014390209921	2675	10
3622	4	-0.100902705794246	0	8	0.918582138069376	0.511014390209921	2675	10
3624	1	0.629373684206142	1	8	0.918582138069376	0.511014390209921	2675	10
3625	0	0.33713160687908	0	8	0.918582138069376	0.511014390209921	2675	10
3627	1	0.499023318889092	1	8	0.918582138069376	0.511014390209921	2675	10
3628	0	0.300916385952057	0	8	0.918582138069376	0.511014390209921	2675	10
3631	1	0.65162111865718	1	8	0.918582138069376	0.511014390209921	2675	10
3632	0	0.124956632296328	0	8	0.918582138069376	0.511014390209921	2675	10
3633	0	0.191462438304583	0	8	0.918582138069376	0.511014390209921	2675	10
3635	1	0.798396534683441	1	8	0.918582138069376	0.511014390209921	2675	10
3636	9	0.0710367278359399	0	8	0.918582138069376	0.511014390209921	2675	10
3638	0	0.0634187669574704	0	8	0.918582138069376	0.511014390209921	2675	10
3643	2	-0.434489356234006	0	8	0.918582138069376	0.511014390209921	2675	10
3645	6	0.0177760287644732	0	8	0.918582138069376	0.511014390209921	2675	10
3646	7	0.346867890293854	0	8	0.918582138069376	0.511014390209921	2675	10
3652	4	-0.0856178462437461	0	8	0.918582138069376	0.511014390209921	2675	10
3655	2	-0.308532841522586	0	8	0.918582138069376	0.511014390209921	2675	10
3658	0	0.19784038105287	0	8	0.918582138069376	0.511014390209921	2675	10
3659	1	0.698715731955735	1	8	0.918582138069376	0.511014390209921	2675	10
3660	0	0.306874494066399	0	8	0.918582138069376	0.511014390209921	2675	10
3661	10	0.694641342185466	0	8	0.918582138069376	0.511014390209921	2675	10
3662	1	0.458038706849297	1	8	0.918582138069376	0.511014390209921	2675	10
3663	1	0.574386096314561	1	8	0.918582138069376	0.511014390209921	2675	10
3664	0	-0.0343098007742086	0	8	0.918582138069376	0.511014390209921	2675	10
3665	1	0.583126836504135	1	8	0.918582138069376	0.511014390209921	2675	10
3667	0	0.456228430274614	0	8	0.918582138069376	0.511014390209921	2675	10
3669	1	0.755029637944144	1	8	0.918582138069376	0.511014390209921	2675	10
3671	1	0.819155873940464	1	8	0.918582138069376	0.511014390209921	2675	10
3673	1	0.414177070256226	1	8	0.918582138069376	0.511014390209921	2675	10
3674	1	0.355087508339054	1	8	0.918582138069376	0.511014390209921	2675	10
3675	1	0.380019364455114	1	8	0.918582138069376	0.511014390209921	2675	10
3676	1	0.671336013423081	1	8	0.918582138069376	0.511014390209921	2675	10
3678	1	0.659353534490193	1	8	0.918582138069376	0.511014390209921	2675	10
3679	5	0.199208579041705	0	8	0.918582138069376	0.511014390209921	2675	10
3680	1	0.626180829903028	1	8	0.918582138069376	0.511014390209921	2675	10
3682	0	0.309833482559231	0	8	0.918582138069376	0.511014390209921	2675	10
3683	1	0.798402598992385	1	8	0.918582138069376	0.511014390209921	2675	10
3684	1	0.776294102759612	1	8	0.918582138069376	0.511014390209921	2675	10
3685	1	0.407203046630944	1	8	0.918582138069376	0.511014390209921	2675	10
3687	1	0.778038878778567	1	8	0.918582138069376	0.511014390209921	2675	10
3689	1	0.621636861611128	1	8	0.918582138069376	0.511014390209921	2675	10
3690	1	0.523745002604098	1	8	0.918582138069376	0.511014390209921	2675	10
3691	5	0.61683222039809	0	8	0.918582138069376	0.511014390209921	2675	10
3692	3	-0.0283119647318975	0	8	0.918582138069376	0.511014390209921	2675	10
3693	1	0.478679428029618	1	8	0.918582138069376	0.511014390209921	2675	10
3695	1	0.59591158896699	1	8	0.918582138069376	0.511014390209921	2675	10
3696	1	0.498966289895895	1	8	0.918582138069376	0.511014390209921	2675	10
3698	0	0.383558408501785	0	8	0.918582138069376	0.511014390209921	2675	10
3699	0	0.0453644557978657	0	8	0.918582138069376	0.511014390209921	2675	10
3700	6	-0.0751323074200289	0	8	0.918582138069376	0.511014390209921	2675	10
3702	1	0.740969343260834	1	8	0.918582138069376	0.511014390209921	2675	10
3703	1	0.408966356804682	1	8	0.918582138069376	0.511014390209921	2675	10
3704	3	0.487283291915177	0	8	0.918582138069376	0.511014390209921	2675	10
3705	2	-0.102668216501896	0	8	0.918582138069376	0.511014390209921	2675	10
3707	0	0.147755780710566	0	8	0.918582138069376	0.511014390209921	2675	10
3708	0	0.163844100846465	0	8	0.918582138069376	0.511014390209921	2675	10
3709	4	-0.00719816516525032	0	8	0.918582138069376	0.511014390209921	2675	10
3710	10	0.628962537350784	0	8	0.918582138069376	0.511014390209921	2675	10
3712	2	-0.267099564485483	0	8	0.918582138069376	0.511014390209921	2675	10
3714	0	0.28633381655814	0	8	0.918582138069376	0.511014390209921	2675	10
3716	1	0.686714188000622	1	8	0.918582138069376	0.511014390209921	2675	10
3717	0	0.225220538332552	0	8	0.918582138069376	0.511014390209921	2675	10
3718	1	0.77203863458509	1	8	0.918582138069376	0.511014390209921	2675	10
3720	1	0.562013813854001	1	8	0.918582138069376	0.511014390209921	2675	10
3725	0	0.121214500833379	0	8	0.918582138069376	0.511014390209921	2675	10
3726	0	0.0707660593560714	0	8	0.918582138069376	0.511014390209921	2675	10
3727	0	0.175627585880744	0	8	0.918582138069376	0.511014390209921	2675	10
3728	9	0.0402343495226528	0	8	0.918582138069376	0.511014390209921	2675	10
3730	0	0.227299944916452	0	8	0.918582138069376	0.511014390209921	2675	10
3732	1	0.726881995825146	1	8	0.918582138069376	0.511014390209921	2675	10
3735	3	0.438080827435908	0	8	0.918582138069376	0.511014390209921	2675	10
3737	1	0.608440107115994	1	8	0.918582138069376	0.511014390209921	2675	10
3741	6	0.000565229099718811	0	8	0.918582138069376	0.511014390209921	2675	10
3745	0	0.111166404678627	0	8	0.918582138069376	0.511014390209921	2675	10
3748	5	0.140603833061074	0	8	0.918582138069376	0.511014390209921	2675	10
3749	5	0.164464464343459	0	8	0.918582138069376	0.511014390209921	2675	10
3750	1	0.708531241746829	1	8	0.918582138069376	0.511014390209921	2675	10
3752	1	0.394461179232157	1	8	0.918582138069376	0.511014390209921	2675	10
3754	0	0.290094404607458	0	8	0.918582138069376	0.511014390209921	2675	10
3756	1	0.442871203298185	1	8	0.918582138069376	0.511014390209921	2675	10
3757	0	0.229444739890353	0	8	0.918582138069376	0.511014390209921	2675	10
3758	2	-0.0946798553911116	0	8	0.918582138069376	0.511014390209921	2675	10
3759	0	0.310922063653536	0	8	0.918582138069376	0.511014390209921	2675	10
3760	2	-0.290166098987058	0	8	0.918582138069376	0.511014390209921	2675	10
3762	0	0.379210619177847	0	8	0.918582138069376	0.511014390209921	2675	10
3764	1	0.713235472029208	1	8	0.918582138069376	0.511014390209921	2675	10
3766	6	-0.0392458892371448	0	8	0.918582138069376	0.511014390209921	2675	10
3769	4	0.0392458371238564	0	8	0.918582138069376	0.511014390209921	2675	10
3770	5	0.137547937911449	0	8	0.918582138069376	0.511014390209921	2675	10
3772	2	-0.214538096030395	0	8	0.918582138069376	0.511014390209921	2675	10
3773	2	-0.00515458351503607	0	8	0.918582138069376	0.511014390209921	2675	10
3775	0	0.020650792012961	0	8	0.918582138069376	0.511014390209921	2675	10
3776	0	0.375250192147478	0	8	0.918582138069376	0.511014390209921	2675	10
3777	0	0.243800436275388	0	8	0.918582138069376	0.511014390209921	2675	10
3778	1	0.452753962335942	1	8	0.918582138069376	0.511014390209921	2675	10
3779	0	0.400926906193552	0	8	0.918582138069376	0.511014390209921	2675	10
3781	0	-0.227131736789485	0	8	0.918582138069376	0.511014390209921	2675	10
3782	6	-0.097444698445031	0	8	0.918582138069376	0.511014390209921	2675	10
3783	1	0.680447040359827	1	8	0.918582138069376	0.511014390209921	2675	10
3784	5	0.177268769798187	0	8	0.918582138069376	0.511014390209921	2675	10
3785	1	0.584904269615625	1	8	0.918582138069376	0.511014390209921	2675	10
3786	1	0.461719070164463	1	8	0.918582138069376	0.511014390209921	2675	10
3787	1	0.737641061930158	1	8	0.918582138069376	0.511014390209921	2675	10
3790	0	0.407992198246247	0	8	0.918582138069376	0.511014390209921	2675	10
3791	8	-0.151035077910782	0	8	0.918582138069376	0.511014390209921	2675	10
3792	0	0.302492030994816	0	8	0.918582138069376	0.511014390209921	2675	10
3795	2	-0.442704629683454	0	8	0.918582138069376	0.511014390209921	2675	10
3796	1	0.60159623362662	1	8	0.918582138069376	0.511014390209921	2675	10
3797	1	0.724420918810148	1	8	0.918582138069376	0.511014390209921	2675	10
3798	1	0.598024550529007	1	8	0.918582138069376	0.511014390209921	2675	10
3799	4	0.166256755565399	0	8	0.918582138069376	0.511014390209921	2675	10
3800	1	0.630697805661371	1	8	0.918582138069376	0.511014390209921	2675	10
3801	5	0.269968042803351	0	8	0.918582138069376	0.511014390209921	2675	10
3815	0	0.084975135095388	0	8	0.918582138069376	0.511014390209921	2675	10
3816	2	-0.328496025502309	0	8	0.918582138069376	0.511014390209921	2675	10
3818	2	-0.3891461113496	0	8	0.918582138069376	0.511014390209921	2675	10
3820	1	0.694121069110986	1	8	0.918582138069376	0.511014390209921	2675	10
3824	1	0.483467984554732	1	8	0.918582138069376	0.511014390209921	2675	10
3827	2	-0.31101265301865	0	8	0.918582138069376	0.511014390209921	2675	10
3831	1	0.74618297499379	1	8	0.918582138069376	0.511014390209921	2675	10
3832	1	0.447953538983414	1	8	0.918582138069376	0.511014390209921	2675	10
3835	3	0.271023242163576	0	8	0.918582138069376	0.511014390209921	2675	10
3836	4	0.0784763705558363	0	8	0.918582138069376	0.511014390209921	2675	10
3837	10	0.547219599964013	0	8	0.918582138069376	0.511014390209921	2675	10
3838	0	0.327060695396541	0	8	0.918582138069376	0.511014390209921	2675	10
3839	0	-0.329452491850372	0	8	0.918582138069376	0.511014390209921	2675	10
3840	4	0.223215514295912	0	8	0.918582138069376	0.511014390209921	2675	10
3841	0	-0.0615508004902732	0	8	0.918582138069376	0.511014390209921	2675	10
3842	0	0.161047802710843	0	8	0.918582138069376	0.511014390209921	2675	10
3843	0	0.305362426562924	0	8	0.918582138069376	0.511014390209921	2675	10
3845	0	0.280294150446802	0	8	0.918582138069376	0.511014390209921	2675	10
3855	1	0.623211133978622	1	8	0.918582138069376	0.511014390209921	2675	10
3858	0	0.13487913145437	0	8	0.918582138069376	0.511014390209921	2675	10
3880	1	0.565126262530702	1	8	0.918582138069376	0.511014390209921	2675	10
3895	4	-0.00027117731956432	0	8	0.918582138069376	0.511014390209921	2675	10
3897	5	0.310191406001469	0	8	0.918582138069376	0.511014390209921	2675	10
3898	0	0.189614189481895	0	8	0.918582138069376	0.511014390209921	2675	10
3899	1	0.727728594913045	1	8	0.918582138069376	0.511014390209921	2675	10
3902	5	0.427079109495285	0	8	0.918582138069376	0.511014390209921	2675	10
3903	1	0.790694836664616	1	8	0.918582138069376	0.511014390209921	2675	10
3908	1	0.629159243422654	1	8	0.918582138069376	0.511014390209921	2675	10
3909	1	0.567674473817624	1	8	0.918582138069376	0.511014390209921	2675	10
3910	1	0.650644722972415	1	8	0.918582138069376	0.511014390209921	2675	10
3912	1	0.347453402572404	1	8	0.918582138069376	0.511014390209921	2675	10
3913	9	0.0369793725591892	0	8	0.918582138069376	0.511014390209921	2675	10
3915	1	0.641735906937151	1	8	0.918582138069376	0.511014390209921	2675	10
3916	2	-0.173077058915607	0	8	0.918582138069376	0.511014390209921	2675	10
3918	1	0.795960821247147	1	8	0.918582138069376	0.511014390209921	2675	10
3920	2	-0.285385555515294	0	8	0.918582138069376	0.511014390209921	2675	10
3927	1	0.609506849416352	1	8	0.918582138069376	0.511014390209921	2675	10
3929	0	-0.0595330474516556	0	8	0.918582138069376	0.511014390209921	2675	10
3930	1	0.701375583085841	1	8	0.918582138069376	0.511014390209921	2675	10
3932	1	0.773911457725387	1	8	0.918582138069376	0.511014390209921	2675	10
3934	1	0.469931060471111	1	8	0.918582138069376	0.511014390209921	2675	10
3936	1	0.847619553875188	1	8	0.918582138069376	0.511014390209921	2675	10
3937	1	0.866116977775452	1	8	0.918582138069376	0.511014390209921	2675	10
3945	2	-0.333860346496819	0	8	0.918582138069376	0.511014390209921	2675	10
3949	0	-0.0156997331275541	0	8	0.918582138069376	0.511014390209921	2675	10
3952	0	0.204604777582651	0	8	0.918582138069376	0.511014390209921	2675	10
3954	2	-0.136445275107906	0	8	0.918582138069376	0.511014390209921	2675	10
3956	1	0.598502705235964	1	8	0.918582138069376	0.511014390209921	2675	10
3957	3	-0.167934341404526	0	8	0.918582138069376	0.511014390209921	2675	10
3958	3	0.205923174485954	0	8	0.918582138069376	0.511014390209921	2675	10
3959	10	0.317082766093793	0	8	0.918582138069376	0.511014390209921	2675	10
3960	6	0.102916823271138	0	8	0.918582138069376	0.511014390209921	2675	10
3964	0	0.11967153860932	0	8	0.918582138069376	0.511014390209921	2675	10
3973	0	-0.0526364606515136	0	8	0.918582138069376	0.511014390209921	2675	10
3975	0	-0.101918975319591	0	8	0.918582138069376	0.511014390209921	2675	10
3976	1	0.619876928115897	1	8	0.918582138069376	0.511014390209921	2675	10
3977	0	0.0951082129850639	0	8	0.918582138069376	0.511014390209921	2675	10
3978	1	0.420244849246401	1	8	0.918582138069376	0.511014390209921	2675	10
3980	0	0.110375369476724	0	8	0.918582138069376	0.511014390209921	2675	10
3981	4	-0.107101237662517	0	8	0.918582138069376	0.511014390209921	2675	10
3983	1	0.538416390474983	1	8	0.918582138069376	0.511014390209921	2675	10
3984	1	0.703324418721967	1	8	0.918582138069376	0.511014390209921	2675	10
3990	0	0.112774937513451	0	8	0.918582138069376	0.511014390209921	2675	10
3991	5	0.238116861386277	0	8	0.918582138069376	0.511014390209921	2675	10
3993	9	0.127088790042074	0	8	0.918582138069376	0.511014390209921	2675	10
3995	1	0.432397898528499	1	8	0.918582138069376	0.511014390209921	2675	10
3996	5	0.539147231997659	0	8	0.918582138069376	0.511014390209921	2675	10
3998	2	-0.110932602458769	0	8	0.918582138069376	0.511014390209921	2675	10
4000	5	0.37435687117087	0	8	0.918582138069376	0.511014390209921	2675	10
4001	1	0.70802976188982	1	8	0.918582138069376	0.511014390209921	2675	10
4004	6	0.204231849076272	0	8	0.918582138069376	0.511014390209921	2675	10
4005	0	0.108361943668757	0	8	0.918582138069376	0.511014390209921	2675	10
4007	5	0.168787369079652	0	8	0.918582138069376	0.511014390209921	2675	10
4008	0	0.081510254266728	0	8	0.918582138069376	0.511014390209921	2675	10
4010	6	-0.187682313619599	0	8	0.918582138069376	0.511014390209921	2675	10
4012	1	0.703616259687394	1	8	0.918582138069376	0.511014390209921	2675	10
4013	1	0.73571409935454	1	8	0.918582138069376	0.511014390209921	2675	10
4015	0	-0.0292654300418574	0	8	0.918582138069376	0.511014390209921	2675	10
4016	1	0.702573475250314	1	8	0.918582138069376	0.511014390209921	2675	10
4017	1	0.650469609855363	1	8	0.918582138069376	0.511014390209921	2675	10
4018	2	-0.212740011248844	0	8	0.918582138069376	0.511014390209921	2675	10
4023	8	-0.148833484027375	0	8	0.918582138069376	0.511014390209921	2675	10
4026	0	0.432045156658624	0	8	0.918582138069376	0.511014390209921	2675	10
4033	0	0.148654334425334	0	8	0.918582138069376	0.511014390209921	2675	10
4034	5	0.506334572306325	0	8	0.918582138069376	0.511014390209921	2675	10
4035	1	0.727975977936094	1	8	0.918582138069376	0.511014390209921	2675	10
4036	2	-0.269163325029666	0	8	0.918582138069376	0.511014390209921	2675	10
4037	1	0.673584481626191	1	8	0.918582138069376	0.511014390209921	2675	10
4038	1	0.369434685746488	1	8	0.918582138069376	0.511014390209921	2675	10
4040	0	0.156711606527822	0	8	0.918582138069376	0.511014390209921	2675	10
4041	9	-0.0818918763739618	0	8	0.918582138069376	0.511014390209921	2675	10
4043	2	-0.198551761378852	0	8	0.918582138069376	0.511014390209921	2675	10
4045	1	0.627697962731221	1	8	0.918582138069376	0.511014390209921	2675	10
4046	1	0.792111886701452	1	8	0.918582138069376	0.511014390209921	2675	10
4047	5	0.13102322860351	0	8	0.918582138069376	0.511014390209921	2675	10
4052	1	0.732435105180831	1	8	0.918582138069376	0.511014390209921	2675	10
4053	1	0.565794004358713	1	8	0.918582138069376	0.511014390209921	2675	10
4054	0	0.374955665761524	0	8	0.918582138069376	0.511014390209921	2675	10
4055	1	0.260874770263988	1	8	0.918582138069376	0.511014390209921	2675	10
4056	3	0.497346190937783	0	8	0.918582138069376	0.511014390209921	2675	10
4057	1	0.707932445546462	1	8	0.918582138069376	0.511014390209921	2675	10
4058	0	0.0923222337468118	0	8	0.918582138069376	0.511014390209921	2675	10
4059	5	0.222451722265256	0	8	0.918582138069376	0.511014390209921	2675	10
4060	1	0.676344312645196	1	8	0.918582138069376	0.511014390209921	2675	10
4061	3	0.419300621569536	0	8	0.918582138069376	0.511014390209921	2675	10
4063	1	0.66679714657134	1	8	0.918582138069376	0.511014390209921	2675	10
4064	1	0.772188164932342	1	8	0.918582138069376	0.511014390209921	2675	10
4066	1	0.682627530271092	1	8	0.918582138069376	0.511014390209921	2675	10
4067	1	0.684107682794531	1	8	0.918582138069376	0.511014390209921	2675	10
4068	1	0.663203365133669	1	8	0.918582138069376	0.511014390209921	2675	10
4069	1	0.674743389048816	1	8	0.918582138069376	0.511014390209921	2675	10
4070	1	0.624934029973955	1	8	0.918582138069376	0.511014390209921	2675	10
4071	1	0.488805130392832	1	8	0.918582138069376	0.511014390209921	2675	10
4072	0	-0.0876101837425541	0	8	0.918582138069376	0.511014390209921	2675	10
4074	1	0.463415267637978	1	8	0.918582138069376	0.511014390209921	2675	10
4076	1	0.581435516386467	1	8	0.918582138069376	0.511014390209921	2675	10
4077	2	-0.197621862601018	0	8	0.918582138069376	0.511014390209921	2675	10
4082	1	0.754363751716763	1	8	0.918582138069376	0.511014390209921	2675	10
4084	5	0.234687841272595	0	8	0.918582138069376	0.511014390209921	2675	10
4086	1	0.676089093070713	1	8	0.918582138069376	0.511014390209921	2675	10
4087	1	0.570955802734293	1	8	0.918582138069376	0.511014390209921	2675	10
4088	1	0.477100897604257	1	8	0.918582138069376	0.511014390209921	2675	10
4089	0	0.486599827040269	0	8	0.918582138069376	0.511014390209921	2675	10
4090	0	0.170907816237527	0	8	0.918582138069376	0.511014390209921	2675	10
4091	8	0.0384059022212181	0	8	0.918582138069376	0.511014390209921	2675	10
4092	0	0.0899341931375364	0	8	0.918582138069376	0.511014390209921	2675	10
4093	0	0.387749929902424	0	8	0.918582138069376	0.511014390209921	2675	10
4094	2	-0.393791130552094	0	8	0.918582138069376	0.511014390209921	2675	10
4097	0	-0.129085169454488	0	8	0.918582138069376	0.511014390209921	2675	10
4117	0	0.251026727601457	0	8	0.918582138069376	0.511014390209921	2675	10
4118	3	0.371612724411119	0	8	0.918582138069376	0.511014390209921	2675	10
4121	0	-0.029805278475378	0	8	0.918582138069376	0.511014390209921	2675	10
4122	0	0.298233485612275	0	8	0.918582138069376	0.511014390209921	2675	10
4123	9	0.121898082304026	0	8	0.918582138069376	0.511014390209921	2675	10
4124	0	0.103793604336675	0	8	0.918582138069376	0.511014390209921	2675	10
4125	1	0.820509297614353	1	8	0.918582138069376	0.511014390209921	2675	10
4126	0	0.193229557140945	0	8	0.918582138069376	0.511014390209921	2675	10
4128	2	-0.448564848664711	0	8	0.918582138069376	0.511014390209921	2675	10
4129	2	-0.600651475532028	0	8	0.918582138069376	0.511014390209921	2675	10
4130	1	0.72162883529285	1	8	0.918582138069376	0.511014390209921	2675	10
4131	1	0.566587196708213	1	8	0.918582138069376	0.511014390209921	2675	10
4133	1	0.454850693174213	1	8	0.918582138069376	0.511014390209921	2675	10
4134	0	0.443090938225502	0	8	0.918582138069376	0.511014390209921	2675	10
4137	2	-0.417550651137121	0	8	0.918582138069376	0.511014390209921	2675	10
4139	8	0.0858577872699099	0	8	0.918582138069376	0.511014390209921	2675	10
4140	1	0.565144704970204	1	8	0.918582138069376	0.511014390209921	2675	10
4144	2	-0.182783583759187	0	8	0.918582138069376	0.511014390209921	2675	10
4145	1	0.628826425458706	1	8	0.918582138069376	0.511014390209921	2675	10
4148	0	0.272354397799867	0	8	0.918582138069376	0.511014390209921	2675	10
4149	1	0.406126285171841	1	8	0.918582138069376	0.511014390209921	2675	10
4150	1	0.555645633372286	1	8	0.918582138069376	0.511014390209921	2675	10
4151	0	0.309664779185826	0	8	0.918582138069376	0.511014390209921	2675	10
4152	1	0.557267867332746	1	8	0.918582138069376	0.511014390209921	2675	10
4154	1	0.762528914016987	1	8	0.918582138069376	0.511014390209921	2675	10
4155	1	0.727656753259433	1	8	0.918582138069376	0.511014390209921	2675	10
4162	1	0.589780425200975	1	8	0.918582138069376	0.511014390209921	2675	10
4163	1	0.534085128906615	1	8	0.918582138069376	0.511014390209921	2675	10
4168	8	-0.046426389263583	0	8	0.918582138069376	0.511014390209921	2675	10
4170	0	0.411894093106686	0	8	0.918582138069376	0.511014390209921	2675	10
4171	1	0.657604018270763	1	8	0.918582138069376	0.511014390209921	2675	10
4172	1	0.642057200766467	1	8	0.918582138069376	0.511014390209921	2675	10
4173	5	0.419314312295132	0	8	0.918582138069376	0.511014390209921	2675	10
4174	1	0.591699529400077	1	8	0.918582138069376	0.511014390209921	2675	10
4175	1	0.494390355114872	1	8	0.918582138069376	0.511014390209921	2675	10
4176	10	0.592545972297319	0	8	0.918582138069376	0.511014390209921	2675	10
4179	2	-0.0926213955095801	0	8	0.918582138069376	0.511014390209921	2675	10
4185	6	0.00501091349233173	0	8	0.918582138069376	0.511014390209921	2675	10
4188	1	0.684542471232879	1	8	0.918582138069376	0.511014390209921	2675	10
4189	2	-0.211346326423279	0	8	0.918582138069376	0.511014390209921	2675	10
4190	2	-0.298811747284125	0	8	0.918582138069376	0.511014390209921	2675	10
4191	2	-0.295118152530672	0	8	0.918582138069376	0.511014390209921	2675	10
4192	1	0.76347998270218	1	8	0.918582138069376	0.511014390209921	2675	10
4193	1	0.497423321476469	1	8	0.918582138069376	0.511014390209921	2675	10
4194	1	0.63619864678054	1	8	0.918582138069376	0.511014390209921	2675	10
4199	0	0.339725259504571	0	8	0.918582138069376	0.511014390209921	2675	10
4200	1	0.602953801827634	1	8	0.918582138069376	0.511014390209921	2675	10
4201	3	0.254925276721671	0	8	0.918582138069376	0.511014390209921	2675	10
4204	0	0.441882943738982	0	8	0.918582138069376	0.511014390209921	2675	10
4205	1	0.564268053804681	1	8	0.918582138069376	0.511014390209921	2675	10
4208	1	0.583014063927075	1	8	0.918582138069376	0.511014390209921	2675	10
4209	5	0.440629019306568	0	8	0.918582138069376	0.511014390209921	2675	10
4210	2	0.423351187930894	0	8	0.918582138069376	0.511014390209921	2675	10
4211	1	0.45925066009295	1	8	0.918582138069376	0.511014390209921	2675	10
4212	0	0.254067812598332	0	8	0.918582138069376	0.511014390209921	2675	10
4214	1	0.730768425715568	1	8	0.918582138069376	0.511014390209921	2675	10
4215	10	0.51221482378415	0	8	0.918582138069376	0.511014390209921	2675	10
4216	1	0.460742766495271	1	8	0.918582138069376	0.511014390209921	2675	10
4217	1	0.550979251574087	1	8	0.918582138069376	0.511014390209921	2675	10
4218	1	0.520635523541518	1	8	0.918582138069376	0.511014390209921	2675	10
4221	9	0.176633720629079	0	8	0.918582138069376	0.511014390209921	2675	10
4222	1	0.589055952676773	1	8	0.918582138069376	0.511014390209921	2675	10
4225	6	-0.175898515307049	0	8	0.918582138069376	0.511014390209921	2675	10
4232	1	0.586031573643743	1	8	0.918582138069376	0.511014390209921	2675	10
4233	1	0.690858798865328	1	8	0.918582138069376	0.511014390209921	2675	10
4234	2	-0.199575254812935	0	8	0.918582138069376	0.511014390209921	2675	10
4236	0	0.11066975574364	0	8	0.918582138069376	0.511014390209921	2675	10
4237	1	0.565132289845851	1	8	0.918582138069376	0.511014390209921	2675	10
4238	4	0.003758835454007	0	8	0.918582138069376	0.511014390209921	2675	10
4239	1	0.756283020503321	1	8	0.918582138069376	0.511014390209921	2675	10
4240	1	0.680601840791298	1	8	0.918582138069376	0.511014390209921	2675	10
4241	6	0.0789501610590798	0	8	0.918582138069376	0.511014390209921	2675	10
4242	1	0.803448389335107	1	8	0.918582138069376	0.511014390209921	2675	10
4245	1	0.510161093136098	1	8	0.918582138069376	0.511014390209921	2675	10
4247	0	0.358683183435878	0	8	0.918582138069376	0.511014390209921	2675	10
4248	6	-0.0183039368841205	0	8	0.918582138069376	0.511014390209921	2675	10
4249	0	0.261642658934666	0	8	0.918582138069376	0.511014390209921	2675	10
4253	2	-0.418645765196467	0	8	0.918582138069376	0.511014390209921	2675	10
4254	1	0.467961796059319	1	8	0.918582138069376	0.511014390209921	2675	10
4255	3	-0.116884124124498	0	8	0.918582138069376	0.511014390209921	2675	10
4256	1	0.57089080356332	1	8	0.918582138069376	0.511014390209921	2675	10
4258	2	-0.224372031934012	0	8	0.918582138069376	0.511014390209921	2675	10
4261	1	0.785976363540371	1	8	0.918582138069376	0.511014390209921	2675	10
4281	1	0.551037072728902	1	8	0.918582138069376	0.511014390209921	2675	10
4283	1	0.455005317945167	1	8	0.918582138069376	0.511014390209921	2675	10
4285	2	-0.47012276597945	0	8	0.918582138069376	0.511014390209921	2675	10
4286	0	0.260495437925668	0	8	0.918582138069376	0.511014390209921	2675	10
4287	1	0.603605009169067	1	8	0.918582138069376	0.511014390209921	2675	10
4288	1	0.721744227770341	1	8	0.918582138069376	0.511014390209921	2675	10
4289	4	-0.0585958821088391	0	8	0.918582138069376	0.511014390209921	2675	10
4291	0	-0.00849374946455336	0	8	0.918582138069376	0.511014390209921	2675	10
4292	1	0.359011701239997	1	8	0.918582138069376	0.511014390209921	2675	10
4293	1	0.503003605592215	1	8	0.918582138069376	0.511014390209921	2675	10
4294	5	0.178736696347331	0	8	0.918582138069376	0.511014390209921	2675	10
4296	9	0.30186831484743	0	8	0.918582138069376	0.511014390209921	2675	10
4297	1	0.74594615756138	1	8	0.918582138069376	0.511014390209921	2675	10
4298	5	0.305880382997426	0	8	0.918582138069376	0.511014390209921	2675	10
4299	0	0.350224016534617	0	8	0.918582138069376	0.511014390209921	2675	10
4300	4	0.357872920949848	0	8	0.918582138069376	0.511014390209921	2675	10
4301	0	0.00260775148526879	0	8	0.918582138069376	0.511014390209921	2675	10
4303	6	6.98687359353949e-05	0	8	0.918582138069376	0.511014390209921	2675	10
4306	0	0.00391502306495048	0	8	0.918582138069376	0.511014390209921	2675	10
4311	2	-0.555738916636984	0	8	0.918582138069376	0.511014390209921	2675	10
4312	1	0.503485023521755	1	8	0.918582138069376	0.511014390209921	2675	10
4313	1	0.757271133999255	1	8	0.918582138069376	0.511014390209921	2675	10
4314	0	0.0627277111235201	0	8	0.918582138069376	0.511014390209921	2675	10
4316	1	0.732224784662672	1	8	0.918582138069376	0.511014390209921	2675	10
4318	1	0.748570985771628	1	8	0.918582138069376	0.511014390209921	2675	10
4320	1	0.66336019618193	1	8	0.918582138069376	0.511014390209921	2675	10
4321	0	0.0365278972112429	0	8	0.918582138069376	0.511014390209921	2675	10
4322	6	0.00252650225201685	0	8	0.918582138069376	0.511014390209921	2675	10
4323	1	0.76457858765943	1	8	0.918582138069376	0.511014390209921	2675	10
4324	9	0.035075874388181	0	8	0.918582138069376	0.511014390209921	2675	10
4326	1	0.593534661000545	1	8	0.918582138069376	0.511014390209921	2675	10
4327	1	0.637389463378064	1	8	0.918582138069376	0.511014390209921	2675	10
4329	2	-0.33146409066469	0	8	0.918582138069376	0.511014390209921	2675	10
4330	0	0.12059815167476	0	8	0.918582138069376	0.511014390209921	2675	10
4331	7	-0.333405657824545	0	8	0.918582138069376	0.511014390209921	2675	10
4332	1	0.532685855741809	1	8	0.918582138069376	0.511014390209921	2675	10
4335	5	0.151229190168801	0	8	0.918582138069376	0.511014390209921	2675	10
4337	2	-0.255746024915234	0	8	0.918582138069376	0.511014390209921	2675	10
4338	2	-0.152292692878279	0	8	0.918582138069376	0.511014390209921	2675	10
4345	0	0.178300115561882	0	8	0.918582138069376	0.511014390209921	2675	10
4350	3	0.50634207892349	0	8	0.918582138069376	0.511014390209921	2675	10
4351	3	-0.187321125074628	0	8	0.918582138069376	0.511014390209921	2675	10
4352	5	0.140706884932007	0	8	0.918582138069376	0.511014390209921	2675	10
4354	2	-0.326013547592081	0	8	0.918582138069376	0.511014390209921	2675	10
4355	5	0.0638228994642604	0	8	0.918582138069376	0.511014390209921	2675	10
4356	0	0.316519246627396	0	8	0.918582138069376	0.511014390209921	2675	10
4357	2	-0.178030639778577	0	8	0.918582138069376	0.511014390209921	2675	10
4358	3	0.122092689378553	0	8	0.918582138069376	0.511014390209921	2675	10
4359	0	-0.0199744844954117	0	8	0.918582138069376	0.511014390209921	2675	10
4360	1	0.761401782286957	1	8	0.918582138069376	0.511014390209921	2675	10
4361	0	0.232554060284606	0	8	0.918582138069376	0.511014390209921	2675	10
4363	1	0.731138668583322	1	8	0.918582138069376	0.511014390209921	2675	10
4430	0	0.460513272239399	0	8	0.918582138069376	0.511014390209921	2675	10
4436	0	0.118771873741879	0	8	0.918582138069376	0.511014390209921	2675	10
4437	2	-0.369071771878553	0	8	0.918582138069376	0.511014390209921	2675	10
4440	5	0.265873473677121	0	8	0.918582138069376	0.511014390209921	2675	10
4478	1	0.304497702808406	1	8	0.918582138069376	0.511014390209921	2675	10
4481	1	0.575616231951585	1	8	0.918582138069376	0.511014390209921	2675	10
4482	2	-0.472691267776284	0	8	0.918582138069376	0.511014390209921	2675	10
4485	2	-0.122519117721751	0	8	0.918582138069376	0.511014390209921	2675	10
4486	5	0.582812865903416	0	8	0.918582138069376	0.511014390209921	2675	10
4487	8	-0.0669882034083005	0	8	0.918582138069376	0.511014390209921	2675	10
4494	2	-0.375019022393812	0	8	0.918582138069376	0.511014390209921	2675	10
4495	2	-0.343011378435311	0	8	0.918582138069376	0.511014390209921	2675	10
4499	2	-0.108207441772977	0	8	0.918582138069376	0.511014390209921	2675	10
4501	2	-0.406004789915221	0	8	0.918582138069376	0.511014390209921	2675	10
4502	2	-0.357029782376754	0	8	0.918582138069376	0.511014390209921	2675	10
4507	1	0.427713331160647	1	8	0.918582138069376	0.511014390209921	2675	10
4520	1	0.520522655994093	1	8	0.918582138069376	0.511014390209921	2675	10
4521	3	0.500820268638121	0	8	0.918582138069376	0.511014390209921	2675	10
4522	2	-0.33722711953976	0	8	0.918582138069376	0.511014390209921	2675	10
4524	0	0.0392372134053996	0	8	0.918582138069376	0.511014390209921	2675	10
4528	4	-0.0942848973477511	0	8	0.918582138069376	0.511014390209921	2675	10
4534	4	-0.247416693013652	0	8	0.918582138069376	0.511014390209921	2675	10
4542	1	0.860071877597882	1	8	0.918582138069376	0.511014390209921	2675	10
4543	6	-0.0467860645953314	0	8	0.918582138069376	0.511014390209921	2675	10
4547	2	-0.336235856553948	0	8	0.918582138069376	0.511014390209921	2675	10
4548	0	-0.194436935610938	0	8	0.918582138069376	0.511014390209921	2675	10
4552	0	-0.228527381441253	0	8	0.918582138069376	0.511014390209921	2675	10
4582	5	0.282456869448436	0	8	0.918582138069376	0.511014390209921	2675	10
4585	6	-0.140864315234937	0	8	0.918582138069376	0.511014390209921	2675	10
4588	5	0.175063944216746	0	8	0.918582138069376	0.511014390209921	2675	10
4591	0	0.198844458088079	0	8	0.918582138069376	0.511014390209921	2675	10
4593	1	0.553432568460919	1	8	0.918582138069376	0.511014390209921	2675	10
4594	2	-0.513156323006191	0	8	0.918582138069376	0.511014390209921	2675	10
4595	0	-0.176586244249767	0	8	0.918582138069376	0.511014390209921	2675	10
4597	6	-0.0148186133202018	0	8	0.918582138069376	0.511014390209921	2675	10
4598	0	0.249682499319573	0	8	0.918582138069376	0.511014390209921	2675	10
4599	1	0.543664337219298	1	8	0.918582138069376	0.511014390209921	2675	10
4600	2	0.375989853408467	0	8	0.918582138069376	0.511014390209921	2675	10
4601	0	-0.240320362690466	0	8	0.918582138069376	0.511014390209921	2675	10
4603	1	0.562828100590985	1	8	0.918582138069376	0.511014390209921	2675	10
4604	0	0.271820959365712	0	8	0.918582138069376	0.511014390209921	2675	10
4605	1	0.63175642642215	1	8	0.918582138069376	0.511014390209921	2675	10
4606	1	0.549374779311785	1	8	0.918582138069376	0.511014390209921	2675	10
4608	6	-0.00713022472691718	0	8	0.918582138069376	0.511014390209921	2675	10
4609	1	0.560191087905093	1	8	0.918582138069376	0.511014390209921	2675	10
4610	1	0.649300210301468	1	8	0.918582138069376	0.511014390209921	2675	10
4613	2	-0.157390736043921	0	8	0.918582138069376	0.511014390209921	2675	10
4615	1	0.647687191266601	1	8	0.918582138069376	0.511014390209921	2675	10
4616	0	-0.0433134931408953	0	8	0.918582138069376	0.511014390209921	2675	10
4619	0	0.397817132698707	0	8	0.918582138069376	0.511014390209921	2675	10
4620	0	0.275977126318893	0	8	0.918582138069376	0.511014390209921	2675	10
4621	0	-0.10895521161342	0	8	0.918582138069376	0.511014390209921	2675	10
4622	0	0.134786869653588	0	8	0.918582138069376	0.511014390209921	2675	10
4624	0	0.397964547436798	0	8	0.918582138069376	0.511014390209921	2675	10
4625	0	0.286510852551766	0	8	0.918582138069376	0.511014390209921	2675	10
4626	0	0.0484076918690434	0	8	0.918582138069376	0.511014390209921	2675	10
4627	10	0.499844270615894	0	8	0.918582138069376	0.511014390209921	2675	10
4628	10	0.618999279416751	0	8	0.918582138069376	0.511014390209921	2675	10
4629	0	0.186926615273928	0	8	0.918582138069376	0.511014390209921	2675	10
4632	0	0.0631076393148185	0	8	0.918582138069376	0.511014390209921	2675	10
4633	0	0.248729100941086	0	8	0.918582138069376	0.511014390209921	2675	10
4634	3	-0.222404824553389	0	8	0.918582138069376	0.511014390209921	2675	10
4636	0	-0.209270757987234	0	8	0.918582138069376	0.511014390209921	2675	10
4637	3	0.519789102330278	0	8	0.918582138069376	0.511014390209921	2675	10
4638	10	0.493034086581224	0	8	0.918582138069376	0.511014390209921	2675	10
4641	0	0.431346328494494	0	8	0.918582138069376	0.511014390209921	2675	10
4642	10	0.568049347303775	0	8	0.918582138069376	0.511014390209921	2675	10
4643	1	0.36065663782954	1	8	0.918582138069376	0.511014390209921	2675	10
4644	1	0.619652553433421	1	8	0.918582138069376	0.511014390209921	2675	10
4646	2	-0.119890043342996	0	8	0.918582138069376	0.511014390209921	2675	10
4647	2	-0.287540867276377	0	8	0.918582138069376	0.511014390209921	2675	10
4649	1	0.398235625283843	1	8	0.918582138069376	0.511014390209921	2675	10
4650	1	0.719784447964567	1	8	0.918582138069376	0.511014390209921	2675	10
4651	0	0.407816413297874	0	8	0.918582138069376	0.511014390209921	2675	10
4653	6	-0.0540422510944312	0	8	0.918582138069376	0.511014390209921	2675	10
4659	4	0.166271915702576	0	8	0.918582138069376	0.511014390209921	2675	10
4660	1	0.367957288574251	1	8	0.918582138069376	0.511014390209921	2675	10
4664	1	0.476552315401966	1	8	0.918582138069376	0.511014390209921	2675	10
4665	0	0.14532274711332	0	8	0.918582138069376	0.511014390209921	2675	10
4666	3	0.464362906281436	0	8	0.918582138069376	0.511014390209921	2675	10
4668	0	0.213453280275523	0	8	0.918582138069376	0.511014390209921	2675	10
4669	2	-0.200667412867754	0	8	0.918582138069376	0.511014390209921	2675	10
4670	0	0.267005474114602	0	8	0.918582138069376	0.511014390209921	2675	10
4673	1	0.669229420279782	1	8	0.918582138069376	0.511014390209921	2675	10
4674	8	-0.376679861834384	0	8	0.918582138069376	0.511014390209921	2675	10
4675	0	-0.00163279506858928	0	8	0.918582138069376	0.511014390209921	2675	10
4676	2	-0.0172471050665764	0	8	0.918582138069376	0.511014390209921	2675	10
4677	4	-0.0238771101984728	0	8	0.918582138069376	0.511014390209921	2675	10
4678	1	0.521392230688373	1	8	0.918582138069376	0.511014390209921	2675	10
4682	3	0.17315774546927	0	8	0.918582138069376	0.511014390209921	2675	10
4683	4	0.152283310504047	0	8	0.918582138069376	0.511014390209921	2675	10
4684	1	0.553181929364896	1	8	0.918582138069376	0.511014390209921	2675	10
4686	0	0.308349625443595	0	8	0.918582138069376	0.511014390209921	2675	10
4688	1	0.612320508122407	1	8	0.918582138069376	0.511014390209921	2675	10
4689	1	0.578279063849565	1	8	0.918582138069376	0.511014390209921	2675	10
4690	1	0.620771854997626	1	8	0.918582138069376	0.511014390209921	2675	10
4692	1	0.453436294321619	1	8	0.918582138069376	0.511014390209921	2675	10
4694	3	-0.0592189401988533	0	8	0.918582138069376	0.511014390209921	2675	10
4695	3	0.0902609084897182	0	8	0.918582138069376	0.511014390209921	2675	10
4696	3	0.0973720931781348	0	8	0.918582138069376	0.511014390209921	2675	10
4697	3	0.0754252107072215	0	8	0.918582138069376	0.511014390209921	2675	10
4698	2	-0.213107272011703	0	8	0.918582138069376	0.511014390209921	2675	10
4700	3	0.0269065417227059	0	8	0.918582138069376	0.511014390209921	2675	10
4701	3	-0.0425457954943846	0	8	0.918582138069376	0.511014390209921	2675	10
4702	3	-0.29927897356458	0	8	0.918582138069376	0.511014390209921	2675	10
4703	0	0.212958777345196	0	8	0.918582138069376	0.511014390209921	2675	10
4704	2	-0.190217728725944	0	8	0.918582138069376	0.511014390209921	2675	10
4705	2	-0.187100179319449	0	8	0.918582138069376	0.511014390209921	2675	10
4706	3	-0.182087230236181	0	8	0.918582138069376	0.511014390209921	2675	10
4707	3	-0.0119217492533535	0	8	0.918582138069376	0.511014390209921	2675	10
4708	3	0.063290734482748	0	8	0.918582138069376	0.511014390209921	2675	10
4709	3	0.124087897167743	0	8	0.918582138069376	0.511014390209921	2675	10
4710	3	0.124721576130016	0	8	0.918582138069376	0.511014390209921	2675	10
4711	7	-0.0430340465072768	0	8	0.918582138069376	0.511014390209921	2675	10
4712	3	-0.0555120024461207	0	8	0.918582138069376	0.511014390209921	2675	10
4713	3	0.198644170828088	0	8	0.918582138069376	0.511014390209921	2675	10
4717	3	-0.281850104821125	0	8	0.918582138069376	0.511014390209921	2675	10
4719	4	-0.334052187263976	0	8	0.918582138069376	0.511014390209921	2675	10
4720	2	-0.184310474796741	0	8	0.918582138069376	0.511014390209921	2675	10
4722	3	0.0986209091207993	0	8	0.918582138069376	0.511014390209921	2675	10
4723	2	-0.360197570754395	0	8	0.918582138069376	0.511014390209921	2675	10
4724	3	-0.115776913590352	0	8	0.918582138069376	0.511014390209921	2675	10
4726	3	0.0905659791286298	0	8	0.918582138069376	0.511014390209921	2675	10
4733	7	0.211534354083626	0	8	0.918582138069376	0.511014390209921	2675	10
4734	4	-0.0646376259846155	0	8	0.918582138069376	0.511014390209921	2675	10
4735	1	0.316463190032488	1	8	0.918582138069376	0.511014390209921	2675	10
4738	3	0.249725959326809	0	8	0.918582138069376	0.511014390209921	2675	10
4739	0	0.295610078193892	0	8	0.918582138069376	0.511014390209921	2675	10
4741	0	0.296663563356139	0	8	0.918582138069376	0.511014390209921	2675	10
4744	0	-0.168110965822707	0	8	0.918582138069376	0.511014390209921	2675	10
4745	1	-0.372330467711285	1	8	0.918582138069376	0.511014390209921	2675	10
4747	0	0.208352057353533	0	8	0.918582138069376	0.511014390209921	2675	10
4750	0	0.0968690275607964	0	8	0.918582138069376	0.511014390209921	2675	10
4752	0	0.160263075874634	0	8	0.918582138069376	0.511014390209921	2675	10
4756	0	-0.0680279729806198	0	8	0.918582138069376	0.511014390209921	2675	10
4763	0	0.103730092029623	0	8	0.918582138069376	0.511014390209921	2675	10
4771	1	0.55192360119162	1	8	0.918582138069376	0.511014390209921	2675	10
4772	5	0.506180924863272	0	8	0.918582138069376	0.511014390209921	2675	10
4775	3	0.294867997848442	0	8	0.918582138069376	0.511014390209921	2675	10
4776	1	0.704508438967852	1	8	0.918582138069376	0.511014390209921	2675	10
4778	1	0.516928902830726	1	8	0.918582138069376	0.511014390209921	2675	10
4779	8	-0.220194409816076	0	8	0.918582138069376	0.511014390209921	2675	10
4780	0	0.0351681882443132	0	8	0.918582138069376	0.511014390209921	2675	10
4781	2	0.00797744960282593	0	8	0.918582138069376	0.511014390209921	2675	10
4782	9	0.10184300509676	0	8	0.918582138069376	0.511014390209921	2675	10
4783	0	-0.0588674853214928	0	8	0.918582138069376	0.511014390209921	2675	10
4784	5	0.325546842915739	0	8	0.918582138069376	0.511014390209921	2675	10
4790	1	0.662358839006877	1	8	0.918582138069376	0.511014390209921	2675	10
4791	1	0.441641423628383	1	8	0.918582138069376	0.511014390209921	2675	10
4792	0	0.372828029975551	0	8	0.918582138069376	0.511014390209921	2675	10
4793	2	-0.136940229897204	0	8	0.918582138069376	0.511014390209921	2675	10
4794	1	0.666080913452752	1	8	0.918582138069376	0.511014390209921	2675	10
4796	5	0.546378952465743	0	8	0.918582138069376	0.511014390209921	2675	10
4798	0	0.237202076347845	0	8	0.918582138069376	0.511014390209921	2675	10
4799	1	0.53467484312979	1	8	0.918582138069376	0.511014390209921	2675	10
4800	1	0.666363761550658	1	8	0.918582138069376	0.511014390209921	2675	10
4801	0	-0.108856327653388	0	8	0.918582138069376	0.511014390209921	2675	10
4802	0	0.120224958578187	0	8	0.918582138069376	0.511014390209921	2675	10
4803	0	0.0125799080111535	0	8	0.918582138069376	0.511014390209921	2675	10
4804	1	0.496062373436536	1	8	0.918582138069376	0.511014390209921	2675	10
4809	3	0.423043151503816	0	8	0.918582138069376	0.511014390209921	2675	10
4811	1	0.488365147234166	1	8	0.918582138069376	0.511014390209921	2675	10
4814	3	0.0502627891707864	0	8	0.918582138069376	0.511014390209921	2675	10
4815	1	0.708426618271001	1	8	0.918582138069376	0.511014390209921	2675	10
4817	2	-0.175597401434098	0	8	0.918582138069376	0.511014390209921	2675	10
4818	1	0.7214717180669	1	8	0.918582138069376	0.511014390209921	2675	10
4820	1	0.601272681436069	1	8	0.918582138069376	0.511014390209921	2675	10
4824	0	0.0798254104275623	0	8	0.918582138069376	0.511014390209921	2675	10
4826	6	0.0127809605476484	0	8	0.918582138069376	0.511014390209921	2675	10
4828	3	0.346689761035731	0	8	0.918582138069376	0.511014390209921	2675	10
4830	3	0.398338837265905	0	8	0.918582138069376	0.511014390209921	2675	10
4832	3	0.0816837911718845	0	8	0.918582138069376	0.511014390209921	2675	10
4833	3	0.417429227099686	0	8	0.918582138069376	0.511014390209921	2675	10
4835	2	-0.41376016300481	0	8	0.918582138069376	0.511014390209921	2675	10
4836	1	0.461620447532592	1	8	0.918582138069376	0.511014390209921	2675	10
4839	1	0.599605919163241	1	8	0.918582138069376	0.511014390209921	2675	10
4841	3	0.575342027816718	0	8	0.918582138069376	0.511014390209921	2675	10
4842	6	-0.0230238870458126	0	8	0.918582138069376	0.511014390209921	2675	10
4843	6	0.00601596231123366	0	8	0.918582138069376	0.511014390209921	2675	10
4846	5	0.178651026906988	0	8	0.918582138069376	0.511014390209921	2675	10
4848	1	0.569676996722773	1	8	0.918582138069376	0.511014390209921	2675	10
4849	5	0.178314877918494	0	8	0.918582138069376	0.511014390209921	2675	10
4850	5	0.147870031642553	0	8	0.918582138069376	0.511014390209921	2675	10
4851	0	0.308689108518182	0	8	0.918582138069376	0.511014390209921	2675	10
4852	0	-0.319722281091714	0	8	0.918582138069376	0.511014390209921	2675	10
4853	1	0.791668884556049	1	8	0.918582138069376	0.511014390209921	2675	10
4854	5	0.356277577042767	0	8	0.918582138069376	0.511014390209921	2675	10
4855	0	0.0595818716850394	0	8	0.918582138069376	0.511014390209921	2675	10
4856	1	0.558802107444455	1	8	0.918582138069376	0.511014390209921	2675	10
4857	0	0.042470711593425	0	8	0.918582138069376	0.511014390209921	2675	10
4858	5	0.0615619079334228	0	8	0.918582138069376	0.511014390209921	2675	10
4860	2	-0.357782093655426	0	8	0.918582138069376	0.511014390209921	2675	10
4861	5	0.363436876883369	0	8	0.918582138069376	0.511014390209921	2675	10
4862	0	0.361072034400662	0	8	0.918582138069376	0.511014390209921	2675	10
4863	1	0.391395688523165	1	8	0.918582138069376	0.511014390209921	2675	10
4864	0	0.29933307700117	0	8	0.918582138069376	0.511014390209921	2675	10
4868	8	-0.2752713338563	0	8	0.918582138069376	0.511014390209921	2675	10
4869	7	0.544637873640299	0	8	0.918582138069376	0.511014390209921	2675	10
4881	0	0.0652882596807457	0	8	0.918582138069376	0.511014390209921	2675	10
4882	1	0.424628574988768	1	8	0.918582138069376	0.511014390209921	2675	10
4883	2	-0.403075388831001	0	8	0.918582138069376	0.511014390209921	2675	10
4884	0	0.0229191286175439	0	8	0.918582138069376	0.511014390209921	2675	10
4886	0	0.364838826847756	0	8	0.918582138069376	0.511014390209921	2675	10
4889	0	0.382891975752793	0	8	0.918582138069376	0.511014390209921	2675	10
4891	0	0.33186586469003	0	8	0.918582138069376	0.511014390209921	2675	10
4892	0	0.242906477211779	0	8	0.918582138069376	0.511014390209921	2675	10
4893	0	0.445091120975932	0	8	0.918582138069376	0.511014390209921	2675	10
4897	0	0.303537145901728	0	8	0.918582138069376	0.511014390209921	2675	10
4900	0	0.187151270279906	0	8	0.918582138069376	0.511014390209921	2675	10
4901	0	-0.0949741531464452	0	8	0.918582138069376	0.511014390209921	2675	10
4902	6	-0.0431543879600969	0	8	0.918582138069376	0.511014390209921	2675	10
4907	4	-0.167894535078308	0	8	0.918582138069376	0.511014390209921	2675	10
4908	0	0.193271190206446	0	8	0.918582138069376	0.511014390209921	2675	10
4913	3	0.239756281723264	0	8	0.918582138069376	0.511014390209921	2675	10
4914	0	-0.0546820869209175	0	8	0.918582138069376	0.511014390209921	2675	10
4915	0	0.352893880411067	0	8	0.918582138069376	0.511014390209921	2675	10
4916	5	0.174650165270181	0	8	0.918582138069376	0.511014390209921	2675	10
4917	5	0.0960762091383894	0	8	0.918582138069376	0.511014390209921	2675	10
4919	0	0.0203874707746674	0	8	0.918582138069376	0.511014390209921	2675	10
4920	1	0.65041570299154	1	8	0.918582138069376	0.511014390209921	2675	10
4921	1	0.682137725801192	1	8	0.918582138069376	0.511014390209921	2675	10
4923	6	0.211776325691054	0	8	0.918582138069376	0.511014390209921	2675	10
4924	2	-0.297549422648484	0	8	0.918582138069376	0.511014390209921	2675	10
4925	4	-0.10551043862981	0	8	0.918582138069376	0.511014390209921	2675	10
4926	5	0.434611065907656	0	8	0.918582138069376	0.511014390209921	2675	10
4927	0	0.317533644708515	0	8	0.918582138069376	0.511014390209921	2675	10
4928	1	0.475723326081574	1	8	0.918582138069376	0.511014390209921	2675	10
4929	0	0.0453109865835119	0	8	0.918582138069376	0.511014390209921	2675	10
4931	0	0.356498461296312	0	8	0.918582138069376	0.511014390209921	2675	10
4935	0	0.293168155786754	0	8	0.918582138069376	0.511014390209921	2675	10
4938	0	0.420367539468098	0	8	0.918582138069376	0.511014390209921	2675	10
4939	1	0.61815423201604	1	8	0.918582138069376	0.511014390209921	2675	10
4940	1	0.56912233090716	1	8	0.918582138069376	0.511014390209921	2675	10
4942	2	-0.417075490706234	0	8	0.918582138069376	0.511014390209921	2675	10
4946	3	0.252471992400164	0	8	0.918582138069376	0.511014390209921	2675	10
4947	3	0.396309965633037	0	8	0.918582138069376	0.511014390209921	2675	10
4948	0	-0.0800389283340997	0	8	0.918582138069376	0.511014390209921	2675	10
4952	0	-0.0772168294409618	0	8	0.918582138069376	0.511014390209921	2675	10
4953	3	0.0500856825579762	0	8	0.918582138069376	0.511014390209921	2675	10
4957	1	0.544957139167955	1	8	0.918582138069376	0.511014390209921	2675	10
4967	2	-0.250622078270462	0	8	0.918582138069376	0.511014390209921	2675	10
4968	2	-0.234219500459916	0	8	0.918582138069376	0.511014390209921	2675	10
4969	0	0.124673028774391	0	8	0.918582138069376	0.511014390209921	2675	10
4973	4	-0.0229368361920974	0	8	0.918582138069376	0.511014390209921	2675	10
4976	0	-0.31724505778522	0	8	0.918582138069376	0.511014390209921	2675	10
4978	8	-0.232958383122843	0	8	0.918582138069376	0.511014390209921	2675	10
4982	1	0.536555256894576	1	8	0.918582138069376	0.511014390209921	2675	10
4987	1	0.628187921541824	1	8	0.918582138069376	0.511014390209921	2675	10
4998	0	0.218205746249171	0	8	0.918582138069376	0.511014390209921	2675	10
4999	4	-0.00817852871723716	0	8	0.918582138069376	0.511014390209921	2675	10
5000	0	-0.37340980975268	0	8	0.918582138069376	0.511014390209921	2675	10
5001	4	-0.0429131131976419	0	8	0.918582138069376	0.511014390209921	2675	10
5002	2	-0.321059972668748	0	8	0.918582138069376	0.511014390209921	2675	10
5003	2	-0.109865394792146	0	8	0.918582138069376	0.511014390209921	2675	10
5007	0	-0.125274640576653	0	8	0.918582138069376	0.511014390209921	2675	10
5008	0	0.232863423724024	0	8	0.918582138069376	0.511014390209921	2675	10
5010	0	0.293435649125236	0	8	0.918582138069376	0.511014390209921	2675	10
5016	0	0.168522009574423	0	8	0.918582138069376	0.511014390209921	2675	10
5017	6	-0.017972770282618	0	8	0.918582138069376	0.511014390209921	2675	10
5018	3	-0.126794075497541	0	8	0.918582138069376	0.511014390209921	2675	10
5019	0	-0.119580388864846	0	8	0.918582138069376	0.511014390209921	2675	10
5020	3	-0.0240992480874154	0	8	0.918582138069376	0.511014390209921	2675	10
5021	1	0.427441552933908	1	8	0.918582138069376	0.511014390209921	2675	10
5023	1	0.695122473002986	1	8	0.918582138069376	0.511014390209921	2675	10
5025	2	0.0576464681906247	0	8	0.918582138069376	0.511014390209921	2675	10
5026	1	0.711598987194946	1	8	0.918582138069376	0.511014390209921	2675	10
5027	1	0.694845869634658	1	8	0.918582138069376	0.511014390209921	2675	10
5028	0	0.00600182173115872	0	8	0.918582138069376	0.511014390209921	2675	10
5029	0	0.288207085326951	0	8	0.918582138069376	0.511014390209921	2675	10
5031	1	0.625006930884189	1	8	0.918582138069376	0.511014390209921	2675	10
5033	0	-0.206759158529598	0	8	0.918582138069376	0.511014390209921	2675	10
5034	1	0.418493598611917	1	8	0.918582138069376	0.511014390209921	2675	10
5036	3	0.315304539106112	0	8	0.918582138069376	0.511014390209921	2675	10
5037	2	-0.362303437990903	0	8	0.918582138069376	0.511014390209921	2675	10
5045	5	0.306123636059247	0	8	0.918582138069376	0.511014390209921	2675	10
5048	0	0.0798226543535038	0	8	0.918582138069376	0.511014390209921	2675	10
5049	0	0.342813579470367	0	8	0.918582138069376	0.511014390209921	2675	10
5050	3	0.573536816057127	0	8	0.918582138069376	0.511014390209921	2675	10
5051	2	-0.360409018264182	0	8	0.918582138069376	0.511014390209921	2675	10
5052	3	-0.0833317814188099	0	8	0.918582138069376	0.511014390209921	2675	10
5054	0	0.327121047121998	0	8	0.918582138069376	0.511014390209921	2675	10
5058	0	0.254296376152692	0	8	0.918582138069376	0.511014390209921	2675	10
5062	1	0.735066210452929	1	8	0.918582138069376	0.511014390209921	2675	10
5063	1	0.574863057300391	1	8	0.918582138069376	0.511014390209921	2675	10
5064	2	-0.296413201941509	0	8	0.918582138069376	0.511014390209921	2675	10
5066	0	0.0471199020492498	0	8	0.918582138069376	0.511014390209921	2675	10
5069	0	0.198118073921997	0	8	0.918582138069376	0.511014390209921	2675	10
5071	6	-0.0677823827718887	0	8	0.918582138069376	0.511014390209921	2675	10
5073	4	0.107274689875334	0	8	0.918582138069376	0.511014390209921	2675	10
5074	4	-0.0936272577087384	0	8	0.918582138069376	0.511014390209921	2675	10
5076	0	-0.151761693321402	0	8	0.918582138069376	0.511014390209921	2675	10
5079	1	0.665596994904306	1	8	0.918582138069376	0.511014390209921	2675	10
5080	6	-0.120926589967283	0	8	0.918582138069376	0.511014390209921	2675	10
5082	1	0.55788826195222	1	8	0.918582138069376	0.511014390209921	2675	10
5087	0	-0.11656062468756	0	8	0.918582138069376	0.511014390209921	2675	10
5090	0	0.142496628982792	0	8	0.918582138069376	0.511014390209921	2675	10
5091	2	-0.412780617481641	0	8	0.918582138069376	0.511014390209921	2675	10
5092	2	-0.257006279058456	0	8	0.918582138069376	0.511014390209921	2675	10
5093	2	0.0240106564963587	0	8	0.918582138069376	0.511014390209921	2675	10
5094	2	-0.218223800333008	0	8	0.918582138069376	0.511014390209921	2675	10
5095	2	-0.368784259443609	0	8	0.918582138069376	0.511014390209921	2675	10
5096	2	-0.400414087908029	0	8	0.918582138069376	0.511014390209921	2675	10
5097	0	-0.0247065433296917	0	8	0.918582138069376	0.511014390209921	2675	10
5099	1	0.519373985243502	1	8	0.918582138069376	0.511014390209921	2675	10
5101	0	-0.0695215699437531	0	8	0.918582138069376	0.511014390209921	2675	10
5104	2	-0.433018731202214	0	8	0.918582138069376	0.511014390209921	2675	10
5105	2	-0.528982711958618	0	8	0.918582138069376	0.511014390209921	2675	10
5106	2	-0.45575515557122	0	8	0.918582138069376	0.511014390209921	2675	10
5108	1	0.478617790377774	1	8	0.918582138069376	0.511014390209921	2675	10
5110	7	-0.0685693195175178	0	8	0.918582138069376	0.511014390209921	2675	10
5111	7	0.0443853977952378	0	8	0.918582138069376	0.511014390209921	2675	10
5116	1	0.548471217805942	1	8	0.918582138069376	0.511014390209921	2675	10
5118	1	0.639407083305666	1	8	0.918582138069376	0.511014390209921	2675	10
5119	3	0.0798762184047993	0	8	0.918582138069376	0.511014390209921	2675	10
5121	0	0.146071395822878	0	8	0.918582138069376	0.511014390209921	2675	10
5122	0	-0.258418386913288	0	8	0.918582138069376	0.511014390209921	2675	10
5125	8	-0.145727560316182	0	8	0.918582138069376	0.511014390209921	2675	10
5127	0	0.0342587767925448	0	8	0.918582138069376	0.511014390209921	2675	10
5128	5	0.320819833693354	0	8	0.918582138069376	0.511014390209921	2675	10
5129	2	-0.228126623368667	0	8	0.918582138069376	0.511014390209921	2675	10
5130	0	0.171654993369579	0	8	0.918582138069376	0.511014390209921	2675	10
5133	1	0.725713966297103	1	8	0.918582138069376	0.511014390209921	2675	10
5134	3	0.521184351841312	0	8	0.918582138069376	0.511014390209921	2675	10
5136	1	0.476661974344291	1	8	0.918582138069376	0.511014390209921	2675	10
5137	6	-0.0789058894212499	0	8	0.918582138069376	0.511014390209921	2675	10
5138	5	0.12900932381376	0	8	0.918582138069376	0.511014390209921	2675	10
5139	1	0.427192017270216	1	8	0.918582138069376	0.511014390209921	2675	10
5140	0	0.282023660427664	0	8	0.918582138069376	0.511014390209921	2675	10
5141	5	0.616107586292562	0	8	0.918582138069376	0.511014390209921	2675	10
5142	1	0.420697155040322	1	8	0.918582138069376	0.511014390209921	2675	10
5144	0	0.0794570531183652	0	8	0.918582138069376	0.511014390209921	2675	10
5147	0	0.329175427366485	0	8	0.918582138069376	0.511014390209921	2675	10
5148	1	0.556780358946904	1	8	0.918582138069376	0.511014390209921	2675	10
5151	2	-0.200217892804253	0	8	0.918582138069376	0.511014390209921	2675	10
5152	0	0.123100739002568	0	8	0.918582138069376	0.511014390209921	2675	10
5153	1	0.451889268079246	1	8	0.918582138069376	0.511014390209921	2675	10
5154	0	0.298886610597255	0	8	0.918582138069376	0.511014390209921	2675	10
5155	5	0.379308243371928	0	8	0.918582138069376	0.511014390209921	2675	10
5156	1	0.688024312110985	1	8	0.918582138069376	0.511014390209921	2675	10
5157	0	0.210484501656366	0	8	0.918582138069376	0.511014390209921	2675	10
5158	0	0.314871352322359	0	8	0.918582138069376	0.511014390209921	2675	10
5159	1	0.60153490955915	1	8	0.918582138069376	0.511014390209921	2675	10
5160	2	-0.182338124909186	0	8	0.918582138069376	0.511014390209921	2675	10
5162	2	-0.325029215142688	0	8	0.918582138069376	0.511014390209921	2675	10
5163	1	0.620360951515047	1	8	0.918582138069376	0.511014390209921	2675	10
5164	2	-0.309877723895255	0	8	0.918582138069376	0.511014390209921	2675	10
5165	0	-0.231351999607674	0	8	0.918582138069376	0.511014390209921	2675	10
5166	4	-0.0343740812704824	0	8	0.918582138069376	0.511014390209921	2675	10
5167	0	0.18389703966476	0	8	0.918582138069376	0.511014390209921	2675	10
5168	2	-0.395242340572751	0	8	0.918582138069376	0.511014390209921	2675	10
5170	4	0.13844517789995	0	8	0.918582138069376	0.511014390209921	2675	10
5172	8	-0.119010094241457	0	8	0.918582138069376	0.511014390209921	2675	10
5175	1	0.73671788508865	1	8	0.918582138069376	0.511014390209921	2675	10
5176	1	0.643680407349115	1	8	0.918582138069376	0.511014390209921	2675	10
5184	2	-0.557935557535079	0	8	0.918582138069376	0.511014390209921	2675	10
5188	2	-0.186506617999563	0	8	0.918582138069376	0.511014390209921	2675	10
5189	4	-0.380203465419215	0	8	0.918582138069376	0.511014390209921	2675	10
5190	0	0.115707073959929	0	8	0.918582138069376	0.511014390209921	2675	10
5191	2	-0.328578611786631	0	8	0.918582138069376	0.511014390209921	2675	10
5192	3	0.0752551529729187	0	8	0.918582138069376	0.511014390209921	2675	10
5193	0	-0.266682499940409	0	8	0.918582138069376	0.511014390209921	2675	10
5194	4	-0.252973974949179	0	8	0.918582138069376	0.511014390209921	2675	10
5195	0	-0.381426667723538	0	8	0.918582138069376	0.511014390209921	2675	10
5196	0	0.432689236199626	0	8	0.918582138069376	0.511014390209921	2675	10
5198	0	0.26403876747636	0	8	0.918582138069376	0.511014390209921	2675	10
5199	1	0.640644821209704	1	8	0.918582138069376	0.511014390209921	2675	10
5201	3	0.254135370245376	0	8	0.918582138069376	0.511014390209921	2675	10
5202	3	0.280202327249571	0	8	0.918582138069376	0.511014390209921	2675	10
5203	0	0.0659548545178215	0	8	0.918582138069376	0.511014390209921	2675	10
5204	3	0.383355006793139	0	8	0.918582138069376	0.511014390209921	2675	10
5207	6	-0.176908767836657	0	8	0.918582138069376	0.511014390209921	2675	10
5208	2	-0.285239590842847	0	8	0.918582138069376	0.511014390209921	2675	10
5209	1	0.60944928319805	1	8	0.918582138069376	0.511014390209921	2675	10
5210	1	0.70392925983694	1	8	0.918582138069376	0.511014390209921	2675	10
5211	2	-0.184512038491523	0	8	0.918582138069376	0.511014390209921	2675	10
5213	2	-0.343600572877952	0	8	0.918582138069376	0.511014390209921	2675	10
5214	1	0.433576869120587	1	8	0.918582138069376	0.511014390209921	2675	10
5216	1	0.571084596080891	1	8	0.918582138069376	0.511014390209921	2675	10
5217	0	-0.161187978132541	0	8	0.918582138069376	0.511014390209921	2675	10
5218	0	-0.290260612882061	0	8	0.918582138069376	0.511014390209921	2675	10
5224	5	0.260293840644768	0	8	0.918582138069376	0.511014390209921	2675	10
5226	3	0.314065289726791	0	8	0.918582138069376	0.511014390209921	2675	10
5228	0	0.430220406277065	0	8	0.918582138069376	0.511014390209921	2675	10
5229	0	0.26744263925507	0	8	0.918582138069376	0.511014390209921	2675	10
5236	2	-0.268006540258519	0	8	0.918582138069376	0.511014390209921	2675	10
5238	4	0.336828497082831	0	8	0.918582138069376	0.511014390209921	2675	10
5239	0	0.384053442118147	0	8	0.918582138069376	0.511014390209921	2675	10
5241	1	0.489060577166316	1	8	0.918582138069376	0.511014390209921	2675	10
5243	4	-0.105718957535718	0	8	0.918582138069376	0.511014390209921	2675	10
5244	0	0.335889357175704	0	8	0.918582138069376	0.511014390209921	2675	10
5245	2	-0.277191623899512	0	8	0.918582138069376	0.511014390209921	2675	10
5250	3	-0.0244308652913071	0	8	0.918582138069376	0.511014390209921	2675	10
5251	0	0.266068201339032	0	8	0.918582138069376	0.511014390209921	2675	10
5252	0	-0.128076176587568	0	8	0.918582138069376	0.511014390209921	2675	10
5253	1	0.510232355731575	1	8	0.918582138069376	0.511014390209921	2675	10
5255	0	0.0284556854103008	0	8	0.918582138069376	0.511014390209921	2675	10
5256	0	-0.0784294706320444	0	8	0.918582138069376	0.511014390209921	2675	10
5257	0	-0.290725597676993	0	8	0.918582138069376	0.511014390209921	2675	10
5260	5	0.517996992383613	0	8	0.918582138069376	0.511014390209921	2675	10
5261	3	0.217842633223952	0	8	0.918582138069376	0.511014390209921	2675	10
5264	2	-0.46131820918639	0	8	0.918582138069376	0.511014390209921	2675	10
5265	2	-0.263596841755631	0	8	0.918582138069376	0.511014390209921	2675	10
5266	1	0.442584407795954	1	8	0.918582138069376	0.511014390209921	2675	10
5267	0	-0.176689670141779	0	8	0.918582138069376	0.511014390209921	2675	10
5269	3	0.000861453526784532	0	8	0.918582138069376	0.511014390209921	2675	10
5270	1	0.392944032690062	1	8	0.918582138069376	0.511014390209921	2675	10
5271	1	0.688278649481661	1	8	0.918582138069376	0.511014390209921	2675	10
5272	1	0.632480889331161	1	8	0.918582138069376	0.511014390209921	2675	10
5274	2	-0.251320185225504	0	8	0.918582138069376	0.511014390209921	2675	10
5277	0	-0.114293842584132	0	8	0.918582138069376	0.511014390209921	2675	10
5281	0	0.24373612154485	0	8	0.918582138069376	0.511014390209921	2675	10
5283	2	-0.158575703511971	0	8	0.918582138069376	0.511014390209921	2675	10
5284	1	0.678006475389644	1	8	0.918582138069376	0.511014390209921	2675	10
5286	4	0.0563077025869814	0	8	0.918582138069376	0.511014390209921	2675	10
5287	1	0.630573688125626	1	8	0.918582138069376	0.511014390209921	2675	10
5288	0	-0.0600357277751872	0	8	0.918582138069376	0.511014390209921	2675	10
5289	0	0.0836804470371828	0	8	0.918582138069376	0.511014390209921	2675	10
5290	4	-0.0838938049780193	0	8	0.918582138069376	0.511014390209921	2675	10
5291	6	-0.112487197544495	0	8	0.918582138069376	0.511014390209921	2675	10
5292	0	0.184801045420475	0	8	0.918582138069376	0.511014390209921	2675	10
5293	1	0.837300387540953	1	8	0.918582138069376	0.511014390209921	2675	10
5294	1	0.753404458311381	1	8	0.918582138069376	0.511014390209921	2675	10
5295	0	0.230421421738628	0	8	0.918582138069376	0.511014390209921	2675	10
5296	5	0.22554503129241	0	8	0.918582138069376	0.511014390209921	2675	10
5297	0	0.217311856945454	0	8	0.918582138069376	0.511014390209921	2675	10
5298	0	0.381354247456253	0	8	0.918582138069376	0.511014390209921	2675	10
5300	3	0.0834870712257242	0	8	0.918582138069376	0.511014390209921	2675	10
5303	3	0.0953443445740517	0	8	0.918582138069376	0.511014390209921	2675	10
5305	1	0.660731761909146	1	8	0.918582138069376	0.511014390209921	2675	10
5306	0	0.468378358367141	0	8	0.918582138069376	0.511014390209921	2675	10
5308	0	0.105065836415563	0	8	0.918582138069376	0.511014390209921	2675	10
5311	0	-0.0297875409862333	0	8	0.918582138069376	0.511014390209921	2675	10
5313	2	-0.353356769654169	0	8	0.918582138069376	0.511014390209921	2675	10
5315	1	0.538208204900817	1	8	0.918582138069376	0.511014390209921	2675	10
5316	1	0.577610458640897	1	8	0.918582138069376	0.511014390209921	2675	10
5317	0	-0.22004626398817	0	8	0.918582138069376	0.511014390209921	2675	10
5318	2	-0.439645572001401	0	8	0.918582138069376	0.511014390209921	2675	10
5320	1	0.411994689428418	1	8	0.918582138069376	0.511014390209921	2675	10
5321	1	0.377907009690522	1	8	0.918582138069376	0.511014390209921	2675	10
5324	8	-0.0127232987881867	0	8	0.918582138069376	0.511014390209921	2675	10
5325	0	0.289776913752203	0	8	0.918582138069376	0.511014390209921	2675	10
5326	5	0.0669887519393513	0	8	0.918582138069376	0.511014390209921	2675	10
5327	8	0.010905567916994	0	8	0.918582138069376	0.511014390209921	2675	10
5328	0	0.361163231576161	0	8	0.918582138069376	0.511014390209921	2675	10
5329	1	0.387454337231652	1	8	0.918582138069376	0.511014390209921	2675	10
5330	1	0.797080796055596	1	8	0.918582138069376	0.511014390209921	2675	10
5331	5	0.675421836537551	0	8	0.918582138069376	0.511014390209921	2675	10
5332	1	0.445903714647705	1	8	0.918582138069376	0.511014390209921	2675	10
5333	0	0.187910712608083	0	8	0.918582138069376	0.511014390209921	2675	10
5334	4	-0.304164329025019	0	8	0.918582138069376	0.511014390209921	2675	10
5335	1	0.640845051516399	1	8	0.918582138069376	0.511014390209921	2675	10
5336	0	-0.0469545821604663	0	8	0.918582138069376	0.511014390209921	2675	10
5337	2	-0.118188301126761	0	8	0.918582138069376	0.511014390209921	2675	10
5338	1	0.705187477487013	1	8	0.918582138069376	0.511014390209921	2675	10
5339	5	0.445645370453736	0	8	0.918582138069376	0.511014390209921	2675	10
5340	2	-0.503574733757571	0	8	0.918582138069376	0.511014390209921	2675	10
5341	1	0.760297513887033	1	8	0.918582138069376	0.511014390209921	2675	10
5345	2	-0.466194648051157	0	8	0.918582138069376	0.511014390209921	2675	10
5346	0	0.327072438749288	0	8	0.918582138069376	0.511014390209921	2675	10
5347	1	0.751540244249083	1	8	0.918582138069376	0.511014390209921	2675	10
5348	1	0.449735037908571	1	8	0.918582138069376	0.511014390209921	2675	10
5349	1	0.447928140624832	1	8	0.918582138069376	0.511014390209921	2675	10
5350	0	0.0609780431863386	0	8	0.918582138069376	0.511014390209921	2675	10
5351	2	-0.225354857063873	0	8	0.918582138069376	0.511014390209921	2675	10
5352	0	0.246952552635011	0	8	0.918582138069376	0.511014390209921	2675	10
5354	0	0.0169398565959566	0	8	0.918582138069376	0.511014390209921	2675	10
5355	1	0.719284515922223	1	8	0.918582138069376	0.511014390209921	2675	10
5357	0	-0.049088545985694	0	8	0.918582138069376	0.511014390209921	2675	10
5358	4	-0.0878163167142554	0	8	0.918582138069376	0.511014390209921	2675	10
5359	1	0.640623404567954	1	8	0.918582138069376	0.511014390209921	2675	10
5360	1	0.495043283700983	1	8	0.918582138069376	0.511014390209921	2675	10
5361	1	0.628178044740949	1	8	0.918582138069376	0.511014390209921	2675	10
5362	5	0.158319094005484	0	8	0.918582138069376	0.511014390209921	2675	10
5364	9	0.13904853999005	0	8	0.918582138069376	0.511014390209921	2675	10
5365	5	0.107067803715752	0	8	0.918582138069376	0.511014390209921	2675	10
5368	1	0.743372510926459	1	8	0.918582138069376	0.511014390209921	2675	10
5371	1	0.726787658137717	1	8	0.918582138069376	0.511014390209921	2675	10
5372	2	-0.327447426378374	0	8	0.918582138069376	0.511014390209921	2675	10
5373	10	0.525984822107521	0	8	0.918582138069376	0.511014390209921	2675	10
5376	1	0.597368904831666	1	8	0.918582138069376	0.511014390209921	2675	10
5378	0	0.206425779246433	0	8	0.918582138069376	0.511014390209921	2675	10
5393	0	0.185081913582695	0	8	0.918582138069376	0.511014390209921	2675	10
5394	1	0.584329623707016	1	8	0.918582138069376	0.511014390209921	2675	10
5396	1	0.778252196345564	1	8	0.918582138069376	0.511014390209921	2675	10
5411	5	0.180531494496051	0	8	0.918582138069376	0.511014390209921	2675	10
5412	4	-0.114900107980605	0	8	0.918582138069376	0.511014390209921	2675	10
5414	1	0.574930118710651	1	8	0.918582138069376	0.511014390209921	2675	10
5420	8	-0.369910277248489	0	8	0.918582138069376	0.511014390209921	2675	10
5422	0	0.282195478787403	0	8	0.918582138069376	0.511014390209921	2675	10
5423	0	0.386317520636278	0	8	0.918582138069376	0.511014390209921	2675	10
5424	10	0.591913909056898	0	8	0.918582138069376	0.511014390209921	2675	10
5425	3	0.279610722982923	0	8	0.918582138069376	0.511014390209921	2675	10
5426	1	0.625888826824753	1	8	0.918582138069376	0.511014390209921	2675	10
5427	0	0.369619835519962	0	8	0.918582138069376	0.511014390209921	2675	10
5428	5	0.720475588009628	0	8	0.918582138069376	0.511014390209921	2675	10
5429	1	0.675568270015758	1	8	0.918582138069376	0.511014390209921	2675	10
5430	0	0.104545959911981	0	8	0.918582138069376	0.511014390209921	2675	10
5431	1	0.363548601097584	1	8	0.918582138069376	0.511014390209921	2675	10
5432	3	0.102922371442511	0	8	0.918582138069376	0.511014390209921	2675	10
5433	3	0.39945636743369	0	8	0.918582138069376	0.511014390209921	2675	10
5434	3	0.223133809774062	0	8	0.918582138069376	0.511014390209921	2675	10
5435	3	0.158320372793293	0	8	0.918582138069376	0.511014390209921	2675	10
5436	3	0.375020206854607	0	8	0.918582138069376	0.511014390209921	2675	10
5437	3	0.182124365445676	0	8	0.918582138069376	0.511014390209921	2675	10
5438	3	0.0133036292903063	0	8	0.918582138069376	0.511014390209921	2675	10
5439	3	-0.116224392721754	0	8	0.918582138069376	0.511014390209921	2675	10
5440	3	0.237780499689446	0	8	0.918582138069376	0.511014390209921	2675	10
5441	3	0.1912995548513	0	8	0.918582138069376	0.511014390209921	2675	10
5445	0	0.250694539053717	0	8	0.918582138069376	0.511014390209921	2675	10
5446	0	0.0646866046666197	0	8	0.918582138069376	0.511014390209921	2675	10
5450	1	0.747809836503434	1	8	0.918582138069376	0.511014390209921	2675	10
5451	1	0.584051843828046	1	8	0.918582138069376	0.511014390209921	2675	10
5452	1	0.648733206769074	1	8	0.918582138069376	0.511014390209921	2675	10
5455	5	0.179883824661441	0	8	0.918582138069376	0.511014390209921	2675	10
5456	1	0.440927512124902	1	8	0.918582138069376	0.511014390209921	2675	10
5463	5	0.368635468764479	0	8	0.918582138069376	0.511014390209921	2675	10
5464	7	0.173247001414819	0	8	0.918582138069376	0.511014390209921	2675	10
5465	2	-0.27522550779516	0	8	0.918582138069376	0.511014390209921	2675	10
5467	0	0.249753528239531	0	8	0.918582138069376	0.511014390209921	2675	10
5468	2	-0.186866048107044	0	8	0.918582138069376	0.511014390209921	2675	10
5469	1	0.714401476282148	1	8	0.918582138069376	0.511014390209921	2675	10
5471	2	-0.00892216853475873	0	8	0.918582138069376	0.511014390209921	2675	10
5473	0	0.414051026490514	0	8	0.918582138069376	0.511014390209921	2675	10
5476	2	-0.296773525254046	0	8	0.918582138069376	0.511014390209921	2675	10
5479	3	0.357328452371143	0	8	0.918582138069376	0.511014390209921	2675	10
5480	1	0.398645347320993	1	8	0.918582138069376	0.511014390209921	2675	10
5481	4	-0.157654064480543	0	8	0.918582138069376	0.511014390209921	2675	10
5493	1	0.577360306669217	1	8	0.918582138069376	0.511014390209921	2675	10
5494	2	-0.31854891748969	0	8	0.918582138069376	0.511014390209921	2675	10
5495	4	0.136435822716625	0	8	0.918582138069376	0.511014390209921	2675	10
5496	3	0.281415756910221	0	8	0.918582138069376	0.511014390209921	2675	10
5498	0	0.0171469909982686	0	8	0.918582138069376	0.511014390209921	2675	10
5499	3	0.177147517286792	0	8	0.918582138069376	0.511014390209921	2675	10
5500	0	0.364477660830033	0	8	0.918582138069376	0.511014390209921	2675	10
5501	7	0.186555121264147	0	8	0.918582138069376	0.511014390209921	2675	10
5502	3	0.204643073246994	0	8	0.918582138069376	0.511014390209921	2675	10
5504	4	0.246741494804389	0	8	0.918582138069376	0.511014390209921	2675	10
5506	0	0.134483590190483	0	8	0.918582138069376	0.511014390209921	2675	10
5507	0	0.376550804214724	0	8	0.918582138069376	0.511014390209921	2675	10
5509	0	0.0429409484976654	0	8	0.918582138069376	0.511014390209921	2675	10
5510	3	0.367094006266161	0	8	0.918582138069376	0.511014390209921	2675	10
5511	0	0.447575254754014	0	8	0.918582138069376	0.511014390209921	2675	10
5515	7	-0.103640715452841	0	8	0.918582138069376	0.511014390209921	2675	10
5516	0	-0.0229858738292385	0	8	0.918582138069376	0.511014390209921	2675	10
5518	3	0.300121473728176	0	8	0.918582138069376	0.511014390209921	2675	10
5519	4	0.0334173222915843	0	8	0.918582138069376	0.511014390209921	2675	10
5520	4	-0.0904811660290704	0	8	0.918582138069376	0.511014390209921	2675	10
5521	0	-0.186897747752819	0	8	0.918582138069376	0.511014390209921	2675	10
5523	0	0.213094154648601	0	8	0.918582138069376	0.511014390209921	2675	10
5524	3	0.163172293276878	0	8	0.918582138069376	0.511014390209921	2675	10
5525	0	0.162315376298575	0	8	0.918582138069376	0.511014390209921	2675	10
5526	0	0.0235371279311216	0	8	0.918582138069376	0.511014390209921	2675	10
5527	1	0.539559411110963	1	8	0.918582138069376	0.511014390209921	2675	10
5528	10	0.587794463725176	0	8	0.918582138069376	0.511014390209921	2675	10
5530	0	0.294458882007818	0	8	0.918582138069376	0.511014390209921	2675	10
5531	3	0.377890598245833	0	8	0.918582138069376	0.511014390209921	2675	10
5532	1	0.325915391003608	1	8	0.918582138069376	0.511014390209921	2675	10
5533	1	0.511627809157747	1	8	0.918582138069376	0.511014390209921	2675	10
5534	4	0.0441102534126634	0	8	0.918582138069376	0.511014390209921	2675	10
5536	0	0.146474895846742	0	8	0.918582138069376	0.511014390209921	2675	10
5537	6	-0.114563024496961	0	8	0.918582138069376	0.511014390209921	2675	10
5538	1	0.60946020433439	1	8	0.918582138069376	0.511014390209921	2675	10
5546	3	0.329608660366696	0	8	0.918582138069376	0.511014390209921	2675	10
5547	2	0.0610189074477991	0	8	0.918582138069376	0.511014390209921	2675	10
5549	1	0.610842246916371	1	8	0.918582138069376	0.511014390209921	2675	10
5550	0	0.351840287831623	0	8	0.918582138069376	0.511014390209921	2675	10
5551	1	0.728547994352132	1	8	0.918582138069376	0.511014390209921	2675	10
5552	1	0.639738432879617	1	8	0.918582138069376	0.511014390209921	2675	10
5557	0	0.186173702277459	0	8	0.918582138069376	0.511014390209921	2675	10
5562	0	0.0472271500802149	0	8	0.918582138069376	0.511014390209921	2675	10
5563	4	-0.142147070446147	0	8	0.918582138069376	0.511014390209921	2675	10
5564	0	0.188081674376926	0	8	0.918582138069376	0.511014390209921	2675	10
5566	5	0.136973063437738	0	8	0.918582138069376	0.511014390209921	2675	10
5567	0	0.222859292833458	0	8	0.918582138069376	0.511014390209921	2675	10
5569	0	0.279382615700922	0	8	0.918582138069376	0.511014390209921	2675	10
5571	3	0.158718526233132	0	8	0.918582138069376	0.511014390209921	2675	10
5573	2	-0.208332249533016	0	8	0.918582138069376	0.511014390209921	2675	10
5575	6	0.0751191819369408	0	8	0.918582138069376	0.511014390209921	2675	10
5576	3	0.154601779546034	0	8	0.918582138069376	0.511014390209921	2675	10
5577	0	0.134975953712423	0	8	0.918582138069376	0.511014390209921	2675	10
5578	0	-0.0364841124162333	0	8	0.918582138069376	0.511014390209921	2675	10
5579	1	0.769887173834956	1	8	0.918582138069376	0.511014390209921	2675	10
5580	4	0.00747235406893092	0	8	0.918582138069376	0.511014390209921	2675	10
5581	6	-0.130090080035941	0	8	0.918582138069376	0.511014390209921	2675	10
5583	1	0.685565020236147	1	8	0.918582138069376	0.511014390209921	2675	10
5584	0	0.547180382618825	0	8	0.918582138069376	0.511014390209921	2675	10
5585	10	0.644148247579178	0	8	0.918582138069376	0.511014390209921	2675	10
5586	0	0.0700792152684832	0	8	0.918582138069376	0.511014390209921	2675	10
5587	0	0.240513958915886	0	8	0.918582138069376	0.511014390209921	2675	10
5588	1	0.603694948657952	1	8	0.918582138069376	0.511014390209921	2675	10
5589	5	0.1695563011879	0	8	0.918582138069376	0.511014390209921	2675	10
5590	2	-0.340714199383027	0	8	0.918582138069376	0.511014390209921	2675	10
5591	1	0.708872101665691	1	8	0.918582138069376	0.511014390209921	2675	10
5592	0	-0.0187546563366429	0	8	0.918582138069376	0.511014390209921	2675	10
5593	0	0.111436383220835	0	8	0.918582138069376	0.511014390209921	2675	10
5594	0	0.36840611370903	0	8	0.918582138069376	0.511014390209921	2675	10
5595	3	0.332940316696486	0	8	0.918582138069376	0.511014390209921	2675	10
5596	6	-0.012779566146978	0	8	0.918582138069376	0.511014390209921	2675	10
5597	4	-0.065401564157978	0	8	0.918582138069376	0.511014390209921	2675	10
5598	1	0.462932013034481	1	8	0.918582138069376	0.511014390209921	2675	10
5599	6	-0.0811096249908363	0	8	0.918582138069376	0.511014390209921	2675	10
5600	1	0.545488383835001	1	8	0.918582138069376	0.511014390209921	2675	10
5601	0	-0.143271920800867	0	8	0.918582138069376	0.511014390209921	2675	10
5602	8	-0.0940580831923667	0	8	0.918582138069376	0.511014390209921	2675	10
5603	1	0.537843857536673	1	8	0.918582138069376	0.511014390209921	2675	10
5604	0	0.372647603727086	0	8	0.918582138069376	0.511014390209921	2675	10
5605	1	0.624724400740673	1	8	0.918582138069376	0.511014390209921	2675	10
5607	6	0.00169499010468091	0	8	0.918582138069376	0.511014390209921	2675	10
5608	0	0.124694600670118	0	8	0.918582138069376	0.511014390209921	2675	10
5609	5	-0.000319999020910031	0	8	0.918582138069376	0.511014390209921	2675	10
5610	0	0.292383424934102	0	8	0.918582138069376	0.511014390209921	2675	10
5611	0	0.30543242787275	0	8	0.918582138069376	0.511014390209921	2675	10
5613	1	0.673526906192296	1	8	0.918582138069376	0.511014390209921	2675	10
5618	2	-0.313094170266244	0	8	0.918582138069376	0.511014390209921	2675	10
5621	4	-0.178157916739771	0	8	0.918582138069376	0.511014390209921	2675	10
5624	2	-0.107314859700959	0	8	0.918582138069376	0.511014390209921	2675	10
5627	4	-0.0519589036531235	0	8	0.918582138069376	0.511014390209921	2675	10
5629	0	-0.0794262404799871	0	8	0.918582138069376	0.511014390209921	2675	10
5631	0	-0.0567201951816914	0	8	0.918582138069376	0.511014390209921	2675	10
5634	0	-0.173692430147643	0	8	0.918582138069376	0.511014390209921	2675	10
5635	0	0.217797500931761	0	8	0.918582138069376	0.511014390209921	2675	10
5636	2	-0.260405361050081	0	8	0.918582138069376	0.511014390209921	2675	10
5638	0	0.144538905905852	0	8	0.918582138069376	0.511014390209921	2675	10
5639	0	-0.11086992213146	0	8	0.918582138069376	0.511014390209921	2675	10
5641	2	-0.420530539880813	0	8	0.918582138069376	0.511014390209921	2675	10
5648	0	-0.102043205226994	0	8	0.918582138069376	0.511014390209921	2675	10
5649	0	0.422139033549372	0	8	0.918582138069376	0.511014390209921	2675	10
5650	8	-0.166454300629499	0	8	0.918582138069376	0.511014390209921	2675	10
5652	2	-0.0892299328105137	0	8	0.918582138069376	0.511014390209921	2675	10
5653	8	-0.175461158515421	0	8	0.918582138069376	0.511014390209921	2675	10
5654	8	-0.423700504060074	0	8	0.918582138069376	0.511014390209921	2675	10
5662	0	0.333108757982537	0	8	0.918582138069376	0.511014390209921	2675	10
5663	1	0.440587871457677	1	8	0.918582138069376	0.511014390209921	2675	10
5664	0	-0.167504510679067	0	8	0.918582138069376	0.511014390209921	2675	10
5672	0	0.104916132665403	0	8	0.918582138069376	0.511014390209921	2675	10
5681	3	-0.0916711843375673	0	8	0.918582138069376	0.511014390209921	2675	10
5682	7	0.235601744833493	0	8	0.918582138069376	0.511014390209921	2675	10
5683	7	0.222941454634999	0	8	0.918582138069376	0.511014390209921	2675	10
5684	7	-0.0201886472753675	0	8	0.918582138069376	0.511014390209921	2675	10
5685	7	0.181268361008909	0	8	0.918582138069376	0.511014390209921	2675	10
5686	3	0.080386540781705	0	8	0.918582138069376	0.511014390209921	2675	10
5688	3	0.229019106242673	0	8	0.918582138069376	0.511014390209921	2675	10
5689	3	-0.00978787472862997	0	8	0.918582138069376	0.511014390209921	2675	10
5690	3	0.461726459226745	0	8	0.918582138069376	0.511014390209921	2675	10
5691	3	0.251346544769571	0	8	0.918582138069376	0.511014390209921	2675	10
5692	3	0.201904034816141	0	8	0.918582138069376	0.511014390209921	2675	10
5693	3	0.161399475683455	0	8	0.918582138069376	0.511014390209921	2675	10
5694	3	0.0388704651639163	0	8	0.918582138069376	0.511014390209921	2675	10
5695	3	-0.156658043864448	0	8	0.918582138069376	0.511014390209921	2675	10
5697	6	0.0129018939414899	0	8	0.918582138069376	0.511014390209921	2675	10
5699	1	0.666218413547443	1	8	0.918582138069376	0.511014390209921	2675	10
5701	7	0.0509924658385097	0	8	0.918582138069376	0.511014390209921	2675	10
5702	3	0.0933931187618187	0	8	0.918582138069376	0.511014390209921	2675	10
5704	3	0.0223666328055216	0	8	0.918582138069376	0.511014390209921	2675	10
5705	3	0.019905425928866	0	8	0.918582138069376	0.511014390209921	2675	10
5707	0	0.0756817776696123	0	8	0.918582138069376	0.511014390209921	2675	10
5708	3	0.232146422986056	0	8	0.918582138069376	0.511014390209921	2675	10
5709	3	0.0962375703100974	0	8	0.918582138069376	0.511014390209921	2675	10
5710	3	0.415315233249508	0	8	0.918582138069376	0.511014390209921	2675	10
5711	0	0.194093553697458	0	8	0.918582138069376	0.511014390209921	2675	10
5713	7	0.227715850148981	0	8	0.918582138069376	0.511014390209921	2675	10
5714	3	0.225305312215217	0	8	0.918582138069376	0.511014390209921	2675	10
5715	3	0.0335916579557577	0	8	0.918582138069376	0.511014390209921	2675	10
5716	7	0.116260654614681	0	8	0.918582138069376	0.511014390209921	2675	10
5717	2	-0.269412250381061	0	8	0.918582138069376	0.511014390209921	2675	10
5718	4	-0.128948748309268	0	8	0.918582138069376	0.511014390209921	2675	10
5719	3	0.252495391290996	0	8	0.918582138069376	0.511014390209921	2675	10
5720	3	0.437533436839972	0	8	0.918582138069376	0.511014390209921	2675	10
5723	2	-0.0896476781401247	0	8	0.918582138069376	0.511014390209921	2675	10
5724	1	0.622479292779294	1	8	0.918582138069376	0.511014390209921	2675	10
5727	1	0.597365469612286	1	8	0.918582138069376	0.511014390209921	2675	10
5728	1	0.641784887171768	1	8	0.918582138069376	0.511014390209921	2675	10
5729	1	0.593594970072805	1	8	0.918582138069376	0.511014390209921	2675	10
5730	1	0.383420790181492	1	8	0.918582138069376	0.511014390209921	2675	10
5731	1	0.652184205737557	1	8	0.918582138069376	0.511014390209921	2675	10
5732	1	0.570309742595228	1	8	0.918582138069376	0.511014390209921	2675	10
5733	4	-0.203240338149949	0	8	0.918582138069376	0.511014390209921	2675	10
5734	1	0.705748134289189	1	8	0.918582138069376	0.511014390209921	2675	10
5737	4	-0.163452901640369	0	8	0.918582138069376	0.511014390209921	2675	10
5739	1	0.680724155708793	1	8	0.918582138069376	0.511014390209921	2675	10
5740	0	0.391774208919019	0	8	0.918582138069376	0.511014390209921	2675	10
5742	1	0.667584824495359	1	8	0.918582138069376	0.511014390209921	2675	10
5743	0	0.0342141962511444	0	8	0.918582138069376	0.511014390209921	2675	10
5744	8	-0.202201292243665	0	8	0.918582138069376	0.511014390209921	2675	10
5745	2	-0.433611726548787	0	8	0.918582138069376	0.511014390209921	2675	10
5753	1	0.460559537591162	1	8	0.918582138069376	0.511014390209921	2675	10
5754	5	0.688050066297851	0	8	0.918582138069376	0.511014390209921	2675	10
5763	6	0.0297771714100249	0	8	0.918582138069376	0.511014390209921	2675	10
5764	1	0.530610754384553	1	8	0.918582138069376	0.511014390209921	2675	10
5770	1	0.624535029288623	1	8	0.918582138069376	0.511014390209921	2675	10
5771	1	0.699624510607152	1	8	0.918582138069376	0.511014390209921	2675	10
5774	0	0.193082881402654	0	8	0.918582138069376	0.511014390209921	2675	10
5775	0	-0.196801547621715	0	8	0.918582138069376	0.511014390209921	2675	10
5777	1	0.722754731515789	1	8	0.918582138069376	0.511014390209921	2675	10
5778	1	0.699088314079189	1	8	0.918582138069376	0.511014390209921	2675	10
5780	0	0.479585349667133	0	8	0.918582138069376	0.511014390209921	2675	10
5781	1	0.619926950788549	1	8	0.918582138069376	0.511014390209921	2675	10
5782	4	0.416460870738672	0	8	0.918582138069376	0.511014390209921	2675	10
5783	1	0.428646511224365	1	8	0.918582138069376	0.511014390209921	2675	10
5784	1	0.46919846954897	1	8	0.918582138069376	0.511014390209921	2675	10
5786	1	0.452453314269368	1	8	0.918582138069376	0.511014390209921	2675	10
5787	8	6.81283572681627e-05	0	8	0.918582138069376	0.511014390209921	2675	10
5788	1	0.734442260152393	1	8	0.918582138069376	0.511014390209921	2675	10
5789	8	-0.147489349264063	0	8	0.918582138069376	0.511014390209921	2675	10
5790	1	0.834636789751395	1	8	0.918582138069376	0.511014390209921	2675	10
5791	1	0.733211580316655	1	8	0.918582138069376	0.511014390209921	2675	10
5792	1	0.53234714544754	1	8	0.918582138069376	0.511014390209921	2675	10
5793	0	0.128133963951364	0	8	0.918582138069376	0.511014390209921	2675	10
5794	1	0.533319202579213	1	8	0.918582138069376	0.511014390209921	2675	10
5796	1	0.546361345935819	1	8	0.918582138069376	0.511014390209921	2675	10
5797	0	-0.171680789760288	0	8	0.918582138069376	0.511014390209921	2675	10
5799	1	0.628598007033772	1	8	0.918582138069376	0.511014390209921	2675	10
5800	8	-0.160724357660608	0	8	0.918582138069376	0.511014390209921	2675	10
5802	5	0.278703664637746	0	8	0.918582138069376	0.511014390209921	2675	10
5805	7	0.144462595853957	0	8	0.918582138069376	0.511014390209921	2675	10
5806	0	0.171736880237115	0	8	0.918582138069376	0.511014390209921	2675	10
5810	0	-0.0193163990882761	0	8	0.918582138069376	0.511014390209921	2675	10
5813	0	-0.133896260301793	0	8	0.918582138069376	0.511014390209921	2675	10
5816	0	-0.295486058008961	0	8	0.918582138069376	0.511014390209921	2675	10
5817	1	0.462279727682485	1	8	0.918582138069376	0.511014390209921	2675	10
5818	5	0.120574121104153	0	8	0.918582138069376	0.511014390209921	2675	10
5819	1	0.259081379547108	1	8	0.918582138069376	0.511014390209921	2675	10
5824	2	-0.171367565626043	0	8	0.918582138069376	0.511014390209921	2675	10
5825	2	-0.5002165564865	0	8	0.918582138069376	0.511014390209921	2675	10
5826	2	-0.1401706753681	0	8	0.918582138069376	0.511014390209921	2675	10
5827	2	-0.291816052697231	0	8	0.918582138069376	0.511014390209921	2675	10
5828	7	0.141732522245934	0	8	0.918582138069376	0.511014390209921	2675	10
5829	5	0.255869396037562	0	8	0.918582138069376	0.511014390209921	2675	10
5830	0	-0.117852576284318	0	8	0.918582138069376	0.511014390209921	2675	10
5831	1	0.654275463167963	1	8	0.918582138069376	0.511014390209921	2675	10
5832	1	0.528967312087552	1	8	0.918582138069376	0.511014390209921	2675	10
5833	2	-0.323600698377562	0	8	0.918582138069376	0.511014390209921	2675	10
5834	0	0.325873757599999	0	8	0.918582138069376	0.511014390209921	2675	10
5836	1	0.614708535625441	1	8	0.918582138069376	0.511014390209921	2675	10
5837	1	0.511214317555258	1	8	0.918582138069376	0.511014390209921	2675	10
5858	1	0.626436356277176	1	8	0.918582138069376	0.511014390209921	2675	10
5860	2	-0.489572559821577	0	8	0.918582138069376	0.511014390209921	2675	10
5861	2	-0.157132928737221	0	8	0.918582138069376	0.511014390209921	2675	10
5862	4	-0.133671560559388	0	8	0.918582138069376	0.511014390209921	2675	10
5864	6	-0.114442987466479	0	8	0.918582138069376	0.511014390209921	2675	10
5865	1	0.410603928616779	1	8	0.918582138069376	0.511014390209921	2675	10
5866	6	-0.0942900925024217	0	8	0.918582138069376	0.511014390209921	2675	10
5868	4	0.0672618671499793	0	8	0.918582138069376	0.511014390209921	2675	10
5869	0	0.232026176449969	0	8	0.918582138069376	0.511014390209921	2675	10
5871	5	0.381882822863496	0	8	0.918582138069376	0.511014390209921	2675	10
5873	1	0.573380300426165	1	8	0.918582138069376	0.511014390209921	2675	10
5874	0	0.267452856549511	0	8	0.918582138069376	0.511014390209921	2675	10
5875	0	-0.0560979395541509	0	8	0.918582138069376	0.511014390209921	2675	10
5877	0	0.168675660864091	0	8	0.918582138069376	0.511014390209921	2675	10
5878	2	-0.123819804227305	0	8	0.918582138069376	0.511014390209921	2675	10
5879	1	0.436943132257257	1	8	0.918582138069376	0.511014390209921	2675	10
5880	1	0.835591556965602	1	8	0.918582138069376	0.511014390209921	2675	10
5881	3	0.0646887625886607	0	8	0.918582138069376	0.511014390209921	2675	10
5883	0	0.105331469876141	0	8	0.918582138069376	0.511014390209921	2675	10
5884	4	-0.0257412932890295	0	8	0.918582138069376	0.511014390209921	2675	10
5886	3	0.0857102817548084	0	8	0.918582138069376	0.511014390209921	2675	10
5887	4	-0.0772225516260294	0	8	0.918582138069376	0.511014390209921	2675	10
5889	7	0.303137839836167	0	8	0.918582138069376	0.511014390209921	2675	10
5890	0	0.44247715040141	0	8	0.918582138069376	0.511014390209921	2675	10
5891	6	0.00210477623932045	0	8	0.918582138069376	0.511014390209921	2675	10
5892	0	0.416236837894072	0	8	0.918582138069376	0.511014390209921	2675	10
5894	3	0.0832506149383132	0	8	0.918582138069376	0.511014390209921	2675	10
5896	0	0.0148490557866115	0	8	0.918582138069376	0.511014390209921	2675	10
5898	0	0.300804934317513	0	8	0.918582138069376	0.511014390209921	2675	10
5899	7	0.134845597436427	0	8	0.918582138069376	0.511014390209921	2675	10
5900	5	0.658240207061294	0	8	0.918582138069376	0.511014390209921	2675	10
5901	7	0.558881384401489	0	8	0.918582138069376	0.511014390209921	2675	10
5902	3	0.587494032090275	0	8	0.918582138069376	0.511014390209921	2675	10
5903	4	0.131873120413671	0	8	0.918582138069376	0.511014390209921	2675	10
5905	0	0.151782428962938	0	8	0.918582138069376	0.511014390209921	2675	10
5906	0	0.311459043491361	0	8	0.918582138069376	0.511014390209921	2675	10
5909	5	0.0316209446808716	0	8	0.918582138069376	0.511014390209921	2675	10
5910	4	-0.015858286652113	0	8	0.918582138069376	0.511014390209921	2675	10
5911	0	-0.186323522679155	0	8	0.918582138069376	0.511014390209921	2675	10
5912	1	0.707704015215935	1	8	0.918582138069376	0.511014390209921	2675	10
5913	5	0.51148303176836	0	8	0.918582138069376	0.511014390209921	2675	10
5914	5	0.136056536574496	0	8	0.918582138069376	0.511014390209921	2675	10
5915	5	0.223810737026058	0	8	0.918582138069376	0.511014390209921	2675	10
5916	1	0.541058547920783	1	8	0.918582138069376	0.511014390209921	2675	10
5917	7	0.198878976042513	0	8	0.918582138069376	0.511014390209921	2675	10
5918	1	0.719312302261467	1	8	0.918582138069376	0.511014390209921	2675	10
5919	3	0.292185510670081	0	8	0.918582138069376	0.511014390209921	2675	10
5920	1	0.482809062627581	1	8	0.918582138069376	0.511014390209921	2675	10
5921	4	0.298890445477261	0	8	0.918582138069376	0.511014390209921	2675	10
5922	1	0.69029406584802	1	8	0.918582138069376	0.511014390209921	2675	10
5923	0	-0.00244706944477506	0	8	0.918582138069376	0.511014390209921	2675	10
5925	0	0.329937427462382	0	8	0.918582138069376	0.511014390209921	2675	10
5926	0	-0.0112011669949045	0	8	0.918582138069376	0.511014390209921	2675	10
5927	1	0.667764953095274	1	8	0.918582138069376	0.511014390209921	2675	10
5929	4	-0.167340710310692	0	8	0.918582138069376	0.511014390209921	2675	10
5930	4	0.170252781094865	0	8	0.918582138069376	0.511014390209921	2675	10
5931	0	0.194464588053592	0	8	0.918582138069376	0.511014390209921	2675	10
5933	1	0.600165310680144	1	8	0.918582138069376	0.511014390209921	2675	10
5934	0	0.349190518169687	0	8	0.918582138069376	0.511014390209921	2675	10
5935	3	0.411862836347562	0	8	0.918582138069376	0.511014390209921	2675	10
5939	1	0.715759604456593	1	8	0.918582138069376	0.511014390209921	2675	10
5947	1	0.664321300815941	1	8	0.918582138069376	0.511014390209921	2675	10
5950	0	-0.0582192676070839	0	8	0.918582138069376	0.511014390209921	2675	10
5955	7	0.094696728275233	0	8	0.918582138069376	0.511014390209921	2675	10
5961	0	0.45808401578341	0	8	0.918582138069376	0.511014390209921	2675	10
5962	8	-0.28118365077974	0	8	0.918582138069376	0.511014390209921	2675	10
5965	0	0.390349278365563	0	8	0.918582138069376	0.511014390209921	2675	10
5966	1	0.444309929430839	1	8	0.918582138069376	0.511014390209921	2675	10
5967	1	0.460342424559047	1	8	0.918582138069376	0.511014390209921	2675	10
5970	5	0.540455738216421	0	8	0.918582138069376	0.511014390209921	2675	10
5971	1	0.705672872159116	1	8	0.918582138069376	0.511014390209921	2675	10
5972	0	-0.198915112102993	0	8	0.918582138069376	0.511014390209921	2675	10
5973	2	-0.187517890694179	0	8	0.918582138069376	0.511014390209921	2675	10
5976	9	0.142966155718111	0	8	0.918582138069376	0.511014390209921	2675	10
5977	1	0.620891481693732	1	8	0.918582138069376	0.511014390209921	2675	10
5978	0	0.199135409693056	0	8	0.918582138069376	0.511014390209921	2675	10
5979	1	0.675387720399583	1	8	0.918582138069376	0.511014390209921	2675	10
5980	0	0.199900049344685	0	8	0.918582138069376	0.511014390209921	2675	10
5981	6	0.0143182642069423	0	8	0.918582138069376	0.511014390209921	2675	10
5982	3	0.557669449142993	0	8	0.918582138069376	0.511014390209921	2675	10
5983	0	0.161914208030879	0	8	0.918582138069376	0.511014390209921	2675	10
5984	1	0.419293882774662	1	8	0.918582138069376	0.511014390209921	2675	10
5985	0	0.431088660538938	0	8	0.918582138069376	0.511014390209921	2675	10
5986	2	-0.196109281918271	0	8	0.918582138069376	0.511014390209921	2675	10
5989	5	0.153809181864415	0	8	0.918582138069376	0.511014390209921	2675	10
5990	1	0.606179038482862	1	8	0.918582138069376	0.511014390209921	2675	10
5991	1	0.518675980782563	1	8	0.918582138069376	0.511014390209921	2675	10
5993	1	0.715481036079687	1	8	0.918582138069376	0.511014390209921	2675	10
5994	0	0.372743362157422	0	8	0.918582138069376	0.511014390209921	2675	10
5996	0	0.274745276349352	0	8	0.918582138069376	0.511014390209921	2675	10
5997	0	0.167682415730333	0	8	0.918582138069376	0.511014390209921	2675	10
5998	0	0.436914367280373	0	8	0.918582138069376	0.511014390209921	2675	10
5999	1	0.646003744728137	1	8	0.918582138069376	0.511014390209921	2675	10
6000	6	-0.0411105942367561	0	8	0.918582138069376	0.511014390209921	2675	10
6001	1	0.782293693621108	1	8	0.918582138069376	0.511014390209921	2675	10
6002	5	0.336981583941102	0	8	0.918582138069376	0.511014390209921	2675	10
6004	0	0.289145936777811	0	8	0.918582138069376	0.511014390209921	2675	10
6007	1	0.575841118513325	1	8	0.918582138069376	0.511014390209921	2675	10
6009	7	0.236649831197515	0	8	0.918582138069376	0.511014390209921	2675	10
6016	2	-0.193067981356222	0	8	0.918582138069376	0.511014390209921	2675	10
6018	4	0.205863955489167	0	8	0.918582138069376	0.511014390209921	2675	10
6035	1	0.743316922314075	1	8	0.918582138069376	0.511014390209921	2675	10
6039	1	0.796628898936641	1	8	0.918582138069376	0.511014390209921	2675	10
6041	1	0.47298398352155	1	8	0.918582138069376	0.511014390209921	2675	10
6045	0	0.307995164369642	0	8	0.918582138069376	0.511014390209921	2675	10
6046	0	0.158186749910989	0	8	0.918582138069376	0.511014390209921	2675	10
6047	3	0.453309923897371	0	8	0.918582138069376	0.511014390209921	2675	10
6049	0	0.163512870781526	0	8	0.918582138069376	0.511014390209921	2675	10
6050	3	0.0718335848304085	0	8	0.918582138069376	0.511014390209921	2675	10
6051	3	0.0213337225669084	0	8	0.918582138069376	0.511014390209921	2675	10
6059	0	0.115144059259593	0	8	0.918582138069376	0.511014390209921	2675	10
6091	1	0.574972990943223	1	8	0.918582138069376	0.511014390209921	2675	10
6093	0	0.263294533909026	0	8	0.918582138069376	0.511014390209921	2675	10
6094	0	0.121237522311973	0	8	0.918582138069376	0.511014390209921	2675	10
6095	4	-0.277243708536026	0	8	0.918582138069376	0.511014390209921	2675	10
6096	0	-0.137716090037908	0	8	0.918582138069376	0.511014390209921	2675	10
6097	6	-0.131133687222545	0	8	0.918582138069376	0.511014390209921	2675	10
6098	2	0.364625255805	0	8	0.918582138069376	0.511014390209921	2675	10
6102	0	0.451462035075227	0	8	0.918582138069376	0.511014390209921	2675	10
6103	3	-0.282156256809294	0	8	0.918582138069376	0.511014390209921	2675	10
6117	1	0.49122166623977	1	8	0.918582138069376	0.511014390209921	2675	10
6118	1	0.545961328996843	1	8	0.918582138069376	0.511014390209921	2675	10
6119	3	-0.205764198266827	0	8	0.918582138069376	0.511014390209921	2675	10
6123	0	0.200063274061031	0	8	0.918582138069376	0.511014390209921	2675	10
6132	3	0.413797964942253	0	8	0.918582138069376	0.511014390209921	2675	10
6135	3	0.463042120776842	0	8	0.918582138069376	0.511014390209921	2675	10
6138	3	0.639284527242512	0	8	0.918582138069376	0.511014390209921	2675	10
6146	3	0.439179741368314	0	8	0.918582138069376	0.511014390209921	2675	10
6150	3	-0.0667083175718919	0	8	0.918582138069376	0.511014390209921	2675	10
6156	3	0.42350483669326	0	8	0.918582138069376	0.511014390209921	2675	10
6160	3	0.5854067181134	0	8	0.918582138069376	0.511014390209921	2675	10
6165	3	0.579796555679022	0	8	0.918582138069376	0.511014390209921	2675	10
6168	3	0.402511565248613	0	8	0.918582138069376	0.511014390209921	2675	10
6169	3	0.434513043750828	0	8	0.918582138069376	0.511014390209921	2675	10
6182	3	0.11435712029339	0	8	0.918582138069376	0.511014390209921	2675	10
6183	3	0.1849827077001	0	8	0.918582138069376	0.511014390209921	2675	10
6184	3	0.0916934166195197	0	8	0.918582138069376	0.511014390209921	2675	10
6185	0	0.175386706142219	0	8	0.918582138069376	0.511014390209921	2675	10
6188	3	0.576676355112346	0	8	0.918582138069376	0.511014390209921	2675	10
6192	0	-0.144189439918591	0	8	0.918582138069376	0.511014390209921	2675	10
6194	3	0.494884055228241	0	8	0.918582138069376	0.511014390209921	2675	10
6195	1	0.479240041026522	1	8	0.918582138069376	0.511014390209921	2675	10
6196	1	0.407380336912265	1	8	0.918582138069376	0.511014390209921	2675	10
6197	4	0.140568627132291	0	8	0.918582138069376	0.511014390209921	2675	10
6198	0	0.218823263820228	0	8	0.918582138069376	0.511014390209921	2675	10
6199	3	0.341795564773156	0	8	0.918582138069376	0.511014390209921	2675	10
6208	3	0.570293212298875	0	8	0.918582138069376	0.511014390209921	2675	10
6217	3	0.468852374561798	0	8	0.918582138069376	0.511014390209921	2675	10
6223	3	0.596470338488472	0	8	0.918582138069376	0.511014390209921	2675	10
6227	3	0.492151049232496	0	8	0.918582138069376	0.511014390209921	2675	10
6228	3	0.56449349587049	0	8	0.918582138069376	0.511014390209921	2675	10
6229	3	0.623735280081477	0	8	0.918582138069376	0.511014390209921	2675	10
6236	1	0.335527783861557	1	8	0.918582138069376	0.511014390209921	2675	10
6237	1	0.496844771111696	1	8	0.918582138069376	0.511014390209921	2675	10
6238	5	0.380193746336879	0	8	0.918582138069376	0.511014390209921	2675	10
6239	5	0.295676891835437	0	8	0.918582138069376	0.511014390209921	2675	10
6241	1	0.432395487516331	1	8	0.918582138069376	0.511014390209921	2675	10
6249	4	0.247001222120641	0	8	0.918582138069376	0.511014390209921	2675	10
6251	1	0.524593349824696	1	8	0.918582138069376	0.511014390209921	2675	10
6252	1	0.407363732451119	1	8	0.918582138069376	0.511014390209921	2675	10
6253	1	0.733740426356964	1	8	0.918582138069376	0.511014390209921	2675	10
6256	9	0.00729075468679715	0	8	0.918582138069376	0.511014390209921	2675	10
6259	1	0.623695544481938	1	8	0.918582138069376	0.511014390209921	2675	10
6261	1	0.522667811475776	1	8	0.918582138069376	0.511014390209921	2675	10
6262	0	-0.0637819198453877	0	8	0.918582138069376	0.511014390209921	2675	10
6263	0	0.0772705370203673	0	8	0.918582138069376	0.511014390209921	2675	10
6271	3	0.291995647356737	0	8	0.918582138069376	0.511014390209921	2675	10
6272	1	0.370796152932868	1	8	0.918582138069376	0.511014390209921	2675	10
6273	1	0.523826340366456	1	8	0.918582138069376	0.511014390209921	2675	10
6274	1	0.444238525648878	1	8	0.918582138069376	0.511014390209921	2675	10
6275	1	0.657327819361591	1	8	0.918582138069376	0.511014390209921	2675	10
6277	1	0.597087953535705	1	8	0.918582138069376	0.511014390209921	2675	10
6279	1	0.568902791257139	1	8	0.918582138069376	0.511014390209921	2675	10
6280	1	0.456960223883714	1	8	0.918582138069376	0.511014390209921	2675	10
6281	1	0.57598819478843	1	8	0.918582138069376	0.511014390209921	2675	10
6282	1	0.614823633219981	1	8	0.918582138069376	0.511014390209921	2675	10
6284	3	0.560147133923101	0	8	0.918582138069376	0.511014390209921	2675	10
6285	1	0.674827206992859	1	8	0.918582138069376	0.511014390209921	2675	10
6294	0	0.341670157716151	0	8	0.918582138069376	0.511014390209921	2675	10
6296	2	-0.254689396499153	0	8	0.918582138069376	0.511014390209921	2675	10
6297	0	0.449841374370541	0	8	0.918582138069376	0.511014390209921	2675	10
6299	4	-0.0402605996260558	0	8	0.918582138069376	0.511014390209921	2675	10
6300	3	0.29282315380335	0	8	0.918582138069376	0.511014390209921	2675	10
6301	3	0.372976741121745	0	8	0.918582138069376	0.511014390209921	2675	10
6302	3	0.0648098915872398	0	8	0.918582138069376	0.511014390209921	2675	10
6303	3	0.263864349972786	0	8	0.918582138069376	0.511014390209921	2675	10
6304	0	0.474453412690826	0	8	0.918582138069376	0.511014390209921	2675	10
6305	9	0.162470917017049	0	8	0.918582138069376	0.511014390209921	2675	10
6307	2	-0.352531297308196	0	8	0.918582138069376	0.511014390209921	2675	10
6309	2	-0.394584786843697	0	8	0.918582138069376	0.511014390209921	2675	10
6310	1	0.518815933657085	1	8	0.918582138069376	0.511014390209921	2675	10
6311	4	-0.111122159270787	0	8	0.918582138069376	0.511014390209921	2675	10
6314	0	0.278799087411037	0	8	0.918582138069376	0.511014390209921	2675	10
6319	3	0.278138984177928	0	8	0.918582138069376	0.511014390209921	2675	10
6320	1	0.662666844537332	1	8	0.918582138069376	0.511014390209921	2675	10
6322	0	-0.395447140449785	0	8	0.918582138069376	0.511014390209921	2675	10
6323	0	-0.117687417524062	0	8	0.918582138069376	0.511014390209921	2675	10
6324	1	0.584835344538549	1	8	0.918582138069376	0.511014390209921	2675	10
6326	0	0.223440790948251	0	8	0.918582138069376	0.511014390209921	2675	10
6327	0	0.0814105677814926	0	8	0.918582138069376	0.511014390209921	2675	10
6328	0	0.0818103342698245	0	8	0.918582138069376	0.511014390209921	2675	10
6329	0	0.164431692568546	0	8	0.918582138069376	0.511014390209921	2675	10
6332	6	-0.0950705950813399	0	8	0.918582138069376	0.511014390209921	2675	10
6334	6	-0.16148217371427	0	8	0.918582138069376	0.511014390209921	2675	10
6335	2	-0.23573652801098	0	8	0.918582138069376	0.511014390209921	2675	10
6337	5	0.21497011394668	0	8	0.918582138069376	0.511014390209921	2675	10
6338	6	-0.0991816001296041	0	8	0.918582138069376	0.511014390209921	2675	10
6339	6	0.00036582878291835	0	8	0.918582138069376	0.511014390209921	2675	10
6342	2	-0.370567168891325	0	8	0.918582138069376	0.511014390209921	2675	10
6343	0	0.0963122590324784	0	8	0.918582138069376	0.511014390209921	2675	10
6344	0	0.150035193926412	0	8	0.918582138069376	0.511014390209921	2675	10
6347	1	0.538771712772761	1	8	0.918582138069376	0.511014390209921	2675	10
6352	1	0.834584987149961	1	8	0.918582138069376	0.511014390209921	2675	10
6355	1	0.427155616924817	1	8	0.918582138069376	0.511014390209921	2675	10
6356	1	0.505093598861645	1	8	0.918582138069376	0.511014390209921	2675	10
6357	1	0.631029182818944	1	8	0.918582138069376	0.511014390209921	2675	10
6361	1	0.569576338821979	1	8	0.918582138069376	0.511014390209921	2675	10
6363	1	0.751278499858228	1	8	0.918582138069376	0.511014390209921	2675	10
6364	1	0.416244228589652	1	8	0.918582138069376	0.511014390209921	2675	10
6366	1	0.722287278210412	1	8	0.918582138069376	0.511014390209921	2675	10
6367	1	0.676202162380667	1	8	0.918582138069376	0.511014390209921	2675	10
6372	1	0.626400629468405	1	8	0.918582138069376	0.511014390209921	2675	10
6376	0	0.0355802253494851	0	8	0.918582138069376	0.511014390209921	2675	10
6382	2	-0.268181873666145	0	8	0.918582138069376	0.511014390209921	2675	10
6383	7	-0.0382656997852832	0	8	0.918582138069376	0.511014390209921	2675	10
6385	0	0.147518684155114	0	8	0.918582138069376	0.511014390209921	2675	10
6386	1	0.576220536110929	1	8	0.918582138069376	0.511014390209921	2675	10
6387	1	0.48649211793076	1	8	0.918582138069376	0.511014390209921	2675	10
6388	3	0.0790489686254743	0	8	0.918582138069376	0.511014390209921	2675	10
6390	3	-0.248315523680861	0	8	0.918582138069376	0.511014390209921	2675	10
6392	6	0.0604958909569043	0	8	0.918582138069376	0.511014390209921	2675	10
6396	3	0.034433306261225	0	8	0.918582138069376	0.511014390209921	2675	10
6398	1	0.610213506739223	1	8	0.918582138069376	0.511014390209921	2675	10
6399	0	0.23122661292102	0	8	0.918582138069376	0.511014390209921	2675	10
6400	0	0.384468868377491	0	8	0.918582138069376	0.511014390209921	2675	10
6401	1	0.406801029154019	1	8	0.918582138069376	0.511014390209921	2675	10
6402	1	0.736154867521917	1	8	0.918582138069376	0.511014390209921	2675	10
6403	1	0.563979923249741	1	8	0.918582138069376	0.511014390209921	2675	10
6404	1	0.769096440283592	1	8	0.918582138069376	0.511014390209921	2675	10
6405	5	0.257670880635049	0	8	0.918582138069376	0.511014390209921	2675	10
6414	2	-0.211712731308485	0	8	0.918582138069376	0.511014390209921	2675	10
6415	3	0.323465707212909	0	8	0.918582138069376	0.511014390209921	2675	10
6416	2	-0.0631413830978902	0	8	0.918582138069376	0.511014390209921	2675	10
6418	1	0.531875697792931	1	8	0.918582138069376	0.511014390209921	2675	10
6419	0	0.0709390822051868	0	8	0.918582138069376	0.511014390209921	2675	10
6422	1	0.572193089495382	1	8	0.918582138069376	0.511014390209921	2675	10
6424	0	0.206794805442118	0	8	0.918582138069376	0.511014390209921	2675	10
6426	1	0.463003831427707	1	8	0.918582138069376	0.511014390209921	2675	10
6428	3	0.490977251001836	0	8	0.918582138069376	0.511014390209921	2675	10
6429	0	0.409763811204968	0	8	0.918582138069376	0.511014390209921	2675	10
6430	0	0.0704325922675965	0	8	0.918582138069376	0.511014390209921	2675	10
6431	1	0.557581982275503	1	8	0.918582138069376	0.511014390209921	2675	10
6432	3	0.444444072675288	0	8	0.918582138069376	0.511014390209921	2675	10
6433	5	0.475911632428342	0	8	0.918582138069376	0.511014390209921	2675	10
6434	1	0.584239890378856	1	8	0.918582138069376	0.511014390209921	2675	10
6439	0	0.109418596418352	0	8	0.918582138069376	0.511014390209921	2675	10
6441	0	0.269761470397542	0	8	0.918582138069376	0.511014390209921	2675	10
6442	6	0.121216335462781	0	8	0.918582138069376	0.511014390209921	2675	10
6443	0	-0.138363822424429	0	8	0.918582138069376	0.511014390209921	2675	10
6444	0	0.34417428356555	0	8	0.918582138069376	0.511014390209921	2675	10
6446	8	-0.0482002484092609	0	8	0.918582138069376	0.511014390209921	2675	10
6448	0	0.12122600077455	0	8	0.918582138069376	0.511014390209921	2675	10
6449	2	0.0907711293588178	0	8	0.918582138069376	0.511014390209921	2675	10
6451	7	0.277513797757273	0	8	0.918582138069376	0.511014390209921	2675	10
6452	5	0.269023419167145	0	8	0.918582138069376	0.511014390209921	2675	10
6453	1	0.642465551646094	1	8	0.918582138069376	0.511014390209921	2675	10
6455	5	0.236392782651755	0	8	0.918582138069376	0.511014390209921	2675	10
6456	2	-0.249254490339903	0	8	0.918582138069376	0.511014390209921	2675	10
6457	1	0.546950780625603	1	8	0.918582138069376	0.511014390209921	2675	10
6461	5	0.423730602688382	0	8	0.918582138069376	0.511014390209921	2675	10
6462	6	-0.251010576596671	0	8	0.918582138069376	0.511014390209921	2675	10
6464	1	0.748775428065372	1	8	0.918582138069376	0.511014390209921	2675	10
6468	3	0.148481198482351	0	8	0.918582138069376	0.511014390209921	2675	10
6469	0	-0.0267515658082744	0	8	0.918582138069376	0.511014390209921	2675	10
6470	2	-0.269793205234813	0	8	0.918582138069376	0.511014390209921	2675	10
6472	2	-0.112135411682376	0	8	0.918582138069376	0.511014390209921	2675	10
6477	7	0.324312510668397	0	8	0.918582138069376	0.511014390209921	2675	10
6478	0	0.261192491968711	0	8	0.918582138069376	0.511014390209921	2675	10
6480	1	0.672623328891935	1	8	0.918582138069376	0.511014390209921	2675	10
6482	2	-0.218696590667117	0	8	0.918582138069376	0.511014390209921	2675	10
6483	1	0.723964707385336	1	8	0.918582138069376	0.511014390209921	2675	10
6484	0	0.0736947170310128	0	8	0.918582138069376	0.511014390209921	2675	10
6489	1	0.601164775044407	1	8	0.918582138069376	0.511014390209921	2675	10
6490	1	0.403126574519646	1	8	0.918582138069376	0.511014390209921	2675	10
6491	1	0.551569767201176	1	8	0.918582138069376	0.511014390209921	2675	10
6492	0	0.0587376450021525	0	8	0.918582138069376	0.511014390209921	2675	10
6493	5	0.322063428894587	0	8	0.918582138069376	0.511014390209921	2675	10
6494	1	0.741404606710326	1	8	0.918582138069376	0.511014390209921	2675	10
6497	0	0.500841416369846	0	8	0.918582138069376	0.511014390209921	2675	10
6498	0	0.410388189017908	0	8	0.918582138069376	0.511014390209921	2675	10
6500	7	0.109786382050731	0	8	0.918582138069376	0.511014390209921	2675	10
6502	1	0.511740337105726	1	8	0.918582138069376	0.511014390209921	2675	10
6503	1	0.717728108761393	1	8	0.918582138069376	0.511014390209921	2675	10
6504	1	0.812544886736766	1	8	0.918582138069376	0.511014390209921	2675	10
6505	4	-0.278714786207048	0	8	0.918582138069376	0.511014390209921	2675	10
6506	1	0.652133715578366	1	8	0.918582138069376	0.511014390209921	2675	10
6507	1	0.659818475532822	1	8	0.918582138069376	0.511014390209921	2675	10
6508	1	0.535724443996223	1	8	0.918582138069376	0.511014390209921	2675	10
6509	1	0.588653499228613	1	8	0.918582138069376	0.511014390209921	2675	10
6510	2	0.0550146347274814	0	8	0.918582138069376	0.511014390209921	2675	10
6512	0	0.101874870288795	0	8	0.918582138069376	0.511014390209921	2675	10
6513	5	0.314545714943907	0	8	0.918582138069376	0.511014390209921	2675	10
6514	2	-0.296136803610715	0	8	0.918582138069376	0.511014390209921	2675	10
6515	0	0.0575858951064349	0	8	0.918582138069376	0.511014390209921	2675	10
6517	0	-0.0854285762091872	0	8	0.918582138069376	0.511014390209921	2675	10
6518	2	-0.243105334834718	0	8	0.918582138069376	0.511014390209921	2675	10
6519	2	-0.241985588436014	0	8	0.918582138069376	0.511014390209921	2675	10
6520	2	-0.431402450123965	0	8	0.918582138069376	0.511014390209921	2675	10
6521	0	-0.204189062586605	0	8	0.918582138069376	0.511014390209921	2675	10
6522	9	0.0516041883044818	0	8	0.918582138069376	0.511014390209921	2675	10
6523	0	-0.173995460083877	0	8	0.918582138069376	0.511014390209921	2675	10
6524	2	-0.403769873362757	0	8	0.918582138069376	0.511014390209921	2675	10
6525	9	0.0155975610101055	0	8	0.918582138069376	0.511014390209921	2675	10
6527	6	-0.0699398380142842	0	8	0.918582138069376	0.511014390209921	2675	10
6529	1	0.486612560871945	1	8	0.918582138069376	0.511014390209921	2675	10
6531	0	0.042150266520749	0	8	0.918582138069376	0.511014390209921	2675	10
6532	6	-0.0686888976766899	0	8	0.918582138069376	0.511014390209921	2675	10
6533	0	0.46620601283223	0	8	0.918582138069376	0.511014390209921	2675	10
6535	2	-0.0692644819242906	0	8	0.918582138069376	0.511014390209921	2675	10
6536	5	0.294844940612467	0	8	0.918582138069376	0.511014390209921	2675	10
6539	2	-0.325832513767739	0	8	0.918582138069376	0.511014390209921	2675	10
6540	2	-0.457125615677292	0	8	0.918582138069376	0.511014390209921	2675	10
6541	0	0.421770677355233	0	8	0.918582138069376	0.511014390209921	2675	10
6542	0	0.193210796330733	0	8	0.918582138069376	0.511014390209921	2675	10
6546	0	-0.0322193240919803	0	8	0.918582138069376	0.511014390209921	2675	10
6548	5	0.268250163645237	0	8	0.918582138069376	0.511014390209921	2675	10
6549	2	-0.156225459778461	0	8	0.918582138069376	0.511014390209921	2675	10
6550	2	-0.231030258743957	0	8	0.918582138069376	0.511014390209921	2675	10
6553	5	0.636084419914963	0	8	0.918582138069376	0.511014390209921	2675	10
6554	0	0.309653277226436	0	8	0.918582138069376	0.511014390209921	2675	10
6555	2	-0.353040120012282	0	8	0.918582138069376	0.511014390209921	2675	10
6556	1	0.486169371878301	1	8	0.918582138069376	0.511014390209921	2675	10
6557	2	0.0116355842147247	0	8	0.918582138069376	0.511014390209921	2675	10
6558	0	-0.0927688321019004	0	8	0.918582138069376	0.511014390209921	2675	10
6559	2	-0.316949248772872	0	8	0.918582138069376	0.511014390209921	2675	10
6561	2	-0.285546444731978	0	8	0.918582138069376	0.511014390209921	2675	10
6563	1	0.325691361474417	1	8	0.918582138069376	0.511014390209921	2675	10
6564	0	0.0339780093398855	0	8	0.918582138069376	0.511014390209921	2675	10
6565	4	-0.0351976686798383	0	8	0.918582138069376	0.511014390209921	2675	10
6566	2	-0.216712632208043	0	8	0.918582138069376	0.511014390209921	2675	10
6567	2	-0.248511482035039	0	8	0.918582138069376	0.511014390209921	2675	10
6568	2	-0.420151473830684	0	8	0.918582138069376	0.511014390209921	2675	10
6569	2	-0.414131610034382	0	8	0.918582138069376	0.511014390209921	2675	10
6571	4	0.0454513442367582	0	8	0.918582138069376	0.511014390209921	2675	10
6573	5	0.0950632333949909	0	8	0.918582138069376	0.511014390209921	2675	10
6574	0	0.353494345920564	0	8	0.918582138069376	0.511014390209921	2675	10
6575	0	0.195517603249003	0	8	0.918582138069376	0.511014390209921	2675	10
6576	2	-0.226992816905901	0	8	0.918582138069376	0.511014390209921	2675	10
6578	0	0.323514082003324	0	8	0.918582138069376	0.511014390209921	2675	10
6579	0	0.013398070028547	0	8	0.918582138069376	0.511014390209921	2675	10
6580	2	-0.055676488923767	0	8	0.918582138069376	0.511014390209921	2675	10
6581	0	0.171022914986468	0	8	0.918582138069376	0.511014390209921	2675	10
6582	2	-0.174257849899176	0	8	0.918582138069376	0.511014390209921	2675	10
6583	4	-0.234424855594975	0	8	0.918582138069376	0.511014390209921	2675	10
6584	2	-0.381605862974885	0	8	0.918582138069376	0.511014390209921	2675	10
6585	1	0.560695656089816	1	8	0.918582138069376	0.511014390209921	2675	10
6586	1	0.625473611866069	1	8	0.918582138069376	0.511014390209921	2675	10
6588	0	0.308444018466314	0	8	0.918582138069376	0.511014390209921	2675	10
6590	1	0.672936504048648	1	8	0.918582138069376	0.511014390209921	2675	10
6591	0	0.354030753485853	0	8	0.918582138069376	0.511014390209921	2675	10
6594	0	0.0845159951584434	0	8	0.918582138069376	0.511014390209921	2675	10
6595	0	0.276717874721729	0	8	0.918582138069376	0.511014390209921	2675	10
6596	4	-0.120284329528637	0	8	0.918582138069376	0.511014390209921	2675	10
6597	5	0.420662955874424	0	8	0.918582138069376	0.511014390209921	2675	10
6598	3	0.520194976020299	0	8	0.918582138069376	0.511014390209921	2675	10
6599	4	0.14055449505543	0	8	0.918582138069376	0.511014390209921	2675	10
6601	0	0.390589500033668	0	8	0.918582138069376	0.511014390209921	2675	10
6602	1	0.615698676672307	1	8	0.918582138069376	0.511014390209921	2675	10
6603	1	0.633727712563333	1	8	0.918582138069376	0.511014390209921	2675	10
6604	1	0.574402848827754	1	8	0.918582138069376	0.511014390209921	2675	10
6605	1	0.631017768231487	1	8	0.918582138069376	0.511014390209921	2675	10
6608	0	0.0551009626991549	0	8	0.918582138069376	0.511014390209921	2675	10
6609	6	-0.0320914886223773	0	8	0.918582138069376	0.511014390209921	2675	10
6610	3	0.362135139502125	0	8	0.918582138069376	0.511014390209921	2675	10
6612	3	0.232055155901507	0	8	0.918582138069376	0.511014390209921	2675	10
6614	1	0.659817508203614	1	8	0.918582138069376	0.511014390209921	2675	10
6615	0	0.287918631578428	0	8	0.918582138069376	0.511014390209921	2675	10
6616	0	0.369530381028748	0	8	0.918582138069376	0.511014390209921	2675	10
6617	0	0.229734036650362	0	8	0.918582138069376	0.511014390209921	2675	10
6618	3	0.290025332409532	0	8	0.918582138069376	0.511014390209921	2675	10
6619	4	0.0261962415954914	0	8	0.918582138069376	0.511014390209921	2675	10
6621	5	0.364818494626408	0	8	0.918582138069376	0.511014390209921	2675	10
6622	0	0.0175129928687359	0	8	0.918582138069376	0.511014390209921	2675	10
6623	3	0.341445878973472	0	8	0.918582138069376	0.511014390209921	2675	10
6625	5	0.219387539179259	0	8	0.918582138069376	0.511014390209921	2675	10
6626	3	0.468219059984843	0	8	0.918582138069376	0.511014390209921	2675	10
6628	3	0.498863968399662	0	8	0.918582138069376	0.511014390209921	2675	10
6629	7	0.102520152812067	0	8	0.918582138069376	0.511014390209921	2675	10
6631	3	0.414951299678341	0	8	0.918582138069376	0.511014390209921	2675	10
6632	0	0.348967692653534	0	8	0.918582138069376	0.511014390209921	2675	10
6633	3	0.481033837609794	0	8	0.918582138069376	0.511014390209921	2675	10
6634	3	0.259836247420584	0	8	0.918582138069376	0.511014390209921	2675	10
6636	3	0.344693026582673	0	8	0.918582138069376	0.511014390209921	2675	10
6640	2	-0.264544184856202	0	8	0.918582138069376	0.511014390209921	2675	10
6641	5	0.143253201454027	0	8	0.918582138069376	0.511014390209921	2675	10
6642	1	0.546868669708025	1	8	0.918582138069376	0.511014390209921	2675	10
6643	4	0.152758063997012	0	8	0.918582138069376	0.511014390209921	2675	10
6645	6	0.173918667773836	0	8	0.918582138069376	0.511014390209921	2675	10
6646	1	0.403607226314893	1	8	0.918582138069376	0.511014390209921	2675	10
6647	2	-0.26517989307495	0	8	0.918582138069376	0.511014390209921	2675	10
6649	5	0.0990406881836004	0	8	0.918582138069376	0.511014390209921	2675	10
6651	1	0.651699919096535	1	8	0.918582138069376	0.511014390209921	2675	10
6653	0	0.425812262545122	0	8	0.918582138069376	0.511014390209921	2675	10
6654	0	0.0447359332774368	0	8	0.918582138069376	0.511014390209921	2675	10
6655	4	-0.12634778500176	0	8	0.918582138069376	0.511014390209921	2675	10
6659	1	0.698919514251109	1	8	0.918582138069376	0.511014390209921	2675	10
6660	0	0.1066878575712	0	8	0.918582138069376	0.511014390209921	2675	10
6662	1	0.541144110249535	1	8	0.918582138069376	0.511014390209921	2675	10
6663	5	0.280167898340318	0	8	0.918582138069376	0.511014390209921	2675	10
6666	9	0.190831831943967	0	8	0.918582138069376	0.511014390209921	2675	10
6667	1	0.711492015467978	1	8	0.918582138069376	0.511014390209921	2675	10
6668	5	0.221598337116472	0	8	0.918582138069376	0.511014390209921	2675	10
6670	1	0.679276669067917	1	8	0.918582138069376	0.511014390209921	2675	10
6671	1	0.616212844842338	1	8	0.918582138069376	0.511014390209921	2675	10
6672	1	0.708976555380494	1	8	0.918582138069376	0.511014390209921	2675	10
6674	4	0.172452984655681	0	8	0.918582138069376	0.511014390209921	2675	10
6675	4	0.0706080694668044	0	8	0.918582138069376	0.511014390209921	2675	10
6676	1	0.467201677249935	1	8	0.918582138069376	0.511014390209921	2675	10
6678	1	0.569215948293722	1	8	0.918582138069376	0.511014390209921	2675	10
6683	0	0.376246866130582	0	8	0.918582138069376	0.511014390209921	2675	10
6688	1	0.766096980950078	1	8	0.918582138069376	0.511014390209921	2675	10
6689	1	0.654188426466704	1	8	0.918582138069376	0.511014390209921	2675	10
6690	0	-0.0212320479874979	0	8	0.918582138069376	0.511014390209921	2675	10
6692	0	0.281350152637683	0	8	0.918582138069376	0.511014390209921	2675	10
6693	1	0.822846282619767	1	8	0.918582138069376	0.511014390209921	2675	10
6695	8	-0.216889431575451	0	8	0.918582138069376	0.511014390209921	2675	10
6696	1	0.236980303065465	1	8	0.918582138069376	0.511014390209921	2675	10
6697	3	-0.00463411121016443	0	8	0.918582138069376	0.511014390209921	2675	10
6709	1	0.744606193133776	1	8	0.918582138069376	0.511014390209921	2675	10
6710	0	0.187144050399252	0	8	0.918582138069376	0.511014390209921	2675	10
6711	1	0.4333925244988	1	8	0.918582138069376	0.511014390209921	2675	10
6712	0	0.0703565520635556	0	8	0.918582138069376	0.511014390209921	2675	10
6713	0	0.0722101204686726	0	8	0.918582138069376	0.511014390209921	2675	10
6714	5	0.436505008193162	0	8	0.918582138069376	0.511014390209921	2675	10
6715	2	-0.0362512264244337	0	8	0.918582138069376	0.511014390209921	2675	10
6717	3	0.475817694027201	0	8	0.918582138069376	0.511014390209921	2675	10
6720	0	-0.0395211020705681	0	8	0.918582138069376	0.511014390209921	2675	10
6721	0	0.249367436020787	0	8	0.918582138069376	0.511014390209921	2675	10
6722	0	0.275547122931329	0	8	0.918582138069376	0.511014390209921	2675	10
6723	1	0.450804280557351	1	8	0.918582138069376	0.511014390209921	2675	10
6726	7	-0.0777066529932265	0	8	0.918582138069376	0.511014390209921	2675	10
6727	3	0.0434849293503454	0	8	0.918582138069376	0.511014390209921	2675	10
6729	4	0.0344350738475739	0	8	0.918582138069376	0.511014390209921	2675	10
6731	0	0.261390040529032	0	8	0.918582138069376	0.511014390209921	2675	10
6732	2	-0.10552817180095	0	8	0.918582138069376	0.511014390209921	2675	10
6733	1	0.66767422509472	1	8	0.918582138069376	0.511014390209921	2675	10
6734	1	0.602323819004455	1	8	0.918582138069376	0.511014390209921	2675	10
6737	1	0.67658156796894	1	8	0.918582138069376	0.511014390209921	2675	10
6738	4	-0.251670714033018	0	8	0.918582138069376	0.511014390209921	2675	10
6741	4	-0.123320963541182	0	8	0.918582138069376	0.511014390209921	2675	10
6742	3	0.247115418440915	0	8	0.918582138069376	0.511014390209921	2675	10
6744	1	0.466950702863774	1	8	0.918582138069376	0.511014390209921	2675	10
6745	4	0.191878231062205	0	8	0.918582138069376	0.511014390209921	2675	10
6746	3	0.555767127183314	0	8	0.918582138069376	0.511014390209921	2675	10
6747	0	0.391516138030114	0	8	0.918582138069376	0.511014390209921	2675	10
6748	3	0.477359402980277	0	8	0.918582138069376	0.511014390209921	2675	10
6749	1	0.559962183639968	1	8	0.918582138069376	0.511014390209921	2675	10
6751	0	-0.197400045046364	0	8	0.918582138069376	0.511014390209921	2675	10
6752	0	0.105282293330965	0	8	0.918582138069376	0.511014390209921	2675	10
6755	5	0.346874027786948	0	8	0.918582138069376	0.511014390209921	2675	10
6760	0	0.186774625115393	0	8	0.918582138069376	0.511014390209921	2675	10
6764	1	0.4513732775942	1	8	0.918582138069376	0.511014390209921	2675	10
6767	2	-0.0651810588374657	0	8	0.918582138069376	0.511014390209921	2675	10
6768	1	0.655567012940691	1	8	0.918582138069376	0.511014390209921	2675	10
6769	6	0.0337165733672669	0	8	0.918582138069376	0.511014390209921	2675	10
6770	0	0.196696872390841	0	8	0.918582138069376	0.511014390209921	2675	10
6772	1	0.620300269574407	1	8	0.918582138069376	0.511014390209921	2675	10
6773	1	0.66927028719612	1	8	0.918582138069376	0.511014390209921	2675	10
6774	1	0.631955140824202	1	8	0.918582138069376	0.511014390209921	2675	10
6775	1	0.637296697744192	1	8	0.918582138069376	0.511014390209921	2675	10
6776	1	0.491488736373681	1	8	0.918582138069376	0.511014390209921	2675	10
6777	1	0.462521084605796	1	8	0.918582138069376	0.511014390209921	2675	10
6778	5	0.662503940852153	0	8	0.918582138069376	0.511014390209921	2675	10
6780	2	-0.446310000516353	0	8	0.918582138069376	0.511014390209921	2675	10
6781	0	0.170187135942992	0	8	0.918582138069376	0.511014390209921	2675	10
6782	4	0.0444880175259221	0	8	0.918582138069376	0.511014390209921	2675	10
6785	8	-0.26880067336021	0	8	0.918582138069376	0.511014390209921	2675	10
6787	0	0.135239477124165	0	8	0.918582138069376	0.511014390209921	2675	10
6788	4	-0.214910034244345	0	8	0.918582138069376	0.511014390209921	2675	10
6789	1	0.65207029175627	1	8	0.918582138069376	0.511014390209921	2675	10
6790	1	0.494356159301195	1	8	0.918582138069376	0.511014390209921	2675	10
6792	0	0.280404980459514	0	8	0.918582138069376	0.511014390209921	2675	10
6793	1	0.687580860040974	1	8	0.918582138069376	0.511014390209921	2675	10
6794	5	0.377961955547055	0	8	0.918582138069376	0.511014390209921	2675	10
6795	0	-0.0367620254171771	0	8	0.918582138069376	0.511014390209921	2675	10
6799	0	0.0984818880956036	0	8	0.918582138069376	0.511014390209921	2675	10
6801	0	0.39059968434783	0	8	0.918582138069376	0.511014390209921	2675	10
6804	5	0.545601814198068	0	8	0.918582138069376	0.511014390209921	2675	10
6809	2	-0.19105959569042	0	8	0.918582138069376	0.511014390209921	2675	10
6810	1	0.593568512698966	1	8	0.918582138069376	0.511014390209921	2675	10
6811	3	0.358378308363911	0	8	0.918582138069376	0.511014390209921	2675	10
6812	0	0.27591312832539	0	8	0.918582138069376	0.511014390209921	2675	10
6813	9	0.111948240438738	0	8	0.918582138069376	0.511014390209921	2675	10
6814	4	-0.0388154345111437	0	8	0.918582138069376	0.511014390209921	2675	10
6819	2	-0.373478897659075	0	8	0.918582138069376	0.511014390209921	2675	10
6820	0	0.285313235123022	0	8	0.918582138069376	0.511014390209921	2675	10
6827	3	0.0422535989417888	0	8	0.918582138069376	0.511014390209921	2675	10
6829	0	0.218343964096721	0	8	0.918582138069376	0.511014390209921	2675	10
6830	10	0.38968489041608	0	8	0.918582138069376	0.511014390209921	2675	10
6832	4	-0.281082912411511	0	8	0.918582138069376	0.511014390209921	2675	10
6833	6	-0.0398347411777265	0	8	0.918582138069376	0.511014390209921	2675	10
6834	3	0.186495050945688	0	8	0.918582138069376	0.511014390209921	2675	10
6835	3	0.0317605038595148	0	8	0.918582138069376	0.511014390209921	2675	10
6837	10	0.464140793439472	0	8	0.918582138069376	0.511014390209921	2675	10
6839	0	0.025441916098042	0	8	0.918582138069376	0.511014390209921	2675	10
6840	1	0.688073222646371	1	8	0.918582138069376	0.511014390209921	2675	10
6843	1	0.72461324314856	1	8	0.918582138069376	0.511014390209921	2675	10
6844	0	-0.186578241116894	0	8	0.918582138069376	0.511014390209921	2675	10
6850	1	0.667001229623021	1	8	0.918582138069376	0.511014390209921	2675	10
6854	2	-0.288896507890152	0	8	0.918582138069376	0.511014390209921	2675	10
6855	6	-0.0438128481206955	0	8	0.918582138069376	0.511014390209921	2675	10
6856	2	-0.264707495989119	0	8	0.918582138069376	0.511014390209921	2675	10
6857	0	-0.10153194688112	0	8	0.918582138069376	0.511014390209921	2675	10
6863	1	0.437528749690264	1	8	0.918582138069376	0.511014390209921	2675	10
6867	1	0.554709907353664	1	8	0.918582138069376	0.511014390209921	2675	10
6868	1	0.621380448679323	1	8	0.918582138069376	0.511014390209921	2675	10
6869	0	0.361952425546559	0	8	0.918582138069376	0.511014390209921	2675	10
6871	0	0.357281636899703	0	8	0.918582138069376	0.511014390209921	2675	10
6872	1	0.608693379645784	1	8	0.918582138069376	0.511014390209921	2675	10
6873	0	-0.023154221807696	0	8	0.918582138069376	0.511014390209921	2675	10
6875	0	0.113680554597986	0	8	0.918582138069376	0.511014390209921	2675	10
6876	1	0.557978641428308	1	8	0.918582138069376	0.511014390209921	2675	10
6877	0	-0.0350110048535913	0	8	0.918582138069376	0.511014390209921	2675	10
6878	5	0.203492080750562	0	8	0.918582138069376	0.511014390209921	2675	10
6879	7	0.335613641026334	0	8	0.918582138069376	0.511014390209921	2675	10
6881	3	0.0986974519714577	0	8	0.918582138069376	0.511014390209921	2675	10
6882	0	0.240113301486779	0	8	0.918582138069376	0.511014390209921	2675	10
6883	3	0.371378414907737	0	8	0.918582138069376	0.511014390209921	2675	10
6884	0	-0.0402424748678502	0	8	0.918582138069376	0.511014390209921	2675	10
6885	1	0.407433204719872	1	8	0.918582138069376	0.511014390209921	2675	10
6886	0	0.103027137822506	0	8	0.918582138069376	0.511014390209921	2675	10
6888	3	0.0761606846119513	0	8	0.918582138069376	0.511014390209921	2675	10
6891	0	0.302070838109003	0	8	0.918582138069376	0.511014390209921	2675	10
6894	1	0.517411022317912	1	8	0.918582138069376	0.511014390209921	2675	10
6895	3	0.277094827953889	0	8	0.918582138069376	0.511014390209921	2675	10
6897	7	0.217049246268577	0	8	0.918582138069376	0.511014390209921	2675	10
6899	1	0.661993848597919	1	8	0.918582138069376	0.511014390209921	2675	10
6900	0	0.148258783649235	0	8	0.918582138069376	0.511014390209921	2675	10
6901	1	0.440401133447887	1	8	0.918582138069376	0.511014390209921	2675	10
6902	3	0.0518939802617807	0	8	0.918582138069376	0.511014390209921	2675	10
6903	3	0.499471207307305	0	8	0.918582138069376	0.511014390209921	2675	10
6904	0	-0.0778562533485596	0	8	0.918582138069376	0.511014390209921	2675	10
6905	2	-0.293504565198904	0	8	0.918582138069376	0.511014390209921	2675	10
6907	0	0.227922672525586	0	8	0.918582138069376	0.511014390209921	2675	10
6908	0	0.0278983294803005	0	8	0.918582138069376	0.511014390209921	2675	10
6909	2	-0.1084293629333	0	8	0.918582138069376	0.511014390209921	2675	10
6911	6	0.0371176070903693	0	8	0.918582138069376	0.511014390209921	2675	10
6915	6	0.0463527540791013	0	8	0.918582138069376	0.511014390209921	2675	10
6916	1	0.635951432481516	1	8	0.918582138069376	0.511014390209921	2675	10
6919	3	0.0392178683569116	0	8	0.918582138069376	0.511014390209921	2675	10
6921	7	0.248570064940087	0	8	0.918582138069376	0.511014390209921	2675	10
6923	3	0.242148061154799	0	8	0.918582138069376	0.511014390209921	2675	10
6924	1	0.566041360356148	1	8	0.918582138069376	0.511014390209921	2675	10
6925	1	0.663041654071674	1	8	0.918582138069376	0.511014390209921	2675	10
6926	0	0.212521398814576	0	8	0.918582138069376	0.511014390209921	2675	10
6927	2	-0.429904722442578	0	8	0.918582138069376	0.511014390209921	2675	10
6928	5	0.37642650637734	0	8	0.918582138069376	0.511014390209921	2675	10
6929	5	0.43535870806954	0	8	0.918582138069376	0.511014390209921	2675	10
6932	1	0.67898272908851	1	8	0.918582138069376	0.511014390209921	2675	10
6934	5	0.210842099201127	0	8	0.918582138069376	0.511014390209921	2675	10
6936	4	-0.135048862268004	0	8	0.918582138069376	0.511014390209921	2675	10
6938	1	0.706089153294015	1	8	0.918582138069376	0.511014390209921	2675	10
6940	4	0.0192186517743394	0	8	0.918582138069376	0.511014390209921	2675	10
6942	1	0.677418833271077	1	8	0.918582138069376	0.511014390209921	2675	10
6943	0	0.250300932808971	0	8	0.918582138069376	0.511014390209921	2675	10
6944	3	0.184285242665664	0	8	0.918582138069376	0.511014390209921	2675	10
6945	3	0.0387283494769237	0	8	0.918582138069376	0.511014390209921	2675	10
6947	0	0.185576549406624	0	8	0.918582138069376	0.511014390209921	2675	10
6948	2	-0.376713413598786	0	8	0.918582138069376	0.511014390209921	2675	10
6949	5	0.628337693029278	0	8	0.918582138069376	0.511014390209921	2675	10
6988	3	0.0180850628155781	0	8	0.918582138069376	0.511014390209921	2675	10
6990	4	-0.119922955373748	0	8	0.918582138069376	0.511014390209921	2675	10
6992	0	-0.0124208780421713	0	8	0.918582138069376	0.511014390209921	2675	10
6993	3	0.405609340299597	0	8	0.918582138069376	0.511014390209921	2675	10
6999	1	0.720538882242507	1	8	0.918582138069376	0.511014390209921	2675	10
7001	3	-0.105110892106769	0	8	0.918582138069376	0.511014390209921	2675	10
7003	0	0.233987120357434	0	8	0.918582138069376	0.511014390209921	2675	10
7004	1	0.454599669693415	1	8	0.918582138069376	0.511014390209921	2675	10
7005	0	0.235052964982243	0	8	0.918582138069376	0.511014390209921	2675	10
7007	6	-0.109802818124181	0	8	0.918582138069376	0.511014390209921	2675	10
7008	0	0.04434544274968	0	8	0.918582138069376	0.511014390209921	2675	10
7009	2	-0.483856426520132	0	8	0.918582138069376	0.511014390209921	2675	10
7010	8	-0.158106599650917	0	8	0.918582138069376	0.511014390209921	2675	10
7011	1	0.668153228009519	1	8	0.918582138069376	0.511014390209921	2675	10
7013	4	-0.0635662653224891	0	8	0.918582138069376	0.511014390209921	2675	10
7014	0	0.278400870269272	0	8	0.918582138069376	0.511014390209921	2675	10
7018	0	-0.0545629088051685	0	8	0.918582138069376	0.511014390209921	2675	10
7019	4	-0.0574536900165562	0	8	0.918582138069376	0.511014390209921	2675	10
7020	0	-0.111092385946738	0	8	0.918582138069376	0.511014390209921	2675	10
7021	0	0.291864648665837	0	8	0.918582138069376	0.511014390209921	2675	10
7022	1	0.45140501932268	1	8	0.918582138069376	0.511014390209921	2675	10
7023	0	0.240499904646138	0	8	0.918582138069376	0.511014390209921	2675	10
7024	1	0.587676888821164	1	8	0.918582138069376	0.511014390209921	2675	10
7025	1	0.556552480475267	1	8	0.918582138069376	0.511014390209921	2675	10
7027	1	0.729533191599387	1	8	0.918582138069376	0.511014390209921	2675	10
7029	4	-0.0549403702858726	0	8	0.918582138069376	0.511014390209921	2675	10
7030	1	0.441663717366302	1	8	0.918582138069376	0.511014390209921	2675	10
7033	1	0.65616593914985	1	8	0.918582138069376	0.511014390209921	2675	10
7035	0	0.078987674782609	0	8	0.918582138069376	0.511014390209921	2675	10
7037	4	-0.0358426056274677	0	8	0.918582138069376	0.511014390209921	2675	10
7038	0	0.113659687747919	0	8	0.918582138069376	0.511014390209921	2675	10
7039	0	0.322663275964957	0	8	0.918582138069376	0.511014390209921	2675	10
7040	1	0.64791995902552	1	8	0.918582138069376	0.511014390209921	2675	10
7041	0	0.218864948095462	0	8	0.918582138069376	0.511014390209921	2675	10
7042	1	0.509845615603098	1	8	0.918582138069376	0.511014390209921	2675	10
7043	1	0.690622302155588	1	8	0.918582138069376	0.511014390209921	2675	10
7046	0	0.373591232657678	0	8	0.918582138069376	0.511014390209921	2675	10
7048	1	0.533136655903364	1	8	0.918582138069376	0.511014390209921	2675	10
7049	8	-0.445610249404876	0	8	0.918582138069376	0.511014390209921	2675	10
7050	1	0.568280995338641	1	8	0.918582138069376	0.511014390209921	2675	10
7051	0	-0.147892273185014	0	8	0.918582138069376	0.511014390209921	2675	10
7052	1	0.68292030006759	1	8	0.918582138069376	0.511014390209921	2675	10
7056	0	0.137024707986044	0	8	0.918582138069376	0.511014390209921	2675	10
7057	1	0.380424313037512	1	8	0.918582138069376	0.511014390209921	2675	10
7058	1	0.842379026104239	1	8	0.918582138069376	0.511014390209921	2675	10
7059	5	0.501879125273155	0	8	0.918582138069376	0.511014390209921	2675	10
7060	0	0.0903771102934614	0	8	0.918582138069376	0.511014390209921	2675	10
7064	0	0.448484016457074	0	8	0.918582138069376	0.511014390209921	2675	10
7066	2	-0.230269406898401	0	8	0.918582138069376	0.511014390209921	2675	10
7067	0	0.0676722640372693	0	8	0.918582138069376	0.511014390209921	2675	10
7068	6	-0.0238187541901106	0	8	0.918582138069376	0.511014390209921	2675	10
7070	2	-0.353764983208795	0	8	0.918582138069376	0.511014390209921	2675	10
7071	4	0.0806934439293417	0	8	0.918582138069376	0.511014390209921	2675	10
7072	0	0.434266542664058	0	8	0.918582138069376	0.511014390209921	2675	10
7073	0	0.233902621269225	0	8	0.918582138069376	0.511014390209921	2675	10
7074	1	0.556666184976268	1	8	0.918582138069376	0.511014390209921	2675	10
7075	5	0.381731921524519	0	8	0.918582138069376	0.511014390209921	2675	10
7076	1	0.607649938705154	1	8	0.918582138069376	0.511014390209921	2675	10
7078	1	0.330396849276445	1	8	0.918582138069376	0.511014390209921	2675	10
7079	0	0.151483823119876	0	8	0.918582138069376	0.511014390209921	2675	10
7082	4	0.178909013123626	0	8	0.918582138069376	0.511014390209921	2675	10
7083	6	0.0676103053042886	0	8	0.918582138069376	0.511014390209921	2675	10
7084	3	0.311076718157976	0	8	0.918582138069376	0.511014390209921	2675	10
7086	1	0.461386382091708	1	8	0.918582138069376	0.511014390209921	2675	10
7087	5	0.163161491632894	0	8	0.918582138069376	0.511014390209921	2675	10
7088	1	0.777468975771611	1	8	0.918582138069376	0.511014390209921	2675	10
7089	1	0.543967641500429	1	8	0.918582138069376	0.511014390209921	2675	10
7090	5	0.394945509323793	0	8	0.918582138069376	0.511014390209921	2675	10
7091	5	0.627067700128582	0	8	0.918582138069376	0.511014390209921	2675	10
7092	0	0.290197062060749	0	8	0.918582138069376	0.511014390209921	2675	10
7093	1	0.657718278978452	1	8	0.918582138069376	0.511014390209921	2675	10
7094	0	0.489613083652456	0	8	0.918582138069376	0.511014390209921	2675	10
7095	4	-0.0552304706197706	0	8	0.918582138069376	0.511014390209921	2675	10
7096	1	0.748182480074056	1	8	0.918582138069376	0.511014390209921	2675	10
7097	1	0.815776901009089	1	8	0.918582138069376	0.511014390209921	2675	10
7098	4	0.0400338172543977	0	8	0.918582138069376	0.511014390209921	2675	10
7099	1	0.715467821392829	1	8	0.918582138069376	0.511014390209921	2675	10
7100	1	0.603015081150482	1	8	0.918582138069376	0.511014390209921	2675	10
7102	8	-0.305407924989286	0	8	0.918582138069376	0.511014390209921	2675	10
7103	0	0.454723480828816	0	8	0.918582138069376	0.511014390209921	2675	10
7104	1	0.523428376192575	1	8	0.918582138069376	0.511014390209921	2675	10
7105	4	-0.172025620340985	0	8	0.918582138069376	0.511014390209921	2675	10
7106	10	0.388362870689804	0	8	0.918582138069376	0.511014390209921	2675	10
7107	2	-0.328867877850194	0	8	0.918582138069376	0.511014390209921	2675	10
7108	2	-0.101096657520355	0	8	0.918582138069376	0.511014390209921	2675	10
7110	5	0.425991972368898	0	8	0.918582138069376	0.511014390209921	2675	10
7111	8	-0.0128395778458945	0	8	0.918582138069376	0.511014390209921	2675	10
7112	1	0.493233294484804	1	8	0.918582138069376	0.511014390209921	2675	10
7113	0	-0.181337092570563	0	8	0.918582138069376	0.511014390209921	2675	10
7122	0	0.247083080401959	0	8	0.918582138069376	0.511014390209921	2675	10
7125	0	0.17757080980596	0	8	0.918582138069376	0.511014390209921	2675	10
7126	0	0.351686467714715	0	8	0.918582138069376	0.511014390209921	2675	10
7127	1	0.734466639259757	1	8	0.918582138069376	0.511014390209921	2675	10
7128	1	0.630617836513888	1	8	0.918582138069376	0.511014390209921	2675	10
7132	1	0.510408956022742	1	8	0.918582138069376	0.511014390209921	2675	10
7134	8	-0.0457729301639173	0	8	0.918582138069376	0.511014390209921	2675	10
7135	8	-0.0536597355742054	0	8	0.918582138069376	0.511014390209921	2675	10
7136	1	0.630025086867417	1	8	0.918582138069376	0.511014390209921	2675	10
7138	0	0.243195383170136	0	8	0.918582138069376	0.511014390209921	2675	10
7139	8	-0.244954692881801	0	8	0.918582138069376	0.511014390209921	2675	10
7140	0	0.375101385041978	0	8	0.918582138069376	0.511014390209921	2675	10
7145	2	-0.0889905274797967	0	8	0.918582138069376	0.511014390209921	2675	10
7148	0	0.273860332390481	0	8	0.918582138069376	0.511014390209921	2675	10
7150	4	0.15370198128857	0	8	0.918582138069376	0.511014390209921	2675	10
7153	1	0.566718465555253	1	8	0.918582138069376	0.511014390209921	2675	10
7156	1	0.595013796454819	1	8	0.918582138069376	0.511014390209921	2675	10
7157	1	0.710088158425226	1	8	0.918582138069376	0.511014390209921	2675	10
7158	1	0.633211346618734	1	8	0.918582138069376	0.511014390209921	2675	10
7159	1	0.478166951597451	1	8	0.918582138069376	0.511014390209921	2675	10
7161	1	0.503177601453931	1	8	0.918582138069376	0.511014390209921	2675	10
7162	1	0.712213624106719	1	8	0.918582138069376	0.511014390209921	2675	10
7163	4	-0.222830223083352	0	8	0.918582138069376	0.511014390209921	2675	10
7164	1	0.504340086576502	1	8	0.918582138069376	0.511014390209921	2675	10
7165	3	0.481115701202161	0	8	0.918582138069376	0.511014390209921	2675	10
7167	3	-0.0659233120584751	0	8	0.918582138069376	0.511014390209921	2675	10
7168	1	0.67127723147251	1	8	0.918582138069376	0.511014390209921	2675	10
7169	1	0.556877943832283	1	8	0.918582138069376	0.511014390209921	2675	10
7170	1	0.724881584729743	1	8	0.918582138069376	0.511014390209921	2675	10
7171	1	0.696953022841022	1	8	0.918582138069376	0.511014390209921	2675	10
7172	2	-0.316689456429576	0	8	0.918582138069376	0.511014390209921	2675	10
7174	1	0.570328749387236	1	8	0.918582138069376	0.511014390209921	2675	10
7175	0	0.348631049900621	0	8	0.918582138069376	0.511014390209921	2675	10
7181	6	0.142768127772439	0	8	0.918582138069376	0.511014390209921	2675	10
7182	1	0.629956487751753	1	8	0.918582138069376	0.511014390209921	2675	10
7185	1	0.658523666997108	1	8	0.918582138069376	0.511014390209921	2675	10
7186	1	0.506291812851614	1	8	0.918582138069376	0.511014390209921	2675	10
7187	1	0.709659271232789	1	8	0.918582138069376	0.511014390209921	2675	10
7188	1	0.531411570273421	1	8	0.918582138069376	0.511014390209921	2675	10
7189	0	0.118550312845052	0	8	0.918582138069376	0.511014390209921	2675	10
7204	1	0.703266218683873	1	8	0.918582138069376	0.511014390209921	2675	10
7205	3	-0.0103907902446239	0	8	0.918582138069376	0.511014390209921	2675	10
7216	1	0.474566728628447	1	8	0.918582138069376	0.511014390209921	2675	10
7220	0	0.0581248629499993	0	8	0.918582138069376	0.511014390209921	2675	10
7223	1	0.617706600352122	1	8	0.918582138069376	0.511014390209921	2675	10
7224	6	-0.180303697011182	0	8	0.918582138069376	0.511014390209921	2675	10
7225	8	0.0183265246229099	0	8	0.918582138069376	0.511014390209921	2675	10
7226	2	0.54065645102671	0	8	0.918582138069376	0.511014390209921	2675	10
7227	0	0.126061621712539	0	8	0.918582138069376	0.511014390209921	2675	10
7247	7	0.0302593419014029	0	8	0.918582138069376	0.511014390209921	2675	10
7248	0	0.177859208805013	0	8	0.918582138069376	0.511014390209921	2675	10
7249	5	0.296786804986133	0	8	0.918582138069376	0.511014390209921	2675	10
7251	7	-0.0532206190993819	0	8	0.918582138069376	0.511014390209921	2675	10
7253	0	0.0602308054940613	0	8	0.918582138069376	0.511014390209921	2675	10
7259	2	-0.274894360146483	0	8	0.918582138069376	0.511014390209921	2675	10
7260	3	0.0340252549737982	0	8	0.918582138069376	0.511014390209921	2675	10
7262	1	0.386735024631076	1	8	0.918582138069376	0.511014390209921	2675	10
7263	2	-0.306618225026952	0	8	0.918582138069376	0.511014390209921	2675	10
7264	3	0.485663385039115	0	8	0.918582138069376	0.511014390209921	2675	10
7265	7	0.0778847705050282	0	8	0.918582138069376	0.511014390209921	2675	10
7266	7	0.0654159739595427	0	8	0.918582138069376	0.511014390209921	2675	10
7270	1	0.488372609858422	1	8	0.918582138069376	0.511014390209921	2675	10
7273	1	0.446518036716695	1	8	0.918582138069376	0.511014390209921	2675	10
7274	6	-0.0914305873684145	0	8	0.918582138069376	0.511014390209921	2675	10
7275	0	-0.344297089461526	0	8	0.918582138069376	0.511014390209921	2675	10
7276	0	0.0512432997068186	0	8	0.918582138069376	0.511014390209921	2675	10
7277	2	0.103330088725226	0	8	0.918582138069376	0.511014390209921	2675	10
7280	0	-0.294451938184046	0	8	0.918582138069376	0.511014390209921	2675	10
7283	2	-0.225674043661648	0	8	0.918582138069376	0.511014390209921	2675	10
7286	0	0.0407573926688164	0	8	0.918582138069376	0.511014390209921	2675	10
7288	0	0.168751743867453	0	8	0.918582138069376	0.511014390209921	2675	10
7289	0	-0.00273592427606014	0	8	0.918582138069376	0.511014390209921	2675	10
7292	0	0.120621749540859	0	8	0.918582138069376	0.511014390209921	2675	10
7293	1	0.738129966223185	1	8	0.918582138069376	0.511014390209921	2675	10
7294	1	0.479156406560889	1	8	0.918582138069376	0.511014390209921	2675	10
7295	2	-0.174689548888628	0	8	0.918582138069376	0.511014390209921	2675	10
7296	0	0.178877861376331	0	8	0.918582138069376	0.511014390209921	2675	10
7297	0	0.224419693881385	0	8	0.918582138069376	0.511014390209921	2675	10
7298	0	-0.117343532100434	0	8	0.918582138069376	0.511014390209921	2675	10
7301	8	-0.126850181735714	0	8	0.918582138069376	0.511014390209921	2675	10
7305	1	0.700287274674339	1	8	0.918582138069376	0.511014390209921	2675	10
7306	0	-0.122390566051549	0	8	0.918582138069376	0.511014390209921	2675	10
7311	3	0.571405035786548	0	8	0.918582138069376	0.511014390209921	2675	10
7314	3	0.227556060695612	0	8	0.918582138069376	0.511014390209921	2675	10
7317	9	0.0398570058823126	0	8	0.918582138069376	0.511014390209921	2675	10
7319	7	0.136296943867088	0	8	0.918582138069376	0.511014390209921	2675	10
7320	7	0.0068904845506644	0	8	0.918582138069376	0.511014390209921	2675	10
7321	0	0.169230979351253	0	8	0.918582138069376	0.511014390209921	2675	10
7322	1	0.562822419446128	1	8	0.918582138069376	0.511014390209921	2675	10
7323	7	0.140177193635324	0	8	0.918582138069376	0.511014390209921	2675	10
7324	7	0.423231102837815	0	8	0.918582138069376	0.511014390209921	2675	10
7326	4	-0.261208682670136	0	8	0.918582138069376	0.511014390209921	2675	10
7327	3	0.435687416498938	0	8	0.918582138069376	0.511014390209921	2675	10
7328	1	0.669222793267773	1	8	0.918582138069376	0.511014390209921	2675	10
7329	1	0.567505687000313	1	8	0.918582138069376	0.511014390209921	2675	10
7332	3	0.336333388316305	0	8	0.918582138069376	0.511014390209921	2675	10
7334	3	0.355181313730311	0	8	0.918582138069376	0.511014390209921	2675	10
7336	7	-0.0423967367238346	0	8	0.918582138069376	0.511014390209921	2675	10
7337	0	-0.101868265014552	0	8	0.918582138069376	0.511014390209921	2675	10
7341	7	0.000397571270875932	0	8	0.918582138069376	0.511014390209921	2675	10
7342	1	0.689740458298419	1	8	0.918582138069376	0.511014390209921	2675	10
7343	0	0.439782751195307	0	8	0.918582138069376	0.511014390209921	2675	10
7345	3	0.447988757302985	0	8	0.918582138069376	0.511014390209921	2675	10
7347	7	-0.0860080612756442	0	8	0.918582138069376	0.511014390209921	2675	10
7348	0	-0.139802944368913	0	8	0.918582138069376	0.511014390209921	2675	10
7351	1	0.745577710092702	1	8	0.918582138069376	0.511014390209921	2675	10
7352	1	0.433445532673199	1	8	0.918582138069376	0.511014390209921	2675	10
7353	3	0.279116441752563	0	8	0.918582138069376	0.511014390209921	2675	10
7355	0	0.0450134693845294	0	8	0.918582138069376	0.511014390209921	2675	10
7357	1	0.563810798840817	1	8	0.918582138069376	0.511014390209921	2675	10
7358	2	-0.0939056913340257	0	8	0.918582138069376	0.511014390209921	2675	10
7360	2	-0.239704543832614	0	8	0.918582138069376	0.511014390209921	2675	10
7368	0	0.292388059237725	0	8	0.918582138069376	0.511014390209921	2675	10
7369	2	-0.0956704946815972	0	8	0.918582138069376	0.511014390209921	2675	10
7372	0	0.0176543087044882	0	8	0.918582138069376	0.511014390209921	2675	10
7373	1	0.713047022882224	1	8	0.918582138069376	0.511014390209921	2675	10
7374	2	-0.133871178357811	0	8	0.918582138069376	0.511014390209921	2675	10
7375	1	0.536394706567593	1	8	0.918582138069376	0.511014390209921	2675	10
7376	3	0.210639980995253	0	8	0.918582138069376	0.511014390209921	2675	10
7378	1	0.409819592765903	1	8	0.918582138069376	0.511014390209921	2675	10
7381	3	-0.0339787605833383	0	8	0.918582138069376	0.511014390209921	2675	10
7384	2	-0.26360533286594	0	8	0.918582138069376	0.511014390209921	2675	10
7385	2	-0.251762621500703	0	8	0.918582138069376	0.511014390209921	2675	10
7389	3	0.0672746760638575	0	8	0.918582138069376	0.511014390209921	2675	10
7390	3	0.0392988662275584	0	8	0.918582138069376	0.511014390209921	2675	10
7392	3	0.386091024328413	0	8	0.918582138069376	0.511014390209921	2675	10
7398	4	-0.0176059196160292	0	8	0.918582138069376	0.511014390209921	2675	10
7399	0	-0.0365481709421665	0	8	0.918582138069376	0.511014390209921	2675	10
7402	1	0.667188853605668	1	8	0.918582138069376	0.511014390209921	2675	10
7403	0	0.321145999175501	0	8	0.918582138069376	0.511014390209921	2675	10
7404	0	-0.0327179430454009	0	8	0.918582138069376	0.511014390209921	2675	10
7405	1	0.465712409607351	1	8	0.918582138069376	0.511014390209921	2675	10
7408	1	0.757417373675438	1	8	0.918582138069376	0.511014390209921	2675	10
7409	1	0.765047223675032	1	8	0.918582138069376	0.511014390209921	2675	10
7410	5	0.179465167814104	0	8	0.918582138069376	0.511014390209921	2675	10
7411	7	0.00620068351526784	0	8	0.918582138069376	0.511014390209921	2675	10
7412	1	0.641360642834167	1	8	0.918582138069376	0.511014390209921	2675	10
7414	1	0.630098991258063	1	8	0.918582138069376	0.511014390209921	2675	10
7415	0	0.474077077783683	0	8	0.918582138069376	0.511014390209921	2675	10
7419	7	0.319327201689657	0	8	0.918582138069376	0.511014390209921	2675	10
7421	2	-0.152736629815941	0	8	0.918582138069376	0.511014390209921	2675	10
7422	8	-0.393308776348656	0	8	0.918582138069376	0.511014390209921	2675	10
7423	3	0.0194969189460195	0	8	0.918582138069376	0.511014390209921	2675	10
7424	1	0.379099905998419	1	8	0.918582138069376	0.511014390209921	2675	10
7425	0	0.0195261478776304	0	8	0.918582138069376	0.511014390209921	2675	10
7429	2	-0.255593345510634	0	8	0.918582138069376	0.511014390209921	2675	10
7430	2	0.0875068593023744	0	8	0.918582138069376	0.511014390209921	2675	10
7431	1	0.624386796665657	1	8	0.918582138069376	0.511014390209921	2675	10
7433	0	0.215795728484128	0	8	0.918582138069376	0.511014390209921	2675	10
7434	0	0.17206408123645	0	8	0.918582138069376	0.511014390209921	2675	10
7436	0	0.0994896823362839	0	8	0.918582138069376	0.511014390209921	2675	10
7439	1	0.635444192864198	1	8	0.918582138069376	0.511014390209921	2675	10
7443	0	0.350054035848517	0	8	0.918582138069376	0.511014390209921	2675	10
7444	0	0.299129601548767	0	8	0.918582138069376	0.511014390209921	2675	10
7447	0	0.185000959236217	0	8	0.918582138069376	0.511014390209921	2675	10
7450	1	0.723962628609279	1	8	0.918582138069376	0.511014390209921	2675	10
7453	0	0.25357172700252	0	8	0.918582138069376	0.511014390209921	2675	10
7454	1	0.647519700330842	1	8	0.918582138069376	0.511014390209921	2675	10
7456	1	0.741798077324322	1	8	0.918582138069376	0.511014390209921	2675	10
7461	1	0.582473130704087	1	8	0.918582138069376	0.511014390209921	2675	10
7462	1	0.75156733279155	1	8	0.918582138069376	0.511014390209921	2675	10
7464	0	0.0597039177409909	0	8	0.918582138069376	0.511014390209921	2675	10
7465	4	0.137127770356186	0	8	0.918582138069376	0.511014390209921	2675	10
7466	0	0.141730687950759	0	8	0.918582138069376	0.511014390209921	2675	10
7468	1	0.767648088535314	1	8	0.918582138069376	0.511014390209921	2675	10
7474	1	0.394405917615563	1	8	0.918582138069376	0.511014390209921	2675	10
7475	0	0.193212211438614	0	8	0.918582138069376	0.511014390209921	2675	10
7476	1	0.646431749417981	1	8	0.918582138069376	0.511014390209921	2675	10
7477	1	0.513290391572483	1	8	0.918582138069376	0.511014390209921	2675	10
7479	6	-0.100998066240655	0	8	0.918582138069376	0.511014390209921	2675	10
7481	1	0.410904537901944	1	8	0.918582138069376	0.511014390209921	2675	10
7482	1	0.735702743930157	1	8	0.918582138069376	0.511014390209921	2675	10
7485	7	-0.0283505614437815	0	8	0.918582138069376	0.511014390209921	2675	10
7486	0	0.459173007428191	0	8	0.918582138069376	0.511014390209921	2675	10
7490	8	-0.347346632204498	0	8	0.918582138069376	0.511014390209921	2675	10
7494	1	0.570652845175689	1	8	0.918582138069376	0.511014390209921	2675	10
7498	0	0.149803547554842	0	8	0.918582138069376	0.511014390209921	2675	10
7504	0	-0.255023198621777	0	8	0.918582138069376	0.511014390209921	2675	10
7507	0	-0.368224747960738	0	8	0.918582138069376	0.511014390209921	2675	10
7508	2	-0.128810077292509	0	8	0.918582138069376	0.511014390209921	2675	10
7511	3	0.353649081559566	0	8	0.918582138069376	0.511014390209921	2675	10
7512	2	-0.546066859838824	0	8	0.918582138069376	0.511014390209921	2675	10
7514	4	0.188711934544898	0	8	0.918582138069376	0.511014390209921	2675	10
7515	1	0.596504258249711	1	8	0.918582138069376	0.511014390209921	2675	10
7517	5	0.362247967257919	0	8	0.918582138069376	0.511014390209921	2675	10
7518	4	-0.0342047199766795	0	8	0.918582138069376	0.511014390209921	2675	10
7520	1	0.541325207951068	1	8	0.918582138069376	0.511014390209921	2675	10
7525	6	-0.0276792277395494	0	8	0.918582138069376	0.511014390209921	2675	10
7528	0	-0.18541054514686	0	8	0.918582138069376	0.511014390209921	2675	10
7529	0	0.247503646120134	0	8	0.918582138069376	0.511014390209921	2675	10
7531	2	-0.100413419580423	0	8	0.918582138069376	0.511014390209921	2675	10
7533	1	0.650325275290686	1	8	0.918582138069376	0.511014390209921	2675	10
7534	1	0.598456103522333	1	8	0.918582138069376	0.511014390209921	2675	10
7535	1	0.592677285706156	1	8	0.918582138069376	0.511014390209921	2675	10
7536	0	0.23731944514383	0	8	0.918582138069376	0.511014390209921	2675	10
7538	0	0.0276653539889785	0	8	0.918582138069376	0.511014390209921	2675	10
7539	0	0.174109073777091	0	8	0.918582138069376	0.511014390209921	2675	10
7541	3	0.27003076485427	0	8	0.918582138069376	0.511014390209921	2675	10
7542	3	0.0195224232572055	0	8	0.918582138069376	0.511014390209921	2675	10
7543	0	0.378468192229377	0	8	0.918582138069376	0.511014390209921	2675	10
7544	0	0.017853797182057	0	8	0.918582138069376	0.511014390209921	2675	10
7551	1	0.489502092040493	1	8	0.918582138069376	0.511014390209921	2675	10
7552	0	0.0685653660375096	0	8	0.918582138069376	0.511014390209921	2675	10
7553	1	0.407626626010564	1	8	0.918582138069376	0.511014390209921	2675	10
7555	7	0.201588488646885	0	8	0.918582138069376	0.511014390209921	2675	10
7556	4	-0.0289553144108846	0	8	0.918582138069376	0.511014390209921	2675	10
7559	0	0.184999847381864	0	8	0.918582138069376	0.511014390209921	2675	10
7561	0	0.114553045835183	0	8	0.918582138069376	0.511014390209921	2675	10
7564	3	-0.0480084099846485	0	8	0.918582138069376	0.511014390209921	2675	10
7570	1	0.437819862975683	1	8	0.918582138069376	0.511014390209921	2675	10
7571	0	0.190931762347669	0	8	0.918582138069376	0.511014390209921	2675	10
7572	0	0.41160337023907	0	8	0.918582138069376	0.511014390209921	2675	10
7580	3	0.348024340388641	0	8	0.918582138069376	0.511014390209921	2675	10
7582	0	0.199825890634518	0	8	0.918582138069376	0.511014390209921	2675	10
7584	1	0.561378375013106	1	8	0.918582138069376	0.511014390209921	2675	10
7586	0	0.33346103703156	0	8	0.918582138069376	0.511014390209921	2675	10
7592	1	0.513943294336992	1	8	0.918582138069376	0.511014390209921	2675	10
7593	9	0.212386431753056	0	8	0.918582138069376	0.511014390209921	2675	10
7594	0	0.36742785691036	0	8	0.918582138069376	0.511014390209921	2675	10
7596	1	0.543933880986712	1	8	0.918582138069376	0.511014390209921	2675	10
7597	1	0.509157931384367	1	8	0.918582138069376	0.511014390209921	2675	10
7625	0	0.447682696802988	0	8	0.918582138069376	0.511014390209921	2675	10
7626	0	0.0964736340772537	0	8	0.918582138069376	0.511014390209921	2675	10
7629	0	0.00904411881025023	0	8	0.918582138069376	0.511014390209921	2675	10
7633	1	0.682864177284606	1	8	0.918582138069376	0.511014390209921	2675	10
7638	0	0.371242835929709	0	8	0.918582138069376	0.511014390209921	2675	10
7639	0	0.172498207772663	0	8	0.918582138069376	0.511014390209921	2675	10
7644	0	-0.290987952610173	0	8	0.918582138069376	0.511014390209921	2675	10
7673	0	0.206370551323559	0	8	0.918582138069376	0.511014390209921	2675	10
7678	3	0.325677544057959	0	8	0.918582138069376	0.511014390209921	2675	10
7691	0	0.267552696813164	0	8	0.918582138069376	0.511014390209921	2675	10
7692	0	0.41161880871433	0	8	0.918582138069376	0.511014390209921	2675	10
7693	1	0.645316389653912	1	8	0.918582138069376	0.511014390209921	2675	10
7694	0	0.401142315611921	0	8	0.918582138069376	0.511014390209921	2675	10
7695	0	0.390960230563595	0	8	0.918582138069376	0.511014390209921	2675	10
7699	7	0.258740882072612	0	8	0.918582138069376	0.511014390209921	2675	10
7701	5	0.587403845609106	0	8	0.918582138069376	0.511014390209921	2675	10
7702	1	0.596825822097328	1	8	0.918582138069376	0.511014390209921	2675	10
7703	2	-0.178369493693474	0	8	0.918582138069376	0.511014390209921	2675	10
7704	8	-0.0808051052945899	0	8	0.918582138069376	0.511014390209921	2675	10
7705	0	0.161261539827769	0	8	0.918582138069376	0.511014390209921	2675	10
7707	0	-0.0922299364276852	0	8	0.918582138069376	0.511014390209921	2675	10
7709	1	0.434692346478095	1	8	0.918582138069376	0.511014390209921	2675	10
7710	1	0.441282853220474	1	8	0.918582138069376	0.511014390209921	2675	10
7716	1	0.671103974671533	1	8	0.918582138069376	0.511014390209921	2675	10
7718	0	-0.126868278752178	0	8	0.918582138069376	0.511014390209921	2675	10
7727	0	0.343273688180023	0	8	0.918582138069376	0.511014390209921	2675	10
7728	0	0.226761398237064	0	8	0.918582138069376	0.511014390209921	2675	10
7733	1	0.436641219604872	1	8	0.918582138069376	0.511014390209921	2675	10
7737	3	0.147262318488301	0	8	0.918582138069376	0.511014390209921	2675	10
7738	0	0.0319189096208981	0	8	0.918582138069376	0.511014390209921	2675	10
7739	0	-0.147078192120574	0	8	0.918582138069376	0.511014390209921	2675	10
7741	0	0.213368559794205	0	8	0.918582138069376	0.511014390209921	2675	10
7743	0	0.279118626180396	0	8	0.918582138069376	0.511014390209921	2675	10
7745	1	0.529696235985655	1	8	0.918582138069376	0.511014390209921	2675	10
7746	1	0.600961395049089	1	8	0.918582138069376	0.511014390209921	2675	10
7748	0	0.276116783130654	0	8	0.918582138069376	0.511014390209921	2675	10
7750	0	0.17319703566174	0	8	0.918582138069376	0.511014390209921	2675	10
7752	1	0.634150621445652	1	8	0.918582138069376	0.511014390209921	2675	10
7753	1	0.572869648649595	1	8	0.918582138069376	0.511014390209921	2675	10
7755	0	0.0190441442702471	0	8	0.918582138069376	0.511014390209921	2675	10
7761	0	0.0510821154912123	0	8	0.918582138069376	0.511014390209921	2675	10
7762	1	0.436266004069283	1	8	0.918582138069376	0.511014390209921	2675	10
7763	4	0.197650734315869	0	8	0.918582138069376	0.511014390209921	2675	10
7764	1	0.648348648072124	1	8	0.918582138069376	0.511014390209921	2675	10
7766	0	0.148818689687732	0	8	0.918582138069376	0.511014390209921	2675	10
7767	0	0.243191721273077	0	8	0.918582138069376	0.511014390209921	2675	10
7768	0	0.3175472280652	0	8	0.918582138069376	0.511014390209921	2675	10
7769	0	0.0275024340183613	0	8	0.918582138069376	0.511014390209921	2675	10
7770	1	0.484723895100696	1	8	0.918582138069376	0.511014390209921	2675	10
7773	1	0.472549854889999	1	8	0.918582138069376	0.511014390209921	2675	10
7775	0	0.271829177858845	0	8	0.918582138069376	0.511014390209921	2675	10
7776	1	0.635794633934202	1	8	0.918582138069376	0.511014390209921	2675	10
7782	6	-0.0369907439943672	0	8	0.918582138069376	0.511014390209921	2675	10
7786	5	0.588397952184569	0	8	0.918582138069376	0.511014390209921	2675	10
7791	10	0.663572358669436	0	8	0.918582138069376	0.511014390209921	2675	10
7798	1	0.482256520991249	1	8	0.918582138069376	0.511014390209921	2675	10
7799	1	0.713114959878133	1	8	0.918582138069376	0.511014390209921	2675	10
7802	0	0.00819714506811642	0	8	0.918582138069376	0.511014390209921	2675	10
7803	4	0.188379853985393	0	8	0.918582138069376	0.511014390209921	2675	10
7804	1	0.568727215890412	1	8	0.918582138069376	0.511014390209921	2675	10
7805	1	0.640960832686032	1	8	0.918582138069376	0.511014390209921	2675	10
7812	1	0.362045417825027	1	8	0.918582138069376	0.511014390209921	2675	10
7813	0	0.39947774966636	0	8	0.918582138069376	0.511014390209921	2675	10
7818	7	0.427614643718809	0	8	0.918582138069376	0.511014390209921	2675	10
7827	8	-0.232874621743315	0	8	0.918582138069376	0.511014390209921	2675	10
7832	0	0.144502005165864	0	8	0.918582138069376	0.511014390209921	2675	10
7837	1	0.775515754558053	1	8	0.918582138069376	0.511014390209921	2675	10
7840	1	0.548032961134181	1	8	0.918582138069376	0.511014390209921	2675	10
7841	9	0.415539801652417	0	8	0.918582138069376	0.511014390209921	2675	10
7844	4	-0.130001020523014	0	8	0.918582138069376	0.511014390209921	2675	10
7849	0	0.205564010501994	0	8	0.918582138069376	0.511014390209921	2675	10
7850	0	0.375399180421793	0	8	0.918582138069376	0.511014390209921	2675	10
7852	1	0.467135850872494	1	8	0.918582138069376	0.511014390209921	2675	10
7855	2	-0.281540350879815	0	8	0.918582138069376	0.511014390209921	2675	10
7862	1	0.687107010254021	1	8	0.918582138069376	0.511014390209921	2675	10
7866	3	-0.0781975395316284	0	8	0.918582138069376	0.511014390209921	2675	10
7867	3	0.294292850426038	0	8	0.918582138069376	0.511014390209921	2675	10
7869	6	-0.182684149706469	0	8	0.918582138069376	0.511014390209921	2675	10
7873	3	0.403593955947423	0	8	0.918582138069376	0.511014390209921	2675	10
7874	4	0.454891115843899	0	8	0.918582138069376	0.511014390209921	2675	10
7879	2	0.0856906103641086	0	8	0.918582138069376	0.511014390209921	2675	10
7881	0	0.0910294705551021	0	8	0.918582138069376	0.511014390209921	2675	10
7884	7	0.184174681587611	0	8	0.918582138069376	0.511014390209921	2675	10
7903	1	0.634750361292311	1	8	0.918582138069376	0.511014390209921	2675	10
7905	2	-0.274473706138406	0	8	0.918582138069376	0.511014390209921	2675	10
7913	4	0.296183140377219	0	8	0.918582138069376	0.511014390209921	2675	10
7915	2	-0.290862361081107	0	8	0.918582138069376	0.511014390209921	2675	10
7916	0	0.276524676498006	0	8	0.918582138069376	0.511014390209921	2675	10
7941	1	0.654205497557757	1	8	0.918582138069376	0.511014390209921	2675	10
7942	0	0.232271405750983	0	8	0.918582138069376	0.511014390209921	2675	10
7957	6	-0.0968996275564272	0	8	0.918582138069376	0.511014390209921	2675	10
7965	0	0.00909276307361289	0	8	0.918582138069376	0.511014390209921	2675	10
7975	0	0.102053269606685	0	8	0.918582138069376	0.511014390209921	2675	10
7976	2	-0.244776846978802	0	8	0.918582138069376	0.511014390209921	2675	10
7978	4	0.000714526710113579	0	8	0.918582138069376	0.511014390209921	2675	10
7979	3	0.249760772953271	0	8	0.918582138069376	0.511014390209921	2675	10
7980	1	0.684851256728024	1	8	0.918582138069376	0.511014390209921	2675	10
7988	1	0.487835528447781	1	8	0.918582138069376	0.511014390209921	2675	10
7991	1	0.413442306450328	1	8	0.918582138069376	0.511014390209921	2675	10
7993	7	-0.00148747269139814	0	8	0.918582138069376	0.511014390209921	2675	10
7994	1	0.699447324505751	1	8	0.918582138069376	0.511014390209921	2675	10
8000	0	0.212653529621175	0	8	0.918582138069376	0.511014390209921	2675	10
8013	0	0.0226710809881518	0	8	0.918582138069376	0.511014390209921	2675	10
8019	0	0.458936735109099	0	8	0.918582138069376	0.511014390209921	2675	10
8021	5	0.511621089975805	0	8	0.918582138069376	0.511014390209921	2675	10
8027	0	0.212846391466636	0	8	0.918582138069376	0.511014390209921	2675	10
8028	0	0.171401296547905	0	8	0.918582138069376	0.511014390209921	2675	10
8029	2	-0.501360505424991	0	8	0.918582138069376	0.511014390209921	2675	10
8030	8	-0.0301936190732321	0	8	0.918582138069376	0.511014390209921	2675	10
8031	2	-0.125295502298422	0	8	0.918582138069376	0.511014390209921	2675	10
8034	6	-0.172104823094828	0	8	0.918582138069376	0.511014390209921	2675	10
8036	0	0.128818674128277	0	8	0.918582138069376	0.511014390209921	2675	10
8038	1	0.697298692104135	1	8	0.918582138069376	0.511014390209921	2675	10
8045	3	0.163829900268677	0	8	0.918582138069376	0.511014390209921	2675	10
8048	0	0.238055264322336	0	8	0.918582138069376	0.511014390209921	2675	10
8050	7	-0.209871079839269	0	8	0.918582138069376	0.511014390209921	2675	10
8061	0	0.46336488389043	0	8	0.918582138069376	0.511014390209921	2675	10
8065	4	-0.087509667187381	0	8	0.918582138069376	0.511014390209921	2675	10
8073	1	0.627540925007122	1	8	0.918582138069376	0.511014390209921	2675	10
8076	0	0.279638389737172	0	8	0.918582138069376	0.511014390209921	2675	10
8078	0	0.301074450636146	0	8	0.918582138069376	0.511014390209921	2675	10
8079	3	0.0543817743035816	0	8	0.918582138069376	0.511014390209921	2675	10
8082	1	0.731404499276602	1	8	0.918582138069376	0.511014390209921	2675	10
8085	5	0.355144911401147	0	8	0.918582138069376	0.511014390209921	2675	10
8086	0	0.215862821415368	0	8	0.918582138069376	0.511014390209921	2675	10
8087	0	0.0261472053432044	0	8	0.918582138069376	0.511014390209921	2675	10
8089	4	-0.191840984595841	0	8	0.918582138069376	0.511014390209921	2675	10
8091	1	0.549000599645138	1	8	0.918582138069376	0.511014390209921	2675	10
8092	1	0.709608031308374	1	8	0.918582138069376	0.511014390209921	2675	10
8099	1	0.602744045910084	1	8	0.918582138069376	0.511014390209921	2675	10
8100	0	-0.0961850395739322	0	8	0.918582138069376	0.511014390209921	2675	10
8111	1	0.657194741733742	1	8	0.918582138069376	0.511014390209921	2675	10
8115	1	0.594535667688528	1	8	0.918582138069376	0.511014390209921	2675	10
8120	0	-0.247040485681124	0	8	0.918582138069376	0.511014390209921	2675	10
8125	7	0.116518802031568	0	8	0.918582138069376	0.511014390209921	2675	10
8131	9	0.0738741646994007	0	8	0.918582138069376	0.511014390209921	2675	10
8139	0	0.00614040791314251	0	8	0.918582138069376	0.511014390209921	2675	10
8140	0	0.12349589663281	0	8	0.918582138069376	0.511014390209921	2675	10
8148	0	0.168622786522015	0	8	0.918582138069376	0.511014390209921	2675	10
8153	1	0.491030268164359	1	8	0.918582138069376	0.511014390209921	2675	10
8161	0	0.197047312314744	0	8	0.918582138069376	0.511014390209921	2675	10
8165	2	-0.251986188050974	0	8	0.918582138069376	0.511014390209921	2675	10
8175	5	0.201432682397806	0	8	0.918582138069376	0.511014390209921	2675	10
8178	5	0.293399609925872	0	8	0.918582138069376	0.511014390209921	2675	10
8187	0	0.49034872958782	0	8	0.918582138069376	0.511014390209921	2675	10
8189	5	0.604889284660588	0	8	0.918582138069376	0.511014390209921	2675	10
8192	3	0.0595226253938029	0	8	0.918582138069376	0.511014390209921	2675	10
8195	2	-0.226672169085891	0	8	0.918582138069376	0.511014390209921	2675	10
8200	1	0.455127500891902	1	8	0.918582138069376	0.511014390209921	2675	10
8202	1	0.701597786175044	1	8	0.918582138069376	0.511014390209921	2675	10
8204	4	-0.0982456212427036	0	8	0.918582138069376	0.511014390209921	2675	10
8208	0	0.485382492300745	0	8	0.918582138069376	0.511014390209921	2675	10
8216	5	0.361425410764286	0	8	0.918582138069376	0.511014390209921	2675	10
8218	5	0.289478061745655	0	8	0.918582138069376	0.511014390209921	2675	10
8224	6	0.0529882662307614	0	8	0.918582138069376	0.511014390209921	2675	10
8226	0	0.302891123822057	0	8	0.918582138069376	0.511014390209921	2675	10
8228	0	-0.233602847036395	0	8	0.918582138069376	0.511014390209921	2675	10
8233	0	0.416669869645167	0	8	0.918582138069376	0.511014390209921	2675	10
8237	10	0.22754365660612	0	8	0.918582138069376	0.511014390209921	2675	10
8239	0	0.0682048103225589	0	8	0.918582138069376	0.511014390209921	2675	10
8241	0	0.0464531585975223	0	8	0.918582138069376	0.511014390209921	2675	10
8242	0	0.422672591111995	0	8	0.918582138069376	0.511014390209921	2675	10
8243	0	0.227173690193065	0	8	0.918582138069376	0.511014390209921	2675	10
8260	3	0.224274821580667	0	8	0.918582138069376	0.511014390209921	2675	10
8266	3	0.15954446970824	0	8	0.918582138069376	0.511014390209921	2675	10
8269	2	-0.137933918533788	0	8	0.918582138069376	0.511014390209921	2675	10
8270	3	0.362884532798167	0	8	0.918582138069376	0.511014390209921	2675	10
8273	3	0.307926562360631	0	8	0.918582138069376	0.511014390209921	2675	10
8284	0	0.0243535683575066	0	8	0.918582138069376	0.511014390209921	2675	10
8287	0	-0.0848550210625122	0	8	0.918582138069376	0.511014390209921	2675	10
8288	0	-0.207322017707287	0	8	0.918582138069376	0.511014390209921	2675	10
8289	0	0.340965885058452	0	8	0.918582138069376	0.511014390209921	2675	10
8291	0	0.225050432705365	0	8	0.918582138069376	0.511014390209921	2675	10
8292	1	0.552490034940618	1	8	0.918582138069376	0.511014390209921	2675	10
8295	1	0.611808658812665	1	8	0.918582138069376	0.511014390209921	2675	10
8301	4	-0.0740171566244009	0	8	0.918582138069376	0.511014390209921	2675	10
8303	1	0.664991272300614	1	8	0.918582138069376	0.511014390209921	2675	10
8309	2	-0.339736168041449	0	8	0.918582138069376	0.511014390209921	2675	10
8310	9	0.0450505293829867	0	8	0.918582138069376	0.511014390209921	2675	10
8312	1	0.571392254671907	1	8	0.918582138069376	0.511014390209921	2675	10
8314	3	0.158143400587171	0	8	0.918582138069376	0.511014390209921	2675	10
8315	0	0.107058978194893	0	8	0.918582138069376	0.511014390209921	2675	10
8317	1	0.769142756122262	1	8	0.918582138069376	0.511014390209921	2675	10
8321	1	0.474878249757651	1	8	0.918582138069376	0.511014390209921	2675	10
8322	2	-0.154812922731494	0	8	0.918582138069376	0.511014390209921	2675	10
8323	0	0.368572922083961	0	8	0.918582138069376	0.511014390209921	2675	10
8324	1	0.445771547702967	1	8	0.918582138069376	0.511014390209921	2675	10
8328	1	0.50910618038715	1	8	0.918582138069376	0.511014390209921	2675	10
8332	1	0.643018856097097	1	8	0.918582138069376	0.511014390209921	2675	10
8340	1	0.720853589732735	1	8	0.918582138069376	0.511014390209921	2675	10
8342	1	0.577987858323824	1	8	0.918582138069376	0.511014390209921	2675	10
8345	1	0.535043137181798	1	8	0.918582138069376	0.511014390209921	2675	10
8348	1	0.682558858416078	1	8	0.918582138069376	0.511014390209921	2675	10
8349	0	0.222386147850799	0	8	0.918582138069376	0.511014390209921	2675	10
8372	0	0.353932262102552	0	8	0.918582138069376	0.511014390209921	2675	10
8379	10	0.50768943408685	0	8	0.918582138069376	0.511014390209921	2675	10
8382	0	-0.159446327760008	0	8	0.918582138069376	0.511014390209921	2675	10
8394	1	0.580965958989291	1	8	0.918582138069376	0.511014390209921	2675	10
8395	6	-0.0880676882513118	0	8	0.918582138069376	0.511014390209921	2675	10
8396	1	0.563843071287832	1	8	0.918582138069376	0.511014390209921	2675	10
8398	5	0.204732071777107	0	8	0.918582138069376	0.511014390209921	2675	10
8402	2	-0.213430322897668	0	8	0.918582138069376	0.511014390209921	2675	10
8404	0	0.16885672339569	0	8	0.918582138069376	0.511014390209921	2675	10
8405	7	0.238346130863762	0	8	0.918582138069376	0.511014390209921	2675	10
8406	1	0.467086798488779	1	8	0.918582138069376	0.511014390209921	2675	10
8407	1	0.688407465146701	1	8	0.918582138069376	0.511014390209921	2675	10
8408	0	-0.0696329244008113	0	8	0.918582138069376	0.511014390209921	2675	10
8409	3	0.121002733539382	0	8	0.918582138069376	0.511014390209921	2675	10
8411	4	0.0566085190260279	0	8	0.918582138069376	0.511014390209921	2675	10
8412	8	-0.150255023188286	0	8	0.918582138069376	0.511014390209921	2675	10
8416	2	-0.341583695829591	0	8	0.918582138069376	0.511014390209921	2675	10
8417	0	-0.0737210279617759	0	8	0.918582138069376	0.511014390209921	2675	10
8424	2	-0.384769345617547	0	8	0.918582138069376	0.511014390209921	2675	10
8425	5	0.465394590270376	0	8	0.918582138069376	0.511014390209921	2675	10
8427	5	0.286918980415445	0	8	0.918582138069376	0.511014390209921	2675	10
8428	1	0.462868741265423	1	8	0.918582138069376	0.511014390209921	2675	10
8431	0	-0.124746134618285	0	8	0.918582138069376	0.511014390209921	2675	10
8434	1	0.560724971973477	1	8	0.918582138069376	0.511014390209921	2675	10
8435	6	0.0516938269503555	0	8	0.918582138069376	0.511014390209921	2675	10
8436	0	0.154456450044264	0	8	0.918582138069376	0.511014390209921	2675	10
8437	1	0.552127795100341	1	8	0.918582138069376	0.511014390209921	2675	10
8438	1	0.593620344309887	1	8	0.918582138069376	0.511014390209921	2675	10
8439	1	0.648147831795407	1	8	0.918582138069376	0.511014390209921	2675	10
8440	1	0.633404318301025	1	8	0.918582138069376	0.511014390209921	2675	10
8443	0	0.0508164340763039	0	8	0.918582138069376	0.511014390209921	2675	10
8444	0	0.170039037905713	0	8	0.918582138069376	0.511014390209921	2675	10
8445	1	0.735941695703385	1	8	0.918582138069376	0.511014390209921	2675	10
8446	7	0.2479142600574	0	8	0.918582138069376	0.511014390209921	2675	10
8447	1	0.457273919418198	1	8	0.918582138069376	0.511014390209921	2675	10
8448	5	0.316265816844904	0	8	0.918582138069376	0.511014390209921	2675	10
8450	4	-0.148219319738206	0	8	0.918582138069376	0.511014390209921	2675	10
8451	0	0.0634685756528775	0	8	0.918582138069376	0.511014390209921	2675	10
8452	4	-0.0496322493033133	0	8	0.918582138069376	0.511014390209921	2675	10
8453	4	-0.01958941757374	0	8	0.918582138069376	0.511014390209921	2675	10
8454	0	0.300396118512858	0	8	0.918582138069376	0.511014390209921	2675	10
8455	0	0.0395608664805164	0	8	0.918582138069376	0.511014390209921	2675	10
8458	1	0.607176843072326	1	8	0.918582138069376	0.511014390209921	2675	10
8459	0	-0.0587249022395549	0	8	0.918582138069376	0.511014390209921	2675	10
8460	1	0.62505366244045	1	8	0.918582138069376	0.511014390209921	2675	10
8462	0	0.156452408159806	0	8	0.918582138069376	0.511014390209921	2675	10
8464	0	-0.000617354960384389	0	8	0.918582138069376	0.511014390209921	2675	10
8467	4	0.182401049992449	0	8	0.918582138069376	0.511014390209921	2675	10
8470	0	0.147108549947587	0	8	0.918582138069376	0.511014390209921	2675	10
8473	0	0.421684878484829	0	8	0.918582138069376	0.511014390209921	2675	10
8476	8	0.0395775720694481	0	8	0.918582138069376	0.511014390209921	2675	10
8477	1	0.768406810322032	1	8	0.918582138069376	0.511014390209921	2675	10
8479	8	-0.182089081696544	0	8	0.918582138069376	0.511014390209921	2675	10
8480	0	0.166886640935036	0	8	0.918582138069376	0.511014390209921	2675	10
8481	1	0.557187169835405	1	8	0.918582138069376	0.511014390209921	2675	10
8482	1	0.655475777779877	1	8	0.918582138069376	0.511014390209921	2675	10
8483	1	0.510058273278673	1	8	0.918582138069376	0.511014390209921	2675	10
8487	7	0.321662159843659	0	8	0.918582138069376	0.511014390209921	2675	10
8490	0	0.209480346833188	0	8	0.918582138069376	0.511014390209921	2675	10
8491	4	-0.247834105698824	0	8	0.918582138069376	0.511014390209921	2675	10
8492	6	-0.0338666466283331	0	8	0.918582138069376	0.511014390209921	2675	10
8493	1	0.394994262963624	1	8	0.918582138069376	0.511014390209921	2675	10
8495	2	-0.073864752194474	0	8	0.918582138069376	0.511014390209921	2675	10
8496	1	0.620385743542609	1	8	0.918582138069376	0.511014390209921	2675	10
8497	8	-0.171864096173078	0	8	0.918582138069376	0.511014390209921	2675	10
8498	1	0.577490974602599	1	8	0.918582138069376	0.511014390209921	2675	10
8499	6	-0.0518796787747873	0	8	0.918582138069376	0.511014390209921	2675	10
8500	0	-0.104831415133731	0	8	0.918582138069376	0.511014390209921	2675	10
8501	6	0.00275124478183159	0	8	0.918582138069376	0.511014390209921	2675	10
8502	2	0.0123099256284458	0	8	0.918582138069376	0.511014390209921	2675	10
8503	0	0.499697913139831	0	8	0.918582138069376	0.511014390209921	2675	10
8504	4	-0.15735241570984	0	8	0.918582138069376	0.511014390209921	2675	10
8506	2	0.336986476457704	0	8	0.918582138069376	0.511014390209921	2675	10
8507	1	0.643791787000472	1	8	0.918582138069376	0.511014390209921	2675	10
8508	2	-0.234768986459008	0	8	0.918582138069376	0.511014390209921	2675	10
8509	1	0.695084859799123	1	8	0.918582138069376	0.511014390209921	2675	10
8514	0	-0.327368131086765	0	8	0.918582138069376	0.511014390209921	2675	10
8516	8	0.0029655574792469	0	8	0.918582138069376	0.511014390209921	2675	10
8518	0	0.465434861692827	0	8	0.918582138069376	0.511014390209921	2675	10
8519	1	0.739236976337719	1	8	0.918582138069376	0.511014390209921	2675	10
8520	4	-0.106268410306297	0	8	0.918582138069376	0.511014390209921	2675	10
8521	0	0.0478824663146106	0	8	0.918582138069376	0.511014390209921	2675	10
8522	1	0.775901621639866	1	8	0.918582138069376	0.511014390209921	2675	10
8525	9	0.235494773521162	0	8	0.918582138069376	0.511014390209921	2675	10
8526	0	0.281689464882082	0	8	0.918582138069376	0.511014390209921	2675	10
8527	1	0.65416348243459	1	8	0.918582138069376	0.511014390209921	2675	10
8528	2	-0.288089380166633	0	8	0.918582138069376	0.511014390209921	2675	10
8529	2	-0.314451032434494	0	8	0.918582138069376	0.511014390209921	2675	10
8530	1	0.810947377108889	1	8	0.918582138069376	0.511014390209921	2675	10
8531	1	0.474317932025397	1	8	0.918582138069376	0.511014390209921	2675	10
8533	7	0.233616245637925	0	8	0.918582138069376	0.511014390209921	2675	10
8534	1	0.325879897086526	1	8	0.918582138069376	0.511014390209921	2675	10
8535	1	0.446238465782002	1	8	0.918582138069376	0.511014390209921	2675	10
8536	2	0.00835056229064753	0	8	0.918582138069376	0.511014390209921	2675	10
8537	1	0.596630301436722	1	8	0.918582138069376	0.511014390209921	2675	10
8538	0	-0.176257006555729	0	8	0.918582138069376	0.511014390209921	2675	10
8539	0	0.0629257082262744	0	8	0.918582138069376	0.511014390209921	2675	10
8540	0	0.338546691403043	0	8	0.918582138069376	0.511014390209921	2675	10
8541	0	0.0826303213821171	0	8	0.918582138069376	0.511014390209921	2675	10
8542	1	0.594704494364257	1	8	0.918582138069376	0.511014390209921	2675	10
8543	1	0.682105746383899	1	8	0.918582138069376	0.511014390209921	2675	10
8545	0	0.289411902938866	0	8	0.918582138069376	0.511014390209921	2675	10
8546	0	0.0470701045746364	0	8	0.918582138069376	0.511014390209921	2675	10
8547	8	-0.0372505597613829	0	8	0.918582138069376	0.511014390209921	2675	10
8549	0	0.381257846738793	0	8	0.918582138069376	0.511014390209921	2675	10
8550	0	-0.0342391999934121	0	8	0.918582138069376	0.511014390209921	2675	10
8553	0	-0.054306838573508	0	8	0.918582138069376	0.511014390209921	2675	10
8554	4	0.141553505179668	0	8	0.918582138069376	0.511014390209921	2675	10
8555	0	-0.162313595178806	0	8	0.918582138069376	0.511014390209921	2675	10
8556	0	-0.17272945189843	0	8	0.918582138069376	0.511014390209921	2675	10
8557	0	0.147765783611647	0	8	0.918582138069376	0.511014390209921	2675	10
8558	2	-0.155287043950621	0	8	0.918582138069376	0.511014390209921	2675	10
8559	0	0.0821246129943574	0	8	0.918582138069376	0.511014390209921	2675	10
8560	7	0.348182997033088	0	8	0.918582138069376	0.511014390209921	2675	10
8562	0	0.332078237136592	0	8	0.918582138069376	0.511014390209921	2675	10
8563	0	0.375469429489472	0	8	0.918582138069376	0.511014390209921	2675	10
8564	2	-0.493415537488417	0	8	0.918582138069376	0.511014390209921	2675	10
8565	3	0.473803091067737	0	8	0.918582138069376	0.511014390209921	2675	10
8566	5	0.389056759370825	0	8	0.918582138069376	0.511014390209921	2675	10
8567	0	0.447107879610701	0	8	0.918582138069376	0.511014390209921	2675	10
8568	0	0.182759864738637	0	8	0.918582138069376	0.511014390209921	2675	10
8569	1	0.496704556299921	1	8	0.918582138069376	0.511014390209921	2675	10
8572	0	-0.193513854333324	0	8	0.918582138069376	0.511014390209921	2675	10
8573	1	0.626387272754588	1	8	0.918582138069376	0.511014390209921	2675	10
8574	2	-0.106494007297879	0	8	0.918582138069376	0.511014390209921	2675	10
8575	7	-0.0711345981912514	0	8	0.918582138069376	0.511014390209921	2675	10
8576	3	0.109922835903922	0	8	0.918582138069376	0.511014390209921	2675	10
8578	5	0.150328823494397	0	8	0.918582138069376	0.511014390209921	2675	10
8602	0	0.181185358500735	0	8	0.918582138069376	0.511014390209921	2675	10
8603	0	0.423074766753346	0	8	0.918582138069376	0.511014390209921	2675	10
8604	0	-0.0894903387573107	0	8	0.918582138069376	0.511014390209921	2675	10
8605	0	0.235196267207721	0	8	0.918582138069376	0.511014390209921	2675	10
8607	3	0.207726517179834	0	8	0.918582138069376	0.511014390209921	2675	10
8608	0	0.000236050615560369	0	8	0.918582138069376	0.511014390209921	2675	10
8609	1	0.460594720391803	1	8	0.918582138069376	0.511014390209921	2675	10
8611	8	-0.0441522608071407	0	8	0.918582138069376	0.511014390209921	2675	10
8612	1	0.614813216643176	1	8	0.918582138069376	0.511014390209921	2675	10
8613	8	-0.276438943146988	0	8	0.918582138069376	0.511014390209921	2675	10
8614	0	-0.317113319098564	0	8	0.918582138069376	0.511014390209921	2675	10
8615	4	-0.0548227355284499	0	8	0.918582138069376	0.511014390209921	2675	10
8620	1	0.667051079690897	1	8	0.918582138069376	0.511014390209921	2675	10
8621	1	0.592526643226542	1	8	0.918582138069376	0.511014390209921	2675	10
8622	0	0.214504180831603	0	8	0.918582138069376	0.511014390209921	2675	10
8624	2	-0.281696316270568	0	8	0.918582138069376	0.511014390209921	2675	10
8625	3	0.380885013357701	0	8	0.918582138069376	0.511014390209921	2675	10
8629	1	0.448469468944913	1	8	0.918582138069376	0.511014390209921	2675	10
8630	0	0.148480194391446	0	8	0.918582138069376	0.511014390209921	2675	10
8631	0	0.416312932777755	0	8	0.918582138069376	0.511014390209921	2675	10
8632	5	0.442853004033232	0	8	0.918582138069376	0.511014390209921	2675	10
8633	0	0.167611105622388	0	8	0.918582138069376	0.511014390209921	2675	10
8634	2	-0.223474782548314	0	8	0.918582138069376	0.511014390209921	2675	10
8635	1	0.440473840613776	1	8	0.918582138069376	0.511014390209921	2675	10
8636	3	0.091269773794364	0	8	0.918582138069376	0.511014390209921	2675	10
8638	1	0.497244911758733	1	8	0.918582138069376	0.511014390209921	2675	10
8639	1	0.486424595121977	1	8	0.918582138069376	0.511014390209921	2675	10
8642	1	0.51934850334343	1	8	0.918582138069376	0.511014390209921	2675	10
8643	1	0.471871444324391	1	8	0.918582138069376	0.511014390209921	2675	10
8644	2	-0.257481075880156	0	8	0.918582138069376	0.511014390209921	2675	10
8645	2	-0.165049119501492	0	8	0.918582138069376	0.511014390209921	2675	10
8646	5	0.0674465483708987	0	8	0.918582138069376	0.511014390209921	2675	10
8648	0	0.379252879452559	0	8	0.918582138069376	0.511014390209921	2675	10
8649	4	-0.178935610024769	0	8	0.918582138069376	0.511014390209921	2675	10
8651	1	0.500529572847752	1	8	0.918582138069376	0.511014390209921	2675	10
8653	0	-0.0170153879766712	0	8	0.918582138069376	0.511014390209921	2675	10
8654	0	0.397516862651257	0	8	0.918582138069376	0.511014390209921	2675	10
8655	3	0.467859170693942	0	8	0.918582138069376	0.511014390209921	2675	10
8658	1	0.671890446856005	1	8	0.918582138069376	0.511014390209921	2675	10
8660	4	-0.016330740999503	0	8	0.918582138069376	0.511014390209921	2675	10
8662	3	0.245862814461878	0	8	0.918582138069376	0.511014390209921	2675	10
8664	3	0.524888074483576	0	8	0.918582138069376	0.511014390209921	2675	10
8666	3	0.374588799363208	0	8	0.918582138069376	0.511014390209921	2675	10
8667	7	0.347686731111986	0	8	0.918582138069376	0.511014390209921	2675	10
8668	3	0.141867959306693	0	8	0.918582138069376	0.511014390209921	2675	10
8669	4	0.0954360970876498	0	8	0.918582138069376	0.511014390209921	2675	10
8671	2	-0.417495235973279	0	8	0.918582138069376	0.511014390209921	2675	10
8672	0	0.616345037456284	0	8	0.918582138069376	0.511014390209921	2675	10
8673	3	0.267214388260807	0	8	0.918582138069376	0.511014390209921	2675	10
8674	0	-0.0924217371408098	0	8	0.918582138069376	0.511014390209921	2675	10
8675	1	0.640529675903385	1	8	0.918582138069376	0.511014390209921	2675	10
8676	1	0.55139076416797	1	8	0.918582138069376	0.511014390209921	2675	10
8677	3	0.52505882717039	0	8	0.918582138069376	0.511014390209921	2675	10
8678	1	0.505937940161858	1	8	0.918582138069376	0.511014390209921	2675	10
8682	1	0.582659215130308	1	8	0.918582138069376	0.511014390209921	2675	10
8685	0	0.30125257571813	0	8	0.918582138069376	0.511014390209921	2675	10
8690	0	0.347715879605786	0	8	0.918582138069376	0.511014390209921	2675	10
8692	0	0.275483614769468	0	8	0.918582138069376	0.511014390209921	2675	10
8694	9	0.126877232180084	0	8	0.918582138069376	0.511014390209921	2675	10
8697	4	-0.160181380503349	0	8	0.918582138069376	0.511014390209921	2675	10
8698	1	0.80519737263937	1	8	0.918582138069376	0.511014390209921	2675	10
8702	4	-0.20472288146226	0	8	0.918582138069376	0.511014390209921	2675	10
8703	3	0.469632209991231	0	8	0.918582138069376	0.511014390209921	2675	10
8704	3	0.24074741268043	0	8	0.918582138069376	0.511014390209921	2675	10
8706	4	-0.0865515468067454	0	8	0.918582138069376	0.511014390209921	2675	10
8707	8	-0.0935844735771784	0	8	0.918582138069376	0.511014390209921	2675	10
8711	5	0.1695493613795	0	8	0.918582138069376	0.511014390209921	2675	10
8714	1	0.626869102808085	1	8	0.918582138069376	0.511014390209921	2675	10
8717	3	0.24587596828586	0	8	0.918582138069376	0.511014390209921	2675	10
8720	1	0.496003508129641	1	8	0.918582138069376	0.511014390209921	2675	10
8721	3	0.169784601742011	0	8	0.918582138069376	0.511014390209921	2675	10
8722	2	-0.101500128140479	0	8	0.918582138069376	0.511014390209921	2675	10
8723	2	-0.375282830094914	0	8	0.918582138069376	0.511014390209921	2675	10
8724	7	0.0938680559289875	0	8	0.918582138069376	0.511014390209921	2675	10
8725	7	0.0547939070619604	0	8	0.918582138069376	0.511014390209921	2675	10
8726	0	0.338354062188261	0	8	0.918582138069376	0.511014390209921	2675	10
8727	4	0.0296743998929324	0	8	0.918582138069376	0.511014390209921	2675	10
8728	1	0.82231399537516	1	8	0.918582138069376	0.511014390209921	2675	10
8729	1	0.473533087086044	1	8	0.918582138069376	0.511014390209921	2675	10
8731	0	0.391307654161555	0	8	0.918582138069376	0.511014390209921	2675	10
8732	0	0.192423358481954	0	8	0.918582138069376	0.511014390209921	2675	10
8733	2	0.0435933179191435	0	8	0.918582138069376	0.511014390209921	2675	10
8736	0	0.149535587130236	0	8	0.918582138069376	0.511014390209921	2675	10
8737	1	0.517922849082513	1	8	0.918582138069376	0.511014390209921	2675	10
8738	2	-0.178624643459894	0	8	0.918582138069376	0.511014390209921	2675	10
8740	1	0.652533048845476	1	8	0.918582138069376	0.511014390209921	2675	10
8743	1	0.553077116866858	1	8	0.918582138069376	0.511014390209921	2675	10
8744	0	0.390309694484781	0	8	0.918582138069376	0.511014390209921	2675	10
8745	1	0.45278642585617	1	8	0.918582138069376	0.511014390209921	2675	10
8747	0	0.170483154033697	0	8	0.918582138069376	0.511014390209921	2675	10
8748	0	0.244280921857334	0	8	0.918582138069376	0.511014390209921	2675	10
8751	1	0.744823345677062	1	8	0.918582138069376	0.511014390209921	2675	10
8754	0	0.286300996493527	0	8	0.918582138069376	0.511014390209921	2675	10
8760	1	0.445342858758233	1	8	0.918582138069376	0.511014390209921	2675	10
8763	2	-0.280973368625715	0	8	0.918582138069376	0.511014390209921	2675	10
8764	0	0.208157158087607	0	8	0.918582138069376	0.511014390209921	2675	10
8766	7	0.358894959946637	0	8	0.918582138069376	0.511014390209921	2675	10
8767	0	0.385825219713242	0	8	0.918582138069376	0.511014390209921	2675	10
8772	3	0.183583092902713	0	8	0.918582138069376	0.511014390209921	2675	10
8773	0	0.298272356985915	0	8	0.918582138069376	0.511014390209921	2675	10
8774	0	-0.269626180619044	0	8	0.918582138069376	0.511014390209921	2675	10
8775	2	-0.320422349979592	0	8	0.918582138069376	0.511014390209921	2675	10
8776	1	0.556349375223968	1	8	0.918582138069376	0.511014390209921	2675	10
8777	0	-0.13417941646436	0	8	0.918582138069376	0.511014390209921	2675	10
8780	4	-0.243714720579876	0	8	0.918582138069376	0.511014390209921	2675	10
8786	0	0.102087250672887	0	8	0.918582138069376	0.511014390209921	2675	10
8787	0	0.130631892992392	0	8	0.918582138069376	0.511014390209921	2675	10
8792	1	0.692595186407813	1	8	0.918582138069376	0.511014390209921	2675	10
8793	0	0.11301677040249	0	8	0.918582138069376	0.511014390209921	2675	10
8795	1	0.523968966961417	1	8	0.918582138069376	0.511014390209921	2675	10
8796	1	0.660717301032882	1	8	0.918582138069376	0.511014390209921	2675	10
8798	3	0.354552626538204	0	8	0.918582138069376	0.511014390209921	2675	10
8800	2	-0.00381430891528841	0	8	0.918582138069376	0.511014390209921	2675	10
8801	2	-0.170902731438578	0	8	0.918582138069376	0.511014390209921	2675	10
8802	2	-0.547516863080858	0	8	0.918582138069376	0.511014390209921	2675	10
8803	4	-0.264545243641451	0	8	0.918582138069376	0.511014390209921	2675	10
8804	2	-0.312345698761456	0	8	0.918582138069376	0.511014390209921	2675	10
8805	5	0.385744272805397	0	8	0.918582138069376	0.511014390209921	2675	10
8807	1	0.495627310929247	1	8	0.918582138069376	0.511014390209921	2675	10
8808	0	-0.116502231775362	0	8	0.918582138069376	0.511014390209921	2675	10
8809	1	0.4393874032002	1	8	0.918582138069376	0.511014390209921	2675	10
8812	5	0.0831106139950556	0	8	0.918582138069376	0.511014390209921	2675	10
8813	7	-0.0891513101143117	0	8	0.918582138069376	0.511014390209921	2675	10
8814	2	-0.267154679848209	0	8	0.918582138069376	0.511014390209921	2675	10
8815	3	0.455927066446871	0	8	0.918582138069376	0.511014390209921	2675	10
8818	3	0.268733228040891	0	8	0.918582138069376	0.511014390209921	2675	10
8819	0	0.316869327176667	0	8	0.918582138069376	0.511014390209921	2675	10
8821	1	0.474813981214902	1	8	0.918582138069376	0.511014390209921	2675	10
8824	2	-0.390983152146716	0	8	0.918582138069376	0.511014390209921	2675	10
8825	0	-0.122168580505697	0	8	0.918582138069376	0.511014390209921	2675	10
8826	1	0.536334488607894	1	8	0.918582138069376	0.511014390209921	2675	10
8828	1	0.631565195081636	1	8	0.918582138069376	0.511014390209921	2675	10
8829	1	0.66651383583538	1	8	0.918582138069376	0.511014390209921	2675	10
8832	1	0.808100096463976	1	8	0.918582138069376	0.511014390209921	2675	10
8834	3	0.197070393455593	0	8	0.918582138069376	0.511014390209921	2675	10
8835	0	0.13081608429326	0	8	0.918582138069376	0.511014390209921	2675	10
8836	2	-0.416969692392352	0	8	0.918582138069376	0.511014390209921	2675	10
8837	1	0.460228432353582	1	8	0.918582138069376	0.511014390209921	2675	10
8838	0	0.040796312507932	0	8	0.918582138069376	0.511014390209921	2675	10
8839	1	0.468281942411775	1	8	0.918582138069376	0.511014390209921	2675	10
8840	1	0.494111835411255	1	8	0.918582138069376	0.511014390209921	2675	10
8841	3	0.257212577723495	0	8	0.918582138069376	0.511014390209921	2675	10
8842	1	0.688873251379391	1	8	0.918582138069376	0.511014390209921	2675	10
8844	5	0.468668207473487	0	8	0.918582138069376	0.511014390209921	2675	10
8846	0	-0.0723574193783504	0	8	0.918582138069376	0.511014390209921	2675	10
8848	1	0.341974962895993	1	8	0.918582138069376	0.511014390209921	2675	10
8850	0	0.0778550118397315	0	8	0.918582138069376	0.511014390209921	2675	10
8851	1	0.376723226688622	1	8	0.918582138069376	0.511014390209921	2675	10
8853	4	-0.135017306277824	0	8	0.918582138069376	0.511014390209921	2675	10
8854	0	0.358828463818503	0	8	0.918582138069376	0.511014390209921	2675	10
8857	0	0.378276439266927	0	8	0.918582138069376	0.511014390209921	2675	10
8858	2	-0.341785163734215	0	8	0.918582138069376	0.511014390209921	2675	10
8861	1	0.579144844442037	1	8	0.918582138069376	0.511014390209921	2675	10
8863	0	-0.251916067676035	0	8	0.918582138069376	0.511014390209921	2675	10
8864	0	0.00673015829499857	0	8	0.918582138069376	0.511014390209921	2675	10
8867	6	0.00203865314242133	0	8	0.918582138069376	0.511014390209921	2675	10
8869	1	0.643829087457226	1	8	0.918582138069376	0.511014390209921	2675	10
8871	1	0.582035930961926	1	8	0.918582138069376	0.511014390209921	2675	10
8872	7	0.380842877911701	0	8	0.918582138069376	0.511014390209921	2675	10
8874	0	0.303288896692807	0	8	0.918582138069376	0.511014390209921	2675	10
8875	1	0.717241657843106	1	8	0.918582138069376	0.511014390209921	2675	10
8876	2	-0.206653344598761	0	8	0.918582138069376	0.511014390209921	2675	10
8877	1	0.748033786992741	1	8	0.918582138069376	0.511014390209921	2675	10
8878	1	0.260097075977373	1	8	0.918582138069376	0.511014390209921	2675	10
8879	1	0.599310882249373	1	8	0.918582138069376	0.511014390209921	2675	10
8880	1	0.663666894272813	1	8	0.918582138069376	0.511014390209921	2675	10
8881	7	0.271751901621918	0	8	0.918582138069376	0.511014390209921	2675	10
8882	3	0.477511536122269	0	8	0.918582138069376	0.511014390209921	2675	10
8883	0	-0.28605002807454	0	8	0.918582138069376	0.511014390209921	2675	10
8884	0	0.312416229478458	0	8	0.918582138069376	0.511014390209921	2675	10
8886	4	0.216637791545926	0	8	0.918582138069376	0.511014390209921	2675	10
8887	0	-0.0143101108187122	0	8	0.918582138069376	0.511014390209921	2675	10
8888	1	0.588718636493969	1	8	0.918582138069376	0.511014390209921	2675	10
8890	3	0.429111496256502	0	8	0.918582138069376	0.511014390209921	2675	10
8891	0	-0.085564191192093	0	8	0.918582138069376	0.511014390209921	2675	10
8892	3	0.00848280612207029	0	8	0.918582138069376	0.511014390209921	2675	10
8893	3	0.295227436277784	0	8	0.918582138069376	0.511014390209921	2675	10
8894	0	0.497013059913725	0	8	0.918582138069376	0.511014390209921	2675	10
8895	4	-0.161513571957683	0	8	0.918582138069376	0.511014390209921	2675	10
8896	3	0.352553498960107	0	8	0.918582138069376	0.511014390209921	2675	10
8897	1	0.521930369166592	1	8	0.918582138069376	0.511014390209921	2675	10
8898	0	0.243569237476865	0	8	0.918582138069376	0.511014390209921	2675	10
8899	4	0.218659778434523	0	8	0.918582138069376	0.511014390209921	2675	10
8904	10	0.6001308957654	0	8	0.918582138069376	0.511014390209921	2675	10
8905	1	0.509783778089795	1	8	0.918582138069376	0.511014390209921	2675	10
8906	5	0.498560659053365	0	8	0.918582138069376	0.511014390209921	2675	10
8908	0	-0.0155416573883377	0	8	0.918582138069376	0.511014390209921	2675	10
8909	0	0.175321410390229	0	8	0.918582138069376	0.511014390209921	2675	10
8910	7	0.380108096225617	0	8	0.918582138069376	0.511014390209921	2675	10
8911	1	0.596025817122012	1	8	0.918582138069376	0.511014390209921	2675	10
8912	5	-0.0689919652394182	0	8	0.918582138069376	0.511014390209921	2675	10
8914	1	0.561234483340293	1	8	0.918582138069376	0.511014390209921	2675	10
8915	0	0.253219852574608	0	8	0.918582138069376	0.511014390209921	2675	10
8925	1	0.61065023689829	1	8	0.918582138069376	0.511014390209921	2675	10
8927	5	0.0679424494527158	0	8	0.918582138069376	0.511014390209921	2675	10
8930	0	0.370049995925879	0	8	0.918582138069376	0.511014390209921	2675	10
8932	1	0.511110667749521	1	8	0.918582138069376	0.511014390209921	2675	10
8933	0	0.0488443178903742	0	8	0.918582138069376	0.511014390209921	2675	10
8934	2	-0.296680317757585	0	8	0.918582138069376	0.511014390209921	2675	10
8935	4	0.071547865480817	0	8	0.918582138069376	0.511014390209921	2675	10
8936	4	-0.122622239304036	0	8	0.918582138069376	0.511014390209921	2675	10
8938	5	-0.0114573810195559	0	8	0.918582138069376	0.511014390209921	2675	10
8939	0	-0.0251463787756878	0	8	0.918582138069376	0.511014390209921	2675	10
8940	5	0.377671576004246	0	8	0.918582138069376	0.511014390209921	2675	10
8942	2	-0.58099137425458	0	8	0.918582138069376	0.511014390209921	2675	10
8943	9	0.180132896585747	0	8	0.918582138069376	0.511014390209921	2675	10
8945	0	0.00548461994042646	0	8	0.918582138069376	0.511014390209921	2675	10
8971	0	0.384591075148669	0	8	0.918582138069376	0.511014390209921	2675	10
8972	2	-0.266772714630209	0	8	0.918582138069376	0.511014390209921	2675	10
8975	0	0.0469685463439614	0	8	0.918582138069376	0.511014390209921	2675	10
8976	6	-0.176160400292356	0	8	0.918582138069376	0.511014390209921	2675	10
8985	0	0.266960370650609	0	8	0.918582138069376	0.511014390209921	2675	10
8986	1	0.744306275596139	1	8	0.918582138069376	0.511014390209921	2675	10
8989	1	0.686879133824871	1	8	0.918582138069376	0.511014390209921	2675	10
8991	2	-0.263325391212547	0	8	0.918582138069376	0.511014390209921	2675	10
8992	3	0.185295770771186	0	8	0.918582138069376	0.511014390209921	2675	10
8993	0	0.37142884950721	0	8	0.918582138069376	0.511014390209921	2675	10
8994	1	0.754377528185918	1	8	0.918582138069376	0.511014390209921	2675	10
8996	0	-0.144148021164787	0	8	0.918582138069376	0.511014390209921	2675	10
8997	1	0.541828982172562	1	8	0.918582138069376	0.511014390209921	2675	10
8999	6	0.086112327356472	0	8	0.918582138069376	0.511014390209921	2675	10
9001	1	0.510037875418467	1	8	0.918582138069376	0.511014390209921	2675	10
9013	5	0.271236733342355	0	8	0.918582138069376	0.511014390209921	2675	10
9014	4	-0.0428379241690757	0	8	0.918582138069376	0.511014390209921	2675	10
9015	1	0.503858039479799	1	8	0.918582138069376	0.511014390209921	2675	10
9016	0	0.077042845992091	0	8	0.918582138069376	0.511014390209921	2675	10
9019	1	0.615247363828292	1	8	0.918582138069376	0.511014390209921	2675	10
9020	1	0.467909551734829	1	8	0.918582138069376	0.511014390209921	2675	10
9021	1	0.434302735365237	1	8	0.918582138069376	0.511014390209921	2675	10
9022	1	0.64036169840253	1	8	0.918582138069376	0.511014390209921	2675	10
9023	1	0.645292868946947	1	8	0.918582138069376	0.511014390209921	2675	10
9024	5	0.163382802539072	0	8	0.918582138069376	0.511014390209921	2675	10
9025	0	0.376642945240634	0	8	0.918582138069376	0.511014390209921	2675	10
9026	9	0.020946684960048	0	8	0.918582138069376	0.511014390209921	2675	10
9028	2	-0.157468908284337	0	8	0.918582138069376	0.511014390209921	2675	10
9031	1	0.53392499521808	1	8	0.918582138069376	0.511014390209921	2675	10
9032	0	-0.197812459171912	0	8	0.918582138069376	0.511014390209921	2675	10
9034	1	0.514435817646596	1	8	0.918582138069376	0.511014390209921	2675	10
9037	1	0.32257295322485	1	8	0.918582138069376	0.511014390209921	2675	10
9039	7	0.336474622245398	0	8	0.918582138069376	0.511014390209921	2675	10
9040	3	0.068054774486467	0	8	0.918582138069376	0.511014390209921	2675	10
9043	2	-0.166796505517991	0	8	0.918582138069376	0.511014390209921	2675	10
9044	1	0.592121928231089	1	8	0.918582138069376	0.511014390209921	2675	10
9045	3	0.617827718238155	0	8	0.918582138069376	0.511014390209921	2675	10
9046	1	0.666292317879111	1	8	0.918582138069376	0.511014390209921	2675	10
9047	1	0.74925265806027	1	8	0.918582138069376	0.511014390209921	2675	10
9048	2	-0.140490038642612	0	8	0.918582138069376	0.511014390209921	2675	10
9049	3	0.374907838166232	0	8	0.918582138069376	0.511014390209921	2675	10
9050	1	0.596507826116953	1	8	0.918582138069376	0.511014390209921	2675	10
9051	1	0.739766675819264	1	8	0.918582138069376	0.511014390209921	2675	10
9053	2	-0.240665765972109	0	8	0.918582138069376	0.511014390209921	2675	10
9054	2	-0.380825816757054	0	8	0.918582138069376	0.511014390209921	2675	10
9055	1	0.605567071742293	1	8	0.918582138069376	0.511014390209921	2675	10
9056	2	-0.422076094806781	0	8	0.918582138069376	0.511014390209921	2675	10
9057	1	0.76291683895093	1	8	0.918582138069376	0.511014390209921	2675	10
9058	2	-0.214817236021937	0	8	0.918582138069376	0.511014390209921	2675	10
9060	1	0.442634844326303	1	8	0.918582138069376	0.511014390209921	2675	10
9061	1	0.398361819979391	1	8	0.918582138069376	0.511014390209921	2675	10
9063	4	-0.0558058953078034	0	8	0.918582138069376	0.511014390209921	2675	10
9064	0	0.347276618658843	0	8	0.918582138069376	0.511014390209921	2675	10
9070	0	0.0188899970682661	0	8	0.918582138069376	0.511014390209921	2675	10
9071	2	-0.143219281419436	0	8	0.918582138069376	0.511014390209921	2675	10
9073	2	-0.290258577740394	0	8	0.918582138069376	0.511014390209921	2675	10
9076	2	0.457070407163672	0	8	0.918582138069376	0.511014390209921	2675	10
9077	2	0.00758124681425179	0	8	0.918582138069376	0.511014390209921	2675	10
9079	0	0.199207399554999	0	8	0.918582138069376	0.511014390209921	2675	10
9086	0	-0.158579011640453	0	8	0.918582138069376	0.511014390209921	2675	10
9087	0	0.111360924536391	0	8	0.918582138069376	0.511014390209921	2675	10
9088	1	0.591057938749421	1	8	0.918582138069376	0.511014390209921	2675	10
9092	10	0.383893133482577	0	8	0.918582138069376	0.511014390209921	2675	10
9093	2	-0.292458779475798	0	8	0.918582138069376	0.511014390209921	2675	10
9094	3	0.345458509302109	0	8	0.918582138069376	0.511014390209921	2675	10
9095	1	0.691574455915715	1	8	0.918582138069376	0.511014390209921	2675	10
9097	4	0.0194838268407996	0	8	0.918582138069376	0.511014390209921	2675	10
9099	6	-0.13555852319523	0	8	0.918582138069376	0.511014390209921	2675	10
9100	0	0.390083570875623	0	8	0.918582138069376	0.511014390209921	2675	10
9101	4	-0.118528055267575	0	8	0.918582138069376	0.511014390209921	2675	10
9104	2	-0.338421156647303	0	8	0.918582138069376	0.511014390209921	2675	10
9107	0	-0.00713697227023805	0	8	0.918582138069376	0.511014390209921	2675	10
9110	2	-0.177915652739535	0	8	0.918582138069376	0.511014390209921	2675	10
9111	1	0.710081970736849	1	8	0.918582138069376	0.511014390209921	2675	10
9112	5	0.556809754798111	0	8	0.918582138069376	0.511014390209921	2675	10
9113	0	0.286507905144259	0	8	0.918582138069376	0.511014390209921	2675	10
9114	2	-0.200090650984821	0	8	0.918582138069376	0.511014390209921	2675	10
9120	1	0.448172998956459	1	8	0.918582138069376	0.511014390209921	2675	10
9121	1	0.552807319132493	1	8	0.918582138069376	0.511014390209921	2675	10
9122	2	-0.344004842411128	0	8	0.918582138069376	0.511014390209921	2675	10
9124	1	0.742092391862544	1	8	0.918582138069376	0.511014390209921	2675	10
9125	1	0.74113086861995	1	8	0.918582138069376	0.511014390209921	2675	10
9126	4	0.0226336173364836	0	8	0.918582138069376	0.511014390209921	2675	10
9127	0	0.278891311600411	0	8	0.918582138069376	0.511014390209921	2675	10
9128	2	-0.0974595863663901	0	8	0.918582138069376	0.511014390209921	2675	10
9129	0	0.560273692825278	0	8	0.918582138069376	0.511014390209921	2675	10
9130	3	0.0686526053509858	0	8	0.918582138069376	0.511014390209921	2675	10
9131	2	-0.411418838223597	0	8	0.918582138069376	0.511014390209921	2675	10
9132	5	0.192510711665989	0	8	0.918582138069376	0.511014390209921	2675	10
9133	1	0.472032289864402	1	8	0.918582138069376	0.511014390209921	2675	10
9135	0	0.277053834353664	0	8	0.918582138069376	0.511014390209921	2675	10
9136	0	0.342741935229683	0	8	0.918582138069376	0.511014390209921	2675	10
9139	1	0.667632603863139	1	8	0.918582138069376	0.511014390209921	2675	10
9140	0	0.385422551244909	0	8	0.918582138069376	0.511014390209921	2675	10
9141	3	0.249892857535185	0	8	0.918582138069376	0.511014390209921	2675	10
9143	0	0.241071424884692	0	8	0.918582138069376	0.511014390209921	2675	10
9144	3	0.665120239824269	0	8	0.918582138069376	0.511014390209921	2675	10
9145	5	0.606591247939424	0	8	0.918582138069376	0.511014390209921	2675	10
9146	0	0.185032436858276	0	8	0.918582138069376	0.511014390209921	2675	10
9147	4	0.145794347244402	0	8	0.918582138069376	0.511014390209921	2675	10
9148	6	-0.051504499942794	0	8	0.918582138069376	0.511014390209921	2675	10
9149	5	0.16661347822696	0	8	0.918582138069376	0.511014390209921	2675	10
9150	9	0.056260219379799	0	8	0.918582138069376	0.511014390209921	2675	10
9153	0	-0.193808787339609	0	8	0.918582138069376	0.511014390209921	2675	10
9154	2	-0.316311610235776	0	8	0.918582138069376	0.511014390209921	2675	10
9158	3	0.14913890557924	0	8	0.918582138069376	0.511014390209921	2675	10
9159	10	0.706240622629935	0	8	0.918582138069376	0.511014390209921	2675	10
9162	6	-0.00982372800383747	0	8	0.918582138069376	0.511014390209921	2675	10
9166	2	-0.267728052980647	0	8	0.918582138069376	0.511014390209921	2675	10
9167	7	0.233263784466375	0	8	0.918582138069376	0.511014390209921	2675	10
9168	1	0.721499093415122	1	8	0.918582138069376	0.511014390209921	2675	10
9169	1	0.530157907552145	1	8	0.918582138069376	0.511014390209921	2675	10
9170	1	0.728626673228286	1	8	0.918582138069376	0.511014390209921	2675	10
9172	2	-0.195234601736291	0	8	0.918582138069376	0.511014390209921	2675	10
9173	6	0.0198686158610248	0	8	0.918582138069376	0.511014390209921	2675	10
9175	2	-0.284373773517095	0	8	0.918582138069376	0.511014390209921	2675	10
9179	0	0.305975223779201	0	8	0.918582138069376	0.511014390209921	2675	10
9180	1	0.707522018889456	1	8	0.918582138069376	0.511014390209921	2675	10
9181	1	0.772534282705121	1	8	0.918582138069376	0.511014390209921	2675	10
9182	1	0.523838095486572	1	8	0.918582138069376	0.511014390209921	2675	10
9183	4	-0.0354460920270928	0	8	0.918582138069376	0.511014390209921	2675	10
9184	1	0.483901200032101	1	8	0.918582138069376	0.511014390209921	2675	10
9185	0	0.128243179895394	0	8	0.918582138069376	0.511014390209921	2675	10
9187	1	0.552556857341335	1	8	0.918582138069376	0.511014390209921	2675	10
9188	1	0.428217635796619	1	8	0.918582138069376	0.511014390209921	2675	10
9191	0	0.314178761521289	0	8	0.918582138069376	0.511014390209921	2675	10
9194	0	-0.0509062430276813	0	8	0.918582138069376	0.511014390209921	2675	10
9196	5	0.537527686933306	0	8	0.918582138069376	0.511014390209921	2675	10
9197	2	-0.171953193803428	0	8	0.918582138069376	0.511014390209921	2675	10
9200	0	0.314846101233881	0	8	0.918582138069376	0.511014390209921	2675	10
9201	1	0.575941445132502	1	8	0.918582138069376	0.511014390209921	2675	10
9202	0	0.390833079990658	0	8	0.918582138069376	0.511014390209921	2675	10
9203	0	-0.0100025676872357	0	8	0.918582138069376	0.511014390209921	2675	10
9205	0	0.0289232594792713	0	8	0.918582138069376	0.511014390209921	2675	10
9208	1	0.700365049326388	1	8	0.918582138069376	0.511014390209921	2675	10
9209	0	-0.0268167254147364	0	8	0.918582138069376	0.511014390209921	2675	10
9212	1	0.575635241156172	1	8	0.918582138069376	0.511014390209921	2675	10
9214	1	0.799845887944174	1	8	0.918582138069376	0.511014390209921	2675	10
9215	0	0.293748331994836	0	8	0.918582138069376	0.511014390209921	2675	10
9217	0	-0.0962396240564669	0	8	0.918582138069376	0.511014390209921	2675	10
9218	7	-0.0510453230433823	0	8	0.918582138069376	0.511014390209921	2675	10
9219	1	0.716429283997936	1	8	0.918582138069376	0.511014390209921	2675	10
9221	0	0.485134767520783	0	8	0.918582138069376	0.511014390209921	2675	10
9228	0	-0.194975297301665	0	8	0.918582138069376	0.511014390209921	2675	10
9229	1	0.640507531922806	1	8	0.918582138069376	0.511014390209921	2675	10
9230	5	0.150967575725418	0	8	0.918582138069376	0.511014390209921	2675	10
9231	1	0.548694871528635	1	8	0.918582138069376	0.511014390209921	2675	10
9232	1	0.768311430678111	1	8	0.918582138069376	0.511014390209921	2675	10
9235	1	0.457157051338073	1	8	0.918582138069376	0.511014390209921	2675	10
9240	0	0.244546264164633	0	8	0.918582138069376	0.511014390209921	2675	10
9242	1	0.817574796514333	1	8	0.918582138069376	0.511014390209921	2675	10
9244	1	0.633086887066668	1	8	0.918582138069376	0.511014390209921	2675	10
9245	1	0.47891547956077	1	8	0.918582138069376	0.511014390209921	2675	10
9246	1	0.729686560794551	1	8	0.918582138069376	0.511014390209921	2675	10
9249	2	-0.0404339203076413	0	8	0.918582138069376	0.511014390209921	2675	10
9252	0	0.2623048951668	0	8	0.918582138069376	0.511014390209921	2675	10
9254	0	0.255313989902214	0	8	0.918582138069376	0.511014390209921	2675	10
9255	4	-0.100387775779359	0	8	0.918582138069376	0.511014390209921	2675	10
9256	5	0.344374211183589	0	8	0.918582138069376	0.511014390209921	2675	10
9258	1	0.701687212986902	1	8	0.918582138069376	0.511014390209921	2675	10
9260	1	0.689534485727072	1	8	0.918582138069376	0.511014390209921	2675	10
9261	3	0.472022814497723	0	8	0.918582138069376	0.511014390209921	2675	10
9262	1	0.680184025499973	1	8	0.918582138069376	0.511014390209921	2675	10
9263	1	0.706769710592085	1	8	0.918582138069376	0.511014390209921	2675	10
9265	1	0.697311040632525	1	8	0.918582138069376	0.511014390209921	2675	10
9266	1	0.5491544345675	1	8	0.918582138069376	0.511014390209921	2675	10
9267	1	0.532913772901078	1	8	0.918582138069376	0.511014390209921	2675	10
9270	3	0.337062088748589	0	8	0.918582138069376	0.511014390209921	2675	10
9274	3	0.385561804584836	0	8	0.918582138069376	0.511014390209921	2675	10
9275	3	0.189863594319023	0	8	0.918582138069376	0.511014390209921	2675	10
9276	0	0.191014988025851	0	8	0.918582138069376	0.511014390209921	2675	10
9277	0	0.131824569221377	0	8	0.918582138069376	0.511014390209921	2675	10
9282	0	0.0994386859321837	0	8	0.918582138069376	0.511014390209921	2675	10
9289	0	0.213815759829715	0	8	0.918582138069376	0.511014390209921	2675	10
9293	6	-0.109570272285725	0	8	0.918582138069376	0.511014390209921	2675	10
9294	1	0.692596926485824	1	8	0.918582138069376	0.511014390209921	2675	10
9295	4	0.250724599224256	0	8	0.918582138069376	0.511014390209921	2675	10
9306	7	-0.0334055669288109	0	8	0.918582138069376	0.511014390209921	2675	10
9308	2	-0.28273461421834	0	8	0.918582138069376	0.511014390209921	2675	10
9310	1	0.439072792294095	1	8	0.918582138069376	0.511014390209921	2675	10
9312	1	0.603305581221472	1	8	0.918582138069376	0.511014390209921	2675	10
9314	4	0.180997432412721	0	8	0.918582138069376	0.511014390209921	2675	10
9315	2	0.078285363278859	0	8	0.918582138069376	0.511014390209921	2675	10
9317	2	-0.106259575196704	0	8	0.918582138069376	0.511014390209921	2675	10
9318	4	-0.0764234829368363	0	8	0.918582138069376	0.511014390209921	2675	10
9319	0	0.138262656387665	0	8	0.918582138069376	0.511014390209921	2675	10
9320	1	0.500914207294408	1	8	0.918582138069376	0.511014390209921	2675	10
9321	5	0.0616875396099926	0	8	0.918582138069376	0.511014390209921	2675	10
9322	1	0.66598418422559	1	8	0.918582138069376	0.511014390209921	2675	10
9324	7	-0.120463770696604	0	8	0.918582138069376	0.511014390209921	2675	10
9325	2	-0.382411540848859	0	8	0.918582138069376	0.511014390209921	2675	10
9326	3	0.263540517477794	0	8	0.918582138069376	0.511014390209921	2675	10
9328	3	0.307070002577589	0	8	0.918582138069376	0.511014390209921	2675	10
9329	1	0.550158561960684	1	8	0.918582138069376	0.511014390209921	2675	10
9330	4	-0.100738120564641	0	8	0.918582138069376	0.511014390209921	2675	10
9331	6	0.00639332344698788	0	8	0.918582138069376	0.511014390209921	2675	10
9332	1	0.739665014410115	1	8	0.918582138069376	0.511014390209921	2675	10
9334	1	0.484251327312227	1	8	0.918582138069376	0.511014390209921	2675	10
9337	1	0.461669005610315	1	8	0.918582138069376	0.511014390209921	2675	10
9338	7	0.186439080912445	0	8	0.918582138069376	0.511014390209921	2675	10
9341	0	-0.124413990976792	0	8	0.918582138069376	0.511014390209921	2675	10
9342	3	0.338217333094546	0	8	0.918582138069376	0.511014390209921	2675	10
9344	0	0.128483946984231	0	8	0.918582138069376	0.511014390209921	2675	10
9348	6	0.0771552552835516	0	8	0.918582138069376	0.511014390209921	2675	10
9351	0	0.210780108283886	0	8	0.918582138069376	0.511014390209921	2675	10
9352	2	-0.176434347432238	0	8	0.918582138069376	0.511014390209921	2675	10
9353	2	-0.345280024144142	0	8	0.918582138069376	0.511014390209921	2675	10
9354	4	0.102087297704093	0	8	0.918582138069376	0.511014390209921	2675	10
9356	2	-0.566324006209126	0	8	0.918582138069376	0.511014390209921	2675	10
9358	1	0.364090537042708	1	8	0.918582138069376	0.511014390209921	2675	10
9360	4	-0.085977687282684	0	8	0.918582138069376	0.511014390209921	2675	10
9361	2	-0.235919147787455	0	8	0.918582138069376	0.511014390209921	2675	10
9362	2	-0.18233899182036	0	8	0.918582138069376	0.511014390209921	2675	10
9364	0	-0.0554404369447461	0	8	0.918582138069376	0.511014390209921	2675	10
9365	2	-0.477747388468788	0	8	0.918582138069376	0.511014390209921	2675	10
9367	7	0.218225626045574	0	8	0.918582138069376	0.511014390209921	2675	10
9369	0	0.159420873814483	0	8	0.918582138069376	0.511014390209921	2675	10
9370	0	0.362913255053752	0	8	0.918582138069376	0.511014390209921	2675	10
9371	2	-0.0633097785769324	0	8	0.918582138069376	0.511014390209921	2675	10
9372	6	-0.0605384302648984	0	8	0.918582138069376	0.511014390209921	2675	10
9373	4	0.0205680893574635	0	8	0.918582138069376	0.511014390209921	2675	10
9375	4	-0.0429441592278659	0	8	0.918582138069376	0.511014390209921	2675	10
9376	2	-0.518101360017555	0	8	0.918582138069376	0.511014390209921	2675	10
9377	3	-0.108157838635651	0	8	0.918582138069376	0.511014390209921	2675	10
9378	0	0.0494826165754373	0	8	0.918582138069376	0.511014390209921	2675	10
9379	0	0.238886742252256	0	8	0.918582138069376	0.511014390209921	2675	10
9380	2	-0.341944869225574	0	8	0.918582138069376	0.511014390209921	2675	10
9388	1	0.597524688350407	1	8	0.918582138069376	0.511014390209921	2675	10
9389	6	-0.010889244382403	0	8	0.918582138069376	0.511014390209921	2675	10
9390	2	-0.214133299709523	0	8	0.918582138069376	0.511014390209921	2675	10
9391	3	0.0233963995049723	0	8	0.918582138069376	0.511014390209921	2675	10
9392	10	0.689131577824117	0	8	0.918582138069376	0.511014390209921	2675	10
9397	0	0.32531795017588	0	8	0.918582138069376	0.511014390209921	2675	10
9399	3	0.561430933180418	0	8	0.918582138069376	0.511014390209921	2675	10
9400	5	0.315163185278215	0	8	0.918582138069376	0.511014390209921	2675	10
9401	5	0.170852086323373	0	8	0.918582138069376	0.511014390209921	2675	10
9402	1	0.706845439017108	1	8	0.918582138069376	0.511014390209921	2675	10
9403	7	0.173228177399507	0	8	0.918582138069376	0.511014390209921	2675	10
9404	1	0.7712995329852	1	8	0.918582138069376	0.511014390209921	2675	10
9407	6	0.044318505941745	0	8	0.918582138069376	0.511014390209921	2675	10
9409	3	-0.143150012529217	0	8	0.918582138069376	0.511014390209921	2675	10
9410	3	0.341707531996574	0	8	0.918582138069376	0.511014390209921	2675	10
9411	1	0.493227855503135	1	8	0.918582138069376	0.511014390209921	2675	10
9413	0	0.0125188730465991	0	8	0.918582138069376	0.511014390209921	2675	10
9414	4	0.047365500556903	0	8	0.918582138069376	0.511014390209921	2675	10
9415	1	0.695983070030741	1	8	0.918582138069376	0.511014390209921	2675	10
9416	10	0.487236692170346	0	8	0.918582138069376	0.511014390209921	2675	10
9419	0	-0.266545130326024	0	8	0.918582138069376	0.511014390209921	2675	10
9420	4	0.211556254125442	0	8	0.918582138069376	0.511014390209921	2675	10
9422	0	0.445478792882777	0	8	0.918582138069376	0.511014390209921	2675	10
9423	0	-0.206863708971955	0	8	0.918582138069376	0.511014390209921	2675	10
9425	3	0.434124393271429	0	8	0.918582138069376	0.511014390209921	2675	10
9427	0	0.312114501767669	0	8	0.918582138069376	0.511014390209921	2675	10
9429	0	-0.0138411124912567	0	8	0.918582138069376	0.511014390209921	2675	10
9435	0	0.234029784641931	0	8	0.918582138069376	0.511014390209921	2675	10
9439	0	0.303920709883933	0	8	0.918582138069376	0.511014390209921	2675	10
9440	4	0.2644696001929	0	8	0.918582138069376	0.511014390209921	2675	10
9442	3	0.354728681155077	0	8	0.918582138069376	0.511014390209921	2675	10
9443	7	0.144465056119569	0	8	0.918582138069376	0.511014390209921	2675	10
9444	1	0.576763392819918	1	8	0.918582138069376	0.511014390209921	2675	10
9445	2	-0.301094881877053	0	8	0.918582138069376	0.511014390209921	2675	10
9446	3	0.137241050515884	0	8	0.918582138069376	0.511014390209921	2675	10
9447	1	0.645665337473448	1	8	0.918582138069376	0.511014390209921	2675	10
9448	1	0.714509524154253	1	8	0.918582138069376	0.511014390209921	2675	10
9450	1	0.724762392989818	1	8	0.918582138069376	0.511014390209921	2675	10
9451	1	0.342043764008232	1	8	0.918582138069376	0.511014390209921	2675	10
9452	0	0.356397688797666	0	8	0.918582138069376	0.511014390209921	2675	10
9453	0	0.0856346541107098	0	8	0.918582138069376	0.511014390209921	2675	10
9454	3	0.521319658061027	0	8	0.918582138069376	0.511014390209921	2675	10
9455	0	0.175156113691116	0	8	0.918582138069376	0.511014390209921	2675	10
9456	0	0.149371139930017	0	8	0.918582138069376	0.511014390209921	2675	10
9457	0	0.183758800454784	0	8	0.918582138069376	0.511014390209921	2675	10
9459	1	0.633031097697773	1	8	0.918582138069376	0.511014390209921	2675	10
9462	1	0.71696611281681	1	8	0.918582138069376	0.511014390209921	2675	10
9463	5	-0.0680291657645744	0	8	0.918582138069376	0.511014390209921	2675	10
9465	0	0.380417169888561	0	8	0.918582138069376	0.511014390209921	2675	10
9466	1	0.785037304449857	1	8	0.918582138069376	0.511014390209921	2675	10
9467	0	0.0449486897146818	0	8	0.918582138069376	0.511014390209921	2675	10
9469	6	0.148142622106647	0	8	0.918582138069376	0.511014390209921	2675	10
9470	3	0.0968296774561692	0	8	0.918582138069376	0.511014390209921	2675	10
9472	6	-0.116784834111216	0	8	0.918582138069376	0.511014390209921	2675	10
9473	1	0.671366228562723	1	8	0.918582138069376	0.511014390209921	2675	10
9474	4	0.0560021090044221	0	8	0.918582138069376	0.511014390209921	2675	10
9475	0	0.238058143382224	0	8	0.918582138069376	0.511014390209921	2675	10
9477	7	0.179605500502435	0	8	0.918582138069376	0.511014390209921	2675	10
9478	2	-0.0907876640171223	0	8	0.918582138069376	0.511014390209921	2675	10
9480	0	0.431717678400263	0	8	0.918582138069376	0.511014390209921	2675	10
9482	3	0.220900930180288	0	8	0.918582138069376	0.511014390209921	2675	10
9486	0	0.380932446382482	0	8	0.918582138069376	0.511014390209921	2675	10
9487	0	-0.0577588765297779	0	8	0.918582138069376	0.511014390209921	2675	10
9488	4	-0.198520944576328	0	8	0.918582138069376	0.511014390209921	2675	10
9489	10	0.487472853910795	0	8	0.918582138069376	0.511014390209921	2675	10
9491	3	0.356789866950486	0	8	0.918582138069376	0.511014390209921	2675	10
9493	4	-0.0339843441831332	0	8	0.918582138069376	0.511014390209921	2675	10
9495	1	0.62687423208707	1	8	0.918582138069376	0.511014390209921	2675	10
9497	1	0.576527001452638	1	8	0.918582138069376	0.511014390209921	2675	10
9499	0	0.176099492318008	0	8	0.918582138069376	0.511014390209921	2675	10
9500	0	0.113688204173621	0	8	0.918582138069376	0.511014390209921	2675	10
9501	0	0.309704387313588	0	8	0.918582138069376	0.511014390209921	2675	10
9508	1	0.513525323475974	1	8	0.918582138069376	0.511014390209921	2675	10
9509	1	0.488348308474993	1	8	0.918582138069376	0.511014390209921	2675	10
9510	1	0.55437971689976	1	8	0.918582138069376	0.511014390209921	2675	10
9512	2	-0.312201945342529	0	8	0.918582138069376	0.511014390209921	2675	10
9513	6	-0.0504669574285477	0	8	0.918582138069376	0.511014390209921	2675	10
9514	2	-0.122625231319381	0	8	0.918582138069376	0.511014390209921	2675	10
9516	1	0.588648777171631	1	8	0.918582138069376	0.511014390209921	2675	10
9517	1	0.566956633829552	1	8	0.918582138069376	0.511014390209921	2675	10
9518	0	0.00442797395373644	0	8	0.918582138069376	0.511014390209921	2675	10
9519	7	0.0162047583931463	0	8	0.918582138069376	0.511014390209921	2675	10
9522	4	-0.102685005761292	0	8	0.918582138069376	0.511014390209921	2675	10
9525	4	0.242990241613576	0	8	0.918582138069376	0.511014390209921	2675	10
9526	3	0.0560042972054068	0	8	0.918582138069376	0.511014390209921	2675	10
9527	4	-0.0727607257554193	0	8	0.918582138069376	0.511014390209921	2675	10
9528	2	-0.245522016754607	0	8	0.918582138069376	0.511014390209921	2675	10
9529	1	0.491699050880854	1	8	0.918582138069376	0.511014390209921	2675	10
9530	6	-0.0679843266945843	0	8	0.918582138069376	0.511014390209921	2675	10
9531	2	-0.364364986038596	0	8	0.918582138069376	0.511014390209921	2675	10
9532	7	0.271166975951326	0	8	0.918582138069376	0.511014390209921	2675	10
9533	3	0.426534872560562	0	8	0.918582138069376	0.511014390209921	2675	10
9534	0	0.138429576598033	0	8	0.918582138069376	0.511014390209921	2675	10
9535	1	0.769355437703155	1	8	0.918582138069376	0.511014390209921	2675	10
9536	1	0.820091551455734	1	8	0.918582138069376	0.511014390209921	2675	10
9537	5	0.388626187053614	0	8	0.918582138069376	0.511014390209921	2675	10
9538	3	0.32164507439044	0	8	0.918582138069376	0.511014390209921	2675	10
9540	3	0.376011563771191	0	8	0.918582138069376	0.511014390209921	2675	10
9542	6	-0.0435526799143195	0	8	0.918582138069376	0.511014390209921	2675	10
9545	1	0.689086159362396	1	8	0.918582138069376	0.511014390209921	2675	10
9546	9	0.193251507899433	0	8	0.918582138069376	0.511014390209921	2675	10
9547	2	-0.313013728031722	0	8	0.918582138069376	0.511014390209921	2675	10
9550	3	0.116009304013495	0	8	0.918582138069376	0.511014390209921	2675	10
9552	3	0.234024158928205	0	8	0.918582138069376	0.511014390209921	2675	10
9553	3	0.300553746828199	0	8	0.918582138069376	0.511014390209921	2675	10
9555	1	0.581821548600377	1	8	0.918582138069376	0.511014390209921	2675	10
9556	3	0.087113991737195	0	8	0.918582138069376	0.511014390209921	2675	10
9559	7	-0.0366161321170172	0	8	0.918582138069376	0.511014390209921	2675	10
9562	4	-0.37088489589416	0	8	0.918582138069376	0.511014390209921	2675	10
9563	1	0.602261660432856	1	8	0.918582138069376	0.511014390209921	2675	10
9567	5	0.397550107984497	0	8	0.918582138069376	0.511014390209921	2675	10
9569	0	0.0940794012518006	0	8	0.918582138069376	0.511014390209921	2675	10
9570	2	0.0208245031893262	0	8	0.918582138069376	0.511014390209921	2675	10
9573	0	0.452804211297456	0	8	0.918582138069376	0.511014390209921	2675	10
9575	0	0.260124280294752	0	8	0.918582138069376	0.511014390209921	2675	10
9576	0	0.425600577324729	0	8	0.918582138069376	0.511014390209921	2675	10
9577	0	-0.0129194947270037	0	8	0.918582138069376	0.511014390209921	2675	10
9578	10	0.343855837215345	0	8	0.918582138069376	0.511014390209921	2675	10
9580	0	0.0325060060699074	0	8	0.918582138069376	0.511014390209921	2675	10
9581	4	-0.193458399750416	0	8	0.918582138069376	0.511014390209921	2675	10
9583	1	0.697486179208708	1	8	0.918582138069376	0.511014390209921	2675	10
9584	1	0.372770907957278	1	8	0.918582138069376	0.511014390209921	2675	10
9585	0	0.188409217127211	0	8	0.918582138069376	0.511014390209921	2675	10
9587	3	0.315455360540041	0	8	0.918582138069376	0.511014390209921	2675	10
9588	3	0.0041028883574001	0	8	0.918582138069376	0.511014390209921	2675	10
9589	1	0.624178144420849	1	8	0.918582138069376	0.511014390209921	2675	10
9590	1	0.663443036836382	1	8	0.918582138069376	0.511014390209921	2675	10
9592	0	-0.0636074735381199	0	8	0.918582138069376	0.511014390209921	2675	10
9595	1	0.706680525028937	1	8	0.918582138069376	0.511014390209921	2675	10
9600	1	0.298889871092053	1	8	0.918582138069376	0.511014390209921	2675	10
9601	1	0.563618823498501	1	8	0.918582138069376	0.511014390209921	2675	10
9603	1	0.46875066410559	1	8	0.918582138069376	0.511014390209921	2675	10
9604	4	-0.255965457138296	0	8	0.918582138069376	0.511014390209921	2675	10
9605	9	0.133130223652915	0	8	0.918582138069376	0.511014390209921	2675	10
9609	5	0.1250908180802	0	8	0.918582138069376	0.511014390209921	2675	10
9610	1	0.669395191815616	1	8	0.918582138069376	0.511014390209921	2675	10
9611	1	0.476433725065876	1	8	0.918582138069376	0.511014390209921	2675	10
9612	0	0.313750240724953	0	8	0.918582138069376	0.511014390209921	2675	10
9616	3	0.302027943099238	0	8	0.918582138069376	0.511014390209921	2675	10
9617	0	-0.157109166661109	0	8	0.918582138069376	0.511014390209921	2675	10
9618	0	0.349040489918272	0	8	0.918582138069376	0.511014390209921	2675	10
9619	1	0.598035234405406	1	8	0.918582138069376	0.511014390209921	2675	10
9620	2	-0.207794434780934	0	8	0.918582138069376	0.511014390209921	2675	10
9625	0	-0.132317205496544	0	8	0.918582138069376	0.511014390209921	2675	10
9627	1	0.741578273163559	1	8	0.918582138069376	0.511014390209921	2675	10
9628	6	0.0195114653203583	0	8	0.918582138069376	0.511014390209921	2675	10
9630	0	0.467255286839652	0	8	0.918582138069376	0.511014390209921	2675	10
9631	0	0.0534557067833854	0	8	0.918582138069376	0.511014390209921	2675	10
9632	10	0.365535234060928	0	8	0.918582138069376	0.511014390209921	2675	10
9633	0	-0.275591520383302	0	8	0.918582138069376	0.511014390209921	2675	10
9636	1	0.538636368141448	1	8	0.918582138069376	0.511014390209921	2675	10
9637	0	0.135816181420582	0	8	0.918582138069376	0.511014390209921	2675	10
9638	1	0.565493433431976	1	8	0.918582138069376	0.511014390209921	2675	10
9639	1	0.703300846482485	1	8	0.918582138069376	0.511014390209921	2675	10
9640	1	0.567825687796673	1	8	0.918582138069376	0.511014390209921	2675	10
9641	1	0.669391013676412	1	8	0.918582138069376	0.511014390209921	2675	10
9643	2	0.112467706169812	0	8	0.918582138069376	0.511014390209921	2675	10
9644	1	0.563828402026128	1	8	0.918582138069376	0.511014390209921	2675	10
9645	1	0.61549027324034	1	8	0.918582138069376	0.511014390209921	2675	10
9646	4	0.032499418823508	0	8	0.918582138069376	0.511014390209921	2675	10
9647	1	0.57587909095655	1	8	0.918582138069376	0.511014390209921	2675	10
9648	4	0.133617086436854	0	8	0.918582138069376	0.511014390209921	2675	10
9649	0	0.124733613883412	0	8	0.918582138069376	0.511014390209921	2675	10
9650	2	-0.259959609818679	0	8	0.918582138069376	0.511014390209921	2675	10
9651	0	-0.275008802138943	0	8	0.918582138069376	0.511014390209921	2675	10
9652	4	0.0894824935412713	0	8	0.918582138069376	0.511014390209921	2675	10
9654	1	0.53410752407095	1	8	0.918582138069376	0.511014390209921	2675	10
9655	1	0.602706753197322	1	8	0.918582138069376	0.511014390209921	2675	10
9657	0	0.289032051033547	0	8	0.918582138069376	0.511014390209921	2675	10
9658	0	0.247716855950541	0	8	0.918582138069376	0.511014390209921	2675	10
9662	4	-0.246542593770448	0	8	0.918582138069376	0.511014390209921	2675	10
9663	0	0.206523077377016	0	8	0.918582138069376	0.511014390209921	2675	10
9665	0	0.520403247184947	0	8	0.918582138069376	0.511014390209921	2675	10
9666	0	-0.290312143054808	0	8	0.918582138069376	0.511014390209921	2675	10
9667	2	-0.218043183506829	0	8	0.918582138069376	0.511014390209921	2675	10
9669	4	-0.00899007889746342	0	8	0.918582138069376	0.511014390209921	2675	10
9670	2	-0.143728812486942	0	8	0.918582138069376	0.511014390209921	2675	10
9672	1	0.557468108624685	1	8	0.918582138069376	0.511014390209921	2675	10
9673	2	-0.30888236270729	0	8	0.918582138069376	0.511014390209921	2675	10
9674	1	0.348050796730899	1	8	0.918582138069376	0.511014390209921	2675	10
9675	0	0.0185144317551078	0	8	0.918582138069376	0.511014390209921	2675	10
9677	1	0.615060443851863	1	8	0.918582138069376	0.511014390209921	2675	10
9678	4	0.460742987871337	0	8	0.918582138069376	0.511014390209921	2675	10
9679	1	0.426048283571349	1	8	0.918582138069376	0.511014390209921	2675	10
9681	0	0.41714750074327	0	8	0.918582138069376	0.511014390209921	2675	10
9682	1	0.577588602858977	1	8	0.918582138069376	0.511014390209921	2675	10
9683	0	0.179841577377979	0	8	0.918582138069376	0.511014390209921	2675	10
9684	9	0.366704358852509	0	8	0.918582138069376	0.511014390209921	2675	10
9685	0	-0.0575130646210413	0	8	0.918582138069376	0.511014390209921	2675	10
9686	1	0.402955710756408	1	8	0.918582138069376	0.511014390209921	2675	10
9687	4	-0.22895371998976	0	8	0.918582138069376	0.511014390209921	2675	10
9688	1	0.686173196026377	1	8	0.918582138069376	0.511014390209921	2675	10
9690	0	0.326029006159283	0	8	0.918582138069376	0.511014390209921	2675	10
9692	4	-0.215814464631475	0	8	0.918582138069376	0.511014390209921	2675	10
9693	4	0.0286529371695735	0	8	0.918582138069376	0.511014390209921	2675	10
9694	4	-0.197212427559652	0	8	0.918582138069376	0.511014390209921	2675	10
9695	1	0.617455419834696	1	8	0.918582138069376	0.511014390209921	2675	10
9696	5	0.259664284146178	0	8	0.918582138069376	0.511014390209921	2675	10
9697	1	0.657485697620588	1	8	0.918582138069376	0.511014390209921	2675	10
9698	1	0.417948616685392	1	8	0.918582138069376	0.511014390209921	2675	10
9699	0	0.387726774820602	0	8	0.918582138069376	0.511014390209921	2675	10
9700	2	-0.282776063284801	0	8	0.918582138069376	0.511014390209921	2675	10
9701	9	0.189918555442071	0	8	0.918582138069376	0.511014390209921	2675	10
9702	4	0.0485234058841081	0	8	0.918582138069376	0.511014390209921	2675	10
9703	3	0.458064483757014	0	8	0.918582138069376	0.511014390209921	2675	10
9704	5	0.331102441127833	0	8	0.918582138069376	0.511014390209921	2675	10
9705	4	-0.0443348401531799	0	8	0.918582138069376	0.511014390209921	2675	10
9706	0	0.452703391295632	0	8	0.918582138069376	0.511014390209921	2675	10
9709	2	-0.00487830356458966	0	8	0.918582138069376	0.511014390209921	2675	10
9710	1	0.544626516246265	1	8	0.918582138069376	0.511014390209921	2675	10
9715	1	0.608940524803795	1	8	0.918582138069376	0.511014390209921	2675	10
9716	0	0.0908938149818329	0	8	0.918582138069376	0.511014390209921	2675	10
9717	6	-0.0538736393410812	0	8	0.918582138069376	0.511014390209921	2675	10
9718	3	0.369980858493441	0	8	0.918582138069376	0.511014390209921	2675	10
9722	6	-0.100186183235072	0	8	0.918582138069376	0.511014390209921	2675	10
9725	0	0.217556527189768	0	8	0.918582138069376	0.511014390209921	2675	10
9726	5	0.521909054478313	0	8	0.918582138069376	0.511014390209921	2675	10
9727	2	-0.415355347567881	0	8	0.918582138069376	0.511014390209921	2675	10
9728	0	0.158804357178021	0	8	0.918582138069376	0.511014390209921	2675	10
9730	0	0.0972107861487047	0	8	0.918582138069376	0.511014390209921	2675	10
9731	0	-0.130522790758757	0	8	0.918582138069376	0.511014390209921	2675	10
9732	0	0.126797241178696	0	8	0.918582138069376	0.511014390209921	2675	10
9733	1	0.606657378900206	1	8	0.918582138069376	0.511014390209921	2675	10
9734	1	0.702799264605905	1	8	0.918582138069376	0.511014390209921	2675	10
9735	1	0.570698410237089	1	8	0.918582138069376	0.511014390209921	2675	10
9736	1	0.417968008483766	1	8	0.918582138069376	0.511014390209921	2675	10
9737	0	-0.0146885870114941	0	8	0.918582138069376	0.511014390209921	2675	10
9738	4	0.229908938031328	0	8	0.918582138069376	0.511014390209921	2675	10
9739	5	0.259101864934373	0	8	0.918582138069376	0.511014390209921	2675	10
9741	2	0.056831058580918	0	8	0.918582138069376	0.511014390209921	2675	10
9742	9	0.0356712387821766	0	8	0.918582138069376	0.511014390209921	2675	10
9743	2	-0.270445673067567	0	8	0.918582138069376	0.511014390209921	2675	10
9746	5	0.15670026550024	0	8	0.918582138069376	0.511014390209921	2675	10
9748	4	-0.299023407032847	0	8	0.918582138069376	0.511014390209921	2675	10
9749	1	0.524911200128363	1	8	0.918582138069376	0.511014390209921	2675	10
9750	1	0.821047527894605	1	8	0.918582138069376	0.511014390209921	2675	10
9753	1	0.546120907582427	1	8	0.918582138069376	0.511014390209921	2675	10
9754	2	-0.283402866180858	0	8	0.918582138069376	0.511014390209921	2675	10
9755	5	-0.160856640345149	0	8	0.918582138069376	0.511014390209921	2675	10
9757	5	0.360666239846792	0	8	0.918582138069376	0.511014390209921	2675	10
9759	0	0.550561972183499	0	8	0.918582138069376	0.511014390209921	2675	10
9760	1	0.534533222316725	1	8	0.918582138069376	0.511014390209921	2675	10
9761	3	0.22203514483538	0	8	0.918582138069376	0.511014390209921	2675	10
9762	2	-0.219077591859482	0	8	0.918582138069376	0.511014390209921	2675	10
9764	1	0.609356361360667	1	8	0.918582138069376	0.511014390209921	2675	10
9765	4	0.245834335554679	0	8	0.918582138069376	0.511014390209921	2675	10
9766	0	0.263021905558421	0	8	0.918582138069376	0.511014390209921	2675	10
9767	0	0.488459311194827	0	8	0.918582138069376	0.511014390209921	2675	10
9770	1	0.602031922537687	1	8	0.918582138069376	0.511014390209921	2675	10
9771	1	0.46005387087191	1	8	0.918582138069376	0.511014390209921	2675	10
9774	0	0.461072536904325	0	8	0.918582138069376	0.511014390209921	2675	10
9775	1	0.28897073574708	1	8	0.918582138069376	0.511014390209921	2675	10
9776	3	0.446594923981807	0	8	0.918582138069376	0.511014390209921	2675	10
9777	0	0.0280209389516972	0	8	0.918582138069376	0.511014390209921	2675	10
9778	0	-0.176923943226553	0	8	0.918582138069376	0.511014390209921	2675	10
9779	1	0.639948769724641	1	8	0.918582138069376	0.511014390209921	2675	10
9781	1	0.671703953480875	1	8	0.918582138069376	0.511014390209921	2675	10
9783	2	0.449629510412539	0	8	0.918582138069376	0.511014390209921	2675	10
9784	3	0.269799163774725	0	8	0.918582138069376	0.511014390209921	2675	10
9785	0	0.406423093730616	0	8	0.918582138069376	0.511014390209921	2675	10
9786	0	0.129058233864018	0	8	0.918582138069376	0.511014390209921	2675	10
9788	6	-0.143392482167603	0	8	0.918582138069376	0.511014390209921	2675	10
9790	0	0.417477161542002	0	8	0.918582138069376	0.511014390209921	2675	10
9791	7	-0.0862473654767894	0	8	0.918582138069376	0.511014390209921	2675	10
9792	0	0.230386232342433	0	8	0.918582138069376	0.511014390209921	2675	10
9793	0	0.336748332094575	0	8	0.918582138069376	0.511014390209921	2675	10
9794	1	0.551794487785331	1	8	0.918582138069376	0.511014390209921	2675	10
9796	8	-0.253731016366879	0	8	0.918582138069376	0.511014390209921	2675	10
9798	0	0.279985761910498	0	8	0.918582138069376	0.511014390209921	2675	10
9801	4	-0.180848749634013	0	8	0.918582138069376	0.511014390209921	2675	10
9802	2	-0.0610390026480883	0	8	0.918582138069376	0.511014390209921	2675	10
9804	2	-0.217346879192855	0	8	0.918582138069376	0.511014390209921	2675	10
9805	1	0.639336756834329	1	8	0.918582138069376	0.511014390209921	2675	10
9806	8	-0.11895963014229	0	8	0.918582138069376	0.511014390209921	2675	10
9807	10	0.53511695985586	0	8	0.918582138069376	0.511014390209921	2675	10
9810	10	0.413825935604083	0	8	0.918582138069376	0.511014390209921	2675	10
9812	0	0.251842148043781	0	8	0.918582138069376	0.511014390209921	2675	10
9813	0	0.445566419145339	0	8	0.918582138069376	0.511014390209921	2675	10
9814	10	0.613886652149497	0	8	0.918582138069376	0.511014390209921	2675	10
9815	1	0.810436118807057	1	8	0.918582138069376	0.511014390209921	2675	10
9816	1	0.459005002984733	1	8	0.918582138069376	0.511014390209921	2675	10
9817	3	-0.0102040746951711	0	8	0.918582138069376	0.511014390209921	2675	10
9819	0	-0.108484124514525	0	8	0.918582138069376	0.511014390209921	2675	10
9820	9	0.214752154447838	0	8	0.918582138069376	0.511014390209921	2675	10
9821	4	-0.105399198846369	0	8	0.918582138069376	0.511014390209921	2675	10
9823	0	0.238762935865466	0	8	0.918582138069376	0.511014390209921	2675	10
9824	1	0.680757509218172	1	8	0.918582138069376	0.511014390209921	2675	10
9825	0	0.000210275055000332	0	8	0.918582138069376	0.511014390209921	2675	10
9826	1	0.535529724818371	1	8	0.918582138069376	0.511014390209921	2675	10
9828	5	0.224563730877054	0	8	0.918582138069376	0.511014390209921	2675	10
9829	0	-0.32027027670259	0	8	0.918582138069376	0.511014390209921	2675	10
9830	0	0.0845263463532928	0	8	0.918582138069376	0.511014390209921	2675	10
9833	1	0.447126119726469	1	8	0.918582138069376	0.511014390209921	2675	10
9836	0	0.0873552580857993	0	8	0.918582138069376	0.511014390209921	2675	10
9837	0	0.288624277875496	0	8	0.918582138069376	0.511014390209921	2675	10
9840	1	0.625053631656575	1	8	0.918582138069376	0.511014390209921	2675	10
9841	1	0.699172250557879	1	8	0.918582138069376	0.511014390209921	2675	10
9843	1	0.703517814083985	1	8	0.918582138069376	0.511014390209921	2675	10
9844	1	0.785151551189147	1	8	0.918582138069376	0.511014390209921	2675	10
9846	1	0.639781375933408	1	8	0.918582138069376	0.511014390209921	2675	10
9847	4	0.0433765179900481	0	8	0.918582138069376	0.511014390209921	2675	10
9848	2	-0.256645656417339	0	8	0.918582138069376	0.511014390209921	2675	10
9849	4	0.0639697090530936	0	8	0.918582138069376	0.511014390209921	2675	10
9851	1	0.599664618645701	1	8	0.918582138069376	0.511014390209921	2675	10
9852	4	0.0686409907311693	0	8	0.918582138069376	0.511014390209921	2675	10
9853	0	0.203039679128185	0	8	0.918582138069376	0.511014390209921	2675	10
9854	6	-0.0381466436419657	0	8	0.918582138069376	0.511014390209921	2675	10
9855	0	0.0280481742912654	0	8	0.918582138069376	0.511014390209921	2675	10
9857	1	0.520601136781824	1	8	0.918582138069376	0.511014390209921	2675	10
9858	0	-0.0584075241282427	0	8	0.918582138069376	0.511014390209921	2675	10
9860	0	0.0246622200473482	0	8	0.918582138069376	0.511014390209921	2675	10
9861	7	-0.0279183808255581	0	8	0.918582138069376	0.511014390209921	2675	10
9862	5	0.190474317722915	0	8	0.918582138069376	0.511014390209921	2675	10
9863	8	-0.269313089703449	0	8	0.918582138069376	0.511014390209921	2675	10
9865	1	0.49057377867613	1	8	0.918582138069376	0.511014390209921	2675	10
9866	0	-0.0672435002792409	0	8	0.918582138069376	0.511014390209921	2675	10
9867	4	0.100994282522724	0	8	0.918582138069376	0.511014390209921	2675	10
9868	4	-0.299495977565849	0	8	0.918582138069376	0.511014390209921	2675	10
9869	0	0.395549562017897	0	8	0.918582138069376	0.511014390209921	2675	10
9870	0	0.367938072575923	0	8	0.918582138069376	0.511014390209921	2675	10
9871	1	0.622060090184621	1	8	0.918582138069376	0.511014390209921	2675	10
9873	1	0.710407395532429	1	8	0.918582138069376	0.511014390209921	2675	10
9874	5	0.11939415929295	0	8	0.918582138069376	0.511014390209921	2675	10
9875	1	0.62953399522755	1	8	0.918582138069376	0.511014390209921	2675	10
9878	0	0.283006645235806	0	8	0.918582138069376	0.511014390209921	2675	10
9879	4	0.121573321691718	0	8	0.918582138069376	0.511014390209921	2675	10
9880	1	0.637837136669786	1	8	0.918582138069376	0.511014390209921	2675	10
9881	1	0.838414403542434	1	8	0.918582138069376	0.511014390209921	2675	10
9882	1	0.593429705739706	1	8	0.918582138069376	0.511014390209921	2675	10
9885	0	-0.0544454410600895	0	8	0.918582138069376	0.511014390209921	2675	10
9886	2	-0.169323437844368	0	8	0.918582138069376	0.511014390209921	2675	10
9887	1	0.443607535540478	1	8	0.918582138069376	0.511014390209921	2675	10
9889	1	0.609501192388574	1	8	0.918582138069376	0.511014390209921	2675	10
9890	2	-0.209330759842258	0	8	0.918582138069376	0.511014390209921	2675	10
9891	1	0.618724678587327	1	8	0.918582138069376	0.511014390209921	2675	10
9894	5	0.395393412110944	0	8	0.918582138069376	0.511014390209921	2675	10
9895	1	0.462603537002993	1	8	0.918582138069376	0.511014390209921	2675	10
9896	1	0.331843767545931	1	8	0.918582138069376	0.511014390209921	2675	10
9897	4	-0.0816099175558026	0	8	0.918582138069376	0.511014390209921	2675	10
9898	0	0.400511970526449	0	8	0.918582138069376	0.511014390209921	2675	10
9899	0	0.364530106666641	0	8	0.918582138069376	0.511014390209921	2675	10
9900	0	0.427033149844932	0	8	0.918582138069376	0.511014390209921	2675	10
9901	0	0.443259699908486	0	8	0.918582138069376	0.511014390209921	2675	10
9902	1	0.587055856565259	1	8	0.918582138069376	0.511014390209921	2675	10
9903	0	-0.0423013071536591	0	8	0.918582138069376	0.511014390209921	2675	10
9904	5	0.431053608320989	0	8	0.918582138069376	0.511014390209921	2675	10
9905	0	0.273151644933086	0	8	0.918582138069376	0.511014390209921	2675	10
9908	4	-0.101735983305713	0	8	0.918582138069376	0.511014390209921	2675	10
9909	1	0.648802372066998	1	8	0.918582138069376	0.511014390209921	2675	10
9910	8	0.0548780227657189	0	8	0.918582138069376	0.511014390209921	2675	10
9911	5	0.289258330483927	0	8	0.918582138069376	0.511014390209921	2675	10
9912	5	0.367573375180737	0	8	0.918582138069376	0.511014390209921	2675	10
9913	0	-0.248146938276077	0	8	0.918582138069376	0.511014390209921	2675	10
9914	0	-0.0620242531233668	0	8	0.918582138069376	0.511014390209921	2675	10
9915	1	0.558444991292885	1	8	0.918582138069376	0.511014390209921	2675	10
9917	0	-0.00266009740202919	0	8	0.918582138069376	0.511014390209921	2675	10
9918	1	0.526236298895859	1	8	0.918582138069376	0.511014390209921	2675	10
9919	0	0.273078008021127	0	8	0.918582138069376	0.511014390209921	2675	10
9920	8	-0.272538616199009	0	8	0.918582138069376	0.511014390209921	2675	10
9921	1	0.414594015891432	1	8	0.918582138069376	0.511014390209921	2675	10
9922	0	0.176852993904583	0	8	0.918582138069376	0.511014390209921	2675	10
9923	1	0.688540159156556	1	8	0.918582138069376	0.511014390209921	2675	10
9924	0	-0.0645815776826744	0	8	0.918582138069376	0.511014390209921	2675	10
9925	0	0.159561434796572	0	8	0.918582138069376	0.511014390209921	2675	10
9926	1	0.571795839809499	1	8	0.918582138069376	0.511014390209921	2675	10
9927	0	-0.0791483014929592	0	8	0.918582138069376	0.511014390209921	2675	10
9929	1	0.46981592047326	1	8	0.918582138069376	0.511014390209921	2675	10
9931	0	0.259882331762391	0	8	0.918582138069376	0.511014390209921	2675	10
9933	0	-0.0238752578324581	0	8	0.918582138069376	0.511014390209921	2675	10
9934	1	0.581095254034339	1	8	0.918582138069376	0.511014390209921	2675	10
9935	1	0.349991475757761	1	8	0.918582138069376	0.511014390209921	2675	10
9937	4	-0.190062090065787	0	8	0.918582138069376	0.511014390209921	2675	10
9938	1	0.765676474289126	1	8	0.918582138069376	0.511014390209921	2675	10
9940	0	0.23620581970069	0	8	0.918582138069376	0.511014390209921	2675	10
9941	1	0.665501603313913	1	8	0.918582138069376	0.511014390209921	2675	10
9942	2	-0.296349946261776	0	8	0.918582138069376	0.511014390209921	2675	10
9943	4	-0.0666185347540981	0	8	0.918582138069376	0.511014390209921	2675	10
9945	1	0.638425484188814	1	8	0.918582138069376	0.511014390209921	2675	10
9946	7	0.0726321741517394	0	8	0.918582138069376	0.511014390209921	2675	10
9948	1	0.498632148914422	1	8	0.918582138069376	0.511014390209921	2675	10
9949	0	0.0832370287672117	0	8	0.918582138069376	0.511014390209921	2675	10
9950	4	0.0544959839771386	0	8	0.918582138069376	0.511014390209921	2675	10
9953	0	0.0908441434299283	0	8	0.918582138069376	0.511014390209921	2675	10
9955	8	-0.105035677470081	0	8	0.918582138069376	0.511014390209921	2675	10
9957	1	0.772562747109305	1	8	0.918582138069376	0.511014390209921	2675	10
9960	1	0.633232485889132	1	8	0.918582138069376	0.511014390209921	2675	10
9961	1	0.129486075124666	1	8	0.918582138069376	0.511014390209921	2675	10
9962	1	0.59931461801367	1	8	0.918582138069376	0.511014390209921	2675	10
9966	0	0.318351153784838	0	8	0.918582138069376	0.511014390209921	2675	10
9967	5	0.559756274388057	0	8	0.918582138069376	0.511014390209921	2675	10
9968	0	0.502346222517485	0	8	0.918582138069376	0.511014390209921	2675	10
9969	0	0.304055423746698	0	8	0.918582138069376	0.511014390209921	2675	10
9970	2	-0.141407582503014	0	8	0.918582138069376	0.511014390209921	2675	10
9971	2	-0.143555461439472	0	8	0.918582138069376	0.511014390209921	2675	10
9972	0	0.362460092269638	0	8	0.918582138069376	0.511014390209921	2675	10
9973	3	-0.000240248188334573	0	8	0.918582138069376	0.511014390209921	2675	10
9975	0	0.188656369474586	0	8	0.918582138069376	0.511014390209921	2675	10
9976	0	0.426893663030229	0	8	0.918582138069376	0.511014390209921	2675	10
9980	1	0.622190851532397	1	8	0.918582138069376	0.511014390209921	2675	10
9984	0	0.136045009971296	0	8	0.918582138069376	0.511014390209921	2675	10
9985	0	0.21144614611914	0	8	0.918582138069376	0.511014390209921	2675	10
9986	1	0.373057882215703	1	8	0.918582138069376	0.511014390209921	2675	10
9987	0	0.240165861764899	0	8	0.918582138069376	0.511014390209921	2675	10
9988	0	0.435656238288337	0	8	0.918582138069376	0.511014390209921	2675	10
9989	1	0.491802790918244	1	8	0.918582138069376	0.511014390209921	2675	10
9990	2	-0.240728916812438	0	8	0.918582138069376	0.511014390209921	2675	10
9993	5	0.442513231233775	0	8	0.918582138069376	0.511014390209921	2675	10
9994	4	0.281933195972027	0	8	0.918582138069376	0.511014390209921	2675	10
10000	0	0.414132624041744	0	8	0.918582138069376	0.511014390209921	2675	10
10001	0	0.320884151835969	0	8	0.918582138069376	0.511014390209921	2675	10
10002	0	0.235990847324165	0	8	0.918582138069376	0.511014390209921	2675	10
10003	0	-0.0257457572920386	0	8	0.918582138069376	0.511014390209921	2675	10
10004	0	0.27941288049872	0	8	0.918582138069376	0.511014390209921	2675	10
10005	3	0.031908560065868	0	8	0.918582138069376	0.511014390209921	2675	10
10006	0	0.249758477093356	0	8	0.918582138069376	0.511014390209921	2675	10
10007	2	-0.251095385324522	0	8	0.918582138069376	0.511014390209921	2675	10
10009	0	0.192226193152588	0	8	0.918582138069376	0.511014390209921	2675	10
10010	1	0.51737576506195	1	8	0.918582138069376	0.511014390209921	2675	10
10013	2	-0.238972735084206	0	8	0.918582138069376	0.511014390209921	2675	10
10014	0	0.276416271972747	0	8	0.918582138069376	0.511014390209921	2675	10
10015	4	-0.0579671076090459	0	8	0.918582138069376	0.511014390209921	2675	10
10017	6	0.00221596350233523	0	8	0.918582138069376	0.511014390209921	2675	10
10018	0	0.361058984662441	0	8	0.918582138069376	0.511014390209921	2675	10
10019	1	0.627322217267681	1	8	0.918582138069376	0.511014390209921	2675	10
10020	1	0.463704717197248	1	8	0.918582138069376	0.511014390209921	2675	10
10021	1	0.538542832516295	1	8	0.918582138069376	0.511014390209921	2675	10
10023	1	0.571137261663262	1	8	0.918582138069376	0.511014390209921	2675	10
10024	1	0.575508203994876	1	8	0.918582138069376	0.511014390209921	2675	10
10025	9	0.228712997371968	0	8	0.918582138069376	0.511014390209921	2675	10
10026	8	-0.0228708094173329	0	8	0.918582138069376	0.511014390209921	2675	10
10036	1	0.633500965506594	1	8	0.918582138069376	0.511014390209921	2675	10
10038	7	0.0968354733203123	0	8	0.918582138069376	0.511014390209921	2675	10
10039	2	-0.125602392482061	0	8	0.918582138069376	0.511014390209921	2675	10
10040	2	-0.298698317207507	0	8	0.918582138069376	0.511014390209921	2675	10
10042	0	0.264476876401158	0	8	0.918582138069376	0.511014390209921	2675	10
10043	2	-0.119066122750866	0	8	0.918582138069376	0.511014390209921	2675	10
10045	0	0.430599296709735	0	8	0.918582138069376	0.511014390209921	2675	10
10046	0	0.388630085289376	0	8	0.918582138069376	0.511014390209921	2675	10
10048	4	0.0619981055988806	0	8	0.918582138069376	0.511014390209921	2675	10
10049	7	0.344673830181226	0	8	0.918582138069376	0.511014390209921	2675	10
10050	6	0.0517391746132954	0	8	0.918582138069376	0.511014390209921	2675	10
10051	0	0.0737811292462871	0	8	0.918582138069376	0.511014390209921	2675	10
10052	1	0.638474800431753	1	8	0.918582138069376	0.511014390209921	2675	10
10053	3	0.049919123282636	0	8	0.918582138069376	0.511014390209921	2675	10
10054	7	0.0713172411320123	0	8	0.918582138069376	0.511014390209921	2675	10
10055	1	0.562482299514795	1	8	0.918582138069376	0.511014390209921	2675	10
10057	1	0.581749302476554	1	8	0.918582138069376	0.511014390209921	2675	10
10058	2	-0.208168997453745	0	8	0.918582138069376	0.511014390209921	2675	10
10059	4	-0.0344696165199469	0	8	0.918582138069376	0.511014390209921	2675	10
10060	1	0.691229953316538	1	8	0.918582138069376	0.511014390209921	2675	10
10061	1	0.501265481835314	1	8	0.918582138069376	0.511014390209921	2675	10
10062	3	0.0378705117712042	0	8	0.918582138069376	0.511014390209921	2675	10
10066	2	-0.0242075731178138	0	8	0.918582138069376	0.511014390209921	2675	10
10067	3	0.197252023089661	0	8	0.918582138069376	0.511014390209921	2675	10
10069	3	-0.0347441553533313	0	8	0.918582138069376	0.511014390209921	2675	10
10072	0	0.166458210135485	0	8	0.918582138069376	0.511014390209921	2675	10
10073	3	0.0136247486130235	0	8	0.918582138069376	0.511014390209921	2675	10
10075	0	0.45268508090062	0	8	0.918582138069376	0.511014390209921	2675	10
10076	5	0.445103016816333	0	8	0.918582138069376	0.511014390209921	2675	10
10077	1	0.80296154258362	1	8	0.918582138069376	0.511014390209921	2675	10
10078	3	0.338308292753914	0	8	0.918582138069376	0.511014390209921	2675	10
10079	1	0.659869662439593	1	8	0.918582138069376	0.511014390209921	2675	10
10083	2	-0.0785402627940968	0	8	0.918582138069376	0.511014390209921	2675	10
10084	3	0.111527690338079	0	8	0.918582138069376	0.511014390209921	2675	10
10085	1	0.482682956061117	1	8	0.918582138069376	0.511014390209921	2675	10
10087	4	-0.163128346533886	0	8	0.918582138069376	0.511014390209921	2675	10
10090	0	0.169207751273732	0	8	0.918582138069376	0.511014390209921	2675	10
10092	1	0.610425070096555	1	8	0.918582138069376	0.511014390209921	2675	10
10093	3	0.500502392344556	0	8	0.918582138069376	0.511014390209921	2675	10
10095	1	0.725115177774699	1	8	0.918582138069376	0.511014390209921	2675	10
10096	1	0.765901752910781	1	8	0.918582138069376	0.511014390209921	2675	10
10097	1	0.746019746834804	1	8	0.918582138069376	0.511014390209921	2675	10
10098	0	0.189450909283869	0	8	0.918582138069376	0.511014390209921	2675	10
10099	7	0.238273644173406	0	8	0.918582138069376	0.511014390209921	2675	10
10100	8	-0.201103290947816	0	8	0.918582138069376	0.511014390209921	2675	10
10101	3	0.234617442791852	0	8	0.918582138069376	0.511014390209921	2675	10
10102	7	-0.106954633083199	0	8	0.918582138069376	0.511014390209921	2675	10
10103	1	0.178338418017922	1	8	0.918582138069376	0.511014390209921	2675	10
10105	2	-0.0108127611496969	0	8	0.918582138069376	0.511014390209921	2675	10
10106	1	0.692051370103098	1	8	0.918582138069376	0.511014390209921	2675	10
10109	1	0.640652669739165	1	8	0.918582138069376	0.511014390209921	2675	10
10110	2	-0.280994144301411	0	8	0.918582138069376	0.511014390209921	2675	10
10111	4	0.0854589871882199	0	8	0.918582138069376	0.511014390209921	2675	10
10112	1	0.61766478882426	1	8	0.918582138069376	0.511014390209921	2675	10
10113	3	0.250447469496185	0	8	0.918582138069376	0.511014390209921	2675	10
10114	0	-0.100265891721146	0	8	0.918582138069376	0.511014390209921	2675	10
10116	0	0.303055528193094	0	8	0.918582138069376	0.511014390209921	2675	10
10120	3	0.272542563308744	0	8	0.918582138069376	0.511014390209921	2675	10
10121	1	0.548092737866748	1	8	0.918582138069376	0.511014390209921	2675	10
10123	1	0.632309769345868	1	8	0.918582138069376	0.511014390209921	2675	10
10125	1	0.415085145162281	1	8	0.918582138069376	0.511014390209921	2675	10
10126	3	0.382530771865768	0	8	0.918582138069376	0.511014390209921	2675	10
10128	4	-0.246146105299679	0	8	0.918582138069376	0.511014390209921	2675	10
10129	0	0.102878556080275	0	8	0.918582138069376	0.511014390209921	2675	10
10130	7	0.362599073229158	0	8	0.918582138069376	0.511014390209921	2675	10
10131	2	-0.383760622857187	0	8	0.918582138069376	0.511014390209921	2675	10
10133	2	-0.40349904795866	0	8	0.918582138069376	0.511014390209921	2675	10
10134	3	0.0883152639677813	0	8	0.918582138069376	0.511014390209921	2675	10
10135	0	0.187526647945249	0	8	0.918582138069376	0.511014390209921	2675	10
10138	1	0.558598715769935	1	8	0.918582138069376	0.511014390209921	2675	10
10139	1	0.542157604998732	1	8	0.918582138069376	0.511014390209921	2675	10
10140	2	-0.16569945019425	0	8	0.918582138069376	0.511014390209921	2675	10
10142	5	0.0999957428678533	0	8	0.918582138069376	0.511014390209921	2675	10
10144	0	0.138536635280427	0	8	0.918582138069376	0.511014390209921	2675	10
10146	1	0.582370143976103	1	8	0.918582138069376	0.511014390209921	2675	10
10147	1	0.509736260182735	1	8	0.918582138069376	0.511014390209921	2675	10
10148	1	0.739278250392834	1	8	0.918582138069376	0.511014390209921	2675	10
10149	1	0.459192133203026	1	8	0.918582138069376	0.511014390209921	2675	10
10150	4	0.186027395738225	0	8	0.918582138069376	0.511014390209921	2675	10
10152	3	0.366955338060897	0	8	0.918582138069376	0.511014390209921	2675	10
10153	4	-0.055904528733988	0	8	0.918582138069376	0.511014390209921	2675	10
10154	1	0.674138557101991	1	8	0.918582138069376	0.511014390209921	2675	10
10155	10	0.559736325476589	0	8	0.918582138069376	0.511014390209921	2675	10
10157	8	-0.170631496805147	0	8	0.918582138069376	0.511014390209921	2675	10
10158	2	-0.364453929335515	0	8	0.918582138069376	0.511014390209921	2675	10
10159	0	-0.134068077229431	0	8	0.918582138069376	0.511014390209921	2675	10
10161	1	0.521203798051313	1	8	0.918582138069376	0.511014390209921	2675	10
10162	3	0.244687958365843	0	8	0.918582138069376	0.511014390209921	2675	10
10163	0	0.628337551166356	0	8	0.918582138069376	0.511014390209921	2675	10
10164	1	0.471788559407714	1	8	0.918582138069376	0.511014390209921	2675	10
10165	2	-0.195350789157466	0	8	0.918582138069376	0.511014390209921	2675	10
10168	1	0.456568737561753	1	8	0.918582138069376	0.511014390209921	2675	10
10170	1	0.647905137719819	1	8	0.918582138069376	0.511014390209921	2675	10
10171	2	-0.158566164321478	0	8	0.918582138069376	0.511014390209921	2675	10
10174	5	0.19788446249015	0	8	0.918582138069376	0.511014390209921	2675	10
10175	7	0.0185401213725487	0	8	0.918582138069376	0.511014390209921	2675	10
10178	2	-0.252083393866077	0	8	0.918582138069376	0.511014390209921	2675	10
10179	0	0.296526606339421	0	8	0.918582138069376	0.511014390209921	2675	10
10180	0	0.447185717307994	0	8	0.918582138069376	0.511014390209921	2675	10
10181	1	0.581334919706984	1	8	0.918582138069376	0.511014390209921	2675	10
10184	1	0.7862527607584	1	8	0.918582138069376	0.511014390209921	2675	10
10186	1	0.666899541038076	1	8	0.918582138069376	0.511014390209921	2675	10
10188	5	0.583246690173354	0	8	0.918582138069376	0.511014390209921	2675	10
10190	7	0.300953761643499	0	8	0.918582138069376	0.511014390209921	2675	10
10193	3	0.506332649216239	0	8	0.918582138069376	0.511014390209921	2675	10
10195	3	0.182088966457071	0	8	0.918582138069376	0.511014390209921	2675	10
10196	4	-0.0560374332137799	0	8	0.918582138069376	0.511014390209921	2675	10
10197	0	0.36866608163947	0	8	0.918582138069376	0.511014390209921	2675	10
10198	4	0.0630189763694118	0	8	0.918582138069376	0.511014390209921	2675	10
10199	4	0.00892977689381072	0	8	0.918582138069376	0.511014390209921	2675	10
10200	3	0.137643307396588	0	8	0.918582138069376	0.511014390209921	2675	10
10201	3	0.369366545092133	0	8	0.918582138069376	0.511014390209921	2675	10
10203	0	0.192317077720015	0	8	0.918582138069376	0.511014390209921	2675	10
10205	1	0.681920452790708	1	8	0.918582138069376	0.511014390209921	2675	10
10207	2	-0.148491342832799	0	8	0.918582138069376	0.511014390209921	2675	10
10208	0	0.218227158510554	0	8	0.918582138069376	0.511014390209921	2675	10
10209	3	0.36499459871848	0	8	0.918582138069376	0.511014390209921	2675	10
10210	4	-0.124883444297171	0	8	0.918582138069376	0.511014390209921	2675	10
10212	1	0.446515012328541	1	8	0.918582138069376	0.511014390209921	2675	10
10213	7	0.104438230036117	0	8	0.918582138069376	0.511014390209921	2675	10
10215	6	-0.0724475115343363	0	8	0.918582138069376	0.511014390209921	2675	10
10217	0	0.107740683293568	0	8	0.918582138069376	0.511014390209921	2675	10
10218	0	0.297390626459201	0	8	0.918582138069376	0.511014390209921	2675	10
10219	1	0.68849511400696	1	8	0.918582138069376	0.511014390209921	2675	10
10220	1	0.750361394136901	1	8	0.918582138069376	0.511014390209921	2675	10
10221	0	0.158279502269168	0	8	0.918582138069376	0.511014390209921	2675	10
10224	0	0.234242780975856	0	8	0.918582138069376	0.511014390209921	2675	10
10225	1	0.772182920159199	1	8	0.918582138069376	0.511014390209921	2675	10
10226	1	0.621842114549844	1	8	0.918582138069376	0.511014390209921	2675	10
10227	1	0.572704663237597	1	8	0.918582138069376	0.511014390209921	2675	10
10228	1	0.734389949023792	1	8	0.918582138069376	0.511014390209921	2675	10
10229	0	-0.176149726290285	0	8	0.918582138069376	0.511014390209921	2675	10
10231	4	-0.0844358197857243	0	8	0.918582138069376	0.511014390209921	2675	10
10232	0	0.108223854915466	0	8	0.918582138069376	0.511014390209921	2675	10
10234	0	0.201590340086649	0	8	0.918582138069376	0.511014390209921	2675	10
10235	1	0.656385569667219	1	8	0.918582138069376	0.511014390209921	2675	10
10236	1	0.520521122919331	1	8	0.918582138069376	0.511014390209921	2675	10
10237	3	0.0474406170084492	0	8	0.918582138069376	0.511014390209921	2675	10
10238	0	0.422644147693417	0	8	0.918582138069376	0.511014390209921	2675	10
10240	0	-0.0123274155106707	0	8	0.918582138069376	0.511014390209921	2675	10
10241	4	0.0904506705615971	0	8	0.918582138069376	0.511014390209921	2675	10
10242	8	0.0289687629284786	0	8	0.918582138069376	0.511014390209921	2675	10
10243	2	-0.510559033547456	0	8	0.918582138069376	0.511014390209921	2675	10
10244	3	0.436847974880166	0	8	0.918582138069376	0.511014390209921	2675	10
10245	3	0.211157174979044	0	8	0.918582138069376	0.511014390209921	2675	10
10246	1	0.535208684821792	1	8	0.918582138069376	0.511014390209921	2675	10
10247	2	-0.514726680782866	0	8	0.918582138069376	0.511014390209921	2675	10
10248	3	0.166788062191062	0	8	0.918582138069376	0.511014390209921	2675	10
10249	2	-0.49114505307978	0	8	0.918582138069376	0.511014390209921	2675	10
10250	5	0.210916659716264	0	8	0.918582138069376	0.511014390209921	2675	10
10252	1	0.534456775583499	1	8	0.918582138069376	0.511014390209921	2675	10
10253	0	0.03375480956143	0	8	0.918582138069376	0.511014390209921	2675	10
10254	6	-0.0370241235603613	0	8	0.918582138069376	0.511014390209921	2675	10
10256	0	-0.0487500903741355	0	8	0.918582138069376	0.511014390209921	2675	10
10257	0	0.0365810217699833	0	8	0.918582138069376	0.511014390209921	2675	10
10260	1	0.519523755249902	1	8	0.918582138069376	0.511014390209921	2675	10
10261	1	0.730760422063965	1	8	0.918582138069376	0.511014390209921	2675	10
10262	0	0.113269579854557	0	8	0.918582138069376	0.511014390209921	2675	10
10263	3	0.489117983186472	0	8	0.918582138069376	0.511014390209921	2675	10
10265	0	0.312335539628107	0	8	0.918582138069376	0.511014390209921	2675	10
10266	0	0.243887442519874	0	8	0.918582138069376	0.511014390209921	2675	10
10267	1	0.60725722941793	1	8	0.918582138069376	0.511014390209921	2675	10
10268	0	0.132186703815958	0	8	0.918582138069376	0.511014390209921	2675	10
10269	4	-0.094141642289148	0	8	0.918582138069376	0.511014390209921	2675	10
10270	5	0.435961003716239	0	8	0.918582138069376	0.511014390209921	2675	10
10272	1	0.627833907515999	1	8	0.918582138069376	0.511014390209921	2675	10
10273	3	-0.0280671814369481	0	8	0.918582138069376	0.511014390209921	2675	10
10274	1	0.484955677064786	1	8	0.918582138069376	0.511014390209921	2675	10
10276	2	-0.363231000394068	0	8	0.918582138069376	0.511014390209921	2675	10
10277	0	0.277830729149326	0	8	0.918582138069376	0.511014390209921	2675	10
10278	0	0.442284015991471	0	8	0.918582138069376	0.511014390209921	2675	10
10279	1	0.332427205431144	1	8	0.918582138069376	0.511014390209921	2675	10
10280	3	0.262360022515094	0	8	0.918582138069376	0.511014390209921	2675	10
10282	7	0.0881424260760229	0	8	0.918582138069376	0.511014390209921	2675	10
10284	3	-0.13648270555042	0	8	0.918582138069376	0.511014390209921	2675	10
10285	4	-0.0821375650790154	0	8	0.918582138069376	0.511014390209921	2675	10
10286	7	0.0140554517868066	0	8	0.918582138069376	0.511014390209921	2675	10
10287	1	0.734036837697608	1	8	0.918582138069376	0.511014390209921	2675	10
10288	1	0.791273433926584	1	8	0.918582138069376	0.511014390209921	2675	10
10289	2	-0.145551722914892	0	8	0.918582138069376	0.511014390209921	2675	10
10291	0	0.169756455748954	0	8	0.918582138069376	0.511014390209921	2675	10
10293	0	0.307926348504971	0	8	0.918582138069376	0.511014390209921	2675	10
10294	4	-0.172866953225149	0	8	0.918582138069376	0.511014390209921	2675	10
10295	3	0.0104042895001284	0	8	0.918582138069376	0.511014390209921	2675	10
10296	9	-0.039177058659712	0	8	0.918582138069376	0.511014390209921	2675	10
10297	5	0.366289302418177	0	8	0.918582138069376	0.511014390209921	2675	10
10298	6	-0.0450475240430774	0	8	0.918582138069376	0.511014390209921	2675	10
10299	6	-0.0168051117770569	0	8	0.918582138069376	0.511014390209921	2675	10
10300	0	0.292276145519508	0	8	0.918582138069376	0.511014390209921	2675	10
10302	0	-0.0553999677482078	0	8	0.918582138069376	0.511014390209921	2675	10
10308	0	0.457005276788499	0	8	0.918582138069376	0.511014390209921	2675	10
10309	1	0.675267018151186	1	8	0.918582138069376	0.511014390209921	2675	10
10311	0	-0.0149119771996609	0	8	0.918582138069376	0.511014390209921	2675	10
10312	1	0.754242547443747	1	8	0.918582138069376	0.511014390209921	2675	10
10313	1	0.416250445030676	1	8	0.918582138069376	0.511014390209921	2675	10
10314	0	-0.282397384296164	0	8	0.918582138069376	0.511014390209921	2675	10
10316	0	0.38345273753093	0	8	0.918582138069376	0.511014390209921	2675	10
10317	1	0.708912819484685	1	8	0.918582138069376	0.511014390209921	2675	10
10318	3	0.476520279306569	0	8	0.918582138069376	0.511014390209921	2675	10
10319	1	0.480005410309289	1	8	0.918582138069376	0.511014390209921	2675	10
10320	1	0.779079699622682	1	8	0.918582138069376	0.511014390209921	2675	10
10322	0	0.0732564628854807	0	8	0.918582138069376	0.511014390209921	2675	10
10324	0	0.16745767707079	0	8	0.918582138069376	0.511014390209921	2675	10
10325	0	-0.165312687570218	0	8	0.918582138069376	0.511014390209921	2675	10
10327	2	-0.417104462015351	0	8	0.918582138069376	0.511014390209921	2675	10
10328	3	0.218946501244504	0	8	0.918582138069376	0.511014390209921	2675	10
10329	7	0.0433196925233763	0	8	0.918582138069376	0.511014390209921	2675	10
10330	3	0.366239877116474	0	8	0.918582138069376	0.511014390209921	2675	10
10331	0	0.299106644126921	0	8	0.918582138069376	0.511014390209921	2675	10
10333	1	0.713239115956084	1	8	0.918582138069376	0.511014390209921	2675	10
10336	0	0.394330012438382	0	8	0.918582138069376	0.511014390209921	2675	10
10342	7	0.0943273040270593	0	8	0.918582138069376	0.511014390209921	2675	10
10343	6	0.003800398644415	0	8	0.918582138069376	0.511014390209921	2675	10
10345	0	0.0644185127160158	0	8	0.918582138069376	0.511014390209921	2675	10
10347	1	0.433036832400427	1	8	0.918582138069376	0.511014390209921	2675	10
10351	1	0.519674786052526	1	8	0.918582138069376	0.511014390209921	2675	10
10352	4	-0.149374088304314	0	8	0.918582138069376	0.511014390209921	2675	10
10360	3	0.358638250385957	0	8	0.918582138069376	0.511014390209921	2675	10
10362	3	0.169757948249975	0	8	0.918582138069376	0.511014390209921	2675	10
10363	0	0.298868172812028	0	8	0.918582138069376	0.511014390209921	2675	10
10365	0	0.315447510269423	0	8	0.918582138069376	0.511014390209921	2675	10
10367	4	-0.25351965435124	0	8	0.918582138069376	0.511014390209921	2675	10
10370	0	-0.0577525800914243	0	8	0.918582138069376	0.511014390209921	2675	10
10371	1	0.57502058830117	1	8	0.918582138069376	0.511014390209921	2675	10
10382	6	0.0441123170166383	0	8	0.918582138069376	0.511014390209921	2675	10
10383	2	-0.248630585347883	0	8	0.918582138069376	0.511014390209921	2675	10
10384	1	0.595217778571595	1	8	0.918582138069376	0.511014390209921	2675	10
10385	2	0.459514516343972	0	8	0.918582138069376	0.511014390209921	2675	10
10388	4	-0.132690693283771	0	8	0.918582138069376	0.511014390209921	2675	10
10389	0	-0.00851702791579849	0	8	0.918582138069376	0.511014390209921	2675	10
10390	0	0.152832034582863	0	8	0.918582138069376	0.511014390209921	2675	10
10391	8	-0.00398657456561466	0	8	0.918582138069376	0.511014390209921	2675	10
10392	1	0.642276911479512	1	8	0.918582138069376	0.511014390209921	2675	10
10393	7	-0.0319513167066554	0	8	0.918582138069376	0.511014390209921	2675	10
10395	0	0.342568794328103	0	8	0.918582138069376	0.511014390209921	2675	10
10396	0	0.32032345953892	0	8	0.918582138069376	0.511014390209921	2675	10
10397	2	-0.422434369073164	0	8	0.918582138069376	0.511014390209921	2675	10
10398	1	0.582891009321095	1	8	0.918582138069376	0.511014390209921	2675	10
10400	3	-0.0733980820846291	0	8	0.918582138069376	0.511014390209921	2675	10
10402	6	-0.12116500079511	0	8	0.918582138069376	0.511014390209921	2675	10
10404	2	-0.146965660959586	0	8	0.918582138069376	0.511014390209921	2675	10
10406	1	0.734026625241689	1	8	0.918582138069376	0.511014390209921	2675	10
10409	1	0.834301721508563	1	8	0.918582138069376	0.511014390209921	2675	10
10411	0	0.150244758759802	0	8	0.918582138069376	0.511014390209921	2675	10
10413	1	0.575007435621869	1	8	0.918582138069376	0.511014390209921	2675	10
10418	1	0.788823144771232	1	8	0.918582138069376	0.511014390209921	2675	10
10419	3	0.010844320520713	0	8	0.918582138069376	0.511014390209921	2675	10
10420	0	0.231850999906389	0	8	0.918582138069376	0.511014390209921	2675	10
10421	3	0.461519895726385	0	8	0.918582138069376	0.511014390209921	2675	10
10422	3	0.123160316424154	0	8	0.918582138069376	0.511014390209921	2675	10
10423	3	0.105692117574351	0	8	0.918582138069376	0.511014390209921	2675	10
10425	1	0.553500400957128	1	8	0.918582138069376	0.511014390209921	2675	10
10426	0	-0.0772692392063508	0	8	0.918582138069376	0.511014390209921	2675	10
10427	4	0.0478885510508753	0	8	0.918582138069376	0.511014390209921	2675	10
10428	2	-0.216304706530174	0	8	0.918582138069376	0.511014390209921	2675	10
10430	3	0.204865378354324	0	8	0.918582138069376	0.511014390209921	2675	10
10434	4	-0.150232035924546	0	8	0.918582138069376	0.511014390209921	2675	10
10435	1	0.303421600380168	1	8	0.918582138069376	0.511014390209921	2675	10
10436	3	0.173549509063659	0	8	0.918582138069376	0.511014390209921	2675	10
10438	7	-0.0909071956045089	0	8	0.918582138069376	0.511014390209921	2675	10
10439	1	0.576400617581711	1	8	0.918582138069376	0.511014390209921	2675	10
10440	7	0.143554955411782	0	8	0.918582138069376	0.511014390209921	2675	10
10443	0	-0.023321676668063	0	8	0.918582138069376	0.511014390209921	2675	10
10444	5	-0.022440092631425	0	8	0.918582138069376	0.511014390209921	2675	10
10445	3	0.451366161736516	0	8	0.918582138069376	0.511014390209921	2675	10
10446	0	0.373107380113591	0	8	0.918582138069376	0.511014390209921	2675	10
10449	2	-0.33733248027419	0	8	0.918582138069376	0.511014390209921	2675	10
10450	3	0.362163320244829	0	8	0.918582138069376	0.511014390209921	2675	10
10451	2	-0.110169449756497	0	8	0.918582138069376	0.511014390209921	2675	10
10455	2	-0.398898811344284	0	8	0.918582138069376	0.511014390209921	2675	10
10456	3	-0.0330493711740809	0	8	0.918582138069376	0.511014390209921	2675	10
10457	1	0.476357349865428	1	8	0.918582138069376	0.511014390209921	2675	10
10458	8	-0.232701270001471	0	8	0.918582138069376	0.511014390209921	2675	10
10460	1	0.714570851075617	1	8	0.918582138069376	0.511014390209921	2675	10
10461	0	0.03377935818081	0	8	0.918582138069376	0.511014390209921	2675	10
10462	1	0.756292589128194	1	8	0.918582138069376	0.511014390209921	2675	10
10463	4	-0.357284516314686	0	8	0.918582138069376	0.511014390209921	2675	10
10464	4	0.039324592376767	0	8	0.918582138069376	0.511014390209921	2675	10
10465	3	0.518632113548706	0	8	0.918582138069376	0.511014390209921	2675	10
10466	0	0.380554014729254	0	8	0.918582138069376	0.511014390209921	2675	10
10467	3	0.0651705534946522	0	8	0.918582138069376	0.511014390209921	2675	10
10468	1	0.514518614453355	1	8	0.918582138069376	0.511014390209921	2675	10
10469	2	-0.173037513556851	0	8	0.918582138069376	0.511014390209921	2675	10
10472	0	0.165936656631625	0	8	0.918582138069376	0.511014390209921	2675	10
10473	1	0.604082127722382	1	8	0.918582138069376	0.511014390209921	2675	10
10474	3	0.462117418051234	0	8	0.918582138069376	0.511014390209921	2675	10
10475	1	0.416053745830057	1	8	0.918582138069376	0.511014390209921	2675	10
10478	0	-0.078563499868139	0	8	0.918582138069376	0.511014390209921	2675	10
10479	0	-0.265266996138265	0	8	0.918582138069376	0.511014390209921	2675	10
10480	7	0.276331708613241	0	8	0.918582138069376	0.511014390209921	2675	10
10482	0	0.319935948993211	0	8	0.918582138069376	0.511014390209921	2675	10
10483	0	0.0491751746416851	0	8	0.918582138069376	0.511014390209921	2675	10
10484	0	0.123314682755761	0	8	0.918582138069376	0.511014390209921	2675	10
10486	0	0.168258450188652	0	8	0.918582138069376	0.511014390209921	2675	10
10487	1	0.73907178263207	1	8	0.918582138069376	0.511014390209921	2675	10
10488	3	0.0241698212664351	0	8	0.918582138069376	0.511014390209921	2675	10
10489	5	0.384492671280641	0	8	0.918582138069376	0.511014390209921	2675	10
10490	3	0.0433690865478708	0	8	0.918582138069376	0.511014390209921	2675	10
10492	0	0.291837156083102	0	8	0.918582138069376	0.511014390209921	2675	10
10493	1	0.46304432328419	1	8	0.918582138069376	0.511014390209921	2675	10
10494	3	0.324485899083609	0	8	0.918582138069376	0.511014390209921	2675	10
10495	0	0.422071858803697	0	8	0.918582138069376	0.511014390209921	2675	10
10497	2	-0.132673083603856	0	8	0.918582138069376	0.511014390209921	2675	10
10498	5	0.253081397464378	0	8	0.918582138069376	0.511014390209921	2675	10
10499	0	0.466809432235706	0	8	0.918582138069376	0.511014390209921	2675	10
10500	6	-0.00458430109311676	0	8	0.918582138069376	0.511014390209921	2675	10
10501	5	0.624379344652655	0	8	0.918582138069376	0.511014390209921	2675	10
10505	1	0.735319652261653	1	8	0.918582138069376	0.511014390209921	2675	10
10507	1	0.632178675674457	1	8	0.918582138069376	0.511014390209921	2675	10
10512	1	0.491497807491412	1	8	0.918582138069376	0.511014390209921	2675	10
10513	0	-0.0464492444480477	0	8	0.918582138069376	0.511014390209921	2675	10
10514	5	0.458824358792093	0	8	0.918582138069376	0.511014390209921	2675	10
10516	1	0.427071967928444	1	8	0.918582138069376	0.511014390209921	2675	10
10518	1	0.544511038997659	1	8	0.918582138069376	0.511014390209921	2675	10
10519	3	0.0796278516587307	0	8	0.918582138069376	0.511014390209921	2675	10
10520	1	0.455642108540507	1	8	0.918582138069376	0.511014390209921	2675	10
10521	1	0.51284887432593	1	8	0.918582138069376	0.511014390209921	2675	10
10522	3	0.298009958883176	0	8	0.918582138069376	0.511014390209921	2675	10
10523	5	0.154534794111578	0	8	0.918582138069376	0.511014390209921	2675	10
10524	3	-0.151389045090536	0	8	0.918582138069376	0.511014390209921	2675	10
10525	0	0.409920470799769	0	8	0.918582138069376	0.511014390209921	2675	10
10526	0	-0.0636756746640895	0	8	0.918582138069376	0.511014390209921	2675	10
10527	4	0.13317209120211	0	8	0.918582138069376	0.511014390209921	2675	10
10529	6	-0.056063436191283	0	8	0.918582138069376	0.511014390209921	2675	10
10531	0	-0.0945109646565726	0	8	0.918582138069376	0.511014390209921	2675	10
10533	1	0.593162236901931	1	8	0.918582138069376	0.511014390209921	2675	10
10534	3	0.136572693943802	0	8	0.918582138069376	0.511014390209921	2675	10
10535	3	0.230063789116764	0	8	0.918582138069376	0.511014390209921	2675	10
10536	1	0.433206742625485	1	8	0.918582138069376	0.511014390209921	2675	10
10538	1	0.640911950140083	1	8	0.918582138069376	0.511014390209921	2675	10
10539	3	0.24401022164444	0	8	0.918582138069376	0.511014390209921	2675	10
10540	1	0.589816866016805	1	8	0.918582138069376	0.511014390209921	2675	10
10541	0	0.360168354942264	0	8	0.918582138069376	0.511014390209921	2675	10
10542	2	-0.251528323105812	0	8	0.918582138069376	0.511014390209921	2675	10
10544	1	0.566998116044601	1	8	0.918582138069376	0.511014390209921	2675	10
10548	0	0.270330612019344	0	8	0.918582138069376	0.511014390209921	2675	10
10549	3	0.366089266355156	0	8	0.918582138069376	0.511014390209921	2675	10
10550	1	0.51918361331886	1	8	0.918582138069376	0.511014390209921	2675	10
10551	1	0.619694798428381	1	8	0.918582138069376	0.511014390209921	2675	10
10552	3	0.320667969972257	0	8	0.918582138069376	0.511014390209921	2675	10
10553	3	0.454741552210435	0	8	0.918582138069376	0.511014390209921	2675	10
10554	0	0.159074405697484	0	8	0.918582138069376	0.511014390209921	2675	10
10555	3	0.315740122523028	0	8	0.918582138069376	0.511014390209921	2675	10
10556	0	0.158197958405047	0	8	0.918582138069376	0.511014390209921	2675	10
10557	3	0.285838497702511	0	8	0.918582138069376	0.511014390209921	2675	10
10558	0	0.0473570813363585	0	8	0.918582138069376	0.511014390209921	2675	10
10559	4	-0.0256015410676559	0	8	0.918582138069376	0.511014390209921	2675	10
10560	4	-0.206398512223082	0	8	0.918582138069376	0.511014390209921	2675	10
10561	0	0.398775696905101	0	8	0.918582138069376	0.511014390209921	2675	10
10562	0	0.167671363006119	0	8	0.918582138069376	0.511014390209921	2675	10
10563	1	0.567393366216319	1	8	0.918582138069376	0.511014390209921	2675	10
10564	0	0.378691450924172	0	8	0.918582138069376	0.511014390209921	2675	10
10565	4	0.163665594853366	0	8	0.918582138069376	0.511014390209921	2675	10
10566	6	-0.193396129326496	0	8	0.918582138069376	0.511014390209921	2675	10
10567	3	0.267594256975047	0	8	0.918582138069376	0.511014390209921	2675	10
10568	1	0.589774816461076	1	8	0.918582138069376	0.511014390209921	2675	10
10570	1	0.593287753744156	1	8	0.918582138069376	0.511014390209921	2675	10
10572	3	0.161496714452238	0	8	0.918582138069376	0.511014390209921	2675	10
10573	3	0.0420247348287222	0	8	0.918582138069376	0.511014390209921	2675	10
10574	3	0.361216550211631	0	8	0.918582138069376	0.511014390209921	2675	10
10575	7	0.22354590598283	0	8	0.918582138069376	0.511014390209921	2675	10
10576	7	0.27433556966483	0	8	0.918582138069376	0.511014390209921	2675	10
10578	1	0.531291158970326	1	8	0.918582138069376	0.511014390209921	2675	10
10579	8	-0.250855871328642	0	8	0.918582138069376	0.511014390209921	2675	10
10580	0	0.201987612174847	0	8	0.918582138069376	0.511014390209921	2675	10
10581	1	0.708489736773234	1	8	0.918582138069376	0.511014390209921	2675	10
10584	0	0.348071924009373	0	8	0.918582138069376	0.511014390209921	2675	10
10585	9	-0.105809013591297	0	8	0.918582138069376	0.511014390209921	2675	10
10586	6	-0.00591889709217563	0	8	0.918582138069376	0.511014390209921	2675	10
10587	6	-0.131914722694645	0	8	0.918582138069376	0.511014390209921	2675	10
10589	3	0.400816078264393	0	8	0.918582138069376	0.511014390209921	2675	10
10590	0	0.220829325423315	0	8	0.918582138069376	0.511014390209921	2675	10
10591	3	-0.205827484012831	0	8	0.918582138069376	0.511014390209921	2675	10
10592	4	-0.200295001590421	0	8	0.918582138069376	0.511014390209921	2675	10
10594	10	0.305199403420598	0	8	0.918582138069376	0.511014390209921	2675	10
10598	3	0.0994327344294982	0	8	0.918582138069376	0.511014390209921	2675	10
10600	4	-0.110099749303107	0	8	0.918582138069376	0.511014390209921	2675	10
10602	1	0.504724548046497	1	8	0.918582138069376	0.511014390209921	2675	10
10603	5	0.29798868893987	0	8	0.918582138069376	0.511014390209921	2675	10
10606	4	-0.136054894621492	0	8	0.918582138069376	0.511014390209921	2675	10
10607	9	0.0109283476689273	0	8	0.918582138069376	0.511014390209921	2675	10
10609	0	0.446130092311393	0	8	0.918582138069376	0.511014390209921	2675	10
10610	2	0.0386615424808572	0	8	0.918582138069376	0.511014390209921	2675	10
10611	1	0.566687540053379	1	8	0.918582138069376	0.511014390209921	2675	10
10612	5	0.168833257716916	0	8	0.918582138069376	0.511014390209921	2675	10
10613	0	-0.176018953847084	0	8	0.918582138069376	0.511014390209921	2675	10
10614	0	-0.128242256941854	0	8	0.918582138069376	0.511014390209921	2675	10
10616	1	0.597786280805798	1	8	0.918582138069376	0.511014390209921	2675	10
10617	3	0.0256610168477491	0	8	0.918582138069376	0.511014390209921	2675	10
10618	4	-0.0975212675820041	0	8	0.918582138069376	0.511014390209921	2675	10
10621	4	0.100629010087227	0	8	0.918582138069376	0.511014390209921	2675	10
10625	0	0.130874410685754	0	8	0.918582138069376	0.511014390209921	2675	10
10627	1	0.532088123807438	1	8	0.918582138069376	0.511014390209921	2675	10
10629	0	-0.138522489373185	0	8	0.918582138069376	0.511014390209921	2675	10
10630	0	0.230571778106655	0	8	0.918582138069376	0.511014390209921	2675	10
10631	0	0.310930691224951	0	8	0.918582138069376	0.511014390209921	2675	10
10632	7	0.145966242542502	0	8	0.918582138069376	0.511014390209921	2675	10
10634	0	0.294548468411813	0	8	0.918582138069376	0.511014390209921	2675	10
10636	3	0.56274574654585	0	8	0.918582138069376	0.511014390209921	2675	10
10637	0	0.0872092538431673	0	8	0.918582138069376	0.511014390209921	2675	10
10640	4	-0.0499279619588006	0	8	0.918582138069376	0.511014390209921	2675	10
10641	0	0.0960071111360822	0	8	0.918582138069376	0.511014390209921	2675	10
10645	0	0.174232430967272	0	8	0.918582138069376	0.511014390209921	2675	10
10647	0	-0.099560041294844	0	8	0.918582138069376	0.511014390209921	2675	10
10650	0	0.346378413052028	0	8	0.918582138069376	0.511014390209921	2675	10
10651	7	-0.175386409670686	0	8	0.918582138069376	0.511014390209921	2675	10
10652	3	0.263016847264564	0	8	0.918582138069376	0.511014390209921	2675	10
10653	3	0.352701962162009	0	8	0.918582138069376	0.511014390209921	2675	10
10654	3	-0.141944676136605	0	8	0.918582138069376	0.511014390209921	2675	10
10656	0	-0.158573060756226	0	8	0.918582138069376	0.511014390209921	2675	10
10657	0	0.295797928102339	0	8	0.918582138069376	0.511014390209921	2675	10
10658	1	0.600292849328659	1	8	0.918582138069376	0.511014390209921	2675	10
10659	1	0.639932047177751	1	8	0.918582138069376	0.511014390209921	2675	10
10663	1	0.702232482305089	1	8	0.918582138069376	0.511014390209921	2675	10
10664	0	0.427260125500781	0	8	0.918582138069376	0.511014390209921	2675	10
10666	1	0.550233806554251	1	8	0.918582138069376	0.511014390209921	2675	10
10667	0	0.0961243448835916	0	8	0.918582138069376	0.511014390209921	2675	10
10668	7	-0.1048610982831	0	8	0.918582138069376	0.511014390209921	2675	10
10669	0	-0.0394930557561203	0	8	0.918582138069376	0.511014390209921	2675	10
10670	2	-0.05045222418414	0	8	0.918582138069376	0.511014390209921	2675	10
10671	7	-0.119914707244241	0	8	0.918582138069376	0.511014390209921	2675	10
10672	0	0.459906797564072	0	8	0.918582138069376	0.511014390209921	2675	10
10677	1	0.505741084309022	1	8	0.918582138069376	0.511014390209921	2675	10
10678	0	-0.182527396917946	0	8	0.918582138069376	0.511014390209921	2675	10
10681	0	-0.240078955239481	0	8	0.918582138069376	0.511014390209921	2675	10
10682	2	-0.253158388891075	0	8	0.918582138069376	0.511014390209921	2675	10
10686	0	0.137835722150657	0	8	0.918582138069376	0.511014390209921	2675	10
10687	0	0.365535898698339	0	8	0.918582138069376	0.511014390209921	2675	10
10690	0	0.454358595033342	0	8	0.918582138069376	0.511014390209921	2675	10
10691	1	0.639805280234581	1	8	0.918582138069376	0.511014390209921	2675	10
10693	4	-0.286867573857857	0	8	0.918582138069376	0.511014390209921	2675	10
10694	0	0.158300868745489	0	8	0.918582138069376	0.511014390209921	2675	10
10695	1	0.700315242204033	1	8	0.918582138069376	0.511014390209921	2675	10
10699	0	0.209948061651002	0	8	0.918582138069376	0.511014390209921	2675	10
10712	5	0.0142020225683724	0	8	0.918582138069376	0.511014390209921	2675	10
10713	0	0.320281666254331	0	8	0.918582138069376	0.511014390209921	2675	10
10714	2	-0.21177086183017	0	8	0.918582138069376	0.511014390209921	2675	10
10721	1	0.583435683906696	1	8	0.918582138069376	0.511014390209921	2675	10
10723	9	-0.0583840536284422	0	8	0.918582138069376	0.511014390209921	2675	10
10724	0	0.19847342075236	0	8	0.918582138069376	0.511014390209921	2675	10
10725	1	0.56115441937761	1	8	0.918582138069376	0.511014390209921	2675	10
10726	3	0.351206031301283	0	8	0.918582138069376	0.511014390209921	2675	10
10728	4	-0.0888590994149438	0	8	0.918582138069376	0.511014390209921	2675	10
10730	0	0.300098543954426	0	8	0.918582138069376	0.511014390209921	2675	10
10733	1	0.526766708102401	1	8	0.918582138069376	0.511014390209921	2675	10
10734	1	0.453394340445696	1	8	0.918582138069376	0.511014390209921	2675	10
10735	4	-0.107395626024977	0	8	0.918582138069376	0.511014390209921	2675	10
10741	0	-0.195064914011532	0	8	0.918582138069376	0.511014390209921	2675	10
10742	1	0.532489165226484	1	8	0.918582138069376	0.511014390209921	2675	10
10745	0	0.435637991342925	0	8	0.918582138069376	0.511014390209921	2675	10
10746	0	0.196382671237952	0	8	0.918582138069376	0.511014390209921	2675	10
10747	0	0.381288558385524	0	8	0.918582138069376	0.511014390209921	2675	10
10749	0	0.206537620864156	0	8	0.918582138069376	0.511014390209921	2675	10
10750	6	-0.083417055513697	0	8	0.918582138069376	0.511014390209921	2675	10
10752	4	0.0413483209043785	0	8	0.918582138069376	0.511014390209921	2675	10
10755	3	0.426416926441161	0	8	0.918582138069376	0.511014390209921	2675	10
10758	1	0.747789127116219	1	8	0.918582138069376	0.511014390209921	2675	10
10762	1	0.716406887942229	1	8	0.918582138069376	0.511014390209921	2675	10
10763	8	-0.298175107111434	0	8	0.918582138069376	0.511014390209921	2675	10
10765	1	0.612678923265672	1	8	0.918582138069376	0.511014390209921	2675	10
10766	4	0.127522518198662	0	8	0.918582138069376	0.511014390209921	2675	10
10767	4	-0.00777855218683394	0	8	0.918582138069376	0.511014390209921	2675	10
10768	4	-0.249232069897804	0	8	0.918582138069376	0.511014390209921	2675	10
10769	1	0.575810832511193	1	8	0.918582138069376	0.511014390209921	2675	10
10771	0	0.205205061192279	0	8	0.918582138069376	0.511014390209921	2675	10
10772	0	-0.0179601948725024	0	8	0.918582138069376	0.511014390209921	2675	10
10773	0	0.15368608106565	0	8	0.918582138069376	0.511014390209921	2675	10
10775	3	0.0470386545228138	0	8	0.918582138069376	0.511014390209921	2675	10
10776	4	0.0173019072219856	0	8	0.918582138069376	0.511014390209921	2675	10
10777	0	-0.136758081830089	0	8	0.918582138069376	0.511014390209921	2675	10
10780	0	0.419034203946223	0	8	0.918582138069376	0.511014390209921	2675	10
10781	1	0.677894542138449	1	8	0.918582138069376	0.511014390209921	2675	10
10782	0	0.238820535897763	0	8	0.918582138069376	0.511014390209921	2675	10
10785	5	0.356190694122544	0	8	0.918582138069376	0.511014390209921	2675	10
10786	2	-0.443403453684543	0	8	0.918582138069376	0.511014390209921	2675	10
10787	4	-0.227653762137501	0	8	0.918582138069376	0.511014390209921	2675	10
10788	8	-0.229176775964254	0	8	0.918582138069376	0.511014390209921	2675	10
10791	3	0.513243342181871	0	8	0.918582138069376	0.511014390209921	2675	10
10793	0	0.381076549571597	0	8	0.918582138069376	0.511014390209921	2675	10
10794	1	0.639062320056393	1	8	0.918582138069376	0.511014390209921	2675	10
10795	4	-0.127995668423235	0	8	0.918582138069376	0.511014390209921	2675	10
10797	1	0.681323431556915	1	8	0.918582138069376	0.511014390209921	2675	10
10801	10	0.526796705452009	0	8	0.918582138069376	0.511014390209921	2675	10
10802	0	0.0578794783703407	0	8	0.918582138069376	0.511014390209921	2675	10
10803	0	0.156555868115336	0	8	0.918582138069376	0.511014390209921	2675	10
10807	3	0.249988673889664	0	8	0.918582138069376	0.511014390209921	2675	10
10808	0	-0.0616917951486538	0	8	0.918582138069376	0.511014390209921	2675	10
10810	0	0.194996316804524	0	8	0.918582138069376	0.511014390209921	2675	10
10817	0	0.0981692622917168	0	8	0.918582138069376	0.511014390209921	2675	10
10818	0	0.30539496481782	0	8	0.918582138069376	0.511014390209921	2675	10
10825	0	0.241262400710791	0	8	0.918582138069376	0.511014390209921	2675	10
10826	6	0.100230236350267	0	8	0.918582138069376	0.511014390209921	2675	10
10827	7	0.195951436687557	0	8	0.918582138069376	0.511014390209921	2675	10
10840	2	-0.470763053845368	0	8	0.918582138069376	0.511014390209921	2675	10
10841	2	-0.332443979399316	0	8	0.918582138069376	0.511014390209921	2675	10
10844	0	-0.262339833179905	0	8	0.918582138069376	0.511014390209921	2675	10
10845	4	-0.180962774153889	0	8	0.918582138069376	0.511014390209921	2675	10
10846	0	-0.16822693254134	0	8	0.918582138069376	0.511014390209921	2675	10
10847	5	0.476230428633791	0	8	0.918582138069376	0.511014390209921	2675	10
10848	5	0.180366358405698	0	8	0.918582138069376	0.511014390209921	2675	10
10849	5	0.347294964768987	0	8	0.918582138069376	0.511014390209921	2675	10
10855	1	0.45385150279295	1	8	0.918582138069376	0.511014390209921	2675	10
10856	3	0.047933240727045	0	8	0.918582138069376	0.511014390209921	2675	10
10857	2	-0.410003589892607	0	8	0.918582138069376	0.511014390209921	2675	10
10858	2	-0.29768216818126	0	8	0.918582138069376	0.511014390209921	2675	10
10861	6	-0.075097133098108	0	8	0.918582138069376	0.511014390209921	2675	10
10863	1	0.397968222391342	1	8	0.918582138069376	0.511014390209921	2675	10
10864	2	-0.250911408168538	0	8	0.918582138069376	0.511014390209921	2675	10
10865	1	0.655331530807205	1	8	0.918582138069376	0.511014390209921	2675	10
10867	2	-0.200765737920665	0	8	0.918582138069376	0.511014390209921	2675	10
10868	1	0.455075866984239	1	8	0.918582138069376	0.511014390209921	2675	10
10869	5	0.16818079699505	0	8	0.918582138069376	0.511014390209921	2675	10
10871	1	0.588969435494651	1	8	0.918582138069376	0.511014390209921	2675	10
10873	0	-0.0896998527145628	0	8	0.918582138069376	0.511014390209921	2675	10
10875	1	0.539454342565161	1	8	0.918582138069376	0.511014390209921	2675	10
10882	0	-0.170578991990853	0	8	0.918582138069376	0.511014390209921	2675	10
10884	0	-0.373064609662037	0	8	0.918582138069376	0.511014390209921	2675	10
10885	0	0.348595440601921	0	8	0.918582138069376	0.511014390209921	2675	10
10891	4	-0.244795250932177	0	8	0.918582138069376	0.511014390209921	2675	10
10892	1	0.467686970690665	1	8	0.918582138069376	0.511014390209921	2675	10
10893	0	0.011093491441356	0	8	0.918582138069376	0.511014390209921	2675	10
10894	1	0.519726757968066	1	8	0.918582138069376	0.511014390209921	2675	10
10897	3	-0.0529067812871417	0	8	0.918582138069376	0.511014390209921	2675	10
10898	3	0.274994503861005	0	8	0.918582138069376	0.511014390209921	2675	10
10899	3	0.211018773420317	0	8	0.918582138069376	0.511014390209921	2675	10
10900	0	0.336334054759769	0	8	0.918582138069376	0.511014390209921	2675	10
10902	0	0.432429984164763	0	8	0.918582138069376	0.511014390209921	2675	10
10904	2	-0.261133114477151	0	8	0.918582138069376	0.511014390209921	2675	10
10905	3	0.358231488376758	0	8	0.918582138069376	0.511014390209921	2675	10
10906	1	0.69255264914559	1	8	0.918582138069376	0.511014390209921	2675	10
10907	3	0.285504178724148	0	8	0.918582138069376	0.511014390209921	2675	10
10908	5	0.418941107835706	0	8	0.918582138069376	0.511014390209921	2675	10
10912	2	-0.265643211361659	0	8	0.918582138069376	0.511014390209921	2675	10
10913	2	-0.0388024140145417	0	8	0.918582138069376	0.511014390209921	2675	10
10914	0	0.238380017390094	0	8	0.918582138069376	0.511014390209921	2675	10
10915	0	0.193299927732014	0	8	0.918582138069376	0.511014390209921	2675	10
10916	3	0.138524902372581	0	8	0.918582138069376	0.511014390209921	2675	10
10920	3	0.0503838338071856	0	8	0.918582138069376	0.511014390209921	2675	10
10921	1	0.81311986353539	1	8	0.918582138069376	0.511014390209921	2675	10
10922	3	0.206233390534877	0	8	0.918582138069376	0.511014390209921	2675	10
10923	7	0.211703482762639	0	8	0.918582138069376	0.511014390209921	2675	10
10924	4	-0.298252274043442	0	8	0.918582138069376	0.511014390209921	2675	10
10926	0	0.271256978865418	0	8	0.918582138069376	0.511014390209921	2675	10
10927	4	-0.0826151547809397	0	8	0.918582138069376	0.511014390209921	2675	10
10928	0	0.215411607513122	0	8	0.918582138069376	0.511014390209921	2675	10
10929	3	0.0345692268847663	0	8	0.918582138069376	0.511014390209921	2675	10
10930	0	0.0934604856798118	0	8	0.918582138069376	0.511014390209921	2675	10
10935	2	-0.279822692907791	0	8	0.918582138069376	0.511014390209921	2675	10
10936	1	0.474349561555972	1	8	0.918582138069376	0.511014390209921	2675	10
10938	2	-0.256221144239349	0	8	0.918582138069376	0.511014390209921	2675	10
10939	2	-0.182762715503436	0	8	0.918582138069376	0.511014390209921	2675	10
10940	0	0.0416213207078358	0	8	0.918582138069376	0.511014390209921	2675	10
10943	1	0.62500641334916	1	8	0.918582138069376	0.511014390209921	2675	10
10944	7	0.235976572032272	0	8	0.918582138069376	0.511014390209921	2675	10
10945	3	0.341462155568547	0	8	0.918582138069376	0.511014390209921	2675	10
10946	7	0.490564454217038	0	8	0.918582138069376	0.511014390209921	2675	10
10947	0	0.125668871790975	0	8	0.918582138069376	0.511014390209921	2675	10
10948	1	0.499138580084837	1	8	0.918582138069376	0.511014390209921	2675	10
10949	0	0.282458299399033	0	8	0.918582138069376	0.511014390209921	2675	10
10950	0	0.359216422115474	0	8	0.918582138069376	0.511014390209921	2675	10
10952	3	0.339959780716308	0	8	0.918582138069376	0.511014390209921	2675	10
10953	0	-0.0598014161755641	0	8	0.918582138069376	0.511014390209921	2675	10
10955	4	0.252679065229326	0	8	0.918582138069376	0.511014390209921	2675	10
10956	0	0.236738765238897	0	8	0.918582138069376	0.511014390209921	2675	10
10957	1	0.39090773692724	1	8	0.918582138069376	0.511014390209921	2675	10
10959	7	0.558456251356583	0	8	0.918582138069376	0.511014390209921	2675	10
10960	3	0.4059041487008	0	8	0.918582138069376	0.511014390209921	2675	10
10961	3	0.134933628587737	0	8	0.918582138069376	0.511014390209921	2675	10
10962	1	0.533208828256972	1	8	0.918582138069376	0.511014390209921	2675	10
10963	3	0.257941722581504	0	8	0.918582138069376	0.511014390209921	2675	10
10964	0	0.23588163037221	0	8	0.918582138069376	0.511014390209921	2675	10
10966	2	-0.286719216865256	0	8	0.918582138069376	0.511014390209921	2675	10
10970	1	0.724713775253415	1	8	0.918582138069376	0.511014390209921	2675	10
10972	1	0.596625780853744	1	8	0.918582138069376	0.511014390209921	2675	10
10973	1	0.493686419193013	1	8	0.918582138069376	0.511014390209921	2675	10
10974	3	-0.0591811651911812	0	8	0.918582138069376	0.511014390209921	2675	10
10975	3	0.11872811603741	0	8	0.918582138069376	0.511014390209921	2675	10
10978	7	0.21750592324242	0	8	0.918582138069376	0.511014390209921	2675	10
10979	8	-0.171149759705282	0	8	0.918582138069376	0.511014390209921	2675	10
10980	3	0.100972074055614	0	8	0.918582138069376	0.511014390209921	2675	10
10981	0	0.368637495447248	0	8	0.918582138069376	0.511014390209921	2675	10
10982	0	0.248602788561167	0	8	0.918582138069376	0.511014390209921	2675	10
10983	1	0.474945392753614	1	8	0.918582138069376	0.511014390209921	2675	10
10985	1	0.555062489019618	1	8	0.918582138069376	0.511014390209921	2675	10
10987	0	-0.150211166906909	0	8	0.918582138069376	0.511014390209921	2675	10
10988	0	0.108604961798339	0	8	0.918582138069376	0.511014390209921	2675	10
10989	4	-0.191542957697777	0	8	0.918582138069376	0.511014390209921	2675	10
10990	1	0.688231193450338	1	8	0.918582138069376	0.511014390209921	2675	10
10991	2	-0.0794675271197812	0	8	0.918582138069376	0.511014390209921	2675	10
10992	1	0.491194063426991	1	8	0.918582138069376	0.511014390209921	2675	10
10993	1	0.533708971281266	1	8	0.918582138069376	0.511014390209921	2675	10
10994	2	-0.281653604206413	0	8	0.918582138069376	0.511014390209921	2675	10
10998	3	0.0788069326742064	0	8	0.918582138069376	0.511014390209921	2675	10
11000	1	0.59979638990107	1	8	0.918582138069376	0.511014390209921	2675	10
11001	2	-0.439308348369918	0	8	0.918582138069376	0.511014390209921	2675	10
11004	1	0.636088197288041	1	8	0.918582138069376	0.511014390209921	2675	10
11006	1	0.663321764558968	1	8	0.918582138069376	0.511014390209921	2675	10
11007	1	0.478763690420482	1	8	0.918582138069376	0.511014390209921	2675	10
11009	1	0.61779991450427	1	8	0.918582138069376	0.511014390209921	2675	10
11010	1	0.74678537428486	1	8	0.918582138069376	0.511014390209921	2675	10
11011	0	0.445052993259026	0	8	0.918582138069376	0.511014390209921	2675	10
11014	3	0.116768222426347	0	8	0.918582138069376	0.511014390209921	2675	10
11015	1	0.424246414628812	1	8	0.918582138069376	0.511014390209921	2675	10
11016	5	0.432566639551807	0	8	0.918582138069376	0.511014390209921	2675	10
11017	0	-0.0024858911609155	0	8	0.918582138069376	0.511014390209921	2675	10
11018	3	0.196549277660619	0	8	0.918582138069376	0.511014390209921	2675	10
11019	2	-0.292857929319153	0	8	0.918582138069376	0.511014390209921	2675	10
11020	3	0.0755383120487249	0	8	0.918582138069376	0.511014390209921	2675	10
11021	1	0.615319447870809	1	8	0.918582138069376	0.511014390209921	2675	10
11022	1	0.567591339664173	1	8	0.918582138069376	0.511014390209921	2675	10
11027	1	0.700325270416786	1	8	0.918582138069376	0.511014390209921	2675	10
11030	0	0.182612226414696	0	8	0.918582138069376	0.511014390209921	2675	10
11031	1	0.601673156388845	1	8	0.918582138069376	0.511014390209921	2675	10
11033	0	0.056799638091955	0	8	0.918582138069376	0.511014390209921	2675	10
11034	7	-0.0212576771799136	0	8	0.918582138069376	0.511014390209921	2675	10
11040	1	0.680920660811841	1	8	0.918582138069376	0.511014390209921	2675	10
11041	8	-0.253488214700628	0	8	0.918582138069376	0.511014390209921	2675	10
11043	0	-0.0113819773175698	0	8	0.918582138069376	0.511014390209921	2675	10
11044	1	0.387505080352564	1	8	0.918582138069376	0.511014390209921	2675	10
11046	2	-0.181191800123903	0	8	0.918582138069376	0.511014390209921	2675	10
11047	3	0.240091048543942	0	8	0.918582138069376	0.511014390209921	2675	10
11051	4	-0.20471445116195	0	8	0.918582138069376	0.511014390209921	2675	10
11052	0	0.295763653339222	0	8	0.918582138069376	0.511014390209921	2675	10
11054	1	0.568227979203749	1	8	0.918582138069376	0.511014390209921	2675	10
11056	1	0.25310670948162	1	8	0.918582138069376	0.511014390209921	2675	10
11057	1	0.491279644575227	1	8	0.918582138069376	0.511014390209921	2675	10
11059	0	0.222344764492089	0	8	0.918582138069376	0.511014390209921	2675	10
11060	5	0.314981502907893	0	8	0.918582138069376	0.511014390209921	2675	10
11062	0	-0.267713529233308	0	8	0.918582138069376	0.511014390209921	2675	10
11064	1	0.671259889685724	1	8	0.918582138069376	0.511014390209921	2675	10
11065	1	0.490406591797758	1	8	0.918582138069376	0.511014390209921	2675	10
11066	3	0.235035591200157	0	8	0.918582138069376	0.511014390209921	2675	10
11067	1	0.602780968368329	1	8	0.918582138069376	0.511014390209921	2675	10
11068	3	0.278702211992576	0	8	0.918582138069376	0.511014390209921	2675	10
11069	8	-0.131938405121142	0	8	0.918582138069376	0.511014390209921	2675	10
11070	2	-0.163114407013262	0	8	0.918582138069376	0.511014390209921	2675	10
11072	0	0.111002623174631	0	8	0.918582138069376	0.511014390209921	2675	10
11073	1	0.474478842740647	1	8	0.918582138069376	0.511014390209921	2675	10
11075	1	0.418942049557536	1	8	0.918582138069376	0.511014390209921	2675	10
11076	6	-0.119927024322904	0	8	0.918582138069376	0.511014390209921	2675	10
11078	1	0.735731154026223	1	8	0.918582138069376	0.511014390209921	2675	10
11079	3	0.130173178724154	0	8	0.918582138069376	0.511014390209921	2675	10
11080	0	0.016952503692406	0	8	0.918582138069376	0.511014390209921	2675	10
11082	8	-0.224802519442504	0	8	0.918582138069376	0.511014390209921	2675	10
11083	1	0.622576775780977	1	8	0.918582138069376	0.511014390209921	2675	10
11092	0	-0.316514172912113	0	8	0.918582138069376	0.511014390209921	2675	10
11093	5	0.0622067058071295	0	8	0.918582138069376	0.511014390209921	2675	10
11094	2	-0.0234172714165734	0	8	0.918582138069376	0.511014390209921	2675	10
11095	0	-0.126389981125289	0	8	0.918582138069376	0.511014390209921	2675	10
11096	1	0.544206834679008	1	8	0.918582138069376	0.511014390209921	2675	10
11097	4	0.0854619635302187	0	8	0.918582138069376	0.511014390209921	2675	10
11098	1	0.521400786025758	1	8	0.918582138069376	0.511014390209921	2675	10
11099	0	0.156881623589389	0	8	0.918582138069376	0.511014390209921	2675	10
11100	5	0.619171711289737	0	8	0.918582138069376	0.511014390209921	2675	10
11102	2	-0.164834600682684	0	8	0.918582138069376	0.511014390209921	2675	10
11103	4	-0.0792009408199019	0	8	0.918582138069376	0.511014390209921	2675	10
11104	4	-0.0841455697505322	0	8	0.918582138069376	0.511014390209921	2675	10
11107	0	0.154104340806905	0	8	0.918582138069376	0.511014390209921	2675	10
11108	0	-0.112763855462954	0	8	0.918582138069376	0.511014390209921	2675	10
11116	0	-0.209713413820957	0	8	0.918582138069376	0.511014390209921	2675	10
11117	1	0.683441582433639	1	8	0.918582138069376	0.511014390209921	2675	10
11118	0	0.306938293894006	0	8	0.918582138069376	0.511014390209921	2675	10
11119	1	0.698753866329489	1	8	0.918582138069376	0.511014390209921	2675	10
11120	1	0.587639935104761	1	8	0.918582138069376	0.511014390209921	2675	10
11122	0	0.0147978106076834	0	8	0.918582138069376	0.511014390209921	2675	10
11123	1	0.692006487120067	1	8	0.918582138069376	0.511014390209921	2675	10
11124	2	-0.217423200493933	0	8	0.918582138069376	0.511014390209921	2675	10
11127	4	0.0237253888613233	0	8	0.918582138069376	0.511014390209921	2675	10
11129	5	0.241366048558914	0	8	0.918582138069376	0.511014390209921	2675	10
11130	1	0.428924423539353	1	8	0.918582138069376	0.511014390209921	2675	10
11132	0	0.412787787926196	0	8	0.918582138069376	0.511014390209921	2675	10
11133	0	0.0621544759354127	0	8	0.918582138069376	0.511014390209921	2675	10
11135	1	0.520640561442243	1	8	0.918582138069376	0.511014390209921	2675	10
11136	2	-0.430276678424992	0	8	0.918582138069376	0.511014390209921	2675	10
11137	4	-0.0254532680579933	0	8	0.918582138069376	0.511014390209921	2675	10
11138	1	0.627646550115362	1	8	0.918582138069376	0.511014390209921	2675	10
11142	3	0.028386497079889	0	8	0.918582138069376	0.511014390209921	2675	10
11145	3	-0.169517471964915	0	8	0.918582138069376	0.511014390209921	2675	10
11146	0	0.0675510666672716	0	8	0.918582138069376	0.511014390209921	2675	10
11147	2	-0.075764309230052	0	8	0.918582138069376	0.511014390209921	2675	10
11148	0	-0.277340824108449	0	8	0.918582138069376	0.511014390209921	2675	10
11151	1	0.803225060068101	1	8	0.918582138069376	0.511014390209921	2675	10
11152	3	0.013527562924988	0	8	0.918582138069376	0.511014390209921	2675	10
11153	0	0.326877711743229	0	8	0.918582138069376	0.511014390209921	2675	10
11154	0	0.427837524738544	0	8	0.918582138069376	0.511014390209921	2675	10
11155	0	0.109379308959129	0	8	0.918582138069376	0.511014390209921	2675	10
11156	1	0.552384783628108	1	8	0.918582138069376	0.511014390209921	2675	10
11157	0	-0.210137041158613	0	8	0.918582138069376	0.511014390209921	2675	10
11160	2	-0.343559771466305	0	8	0.918582138069376	0.511014390209921	2675	10
11161	3	0.0591121977126271	0	8	0.918582138069376	0.511014390209921	2675	10
11162	2	-0.180549365236962	0	8	0.918582138069376	0.511014390209921	2675	10
11168	0	0.0974687090310145	0	8	0.918582138069376	0.511014390209921	2675	10
11169	0	0.395977671376462	0	8	0.918582138069376	0.511014390209921	2675	10
11171	7	-0.222557769175858	0	8	0.918582138069376	0.511014390209921	2675	10
11174	0	0.0818774292076895	0	8	0.918582138069376	0.511014390209921	2675	10
11176	5	0.549399866292773	0	8	0.918582138069376	0.511014390209921	2675	10
11177	1	0.527608790169517	1	8	0.918582138069376	0.511014390209921	2675	10
11178	1	0.429827123908326	1	8	0.918582138069376	0.511014390209921	2675	10
11179	6	0.0259304536463541	0	8	0.918582138069376	0.511014390209921	2675	10
11180	5	0.226184431124328	0	8	0.918582138069376	0.511014390209921	2675	10
11181	2	-0.291433312420468	0	8	0.918582138069376	0.511014390209921	2675	10
11182	1	0.782933654876809	1	8	0.918582138069376	0.511014390209921	2675	10
11183	0	0.306455243173833	0	8	0.918582138069376	0.511014390209921	2675	10
11184	1	0.809961668037314	1	8	0.918582138069376	0.511014390209921	2675	10
11186	10	0.639454731092724	0	8	0.918582138069376	0.511014390209921	2675	10
11187	0	0.28463986069831	0	8	0.918582138069376	0.511014390209921	2675	10
11188	5	0.358830774060371	0	8	0.918582138069376	0.511014390209921	2675	10
11189	6	-0.10783662431971	0	8	0.918582138069376	0.511014390209921	2675	10
11190	1	0.750750087489931	1	8	0.918582138069376	0.511014390209921	2675	10
11193	4	-0.0724747956044063	0	8	0.918582138069376	0.511014390209921	2675	10
11194	5	-0.0196739072065393	0	8	0.918582138069376	0.511014390209921	2675	10
11196	0	0.488985264325388	0	8	0.918582138069376	0.511014390209921	2675	10
11198	1	0.471036790136982	1	8	0.918582138069376	0.511014390209921	2675	10
11201	4	-0.168848589286041	0	8	0.918582138069376	0.511014390209921	2675	10
11212	2	-0.208895139952262	0	8	0.918582138069376	0.511014390209921	2675	10
11213	1	0.603880811553243	1	8	0.918582138069376	0.511014390209921	2675	10
11214	1	0.484130938317117	1	8	0.918582138069376	0.511014390209921	2675	10
11215	0	0.0972686523310386	0	8	0.918582138069376	0.511014390209921	2675	10
11216	0	0.418993747974569	0	8	0.918582138069376	0.511014390209921	2675	10
11221	1	0.647041387368842	1	8	0.918582138069376	0.511014390209921	2675	10
11222	7	-0.120706606382371	0	8	0.918582138069376	0.511014390209921	2675	10
11226	1	0.681187058783683	1	8	0.918582138069376	0.511014390209921	2675	10
11230	0	0.306541739565058	0	8	0.918582138069376	0.511014390209921	2675	10
11231	4	0.140148073854955	0	8	0.918582138069376	0.511014390209921	2675	10
11232	1	0.42846229014748	1	8	0.918582138069376	0.511014390209921	2675	10
11234	0	0.0463135095333467	0	8	0.918582138069376	0.511014390209921	2675	10
11235	0	0.0229417860428333	0	8	0.918582138069376	0.511014390209921	2675	10
11236	4	0.0042721879808082	0	8	0.918582138069376	0.511014390209921	2675	10
11237	1	0.629236631095336	1	8	0.918582138069376	0.511014390209921	2675	10
11238	0	0.146813662787398	0	8	0.918582138069376	0.511014390209921	2675	10
11240	0	-0.0616070547029383	0	8	0.918582138069376	0.511014390209921	2675	10
11245	1	0.709390944927784	1	8	0.918582138069376	0.511014390209921	2675	10
11248	1	0.518104930770282	1	8	0.918582138069376	0.511014390209921	2675	10
11253	1	0.326044236240339	1	8	0.918582138069376	0.511014390209921	2675	10
11258	3	0.0794585519636412	0	8	0.918582138069376	0.511014390209921	2675	10
11259	1	0.523744594950112	1	8	0.918582138069376	0.511014390209921	2675	10
11260	1	0.439935705458729	1	8	0.918582138069376	0.511014390209921	2675	10
11261	4	-0.0260555622393735	0	8	0.918582138069376	0.511014390209921	2675	10
11262	1	0.658614326091999	1	8	0.918582138069376	0.511014390209921	2675	10
11264	0	-0.0534681622777675	0	8	0.918582138069376	0.511014390209921	2675	10
11266	7	0.350407487542638	0	8	0.918582138069376	0.511014390209921	2675	10
11267	3	0.421137219055287	0	8	0.918582138069376	0.511014390209921	2675	10
11273	5	0.354613927909555	0	8	0.918582138069376	0.511014390209921	2675	10
11275	0	0.248221048111542	0	8	0.918582138069376	0.511014390209921	2675	10
11276	1	0.503751876828	1	8	0.918582138069376	0.511014390209921	2675	10
11278	0	0.146158826486339	0	8	0.918582138069376	0.511014390209921	2675	10
11279	1	0.447270642622874	1	8	0.918582138069376	0.511014390209921	2675	10
11280	0	-0.183072784034607	0	8	0.918582138069376	0.511014390209921	2675	10
11282	1	0.422557641614898	1	8	0.918582138069376	0.511014390209921	2675	10
11284	10	0.342574360291522	0	8	0.918582138069376	0.511014390209921	2675	10
11285	3	0.428294201889505	0	8	0.918582138069376	0.511014390209921	2675	10
11309	1	0.641042431858214	1	8	0.918582138069376	0.511014390209921	2675	10
11311	0	0.419641476794768	0	8	0.918582138069376	0.511014390209921	2675	10
11313	3	0.408129128464039	0	8	0.918582138069376	0.511014390209921	2675	10
11314	1	0.777363384275575	1	8	0.918582138069376	0.511014390209921	2675	10
11315	3	0.192509470616882	0	8	0.918582138069376	0.511014390209921	2675	10
11316	3	0.293862777827734	0	8	0.918582138069376	0.511014390209921	2675	10
11318	5	0.326246301341411	0	8	0.918582138069376	0.511014390209921	2675	10
11319	4	0.032205126721257	0	8	0.918582138069376	0.511014390209921	2675	10
11320	0	0.116518994797827	0	8	0.918582138069376	0.511014390209921	2675	10
11321	3	0.445558383654313	0	8	0.918582138069376	0.511014390209921	2675	10
11322	1	0.716951940973838	1	8	0.918582138069376	0.511014390209921	2675	10
11325	1	0.515590837748067	1	8	0.918582138069376	0.511014390209921	2675	10
11326	1	0.732370001482613	1	8	0.918582138069376	0.511014390209921	2675	10
11329	0	0.270944915433843	0	8	0.918582138069376	0.511014390209921	2675	10
11331	3	0.159646717266477	0	8	0.918582138069376	0.511014390209921	2675	10
11332	2	-0.253496444009774	0	8	0.918582138069376	0.511014390209921	2675	10
11333	3	0.419837954908523	0	8	0.918582138069376	0.511014390209921	2675	10
11334	3	0.225103280936343	0	8	0.918582138069376	0.511014390209921	2675	10
11335	4	0.279608054182178	0	8	0.918582138069376	0.511014390209921	2675	10
11336	0	0.247564811279562	0	8	0.918582138069376	0.511014390209921	2675	10
11337	3	0.320258465410517	0	8	0.918582138069376	0.511014390209921	2675	10
11338	5	0.57569137271849	0	8	0.918582138069376	0.511014390209921	2675	10
11339	0	0.166179208755648	0	8	0.918582138069376	0.511014390209921	2675	10
11340	0	0.354002070207275	0	8	0.918582138069376	0.511014390209921	2675	10
11342	4	-0.197793824430883	0	8	0.918582138069376	0.511014390209921	2675	10
11343	1	0.306636095530884	1	8	0.918582138069376	0.511014390209921	2675	10
11345	7	0.0562747679726521	0	8	0.918582138069376	0.511014390209921	2675	10
11346	0	0.141860325146927	0	8	0.918582138069376	0.511014390209921	2675	10
22795	1	0.594963181026381	1	8	0.918582138069376	0.511014390209921	2675	10
22796	3	0.0437607981517115	0	8	0.918582138069376	0.511014390209921	2675	10
22797	2	-0.353916624502754	0	8	0.918582138069376	0.511014390209921	2675	10
22798	0	0.221554255692338	0	8	0.918582138069376	0.511014390209921	2675	10
22800	4	-0.019161715610847	0	8	0.918582138069376	0.511014390209921	2675	10
22806	1	0.841916929099685	1	8	0.918582138069376	0.511014390209921	2675	10
22807	1	0.531099879435072	1	8	0.918582138069376	0.511014390209921	2675	10
22808	1	0.685625337857131	1	8	0.918582138069376	0.511014390209921	2675	10
22818	3	0.135332860106994	0	8	0.918582138069376	0.511014390209921	2675	10
22820	0	0.241200863064901	0	8	0.918582138069376	0.511014390209921	2675	10
22821	1	0.812948440724259	1	8	0.918582138069376	0.511014390209921	2675	10
22822	0	0.103184571825596	0	8	0.918582138069376	0.511014390209921	2675	10
22823	0	0.269559224596567	0	8	0.918582138069376	0.511014390209921	2675	10
22824	4	-0.268844459679081	0	8	0.918582138069376	0.511014390209921	2675	10
22826	3	0.248267890931776	0	8	0.918582138069376	0.511014390209921	2675	10
22827	3	0.19274063090466	0	8	0.918582138069376	0.511014390209921	2675	10
22829	0	-0.00153735962959279	0	8	0.918582138069376	0.511014390209921	2675	10
22832	0	0.200249996380059	0	8	0.918582138069376	0.511014390209921	2675	10
22834	1	0.471039703071122	1	8	0.918582138069376	0.511014390209921	2675	10
22835	0	0.195608494458358	0	8	0.918582138069376	0.511014390209921	2675	10
22836	0	-0.134325658868554	0	8	0.918582138069376	0.511014390209921	2675	10
22837	5	0.199813005685634	0	8	0.918582138069376	0.511014390209921	2675	10
22838	0	0.284201041051545	0	8	0.918582138069376	0.511014390209921	2675	10
22839	5	0.301917276487648	0	8	0.918582138069376	0.511014390209921	2675	10
22841	1	0.463876992875669	1	8	0.918582138069376	0.511014390209921	2675	10
22843	0	0.0258188002852912	0	8	0.918582138069376	0.511014390209921	2675	10
22844	6	0.00188453435135357	0	8	0.918582138069376	0.511014390209921	2675	10
22845	2	-0.117599135276532	0	8	0.918582138069376	0.511014390209921	2675	10
22846	1	0.695883391925326	1	8	0.918582138069376	0.511014390209921	2675	10
22848	0	0.399958611510187	0	8	0.918582138069376	0.511014390209921	2675	10
22849	4	-0.0141981482142632	0	8	0.918582138069376	0.511014390209921	2675	10
22850	0	-0.00452275815791161	0	8	0.918582138069376	0.511014390209921	2675	10
22852	0	-0.280454557981666	0	8	0.918582138069376	0.511014390209921	2675	10
22853	6	-0.160152906995939	0	8	0.918582138069376	0.511014390209921	2675	10
22856	0	0.516455990042064	0	8	0.918582138069376	0.511014390209921	2675	10
22858	0	0.30669288631645	0	8	0.918582138069376	0.511014390209921	2675	10
22859	2	0.413875007341214	0	8	0.918582138069376	0.511014390209921	2675	10
22862	1	0.488516972790295	1	8	0.918582138069376	0.511014390209921	2675	10
22863	0	0.055042156705887	0	8	0.918582138069376	0.511014390209921	2675	10
22864	0	-0.0528151348468065	0	8	0.918582138069376	0.511014390209921	2675	10
22866	1	0.500016242451864	1	8	0.918582138069376	0.511014390209921	2675	10
22868	0	-0.0881239820333249	0	8	0.918582138069376	0.511014390209921	2675	10
22869	1	0.560756831693869	1	8	0.918582138069376	0.511014390209921	2675	10
22870	5	0.491324511421199	0	8	0.918582138069376	0.511014390209921	2675	10
22871	2	0.0746890033314075	0	8	0.918582138069376	0.511014390209921	2675	10
22872	0	-0.0222994314634041	0	8	0.918582138069376	0.511014390209921	2675	10
22873	2	-0.0260035496448038	0	8	0.918582138069376	0.511014390209921	2675	10
22874	0	-0.135689172859436	0	8	0.918582138069376	0.511014390209921	2675	10
22875	4	-0.193379553639882	0	8	0.918582138069376	0.511014390209921	2675	10
22876	0	-0.00912537910350418	0	8	0.918582138069376	0.511014390209921	2675	10
22877	5	0.649593677913522	0	8	0.918582138069376	0.511014390209921	2675	10
22878	4	-0.188321080837012	0	8	0.918582138069376	0.511014390209921	2675	10
22879	0	0.261103389692796	0	8	0.918582138069376	0.511014390209921	2675	10
22880	0	0.236623668931325	0	8	0.918582138069376	0.511014390209921	2675	10
22881	0	0.270004014413521	0	8	0.918582138069376	0.511014390209921	2675	10
22882	1	0.654553438928917	1	8	0.918582138069376	0.511014390209921	2675	10
22883	9	0.109402782656041	0	8	0.918582138069376	0.511014390209921	2675	10
22884	0	0.161858572612165	0	8	0.918582138069376	0.511014390209921	2675	10
22885	2	-0.00715190093541766	0	8	0.918582138069376	0.511014390209921	2675	10
22887	0	0.00832450869278885	0	8	0.918582138069376	0.511014390209921	2675	10
22889	0	0.213445243636524	0	8	0.918582138069376	0.511014390209921	2675	10
22890	1	0.35055018837845	1	8	0.918582138069376	0.511014390209921	2675	10
22891	1	0.668508906237181	1	8	0.918582138069376	0.511014390209921	2675	10
22893	5	0.218615064876592	0	8	0.918582138069376	0.511014390209921	2675	10
22894	4	-0.0798533689645224	0	8	0.918582138069376	0.511014390209921	2675	10
22897	5	0.360885556523231	0	8	0.918582138069376	0.511014390209921	2675	10
22898	1	0.67380472287002	1	8	0.918582138069376	0.511014390209921	2675	10
22899	5	0.0635637952191441	0	8	0.918582138069376	0.511014390209921	2675	10
22900	1	0.825523862425363	1	8	0.918582138069376	0.511014390209921	2675	10
22902	4	-0.0625255662632989	0	8	0.918582138069376	0.511014390209921	2675	10
22903	0	0.0680055473146311	0	8	0.918582138069376	0.511014390209921	2675	10
22904	1	0.448199641718927	1	8	0.918582138069376	0.511014390209921	2675	10
22906	1	0.457514167402134	1	8	0.918582138069376	0.511014390209921	2675	10
22907	10	0.308793095208707	0	8	0.918582138069376	0.511014390209921	2675	10
22908	4	-0.194773189086789	0	8	0.918582138069376	0.511014390209921	2675	10
22909	0	-0.0233442158277803	0	8	0.918582138069376	0.511014390209921	2675	10
22911	8	-0.0479073472055547	0	8	0.918582138069376	0.511014390209921	2675	10
22913	3	0.594432635526018	0	8	0.918582138069376	0.511014390209921	2675	10
22915	1	0.587650769679481	1	8	0.918582138069376	0.511014390209921	2675	10
22916	7	0.220520155662584	0	8	0.918582138069376	0.511014390209921	2675	10
22918	1	0.700900355239311	1	8	0.918582138069376	0.511014390209921	2675	10
22919	7	0.506909700311811	0	8	0.918582138069376	0.511014390209921	2675	10
22920	4	-0.15164464700711	0	8	0.918582138069376	0.511014390209921	2675	10
22921	3	0.130433284077194	0	8	0.918582138069376	0.511014390209921	2675	10
22924	6	-0.0740043666669634	0	8	0.918582138069376	0.511014390209921	2675	10
22925	8	-0.178535218097565	0	8	0.918582138069376	0.511014390209921	2675	10
22926	0	0.327343053761532	0	8	0.918582138069376	0.511014390209921	2675	10
22927	7	-0.118004155036952	0	8	0.918582138069376	0.511014390209921	2675	10
22928	2	-0.273177777678071	0	8	0.918582138069376	0.511014390209921	2675	10
22929	3	0.0631292510062154	0	8	0.918582138069376	0.511014390209921	2675	10
22930	4	0.157175207986773	0	8	0.918582138069376	0.511014390209921	2675	10
22933	6	-0.0794815718223679	0	8	0.918582138069376	0.511014390209921	2675	10
22936	0	0.225870589621367	0	8	0.918582138069376	0.511014390209921	2675	10
22937	9	0.192479370322245	0	8	0.918582138069376	0.511014390209921	2675	10
22938	7	0.477904527813524	0	8	0.918582138069376	0.511014390209921	2675	10
22941	6	0.0233322849483104	0	8	0.918582138069376	0.511014390209921	2675	10
22944	0	0.265147043341673	0	8	0.918582138069376	0.511014390209921	2675	10
22948	7	0.377166829812537	0	8	0.918582138069376	0.511014390209921	2675	10
22954	0	0.352502141513271	0	8	0.918582138069376	0.511014390209921	2675	10
22955	0	0.367382373952938	0	8	0.918582138069376	0.511014390209921	2675	10
22974	1	0.706937187288245	1	8	0.918582138069376	0.511014390209921	2675	10
22976	4	0.0117526155973063	0	8	0.918582138069376	0.511014390209921	2675	10
22977	2	-0.178938934631497	0	8	0.918582138069376	0.511014390209921	2675	10
22978	0	-0.00727224878559649	0	8	0.918582138069376	0.511014390209921	2675	10
22980	5	0.503979182221654	0	8	0.918582138069376	0.511014390209921	2675	10
22981	2	-0.276208220809492	0	8	0.918582138069376	0.511014390209921	2675	10
22982	2	-0.351724885228869	0	8	0.918582138069376	0.511014390209921	2675	10
22984	1	0.56436429684841	1	8	0.918582138069376	0.511014390209921	2675	10
22985	5	0.40481585959214	0	8	0.918582138069376	0.511014390209921	2675	10
22986	0	0.361141964989423	0	8	0.918582138069376	0.511014390209921	2675	10
22989	0	0.118084813989753	0	8	0.918582138069376	0.511014390209921	2675	10
22990	1	0.513446464995477	1	8	0.918582138069376	0.511014390209921	2675	10
22992	1	0.668246391319291	1	8	0.918582138069376	0.511014390209921	2675	10
22993	1	0.541049710565763	1	8	0.918582138069376	0.511014390209921	2675	10
22994	0	0.100822720194291	0	8	0.918582138069376	0.511014390209921	2675	10
22996	1	0.668847129813527	1	8	0.918582138069376	0.511014390209921	2675	10
22998	0	-0.0883369806554158	0	8	0.918582138069376	0.511014390209921	2675	10
22999	0	0.30023451469339	0	8	0.918582138069376	0.511014390209921	2675	10
23001	0	0.0278795088510356	0	8	0.918582138069376	0.511014390209921	2675	10
23002	0	0.271037387798144	0	8	0.918582138069376	0.511014390209921	2675	10
23005	5	0.514657148718652	0	8	0.918582138069376	0.511014390209921	2675	10
23007	1	0.499156157619404	1	8	0.918582138069376	0.511014390209921	2675	10
23008	2	-0.0741128765640035	0	8	0.918582138069376	0.511014390209921	2675	10
23011	2	-0.397720811456218	0	8	0.918582138069376	0.511014390209921	2675	10
23012	0	0.123175417618474	0	8	0.918582138069376	0.511014390209921	2675	10
23013	1	0.541006268275564	1	8	0.918582138069376	0.511014390209921	2675	10
23014	8	-0.357851647874023	0	8	0.918582138069376	0.511014390209921	2675	10
23015	1	0.672957641091849	1	8	0.918582138069376	0.511014390209921	2675	10
23016	3	-0.136330731303045	0	8	0.918582138069376	0.511014390209921	2675	10
23017	1	0.65876403501729	1	8	0.918582138069376	0.511014390209921	2675	10
23019	1	0.59733770321935	1	8	0.918582138069376	0.511014390209921	2675	10
23022	1	0.411094828319787	1	8	0.918582138069376	0.511014390209921	2675	10
23023	3	0.415056313868687	0	8	0.918582138069376	0.511014390209921	2675	10
23024	2	-0.2587752411068	0	8	0.918582138069376	0.511014390209921	2675	10
23025	0	0.236726622034605	0	8	0.918582138069376	0.511014390209921	2675	10
23026	0	0.333744398323065	0	8	0.918582138069376	0.511014390209921	2675	10
23028	3	0.542289760705588	0	8	0.918582138069376	0.511014390209921	2675	10
23029	0	-0.188413752042396	0	8	0.918582138069376	0.511014390209921	2675	10
23030	5	0.409190410132057	0	8	0.918582138069376	0.511014390209921	2675	10
23031	9	-0.0640286885005664	0	8	0.918582138069376	0.511014390209921	2675	10
23032	0	0.0527438969237374	0	8	0.918582138069376	0.511014390209921	2675	10
23033	0	0.315239897599984	0	8	0.918582138069376	0.511014390209921	2675	10
23034	1	0.530569218787845	1	8	0.918582138069376	0.511014390209921	2675	10
23035	0	0.228355883608747	0	8	0.918582138069376	0.511014390209921	2675	10
23036	1	0.406663159733427	1	8	0.918582138069376	0.511014390209921	2675	10
23037	2	-0.198723857873978	0	8	0.918582138069376	0.511014390209921	2675	10
23038	5	0.0860186951335273	0	8	0.918582138069376	0.511014390209921	2675	10
23039	2	-0.249550656515774	0	8	0.918582138069376	0.511014390209921	2675	10
23041	0	0.15690176375721	0	8	0.918582138069376	0.511014390209921	2675	10
23043	1	0.590519298501696	1	8	0.918582138069376	0.511014390209921	2675	10
23046	1	0.712990988941279	1	8	0.918582138069376	0.511014390209921	2675	10
23047	0	0.0602297752543814	0	8	0.918582138069376	0.511014390209921	2675	10
23048	1	0.665826504711204	1	8	0.918582138069376	0.511014390209921	2675	10
23051	2	0.0319293374836819	0	8	0.918582138069376	0.511014390209921	2675	10
23052	1	0.575492154316084	1	8	0.918582138069376	0.511014390209921	2675	10
23053	9	0.0414323967945668	0	8	0.918582138069376	0.511014390209921	2675	10
23054	9	0.242357841290627	0	8	0.918582138069376	0.511014390209921	2675	10
23057	1	0.59223909664085	1	8	0.918582138069376	0.511014390209921	2675	10
23059	0	0.19424839856232	0	8	0.918582138069376	0.511014390209921	2675	10
23060	1	0.613656381323669	1	8	0.918582138069376	0.511014390209921	2675	10
23061	10	0.393474215753585	0	8	0.918582138069376	0.511014390209921	2675	10
23062	0	-0.277710681831598	0	8	0.918582138069376	0.511014390209921	2675	10
23063	0	0.236575431808206	0	8	0.918582138069376	0.511014390209921	2675	10
23064	1	0.647948077919215	1	8	0.918582138069376	0.511014390209921	2675	10
23065	0	0.0694310587816421	0	8	0.918582138069376	0.511014390209921	2675	10
23066	0	0.122625037479816	0	8	0.918582138069376	0.511014390209921	2675	10
23067	5	0.308613480388625	0	8	0.918582138069376	0.511014390209921	2675	10
23070	0	0.381485648975507	0	8	0.918582138069376	0.511014390209921	2675	10
23071	4	-0.0366075428480224	0	8	0.918582138069376	0.511014390209921	2675	10
23072	6	-0.0986041890278264	0	8	0.918582138069376	0.511014390209921	2675	10
23074	1	-0.440174370551581	1	8	0.918582138069376	0.511014390209921	2675	10
23075	1	0.43535213943725	1	8	0.918582138069376	0.511014390209921	2675	10
23076	1	0.495847940378723	1	8	0.918582138069376	0.511014390209921	2675	10
23077	1	0.608631418565798	1	8	0.918582138069376	0.511014390209921	2675	10
23078	4	-0.281783273315113	0	8	0.918582138069376	0.511014390209921	2675	10
23080	0	0.286559419746023	0	8	0.918582138069376	0.511014390209921	2675	10
23081	1	0.585094414409234	1	8	0.918582138069376	0.511014390209921	2675	10
23082	0	0.327249629357089	0	8	0.918582138069376	0.511014390209921	2675	10
23085	0	0.454400286018993	0	8	0.918582138069376	0.511014390209921	2675	10
23086	6	-0.120025642768614	0	8	0.918582138069376	0.511014390209921	2675	10
23089	0	0.292197353975298	0	8	0.918582138069376	0.511014390209921	2675	10
23090	1	0.504768213953836	1	8	0.918582138069376	0.511014390209921	2675	10
23091	0	0.099439237665012	0	8	0.918582138069376	0.511014390209921	2675	10
23092	1	0.764511523921571	1	8	0.918582138069376	0.511014390209921	2675	10
23093	1	0.605406526733727	1	8	0.918582138069376	0.511014390209921	2675	10
23094	5	0.17403384554507	0	8	0.918582138069376	0.511014390209921	2675	10
23095	8	-0.317051502870519	0	8	0.918582138069376	0.511014390209921	2675	10
23096	1	-0.37317321000944	1	8	0.918582138069376	0.511014390209921	2675	10
23097	1	0.428613023186198	1	8	0.918582138069376	0.511014390209921	2675	10
23098	0	0.217123660773467	0	8	0.918582138069376	0.511014390209921	2675	10
23099	0	0.0744856266288908	0	8	0.918582138069376	0.511014390209921	2675	10
23101	0	0.287678456435026	0	8	0.918582138069376	0.511014390209921	2675	10
23102	1	0.703325662783578	1	8	0.918582138069376	0.511014390209921	2675	10
23105	6	-0.0390640656250655	0	8	0.918582138069376	0.511014390209921	2675	10
23107	3	0.136504018275453	0	8	0.918582138069376	0.511014390209921	2675	10
23108	1	0.674489265280637	1	8	0.918582138069376	0.511014390209921	2675	10
23109	8	-0.213037887078507	0	8	0.918582138069376	0.511014390209921	2675	10
23111	0	0.151719886348816	0	8	0.918582138069376	0.511014390209921	2675	10
23112	1	0.580123208033483	1	8	0.918582138069376	0.511014390209921	2675	10
23113	0	0.312261486710996	0	8	0.918582138069376	0.511014390209921	2675	10
23114	1	0.449685533108879	1	8	0.918582138069376	0.511014390209921	2675	10
23116	0	-0.0692890793766495	0	8	0.918582138069376	0.511014390209921	2675	10
23118	4	0.0687259725501517	0	8	0.918582138069376	0.511014390209921	2675	10
23119	5	0.192758403701153	0	8	0.918582138069376	0.511014390209921	2675	10
23122	4	-0.0896255736965003	0	8	0.918582138069376	0.511014390209921	2675	10
23125	5	0.241845076650664	0	8	0.918582138069376	0.511014390209921	2675	10
23126	1	0.480918749920656	1	8	0.918582138069376	0.511014390209921	2675	10
23127	8	-0.302368950483496	0	8	0.918582138069376	0.511014390209921	2675	10
23129	1	0.608572158002088	1	8	0.918582138069376	0.511014390209921	2675	10
23130	5	0.204300470369374	0	8	0.918582138069376	0.511014390209921	2675	10
23131	0	0.294204024417445	0	8	0.918582138069376	0.511014390209921	2675	10
23132	0	0.441975494623761	0	8	0.918582138069376	0.511014390209921	2675	10
23133	5	0.259754039168198	0	8	0.918582138069376	0.511014390209921	2675	10
23135	5	0.211572765705067	0	8	0.918582138069376	0.511014390209921	2675	10
23136	4	-0.277892807769689	0	8	0.918582138069376	0.511014390209921	2675	10
23137	0	-0.0204314556384946	0	8	0.918582138069376	0.511014390209921	2675	10
23138	5	0.182782772698283	0	8	0.918582138069376	0.511014390209921	2675	10
23139	6	0.113217870736582	0	8	0.918582138069376	0.511014390209921	2675	10
23140	1	0.702685063260999	1	8	0.918582138069376	0.511014390209921	2675	10
23141	1	0.65643486233082	1	8	0.918582138069376	0.511014390209921	2675	10
23142	0	-0.259825947193159	0	8	0.918582138069376	0.511014390209921	2675	10
23143	0	0.321022249672169	0	8	0.918582138069376	0.511014390209921	2675	10
23144	5	0.128757142612773	0	8	0.918582138069376	0.511014390209921	2675	10
23148	0	0.253059114334941	0	8	0.918582138069376	0.511014390209921	2675	10
23149	1	0.676762632796537	1	8	0.918582138069376	0.511014390209921	2675	10
23150	0	0.00146336469418625	0	8	0.918582138069376	0.511014390209921	2675	10
23151	0	0.259074885986485	0	8	0.918582138069376	0.511014390209921	2675	10
23152	5	0.3582342413259	0	8	0.918582138069376	0.511014390209921	2675	10
23154	5	0.357673047486783	0	8	0.918582138069376	0.511014390209921	2675	10
23155	0	0.21849981780013	0	8	0.918582138069376	0.511014390209921	2675	10
23157	1	0.552576466809862	1	8	0.918582138069376	0.511014390209921	2675	10
23158	1	0.706306406476216	1	8	0.918582138069376	0.511014390209921	2675	10
23160	0	0.0277941098387438	0	8	0.918582138069376	0.511014390209921	2675	10
23161	4	-0.0919116122954656	0	8	0.918582138069376	0.511014390209921	2675	10
23162	5	0.407858000936928	0	8	0.918582138069376	0.511014390209921	2675	10
23163	0	0.344601676168358	0	8	0.918582138069376	0.511014390209921	2675	10
23164	1	0.684408338798393	1	8	0.918582138069376	0.511014390209921	2675	10
23165	1	0.508200748546684	1	8	0.918582138069376	0.511014390209921	2675	10
23166	1	0.667463204705198	1	8	0.918582138069376	0.511014390209921	2675	10
23167	4	0.0789286089323178	0	8	0.918582138069376	0.511014390209921	2675	10
23168	0	0.18302172382796	0	8	0.918582138069376	0.511014390209921	2675	10
23169	6	-0.160507458359668	0	8	0.918582138069376	0.511014390209921	2675	10
23170	5	0.24364667073638	0	8	0.918582138069376	0.511014390209921	2675	10
23171	4	-0.265210576609524	0	8	0.918582138069376	0.511014390209921	2675	10
23172	4	-0.0790523114014891	0	8	0.918582138069376	0.511014390209921	2675	10
23173	4	-0.26694439315292	0	8	0.918582138069376	0.511014390209921	2675	10
23174	0	0.166166561142512	0	8	0.918582138069376	0.511014390209921	2675	10
23175	1	0.533815766037714	1	8	0.918582138069376	0.511014390209921	2675	10
23176	1	0.604471841004773	1	8	0.918582138069376	0.511014390209921	2675	10
23177	1	0.55874546431573	1	8	0.918582138069376	0.511014390209921	2675	10
23178	1	0.47421509302475	1	8	0.918582138069376	0.511014390209921	2675	10
23179	2	-0.120653185712884	0	8	0.918582138069376	0.511014390209921	2675	10
23180	1	0.753550437404955	1	8	0.918582138069376	0.511014390209921	2675	10
23185	0	0.223038063522643	0	8	0.918582138069376	0.511014390209921	2675	10
23186	0	0.308006452945971	0	8	0.918582138069376	0.511014390209921	2675	10
23187	5	0.719989057083072	0	8	0.918582138069376	0.511014390209921	2675	10
23189	8	-0.228804276441542	0	8	0.918582138069376	0.511014390209921	2675	10
23190	4	0.0950457990306389	0	8	0.918582138069376	0.511014390209921	2675	10
23191	1	0.653764696895291	1	8	0.918582138069376	0.511014390209921	2675	10
23192	9	-0.0680989583080787	0	8	0.918582138069376	0.511014390209921	2675	10
23193	0	0.218983269423006	0	8	0.918582138069376	0.511014390209921	2675	10
23194	0	0.276998030051022	0	8	0.918582138069376	0.511014390209921	2675	10
23195	1	0.542855078826435	1	8	0.918582138069376	0.511014390209921	2675	10
23196	0	0.181534048443598	0	8	0.918582138069376	0.511014390209921	2675	10
23197	1	0.327307132769495	1	8	0.918582138069376	0.511014390209921	2675	10
23198	0	0.515725571606882	0	8	0.918582138069376	0.511014390209921	2675	10
23199	0	0.38285077117119	0	8	0.918582138069376	0.511014390209921	2675	10
23200	0	0.18561903171934	0	8	0.918582138069376	0.511014390209921	2675	10
23201	1	0.640370124300215	1	8	0.918582138069376	0.511014390209921	2675	10
23203	2	-0.223463761560013	0	8	0.918582138069376	0.511014390209921	2675	10
23204	7	0.00533477724459814	0	8	0.918582138069376	0.511014390209921	2675	10
23205	0	0.108501178877174	0	8	0.918582138069376	0.511014390209921	2675	10
23207	10	0.604311468735105	0	8	0.918582138069376	0.511014390209921	2675	10
23208	1	0.772755817116746	1	8	0.918582138069376	0.511014390209921	2675	10
23210	0	0.226518006975126	0	8	0.918582138069376	0.511014390209921	2675	10
23211	0	0.411846186447417	0	8	0.918582138069376	0.511014390209921	2675	10
23212	3	0.0805553570490039	0	8	0.918582138069376	0.511014390209921	2675	10
23213	1	0.499278805647388	1	8	0.918582138069376	0.511014390209921	2675	10
23214	1	0.724857385147673	1	8	0.918582138069376	0.511014390209921	2675	10
23215	1	0.502003407180524	1	8	0.918582138069376	0.511014390209921	2675	10
23216	0	0.338259048199054	0	8	0.918582138069376	0.511014390209921	2675	10
23218	1	0.50486407091014	1	8	0.918582138069376	0.511014390209921	2675	10
23219	4	-0.214698845412414	0	8	0.918582138069376	0.511014390209921	2675	10
23220	1	0.637079881188891	1	8	0.918582138069376	0.511014390209921	2675	10
23221	8	-0.0264416856778331	0	8	0.918582138069376	0.511014390209921	2675	10
23223	5	0.409341324111993	0	8	0.918582138069376	0.511014390209921	2675	10
23224	0	0.200093501921232	0	8	0.918582138069376	0.511014390209921	2675	10
23225	1	0.455149128861618	1	8	0.918582138069376	0.511014390209921	2675	10
23229	2	-0.131451681819448	0	8	0.918582138069376	0.511014390209921	2675	10
23230	4	-0.141406055405572	0	8	0.918582138069376	0.511014390209921	2675	10
23231	1	0.680461398092461	1	8	0.918582138069376	0.511014390209921	2675	10
23232	0	0.454038631229163	0	8	0.918582138069376	0.511014390209921	2675	10
23236	0	0.378549945260491	0	8	0.918582138069376	0.511014390209921	2675	10
23237	0	-0.183840611444282	0	8	0.918582138069376	0.511014390209921	2675	10
23239	0	-0.226276774427418	0	8	0.918582138069376	0.511014390209921	2675	10
23240	1	0.70557498502898	1	8	0.918582138069376	0.511014390209921	2675	10
23241	10	0.555978048434989	0	8	0.918582138069376	0.511014390209921	2675	10
23242	2	-0.292701408317385	0	8	0.918582138069376	0.511014390209921	2675	10
23243	0	0.0713670734098099	0	8	0.918582138069376	0.511014390209921	2675	10
23244	1	0.414335937504381	1	8	0.918582138069376	0.511014390209921	2675	10
23245	0	0.217175440844713	0	8	0.918582138069376	0.511014390209921	2675	10
23247	0	0.283169134273059	0	8	0.918582138069376	0.511014390209921	2675	10
23248	0	0.168334279543183	0	8	0.918582138069376	0.511014390209921	2675	10
23250	5	0.524774159111968	0	8	0.918582138069376	0.511014390209921	2675	10
23251	0	0.269410827720193	0	8	0.918582138069376	0.511014390209921	2675	10
23252	0	-0.0801425303067727	0	8	0.918582138069376	0.511014390209921	2675	10
23253	4	0.222911445037224	0	8	0.918582138069376	0.511014390209921	2675	10
23254	0	0.104345862280126	0	8	0.918582138069376	0.511014390209921	2675	10
23255	1	0.538947606569299	1	8	0.918582138069376	0.511014390209921	2675	10
23256	4	0.0201735759601602	0	8	0.918582138069376	0.511014390209921	2675	10
23258	1	0.673444712098334	1	8	0.918582138069376	0.511014390209921	2675	10
23259	1	0.390800470134029	1	8	0.918582138069376	0.511014390209921	2675	10
23261	7	-0.0434046223237776	0	8	0.918582138069376	0.511014390209921	2675	10
23262	4	0.00960407665644823	0	8	0.918582138069376	0.511014390209921	2675	10
23263	0	-0.148893508388369	0	8	0.918582138069376	0.511014390209921	2675	10
23264	5	0.268006862282186	0	8	0.918582138069376	0.511014390209921	2675	10
23265	1	0.565453504387488	1	8	0.918582138069376	0.511014390209921	2675	10
23266	4	0.249747790505552	0	8	0.918582138069376	0.511014390209921	2675	10
23268	0	0.121378671202606	0	8	0.918582138069376	0.511014390209921	2675	10
23269	1	0.553814098681885	1	8	0.918582138069376	0.511014390209921	2675	10
23270	4	-0.0317741102704969	0	8	0.918582138069376	0.511014390209921	2675	10
23271	0	0.237253237017774	0	8	0.918582138069376	0.511014390209921	2675	10
23272	0	0.540557265924638	0	8	0.918582138069376	0.511014390209921	2675	10
23274	1	0.543604283755816	1	8	0.918582138069376	0.511014390209921	2675	10
23275	5	0.272175579449441	0	8	0.918582138069376	0.511014390209921	2675	10
23276	1	0.546474054676048	1	8	0.918582138069376	0.511014390209921	2675	10
23277	2	-0.343019026497015	0	8	0.918582138069376	0.511014390209921	2675	10
23279	1	0.43511544730737	1	8	0.918582138069376	0.511014390209921	2675	10
23283	1	0.496071613036496	1	8	0.918582138069376	0.511014390209921	2675	10
23284	0	0.201047946624379	0	8	0.918582138069376	0.511014390209921	2675	10
23286	0	0.387992312179867	0	8	0.918582138069376	0.511014390209921	2675	10
23287	1	0.354491879390276	1	8	0.918582138069376	0.511014390209921	2675	10
23288	5	0.453143795458688	0	8	0.918582138069376	0.511014390209921	2675	10
23291	0	0.275928318876404	0	8	0.918582138069376	0.511014390209921	2675	10
23293	1	0.481493948406932	1	8	0.918582138069376	0.511014390209921	2675	10
23294	0	-0.0647466641300676	0	8	0.918582138069376	0.511014390209921	2675	10
23295	5	0.326271433725536	0	8	0.918582138069376	0.511014390209921	2675	10
23299	1	0.560873138831881	1	8	0.918582138069376	0.511014390209921	2675	10
23300	0	-0.36115637900951	0	8	0.918582138069376	0.511014390209921	2675	10
23301	0	-0.310410848725142	0	8	0.918582138069376	0.511014390209921	2675	10
23303	0	-0.00218927514769165	0	8	0.918582138069376	0.511014390209921	2675	10
23304	0	0.113525115296482	0	8	0.918582138069376	0.511014390209921	2675	10
23305	0	-0.185707997022217	0	8	0.918582138069376	0.511014390209921	2675	10
23306	1	0.35234657211874	1	8	0.918582138069376	0.511014390209921	2675	10
23307	1	0.472024270406964	1	8	0.918582138069376	0.511014390209921	2675	10
23309	5	0.5574864329808	0	8	0.918582138069376	0.511014390209921	2675	10
23310	1	0.514887730932435	1	8	0.918582138069376	0.511014390209921	2675	10
23312	4	-0.0640712252920033	0	8	0.918582138069376	0.511014390209921	2675	10
23313	1	0.676031497590608	1	8	0.918582138069376	0.511014390209921	2675	10
23314	0	0.357826561152848	0	8	0.918582138069376	0.511014390209921	2675	10
23315	0	0.0469213098088993	0	8	0.918582138069376	0.511014390209921	2675	10
23316	1	0.590261085276011	1	8	0.918582138069376	0.511014390209921	2675	10
23317	4	-0.0735116135449065	0	8	0.918582138069376	0.511014390209921	2675	10
23318	0	0.135621921502467	0	8	0.918582138069376	0.511014390209921	2675	10
23321	1	0.340136803513865	1	8	0.918582138069376	0.511014390209921	2675	10
23322	0	0.330805526189202	0	8	0.918582138069376	0.511014390209921	2675	10
23324	9	0.0841264196911241	0	8	0.918582138069376	0.511014390209921	2675	10
23325	4	-0.00932627307132569	0	8	0.918582138069376	0.511014390209921	2675	10
23326	0	0.411779671150586	0	8	0.918582138069376	0.511014390209921	2675	10
23327	2	-0.418424187011074	0	8	0.918582138069376	0.511014390209921	2675	10
23328	1	0.459242634607647	1	8	0.918582138069376	0.511014390209921	2675	10
23329	0	0.0789401300727233	0	8	0.918582138069376	0.511014390209921	2675	10
23331	1	0.339004088829744	1	8	0.918582138069376	0.511014390209921	2675	10
23332	1	0.570204984174036	1	8	0.918582138069376	0.511014390209921	2675	10
23334	5	0.304992497981938	0	8	0.918582138069376	0.511014390209921	2675	10
23335	0	0.207028339341736	0	8	0.918582138069376	0.511014390209921	2675	10
23336	0	0.186924187081993	0	8	0.918582138069376	0.511014390209921	2675	10
23338	1	0.442716282952583	1	8	0.918582138069376	0.511014390209921	2675	10
23339	10	0.318681982236225	0	8	0.918582138069376	0.511014390209921	2675	10
23341	2	-0.15333751957994	0	8	0.918582138069376	0.511014390209921	2675	10
23344	1	0.704363831611795	1	8	0.918582138069376	0.511014390209921	2675	10
23345	0	0.416658274029385	0	8	0.918582138069376	0.511014390209921	2675	10
23347	1	0.497987738650388	1	8	0.918582138069376	0.511014390209921	2675	10
23348	1	0.536626364976298	1	8	0.918582138069376	0.511014390209921	2675	10
23349	0	-0.0517185096212918	0	8	0.918582138069376	0.511014390209921	2675	10
23350	0	-0.123480728257889	0	8	0.918582138069376	0.511014390209921	2675	10
23351	1	0.567240994986436	1	8	0.918582138069376	0.511014390209921	2675	10
23352	1	0.450387842198713	1	8	0.918582138069376	0.511014390209921	2675	10
23353	5	0.483661009396195	0	8	0.918582138069376	0.511014390209921	2675	10
23354	5	0.538286583061489	0	8	0.918582138069376	0.511014390209921	2675	10
23357	0	-0.0848081943676256	0	8	0.918582138069376	0.511014390209921	2675	10
23358	0	0.198093236800707	0	8	0.918582138069376	0.511014390209921	2675	10
23359	0	-0.0886510406699664	0	8	0.918582138069376	0.511014390209921	2675	10
23360	1	0.515609609691841	1	8	0.918582138069376	0.511014390209921	2675	10
23361	0	0.368885933463881	0	8	0.918582138069376	0.511014390209921	2675	10
23362	1	0.644037295327163	1	8	0.918582138069376	0.511014390209921	2675	10
23363	0	0.247512611745442	0	8	0.918582138069376	0.511014390209921	2675	10
23365	0	0.247096229495845	0	8	0.918582138069376	0.511014390209921	2675	10
23366	4	-0.29255496392822	0	8	0.918582138069376	0.511014390209921	2675	10
23367	9	0.0637152323227028	0	8	0.918582138069376	0.511014390209921	2675	10
23368	9	0.0959075176055862	0	8	0.918582138069376	0.511014390209921	2675	10
23369	1	0.419492600872654	1	8	0.918582138069376	0.511014390209921	2675	10
23370	0	0.304613233576404	0	8	0.918582138069376	0.511014390209921	2675	10
23371	0	0.21420098181408	0	8	0.918582138069376	0.511014390209921	2675	10
23373	5	0.0606550835299794	0	8	0.918582138069376	0.511014390209921	2675	10
23376	4	-0.165627137233376	0	8	0.918582138069376	0.511014390209921	2675	10
23378	0	0.126776870319181	0	8	0.918582138069376	0.511014390209921	2675	10
23379	0	0.242192435188713	0	8	0.918582138069376	0.511014390209921	2675	10
23381	0	0.40814206730092	0	8	0.918582138069376	0.511014390209921	2675	10
23382	2	-0.163676519649796	0	8	0.918582138069376	0.511014390209921	2675	10
23383	5	0.177545223994124	0	8	0.918582138069376	0.511014390209921	2675	10
23384	1	0.414057755410839	1	8	0.918582138069376	0.511014390209921	2675	10
23385	0	-0.229353883905685	0	8	0.918582138069376	0.511014390209921	2675	10
23386	0	0.258201447924624	0	8	0.918582138069376	0.511014390209921	2675	10
23387	0	0.0491673229854742	0	8	0.918582138069376	0.511014390209921	2675	10
23389	1	0.603291173408061	1	8	0.918582138069376	0.511014390209921	2675	10
23390	0	-0.0101636588279724	0	8	0.918582138069376	0.511014390209921	2675	10
23392	0	0.269749374050496	0	8	0.918582138069376	0.511014390209921	2675	10
23394	1	0.667064736378372	1	8	0.918582138069376	0.511014390209921	2675	10
23395	0	0.0139491155280169	0	8	0.918582138069376	0.511014390209921	2675	10
23396	0	0.293586587543223	0	8	0.918582138069376	0.511014390209921	2675	10
23397	1	0.656997558395021	1	8	0.918582138069376	0.511014390209921	2675	10
23398	4	0.0418111395749821	0	8	0.918582138069376	0.511014390209921	2675	10
23399	3	0.491452953156319	0	8	0.918582138069376	0.511014390209921	2675	10
23400	9	0.340373135073744	0	8	0.918582138069376	0.511014390209921	2675	10
23401	1	0.704515949881264	1	8	0.918582138069376	0.511014390209921	2675	10
23403	5	0.43067709372111	0	8	0.918582138069376	0.511014390209921	2675	10
23404	1	0.494567014024345	1	8	0.918582138069376	0.511014390209921	2675	10
23405	1	0.555354418979617	1	8	0.918582138069376	0.511014390209921	2675	10
23406	2	-0.319721038452179	0	8	0.918582138069376	0.511014390209921	2675	10
23408	6	0.133418669210586	0	8	0.918582138069376	0.511014390209921	2675	10
23409	2	-0.0763211014286298	0	8	0.918582138069376	0.511014390209921	2675	10
23410	2	-0.0168637565602817	0	8	0.918582138069376	0.511014390209921	2675	10
23411	4	0.00831812330104896	0	8	0.918582138069376	0.511014390209921	2675	10
23412	0	0.157274883032598	0	8	0.918582138069376	0.511014390209921	2675	10
23413	2	-0.115902453128205	0	8	0.918582138069376	0.511014390209921	2675	10
23414	1	0.507295124508961	1	8	0.918582138069376	0.511014390209921	2675	10
23417	2	-0.231312046622488	0	8	0.918582138069376	0.511014390209921	2675	10
23421	8	-0.00284488723051192	0	8	0.918582138069376	0.511014390209921	2675	10
23423	3	0.478974100142984	0	8	0.918582138069376	0.511014390209921	2675	10
23424	0	0.102020975764745	0	8	0.918582138069376	0.511014390209921	2675	10
23426	1	0.444509673724937	1	8	0.918582138069376	0.511014390209921	2675	10
23428	2	-0.43455882322584	0	8	0.918582138069376	0.511014390209921	2675	10
23429	4	0.0565154055372569	0	8	0.918582138069376	0.511014390209921	2675	10
23430	1	0.628506220420121	1	8	0.918582138069376	0.511014390209921	2675	10
23431	0	0.289025656280426	0	8	0.918582138069376	0.511014390209921	2675	10
23432	1	0.548567199275371	1	8	0.918582138069376	0.511014390209921	2675	10
23433	4	0.213179985096619	0	8	0.918582138069376	0.511014390209921	2675	10
23435	0	0.25398937297091	0	8	0.918582138069376	0.511014390209921	2675	10
23438	0	0.356278365353532	0	8	0.918582138069376	0.511014390209921	2675	10
23439	0	0.0935288791489701	0	8	0.918582138069376	0.511014390209921	2675	10
23443	4	-0.179176687485212	0	8	0.918582138069376	0.511014390209921	2675	10
23446	0	-0.0971441466936414	0	8	0.918582138069376	0.511014390209921	2675	10
23450	1	0.734425849332069	1	8	0.918582138069376	0.511014390209921	2675	10
23451	1	0.448193703453873	1	8	0.918582138069376	0.511014390209921	2675	10
23452	1	0.641123155736632	1	8	0.918582138069376	0.511014390209921	2675	10
23457	5	0.271240489759453	0	8	0.918582138069376	0.511014390209921	2675	10
23460	1	0.435649827326163	1	8	0.918582138069376	0.511014390209921	2675	10
23461	4	-0.252642966297215	0	8	0.918582138069376	0.511014390209921	2675	10
23462	0	-0.0469194504715425	0	8	0.918582138069376	0.511014390209921	2675	10
23463	3	-0.0214120226740406	0	8	0.918582138069376	0.511014390209921	2675	10
23464	2	-0.104009165417301	0	8	0.918582138069376	0.511014390209921	2675	10
23466	1	0.564319909159807	1	8	0.918582138069376	0.511014390209921	2675	10
23467	1	0.740158280890357	1	8	0.918582138069376	0.511014390209921	2675	10
23469	4	0.133803746150205	0	8	0.918582138069376	0.511014390209921	2675	10
23471	0	0.259487531413157	0	8	0.918582138069376	0.511014390209921	2675	10
23473	4	-0.119645417940999	0	8	0.918582138069376	0.511014390209921	2675	10
23474	3	0.255386993190751	0	8	0.918582138069376	0.511014390209921	2675	10
23475	2	-0.403032802341767	0	8	0.918582138069376	0.511014390209921	2675	10
23476	9	0.206198819775674	0	8	0.918582138069376	0.511014390209921	2675	10
23478	1	0.351868838555364	1	8	0.918582138069376	0.511014390209921	2675	10
23479	3	0.0346634274692935	0	8	0.918582138069376	0.511014390209921	2675	10
23480	3	0.36192073402973	0	8	0.918582138069376	0.511014390209921	2675	10
23481	3	0.140970910906812	0	8	0.918582138069376	0.511014390209921	2675	10
23483	4	-0.120823360775427	0	8	0.918582138069376	0.511014390209921	2675	10
23484	7	0.172841765851839	0	8	0.918582138069376	0.511014390209921	2675	10
23492	0	0.0332176977119958	0	8	0.918582138069376	0.511014390209921	2675	10
23493	0	-0.077715900726816	0	8	0.918582138069376	0.511014390209921	2675	10
23495	1	0.783006819252698	1	8	0.918582138069376	0.511014390209921	2675	10
23498	2	-0.458474176651262	0	8	0.918582138069376	0.511014390209921	2675	10
23499	1	0.698499758419877	1	8	0.918582138069376	0.511014390209921	2675	10
23500	8	-0.0171399704731817	0	8	0.918582138069376	0.511014390209921	2675	10
23503	1	0.623459409703891	1	8	0.918582138069376	0.511014390209921	2675	10
23504	0	0.431735678827135	0	8	0.918582138069376	0.511014390209921	2675	10
23505	4	0.193321313908757	0	8	0.918582138069376	0.511014390209921	2675	10
23506	1	0.61522099583898	1	8	0.918582138069376	0.511014390209921	2675	10
23507	0	0.218448443900823	0	8	0.918582138069376	0.511014390209921	2675	10
23508	1	0.643061994053181	1	8	0.918582138069376	0.511014390209921	2675	10
23510	0	0.340345902247772	0	8	0.918582138069376	0.511014390209921	2675	10
23511	0	0.443957258706213	0	8	0.918582138069376	0.511014390209921	2675	10
23512	0	-0.14089087117783	0	8	0.918582138069376	0.511014390209921	2675	10
23515	0	0.300840754506467	0	8	0.918582138069376	0.511014390209921	2675	10
23516	4	-0.236531248387154	0	8	0.918582138069376	0.511014390209921	2675	10
23517	4	-0.0369879280941394	0	8	0.918582138069376	0.511014390209921	2675	10
23518	3	-0.0288672309904607	0	8	0.918582138069376	0.511014390209921	2675	10
23522	0	0.297227716147343	0	8	0.918582138069376	0.511014390209921	2675	10
23523	1	0.553813203672866	1	8	0.918582138069376	0.511014390209921	2675	10
23524	5	0.180933244968289	0	8	0.918582138069376	0.511014390209921	2675	10
23526	1	0.829730897447667	1	8	0.918582138069376	0.511014390209921	2675	10
23527	1	0.518259268242728	1	8	0.918582138069376	0.511014390209921	2675	10
23528	4	-0.0562715135797495	0	8	0.918582138069376	0.511014390209921	2675	10
23529	5	0.379545140432377	0	8	0.918582138069376	0.511014390209921	2675	10
23530	4	-0.146416388402471	0	8	0.918582138069376	0.511014390209921	2675	10
23531	1	0.68670154892283	1	8	0.918582138069376	0.511014390209921	2675	10
23532	1	0.384399002613866	1	8	0.918582138069376	0.511014390209921	2675	10
23533	1	0.812707969568019	1	8	0.918582138069376	0.511014390209921	2675	10
23534	3	0.407307669963978	0	8	0.918582138069376	0.511014390209921	2675	10
23536	1	0.494850978089153	1	8	0.918582138069376	0.511014390209921	2675	10
23539	5	0.142596953829181	0	8	0.918582138069376	0.511014390209921	2675	10
23541	0	0.24479597315355	0	8	0.918582138069376	0.511014390209921	2675	10
23542	6	0.092641883829214	0	8	0.918582138069376	0.511014390209921	2675	10
23545	1	0.662203379793793	1	8	0.918582138069376	0.511014390209921	2675	10
23547	1	0.623459679256481	1	8	0.918582138069376	0.511014390209921	2675	10
23548	7	0.162245426931837	0	8	0.918582138069376	0.511014390209921	2675	10
23549	3	0.235001552770535	0	8	0.918582138069376	0.511014390209921	2675	10
23550	1	0.774946680656733	1	8	0.918582138069376	0.511014390209921	2675	10
23552	2	-0.153468321584701	0	8	0.918582138069376	0.511014390209921	2675	10
23554	4	-0.282944022732787	0	8	0.918582138069376	0.511014390209921	2675	10
23555	1	0.587564835369851	1	8	0.918582138069376	0.511014390209921	2675	10
23556	0	0.197332638268037	0	8	0.918582138069376	0.511014390209921	2675	10
23558	2	-0.166026795568535	0	8	0.918582138069376	0.511014390209921	2675	10
23560	0	0.312638926078307	0	8	0.918582138069376	0.511014390209921	2675	10
23562	0	0.360473504619187	0	8	0.918582138069376	0.511014390209921	2675	10
23568	7	0.0653392554190495	0	8	0.918582138069376	0.511014390209921	2675	10
23569	0	0.390119532253315	0	8	0.918582138069376	0.511014390209921	2675	10
23576	2	-0.390916159714272	0	8	0.918582138069376	0.511014390209921	2675	10
23580	5	0.290915261638736	0	8	0.918582138069376	0.511014390209921	2675	10
23583	3	0.0803111926485259	0	8	0.918582138069376	0.511014390209921	2675	10
23585	7	0.413843203825164	0	8	0.918582138069376	0.511014390209921	2675	10
23586	0	0.475037930349231	0	8	0.918582138069376	0.511014390209921	2675	10
23587	3	-0.00516261128680556	0	8	0.918582138069376	0.511014390209921	2675	10
23588	2	-0.384836932268368	0	8	0.918582138069376	0.511014390209921	2675	10
23589	1	0.574897978625394	1	8	0.918582138069376	0.511014390209921	2675	10
23590	2	-0.0870928932680944	0	8	0.918582138069376	0.511014390209921	2675	10
23592	4	0.162815909120695	0	8	0.918582138069376	0.511014390209921	2675	10
23593	3	-0.00465939932059398	0	8	0.918582138069376	0.511014390209921	2675	10
23595	4	0.000945968197784127	0	8	0.918582138069376	0.511014390209921	2675	10
23596	0	0.241714592148309	0	8	0.918582138069376	0.511014390209921	2675	10
23597	0	0.43838016379138	0	8	0.918582138069376	0.511014390209921	2675	10
23598	1	0.549848766917013	1	8	0.918582138069376	0.511014390209921	2675	10
23601	0	0.317378808188532	0	8	0.918582138069376	0.511014390209921	2675	10
23603	1	0.698642183087793	1	8	0.918582138069376	0.511014390209921	2675	10
23604	1	0.444202253986129	1	8	0.918582138069376	0.511014390209921	2675	10
23607	4	-2.11220216484575e-05	0	8	0.918582138069376	0.511014390209921	2675	10
23608	10	0.481979023356041	0	8	0.918582138069376	0.511014390209921	2675	10
23609	0	0.194548092480826	0	8	0.918582138069376	0.511014390209921	2675	10
23612	1	0.697022906088159	1	8	0.918582138069376	0.511014390209921	2675	10
23613	1	0.446358505356135	1	8	0.918582138069376	0.511014390209921	2675	10
23616	1	0.721359040050856	1	8	0.918582138069376	0.511014390209921	2675	10
23621	1	0.291384886917518	1	8	0.918582138069376	0.511014390209921	2675	10
23623	5	0.339898017935675	0	8	0.918582138069376	0.511014390209921	2675	10
23624	9	0.0263478412828156	0	8	0.918582138069376	0.511014390209921	2675	10
23625	1	0.621261797593301	1	8	0.918582138069376	0.511014390209921	2675	10
23627	0	0.328625084718129	0	8	0.918582138069376	0.511014390209921	2675	10
23632	0	0.3955256249696	0	8	0.918582138069376	0.511014390209921	2675	10
23635	1	0.565922456702076	1	8	0.918582138069376	0.511014390209921	2675	10
23636	1	0.617795440889574	1	8	0.918582138069376	0.511014390209921	2675	10
23639	4	-0.20187701897782	0	8	0.918582138069376	0.511014390209921	2675	10
23640	3	-0.0309578282948127	0	8	0.918582138069376	0.511014390209921	2675	10
23641	0	-0.15115079656499	0	8	0.918582138069376	0.511014390209921	2675	10
23643	1	0.415422916891517	1	8	0.918582138069376	0.511014390209921	2675	10
23644	5	0.225519521763707	0	8	0.918582138069376	0.511014390209921	2675	10
23645	0	0.104890487790381	0	8	0.918582138069376	0.511014390209921	2675	10
23646	10	0.333789944453861	0	8	0.918582138069376	0.511014390209921	2675	10
23647	3	0.0901961215124197	0	8	0.918582138069376	0.511014390209921	2675	10
23648	5	0.163415658153132	0	8	0.918582138069376	0.511014390209921	2675	10
23649	1	0.540437745542227	1	8	0.918582138069376	0.511014390209921	2675	10
23650	1	0.418383561149779	1	8	0.918582138069376	0.511014390209921	2675	10
23654	5	0.405556243393256	0	8	0.918582138069376	0.511014390209921	2675	10
23657	1	0.605581474764985	1	8	0.918582138069376	0.511014390209921	2675	10
23658	0	-0.130389901853078	0	8	0.918582138069376	0.511014390209921	2675	10
23659	2	-0.297531701991434	0	8	0.918582138069376	0.511014390209921	2675	10
23660	1	0.501275656317861	1	8	0.918582138069376	0.511014390209921	2675	10
23670	1	0.437164613099379	1	8	0.918582138069376	0.511014390209921	2675	10
23673	7	0.140572282808687	0	8	0.918582138069376	0.511014390209921	2675	10
23677	1	0.274003051537578	1	8	0.918582138069376	0.511014390209921	2675	10
23682	3	0.177802929765971	0	8	0.918582138069376	0.511014390209921	2675	10
23683	0	0.441015657434748	0	8	0.918582138069376	0.511014390209921	2675	10
23704	1	0.53771849100987	1	8	0.918582138069376	0.511014390209921	2675	10
23705	0	0.0935213963295523	0	8	0.918582138069376	0.511014390209921	2675	10
23708	0	-0.0618920145387436	0	8	0.918582138069376	0.511014390209921	2675	10
23710	2	-0.166855053784302	0	8	0.918582138069376	0.511014390209921	2675	10
23729	2	-0.154672482342719	0	8	0.918582138069376	0.511014390209921	2675	10
23741	7	0.147209996241934	0	8	0.918582138069376	0.511014390209921	2675	10
23742	0	0.344697617835172	0	8	0.918582138069376	0.511014390209921	2675	10
23743	2	-0.564069840895258	0	8	0.918582138069376	0.511014390209921	2675	10
23753	3	0.184987530762315	0	8	0.918582138069376	0.511014390209921	2675	10
23760	0	0.336887946494997	0	8	0.918582138069376	0.511014390209921	2675	10
23762	5	0.190630621612265	0	8	0.918582138069376	0.511014390209921	2675	10
23764	0	0.160112912107105	0	8	0.918582138069376	0.511014390209921	2675	10
23765	1	0.766071823653153	1	8	0.918582138069376	0.511014390209921	2675	10
23767	0	0.0344807525995978	0	8	0.918582138069376	0.511014390209921	2675	10
23769	6	-0.114123665816968	0	8	0.918582138069376	0.511014390209921	2675	10
23770	3	0.271733175025839	0	8	0.918582138069376	0.511014390209921	2675	10
23774	0	0.514595938784532	0	8	0.918582138069376	0.511014390209921	2675	10
23780	1	0.499527818738854	1	8	0.918582138069376	0.511014390209921	2675	10
23786	2	-0.354045408783574	0	8	0.918582138069376	0.511014390209921	2675	10
23787	3	0.197006731550477	0	8	0.918582138069376	0.511014390209921	2675	10
23788	2	-0.301741480108072	0	8	0.918582138069376	0.511014390209921	2675	10
24137	1	0.644912774575576	1	8	0.918582138069376	0.511014390209921	2675	10
24138	0	-0.110267630938152	0	8	0.918582138069376	0.511014390209921	2675	10
24139	5	0.331819545858319	0	8	0.918582138069376	0.511014390209921	2675	10
24140	0	0.405480431640985	0	8	0.918582138069376	0.511014390209921	2675	10
24141	1	0.651101344321868	1	8	0.918582138069376	0.511014390209921	2675	10
24144	0	0.00651016452365936	0	8	0.918582138069376	0.511014390209921	2675	10
24145	1	0.485505949305525	1	8	0.918582138069376	0.511014390209921	2675	10
24146	5	0.101720622732617	0	8	0.918582138069376	0.511014390209921	2675	10
24147	1	0.613283556692299	1	8	0.918582138069376	0.511014390209921	2675	10
24148	1	0.66142113722632	1	8	0.918582138069376	0.511014390209921	2675	10
24149	0	0.418889040471093	0	8	0.918582138069376	0.511014390209921	2675	10
25758	0	-0.125546636694093	0	8	0.918582138069376	0.511014390209921	2675	10
25759	1	0.539371965839753	1	8	0.918582138069376	0.511014390209921	2675	10
25771	1	0.612385841715341	1	8	0.918582138069376	0.511014390209921	2675	10
25776	3	0.200569707364292	0	8	0.918582138069376	0.511014390209921	2675	10
25777	0	0.115090823307836	0	8	0.918582138069376	0.511014390209921	2675	10
25778	1	0.486361235665146	1	8	0.918582138069376	0.511014390209921	2675	10
25780	8	0.0426116471106922	0	8	0.918582138069376	0.511014390209921	2675	10
25789	1	0.665139783072153	1	8	0.918582138069376	0.511014390209921	2675	10
25790	0	0.150670900050664	0	8	0.918582138069376	0.511014390209921	2675	10
25792	10	0.439041501017661	0	8	0.918582138069376	0.511014390209921	2675	10
25793	2	-0.0901023371897826	0	8	0.918582138069376	0.511014390209921	2675	10
25794	5	0.345715492542636	0	8	0.918582138069376	0.511014390209921	2675	10
25796	3	0.156924090748621	0	8	0.918582138069376	0.511014390209921	2675	10
25797	1	0.671206174436514	1	8	0.918582138069376	0.511014390209921	2675	10
25799	5	0.26425649245303	0	8	0.918582138069376	0.511014390209921	2675	10
25800	0	0.351430994358991	0	8	0.918582138069376	0.511014390209921	2675	10
25801	1	0.562889087740658	1	8	0.918582138069376	0.511014390209921	2675	10
25802	1	0.565916124232283	1	8	0.918582138069376	0.511014390209921	2675	10
25804	3	0.14616012021434	0	8	0.918582138069376	0.511014390209921	2675	10
25805	7	0.183030362892743	0	8	0.918582138069376	0.511014390209921	2675	10
25807	1	0.429220325401566	1	8	0.918582138069376	0.511014390209921	2675	10
25809	3	0.416754061689382	0	8	0.918582138069376	0.511014390209921	2675	10
25813	2	-0.197762331732144	0	8	0.918582138069376	0.511014390209921	2675	10
25814	7	0.280331074511652	0	8	0.918582138069376	0.511014390209921	2675	10
25816	1	0.756559941460791	1	8	0.918582138069376	0.511014390209921	2675	10
25818	0	-0.052717616934169	0	8	0.918582138069376	0.511014390209921	2675	10
25819	6	-0.0755978271540351	0	8	0.918582138069376	0.511014390209921	2675	10
25821	0	0.00204951547108939	0	8	0.918582138069376	0.511014390209921	2675	10
25822	0	0.063932316938404	0	8	0.918582138069376	0.511014390209921	2675	10
25823	5	0.154805390149599	0	8	0.918582138069376	0.511014390209921	2675	10
25825	0	0.242877922426498	0	8	0.918582138069376	0.511014390209921	2675	10
25827	1	0.344730117102677	1	8	0.918582138069376	0.511014390209921	2675	10
25828	3	-0.0250872141804066	0	8	0.918582138069376	0.511014390209921	2675	10
25829	0	0.271991740140435	0	8	0.918582138069376	0.511014390209921	2675	10
25833	0	0.142952997608161	0	8	0.918582138069376	0.511014390209921	2675	10
25836	0	0.285152153252619	0	8	0.918582138069376	0.511014390209921	2675	10
25837	1	0.603665986468942	1	8	0.918582138069376	0.511014390209921	2675	10
25839	0	0.240552676717863	0	8	0.918582138069376	0.511014390209921	2675	10
25840	2	-0.359746566432757	0	8	0.918582138069376	0.511014390209921	2675	10
25841	0	0.0309946778568019	0	8	0.918582138069376	0.511014390209921	2675	10
25842	0	0.164571929526562	0	8	0.918582138069376	0.511014390209921	2675	10
25844	3	0.331234379268955	0	8	0.918582138069376	0.511014390209921	2675	10
25847	3	0.105241146836233	0	8	0.918582138069376	0.511014390209921	2675	10
25849	2	0.00280026551997055	0	8	0.918582138069376	0.511014390209921	2675	10
25850	0	-0.0161986978225271	0	8	0.918582138069376	0.511014390209921	2675	10
25852	4	-0.0491222677186103	0	8	0.918582138069376	0.511014390209921	2675	10
25854	2	-0.159139360210812	0	8	0.918582138069376	0.511014390209921	2675	10
25855	3	0.255725279665083	0	8	0.918582138069376	0.511014390209921	2675	10
25861	5	0.388064832313117	0	8	0.918582138069376	0.511014390209921	2675	10
25865	9	0.394742592585208	0	8	0.918582138069376	0.511014390209921	2675	10
25873	3	0.491519923330753	0	8	0.918582138069376	0.511014390209921	2675	10
25874	2	-0.228573995937214	0	8	0.918582138069376	0.511014390209921	2675	10
25875	2	-0.193117150948868	0	8	0.918582138069376	0.511014390209921	2675	10
25876	3	-0.10144846904916	0	8	0.918582138069376	0.511014390209921	2675	10
25878	0	0.388641315729247	0	8	0.918582138069376	0.511014390209921	2675	10
25880	3	0.107390994065968	0	8	0.918582138069376	0.511014390209921	2675	10
25888	0	0.414564053939334	0	8	0.918582138069376	0.511014390209921	2675	10
25891	1	0.447884544912649	1	8	0.918582138069376	0.511014390209921	2675	10
25896	1	0.647656254275531	1	8	0.918582138069376	0.511014390209921	2675	10
25897	0	0.321988627045971	0	8	0.918582138069376	0.511014390209921	2675	10
25898	0	-0.106155055737249	0	8	0.918582138069376	0.511014390209921	2675	10
25900	1	0.568190530434587	1	8	0.918582138069376	0.511014390209921	2675	10
25901	2	-0.200218892262861	0	8	0.918582138069376	0.511014390209921	2675	10
25903	1	0.7323804309199	1	8	0.918582138069376	0.511014390209921	2675	10
25906	3	-0.0899432964784358	0	8	0.918582138069376	0.511014390209921	2675	10
25907	1	0.696844785414152	1	8	0.918582138069376	0.511014390209921	2675	10
25909	4	-0.11553531100396	0	8	0.918582138069376	0.511014390209921	2675	10
25913	4	-0.12678368786777	0	8	0.918582138069376	0.511014390209921	2675	10
25915	3	0.0191455515863787	0	8	0.918582138069376	0.511014390209921	2675	10
25920	0	0.273534876252675	0	8	0.918582138069376	0.511014390209921	2675	10
25924	0	-0.157123076826741	0	8	0.918582138069376	0.511014390209921	2675	10
25926	2	-0.208548213441203	0	8	0.918582138069376	0.511014390209921	2675	10
25928	0	-0.0589402600538576	0	8	0.918582138069376	0.511014390209921	2675	10
25932	2	-0.25124509064751	0	8	0.918582138069376	0.511014390209921	2675	10
25936	0	0.146689347223858	0	8	0.918582138069376	0.511014390209921	2675	10
25937	0	-0.0802384302317105	0	8	0.918582138069376	0.511014390209921	2675	10
25939	1	0.696528061750169	1	8	0.918582138069376	0.511014390209921	2675	10
25940	7	-0.0599319077388682	0	8	0.918582138069376	0.511014390209921	2675	10
25941	1	0.478240857127579	1	8	0.918582138069376	0.511014390209921	2675	10
25945	4	-0.240683944904923	0	8	0.918582138069376	0.511014390209921	2675	10
25948	0	0.108156470875632	0	8	0.918582138069376	0.511014390209921	2675	10
25949	0	-0.0299440844600648	0	8	0.918582138069376	0.511014390209921	2675	10
25950	0	-0.0998968339255757	0	8	0.918582138069376	0.511014390209921	2675	10
25957	0	0.310852820024427	0	8	0.918582138069376	0.511014390209921	2675	10
25959	1	0.550724439688674	1	8	0.918582138069376	0.511014390209921	2675	10
25960	5	0.68548833530511	0	8	0.918582138069376	0.511014390209921	2675	10
25961	6	0.062316539433809	0	8	0.918582138069376	0.511014390209921	2675	10
25963	0	0.298282054153114	0	8	0.918582138069376	0.511014390209921	2675	10
25966	1	0.744178978555347	1	8	0.918582138069376	0.511014390209921	2675	10
25970	5	0.254755698909161	0	8	0.918582138069376	0.511014390209921	2675	10
25972	7	-0.0235196607822496	0	8	0.918582138069376	0.511014390209921	2675	10
25974	0	-0.0999923102999723	0	8	0.918582138069376	0.511014390209921	2675	10
25976	0	-0.130069983635092	0	8	0.918582138069376	0.511014390209921	2675	10
25977	4	-0.230925372085875	0	8	0.918582138069376	0.511014390209921	2675	10
25978	4	-0.132860994707989	0	8	0.918582138069376	0.511014390209921	2675	10
25979	3	-0.0669641313350174	0	8	0.918582138069376	0.511014390209921	2675	10
25980	3	0.374608725495098	0	8	0.918582138069376	0.511014390209921	2675	10
25983	3	0.172996975500084	0	8	0.918582138069376	0.511014390209921	2675	10
25984	0	0.195918762556134	0	8	0.918582138069376	0.511014390209921	2675	10
25987	2	-0.346733155623872	0	8	0.918582138069376	0.511014390209921	2675	10
25988	1	0.516192920540664	1	8	0.918582138069376	0.511014390209921	2675	10
25992	1	0.589804316313175	1	8	0.918582138069376	0.511014390209921	2675	10
25994	7	0.16720141750826	0	8	0.918582138069376	0.511014390209921	2675	10
25996	2	-0.248487095795943	0	8	0.918582138069376	0.511014390209921	2675	10
25998	0	-0.264018974562585	0	8	0.918582138069376	0.511014390209921	2675	10
25999	0	0.2174959698181	0	8	0.918582138069376	0.511014390209921	2675	10
26000	5	0.312745641191134	0	8	0.918582138069376	0.511014390209921	2675	10
26001	3	0.240470737291816	0	8	0.918582138069376	0.511014390209921	2675	10
26002	1	0.69711574490875	1	8	0.918582138069376	0.511014390209921	2675	10
26003	4	-0.0231403100356474	0	8	0.918582138069376	0.511014390209921	2675	10
26005	1	0.564666870415239	1	8	0.918582138069376	0.511014390209921	2675	10
26007	2	-0.405606198261206	0	8	0.918582138069376	0.511014390209921	2675	10
26009	0	-0.120435991386845	0	8	0.918582138069376	0.511014390209921	2675	10
26010	0	0.316645165753917	0	8	0.918582138069376	0.511014390209921	2675	10
26011	0	0.368358630989339	0	8	0.918582138069376	0.511014390209921	2675	10
26013	5	0.131256471933478	0	8	0.918582138069376	0.511014390209921	2675	10
26015	5	0.129134249472831	0	8	0.918582138069376	0.511014390209921	2675	10
26017	3	0.251742601055405	0	8	0.918582138069376	0.511014390209921	2675	10
26018	0	0.26898265462503	0	8	0.918582138069376	0.511014390209921	2675	10
26019	4	0.129063270014257	0	8	0.918582138069376	0.511014390209921	2675	10
26020	0	0.344229608759205	0	8	0.918582138069376	0.511014390209921	2675	10
26027	2	-0.289912458181474	0	8	0.918582138069376	0.511014390209921	2675	10
26030	0	0.251478825095569	0	8	0.918582138069376	0.511014390209921	2675	10
26031	1	0.435388719499574	1	8	0.918582138069376	0.511014390209921	2675	10
26032	0	-0.0131026951285533	0	8	0.918582138069376	0.511014390209921	2675	10
26033	1	0.44961166574446	1	8	0.918582138069376	0.511014390209921	2675	10
26034	0	0.272654559115282	0	8	0.918582138069376	0.511014390209921	2675	10
26035	2	-0.345925166053747	0	8	0.918582138069376	0.511014390209921	2675	10
26036	0	0.129116972153437	0	8	0.918582138069376	0.511014390209921	2675	10
26037	3	0.0984981593654788	0	8	0.918582138069376	0.511014390209921	2675	10
26038	5	-0.0111238424863631	0	8	0.918582138069376	0.511014390209921	2675	10
26039	4	-0.124219830645809	0	8	0.918582138069376	0.511014390209921	2675	10
26040	1	0.616943299402726	1	8	0.918582138069376	0.511014390209921	2675	10
26043	0	0.294039610535612	0	8	0.918582138069376	0.511014390209921	2675	10
26045	0	0.0653935477079109	0	8	0.918582138069376	0.511014390209921	2675	10
26046	4	-0.0308295493582937	0	8	0.918582138069376	0.511014390209921	2675	10
26047	0	0.174236015566106	0	8	0.918582138069376	0.511014390209921	2675	10
26048	0	0.238200880018189	0	8	0.918582138069376	0.511014390209921	2675	10
26049	0	-0.0266395286634017	0	8	0.918582138069376	0.511014390209921	2675	10
26050	0	0.213187743328255	0	8	0.918582138069376	0.511014390209921	2675	10
26051	2	-0.291728143022216	0	8	0.918582138069376	0.511014390209921	2675	10
26052	0	0.21446817006901	0	8	0.918582138069376	0.511014390209921	2675	10
26053	0	-0.138796308023867	0	8	0.918582138069376	0.511014390209921	2675	10
26054	4	0.0974360728475211	0	8	0.918582138069376	0.511014390209921	2675	10
26056	2	-0.288417724995055	0	8	0.918582138069376	0.511014390209921	2675	10
26057	0	0.269575901137676	0	8	0.918582138069376	0.511014390209921	2675	10
26058	0	0.273002111904383	0	8	0.918582138069376	0.511014390209921	2675	10
26059	0	0.0946047500353115	0	8	0.918582138069376	0.511014390209921	2675	10
26060	7	0.213234422218477	0	8	0.918582138069376	0.511014390209921	2675	10
26063	2	-0.249207203640896	0	8	0.918582138069376	0.511014390209921	2675	10
26064	1	0.209507895550365	1	8	0.918582138069376	0.511014390209921	2675	10
26065	1	0.482125984180027	1	8	0.918582138069376	0.511014390209921	2675	10
26071	0	-0.202077640425723	0	8	0.918582138069376	0.511014390209921	2675	10
26073	2	-0.201938242684441	0	8	0.918582138069376	0.511014390209921	2675	10
26084	8	-0.0369148325390677	0	8	0.918582138069376	0.511014390209921	2675	10
26088	5	0.415266313371414	0	8	0.918582138069376	0.511014390209921	2675	10
26091	0	0.186996986700391	0	8	0.918582138069376	0.511014390209921	2675	10
26092	0	-0.0138558752532334	0	8	0.918582138069376	0.511014390209921	2675	10
26093	5	0.0589054385002694	0	8	0.918582138069376	0.511014390209921	2675	10
26097	1	0.609564880675026	1	8	0.918582138069376	0.511014390209921	2675	10
26098	1	0.434455458804419	1	8	0.918582138069376	0.511014390209921	2675	10
26099	3	0.64424373248597	0	8	0.918582138069376	0.511014390209921	2675	10
26100	3	0.127489341122842	0	8	0.918582138069376	0.511014390209921	2675	10
26108	0	0.377126870954166	0	8	0.918582138069376	0.511014390209921	2675	10
26112	1	0.586011391908596	1	8	0.918582138069376	0.511014390209921	2675	10
26115	1	0.6533359418479	1	8	0.918582138069376	0.511014390209921	2675	10
26118	0	0.155139487133296	0	8	0.918582138069376	0.511014390209921	2675	10
26119	1	0.401695406813543	1	8	0.918582138069376	0.511014390209921	2675	10
26121	3	0.15679865507717	0	8	0.918582138069376	0.511014390209921	2675	10
26123	0	0.049736291742511	0	8	0.918582138069376	0.511014390209921	2675	10
26128	4	-0.0169963399090115	0	8	0.918582138069376	0.511014390209921	2675	10
26130	0	0.241716014031306	0	8	0.918582138069376	0.511014390209921	2675	10
26133	5	0.305095684227672	0	8	0.918582138069376	0.511014390209921	2675	10
26135	0	0.210748334737587	0	8	0.918582138069376	0.511014390209921	2675	10
26136	1	0.668898751996277	1	8	0.918582138069376	0.511014390209921	2675	10
26137	1	0.561579370607059	1	8	0.918582138069376	0.511014390209921	2675	10
26145	5	0.07466331043448	0	8	0.918582138069376	0.511014390209921	2675	10
26146	0	-0.126751951654656	0	8	0.918582138069376	0.511014390209921	2675	10
26151	3	0.391080710918551	0	8	0.918582138069376	0.511014390209921	2675	10
26152	0	0.36671379980821	0	8	0.918582138069376	0.511014390209921	2675	10
26154	1	0.466236410785957	1	8	0.918582138069376	0.511014390209921	2675	10
26155	0	0.130599302996431	0	8	0.918582138069376	0.511014390209921	2675	10
26156	7	0.250395168046634	0	8	0.918582138069376	0.511014390209921	2675	10
26168	0	0.0208317939932678	0	8	0.918582138069376	0.511014390209921	2675	10
26173	9	0.257398023119629	0	8	0.918582138069376	0.511014390209921	2675	10
26175	3	0.0105260799014089	0	8	0.918582138069376	0.511014390209921	2675	10
26190	7	0.190948552312622	0	8	0.918582138069376	0.511014390209921	2675	10
26191	1	0.629509102018225	1	8	0.918582138069376	0.511014390209921	2675	10
26205	5	0.225997165671457	0	8	0.918582138069376	0.511014390209921	2675	10
26206	0	0.225592860619411	0	8	0.918582138069376	0.511014390209921	2675	10
26207	0	0.129913456615243	0	8	0.918582138069376	0.511014390209921	2675	10
26227	2	-0.23151984658208	0	8	0.918582138069376	0.511014390209921	2675	10
26228	0	0.162905787825145	0	8	0.918582138069376	0.511014390209921	2675	10
26229	3	0.658143541354997	0	8	0.918582138069376	0.511014390209921	2675	10
26232	0	0.00178500246079509	0	8	0.918582138069376	0.511014390209921	2675	10
26233	0	0.383801909837245	0	8	0.918582138069376	0.511014390209921	2675	10
26234	2	-0.335531749432582	0	8	0.918582138069376	0.511014390209921	2675	10
26235	4	-0.0380973669543242	0	8	0.918582138069376	0.511014390209921	2675	10
26240	2	-0.179714865779442	0	8	0.918582138069376	0.511014390209921	2675	10
26249	8	-0.337713657460831	0	8	0.918582138069376	0.511014390209921	2675	10
26251	6	-0.0556513439447796	0	8	0.918582138069376	0.511014390209921	2675	10
26253	1	0.597757593172253	1	8	0.918582138069376	0.511014390209921	2675	10
26256	6	0.0209636401531874	0	8	0.918582138069376	0.511014390209921	2675	10
26261	5	0.220963676770418	0	8	0.918582138069376	0.511014390209921	2675	10
26263	2	-0.196626775744272	0	8	0.918582138069376	0.511014390209921	2675	10
26266	1	0.538569210785706	1	8	0.918582138069376	0.511014390209921	2675	10
26268	0	-0.108229208396656	0	8	0.918582138069376	0.511014390209921	2675	10
26271	0	0.213001485966125	0	8	0.918582138069376	0.511014390209921	2675	10
26273	2	-0.497493050651342	0	8	0.918582138069376	0.511014390209921	2675	10
26275	2	-0.373119781870226	0	8	0.918582138069376	0.511014390209921	2675	10
26276	0	0.346770498863635	0	8	0.918582138069376	0.511014390209921	2675	10
26277	1	0.619725893803965	1	8	0.918582138069376	0.511014390209921	2675	10
26278	1	0.565519574207524	1	8	0.918582138069376	0.511014390209921	2675	10
26279	1	0.584367036874811	1	8	0.918582138069376	0.511014390209921	2675	10
26280	0	-0.0738217004105022	0	8	0.918582138069376	0.511014390209921	2675	10
26284	3	0.0028607037032358	0	8	0.918582138069376	0.511014390209921	2675	10
26287	0	0.349185322742846	0	8	0.918582138069376	0.511014390209921	2675	10
26289	0	0.427778953198547	0	8	0.918582138069376	0.511014390209921	2675	10
26297	3	0.305834468353668	0	8	0.918582138069376	0.511014390209921	2675	10
26298	0	0.42056062181189	0	8	0.918582138069376	0.511014390209921	2675	10
26330	5	0.224902084626261	0	8	0.918582138069376	0.511014390209921	2675	10
26353	0	0.250797540426655	0	8	0.918582138069376	0.511014390209921	2675	10
26355	3	0.113481818647712	0	8	0.918582138069376	0.511014390209921	2675	10
26468	1	0.543812297026508	1	8	0.918582138069376	0.511014390209921	2675	10
26469	0	0.482311997965917	0	8	0.918582138069376	0.511014390209921	2675	10
26470	0	0.3615234716189	0	8	0.918582138069376	0.511014390209921	2675	10
26471	3	0.201179872288051	0	8	0.918582138069376	0.511014390209921	2675	10
26499	1	0.591996366008641	1	8	0.918582138069376	0.511014390209921	2675	10
26502	1	0.562927411792362	1	8	0.918582138069376	0.511014390209921	2675	10
26503	2	-0.310613817833928	0	8	0.918582138069376	0.511014390209921	2675	10
26504	1	0.511014528487307	1	8	0.918582138069376	0.511014390209921	2675	10
26505	9	0.204933352454332	0	8	0.918582138069376	0.511014390209921	2675	10
26507	1	0.469618291663911	1	8	0.918582138069376	0.511014390209921	2675	10
26508	1	0.464875176309843	1	8	0.918582138069376	0.511014390209921	2675	10
26509	1	0.555026957281339	1	8	0.918582138069376	0.511014390209921	2675	10
26511	1	0.481349234997747	1	8	0.918582138069376	0.511014390209921	2675	10
26512	0	0.330464445556739	0	8	0.918582138069376	0.511014390209921	2675	10
26515	6	-0.108366132747564	0	8	0.918582138069376	0.511014390209921	2675	10
26517	3	0.143667366372775	0	8	0.918582138069376	0.511014390209921	2675	10
26519	3	0.0707815170466073	0	8	0.918582138069376	0.511014390209921	2675	10
26520	0	0.0546458895846125	0	8	0.918582138069376	0.511014390209921	2675	10
26521	3	0.319193323289151	0	8	0.918582138069376	0.511014390209921	2675	10
26523	0	0.227608004076093	0	8	0.918582138069376	0.511014390209921	2675	10
26528	1	0.449019888399881	1	8	0.918582138069376	0.511014390209921	2675	10
26548	0	0.288845533892693	0	8	0.918582138069376	0.511014390209921	2675	10
26574	3	0.0581623687430117	0	8	0.918582138069376	0.511014390209921	2675	10
26576	5	0.294090047922631	0	8	0.918582138069376	0.511014390209921	2675	10
26577	8	-0.268010488155696	0	8	0.918582138069376	0.511014390209921	2675	10
26578	0	0.319410909748686	0	8	0.918582138069376	0.511014390209921	2675	10
26585	1	0.432587078360197	1	8	0.918582138069376	0.511014390209921	2675	10
26586	0	0.242570168559346	0	8	0.918582138069376	0.511014390209921	2675	10
26589	2	-0.115670848423202	0	8	0.918582138069376	0.511014390209921	2675	10
26608	0	0.135392716291389	0	8	0.918582138069376	0.511014390209921	2675	10
26610	4	-0.408151409972817	0	8	0.918582138069376	0.511014390209921	2675	10
26747	4	-0.070061200938606	0	8	0.918582138069376	0.511014390209921	2675	10
26750	0	0.425515263342759	0	8	0.918582138069376	0.511014390209921	2675	10
26751	2	-0.381457606090097	0	8	0.918582138069376	0.511014390209921	2675	10
26872	2	-0.0500276651493937	0	8	0.918582138069376	0.511014390209921	2675	10
26873	9	-0.123503591223502	0	8	0.918582138069376	0.511014390209921	2675	10
26953	4	-0.0636722038315028	0	8	0.918582138069376	0.511014390209921	2675	10
26959	0	0.0929929572159768	0	8	0.918582138069376	0.511014390209921	2675	10
26960	1	0.344351300246945	1	8	0.918582138069376	0.511014390209921	2675	10
26973	0	0.0440579229637456	0	8	0.918582138069376	0.511014390209921	2675	10
26984	0	0.219910211268435	0	8	0.918582138069376	0.511014390209921	2675	10
26993	5	0.437778297100988	0	8	0.918582138069376	0.511014390209921	2675	10
26994	7	-0.029106342510866	0	8	0.918582138069376	0.511014390209921	2675	10
26998	0	-0.0423401075482756	0	8	0.918582138069376	0.511014390209921	2675	10
26999	2	-0.260144046193034	0	8	0.918582138069376	0.511014390209921	2675	10
27000	4	-0.184873186260148	0	8	0.918582138069376	0.511014390209921	2675	10
27005	0	0.312706489945259	0	8	0.918582138069376	0.511014390209921	2675	10
27010	0	0.396893172556124	0	8	0.918582138069376	0.511014390209921	2675	10
27012	1	0.492067428428253	1	8	0.918582138069376	0.511014390209921	2675	10
27013	2	-0.137022306081119	0	8	0.918582138069376	0.511014390209921	2675	10
27018	3	0.0590218633376976	0	8	0.918582138069376	0.511014390209921	2675	10
27019	1	0.489138792861344	1	8	0.918582138069376	0.511014390209921	2675	10
27020	7	-0.0412242832243715	0	8	0.918582138069376	0.511014390209921	2675	10
27030	0	0.289490803449332	0	8	0.918582138069376	0.511014390209921	2675	10
27032	4	0.209616400012749	0	8	0.918582138069376	0.511014390209921	2675	10
27033	0	0.128578157968333	0	8	0.918582138069376	0.511014390209921	2675	10
27034	2	-0.170188683875978	0	8	0.918582138069376	0.511014390209921	2675	10
27036	1	0.645620570507054	1	8	0.918582138069376	0.511014390209921	2675	10
27037	1	0.48592491931828	1	8	0.918582138069376	0.511014390209921	2675	10
27042	0	0.41274583653969	0	8	0.918582138069376	0.511014390209921	2675	10
27043	0	0.155791910977651	0	8	0.918582138069376	0.511014390209921	2675	10
27065	0	0.17392361050623	0	8	0.918582138069376	0.511014390209921	2675	10
27067	8	-0.0517815515646551	0	8	0.918582138069376	0.511014390209921	2675	10
27068	2	-0.223192596048988	0	8	0.918582138069376	0.511014390209921	2675	10
27069	2	-0.384470339388104	0	8	0.918582138069376	0.511014390209921	2675	10
27071	1	0.687852216091329	1	8	0.918582138069376	0.511014390209921	2675	10
27072	1	0.442080076809296	1	8	0.918582138069376	0.511014390209921	2675	10
27074	1	0.593077459497423	1	8	0.918582138069376	0.511014390209921	2675	10
27075	1	0.634433100550878	1	8	0.918582138069376	0.511014390209921	2675	10
27077	0	0.100600970665437	0	8	0.918582138069376	0.511014390209921	2675	10
27079	3	0.195882388098426	0	8	0.918582138069376	0.511014390209921	2675	10
27087	0	0.0301210101949094	0	8	0.918582138069376	0.511014390209921	2675	10
27089	3	-0.0178659338886236	0	8	0.918582138069376	0.511014390209921	2675	10
27090	1	0.518677204232751	1	8	0.918582138069376	0.511014390209921	2675	10
27095	3	0.0974865775244166	0	8	0.918582138069376	0.511014390209921	2675	10
27097	1	0.515367909155645	1	8	0.918582138069376	0.511014390209921	2675	10
27098	0	-0.251881395365884	0	8	0.918582138069376	0.511014390209921	2675	10
27101	2	-0.0430273522119352	0	8	0.918582138069376	0.511014390209921	2675	10
27102	4	-0.246499075880105	0	8	0.918582138069376	0.511014390209921	2675	10
27107	0	-0.274634759475523	0	8	0.918582138069376	0.511014390209921	2675	10
27109	0	-0.339236021570628	0	8	0.918582138069376	0.511014390209921	2675	10
27112	0	0.0693464738717783	0	8	0.918582138069376	0.511014390209921	2675	10
27115	1	0.586185650760624	1	8	0.918582138069376	0.511014390209921	2675	10
27122	1	0.597264559090037	1	8	0.918582138069376	0.511014390209921	2675	10
27124	0	-0.205458953348284	0	8	0.918582138069376	0.511014390209921	2675	10
27125	0	0.183958522474103	0	8	0.918582138069376	0.511014390209921	2675	10
27128	1	0.405342541224132	1	8	0.918582138069376	0.511014390209921	2675	10
27129	5	0.0111092674469117	0	8	0.918582138069376	0.511014390209921	2675	10
27130	0	-0.153773259411167	0	8	0.918582138069376	0.511014390209921	2675	10
27131	4	-0.153942720527502	0	8	0.918582138069376	0.511014390209921	2675	10
27132	1	0.531727139253349	1	8	0.918582138069376	0.511014390209921	2675	10
27134	5	-0.0562135422788285	0	8	0.918582138069376	0.511014390209921	2675	10
27147	1	0.519790998461356	1	8	0.918582138069376	0.511014390209921	2675	10
27156	2	-0.144488129682874	0	8	0.918582138069376	0.511014390209921	2675	10
27158	5	0.166579669354393	0	8	0.918582138069376	0.511014390209921	2675	10
27163	2	-0.0415274973749963	0	8	0.918582138069376	0.511014390209921	2675	10
27165	0	0.212800900346698	0	8	0.918582138069376	0.511014390209921	2675	10
27173	3	0.432907323556401	0	8	0.918582138069376	0.511014390209921	2675	10
27175	2	-0.127271661266164	0	8	0.918582138069376	0.511014390209921	2675	10
27180	1	0.569467253972115	1	8	0.918582138069376	0.511014390209921	2675	10
27181	1	0.522699970598705	1	8	0.918582138069376	0.511014390209921	2675	10
27183	3	0.204125802242582	0	8	0.918582138069376	0.511014390209921	2675	10
27202	6	0.00580619488255612	0	8	0.918582138069376	0.511014390209921	2675	10
27229	0	0.312803632390289	0	8	0.918582138069376	0.511014390209921	2675	10
27230	0	0.115569733528952	0	8	0.918582138069376	0.511014390209921	2675	10
27231	6	-0.0125365582298074	0	8	0.918582138069376	0.511014390209921	2675	10
27235	0	0.438053688966556	0	8	0.918582138069376	0.511014390209921	2675	10
27236	0	0.125724859291455	0	8	0.918582138069376	0.511014390209921	2675	10
27237	9	-0.160512302245904	0	8	0.918582138069376	0.511014390209921	2675	10
27238	3	-0.0181632261935896	0	8	0.918582138069376	0.511014390209921	2675	10
27239	1	0.593306353152564	1	8	0.918582138069376	0.511014390209921	2675	10
27240	1	0.783695563360965	1	8	0.918582138069376	0.511014390209921	2675	10
27241	0	-0.0986231555192757	0	8	0.918582138069376	0.511014390209921	2675	10
27242	2	-0.235117937491656	0	8	0.918582138069376	0.511014390209921	2675	10
27243	3	0.00527845925862686	0	8	0.918582138069376	0.511014390209921	2675	10
27244	0	0.14365569624792	0	8	0.918582138069376	0.511014390209921	2675	10
27245	5	0.467473796607407	0	8	0.918582138069376	0.511014390209921	2675	10
27247	3	-0.182321018005714	0	8	0.918582138069376	0.511014390209921	2675	10
27249	7	-0.0396579411081921	0	8	0.918582138069376	0.511014390209921	2675	10
27252	4	-0.00747303113237353	0	8	0.918582138069376	0.511014390209921	2675	10
27253	0	0.375868520913612	0	8	0.918582138069376	0.511014390209921	2675	10
27254	2	-0.398424408916813	0	8	0.918582138069376	0.511014390209921	2675	10
27255	0	0.351326245637736	0	8	0.918582138069376	0.511014390209921	2675	10
27257	3	0.293516590152964	0	8	0.918582138069376	0.511014390209921	2675	10
27258	3	-0.0485274126511118	0	8	0.918582138069376	0.511014390209921	2675	10
27285	1	0.546515880875875	1	8	0.918582138069376	0.511014390209921	2675	10
27286	1	0.694538925428647	1	8	0.918582138069376	0.511014390209921	2675	10
27287	1	0.676171208419244	1	8	0.918582138069376	0.511014390209921	2675	10
27289	0	-0.24364723353936	0	8	0.918582138069376	0.511014390209921	2675	10
27291	1	0.494067530284568	1	8	0.918582138069376	0.511014390209921	2675	10
27292	0	0.361740493225902	0	8	0.918582138069376	0.511014390209921	2675	10
27293	0	0.0105643880420084	0	8	0.918582138069376	0.511014390209921	2675	10
27295	1	0.444078127673089	1	8	0.918582138069376	0.511014390209921	2675	10
27296	0	0.100618803749912	0	8	0.918582138069376	0.511014390209921	2675	10
27297	0	0.394776723035084	0	8	0.918582138069376	0.511014390209921	2675	10
27299	1	0.618468847344778	1	8	0.918582138069376	0.511014390209921	2675	10
27300	1	0.525860140128724	1	8	0.918582138069376	0.511014390209921	2675	10
27301	0	0.122643015884639	0	8	0.918582138069376	0.511014390209921	2675	10
27303	1	0.573440707620946	1	8	0.918582138069376	0.511014390209921	2675	10
27304	0	0.13914411529035	0	8	0.918582138069376	0.511014390209921	2675	10
27306	1	0.577357153053314	1	8	0.918582138069376	0.511014390209921	2675	10
27309	6	-0.105289915033755	0	8	0.918582138069376	0.511014390209921	2675	10
27314	1	0.50510564152178	1	8	0.918582138069376	0.511014390209921	2675	10
27315	0	0.133419043240271	0	8	0.918582138069376	0.511014390209921	2675	10
27324	2	-0.205605035171868	0	8	0.918582138069376	0.511014390209921	2675	10
27329	2	-0.492040470612978	0	8	0.918582138069376	0.511014390209921	2675	10
27330	6	-0.187901475328996	0	8	0.918582138069376	0.511014390209921	2675	10
27333	0	-0.268986868817937	0	8	0.918582138069376	0.511014390209921	2675	10
27334	1	0.652925559770543	1	8	0.918582138069376	0.511014390209921	2675	10
27335	3	0.110733686132528	0	8	0.918582138069376	0.511014390209921	2675	10
27336	0	0.0187978844031112	0	8	0.918582138069376	0.511014390209921	2675	10
27339	0	0.219190573488798	0	8	0.918582138069376	0.511014390209921	2675	10
27340	1	0.468606930104451	1	8	0.918582138069376	0.511014390209921	2675	10
27341	0	0.441567793004003	0	8	0.918582138069376	0.511014390209921	2675	10
27343	0	0.125056694752186	0	8	0.918582138069376	0.511014390209921	2675	10
27344	2	-0.427483722433926	0	8	0.918582138069376	0.511014390209921	2675	10
27345	0	-0.222330188416898	0	8	0.918582138069376	0.511014390209921	2675	10
27346	0	0.0339485008657398	0	8	0.918582138069376	0.511014390209921	2675	10
27347	1	0.552184994607099	1	8	0.918582138069376	0.511014390209921	2675	10
27348	1	0.322710292134778	1	8	0.918582138069376	0.511014390209921	2675	10
27349	2	-0.214949948133762	0	8	0.918582138069376	0.511014390209921	2675	10
27350	1	0.76359601536318	1	8	0.918582138069376	0.511014390209921	2675	10
27351	3	0.177537203257011	0	8	0.918582138069376	0.511014390209921	2675	10
27352	1	0.578467839463956	1	8	0.918582138069376	0.511014390209921	2675	10
27429	3	0.0198781377104824	0	8	0.918582138069376	0.511014390209921	2675	10
27430	2	-0.0890515773722741	0	8	0.918582138069376	0.511014390209921	2675	10
27434	0	0.123679225102335	0	8	0.918582138069376	0.511014390209921	2675	10
27436	1	0.572123591277048	1	8	0.918582138069376	0.511014390209921	2675	10
27445	4	-0.243450541597351	0	8	0.918582138069376	0.511014390209921	2675	10
28231	0	0.155417176227228	0	8	0.918582138069376	0.511014390209921	2675	10
28232	1	0.598627786870188	1	8	0.918582138069376	0.511014390209921	2675	10
28316	0	-0.0522574363927461	0	8	0.918582138069376	0.511014390209921	2675	10
28511	3	0.424722507878853	0	8	0.918582138069376	0.511014390209921	2675	10
28513	0	-0.0260205225589617	0	8	0.918582138069376	0.511014390209921	2675	10
28951	1	0.512756356796553	1	8	0.918582138069376	0.511014390209921	2675	10
28952	0	0.25758365052921	0	8	0.918582138069376	0.511014390209921	2675	10
28954	1	0.514022261209246	1	8	0.918582138069376	0.511014390209921	2675	10
28955	3	0.20993240567064	0	8	0.918582138069376	0.511014390209921	2675	10
28956	3	0.177837357816559	0	8	0.918582138069376	0.511014390209921	2675	10
28957	3	-0.0483029563688359	0	8	0.918582138069376	0.511014390209921	2675	10
28958	3	0.0443296257145478	0	8	0.918582138069376	0.511014390209921	2675	10
28959	2	-0.193851873579548	0	8	0.918582138069376	0.511014390209921	2675	10
28960	0	0.246890802522029	0	8	0.918582138069376	0.511014390209921	2675	10
28962	4	0.0831950004543669	0	8	0.918582138069376	0.511014390209921	2675	10
28964	1	0.542777025452279	1	8	0.918582138069376	0.511014390209921	2675	10
28966	1	-0.466291890790455	1	8	0.918582138069376	0.511014390209921	2675	10
28968	5	0.08785501454397	0	8	0.918582138069376	0.511014390209921	2675	10
28969	1	0.596449116122729	1	8	0.918582138069376	0.511014390209921	2675	10
28971	3	0.0761048559647539	0	8	0.918582138069376	0.511014390209921	2675	10
28972	7	-0.0710004903910066	0	8	0.918582138069376	0.511014390209921	2675	10
28974	3	0.000381261373971457	0	8	0.918582138069376	0.511014390209921	2675	10
28977	2	-0.226176682388374	0	8	0.918582138069376	0.511014390209921	2675	10
28978	2	-0.131261965568331	0	8	0.918582138069376	0.511014390209921	2675	10
28981	0	-0.267348438202328	0	8	0.918582138069376	0.511014390209921	2675	10
28984	0	0.093233383927269	0	8	0.918582138069376	0.511014390209921	2675	10
28985	0	0.0212639227697211	0	8	0.918582138069376	0.511014390209921	2675	10
28986	7	-0.0142773997088623	0	8	0.918582138069376	0.511014390209921	2675	10
28990	1	0.453399441987705	1	8	0.918582138069376	0.511014390209921	2675	10
28992	2	-0.441748102376798	0	8	0.918582138069376	0.511014390209921	2675	10
28996	0	-0.0114747431733181	0	8	0.918582138069376	0.511014390209921	2675	10
28998	7	-0.0840097584775922	0	8	0.918582138069376	0.511014390209921	2675	10
28999	6	-0.0987984684044635	0	8	0.918582138069376	0.511014390209921	2675	10
29015	1	0.770987359417622	1	8	0.918582138069376	0.511014390209921	2675	10
29028	1	0.719740037571861	1	8	0.918582138069376	0.511014390209921	2675	10
29062	0	0.141597874659833	0	8	0.918582138069376	0.511014390209921	2675	10
29063	0	0.0453564589426215	0	8	0.918582138069376	0.511014390209921	2675	10
29066	4	0.0974523105454103	0	8	0.918582138069376	0.511014390209921	2675	10
29071	0	-0.117684504905744	0	8	0.918582138069376	0.511014390209921	2675	10
29072	0	0.235480622261725	0	8	0.918582138069376	0.511014390209921	2675	10
29074	3	0.104746853832291	0	8	0.918582138069376	0.511014390209921	2675	10
29078	7	-0.185578881091887	0	8	0.918582138069376	0.511014390209921	2675	10
29079	7	0.0671726696062652	0	8	0.918582138069376	0.511014390209921	2675	10
29080	0	0.22274746360346	0	8	0.918582138069376	0.511014390209921	2675	10
29081	7	0.0938401357747705	0	8	0.918582138069376	0.511014390209921	2675	10
29083	0	-0.101823623195458	0	8	0.918582138069376	0.511014390209921	2675	10
29086	3	0.238565799823434	0	8	0.918582138069376	0.511014390209921	2675	10
29087	3	0.370467644199879	0	8	0.918582138069376	0.511014390209921	2675	10
29088	3	-0.121591472341638	0	8	0.918582138069376	0.511014390209921	2675	10
29091	0	0.0500936310275352	0	8	0.918582138069376	0.511014390209921	2675	10
29093	3	0.0406277056835129	0	8	0.918582138069376	0.511014390209921	2675	10
29094	0	-0.106053704529979	0	8	0.918582138069376	0.511014390209921	2675	10
29095	3	0.471916242449639	0	8	0.918582138069376	0.511014390209921	2675	10
29097	7	0.068535267288801	0	8	0.918582138069376	0.511014390209921	2675	10
29099	3	0.0481208155218347	0	8	0.918582138069376	0.511014390209921	2675	10
29100	3	0.0488153275024099	0	8	0.918582138069376	0.511014390209921	2675	10
29102	1	0.470475834542189	1	8	0.918582138069376	0.511014390209921	2675	10
29103	7	0.154557933885895	0	8	0.918582138069376	0.511014390209921	2675	10
29104	3	0.0148264323992289	0	8	0.918582138069376	0.511014390209921	2675	10
29105	0	-0.118613008529385	0	8	0.918582138069376	0.511014390209921	2675	10
29107	3	0.525912447096755	0	8	0.918582138069376	0.511014390209921	2675	10
29108	1	0.697823853620589	1	8	0.918582138069376	0.511014390209921	2675	10
29109	10	0.578633627642279	0	8	0.918582138069376	0.511014390209921	2675	10
29110	4	0.100435536797212	0	8	0.918582138069376	0.511014390209921	2675	10
29114	0	0.120010975224072	0	8	0.918582138069376	0.511014390209921	2675	10
29115	1	0.48172612919795	1	8	0.918582138069376	0.511014390209921	2675	10
29118	2	-0.139858171750297	0	8	0.918582138069376	0.511014390209921	2675	10
29119	6	-0.0730893723269575	0	8	0.918582138069376	0.511014390209921	2675	10
29121	1	0.539174928279592	1	8	0.918582138069376	0.511014390209921	2675	10
29123	0	0.34413715685582	0	8	0.918582138069376	0.511014390209921	2675	10
29127	0	0.380717163594227	0	8	0.918582138069376	0.511014390209921	2675	10
29760	1	0.550981991818089	1	8	0.918582138069376	0.511014390209921	2675	10
29761	4	0.205349074233329	0	8	0.918582138069376	0.511014390209921	2675	10
29763	0	-0.247285286616656	0	8	0.918582138069376	0.511014390209921	2675	10
29766	4	0.197094762842856	0	8	0.918582138069376	0.511014390209921	2675	10
29767	1	0.547091062842554	1	8	0.918582138069376	0.511014390209921	2675	10
29775	0	0.00195837123271537	0	8	0.918582138069376	0.511014390209921	2675	10
29777	3	0.482909148078125	0	8	0.918582138069376	0.511014390209921	2675	10
29780	3	0.152731347922268	0	8	0.918582138069376	0.511014390209921	2675	10
29781	1	0.572835008659207	1	8	0.918582138069376	0.511014390209921	2675	10
29789	0	0.156085322371894	0	8	0.918582138069376	0.511014390209921	2675	10
29796	3	0.135588500309228	0	8	0.918582138069376	0.511014390209921	2675	10
29799	1	0.629011090871893	1	8	0.918582138069376	0.511014390209921	2675	10
29802	1	0.614375170135085	1	8	0.918582138069376	0.511014390209921	2675	10
29803	0	-0.018409919225277	0	8	0.918582138069376	0.511014390209921	2675	10
29842	0	-0.0128314265256398	0	8	0.918582138069376	0.511014390209921	2675	10
29844	3	0.319635723586744	0	8	0.918582138069376	0.511014390209921	2675	10
29851	1	0.65683299164242	1	8	0.918582138069376	0.511014390209921	2675	10
29855	0	0.390976949592564	0	8	0.918582138069376	0.511014390209921	2675	10
29880	1	-0.487590870665816	1	8	0.918582138069376	0.511014390209921	2675	10
29881	0	0.00619763481511214	0	8	0.918582138069376	0.511014390209921	2675	10
29882	5	0.0677271212702657	0	8	0.918582138069376	0.511014390209921	2675	10
29883	7	0.0613287721716131	0	8	0.918582138069376	0.511014390209921	2675	10
29887	0	0.215743534666329	0	8	0.918582138069376	0.511014390209921	2675	10
29888	0	0.190438353328354	0	8	0.918582138069376	0.511014390209921	2675	10
29889	0	0.176072310313908	0	8	0.918582138069376	0.511014390209921	2675	10
29890	1	0.620036966977911	1	8	0.918582138069376	0.511014390209921	2675	10
29893	0	0.358768592133206	0	8	0.918582138069376	0.511014390209921	2675	10
29895	0	0.225355568538751	0	8	0.918582138069376	0.511014390209921	2675	10
29896	1	0.686079696196274	1	8	0.918582138069376	0.511014390209921	2675	10
29899	0	0.368890527915469	0	8	0.918582138069376	0.511014390209921	2675	10
29901	3	0.214901254091719	0	8	0.918582138069376	0.511014390209921	2675	10
29902	1	0.468919010778425	1	8	0.918582138069376	0.511014390209921	2675	10
29903	2	-0.134079169221396	0	8	0.918582138069376	0.511014390209921	2675	10
29906	5	0.0548228529831005	0	8	0.918582138069376	0.511014390209921	2675	10
29911	0	-0.216882968978521	0	8	0.918582138069376	0.511014390209921	2675	10
29914	0	0.344343210196836	0	8	0.918582138069376	0.511014390209921	2675	10
29915	4	-0.0968709865410035	0	8	0.918582138069376	0.511014390209921	2675	10
29916	3	0.439618199656489	0	8	0.918582138069376	0.511014390209921	2675	10
29919	0	0.00312411150396912	0	8	0.918582138069376	0.511014390209921	2675	10
29922	7	-0.118854781094646	0	8	0.918582138069376	0.511014390209921	2675	10
29923	0	0.301211051099153	0	8	0.918582138069376	0.511014390209921	2675	10
29924	0	0.142706609980962	0	8	0.918582138069376	0.511014390209921	2675	10
29926	3	0.22530527166686	0	8	0.918582138069376	0.511014390209921	2675	10
29927	1	0.580190465977102	1	8	0.918582138069376	0.511014390209921	2675	10
29928	3	0.285800883305828	0	8	0.918582138069376	0.511014390209921	2675	10
29929	4	0.105948981408122	0	8	0.918582138069376	0.511014390209921	2675	10
29933	5	0.650916911332686	0	8	0.918582138069376	0.511014390209921	2675	10
29937	3	0.297203141646189	0	8	0.918582138069376	0.511014390209921	2675	10
29942	0	0.336898082526885	0	8	0.918582138069376	0.511014390209921	2675	10
29944	6	-0.136255564764012	0	8	0.918582138069376	0.511014390209921	2675	10
29946	3	0.302750738372068	0	8	0.918582138069376	0.511014390209921	2675	10
29948	2	-0.322193764355775	0	8	0.918582138069376	0.511014390209921	2675	10
29951	0	-0.0178689128413906	0	8	0.918582138069376	0.511014390209921	2675	10
29953	4	-0.199330647477873	0	8	0.918582138069376	0.511014390209921	2675	10
29954	1	0.484337686533903	1	8	0.918582138069376	0.511014390209921	2675	10
29956	2	-0.273697288414391	0	8	0.918582138069376	0.511014390209921	2675	10
29957	0	0.29564249728723	0	8	0.918582138069376	0.511014390209921	2675	10
29959	1	0.529318205148369	1	8	0.918582138069376	0.511014390209921	2675	10
29960	3	0.249707411074826	0	8	0.918582138069376	0.511014390209921	2675	10
29965	2	-0.19599011088784	0	8	0.918582138069376	0.511014390209921	2675	10
29966	0	0.0747586851123531	0	8	0.918582138069376	0.511014390209921	2675	10
29967	4	-0.0747493697516391	0	8	0.918582138069376	0.511014390209921	2675	10
29968	2	-0.339469095209195	0	8	0.918582138069376	0.511014390209921	2675	10
29969	1	0.710216547402341	1	8	0.918582138069376	0.511014390209921	2675	10
29974	2	-0.406809052552184	0	8	0.918582138069376	0.511014390209921	2675	10
29978	4	0.118391090764622	0	8	0.918582138069376	0.511014390209921	2675	10
29980	0	-0.0575744024231968	0	8	0.918582138069376	0.511014390209921	2675	10
29982	7	0.431933546335997	0	8	0.918582138069376	0.511014390209921	2675	10
29984	3	0.392735847881294	0	8	0.918582138069376	0.511014390209921	2675	10
29988	3	0.141634810624744	0	8	0.918582138069376	0.511014390209921	2675	10
29992	1	0.625107369288512	1	8	0.918582138069376	0.511014390209921	2675	10
29994	1	0.433560128115408	1	8	0.918582138069376	0.511014390209921	2675	10
29995	1	0.511982720194919	1	8	0.918582138069376	0.511014390209921	2675	10
29998	5	0.0834605617465215	0	8	0.918582138069376	0.511014390209921	2675	10
30000	5	0.191960736374757	0	8	0.918582138069376	0.511014390209921	2675	10
30001	0	0.119678589079876	0	8	0.918582138069376	0.511014390209921	2675	10
30008	1	0.593592094493505	1	8	0.918582138069376	0.511014390209921	2675	10
30009	1	0.774765971413764	1	8	0.918582138069376	0.511014390209921	2675	10
30811	0	0.417709000177285	0	8	0.918582138069376	0.511014390209921	2675	10
30817	1	0.815326438266127	1	8	0.918582138069376	0.511014390209921	2675	10
30819	0	0.285077593809248	0	8	0.918582138069376	0.511014390209921	2675	10
30820	1	0.627310070018661	1	8	0.918582138069376	0.511014390209921	2675	10
30827	10	0.540447904450728	0	8	0.918582138069376	0.511014390209921	2675	10
30833	3	0.392578755486489	0	8	0.918582138069376	0.511014390209921	2675	10
30835	1	0.711019593638505	1	8	0.918582138069376	0.511014390209921	2675	10
30836	4	-0.0735507168302583	0	8	0.918582138069376	0.511014390209921	2675	10
30837	0	0.0881657359234818	0	8	0.918582138069376	0.511014390209921	2675	10
30844	1	0.433418715741699	1	8	0.918582138069376	0.511014390209921	2675	10
30845	8	-0.144324831914051	0	8	0.918582138069376	0.511014390209921	2675	10
30846	0	0.437181800738175	0	8	0.918582138069376	0.511014390209921	2675	10
30849	0	-0.326266615739805	0	8	0.918582138069376	0.511014390209921	2675	10
30850	5	0.478478600414845	0	8	0.918582138069376	0.511014390209921	2675	10
30968	3	-0.0801888539589744	0	8	0.918582138069376	0.511014390209921	2675	10
49855	6	0.0205027434809193	0	8	0.918582138069376	0.511014390209921	2675	10
49856	3	0.383333504070343	0	8	0.918582138069376	0.511014390209921	2675	10
50485	1	0.575414237905624	1	8	0.918582138069376	0.511014390209921	2675	10
50486	2	-0.372537869217876	0	8	0.918582138069376	0.511014390209921	2675	10
50488	5	0.239965770412036	0	8	0.918582138069376	0.511014390209921	2675	10
50489	1	0.516805437382637	1	8	0.918582138069376	0.511014390209921	2675	10
50506	6	-0.0578102466260034	0	8	0.918582138069376	0.511014390209921	2675	10
50507	2	-0.312743277818934	0	8	0.918582138069376	0.511014390209921	2675	10
50509	1	0.496417445711309	1	8	0.918582138069376	0.511014390209921	2675	10
50512	3	0.458645145724917	0	8	0.918582138069376	0.511014390209921	2675	10
50515	1	0.652125666874233	1	8	0.918582138069376	0.511014390209921	2675	10
50613	6	-0.0399911779196369	0	8	0.918582138069376	0.511014390209921	2675	10
50615	1	0.781245590743	1	8	0.918582138069376	0.511014390209921	2675	10
50617	0	-0.216817752200615	0	8	0.918582138069376	0.511014390209921	2675	10
50618	0	0.16094453460527	0	8	0.918582138069376	0.511014390209921	2675	10
50619	1	0.727519944323243	1	8	0.918582138069376	0.511014390209921	2675	10
50626	3	0.208985828975152	0	8	0.918582138069376	0.511014390209921	2675	10
50628	1	0.554461285318965	1	8	0.918582138069376	0.511014390209921	2675	10
50649	6	-0.130702542010426	0	8	0.918582138069376	0.511014390209921	2675	10
50650	8	-0.079512046073897	0	8	0.918582138069376	0.511014390209921	2675	10
50700	0	0.0251926358624268	0	8	0.918582138069376	0.511014390209921	2675	10
50717	3	0.148946550993014	0	8	0.918582138069376	0.511014390209921	2675	10
50807	1	0.679621061842081	1	8	0.918582138069376	0.511014390209921	2675	10
50809	1	0.544465493516001	1	8	0.918582138069376	0.511014390209921	2675	10
50810	0	0.311831596898033	0	8	0.918582138069376	0.511014390209921	2675	10
50813	3	0.0778605882584672	0	8	0.918582138069376	0.511014390209921	2675	10
50814	2	-0.204739518557717	0	8	0.918582138069376	0.511014390209921	2675	10
50831	0	0.379887255650781	0	8	0.918582138069376	0.511014390209921	2675	10
50832	0	-0.0286856475853237	0	8	0.918582138069376	0.511014390209921	2675	10
50838	0	0.00140080822632395	0	8	0.918582138069376	0.511014390209921	2675	10
50852	1	0.644431497349741	1	8	0.918582138069376	0.511014390209921	2675	10
50853	1	0.554428249101685	1	8	0.918582138069376	0.511014390209921	2675	10
50855	3	0.256766702260864	0	8	0.918582138069376	0.511014390209921	2675	10
50856	1	0.567026102605485	1	8	0.918582138069376	0.511014390209921	2675	10
50861	1	0.769175350971205	1	8	0.918582138069376	0.511014390209921	2675	10
50862	0	0.0192033212701805	0	8	0.918582138069376	0.511014390209921	2675	10
50865	3	0.0322028033640287	0	8	0.918582138069376	0.511014390209921	2675	10
50937	1	0.431815860356758	1	8	0.918582138069376	0.511014390209921	2675	10
50939	1	0.63569002400819	1	8	0.918582138069376	0.511014390209921	2675	10
50940	0	0.295093821645751	0	8	0.918582138069376	0.511014390209921	2675	10
50943	1	0.547582477227407	1	8	0.918582138069376	0.511014390209921	2675	10
50944	1	0.436984555453302	1	8	0.918582138069376	0.511014390209921	2675	10
50999	4	-0.143685028369642	0	8	0.918582138069376	0.511014390209921	2675	10
51001	4	-0.166620745405745	0	8	0.918582138069376	0.511014390209921	2675	10
51002	7	-0.0942795809596386	0	8	0.918582138069376	0.511014390209921	2675	10
51003	0	-0.151070147323357	0	8	0.918582138069376	0.511014390209921	2675	10
51004	2	-0.340671064865611	0	8	0.918582138069376	0.511014390209921	2675	10
51006	1	0.630167929879388	1	8	0.918582138069376	0.511014390209921	2675	10
51008	1	0.3845208347837	1	8	0.918582138069376	0.511014390209921	2675	10
51009	3	0.0856312425775423	0	8	0.918582138069376	0.511014390209921	2675	10
51012	7	-0.040103155472414	0	8	0.918582138069376	0.511014390209921	2675	10
51015	2	-0.31449849086765	0	8	0.918582138069376	0.511014390209921	2675	10
51016	3	0.205942919093985	0	8	0.918582138069376	0.511014390209921	2675	10
51018	0	-0.0771107132482635	0	8	0.918582138069376	0.511014390209921	2675	10
51019	7	0.0705439394001292	0	8	0.918582138069376	0.511014390209921	2675	10
51020	3	0.0291292322542897	0	8	0.918582138069376	0.511014390209921	2675	10
51022	0	-0.16025043096165	0	8	0.918582138069376	0.511014390209921	2675	10
51023	7	0.27677494091771	0	8	0.918582138069376	0.511014390209921	2675	10
51024	3	0.147067642574701	0	8	0.918582138069376	0.511014390209921	2675	10
51026	0	0.083447775022617	0	8	0.918582138069376	0.511014390209921	2675	10
51027	3	-0.17140710031495	0	8	0.918582138069376	0.511014390209921	2675	10
51029	0	0.185747762013562	0	8	0.918582138069376	0.511014390209921	2675	10
51031	2	-0.0207623786548695	0	8	0.918582138069376	0.511014390209921	2675	10
51035	3	0.21852745704935	0	8	0.918582138069376	0.511014390209921	2675	10
51042	3	0.0606802489092178	0	8	0.918582138069376	0.511014390209921	2675	10
51043	5	0.0504374284249543	0	8	0.918582138069376	0.511014390209921	2675	10
51050	1	0.533252831820752	1	8	0.918582138069376	0.511014390209921	2675	10
51053	0	-0.21527111729456	0	8	0.918582138069376	0.511014390209921	2675	10
51056	2	-0.126002520476108	0	8	0.918582138069376	0.511014390209921	2675	10
51063	1	0.810841234871691	1	8	0.918582138069376	0.511014390209921	2675	10
51065	3	0.10939617865785	0	8	0.918582138069376	0.511014390209921	2675	10
51066	0	0.0215910331206857	0	8	0.918582138069376	0.511014390209921	2675	10
51067	0	0.314638753413329	0	8	0.918582138069376	0.511014390209921	2675	10
51068	4	-0.0806859157594856	0	8	0.918582138069376	0.511014390209921	2675	10
51069	2	-0.125451207554786	0	8	0.918582138069376	0.511014390209921	2675	10
51070	3	0.285661964825206	0	8	0.918582138069376	0.511014390209921	2675	10
51071	2	-0.284448160146298	0	8	0.918582138069376	0.511014390209921	2675	10
51073	3	0.0915332051628805	0	8	0.918582138069376	0.511014390209921	2675	10
51075	3	0.0732293032227946	0	8	0.918582138069376	0.511014390209921	2675	10
51076	0	-0.168181628688007	0	8	0.918582138069376	0.511014390209921	2675	10
51077	3	0.36079047508046	0	8	0.918582138069376	0.511014390209921	2675	10
51078	3	0.135569238075494	0	8	0.918582138069376	0.511014390209921	2675	10
51081	3	-0.0276628130546174	0	8	0.918582138069376	0.511014390209921	2675	10
51082	3	0.198271969382685	0	8	0.918582138069376	0.511014390209921	2675	10
51084	2	-0.36359326007996	0	8	0.918582138069376	0.511014390209921	2675	10
51085	2	-0.350897834680237	0	8	0.918582138069376	0.511014390209921	2675	10
51087	6	-0.05138204323867	0	8	0.918582138069376	0.511014390209921	2675	10
51090	2	-0.0399856447473599	0	8	0.918582138069376	0.511014390209921	2675	10
51092	5	0.476997779614393	0	8	0.918582138069376	0.511014390209921	2675	10
51093	2	-0.261240173447402	0	8	0.918582138069376	0.511014390209921	2675	10
51094	3	-0.0147532999129549	0	8	0.918582138069376	0.511014390209921	2675	10
51096	0	0.144907270106075	0	8	0.918582138069376	0.511014390209921	2675	10
51097	0	-0.230956474421592	0	8	0.918582138069376	0.511014390209921	2675	10
51098	1	0.569286826937402	1	8	0.918582138069376	0.511014390209921	2675	10
51099	0	0.105620296469372	0	8	0.918582138069376	0.511014390209921	2675	10
51100	0	0.195936261359804	0	8	0.918582138069376	0.511014390209921	2675	10
51101	1	0.447093043334489	1	8	0.918582138069376	0.511014390209921	2675	10
51102	2	-0.207645031160327	0	8	0.918582138069376	0.511014390209921	2675	10
51103	7	-0.147088313851087	0	8	0.918582138069376	0.511014390209921	2675	10
51104	0	-0.177493103337451	0	8	0.918582138069376	0.511014390209921	2675	10
51105	0	0.427146223876138	0	8	0.918582138069376	0.511014390209921	2675	10
51106	2	-0.00953089371452893	0	8	0.918582138069376	0.511014390209921	2675	10
51107	3	0.299435435739621	0	8	0.918582138069376	0.511014390209921	2675	10
51108	2	-0.0912401092697247	0	8	0.918582138069376	0.511014390209921	2675	10
51109	2	-0.204319928777928	0	8	0.918582138069376	0.511014390209921	2675	10
51110	2	-0.157701508085016	0	8	0.918582138069376	0.511014390209921	2675	10
51111	0	0.108184244447017	0	8	0.918582138069376	0.511014390209921	2675	10
51112	0	0.142871204687392	0	8	0.918582138069376	0.511014390209921	2675	10
51115	4	-0.328304037438248	0	8	0.918582138069376	0.511014390209921	2675	10
51116	2	-0.157377722139221	0	8	0.918582138069376	0.511014390209921	2675	10
51117	2	-0.160726770092734	0	8	0.918582138069376	0.511014390209921	2675	10
51118	0	0.173914132676527	0	8	0.918582138069376	0.511014390209921	2675	10
51125	7	0.0330271145511563	0	8	0.918582138069376	0.511014390209921	2675	10
51127	0	0.300168144208332	0	8	0.918582138069376	0.511014390209921	2675	10
51128	2	-0.214214257139662	0	8	0.918582138069376	0.511014390209921	2675	10
51129	0	0.116065601693959	0	8	0.918582138069376	0.511014390209921	2675	10
51131	1	0.514455978657272	1	8	0.918582138069376	0.511014390209921	2675	10
51133	0	-0.187439999376617	0	8	0.918582138069376	0.511014390209921	2675	10
51134	4	0.0769939758792492	0	8	0.918582138069376	0.511014390209921	2675	10
51135	1	0.635491641093399	1	8	0.918582138069376	0.511014390209921	2675	10
51136	0	-0.114999322399095	0	8	0.918582138069376	0.511014390209921	2675	10
51138	2	-0.284587791956346	0	8	0.918582138069376	0.511014390209921	2675	10
51141	4	-0.189068606441896	0	8	0.918582138069376	0.511014390209921	2675	10
51142	3	0.205144448452547	0	8	0.918582138069376	0.511014390209921	2675	10
51143	7	-0.185316840368272	0	8	0.918582138069376	0.511014390209921	2675	10
51144	8	-0.293610053423031	0	8	0.918582138069376	0.511014390209921	2675	10
51146	0	0.183948533066432	0	8	0.918582138069376	0.511014390209921	2675	10
51147	3	0.474445343955825	0	8	0.918582138069376	0.511014390209921	2675	10
51149	0	0.0750810971103256	0	8	0.918582138069376	0.511014390209921	2675	10
51150	2	-0.215212047569903	0	8	0.918582138069376	0.511014390209921	2675	10
51151	0	-0.111180776749244	0	8	0.918582138069376	0.511014390209921	2675	10
51154	0	0.31096244087677	0	8	0.918582138069376	0.511014390209921	2675	10
51155	1	0.751337731233076	1	8	0.918582138069376	0.511014390209921	2675	10
51157	9	0.11160203591417	0	8	0.918582138069376	0.511014390209921	2675	10
51160	3	0.247918091911596	0	8	0.918582138069376	0.511014390209921	2675	10
51161	0	-0.0124615267513084	0	8	0.918582138069376	0.511014390209921	2675	10
51162	0	0.0982066528156649	0	8	0.918582138069376	0.511014390209921	2675	10
51163	0	0.285750272931014	0	8	0.918582138069376	0.511014390209921	2675	10
51164	0	-0.047334799096167	0	8	0.918582138069376	0.511014390209921	2675	10
51167	0	0.258075527076179	0	8	0.918582138069376	0.511014390209921	2675	10
51168	5	0.0755246061558463	0	8	0.918582138069376	0.511014390209921	2675	10
51170	2	-0.247660725280331	0	8	0.918582138069376	0.511014390209921	2675	10
51171	2	-0.19652749501701	0	8	0.918582138069376	0.511014390209921	2675	10
51172	0	0.0366239437746383	0	8	0.918582138069376	0.511014390209921	2675	10
51174	0	0.19240327838361	0	8	0.918582138069376	0.511014390209921	2675	10
51176	1	0.701635048237063	1	8	0.918582138069376	0.511014390209921	2675	10
51177	1	0.623808777529267	1	8	0.918582138069376	0.511014390209921	2675	10
51179	2	-0.512642246183187	0	8	0.918582138069376	0.511014390209921	2675	10
51181	2	-0.402388918049602	0	8	0.918582138069376	0.511014390209921	2675	10
51182	0	0.467941158376186	0	8	0.918582138069376	0.511014390209921	2675	10
51184	7	-0.143551363455143	0	8	0.918582138069376	0.511014390209921	2675	10
51185	0	-0.155243557304875	0	8	0.918582138069376	0.511014390209921	2675	10
51186	0	-0.115964041932885	0	8	0.918582138069376	0.511014390209921	2675	10
51187	7	0.290877360555767	0	8	0.918582138069376	0.511014390209921	2675	10
51188	3	0.320057834197729	0	8	0.918582138069376	0.511014390209921	2675	10
51191	0	0.0812205246725129	0	8	0.918582138069376	0.511014390209921	2675	10
51192	1	0.630728171492145	1	8	0.918582138069376	0.511014390209921	2675	10
51193	0	-0.0316517301843173	0	8	0.918582138069376	0.511014390209921	2675	10
51195	5	0.205068444852119	0	8	0.918582138069376	0.511014390209921	2675	10
51196	8	-0.0715319544426348	0	8	0.918582138069376	0.511014390209921	2675	10
51200	1	0.546693836493194	1	8	0.918582138069376	0.511014390209921	2675	10
51203	0	0.233795223991178	0	8	0.918582138069376	0.511014390209921	2675	10
51204	2	-0.321899146910608	0	8	0.918582138069376	0.511014390209921	2675	10
51206	5	0.302536316190945	0	8	0.918582138069376	0.511014390209921	2675	10
51207	0	0.227905334471568	0	8	0.918582138069376	0.511014390209921	2675	10
51208	0	0.182582302604239	0	8	0.918582138069376	0.511014390209921	2675	10
51218	3	-0.13784264861822	0	8	0.918582138069376	0.511014390209921	2675	10
51222	5	0.407875702935221	0	8	0.918582138069376	0.511014390209921	2675	10
51224	6	0.0331135540952288	0	8	0.918582138069376	0.511014390209921	2675	10
51226	3	0.0456709556171834	0	8	0.918582138069376	0.511014390209921	2675	10
51227	7	-0.0898480251320413	0	8	0.918582138069376	0.511014390209921	2675	10
51228	0	0.293007514420268	0	8	0.918582138069376	0.511014390209921	2675	10
51230	1	0.657668269400828	1	8	0.918582138069376	0.511014390209921	2675	10
51231	3	0.0244974814650443	0	8	0.918582138069376	0.511014390209921	2675	10
51233	0	-0.141178305352595	0	8	0.918582138069376	0.511014390209921	2675	10
51237	1	0.605368254124709	1	8	0.918582138069376	0.511014390209921	2675	10
51257	3	0.459613300633014	0	8	0.918582138069376	0.511014390209921	2675	10
51265	8	-0.21055250099218	0	8	0.918582138069376	0.511014390209921	2675	10
51267	0	0.0215201292032864	0	8	0.918582138069376	0.511014390209921	2675	10
51268	2	-0.387707180561775	0	8	0.918582138069376	0.511014390209921	2675	10
51271	0	0.350695015218211	0	8	0.918582138069376	0.511014390209921	2675	10
51272	6	0.111781343114415	0	8	0.918582138069376	0.511014390209921	2675	10
51274	1	0.60733554032435	1	8	0.918582138069376	0.511014390209921	2675	10
51276	4	-0.0902870751704388	0	8	0.918582138069376	0.511014390209921	2675	10
51278	1	0.663163437692195	1	8	0.918582138069376	0.511014390209921	2675	10
51279	1	0.744032138822708	1	8	0.918582138069376	0.511014390209921	2675	10
51280	0	-0.166816260294382	0	8	0.918582138069376	0.511014390209921	2675	10
51281	1	0.594270298758158	1	8	0.918582138069376	0.511014390209921	2675	10
51282	3	0.0212010796945422	0	8	0.918582138069376	0.511014390209921	2675	10
51283	0	0.209799088193022	0	8	0.918582138069376	0.511014390209921	2675	10
51284	1	0.713094631733333	1	8	0.918582138069376	0.511014390209921	2675	10
51285	0	0.253683867532792	0	8	0.918582138069376	0.511014390209921	2675	10
51286	6	-0.109283861001978	0	8	0.918582138069376	0.511014390209921	2675	10
51287	3	-0.10269795534689	0	8	0.918582138069376	0.511014390209921	2675	10
51290	0	-0.188189207159433	0	8	0.918582138069376	0.511014390209921	2675	10
51291	1	0.549682435340828	1	8	0.918582138069376	0.511014390209921	2675	10
51292	3	0.054424524528477	0	8	0.918582138069376	0.511014390209921	2675	10
51293	3	0.0278856615279376	0	8	0.918582138069376	0.511014390209921	2675	10
51294	1	0.373292809278751	1	8	0.918582138069376	0.511014390209921	2675	10
51295	2	-0.255101233057227	0	8	0.918582138069376	0.511014390209921	2675	10
51296	1	0.663105226114764	1	8	0.918582138069376	0.511014390209921	2675	10
51299	0	0.135667768932433	0	8	0.918582138069376	0.511014390209921	2675	10
51301	6	0.00393522436956976	0	8	0.918582138069376	0.511014390209921	2675	10
51302	0	-0.287952492313646	0	8	0.918582138069376	0.511014390209921	2675	10
51303	1	0.69864158725718	1	8	0.918582138069376	0.511014390209921	2675	10
51304	1	0.491327117078741	1	8	0.918582138069376	0.511014390209921	2675	10
51306	1	0.614377590076393	1	8	0.918582138069376	0.511014390209921	2675	10
51307	0	0.369449086335723	0	8	0.918582138069376	0.511014390209921	2675	10
51308	3	0.211078190854069	0	8	0.918582138069376	0.511014390209921	2675	10
51309	0	0.0437578346137881	0	8	0.918582138069376	0.511014390209921	2675	10
51310	0	-0.0870067811792892	0	8	0.918582138069376	0.511014390209921	2675	10
51311	1	0.596779151159169	1	8	0.918582138069376	0.511014390209921	2675	10
51312	0	0.338321767047131	0	8	0.918582138069376	0.511014390209921	2675	10
51313	1	0.679168976675367	1	8	0.918582138069376	0.511014390209921	2675	10
51315	0	-0.0482461415722498	0	8	0.918582138069376	0.511014390209921	2675	10
51316	1	0.772620069696376	1	8	0.918582138069376	0.511014390209921	2675	10
51317	1	0.653757782993113	1	8	0.918582138069376	0.511014390209921	2675	10
51319	0	0.081132803584714	0	8	0.918582138069376	0.511014390209921	2675	10
51320	0	0.43469162403771	0	8	0.918582138069376	0.511014390209921	2675	10
51321	2	-0.075678725009899	0	8	0.918582138069376	0.511014390209921	2675	10
51322	4	0.249557849485977	0	8	0.918582138069376	0.511014390209921	2675	10
51324	3	-0.0423121350949235	0	8	0.918582138069376	0.511014390209921	2675	10
51327	1	0.423931347315577	1	8	0.918582138069376	0.511014390209921	2675	10
51329	3	0.123346544007273	0	8	0.918582138069376	0.511014390209921	2675	10
51330	1	0.525152207999637	1	8	0.918582138069376	0.511014390209921	2675	10
51332	5	0.315968979248538	0	8	0.918582138069376	0.511014390209921	2675	10
51333	6	0.0600648099124951	0	8	0.918582138069376	0.511014390209921	2675	10
51335	3	0.14619240740019	0	8	0.918582138069376	0.511014390209921	2675	10
51337	2	-0.215449021676825	0	8	0.918582138069376	0.511014390209921	2675	10
51338	1	0.549793174037743	1	8	0.918582138069376	0.511014390209921	2675	10
51339	1	0.604715964042001	1	8	0.918582138069376	0.511014390209921	2675	10
51340	4	0.0742368022089618	0	8	0.918582138069376	0.511014390209921	2675	10
51341	5	0.302449825882301	0	8	0.918582138069376	0.511014390209921	2675	10
51343	5	0.301034323077157	0	8	0.918582138069376	0.511014390209921	2675	10
51347	5	0.265232186267985	0	8	0.918582138069376	0.511014390209921	2675	10
51360	6	-0.176589030973919	0	8	0.918582138069376	0.511014390209921	2675	10
51361	4	-0.0569757951167683	0	8	0.918582138069376	0.511014390209921	2675	10
51362	0	-0.133136711700135	0	8	0.918582138069376	0.511014390209921	2675	10
51363	1	0.799825933516045	1	8	0.918582138069376	0.511014390209921	2675	10
51364	1	0.511694272132541	1	8	0.918582138069376	0.511014390209921	2675	10
51365	0	-0.0619578049481718	0	8	0.918582138069376	0.511014390209921	2675	10
51366	1	0.54325286172738	1	8	0.918582138069376	0.511014390209921	2675	10
51367	3	0.0100293219206493	0	8	0.918582138069376	0.511014390209921	2675	10
51368	3	-0.0864521840075255	0	8	0.918582138069376	0.511014390209921	2675	10
51371	3	-0.061889498582658	0	8	0.918582138069376	0.511014390209921	2675	10
51373	3	0.071406133121248	0	8	0.918582138069376	0.511014390209921	2675	10
51374	3	0.0761809190690974	0	8	0.918582138069376	0.511014390209921	2675	10
51375	7	-0.0500314988589044	0	8	0.918582138069376	0.511014390209921	2675	10
51377	4	-0.0760341301419258	0	8	0.918582138069376	0.511014390209921	2675	10
51378	0	0.247836909199903	0	8	0.918582138069376	0.511014390209921	2675	10
51379	1	0.627089814388228	1	8	0.918582138069376	0.511014390209921	2675	10
51380	9	0.0286403819208438	0	8	0.918582138069376	0.511014390209921	2675	10
51382	2	-0.35513925405416	0	8	0.918582138069376	0.511014390209921	2675	10
51384	0	0.151337639078624	0	8	0.918582138069376	0.511014390209921	2675	10
51385	1	0.567516352498743	1	8	0.918582138069376	0.511014390209921	2675	10
51386	3	0.541226324215179	0	8	0.918582138069376	0.511014390209921	2675	10
51388	1	0.480650806148416	1	8	0.918582138069376	0.511014390209921	2675	10
51389	0	0.19501518870343	0	8	0.918582138069376	0.511014390209921	2675	10
51393	1	0.496149241464676	1	8	0.918582138069376	0.511014390209921	2675	10
51397	4	-0.0564246041038008	0	8	0.918582138069376	0.511014390209921	2675	10
51398	3	0.176807765556057	0	8	0.918582138069376	0.511014390209921	2675	10
51400	0	-0.176347964986354	0	8	0.918582138069376	0.511014390209921	2675	10
51406	0	-0.1255429194074	0	8	0.918582138069376	0.511014390209921	2675	10
51409	0	-0.0963188052742609	0	8	0.918582138069376	0.511014390209921	2675	10
51411	1	0.68726508101838	1	8	0.918582138069376	0.511014390209921	2675	10
51421	1	0.354041243932213	1	8	0.918582138069376	0.511014390209921	2675	10
51422	2	-0.22600450180772	0	8	0.918582138069376	0.511014390209921	2675	10
51427	0	0.348411491027025	0	8	0.918582138069376	0.511014390209921	2675	10
51428	3	0.351614446638158	0	8	0.918582138069376	0.511014390209921	2675	10
51430	4	0.244218726104684	0	8	0.918582138069376	0.511014390209921	2675	10
51433	3	0.368783258274515	0	8	0.918582138069376	0.511014390209921	2675	10
51435	1	0.775456303278357	1	8	0.918582138069376	0.511014390209921	2675	10
51439	4	-0.173555430317903	0	8	0.918582138069376	0.511014390209921	2675	10
51440	1	0.459872552904585	1	8	0.918582138069376	0.511014390209921	2675	10
51442	0	0.3432534551867	0	8	0.918582138069376	0.511014390209921	2675	10
51444	4	0.243305776439313	0	8	0.918582138069376	0.511014390209921	2675	10
51447	0	0.439533528664303	0	8	0.918582138069376	0.511014390209921	2675	10
51449	2	-0.383176245517037	0	8	0.918582138069376	0.511014390209921	2675	10
51451	3	0.258186362266277	0	8	0.918582138069376	0.511014390209921	2675	10
51454	0	0.236055758070376	0	8	0.918582138069376	0.511014390209921	2675	10
51455	0	0.00370772557949576	0	8	0.918582138069376	0.511014390209921	2675	10
51458	2	-0.311525439973133	0	8	0.918582138069376	0.511014390209921	2675	10
51460	0	0.0100851608088106	0	8	0.918582138069376	0.511014390209921	2675	10
51465	1	0.565105786247914	1	8	0.918582138069376	0.511014390209921	2675	10
51466	10	0.79796107786748	0	8	0.918582138069376	0.511014390209921	2675	10
51471	2	-0.312943137697822	0	8	0.918582138069376	0.511014390209921	2675	10
51474	1	0.558243058615399	1	8	0.918582138069376	0.511014390209921	2675	10
51477	9	0.337823990078822	0	8	0.918582138069376	0.511014390209921	2675	10
51479	1	0.652155962687038	1	8	0.918582138069376	0.511014390209921	2675	10
51490	5	0.391195419771555	0	8	0.918582138069376	0.511014390209921	2675	10
51491	3	0.25686567006602	0	8	0.918582138069376	0.511014390209921	2675	10
51493	3	0.0332987015900345	0	8	0.918582138069376	0.511014390209921	2675	10
51495	4	-0.130264598121664	0	8	0.918582138069376	0.511014390209921	2675	10
51497	3	0.091713709569123	0	8	0.918582138069376	0.511014390209921	2675	10
51499	3	0.383808169061209	0	8	0.918582138069376	0.511014390209921	2675	10
51501	7	0.518947763957748	0	8	0.918582138069376	0.511014390209921	2675	10
51504	3	0.391444183465561	0	8	0.918582138069376	0.511014390209921	2675	10
51506	3	0.384744105496803	0	8	0.918582138069376	0.511014390209921	2675	10
51507	3	0.145939789824739	0	8	0.918582138069376	0.511014390209921	2675	10
51510	0	0.17188116439898	0	8	0.918582138069376	0.511014390209921	2675	10
51512	1	0.457641447481512	1	8	0.918582138069376	0.511014390209921	2675	10
51513	1	0.717489987569218	1	8	0.918582138069376	0.511014390209921	2675	10
51514	1	0.632376688958561	1	8	0.918582138069376	0.511014390209921	2675	10
51517	0	0.0671336170074165	0	8	0.918582138069376	0.511014390209921	2675	10
51520	0	0.354791908011632	0	8	0.918582138069376	0.511014390209921	2675	10
51526	3	-0.0241025089652908	0	8	0.918582138069376	0.511014390209921	2675	10
51531	3	0.348203791227877	0	8	0.918582138069376	0.511014390209921	2675	10
51533	6	-0.138076615716622	0	8	0.918582138069376	0.511014390209921	2675	10
51542	4	-0.12652514287919	0	8	0.918582138069376	0.511014390209921	2675	10
51547	3	0.205107203484505	0	8	0.918582138069376	0.511014390209921	2675	10
51548	3	0.505618392164359	0	8	0.918582138069376	0.511014390209921	2675	10
51550	3	-0.0480934641134087	0	8	0.918582138069376	0.511014390209921	2675	10
51552	4	-0.164141015005881	0	8	0.918582138069376	0.511014390209921	2675	10
51555	0	-0.0398484106423705	0	8	0.918582138069376	0.511014390209921	2675	10
51557	8	-0.230222192521846	0	8	0.918582138069376	0.511014390209921	2675	10
51559	1	0.407923835737255	1	8	0.918582138069376	0.511014390209921	2675	10
51560	1	0.590957500799103	1	8	0.918582138069376	0.511014390209921	2675	10
51562	7	-0.111537520334456	0	8	0.918582138069376	0.511014390209921	2675	10
51564	1	0.631076992098311	1	8	0.918582138069376	0.511014390209921	2675	10
51566	4	0.00634178972513445	0	8	0.918582138069376	0.511014390209921	2675	10
51567	2	-0.347058198950151	0	8	0.918582138069376	0.511014390209921	2675	10
51569	4	-0.185604639734165	0	8	0.918582138069376	0.511014390209921	2675	10
51571	1	0.679137651540938	1	8	0.918582138069376	0.511014390209921	2675	10
51573	3	0.160036150165525	0	8	0.918582138069376	0.511014390209921	2675	10
51574	0	0.0535921979469592	0	8	0.918582138069376	0.511014390209921	2675	10
51575	4	-0.0701286291532732	0	8	0.918582138069376	0.511014390209921	2675	10
51582	0	0.340593167634023	0	8	0.918582138069376	0.511014390209921	2675	10
51585	0	0.36856600147897	0	8	0.918582138069376	0.511014390209921	2675	10
51586	0	0.374155333538026	0	8	0.918582138069376	0.511014390209921	2675	10
51588	0	0.0104437003954625	0	8	0.918582138069376	0.511014390209921	2675	10
51592	0	-0.236608337467597	0	8	0.918582138069376	0.511014390209921	2675	10
51593	5	0.355552931193242	0	8	0.918582138069376	0.511014390209921	2675	10
51594	3	0.190738573683471	0	8	0.918582138069376	0.511014390209921	2675	10
51599	1	0.49325629816742	1	8	0.918582138069376	0.511014390209921	2675	10
51601	0	0.0820692493071378	0	8	0.918582138069376	0.511014390209921	2675	10
51603	3	0.361279033168013	0	8	0.918582138069376	0.511014390209921	2675	10
51604	0	0.309536584597992	0	8	0.918582138069376	0.511014390209921	2675	10
51606	4	-0.34024331757313	0	8	0.918582138069376	0.511014390209921	2675	10
51611	7	0.119047054722321	0	8	0.918582138069376	0.511014390209921	2675	10
51614	3	0.414064591060655	0	8	0.918582138069376	0.511014390209921	2675	10
51616	0	-0.152615447721961	0	8	0.918582138069376	0.511014390209921	2675	10
51619	0	-0.0766667224315432	0	8	0.918582138069376	0.511014390209921	2675	10
51621	10	0.514260128949944	0	8	0.918582138069376	0.511014390209921	2675	10
51626	4	0.0989592458678833	0	8	0.918582138069376	0.511014390209921	2675	10
51634	0	0.311853079544179	0	8	0.918582138069376	0.511014390209921	2675	10
51635	0	0.36616313207295	0	8	0.918582138069376	0.511014390209921	2675	10
51637	7	0.239802309382133	0	8	0.918582138069376	0.511014390209921	2675	10
51642	3	-0.0669162413665947	0	8	0.918582138069376	0.511014390209921	2675	10
51643	7	-0.191273083465535	0	8	0.918582138069376	0.511014390209921	2675	10
51646	7	0.132445637404417	0	8	0.918582138069376	0.511014390209921	2675	10
51647	3	-0.102871359934768	0	8	0.918582138069376	0.511014390209921	2675	10
51650	3	0.0514504088171972	0	8	0.918582138069376	0.511014390209921	2675	10
51651	0	0.396651278099116	0	8	0.918582138069376	0.511014390209921	2675	10
51654	0	0.237516011699916	0	8	0.918582138069376	0.511014390209921	2675	10
51657	3	0.194346770086157	0	8	0.918582138069376	0.511014390209921	2675	10
51659	1	0.666718015759491	1	8	0.918582138069376	0.511014390209921	2675	10
51660	2	-0.432768850551946	0	8	0.918582138069376	0.511014390209921	2675	10
51663	0	0.158717991607248	0	8	0.918582138069376	0.511014390209921	2675	10
51665	0	0.330885562268009	0	8	0.918582138069376	0.511014390209921	2675	10
51668	7	0.000465436727211606	0	8	0.918582138069376	0.511014390209921	2675	10
51669	7	0.098724393560774	0	8	0.918582138069376	0.511014390209921	2675	10
51673	8	-0.29189068428445	0	8	0.918582138069376	0.511014390209921	2675	10
51686	3	0.308745782697367	0	8	0.918582138069376	0.511014390209921	2675	10
51690	3	0.171672105324145	0	8	0.918582138069376	0.511014390209921	2675	10
51691	0	0.198341449807867	0	8	0.918582138069376	0.511014390209921	2675	10
51693	3	-0.0261086416327857	0	8	0.918582138069376	0.511014390209921	2675	10
51696	1	0.542432585156338	1	8	0.918582138069376	0.511014390209921	2675	10
51700	0	0.131246235177464	0	8	0.918582138069376	0.511014390209921	2675	10
51701	8	-0.0427883686553305	0	8	0.918582138069376	0.511014390209921	2675	10
51703	1	0.679525983844736	1	8	0.918582138069376	0.511014390209921	2675	10
51704	5	0.0749084064947943	0	8	0.918582138069376	0.511014390209921	2675	10
51705	8	-0.133718130963343	0	8	0.918582138069376	0.511014390209921	2675	10
51706	2	-0.25850530359327	0	8	0.918582138069376	0.511014390209921	2675	10
51714	7	0.107811193887621	0	8	0.918582138069376	0.511014390209921	2675	10
51715	1	0.727074333040458	1	8	0.918582138069376	0.511014390209921	2675	10
51719	4	-0.0692397443729153	0	8	0.918582138069376	0.511014390209921	2675	10
51720	1	0.581832524723264	1	8	0.918582138069376	0.511014390209921	2675	10
51725	0	0.235138610185623	0	8	0.918582138069376	0.511014390209921	2675	10
51727	7	0.148573784745134	0	8	0.918582138069376	0.511014390209921	2675	10
51728	3	0.305051760342302	0	8	0.918582138069376	0.511014390209921	2675	10
51729	4	-0.079089677306178	0	8	0.918582138069376	0.511014390209921	2675	10
51733	2	-0.533408297000484	0	8	0.918582138069376	0.511014390209921	2675	10
51734	2	-0.187473328723872	0	8	0.918582138069376	0.511014390209921	2675	10
51735	1	0.687168022339713	1	8	0.918582138069376	0.511014390209921	2675	10
51741	6	-0.0308183176784202	0	8	0.918582138069376	0.511014390209921	2675	10
51742	5	0.311257397540285	0	8	0.918582138069376	0.511014390209921	2675	10
51744	1	0.740426439489101	1	8	0.918582138069376	0.511014390209921	2675	10
51747	0	0.0464046887679997	0	8	0.918582138069376	0.511014390209921	2675	10
51752	1	0.385263497275384	1	8	0.918582138069376	0.511014390209921	2675	10
51754	0	0.0217700381958877	0	8	0.918582138069376	0.511014390209921	2675	10
51755	0	0.46901299941883	0	8	0.918582138069376	0.511014390209921	2675	10
51759	0	-0.165767673583628	0	8	0.918582138069376	0.511014390209921	2675	10
51760	0	-0.0314225291003574	0	8	0.918582138069376	0.511014390209921	2675	10
51761	0	0.0622853823728923	0	8	0.918582138069376	0.511014390209921	2675	10
51762	1	0.55518588981931	1	8	0.918582138069376	0.511014390209921	2675	10
51763	0	0.119508156120345	0	8	0.918582138069376	0.511014390209921	2675	10
51765	0	0.218011468330245	0	8	0.918582138069376	0.511014390209921	2675	10
51768	2	-0.293104094355646	0	8	0.918582138069376	0.511014390209921	2675	10
51773	4	0.426790119706772	0	8	0.918582138069376	0.511014390209921	2675	10
51776	1	0.474752861551042	1	8	0.918582138069376	0.511014390209921	2675	10
51778	0	-0.00360764028022318	0	8	0.918582138069376	0.511014390209921	2675	10
51780	1	0.600728255056117	1	8	0.918582138069376	0.511014390209921	2675	10
51805	7	-0.230212962867039	0	8	0.918582138069376	0.511014390209921	2675	10
51807	1	0.504784009604364	1	8	0.918582138069376	0.511014390209921	2675	10
51809	1	0.495121169331862	1	8	0.918582138069376	0.511014390209921	2675	10
51816	1	0.680698583477398	1	8	0.918582138069376	0.511014390209921	2675	10
53335	1	0.654120181660077	1	8	0.918582138069376	0.511014390209921	2675	10
53339	4	-0.0709375005396413	0	8	0.918582138069376	0.511014390209921	2675	10
53340	3	0.135855985559774	0	8	0.918582138069376	0.511014390209921	2675	10
53343	4	-0.193611083726908	0	8	0.918582138069376	0.511014390209921	2675	10
53346	1	0.700920538040831	1	8	0.918582138069376	0.511014390209921	2675	10
53347	1	0.513114207903796	1	8	0.918582138069376	0.511014390209921	2675	10
53353	0	-0.188885365742371	0	8	0.918582138069376	0.511014390209921	2675	10
53358	0	0.103935777617522	0	8	0.918582138069376	0.511014390209921	2675	10
53371	4	0.121330527666659	0	8	0.918582138069376	0.511014390209921	2675	10
53373	2	-0.348697093890481	0	8	0.918582138069376	0.511014390209921	2675	10
53405	8	-0.28094665841713	0	8	0.918582138069376	0.511014390209921	2675	10
53407	0	0.0991874745974777	0	8	0.918582138069376	0.511014390209921	2675	10
53615	3	0.399650349687662	0	8	0.918582138069376	0.511014390209921	2675	10
53616	1	0.462967353852047	1	8	0.918582138069376	0.511014390209921	2675	10
53630	2	-0.0399319577766269	0	8	0.918582138069376	0.511014390209921	2675	10
53637	1	0.617455011809524	1	8	0.918582138069376	0.511014390209921	2675	10
53827	1	0.685924515364831	1	8	0.918582138069376	0.511014390209921	2675	10
53829	1	0.659666542666693	1	8	0.918582138069376	0.511014390209921	2675	10
53832	0	0.101426026243882	0	8	0.918582138069376	0.511014390209921	2675	10
53838	0	0.13557217672368	0	8	0.918582138069376	0.511014390209921	2675	10
53841	2	-0.43122317445315	0	8	0.918582138069376	0.511014390209921	2675	10
53904	0	0.361856102113166	0	8	0.918582138069376	0.511014390209921	2675	10
53905	5	0.586302473085676	0	8	0.918582138069376	0.511014390209921	2675	10
53942	0	0.0833779970573984	0	8	0.918582138069376	0.511014390209921	2675	10
53944	1	0.594905684278483	1	8	0.918582138069376	0.511014390209921	2675	10
53947	0	0.319297482876524	0	8	0.918582138069376	0.511014390209921	2675	10
54014	0	0.349148006044623	0	8	0.918582138069376	0.511014390209921	2675	10
54020	1	0.816574841540348	1	8	0.918582138069376	0.511014390209921	2675	10
54039	1	0.528032470103074	1	8	0.918582138069376	0.511014390209921	2675	10
54069	0	0.104153214576259	0	8	0.918582138069376	0.511014390209921	2675	10
54093	0	0.302244239752946	0	8	0.918582138069376	0.511014390209921	2675	10
54101	0	-0.161700176795469	0	8	0.918582138069376	0.511014390209921	2675	10
54103	0	-0.0357226740826896	0	8	0.918582138069376	0.511014390209921	2675	10
54107	2	0.0868664916925524	0	8	0.918582138069376	0.511014390209921	2675	10
54112	0	-0.239959720970407	0	8	0.918582138069376	0.511014390209921	2675	10
54148	7	-0.124968915542062	0	8	0.918582138069376	0.511014390209921	2675	10
54149	0	0.409988891269873	0	8	0.918582138069376	0.511014390209921	2675	10
54187	3	0.318803642899436	0	8	0.918582138069376	0.511014390209921	2675	10
54205	2	-0.263895077901247	0	8	0.918582138069376	0.511014390209921	2675	10
54207	2	-0.225651234148502	0	8	0.918582138069376	0.511014390209921	2675	10
54209	1	0.703566665523484	1	8	0.918582138069376	0.511014390209921	2675	10
54210	0	0.438113437165815	0	8	0.918582138069376	0.511014390209921	2675	10
54212	6	-0.120081979463518	0	8	0.918582138069376	0.511014390209921	2675	10
54328	1	0.659065593128856	1	8	0.918582138069376	0.511014390209921	2675	10
54332	0	-0.135673681620279	0	8	0.918582138069376	0.511014390209921	2675	10
54344	3	0.142698588128672	0	8	0.918582138069376	0.511014390209921	2675	10
54345	0	0.0750576169061534	0	8	0.918582138069376	0.511014390209921	2675	10
54361	1	0.639894680160032	1	8	0.918582138069376	0.511014390209921	2675	10
54386	4	0.0214990453349753	0	8	0.918582138069376	0.511014390209921	2675	10
54407	4	0.275528496042691	0	8	0.918582138069376	0.511014390209921	2675	10
54413	2	0.372532016909186	0	8	0.918582138069376	0.511014390209921	2675	10
54431	1	0.34606330675936	1	8	0.918582138069376	0.511014390209921	2675	10
54432	3	0.257589700209336	0	8	0.918582138069376	0.511014390209921	2675	10
54433	7	0.123655428395589	0	8	0.918582138069376	0.511014390209921	2675	10
54434	1	0.64321073303456	1	8	0.918582138069376	0.511014390209921	2675	10
54436	2	-0.153968793919994	0	8	0.918582138069376	0.511014390209921	2675	10
54438	1	0.400971593525134	1	8	0.918582138069376	0.511014390209921	2675	10
54440	1	0.735800364009829	1	8	0.918582138069376	0.511014390209921	2675	10
54442	1	0.494148242544358	1	8	0.918582138069376	0.511014390209921	2675	10
54453	0	0.339699519314185	0	8	0.918582138069376	0.511014390209921	2675	10
54454	0	0.402522506734756	0	8	0.918582138069376	0.511014390209921	2675	10
54455	1	0.47699551396568	1	8	0.918582138069376	0.511014390209921	2675	10
54462	4	0.0187011759652219	0	8	0.918582138069376	0.511014390209921	2675	10
54463	0	-0.162617611626526	0	8	0.918582138069376	0.511014390209921	2675	10
54465	4	-0.00435159256360598	0	8	0.918582138069376	0.511014390209921	2675	10
54468	4	0.202617456287023	0	8	0.918582138069376	0.511014390209921	2675	10
54471	2	-0.148070969644861	0	8	0.918582138069376	0.511014390209921	2675	10
54472	2	-0.241265606889031	0	8	0.918582138069376	0.511014390209921	2675	10
54475	0	0.154969324746231	0	8	0.918582138069376	0.511014390209921	2675	10
54476	10	0.522982339074344	0	8	0.918582138069376	0.511014390209921	2675	10
54477	2	-0.262138823839659	0	8	0.918582138069376	0.511014390209921	2675	10
54482	4	0.0101145585047522	0	8	0.918582138069376	0.511014390209921	2675	10
54491	1	0.711492680238036	1	8	0.918582138069376	0.511014390209921	2675	10
54494	2	-0.234368508907828	0	8	0.918582138069376	0.511014390209921	2675	10
54496	0	0.340336402835479	0	8	0.918582138069376	0.511014390209921	2675	10
54498	1	0.691305903717728	1	8	0.918582138069376	0.511014390209921	2675	10
54499	2	-0.101168306893201	0	8	0.918582138069376	0.511014390209921	2675	10
54502	2	-0.31801800702306	0	8	0.918582138069376	0.511014390209921	2675	10
54503	0	0.383870652476166	0	8	0.918582138069376	0.511014390209921	2675	10
54504	1	0.640784078631576	1	8	0.918582138069376	0.511014390209921	2675	10
54505	4	-0.19738519362808	0	8	0.918582138069376	0.511014390209921	2675	10
54509	1	0.680689941483473	1	8	0.918582138069376	0.511014390209921	2675	10
54512	3	0.092906732693961	0	8	0.918582138069376	0.511014390209921	2675	10
54517	0	0.30476454030937	0	8	0.918582138069376	0.511014390209921	2675	10
54518	1	0.462330372748484	1	8	0.918582138069376	0.511014390209921	2675	10
54520	0	0.12204359567658	0	8	0.918582138069376	0.511014390209921	2675	10
54521	0	0.478086533713028	0	8	0.918582138069376	0.511014390209921	2675	10
54529	7	-0.0131225547111487	0	8	0.918582138069376	0.511014390209921	2675	10
54531	5	0.549666098651291	0	8	0.918582138069376	0.511014390209921	2675	10
54535	0	0.353279369520977	0	8	0.918582138069376	0.511014390209921	2675	10
54538	5	0.178036175329118	0	8	0.918582138069376	0.511014390209921	2675	10
54539	3	0.141787818241748	0	8	0.918582138069376	0.511014390209921	2675	10
54540	5	0.518602456668995	0	8	0.918582138069376	0.511014390209921	2675	10
54541	0	-0.000110224487151072	0	8	0.918582138069376	0.511014390209921	2675	10
54542	1	0.510138840623554	1	8	0.918582138069376	0.511014390209921	2675	10
54545	1	0.523958754217737	1	8	0.918582138069376	0.511014390209921	2675	10
54546	2	-0.3005850905986	0	8	0.918582138069376	0.511014390209921	2675	10
54549	5	0.260984358248314	0	8	0.918582138069376	0.511014390209921	2675	10
54550	2	-0.0952073033664502	0	8	0.918582138069376	0.511014390209921	2675	10
54552	1	0.535484183688035	1	8	0.918582138069376	0.511014390209921	2675	10
54554	0	0.113540819237214	0	8	0.918582138069376	0.511014390209921	2675	10
54555	3	0.37827197306832	0	8	0.918582138069376	0.511014390209921	2675	10
54556	0	-0.0278345959643985	0	8	0.918582138069376	0.511014390209921	2675	10
54558	0	0.180155985218889	0	8	0.918582138069376	0.511014390209921	2675	10
54566	0	-0.154437537628914	0	8	0.918582138069376	0.511014390209921	2675	10
54583	4	-0.110322083936499	0	8	0.918582138069376	0.511014390209921	2675	10
54585	4	-0.081135095503249	0	8	0.918582138069376	0.511014390209921	2675	10
54587	1	0.458476717607588	1	8	0.918582138069376	0.511014390209921	2675	10
54606	2	-0.155600910232734	0	8	0.918582138069376	0.511014390209921	2675	10
54619	0	0.345283859581793	0	8	0.918582138069376	0.511014390209921	2675	10
54622	4	-0.157736090916553	0	8	0.918582138069376	0.511014390209921	2675	10
54623	8	-0.0130609384800058	0	8	0.918582138069376	0.511014390209921	2675	10
54626	6	-0.0437889105692498	0	8	0.918582138069376	0.511014390209921	2675	10
54662	2	-0.243200179749522	0	8	0.918582138069376	0.511014390209921	2675	10
54664	4	-0.215188728131973	0	8	0.918582138069376	0.511014390209921	2675	10
54665	4	0.155233164049304	0	8	0.918582138069376	0.511014390209921	2675	10
54674	6	0.145188191962407	0	8	0.918582138069376	0.511014390209921	2675	10
54676	1	0.763503393942144	1	8	0.918582138069376	0.511014390209921	2675	10
54677	4	-0.12713306848103	0	8	0.918582138069376	0.511014390209921	2675	10
54680	4	0.257153280275786	0	8	0.918582138069376	0.511014390209921	2675	10
54681	3	0.136850868156169	0	8	0.918582138069376	0.511014390209921	2675	10
54682	0	0.333428950155485	0	8	0.918582138069376	0.511014390209921	2675	10
54700	4	0.05120801353507	0	8	0.918582138069376	0.511014390209921	2675	10
54704	1	0.365791636804196	1	8	0.918582138069376	0.511014390209921	2675	10
54707	0	0.104553529521096	0	8	0.918582138069376	0.511014390209921	2675	10
54708	4	-0.139960154377454	0	8	0.918582138069376	0.511014390209921	2675	10
54715	8	-0.114461303670241	0	8	0.918582138069376	0.511014390209921	2675	10
54716	1	0.567366975266295	1	8	0.918582138069376	0.511014390209921	2675	10
54726	1	0.563287741016273	1	8	0.918582138069376	0.511014390209921	2675	10
54732	3	0.479383202502605	0	8	0.918582138069376	0.511014390209921	2675	10
54733	0	0.168553399774176	0	8	0.918582138069376	0.511014390209921	2675	10
54737	4	0.190446229305416	0	8	0.918582138069376	0.511014390209921	2675	10
54739	1	0.549281577459605	1	8	0.918582138069376	0.511014390209921	2675	10
54758	0	0.134684962884047	0	8	0.918582138069376	0.511014390209921	2675	10
54762	4	-0.267538070417603	0	8	0.918582138069376	0.511014390209921	2675	10
54765	0	0.219100111590935	0	8	0.918582138069376	0.511014390209921	2675	10
54769	1	0.415606161539961	1	8	0.918582138069376	0.511014390209921	2675	10
54777	6	-0.00416660407549539	0	8	0.918582138069376	0.511014390209921	2675	10
54778	0	0.152823923111473	0	8	0.918582138069376	0.511014390209921	2675	10
54780	7	0.218931414366482	0	8	0.918582138069376	0.511014390209921	2675	10
54784	3	0.313894414518412	0	8	0.918582138069376	0.511014390209921	2675	10
54785	3	0.294611168628164	0	8	0.918582138069376	0.511014390209921	2675	10
54788	0	-0.215792081026154	0	8	0.918582138069376	0.511014390209921	2675	10
54795	5	0.139730126824802	0	8	0.918582138069376	0.511014390209921	2675	10
54796	2	-0.0115158895112276	0	8	0.918582138069376	0.511014390209921	2675	10
54798	1	0.522097482819402	1	8	0.918582138069376	0.511014390209921	2675	10
54800	0	0.10758852193259	0	8	0.918582138069376	0.511014390209921	2675	10
54801	0	0.385147755097438	0	8	0.918582138069376	0.511014390209921	2675	10
54802	0	0.159343720013611	0	8	0.918582138069376	0.511014390209921	2675	10
54805	2	-0.314811249191944	0	8	0.918582138069376	0.511014390209921	2675	10
54806	0	0.271647380735762	0	8	0.918582138069376	0.511014390209921	2675	10
54807	0	0.106703866162391	0	8	0.918582138069376	0.511014390209921	2675	10
54809	1	0.481980145389298	1	8	0.918582138069376	0.511014390209921	2675	10
54810	2	-0.370486978459234	0	8	0.918582138069376	0.511014390209921	2675	10
54811	1	0.624993866445437	1	8	0.918582138069376	0.511014390209921	2675	10
54812	2	-0.532024316458874	0	8	0.918582138069376	0.511014390209921	2675	10
54814	0	0.333229408107611	0	8	0.918582138069376	0.511014390209921	2675	10
54815	0	0.337320259959345	0	8	0.918582138069376	0.511014390209921	2675	10
54819	7	0.235465590399013	0	8	0.918582138069376	0.511014390209921	2675	10
54821	0	0.327296794793282	0	8	0.918582138069376	0.511014390209921	2675	10
54825	2	-0.253185881119157	0	8	0.918582138069376	0.511014390209921	2675	10
54826	4	-0.17314984259352	0	8	0.918582138069376	0.511014390209921	2675	10
54828	2	-0.0756310519089741	0	8	0.918582138069376	0.511014390209921	2675	10
54829	0	-0.114224670784051	0	8	0.918582138069376	0.511014390209921	2675	10
54830	4	-0.155473844473095	0	8	0.918582138069376	0.511014390209921	2675	10
54832	1	0.725076371957278	1	8	0.918582138069376	0.511014390209921	2675	10
54834	8	-0.133524305650761	0	8	0.918582138069376	0.511014390209921	2675	10
54836	3	0.17652872237614	0	8	0.918582138069376	0.511014390209921	2675	10
54838	1	0.623612873306658	1	8	0.918582138069376	0.511014390209921	2675	10
54839	0	0.459982868064724	0	8	0.918582138069376	0.511014390209921	2675	10
54840	3	0.166084842865143	0	8	0.918582138069376	0.511014390209921	2675	10
54842	1	0.426437595067565	1	8	0.918582138069376	0.511014390209921	2675	10
54843	1	0.671438996232999	1	8	0.918582138069376	0.511014390209921	2675	10
54845	0	0.263681899783269	0	8	0.918582138069376	0.511014390209921	2675	10
54847	1	0.6875347759822	1	8	0.918582138069376	0.511014390209921	2675	10
54848	1	0.572436756920763	1	8	0.918582138069376	0.511014390209921	2675	10
54849	1	0.546263353172996	1	8	0.918582138069376	0.511014390209921	2675	10
54850	0	0.116598846754502	0	8	0.918582138069376	0.511014390209921	2675	10
54851	0	0.285946567201529	0	8	0.918582138069376	0.511014390209921	2675	10
54852	2	-0.267134384418878	0	8	0.918582138069376	0.511014390209921	2675	10
54853	0	0.190915230050132	0	8	0.918582138069376	0.511014390209921	2675	10
54855	1	0.43327574776251	1	8	0.918582138069376	0.511014390209921	2675	10
54857	0	0.203593528923808	0	8	0.918582138069376	0.511014390209921	2675	10
54858	2	-0.315631293548706	0	8	0.918582138069376	0.511014390209921	2675	10
54861	0	0.242749134067073	0	8	0.918582138069376	0.511014390209921	2675	10
54862	5	0.387420517537788	0	8	0.918582138069376	0.511014390209921	2675	10
54863	1	0.665492493466175	1	8	0.918582138069376	0.511014390209921	2675	10
54866	0	0.115565767858651	0	8	0.918582138069376	0.511014390209921	2675	10
54867	5	0.473857915548605	0	8	0.918582138069376	0.511014390209921	2675	10
54868	5	0.252027921078406	0	8	0.918582138069376	0.511014390209921	2675	10
54869	5	0.483231510872269	0	8	0.918582138069376	0.511014390209921	2675	10
54870	1	0.536332826746705	1	8	0.918582138069376	0.511014390209921	2675	10
54872	0	0.49331268868716	0	8	0.918582138069376	0.511014390209921	2675	10
54874	4	-0.219118690949856	0	8	0.918582138069376	0.511014390209921	2675	10
54875	0	0.178915023509402	0	8	0.918582138069376	0.511014390209921	2675	10
54876	0	0.295643567488521	0	8	0.918582138069376	0.511014390209921	2675	10
54877	0	0.156561551502287	0	8	0.918582138069376	0.511014390209921	2675	10
54878	0	0.0552018260449643	0	8	0.918582138069376	0.511014390209921	2675	10
54879	1	0.624952822533169	1	8	0.918582138069376	0.511014390209921	2675	10
54880	0	0.168175959236584	0	8	0.918582138069376	0.511014390209921	2675	10
54881	0	0.339014476758394	0	8	0.918582138069376	0.511014390209921	2675	10
54883	0	-0.0354891371478099	0	8	0.918582138069376	0.511014390209921	2675	10
54884	2	-0.118368695296456	0	8	0.918582138069376	0.511014390209921	2675	10
54885	4	-0.157622631222846	0	8	0.918582138069376	0.511014390209921	2675	10
54886	2	-0.36850774002603	0	8	0.918582138069376	0.511014390209921	2675	10
54891	1	0.499875876435129	1	8	0.918582138069376	0.511014390209921	2675	10
54892	1	0.59807769032059	1	8	0.918582138069376	0.511014390209921	2675	10
54894	5	0.133165280704507	0	8	0.918582138069376	0.511014390209921	2675	10
54896	5	0.149529523627232	0	8	0.918582138069376	0.511014390209921	2675	10
54897	5	0.0931173800919306	0	8	0.918582138069376	0.511014390209921	2675	10
54900	1	0.803671929500835	1	8	0.918582138069376	0.511014390209921	2675	10
54901	0	0.458023533188814	0	8	0.918582138069376	0.511014390209921	2675	10
54902	4	-0.112800414660605	0	8	0.918582138069376	0.511014390209921	2675	10
54903	6	0.0332197262690255	0	8	0.918582138069376	0.511014390209921	2675	10
54904	1	0.74240563022372	1	8	0.918582138069376	0.511014390209921	2675	10
54905	0	-0.186053919109144	0	8	0.918582138069376	0.511014390209921	2675	10
54906	1	0.794909251645355	1	8	0.918582138069376	0.511014390209921	2675	10
54908	0	0.315972941700298	0	8	0.918582138069376	0.511014390209921	2675	10
54910	1	0.560941231302647	1	8	0.918582138069376	0.511014390209921	2675	10
54913	3	0.451984669018816	0	8	0.918582138069376	0.511014390209921	2675	10
54914	1	0.521288485297805	1	8	0.918582138069376	0.511014390209921	2675	10
54915	1	0.427317506053123	1	8	0.918582138069376	0.511014390209921	2675	10
54916	0	0.0586109952972462	0	8	0.918582138069376	0.511014390209921	2675	10
54918	1	0.417623118870054	1	8	0.918582138069376	0.511014390209921	2675	10
54919	0	0.253026673152793	0	8	0.918582138069376	0.511014390209921	2675	10
54920	0	0.232177330312402	0	8	0.918582138069376	0.511014390209921	2675	10
54922	0	0.0614697871913432	0	8	0.918582138069376	0.511014390209921	2675	10
54923	2	-0.250829939639912	0	8	0.918582138069376	0.511014390209921	2675	10
54925	1	0.518298448767707	1	8	0.918582138069376	0.511014390209921	2675	10
54927	7	0.0242077763444495	0	8	0.918582138069376	0.511014390209921	2675	10
54928	0	-0.151466787708958	0	8	0.918582138069376	0.511014390209921	2675	10
54929	2	-0.0975325187827204	0	8	0.918582138069376	0.511014390209921	2675	10
54932	5	0.195257648722913	0	8	0.918582138069376	0.511014390209921	2675	10
54934	0	0.189656290397109	0	8	0.918582138069376	0.511014390209921	2675	10
54938	0	-0.0907805098606161	0	8	0.918582138069376	0.511014390209921	2675	10
54939	0	0.164198537905945	0	8	0.918582138069376	0.511014390209921	2675	10
54941	1	0.60497378724201	1	8	0.918582138069376	0.511014390209921	2675	10
54942	0	0.00334163327694098	0	8	0.918582138069376	0.511014390209921	2675	10
54943	0	-0.345682684814011	0	8	0.918582138069376	0.511014390209921	2675	10
54946	0	0.410208031506528	0	8	0.918582138069376	0.511014390209921	2675	10
54948	2	-0.103080709046053	0	8	0.918582138069376	0.511014390209921	2675	10
54951	7	-0.105156548700781	0	8	0.918582138069376	0.511014390209921	2675	10
54952	0	0.314119745210575	0	8	0.918582138069376	0.511014390209921	2675	10
54953	4	-0.102465558509103	0	8	0.918582138069376	0.511014390209921	2675	10
54954	0	0.0411467630911698	0	8	0.918582138069376	0.511014390209921	2675	10
54955	0	0.0258144370144724	0	8	0.918582138069376	0.511014390209921	2675	10
54956	6	-0.0519487643942549	0	8	0.918582138069376	0.511014390209921	2675	10
54957	0	-0.024125311575296	0	8	0.918582138069376	0.511014390209921	2675	10
54958	3	0.164438779246659	0	8	0.918582138069376	0.511014390209921	2675	10
54960	0	0.0482935659970151	0	8	0.918582138069376	0.511014390209921	2675	10
54961	1	0.582607306570287	1	8	0.918582138069376	0.511014390209921	2675	10
54962	0	0.201051985877164	0	8	0.918582138069376	0.511014390209921	2675	10
54964	0	-0.339927656254213	0	8	0.918582138069376	0.511014390209921	2675	10
54968	2	-0.0456819143009651	0	8	0.918582138069376	0.511014390209921	2675	10
54969	7	0.106569370630799	0	8	0.918582138069376	0.511014390209921	2675	10
54970	0	-0.0999844778187819	0	8	0.918582138069376	0.511014390209921	2675	10
54971	0	0.316714012082407	0	8	0.918582138069376	0.511014390209921	2675	10
54972	1	0.658814057951133	1	8	0.918582138069376	0.511014390209921	2675	10
54974	1	0.386351301096152	1	8	0.918582138069376	0.511014390209921	2675	10
54976	3	0.619914919420063	0	8	0.918582138069376	0.511014390209921	2675	10
54977	2	-0.317172177463222	0	8	0.918582138069376	0.511014390209921	2675	10
54978	0	0.357326516503041	0	8	0.918582138069376	0.511014390209921	2675	10
54979	2	-0.152481149826521	0	8	0.918582138069376	0.511014390209921	2675	10
54980	3	0.130447217603719	0	8	0.918582138069376	0.511014390209921	2675	10
54981	7	-0.202648897958655	0	8	0.918582138069376	0.511014390209921	2675	10
54982	2	-0.134270936241924	0	8	0.918582138069376	0.511014390209921	2675	10
54985	3	0.379822317829842	0	8	0.918582138069376	0.511014390209921	2675	10
54986	6	-0.0494320510231055	0	8	0.918582138069376	0.511014390209921	2675	10
54987	3	0.161795480343821	0	8	0.918582138069376	0.511014390209921	2675	10
54988	2	-0.127959027210176	0	8	0.918582138069376	0.511014390209921	2675	10
54991	5	0.485259957992014	0	8	0.918582138069376	0.511014390209921	2675	10
54993	0	0.131300106531049	0	8	0.918582138069376	0.511014390209921	2675	10
54994	3	0.33975349026964	0	8	0.918582138069376	0.511014390209921	2675	10
54995	2	-0.411613099455118	0	8	0.918582138069376	0.511014390209921	2675	10
54996	2	-0.472741591696484	0	8	0.918582138069376	0.511014390209921	2675	10
54997	1	0.75551205231762	1	8	0.918582138069376	0.511014390209921	2675	10
54998	3	0.142157127451348	0	8	0.918582138069376	0.511014390209921	2675	10
55001	0	-0.183907307005094	0	8	0.918582138069376	0.511014390209921	2675	10
55002	1	0.611643509565014	1	8	0.918582138069376	0.511014390209921	2675	10
55003	0	0.0516914461651985	0	8	0.918582138069376	0.511014390209921	2675	10
55005	2	-0.542551143136799	0	8	0.918582138069376	0.511014390209921	2675	10
55006	2	-0.159539131467976	0	8	0.918582138069376	0.511014390209921	2675	10
55007	1	0.494764409591325	1	8	0.918582138069376	0.511014390209921	2675	10
55008	1	0.502710938125172	1	8	0.918582138069376	0.511014390209921	2675	10
55009	3	0.208382948739163	0	8	0.918582138069376	0.511014390209921	2675	10
55011	3	0.308842037638318	0	8	0.918582138069376	0.511014390209921	2675	10
55012	0	-0.186375301258777	0	8	0.918582138069376	0.511014390209921	2675	10
55013	1	0.708255011818954	1	8	0.918582138069376	0.511014390209921	2675	10
55014	0	0.157153125233147	0	8	0.918582138069376	0.511014390209921	2675	10
55015	4	0.116705386305573	0	8	0.918582138069376	0.511014390209921	2675	10
55016	1	0.726486710610889	1	8	0.918582138069376	0.511014390209921	2675	10
55020	2	-0.391577738513977	0	8	0.918582138069376	0.511014390209921	2675	10
55022	1	0.634012298674464	1	8	0.918582138069376	0.511014390209921	2675	10
55023	1	0.381740738533607	1	8	0.918582138069376	0.511014390209921	2675	10
55024	1	0.605636941556501	1	8	0.918582138069376	0.511014390209921	2675	10
55026	0	0.00619545360965455	0	8	0.918582138069376	0.511014390209921	2675	10
55028	0	0.380635355426848	0	8	0.918582138069376	0.511014390209921	2675	10
55030	2	0.0456279891852003	0	8	0.918582138069376	0.511014390209921	2675	10
55031	4	0.00584689989639241	0	8	0.918582138069376	0.511014390209921	2675	10
55032	4	-0.0994203021185605	0	8	0.918582138069376	0.511014390209921	2675	10
55033	0	0.532706808555434	0	8	0.918582138069376	0.511014390209921	2675	10
55034	0	0.253907755129883	0	8	0.918582138069376	0.511014390209921	2675	10
55035	0	0.52301582149804	0	8	0.918582138069376	0.511014390209921	2675	10
55036	5	0.485822488736614	0	8	0.918582138069376	0.511014390209921	2675	10
55037	0	-0.16519291713938	0	8	0.918582138069376	0.511014390209921	2675	10
55038	1	0.562550754100003	1	8	0.918582138069376	0.511014390209921	2675	10
55039	3	0.203592309890255	0	8	0.918582138069376	0.511014390209921	2675	10
55040	6	-0.0433677601046175	0	8	0.918582138069376	0.511014390209921	2675	10
55041	2	-0.432292127571969	0	8	0.918582138069376	0.511014390209921	2675	10
55048	1	0.338974176598225	1	8	0.918582138069376	0.511014390209921	2675	10
55049	3	0.325793378593945	0	8	0.918582138069376	0.511014390209921	2675	10
55052	3	0.0634593889537341	0	8	0.918582138069376	0.511014390209921	2675	10
55055	0	0.21389387781885	0	8	0.918582138069376	0.511014390209921	2675	10
55057	0	0.394918510233813	0	8	0.918582138069376	0.511014390209921	2675	10
55061	0	0.170919705145568	0	8	0.918582138069376	0.511014390209921	2675	10
55062	3	-0.0741174184086806	0	8	0.918582138069376	0.511014390209921	2675	10
55063	6	0.18562476560484	0	8	0.918582138069376	0.511014390209921	2675	10
55064	1	0.568166077096285	1	8	0.918582138069376	0.511014390209921	2675	10
55066	0	0.0961079422936358	0	8	0.918582138069376	0.511014390209921	2675	10
55068	0	0.0391756493966615	0	8	0.918582138069376	0.511014390209921	2675	10
55069	1	0.63920419181702	1	8	0.918582138069376	0.511014390209921	2675	10
55070	0	0.10924058029133	0	8	0.918582138069376	0.511014390209921	2675	10
55071	0	0.213000742628286	0	8	0.918582138069376	0.511014390209921	2675	10
55074	4	0.208535440814413	0	8	0.918582138069376	0.511014390209921	2675	10
55076	1	0.619671592083034	1	8	0.918582138069376	0.511014390209921	2675	10
55080	10	0.555890760277923	0	8	0.918582138069376	0.511014390209921	2675	10
55081	7	-0.131751643804837	0	8	0.918582138069376	0.511014390209921	2675	10
55082	1	0.591205068441051	1	8	0.918582138069376	0.511014390209921	2675	10
55083	1	0.740619412033756	1	8	0.918582138069376	0.511014390209921	2675	10
55084	0	0.053824367085304	0	8	0.918582138069376	0.511014390209921	2675	10
55086	0	-0.163199663505184	0	8	0.918582138069376	0.511014390209921	2675	10
55089	2	-0.0757882619208086	0	8	0.918582138069376	0.511014390209921	2675	10
55090	0	0.0672509354719844	0	8	0.918582138069376	0.511014390209921	2675	10
55092	0	0.260017504018507	0	8	0.918582138069376	0.511014390209921	2675	10
55093	0	0.134501439300546	0	8	0.918582138069376	0.511014390209921	2675	10
55094	0	0.189499497831596	0	8	0.918582138069376	0.511014390209921	2675	10
55095	5	0.380137212767424	0	8	0.918582138069376	0.511014390209921	2675	10
55096	0	0.217192431829498	0	8	0.918582138069376	0.511014390209921	2675	10
55100	0	0.213688716571183	0	8	0.918582138069376	0.511014390209921	2675	10
55101	2	-0.140136063101769	0	8	0.918582138069376	0.511014390209921	2675	10
55102	4	0.164776574994982	0	8	0.918582138069376	0.511014390209921	2675	10
55105	0	0.128277798391053	0	8	0.918582138069376	0.511014390209921	2675	10
55106	0	0.401990775795388	0	8	0.918582138069376	0.511014390209921	2675	10
55107	1	0.597702876162886	1	8	0.918582138069376	0.511014390209921	2675	10
55108	0	0.288409373203407	0	8	0.918582138069376	0.511014390209921	2675	10
55109	4	0.0111875521768499	0	8	0.918582138069376	0.511014390209921	2675	10
55110	0	0.441926769366117	0	8	0.918582138069376	0.511014390209921	2675	10
55112	0	-0.100368937348119	0	8	0.918582138069376	0.511014390209921	2675	10
55114	0	0.36037776100054	0	8	0.918582138069376	0.511014390209921	2675	10
55116	0	0.16309237941067	0	8	0.918582138069376	0.511014390209921	2675	10
55118	0	0.080255459835738	0	8	0.918582138069376	0.511014390209921	2675	10
55119	0	0.323060912227101	0	8	0.918582138069376	0.511014390209921	2675	10
55120	0	0.11867668736948	0	8	0.918582138069376	0.511014390209921	2675	10
55124	6	-0.000915556334812176	0	8	0.918582138069376	0.511014390209921	2675	10
55125	0	0.293523108858251	0	8	0.918582138069376	0.511014390209921	2675	10
55127	1	0.565017173875333	1	8	0.918582138069376	0.511014390209921	2675	10
55128	1	0.325337306692207	1	8	0.918582138069376	0.511014390209921	2675	10
55129	2	-0.183757400756067	0	8	0.918582138069376	0.511014390209921	2675	10
55131	0	0.062952745912178	0	8	0.918582138069376	0.511014390209921	2675	10
55133	0	0.173024314083314	0	8	0.918582138069376	0.511014390209921	2675	10
55135	3	0.410910460066542	0	8	0.918582138069376	0.511014390209921	2675	10
55138	1	0.65472686570229	1	8	0.918582138069376	0.511014390209921	2675	10
55139	0	0.305196749860756	0	8	0.918582138069376	0.511014390209921	2675	10
55140	0	0.120059782475384	0	8	0.918582138069376	0.511014390209921	2675	10
55142	0	0.419956422389148	0	8	0.918582138069376	0.511014390209921	2675	10
55143	1	0.469325680345193	1	8	0.918582138069376	0.511014390209921	2675	10
55144	4	-0.211987867543243	0	8	0.918582138069376	0.511014390209921	2675	10
55145	7	0.118710852202937	0	8	0.918582138069376	0.511014390209921	2675	10
55146	3	0.133711132853327	0	8	0.918582138069376	0.511014390209921	2675	10
55147	3	0.243646960957993	0	8	0.918582138069376	0.511014390209921	2675	10
55148	0	0.221398072425215	0	8	0.918582138069376	0.511014390209921	2675	10
55151	0	-0.216785531531147	0	8	0.918582138069376	0.511014390209921	2675	10
55152	3	0.246506220342795	0	8	0.918582138069376	0.511014390209921	2675	10
55153	4	0.0920061772829108	0	8	0.918582138069376	0.511014390209921	2675	10
55156	4	-0.112462607652663	0	8	0.918582138069376	0.511014390209921	2675	10
55157	6	-0.0960322136117184	0	8	0.918582138069376	0.511014390209921	2675	10
55159	1	0.558567767460044	1	8	0.918582138069376	0.511014390209921	2675	10
55160	9	-0.101007433676721	0	8	0.918582138069376	0.511014390209921	2675	10
55161	4	-0.232481035059978	0	8	0.918582138069376	0.511014390209921	2675	10
55163	2	-0.251964334124708	0	8	0.918582138069376	0.511014390209921	2675	10
55164	3	0.48473026862243	0	8	0.918582138069376	0.511014390209921	2675	10
55167	1	0.532312521251378	1	8	0.918582138069376	0.511014390209921	2675	10
55168	3	-0.0375248965040112	0	8	0.918582138069376	0.511014390209921	2675	10
55171	0	0.367458208687882	0	8	0.918582138069376	0.511014390209921	2675	10
55172	0	-0.126776570273747	0	8	0.918582138069376	0.511014390209921	2675	10
55175	0	0.203352134902394	0	8	0.918582138069376	0.511014390209921	2675	10
55176	5	0.139828945632654	0	8	0.918582138069376	0.511014390209921	2675	10
55177	2	-0.0993081552315599	0	8	0.918582138069376	0.511014390209921	2675	10
55178	3	0.0589602841059488	0	8	0.918582138069376	0.511014390209921	2675	10
55179	0	0.386334567440755	0	8	0.918582138069376	0.511014390209921	2675	10
55180	0	0.219174590197298	0	8	0.918582138069376	0.511014390209921	2675	10
55181	0	0.19572523065885	0	8	0.918582138069376	0.511014390209921	2675	10
55182	3	0.323701818833362	0	8	0.918582138069376	0.511014390209921	2675	10
55183	0	0.430193979207988	0	8	0.918582138069376	0.511014390209921	2675	10
55184	0	0.201611041400409	0	8	0.918582138069376	0.511014390209921	2675	10
55186	4	-0.217428694919259	0	8	0.918582138069376	0.511014390209921	2675	10
55187	0	0.474098553519071	0	8	0.918582138069376	0.511014390209921	2675	10
55188	0	0.0987877318223178	0	8	0.918582138069376	0.511014390209921	2675	10
55191	0	0.319755122204384	0	8	0.918582138069376	0.511014390209921	2675	10
55192	0	-0.149157732087817	0	8	0.918582138069376	0.511014390209921	2675	10
55193	1	0.601912428506835	1	8	0.918582138069376	0.511014390209921	2675	10
55194	3	0.433988538478058	0	8	0.918582138069376	0.511014390209921	2675	10
55195	2	-0.12648877779093	0	8	0.918582138069376	0.511014390209921	2675	10
55196	1	0.652862514777159	1	8	0.918582138069376	0.511014390209921	2675	10
55197	7	-0.15178152371184	0	8	0.918582138069376	0.511014390209921	2675	10
55198	0	0.251773947098242	0	8	0.918582138069376	0.511014390209921	2675	10
55200	1	0.578863221276347	1	8	0.918582138069376	0.511014390209921	2675	10
55201	9	0.314859949361929	0	8	0.918582138069376	0.511014390209921	2675	10
55203	1	0.520191888265548	1	8	0.918582138069376	0.511014390209921	2675	10
55204	4	-3.63792798759605e-05	0	8	0.918582138069376	0.511014390209921	2675	10
55206	0	0.266523737852187	0	8	0.918582138069376	0.511014390209921	2675	10
55207	4	-0.0850287961884743	0	8	0.918582138069376	0.511014390209921	2675	10
55208	0	-0.243716503867536	0	8	0.918582138069376	0.511014390209921	2675	10
55209	10	0.571367655858107	0	8	0.918582138069376	0.511014390209921	2675	10
55212	0	-0.0404051678811182	0	8	0.918582138069376	0.511014390209921	2675	10
55213	2	-0.189403629778887	0	8	0.918582138069376	0.511014390209921	2675	10
55214	0	0.183811120816345	0	8	0.918582138069376	0.511014390209921	2675	10
55215	1	0.684628018303461	1	8	0.918582138069376	0.511014390209921	2675	10
55216	7	0.338052478584161	0	8	0.918582138069376	0.511014390209921	2675	10
55218	0	0.161018517235462	0	8	0.918582138069376	0.511014390209921	2675	10
55219	4	-0.0620621655801805	0	8	0.918582138069376	0.511014390209921	2675	10
55220	1	0.648951824960358	1	8	0.918582138069376	0.511014390209921	2675	10
55222	1	0.532186346796094	1	8	0.918582138069376	0.511014390209921	2675	10
55223	5	0.482969962578975	0	8	0.918582138069376	0.511014390209921	2675	10
55224	2	-0.294510672824601	0	8	0.918582138069376	0.511014390209921	2675	10
55226	0	0.393052577229858	0	8	0.918582138069376	0.511014390209921	2675	10
55227	0	0.243352712259216	0	8	0.918582138069376	0.511014390209921	2675	10
55228	0	0.271668339817887	0	8	0.918582138069376	0.511014390209921	2675	10
55229	9	0.00698386433482042	0	8	0.918582138069376	0.511014390209921	2675	10
55231	0	0.0167834626552991	0	8	0.918582138069376	0.511014390209921	2675	10
55233	0	0.0343669521620716	0	8	0.918582138069376	0.511014390209921	2675	10
55234	0	0.324454587950316	0	8	0.918582138069376	0.511014390209921	2675	10
55236	0	0.0655493382637523	0	8	0.918582138069376	0.511014390209921	2675	10
55238	9	0.300738742002782	0	8	0.918582138069376	0.511014390209921	2675	10
55239	0	0.266333798503025	0	8	0.918582138069376	0.511014390209921	2675	10
55240	0	0.0337413698429468	0	8	0.918582138069376	0.511014390209921	2675	10
55243	1	0.656712716656618	1	8	0.918582138069376	0.511014390209921	2675	10
55244	2	-0.402666435618396	0	8	0.918582138069376	0.511014390209921	2675	10
55245	2	-0.153492873452885	0	8	0.918582138069376	0.511014390209921	2675	10
55246	4	-0.175066428813661	0	8	0.918582138069376	0.511014390209921	2675	10
55249	0	0.366341917125268	0	8	0.918582138069376	0.511014390209921	2675	10
55251	0	0.0343313675150032	0	8	0.918582138069376	0.511014390209921	2675	10
55252	1	0.535928150442449	1	8	0.918582138069376	0.511014390209921	2675	10
55253	4	-0.0397216952773958	0	8	0.918582138069376	0.511014390209921	2675	10
55254	1	0.539418216294046	1	8	0.918582138069376	0.511014390209921	2675	10
55255	1	0.383728870738583	1	8	0.918582138069376	0.511014390209921	2675	10
55256	2	-0.357810136047944	0	8	0.918582138069376	0.511014390209921	2675	10
55257	3	0.216328200948058	0	8	0.918582138069376	0.511014390209921	2675	10
55258	2	-0.00852010674433197	0	8	0.918582138069376	0.511014390209921	2675	10
55259	4	-0.0711838953435902	0	8	0.918582138069376	0.511014390209921	2675	10
55268	2	-0.445045918297197	0	8	0.918582138069376	0.511014390209921	2675	10
55269	1	0.538395774973445	1	8	0.918582138069376	0.511014390209921	2675	10
55270	7	-0.1925541211875	0	8	0.918582138069376	0.511014390209921	2675	10
55272	3	0.210825978051627	0	8	0.918582138069376	0.511014390209921	2675	10
55274	0	-0.172865757278024	0	8	0.918582138069376	0.511014390209921	2675	10
55275	1	0.567004205176317	1	8	0.918582138069376	0.511014390209921	2675	10
55277	2	-0.205369684078297	0	8	0.918582138069376	0.511014390209921	2675	10
55278	0	-0.167075462761344	0	8	0.918582138069376	0.511014390209921	2675	10
55279	4	0.0122333190263194	0	8	0.918582138069376	0.511014390209921	2675	10
55280	0	0.430163213341409	0	8	0.918582138069376	0.511014390209921	2675	10
55281	3	0.379498733592626	0	8	0.918582138069376	0.511014390209921	2675	10
55282	0	0.339685009929767	0	8	0.918582138069376	0.511014390209921	2675	10
55283	0	-0.0458877031108621	0	8	0.918582138069376	0.511014390209921	2675	10
55284	0	-0.265943817487428	0	8	0.918582138069376	0.511014390209921	2675	10
55285	4	-0.152170344034021	0	8	0.918582138069376	0.511014390209921	2675	10
55286	0	-0.0104626312767486	0	8	0.918582138069376	0.511014390209921	2675	10
55288	0	-0.14257184423005	0	8	0.918582138069376	0.511014390209921	2675	10
55290	3	0.340764620372966	0	8	0.918582138069376	0.511014390209921	2675	10
55291	1	0.507375505826912	1	8	0.918582138069376	0.511014390209921	2675	10
55293	4	-0.0309182155812203	0	8	0.918582138069376	0.511014390209921	2675	10
55294	0	0.451800746110823	0	8	0.918582138069376	0.511014390209921	2675	10
55295	0	-0.0565345346033326	0	8	0.918582138069376	0.511014390209921	2675	10
55296	4	-0.385977992763973	0	8	0.918582138069376	0.511014390209921	2675	10
55297	0	-0.0850363249060315	0	8	0.918582138069376	0.511014390209921	2675	10
55298	3	0.19446277465667	0	8	0.918582138069376	0.511014390209921	2675	10
55299	7	0.00608795085983116	0	8	0.918582138069376	0.511014390209921	2675	10
55303	1	0.642583931381802	1	8	0.918582138069376	0.511014390209921	2675	10
55308	0	0.134353755719347	0	8	0.918582138069376	0.511014390209921	2675	10
55311	6	0.0370503091190766	0	8	0.918582138069376	0.511014390209921	2675	10
55312	3	0.0996008180193649	0	8	0.918582138069376	0.511014390209921	2675	10
55313	4	-0.154955979728712	0	8	0.918582138069376	0.511014390209921	2675	10
55314	0	0.212378721832789	0	8	0.918582138069376	0.511014390209921	2675	10
55315	1	0.419044761228768	1	8	0.918582138069376	0.511014390209921	2675	10
55316	2	-0.1795107272251	0	8	0.918582138069376	0.511014390209921	2675	10
55317	0	0.182299118328828	0	8	0.918582138069376	0.511014390209921	2675	10
55319	0	0.165175656470837	0	8	0.918582138069376	0.511014390209921	2675	10
55320	1	0.567884973542525	1	8	0.918582138069376	0.511014390209921	2675	10
55321	0	0.250555114371851	0	8	0.918582138069376	0.511014390209921	2675	10
55322	4	-0.0864003762426507	0	8	0.918582138069376	0.511014390209921	2675	10
55323	3	0.105142531514911	0	8	0.918582138069376	0.511014390209921	2675	10
55324	2	-0.0989062284911693	0	8	0.918582138069376	0.511014390209921	2675	10
55325	7	-0.164581077873217	0	8	0.918582138069376	0.511014390209921	2675	10
55326	4	-0.260252740289937	0	8	0.918582138069376	0.511014390209921	2675	10
55327	4	-0.353742890442182	0	8	0.918582138069376	0.511014390209921	2675	10
55328	0	-0.217758422601926	0	8	0.918582138069376	0.511014390209921	2675	10
55329	4	0.144129049629217	0	8	0.918582138069376	0.511014390209921	2675	10
55332	1	0.266951895544926	1	8	0.918582138069376	0.511014390209921	2675	10
55334	6	0.0138335237075828	0	8	0.918582138069376	0.511014390209921	2675	10
55335	4	0.10182774249779	0	8	0.918582138069376	0.511014390209921	2675	10
55336	5	0.386484311117923	0	8	0.918582138069376	0.511014390209921	2675	10
55337	5	0.485125471066507	0	8	0.918582138069376	0.511014390209921	2675	10
55341	0	0.146397162893381	0	8	0.918582138069376	0.511014390209921	2675	10
55343	1	0.639110107562929	1	8	0.918582138069376	0.511014390209921	2675	10
55346	0	-0.0749364158603516	0	8	0.918582138069376	0.511014390209921	2675	10
55347	2	-0.407100806512583	0	8	0.918582138069376	0.511014390209921	2675	10
55350	0	0.332529573104837	0	8	0.918582138069376	0.511014390209921	2675	10
55351	0	0.1261190949723	0	8	0.918582138069376	0.511014390209921	2675	10
55353	1	0.620732101643455	1	8	0.918582138069376	0.511014390209921	2675	10
55355	1	0.619042596273469	1	8	0.918582138069376	0.511014390209921	2675	10
55357	1	0.479492244166104	1	8	0.918582138069376	0.511014390209921	2675	10
55361	5	0.29713161354663	0	8	0.918582138069376	0.511014390209921	2675	10
55364	8	-0.239545393616559	0	8	0.918582138069376	0.511014390209921	2675	10
55365	2	-0.254887898643651	0	8	0.918582138069376	0.511014390209921	2675	10
55366	4	-0.237699227612779	0	8	0.918582138069376	0.511014390209921	2675	10
55367	5	0.0183242175299672	0	8	0.918582138069376	0.511014390209921	2675	10
55374	1	0.49760710963845	1	8	0.918582138069376	0.511014390209921	2675	10
55379	1	0.480311162131048	1	8	0.918582138069376	0.511014390209921	2675	10
55421	1	0.622350925656388	1	8	0.918582138069376	0.511014390209921	2675	10
55422	0	0.0315898844517674	0	8	0.918582138069376	0.511014390209921	2675	10
55423	1	0.6483251654684	1	8	0.918582138069376	0.511014390209921	2675	10
55432	0	0.103212702923032	0	8	0.918582138069376	0.511014390209921	2675	10
55435	4	-0.204569764828947	0	8	0.918582138069376	0.511014390209921	2675	10
55450	4	-0.165616410662438	0	8	0.918582138069376	0.511014390209921	2675	10
55454	1	0.72715330609592	1	8	0.918582138069376	0.511014390209921	2675	10
55471	4	0.0618392806159776	0	8	0.918582138069376	0.511014390209921	2675	10
55486	3	0.155878845308533	0	8	0.918582138069376	0.511014390209921	2675	10
55500	4	0.0189635871093633	0	8	0.918582138069376	0.511014390209921	2675	10
55501	0	0.472750743158767	0	8	0.918582138069376	0.511014390209921	2675	10
55503	5	0.435136003685756	0	8	0.918582138069376	0.511014390209921	2675	10
55505	3	0.485014798946986	0	8	0.918582138069376	0.511014390209921	2675	10
55506	1	0.716591589318719	1	8	0.918582138069376	0.511014390209921	2675	10
55508	6	0.0230741337426131	0	8	0.918582138069376	0.511014390209921	2675	10
55509	1	0.705228049198963	1	8	0.918582138069376	0.511014390209921	2675	10
55510	0	0.207444044326577	0	8	0.918582138069376	0.511014390209921	2675	10
55512	5	0.649944213315928	0	8	0.918582138069376	0.511014390209921	2675	10
55520	7	0.0832103311526869	0	8	0.918582138069376	0.511014390209921	2675	10
55526	2	-0.34051282579603	0	8	0.918582138069376	0.511014390209921	2675	10
55540	2	-0.229991919576246	0	8	0.918582138069376	0.511014390209921	2675	10
55544	2	0.126926769362661	0	8	0.918582138069376	0.511014390209921	2675	10
55556	2	-0.330693858699572	0	8	0.918582138069376	0.511014390209921	2675	10
55558	0	0.398215075110532	0	8	0.918582138069376	0.511014390209921	2675	10
55565	0	-0.0192417672191194	0	8	0.918582138069376	0.511014390209921	2675	10
55567	0	0.344753508656009	0	8	0.918582138069376	0.511014390209921	2675	10
55568	1	0.604660954987095	1	8	0.918582138069376	0.511014390209921	2675	10
55573	1	0.503475919222279	1	8	0.918582138069376	0.511014390209921	2675	10
55576	1	0.442042483990186	1	8	0.918582138069376	0.511014390209921	2675	10
55577	3	0.699810719809576	0	8	0.918582138069376	0.511014390209921	2675	10
55578	0	0.358722591326819	0	8	0.918582138069376	0.511014390209921	2675	10
55585	3	0.0874129439929159	0	8	0.918582138069376	0.511014390209921	2675	10
55589	1	0.666793626441436	1	8	0.918582138069376	0.511014390209921	2675	10
55596	0	0.482916894989218	0	8	0.918582138069376	0.511014390209921	2675	10
55601	1	0.403317572972	1	8	0.918582138069376	0.511014390209921	2675	10
55602	7	0.158045477949584	0	8	0.918582138069376	0.511014390209921	2675	10
55603	1	0.399184141134497	1	8	0.918582138069376	0.511014390209921	2675	10
55604	1	0.539789116515788	1	8	0.918582138069376	0.511014390209921	2675	10
55607	1	0.414944999955558	1	8	0.918582138069376	0.511014390209921	2675	10
55608	1	0.746825135174299	1	8	0.918582138069376	0.511014390209921	2675	10
55612	0	-0.170574567953569	0	8	0.918582138069376	0.511014390209921	2675	10
55614	8	-0.166160375608564	0	8	0.918582138069376	0.511014390209921	2675	10
55616	2	-0.144814504963435	0	8	0.918582138069376	0.511014390209921	2675	10
55617	7	0.156337640964667	0	8	0.918582138069376	0.511014390209921	2675	10
55619	1	0.757584572232636	1	8	0.918582138069376	0.511014390209921	2675	10
55620	3	0.155599097077672	0	8	0.918582138069376	0.511014390209921	2675	10
55621	1	0.65748722260361	1	8	0.918582138069376	0.511014390209921	2675	10
55622	0	0.21368299241277	0	8	0.918582138069376	0.511014390209921	2675	10
55623	4	0.0968214030166771	0	8	0.918582138069376	0.511014390209921	2675	10
55624	2	-0.136775201064932	0	8	0.918582138069376	0.511014390209921	2675	10
55625	1	0.655094798188705	1	8	0.918582138069376	0.511014390209921	2675	10
55626	5	0.403803087206074	0	8	0.918582138069376	0.511014390209921	2675	10
55628	1	0.593626231710582	1	8	0.918582138069376	0.511014390209921	2675	10
55630	2	-0.201315385918234	0	8	0.918582138069376	0.511014390209921	2675	10
55631	6	-0.031128178904744	0	8	0.918582138069376	0.511014390209921	2675	10
55633	0	0.0420376505661079	0	8	0.918582138069376	0.511014390209921	2675	10
55634	8	0.0178226358904687	0	8	0.918582138069376	0.511014390209921	2675	10
55636	1	0.46944014494648	1	8	0.918582138069376	0.511014390209921	2675	10
55638	1	0.336588548824376	1	8	0.918582138069376	0.511014390209921	2675	10
55640	0	0.01521519011558	0	8	0.918582138069376	0.511014390209921	2675	10
55643	2	0.0551025998831419	0	8	0.918582138069376	0.511014390209921	2675	10
55644	3	0.478436249039045	0	8	0.918582138069376	0.511014390209921	2675	10
55647	0	0.279174154917011	0	8	0.918582138069376	0.511014390209921	2675	10
55650	2	-0.195139225190232	0	8	0.918582138069376	0.511014390209921	2675	10
55651	3	0.413803904702129	0	8	0.918582138069376	0.511014390209921	2675	10
55652	0	0.363781031555416	0	8	0.918582138069376	0.511014390209921	2675	10
55653	3	0.486060479466499	0	8	0.918582138069376	0.511014390209921	2675	10
55654	5	0.493500628719454	0	8	0.918582138069376	0.511014390209921	2675	10
55655	0	0.254970372514573	0	8	0.918582138069376	0.511014390209921	2675	10
55656	0	0.447493724510332	0	8	0.918582138069376	0.511014390209921	2675	10
55657	1	0.435367040200354	1	8	0.918582138069376	0.511014390209921	2675	10
55658	0	-0.144413078884228	0	8	0.918582138069376	0.511014390209921	2675	10
55660	0	0.151001334984303	0	8	0.918582138069376	0.511014390209921	2675	10
55661	5	0.395297785449131	0	8	0.918582138069376	0.511014390209921	2675	10
55662	1	0.635434566821934	1	8	0.918582138069376	0.511014390209921	2675	10
55663	5	0.170584567128331	0	8	0.918582138069376	0.511014390209921	2675	10
55664	4	-0.114215584032173	0	8	0.918582138069376	0.511014390209921	2675	10
55665	2	-0.227861115928057	0	8	0.918582138069376	0.511014390209921	2675	10
55666	9	-0.0588135099512502	0	8	0.918582138069376	0.511014390209921	2675	10
55667	0	0.0801519808518836	0	8	0.918582138069376	0.511014390209921	2675	10
55668	0	0.483706262941834	0	8	0.918582138069376	0.511014390209921	2675	10
55669	0	0.319591603664	0	8	0.918582138069376	0.511014390209921	2675	10
55670	0	0.23899721078935	0	8	0.918582138069376	0.511014390209921	2675	10
55671	4	0.202536871161977	0	8	0.918582138069376	0.511014390209921	2675	10
55679	8	4.24973345644541e-05	0	8	0.918582138069376	0.511014390209921	2675	10
55681	4	-0.0474289102282053	0	8	0.918582138069376	0.511014390209921	2675	10
55683	1	0.548305933984486	1	8	0.918582138069376	0.511014390209921	2675	10
55684	0	0.197794063230819	0	8	0.918582138069376	0.511014390209921	2675	10
55686	0	-0.0809471803576972	0	8	0.918582138069376	0.511014390209921	2675	10
55687	2	-0.380769256227363	0	8	0.918582138069376	0.511014390209921	2675	10
55689	1	0.738636857868971	1	8	0.918582138069376	0.511014390209921	2675	10
55690	1	0.523563006557637	1	8	0.918582138069376	0.511014390209921	2675	10
55691	1	0.53172177646026	1	8	0.918582138069376	0.511014390209921	2675	10
55692	5	0.361276444735962	0	8	0.918582138069376	0.511014390209921	2675	10
55693	0	-0.226144459811005	0	8	0.918582138069376	0.511014390209921	2675	10
55695	3	0.470545927423029	0	8	0.918582138069376	0.511014390209921	2675	10
55696	1	0.391009100525841	1	8	0.918582138069376	0.511014390209921	2675	10
55697	5	0.329176906877567	0	8	0.918582138069376	0.511014390209921	2675	10
55699	4	-0.207913165778386	0	8	0.918582138069376	0.511014390209921	2675	10
55700	10	0.521639083160039	0	8	0.918582138069376	0.511014390209921	2675	10
55701	1	0.525768218015361	1	8	0.918582138069376	0.511014390209921	2675	10
55702	3	0.284095723180834	0	8	0.918582138069376	0.511014390209921	2675	10
55703	0	0.13108236501204	0	8	0.918582138069376	0.511014390209921	2675	10
55704	1	0.715245867391856	1	8	0.918582138069376	0.511014390209921	2675	10
55705	1	0.588997230114076	1	8	0.918582138069376	0.511014390209921	2675	10
55706	0	0.0758313249206671	0	8	0.918582138069376	0.511014390209921	2675	10
55707	1	0.689425444427827	1	8	0.918582138069376	0.511014390209921	2675	10
55709	0	-0.13066653552754	0	8	0.918582138069376	0.511014390209921	2675	10
55711	0	0.423518595079421	0	8	0.918582138069376	0.511014390209921	2675	10
55713	0	-0.176718547131699	0	8	0.918582138069376	0.511014390209921	2675	10
55714	1	0.628011543644558	1	8	0.918582138069376	0.511014390209921	2675	10
55715	3	0.0390804461362859	0	8	0.918582138069376	0.511014390209921	2675	10
55716	1	0.457692519699728	1	8	0.918582138069376	0.511014390209921	2675	10
55717	0	0.189144650438675	0	8	0.918582138069376	0.511014390209921	2675	10
55719	1	0.452987007377419	1	8	0.918582138069376	0.511014390209921	2675	10
55720	0	0.216220996169476	0	8	0.918582138069376	0.511014390209921	2675	10
55721	5	0.259930956567029	0	8	0.918582138069376	0.511014390209921	2675	10
55722	0	0.412875061434048	0	8	0.918582138069376	0.511014390209921	2675	10
55723	1	0.764367740812174	1	8	0.918582138069376	0.511014390209921	2675	10
55726	4	-0.219660833780338	0	8	0.918582138069376	0.511014390209921	2675	10
55727	0	0.475934810655787	0	8	0.918582138069376	0.511014390209921	2675	10
55729	1	0.637126140437124	1	8	0.918582138069376	0.511014390209921	2675	10
55731	5	0.234270124750099	0	8	0.918582138069376	0.511014390209921	2675	10
55732	0	0.428997600185272	0	8	0.918582138069376	0.511014390209921	2675	10
55733	1	0.60581239564124	1	8	0.918582138069376	0.511014390209921	2675	10
55734	0	0.269407608716317	0	8	0.918582138069376	0.511014390209921	2675	10
55735	2	-0.0636988266098393	0	8	0.918582138069376	0.511014390209921	2675	10
55737	0	0.289962141088666	0	8	0.918582138069376	0.511014390209921	2675	10
55738	5	0.406591099112865	0	8	0.918582138069376	0.511014390209921	2675	10
55739	2	-0.152307629303261	0	8	0.918582138069376	0.511014390209921	2675	10
55740	1	0.74398114692075	1	8	0.918582138069376	0.511014390209921	2675	10
55741	3	0.382941345104912	0	8	0.918582138069376	0.511014390209921	2675	10
55742	1	0.64677424010008	1	8	0.918582138069376	0.511014390209921	2675	10
55743	1	0.561996712413246	1	8	0.918582138069376	0.511014390209921	2675	10
55744	1	0.48842820919861	1	8	0.918582138069376	0.511014390209921	2675	10
55745	4	-0.308550175734929	0	8	0.918582138069376	0.511014390209921	2675	10
55746	4	0.246221972209854	0	8	0.918582138069376	0.511014390209921	2675	10
55748	2	-0.331304054073933	0	8	0.918582138069376	0.511014390209921	2675	10
55750	0	-0.00428654226931524	0	8	0.918582138069376	0.511014390209921	2675	10
55751	0	-0.199255447580597	0	8	0.918582138069376	0.511014390209921	2675	10
55752	1	0.408090645783761	1	8	0.918582138069376	0.511014390209921	2675	10
55753	2	-0.323455340065644	0	8	0.918582138069376	0.511014390209921	2675	10
55754	4	-0.143828229360426	0	8	0.918582138069376	0.511014390209921	2675	10
55755	0	0.483385979857503	0	8	0.918582138069376	0.511014390209921	2675	10
55756	0	0.0792157298355851	0	8	0.918582138069376	0.511014390209921	2675	10
55757	4	-0.155700477334262	0	8	0.918582138069376	0.511014390209921	2675	10
55758	4	-0.0176167217468273	0	8	0.918582138069376	0.511014390209921	2675	10
55759	2	-0.123120572227184	0	8	0.918582138069376	0.511014390209921	2675	10
55760	0	0.0397202505688637	0	8	0.918582138069376	0.511014390209921	2675	10
55761	0	0.478386471920823	0	8	0.918582138069376	0.511014390209921	2675	10
55762	0	0.502122545440921	0	8	0.918582138069376	0.511014390209921	2675	10
55763	4	-0.0702772749299029	0	8	0.918582138069376	0.511014390209921	2675	10
55764	5	0.520437373763702	0	8	0.918582138069376	0.511014390209921	2675	10
55768	0	0.249262138971007	0	8	0.918582138069376	0.511014390209921	2675	10
55769	0	0.0348439980150267	0	8	0.918582138069376	0.511014390209921	2675	10
55770	0	0.455539179229139	0	8	0.918582138069376	0.511014390209921	2675	10
55775	1	0.525232859078413	1	8	0.918582138069376	0.511014390209921	2675	10
55776	0	0.264112234857049	0	8	0.918582138069376	0.511014390209921	2675	10
55778	0	-0.166118992634715	0	8	0.918582138069376	0.511014390209921	2675	10
55779	0	0.40040544000367	0	8	0.918582138069376	0.511014390209921	2675	10
55781	4	-0.0796669623321157	0	8	0.918582138069376	0.511014390209921	2675	10
55784	0	0.497754466044497	0	8	0.918582138069376	0.511014390209921	2675	10
55785	1	0.707487250367858	1	8	0.918582138069376	0.511014390209921	2675	10
55786	0	0.0985139787928879	0	8	0.918582138069376	0.511014390209921	2675	10
55787	0	0.0761468587931927	0	8	0.918582138069376	0.511014390209921	2675	10
55788	2	-0.369298153032939	0	8	0.918582138069376	0.511014390209921	2675	10
55790	1	0.6923607806753	1	8	0.918582138069376	0.511014390209921	2675	10
55791	4	-0.00508423691433146	0	8	0.918582138069376	0.511014390209921	2675	10
55794	3	-0.0417299690149078	0	8	0.918582138069376	0.511014390209921	2675	10
55795	3	0.378928687311792	0	8	0.918582138069376	0.511014390209921	2675	10
55796	0	0.192889576900697	0	8	0.918582138069376	0.511014390209921	2675	10
55799	0	0.219192277192686	0	8	0.918582138069376	0.511014390209921	2675	10
55800	6	0.179501669409167	0	8	0.918582138069376	0.511014390209921	2675	10
55802	0	0.349223310466487	0	8	0.918582138069376	0.511014390209921	2675	10
55803	1	0.739424903867827	1	8	0.918582138069376	0.511014390209921	2675	10
55805	4	-0.0912409846227842	0	8	0.918582138069376	0.511014390209921	2675	10
55806	1	0.811902662162391	1	8	0.918582138069376	0.511014390209921	2675	10
55810	5	0.364344821472871	0	8	0.918582138069376	0.511014390209921	2675	10
55811	6	0.0733194378265601	0	8	0.918582138069376	0.511014390209921	2675	10
55812	2	-0.348451189806216	0	8	0.918582138069376	0.511014390209921	2675	10
55813	1	0.539465989645147	1	8	0.918582138069376	0.511014390209921	2675	10
55815	0	0.45232001206762	0	8	0.918582138069376	0.511014390209921	2675	10
55816	1	0.544385345206018	1	8	0.918582138069376	0.511014390209921	2675	10
55818	0	0.0722668105993736	0	8	0.918582138069376	0.511014390209921	2675	10
55819	3	0.503246695686443	0	8	0.918582138069376	0.511014390209921	2675	10
55821	6	0.000766748543401412	0	8	0.918582138069376	0.511014390209921	2675	10
55823	0	0.24309079559064	0	8	0.918582138069376	0.511014390209921	2675	10
55825	2	-0.185543141823397	0	8	0.918582138069376	0.511014390209921	2675	10
55827	7	0.249663610214838	0	8	0.918582138069376	0.511014390209921	2675	10
55830	0	0.146954069124414	0	8	0.918582138069376	0.511014390209921	2675	10
55831	3	0.20906040396969	0	8	0.918582138069376	0.511014390209921	2675	10
55832	4	0.0754993680736392	0	8	0.918582138069376	0.511014390209921	2675	10
55833	1	0.502912565804629	1	8	0.918582138069376	0.511014390209921	2675	10
55835	1	0.453114251377897	1	8	0.918582138069376	0.511014390209921	2675	10
55837	7	0.171862340622949	0	8	0.918582138069376	0.511014390209921	2675	10
55839	2	-0.128270228842736	0	8	0.918582138069376	0.511014390209921	2675	10
55840	2	-0.249112684289253	0	8	0.918582138069376	0.511014390209921	2675	10
55841	0	0.156200272704373	0	8	0.918582138069376	0.511014390209921	2675	10
55844	2	-0.000133853255696949	0	8	0.918582138069376	0.511014390209921	2675	10
55847	2	-0.239965239605011	0	8	0.918582138069376	0.511014390209921	2675	10
55848	7	0.198635343580844	0	8	0.918582138069376	0.511014390209921	2675	10
55850	3	0.141898634061626	0	8	0.918582138069376	0.511014390209921	2675	10
55851	3	0.28062791751488	0	8	0.918582138069376	0.511014390209921	2675	10
55852	2	-0.128488584085414	0	8	0.918582138069376	0.511014390209921	2675	10
55854	0	-0.102927484461099	0	8	0.918582138069376	0.511014390209921	2675	10
55856	2	-0.370769872189949	0	8	0.918582138069376	0.511014390209921	2675	10
55857	0	0.239897698764235	0	8	0.918582138069376	0.511014390209921	2675	10
55858	0	0.471254930979901	0	8	0.918582138069376	0.511014390209921	2675	10
55859	0	-0.106884014155239	0	8	0.918582138069376	0.511014390209921	2675	10
55860	7	-0.0814687939808994	0	8	0.918582138069376	0.511014390209921	2675	10
55862	2	-0.35003070288167	0	8	0.918582138069376	0.511014390209921	2675	10
55863	7	-0.0237407919716806	0	8	0.918582138069376	0.511014390209921	2675	10
55867	2	-0.418534468372973	0	8	0.918582138069376	0.511014390209921	2675	10
55876	1	0.405665703228415	1	8	0.918582138069376	0.511014390209921	2675	10
55884	3	0.302358931570143	0	8	0.918582138069376	0.511014390209921	2675	10
55885	0	-0.0591496582027413	0	8	0.918582138069376	0.511014390209921	2675	10
55888	1	0.549438312212272	1	8	0.918582138069376	0.511014390209921	2675	10
55890	2	-0.0615287061857311	0	8	0.918582138069376	0.511014390209921	2675	10
55892	0	0.0493761022952208	0	8	0.918582138069376	0.511014390209921	2675	10
55893	4	-0.00941326376305052	0	8	0.918582138069376	0.511014390209921	2675	10
55898	0	0.310239794440477	0	8	0.918582138069376	0.511014390209921	2675	10
55900	4	0.0340396753501349	0	8	0.918582138069376	0.511014390209921	2675	10
55905	7	-0.0534422236098765	0	8	0.918582138069376	0.511014390209921	2675	10
55906	0	0.146999372102989	0	8	0.918582138069376	0.511014390209921	2675	10
55907	7	-0.134153153519105	0	8	0.918582138069376	0.511014390209921	2675	10
55908	0	0.0493298824787467	0	8	0.918582138069376	0.511014390209921	2675	10
55909	0	0.160611782995473	0	8	0.918582138069376	0.511014390209921	2675	10
55911	1	0.741088725471834	1	8	0.918582138069376	0.511014390209921	2675	10
55914	4	0.0364198674614522	0	8	0.918582138069376	0.511014390209921	2675	10
55915	2	-0.195284647289719	0	8	0.918582138069376	0.511014390209921	2675	10
55916	0	-0.0818565434176322	0	8	0.918582138069376	0.511014390209921	2675	10
55922	0	0.170933239408371	0	8	0.918582138069376	0.511014390209921	2675	10
55930	0	0.261130607447763	0	8	0.918582138069376	0.511014390209921	2675	10
55954	3	0.138027714600125	0	8	0.918582138069376	0.511014390209921	2675	10
55957	3	0.305879713114359	0	8	0.918582138069376	0.511014390209921	2675	10
55958	1	0.360848566403073	1	8	0.918582138069376	0.511014390209921	2675	10
55966	0	0.146433045997977	0	8	0.918582138069376	0.511014390209921	2675	10
55968	3	0.284844291148665	0	8	0.918582138069376	0.511014390209921	2675	10
55970	4	-0.0391953279264233	0	8	0.918582138069376	0.511014390209921	2675	10
55972	6	-0.0668509042201087	0	8	0.918582138069376	0.511014390209921	2675	10
55973	0	-0.27514003226982	0	8	0.918582138069376	0.511014390209921	2675	10
55974	3	0.543575122825456	0	8	0.918582138069376	0.511014390209921	2675	10
55975	4	-0.155604732670145	0	8	0.918582138069376	0.511014390209921	2675	10
56005	3	0.485748278736692	0	8	0.918582138069376	0.511014390209921	2675	10
56006	5	0.488526998881002	0	8	0.918582138069376	0.511014390209921	2675	10
56034	0	-0.0418009814056241	0	8	0.918582138069376	0.511014390209921	2675	10
56061	1	0.561380808986053	1	8	0.918582138069376	0.511014390209921	2675	10
56062	0	0.0151777805423652	0	8	0.918582138069376	0.511014390209921	2675	10
56155	0	0.13523222350936	0	8	0.918582138069376	0.511014390209921	2675	10
56163	0	0.151712973325986	0	8	0.918582138069376	0.511014390209921	2675	10
56165	0	-0.00982899589916758	0	8	0.918582138069376	0.511014390209921	2675	10
56171	0	0.38043037623764	0	8	0.918582138069376	0.511014390209921	2675	10
56172	0	0.212032552090462	0	8	0.918582138069376	0.511014390209921	2675	10
56180	0	-0.126334567282931	0	8	0.918582138069376	0.511014390209921	2675	10
56242	0	0.116089396551564	0	8	0.918582138069376	0.511014390209921	2675	10
56245	0	0.254982837369497	0	8	0.918582138069376	0.511014390209921	2675	10
56252	5	0.298478706691032	0	8	0.918582138069376	0.511014390209921	2675	10
56253	1	0.690160261927716	1	8	0.918582138069376	0.511014390209921	2675	10
56255	0	0.097284414289803	0	8	0.918582138069376	0.511014390209921	2675	10
56257	0	0.0140230088101605	0	8	0.918582138069376	0.511014390209921	2675	10
56259	3	0.17742586166429	0	8	0.918582138069376	0.511014390209921	2675	10
56260	5	0.226062768092955	0	8	0.918582138069376	0.511014390209921	2675	10
56270	3	0.0724190831467344	0	8	0.918582138069376	0.511014390209921	2675	10
56271	7	-0.0147854736801511	0	8	0.918582138069376	0.511014390209921	2675	10
56288	0	0.273059173223086	0	8	0.918582138069376	0.511014390209921	2675	10
56301	6	-0.0212120849659279	0	8	0.918582138069376	0.511014390209921	2675	10
56302	0	0.323564015729817	0	8	0.918582138069376	0.511014390209921	2675	10
56339	1	0.547263789011398	1	8	0.918582138069376	0.511014390209921	2675	10
56413	1	0.510267799644677	1	8	0.918582138069376	0.511014390209921	2675	10
56474	0	0.421584918200021	0	8	0.918582138069376	0.511014390209921	2675	10
56475	6	-0.0555697571370441	0	8	0.918582138069376	0.511014390209921	2675	10
56478	1	0.413025032889132	1	8	0.918582138069376	0.511014390209921	2675	10
56521	2	-0.207946925886125	0	8	0.918582138069376	0.511014390209921	2675	10
56548	1	0.530071435933664	1	8	0.918582138069376	0.511014390209921	2675	10
56603	8	-0.0524175398064024	0	8	0.918582138069376	0.511014390209921	2675	10
56605	4	-0.056377101076726	0	8	0.918582138069376	0.511014390209921	2675	10
56606	2	-0.32702821865326	0	8	0.918582138069376	0.511014390209921	2675	10
56616	2	-0.0602937530103213	0	8	0.918582138069376	0.511014390209921	2675	10
56623	0	0.223694550609383	0	8	0.918582138069376	0.511014390209921	2675	10
56647	7	-0.171874418136257	0	8	0.918582138069376	0.511014390209921	2675	10
56648	0	-0.230294901473741	0	8	0.918582138069376	0.511014390209921	2675	10
56649	1	0.587102812109708	1	8	0.918582138069376	0.511014390209921	2675	10
56650	0	0.308219776426269	0	8	0.918582138069376	0.511014390209921	2675	10
56652	1	0.547001635326749	1	8	0.918582138069376	0.511014390209921	2675	10
56654	1	0.697124097343195	1	8	0.918582138069376	0.511014390209921	2675	10
56659	5	0.23253111430829	0	8	0.918582138069376	0.511014390209921	2675	10
56667	0	-0.309150588198441	0	8	0.918582138069376	0.511014390209921	2675	10
56672	3	0.436313761297193	0	8	0.918582138069376	0.511014390209921	2675	10
56673	0	0.417327898209545	0	8	0.918582138069376	0.511014390209921	2675	10
56674	0	0.153148684819875	0	8	0.918582138069376	0.511014390209921	2675	10
56675	0	0.33677271322711	0	8	0.918582138069376	0.511014390209921	2675	10
56681	0	0.374879521869431	0	8	0.918582138069376	0.511014390209921	2675	10
56683	7	-0.0738071778522859	0	8	0.918582138069376	0.511014390209921	2675	10
56729	1	0.451675831645975	1	8	0.918582138069376	0.511014390209921	2675	10
56731	2	-0.27000806555478	0	8	0.918582138069376	0.511014390209921	2675	10
56829	1	0.667923698142651	1	8	0.918582138069376	0.511014390209921	2675	10
56833	1	0.79262765268424	1	8	0.918582138069376	0.511014390209921	2675	10
56834	0	0.125481073369092	0	8	0.918582138069376	0.511014390209921	2675	10
56848	2	-0.327004504140487	0	8	0.918582138069376	0.511014390209921	2675	10
56851	7	-0.0849805900676853	0	8	0.918582138069376	0.511014390209921	2675	10
56882	1	0.737861878385959	1	8	0.918582138069376	0.511014390209921	2675	10
56886	1	0.674589374240012	1	8	0.918582138069376	0.511014390209921	2675	10
56888	7	0.432212227981267	0	8	0.918582138069376	0.511014390209921	2675	10
56889	4	-0.0603735576475392	0	8	0.918582138069376	0.511014390209921	2675	10
56890	0	4.2778260772279e-06	0	8	0.918582138069376	0.511014390209921	2675	10
56892	0	0.401574647264652	0	8	0.918582138069376	0.511014390209921	2675	10
56894	2	-0.177436539016212	0	8	0.918582138069376	0.511014390209921	2675	10
56895	1	0.592448239057794	1	8	0.918582138069376	0.511014390209921	2675	10
56898	2	-0.306634207983131	0	8	0.918582138069376	0.511014390209921	2675	10
56899	6	-0.138161381725565	0	8	0.918582138069376	0.511014390209921	2675	10
56901	1	0.415573726168144	1	8	0.918582138069376	0.511014390209921	2675	10
56902	0	0.213975070916529	0	8	0.918582138069376	0.511014390209921	2675	10
56904	9	0.177289958878873	0	8	0.918582138069376	0.511014390209921	2675	10
56905	1	0.643189852495757	1	8	0.918582138069376	0.511014390209921	2675	10
56906	0	-0.0832322289621944	0	8	0.918582138069376	0.511014390209921	2675	10
56910	2	-0.0628293281420153	0	8	0.918582138069376	0.511014390209921	2675	10
56911	0	0.224119809895772	0	8	0.918582138069376	0.511014390209921	2675	10
56912	2	-0.0732928710932923	0	8	0.918582138069376	0.511014390209921	2675	10
56913	4	-0.0770215293784452	0	8	0.918582138069376	0.511014390209921	2675	10
56915	3	0.148582300130349	0	8	0.918582138069376	0.511014390209921	2675	10
56920	8	-0.18381333987866	0	8	0.918582138069376	0.511014390209921	2675	10
56922	2	-0.462694381492586	0	8	0.918582138069376	0.511014390209921	2675	10
56925	1	0.680895558119427	1	8	0.918582138069376	0.511014390209921	2675	10
56926	5	0.37590907174391	0	8	0.918582138069376	0.511014390209921	2675	10
56928	5	0.154643496774445	0	8	0.918582138069376	0.511014390209921	2675	10
56929	4	-0.0231684297802345	0	8	0.918582138069376	0.511014390209921	2675	10
56934	8	-0.23287977469511	0	8	0.918582138069376	0.511014390209921	2675	10
56935	3	0.471881158729835	0	8	0.918582138069376	0.511014390209921	2675	10
56937	1	0.623075495630769	1	8	0.918582138069376	0.511014390209921	2675	10
56938	1	0.667267321937037	1	8	0.918582138069376	0.511014390209921	2675	10
56941	3	0.0604147094319577	0	8	0.918582138069376	0.511014390209921	2675	10
56942	3	-0.0683138847417385	0	8	0.918582138069376	0.511014390209921	2675	10
56943	3	-0.137525856402772	0	8	0.918582138069376	0.511014390209921	2675	10
56944	0	0.275646427376012	0	8	0.918582138069376	0.511014390209921	2675	10
56945	7	-0.0960015974721024	0	8	0.918582138069376	0.511014390209921	2675	10
56946	0	0.224420614539163	0	8	0.918582138069376	0.511014390209921	2675	10
56947	7	0.0764992831030761	0	8	0.918582138069376	0.511014390209921	2675	10
56948	3	-0.011017120991708	0	8	0.918582138069376	0.511014390209921	2675	10
56949	0	-0.0669040973687613	0	8	0.918582138069376	0.511014390209921	2675	10
56950	3	0.448886324784108	0	8	0.918582138069376	0.511014390209921	2675	10
56951	7	0.00485691612261688	0	8	0.918582138069376	0.511014390209921	2675	10
56953	0	-0.241822865571362	0	8	0.918582138069376	0.511014390209921	2675	10
56954	2	-0.168973910632636	0	8	0.918582138069376	0.511014390209921	2675	10
56955	6	0.0460095566863344	0	8	0.918582138069376	0.511014390209921	2675	10
56957	0	0.171304268934083	0	8	0.918582138069376	0.511014390209921	2675	10
56965	0	0.35414881236249	0	8	0.918582138069376	0.511014390209921	2675	10
56967	1	0.586831403478106	1	8	0.918582138069376	0.511014390209921	2675	10
56978	1	0.775678155295105	1	8	0.918582138069376	0.511014390209921	2675	10
56980	0	0.316042973167583	0	8	0.918582138069376	0.511014390209921	2675	10
56983	1	0.257507081601961	1	8	0.918582138069376	0.511014390209921	2675	10
56984	7	0.103902441809535	0	8	0.918582138069376	0.511014390209921	2675	10
56985	3	0.246925778077149	0	8	0.918582138069376	0.511014390209921	2675	10
56986	0	0.106402305110599	0	8	0.918582138069376	0.511014390209921	2675	10
56987	0	0.120382966143946	0	8	0.918582138069376	0.511014390209921	2675	10
56993	3	0.345619568945305	0	8	0.918582138069376	0.511014390209921	2675	10
56994	2	-0.301685853665938	0	8	0.918582138069376	0.511014390209921	2675	10
56995	0	0.211421530484079	0	8	0.918582138069376	0.511014390209921	2675	10
56996	5	0.0725122056773314	0	8	0.918582138069376	0.511014390209921	2675	10
56997	2	-0.208243248728291	0	8	0.918582138069376	0.511014390209921	2675	10
56998	8	-0.121811501449738	0	8	0.918582138069376	0.511014390209921	2675	10
57001	2	-0.1931415873343	0	8	0.918582138069376	0.511014390209921	2675	10
57003	4	0.0777505361884738	0	8	0.918582138069376	0.511014390209921	2675	10
57007	0	-0.105487907585613	0	8	0.918582138069376	0.511014390209921	2675	10
57017	2	-0.254545395981322	0	8	0.918582138069376	0.511014390209921	2675	10
57018	0	0.200571417045858	0	8	0.918582138069376	0.511014390209921	2675	10
57019	3	0.176084681126187	0	8	0.918582138069376	0.511014390209921	2675	10
57020	3	0.139333453423145	0	8	0.918582138069376	0.511014390209921	2675	10
57030	1	0.487721023346328	1	8	0.918582138069376	0.511014390209921	2675	10
57035	1	0.586582905751011	1	8	0.918582138069376	0.511014390209921	2675	10
57037	4	-0.209432056277146	0	8	0.918582138069376	0.511014390209921	2675	10
57045	0	0.18841809189405	0	8	0.918582138069376	0.511014390209921	2675	10
57047	0	0.393827677907991	0	8	0.918582138069376	0.511014390209921	2675	10
57050	3	0.0226069407798931	0	8	0.918582138069376	0.511014390209921	2675	10
57053	0	0.332543790854107	0	8	0.918582138069376	0.511014390209921	2675	10
57060	1	0.631052115636994	1	8	0.918582138069376	0.511014390209921	2675	10
57062	0	-0.0242886087014879	0	8	0.918582138069376	0.511014390209921	2675	10
57088	4	-0.136749513635662	0	8	0.918582138069376	0.511014390209921	2675	10
57089	1	0.65315737640141	1	8	0.918582138069376	0.511014390209921	2675	10
57091	1	0.619207831967832	1	8	0.918582138069376	0.511014390209921	2675	10
57092	7	0.154522106292493	0	8	0.918582138069376	0.511014390209921	2675	10
57097	1	0.500249810951926	1	8	0.918582138069376	0.511014390209921	2675	10
57099	3	0.074804059452386	0	8	0.918582138069376	0.511014390209921	2675	10
57101	1	0.580173718770936	1	8	0.918582138069376	0.511014390209921	2675	10
57102	0	0.311219203947749	0	8	0.918582138069376	0.511014390209921	2675	10
57103	0	0.32770741220783	0	8	0.918582138069376	0.511014390209921	2675	10
57104	5	0.33725095757483	0	8	0.918582138069376	0.511014390209921	2675	10
57105	1	0.492678968885322	1	8	0.918582138069376	0.511014390209921	2675	10
57107	6	-0.109821524645662	0	8	0.918582138069376	0.511014390209921	2675	10
57109	3	0.428778544588632	0	8	0.918582138069376	0.511014390209921	2675	10
57111	1	0.446622016453725	1	8	0.918582138069376	0.511014390209921	2675	10
57113	2	-0.156420134032099	0	8	0.918582138069376	0.511014390209921	2675	10
57117	0	-0.227728804106769	0	8	0.918582138069376	0.511014390209921	2675	10
57122	0	0.125040128275389	0	8	0.918582138069376	0.511014390209921	2675	10
57124	5	0.436184573889181	0	8	0.918582138069376	0.511014390209921	2675	10
57125	1	0.681446638048161	1	8	0.918582138069376	0.511014390209921	2675	10
57126	0	0.368964560817032	0	8	0.918582138069376	0.511014390209921	2675	10
57127	6	-0.0763827381025349	0	8	0.918582138069376	0.511014390209921	2675	10
57128	3	0.418576665253159	0	8	0.918582138069376	0.511014390209921	2675	10
57130	0	0.34141677583036	0	8	0.918582138069376	0.511014390209921	2675	10
57132	0	0.105571113534593	0	8	0.918582138069376	0.511014390209921	2675	10
57134	0	-0.0226674883623484	0	8	0.918582138069376	0.511014390209921	2675	10
57136	1	0.503171950532267	1	8	0.918582138069376	0.511014390209921	2675	10
57140	1	0.575012931485321	1	8	0.918582138069376	0.511014390209921	2675	10
57142	4	-0.0547116939567356	0	8	0.918582138069376	0.511014390209921	2675	10
57146	3	0.196272511375204	0	8	0.918582138069376	0.511014390209921	2675	10
57147	0	0.240801161324522	0	8	0.918582138069376	0.511014390209921	2675	10
57148	0	0.303567052634379	0	8	0.918582138069376	0.511014390209921	2675	10
57149	2	-0.153625798661606	0	8	0.918582138069376	0.511014390209921	2675	10
57150	0	-0.0520952283014646	0	8	0.918582138069376	0.511014390209921	2675	10
57154	1	0.733739138892753	1	8	0.918582138069376	0.511014390209921	2675	10
57157	0	0.397024454094118	0	8	0.918582138069376	0.511014390209921	2675	10
57158	0	0.125298210520525	0	8	0.918582138069376	0.511014390209921	2675	10
57161	0	-0.205634170230849	0	8	0.918582138069376	0.511014390209921	2675	10
57162	0	0.36934719839566	0	8	0.918582138069376	0.511014390209921	2675	10
57165	1	0.578470233617567	1	8	0.918582138069376	0.511014390209921	2675	10
57171	2	-0.0115650599855684	0	8	0.918582138069376	0.511014390209921	2675	10
57172	0	0.348403972326355	0	8	0.918582138069376	0.511014390209921	2675	10
57178	0	0.216568287991744	0	8	0.918582138069376	0.511014390209921	2675	10
57180	0	-0.0225212610696848	0	8	0.918582138069376	0.511014390209921	2675	10
57185	1	0.563385465683564	1	8	0.918582138069376	0.511014390209921	2675	10
57187	0	0.00721542513612291	0	8	0.918582138069376	0.511014390209921	2675	10
57188	0	0.263641701501939	0	8	0.918582138069376	0.511014390209921	2675	10
57191	0	0.088223911639776	0	8	0.918582138069376	0.511014390209921	2675	10
57192	0	0.378777587969683	0	8	0.918582138069376	0.511014390209921	2675	10
57194	0	0.191462291087392	0	8	0.918582138069376	0.511014390209921	2675	10
57198	1	0.764669592681181	1	8	0.918582138069376	0.511014390209921	2675	10
57205	1	0.518081836670303	1	8	0.918582138069376	0.511014390209921	2675	10
57209	0	-0.0702985116877696	0	8	0.918582138069376	0.511014390209921	2675	10
57211	0	0.305454085280614	0	8	0.918582138069376	0.511014390209921	2675	10
57213	0	-0.165886206151593	0	8	0.918582138069376	0.511014390209921	2675	10
57214	1	0.473433251027298	1	8	0.918582138069376	0.511014390209921	2675	10
57215	3	0.526370402929149	0	8	0.918582138069376	0.511014390209921	2675	10
57228	1	0.451060578757745	1	8	0.918582138069376	0.511014390209921	2675	10
57326	5	0.341279454154114	0	8	0.918582138069376	0.511014390209921	2675	10
57332	1	0.568584458079998	1	8	0.918582138069376	0.511014390209921	2675	10
57333	1	0.572711711225821	1	8	0.918582138069376	0.511014390209921	2675	10
57335	1	0.643805198048578	1	8	0.918582138069376	0.511014390209921	2675	10
57336	0	0.358674344603202	0	8	0.918582138069376	0.511014390209921	2675	10
57337	0	0.274485629727673	0	8	0.918582138069376	0.511014390209921	2675	10
57338	5	0.268864391894332	0	8	0.918582138069376	0.511014390209921	2675	10
57343	0	0.381744667442582	0	8	0.918582138069376	0.511014390209921	2675	10
57348	0	0.0200645609357816	0	8	0.918582138069376	0.511014390209921	2675	10
57380	2	-0.460313886446097	0	8	0.918582138069376	0.511014390209921	2675	10
57396	0	0.0846909310685194	0	8	0.918582138069376	0.511014390209921	2675	10
57402	1	0.633884846800107	1	8	0.918582138069376	0.511014390209921	2675	10
57403	0	0.215850179534689	0	8	0.918582138069376	0.511014390209921	2675	10
57404	0	0.0949833414566023	0	8	0.918582138069376	0.511014390209921	2675	10
57406	2	-0.467559279561804	0	8	0.918582138069376	0.511014390209921	2675	10
57408	6	-0.0751362512303109	0	8	0.918582138069376	0.511014390209921	2675	10
57415	0	-0.140379559440857	0	8	0.918582138069376	0.511014390209921	2675	10
57418	2	-0.137931486908809	0	8	0.918582138069376	0.511014390209921	2675	10
57419	1	0.574389647425663	1	8	0.918582138069376	0.511014390209921	2675	10
57446	0	0.181241978485846	0	8	0.918582138069376	0.511014390209921	2675	10
57447	0	0.0171818655772964	0	8	0.918582138069376	0.511014390209921	2675	10
57460	0	-0.202308001138227	0	8	0.918582138069376	0.511014390209921	2675	10
57466	5	0.0853686416174737	0	8	0.918582138069376	0.511014390209921	2675	10
57470	0	-0.156222443667043	0	8	0.918582138069376	0.511014390209921	2675	10
57472	0	0.323802090158444	0	8	0.918582138069376	0.511014390209921	2675	10
57473	9	-0.0741636007198867	0	8	0.918582138069376	0.511014390209921	2675	10
57476	0	-0.428967605319506	0	8	0.918582138069376	0.511014390209921	2675	10
57493	1	0.570448455390735	1	8	0.918582138069376	0.511014390209921	2675	10
57496	1	0.469960641372349	1	8	0.918582138069376	0.511014390209921	2675	10
57498	0	0.319891986541614	0	8	0.918582138069376	0.511014390209921	2675	10
57502	1	0.548799906271521	1	8	0.918582138069376	0.511014390209921	2675	10
57506	0	0.39082997297745	0	8	0.918582138069376	0.511014390209921	2675	10
57509	4	-0.173214304306017	0	8	0.918582138069376	0.511014390209921	2675	10
57513	0	-0.133657499769491	0	8	0.918582138069376	0.511014390209921	2675	10
57515	4	-0.183208740975618	0	8	0.918582138069376	0.511014390209921	2675	10
57523	1	0.590402894529036	1	8	0.918582138069376	0.511014390209921	2675	10
57535	1	0.533856946974645	1	8	0.918582138069376	0.511014390209921	2675	10
57538	0	0.345518904364869	0	8	0.918582138069376	0.511014390209921	2675	10
57553	0	0.359022555500864	0	8	0.918582138069376	0.511014390209921	2675	10
57556	0	0.395618067621086	0	8	0.918582138069376	0.511014390209921	2675	10
57572	0	0.17135184053429	0	8	0.918582138069376	0.511014390209921	2675	10
57573	0	0.156478757108378	0	8	0.918582138069376	0.511014390209921	2675	10
57576	0	0.380349134344997	0	8	0.918582138069376	0.511014390209921	2675	10
57579	0	0.16498137463838	0	8	0.918582138069376	0.511014390209921	2675	10
57586	6	0.0154802264130391	0	8	0.918582138069376	0.511014390209921	2675	10
57591	5	0.427444328497293	0	8	0.918582138069376	0.511014390209921	2675	10
57596	5	0.194474792785674	0	8	0.918582138069376	0.511014390209921	2675	10
57597	5	0.263616558628026	0	8	0.918582138069376	0.511014390209921	2675	10
57599	0	0.276312510124384	0	8	0.918582138069376	0.511014390209921	2675	10
57602	0	0.308279760271088	0	8	0.918582138069376	0.511014390209921	2675	10
57608	1	0.534757153716613	1	8	0.918582138069376	0.511014390209921	2675	10
57610	9	0.408939648382504	0	8	0.918582138069376	0.511014390209921	2675	10
57613	0	-0.272105307647304	0	8	0.918582138069376	0.511014390209921	2675	10
57634	1	0.50038735110171	1	8	0.918582138069376	0.511014390209921	2675	10
57645	0	0.316810502114086	0	8	0.918582138069376	0.511014390209921	2675	10
57658	0	0.16222618267629	0	8	0.918582138069376	0.511014390209921	2675	10
57664	1	0.751384070972393	1	8	0.918582138069376	0.511014390209921	2675	10
57669	8	-0.252657478754702	0	8	0.918582138069376	0.511014390209921	2675	10
57680	1	0.589329018086085	1	8	0.918582138069376	0.511014390209921	2675	10
57698	4	0.114741728682764	0	8	0.918582138069376	0.511014390209921	2675	10
57706	0	-0.30362500866247	0	8	0.918582138069376	0.511014390209921	2675	10
57707	0	0.429527226043668	0	8	0.918582138069376	0.511014390209921	2675	10
57710	5	0.301545731240219	0	8	0.918582138069376	0.511014390209921	2675	10
57711	0	0.15361788606116	0	8	0.918582138069376	0.511014390209921	2675	10
57715	8	-0.208579053289638	0	8	0.918582138069376	0.511014390209921	2675	10
57716	6	-0.138392259442544	0	8	0.918582138069376	0.511014390209921	2675	10
57720	5	0.328562368658115	0	8	0.918582138069376	0.511014390209921	2675	10
57728	4	0.0649971879285762	0	8	0.918582138069376	0.511014390209921	2675	10
57731	6	-0.077161329261477	0	8	0.918582138069376	0.511014390209921	2675	10
57733	2	-0.36952424261942	0	8	0.918582138069376	0.511014390209921	2675	10
57758	1	0.634686654615495	1	8	0.918582138069376	0.511014390209921	2675	10
57761	1	0.654984466707615	1	8	0.918582138069376	0.511014390209921	2675	10
57763	0	0.254850788934688	0	8	0.918582138069376	0.511014390209921	2675	10
57787	5	0.2834676824502	0	8	0.918582138069376	0.511014390209921	2675	10
57794	0	0.420791668721888	0	8	0.918582138069376	0.511014390209921	2675	10
57798	0	0.124739506189901	0	8	0.918582138069376	0.511014390209921	2675	10
57799	5	0.0506460445970769	0	8	0.918582138069376	0.511014390209921	2675	10
57804	3	0.27870652789703	0	8	0.918582138069376	0.511014390209921	2675	10
57820	0	-0.344577468374036	0	8	0.918582138069376	0.511014390209921	2675	10
57821	4	-0.106151551172274	0	8	0.918582138069376	0.511014390209921	2675	10
57823	1	0.725171472295323	1	8	0.918582138069376	0.511014390209921	2675	10
57826	0	-0.270582009393038	0	8	0.918582138069376	0.511014390209921	2675	10
57827	0	-0.01556672997054	0	8	0.918582138069376	0.511014390209921	2675	10
57828	0	-0.029716789745226	0	8	0.918582138069376	0.511014390209921	2675	10
57834	0	0.104716619786866	0	8	0.918582138069376	0.511014390209921	2675	10
57835	5	0.412166487124769	0	8	0.918582138069376	0.511014390209921	2675	10
57863	1	0.745186808792382	1	8	0.918582138069376	0.511014390209921	2675	10
58155	0	0.0120562140090073	0	8	0.918582138069376	0.511014390209921	2675	10
58189	0	-0.0742507212322363	0	8	0.918582138069376	0.511014390209921	2675	10
58190	3	0.324014689028624	0	8	0.918582138069376	0.511014390209921	2675	10
58472	7	0.327385188440786	0	8	0.918582138069376	0.511014390209921	2675	10
58473	0	0.134766531173158	0	8	0.918582138069376	0.511014390209921	2675	10
58477	3	0.336054941652572	0	8	0.918582138069376	0.511014390209921	2675	10
58478	7	-0.0566483401639356	0	8	0.918582138069376	0.511014390209921	2675	10
58486	4	0.101512910409053	0	8	0.918582138069376	0.511014390209921	2675	10
58487	0	0.328169330406225	0	8	0.918582138069376	0.511014390209921	2675	10
58488	2	-0.250963766367898	0	8	0.918582138069376	0.511014390209921	2675	10
58494	1	0.44486466732713	1	8	0.918582138069376	0.511014390209921	2675	10
58495	6	0.0590210757062325	0	8	0.918582138069376	0.511014390209921	2675	10
58497	4	-0.139170753855143	0	8	0.918582138069376	0.511014390209921	2675	10
58500	1	0.611507308730982	1	8	0.918582138069376	0.511014390209921	2675	10
58504	1	0.829380042036024	1	8	0.918582138069376	0.511014390209921	2675	10
58509	5	0.269001773863268	0	8	0.918582138069376	0.511014390209921	2675	10
58510	2	-0.514130339741728	0	8	0.918582138069376	0.511014390209921	2675	10
58513	0	0.0114983798654301	0	8	0.918582138069376	0.511014390209921	2675	10
58517	4	0.0821051140578518	0	8	0.918582138069376	0.511014390209921	2675	10
58525	5	0.367656536005565	0	8	0.918582138069376	0.511014390209921	2675	10
58526	0	-0.113832003488464	0	8	0.918582138069376	0.511014390209921	2675	10
58528	4	-0.305626526835794	0	8	0.918582138069376	0.511014390209921	2675	10
58529	0	0.140945328150539	0	8	0.918582138069376	0.511014390209921	2675	10
58985	0	-0.089921467557484	0	8	0.918582138069376	0.511014390209921	2675	10
58986	1	0.364457466819016	1	8	0.918582138069376	0.511014390209921	2675	10
59269	5	0.61193939828974	0	8	0.918582138069376	0.511014390209921	2675	10
59272	2	-0.359935837151888	0	8	0.918582138069376	0.511014390209921	2675	10
59307	2	-0.0842337803357064	0	8	0.918582138069376	0.511014390209921	2675	10
59338	0	0.19309160476898	0	8	0.918582138069376	0.511014390209921	2675	10
59339	1	0.527631803096916	1	8	0.918582138069376	0.511014390209921	2675	10
59341	2	-0.256908523501794	0	8	0.918582138069376	0.511014390209921	2675	10
59342	2	-0.231661765957051	0	8	0.918582138069376	0.511014390209921	2675	10
59343	6	-0.144867645900782	0	8	0.918582138069376	0.511014390209921	2675	10
59348	4	0.121073980880844	0	8	0.918582138069376	0.511014390209921	2675	10
59349	0	0.0696057418029155	0	8	0.918582138069376	0.511014390209921	2675	10
60312	1	0.59290740874128	1	8	0.918582138069376	0.511014390209921	2675	10
60313	1	0.545828493532889	1	8	0.918582138069376	0.511014390209921	2675	10
60314	3	0.122693939256077	0	8	0.918582138069376	0.511014390209921	2675	10
60343	2	-0.0708043541048824	0	8	0.918582138069376	0.511014390209921	2675	10
60370	8	-0.0469057156531915	0	8	0.918582138069376	0.511014390209921	2675	10
60401	0	0.407401999005899	0	8	0.918582138069376	0.511014390209921	2675	10
60436	1	0.563168661721763	1	8	0.918582138069376	0.511014390209921	2675	10
60468	1	0.693990340894271	1	8	0.918582138069376	0.511014390209921	2675	10
60481	0	0.289127804591388	0	8	0.918582138069376	0.511014390209921	2675	10
60485	7	0.298805649207583	0	8	0.918582138069376	0.511014390209921	2675	10
60487	4	-0.260945531705704	0	8	0.918582138069376	0.511014390209921	2675	10
60488	2	-0.284866188651635	0	8	0.918582138069376	0.511014390209921	2675	10
60489	1	0.836130966751985	1	8	0.918582138069376	0.511014390209921	2675	10
60490	0	0.395600780475648	0	8	0.918582138069376	0.511014390209921	2675	10
60491	4	-0.0677590875025137	0	8	0.918582138069376	0.511014390209921	2675	10
60492	0	0.269369780228385	0	8	0.918582138069376	0.511014390209921	2675	10
60494	0	-0.0464649130573314	0	8	0.918582138069376	0.511014390209921	2675	10
60495	5	0.11829499725256	0	8	0.918582138069376	0.511014390209921	2675	10
60496	4	-0.17025747949872	0	8	0.918582138069376	0.511014390209921	2675	10
60506	6	-0.130868655649151	0	8	0.918582138069376	0.511014390209921	2675	10
60509	3	0.073550317642273	0	8	0.918582138069376	0.511014390209921	2675	10
60526	2	0.0486677955317252	0	8	0.918582138069376	0.511014390209921	2675	10
60528	0	0.0964642157892651	0	8	0.918582138069376	0.511014390209921	2675	10
60529	0	0.235883607697705	0	8	0.918582138069376	0.511014390209921	2675	10
60558	6	-0.109942576226099	0	8	0.918582138069376	0.511014390209921	2675	10
60559	1	0.533620056206946	1	8	0.918582138069376	0.511014390209921	2675	10
60560	4	0.0211504491702994	0	8	0.918582138069376	0.511014390209921	2675	10
60561	4	-0.070406214260937	0	8	0.918582138069376	0.511014390209921	2675	10
60598	0	0.302605367564808	0	8	0.918582138069376	0.511014390209921	2675	10
60625	0	-0.0129775342807332	0	8	0.918582138069376	0.511014390209921	2675	10
60672	1	0.557850738256518	1	8	0.918582138069376	0.511014390209921	2675	10
60673	3	0.136817301487573	0	8	0.918582138069376	0.511014390209921	2675	10
60676	1	0.626413373781839	1	8	0.918582138069376	0.511014390209921	2675	10
60681	1	0.772134007601798	1	8	0.918582138069376	0.511014390209921	2675	10
60682	4	-0.0219430103988861	0	8	0.918582138069376	0.511014390209921	2675	10
60684	4	-0.0210840355706425	0	8	0.918582138069376	0.511014390209921	2675	10
60685	0	0.0122532853157028	0	8	0.918582138069376	0.511014390209921	2675	10
60686	0	0.0700393380752185	0	8	0.918582138069376	0.511014390209921	2675	10
63035	5	0.0892807219026539	0	8	0.918582138069376	0.511014390209921	2675	10
63826	0	0.0562651160192858	0	8	0.918582138069376	0.511014390209921	2675	10
63827	0	0.327423726802464	0	8	0.918582138069376	0.511014390209921	2675	10
63874	0	0.277158932377437	0	8	0.918582138069376	0.511014390209921	2675	10
63875	3	0.234601433471931	0	8	0.918582138069376	0.511014390209921	2675	10
63876	1	0.587550433906531	1	8	0.918582138069376	0.511014390209921	2675	10
63877	7	0.208984073988669	0	8	0.918582138069376	0.511014390209921	2675	10
63891	9	0.12394299765058	0	8	0.918582138069376	0.511014390209921	2675	10
63892	1	0.506343371891284	1	8	0.918582138069376	0.511014390209921	2675	10
63893	5	0.311662387442496	0	8	0.918582138069376	0.511014390209921	2675	10
63894	0	0.255862571448957	0	8	0.918582138069376	0.511014390209921	2675	10
63895	0	0.424758789194479	0	8	0.918582138069376	0.511014390209921	2675	10
63897	0	0.343905056064311	0	8	0.918582138069376	0.511014390209921	2675	10
63898	0	0.180667330942402	0	8	0.918582138069376	0.511014390209921	2675	10
63899	0	0.217824342785272	0	8	0.918582138069376	0.511014390209921	2675	10
63901	0	0.48529420123552	0	8	0.918582138069376	0.511014390209921	2675	10
63906	3	0.244283703591062	0	8	0.918582138069376	0.511014390209921	2675	10
63910	1	0.762249311942924	1	8	0.918582138069376	0.511014390209921	2675	10
63916	1	0.560109363320311	1	8	0.918582138069376	0.511014390209921	2675	10
63917	2	-0.22448207308174	0	8	0.918582138069376	0.511014390209921	2675	10
63920	0	-0.05193812207389	0	8	0.918582138069376	0.511014390209921	2675	10
63923	6	-0.0606261475108952	0	8	0.918582138069376	0.511014390209921	2675	10
63924	0	0.424876594021315	0	8	0.918582138069376	0.511014390209921	2675	10
63925	5	0.497198763257636	0	8	0.918582138069376	0.511014390209921	2675	10
63926	0	-0.0333668764364115	0	8	0.918582138069376	0.511014390209921	2675	10
63928	0	-0.228435645208657	0	8	0.918582138069376	0.511014390209921	2675	10
63931	3	0.118946816442913	0	8	0.918582138069376	0.511014390209921	2675	10
63932	0	0.0381620627847661	0	8	0.918582138069376	0.511014390209921	2675	10
63933	2	-0.362491825733014	0	8	0.918582138069376	0.511014390209921	2675	10
63934	0	0.256218588209646	0	8	0.918582138069376	0.511014390209921	2675	10
63935	1	0.515781369501331	1	8	0.918582138069376	0.511014390209921	2675	10
63940	0	0.221289512981026	0	8	0.918582138069376	0.511014390209921	2675	10
63941	2	-0.325422309165436	0	8	0.918582138069376	0.511014390209921	2675	10
63976	5	0.0779569455530671	0	8	0.918582138069376	0.511014390209921	2675	10
63982	0	-0.0570093380163916	0	8	0.918582138069376	0.511014390209921	2675	10
64061	5	0.421274767910476	0	8	0.918582138069376	0.511014390209921	2675	10
64062	5	0.348375755524941	0	8	0.918582138069376	0.511014390209921	2675	10
64063	1	0.541970810071684	1	8	0.918582138069376	0.511014390209921	2675	10
64065	1	0.602475155193907	1	8	0.918582138069376	0.511014390209921	2675	10
64067	0	0.174744648545743	0	8	0.918582138069376	0.511014390209921	2675	10
64077	2	-0.334556141388878	0	8	0.918582138069376	0.511014390209921	2675	10
64080	2	-0.152757851727015	0	8	0.918582138069376	0.511014390209921	2675	10
64081	2	-0.560284657007446	0	8	0.918582138069376	0.511014390209921	2675	10
64083	4	0.00287862868911553	0	8	0.918582138069376	0.511014390209921	2675	10
64084	0	0.303391494724569	0	8	0.918582138069376	0.511014390209921	2675	10
64087	2	-0.375655382277802	0	8	0.918582138069376	0.511014390209921	2675	10
64089	4	0.0769409712464159	0	8	0.918582138069376	0.511014390209921	2675	10
64091	1	0.348708480437365	1	8	0.918582138069376	0.511014390209921	2675	10
64092	1	0.654513877362531	1	8	0.918582138069376	0.511014390209921	2675	10
64097	0	0.00191986062043484	0	8	0.918582138069376	0.511014390209921	2675	10
64102	0	0.0703981006052215	0	8	0.918582138069376	0.511014390209921	2675	10
64108	1	0.648622533739402	1	8	0.918582138069376	0.511014390209921	2675	10
64110	0	0.282643406609203	0	8	0.918582138069376	0.511014390209921	2675	10
64112	2	-0.311058049490445	0	8	0.918582138069376	0.511014390209921	2675	10
64116	0	0.0572097894343214	0	8	0.918582138069376	0.511014390209921	2675	10
64118	3	0.0458418116350388	0	8	0.918582138069376	0.511014390209921	2675	10
64121	7	-0.0862841986476167	0	8	0.918582138069376	0.511014390209921	2675	10
64122	2	-0.294485651244626	0	8	0.918582138069376	0.511014390209921	2675	10
64123	0	0.0835318350640161	0	8	0.918582138069376	0.511014390209921	2675	10
64127	1	0.72422717878157	1	8	0.918582138069376	0.511014390209921	2675	10
64129	1	0.496606874481611	1	8	0.918582138069376	0.511014390209921	2675	10
64130	0	0.163650922514745	0	8	0.918582138069376	0.511014390209921	2675	10
64131	1	0.624290014944728	1	8	0.918582138069376	0.511014390209921	2675	10
64132	1	0.472957708283023	1	8	0.918582138069376	0.511014390209921	2675	10
64135	1	0.413133430517925	1	8	0.918582138069376	0.511014390209921	2675	10
64149	2	-0.181133500310779	0	8	0.918582138069376	0.511014390209921	2675	10
64151	1	0.587123625907276	1	8	0.918582138069376	0.511014390209921	2675	10
64167	1	0.459225010558928	1	8	0.918582138069376	0.511014390209921	2675	10
64172	2	-0.0418125373452373	0	8	0.918582138069376	0.511014390209921	2675	10
64174	1	0.679906786721435	1	8	0.918582138069376	0.511014390209921	2675	10
64175	1	0.542690653620166	1	8	0.918582138069376	0.511014390209921	2675	10
64210	10	0.489769738392704	0	8	0.918582138069376	0.511014390209921	2675	10
64215	0	0.0544390686432725	0	8	0.918582138069376	0.511014390209921	2675	10
64216	2	-0.200183415230388	0	8	0.918582138069376	0.511014390209921	2675	10
64218	1	0.554756853996421	1	8	0.918582138069376	0.511014390209921	2675	10
64219	0	0.3362209935718	0	8	0.918582138069376	0.511014390209921	2675	10
64220	2	-0.241601967357491	0	8	0.918582138069376	0.511014390209921	2675	10
64221	1	0.566696025436359	1	8	0.918582138069376	0.511014390209921	2675	10
64222	0	0.341049000078456	0	8	0.918582138069376	0.511014390209921	2675	10
64223	3	0.0625029523128542	0	8	0.918582138069376	0.511014390209921	2675	10
64231	1	0.67581725540193	1	8	0.918582138069376	0.511014390209921	2675	10
64236	2	-0.283671067665418	0	8	0.918582138069376	0.511014390209921	2675	10
64240	0	0.292622160260056	0	8	0.918582138069376	0.511014390209921	2675	10
64283	2	-0.125742616580927	0	8	0.918582138069376	0.511014390209921	2675	10
64284	2	-0.151903679425508	0	8	0.918582138069376	0.511014390209921	2675	10
64285	1	0.573912221725559	1	8	0.918582138069376	0.511014390209921	2675	10
64288	0	-0.0817148053742904	0	8	0.918582138069376	0.511014390209921	2675	10
64318	0	0.273570781767125	0	8	0.918582138069376	0.511014390209921	2675	10
64319	5	0.349175363673354	0	8	0.918582138069376	0.511014390209921	2675	10
64320	3	0.387136587251916	0	8	0.918582138069376	0.511014390209921	2675	10
64321	0	0.205436545701736	0	8	0.918582138069376	0.511014390209921	2675	10
64324	1	0.671157255229127	1	8	0.918582138069376	0.511014390209921	2675	10
64328	0	0.161410603773025	0	8	0.918582138069376	0.511014390209921	2675	10
64342	2	-0.10608557511173	0	8	0.918582138069376	0.511014390209921	2675	10
64343	4	-0.0133926576198126	0	8	0.918582138069376	0.511014390209921	2675	10
64344	5	0.237677912512892	0	8	0.918582138069376	0.511014390209921	2675	10
64359	1	0.562431557429818	1	8	0.918582138069376	0.511014390209921	2675	10
64374	3	-0.00322251990366912	0	8	0.918582138069376	0.511014390209921	2675	10
64375	5	0.0321394891212189	0	8	0.918582138069376	0.511014390209921	2675	10
64376	6	0.0639247359983484	0	8	0.918582138069376	0.511014390209921	2675	10
64386	1	0.505450630389963	1	8	0.918582138069376	0.511014390209921	2675	10
64388	0	0.0519340184839989	0	8	0.918582138069376	0.511014390209921	2675	10
64393	1	0.476432263735191	1	8	0.918582138069376	0.511014390209921	2675	10
64397	7	0.491135606412881	0	8	0.918582138069376	0.511014390209921	2675	10
64398	8	-0.295155326589269	0	8	0.918582138069376	0.511014390209921	2675	10
64400	7	0.0193854477484335	0	8	0.918582138069376	0.511014390209921	2675	10
64405	1	0.481341188137935	1	8	0.918582138069376	0.511014390209921	2675	10
64410	5	0.406434408232929	0	8	0.918582138069376	0.511014390209921	2675	10
64411	5	0.185961313444903	0	8	0.918582138069376	0.511014390209921	2675	10
64417	0	0.184635528158755	0	8	0.918582138069376	0.511014390209921	2675	10
64418	4	0.202648200695961	0	8	0.918582138069376	0.511014390209921	2675	10
64419	3	0.348297680936705	0	8	0.918582138069376	0.511014390209921	2675	10
64421	1	0.61522859864334	1	8	0.918582138069376	0.511014390209921	2675	10
64422	0	0.0788656123715314	0	8	0.918582138069376	0.511014390209921	2675	10
64423	0	0.238105017144885	0	8	0.918582138069376	0.511014390209921	2675	10
64425	1	0.679046242426603	1	8	0.918582138069376	0.511014390209921	2675	10
64427	5	0.388118735819174	0	8	0.918582138069376	0.511014390209921	2675	10
64428	2	0.0259290973636077	0	8	0.918582138069376	0.511014390209921	2675	10
64429	8	-0.197361610886522	0	8	0.918582138069376	0.511014390209921	2675	10
64430	0	-0.225862951994238	0	8	0.918582138069376	0.511014390209921	2675	10
64431	4	-0.160374392231499	0	8	0.918582138069376	0.511014390209921	2675	10
64506	8	-0.0838259704208416	0	8	0.918582138069376	0.511014390209921	2675	10
64577	2	-0.303945105841162	0	8	0.918582138069376	0.511014390209921	2675	10
64581	1	0.681135226274251	1	8	0.918582138069376	0.511014390209921	2675	10
64582	5	0.222690898148214	0	8	0.918582138069376	0.511014390209921	2675	10
64598	3	0.274505262492828	0	8	0.918582138069376	0.511014390209921	2675	10
64601	0	0.297199632706323	0	8	0.918582138069376	0.511014390209921	2675	10
64641	0	0.1174976645547	0	8	0.918582138069376	0.511014390209921	2675	10
64689	0	0.246897830110361	0	8	0.918582138069376	0.511014390209921	2675	10
64699	0	0.146273864764879	0	8	0.918582138069376	0.511014390209921	2675	10
64708	0	0.413507784020233	0	8	0.918582138069376	0.511014390209921	2675	10
64710	4	0.233452920446993	0	8	0.918582138069376	0.511014390209921	2675	10
64718	5	0.448033217427603	0	8	0.918582138069376	0.511014390209921	2675	10
64743	2	-0.178753622356454	0	8	0.918582138069376	0.511014390209921	2675	10
64745	3	0.252746612520303	0	8	0.918582138069376	0.511014390209921	2675	10
64746	4	0.19701000879003	0	8	0.918582138069376	0.511014390209921	2675	10
64748	5	0.463087388634147	0	8	0.918582138069376	0.511014390209921	2675	10
64750	1	0.555091314939059	1	8	0.918582138069376	0.511014390209921	2675	10
64754	0	0.365835903031463	0	8	0.918582138069376	0.511014390209921	2675	10
64755	2	-0.248598814236015	0	8	0.918582138069376	0.511014390209921	2675	10
64757	2	-0.188305999103988	0	8	0.918582138069376	0.511014390209921	2675	10
64759	10	0.3454290421497	0	8	0.918582138069376	0.511014390209921	2675	10
64760	5	0.497230119100691	0	8	0.918582138069376	0.511014390209921	2675	10
64761	1	0.779330606701288	1	8	0.918582138069376	0.511014390209921	2675	10
64762	2	-0.0833261213617465	0	8	0.918582138069376	0.511014390209921	2675	10
64763	5	0.203796392294091	0	8	0.918582138069376	0.511014390209921	2675	10
64764	1	0.377815100588191	1	8	0.918582138069376	0.511014390209921	2675	10
64766	1	0.602932509870868	1	8	0.918582138069376	0.511014390209921	2675	10
64768	0	-0.117323054796916	0	8	0.918582138069376	0.511014390209921	2675	10
64769	3	0.44092513841567	0	8	0.918582138069376	0.511014390209921	2675	10
64771	3	0.214820668709645	0	8	0.918582138069376	0.511014390209921	2675	10
64772	5	0.375357880894242	0	8	0.918582138069376	0.511014390209921	2675	10
64777	0	0.353271544113879	0	8	0.918582138069376	0.511014390209921	2675	10
64779	0	0.24109844194088	0	8	0.918582138069376	0.511014390209921	2675	10
64780	1	0.516915576467674	1	8	0.918582138069376	0.511014390209921	2675	10
64781	0	0.269392595632305	0	8	0.918582138069376	0.511014390209921	2675	10
64782	1	0.743410527289819	1	8	0.918582138069376	0.511014390209921	2675	10
64783	0	0.579381523962551	0	8	0.918582138069376	0.511014390209921	2675	10
64784	1	0.611862466809568	1	8	0.918582138069376	0.511014390209921	2675	10
64785	1	0.488831722888527	1	8	0.918582138069376	0.511014390209921	2675	10
64786	4	-0.294281267293272	0	8	0.918582138069376	0.511014390209921	2675	10
64787	9	-0.19610038194357	0	8	0.918582138069376	0.511014390209921	2675	10
64788	9	0.0772208254309603	0	8	0.918582138069376	0.511014390209921	2675	10
64789	0	0.375418604707123	0	8	0.918582138069376	0.511014390209921	2675	10
64792	3	0.0996717166433713	0	8	0.918582138069376	0.511014390209921	2675	10
64793	0	0.343920137455468	0	8	0.918582138069376	0.511014390209921	2675	10
64794	1	0.565906381718922	1	8	0.918582138069376	0.511014390209921	2675	10
64795	4	-0.10062700517897	0	8	0.918582138069376	0.511014390209921	2675	10
64798	1	0.424416283371041	1	8	0.918582138069376	0.511014390209921	2675	10
64799	0	-0.161150309719627	0	8	0.918582138069376	0.511014390209921	2675	10
64800	6	-0.0182902635471327	0	8	0.918582138069376	0.511014390209921	2675	10
64837	5	0.242367101643467	0	8	0.918582138069376	0.511014390209921	2675	10
64838	1	0.719142228135133	1	8	0.918582138069376	0.511014390209921	2675	10
64840	6	-0.0533403781653591	0	8	0.918582138069376	0.511014390209921	2675	10
64844	4	0.275853928087815	0	8	0.918582138069376	0.511014390209921	2675	10
64847	3	0.325614536137039	0	8	0.918582138069376	0.511014390209921	2675	10
64848	5	0.154937280697727	0	8	0.918582138069376	0.511014390209921	2675	10
64849	2	-0.548427896321058	0	8	0.918582138069376	0.511014390209921	2675	10
64850	0	-0.30769126184796	0	8	0.918582138069376	0.511014390209921	2675	10
64852	0	-0.0474312973901427	0	8	0.918582138069376	0.511014390209921	2675	10
64854	0	0.0852812172223365	0	8	0.918582138069376	0.511014390209921	2675	10
64856	1	0.461693127511341	1	8	0.918582138069376	0.511014390209921	2675	10
64858	1	0.632745145842243	1	8	0.918582138069376	0.511014390209921	2675	10
64859	1	0.540281211362171	1	8	0.918582138069376	0.511014390209921	2675	10
64860	0	0.100038313572914	0	8	0.918582138069376	0.511014390209921	2675	10
64863	0	0.154751353738672	0	8	0.918582138069376	0.511014390209921	2675	10
64864	0	0.492996044581955	0	8	0.918582138069376	0.511014390209921	2675	10
64866	1	0.600731381187667	1	8	0.918582138069376	0.511014390209921	2675	10
64895	0	0.0906087215764776	0	8	0.918582138069376	0.511014390209921	2675	10
64897	0	0.00744767151056715	0	8	0.918582138069376	0.511014390209921	2675	10
64901	0	0.0629980520508627	0	8	0.918582138069376	0.511014390209921	2675	10
64919	1	0.747883553974915	1	8	0.918582138069376	0.511014390209921	2675	10
64921	4	-0.0313008065168943	0	8	0.918582138069376	0.511014390209921	2675	10
64922	2	-0.424872455518593	0	8	0.918582138069376	0.511014390209921	2675	10
64924	0	0.0421363234675043	0	8	0.918582138069376	0.511014390209921	2675	10
64927	0	0.126966060269973	0	8	0.918582138069376	0.511014390209921	2675	10
64943	1	0.549475849150069	1	8	0.918582138069376	0.511014390209921	2675	10
64960	3	-0.037879002583862	0	8	0.918582138069376	0.511014390209921	2675	10
64963	3	0.261265607594826	0	8	0.918582138069376	0.511014390209921	2675	10
64976	2	-0.108168704189259	0	8	0.918582138069376	0.511014390209921	2675	10
64981	2	-0.114936958679847	0	8	0.918582138069376	0.511014390209921	2675	10
65003	3	0.251567231301494	0	8	0.918582138069376	0.511014390209921	2675	10
65005	3	0.0360736212650378	0	8	0.918582138069376	0.511014390209921	2675	10
65009	5	0.249330694717415	0	8	0.918582138069376	0.511014390209921	2675	10
65012	5	0.381671007012422	0	8	0.918582138069376	0.511014390209921	2675	10
65018	2	-0.202843140569441	0	8	0.918582138069376	0.511014390209921	2675	10
65055	0	0.0485570801055029	0	8	0.918582138069376	0.511014390209921	2675	10
65057	0	0.398709782410365	0	8	0.918582138069376	0.511014390209921	2675	10
65080	2	-0.0849464375594338	0	8	0.918582138069376	0.511014390209921	2675	10
65082	0	0.259938669570668	0	8	0.918582138069376	0.511014390209921	2675	10
65083	1	0.531199917925712	1	8	0.918582138069376	0.511014390209921	2675	10
65084	4	-0.235073623307524	0	8	0.918582138069376	0.511014390209921	2675	10
65094	0	0.0874129708863377	0	8	0.918582138069376	0.511014390209921	2675	10
65095	0	0.393210964049256	0	8	0.918582138069376	0.511014390209921	2675	10
65108	1	0.795247515528299	1	8	0.918582138069376	0.511014390209921	2675	10
65109	4	-0.0252082090567574	0	8	0.918582138069376	0.511014390209921	2675	10
65110	4	0.227955247242942	0	8	0.918582138069376	0.511014390209921	2675	10
65117	4	0.127325322604446	0	8	0.918582138069376	0.511014390209921	2675	10
65123	1	0.529614799747965	1	8	0.918582138069376	0.511014390209921	2675	10
65124	4	-0.310820363256647	0	8	0.918582138069376	0.511014390209921	2675	10
65125	4	0.0526255706950399	0	8	0.918582138069376	0.511014390209921	2675	10
65220	1	0.667382418848056	1	8	0.918582138069376	0.511014390209921	2675	10
65243	1	0.5731115971046	1	8	0.918582138069376	0.511014390209921	2675	10
65244	1	0.738576469347661	1	8	0.918582138069376	0.511014390209921	2675	10
65250	4	0.178241472819532	0	8	0.918582138069376	0.511014390209921	2675	10
65258	0	0.156021658303874	0	8	0.918582138069376	0.511014390209921	2675	10
65260	2	-0.146232623254191	0	8	0.918582138069376	0.511014390209921	2675	10
65263	0	-0.0538829716647816	0	8	0.918582138069376	0.511014390209921	2675	10
65264	1	0.711652609614517	1	8	0.918582138069376	0.511014390209921	2675	10
65265	3	0.199399278372847	0	8	0.918582138069376	0.511014390209921	2675	10
65979	0	0.10567217037824	0	8	0.918582138069376	0.511014390209921	2675	10
65980	0	-0.194548293187739	0	8	0.918582138069376	0.511014390209921	2675	10
65981	0	0.133064525162412	0	8	0.918582138069376	0.511014390209921	2675	10
65982	5	0.105737232653788	0	8	0.918582138069376	0.511014390209921	2675	10
65983	0	0.273283245543202	0	8	0.918582138069376	0.511014390209921	2675	10
65985	0	0.0375733527147283	0	8	0.918582138069376	0.511014390209921	2675	10
65986	4	-0.118283744093047	0	8	0.918582138069376	0.511014390209921	2675	10
65988	6	0.0670787298082677	0	8	0.918582138069376	0.511014390209921	2675	10
65989	5	0.230460457629804	0	8	0.918582138069376	0.511014390209921	2675	10
65990	3	0.142441744440832	0	8	0.918582138069376	0.511014390209921	2675	10
65992	3	0.182137595245043	0	8	0.918582138069376	0.511014390209921	2675	10
65993	3	0.020016589600746	0	8	0.918582138069376	0.511014390209921	2675	10
65997	0	0.181954746572823	0	8	0.918582138069376	0.511014390209921	2675	10
65998	0	0.201519005026649	0	8	0.918582138069376	0.511014390209921	2675	10
65999	0	0.339330855103606	0	8	0.918582138069376	0.511014390209921	2675	10
66002	0	-0.231878630870265	0	8	0.918582138069376	0.511014390209921	2675	10
66008	1	0.447364860853198	1	8	0.918582138069376	0.511014390209921	2675	10
66035	2	-0.144032394373358	0	8	0.918582138069376	0.511014390209921	2675	10
66036	0	0.0222511332129436	0	8	0.918582138069376	0.511014390209921	2675	10
78986	6	-0.118286869504637	0	8	0.918582138069376	0.511014390209921	2675	10
78987	0	-0.0539542035260997	0	8	0.918582138069376	0.511014390209921	2675	10
78988	3	0.036240867102008	0	8	0.918582138069376	0.511014390209921	2675	10
78989	2	-0.11579770089769	0	8	0.918582138069376	0.511014390209921	2675	10
78990	1	0.502146472668392	1	8	0.918582138069376	0.511014390209921	2675	10
78991	1	0.466452700009638	1	8	0.918582138069376	0.511014390209921	2675	10
78992	3	0.134683318376057	0	8	0.918582138069376	0.511014390209921	2675	10
78994	0	0.206618069426706	0	8	0.918582138069376	0.511014390209921	2675	10
78995	5	0.434421440495717	0	8	0.918582138069376	0.511014390209921	2675	10
78997	6	0.231120346759481	0	8	0.918582138069376	0.511014390209921	2675	10
78999	0	0.043763159200055	0	8	0.918582138069376	0.511014390209921	2675	10
79001	3	0.234455184278315	0	8	0.918582138069376	0.511014390209921	2675	10
79003	4	0.144581684331245	0	8	0.918582138069376	0.511014390209921	2675	10
79004	3	0.315612636942452	0	8	0.918582138069376	0.511014390209921	2675	10
79006	3	0.0136856518478258	0	8	0.918582138069376	0.511014390209921	2675	10
79007	1	0.424283929447194	1	8	0.918582138069376	0.511014390209921	2675	10
79009	7	0.480289213226186	0	8	0.918582138069376	0.511014390209921	2675	10
79016	0	0.302658289178679	0	8	0.918582138069376	0.511014390209921	2675	10
79017	7	-0.0263624553770563	0	8	0.918582138069376	0.511014390209921	2675	10
79018	0	-0.0916869306213694	0	8	0.918582138069376	0.511014390209921	2675	10
79022	3	0.311994152819853	0	8	0.918582138069376	0.511014390209921	2675	10
79023	7	-0.0429943756270014	0	8	0.918582138069376	0.511014390209921	2675	10
79024	0	-0.256350544186689	0	8	0.918582138069376	0.511014390209921	2675	10
79026	1	0.664716743489266	1	8	0.918582138069376	0.511014390209921	2675	10
79029	0	0.097797842149406	0	8	0.918582138069376	0.511014390209921	2675	10
79033	2	-0.130839088918963	0	8	0.918582138069376	0.511014390209921	2675	10
79034	0	0.249890624172922	0	8	0.918582138069376	0.511014390209921	2675	10
79035	3	0.0880565211388316	0	8	0.918582138069376	0.511014390209921	2675	10
79036	0	0.447989201533827	0	8	0.918582138069376	0.511014390209921	2675	10
79037	1	0.656092083657411	1	8	0.918582138069376	0.511014390209921	2675	10
79038	3	0.273151668920777	0	8	0.918582138069376	0.511014390209921	2675	10
79039	3	0.132504445018633	0	8	0.918582138069376	0.511014390209921	2675	10
79042	3	0.221404043043706	0	8	0.918582138069376	0.511014390209921	2675	10
79047	0	0.449445906010119	0	8	0.918582138069376	0.511014390209921	2675	10
79048	4	0.146288299004609	0	8	0.918582138069376	0.511014390209921	2675	10
79050	0	0.103490819420037	0	8	0.918582138069376	0.511014390209921	2675	10
79053	0	-0.416989301810301	0	8	0.918582138069376	0.511014390209921	2675	10
79056	4	-0.155027754587708	0	8	0.918582138069376	0.511014390209921	2675	10
79058	2	-0.282455476906492	0	8	0.918582138069376	0.511014390209921	2675	10
79064	3	0.308588721389857	0	8	0.918582138069376	0.511014390209921	2675	10
79065	9	0.0141056953479504	0	8	0.918582138069376	0.511014390209921	2675	10
79068	0	-0.108449638299458	0	8	0.918582138069376	0.511014390209921	2675	10
79070	1	0.59379480285874	1	8	0.918582138069376	0.511014390209921	2675	10
79071	0	0.333075181928963	0	8	0.918582138069376	0.511014390209921	2675	10
79072	4	-0.369844744717112	0	8	0.918582138069376	0.511014390209921	2675	10
79073	0	0.161503474969839	0	8	0.918582138069376	0.511014390209921	2675	10
79074	0	0.372430005994184	0	8	0.918582138069376	0.511014390209921	2675	10
79077	3	0.375517648681477	0	8	0.918582138069376	0.511014390209921	2675	10
79080	3	0.103928260899819	0	8	0.918582138069376	0.511014390209921	2675	10
79083	1	0.613058445795829	1	8	0.918582138069376	0.511014390209921	2675	10
79084	3	0.21939474904018	0	8	0.918582138069376	0.511014390209921	2675	10
79086	3	0.338871952505818	0	8	0.918582138069376	0.511014390209921	2675	10
79087	5	0.181742366798376	0	8	0.918582138069376	0.511014390209921	2675	10
79088	1	0.556682433981416	1	8	0.918582138069376	0.511014390209921	2675	10
79089	0	0.428722929386559	0	8	0.918582138069376	0.511014390209921	2675	10
79090	3	0.0172481836346446	0	8	0.918582138069376	0.511014390209921	2675	10
79091	0	0.142307767887862	0	8	0.918582138069376	0.511014390209921	2675	10
79092	5	0.203490843481555	0	8	0.918582138069376	0.511014390209921	2675	10
79094	0	0.0524727523270186	0	8	0.918582138069376	0.511014390209921	2675	10
79095	3	0.448088686526206	0	8	0.918582138069376	0.511014390209921	2675	10
79096	0	0.201238436334365	0	8	0.918582138069376	0.511014390209921	2675	10
79098	1	0.569176357250917	1	8	0.918582138069376	0.511014390209921	2675	10
79109	2	-0.219425255776309	0	8	0.918582138069376	0.511014390209921	2675	10
79132	0	0.284709445076742	0	8	0.918582138069376	0.511014390209921	2675	10
79133	0	-0.0471222359290989	0	8	0.918582138069376	0.511014390209921	2675	10
79134	10	0.684140850650383	0	8	0.918582138069376	0.511014390209921	2675	10
79135	2	-0.269480448410548	0	8	0.918582138069376	0.511014390209921	2675	10
79137	3	0.0281983353113346	0	8	0.918582138069376	0.511014390209921	2675	10
79139	1	0.421405346890366	1	8	0.918582138069376	0.511014390209921	2675	10
79140	5	0.181174943756899	0	8	0.918582138069376	0.511014390209921	2675	10
79143	5	0.500138361844266	0	8	0.918582138069376	0.511014390209921	2675	10
79144	3	0.0657364514374776	0	8	0.918582138069376	0.511014390209921	2675	10
79145	0	0.167117219642335	0	8	0.918582138069376	0.511014390209921	2675	10
79147	9	0.101610552529526	0	8	0.918582138069376	0.511014390209921	2675	10
79148	0	0.047575347670272	0	8	0.918582138069376	0.511014390209921	2675	10
79149	0	-0.138929560490701	0	8	0.918582138069376	0.511014390209921	2675	10
79152	6	0.0200545702047657	0	8	0.918582138069376	0.511014390209921	2675	10
79153	2	-0.204963975674337	0	8	0.918582138069376	0.511014390209921	2675	10
79154	2	-0.333793842164102	0	8	0.918582138069376	0.511014390209921	2675	10
79155	3	0.572771922697017	0	8	0.918582138069376	0.511014390209921	2675	10
79156	1	0.810782213317979	1	8	0.918582138069376	0.511014390209921	2675	10
79157	0	0.0800044804427894	0	8	0.918582138069376	0.511014390209921	2675	10
79158	1	0.582865326266095	1	8	0.918582138069376	0.511014390209921	2675	10
79159	1	0.63332483879837	1	8	0.918582138069376	0.511014390209921	2675	10
79161	3	0.332874018485539	0	8	0.918582138069376	0.511014390209921	2675	10
79169	3	0.161716679014912	0	8	0.918582138069376	0.511014390209921	2675	10
79170	0	0.210989495569571	0	8	0.918582138069376	0.511014390209921	2675	10
79171	3	0.128950599431431	0	8	0.918582138069376	0.511014390209921	2675	10
79172	1	0.523761240407038	1	8	0.918582138069376	0.511014390209921	2675	10
79173	0	0.27066111543491	0	8	0.918582138069376	0.511014390209921	2675	10
79174	1	0.418164352259518	1	8	0.918582138069376	0.511014390209921	2675	10
79175	0	0.294888053540437	0	8	0.918582138069376	0.511014390209921	2675	10
79176	3	0.0222523283291337	0	8	0.918582138069376	0.511014390209921	2675	10
79177	3	0.166345423049091	0	8	0.918582138069376	0.511014390209921	2675	10
79178	2	-0.0564004766296981	0	8	0.918582138069376	0.511014390209921	2675	10
79180	1	0.621441518083679	1	8	0.918582138069376	0.511014390209921	2675	10
79183	1	0.550144038365738	1	8	0.918582138069376	0.511014390209921	2675	10
79184	4	0.0157120073164489	0	8	0.918582138069376	0.511014390209921	2675	10
79188	1	0.644845648169975	1	8	0.918582138069376	0.511014390209921	2675	10
79228	1	0.589830803814983	1	8	0.918582138069376	0.511014390209921	2675	10
79230	1	0.60115670865479	1	8	0.918582138069376	0.511014390209921	2675	10
79269	2	-0.32131152780733	0	8	0.918582138069376	0.511014390209921	2675	10
79363	6	0.0375357744103622	0	8	0.918582138069376	0.511014390209921	2675	10
79364	0	-0.0414707412119598	0	8	0.918582138069376	0.511014390209921	2675	10
79365	1	0.607378772562849	1	8	0.918582138069376	0.511014390209921	2675	10
79366	0	-0.198705571239574	0	8	0.918582138069376	0.511014390209921	2675	10
79368	1	0.671740935554526	1	8	0.918582138069376	0.511014390209921	2675	10
79369	0	-0.145939808506379	0	8	0.918582138069376	0.511014390209921	2675	10
79370	0	0.116002041254762	0	8	0.918582138069376	0.511014390209921	2675	10
79411	2	-0.163378803263518	0	8	0.918582138069376	0.511014390209921	2675	10
79413	1	0.484078440591635	1	8	0.918582138069376	0.511014390209921	2675	10
79414	9	0.0833351539599838	0	8	0.918582138069376	0.511014390209921	2675	10
79415	1	0.715021733473924	1	8	0.918582138069376	0.511014390209921	2675	10
79442	8	-0.194368840802023	0	8	0.918582138069376	0.511014390209921	2675	10
79443	1	0.609462116912895	1	8	0.918582138069376	0.511014390209921	2675	10
79444	1	0.642634532056896	1	8	0.918582138069376	0.511014390209921	2675	10
79446	3	-0.042840853594992	0	8	0.918582138069376	0.511014390209921	2675	10
79447	3	0.466092552949322	0	8	0.918582138069376	0.511014390209921	2675	10
79567	0	0.0858546799136169	0	8	0.918582138069376	0.511014390209921	2675	10
79568	2	-0.414109179147236	0	8	0.918582138069376	0.511014390209921	2675	10
79571	0	0.414691025202686	0	8	0.918582138069376	0.511014390209921	2675	10
79572	0	0.00319593046555759	0	8	0.918582138069376	0.511014390209921	2675	10
79573	1	0.806170711488286	1	8	0.918582138069376	0.511014390209921	2675	10
79574	0	0.260155639607386	0	8	0.918582138069376	0.511014390209921	2675	10
79575	3	0.174796213351432	0	8	0.918582138069376	0.511014390209921	2675	10
79577	4	0.0413862538725665	0	8	0.918582138069376	0.511014390209921	2675	10
79581	0	0.403866941220296	0	8	0.918582138069376	0.511014390209921	2675	10
79582	7	-0.138029373060829	0	8	0.918582138069376	0.511014390209921	2675	10
79583	0	0.00949103033499835	0	8	0.918582138069376	0.511014390209921	2675	10
79585	1	0.651870085319541	1	8	0.918582138069376	0.511014390209921	2675	10
79586	1	0.530620564451588	1	8	0.918582138069376	0.511014390209921	2675	10
79587	0	0.281291807666943	0	8	0.918582138069376	0.511014390209921	2675	10
79589	4	-0.358098019355661	0	8	0.918582138069376	0.511014390209921	2675	10
79590	3	0.0200036028262882	0	8	0.918582138069376	0.511014390209921	2675	10
79591	0	0.354097835123456	0	8	0.918582138069376	0.511014390209921	2675	10
79594	2	-0.00605991849439198	0	8	0.918582138069376	0.511014390209921	2675	10
79595	0	0.0577393912549862	0	8	0.918582138069376	0.511014390209921	2675	10
79596	0	0.0776575089625897	0	8	0.918582138069376	0.511014390209921	2675	10
79598	0	0.308823532502312	0	8	0.918582138069376	0.511014390209921	2675	10
79600	2	-0.391921899974341	0	8	0.918582138069376	0.511014390209921	2675	10
79602	0	0.250573966918497	0	8	0.918582138069376	0.511014390209921	2675	10
79603	2	-0.129237356488697	0	8	0.918582138069376	0.511014390209921	2675	10
79605	0	0.317098014274254	0	8	0.918582138069376	0.511014390209921	2675	10
79608	8	-0.139900423828798	0	8	0.918582138069376	0.511014390209921	2675	10
79609	0	0.327419220263792	0	8	0.918582138069376	0.511014390209921	2675	10
79611	2	-0.300499569328741	0	8	0.918582138069376	0.511014390209921	2675	10
79612	0	0.138358488156497	0	8	0.918582138069376	0.511014390209921	2675	10
79616	0	0.147669670832533	0	8	0.918582138069376	0.511014390209921	2675	10
79618	1	0.305229103508278	1	8	0.918582138069376	0.511014390209921	2675	10
79621	1	0.661567127084092	1	8	0.918582138069376	0.511014390209921	2675	10
79622	3	0.138279326081824	0	8	0.918582138069376	0.511014390209921	2675	10
79623	2	-0.194547542914587	0	8	0.918582138069376	0.511014390209921	2675	10
79624	4	-0.180126945069596	0	8	0.918582138069376	0.511014390209921	2675	10
79625	8	-0.298405236531009	0	8	0.918582138069376	0.511014390209921	2675	10
79627	1	0.728375610335113	1	8	0.918582138069376	0.511014390209921	2675	10
79628	1	0.566195125424824	1	8	0.918582138069376	0.511014390209921	2675	10
79629	2	-0.222971973402114	0	8	0.918582138069376	0.511014390209921	2675	10
79630	3	0.364865080437548	0	8	0.918582138069376	0.511014390209921	2675	10
79631	0	0.113804905304068	0	8	0.918582138069376	0.511014390209921	2675	10
79632	6	-0.14865359046339	0	8	0.918582138069376	0.511014390209921	2675	10
79633	0	0.43134669825568	0	8	0.918582138069376	0.511014390209921	2675	10
79634	8	-0.208058945603155	0	8	0.918582138069376	0.511014390209921	2675	10
79635	0	-0.0555034445058828	0	8	0.918582138069376	0.511014390209921	2675	10
79637	1	0.694683466621958	1	8	0.918582138069376	0.511014390209921	2675	10
79639	2	-0.240162389434837	0	8	0.918582138069376	0.511014390209921	2675	10
79641	2	-0.0737731926652292	0	8	0.918582138069376	0.511014390209921	2675	10
79642	1	0.455382538234237	1	8	0.918582138069376	0.511014390209921	2675	10
79643	3	0.338410846542726	0	8	0.918582138069376	0.511014390209921	2675	10
79644	0	0.0298468613348365	0	8	0.918582138069376	0.511014390209921	2675	10
79646	0	0.288198056125566	0	8	0.918582138069376	0.511014390209921	2675	10
79647	1	0.231078725285661	1	8	0.918582138069376	0.511014390209921	2675	10
79648	0	0.435591897851674	0	8	0.918582138069376	0.511014390209921	2675	10
79649	1	0.603480051344642	1	8	0.918582138069376	0.511014390209921	2675	10
79650	0	0.391654103968739	0	8	0.918582138069376	0.511014390209921	2675	10
79651	1	0.697030465854016	1	8	0.918582138069376	0.511014390209921	2675	10
79652	1	0.295259765700963	1	8	0.918582138069376	0.511014390209921	2675	10
79654	9	0.0202285150231444	0	8	0.918582138069376	0.511014390209921	2675	10
79656	3	0.0189645903389279	0	8	0.918582138069376	0.511014390209921	2675	10
79657	4	0.0507817557012075	0	8	0.918582138069376	0.511014390209921	2675	10
79658	2	-0.124187352212119	0	8	0.918582138069376	0.511014390209921	2675	10
79659	4	-0.0501357547260959	0	8	0.918582138069376	0.511014390209921	2675	10
79663	1	0.610999666197798	1	8	0.918582138069376	0.511014390209921	2675	10
79664	0	0.225836260118928	0	8	0.918582138069376	0.511014390209921	2675	10
79665	4	-0.0286195936299364	0	8	0.918582138069376	0.511014390209921	2675	10
79666	2	-0.228910206912512	0	8	0.918582138069376	0.511014390209921	2675	10
79668	1	0.764869224315395	1	8	0.918582138069376	0.511014390209921	2675	10
79669	0	0.132707041185502	0	8	0.918582138069376	0.511014390209921	2675	10
79670	1	0.643904109494196	1	8	0.918582138069376	0.511014390209921	2675	10
79671	5	0.400800384709744	0	8	0.918582138069376	0.511014390209921	2675	10
79672	3	0.160117645318756	0	8	0.918582138069376	0.511014390209921	2675	10
79673	0	0.111623466609103	0	8	0.918582138069376	0.511014390209921	2675	10
79675	6	-0.0170778759851845	0	8	0.918582138069376	0.511014390209921	2675	10
79676	3	0.131118150430795	0	8	0.918582138069376	0.511014390209921	2675	10
79677	4	0.0653492117034094	0	8	0.918582138069376	0.511014390209921	2675	10
79679	0	0.354874336952961	0	8	0.918582138069376	0.511014390209921	2675	10
79683	0	0.515485402280317	0	8	0.918582138069376	0.511014390209921	2675	10
79684	0	0.316919323302773	0	8	0.918582138069376	0.511014390209921	2675	10
79685	3	0.0690354837160298	0	8	0.918582138069376	0.511014390209921	2675	10
79689	1	0.566887131057186	1	8	0.918582138069376	0.511014390209921	2675	10
79690	1	0.777601917208269	1	8	0.918582138069376	0.511014390209921	2675	10
79691	1	0.432131660681234	1	8	0.918582138069376	0.511014390209921	2675	10
79693	0	-0.0175341634603683	0	8	0.918582138069376	0.511014390209921	2675	10
79694	4	-0.114004539515204	0	8	0.918582138069376	0.511014390209921	2675	10
79695	0	0.191480050864048	0	8	0.918582138069376	0.511014390209921	2675	10
79696	3	-0.145383256490492	0	8	0.918582138069376	0.511014390209921	2675	10
79697	0	0.210473510014036	0	8	0.918582138069376	0.511014390209921	2675	10
79701	0	0.162349066261469	0	8	0.918582138069376	0.511014390209921	2675	10
79703	1	0.690124609365281	1	8	0.918582138069376	0.511014390209921	2675	10
79705	1	0.698301950101408	1	8	0.918582138069376	0.511014390209921	2675	10
79707	1	0.377369270853618	1	8	0.918582138069376	0.511014390209921	2675	10
79709	1	0.737260278676296	1	8	0.918582138069376	0.511014390209921	2675	10
79710	0	0.044511471101769	0	8	0.918582138069376	0.511014390209921	2675	10
79711	0	0.176903644884438	0	8	0.918582138069376	0.511014390209921	2675	10
79712	1	0.626105298378443	1	8	0.918582138069376	0.511014390209921	2675	10
79713	1	0.653659019773204	1	8	0.918582138069376	0.511014390209921	2675	10
79714	3	0.0726480158257015	0	8	0.918582138069376	0.511014390209921	2675	10
79717	2	-0.154171219217349	0	8	0.918582138069376	0.511014390209921	2675	10
79718	1	0.551529010672444	1	8	0.918582138069376	0.511014390209921	2675	10
79719	3	0.181615749770659	0	8	0.918582138069376	0.511014390209921	2675	10
79720	0	0.418749349424356	0	8	0.918582138069376	0.511014390209921	2675	10
79722	6	0.0208830709000963	0	8	0.918582138069376	0.511014390209921	2675	10
79723	0	0.201062946715272	0	8	0.918582138069376	0.511014390209921	2675	10
79725	4	-0.136191220483205	0	8	0.918582138069376	0.511014390209921	2675	10
79726	0	-0.11029871966674	0	8	0.918582138069376	0.511014390209921	2675	10
79728	0	0.153413757502562	0	8	0.918582138069376	0.511014390209921	2675	10
79729	5	0.0545602762970906	0	8	0.918582138069376	0.511014390209921	2675	10
79731	2	-0.14578349132674	0	8	0.918582138069376	0.511014390209921	2675	10
79733	1	0.615705692670551	1	8	0.918582138069376	0.511014390209921	2675	10
79734	1	0.703885554964796	1	8	0.918582138069376	0.511014390209921	2675	10
79736	0	0.0329785296732923	0	8	0.918582138069376	0.511014390209921	2675	10
79738	0	-0.166869437666555	0	8	0.918582138069376	0.511014390209921	2675	10
79739	0	0.471553540480366	0	8	0.918582138069376	0.511014390209921	2675	10
79740	0	0.344162644664733	0	8	0.918582138069376	0.511014390209921	2675	10
79742	1	0.648544849910801	1	8	0.918582138069376	0.511014390209921	2675	10
79744	0	0.456911640642345	0	8	0.918582138069376	0.511014390209921	2675	10
79745	0	-0.00200451277750544	0	8	0.918582138069376	0.511014390209921	2675	10
79746	2	-0.44157212841306	0	8	0.918582138069376	0.511014390209921	2675	10
79750	0	-0.10336525210284	0	8	0.918582138069376	0.511014390209921	2675	10
79751	9	-0.000262048913232981	0	8	0.918582138069376	0.511014390209921	2675	10
79752	7	-0.163025032588817	0	8	0.918582138069376	0.511014390209921	2675	10
79753	0	0.160946888757125	0	8	0.918582138069376	0.511014390209921	2675	10
79754	2	-0.262113626533637	0	8	0.918582138069376	0.511014390209921	2675	10
79755	0	-0.141816056965729	0	8	0.918582138069376	0.511014390209921	2675	10
79758	3	-0.0130659726674661	0	8	0.918582138069376	0.511014390209921	2675	10
79759	1	0.483398041336052	1	8	0.918582138069376	0.511014390209921	2675	10
79760	3	0.332252410371613	0	8	0.918582138069376	0.511014390209921	2675	10
79762	2	-0.419883730028838	0	8	0.918582138069376	0.511014390209921	2675	10
79763	2	-0.156477598339252	0	8	0.918582138069376	0.511014390209921	2675	10
79767	2	-0.069116933114306	0	8	0.918582138069376	0.511014390209921	2675	10
79768	0	0.206763625714688	0	8	0.918582138069376	0.511014390209921	2675	10
79770	0	0.360072460115986	0	8	0.918582138069376	0.511014390209921	2675	10
79772	1	0.764481805494382	1	8	0.918582138069376	0.511014390209921	2675	10
79774	0	-0.223100399838944	0	8	0.918582138069376	0.511014390209921	2675	10
79776	1	0.781224655793169	1	8	0.918582138069376	0.511014390209921	2675	10
79777	6	-0.122128321631577	0	8	0.918582138069376	0.511014390209921	2675	10
79778	1	0.48380794170343	1	8	0.918582138069376	0.511014390209921	2675	10
79781	0	0.488971708744505	0	8	0.918582138069376	0.511014390209921	2675	10
79783	2	-0.363764133364935	0	8	0.918582138069376	0.511014390209921	2675	10
79784	5	0.163419675651953	0	8	0.918582138069376	0.511014390209921	2675	10
79785	0	-0.00582272552578616	0	8	0.918582138069376	0.511014390209921	2675	10
79786	1	0.386399770801016	1	8	0.918582138069376	0.511014390209921	2675	10
79788	0	0.225095862492248	0	8	0.918582138069376	0.511014390209921	2675	10
79789	4	-0.15961665989699	0	8	0.918582138069376	0.511014390209921	2675	10
79791	5	0.254872261441131	0	8	0.918582138069376	0.511014390209921	2675	10
79792	3	0.416696998926267	0	8	0.918582138069376	0.511014390209921	2675	10
79794	0	0.499394062390964	0	8	0.918582138069376	0.511014390209921	2675	10
79796	0	0.056938073928264	0	8	0.918582138069376	0.511014390209921	2675	10
79797	3	0.184147079234351	0	8	0.918582138069376	0.511014390209921	2675	10
79800	0	0.0939872577365076	0	8	0.918582138069376	0.511014390209921	2675	10
79801	0	0.297897589724078	0	8	0.918582138069376	0.511014390209921	2675	10
79803	3	0.488141241590059	0	8	0.918582138069376	0.511014390209921	2675	10
79805	1	0.75937259575048	1	8	0.918582138069376	0.511014390209921	2675	10
79810	0	-0.050817113965039	0	8	0.918582138069376	0.511014390209921	2675	10
79811	4	0.184833174650017	0	8	0.918582138069376	0.511014390209921	2675	10
79812	0	0.266513163364293	0	8	0.918582138069376	0.511014390209921	2675	10
79813	5	0.683154986949121	0	8	0.918582138069376	0.511014390209921	2675	10
79814	2	-0.401023910618015	0	8	0.918582138069376	0.511014390209921	2675	10
79815	1	0.645953369942322	1	8	0.918582138069376	0.511014390209921	2675	10
79816	1	0.469863720658302	1	8	0.918582138069376	0.511014390209921	2675	10
79817	6	-0.0143103154249229	0	8	0.918582138069376	0.511014390209921	2675	10
79818	5	0.204635213252148	0	8	0.918582138069376	0.511014390209921	2675	10
79819	0	-0.0662992864714642	0	8	0.918582138069376	0.511014390209921	2675	10
79822	8	-0.508018944760969	0	8	0.918582138069376	0.511014390209921	2675	10
79823	2	-0.115693010764843	0	8	0.918582138069376	0.511014390209921	2675	10
79825	0	0.231812305702087	0	8	0.918582138069376	0.511014390209921	2675	10
79828	4	-0.0481001772089832	0	8	0.918582138069376	0.511014390209921	2675	10
79829	0	0.403806278526945	0	8	0.918582138069376	0.511014390209921	2675	10
79830	4	-0.0279032631011405	0	8	0.918582138069376	0.511014390209921	2675	10
79831	0	0.293755140810936	0	8	0.918582138069376	0.511014390209921	2675	10
79832	0	0.0520679351013439	0	8	0.918582138069376	0.511014390209921	2675	10
79833	3	-0.00427030620170914	0	8	0.918582138069376	0.511014390209921	2675	10
79834	1	0.800358314646675	1	8	0.918582138069376	0.511014390209921	2675	10
79836	1	-0.382418321762401	1	8	0.918582138069376	0.511014390209921	2675	10
79837	0	-0.0817591305048062	0	8	0.918582138069376	0.511014390209921	2675	10
79839	0	0.283997898981266	0	8	0.918582138069376	0.511014390209921	2675	10
79841	5	0.229732668806083	0	8	0.918582138069376	0.511014390209921	2675	10
79843	1	0.498957501392701	1	8	0.918582138069376	0.511014390209921	2675	10
79845	0	0.309709052437623	0	8	0.918582138069376	0.511014390209921	2675	10
79846	2	-0.15645030379321	0	8	0.918582138069376	0.511014390209921	2675	10
79847	5	0.501526048845944	0	8	0.918582138069376	0.511014390209921	2675	10
79848	4	-0.222280408564717	0	8	0.918582138069376	0.511014390209921	2675	10
79849	2	-0.362155838318951	0	8	0.918582138069376	0.511014390209921	2675	10
79850	1	0.689545365326732	1	8	0.918582138069376	0.511014390209921	2675	10
79852	0	0.273637089118315	0	8	0.918582138069376	0.511014390209921	2675	10
79858	0	0.305005510320302	0	8	0.918582138069376	0.511014390209921	2675	10
79861	2	-0.251076266953116	0	8	0.918582138069376	0.511014390209921	2675	10
79862	0	0.312359871619169	0	8	0.918582138069376	0.511014390209921	2675	10
79863	0	0.151044828391078	0	8	0.918582138069376	0.511014390209921	2675	10
79864	8	-0.141565833592578	0	8	0.918582138069376	0.511014390209921	2675	10
79865	1	0.660353458584198	1	8	0.918582138069376	0.511014390209921	2675	10
79866	1	0.555138701123921	1	8	0.918582138069376	0.511014390209921	2675	10
79867	0	0.28468862602029	0	8	0.918582138069376	0.511014390209921	2675	10
79868	0	0.31745669940683	0	8	0.918582138069376	0.511014390209921	2675	10
79869	5	0.248523398010487	0	8	0.918582138069376	0.511014390209921	2675	10
79870	0	-0.0457260513235335	0	8	0.918582138069376	0.511014390209921	2675	10
79871	0	-0.155889844208058	0	8	0.918582138069376	0.511014390209921	2675	10
79872	4	-0.0687479903193636	0	8	0.918582138069376	0.511014390209921	2675	10
79873	3	0.164064680668043	0	8	0.918582138069376	0.511014390209921	2675	10
79874	0	0.255431924918162	0	8	0.918582138069376	0.511014390209921	2675	10
79875	1	0.462646914862008	1	8	0.918582138069376	0.511014390209921	2675	10
79876	4	-0.213403716699688	0	8	0.918582138069376	0.511014390209921	2675	10
79877	0	0.0910173525417983	0	8	0.918582138069376	0.511014390209921	2675	10
79879	0	0.281270298257182	0	8	0.918582138069376	0.511014390209921	2675	10
79882	4	-0.141769548820917	0	8	0.918582138069376	0.511014390209921	2675	10
79883	1	0.666849807862445	1	8	0.918582138069376	0.511014390209921	2675	10
79884	4	0.0523832400763613	0	8	0.918582138069376	0.511014390209921	2675	10
79885	3	0.154693467321797	0	8	0.918582138069376	0.511014390209921	2675	10
79886	0	-0.279354205499111	0	8	0.918582138069376	0.511014390209921	2675	10
79887	1	0.216275528265517	1	8	0.918582138069376	0.511014390209921	2675	10
79888	1	0.697545983984376	1	8	0.918582138069376	0.511014390209921	2675	10
79890	5	0.57970168410455	0	8	0.918582138069376	0.511014390209921	2675	10
79891	1	0.437633787610157	1	8	0.918582138069376	0.511014390209921	2675	10
79892	0	0.314607753705733	0	8	0.918582138069376	0.511014390209921	2675	10
79893	0	-0.0633736457640422	0	8	0.918582138069376	0.511014390209921	2675	10
79894	9	0.211785972616831	0	8	0.918582138069376	0.511014390209921	2675	10
79895	1	0.521025889632001	1	8	0.918582138069376	0.511014390209921	2675	10
79896	4	-0.196878599892573	0	8	0.918582138069376	0.511014390209921	2675	10
79899	1	0.681548444915379	1	8	0.918582138069376	0.511014390209921	2675	10
79901	1	0.632934266947542	1	8	0.918582138069376	0.511014390209921	2675	10
79902	1	0.589234571502636	1	8	0.918582138069376	0.511014390209921	2675	10
79903	2	-0.19156738313346	0	8	0.918582138069376	0.511014390209921	2675	10
79905	0	0.0638768950233329	0	8	0.918582138069376	0.511014390209921	2675	10
79906	5	-0.0241373370913934	0	8	0.918582138069376	0.511014390209921	2675	10
79912	4	-0.151800914598497	0	8	0.918582138069376	0.511014390209921	2675	10
79913	0	0.348793067852196	0	8	0.918582138069376	0.511014390209921	2675	10
79915	0	0.139270315554232	0	8	0.918582138069376	0.511014390209921	2675	10
79917	2	-0.0626125308958333	0	8	0.918582138069376	0.511014390209921	2675	10
79918	4	-0.040843610753201	0	8	0.918582138069376	0.511014390209921	2675	10
79919	0	-0.124390489278495	0	8	0.918582138069376	0.511014390209921	2675	10
79921	0	-0.122339866516289	0	8	0.918582138069376	0.511014390209921	2675	10
79922	6	0.0234939000410856	0	8	0.918582138069376	0.511014390209921	2675	10
79924	6	-0.109226024009858	0	8	0.918582138069376	0.511014390209921	2675	10
79927	0	0.181922705466867	0	8	0.918582138069376	0.511014390209921	2675	10
79929	1	0.439770954659838	1	8	0.918582138069376	0.511014390209921	2675	10
79930	1	0.710102052124213	1	8	0.918582138069376	0.511014390209921	2675	10
79932	2	-0.18920604057928	0	8	0.918582138069376	0.511014390209921	2675	10
79933	0	0.433437168718967	0	8	0.918582138069376	0.511014390209921	2675	10
79935	0	0.140313152472927	0	8	0.918582138069376	0.511014390209921	2675	10
79939	0	0.304047402916651	0	8	0.918582138069376	0.511014390209921	2675	10
79943	0	0.145023975110583	0	8	0.918582138069376	0.511014390209921	2675	10
79944	4	-0.280564718303146	0	8	0.918582138069376	0.511014390209921	2675	10
79947	0	-0.0496541587272962	0	8	0.918582138069376	0.511014390209921	2675	10
79948	5	0.331539499107884	0	8	0.918582138069376	0.511014390209921	2675	10
79953	0	-0.0397460117809505	0	8	0.918582138069376	0.511014390209921	2675	10
79954	0	-0.140638945359623	0	8	0.918582138069376	0.511014390209921	2675	10
79955	6	-0.228579008629426	0	8	0.918582138069376	0.511014390209921	2675	10
79956	0	0.282281204581944	0	8	0.918582138069376	0.511014390209921	2675	10
79957	0	-0.0302811911016815	0	8	0.918582138069376	0.511014390209921	2675	10
79958	6	0.0682672779837384	0	8	0.918582138069376	0.511014390209921	2675	10
79959	0	0.00721831660485802	0	8	0.918582138069376	0.511014390209921	2675	10
79960	1	0.43486806749775	1	8	0.918582138069376	0.511014390209921	2675	10
79961	1	0.643559044853884	1	8	0.918582138069376	0.511014390209921	2675	10
79962	2	-0.160118518137618	0	8	0.918582138069376	0.511014390209921	2675	10
79968	1	0.586348457752705	1	8	0.918582138069376	0.511014390209921	2675	10
79971	2	-0.209381009342683	0	8	0.918582138069376	0.511014390209921	2675	10
79973	6	-0.00828521099742452	0	8	0.918582138069376	0.511014390209921	2675	10
79974	1	0.700604953749566	1	8	0.918582138069376	0.511014390209921	2675	10
79977	0	0.398401625372978	0	8	0.918582138069376	0.511014390209921	2675	10
79979	0	0.134334193041057	0	8	0.918582138069376	0.511014390209921	2675	10
79980	1	0.460168364389379	1	8	0.918582138069376	0.511014390209921	2675	10
79981	8	-0.267689676719643	0	8	0.918582138069376	0.511014390209921	2675	10
79982	4	-0.0426508075649024	0	8	0.918582138069376	0.511014390209921	2675	10
79983	0	0.404427028107883	0	8	0.918582138069376	0.511014390209921	2675	10
79987	1	0.781530036811746	1	8	0.918582138069376	0.511014390209921	2675	10
79989	0	0.0958405427878784	0	8	0.918582138069376	0.511014390209921	2675	10
79990	5	0.21550406808992	0	8	0.918582138069376	0.511014390209921	2675	10
79991	0	0.00315576977425905	0	8	0.918582138069376	0.511014390209921	2675	10
80000	0	0.305167151423098	0	8	0.918582138069376	0.511014390209921	2675	10
80003	1	0.600040186900292	1	8	0.918582138069376	0.511014390209921	2675	10
80005	1	0.575955682772451	1	8	0.918582138069376	0.511014390209921	2675	10
80006	4	-0.201720138426985	0	8	0.918582138069376	0.511014390209921	2675	10
80007	0	-0.176271095568258	0	8	0.918582138069376	0.511014390209921	2675	10
80008	1	0.53360830573267	1	8	0.918582138069376	0.511014390209921	2675	10
80010	4	-0.0682923272131157	0	8	0.918582138069376	0.511014390209921	2675	10
80011	0	0.199637080406939	0	8	0.918582138069376	0.511014390209921	2675	10
80017	0	-0.0102008273438502	0	8	0.918582138069376	0.511014390209921	2675	10
80019	3	0.307566604042561	0	8	0.918582138069376	0.511014390209921	2675	10
80020	6	-0.0634743339163263	0	8	0.918582138069376	0.511014390209921	2675	10
80021	1	0.619122973917257	1	8	0.918582138069376	0.511014390209921	2675	10
80022	9	0.157819671621841	0	8	0.918582138069376	0.511014390209921	2675	10
80023	0	0.405587931819231	0	8	0.918582138069376	0.511014390209921	2675	10
80024	10	0.583542388923979	0	8	0.918582138069376	0.511014390209921	2675	10
80025	1	0.732609063046164	1	8	0.918582138069376	0.511014390209921	2675	10
80028	0	0.127028292371331	0	8	0.918582138069376	0.511014390209921	2675	10
80031	0	-0.275068393289559	0	8	0.918582138069376	0.511014390209921	2675	10
80034	0	0.063240853615779	0	8	0.918582138069376	0.511014390209921	2675	10
80036	2	-0.267692915831919	0	8	0.918582138069376	0.511014390209921	2675	10
80055	0	0.057213073827511	0	8	0.918582138069376	0.511014390209921	2675	10
80067	0	0.0978389987466413	0	8	0.918582138069376	0.511014390209921	2675	10
80071	0	0.0630348385853048	0	8	0.918582138069376	0.511014390209921	2675	10
80086	3	0.0870654589028097	0	8	0.918582138069376	0.511014390209921	2675	10
80095	0	0.00771168763970831	0	8	0.918582138069376	0.511014390209921	2675	10
80108	0	0.0319869251906117	0	8	0.918582138069376	0.511014390209921	2675	10
80110	0	0.276744037234694	0	8	0.918582138069376	0.511014390209921	2675	10
80111	0	0.37526907180519	0	8	0.918582138069376	0.511014390209921	2675	10
80114	0	0.238601436609743	0	8	0.918582138069376	0.511014390209921	2675	10
80124	1	0.388236384453014	1	8	0.918582138069376	0.511014390209921	2675	10
80127	8	-0.188855872979089	0	8	0.918582138069376	0.511014390209921	2675	10
80128	5	0.198406618104212	0	8	0.918582138069376	0.511014390209921	2675	10
80129	1	0.510003809320812	1	8	0.918582138069376	0.511014390209921	2675	10
80131	0	0.396051337328928	0	8	0.918582138069376	0.511014390209921	2675	10
80133	0	0.13751462634606	0	8	0.918582138069376	0.511014390209921	2675	10
80135	7	-0.0503892631853317	0	8	0.918582138069376	0.511014390209921	2675	10
80142	3	0.0327578240739152	0	8	0.918582138069376	0.511014390209921	2675	10
80143	4	0.116364516574264	0	8	0.918582138069376	0.511014390209921	2675	10
80144	0	0.226931041080344	0	8	0.918582138069376	0.511014390209921	2675	10
80145	7	0.109263256752293	0	8	0.918582138069376	0.511014390209921	2675	10
80146	0	0.323928853736462	0	8	0.918582138069376	0.511014390209921	2675	10
80148	2	-0.150135140213584	0	8	0.918582138069376	0.511014390209921	2675	10
80150	2	-0.000842293882147327	0	8	0.918582138069376	0.511014390209921	2675	10
80152	1	0.475581731582719	1	8	0.918582138069376	0.511014390209921	2675	10
80153	1	0.508887338352036	1	8	0.918582138069376	0.511014390209921	2675	10
80155	4	0.0857675493826789	0	8	0.918582138069376	0.511014390209921	2675	10
80157	4	-0.193542434499436	0	8	0.918582138069376	0.511014390209921	2675	10
80162	1	0.74642969624104	1	8	0.918582138069376	0.511014390209921	2675	10
80164	5	0.254304172651974	0	8	0.918582138069376	0.511014390209921	2675	10
80167	4	-0.166542001557014	0	8	0.918582138069376	0.511014390209921	2675	10
80168	6	0.0187061808639626	0	8	0.918582138069376	0.511014390209921	2675	10
80169	1	0.708258386178989	1	8	0.918582138069376	0.511014390209921	2675	10
80173	4	-0.126858875247095	0	8	0.918582138069376	0.511014390209921	2675	10
80176	1	0.561153626596171	1	8	0.918582138069376	0.511014390209921	2675	10
80177	8	-0.0175555919351063	0	8	0.918582138069376	0.511014390209921	2675	10
80178	1	0.452290971963331	1	8	0.918582138069376	0.511014390209921	2675	10
80179	5	0.30864874720289	0	8	0.918582138069376	0.511014390209921	2675	10
80183	1	0.635973689875935	1	8	0.918582138069376	0.511014390209921	2675	10
80184	4	0.0196587528685945	0	8	0.918582138069376	0.511014390209921	2675	10
80185	2	-0.0081078295955025	0	8	0.918582138069376	0.511014390209921	2675	10
80194	3	0.214515154083957	0	8	0.918582138069376	0.511014390209921	2675	10
80195	4	-0.232305129027022	0	8	0.918582138069376	0.511014390209921	2675	10
80196	1	0.659506952538457	1	8	0.918582138069376	0.511014390209921	2675	10
80198	1	0.669497368996483	1	8	0.918582138069376	0.511014390209921	2675	10
80199	6	-0.131027294593121	0	8	0.918582138069376	0.511014390209921	2675	10
80201	0	0.45330646304338	0	8	0.918582138069376	0.511014390209921	2675	10
80204	4	0.0689489831396224	0	8	0.918582138069376	0.511014390209921	2675	10
80205	0	0.164607311748826	0	8	0.918582138069376	0.511014390209921	2675	10
80206	0	0.0717992234814268	0	8	0.918582138069376	0.511014390209921	2675	10
80207	5	-0.00193078101407651	0	8	0.918582138069376	0.511014390209921	2675	10
80208	1	0.61073238849802	1	8	0.918582138069376	0.511014390209921	2675	10
80209	5	0.0786396595979187	0	8	0.918582138069376	0.511014390209921	2675	10
80210	10	0.544920545401429	0	8	0.918582138069376	0.511014390209921	2675	10
80212	9	-0.0231586689268234	0	8	0.918582138069376	0.511014390209921	2675	10
80213	7	0.313087691182854	0	8	0.918582138069376	0.511014390209921	2675	10
80217	0	0.038154564755321	0	8	0.918582138069376	0.511014390209921	2675	10
80218	4	-0.0846104883337223	0	8	0.918582138069376	0.511014390209921	2675	10
80219	0	0.00332567004427889	0	8	0.918582138069376	0.511014390209921	2675	10
80221	2	-0.508009569457285	0	8	0.918582138069376	0.511014390209921	2675	10
80223	1	0.467068253427812	1	8	0.918582138069376	0.511014390209921	2675	10
80224	4	-0.199003501292212	0	8	0.918582138069376	0.511014390209921	2675	10
80227	2	-0.173096662467516	0	8	0.918582138069376	0.511014390209921	2675	10
80228	1	0.706305205618338	1	8	0.918582138069376	0.511014390209921	2675	10
80230	0	0.273090409631392	0	8	0.918582138069376	0.511014390209921	2675	10
80231	1	0.691454830627034	1	8	0.918582138069376	0.511014390209921	2675	10
80232	0	0.143061739215069	0	8	0.918582138069376	0.511014390209921	2675	10
80233	5	0.463645650388517	0	8	0.918582138069376	0.511014390209921	2675	10
80235	0	0.23944500231937	0	8	0.918582138069376	0.511014390209921	2675	10
80237	0	0.102495098952878	0	8	0.918582138069376	0.511014390209921	2675	10
80254	0	-0.296630401181297	0	8	0.918582138069376	0.511014390209921	2675	10
80256	0	0.291401045386531	0	8	0.918582138069376	0.511014390209921	2675	10
80258	0	0.397068159966358	0	8	0.918582138069376	0.511014390209921	2675	10
80263	1	0.460847584877292	1	8	0.918582138069376	0.511014390209921	2675	10
80264	1	0.586255878142423	1	8	0.918582138069376	0.511014390209921	2675	10
80267	0	0.296750004441414	0	8	0.918582138069376	0.511014390209921	2675	10
80271	0	0.137474519336395	0	8	0.918582138069376	0.511014390209921	2675	10
80273	2	-0.294667668634048	0	8	0.918582138069376	0.511014390209921	2675	10
80279	1	0.506633806842501	1	8	0.918582138069376	0.511014390209921	2675	10
80301	1	0.71420147106653	1	8	0.918582138069376	0.511014390209921	2675	10
80303	2	-0.30107212081208	0	8	0.918582138069376	0.511014390209921	2675	10
80304	1	0.488384104821398	1	8	0.918582138069376	0.511014390209921	2675	10
80305	1	0.636108315464183	1	8	0.918582138069376	0.511014390209921	2675	10
80306	0	0.256856539185484	0	8	0.918582138069376	0.511014390209921	2675	10
80308	3	0.395338295206433	0	8	0.918582138069376	0.511014390209921	2675	10
80310	0	0.216315352733366	0	8	0.918582138069376	0.511014390209921	2675	10
80317	0	0.409914659986123	0	8	0.918582138069376	0.511014390209921	2675	10
80319	0	-0.00299874663318922	0	8	0.918582138069376	0.511014390209921	2675	10
80321	4	-0.12194218098611	0	8	0.918582138069376	0.511014390209921	2675	10
80323	8	-0.173626235704145	0	8	0.918582138069376	0.511014390209921	2675	10
80324	0	0.422096955403249	0	8	0.918582138069376	0.511014390209921	2675	10
80335	1	0.80668832488209	1	8	0.918582138069376	0.511014390209921	2675	10
80339	2	-0.23101836450559	0	8	0.918582138069376	0.511014390209921	2675	10
80342	1	0.802567642586282	1	8	0.918582138069376	0.511014390209921	2675	10
80344	3	-0.0683104056771918	0	8	0.918582138069376	0.511014390209921	2675	10
80345	0	0.266007267983659	0	8	0.918582138069376	0.511014390209921	2675	10
80346	1	0.634450858132641	1	8	0.918582138069376	0.511014390209921	2675	10
80347	2	-0.156902953439003	0	8	0.918582138069376	0.511014390209921	2675	10
80349	0	0.194177959481634	0	8	0.918582138069376	0.511014390209921	2675	10
80351	4	0.351358829252341	0	8	0.918582138069376	0.511014390209921	2675	10
80380	1	0.548925879842642	1	8	0.918582138069376	0.511014390209921	2675	10
80704	0	-0.0091942061209686	0	8	0.918582138069376	0.511014390209921	2675	10
80705	0	0.266499495599236	0	8	0.918582138069376	0.511014390209921	2675	10
80723	0	0.3711803171993	0	8	0.918582138069376	0.511014390209921	2675	10
80724	2	-0.134133711363763	0	8	0.918582138069376	0.511014390209921	2675	10
80745	4	-0.027270406216565	0	8	0.918582138069376	0.511014390209921	2675	10
80746	2	0.00326592435004401	0	8	0.918582138069376	0.511014390209921	2675	10
80757	1	0.482204459765811	1	8	0.918582138069376	0.511014390209921	2675	10
80758	1	0.643993159901976	1	8	0.918582138069376	0.511014390209921	2675	10
80760	8	-0.0468266228442096	0	8	0.918582138069376	0.511014390209921	2675	10
80762	2	-0.0721484971249872	0	8	0.918582138069376	0.511014390209921	2675	10
80763	0	0.0733081780434036	0	8	0.918582138069376	0.511014390209921	2675	10
80764	3	0.0495312570887663	0	8	0.918582138069376	0.511014390209921	2675	10
80765	1	0.76205941333871	1	8	0.918582138069376	0.511014390209921	2675	10
80772	0	0.0634733334360554	0	8	0.918582138069376	0.511014390209921	2675	10
80774	1	0.79812846915982	1	8	0.918582138069376	0.511014390209921	2675	10
80775	3	-0.0549996263640151	0	8	0.918582138069376	0.511014390209921	2675	10
80776	1	0.522330640778612	1	8	0.918582138069376	0.511014390209921	2675	10
80777	3	0.390278558660629	0	8	0.918582138069376	0.511014390209921	2675	10
80778	0	0.0341612022753622	0	8	0.918582138069376	0.511014390209921	2675	10
80781	9	0.298820258374274	0	8	0.918582138069376	0.511014390209921	2675	10
80789	0	0.373007897086571	0	8	0.918582138069376	0.511014390209921	2675	10
80816	0	0.157145669217437	0	8	0.918582138069376	0.511014390209921	2675	10
80823	2	-0.437858782114017	0	8	0.918582138069376	0.511014390209921	2675	10
80830	1	0.638867124167711	1	8	0.918582138069376	0.511014390209921	2675	10
80833	1	0.599728943915077	1	8	0.918582138069376	0.511014390209921	2675	10
80852	6	0.0350461164324379	0	8	0.918582138069376	0.511014390209921	2675	10
80853	2	0.250942330645024	0	8	0.918582138069376	0.511014390209921	2675	10
80895	3	0.214761176627601	0	8	0.918582138069376	0.511014390209921	2675	10
80896	2	-0.199641086702966	0	8	0.918582138069376	0.511014390209921	2675	10
80975	6	0.0355016325362969	0	8	0.918582138069376	0.511014390209921	2675	10
81027	1	0.435105623603648	1	8	0.918582138069376	0.511014390209921	2675	10
81029	1	0.522690885690084	1	8	0.918582138069376	0.511014390209921	2675	10
81030	1	0.730665594388973	1	8	0.918582138069376	0.511014390209921	2675	10
81031	1	0.652968641961176	1	8	0.918582138069376	0.511014390209921	2675	10
81033	2	-0.248658290513798	0	8	0.918582138069376	0.511014390209921	2675	10
81034	4	-0.284885256232988	0	8	0.918582138069376	0.511014390209921	2675	10
81035	1	0.606766249632912	1	8	0.918582138069376	0.511014390209921	2675	10
81490	2	-0.180601728026302	0	8	0.918582138069376	0.511014390209921	2675	10
81491	0	0.0414864897745765	0	8	0.918582138069376	0.511014390209921	2675	10
81493	1	0.653030438018181	1	8	0.918582138069376	0.511014390209921	2675	10
81501	6	-0.0134381989580341	0	8	0.918582138069376	0.511014390209921	2675	10
81533	4	-0.141815915134477	0	8	0.918582138069376	0.511014390209921	2675	10
81537	4	-0.228363837459365	0	8	0.918582138069376	0.511014390209921	2675	10
81539	1	0.709143808131957	1	8	0.918582138069376	0.511014390209921	2675	10
81542	0	0.342669865093397	0	8	0.918582138069376	0.511014390209921	2675	10
81543	1	0.586608350757291	1	8	0.918582138069376	0.511014390209921	2675	10
81544	1	0.588399844915208	1	8	0.918582138069376	0.511014390209921	2675	10
81545	1	0.446540120961523	1	8	0.918582138069376	0.511014390209921	2675	10
81550	0	0.0582291002857295	0	8	0.918582138069376	0.511014390209921	2675	10
81553	1	0.767114349444631	1	8	0.918582138069376	0.511014390209921	2675	10
81554	2	-0.100768778286696	0	8	0.918582138069376	0.511014390209921	2675	10
81555	0	0.12013495254988	0	8	0.918582138069376	0.511014390209921	2675	10
81556	0	0.16119443889902	0	8	0.918582138069376	0.511014390209921	2675	10
81558	0	0.163864973303928	0	8	0.918582138069376	0.511014390209921	2675	10
81562	0	-0.236111733081864	0	8	0.918582138069376	0.511014390209921	2675	10
81563	8	0.0980968601059296	0	8	0.918582138069376	0.511014390209921	2675	10
81565	0	0.217476902928294	0	8	0.918582138069376	0.511014390209921	2675	10
81566	1	0.563166488795317	1	8	0.918582138069376	0.511014390209921	2675	10
81570	9	-0.0934694841695953	0	8	0.918582138069376	0.511014390209921	2675	10
81575	8	0.109952789158656	0	8	0.918582138069376	0.511014390209921	2675	10
81576	0	0.341885074602932	0	8	0.918582138069376	0.511014390209921	2675	10
81577	5	0.33050336299538	0	8	0.918582138069376	0.511014390209921	2675	10
81578	0	0.190329928860694	0	8	0.918582138069376	0.511014390209921	2675	10
81579	2	-0.0132849014476193	0	8	0.918582138069376	0.511014390209921	2675	10
81602	4	-0.237867825642183	0	8	0.918582138069376	0.511014390209921	2675	10
81603	0	-0.159662453823943	0	8	0.918582138069376	0.511014390209921	2675	10
81605	3	0.392389274689996	0	8	0.918582138069376	0.511014390209921	2675	10
81606	1	0.507759573493517	1	8	0.918582138069376	0.511014390209921	2675	10
81608	0	0.152458786816496	0	8	0.918582138069376	0.511014390209921	2675	10
81609	2	-0.316227480078859	0	8	0.918582138069376	0.511014390209921	2675	10
81611	4	0.0614499490133245	0	8	0.918582138069376	0.511014390209921	2675	10
81614	1	0.442647775225161	1	8	0.918582138069376	0.511014390209921	2675	10
81616	0	-0.241500767224836	0	8	0.918582138069376	0.511014390209921	2675	10
81617	6	-0.0214839077181203	0	8	0.918582138069376	0.511014390209921	2675	10
81618	1	0.615528328684418	1	8	0.918582138069376	0.511014390209921	2675	10
81619	5	0.485205746260936	0	8	0.918582138069376	0.511014390209921	2675	10
81620	1	0.639305331149679	1	8	0.918582138069376	0.511014390209921	2675	10
81621	1	0.602141702194097	1	8	0.918582138069376	0.511014390209921	2675	10
81624	0	0.478124830384357	0	8	0.918582138069376	0.511014390209921	2675	10
81627	4	-0.208196974594293	0	8	0.918582138069376	0.511014390209921	2675	10
81628	5	0.330116091826205	0	8	0.918582138069376	0.511014390209921	2675	10
81631	7	0.157639916152816	0	8	0.918582138069376	0.511014390209921	2675	10
81669	0	0.418971805025319	0	8	0.918582138069376	0.511014390209921	2675	10
81688	0	0.353059332180922	0	8	0.918582138069376	0.511014390209921	2675	10
81689	0	-0.146163151951473	0	8	0.918582138069376	0.511014390209921	2675	10
81789	0	0.122114670041491	0	8	0.918582138069376	0.511014390209921	2675	10
81792	1	0.706514670576815	1	8	0.918582138069376	0.511014390209921	2675	10
81796	1	0.63629192742284	1	8	0.918582138069376	0.511014390209921	2675	10
81831	1	0.525024470167492	1	8	0.918582138069376	0.511014390209921	2675	10
81839	0	0.394156197630891	0	8	0.918582138069376	0.511014390209921	2675	10
81847	2	-0.0700572400082468	0	8	0.918582138069376	0.511014390209921	2675	10
81848	0	0.137775266493234	0	8	0.918582138069376	0.511014390209921	2675	10
81855	0	-0.122784166446153	0	8	0.918582138069376	0.511014390209921	2675	10
81856	0	0.430511230266753	0	8	0.918582138069376	0.511014390209921	2675	10
81857	5	0.0535680537515089	0	8	0.918582138069376	0.511014390209921	2675	10
81858	3	0.16401522652774	0	8	0.918582138069376	0.511014390209921	2675	10
81873	3	0.344452040435026	0	8	0.918582138069376	0.511014390209921	2675	10
81875	0	0.321732683973243	0	8	0.918582138069376	0.511014390209921	2675	10
81876	3	0.402052981842555	0	8	0.918582138069376	0.511014390209921	2675	10
81887	0	0.0290740702241228	0	8	0.918582138069376	0.511014390209921	2675	10
81890	2	-0.179034163186378	0	8	0.918582138069376	0.511014390209921	2675	10
81892	3	-0.0976821976399125	0	8	0.918582138069376	0.511014390209921	2675	10
81894	3	0.0644772076022307	0	8	0.918582138069376	0.511014390209921	2675	10
81929	0	-0.320888475042991	0	8	0.918582138069376	0.511014390209921	2675	10
81931	0	0.267709877740079	0	8	0.918582138069376	0.511014390209921	2675	10
81932	2	-0.366753599157614	0	8	0.918582138069376	0.511014390209921	2675	10
83394	6	-0.133876905076886	0	8	0.918582138069376	0.511014390209921	2675	10
83439	8	0.0577966746716404	0	8	0.918582138069376	0.511014390209921	2675	10
83440	1	0.66302129129367	1	8	0.918582138069376	0.511014390209921	2675	10
83442	1	0.649814261493453	1	8	0.918582138069376	0.511014390209921	2675	10
83443	3	0.115759420165323	0	8	0.918582138069376	0.511014390209921	2675	10
83448	0	0.0663006513481588	0	8	0.918582138069376	0.511014390209921	2675	10
83449	0	-0.0020459098430028	0	8	0.918582138069376	0.511014390209921	2675	10
83450	0	0.0335287167471298	0	8	0.918582138069376	0.511014390209921	2675	10
83451	1	0.505527530091404	1	8	0.918582138069376	0.511014390209921	2675	10
83452	0	0.30615557404197	0	8	0.918582138069376	0.511014390209921	2675	10
83461	0	0.376902511215425	0	8	0.918582138069376	0.511014390209921	2675	10
83463	5	0.316244335322882	0	8	0.918582138069376	0.511014390209921	2675	10
83464	0	0.331968628800966	0	8	0.918582138069376	0.511014390209921	2675	10
83468	1	0.684201558017139	1	8	0.918582138069376	0.511014390209921	2675	10
83475	6	-0.038735991162252	0	8	0.918582138069376	0.511014390209921	2675	10
83478	2	-0.265126766219788	0	8	0.918582138069376	0.511014390209921	2675	10
83480	0	0.0423202919448176	0	8	0.918582138069376	0.511014390209921	2675	10
83481	0	0.0136028543155367	0	8	0.918582138069376	0.511014390209921	2675	10
83483	5	0.241736134964706	0	8	0.918582138069376	0.511014390209921	2675	10
83604	8	-0.0640058809494608	0	8	0.918582138069376	0.511014390209921	2675	10
83637	5	0.434458408462744	0	8	0.918582138069376	0.511014390209921	2675	10
83638	3	0.501052791299705	0	8	0.918582138069376	0.511014390209921	2675	10
83658	3	-0.0265662978642733	0	8	0.918582138069376	0.511014390209921	2675	10
83660	2	-0.35096938838907	0	8	0.918582138069376	0.511014390209921	2675	10
83696	5	0.256096936934557	0	8	0.918582138069376	0.511014390209921	2675	10
83700	1	0.54570764996901	1	8	0.918582138069376	0.511014390209921	2675	10
83714	0	0.187034686282715	0	8	0.918582138069376	0.511014390209921	2675	10
83716	1	0.591743726870014	1	8	0.918582138069376	0.511014390209921	2675	10
83737	0	0.225401940436162	0	8	0.918582138069376	0.511014390209921	2675	10
83743	0	0.302580318179055	0	8	0.918582138069376	0.511014390209921	2675	10
83744	0	0.308921334115473	0	8	0.918582138069376	0.511014390209921	2675	10
83759	1	0.661900359068781	1	8	0.918582138069376	0.511014390209921	2675	10
83786	5	0.64250013937307	0	8	0.918582138069376	0.511014390209921	2675	10
83937	2	-0.0949101044141681	0	8	0.918582138069376	0.511014390209921	2675	10
83941	0	-0.00481716552708245	0	8	0.918582138069376	0.511014390209921	2675	10
83988	0	-0.090345922449728	0	8	0.918582138069376	0.511014390209921	2675	10
83990	0	0.138432016285493	0	8	0.918582138069376	0.511014390209921	2675	10
84060	0	0.0976084266492313	0	8	0.918582138069376	0.511014390209921	2675	10
84061	2	-0.306766868168581	0	8	0.918582138069376	0.511014390209921	2675	10
84065	3	0.130072818391457	0	8	0.918582138069376	0.511014390209921	2675	10
84079	1	0.375162472305711	1	8	0.918582138069376	0.511014390209921	2675	10
84124	3	0.472290809038761	0	8	0.918582138069376	0.511014390209921	2675	10
84148	0	0.317154326631587	0	8	0.918582138069376	0.511014390209921	2675	10
84159	0	0.312129506096604	0	8	0.918582138069376	0.511014390209921	2675	10
84162	0	0.127248431622527	0	8	0.918582138069376	0.511014390209921	2675	10
84164	0	0.247954827375319	0	8	0.918582138069376	0.511014390209921	2675	10
84168	1	0.793066368280724	1	8	0.918582138069376	0.511014390209921	2675	10
84179	5	0.571693455964094	0	8	0.918582138069376	0.511014390209921	2675	10
84193	2	-0.199705477371056	0	8	0.918582138069376	0.511014390209921	2675	10
84196	5	0.421227887034979	0	8	0.918582138069376	0.511014390209921	2675	10
84223	0	0.474946580601502	0	8	0.918582138069376	0.511014390209921	2675	10
84243	1	0.745743938172317	1	8	0.918582138069376	0.511014390209921	2675	10
84263	2	-0.380169332722754	0	8	0.918582138069376	0.511014390209921	2675	10
84271	3	0.394040050906832	0	8	0.918582138069376	0.511014390209921	2675	10
84272	0	-0.148197172085686	0	8	0.918582138069376	0.511014390209921	2675	10
84288	0	0.121005357620221	0	8	0.918582138069376	0.511014390209921	2675	10
84296	1	0.676714611925576	1	8	0.918582138069376	0.511014390209921	2675	10
84302	8	-0.0895634518184096	0	8	0.918582138069376	0.511014390209921	2675	10
84364	3	0.215475776386538	0	8	0.918582138069376	0.511014390209921	2675	10
84436	0	0.310408689004102	0	8	0.918582138069376	0.511014390209921	2675	10
84444	5	0.151134374160592	0	8	0.918582138069376	0.511014390209921	2675	10
84516	3	0.480543485809022	0	8	0.918582138069376	0.511014390209921	2675	10
84525	1	0.820434201370687	1	8	0.918582138069376	0.511014390209921	2675	10
84549	0	0.129989502965578	0	8	0.918582138069376	0.511014390209921	2675	10
84561	1	0.531476737314032	1	8	0.918582138069376	0.511014390209921	2675	10
84612	2	-0.248126825963677	0	8	0.918582138069376	0.511014390209921	2675	10
84617	1	0.607485315015017	1	8	0.918582138069376	0.511014390209921	2675	10
84619	2	-0.277364636876942	0	8	0.918582138069376	0.511014390209921	2675	10
84656	4	0.113796259870065	0	8	0.918582138069376	0.511014390209921	2675	10
84669	0	0.443878483615841	0	8	0.918582138069376	0.511014390209921	2675	10
84679	1	0.586094507186961	1	8	0.918582138069376	0.511014390209921	2675	10
84705	5	0.212005975542679	0	8	0.918582138069376	0.511014390209921	2675	10
84720	5	0.0676900403252878	0	8	0.918582138069376	0.511014390209921	2675	10
84722	1	0.47825509405551	1	8	0.918582138069376	0.511014390209921	2675	10
84726	10	0.454351728992503	0	8	0.918582138069376	0.511014390209921	2675	10
84733	1	0.717717721245719	1	8	0.918582138069376	0.511014390209921	2675	10
84759	3	0.453064698668984	0	8	0.918582138069376	0.511014390209921	2675	10
84790	1	0.415206461819605	1	8	0.918582138069376	0.511014390209921	2675	10
84804	0	-0.0388434371274361	0	8	0.918582138069376	0.511014390209921	2675	10
84818	2	-0.0203185045635512	0	8	0.918582138069376	0.511014390209921	2675	10
84823	1	0.560838793776435	1	8	0.918582138069376	0.511014390209921	2675	10
84830	0	0.144230779645177	0	8	0.918582138069376	0.511014390209921	2675	10
84861	0	-0.0280673260540461	0	8	0.918582138069376	0.511014390209921	2675	10
84864	7	0.212866491350721	0	8	0.918582138069376	0.511014390209921	2675	10
84869	4	-0.165479161622924	0	8	0.918582138069376	0.511014390209921	2675	10
84890	0	0.279953215215736	0	8	0.918582138069376	0.511014390209921	2675	10
84898	0	0.154529739416119	0	8	0.918582138069376	0.511014390209921	2675	10
84900	0	0.289260251132431	0	8	0.918582138069376	0.511014390209921	2675	10
84928	0	-0.0142402959835124	0	8	0.918582138069376	0.511014390209921	2675	10
84934	3	0.0465538604205186	0	8	0.918582138069376	0.511014390209921	2675	10
84942	0	0.150259369017328	0	8	0.918582138069376	0.511014390209921	2675	10
84951	6	-0.193387315661001	0	8	0.918582138069376	0.511014390209921	2675	10
84975	3	0.248002546521584	0	8	0.918582138069376	0.511014390209921	2675	10
84986	8	0.0872003406257104	0	8	0.918582138069376	0.511014390209921	2675	10
85352	1	0.465214653060751	1	8	0.918582138069376	0.511014390209921	2675	10
85360	5	0.223375466049838	0	8	0.918582138069376	0.511014390209921	2675	10
85363	1	0.624979809525339	1	8	0.918582138069376	0.511014390209921	2675	10
85377	0	0.399215606645732	0	8	0.918582138069376	0.511014390209921	2675	10
85453	1	0.412194062450713	1	8	0.918582138069376	0.511014390209921	2675	10
85458	0	0.108507875121985	0	8	0.918582138069376	0.511014390209921	2675	10
85477	0	0.405035175604231	0	8	0.918582138069376	0.511014390209921	2675	10
89781	0	0.00261510517448749	0	8	0.918582138069376	0.511014390209921	2675	10
89795	0	0.370086906032094	0	8	0.918582138069376	0.511014390209921	2675	10
89797	0	0.42157594669599	0	8	0.918582138069376	0.511014390209921	2675	10
89845	0	0.266438047737124	0	8	0.918582138069376	0.511014390209921	2675	10
89853	1	0.677352172699082	1	8	0.918582138069376	0.511014390209921	2675	10
89910	0	0.129724095864005	0	8	0.918582138069376	0.511014390209921	2675	10
89927	3	0.375384894576013	0	8	0.918582138069376	0.511014390209921	2675	10
89941	5	0.314984759354125	0	8	0.918582138069376	0.511014390209921	2675	10
89944	2	-0.282015957091594	0	8	0.918582138069376	0.511014390209921	2675	10
90121	3	-0.0797643656917764	0	8	0.918582138069376	0.511014390209921	2675	10
90141	0	-0.385335107324309	0	8	0.918582138069376	0.511014390209921	2675	10
90233	1	0.508144304590605	1	8	0.918582138069376	0.511014390209921	2675	10
90273	1	0.764495446370765	1	8	0.918582138069376	0.511014390209921	2675	10
90326	3	0.413581653194573	0	8	0.918582138069376	0.511014390209921	2675	10
90333	0	0.392735037578593	0	8	0.918582138069376	0.511014390209921	2675	10
90355	0	0.0555201961476968	0	8	0.918582138069376	0.511014390209921	2675	10
90362	1	0.665587282900609	1	8	0.918582138069376	0.511014390209921	2675	10
90379	5	0.699451874134862	0	8	0.918582138069376	0.511014390209921	2675	10
90410	3	0.191359587443298	0	8	0.918582138069376	0.511014390209921	2675	10
90411	0	0.0487809311772976	0	8	0.918582138069376	0.511014390209921	2675	10
90480	3	-0.101623072667945	0	8	0.918582138069376	0.511014390209921	2675	10
90485	0	0.0758280954676644	0	8	0.918582138069376	0.511014390209921	2675	10
90522	1	0.496582650617303	1	8	0.918582138069376	0.511014390209921	2675	10
90627	1	0.497854587122335	1	8	0.918582138069376	0.511014390209921	2675	10
90634	1	0.408442044443103	1	8	0.918582138069376	0.511014390209921	2675	10
90665	0	0.0541721980412783	0	8	0.918582138069376	0.511014390209921	2675	10
90806	0	0.186686210241018	0	8	0.918582138069376	0.511014390209921	2675	10
90864	0	0.209533377098309	0	8	0.918582138069376	0.511014390209921	2675	10
90865	1	0.614281393632081	1	8	0.918582138069376	0.511014390209921	2675	10
90956	1	0.547969200046407	1	8	0.918582138069376	0.511014390209921	2675	10
90957	0	0.360507702472219	0	8	0.918582138069376	0.511014390209921	2675	10
90993	5	0.373245152089694	0	8	0.918582138069376	0.511014390209921	2675	10
91120	0	-0.0760708549442393	0	8	0.918582138069376	0.511014390209921	2675	10
91137	4	-0.181528796408311	0	8	0.918582138069376	0.511014390209921	2675	10
91289	5	0.309708649077392	0	8	0.918582138069376	0.511014390209921	2675	10
91298	0	-0.323530257783017	0	8	0.918582138069376	0.511014390209921	2675	10
91300	1	0.655292014215332	1	8	0.918582138069376	0.511014390209921	2675	10
91304	0	0.0631479432725359	0	8	0.918582138069376	0.511014390209921	2675	10
91355	5	0.345180366824518	0	8	0.918582138069376	0.511014390209921	2675	10
91369	0	0.292910785711357	0	8	0.918582138069376	0.511014390209921	2675	10
91373	2	-0.173013846872112	0	8	0.918582138069376	0.511014390209921	2675	10
91442	1	0.538446810990783	1	8	0.918582138069376	0.511014390209921	2675	10
91543	0	0.277498654314738	0	8	0.918582138069376	0.511014390209921	2675	10
91647	3	-0.131397090099716	0	8	0.918582138069376	0.511014390209921	2675	10
91754	1	0.72953143578505	1	8	0.918582138069376	0.511014390209921	2675	10
91775	0	0.396679650038527	0	8	0.918582138069376	0.511014390209921	2675	10
91782	3	0.524693710941929	0	8	0.918582138069376	0.511014390209921	2675	10
91807	1	-0.515271491249144	1	8	0.918582138069376	0.511014390209921	2675	10
91851	8	-0.0594947419507409	0	8	0.918582138069376	0.511014390209921	2675	10
91860	2	-0.332859507431042	0	8	0.918582138069376	0.511014390209921	2675	10
91949	9	-0.0889780386645321	0	8	0.918582138069376	0.511014390209921	2675	10
91977	0	0.220575166616506	0	8	0.918582138069376	0.511014390209921	2675	10
92104	0	-0.10573215777902	0	8	0.918582138069376	0.511014390209921	2675	10
92140	1	0.491549529634352	1	8	0.918582138069376	0.511014390209921	2675	10
92154	5	0.281636005170691	0	8	0.918582138069376	0.511014390209921	2675	10
92170	3	0.106735458539461	0	8	0.918582138069376	0.511014390209921	2675	10
92211	0	0.404734895207923	0	8	0.918582138069376	0.511014390209921	2675	10
92335	1	0.592307132257142	1	8	0.918582138069376	0.511014390209921	2675	10
92342	7	0.25144808820301	0	8	0.918582138069376	0.511014390209921	2675	10
92482	0	0.0944958155329765	0	8	0.918582138069376	0.511014390209921	2675	10
92483	6	0.190130074207858	0	8	0.918582138069376	0.511014390209921	2675	10
92558	0	-0.130558262086231	0	8	0.918582138069376	0.511014390209921	2675	10
92579	3	-0.0287585171517964	0	8	0.918582138069376	0.511014390209921	2675	10
92595	0	0.169218763597242	0	8	0.918582138069376	0.511014390209921	2675	10
92689	1	0.636793001899096	1	8	0.918582138069376	0.511014390209921	2675	10
92822	5	0.468624865242763	0	8	0.918582138069376	0.511014390209921	2675	10
92856	3	0.0451737721149104	0	8	0.918582138069376	0.511014390209921	2675	10
93081	2	-0.0743776818594031	0	8	0.918582138069376	0.511014390209921	2675	10
93129	2	0.0295506957776552	0	8	0.918582138069376	0.511014390209921	2675	10
93210	2	-0.12910182418643	0	8	0.918582138069376	0.511014390209921	2675	10
93349	1	0.827970269813309	1	8	0.918582138069376	0.511014390209921	2675	10
93436	0	0.201991660405742	0	8	0.918582138069376	0.511014390209921	2675	10
93487	6	0.0356963195973407	0	8	0.918582138069376	0.511014390209921	2675	10
93594	0	0.288447990215865	0	8	0.918582138069376	0.511014390209921	2675	10
93643	5	0.36361000000132	0	8	0.918582138069376	0.511014390209921	2675	10
93664	0	0.0615892416545569	0	8	0.918582138069376	0.511014390209921	2675	10
93973	0	0.274516235054512	0	8	0.918582138069376	0.511014390209921	2675	10
93974	3	-0.205628758148484	0	8	0.918582138069376	0.511014390209921	2675	10
94081	2	-0.350757678737589	0	8	0.918582138069376	0.511014390209921	2675	10
94104	0	0.100962571292814	0	8	0.918582138069376	0.511014390209921	2675	10
94134	7	0.0107776565325207	0	8	0.918582138069376	0.511014390209921	2675	10
94239	3	0.125936464099197	0	8	0.918582138069376	0.511014390209921	2675	10
95681	1	0.449881920912568	1	8	0.918582138069376	0.511014390209921	2675	10
96764	0	0.358497839553969	0	8	0.918582138069376	0.511014390209921	2675	10
103910	3	0.378151358990409	0	8	0.918582138069376	0.511014390209921	2675	10
112399	1	0.385139895185035	1	8	0.918582138069376	0.511014390209921	2675	10
112464	1	0.64964264984276	1	8	0.918582138069376	0.511014390209921	2675	10
112479	0	-0.227886425505749	0	8	0.918582138069376	0.511014390209921	2675	10
112611	4	-0.0119909234454776	0	8	0.918582138069376	0.511014390209921	2675	10
112869	3	0.399317967999001	0	8	0.918582138069376	0.511014390209921	2675	10
112950	3	0.280163182617997	0	8	0.918582138069376	0.511014390209921	2675	10
113146	1	0.792297008444194	1	8	0.918582138069376	0.511014390209921	2675	10
113177	3	-0.00828462234185186	0	8	0.918582138069376	0.511014390209921	2675	10
113251	4	-0.207813329402646	0	8	0.918582138069376	0.511014390209921	2675	10
113419	6	-0.0383683446988627	0	8	0.918582138069376	0.511014390209921	2675	10
113791	1	0.617189311546854	1	8	0.918582138069376	0.511014390209921	2675	10
113835	0	0.147782558518244	0	8	0.918582138069376	0.511014390209921	2675	10
114034	0	0.310814806456552	0	8	0.918582138069376	0.511014390209921	2675	10
114049	3	0.331816363247903	0	8	0.918582138069376	0.511014390209921	2675	10
114088	0	0.164997489249945	0	8	0.918582138069376	0.511014390209921	2675	10
114327	1	0.430437718559886	1	8	0.918582138069376	0.511014390209921	2675	10
114548	1	0.704789108241892	1	8	0.918582138069376	0.511014390209921	2675	10
114625	0	0.158180485276535	0	8	0.918582138069376	0.511014390209921	2675	10
114791	2	-0.0292157544671427	0	8	0.918582138069376	0.511014390209921	2675	10
114825	1	0.575614699120238	1	8	0.918582138069376	0.511014390209921	2675	10
114876	2	-0.218315422108333	0	8	0.918582138069376	0.511014390209921	2675	10
114881	0	0.410033224048053	0	8	0.918582138069376	0.511014390209921	2675	10
114882	4	-0.099470348527883	0	8	0.918582138069376	0.511014390209921	2675	10
114883	4	-0.0438832821302779	0	8	0.918582138069376	0.511014390209921	2675	10
114884	1	0.562636777017642	1	8	0.918582138069376	0.511014390209921	2675	10
114885	0	0.272434466971726	0	8	0.918582138069376	0.511014390209921	2675	10
114897	1	0.636442892893319	1	8	0.918582138069376	0.511014390209921	2675	10
114899	0	0.43788811984224	0	8	0.918582138069376	0.511014390209921	2675	10
114908	1	0.668889727738061	1	8	0.918582138069376	0.511014390209921	2675	10
114932	7	0.283371270360431	0	8	0.918582138069376	0.511014390209921	2675	10
115123	1	0.630883295705929	1	8	0.918582138069376	0.511014390209921	2675	10
115201	7	-0.129612762683281	0	8	0.918582138069376	0.511014390209921	2675	10
115207	1	0.657498329357146	1	8	0.918582138069376	0.511014390209921	2675	10
115353	3	0.136977942812151	0	8	0.918582138069376	0.511014390209921	2675	10
115703	5	0.237498951983302	0	8	0.918582138069376	0.511014390209921	2675	10
115708	5	0.358415337700863	0	8	0.918582138069376	0.511014390209921	2675	10
115817	2	-0.0631104210207724	0	8	0.918582138069376	0.511014390209921	2675	10
115939	3	0.208093908791291	0	8	0.918582138069376	0.511014390209921	2675	10
116039	0	0.343574782477998	0	8	0.918582138069376	0.511014390209921	2675	10
116138	3	0.295473411303987	0	8	0.918582138069376	0.511014390209921	2675	10
116285	1	0.522512850545398	1	8	0.918582138069376	0.511014390209921	2675	10
116372	1	0.475568071657094	1	8	0.918582138069376	0.511014390209921	2675	10
116496	1	0.753267589929186	1	8	0.918582138069376	0.511014390209921	2675	10
116832	0	0.261449528374144	0	8	0.918582138069376	0.511014390209921	2675	10
116984	1	0.647469309180592	1	8	0.918582138069376	0.511014390209921	2675	10
116985	5	0.416808911511377	0	8	0.918582138069376	0.511014390209921	2675	10
116986	1	0.840675464291688	1	8	0.918582138069376	0.511014390209921	2675	10
116987	2	-0.211317851976724	0	8	0.918582138069376	0.511014390209921	2675	10
117178	4	-0.0968181415660792	0	8	0.918582138069376	0.511014390209921	2675	10
117246	0	0.0820722703522577	0	8	0.918582138069376	0.511014390209921	2675	10
120227	0	0.111858611391799	0	8	0.918582138069376	0.511014390209921	2675	10
120526	0	-0.191918499974763	0	8	0.918582138069376	0.511014390209921	2675	10
122616	0	0.130615334197901	0	8	0.918582138069376	0.511014390209921	2675	10
123803	3	0.559050290653295	0	8	0.918582138069376	0.511014390209921	2675	10
123872	0	-0.0118050973005657	0	8	0.918582138069376	0.511014390209921	2675	10
124044	0	-0.0779526256579296	0	8	0.918582138069376	0.511014390209921	2675	10
124152	6	-0.0270913723077339	0	8	0.918582138069376	0.511014390209921	2675	10
124222	1	0.666931286415539	1	8	0.918582138069376	0.511014390209921	2675	10
124565	0	-0.20956372992025	0	8	0.918582138069376	0.511014390209921	2675	10
124583	0	0.619812223122127	0	8	0.918582138069376	0.511014390209921	2675	10
125058	1	0.619248738673471	1	8	0.918582138069376	0.511014390209921	2675	10
126208	3	0.116870052716152	0	8	0.918582138069376	0.511014390209921	2675	10
126231	0	0.0743967052197005	0	8	0.918582138069376	0.511014390209921	2675	10
126298	0	0.355618469637599	0	8	0.918582138069376	0.511014390209921	2675	10
126299	3	0.220803684392866	0	8	0.918582138069376	0.511014390209921	2675	10
126353	2	-0.294953005128923	0	8	0.918582138069376	0.511014390209921	2675	10
126393	1	0.499272988722377	1	8	0.918582138069376	0.511014390209921	2675	10
127544	0	0.0287027552039902	0	8	0.918582138069376	0.511014390209921	2675	10
127703	1	0.624637256999852	1	8	0.918582138069376	0.511014390209921	2675	10
127833	5	0.337880634992144	0	8	0.918582138069376	0.511014390209921	2675	10
128553	1	0.770552081571182	1	8	0.918582138069376	0.511014390209921	2675	10
129080	1	0.479395764401109	1	8	0.918582138069376	0.511014390209921	2675	10
130074	0	-0.0111172980833888	0	8	0.918582138069376	0.511014390209921	2675	10
130916	1	0.555293912829581	1	8	0.918582138069376	0.511014390209921	2675	10
131408	0	-0.117457338390383	0	8	0.918582138069376	0.511014390209921	2675	10
131544	1	0.610586620796576	1	8	0.918582138069376	0.511014390209921	2675	10
131566	1	0.581786313786112	1	8	0.918582138069376	0.511014390209921	2675	10
131601	3	0.252826698540496	0	8	0.918582138069376	0.511014390209921	2675	10
133619	0	0.0335085136593429	0	8	0.918582138069376	0.511014390209921	2675	10
135138	0	-0.291124267799508	0	8	0.918582138069376	0.511014390209921	2675	10
137886	0	-0.269236679902602	0	8	0.918582138069376	0.511014390209921	2675	10
138046	2	-0.336498613434154	0	8	0.918582138069376	0.511014390209921	2675	10
138050	0	0.470046859409946	0	8	0.918582138069376	0.511014390209921	2675	10
138151	0	0.118720943938318	0	8	0.918582138069376	0.511014390209921	2675	10
138162	3	0.278544890549312	0	8	0.918582138069376	0.511014390209921	2675	10
139322	4	-0.18175321164071	0	8	0.918582138069376	0.511014390209921	2675	10
140459	0	0.170033982651358	0	8	0.918582138069376	0.511014390209921	2675	10
140460	0	0.12843824435554	0	8	0.918582138069376	0.511014390209921	2675	10
140461	2	-0.0740059973908794	0	8	0.918582138069376	0.511014390209921	2675	10
140462	2	-0.239707897071951	0	8	0.918582138069376	0.511014390209921	2675	10
140465	3	0.38511855785048	0	8	0.918582138069376	0.511014390209921	2675	10
140467	3	-0.0816068149040104	0	8	0.918582138069376	0.511014390209921	2675	10
140545	0	-0.202142487337132	0	8	0.918582138069376	0.511014390209921	2675	10
140578	1	0.472010580364274	1	8	0.918582138069376	0.511014390209921	2675	10
140597	8	-0.164885480213015	0	8	0.918582138069376	0.511014390209921	2675	10
140609	8	-0.0895644163823195	0	8	0.918582138069376	0.511014390209921	2675	10
140803	6	-0.25112159962499	0	8	0.918582138069376	0.511014390209921	2675	10
140883	1	0.426750721961941	1	8	0.918582138069376	0.511014390209921	2675	10
140885	1	0.427047459328655	1	8	0.918582138069376	0.511014390209921	2675	10
140890	4	0.15867293828806	0	8	0.918582138069376	0.511014390209921	2675	10
142684	0	0.154918854960469	0	8	0.918582138069376	0.511014390209921	2675	10
144404	9	0.00885455088225914	0	8	0.918582138069376	0.511014390209921	2675	10
145389	4	-0.199989020271981	0	8	0.918582138069376	0.511014390209921	2675	10
146057	1	0.507738831078361	1	8	0.918582138069376	0.511014390209921	2675	10
146227	0	0.211494276535892	0	8	0.918582138069376	0.511014390209921	2675	10
146542	3	0.01243503304697	0	8	0.918582138069376	0.511014390209921	2675	10
146562	6	0.0181898079554778	0	8	0.918582138069376	0.511014390209921	2675	10
146691	5	-0.194853323417687	0	8	0.918582138069376	0.511014390209921	2675	10
146712	1	0.502664746650082	1	8	0.918582138069376	0.511014390209921	2675	10
146909	1	0.71409076019775	1	8	0.918582138069376	0.511014390209921	2675	10
147179	4	0.0908876921833985	0	8	0.918582138069376	0.511014390209921	2675	10
147339	0	0.0830272450081088	0	8	0.918582138069376	0.511014390209921	2675	10
147657	0	-0.0284330908629363	0	8	0.918582138069376	0.511014390209921	2675	10
147912	5	0.339587682786662	0	8	0.918582138069376	0.511014390209921	2675	10
148022	5	0.337260882017579	0	8	0.918582138069376	0.511014390209921	2675	10
148229	1	0.556542952349705	1	8	0.918582138069376	0.511014390209921	2675	10
149111	0	-0.108382788828834	0	8	0.918582138069376	0.511014390209921	2675	10
149603	3	-0.103144766924352	0	8	0.918582138069376	0.511014390209921	2675	10
149628	1	0.696136338975488	1	8	0.918582138069376	0.511014390209921	2675	10
149986	6	-0.120807260416278	0	8	0.918582138069376	0.511014390209921	2675	10
151011	0	-0.173634277554215	0	8	0.918582138069376	0.511014390209921	2675	10
151050	2	-0.145152323904846	0	8	0.918582138069376	0.511014390209921	2675	10
151987	0	0.33496063187284	0	8	0.918582138069376	0.511014390209921	2675	10
152006	4	-0.0644247797925505	0	8	0.918582138069376	0.511014390209921	2675	10
152185	0	0.376337682466984	0	8	0.918582138069376	0.511014390209921	2675	10
152559	8	0.000127759219419087	0	8	0.918582138069376	0.511014390209921	2675	10
154661	2	-0.239789342242416	0	8	0.918582138069376	0.511014390209921	2675	10
155066	2	-0.332180422887763	0	8	0.918582138069376	0.511014390209921	2675	10
157567	2	-0.354788485536943	0	8	0.918582138069376	0.511014390209921	2675	10
157680	1	0.756232597607716	1	8	0.918582138069376	0.511014390209921	2675	10
157869	1	0.617743007247595	1	8	0.918582138069376	0.511014390209921	2675	10
157922	1	0.556782370716075	1	8	0.918582138069376	0.511014390209921	2675	10
158471	0	-0.0335244721189914	0	8	0.918582138069376	0.511014390209921	2675	10
158586	6	0.0676527021133837	0	8	0.918582138069376	0.511014390209921	2675	10
158747	0	0.076743128207646	0	8	0.918582138069376	0.511014390209921	2675	10
159963	2	-0.500764178780001	0	8	0.918582138069376	0.511014390209921	2675	10
160518	2	-0.202168734459691	0	8	0.918582138069376	0.511014390209921	2675	10
161291	0	0.0301835166975774	0	8	0.918582138069376	0.511014390209921	2675	10
162427	10	0.489466282197866	0	8	0.918582138069376	0.511014390209921	2675	10
162972	1	0.566393269507513	1	8	0.918582138069376	0.511014390209921	2675	10
163131	0	0.010605747244779	0	8	0.918582138069376	0.511014390209921	2675	10
163486	0	0.116106810259719	0	8	0.918582138069376	0.511014390209921	2675	10
163590	1	0.38966064743313	1	8	0.918582138069376	0.511014390209921	2675	10
166647	0	0.184625373352443	0	8	0.918582138069376	0.511014390209921	2675	10
167227	1	0.567358305883272	1	8	0.918582138069376	0.511014390209921	2675	10
168544	5	0.225437535633979	0	8	0.918582138069376	0.511014390209921	2675	10
169522	6	-0.080199681685008	0	8	0.918582138069376	0.511014390209921	2675	10
169611	0	0.108975035429869	0	8	0.918582138069376	0.511014390209921	2675	10
171017	5	0.317456247538065	0	8	0.918582138069376	0.511014390209921	2675	10
171023	1	0.531326359520965	1	8	0.918582138069376	0.511014390209921	2675	10
171392	0	-0.0261424926324547	0	8	0.918582138069376	0.511014390209921	2675	10
171546	7	0.125024528901669	0	8	0.918582138069376	0.511014390209921	2675	10
171558	1	0.617967315397919	1	8	0.918582138069376	0.511014390209921	2675	10
171586	0	0.24411768056685	0	8	0.918582138069376	0.511014390209921	2675	10
192286	3	0.251317500497124	0	8	0.918582138069376	0.511014390209921	2675	10
192669	1	0.553709668346193	1	8	0.918582138069376	0.511014390209921	2675	10
192670	1	0.682029770490044	1	8	0.918582138069376	0.511014390209921	2675	10
192683	2	-0.0508405659541079	0	8	0.918582138069376	0.511014390209921	2675	10
196403	1	0.743451649511967	1	8	0.918582138069376	0.511014390209921	2675	10
196441	4	0.204559628113314	0	8	0.918582138069376	0.511014390209921	2675	10
196740	2	-0.30934360191539	0	8	0.918582138069376	0.511014390209921	2675	10
196743	3	0.0966862837032423	0	8	0.918582138069376	0.511014390209921	2675	10
199731	0	0.0714558988033734	0	8	0.918582138069376	0.511014390209921	2675	10
199870	0	0.229943863504406	0	8	0.918582138069376	0.511014390209921	2675	10
200081	1	0.578953704906872	1	8	0.918582138069376	0.511014390209921	2675	10
200316	1	0.768048675801227	1	8	0.918582138069376	0.511014390209921	2675	10
200424	1	0.724759174050183	1	8	0.918582138069376	0.511014390209921	2675	10
200576	0	0.270082423748916	0	8	0.918582138069376	0.511014390209921	2675	10
200734	0	0.160615479306297	0	8	0.918582138069376	0.511014390209921	2675	10
201134	4	0.32113523679016	0	8	0.918582138069376	0.511014390209921	2675	10
201191	5	0.263185077748917	0	8	0.918582138069376	0.511014390209921	2675	10
201229	2	-0.306122096043827	0	8	0.918582138069376	0.511014390209921	2675	10
201254	3	0.261669141740933	0	8	0.918582138069376	0.511014390209921	2675	10
201501	1	0.513507203063947	1	8	0.918582138069376	0.511014390209921	2675	10
202559	6	-0.0531194256326992	0	8	0.918582138069376	0.511014390209921	2675	10
203068	0	0.332908936823635	0	8	0.918582138069376	0.511014390209921	2675	10
203069	3	0.165130361402505	0	8	0.918582138069376	0.511014390209921	2675	10
203197	1	0.734366648192202	1	8	0.918582138069376	0.511014390209921	2675	10
204851	1	0.506723136876263	1	8	0.918582138069376	0.511014390209921	2675	10
205564	1	0.504438039535931	1	8	0.918582138069376	0.511014390209921	2675	10
206358	6	0.097345118894292	0	8	0.918582138069376	0.511014390209921	2675	10
219333	0	-0.351196871106868	0	8	0.918582138069376	0.511014390209921	2675	10
219654	1	0.717773432211663	1	8	0.918582138069376	0.511014390209921	2675	10
219699	5	0.603941419349839	0	8	0.918582138069376	0.511014390209921	2675	10
219899	7	0.263131755624251	0	8	0.918582138069376	0.511014390209921	2675	10
220972	0	0.247313102054093	0	8	0.918582138069376	0.511014390209921	2675	10
221037	4	0.247170021668801	0	8	0.918582138069376	0.511014390209921	2675	10
221061	0	0.216914671139491	0	8	0.918582138069376	0.511014390209921	2675	10
221092	0	0.293952565863411	0	8	0.918582138069376	0.511014390209921	2675	10
221154	2	-0.383187916871827	0	8	0.918582138069376	0.511014390209921	2675	10
221395	8	-0.253559731560869	0	8	0.918582138069376	0.511014390209921	2675	10
221443	2	-0.133862084698266	0	8	0.918582138069376	0.511014390209921	2675	10
221692	5	0.431512679988219	0	8	0.918582138069376	0.511014390209921	2675	10
221749	0	0.0715283900865529	0	8	0.918582138069376	0.511014390209921	2675	10
221830	0	0.0128374147846138	0	8	0.918582138069376	0.511014390209921	2675	10
221981	8	-0.241495655992486	0	8	0.918582138069376	0.511014390209921	2675	10
222255	0	-0.288890939267243	0	8	0.918582138069376	0.511014390209921	2675	10
222487	0	0.486210924439952	0	8	0.918582138069376	0.511014390209921	2675	10
222642	6	0.025390640657887	0	8	0.918582138069376	0.511014390209921	2675	10
222658	1	0.638575583597743	1	8	0.918582138069376	0.511014390209921	2675	10
223117	0	-0.195071768193986	0	8	0.918582138069376	0.511014390209921	2675	10
246243	1	0.612508827470857	1	8	0.918582138069376	0.511014390209921	2675	10
253143	1	0.789059933138597	1	8	0.918582138069376	0.511014390209921	2675	10
253190	5	0.355429893237111	0	8	0.918582138069376	0.511014390209921	2675	10
253461	1	0.546648625740305	1	8	0.918582138069376	0.511014390209921	2675	10
253782	4	-0.109094594502431	0	8	0.918582138069376	0.511014390209921	2675	10
253943	0	-0.112674573229253	0	8	0.918582138069376	0.511014390209921	2675	10
253959	6	-0.160748972851191	0	8	0.918582138069376	0.511014390209921	2675	10
253980	5	0.446879343576095	0	8	0.918582138069376	0.511014390209921	2675	10
253982	1	0.570041431734166	1	8	0.918582138069376	0.511014390209921	2675	10
254102	1	0.690874424004411	1	8	0.918582138069376	0.511014390209921	2675	10
254359	2	-0.0559108785416013	0	8	0.918582138069376	0.511014390209921	2675	10
254394	0	0.197951982289368	0	8	0.918582138069376	0.511014390209921	2675	10
254531	1	0.768448993553985	1	8	0.918582138069376	0.511014390209921	2675	10
255057	0	-0.0697121430703399	0	8	0.918582138069376	0.511014390209921	2675	10
256051	1	0.603048966155381	1	8	0.918582138069376	0.511014390209921	2675	10
256364	1	0.707872312110378	1	8	0.918582138069376	0.511014390209921	2675	10
256949	0	0.123282449720347	0	8	0.918582138069376	0.511014390209921	2675	10
256987	1	0.496682045383024	1	8	0.918582138069376	0.511014390209921	2675	10
257407	6	-0.173947044211538	0	8	0.918582138069376	0.511014390209921	2675	10
259173	8	-0.0799814964353009	0	8	0.918582138069376	0.511014390209921	2675	10
259217	6	-0.120177550811014	0	8	0.918582138069376	0.511014390209921	2675	10
259230	1	0.460002225852869	1	8	0.918582138069376	0.511014390209921	2675	10
259266	1	0.512387839537812	1	8	0.918582138069376	0.511014390209921	2675	10
261726	0	-0.011494742320092	0	8	0.918582138069376	0.511014390209921	2675	10
261734	0	0.154369938517255	0	8	0.918582138069376	0.511014390209921	2675	10
266655	3	0.167703596951876	0	8	0.918582138069376	0.511014390209921	2675	10
266977	5	0.380897516372766	0	8	0.918582138069376	0.511014390209921	2675	10
283232	0	0.040512687796296	0	8	0.918582138069376	0.511014390209921	2675	10
283298	1	0.439015076940689	1	8	0.918582138069376	0.511014390209921	2675	10
283450	1	0.582683804346386	1	8	0.918582138069376	0.511014390209921	2675	10
283459	0	0.272306302932277	0	8	0.918582138069376	0.511014390209921	2675	10
283537	8	-0.157115583265546	0	8	0.918582138069376	0.511014390209921	2675	10
283638	5	0.155964711961276	0	8	0.918582138069376	0.511014390209921	2675	10
284021	1	0.50804829192959	1	8	0.918582138069376	0.511014390209921	2675	10
284119	1	0.673306757670997	1	8	0.918582138069376	0.511014390209921	2675	10
284325	5	-0.0280418030991236	0	8	0.918582138069376	0.511014390209921	2675	10
284352	5	0.105719989867316	0	8	0.918582138069376	0.511014390209921	2675	10
284403	1	0.485868361860248	1	8	0.918582138069376	0.511014390209921	2675	10
284443	0	-0.0358772526142375	0	8	0.918582138069376	0.511014390209921	2675	10
285203	1	0.554424514918463	1	8	0.918582138069376	0.511014390209921	2675	10
285282	8	-0.237994690305693	0	8	0.918582138069376	0.511014390209921	2675	10
285527	1	0.647750343574484	1	8	0.918582138069376	0.511014390209921	2675	10
285672	7	0.119399461866137	0	8	0.918582138069376	0.511014390209921	2675	10
285755	6	0.0396220321727653	0	8	0.918582138069376	0.511014390209921	2675	10
286148	0	-0.250728937171844	0	8	0.918582138069376	0.511014390209921	2675	10
286205	0	0.340381219012558	0	8	0.918582138069376	0.511014390209921	2675	10
286451	8	-0.208532242212388	0	8	0.918582138069376	0.511014390209921	2675	10
317662	2	0.001644622892644	0	8	0.918582138069376	0.511014390209921	2675	10
317762	8	-0.149086607056899	0	8	0.918582138069376	0.511014390209921	2675	10
317781	5	0.291168159384269	0	8	0.918582138069376	0.511014390209921	2675	10
339105	5	0.250710123415683	0	8	0.918582138069376	0.511014390209921	2675	10
339229	3	0.270092701352367	0	8	0.918582138069376	0.511014390209921	2675	10
339448	3	0.34791878184576	0	8	0.918582138069376	0.511014390209921	2675	10
339479	0	-0.0643554347387108	0	8	0.918582138069376	0.511014390209921	2675	10
346157	0	-0.0692556183699764	0	8	0.918582138069376	0.511014390209921	2675	10
347344	3	0.216943122113737	0	8	0.918582138069376	0.511014390209921	2675	10
347733	0	0.0624111165126983	0	8	0.918582138069376	0.511014390209921	2675	10
347902	8	-0.095183777209657	0	8	0.918582138069376	0.511014390209921	2675	10
348110	0	0.435642895806576	0	8	0.918582138069376	0.511014390209921	2675	10
348995	0	0.407815270826147	0	8	0.918582138069376	0.511014390209921	2675	10
353189	4	-0.175782867469946	0	8	0.918582138069376	0.511014390209921	2675	10
353500	5	0.445351359167162	0	8	0.918582138069376	0.511014390209921	2675	10
353514	1	0.588136919756281	1	8	0.918582138069376	0.511014390209921	2675	10
373156	3	0.00666998163784058	0	8	0.918582138069376	0.511014390209921	2675	10
374291	3	-0.115006816359162	0	8	0.918582138069376	0.511014390209921	2675	10
374655	5	-0.0361158421087793	0	8	0.918582138069376	0.511014390209921	2675	10
374868	0	0.0202543249417201	0	8	0.918582138069376	0.511014390209921	2675	10
375035	1	0.539746171520291	1	8	0.918582138069376	0.511014390209921	2675	10
375056	4	0.0914483539619178	0	8	0.918582138069376	0.511014390209921	2675	10
375057	6	0.00146026011853454	0	8	0.918582138069376	0.511014390209921	2675	10
375449	0	-0.250260863473383	0	8	0.918582138069376	0.511014390209921	2675	10
375790	5	0.58228307527428	0	8	0.918582138069376	0.511014390209921	2675	10
376267	0	0.210761472782451	0	8	0.918582138069376	0.511014390209921	2675	10
387032	1	0.647188391237648	1	8	0.918582138069376	0.511014390209921	2675	10
387082	0	-0.132213016588728	0	8	0.918582138069376	0.511014390209921	2675	10
387263	0	-0.0902465548035913	0	8	0.918582138069376	0.511014390209921	2675	10
387509	1	0.596618107834303	1	8	0.918582138069376	0.511014390209921	2675	10
388567	0	0.404593028737529	0	8	0.918582138069376	0.511014390209921	2675	10
388569	5	0.234671955168669	0	8	0.918582138069376	0.511014390209921	2675	10
388650	0	-0.181412878086299	0	8	0.918582138069376	0.511014390209921	2675	10
388969	1	0.292301653931682	1	8	0.918582138069376	0.511014390209921	2675	10
389136	0	0.425551733367377	0	8	0.918582138069376	0.511014390209921	2675	10
389677	0	0.393062615987407	0	8	0.918582138069376	0.511014390209921	2675	10
389856	0	-0.0927363745185976	0	8	0.918582138069376	0.511014390209921	2675	10
390940	3	0.318821700684846	0	8	0.918582138069376	0.511014390209921	2675	10
399664	5	0.547296664862395	0	8	0.918582138069376	0.511014390209921	2675	10
399665	0	0.0824527925626992	0	8	0.918582138069376	0.511014390209921	2675	10
399979	1	0.483146651646903	1	8	0.918582138069376	0.511014390209921	2675	10
400410	6	0.00338314708734431	0	8	0.918582138069376	0.511014390209921	2675	10
400451	0	0.37180650565593	0	8	0.918582138069376	0.511014390209921	2675	10
400506	1	0.560699177156815	1	8	0.918582138069376	0.511014390209921	2675	10
402055	3	0.220000239879491	0	8	0.918582138069376	0.511014390209921	2675	10
404093	10	0.472407865485714	0	8	0.918582138069376	0.511014390209921	2675	10
404672	3	0.129979751243579	0	8	0.918582138069376	0.511014390209921	2675	10
440026	0	-0.0825839080197165	0	8	0.918582138069376	0.511014390209921	2675	10
440738	1	0.556799227469856	1	8	0.918582138069376	0.511014390209921	2675	10
441024	0	0.0572385877195077	0	8	0.918582138069376	0.511014390209921	2675	10
474344	1	0.518264309431194	1	8	0.918582138069376	0.511014390209921	2675	10
552889	0	0.309104122875731	0	8	0.918582138069376	0.511014390209921	2675	10
553115	3	0.29477926384819	0	8	0.918582138069376	0.511014390209921	2675	10
641339	0	-0.112970002766786	0	8	0.918582138069376	0.511014390209921	2675	10
643641	1	0.514218650269154	1	8	0.918582138069376	0.511014390209921	2675	10
644096	3	0.127786354360695	0	8	0.918582138069376	0.511014390209921	2675	10
727800	6	-0.0516477688469082	0	8	0.918582138069376	0.511014390209921	2675	10
727897	5	0.0688944307186085	0	8	0.918582138069376	0.511014390209921	2675	10
728215	0	0.42015545454821	0	8	0.918582138069376	0.511014390209921	2675	10
729230	1	0.758641686751691	1	8	0.918582138069376	0.511014390209921	2675	10
729515	3	0.25974868988954	0	8	0.918582138069376	0.511014390209921	2675	10
752014	6	-0.0568156559227797	0	8	0.918582138069376	0.511014390209921	2675	10
100129250	6	0.115048903086997	0	8	0.918582138069376	0.511014390209921	2675	10
100129361	3	-0.00711228193980424	0	8	0.918582138069376	0.511014390209921	2675	10
100131755	5	0.354314129598397	0	8	0.918582138069376	0.511014390209921	2675	10
100133941	1	0.646905226868074	1	8	0.918582138069376	0.511014390209921	2675	10
100288413	8	-0.10857453802822	0	8	0.918582138069376	0.511014390209921	2675	10
100505741	0	0.223287497625126	0	8	0.918582138069376	0.511014390209921	2675	10
100506581	3	-0.0401468612201075	0	8	0.918582138069376	0.511014390209921	2675	10
100507436	0	0.0588565566849313	0	8	0.918582138069376	0.511014390209921	2675	10
