gene	module	kME	in_trait_module	power	sft_r2	trait_module_cor	trait_module_size	n_modules
2	4	0.551102828437997	0	9	0.865558391226237	0.650714643381896	483	7
9	0	0.124376093978013	0	9	0.865558391226237	0.650714643381896	483	7
12	5	0.649795556837989	1	9	0.865558391226237	0.650714643381896	483	7
14	2	0.461371147885284	0	9	0.865558391226237	0.650714643381896	483	7
15	1	0.581590616430436	0	9	0.865558391226237	0.650714643381896	483	7
16	2	0.283105520699025	0	9	0.865558391226237	0.650714643381896	483	7
18	6	0.0449351556889201	0	9	0.865558391226237	0.650714643381896	483	7
19	3	0.48674066388568	0	9	0.865558391226237	0.650714643381896	483	7
20	0	0.53179594432474	0	9	0.865558391226237	0.650714643381896	483	7
21	0	0.417420535149979	0	9	0.865558391226237	0.650714643381896	483	7
22	0	0.22890586291753	0	9	0.865558391226237	0.650714643381896	483	7
24	1	0.577929668288166	0	9	0.865558391226237	0.650714643381896	483	7
25	2	0.370923602164013	0	9	0.865558391226237	0.650714643381896	483	7
26	6	-0.315098921669602	0	9	0.865558391226237	0.650714643381896	483	7
27	1	0.560538486775528	0	9	0.865558391226237	0.650714643381896	483	7
28	7	0.297993606332584	0	9	0.865558391226237	0.650714643381896	483	7
29	0	0.231788844809755	0	9	0.865558391226237	0.650714643381896	483	7
30	6	0.00855924836189556	0	9	0.865558391226237	0.650714643381896	483	7
31	1	0.517311832121731	0	9	0.865558391226237	0.650714643381896	483	7
32	1	0.300633460426733	0	9	0.865558391226237	0.650714643381896	483	7
33	6	-0.149580695436836	0	9	0.865558391226237	0.650714643381896	483	7
34	6	0.0240366375006674	0	9	0.865558391226237	0.650714643381896	483	7
35	0	0.447333850416684	0	9	0.865558391226237	0.650714643381896	483	7
36	6	-0.0919087044986097	0	9	0.865558391226237	0.650714643381896	483	7
37	6	0.148417286847101	0	9	0.865558391226237	0.650714643381896	483	7
38	6	-0.257009272788083	0	9	0.865558391226237	0.650714643381896	483	7
39	3	0.338902961355808	0	9	0.865558391226237	0.650714643381896	483	7
40	1	0.48229673205445	0	9	0.865558391226237	0.650714643381896	483	7
41	1	0.341837564184788	0	9	0.865558391226237	0.650714643381896	483	7
43	1	0.684288200210473	0	9	0.865558391226237	0.650714643381896	483	7
47	2	0.479053517737927	0	9	0.865558391226237	0.650714643381896	483	7
48	6	0.0274393247085628	0	9	0.865558391226237	0.650714643381896	483	7
50	6	0.122225449078715	0	9	0.865558391226237	0.650714643381896	483	7
51	7	0.199326594619795	0	9	0.865558391226237	0.650714643381896	483	7
52	0	0.388851129964036	0	9	0.865558391226237	0.650714643381896	483	7
53	2	0.411782903954712	0	9	0.865558391226237	0.650714643381896	483	7
54	6	0.0750467291956011	0	9	0.865558391226237	0.650714643381896	483	7
55	5	0.538855856970442	1	9	0.865558391226237	0.650714643381896	483	7
58	1	0.417070043361997	0	9	0.865558391226237	0.650714643381896	483	7
59	1	0.397428202965303	0	9	0.865558391226237	0.650714643381896	483	7
70	1	0.44678276602947	0	9	0.865558391226237	0.650714643381896	483	7
72	1	0.514559029226547	0	9	0.865558391226237	0.650714643381896	483	7
81	2	0.197548375584329	0	9	0.865558391226237	0.650714643381896	483	7
86	3	0.366936424320325	0	9	0.865558391226237	0.650714643381896	483	7
87	5	0.559829972831492	1	9	0.865558391226237	0.650714643381896	483	7
88	1	0.43035718795635	0	9	0.865558391226237	0.650714643381896	483	7
89	1	0.532449002894516	0	9	0.865558391226237	0.650714643381896	483	7
90	3	0.410606552885825	0	9	0.865558391226237	0.650714643381896	483	7
91	1	0.482243356603184	0	9	0.865558391226237	0.650714643381896	483	7
92	0	0.332576071623154	0	9	0.865558391226237	0.650714643381896	483	7
93	0	0.493243323258873	0	9	0.865558391226237	0.650714643381896	483	7
94	1	0.332013251583893	0	9	0.865558391226237	0.650714643381896	483	7
97	4	0.215865652704288	0	9	0.865558391226237	0.650714643381896	483	7
100	1	0.655730857576283	0	9	0.865558391226237	0.650714643381896	483	7
101	0	0.404029772225546	0	9	0.865558391226237	0.650714643381896	483	7
102	0	0.616160020388581	0	9	0.865558391226237	0.650714643381896	483	7
103	2	0.458229582268866	0	9	0.865558391226237	0.650714643381896	483	7
104	4	0.301936344316956	0	9	0.865558391226237	0.650714643381896	483	7
105	1	0.309919347688068	0	9	0.865558391226237	0.650714643381896	483	7
107	4	0.0762736616625249	0	9	0.865558391226237	0.650714643381896	483	7
108	1	0.410511203074927	0	9	0.865558391226237	0.650714643381896	483	7
109	1	0.354108867848115	0	9	0.865558391226237	0.650714643381896	483	7
113	0	0.39362885040001	0	9	0.865558391226237	0.650714643381896	483	7
115	0	0.435086308080774	0	9	0.865558391226237	0.650714643381896	483	7
116	0	0.0759448704519442	0	9	0.865558391226237	0.650714643381896	483	7
117	1	0.407600764305046	0	9	0.865558391226237	0.650714643381896	483	7
118	0	0.215275350120464	0	9	0.865558391226237	0.650714643381896	483	7
119	1	0.685582543868081	0	9	0.865558391226237	0.650714643381896	483	7
120	6	0.0711736197879794	0	9	0.865558391226237	0.650714643381896	483	7
125	5	0.864743098353286	1	9	0.865558391226237	0.650714643381896	483	7
128	3	-0.0279030379588775	0	9	0.865558391226237	0.650714643381896	483	7
130	6	0.174978537891524	0	9	0.865558391226237	0.650714643381896	483	7
132	3	0.476715645910376	0	9	0.865558391226237	0.650714643381896	483	7
133	0	0.0313784609208827	0	9	0.865558391226237	0.650714643381896	483	7
134	0	0.511804226653122	0	9	0.865558391226237	0.650714643381896	483	7
136	0	0.198780383201424	0	9	0.865558391226237	0.650714643381896	483	7
140	1	0.611818455093465	0	9	0.865558391226237	0.650714643381896	483	7
141	1	0.362166547459215	0	9	0.865558391226237	0.650714643381896	483	7
142	5	0.746542011672717	1	9	0.865558391226237	0.650714643381896	483	7
147	0	0.334260205806659	0	9	0.865558391226237	0.650714643381896	483	7
148	1	0.50968572182627	0	9	0.865558391226237	0.650714643381896	483	7
150	5	0.773694889927465	1	9	0.865558391226237	0.650714643381896	483	7
151	0	0.226482065813126	0	9	0.865558391226237	0.650714643381896	483	7
152	0	0.389886295004069	0	9	0.865558391226237	0.650714643381896	483	7
153	0	0.240399173612668	0	9	0.865558391226237	0.650714643381896	483	7
154	5	0.623557462147968	1	9	0.865558391226237	0.650714643381896	483	7
156	0	0.0674578441998739	0	9	0.865558391226237	0.650714643381896	483	7
157	1	0.497212647115983	0	9	0.865558391226237	0.650714643381896	483	7
158	0	0.316092606125472	0	9	0.865558391226237	0.650714643381896	483	7
159	3	0.311761427306456	0	9	0.865558391226237	0.650714643381896	483	7
161	2	0.439916658247015	0	9	0.865558391226237	0.650714643381896	483	7
162	0	0.276335039797159	0	9	0.865558391226237	0.650714643381896	483	7
163	7	0.29573503421918	0	9	0.865558391226237	0.650714643381896	483	7
164	0	0.111385413002902	0	9	0.865558391226237	0.650714643381896	483	7
166	2	0.537221967021006	0	9	0.865558391226237	0.650714643381896	483	7
173	6	-0.269274299729043	0	9	0.865558391226237	0.650714643381896	483	7
175	3	0.450252664510541	0	9	0.865558391226237	0.650714643381896	483	7
176	0	0.241386767223815	0	9	0.865558391226237	0.650714643381896	483	7
178	0	0.125021339446471	0	9	0.865558391226237	0.650714643381896	483	7
181	1	0.48622945949286	0	9	0.865558391226237	0.650714643381896	483	7
182	0	0.445391657152505	0	9	0.865558391226237	0.650714643381896	483	7
183	6	0.0935051217558625	0	9	0.865558391226237	0.650714643381896	483	7
185	4	0.242997216908181	0	9	0.865558391226237	0.650714643381896	483	7
186	1	0.425017044591688	0	9	0.865558391226237	0.650714643381896	483	7
187	4	-0.002254822960441	0	9	0.865558391226237	0.650714643381896	483	7
189	2	0.26107496994398	0	9	0.865558391226237	0.650714643381896	483	7
191	6	0.0785029808434934	0	9	0.865558391226237	0.650714643381896	483	7
196	0	0.41445921205057	0	9	0.865558391226237	0.650714643381896	483	7
197	1	0.546158147503071	0	9	0.865558391226237	0.650714643381896	483	7
202	0	0.49073360960802	0	9	0.865558391226237	0.650714643381896	483	7
203	0	0.104854342525468	0	9	0.865558391226237	0.650714643381896	483	7
204	6	0.346975581069154	0	9	0.865558391226237	0.650714643381896	483	7
207	0	0.150421783004042	0	9	0.865558391226237	0.650714643381896	483	7
208	0	0.0793129319862087	0	9	0.865558391226237	0.650714643381896	483	7
210	6	0.0447827940901683	0	9	0.865558391226237	0.650714643381896	483	7
211	2	0.182636124661203	0	9	0.865558391226237	0.650714643381896	483	7
212	0	0.368615485968723	0	9	0.865558391226237	0.650714643381896	483	7
213	0	-0.259075813756953	0	9	0.865558391226237	0.650714643381896	483	7
214	3	0.383912765553277	0	9	0.865558391226237	0.650714643381896	483	7
215	0	0.414045781266132	0	9	0.865558391226237	0.650714643381896	483	7
216	6	0.377216878845594	0	9	0.865558391226237	0.650714643381896	483	7
217	6	-0.0473886424131046	0	9	0.865558391226237	0.650714643381896	483	7
218	1	0.353155724966544	0	9	0.865558391226237	0.650714643381896	483	7
219	6	0.246978755410776	0	9	0.865558391226237	0.650714643381896	483	7
220	5	0.686501439165821	1	9	0.865558391226237	0.650714643381896	483	7
221	0	0.323662073889806	0	9	0.865558391226237	0.650714643381896	483	7
223	6	-0.132909809058105	0	9	0.865558391226237	0.650714643381896	483	7
224	6	0.0585400307711152	0	9	0.865558391226237	0.650714643381896	483	7
225	0	0.420863951252671	0	9	0.865558391226237	0.650714643381896	483	7
226	2	0.153384467258367	0	9	0.865558391226237	0.650714643381896	483	7
229	6	-0.330316743521432	0	9	0.865558391226237	0.650714643381896	483	7
230	0	0.514163871410447	0	9	0.865558391226237	0.650714643381896	483	7
231	2	0.577978238327543	0	9	0.865558391226237	0.650714643381896	483	7
238	1	0.456114473000102	0	9	0.865558391226237	0.650714643381896	483	7
239	4	0.313057473385162	0	9	0.865558391226237	0.650714643381896	483	7
240	0	0.259817566395731	0	9	0.865558391226237	0.650714643381896	483	7
241	0	0.278926441293691	0	9	0.865558391226237	0.650714643381896	483	7
242	1	0.347701102613058	0	9	0.865558391226237	0.650714643381896	483	7
246	1	0.558231511693407	0	9	0.865558391226237	0.650714643381896	483	7
248	1	0.402131466855132	0	9	0.865558391226237	0.650714643381896	483	7
249	6	0.157195841154752	0	9	0.865558391226237	0.650714643381896	483	7
257	1	0.62471996454709	0	9	0.865558391226237	0.650714643381896	483	7
259	0	0.284516409563562	0	9	0.865558391226237	0.650714643381896	483	7
262	3	0.455341847853248	0	9	0.865558391226237	0.650714643381896	483	7
267	3	0.383445416980835	0	9	0.865558391226237	0.650714643381896	483	7
270	0	0.470243654515924	0	9	0.865558391226237	0.650714643381896	483	7
271	4	0.357926133689402	0	9	0.865558391226237	0.650714643381896	483	7
272	0	0.384812088415808	0	9	0.865558391226237	0.650714643381896	483	7
273	0	-0.047868392381785	0	9	0.865558391226237	0.650714643381896	483	7
274	6	0.0752057617260741	0	9	0.865558391226237	0.650714643381896	483	7
275	0	0.213024731262277	0	9	0.865558391226237	0.650714643381896	483	7
284	0	0.455290767092787	0	9	0.865558391226237	0.650714643381896	483	7
285	5	0.677810641099165	1	9	0.865558391226237	0.650714643381896	483	7
286	0	0.252646222313945	0	9	0.865558391226237	0.650714643381896	483	7
287	6	-0.0598955040872509	0	9	0.865558391226237	0.650714643381896	483	7
288	6	0.332407249618988	0	9	0.865558391226237	0.650714643381896	483	7
290	6	-0.0235077132548473	0	9	0.865558391226237	0.650714643381896	483	7
291	2	0.200632166882007	0	9	0.865558391226237	0.650714643381896	483	7
292	6	0.097447082281669	0	9	0.865558391226237	0.650714643381896	483	7
301	0	0.331113365612618	0	9	0.865558391226237	0.650714643381896	483	7
302	4	0.339615198777866	0	9	0.865558391226237	0.650714643381896	483	7
306	3	0.668961911099195	0	9	0.865558391226237	0.650714643381896	483	7
307	3	0.404300110547077	0	9	0.865558391226237	0.650714643381896	483	7
308	0	0.0578344273477963	0	9	0.865558391226237	0.650714643381896	483	7
309	0	0.262112017526251	0	9	0.865558391226237	0.650714643381896	483	7
310	0	0.377935093213793	0	9	0.865558391226237	0.650714643381896	483	7
311	0	0.354662502668927	0	9	0.865558391226237	0.650714643381896	483	7
312	0	0.387799869831063	0	9	0.865558391226237	0.650714643381896	483	7
313	0	0.553065305834585	0	9	0.865558391226237	0.650714643381896	483	7
314	1	0.375205247199927	0	9	0.865558391226237	0.650714643381896	483	7
316	6	0.0458392675542605	0	9	0.865558391226237	0.650714643381896	483	7
317	0	0.327746456879712	0	9	0.865558391226237	0.650714643381896	483	7
318	0	0.21683785135706	0	9	0.865558391226237	0.650714643381896	483	7
321	1	0.658462461716384	0	9	0.865558391226237	0.650714643381896	483	7
322	2	0.391946717104477	0	9	0.865558391226237	0.650714643381896	483	7
323	1	0.54441973607223	0	9	0.865558391226237	0.650714643381896	483	7
324	0	0.119128828989306	0	9	0.865558391226237	0.650714643381896	483	7
326	0	0.254543983368099	0	9	0.865558391226237	0.650714643381896	483	7
327	2	0.108615011222664	0	9	0.865558391226237	0.650714643381896	483	7
328	2	0.320004076959633	0	9	0.865558391226237	0.650714643381896	483	7
329	4	0.216512531949231	0	9	0.865558391226237	0.650714643381896	483	7
330	0	0.522304528744556	0	9	0.865558391226237	0.650714643381896	483	7
331	0	0.402200471000656	0	9	0.865558391226237	0.650714643381896	483	7
332	1	0.686953178432155	0	9	0.865558391226237	0.650714643381896	483	7
333	4	0.123829384211413	0	9	0.865558391226237	0.650714643381896	483	7
334	0	-0.00260499079909942	0	9	0.865558391226237	0.650714643381896	483	7
338	0	0.265735684044328	0	9	0.865558391226237	0.650714643381896	483	7
341	0	0.476545666084606	0	9	0.865558391226237	0.650714643381896	483	7
345	0	0.171079112471242	0	9	0.865558391226237	0.650714643381896	483	7
347	0	-0.0753726041585371	0	9	0.865558391226237	0.650714643381896	483	7
348	6	-0.257255800169192	0	9	0.865558391226237	0.650714643381896	483	7
350	1	-0.434408333886556	0	9	0.865558391226237	0.650714643381896	483	7
351	7	0.377390370534436	0	9	0.865558391226237	0.650714643381896	483	7
353	0	0.394693983071809	0	9	0.865558391226237	0.650714643381896	483	7
355	3	0.621285862276554	0	9	0.865558391226237	0.650714643381896	483	7
356	1	0.358018542927664	0	9	0.865558391226237	0.650714643381896	483	7
357	0	-0.0366847496693596	0	9	0.865558391226237	0.650714643381896	483	7
359	0	0.328017505969739	0	9	0.865558391226237	0.650714643381896	483	7
360	0	0.277785730549371	0	9	0.865558391226237	0.650714643381896	483	7
361	0	0.218419360280606	0	9	0.865558391226237	0.650714643381896	483	7
362	0	0.287768719712217	0	9	0.865558391226237	0.650714643381896	483	7
363	0	0.356189229987015	0	9	0.865558391226237	0.650714643381896	483	7
366	0	0.283051063955086	0	9	0.865558391226237	0.650714643381896	483	7
367	0	0.273291552665997	0	9	0.865558391226237	0.650714643381896	483	7
369	2	0.194906618834141	0	9	0.865558391226237	0.650714643381896	483	7
372	3	0.110416412541096	0	9	0.865558391226237	0.650714643381896	483	7
373	0	0.386179870150474	0	9	0.865558391226237	0.650714643381896	483	7
377	2	0.00193533804349074	0	9	0.865558391226237	0.650714643381896	483	7
378	3	0.507127961724057	0	9	0.865558391226237	0.650714643381896	483	7
379	1	0.433437867549243	0	9	0.865558391226237	0.650714643381896	483	7
381	2	0.352306278222819	0	9	0.865558391226237	0.650714643381896	483	7
382	0	0.571536076849329	0	9	0.865558391226237	0.650714643381896	483	7
384	2	0.381606791113299	0	9	0.865558391226237	0.650714643381896	483	7
387	3	0.296114082336152	0	9	0.865558391226237	0.650714643381896	483	7
388	0	0.212333368820551	0	9	0.865558391226237	0.650714643381896	483	7
389	2	0.261017335077476	0	9	0.865558391226237	0.650714643381896	483	7
390	0	0.521921156991653	0	9	0.865558391226237	0.650714643381896	483	7
391	0	0.0664070027817109	0	9	0.865558391226237	0.650714643381896	483	7
392	1	0.493980872167656	0	9	0.865558391226237	0.650714643381896	483	7
393	5	0.744275736398274	1	9	0.865558391226237	0.650714643381896	483	7
394	0	0.124244228978539	0	9	0.865558391226237	0.650714643381896	483	7
395	1	0.401168245895132	0	9	0.865558391226237	0.650714643381896	483	7
396	2	0.286935253753928	0	9	0.865558391226237	0.650714643381896	483	7
397	5	0.688746483202417	1	9	0.865558391226237	0.650714643381896	483	7
399	5	0.666741359531202	1	9	0.865558391226237	0.650714643381896	483	7
400	3	0.158282156019352	0	9	0.865558391226237	0.650714643381896	483	7
402	2	-0.053935747018069	0	9	0.865558391226237	0.650714643381896	483	7
403	3	0.380088108239202	0	9	0.865558391226237	0.650714643381896	483	7
405	1	0.420354211359687	0	9	0.865558391226237	0.650714643381896	483	7
406	0	-0.0182513190854601	0	9	0.865558391226237	0.650714643381896	483	7
407	1	0.497453583001002	0	9	0.865558391226237	0.650714643381896	483	7
408	0	0.423692330577149	0	9	0.865558391226237	0.650714643381896	483	7
409	0	0.666771087749187	0	9	0.865558391226237	0.650714643381896	483	7
410	0	0.392302939406666	0	9	0.865558391226237	0.650714643381896	483	7
411	0	0.261315068592013	0	9	0.865558391226237	0.650714643381896	483	7
412	1	0.618349679415365	0	9	0.865558391226237	0.650714643381896	483	7
414	0	0.313124607949811	0	9	0.865558391226237	0.650714643381896	483	7
415	6	0.00936829527766616	0	9	0.865558391226237	0.650714643381896	483	7
416	0	0.0472649894304718	0	9	0.865558391226237	0.650714643381896	483	7
420	0	-0.219155618113051	0	9	0.865558391226237	0.650714643381896	483	7
421	7	0.346174035410533	0	9	0.865558391226237	0.650714643381896	483	7
427	6	0.199746829648741	0	9	0.865558391226237	0.650714643381896	483	7
430	1	0.645145755009062	0	9	0.865558391226237	0.650714643381896	483	7
433	1	0.345273645894901	0	9	0.865558391226237	0.650714643381896	483	7
435	6	-0.103465593536409	0	9	0.865558391226237	0.650714643381896	483	7
439	2	0.472668769734717	0	9	0.865558391226237	0.650714643381896	483	7
440	4	0.44229377493944	0	9	0.865558391226237	0.650714643381896	483	7
443	6	-0.111823456338116	0	9	0.865558391226237	0.650714643381896	483	7
444	7	0.34559302401423	0	9	0.865558391226237	0.650714643381896	483	7
445	6	0.0380433897971669	0	9	0.865558391226237	0.650714643381896	483	7
462	0	0.280849600865042	0	9	0.865558391226237	0.650714643381896	483	7
463	1	0.310455320088003	0	9	0.865558391226237	0.650714643381896	483	7
466	3	0.385275141370788	0	9	0.865558391226237	0.650714643381896	483	7
467	0	-0.114692711968468	0	9	0.865558391226237	0.650714643381896	483	7
471	3	0.312885431035967	0	9	0.865558391226237	0.650714643381896	483	7
472	0	0.0989741285597203	0	9	0.865558391226237	0.650714643381896	483	7
473	0	0.586100144299212	0	9	0.865558391226237	0.650714643381896	483	7
475	7	-0.173436456009306	0	9	0.865558391226237	0.650714643381896	483	7
476	6	0.224809337992974	0	9	0.865558391226237	0.650714643381896	483	7
477	0	0.0673906736773331	0	9	0.865558391226237	0.650714643381896	483	7
479	0	0.184424071561201	0	9	0.865558391226237	0.650714643381896	483	7
481	6	0.0715858487761219	0	9	0.865558391226237	0.650714643381896	483	7
482	0	0.191297274981887	0	9	0.865558391226237	0.650714643381896	483	7
483	0	0.452864750597524	0	9	0.865558391226237	0.650714643381896	483	7
487	1	0.31855436888063	0	9	0.865558391226237	0.650714643381896	483	7
488	0	0.24209549135926	0	9	0.865558391226237	0.650714643381896	483	7
489	1	0.629770814947157	0	9	0.865558391226237	0.650714643381896	483	7
490	3	0.457948772588607	0	9	0.865558391226237	0.650714643381896	483	7
491	1	0.396453340552311	0	9	0.865558391226237	0.650714643381896	483	7
492	0	0.353122990083085	0	9	0.865558391226237	0.650714643381896	483	7
493	1	0.34984077962126	0	9	0.865558391226237	0.650714643381896	483	7
498	6	0.0138672323174872	0	9	0.865558391226237	0.650714643381896	483	7
501	6	0.0170403632501893	0	9	0.865558391226237	0.650714643381896	483	7
506	6	0.00927494017340068	0	9	0.865558391226237	0.650714643381896	483	7
509	0	-0.000488284720091842	0	9	0.865558391226237	0.650714643381896	483	7
513	2	0.0208130862391237	0	9	0.865558391226237	0.650714643381896	483	7
515	3	0.349719293307677	0	9	0.865558391226237	0.650714643381896	483	7
516	2	0.494133556617982	0	9	0.865558391226237	0.650714643381896	483	7
517	0	-0.251374256819976	0	9	0.865558391226237	0.650714643381896	483	7
518	6	0.156702639242505	0	9	0.865558391226237	0.650714643381896	483	7
521	7	0.0933567188486606	0	9	0.865558391226237	0.650714643381896	483	7
522	6	0.18074823286969	0	9	0.865558391226237	0.650714643381896	483	7
523	6	0.340385870917812	0	9	0.865558391226237	0.650714643381896	483	7
525	6	0.314142232570721	0	9	0.865558391226237	0.650714643381896	483	7
526	6	-0.0591432938465146	0	9	0.865558391226237	0.650714643381896	483	7
527	2	0.227127931361728	0	9	0.865558391226237	0.650714643381896	483	7
528	0	0.22554176376199	0	9	0.865558391226237	0.650714643381896	483	7
529	3	0.435198839455984	0	9	0.865558391226237	0.650714643381896	483	7
533	2	0.439771636132614	0	9	0.865558391226237	0.650714643381896	483	7
535	2	0.358004568391204	0	9	0.865558391226237	0.650714643381896	483	7
537	6	0.0565174729277216	0	9	0.865558391226237	0.650714643381896	483	7
538	0	0.167052299202946	0	9	0.865558391226237	0.650714643381896	483	7
539	6	0.194262091228852	0	9	0.865558391226237	0.650714643381896	483	7
540	0	0.454524916674933	0	9	0.865558391226237	0.650714643381896	483	7
545	3	0.243257848679281	0	9	0.865558391226237	0.650714643381896	483	7
546	1	0.608086786996151	0	9	0.865558391226237	0.650714643381896	483	7
547	0	0.280624192402321	0	9	0.865558391226237	0.650714643381896	483	7
549	6	0.107242257868596	0	9	0.865558391226237	0.650714643381896	483	7
550	2	0.204449846758047	0	9	0.865558391226237	0.650714643381896	483	7
552	1	0.706479299653213	0	9	0.865558391226237	0.650714643381896	483	7
553	1	0.373419027968813	0	9	0.865558391226237	0.650714643381896	483	7
554	0	0.175487575329981	0	9	0.865558391226237	0.650714643381896	483	7
558	1	0.421110979629347	0	9	0.865558391226237	0.650714643381896	483	7
563	6	-0.12937910867943	0	9	0.865558391226237	0.650714643381896	483	7
567	2	0.487171675050695	0	9	0.865558391226237	0.650714643381896	483	7
572	2	0.368678193662168	0	9	0.865558391226237	0.650714643381896	483	7
573	0	0.204370350623938	0	9	0.865558391226237	0.650714643381896	483	7
575	1	0.256885842601126	0	9	0.865558391226237	0.650714643381896	483	7
576	0	0.436019601774231	0	9	0.865558391226237	0.650714643381896	483	7
577	0	0.212956639093311	0	9	0.865558391226237	0.650714643381896	483	7
580	0	0.13858824173058	0	9	0.865558391226237	0.650714643381896	483	7
581	2	0.406271057749765	0	9	0.865558391226237	0.650714643381896	483	7
582	3	0.0892183577516187	0	9	0.865558391226237	0.650714643381896	483	7
585	4	0.300992971067706	0	9	0.865558391226237	0.650714643381896	483	7
586	1	0.494738959134809	0	9	0.865558391226237	0.650714643381896	483	7
587	1	0.505046739429405	0	9	0.865558391226237	0.650714643381896	483	7
590	0	0.287876208032619	0	9	0.865558391226237	0.650714643381896	483	7
593	2	0.529881442372812	0	9	0.865558391226237	0.650714643381896	483	7
594	3	0.254688103877671	0	9	0.865558391226237	0.650714643381896	483	7
595	2	0.28624602762935	0	9	0.865558391226237	0.650714643381896	483	7
596	7	0.486480028565335	0	9	0.865558391226237	0.650714643381896	483	7
597	0	0.565682511925065	0	9	0.865558391226237	0.650714643381896	483	7
598	7	0.34955413804956	0	9	0.865558391226237	0.650714643381896	483	7
599	3	0.0276148520712882	0	9	0.865558391226237	0.650714643381896	483	7
604	0	0.31307168979281	0	9	0.865558391226237	0.650714643381896	483	7
605	0	0.3417846504148	0	9	0.865558391226237	0.650714643381896	483	7
608	0	0.604260561255894	0	9	0.865558391226237	0.650714643381896	483	7
610	1	0.644607621844918	0	9	0.865558391226237	0.650714643381896	483	7
613	6	0.206199304727746	0	9	0.865558391226237	0.650714643381896	483	7
617	2	0.198273765447183	0	9	0.865558391226237	0.650714643381896	483	7
622	2	0.521171518746212	0	9	0.865558391226237	0.650714643381896	483	7
623	1	0.379128912785238	0	9	0.865558391226237	0.650714643381896	483	7
624	0	0.37682883822996	0	9	0.865558391226237	0.650714643381896	483	7
627	0	0.132071688365965	0	9	0.865558391226237	0.650714643381896	483	7
629	0	0.33180737057283	0	9	0.865558391226237	0.650714643381896	483	7
631	0	0.120991420534262	0	9	0.865558391226237	0.650714643381896	483	7
633	4	0.260532617203061	0	9	0.865558391226237	0.650714643381896	483	7
634	4	0.23720773619809	0	9	0.865558391226237	0.650714643381896	483	7
635	6	-0.285307883761003	0	9	0.865558391226237	0.650714643381896	483	7
636	1	0.342992787730853	0	9	0.865558391226237	0.650714643381896	483	7
637	1	0.543533236400592	0	9	0.865558391226237	0.650714643381896	483	7
638	5	0.7094188779084	1	9	0.865558391226237	0.650714643381896	483	7
639	0	0.359696624134647	0	9	0.865558391226237	0.650714643381896	483	7
640	5	0.629204448219825	1	9	0.865558391226237	0.650714643381896	483	7
641	1	0.725586462433941	0	9	0.865558391226237	0.650714643381896	483	7
642	0	0.0497096624338232	0	9	0.865558391226237	0.650714643381896	483	7
643	1	0.601689992183591	0	9	0.865558391226237	0.650714643381896	483	7
644	0	0.156175912402898	0	9	0.865558391226237	0.650714643381896	483	7
645	2	0.156370857325838	0	9	0.865558391226237	0.650714643381896	483	7
649	1	0.588656986021089	0	9	0.865558391226237	0.650714643381896	483	7
650	4	0.260449640540051	0	9	0.865558391226237	0.650714643381896	483	7
652	1	0.531457482961298	0	9	0.865558391226237	0.650714643381896	483	7
653	0	0.287180404887194	0	9	0.865558391226237	0.650714643381896	483	7
654	0	0.374410484299706	0	9	0.865558391226237	0.650714643381896	483	7
655	1	0.461343083212362	0	9	0.865558391226237	0.650714643381896	483	7
656	0	0.325050319053469	0	9	0.865558391226237	0.650714643381896	483	7
657	4	0.357228640327183	0	9	0.865558391226237	0.650714643381896	483	7
658	1	0.316168080250462	0	9	0.865558391226237	0.650714643381896	483	7
659	4	0.206636678105865	0	9	0.865558391226237	0.650714643381896	483	7
660	0	0.220928084467291	0	9	0.865558391226237	0.650714643381896	483	7
661	0	0.468185473858181	0	9	0.865558391226237	0.650714643381896	483	7
662	5	0.543836901846852	1	9	0.865558391226237	0.650714643381896	483	7
663	4	0.280972537085437	0	9	0.865558391226237	0.650714643381896	483	7
664	6	0.229699047299812	0	9	0.865558391226237	0.650714643381896	483	7
665	6	0.275353326502101	0	9	0.865558391226237	0.650714643381896	483	7
669	0	0.173965307861936	0	9	0.865558391226237	0.650714643381896	483	7
670	6	0.238312637779027	0	9	0.865558391226237	0.650714643381896	483	7
672	0	0.356495200753373	0	9	0.865558391226237	0.650714643381896	483	7
675	0	0.373445190251845	0	9	0.865558391226237	0.650714643381896	483	7
677	0	0.627747630248019	0	9	0.865558391226237	0.650714643381896	483	7
678	6	0.210063713198668	0	9	0.865558391226237	0.650714643381896	483	7
682	2	0.136705917885779	0	9	0.865558391226237	0.650714643381896	483	7
683	4	0.129350133599942	0	9	0.865558391226237	0.650714643381896	483	7
684	4	0.365181650101009	0	9	0.865558391226237	0.650714643381896	483	7
685	0	0.30468701840448	0	9	0.865558391226237	0.650714643381896	483	7
686	0	-0.171944084839568	0	9	0.865558391226237	0.650714643381896	483	7
687	1	0.371535467487909	0	9	0.865558391226237	0.650714643381896	483	7
688	0	0.582151085539374	0	9	0.865558391226237	0.650714643381896	483	7
689	3	0.597790671612758	0	9	0.865558391226237	0.650714643381896	483	7
694	3	0.555273418431356	0	9	0.865558391226237	0.650714643381896	483	7
695	0	0.539068132441495	0	9	0.865558391226237	0.650714643381896	483	7
699	1	0.667258787406537	0	9	0.865558391226237	0.650714643381896	483	7
705	2	0.346663953304028	0	9	0.865558391226237	0.650714643381896	483	7
706	0	0.362015435346281	0	9	0.865558391226237	0.650714643381896	483	7
708	6	0.193916116932317	0	9	0.865558391226237	0.650714643381896	483	7
710	0	0.460304184109731	0	9	0.865558391226237	0.650714643381896	483	7
712	5	0.767757509488031	1	9	0.865558391226237	0.650714643381896	483	7
713	5	0.790936770256527	1	9	0.865558391226237	0.650714643381896	483	7
715	0	0.346908419141412	0	9	0.865558391226237	0.650714643381896	483	7
716	5	0.607437988550982	1	9	0.865558391226237	0.650714643381896	483	7
718	5	0.572214171437783	1	9	0.865558391226237	0.650714643381896	483	7
719	5	0.741179737450149	1	9	0.865558391226237	0.650714643381896	483	7
726	1	0.577960694030216	0	9	0.865558391226237	0.650714643381896	483	7
727	0	0.104046821436521	0	9	0.865558391226237	0.650714643381896	483	7
728	0	0.466424140394128	0	9	0.865558391226237	0.650714643381896	483	7
729	0	0.510331195935444	0	9	0.865558391226237	0.650714643381896	483	7
730	5	0.661803434850757	1	9	0.865558391226237	0.650714643381896	483	7
733	0	0.402208828567023	0	9	0.865558391226237	0.650714643381896	483	7
734	1	0.448833282082547	0	9	0.865558391226237	0.650714643381896	483	7
738	2	0.227723217665332	0	9	0.865558391226237	0.650714643381896	483	7
740	6	-0.215506610248912	0	9	0.865558391226237	0.650714643381896	483	7
741	2	0.482664521621346	0	9	0.865558391226237	0.650714643381896	483	7
744	1	0.621986061856527	0	9	0.865558391226237	0.650714643381896	483	7
745	0	0.458362719716804	0	9	0.865558391226237	0.650714643381896	483	7
747	1	0.439442867864524	0	9	0.865558391226237	0.650714643381896	483	7
752	1	0.600927285725354	0	9	0.865558391226237	0.650714643381896	483	7
753	0	0.519180536469287	0	9	0.865558391226237	0.650714643381896	483	7
754	0	0.33875207854941	0	9	0.865558391226237	0.650714643381896	483	7
755	0	0.237260128252777	0	9	0.865558391226237	0.650714643381896	483	7
757	4	0.344332813522408	0	9	0.865558391226237	0.650714643381896	483	7
759	1	0.289041525554342	0	9	0.865558391226237	0.650714643381896	483	7
760	6	-0.0924347090682772	0	9	0.865558391226237	0.650714643381896	483	7
761	1	0.589632573036182	0	9	0.865558391226237	0.650714643381896	483	7
762	6	0.183989236606789	0	9	0.865558391226237	0.650714643381896	483	7
767	1	0.288921458210975	0	9	0.865558391226237	0.650714643381896	483	7
770	2	0.398601442739938	0	9	0.865558391226237	0.650714643381896	483	7
771	6	0.108482057939943	0	9	0.865558391226237	0.650714643381896	483	7
775	1	0.507701746965565	0	9	0.865558391226237	0.650714643381896	483	7
776	0	0.338027299095942	0	9	0.865558391226237	0.650714643381896	483	7
777	0	0.162232180712136	0	9	0.865558391226237	0.650714643381896	483	7
779	0	0.205592147354506	0	9	0.865558391226237	0.650714643381896	483	7
781	0	0.266924636035563	0	9	0.865558391226237	0.650714643381896	483	7
782	0	0.214542001875958	0	9	0.865558391226237	0.650714643381896	483	7
783	1	0.256789242473154	0	9	0.865558391226237	0.650714643381896	483	7
784	0	0.142289821294468	0	9	0.865558391226237	0.650714643381896	483	7
785	0	0.227127504922489	0	9	0.865558391226237	0.650714643381896	483	7
788	3	0.61104435831974	0	9	0.865558391226237	0.650714643381896	483	7
790	2	0.416523863819797	0	9	0.865558391226237	0.650714643381896	483	7
793	0	-0.0450307160120845	0	9	0.865558391226237	0.650714643381896	483	7
796	1	0.551754875102162	0	9	0.865558391226237	0.650714643381896	483	7
799	0	0.310630694573452	0	9	0.865558391226237	0.650714643381896	483	7
800	0	0.52677815687575	0	9	0.865558391226237	0.650714643381896	483	7
810	0	0.356951843539545	0	9	0.865558391226237	0.650714643381896	483	7
811	2	0.367966648235287	0	9	0.865558391226237	0.650714643381896	483	7
813	0	0.342895475761091	0	9	0.865558391226237	0.650714643381896	483	7
814	1	0.363754096245024	0	9	0.865558391226237	0.650714643381896	483	7
815	1	0.309889438845251	0	9	0.865558391226237	0.650714643381896	483	7
816	1	0.485735274748047	0	9	0.865558391226237	0.650714643381896	483	7
818	3	0.241796568067579	0	9	0.865558391226237	0.650714643381896	483	7
819	0	0.469986430617471	0	9	0.865558391226237	0.650714643381896	483	7
821	6	0.283416899764347	0	9	0.865558391226237	0.650714643381896	483	7
822	5	0.73238401808227	1	9	0.865558391226237	0.650714643381896	483	7
823	5	0.601955895439969	1	9	0.865558391226237	0.650714643381896	483	7
824	1	0.358601399510983	0	9	0.865558391226237	0.650714643381896	483	7
825	6	0.322608633332625	0	9	0.865558391226237	0.650714643381896	483	7
826	2	0.0663930918539349	0	9	0.865558391226237	0.650714643381896	483	7
827	0	0.434881431437763	0	9	0.865558391226237	0.650714643381896	483	7
830	3	0.228354789504034	0	9	0.865558391226237	0.650714643381896	483	7
831	3	0.267808032159196	0	9	0.865558391226237	0.650714643381896	483	7
832	2	0.217037105595844	0	9	0.865558391226237	0.650714643381896	483	7
833	0	0.275518601258565	0	9	0.865558391226237	0.650714643381896	483	7
834	5	0.867465061203495	1	9	0.865558391226237	0.650714643381896	483	7
835	1	0.495568361656589	0	9	0.865558391226237	0.650714643381896	483	7
836	0	0.567121395152174	0	9	0.865558391226237	0.650714643381896	483	7
837	0	0.565200766349944	0	9	0.865558391226237	0.650714643381896	483	7
839	3	0.549256896025171	0	9	0.865558391226237	0.650714643381896	483	7
840	3	0.100920172607669	0	9	0.865558391226237	0.650714643381896	483	7
841	5	0.820245016403728	1	9	0.865558391226237	0.650714643381896	483	7
842	0	0.239054764901468	0	9	0.865558391226237	0.650714643381896	483	7
843	1	0.389027890043524	0	9	0.865558391226237	0.650714643381896	483	7
844	1	0.404800079354319	0	9	0.865558391226237	0.650714643381896	483	7
845	1	0.435632480437312	0	9	0.865558391226237	0.650714643381896	483	7
846	1	0.445696448134633	0	9	0.865558391226237	0.650714643381896	483	7
847	6	0.174073987385434	0	9	0.865558391226237	0.650714643381896	483	7
857	0	0.305153166109293	0	9	0.865558391226237	0.650714643381896	483	7
858	0	0.0489401558645116	0	9	0.865558391226237	0.650714643381896	483	7
860	1	0.546627936263248	0	9	0.865558391226237	0.650714643381896	483	7
862	1	0.606571507874131	0	9	0.865558391226237	0.650714643381896	483	7
863	5	0.752490105149591	1	9	0.865558391226237	0.650714643381896	483	7
864	5	0.699793894581742	1	9	0.865558391226237	0.650714643381896	483	7
865	1	0.561058186195854	0	9	0.865558391226237	0.650714643381896	483	7
866	6	-0.113401670276623	0	9	0.865558391226237	0.650714643381896	483	7
867	1	0.425388735946016	0	9	0.865558391226237	0.650714643381896	483	7
868	1	0.42608710381653	0	9	0.865558391226237	0.650714643381896	483	7
871	2	0.636830668958071	0	9	0.865558391226237	0.650714643381896	483	7
873	2	0.125454252520245	0	9	0.865558391226237	0.650714643381896	483	7
874	0	0.557814362515317	0	9	0.865558391226237	0.650714643381896	483	7
883	0	-0.0124297303292734	0	9	0.865558391226237	0.650714643381896	483	7
889	3	0.306456256978047	0	9	0.865558391226237	0.650714643381896	483	7
890	5	0.663626950249922	1	9	0.865558391226237	0.650714643381896	483	7
891	0	0.59975550575997	0	9	0.865558391226237	0.650714643381896	483	7
892	0	0.024186983664309	0	9	0.865558391226237	0.650714643381896	483	7
894	5	0.597772820257981	1	9	0.865558391226237	0.650714643381896	483	7
896	4	0.53107685509688	0	9	0.865558391226237	0.650714643381896	483	7
899	1	0.328276945582908	0	9	0.865558391226237	0.650714643381896	483	7
900	3	0.161876017024525	0	9	0.865558391226237	0.650714643381896	483	7
901	3	0.532960713145016	0	9	0.865558391226237	0.650714643381896	483	7
902	0	-0.157209164987821	0	9	0.865558391226237	0.650714643381896	483	7
904	1	0.449703206664241	0	9	0.865558391226237	0.650714643381896	483	7
905	3	0.450139440063553	0	9	0.865558391226237	0.650714643381896	483	7
908	6	0.11269376236406	0	9	0.865558391226237	0.650714643381896	483	7
911	0	0.537673541171932	0	9	0.865558391226237	0.650714643381896	483	7
912	5	0.61138060693229	1	9	0.865558391226237	0.650714643381896	483	7
913	5	0.564800820267157	1	9	0.865558391226237	0.650714643381896	483	7
914	5	0.62432258559894	1	9	0.865558391226237	0.650714643381896	483	7
915	5	0.812243425944099	1	9	0.865558391226237	0.650714643381896	483	7
916	0	0.366819245454398	0	9	0.865558391226237	0.650714643381896	483	7
917	0	0.464150252787704	0	9	0.865558391226237	0.650714643381896	483	7
919	5	0.598463470642407	1	9	0.865558391226237	0.650714643381896	483	7
920	0	0.399905208270072	0	9	0.865558391226237	0.650714643381896	483	7
921	1	0.584162012879571	0	9	0.865558391226237	0.650714643381896	483	7
922	0	0.155529043374337	0	9	0.865558391226237	0.650714643381896	483	7
923	0	0.684298999919212	0	9	0.865558391226237	0.650714643381896	483	7
924	0	0.231394866138298	0	9	0.865558391226237	0.650714643381896	483	7
925	5	0.830628880002434	1	9	0.865558391226237	0.650714643381896	483	7
929	0	0.436961922337496	0	9	0.865558391226237	0.650714643381896	483	7
930	0	0.542702729352849	0	9	0.865558391226237	0.650714643381896	483	7
931	0	0.307761122742214	0	9	0.865558391226237	0.650714643381896	483	7
933	1	0.563268183454013	0	9	0.865558391226237	0.650714643381896	483	7
939	5	0.807953187012087	1	9	0.865558391226237	0.650714643381896	483	7
940	5	0.73977396102499	1	9	0.865558391226237	0.650714643381896	483	7
941	1	0.570585365725708	0	9	0.865558391226237	0.650714643381896	483	7
942	5	0.679175199238497	1	9	0.865558391226237	0.650714643381896	483	7
943	0	0.305369380096388	0	9	0.865558391226237	0.650714643381896	483	7
944	1	0.384442815797811	0	9	0.865558391226237	0.650714643381896	483	7
945	1	0.612205408930791	0	9	0.865558391226237	0.650714643381896	483	7
946	1	0.622612225040111	0	9	0.865558391226237	0.650714643381896	483	7
947	4	0.117322521382606	0	9	0.865558391226237	0.650714643381896	483	7
948	5	0.641667547842869	1	9	0.865558391226237	0.650714643381896	483	7
949	5	0.794443424505887	1	9	0.865558391226237	0.650714643381896	483	7
950	4	0.295403907167189	0	9	0.865558391226237	0.650714643381896	483	7
951	1	0.640603839575661	0	9	0.865558391226237	0.650714643381896	483	7
952	0	0.488581722713044	0	9	0.865558391226237	0.650714643381896	483	7
953	1	0.532792525307276	0	9	0.865558391226237	0.650714643381896	483	7
954	0	0.416828681366586	0	9	0.865558391226237	0.650714643381896	483	7
955	2	0.527940240647146	0	9	0.865558391226237	0.650714643381896	483	7
956	1	0.528583762065618	0	9	0.865558391226237	0.650714643381896	483	7
957	6	0.0746119769967705	0	9	0.865558391226237	0.650714643381896	483	7
958	0	0.483582859209304	0	9	0.865558391226237	0.650714643381896	483	7
959	0	0.251336373428259	0	9	0.865558391226237	0.650714643381896	483	7
960	5	0.785512888418248	1	9	0.865558391226237	0.650714643381896	483	7
961	0	0.35210710151536	0	9	0.865558391226237	0.650714643381896	483	7
962	5	0.839237644353194	1	9	0.865558391226237	0.650714643381896	483	7
963	5	0.638733919506266	1	9	0.865558391226237	0.650714643381896	483	7
965	0	0.506359087214611	0	9	0.865558391226237	0.650714643381896	483	7
967	2	0.368546707479013	0	9	0.865558391226237	0.650714643381896	483	7
969	0	0.324975873522234	0	9	0.865558391226237	0.650714643381896	483	7
970	1	0.57825133294548	0	9	0.865558391226237	0.650714643381896	483	7
971	1	0.529215660017353	0	9	0.865558391226237	0.650714643381896	483	7
972	2	0.484325078497241	0	9	0.865558391226237	0.650714643381896	483	7
973	1	0.579836440044146	0	9	0.865558391226237	0.650714643381896	483	7
974	5	0.680657753415602	1	9	0.865558391226237	0.650714643381896	483	7
975	0	0.158068050998214	0	9	0.865558391226237	0.650714643381896	483	7
976	0	0.46130529158993	0	9	0.865558391226237	0.650714643381896	483	7
977	2	0.221806437649841	0	9	0.865558391226237	0.650714643381896	483	7
978	0	0.228632372028561	0	9	0.865558391226237	0.650714643381896	483	7
983	0	0.408745292565485	0	9	0.865558391226237	0.650714643381896	483	7
987	3	0.432316837024677	0	9	0.865558391226237	0.650714643381896	483	7
988	1	0.581681058011294	0	9	0.865558391226237	0.650714643381896	483	7
989	4	0.379018041412487	0	9	0.865558391226237	0.650714643381896	483	7
990	1	0.514543809659801	0	9	0.865558391226237	0.650714643381896	483	7
991	5	0.756771976620105	1	9	0.865558391226237	0.650714643381896	483	7
993	1	0.441290330982122	0	9	0.865558391226237	0.650714643381896	483	7
994	3	0.465091991427569	0	9	0.865558391226237	0.650714643381896	483	7
996	0	0.193342114244298	0	9	0.865558391226237	0.650714643381896	483	7
997	2	0.0280563330572694	0	9	0.865558391226237	0.650714643381896	483	7
998	1	0.678754590396258	0	9	0.865558391226237	0.650714643381896	483	7
999	7	0.358475606794429	0	9	0.865558391226237	0.650714643381896	483	7
1000	0	0.165322353433087	0	9	0.865558391226237	0.650714643381896	483	7
1001	5	0.685881790718057	1	9	0.865558391226237	0.650714643381896	483	7
1002	1	0.374774641417943	0	9	0.865558391226237	0.650714643381896	483	7
1003	4	0.166593952434948	0	9	0.865558391226237	0.650714643381896	483	7
1004	0	0.307780238543224	0	9	0.865558391226237	0.650714643381896	483	7
1007	0	0.205974846171519	0	9	0.865558391226237	0.650714643381896	483	7
1009	5	0.746682471128657	1	9	0.865558391226237	0.650714643381896	483	7
1012	4	0.144419930857708	0	9	0.865558391226237	0.650714643381896	483	7
1013	0	0.127527945423186	0	9	0.865558391226237	0.650714643381896	483	7
1014	6	0.020854753756153	0	9	0.865558391226237	0.650714643381896	483	7
1017	1	0.41813864533647	0	9	0.865558391226237	0.650714643381896	483	7
1019	2	0.507152521531214	0	9	0.865558391226237	0.650714643381896	483	7
1020	2	0.340173295398403	0	9	0.865558391226237	0.650714643381896	483	7
1021	1	0.435013361525217	0	9	0.865558391226237	0.650714643381896	483	7
1022	3	0.339919857517652	0	9	0.865558391226237	0.650714643381896	483	7
1024	3	0.656290868300405	0	9	0.865558391226237	0.650714643381896	483	7
1026	0	0.409195091198375	0	9	0.865558391226237	0.650714643381896	483	7
1027	4	0.130271666862614	0	9	0.865558391226237	0.650714643381896	483	7
1028	4	0.167007361644144	0	9	0.865558391226237	0.650714643381896	483	7
1030	1	0.479659470811103	0	9	0.865558391226237	0.650714643381896	483	7
1031	0	0.463709676898038	0	9	0.865558391226237	0.650714643381896	483	7
1032	1	0.426052879872287	0	9	0.865558391226237	0.650714643381896	483	7
1036	0	0.31449754766077	0	9	0.865558391226237	0.650714643381896	483	7
1038	0	0.41805842050334	0	9	0.865558391226237	0.650714643381896	483	7
1040	1	0.39953761467904	0	9	0.865558391226237	0.650714643381896	483	7
1043	5	0.738372908413647	1	9	0.865558391226237	0.650714643381896	483	7
1050	0	0.485160286858119	0	9	0.865558391226237	0.650714643381896	483	7
1051	0	0.150873734102508	0	9	0.865558391226237	0.650714643381896	483	7
1052	3	0.1031240614608	0	9	0.865558391226237	0.650714643381896	483	7
1054	3	0.335154928374396	0	9	0.865558391226237	0.650714643381896	483	7
1056	4	0.311713377154172	0	9	0.865558391226237	0.650714643381896	483	7
1059	2	0.354413104439225	0	9	0.865558391226237	0.650714643381896	483	7
1060	4	0.197099715899451	0	9	0.865558391226237	0.650714643381896	483	7
1063	0	0.162980957828829	0	9	0.865558391226237	0.650714643381896	483	7
1069	0	-0.066183797119478	0	9	0.865558391226237	0.650714643381896	483	7
1070	4	0.0302775528884036	0	9	0.865558391226237	0.650714643381896	483	7
1071	4	0.198303653025263	0	9	0.865558391226237	0.650714643381896	483	7
1075	6	0.237540919822833	0	9	0.865558391226237	0.650714643381896	483	7
1080	0	0.457273896807984	0	9	0.865558391226237	0.650714643381896	483	7
1089	0	0.226289730444414	0	9	0.865558391226237	0.650714643381896	483	7
1101	1	0.48162132345503	0	9	0.865558391226237	0.650714643381896	483	7
1102	3	0.370513678032074	0	9	0.865558391226237	0.650714643381896	483	7
1105	3	0.444213219340498	0	9	0.865558391226237	0.650714643381896	483	7
1107	0	-0.149822089548101	0	9	0.865558391226237	0.650714643381896	483	7
1108	2	0.513670993235263	0	9	0.865558391226237	0.650714643381896	483	7
1111	3	0.504939187884684	0	9	0.865558391226237	0.650714643381896	483	7
1112	3	0.581288068017209	0	9	0.865558391226237	0.650714643381896	483	7
1113	0	0.371820623918949	0	9	0.865558391226237	0.650714643381896	483	7
1114	0	-0.144475160204776	0	9	0.865558391226237	0.650714643381896	483	7
1116	4	0.0723432615575232	0	9	0.865558391226237	0.650714643381896	483	7
1117	0	0.412955484827855	0	9	0.865558391226237	0.650714643381896	483	7
1118	0	0.290513660204836	0	9	0.865558391226237	0.650714643381896	483	7
1119	5	0.498739587726891	1	9	0.865558391226237	0.650714643381896	483	7
1121	0	0.334210688525469	0	9	0.865558391226237	0.650714643381896	483	7
1122	0	0.308597747110777	0	9	0.865558391226237	0.650714643381896	483	7
1123	4	0.161298011272651	0	9	0.865558391226237	0.650714643381896	483	7
1124	0	0.490524187484873	0	9	0.865558391226237	0.650714643381896	483	7
1130	0	0.402115940972426	0	9	0.865558391226237	0.650714643381896	483	7
1131	0	-0.0515117947837176	0	9	0.865558391226237	0.650714643381896	483	7
1133	1	0.435542817216473	0	9	0.865558391226237	0.650714643381896	483	7
1137	0	0.37167580403256	0	9	0.865558391226237	0.650714643381896	483	7
1140	0	0.292901693230519	0	9	0.865558391226237	0.650714643381896	483	7
1141	1	0.566593167025939	0	9	0.865558391226237	0.650714643381896	483	7
1143	1	0.666946061300008	0	9	0.865558391226237	0.650714643381896	483	7
1145	1	0.432905691310231	0	9	0.865558391226237	0.650714643381896	483	7
1146	1	0.337153799439174	0	9	0.865558391226237	0.650714643381896	483	7
1147	3	0.279945299218976	0	9	0.865558391226237	0.650714643381896	483	7
1149	1	0.292844806903122	0	9	0.865558391226237	0.650714643381896	483	7
1152	2	0.274494500625446	0	9	0.865558391226237	0.650714643381896	483	7
1153	3	0.12779179561822	0	9	0.865558391226237	0.650714643381896	483	7
1154	0	0.350346760080025	0	9	0.865558391226237	0.650714643381896	483	7
1155	2	0.485334044278791	0	9	0.865558391226237	0.650714643381896	483	7
1158	0	0.100168341514796	0	9	0.865558391226237	0.650714643381896	483	7
1160	0	0.321027769754714	0	9	0.865558391226237	0.650714643381896	483	7
1161	0	0.0658698772503249	0	9	0.865558391226237	0.650714643381896	483	7
1164	5	0.646125147389323	1	9	0.865558391226237	0.650714643381896	483	7
1173	2	0.142363790127353	0	9	0.865558391226237	0.650714643381896	483	7
1174	0	0.300018402576136	0	9	0.865558391226237	0.650714643381896	483	7
1175	2	0.337964966353267	0	9	0.865558391226237	0.650714643381896	483	7
1178	1	0.686442559843848	0	9	0.865558391226237	0.650714643381896	483	7
1181	0	0.455037757231861	0	9	0.865558391226237	0.650714643381896	483	7
1182	0	0.384556155615299	0	9	0.865558391226237	0.650714643381896	483	7
1183	0	0.210353020455057	0	9	0.865558391226237	0.650714643381896	483	7
1184	6	-0.0394364369051399	0	9	0.865558391226237	0.650714643381896	483	7
1186	0	0.290894230684265	0	9	0.865558391226237	0.650714643381896	483	7
1188	2	0.254352054478322	0	9	0.865558391226237	0.650714643381896	483	7
1191	2	0.48585684223697	0	9	0.865558391226237	0.650714643381896	483	7
1193	4	0.399273124349812	0	9	0.865558391226237	0.650714643381896	483	7
1195	3	0.341340821388506	0	9	0.865558391226237	0.650714643381896	483	7
1196	0	0.337831483638268	0	9	0.865558391226237	0.650714643381896	483	7
1198	2	0.332750517547952	0	9	0.865558391226237	0.650714643381896	483	7
1200	7	0.283914028388131	0	9	0.865558391226237	0.650714643381896	483	7
1201	2	0.407691470180402	0	9	0.865558391226237	0.650714643381896	483	7
1203	0	0.179912173792404	0	9	0.865558391226237	0.650714643381896	483	7
1207	3	0.45570053681471	0	9	0.865558391226237	0.650714643381896	483	7
1209	7	0.162012123034377	0	9	0.865558391226237	0.650714643381896	483	7
1211	7	0.323931551112816	0	9	0.865558391226237	0.650714643381896	483	7
1212	7	0.250712714018155	0	9	0.865558391226237	0.650714643381896	483	7
1213	7	0.321437903189659	0	9	0.865558391226237	0.650714643381896	483	7
1215	0	0.306945917980776	0	9	0.865558391226237	0.650714643381896	483	7
1230	5	0.702213181913283	1	9	0.865558391226237	0.650714643381896	483	7
1233	1	0.48854584573215	0	9	0.865558391226237	0.650714643381896	483	7
1234	5	0.649029218984325	1	9	0.865558391226237	0.650714643381896	483	7
1235	5	0.699769330390132	1	9	0.865558391226237	0.650714643381896	483	7
1236	5	0.556523257194224	1	9	0.865558391226237	0.650714643381896	483	7
1238	1	0.413421341931742	0	9	0.865558391226237	0.650714643381896	483	7
1240	1	0.639836034379618	0	9	0.865558391226237	0.650714643381896	483	7
1241	1	0.53765071062279	0	9	0.865558391226237	0.650714643381896	483	7
1244	0	0.122127985934909	0	9	0.865558391226237	0.650714643381896	483	7
1259	1	0.530200543910714	0	9	0.865558391226237	0.650714643381896	483	7
1263	1	0.494658988568971	0	9	0.865558391226237	0.650714643381896	483	7
1264	0	0.4576013369827	0	9	0.865558391226237	0.650714643381896	483	7
1265	1	0.526163371743831	0	9	0.865558391226237	0.650714643381896	483	7
1266	3	0.289804158060921	0	9	0.865558391226237	0.650714643381896	483	7
1267	0	0.434009039395759	0	9	0.865558391226237	0.650714643381896	483	7
1268	1	0.559146936736093	0	9	0.865558391226237	0.650714643381896	483	7
1269	0	0.2251929220478	0	9	0.865558391226237	0.650714643381896	483	7
1271	5	0.499904460138191	1	9	0.865558391226237	0.650714643381896	483	7
1272	0	0.0057448489934829	0	9	0.865558391226237	0.650714643381896	483	7
1277	5	0.721641794443061	1	9	0.865558391226237	0.650714643381896	483	7
1278	5	0.867159919598872	1	9	0.865558391226237	0.650714643381896	483	7
1282	0	0.524244749801718	0	9	0.865558391226237	0.650714643381896	483	7
1284	0	0.349561913879511	0	9	0.865558391226237	0.650714643381896	483	7
1285	0	0.0142552018474415	0	9	0.865558391226237	0.650714643381896	483	7
1286	0	0.125114644939244	0	9	0.865558391226237	0.650714643381896	483	7
1287	0	0.0196096136268166	0	9	0.865558391226237	0.650714643381896	483	7
1288	1	0.430910847056862	0	9	0.865558391226237	0.650714643381896	483	7
1289	0	0.437966460529005	0	9	0.865558391226237	0.650714643381896	483	7
1290	5	0.774019766999755	1	9	0.865558391226237	0.650714643381896	483	7
1291	1	0.528748545462737	0	9	0.865558391226237	0.650714643381896	483	7
1292	2	0.490875588021132	0	9	0.865558391226237	0.650714643381896	483	7
1293	5	0.840950626098865	1	9	0.865558391226237	0.650714643381896	483	7
1294	0	0.166605615818026	0	9	0.865558391226237	0.650714643381896	483	7
1296	0	0.430801525645776	0	9	0.865558391226237	0.650714643381896	483	7
1298	5	0.487212343658183	1	9	0.865558391226237	0.650714643381896	483	7
1299	0	-0.0511025109220356	0	9	0.865558391226237	0.650714643381896	483	7
1300	0	0.323067947128193	0	9	0.865558391226237	0.650714643381896	483	7
1301	1	0.543664486148643	0	9	0.865558391226237	0.650714643381896	483	7
1305	0	0.17065328704336	0	9	0.865558391226237	0.650714643381896	483	7
1306	5	0.692433172614495	1	9	0.865558391226237	0.650714643381896	483	7
1307	5	0.811932207988597	1	9	0.865558391226237	0.650714643381896	483	7
1310	1	0.439649209123066	0	9	0.865558391226237	0.650714643381896	483	7
1311	0	0.356824771476372	0	9	0.865558391226237	0.650714643381896	483	7
1314	0	0.425317083492325	0	9	0.865558391226237	0.650714643381896	483	7
1315	1	0.495025775791054	0	9	0.865558391226237	0.650714643381896	483	7
1316	1	0.604246965487759	0	9	0.865558391226237	0.650714643381896	483	7
1317	0	0.398517711188901	0	9	0.865558391226237	0.650714643381896	483	7
1318	4	0.0254327760859579	0	9	0.865558391226237	0.650714643381896	483	7
1326	0	0.537014453041959	0	9	0.865558391226237	0.650714643381896	483	7
1327	3	0.214675160957304	0	9	0.865558391226237	0.650714643381896	483	7
1329	0	0.172704287687655	0	9	0.865558391226237	0.650714643381896	483	7
1339	1	0.455412982272404	0	9	0.865558391226237	0.650714643381896	483	7
1340	2	0.131403522473573	0	9	0.865558391226237	0.650714643381896	483	7
1345	7	0.0256460165745442	0	9	0.865558391226237	0.650714643381896	483	7
1346	7	0.344856023185646	0	9	0.865558391226237	0.650714643381896	483	7
1347	0	0.141092544732271	0	9	0.865558391226237	0.650714643381896	483	7
1349	7	0.134395086576826	0	9	0.865558391226237	0.650714643381896	483	7
1351	7	0.0877995187503355	0	9	0.865558391226237	0.650714643381896	483	7
1352	5	0.622704640939311	1	9	0.865558391226237	0.650714643381896	483	7
1353	0	0.305939728093572	0	9	0.865558391226237	0.650714643381896	483	7
1355	3	0.369455039385917	0	9	0.865558391226237	0.650714643381896	483	7
1356	0	0.441785135976033	0	9	0.865558391226237	0.650714643381896	483	7
1359	0	0.55641680504901	0	9	0.865558391226237	0.650714643381896	483	7
1362	4	0.318549264375189	0	9	0.865558391226237	0.650714643381896	483	7
1363	0	0.59527805035436	0	9	0.865558391226237	0.650714643381896	483	7
1365	2	0.501034638721875	0	9	0.865558391226237	0.650714643381896	483	7
1366	5	0.75666237549559	1	9	0.865558391226237	0.650714643381896	483	7
1368	0	0.608575799532795	0	9	0.865558391226237	0.650714643381896	483	7
1370	2	0.474420081076476	0	9	0.865558391226237	0.650714643381896	483	7
1371	0	0.182478719391472	0	9	0.865558391226237	0.650714643381896	483	7
1373	0	0.287775730890749	0	9	0.865558391226237	0.650714643381896	483	7
1374	0	0.318460357927552	0	9	0.865558391226237	0.650714643381896	483	7
1376	0	0.186197273823905	0	9	0.865558391226237	0.650714643381896	483	7
1378	0	0.109675218757739	0	9	0.865558391226237	0.650714643381896	483	7
1380	0	0.380663187203809	0	9	0.865558391226237	0.650714643381896	483	7
1381	0	0.158687707777964	0	9	0.865558391226237	0.650714643381896	483	7
1382	1	0.630160590401022	0	9	0.865558391226237	0.650714643381896	483	7
1384	2	0.219825685105237	0	9	0.865558391226237	0.650714643381896	483	7
1385	1	0.346337845129065	0	9	0.865558391226237	0.650714643381896	483	7
1386	0	0.346896023321795	0	9	0.865558391226237	0.650714643381896	483	7
1387	1	0.584301851855223	0	9	0.865558391226237	0.650714643381896	483	7
1388	2	0.428695588352446	0	9	0.865558391226237	0.650714643381896	483	7
1389	3	0.374988137384883	0	9	0.865558391226237	0.650714643381896	483	7
1390	0	0.445416423377959	0	9	0.865558391226237	0.650714643381896	483	7
1393	4	0.229748125246845	0	9	0.865558391226237	0.650714643381896	483	7
1395	0	-0.0523017063725977	0	9	0.865558391226237	0.650714643381896	483	7
1396	5	0.631320318235276	1	9	0.865558391226237	0.650714643381896	483	7
1397	2	0.36046999055374	0	9	0.865558391226237	0.650714643381896	483	7
1398	0	0.581251823300393	0	9	0.865558391226237	0.650714643381896	483	7
1399	1	0.504908183077906	0	9	0.865558391226237	0.650714643381896	483	7
1400	1	0.255548327989567	0	9	0.865558391226237	0.650714643381896	483	7
1401	0	0.441208318314265	0	9	0.865558391226237	0.650714643381896	483	7
1404	0	0.434442546624836	0	9	0.865558391226237	0.650714643381896	483	7
1407	3	0.428525294134756	0	9	0.865558391226237	0.650714643381896	483	7
1408	2	0.258551431964208	0	9	0.865558391226237	0.650714643381896	483	7
1410	6	-0.0652405329980697	0	9	0.865558391226237	0.650714643381896	483	7
1417	1	0.368037502138781	0	9	0.865558391226237	0.650714643381896	483	7
1428	6	-0.203338767387442	0	9	0.865558391226237	0.650714643381896	483	7
1429	6	0.0747089055549779	0	9	0.865558391226237	0.650714643381896	483	7
1432	1	0.655510281460349	0	9	0.865558391226237	0.650714643381896	483	7
1434	1	0.386046382682057	0	9	0.865558391226237	0.650714643381896	483	7
1435	0	0.464642773292922	0	9	0.865558391226237	0.650714643381896	483	7
1436	5	0.789877958976534	1	9	0.865558391226237	0.650714643381896	483	7
1439	0	0.301275689620425	0	9	0.865558391226237	0.650714643381896	483	7
1441	1	0.333892281328658	0	9	0.865558391226237	0.650714643381896	483	7
1445	0	0.575746927739988	0	9	0.865558391226237	0.650714643381896	483	7
1452	3	0.273743684949737	0	9	0.865558391226237	0.650714643381896	483	7
1453	7	0.213760716647549	0	9	0.865558391226237	0.650714643381896	483	7
1455	2	0.41690789218112	0	9	0.865558391226237	0.650714643381896	483	7
1456	0	0.200646381085044	0	9	0.865558391226237	0.650714643381896	483	7
1459	4	0.323587423042937	0	9	0.865558391226237	0.650714643381896	483	7
1460	2	0.173073025494716	0	9	0.865558391226237	0.650714643381896	483	7
1462	5	0.776043115209988	1	9	0.865558391226237	0.650714643381896	483	7
1464	0	0.146431982550576	0	9	0.865558391226237	0.650714643381896	483	7
1465	4	0.155341879649021	0	9	0.865558391226237	0.650714643381896	483	7
1466	2	0.478815785800867	0	9	0.865558391226237	0.650714643381896	483	7
1468	6	0.0421410179295959	0	9	0.865558391226237	0.650714643381896	483	7
1469	0	0.091649656263172	0	9	0.865558391226237	0.650714643381896	483	7
1471	2	0.195853778550239	0	9	0.865558391226237	0.650714643381896	483	7
1474	5	0.735548755548573	1	9	0.865558391226237	0.650714643381896	483	7
1475	1	0.700253984624407	0	9	0.865558391226237	0.650714643381896	483	7
1476	0	0.409962080519327	0	9	0.865558391226237	0.650714643381896	483	7
1477	2	0.305746725389937	0	9	0.865558391226237	0.650714643381896	483	7
1478	0	0.453295315611051	0	9	0.865558391226237	0.650714643381896	483	7
1479	0	0.430616337050063	0	9	0.865558391226237	0.650714643381896	483	7
1486	3	0.364944055502805	0	9	0.865558391226237	0.650714643381896	483	7
1487	2	0.513452777327642	0	9	0.865558391226237	0.650714643381896	483	7
1488	1	0.64271825512748	0	9	0.865558391226237	0.650714643381896	483	7
1489	1	0.303680826543129	0	9	0.865558391226237	0.650714643381896	483	7
1490	4	0.144419972138709	0	9	0.865558391226237	0.650714643381896	483	7
1491	3	0.541116536445625	0	9	0.865558391226237	0.650714643381896	483	7
1493	1	0.544490965445409	0	9	0.865558391226237	0.650714643381896	483	7
1495	6	0.0974800188563553	0	9	0.865558391226237	0.650714643381896	483	7
1497	0	0.219805162516066	0	9	0.865558391226237	0.650714643381896	483	7
1499	2	0.307541618707146	0	9	0.865558391226237	0.650714643381896	483	7
1503	2	0.4476308696776	0	9	0.865558391226237	0.650714643381896	483	7
1506	1	0.280057423265435	0	9	0.865558391226237	0.650714643381896	483	7
1508	6	-0.0981516899409885	0	9	0.865558391226237	0.650714643381896	483	7
1509	2	0.290916773954852	0	9	0.865558391226237	0.650714643381896	483	7
1511	0	0.377937886039559	0	9	0.865558391226237	0.650714643381896	483	7
1512	6	0.021935314834698	0	9	0.865558391226237	0.650714643381896	483	7
1513	0	0.541809587525804	0	9	0.865558391226237	0.650714643381896	483	7
1514	6	-0.0426447875519964	0	9	0.865558391226237	0.650714643381896	483	7
1515	6	-0.286990066383787	0	9	0.865558391226237	0.650714643381896	483	7
1519	3	0.38805184405668	0	9	0.865558391226237	0.650714643381896	483	7
1520	0	0.528342508727245	0	9	0.865558391226237	0.650714643381896	483	7
1521	5	0.729196375745676	1	9	0.865558391226237	0.650714643381896	483	7
1522	2	0.363796793039516	0	9	0.865558391226237	0.650714643381896	483	7
1523	2	0.0308851425640202	0	9	0.865558391226237	0.650714643381896	483	7
1524	5	0.703167842570334	1	9	0.865558391226237	0.650714643381896	483	7
1525	4	0.367751170552607	0	9	0.865558391226237	0.650714643381896	483	7
1528	6	-0.17387771442594	0	9	0.865558391226237	0.650714643381896	483	7
1534	1	0.490178361070096	0	9	0.865558391226237	0.650714643381896	483	7
1535	2	0.291296685679696	0	9	0.865558391226237	0.650714643381896	483	7
1536	0	0.500940570361092	0	9	0.865558391226237	0.650714643381896	483	7
1537	2	-0.0148371697971363	0	9	0.865558391226237	0.650714643381896	483	7
1540	3	0.224466501249451	0	9	0.865558391226237	0.650714643381896	483	7
1543	1	0.608814348865948	0	9	0.865558391226237	0.650714643381896	483	7
1545	1	0.472045382442172	0	9	0.865558391226237	0.650714643381896	483	7
1548	0	0.344374541061503	0	9	0.865558391226237	0.650714643381896	483	7
1549	1	0.602772718137756	0	9	0.865558391226237	0.650714643381896	483	7
1555	0	-0.127894425183704	0	9	0.865558391226237	0.650714643381896	483	7
1558	0	0.116049042745088	0	9	0.865558391226237	0.650714643381896	483	7
1559	0	0.316611398289174	0	9	0.865558391226237	0.650714643381896	483	7
1571	1	0.420003676121786	0	9	0.865558391226237	0.650714643381896	483	7
1573	0	0.109660903570699	0	9	0.865558391226237	0.650714643381896	483	7
1576	0	0.148021730856225	0	9	0.865558391226237	0.650714643381896	483	7
1577	0	0.128079902251617	0	9	0.865558391226237	0.650714643381896	483	7
1580	0	-0.142307804324914	0	9	0.865558391226237	0.650714643381896	483	7
1586	6	0.232398441559506	0	9	0.865558391226237	0.650714643381896	483	7
1591	0	0.130815899201669	0	9	0.865558391226237	0.650714643381896	483	7
1593	2	0.228490985833061	0	9	0.865558391226237	0.650714643381896	483	7
1594	6	-0.143302680037772	0	9	0.865558391226237	0.650714643381896	483	7
1600	1	0.261970199016785	0	9	0.865558391226237	0.650714643381896	483	7
1602	4	0.0910274072276417	0	9	0.865558391226237	0.650714643381896	483	7
1603	2	0.254451746343181	0	9	0.865558391226237	0.650714643381896	483	7
1604	0	0.275495986222327	0	9	0.865558391226237	0.650714643381896	483	7
1605	4	0.373703009260043	0	9	0.865558391226237	0.650714643381896	483	7
1606	1	0.592566835266479	0	9	0.865558391226237	0.650714643381896	483	7
1607	0	0.456368919247131	0	9	0.865558391226237	0.650714643381896	483	7
1608	0	0.556468765842595	0	9	0.865558391226237	0.650714643381896	483	7
1609	1	0.688036682038185	0	9	0.865558391226237	0.650714643381896	483	7
1610	6	-0.0971582621961636	0	9	0.865558391226237	0.650714643381896	483	7
1611	2	0.383110622350813	0	9	0.865558391226237	0.650714643381896	483	7
1612	1	0.531094349048234	0	9	0.865558391226237	0.650714643381896	483	7
1615	3	0.506991391982594	0	9	0.865558391226237	0.650714643381896	483	7
1620	1	0.475972247462838	0	9	0.865558391226237	0.650714643381896	483	7
1621	0	0.440172391163417	0	9	0.865558391226237	0.650714643381896	483	7
1622	6	-0.00294280522198117	0	9	0.865558391226237	0.650714643381896	483	7
1627	0	0.442926713148496	0	9	0.865558391226237	0.650714643381896	483	7
1628	2	0.391535976131911	0	9	0.865558391226237	0.650714643381896	483	7
1629	0	0.287101112182187	0	9	0.865558391226237	0.650714643381896	483	7
1630	0	0.185725023974145	0	9	0.865558391226237	0.650714643381896	483	7
1632	6	0.110552424328161	0	9	0.865558391226237	0.650714643381896	483	7
1633	0	0.327223061479258	0	9	0.865558391226237	0.650714643381896	483	7
1634	4	0.223786748089288	0	9	0.865558391226237	0.650714643381896	483	7
1635	3	0.104473299264735	0	9	0.865558391226237	0.650714643381896	483	7
1636	0	0.218125793181892	0	9	0.865558391226237	0.650714643381896	483	7
1638	0	0.26852350818976	0	9	0.865558391226237	0.650714643381896	483	7
1639	0	0.399000704255436	0	9	0.865558391226237	0.650714643381896	483	7
1642	6	0.333500775186018	0	9	0.865558391226237	0.650714643381896	483	7
1643	0	0.544834901666248	0	9	0.865558391226237	0.650714643381896	483	7
1644	6	-0.0553418766105595	0	9	0.865558391226237	0.650714643381896	483	7
1645	0	0.280977430390454	0	9	0.865558391226237	0.650714643381896	483	7
1647	0	-0.0102751328649823	0	9	0.865558391226237	0.650714643381896	483	7
1649	2	0.273830282650606	0	9	0.865558391226237	0.650714643381896	483	7
1650	0	0.435973507424437	0	9	0.865558391226237	0.650714643381896	483	7
1653	3	0.409252910588017	0	9	0.865558391226237	0.650714643381896	483	7
1654	3	0.214640644372943	0	9	0.865558391226237	0.650714643381896	483	7
1656	1	0.48824328252403	0	9	0.865558391226237	0.650714643381896	483	7
1657	3	0.20656094213705	0	9	0.865558391226237	0.650714643381896	483	7
1659	2	0.383710464076095	0	9	0.865558391226237	0.650714643381896	483	7
1660	1	0.630072320664245	0	9	0.865558391226237	0.650714643381896	483	7
1662	3	0.448529536798182	0	9	0.865558391226237	0.650714643381896	483	7
1663	5	0.608233084884271	1	9	0.865558391226237	0.650714643381896	483	7
1665	0	0.620192348289554	0	9	0.865558391226237	0.650714643381896	483	7
1666	2	0.174032509131674	0	9	0.865558391226237	0.650714643381896	483	7
1672	6	-0.0449924876460419	0	9	0.865558391226237	0.650714643381896	483	7
1674	0	0.442709707535551	0	9	0.865558391226237	0.650714643381896	483	7
1675	5	0.742158286111075	1	9	0.865558391226237	0.650714643381896	483	7
1676	0	0.320640265945317	0	9	0.865558391226237	0.650714643381896	483	7
1677	3	0.490455889812295	0	9	0.865558391226237	0.650714643381896	483	7
1678	1	0.472780098370268	0	9	0.865558391226237	0.650714643381896	483	7
1687	0	0.146189685845543	0	9	0.865558391226237	0.650714643381896	483	7
1690	0	0.301437066929029	0	9	0.865558391226237	0.650714643381896	483	7
1716	0	0.110563423627173	0	9	0.865558391226237	0.650714643381896	483	7
1717	2	0.286039265443515	0	9	0.865558391226237	0.650714643381896	483	7
1718	2	0.63068941937523	0	9	0.865558391226237	0.650714643381896	483	7
1723	2	0.462831233609548	0	9	0.865558391226237	0.650714643381896	483	7
1725	2	0.345487771871964	0	9	0.865558391226237	0.650714643381896	483	7
1727	0	0.0272802015053067	0	9	0.865558391226237	0.650714643381896	483	7
1728	0	-0.144561526030048	0	9	0.865558391226237	0.650714643381896	483	7
1729	0	0.104491632149435	0	9	0.865558391226237	0.650714643381896	483	7
1730	0	0.0432851761042557	0	9	0.865558391226237	0.650714643381896	483	7
1733	6	-0.0834073959552216	0	9	0.865558391226237	0.650714643381896	483	7
1734	1	0.401516819596169	0	9	0.865558391226237	0.650714643381896	483	7
1737	0	0.320369281704742	0	9	0.865558391226237	0.650714643381896	483	7
1738	3	0.127444663780798	0	9	0.865558391226237	0.650714643381896	483	7
1739	3	0.490309885850245	0	9	0.865558391226237	0.650714643381896	483	7
1740	0	0.160713649774109	0	9	0.865558391226237	0.650714643381896	483	7
1741	0	0.304525123251605	0	9	0.865558391226237	0.650714643381896	483	7
1742	1	0.516500312256472	0	9	0.865558391226237	0.650714643381896	483	7
1743	0	0.198849981852836	0	9	0.865558391226237	0.650714643381896	483	7
1756	0	0.0281469781040824	0	9	0.865558391226237	0.650714643381896	483	7
1757	2	0.600742867594525	0	9	0.865558391226237	0.650714643381896	483	7
1759	7	0.441089568159174	0	9	0.865558391226237	0.650714643381896	483	7
1760	0	0.460929058706931	0	9	0.865558391226237	0.650714643381896	483	7
1762	1	0.585725794428004	0	9	0.865558391226237	0.650714643381896	483	7
1763	1	0.390655405009036	0	9	0.865558391226237	0.650714643381896	483	7
1768	1	0.404113792570732	0	9	0.865558391226237	0.650714643381896	483	7
1770	1	0.451931021318171	0	9	0.865558391226237	0.650714643381896	483	7
1773	2	0.246616420538728	0	9	0.865558391226237	0.650714643381896	483	7
1774	0	-0.203760405464025	0	9	0.865558391226237	0.650714643381896	483	7
1775	1	0.30165435040139	0	9	0.865558391226237	0.650714643381896	483	7
1776	0	0.547520620907504	0	9	0.865558391226237	0.650714643381896	483	7
1777	0	0.398220634707016	0	9	0.865558391226237	0.650714643381896	483	7
1778	2	0.417018165639481	0	9	0.865558391226237	0.650714643381896	483	7
1780	4	0.193749204403435	0	9	0.865558391226237	0.650714643381896	483	7
1783	0	0.0815462027879511	0	9	0.865558391226237	0.650714643381896	483	7
1785	6	0.185341178469135	0	9	0.865558391226237	0.650714643381896	483	7
1786	5	0.569709921089821	1	9	0.865558391226237	0.650714643381896	483	7
1787	0	0.154343630209287	0	9	0.865558391226237	0.650714643381896	483	7
1788	1	0.399861772186793	0	9	0.865558391226237	0.650714643381896	483	7
1789	0	0.379390741874769	0	9	0.865558391226237	0.650714643381896	483	7
1793	3	0.094701493546441	0	9	0.865558391226237	0.650714643381896	483	7
1794	5	0.81168034277785	1	9	0.865558391226237	0.650714643381896	483	7
1795	0	0.262591100684986	0	9	0.865558391226237	0.650714643381896	483	7
1796	0	0.327220276599824	0	9	0.865558391226237	0.650714643381896	483	7
1798	0	0.56578083628208	0	9	0.865558391226237	0.650714643381896	483	7
1800	6	-0.226856344721628	0	9	0.865558391226237	0.650714643381896	483	7
1802	0	0.627114788369381	0	9	0.865558391226237	0.650714643381896	483	7
1803	6	0.0756308875675235	0	9	0.865558391226237	0.650714643381896	483	7
1804	0	-0.227024813829039	0	9	0.865558391226237	0.650714643381896	483	7
1805	1	0.68175121031711	0	9	0.865558391226237	0.650714643381896	483	7
1806	0	-0.0711752641355256	0	9	0.865558391226237	0.650714643381896	483	7
1807	6	-0.0802245515194594	0	9	0.865558391226237	0.650714643381896	483	7
1808	4	0.27680686538559	0	9	0.865558391226237	0.650714643381896	483	7
1809	0	0.182536228691563	0	9	0.865558391226237	0.650714643381896	483	7
1810	0	0.374054813668749	0	9	0.865558391226237	0.650714643381896	483	7
1812	0	0.344792344952137	0	9	0.865558391226237	0.650714643381896	483	7
1815	1	0.515662670560852	0	9	0.865558391226237	0.650714643381896	483	7
1816	1	0.608849053711163	0	9	0.865558391226237	0.650714643381896	483	7
1819	0	0.0499440913243531	0	9	0.865558391226237	0.650714643381896	483	7
1820	1	0.527535707073854	0	9	0.865558391226237	0.650714643381896	483	7
1821	1	0.454236413454632	0	9	0.865558391226237	0.650714643381896	483	7
1822	1	0.567607210064805	0	9	0.865558391226237	0.650714643381896	483	7
1824	0	0.231211979409425	0	9	0.865558391226237	0.650714643381896	483	7
1827	7	0.443814949647959	0	9	0.865558391226237	0.650714643381896	483	7
1829	0	0.175552406522077	0	9	0.865558391226237	0.650714643381896	483	7
1831	0	0.282580051781452	0	9	0.865558391226237	0.650714643381896	483	7
1832	2	0.470004972820418	0	9	0.865558391226237	0.650714643381896	483	7
1836	0	0.0723226396442735	0	9	0.865558391226237	0.650714643381896	483	7
1837	1	0.494716687145995	0	9	0.865558391226237	0.650714643381896	483	7
1838	0	0.505181835110948	0	9	0.865558391226237	0.650714643381896	483	7
1839	4	0.236331356367861	0	9	0.865558391226237	0.650714643381896	483	7
1841	2	0.438505864037324	0	9	0.865558391226237	0.650714643381896	483	7
1842	4	0.17357049803549	0	9	0.865558391226237	0.650714643381896	483	7
1843	7	-0.00942584777471066	0	9	0.865558391226237	0.650714643381896	483	7
1844	4	0.518502475551193	0	9	0.865558391226237	0.650714643381896	483	7
1845	7	0.189918003564842	0	9	0.865558391226237	0.650714643381896	483	7
1846	4	0.439352817330229	0	9	0.865558391226237	0.650714643381896	483	7
1847	0	0.440427759578679	0	9	0.865558391226237	0.650714643381896	483	7
1848	3	0.492685418889526	0	9	0.865558391226237	0.650714643381896	483	7
1849	4	0.138092225093612	0	9	0.865558391226237	0.650714643381896	483	7
1852	0	0.283621646331148	0	9	0.865558391226237	0.650714643381896	483	7
1854	0	0.143488375274651	0	9	0.865558391226237	0.650714643381896	483	7
1855	2	0.242410799102025	0	9	0.865558391226237	0.650714643381896	483	7
1856	0	0.270305491316496	0	9	0.865558391226237	0.650714643381896	483	7
1857	2	0.517494738678153	0	9	0.865558391226237	0.650714643381896	483	7
1859	1	0.543082949555301	0	9	0.865558391226237	0.650714643381896	483	7
1861	0	0.18834164961376	0	9	0.865558391226237	0.650714643381896	483	7
1869	1	0.640553429183085	0	9	0.865558391226237	0.650714643381896	483	7
1870	1	0.388568954293266	0	9	0.865558391226237	0.650714643381896	483	7
1871	0	0.325989419275756	0	9	0.865558391226237	0.650714643381896	483	7
1874	0	0.445792818641072	0	9	0.865558391226237	0.650714643381896	483	7
1875	0	0.325596739721183	0	9	0.865558391226237	0.650714643381896	483	7
1877	2	0.439812301351853	0	9	0.865558391226237	0.650714643381896	483	7
1880	5	0.734139063204487	1	9	0.865558391226237	0.650714643381896	483	7
1889	0	0.279921866987758	0	9	0.865558391226237	0.650714643381896	483	7
1890	5	0.670677211591155	1	9	0.865558391226237	0.650714643381896	483	7
1891	2	0.166797699876067	0	9	0.865558391226237	0.650714643381896	483	7
1892	6	-0.113108486258708	0	9	0.865558391226237	0.650714643381896	483	7
1893	4	0.274036738249645	0	9	0.865558391226237	0.650714643381896	483	7
1894	0	0.499877456714538	0	9	0.865558391226237	0.650714643381896	483	7
1896	0	0.225080613723875	0	9	0.865558391226237	0.650714643381896	483	7
1901	4	0.427504441728295	0	9	0.865558391226237	0.650714643381896	483	7
1902	5	0.789605943034233	1	9	0.865558391226237	0.650714643381896	483	7
1906	5	0.712509889492793	1	9	0.865558391226237	0.650714643381896	483	7
1907	0	0.427448345644971	0	9	0.865558391226237	0.650714643381896	483	7
1909	4	0.492260894021001	0	9	0.865558391226237	0.650714643381896	483	7
1910	5	0.641159107990015	1	9	0.865558391226237	0.650714643381896	483	7
1917	2	0.532908389703215	0	9	0.865558391226237	0.650714643381896	483	7
1936	0	0.481694999916285	0	9	0.865558391226237	0.650714643381896	483	7
1939	0	-0.297198535832923	0	9	0.865558391226237	0.650714643381896	483	7
1942	4	0.255315611442473	0	9	0.865558391226237	0.650714643381896	483	7
1945	2	0.454548144573369	0	9	0.865558391226237	0.650714643381896	483	7
1946	1	0.540248472580652	0	9	0.865558391226237	0.650714643381896	483	7
1947	0	0.229220133660058	0	9	0.865558391226237	0.650714643381896	483	7
1948	0	-0.0251152725930481	0	9	0.865558391226237	0.650714643381896	483	7
1949	1	0.397624404990661	0	9	0.865558391226237	0.650714643381896	483	7
1950	0	0.00369978954043827	0	9	0.865558391226237	0.650714643381896	483	7
1952	0	0.182220372745549	0	9	0.865558391226237	0.650714643381896	483	7
1953	1	0.402309381771838	0	9	0.865558391226237	0.650714643381896	483	7
1954	0	0.370075628585561	0	9	0.865558391226237	0.650714643381896	483	7
1955	0	0.343462214516916	0	9	0.865558391226237	0.650714643381896	483	7
1956	1	0.47323392156413	0	9	0.865558391226237	0.650714643381896	483	7
1958	0	0.267350536563691	0	9	0.865558391226237	0.650714643381896	483	7
1959	0	0.381880810837836	0	9	0.865558391226237	0.650714643381896	483	7
1960	0	0.405618358581815	0	9	0.865558391226237	0.650714643381896	483	7
1962	6	-0.0164056728608942	0	9	0.865558391226237	0.650714643381896	483	7
1965	0	0.234473484790177	0	9	0.865558391226237	0.650714643381896	483	7
1967	2	0.246910469878752	0	9	0.865558391226237	0.650714643381896	483	7
1969	4	0.495272207887137	0	9	0.865558391226237	0.650714643381896	483	7
1977	3	0.711652061198539	0	9	0.865558391226237	0.650714643381896	483	7
1978	0	0.297486051430911	0	9	0.865558391226237	0.650714643381896	483	7
1979	3	0.500043362331642	0	9	0.865558391226237	0.650714643381896	483	7
1981	2	0.380899814099519	0	9	0.865558391226237	0.650714643381896	483	7
1982	7	0.100244013014461	0	9	0.865558391226237	0.650714643381896	483	7
1983	0	0.0534761806959392	0	9	0.865558391226237	0.650714643381896	483	7
1984	2	0.426302618582114	0	9	0.865558391226237	0.650714643381896	483	7
1992	4	0.268334595216486	0	9	0.865558391226237	0.650714643381896	483	7
1994	0	0.449526536780277	0	9	0.865558391226237	0.650714643381896	483	7
1997	0	0.371832309491454	0	9	0.865558391226237	0.650714643381896	483	7
1998	4	0.466182769944618	0	9	0.865558391226237	0.650714643381896	483	7
1999	0	0.492466366857504	0	9	0.865558391226237	0.650714643381896	483	7
2000	0	0.23889954270672	0	9	0.865558391226237	0.650714643381896	483	7
2001	0	0.483229347316171	0	9	0.865558391226237	0.650714643381896	483	7
2002	0	0.246395332195154	0	9	0.865558391226237	0.650714643381896	483	7
2004	1	0.534715291461128	0	9	0.865558391226237	0.650714643381896	483	7
2006	1	0.662316444216857	0	9	0.865558391226237	0.650714643381896	483	7
2009	4	0.319253828255381	0	9	0.865558391226237	0.650714643381896	483	7
2010	7	-0.1184731611365	0	9	0.865558391226237	0.650714643381896	483	7
2011	0	0.253919315424679	0	9	0.865558391226237	0.650714643381896	483	7
2012	4	0.416745213579649	0	9	0.865558391226237	0.650714643381896	483	7
2013	4	0.21480158146338	0	9	0.865558391226237	0.650714643381896	483	7
2014	2	0.578814646944493	0	9	0.865558391226237	0.650714643381896	483	7
2015	0	0.387456668546917	0	9	0.865558391226237	0.650714643381896	483	7
2016	7	0.45190731888196	0	9	0.865558391226237	0.650714643381896	483	7
2017	7	0.16914859156718	0	9	0.865558391226237	0.650714643381896	483	7
2018	0	0.21445654368597	0	9	0.865558391226237	0.650714643381896	483	7
2021	2	0.314675837827223	0	9	0.865558391226237	0.650714643381896	483	7
2022	4	0.317483217374007	0	9	0.865558391226237	0.650714643381896	483	7
2023	6	0.239835308142257	0	9	0.865558391226237	0.650714643381896	483	7
2026	1	0.688244281273451	0	9	0.865558391226237	0.650714643381896	483	7
2027	0	0.193243359238299	0	9	0.865558391226237	0.650714643381896	483	7
2028	6	-0.268483632882194	0	9	0.865558391226237	0.650714643381896	483	7
2029	0	0.367137590641831	0	9	0.865558391226237	0.650714643381896	483	7
2030	1	0.646190046462468	0	9	0.865558391226237	0.650714643381896	483	7
2034	4	0.0726060516214508	0	9	0.865558391226237	0.650714643381896	483	7
2035	0	0.40359430326525	0	9	0.865558391226237	0.650714643381896	483	7
2036	2	0.556619215447617	0	9	0.865558391226237	0.650714643381896	483	7
2037	1	0.447343986550497	0	9	0.865558391226237	0.650714643381896	483	7
2038	1	0.257403961065434	0	9	0.865558391226237	0.650714643381896	483	7
2039	7	0.328528217522419	0	9	0.865558391226237	0.650714643381896	483	7
2040	0	0.205130282572461	0	9	0.865558391226237	0.650714643381896	483	7
2041	1	0.712360735783957	0	9	0.865558391226237	0.650714643381896	483	7
2042	0	0.458787581089234	0	9	0.865558391226237	0.650714643381896	483	7
2043	4	0.217152595865487	0	9	0.865558391226237	0.650714643381896	483	7
2045	0	0.541477481697779	0	9	0.865558391226237	0.650714643381896	483	7
2047	1	0.80585101929759	0	9	0.865558391226237	0.650714643381896	483	7
2048	1	0.680131496795356	0	9	0.865558391226237	0.650714643381896	483	7
2049	1	0.638858417394952	0	9	0.865558391226237	0.650714643381896	483	7
2050	7	0.46723609713771	0	9	0.865558391226237	0.650714643381896	483	7
2051	0	0.370890760636937	0	9	0.865558391226237	0.650714643381896	483	7
2052	6	0.0774775962730093	0	9	0.865558391226237	0.650714643381896	483	7
2053	6	-0.0440408362636838	0	9	0.865558391226237	0.650714643381896	483	7
2054	0	0.244268946677537	0	9	0.865558391226237	0.650714643381896	483	7
2055	2	0.410015879263626	0	9	0.865558391226237	0.650714643381896	483	7
2056	0	0.385854196950787	0	9	0.865558391226237	0.650714643381896	483	7
2057	1	0.484793263762115	0	9	0.865558391226237	0.650714643381896	483	7
2058	1	0.55557563093527	0	9	0.865558391226237	0.650714643381896	483	7
2059	3	0.312211989049374	0	9	0.865558391226237	0.650714643381896	483	7
2060	4	0.185819736672969	0	9	0.865558391226237	0.650714643381896	483	7
2063	1	0.461061335671519	0	9	0.865558391226237	0.650714643381896	483	7
2065	0	0.168897796796467	0	9	0.865558391226237	0.650714643381896	483	7
2066	0	0.144718422555909	0	9	0.865558391226237	0.650714643381896	483	7
2067	2	0.453389624834101	0	9	0.865558391226237	0.650714643381896	483	7
2068	0	0.187479729083756	0	9	0.865558391226237	0.650714643381896	483	7
2070	1	0.520934265006105	0	9	0.865558391226237	0.650714643381896	483	7
2071	0	0.0737688483657841	0	9	0.865558391226237	0.650714643381896	483	7
2072	1	0.479252864558533	0	9	0.865558391226237	0.650714643381896	483	7
2077	7	0.152429086465461	0	9	0.865558391226237	0.650714643381896	483	7
2078	4	0.231158825153104	0	9	0.865558391226237	0.650714643381896	483	7
2079	0	0.491004144499911	0	9	0.865558391226237	0.650714643381896	483	7
2081	1	0.474230176786018	0	9	0.865558391226237	0.650714643381896	483	7
2091	2	0.401746520453325	0	9	0.865558391226237	0.650714643381896	483	7
2098	7	0.48711970724938	0	9	0.865558391226237	0.650714643381896	483	7
2099	1	0.368982755970751	0	9	0.865558391226237	0.650714643381896	483	7
2100	1	0.539912779812269	0	9	0.865558391226237	0.650714643381896	483	7
2101	1	0.708900214289266	0	9	0.865558391226237	0.650714643381896	483	7
2104	0	0.440467592333002	0	9	0.865558391226237	0.650714643381896	483	7
2107	4	0.300017783171764	0	9	0.865558391226237	0.650714643381896	483	7
2108	3	0.264511032956211	0	9	0.865558391226237	0.650714643381896	483	7
2109	6	-0.114308936140411	0	9	0.865558391226237	0.650714643381896	483	7
2110	3	0.331296325226374	0	9	0.865558391226237	0.650714643381896	483	7
2113	1	0.66479060974565	0	9	0.865558391226237	0.650714643381896	483	7
2114	4	0.183494828616732	0	9	0.865558391226237	0.650714643381896	483	7
2115	0	0.621990227575738	0	9	0.865558391226237	0.650714643381896	483	7
2117	0	0.431328375438196	0	9	0.865558391226237	0.650714643381896	483	7
2118	1	0.475113283311794	0	9	0.865558391226237	0.650714643381896	483	7
2119	0	0.442591544960455	0	9	0.865558391226237	0.650714643381896	483	7
2120	0	0.482740761562417	0	9	0.865558391226237	0.650714643381896	483	7
2122	0	0.334925991553925	0	9	0.865558391226237	0.650714643381896	483	7
2123	0	0.491106968052948	0	9	0.865558391226237	0.650714643381896	483	7
2124	5	0.846216917226039	1	9	0.865558391226237	0.650714643381896	483	7
2125	1	0.568682332136927	0	9	0.865558391226237	0.650714643381896	483	7
2130	2	0.427950210461308	0	9	0.865558391226237	0.650714643381896	483	7
2131	0	0.478485884478068	0	9	0.865558391226237	0.650714643381896	483	7
2132	3	0.30021604448298	0	9	0.865558391226237	0.650714643381896	483	7
2134	1	0.426512297563591	0	9	0.865558391226237	0.650714643381896	483	7
2135	0	0.119628973396151	0	9	0.865558391226237	0.650714643381896	483	7
2137	1	0.364804439342016	0	9	0.865558391226237	0.650714643381896	483	7
2139	0	0.0691713563002764	0	9	0.865558391226237	0.650714643381896	483	7
2140	0	0.13772776374851	0	9	0.865558391226237	0.650714643381896	483	7
2145	0	0.340277469102089	0	9	0.865558391226237	0.650714643381896	483	7
2146	5	0.763844803185055	1	9	0.865558391226237	0.650714643381896	483	7
2149	0	0.00741713144862739	0	9	0.865558391226237	0.650714643381896	483	7
2150	3	0.489703553280686	0	9	0.865558391226237	0.650714643381896	483	7
2151	1	0.574937940323677	0	9	0.865558391226237	0.650714643381896	483	7
2152	0	-0.0904458078724701	0	9	0.865558391226237	0.650714643381896	483	7
2153	0	-0.348032432293538	0	9	0.865558391226237	0.650714643381896	483	7
2155	0	0.462838627912126	0	9	0.865558391226237	0.650714643381896	483	7
2157	0	0.0657316192272674	0	9	0.865558391226237	0.650714643381896	483	7
2159	0	0.310767168550611	0	9	0.865558391226237	0.650714643381896	483	7
2160	0	-0.192120984447733	0	9	0.865558391226237	0.650714643381896	483	7
2161	5	0.526692993263903	1	9	0.865558391226237	0.650714643381896	483	7
2162	0	0.49863095539348	0	9	0.865558391226237	0.650714643381896	483	7
2166	6	0.198721401262001	0	9	0.865558391226237	0.650714643381896	483	7
2167	1	0.304331635011555	0	9	0.865558391226237	0.650714643381896	483	7
2168	6	-0.280154902221356	0	9	0.865558391226237	0.650714643381896	483	7
2170	6	0.124212962116987	0	9	0.865558391226237	0.650714643381896	483	7
2175	0	0.272937738190393	0	9	0.865558391226237	0.650714643381896	483	7
2176	0	0.503763549753324	0	9	0.865558391226237	0.650714643381896	483	7
2178	1	0.647636004870772	0	9	0.865558391226237	0.650714643381896	483	7
2180	6	0.163714322981733	0	9	0.865558391226237	0.650714643381896	483	7
2181	0	0.201375930000198	0	9	0.865558391226237	0.650714643381896	483	7
2184	6	0.228167586766457	0	9	0.865558391226237	0.650714643381896	483	7
2185	1	0.433701150380405	0	9	0.865558391226237	0.650714643381896	483	7
2186	0	0.161199932049385	0	9	0.865558391226237	0.650714643381896	483	7
2188	0	0.47134457487922	0	9	0.865558391226237	0.650714643381896	483	7
2189	0	0.537789699679679	0	9	0.865558391226237	0.650714643381896	483	7
2191	1	0.542886217533298	0	9	0.865558391226237	0.650714643381896	483	7
2192	5	0.769208329417905	1	9	0.865558391226237	0.650714643381896	483	7
2193	2	0.459571987042478	0	9	0.865558391226237	0.650714643381896	483	7
2194	1	0.479653730715723	0	9	0.865558391226237	0.650714643381896	483	7
2195	4	0.202639060050464	0	9	0.865558391226237	0.650714643381896	483	7
2196	1	0.300204993540962	0	9	0.865558391226237	0.650714643381896	483	7
2197	2	0.277112474085092	0	9	0.865558391226237	0.650714643381896	483	7
2199	0	0.439569486624927	0	9	0.865558391226237	0.650714643381896	483	7
2200	1	0.434277370536464	0	9	0.865558391226237	0.650714643381896	483	7
2201	0	0.089240805189689	0	9	0.865558391226237	0.650714643381896	483	7
2202	4	0.206883287691035	0	9	0.865558391226237	0.650714643381896	483	7
2203	6	-0.3905078110795	0	9	0.865558391226237	0.650714643381896	483	7
2204	1	0.582516687907052	0	9	0.865558391226237	0.650714643381896	483	7
2205	5	0.679677077419888	1	9	0.865558391226237	0.650714643381896	483	7
2206	1	0.365738954425814	0	9	0.865558391226237	0.650714643381896	483	7
2207	5	0.6068122388183	1	9	0.865558391226237	0.650714643381896	483	7
2208	0	0.343349508174172	0	9	0.865558391226237	0.650714643381896	483	7
2213	5	0.804367475874079	1	9	0.865558391226237	0.650714643381896	483	7
2217	6	-0.0476085529294366	0	9	0.865558391226237	0.650714643381896	483	7
2218	4	0.221067105407914	0	9	0.865558391226237	0.650714643381896	483	7
2219	0	0.352600739024247	0	9	0.865558391226237	0.650714643381896	483	7
2220	0	0.102125443501091	0	9	0.865558391226237	0.650714643381896	483	7
2222	0	0.255076430956548	0	9	0.865558391226237	0.650714643381896	483	7
2224	2	0.460293855856113	0	9	0.865558391226237	0.650714643381896	483	7
2230	6	0.0237169887363138	0	9	0.865558391226237	0.650714643381896	483	7
2232	0	0.497534077931793	0	9	0.865558391226237	0.650714643381896	483	7
2235	3	0.271167957615831	0	9	0.865558391226237	0.650714643381896	483	7
2237	5	0.748391378872393	1	9	0.865558391226237	0.650714643381896	483	7
2239	2	0.480983899876761	0	9	0.865558391226237	0.650714643381896	483	7
2241	0	0.453610692312112	0	9	0.865558391226237	0.650714643381896	483	7
2242	0	0.575543152760378	0	9	0.865558391226237	0.650714643381896	483	7
2243	0	0.175338227831077	0	9	0.865558391226237	0.650714643381896	483	7
2244	0	0.528233654438618	0	9	0.865558391226237	0.650714643381896	483	7
2245	0	0.26507057927379	0	9	0.865558391226237	0.650714643381896	483	7
2246	4	0.182482635862058	0	9	0.865558391226237	0.650714643381896	483	7
2247	1	0.701441075319213	0	9	0.865558391226237	0.650714643381896	483	7
2250	1	0.525960697956448	0	9	0.865558391226237	0.650714643381896	483	7
2252	0	0.13584316171482	0	9	0.865558391226237	0.650714643381896	483	7
2254	0	-0.0472801597355355	0	9	0.865558391226237	0.650714643381896	483	7
2257	0	0.271781728476979	0	9	0.865558391226237	0.650714643381896	483	7
2258	3	0.298941871531013	0	9	0.865558391226237	0.650714643381896	483	7
2260	0	0.445003834536	0	9	0.865558391226237	0.650714643381896	483	7
2261	0	0.291311643923356	0	9	0.865558391226237	0.650714643381896	483	7
2262	0	0.28543605671721	0	9	0.865558391226237	0.650714643381896	483	7
2263	0	0.314304905213732	0	9	0.865558391226237	0.650714643381896	483	7
2264	2	0.32826311381016	0	9	0.865558391226237	0.650714643381896	483	7
2266	0	0.30114280619177	0	9	0.865558391226237	0.650714643381896	483	7
2268	0	-0.10088288331179	0	9	0.865558391226237	0.650714643381896	483	7
2271	0	0.274338948592429	0	9	0.865558391226237	0.650714643381896	483	7
2272	2	0.45277550974394	0	9	0.865558391226237	0.650714643381896	483	7
2273	4	0.472565939553012	0	9	0.865558391226237	0.650714643381896	483	7
2274	5	0.761410762022695	1	9	0.865558391226237	0.650714643381896	483	7
2275	1	0.474751609710175	0	9	0.865558391226237	0.650714643381896	483	7
2281	4	0.227798885112203	0	9	0.865558391226237	0.650714643381896	483	7
2286	2	0.239884481378223	0	9	0.865558391226237	0.650714643381896	483	7
2287	0	0.43366565630429	0	9	0.865558391226237	0.650714643381896	483	7
2288	2	0.574604902666527	0	9	0.865558391226237	0.650714643381896	483	7
2289	0	0.137272790220772	0	9	0.865558391226237	0.650714643381896	483	7
2294	4	0.500460952359208	0	9	0.865558391226237	0.650714643381896	483	7
2296	4	0.0120885574872838	0	9	0.865558391226237	0.650714643381896	483	7
2297	4	0.256553601489845	0	9	0.865558391226237	0.650714643381896	483	7
2299	0	0.397921789401992	0	9	0.865558391226237	0.650714643381896	483	7
2300	1	0.437501133071159	0	9	0.865558391226237	0.650714643381896	483	7
2302	0	0.148594941713142	0	9	0.865558391226237	0.650714643381896	483	7
2303	1	0.373538292915735	0	9	0.865558391226237	0.650714643381896	483	7
2305	0	0.488126003636036	0	9	0.865558391226237	0.650714643381896	483	7
2306	4	0.164555134900997	0	9	0.865558391226237	0.650714643381896	483	7
2308	0	0.0261420062022162	0	9	0.865558391226237	0.650714643381896	483	7
2309	3	0.42156256901139	0	9	0.865558391226237	0.650714643381896	483	7
2312	0	0.312654064388549	0	9	0.865558391226237	0.650714643381896	483	7
2313	1	0.417443472393994	0	9	0.865558391226237	0.650714643381896	483	7
2314	2	0.40015068498688	0	9	0.865558391226237	0.650714643381896	483	7
2315	1	0.505408106291757	0	9	0.865558391226237	0.650714643381896	483	7
2316	2	0.469521332915876	0	9	0.865558391226237	0.650714643381896	483	7
2317	5	0.58587729611876	1	9	0.865558391226237	0.650714643381896	483	7
2318	1	0.276444075687406	0	9	0.865558391226237	0.650714643381896	483	7
2319	2	0.575348909013454	0	9	0.865558391226237	0.650714643381896	483	7
2321	4	0.0946912326667155	0	9	0.865558391226237	0.650714643381896	483	7
2322	0	0.205734123701447	0	9	0.865558391226237	0.650714643381896	483	7
2323	0	0.49014408588197	0	9	0.865558391226237	0.650714643381896	483	7
2324	4	0.141606018361219	0	9	0.865558391226237	0.650714643381896	483	7
2326	6	-0.179810368787742	0	9	0.865558391226237	0.650714643381896	483	7
2327	0	0.52024793344316	0	9	0.865558391226237	0.650714643381896	483	7
2328	0	0.382817654137383	0	9	0.865558391226237	0.650714643381896	483	7
2329	6	-0.0913189538526404	0	9	0.865558391226237	0.650714643381896	483	7
2331	0	0.516916577697296	0	9	0.865558391226237	0.650714643381896	483	7
2332	0	0.19496415595218	0	9	0.865558391226237	0.650714643381896	483	7
2334	0	0.408760106898874	0	9	0.865558391226237	0.650714643381896	483	7
2335	0	0.311927599247489	0	9	0.865558391226237	0.650714643381896	483	7
2339	2	0.351649657414228	0	9	0.865558391226237	0.650714643381896	483	7
2348	6	0.00295894728484003	0	9	0.865558391226237	0.650714643381896	483	7
2350	5	0.712303630584545	1	9	0.865558391226237	0.650714643381896	483	7
2352	0	-0.194830848582297	0	9	0.865558391226237	0.650714643381896	483	7
2353	0	-0.343248771646678	0	9	0.865558391226237	0.650714643381896	483	7
2354	0	0.193929029437966	0	9	0.865558391226237	0.650714643381896	483	7
2355	2	0.567839327538162	0	9	0.865558391226237	0.650714643381896	483	7
2356	1	0.431277528782082	0	9	0.865558391226237	0.650714643381896	483	7
2357	0	0.412669617527036	0	9	0.865558391226237	0.650714643381896	483	7
2358	1	0.466245621911984	0	9	0.865558391226237	0.650714643381896	483	7
2359	1	0.572309158305453	0	9	0.865558391226237	0.650714643381896	483	7
2395	2	0.55155409338704	0	9	0.865558391226237	0.650714643381896	483	7
2444	6	0.294553121268359	0	9	0.865558391226237	0.650714643381896	483	7
2475	1	0.50054775530021	0	9	0.865558391226237	0.650714643381896	483	7
2487	0	0.267199086066623	0	9	0.865558391226237	0.650714643381896	483	7
2491	0	0.302102780593248	0	9	0.865558391226237	0.650714643381896	483	7
2494	4	0.421792366502039	0	9	0.865558391226237	0.650714643381896	483	7
2495	6	0.120830330277172	0	9	0.865558391226237	0.650714643381896	483	7
2517	6	0.305972582693583	0	9	0.865558391226237	0.650714643381896	483	7
2521	0	0.314540229638599	0	9	0.865558391226237	0.650714643381896	483	7
2523	4	0.235195081367831	0	9	0.865558391226237	0.650714643381896	483	7
2524	1	0.623000023527449	0	9	0.865558391226237	0.650714643381896	483	7
2525	6	0.160779282020736	0	9	0.865558391226237	0.650714643381896	483	7
2528	6	0.185535040876295	0	9	0.865558391226237	0.650714643381896	483	7
2529	1	0.502414714619416	0	9	0.865558391226237	0.650714643381896	483	7
2530	0	0.00783855038939022	0	9	0.865558391226237	0.650714643381896	483	7
2531	3	0.37677811443775	0	9	0.865558391226237	0.650714643381896	483	7
2532	5	0.674979955440682	1	9	0.865558391226237	0.650714643381896	483	7
2533	5	0.663017633137212	1	9	0.865558391226237	0.650714643381896	483	7
2534	0	0.0449737552007152	0	9	0.865558391226237	0.650714643381896	483	7
2535	4	0.228420591770763	0	9	0.865558391226237	0.650714643381896	483	7
2537	0	0.36949764700909	0	9	0.865558391226237	0.650714643381896	483	7
2538	6	-0.345107939687693	0	9	0.865558391226237	0.650714643381896	483	7
2539	0	0.284538776898911	0	9	0.865558391226237	0.650714643381896	483	7
2542	6	0.333764891187997	0	9	0.865558391226237	0.650714643381896	483	7
2548	3	0.449599978821655	0	9	0.865558391226237	0.650714643381896	483	7
2549	0	0.0334612756909028	0	9	0.865558391226237	0.650714643381896	483	7
2550	1	0.555130781335709	0	9	0.865558391226237	0.650714643381896	483	7
2551	0	0.623042218221804	0	9	0.865558391226237	0.650714643381896	483	7
2553	0	0.305000248420078	0	9	0.865558391226237	0.650714643381896	483	7
2555	0	-0.1018624977251	0	9	0.865558391226237	0.650714643381896	483	7
2558	0	0.190042081015825	0	9	0.865558391226237	0.650714643381896	483	7
2561	1	0.365929541969433	0	9	0.865558391226237	0.650714643381896	483	7
2562	0	0.063203634093602	0	9	0.865558391226237	0.650714643381896	483	7
2568	5	0.636786139893049	1	9	0.865558391226237	0.650714643381896	483	7
2570	0	0.282102135495026	0	9	0.865558391226237	0.650714643381896	483	7
2571	0	0.179010905087245	0	9	0.865558391226237	0.650714643381896	483	7
2580	2	0.368497421241007	0	9	0.865558391226237	0.650714643381896	483	7
2581	1	0.35955257542661	0	9	0.865558391226237	0.650714643381896	483	7
2582	6	0.274758695183334	0	9	0.865558391226237	0.650714643381896	483	7
2583	1	0.617583962564962	0	9	0.865558391226237	0.650714643381896	483	7
2584	0	0.0271354158984014	0	9	0.865558391226237	0.650714643381896	483	7
2585	3	0.535741786040461	0	9	0.865558391226237	0.650714643381896	483	7
2588	0	0.151059077637553	0	9	0.865558391226237	0.650714643381896	483	7
2589	5	0.759164824137714	1	9	0.865558391226237	0.650714643381896	483	7
2590	2	0.572498317353843	0	9	0.865558391226237	0.650714643381896	483	7
2591	1	0.630822569205125	0	9	0.865558391226237	0.650714643381896	483	7
2592	2	0.132784554227208	0	9	0.865558391226237	0.650714643381896	483	7
2593	2	0.387951244483828	0	9	0.865558391226237	0.650714643381896	483	7
2615	4	0.35191957632359	0	9	0.865558391226237	0.650714643381896	483	7
2617	3	0.32189412969939	0	9	0.865558391226237	0.650714643381896	483	7
2618	3	0.384315363456889	0	9	0.865558391226237	0.650714643381896	483	7
2619	1	0.46763314498529	0	9	0.865558391226237	0.650714643381896	483	7
2620	0	0.0541193970488246	0	9	0.865558391226237	0.650714643381896	483	7
2621	4	0.265349881215611	0	9	0.865558391226237	0.650714643381896	483	7
2622	2	0.308614744108663	0	9	0.865558391226237	0.650714643381896	483	7
2623	1	0.320833249054661	0	9	0.865558391226237	0.650714643381896	483	7
2624	4	0.453909178367734	0	9	0.865558391226237	0.650714643381896	483	7
2625	0	0.655686258600824	0	9	0.865558391226237	0.650714643381896	483	7
2627	0	0.611815789882381	0	9	0.865558391226237	0.650714643381896	483	7
2628	6	-0.298153236806219	0	9	0.865558391226237	0.650714643381896	483	7
2631	3	0.303279676517164	0	9	0.865558391226237	0.650714643381896	483	7
2632	0	0.00224036869912054	0	9	0.865558391226237	0.650714643381896	483	7
2633	5	0.659478165047786	1	9	0.865558391226237	0.650714643381896	483	7
2634	5	0.678453824848298	1	9	0.865558391226237	0.650714643381896	483	7
2638	0	-0.0103817691400595	0	9	0.865558391226237	0.650714643381896	483	7
2639	0	0.182670154601637	0	9	0.865558391226237	0.650714643381896	483	7
2642	5	0.581646775904121	1	9	0.865558391226237	0.650714643381896	483	7
2643	0	0.0632267088722866	0	9	0.865558391226237	0.650714643381896	483	7
2644	2	0.332296228295075	0	9	0.865558391226237	0.650714643381896	483	7
2647	7	0.226421883022263	0	9	0.865558391226237	0.650714643381896	483	7
2648	0	0.437052268471604	0	9	0.865558391226237	0.650714643381896	483	7
2649	1	0.511474019229134	0	9	0.865558391226237	0.650714643381896	483	7
2650	1	0.571463063556112	0	9	0.865558391226237	0.650714643381896	483	7
2651	0	0.341956216482322	0	9	0.865558391226237	0.650714643381896	483	7
2664	0	0.140748536975965	0	9	0.865558391226237	0.650714643381896	483	7
2665	2	0.367258750241571	0	9	0.865558391226237	0.650714643381896	483	7
2668	0	0.249311163831142	0	9	0.865558391226237	0.650714643381896	483	7
2669	0	0.120448831857913	0	9	0.865558391226237	0.650714643381896	483	7
2671	1	0.366363963481935	0	9	0.865558391226237	0.650714643381896	483	7
2672	1	0.584816427947506	0	9	0.865558391226237	0.650714643381896	483	7
2673	3	0.403380855610823	0	9	0.865558391226237	0.650714643381896	483	7
2674	5	0.781681368650333	1	9	0.865558391226237	0.650714643381896	483	7
2675	0	0.295213597025498	0	9	0.865558391226237	0.650714643381896	483	7
2677	0	0.372452035345063	0	9	0.865558391226237	0.650714643381896	483	7
2683	7	0.528687610423621	0	9	0.865558391226237	0.650714643381896	483	7
2687	5	0.739483421902827	1	9	0.865558391226237	0.650714643381896	483	7
2690	4	-0.0323216576572262	0	9	0.865558391226237	0.650714643381896	483	7
2692	1	0.422020361095585	0	9	0.865558391226237	0.650714643381896	483	7
2694	1	0.606822936975187	0	9	0.865558391226237	0.650714643381896	483	7
2696	1	0.428838905730768	0	9	0.865558391226237	0.650714643381896	483	7
2697	4	0.00592511581035797	0	9	0.865558391226237	0.650714643381896	483	7
2700	5	0.557756896766382	1	9	0.865558391226237	0.650714643381896	483	7
2701	4	0.294483100974424	0	9	0.865558391226237	0.650714643381896	483	7
2705	6	0.193514886262397	0	9	0.865558391226237	0.650714643381896	483	7
2707	1	0.375572016631171	0	9	0.865558391226237	0.650714643381896	483	7
2710	6	-0.0372457885719669	0	9	0.865558391226237	0.650714643381896	483	7
2717	0	0.0629391781397822	0	9	0.865558391226237	0.650714643381896	483	7
2719	6	0.18000704799116	0	9	0.865558391226237	0.650714643381896	483	7
2729	0	-0.00669074863132358	0	9	0.865558391226237	0.650714643381896	483	7
2730	0	0.0929414546642663	0	9	0.865558391226237	0.650714643381896	483	7
2731	0	0.118188751481033	0	9	0.865558391226237	0.650714643381896	483	7
2733	0	0.0919527779943378	0	9	0.865558391226237	0.650714643381896	483	7
2734	6	0.211116553871354	0	9	0.865558391226237	0.650714643381896	483	7
2735	1	0.394246055421082	0	9	0.865558391226237	0.650714643381896	483	7
2736	0	0.377071562123408	0	9	0.865558391226237	0.650714643381896	483	7
2737	0	0.207683875832164	0	9	0.865558391226237	0.650714643381896	483	7
2739	3	0.0521045760001897	0	9	0.865558391226237	0.650714643381896	483	7
2740	1	0.450200266513203	0	9	0.865558391226237	0.650714643381896	483	7
2743	0	-0.0121666856866747	0	9	0.865558391226237	0.650714643381896	483	7
2744	6	0.200320818537582	0	9	0.865558391226237	0.650714643381896	483	7
2745	2	0.412229953716606	0	9	0.865558391226237	0.650714643381896	483	7
2746	6	0.296888898088265	0	9	0.865558391226237	0.650714643381896	483	7
2747	0	0.304333386494775	0	9	0.865558391226237	0.650714643381896	483	7
2752	0	0.112643244804201	0	9	0.865558391226237	0.650714643381896	483	7
2760	0	0.511988485497303	0	9	0.865558391226237	0.650714643381896	483	7
2762	2	0.193597313872759	0	9	0.865558391226237	0.650714643381896	483	7
2764	4	0.291565037830423	0	9	0.865558391226237	0.650714643381896	483	7
2766	0	0.13747916870816	0	9	0.865558391226237	0.650714643381896	483	7
2767	0	0.180007249414318	0	9	0.865558391226237	0.650714643381896	483	7
2768	4	0.247485908592187	0	9	0.865558391226237	0.650714643381896	483	7
2769	5	0.707135937159809	1	9	0.865558391226237	0.650714643381896	483	7
2770	0	0.268893434185259	0	9	0.865558391226237	0.650714643381896	483	7
2771	2	0.537299865489709	0	9	0.865558391226237	0.650714643381896	483	7
2773	4	0.373579427037571	0	9	0.865558391226237	0.650714643381896	483	7
2774	0	0.271760936354005	0	9	0.865558391226237	0.650714643381896	483	7
2775	0	0.156186102453043	0	9	0.865558391226237	0.650714643381896	483	7
2776	1	0.465091706966274	0	9	0.865558391226237	0.650714643381896	483	7
2778	7	0.415145370484913	0	9	0.865558391226237	0.650714643381896	483	7
2780	1	0.360749881401576	0	9	0.865558391226237	0.650714643381896	483	7
2781	4	0.458806935083772	0	9	0.865558391226237	0.650714643381896	483	7
2782	0	0.137137737244919	0	9	0.865558391226237	0.650714643381896	483	7
2783	2	0.277398803996148	0	9	0.865558391226237	0.650714643381896	483	7
2784	1	0.478140925760218	0	9	0.865558391226237	0.650714643381896	483	7
2785	1	0.701055522868546	0	9	0.865558391226237	0.650714643381896	483	7
2786	1	0.505486225085867	0	9	0.865558391226237	0.650714643381896	483	7
2787	0	0.259886451321023	0	9	0.865558391226237	0.650714643381896	483	7
2788	1	0.616427705406586	0	9	0.865558391226237	0.650714643381896	483	7
2791	0	0.285770594427005	0	9	0.865558391226237	0.650714643381896	483	7
2796	1	0.326500191509057	0	9	0.865558391226237	0.650714643381896	483	7
2798	0	0.197243948022053	0	9	0.865558391226237	0.650714643381896	483	7
2799	6	-0.113502205751568	0	9	0.865558391226237	0.650714643381896	483	7
2800	4	0.345404947765072	0	9	0.865558391226237	0.650714643381896	483	7
2801	0	0.369836130010072	0	9	0.865558391226237	0.650714643381896	483	7
2802	3	0.273986701528742	0	9	0.865558391226237	0.650714643381896	483	7
2803	0	0.185753474627249	0	9	0.865558391226237	0.650714643381896	483	7
2804	4	0.05293494958629	0	9	0.865558391226237	0.650714643381896	483	7
2805	6	0.110912711763129	0	9	0.865558391226237	0.650714643381896	483	7
2806	6	0.0925177172238388	0	9	0.865558391226237	0.650714643381896	483	7
2810	5	0.730423238825873	1	9	0.865558391226237	0.650714643381896	483	7
2811	0	0.261380441898948	0	9	0.865558391226237	0.650714643381896	483	7
2813	1	0.601124824592079	0	9	0.865558391226237	0.650714643381896	483	7
2815	1	0.520012613524999	0	9	0.865558391226237	0.650714643381896	483	7
2817	0	0.497105808361852	0	9	0.865558391226237	0.650714643381896	483	7
2819	6	0.179686299454054	0	9	0.865558391226237	0.650714643381896	483	7
2820	0	0.526971937417033	0	9	0.865558391226237	0.650714643381896	483	7
2821	2	0.221557506214873	0	9	0.865558391226237	0.650714643381896	483	7
2822	1	0.358571792784118	0	9	0.865558391226237	0.650714643381896	483	7
2823	3	0.384949405185892	0	9	0.865558391226237	0.650714643381896	483	7
2824	0	0.292564407152695	0	9	0.865558391226237	0.650714643381896	483	7
2826	1	0.512385505827065	0	9	0.865558391226237	0.650714643381896	483	7
2827	1	0.370814900108041	0	9	0.865558391226237	0.650714643381896	483	7
2828	4	0.384511229664178	0	9	0.865558391226237	0.650714643381896	483	7
2829	1	0.543252746725917	0	9	0.865558391226237	0.650714643381896	483	7
2833	5	0.771008674252707	1	9	0.865558391226237	0.650714643381896	483	7
2838	1	0.367854554193656	0	9	0.865558391226237	0.650714643381896	483	7
2840	1	0.559915651590183	0	9	0.865558391226237	0.650714643381896	483	7
2841	5	0.766093154717486	1	9	0.865558391226237	0.650714643381896	483	7
2843	1	0.644005084479025	0	9	0.865558391226237	0.650714643381896	483	7
2845	1	0.246604693131905	0	9	0.865558391226237	0.650714643381896	483	7
2850	1	0.586168299988709	0	9	0.865558391226237	0.650714643381896	483	7
2852	0	0.283053065131244	0	9	0.865558391226237	0.650714643381896	483	7
2859	1	0.617203197610175	0	9	0.865558391226237	0.650714643381896	483	7
2861	0	0.48861313920142	0	9	0.865558391226237	0.650714643381896	483	7
2863	1	0.547757522887245	0	9	0.865558391226237	0.650714643381896	483	7
2867	1	0.488798214643728	0	9	0.865558391226237	0.650714643381896	483	7
2868	0	0.172061436082176	0	9	0.865558391226237	0.650714643381896	483	7
2869	1	0.549788614316528	0	9	0.865558391226237	0.650714643381896	483	7
2870	1	0.592668926046613	0	9	0.865558391226237	0.650714643381896	483	7
2872	0	0.392367191273892	0	9	0.865558391226237	0.650714643381896	483	7
2873	2	0.283413007194592	0	9	0.865558391226237	0.650714643381896	483	7
2875	2	0.348736999477709	0	9	0.865558391226237	0.650714643381896	483	7
2877	0	0.112610738534024	0	9	0.865558391226237	0.650714643381896	483	7
2878	6	-0.326978053192596	0	9	0.865558391226237	0.650714643381896	483	7
2879	2	0.218472544809443	0	9	0.865558391226237	0.650714643381896	483	7
2882	0	0.452120332688528	0	9	0.865558391226237	0.650714643381896	483	7
2885	0	0.0140020900162131	0	9	0.865558391226237	0.650714643381896	483	7
2886	0	0.426605714139479	0	9	0.865558391226237	0.650714643381896	483	7
2887	0	0.0726123568836381	0	9	0.865558391226237	0.650714643381896	483	7
2888	0	0.388826643524396	0	9	0.865558391226237	0.650714643381896	483	7
2889	7	0.0994962868146048	0	9	0.865558391226237	0.650714643381896	483	7
2891	1	0.563727238833432	0	9	0.865558391226237	0.650714643381896	483	7
2892	0	-0.0749233401944396	0	9	0.865558391226237	0.650714643381896	483	7
2893	0	0.127225580220497	0	9	0.865558391226237	0.650714643381896	483	7
2896	2	0.170475684289516	0	9	0.865558391226237	0.650714643381896	483	7
2897	0	0.281031825873783	0	9	0.865558391226237	0.650714643381896	483	7
2898	1	0.445387471158446	0	9	0.865558391226237	0.650714643381896	483	7
2899	0	0.122577342581999	0	9	0.865558391226237	0.650714643381896	483	7
2900	0	0.158179577966514	0	9	0.865558391226237	0.650714643381896	483	7
2901	0	0.499083171566813	0	9	0.865558391226237	0.650714643381896	483	7
2903	1	0.267283366696532	0	9	0.865558391226237	0.650714643381896	483	7
2904	1	0.343457238577492	0	9	0.865558391226237	0.650714643381896	483	7
2905	5	0.636580622208891	1	9	0.865558391226237	0.650714643381896	483	7
2906	1	0.575800857228028	0	9	0.865558391226237	0.650714643381896	483	7
2907	6	0.0702892416816694	0	9	0.865558391226237	0.650714643381896	483	7
2908	0	0.274884091619144	0	9	0.865558391226237	0.650714643381896	483	7
2909	2	0.547621380080603	0	9	0.865558391226237	0.650714643381896	483	7
2911	1	0.378389976933942	0	9	0.865558391226237	0.650714643381896	483	7
2915	0	0.295281078459496	0	9	0.865558391226237	0.650714643381896	483	7
2916	1	0.372830682455787	0	9	0.865558391226237	0.650714643381896	483	7
2918	0	0.285372757374951	0	9	0.865558391226237	0.650714643381896	483	7
2919	0	0.541815945595757	0	9	0.865558391226237	0.650714643381896	483	7
2920	0	0.277302689107431	0	9	0.865558391226237	0.650714643381896	483	7
2921	5	0.657601948819426	1	9	0.865558391226237	0.650714643381896	483	7
2923	3	0.366997956136469	0	9	0.865558391226237	0.650714643381896	483	7
2926	0	-0.0145496472899317	0	9	0.865558391226237	0.650714643381896	483	7
2931	0	0.171646566851594	0	9	0.865558391226237	0.650714643381896	483	7
2932	2	0.395586587116891	0	9	0.865558391226237	0.650714643381896	483	7
2934	7	0.344479409686953	0	9	0.865558391226237	0.650714643381896	483	7
2935	0	0.330280214094882	0	9	0.865558391226237	0.650714643381896	483	7
2936	6	0.0263314614350113	0	9	0.865558391226237	0.650714643381896	483	7
2937	0	0.0935991005738624	0	9	0.865558391226237	0.650714643381896	483	7
2938	0	-0.0978758626440469	0	9	0.865558391226237	0.650714643381896	483	7
2941	0	-0.0348731137987042	0	9	0.865558391226237	0.650714643381896	483	7
2947	0	0.171578603882385	0	9	0.865558391226237	0.650714643381896	483	7
2948	2	0.557872075099671	0	9	0.865558391226237	0.650714643381896	483	7
2949	1	0.516863606324782	0	9	0.865558391226237	0.650714643381896	483	7
2950	2	0.426922436942558	0	9	0.865558391226237	0.650714643381896	483	7
2954	0	0.435920364597674	0	9	0.865558391226237	0.650714643381896	483	7
2956	0	0.234918402980218	0	9	0.865558391226237	0.650714643381896	483	7
2957	5	0.675599197150692	1	9	0.865558391226237	0.650714643381896	483	7
2958	0	-0.160253409011071	0	9	0.865558391226237	0.650714643381896	483	7
2959	0	-0.163288044815136	0	9	0.865558391226237	0.650714643381896	483	7
2960	4	0.228990337602879	0	9	0.865558391226237	0.650714643381896	483	7
2961	3	0.296261121989538	0	9	0.865558391226237	0.650714643381896	483	7
2962	5	0.555393722341059	1	9	0.865558391226237	0.650714643381896	483	7
2963	0	0.393360957000417	0	9	0.865558391226237	0.650714643381896	483	7
2965	4	0.287842456660523	0	9	0.865558391226237	0.650714643381896	483	7
2967	0	0.295874073965322	0	9	0.865558391226237	0.650714643381896	483	7
2968	0	0.419209925534069	0	9	0.865558391226237	0.650714643381896	483	7
2969	0	0.284448316220263	0	9	0.865558391226237	0.650714643381896	483	7
2971	0	0.323110163575533	0	9	0.865558391226237	0.650714643381896	483	7
2972	1	0.690070084184218	0	9	0.865558391226237	0.650714643381896	483	7
2975	4	0.130718791969012	0	9	0.865558391226237	0.650714643381896	483	7
2976	0	0.241446649290715	0	9	0.865558391226237	0.650714643381896	483	7
2977	1	0.665379328620736	0	9	0.865558391226237	0.650714643381896	483	7
2979	1	0.411696722495925	0	9	0.865558391226237	0.650714643381896	483	7
2982	0	0.531639583355814	0	9	0.865558391226237	0.650714643381896	483	7
2983	0	0.502780797220248	0	9	0.865558391226237	0.650714643381896	483	7
2984	1	0.556536990657235	0	9	0.865558391226237	0.650714643381896	483	7
2987	0	-0.188001895273503	0	9	0.865558391226237	0.650714643381896	483	7
2990	0	0.1627703488946	0	9	0.865558391226237	0.650714643381896	483	7
2992	2	0.421459156824198	0	9	0.865558391226237	0.650714643381896	483	7
2995	1	0.597921609026761	0	9	0.865558391226237	0.650714643381896	483	7
2997	0	0.283489576298432	0	9	0.865558391226237	0.650714643381896	483	7
2998	1	0.422031329667999	0	9	0.865558391226237	0.650714643381896	483	7
2999	5	0.60216243226201	1	9	0.865558391226237	0.650714643381896	483	7
3000	1	0.327511648523987	0	9	0.865558391226237	0.650714643381896	483	7
3001	5	0.753652365608323	1	9	0.865558391226237	0.650714643381896	483	7
3002	1	0.57205997589562	0	9	0.865558391226237	0.650714643381896	483	7
3003	5	0.669737862808811	1	9	0.865558391226237	0.650714643381896	483	7
3004	1	0.498244081569044	0	9	0.865558391226237	0.650714643381896	483	7
3005	0	0.0868236265132158	0	9	0.865558391226237	0.650714643381896	483	7
3006	2	0.126917269191785	0	9	0.865558391226237	0.650714643381896	483	7
3007	1	0.550285079465123	0	9	0.865558391226237	0.650714643381896	483	7
3008	7	0.429139962736154	0	9	0.865558391226237	0.650714643381896	483	7
3009	0	0.58674269956313	0	9	0.865558391226237	0.650714643381896	483	7
3014	0	0.316416808629426	0	9	0.865558391226237	0.650714643381896	483	7
3015	3	0.408220071036295	0	9	0.865558391226237	0.650714643381896	483	7
3017	2	0.260968559823473	0	9	0.865558391226237	0.650714643381896	483	7
3018	0	0.550129193024519	0	9	0.865558391226237	0.650714643381896	483	7
3024	0	0.371237045414727	0	9	0.865558391226237	0.650714643381896	483	7
3026	0	0.348506734187545	0	9	0.865558391226237	0.650714643381896	483	7
3028	2	0.281465464970563	0	9	0.865558391226237	0.650714643381896	483	7
3029	6	0.102720212700144	0	9	0.865558391226237	0.650714643381896	483	7
3030	2	0.496837731349822	0	9	0.865558391226237	0.650714643381896	483	7
3032	6	0.128636920764648	0	9	0.865558391226237	0.650714643381896	483	7
3033	6	0.0706330023219666	0	9	0.865558391226237	0.650714643381896	483	7
3034	1	0.262142769655064	0	9	0.865558391226237	0.650714643381896	483	7
3037	1	0.422214747181685	0	9	0.865558391226237	0.650714643381896	483	7
3043	0	0.229505999596735	0	9	0.865558391226237	0.650714643381896	483	7
3052	0	0.312559359755418	0	9	0.865558391226237	0.650714643381896	483	7
3053	0	0.0941058725962552	0	9	0.865558391226237	0.650714643381896	483	7
3054	0	0.457684085695969	0	9	0.865558391226237	0.650714643381896	483	7
3055	5	0.628540708090869	1	9	0.865558391226237	0.650714643381896	483	7
3059	5	0.700546682921794	1	9	0.865558391226237	0.650714643381896	483	7
3061	1	0.611706150988164	0	9	0.865558391226237	0.650714643381896	483	7
3062	1	0.460756277640634	0	9	0.865558391226237	0.650714643381896	483	7
3064	1	0.280817050915044	0	9	0.865558391226237	0.650714643381896	483	7
3065	0	-0.0667319684256397	0	9	0.865558391226237	0.650714643381896	483	7
3066	0	-0.0530333359069331	0	9	0.865558391226237	0.650714643381896	483	7
3067	1	0.520224131975665	0	9	0.865558391226237	0.650714643381896	483	7
3068	0	0.238686025667317	0	9	0.865558391226237	0.650714643381896	483	7
3069	7	0.424204641046407	0	9	0.865558391226237	0.650714643381896	483	7
3071	0	0.434843180650502	0	9	0.865558391226237	0.650714643381896	483	7
3073	0	0.0519417829200771	0	9	0.865558391226237	0.650714643381896	483	7
3074	0	-0.165743490852549	0	9	0.865558391226237	0.650714643381896	483	7
3075	0	0.330356899247278	0	9	0.865558391226237	0.650714643381896	483	7
3077	3	0.569946189524576	0	9	0.865558391226237	0.650714643381896	483	7
3081	6	-0.150980087066824	0	9	0.865558391226237	0.650714643381896	483	7
3082	5	0.708045415470986	1	9	0.865558391226237	0.650714643381896	483	7
3083	1	0.460191223518854	0	9	0.865558391226237	0.650714643381896	483	7
3084	1	0.507172137211912	0	9	0.865558391226237	0.650714643381896	483	7
3087	4	0.296103867585943	0	9	0.865558391226237	0.650714643381896	483	7
3090	0	0.276238199562125	0	9	0.865558391226237	0.650714643381896	483	7
3091	0	0.541175666162286	0	9	0.865558391226237	0.650714643381896	483	7
3092	0	0.477811433666422	0	9	0.865558391226237	0.650714643381896	483	7
3093	3	0.241555768362621	0	9	0.865558391226237	0.650714643381896	483	7
3094	4	0.12626419773901	0	9	0.865558391226237	0.650714643381896	483	7
3096	4	0.325428022583961	0	9	0.865558391226237	0.650714643381896	483	7
3097	0	0.16206007108768	0	9	0.865558391226237	0.650714643381896	483	7
3098	0	0.238136878351068	0	9	0.865558391226237	0.650714643381896	483	7
3099	0	0.000813783939406899	0	9	0.865558391226237	0.650714643381896	483	7
3101	1	0.654931304423988	0	9	0.865558391226237	0.650714643381896	483	7
3104	2	0.315230298739746	0	9	0.865558391226237	0.650714643381896	483	7
3105	2	0.376016335055156	0	9	0.865558391226237	0.650714643381896	483	7
3106	2	0.466325506562655	0	9	0.865558391226237	0.650714643381896	483	7
3107	2	0.470392580803495	0	9	0.865558391226237	0.650714643381896	483	7
3108	0	0.601115786682363	0	9	0.865558391226237	0.650714643381896	483	7
3111	1	0.545368602308134	0	9	0.865558391226237	0.650714643381896	483	7
3115	5	0.710618138533359	1	9	0.865558391226237	0.650714643381896	483	7
3117	0	0.388478778295789	0	9	0.865558391226237	0.650714643381896	483	7
3119	0	0.361550624376955	0	9	0.865558391226237	0.650714643381896	483	7
3122	2	0.618607149859336	0	9	0.865558391226237	0.650714643381896	483	7
3123	2	0.601621222334612	0	9	0.865558391226237	0.650714643381896	483	7
3131	3	0.541597298689444	0	9	0.865558391226237	0.650714643381896	483	7
3134	0	0.580514686973534	0	9	0.865558391226237	0.650714643381896	483	7
3140	1	0.493950637296861	0	9	0.865558391226237	0.650714643381896	483	7
3141	0	0.340893789305747	0	9	0.865558391226237	0.650714643381896	483	7
3142	4	0.459904748391968	0	9	0.865558391226237	0.650714643381896	483	7
3145	0	0.268410969757114	0	9	0.865558391226237	0.650714643381896	483	7
3148	0	0.530719862920892	0	9	0.865558391226237	0.650714643381896	483	7
3149	0	0.371990210482083	0	9	0.865558391226237	0.650714643381896	483	7
3155	0	0.153656361736517	0	9	0.865558391226237	0.650714643381896	483	7
3156	3	0.415718487620236	0	9	0.865558391226237	0.650714643381896	483	7
3157	0	-0.0206416114845283	0	9	0.865558391226237	0.650714643381896	483	7
3158	2	0.319086686088183	0	9	0.865558391226237	0.650714643381896	483	7
3162	6	0.20924386759847	0	9	0.865558391226237	0.650714643381896	483	7
3163	2	0.315098811220126	0	9	0.865558391226237	0.650714643381896	483	7
3164	0	0.358506975409248	0	9	0.865558391226237	0.650714643381896	483	7
3172	7	0.00114055900081914	0	9	0.865558391226237	0.650714643381896	483	7
3174	1	0.368728176730791	0	9	0.865558391226237	0.650714643381896	483	7
3176	0	0.123718318826629	0	9	0.865558391226237	0.650714643381896	483	7
3177	0	0.395198739012296	0	9	0.865558391226237	0.650714643381896	483	7
3181	3	0.160917567176196	0	9	0.865558391226237	0.650714643381896	483	7
3182	2	0.460008878856552	0	9	0.865558391226237	0.650714643381896	483	7
3184	0	0.0201356470447229	0	9	0.865558391226237	0.650714643381896	483	7
3185	2	0.493527863814867	0	9	0.865558391226237	0.650714643381896	483	7
3187	0	0.517946121043704	0	9	0.865558391226237	0.650714643381896	483	7
3189	0	0.213556276783061	0	9	0.865558391226237	0.650714643381896	483	7
3191	2	0.564136305577262	0	9	0.865558391226237	0.650714643381896	483	7
3192	7	0.494509106260556	0	9	0.865558391226237	0.650714643381896	483	7
3198	4	0.230691757603058	0	9	0.865558391226237	0.650714643381896	483	7
3199	1	0.344541533348285	0	9	0.865558391226237	0.650714643381896	483	7
3200	1	0.391539352109123	0	9	0.865558391226237	0.650714643381896	483	7
3201	0	0.228914968115702	0	9	0.865558391226237	0.650714643381896	483	7
3202	2	0.22035556317452	0	9	0.865558391226237	0.650714643381896	483	7
3203	0	0.334536052050329	0	9	0.865558391226237	0.650714643381896	483	7
3204	2	0.328172957517367	0	9	0.865558391226237	0.650714643381896	483	7
3206	0	0.582176218088452	0	9	0.865558391226237	0.650714643381896	483	7
3207	1	0.701316956655055	0	9	0.865558391226237	0.650714643381896	483	7
3212	0	0.302624249186002	0	9	0.865558391226237	0.650714643381896	483	7
3215	0	0.460208525436384	0	9	0.865558391226237	0.650714643381896	483	7
3216	0	0.292988612188229	0	9	0.865558391226237	0.650714643381896	483	7
3217	0	0.228330582903468	0	9	0.865558391226237	0.650714643381896	483	7
3218	0	0.312973083426539	0	9	0.865558391226237	0.650714643381896	483	7
3219	1	0.559911836295443	0	9	0.865558391226237	0.650714643381896	483	7
3221	0	0.321677215082525	0	9	0.865558391226237	0.650714643381896	483	7
3222	1	0.490852873089224	0	9	0.865558391226237	0.650714643381896	483	7
3223	0	0.430101638732712	0	9	0.865558391226237	0.650714643381896	483	7
3224	0	0.155220596993372	0	9	0.865558391226237	0.650714643381896	483	7
3226	0	0.327227388243028	0	9	0.865558391226237	0.650714643381896	483	7
3231	1	0.482512166001161	0	9	0.865558391226237	0.650714643381896	483	7
3235	0	0.277930341797241	0	9	0.865558391226237	0.650714643381896	483	7
3236	0	0.524492998597665	0	9	0.865558391226237	0.650714643381896	483	7
3237	7	0.597418744034965	0	9	0.865558391226237	0.650714643381896	483	7
3240	1	0.65111256191273	0	9	0.865558391226237	0.650714643381896	483	7
3241	2	0.424351726990787	0	9	0.865558391226237	0.650714643381896	483	7
3242	6	-0.270717646690351	0	9	0.865558391226237	0.650714643381896	483	7
3248	0	-0.0432272173584521	0	9	0.865558391226237	0.650714643381896	483	7
3249	6	-0.188773314716505	0	9	0.865558391226237	0.650714643381896	483	7
3251	0	0.039746332994169	0	9	0.865558391226237	0.650714643381896	483	7
3265	2	0.364991456766889	0	9	0.865558391226237	0.650714643381896	483	7
3267	0	0.545653821207292	0	9	0.865558391226237	0.650714643381896	483	7
3268	1	0.498127184226843	0	9	0.865558391226237	0.650714643381896	483	7
3269	0	0.477408674172938	0	9	0.865558391226237	0.650714643381896	483	7
3270	1	0.516196231961184	0	9	0.865558391226237	0.650714643381896	483	7
3273	0	-0.135604315667776	0	9	0.865558391226237	0.650714643381896	483	7
3274	0	0.359563454550964	0	9	0.865558391226237	0.650714643381896	483	7
3275	0	0.279949288117934	0	9	0.865558391226237	0.650714643381896	483	7
3276	2	0.432273464764501	0	9	0.865558391226237	0.650714643381896	483	7
3280	1	0.411773499910008	0	9	0.865558391226237	0.650714643381896	483	7
3281	0	0.31079430083678	0	9	0.865558391226237	0.650714643381896	483	7
3283	1	0.48929519180926	0	9	0.865558391226237	0.650714643381896	483	7
3284	1	0.449077448502801	0	9	0.865558391226237	0.650714643381896	483	7
3290	0	0.237759947143196	0	9	0.865558391226237	0.650714643381896	483	7
3291	6	-0.0560432325321579	0	9	0.865558391226237	0.650714643381896	483	7
3293	1	0.238699381239639	0	9	0.865558391226237	0.650714643381896	483	7
3294	0	0.25586917543118	0	9	0.865558391226237	0.650714643381896	483	7
3295	6	0.0454235548266238	0	9	0.865558391226237	0.650714643381896	483	7
3297	0	0.55485394881046	0	9	0.865558391226237	0.650714643381896	483	7
3298	3	0.51447958926634	0	9	0.865558391226237	0.650714643381896	483	7
3300	0	0.076732792879679	0	9	0.865558391226237	0.650714643381896	483	7
3301	0	-0.27078488872007	0	9	0.865558391226237	0.650714643381896	483	7
3306	4	0.189716918179391	0	9	0.865558391226237	0.650714643381896	483	7
3308	3	0.211100956572865	0	9	0.865558391226237	0.650714643381896	483	7
3309	3	0.347502102307856	0	9	0.865558391226237	0.650714643381896	483	7
3310	1	0.75547727575774	0	9	0.865558391226237	0.650714643381896	483	7
3313	6	-0.00164973649515572	0	9	0.865558391226237	0.650714643381896	483	7
3320	6	0.14152459099418	0	9	0.865558391226237	0.650714643381896	483	7
3321	0	0.262520941496437	0	9	0.865558391226237	0.650714643381896	483	7
3326	2	0.360328062652485	0	9	0.865558391226237	0.650714643381896	483	7
3337	2	0.589071005936709	0	9	0.865558391226237	0.650714643381896	483	7
3338	0	0.206719761347609	0	9	0.865558391226237	0.650714643381896	483	7
3339	4	0.549008690756238	0	9	0.865558391226237	0.650714643381896	483	7
3340	1	0.445068853841063	0	9	0.865558391226237	0.650714643381896	483	7
3344	0	0.303397715331457	0	9	0.865558391226237	0.650714643381896	483	7
3351	1	0.29419841844409	0	9	0.865558391226237	0.650714643381896	483	7
3355	0	0.0720520612073433	0	9	0.865558391226237	0.650714643381896	483	7
3357	0	0.250658765938603	0	9	0.865558391226237	0.650714643381896	483	7
3362	1	0.273966867502572	0	9	0.865558391226237	0.650714643381896	483	7
3363	1	0.500886952767192	0	9	0.865558391226237	0.650714643381896	483	7
3364	0	0.37691447888674	0	9	0.865558391226237	0.650714643381896	483	7
3371	5	0.809915392398641	1	9	0.865558391226237	0.650714643381896	483	7
3373	6	0.0527655292045902	0	9	0.865558391226237	0.650714643381896	483	7
3376	4	0.167596438851949	0	9	0.865558391226237	0.650714643381896	483	7
3382	0	0.390736684578537	0	9	0.865558391226237	0.650714643381896	483	7
3383	0	0.348296093063124	0	9	0.865558391226237	0.650714643381896	483	7
3384	4	0.445521264013453	0	9	0.865558391226237	0.650714643381896	483	7
3385	0	0.576077060170227	0	9	0.865558391226237	0.650714643381896	483	7
3386	0	0.235345695829591	0	9	0.865558391226237	0.650714643381896	483	7
3394	5	0.795653531854719	1	9	0.865558391226237	0.650714643381896	483	7
3396	2	0.316934105424708	0	9	0.865558391226237	0.650714643381896	483	7
3397	4	0.291270964830187	0	9	0.865558391226237	0.650714643381896	483	7
3398	3	0.155970718317163	0	9	0.865558391226237	0.650714643381896	483	7
3399	4	0.315802799349473	0	9	0.865558391226237	0.650714643381896	483	7
3400	0	0.0099966230328034	0	9	0.865558391226237	0.650714643381896	483	7
3416	0	0.0977336074041251	0	9	0.865558391226237	0.650714643381896	483	7
3417	6	-0.165373361322818	0	9	0.865558391226237	0.650714643381896	483	7
3418	6	0.292015473304296	0	9	0.865558391226237	0.650714643381896	483	7
3419	2	0.302832411739198	0	9	0.865558391226237	0.650714643381896	483	7
3420	2	0.200482724826611	0	9	0.865558391226237	0.650714643381896	483	7
3421	2	0.103518048508241	0	9	0.865558391226237	0.650714643381896	483	7
3422	3	0.241198311735069	0	9	0.865558391226237	0.650714643381896	483	7
3423	0	0.582500973320207	0	9	0.865558391226237	0.650714643381896	483	7
3425	1	0.673598905164764	0	9	0.865558391226237	0.650714643381896	483	7
3426	6	0.160107913923674	0	9	0.865558391226237	0.650714643381896	483	7
3428	0	0.623334029269725	0	9	0.865558391226237	0.650714643381896	483	7
3429	0	0.472307601525122	0	9	0.865558391226237	0.650714643381896	483	7
3430	2	0.564752941706618	0	9	0.865558391226237	0.650714643381896	483	7
3431	0	0.408853003520861	0	9	0.865558391226237	0.650714643381896	483	7
3433	0	0.412316380478061	0	9	0.865558391226237	0.650714643381896	483	7
3434	0	-0.0167931540224646	0	9	0.865558391226237	0.650714643381896	483	7
3437	0	0.354898735135241	0	9	0.865558391226237	0.650714643381896	483	7
3454	1	0.362838569738713	0	9	0.865558391226237	0.650714643381896	483	7
3455	0	0.492049492738097	0	9	0.865558391226237	0.650714643381896	483	7
3459	3	0.377354062629515	0	9	0.865558391226237	0.650714643381896	483	7
3460	0	0.452238758050349	0	9	0.865558391226237	0.650714643381896	483	7
3475	0	0.00473371138508246	0	9	0.865558391226237	0.650714643381896	483	7
3476	0	0.19380689191134	0	9	0.865558391226237	0.650714643381896	483	7
3479	0	0.142469282884564	0	9	0.865558391226237	0.650714643381896	483	7
3480	0	0.258374676717818	0	9	0.865558391226237	0.650714643381896	483	7
3482	6	0.173044004250931	0	9	0.865558391226237	0.650714643381896	483	7
3483	1	0.36019946492223	0	9	0.865558391226237	0.650714643381896	483	7
3484	0	-0.0885761800457577	0	9	0.865558391226237	0.650714643381896	483	7
3485	0	0.0336919320022867	0	9	0.865558391226237	0.650714643381896	483	7
3486	0	0.407335981718882	0	9	0.865558391226237	0.650714643381896	483	7
3487	6	0.156338400115299	0	9	0.865558391226237	0.650714643381896	483	7
3488	4	0.0963183084031089	0	9	0.865558391226237	0.650714643381896	483	7
3489	5	0.664861346616495	1	9	0.865558391226237	0.650714643381896	483	7
3490	2	0.545986544216888	0	9	0.865558391226237	0.650714643381896	483	7
3491	0	0.0587235301505796	0	9	0.865558391226237	0.650714643381896	483	7
3508	0	0.43358792928444	0	9	0.865558391226237	0.650714643381896	483	7
3512	5	0.761826769811666	1	9	0.865558391226237	0.650714643381896	483	7
3516	3	0.637349224644219	0	9	0.865558391226237	0.650714643381896	483	7
3547	0	0.0696573483687124	0	9	0.865558391226237	0.650714643381896	483	7
3549	1	0.438035418990157	0	9	0.865558391226237	0.650714643381896	483	7
3551	0	0.405288031771044	0	9	0.865558391226237	0.650714643381896	483	7
3553	0	0.366438146738242	0	9	0.865558391226237	0.650714643381896	483	7
3554	0	0.406362743656298	0	9	0.865558391226237	0.650714643381896	483	7
3556	0	0.126731817843215	0	9	0.865558391226237	0.650714643381896	483	7
3557	0	0.396758336772992	0	9	0.865558391226237	0.650714643381896	483	7
3559	1	0.40422326081858	0	9	0.865558391226237	0.650714643381896	483	7
3560	5	0.598910674300199	1	9	0.865558391226237	0.650714643381896	483	7
3561	0	0.282127171790835	0	9	0.865558391226237	0.650714643381896	483	7
3566	0	0.26974458194739	0	9	0.865558391226237	0.650714643381896	483	7
3568	1	0.603045317470538	0	9	0.865558391226237	0.650714643381896	483	7
3569	0	0.0732833541175541	0	9	0.865558391226237	0.650714643381896	483	7
3570	0	-0.0194117653789032	0	9	0.865558391226237	0.650714643381896	483	7
3572	3	0.449939408383388	0	9	0.865558391226237	0.650714643381896	483	7
3574	0	0.528923384800675	0	9	0.865558391226237	0.650714643381896	483	7
3575	0	0.553419899789377	0	9	0.865558391226237	0.650714643381896	483	7
3576	0	0.177341514746662	0	9	0.865558391226237	0.650714643381896	483	7
3577	0	0.334617451515446	0	9	0.865558391226237	0.650714643381896	483	7
3579	0	0.282998205144717	0	9	0.865558391226237	0.650714643381896	483	7
3587	5	0.84042078550006	1	9	0.865558391226237	0.650714643381896	483	7
3588	0	-0.132752165444571	0	9	0.865558391226237	0.650714643381896	483	7
3589	0	0.387484596948996	0	9	0.865558391226237	0.650714643381896	483	7
3590	4	0.106996768704274	0	9	0.865558391226237	0.650714643381896	483	7
3594	1	0.467717316981184	0	9	0.865558391226237	0.650714643381896	483	7
3595	0	0.337812838807554	0	9	0.865558391226237	0.650714643381896	483	7
3597	3	0.397267144992015	0	9	0.865558391226237	0.650714643381896	483	7
3598	0	-0.0594981378502157	0	9	0.865558391226237	0.650714643381896	483	7
3600	3	0.607804186346434	0	9	0.865558391226237	0.650714643381896	483	7
3601	0	0.325083666771119	0	9	0.865558391226237	0.650714643381896	483	7
3603	5	0.762129508579838	1	9	0.865558391226237	0.650714643381896	483	7
3604	0	0.143361878341046	0	9	0.865558391226237	0.650714643381896	483	7
3606	5	0.716714766285207	1	9	0.865558391226237	0.650714643381896	483	7
3607	0	0.44571531473328	0	9	0.865558391226237	0.650714643381896	483	7
3608	2	0.422216151423097	0	9	0.865558391226237	0.650714643381896	483	7
3609	2	0.523550959737151	0	9	0.865558391226237	0.650714643381896	483	7
3611	2	0.132040082557607	0	9	0.865558391226237	0.650714643381896	483	7
3612	3	0.348057682398673	0	9	0.865558391226237	0.650714643381896	483	7
3613	6	0.171690089572391	0	9	0.865558391226237	0.650714643381896	483	7
3614	4	0.441096243198689	0	9	0.865558391226237	0.650714643381896	483	7
3615	6	0.0721888292903779	0	9	0.865558391226237	0.650714643381896	483	7
3617	0	0.160813222420247	0	9	0.865558391226237	0.650714643381896	483	7
3619	1	0.198501595439327	0	9	0.865558391226237	0.650714643381896	483	7
3620	5	0.628565342037838	1	9	0.865558391226237	0.650714643381896	483	7
3621	4	0.330022137696228	0	9	0.865558391226237	0.650714643381896	483	7
3622	0	0.302433869366868	0	9	0.865558391226237	0.650714643381896	483	7
3624	0	0.430821745154675	0	9	0.865558391226237	0.650714643381896	483	7
3625	1	0.526123236924271	0	9	0.865558391226237	0.650714643381896	483	7
3627	0	0.352022755289371	0	9	0.865558391226237	0.650714643381896	483	7
3628	3	0.446065672473488	0	9	0.865558391226237	0.650714643381896	483	7
3631	3	0.538616515291725	0	9	0.865558391226237	0.650714643381896	483	7
3632	4	0.309029425687007	0	9	0.865558391226237	0.650714643381896	483	7
3633	0	0.312030824172713	0	9	0.865558391226237	0.650714643381896	483	7
3635	5	0.75629698979871	1	9	0.865558391226237	0.650714643381896	483	7
3636	2	0.192857859457371	0	9	0.865558391226237	0.650714643381896	483	7
3638	0	0.363666520978271	0	9	0.865558391226237	0.650714643381896	483	7
3643	6	-0.0863015004572406	0	9	0.865558391226237	0.650714643381896	483	7
3645	1	0.507858812691103	0	9	0.865558391226237	0.650714643381896	483	7
3646	3	0.451601868718118	0	9	0.865558391226237	0.650714643381896	483	7
3652	3	0.194816263899514	0	9	0.865558391226237	0.650714643381896	483	7
3655	0	0.0996793505062327	0	9	0.865558391226237	0.650714643381896	483	7
3658	2	0.599159562545665	0	9	0.865558391226237	0.650714643381896	483	7
3659	0	0.567157033727407	0	9	0.865558391226237	0.650714643381896	483	7
3660	5	0.720864157939157	1	9	0.865558391226237	0.650714643381896	483	7
3661	2	0.49859772082964	0	9	0.865558391226237	0.650714643381896	483	7
3662	0	0.485512114275315	0	9	0.865558391226237	0.650714643381896	483	7
3663	0	0.403488708057683	0	9	0.865558391226237	0.650714643381896	483	7
3664	0	0.527878434698051	0	9	0.865558391226237	0.650714643381896	483	7
3665	0	0.465884032472579	0	9	0.865558391226237	0.650714643381896	483	7
3667	0	0.589506002245326	0	9	0.865558391226237	0.650714643381896	483	7
3669	5	0.737646274930786	1	9	0.865558391226237	0.650714643381896	483	7
3671	1	0.796486024526305	0	9	0.865558391226237	0.650714643381896	483	7
3673	0	0.564438807524072	0	9	0.865558391226237	0.650714643381896	483	7
3674	0	0.365875894815706	0	9	0.865558391226237	0.650714643381896	483	7
3675	4	0.00489019883176596	0	9	0.865558391226237	0.650714643381896	483	7
3676	5	0.550738458248227	1	9	0.865558391226237	0.650714643381896	483	7
3678	4	0.460041860229868	0	9	0.865558391226237	0.650714643381896	483	7
3679	1	0.375299110452278	0	9	0.865558391226237	0.650714643381896	483	7
3680	4	0.318367032121219	0	9	0.865558391226237	0.650714643381896	483	7
3682	0	-0.0343454965071112	0	9	0.865558391226237	0.650714643381896	483	7
3683	5	0.758475885582102	1	9	0.865558391226237	0.650714643381896	483	7
3684	5	0.718723207530575	1	9	0.865558391226237	0.650714643381896	483	7
3685	4	0.195038395682086	0	9	0.865558391226237	0.650714643381896	483	7
3687	1	0.675068099610101	0	9	0.865558391226237	0.650714643381896	483	7
3689	0	0.485805600099704	0	9	0.865558391226237	0.650714643381896	483	7
3690	0	0.108106260620243	0	9	0.865558391226237	0.650714643381896	483	7
3691	1	0.439692744531021	0	9	0.865558391226237	0.650714643381896	483	7
3692	6	0.192580804971558	0	9	0.865558391226237	0.650714643381896	483	7
3693	0	0.172029944932043	0	9	0.865558391226237	0.650714643381896	483	7
3695	0	0.574370487163497	0	9	0.865558391226237	0.650714643381896	483	7
3696	0	0.283398184023417	0	9	0.865558391226237	0.650714643381896	483	7
3698	0	0.196093241997112	0	9	0.865558391226237	0.650714643381896	483	7
3699	0	0.403792091351757	0	9	0.865558391226237	0.650714643381896	483	7
3700	0	0.266402143252193	0	9	0.865558391226237	0.650714643381896	483	7
3702	3	0.677682686847679	0	9	0.865558391226237	0.650714643381896	483	7
3703	2	0.514280189510474	0	9	0.865558391226237	0.650714643381896	483	7
3704	0	0.572680928970329	0	9	0.865558391226237	0.650714643381896	483	7
3705	2	0.423210112195585	0	9	0.865558391226237	0.650714643381896	483	7
3707	0	0.278012267258834	0	9	0.865558391226237	0.650714643381896	483	7
3708	3	0.399925815248023	0	9	0.865558391226237	0.650714643381896	483	7
3709	0	0.492663933483503	0	9	0.865558391226237	0.650714643381896	483	7
3710	0	0.384312525216587	0	9	0.865558391226237	0.650714643381896	483	7
3712	4	0.126590742862917	0	9	0.865558391226237	0.650714643381896	483	7
3714	4	0.292394116172548	0	9	0.865558391226237	0.650714643381896	483	7
3716	3	0.545473480881721	0	9	0.865558391226237	0.650714643381896	483	7
3717	0	0.157702170473274	0	9	0.865558391226237	0.650714643381896	483	7
3718	5	0.651255884700385	1	9	0.865558391226237	0.650714643381896	483	7
3720	4	0.39632096673534	0	9	0.865558391226237	0.650714643381896	483	7
3725	0	0.263726520889483	0	9	0.865558391226237	0.650714643381896	483	7
3726	0	0.120337037840674	0	9	0.865558391226237	0.650714643381896	483	7
3727	2	0.529392550739949	0	9	0.865558391226237	0.650714643381896	483	7
3728	2	0.212770110604478	0	9	0.865558391226237	0.650714643381896	483	7
3730	0	0.167953813771218	0	9	0.865558391226237	0.650714643381896	483	7
3732	1	0.603761374192136	0	9	0.865558391226237	0.650714643381896	483	7
3735	0	0.479944051527736	0	9	0.865558391226237	0.650714643381896	483	7
3737	1	0.416422247741034	0	9	0.865558391226237	0.650714643381896	483	7
3741	1	0.38517412285895	0	9	0.865558391226237	0.650714643381896	483	7
3745	4	0.262317758598314	0	9	0.865558391226237	0.650714643381896	483	7
3748	1	0.491845899709301	0	9	0.865558391226237	0.650714643381896	483	7
3749	1	0.46135058676769	0	9	0.865558391226237	0.650714643381896	483	7
3750	1	0.590009861803592	0	9	0.865558391226237	0.650714643381896	483	7
3752	4	0.243028187689735	0	9	0.865558391226237	0.650714643381896	483	7
3754	0	0.471970148522183	0	9	0.865558391226237	0.650714643381896	483	7
3756	1	0.456724270293692	0	9	0.865558391226237	0.650714643381896	483	7
3757	4	0.254661150085929	0	9	0.865558391226237	0.650714643381896	483	7
3758	6	0.341795780540246	0	9	0.865558391226237	0.650714643381896	483	7
3759	0	0.409245485899815	0	9	0.865558391226237	0.650714643381896	483	7
3760	2	0.314485600289815	0	9	0.865558391226237	0.650714643381896	483	7
3762	0	0.241870014463374	0	9	0.865558391226237	0.650714643381896	483	7
3764	5	0.698321543046331	1	9	0.865558391226237	0.650714643381896	483	7
3766	1	0.415761431090786	0	9	0.865558391226237	0.650714643381896	483	7
3769	0	0.460831923003896	0	9	0.865558391226237	0.650714643381896	483	7
3770	1	0.447895183178789	0	9	0.865558391226237	0.650714643381896	483	7
3772	6	0.313310185122046	0	9	0.865558391226237	0.650714643381896	483	7
3773	3	0.376204146640027	0	9	0.865558391226237	0.650714643381896	483	7
3775	5	0.541501008223164	1	9	0.865558391226237	0.650714643381896	483	7
3776	1	0.516631898525166	0	9	0.865558391226237	0.650714643381896	483	7
3777	1	0.511734675682168	0	9	0.865558391226237	0.650714643381896	483	7
3778	1	0.585741357217097	0	9	0.865558391226237	0.650714643381896	483	7
3779	0	0.0572555032242737	0	9	0.865558391226237	0.650714643381896	483	7
3781	0	0.145941440781984	0	9	0.865558391226237	0.650714643381896	483	7
3782	0	0.525514283990054	0	9	0.865558391226237	0.650714643381896	483	7
3783	1	0.507017624365756	0	9	0.865558391226237	0.650714643381896	483	7
3784	1	0.580426884735064	0	9	0.865558391226237	0.650714643381896	483	7
3785	1	0.540115218370104	0	9	0.865558391226237	0.650714643381896	483	7
3786	1	0.423961056719074	0	9	0.865558391226237	0.650714643381896	483	7
3787	1	0.423803637992272	0	9	0.865558391226237	0.650714643381896	483	7
3790	0	0.300230883125427	0	9	0.865558391226237	0.650714643381896	483	7
3791	4	0.146749913345256	0	9	0.865558391226237	0.650714643381896	483	7
3792	0	0.113920104093258	0	9	0.865558391226237	0.650714643381896	483	7
3795	6	-0.0569453781190391	0	9	0.865558391226237	0.650714643381896	483	7
3796	0	0.313921936455239	0	9	0.865558391226237	0.650714643381896	483	7
3797	1	0.375880352795308	0	9	0.865558391226237	0.650714643381896	483	7
3798	1	0.314960471867039	0	9	0.865558391226237	0.650714643381896	483	7
3799	0	0.268983903190147	0	9	0.865558391226237	0.650714643381896	483	7
3800	0	0.400924439958862	0	9	0.865558391226237	0.650714643381896	483	7
3801	0	0.229224212501445	0	9	0.865558391226237	0.650714643381896	483	7
3815	0	0.603556913599912	0	9	0.865558391226237	0.650714643381896	483	7
3816	0	0.0654044933643829	0	9	0.865558391226237	0.650714643381896	483	7
3818	0	-0.0277019457999739	0	9	0.865558391226237	0.650714643381896	483	7
3820	5	0.666575170975335	1	9	0.865558391226237	0.650714643381896	483	7
3824	0	0.192532659628103	0	9	0.865558391226237	0.650714643381896	483	7
3827	6	0.0811981347864548	0	9	0.865558391226237	0.650714643381896	483	7
3831	0	0.483440924346891	0	9	0.865558391226237	0.650714643381896	483	7
3832	3	0.525885527691272	0	9	0.865558391226237	0.650714643381896	483	7
3835	0	0.420890904641436	0	9	0.865558391226237	0.650714643381896	483	7
3836	3	0.32032134105556	0	9	0.865558391226237	0.650714643381896	483	7
3837	0	0.230472523367376	0	9	0.865558391226237	0.650714643381896	483	7
3838	0	0.210643449399791	0	9	0.865558391226237	0.650714643381896	483	7
3839	0	-0.229723833813971	0	9	0.865558391226237	0.650714643381896	483	7
3840	3	0.511889320541069	0	9	0.865558391226237	0.650714643381896	483	7
3841	0	0.18580259109414	0	9	0.865558391226237	0.650714643381896	483	7
3842	0	0.208261739872077	0	9	0.865558391226237	0.650714643381896	483	7
3843	0	0.274399605600402	0	9	0.865558391226237	0.650714643381896	483	7
3845	0	0.384055398312098	0	9	0.865558391226237	0.650714643381896	483	7
3855	5	0.685516614388564	1	9	0.865558391226237	0.650714643381896	483	7
3858	0	0.184953049012064	0	9	0.865558391226237	0.650714643381896	483	7
3880	5	0.520300287404208	1	9	0.865558391226237	0.650714643381896	483	7
3895	3	0.293308265015756	0	9	0.865558391226237	0.650714643381896	483	7
3897	0	0.509236619243976	0	9	0.865558391226237	0.650714643381896	483	7
3898	1	0.545369667386043	0	9	0.865558391226237	0.650714643381896	483	7
3899	5	0.663032672404749	1	9	0.865558391226237	0.650714643381896	483	7
3902	1	0.511364355265411	0	9	0.865558391226237	0.650714643381896	483	7
3903	1	0.691710786836401	0	9	0.865558391226237	0.650714643381896	483	7
3908	0	0.390118313267937	0	9	0.865558391226237	0.650714643381896	483	7
3909	0	0.257894531549417	0	9	0.865558391226237	0.650714643381896	483	7
3910	1	0.358285191881557	0	9	0.865558391226237	0.650714643381896	483	7
3912	6	0.291135945856665	0	9	0.865558391226237	0.650714643381896	483	7
3913	2	-0.0504078483116595	0	9	0.865558391226237	0.650714643381896	483	7
3915	0	0.478925409537074	0	9	0.865558391226237	0.650714643381896	483	7
3916	6	0.266870145155825	0	9	0.865558391226237	0.650714643381896	483	7
3918	5	0.759698552760546	1	9	0.865558391226237	0.650714643381896	483	7
3920	0	0.0242278274567234	0	9	0.865558391226237	0.650714643381896	483	7
3927	3	0.62633739621198	0	9	0.865558391226237	0.650714643381896	483	7
3929	0	0.455940550074423	0	9	0.865558391226237	0.650714643381896	483	7
3930	5	0.802566970238061	1	9	0.865558391226237	0.650714643381896	483	7
3932	5	0.74213358957684	1	9	0.865558391226237	0.650714643381896	483	7
3934	0	0.248199871391843	0	9	0.865558391226237	0.650714643381896	483	7
3936	5	0.804816816521534	1	9	0.865558391226237	0.650714643381896	483	7
3937	5	0.806632103427732	1	9	0.865558391226237	0.650714643381896	483	7
3945	6	0.0712823495510727	0	9	0.865558391226237	0.650714643381896	483	7
3949	0	0.00232148912080881	0	9	0.865558391226237	0.650714643381896	483	7
3952	1	0.334924608010671	0	9	0.865558391226237	0.650714643381896	483	7
3954	0	0.421169229221859	0	9	0.865558391226237	0.650714643381896	483	7
3956	2	0.392286011427329	0	9	0.865558391226237	0.650714643381896	483	7
3957	2	0.115036991190336	0	9	0.865558391226237	0.650714643381896	483	7
3958	2	0.411176907285384	0	9	0.865558391226237	0.650714643381896	483	7
3959	2	0.184744633222326	0	9	0.865558391226237	0.650714643381896	483	7
3960	1	0.49889137629607	0	9	0.865558391226237	0.650714643381896	483	7
3964	0	0.179848298062674	0	9	0.865558391226237	0.650714643381896	483	7
3973	0	0.236845039594154	0	9	0.865558391226237	0.650714643381896	483	7
3975	5	0.492781135659539	1	9	0.865558391226237	0.650714643381896	483	7
3976	0	0.50237469011893	0	9	0.865558391226237	0.650714643381896	483	7
3977	0	0.219219779043451	0	9	0.865558391226237	0.650714643381896	483	7
3978	0	0.377323315567523	0	9	0.865558391226237	0.650714643381896	483	7
3980	0	0.201795864556198	0	9	0.865558391226237	0.650714643381896	483	7
3981	3	0.43852563024529	0	9	0.865558391226237	0.650714643381896	483	7
3983	3	0.515587787531352	0	9	0.865558391226237	0.650714643381896	483	7
3984	1	0.437859573163679	0	9	0.865558391226237	0.650714643381896	483	7
3990	0	0.319266846321259	0	9	0.865558391226237	0.650714643381896	483	7
3991	1	0.352144495216508	0	9	0.865558391226237	0.650714643381896	483	7
3993	2	0.534355218551161	0	9	0.865558391226237	0.650714643381896	483	7
3995	0	0.232768591838083	0	9	0.865558391226237	0.650714643381896	483	7
3996	1	0.506515620331273	0	9	0.865558391226237	0.650714643381896	483	7
3998	0	0.229274553114283	0	9	0.865558391226237	0.650714643381896	483	7
4000	7	0.220893412135206	0	9	0.865558391226237	0.650714643381896	483	7
4001	1	0.506997202541117	0	9	0.865558391226237	0.650714643381896	483	7
4004	1	0.675813621524231	0	9	0.865558391226237	0.650714643381896	483	7
4005	0	0.0719214149280214	0	9	0.865558391226237	0.650714643381896	483	7
4007	0	0.293866712519831	0	9	0.865558391226237	0.650714643381896	483	7
4008	0	0.300772854787987	0	9	0.865558391226237	0.650714643381896	483	7
4010	1	0.278598808061205	0	9	0.865558391226237	0.650714643381896	483	7
4012	0	0.558938991777501	0	9	0.865558391226237	0.650714643381896	483	7
4013	1	0.584749414859048	0	9	0.865558391226237	0.650714643381896	483	7
4015	0	0.288253619719183	0	9	0.865558391226237	0.650714643381896	483	7
4016	2	0.391728695183237	0	9	0.865558391226237	0.650714643381896	483	7
4017	1	0.355360766702072	0	9	0.865558391226237	0.650714643381896	483	7
4018	0	0.341398492387112	0	9	0.865558391226237	0.650714643381896	483	7
4023	4	0.106186993849357	0	9	0.865558391226237	0.650714643381896	483	7
4026	0	0.324381474841327	0	9	0.865558391226237	0.650714643381896	483	7
4033	3	0.573192358245056	0	9	0.865558391226237	0.650714643381896	483	7
4034	0	0.370920399265113	0	9	0.865558391226237	0.650714643381896	483	7
4035	1	0.596465920995071	0	9	0.865558391226237	0.650714643381896	483	7
4036	6	-0.0400617730954232	0	9	0.865558391226237	0.650714643381896	483	7
4037	4	0.555610009088727	0	9	0.865558391226237	0.650714643381896	483	7
4038	4	0.134986765888309	0	9	0.865558391226237	0.650714643381896	483	7
4040	0	0.449674934186126	0	9	0.865558391226237	0.650714643381896	483	7
4041	2	0.428774947604488	0	9	0.865558391226237	0.650714643381896	483	7
4043	2	-0.00612517150930564	0	9	0.865558391226237	0.650714643381896	483	7
4045	5	0.594441366570087	1	9	0.865558391226237	0.650714643381896	483	7
4046	1	0.632585558051323	0	9	0.865558391226237	0.650714643381896	483	7
4047	0	0.404351616403547	0	9	0.865558391226237	0.650714643381896	483	7
4052	5	0.730160557883444	1	9	0.865558391226237	0.650714643381896	483	7
4053	1	0.536562319068536	0	9	0.865558391226237	0.650714643381896	483	7
4054	2	0.347249176212384	0	9	0.865558391226237	0.650714643381896	483	7
4055	2	0.305923758853898	0	9	0.865558391226237	0.650714643381896	483	7
4056	2	0.609758224385735	0	9	0.865558391226237	0.650714643381896	483	7
4057	5	0.752166089049584	1	9	0.865558391226237	0.650714643381896	483	7
4058	0	0.0753678130093789	0	9	0.865558391226237	0.650714643381896	483	7
4059	7	0.147544690223433	0	9	0.865558391226237	0.650714643381896	483	7
4060	5	0.714057961691298	1	9	0.865558391226237	0.650714643381896	483	7
4061	2	0.336312026158311	0	9	0.865558391226237	0.650714643381896	483	7
4063	0	0.384876666580038	0	9	0.865558391226237	0.650714643381896	483	7
4064	1	0.642664536699384	0	9	0.865558391226237	0.650714643381896	483	7
4066	0	0.55878914006491	0	9	0.865558391226237	0.650714643381896	483	7
4067	5	0.567369087800858	1	9	0.865558391226237	0.650714643381896	483	7
4068	0	0.555042203797253	0	9	0.865558391226237	0.650714643381896	483	7
4069	5	0.578115909349667	1	9	0.865558391226237	0.650714643381896	483	7
4070	5	0.716158270319242	1	9	0.865558391226237	0.650714643381896	483	7
4071	4	0.217043322746777	0	9	0.865558391226237	0.650714643381896	483	7
4072	2	0.261527455717306	0	9	0.865558391226237	0.650714643381896	483	7
4074	2	0.469691371084607	0	9	0.865558391226237	0.650714643381896	483	7
4076	0	0.480696915668065	0	9	0.865558391226237	0.650714643381896	483	7
4077	0	0.0975485333237138	0	9	0.865558391226237	0.650714643381896	483	7
4082	5	0.800573187168883	1	9	0.865558391226237	0.650714643381896	483	7
4084	1	0.60541650062894	0	9	0.865558391226237	0.650714643381896	483	7
4086	1	0.653350308156704	0	9	0.865558391226237	0.650714643381896	483	7
4087	4	0.251366401853228	0	9	0.865558391226237	0.650714643381896	483	7
4088	0	0.548020236477643	0	9	0.865558391226237	0.650714643381896	483	7
4089	0	0.312632026825293	0	9	0.865558391226237	0.650714643381896	483	7
4090	0	0.458041367757919	0	9	0.865558391226237	0.650714643381896	483	7
4091	4	0.38043045927746	0	9	0.865558391226237	0.650714643381896	483	7
4092	0	0.180434700932473	0	9	0.865558391226237	0.650714643381896	483	7
4093	1	0.501664857327453	0	9	0.865558391226237	0.650714643381896	483	7
4094	6	-0.114789958604115	0	9	0.865558391226237	0.650714643381896	483	7
4097	0	0.108461590770779	0	9	0.865558391226237	0.650714643381896	483	7
4117	0	0.251020766421533	0	9	0.865558391226237	0.650714643381896	483	7
4118	2	0.525309581603675	0	9	0.865558391226237	0.650714643381896	483	7
4121	0	0.219950778745162	0	9	0.865558391226237	0.650714643381896	483	7
4122	0	0.101770552452656	0	9	0.865558391226237	0.650714643381896	483	7
4123	2	0.278279442881326	0	9	0.865558391226237	0.650714643381896	483	7
4124	0	0.269812561455367	0	9	0.865558391226237	0.650714643381896	483	7
4125	5	0.762486892374635	1	9	0.865558391226237	0.650714643381896	483	7
4126	0	0.128687269734891	0	9	0.865558391226237	0.650714643381896	483	7
4128	6	-0.0209878798875198	0	9	0.865558391226237	0.650714643381896	483	7
4129	6	-0.362918219356354	0	9	0.865558391226237	0.650714643381896	483	7
4130	1	0.487998912266515	0	9	0.865558391226237	0.650714643381896	483	7
4131	0	0.218936136785901	0	9	0.865558391226237	0.650714643381896	483	7
4133	1	0.357407654897765	0	9	0.865558391226237	0.650714643381896	483	7
4134	0	0.187478774794604	0	9	0.865558391226237	0.650714643381896	483	7
4137	6	0.0398202667542642	0	9	0.865558391226237	0.650714643381896	483	7
4139	4	0.329715705890983	0	9	0.865558391226237	0.650714643381896	483	7
4140	3	0.451755198640268	0	9	0.865558391226237	0.650714643381896	483	7
4144	6	0.347240703476182	0	9	0.865558391226237	0.650714643381896	483	7
4145	0	0.319880723434404	0	9	0.865558391226237	0.650714643381896	483	7
4148	0	0.111447880236258	0	9	0.865558391226237	0.650714643381896	483	7
4149	0	0.592885599935514	0	9	0.865558391226237	0.650714643381896	483	7
4150	0	0.259146113491279	0	9	0.865558391226237	0.650714643381896	483	7
4151	1	0.326969098689723	0	9	0.865558391226237	0.650714643381896	483	7
4152	0	0.433816558228841	0	9	0.865558391226237	0.650714643381896	483	7
4154	5	0.763468554162462	1	9	0.865558391226237	0.650714643381896	483	7
4155	1	0.568902127525302	0	9	0.865558391226237	0.650714643381896	483	7
4162	0	0.539754858500322	0	9	0.865558391226237	0.650714643381896	483	7
4163	0	0.261748789501259	0	9	0.865558391226237	0.650714643381896	483	7
4168	1	0.312240883596565	0	9	0.865558391226237	0.650714643381896	483	7
4170	3	0.250047632038568	0	9	0.865558391226237	0.650714643381896	483	7
4171	5	0.627390820303109	1	9	0.865558391226237	0.650714643381896	483	7
4172	3	0.488517430978214	0	9	0.865558391226237	0.650714643381896	483	7
4173	1	0.500443493701514	0	9	0.865558391226237	0.650714643381896	483	7
4174	0	0.475948614793298	0	9	0.865558391226237	0.650714643381896	483	7
4175	4	0.107844517048891	0	9	0.865558391226237	0.650714643381896	483	7
4176	2	0.426753101792664	0	9	0.865558391226237	0.650714643381896	483	7
4179	0	0.0345917465854087	0	9	0.865558391226237	0.650714643381896	483	7
4185	1	0.273133571935461	0	9	0.865558391226237	0.650714643381896	483	7
4188	1	0.575431953934985	0	9	0.865558391226237	0.650714643381896	483	7
4189	4	0.138455923807047	0	9	0.865558391226237	0.650714643381896	483	7
4190	6	0.0372158361493397	0	9	0.865558391226237	0.650714643381896	483	7
4191	6	0.0892305300269257	0	9	0.865558391226237	0.650714643381896	483	7
4192	5	0.750965103841359	1	9	0.865558391226237	0.650714643381896	483	7
4193	1	0.468203369440042	0	9	0.865558391226237	0.650714643381896	483	7
4194	0	0.421754774292991	0	9	0.865558391226237	0.650714643381896	483	7
4199	3	0.227667221590012	0	9	0.865558391226237	0.650714643381896	483	7
4200	3	0.599854637786989	0	9	0.865558391226237	0.650714643381896	483	7
4201	0	0.0315372704122135	0	9	0.865558391226237	0.650714643381896	483	7
4204	2	0.379440806451652	0	9	0.865558391226237	0.650714643381896	483	7
4205	4	0.31641770298767	0	9	0.865558391226237	0.650714643381896	483	7
4208	0	0.376028170709608	0	9	0.865558391226237	0.650714643381896	483	7
4209	1	0.577546109902641	0	9	0.865558391226237	0.650714643381896	483	7
4210	0	0.133865006667167	0	9	0.865558391226237	0.650714643381896	483	7
4211	0	0.232977758751567	0	9	0.865558391226237	0.650714643381896	483	7
4212	0	0.0652033321960072	0	9	0.865558391226237	0.650714643381896	483	7
4214	1	0.559510605491367	0	9	0.865558391226237	0.650714643381896	483	7
4215	0	0.155264886228537	0	9	0.865558391226237	0.650714643381896	483	7
4216	4	0.276675679107814	0	9	0.865558391226237	0.650714643381896	483	7
4217	0	0.514179160973382	0	9	0.865558391226237	0.650714643381896	483	7
4218	3	0.392575847786619	0	9	0.865558391226237	0.650714643381896	483	7
4221	2	0.581346729692714	0	9	0.865558391226237	0.650714643381896	483	7
4222	0	0.574453151969368	0	9	0.865558391226237	0.650714643381896	483	7
4225	0	0.269855066958905	0	9	0.865558391226237	0.650714643381896	483	7
4232	5	0.687305482585535	1	9	0.865558391226237	0.650714643381896	483	7
4233	5	0.611443971257501	1	9	0.865558391226237	0.650714643381896	483	7
4234	0	0.221172665926735	0	9	0.865558391226237	0.650714643381896	483	7
4236	0	0.115974695335147	0	9	0.865558391226237	0.650714643381896	483	7
4237	5	0.497075305284007	1	9	0.865558391226237	0.650714643381896	483	7
4238	0	0.0210983774473923	0	9	0.865558391226237	0.650714643381896	483	7
4239	5	0.768270670554479	1	9	0.865558391226237	0.650714643381896	483	7
4240	5	0.642056683509266	1	9	0.865558391226237	0.650714643381896	483	7
4241	1	0.473831678693987	0	9	0.865558391226237	0.650714643381896	483	7
4242	1	0.539375110152427	0	9	0.865558391226237	0.650714643381896	483	7
4245	0	0.12137050462374	0	9	0.865558391226237	0.650714643381896	483	7
4247	0	0.300191339887541	0	9	0.865558391226237	0.650714643381896	483	7
4248	1	0.339905909990092	0	9	0.865558391226237	0.650714643381896	483	7
4249	1	0.259904384795403	0	9	0.865558391226237	0.650714643381896	483	7
4253	0	-0.0263516732629455	0	9	0.865558391226237	0.650714643381896	483	7
4254	0	0.467366640336436	0	9	0.865558391226237	0.650714643381896	483	7
4255	2	-0.0399286818337541	0	9	0.865558391226237	0.650714643381896	483	7
4256	0	0.388333428402497	0	9	0.865558391226237	0.650714643381896	483	7
4258	6	0.0749385454239652	0	9	0.865558391226237	0.650714643381896	483	7
4261	1	0.726830131745349	0	9	0.865558391226237	0.650714643381896	483	7
4281	0	0.287068835009235	0	9	0.865558391226237	0.650714643381896	483	7
4283	0	0.533023447838308	0	9	0.865558391226237	0.650714643381896	483	7
4285	0	-0.0164978425948829	0	9	0.865558391226237	0.650714643381896	483	7
4286	0	0.395876645226759	0	9	0.865558391226237	0.650714643381896	483	7
4287	1	0.513119873980943	0	9	0.865558391226237	0.650714643381896	483	7
4288	1	0.628969673005184	0	9	0.865558391226237	0.650714643381896	483	7
4289	0	0.130914187299055	0	9	0.865558391226237	0.650714643381896	483	7
4291	0	0.0242048972736362	0	9	0.865558391226237	0.650714643381896	483	7
4292	0	0.0591093777126142	0	9	0.865558391226237	0.650714643381896	483	7
4293	1	0.381103646078854	0	9	0.865558391226237	0.650714643381896	483	7
4294	1	0.466331795654308	0	9	0.865558391226237	0.650714643381896	483	7
4296	2	0.329895362110804	0	9	0.865558391226237	0.650714643381896	483	7
4297	0	0.634337612759276	0	9	0.865558391226237	0.650714643381896	483	7
4298	0	0.60039669481944	0	9	0.865558391226237	0.650714643381896	483	7
4299	0	0.33423768783588	0	9	0.865558391226237	0.650714643381896	483	7
4300	4	0.188234963179085	0	9	0.865558391226237	0.650714643381896	483	7
4301	0	0.235136413044941	0	9	0.865558391226237	0.650714643381896	483	7
4303	4	0.338405007286743	0	9	0.865558391226237	0.650714643381896	483	7
4306	4	0.0906549917848771	0	9	0.865558391226237	0.650714643381896	483	7
4311	6	-0.454681246273035	0	9	0.865558391226237	0.650714643381896	483	7
4312	0	0.652788420975462	0	9	0.865558391226237	0.650714643381896	483	7
4313	5	0.769901568272301	1	9	0.865558391226237	0.650714643381896	483	7
4314	5	0.669164980925653	1	9	0.865558391226237	0.650714643381896	483	7
4316	5	0.736489630289571	1	9	0.865558391226237	0.650714643381896	483	7
4318	5	0.661244721965395	1	9	0.865558391226237	0.650714643381896	483	7
4320	5	0.637237415138288	1	9	0.865558391226237	0.650714643381896	483	7
4321	5	0.518227303885282	1	9	0.865558391226237	0.650714643381896	483	7
4322	1	0.530999558709362	0	9	0.865558391226237	0.650714643381896	483	7
4323	1	0.555779664800764	0	9	0.865558391226237	0.650714643381896	483	7
4324	0	0.189095269313398	0	9	0.865558391226237	0.650714643381896	483	7
4326	1	0.634601319456266	0	9	0.865558391226237	0.650714643381896	483	7
4327	0	0.589051680272795	0	9	0.865558391226237	0.650714643381896	483	7
4329	6	0.20047372468787	0	9	0.865558391226237	0.650714643381896	483	7
4330	4	0.185957873699874	0	9	0.865558391226237	0.650714643381896	483	7
4331	0	-0.153085006597492	0	9	0.865558391226237	0.650714643381896	483	7
4332	0	0.305164527882017	0	9	0.865558391226237	0.650714643381896	483	7
4335	0	0.273069870773983	0	9	0.865558391226237	0.650714643381896	483	7
4337	2	0.313048269751355	0	9	0.865558391226237	0.650714643381896	483	7
4338	3	0.439914041756047	0	9	0.865558391226237	0.650714643381896	483	7
4345	0	0.146380649160792	0	9	0.865558391226237	0.650714643381896	483	7
4350	2	0.541819314653699	0	9	0.865558391226237	0.650714643381896	483	7
4351	0	0.183730051605748	0	9	0.865558391226237	0.650714643381896	483	7
4352	1	0.442599707469558	0	9	0.865558391226237	0.650714643381896	483	7
4354	6	0.11338411936188	0	9	0.865558391226237	0.650714643381896	483	7
4355	0	0.465895250737402	0	9	0.865558391226237	0.650714643381896	483	7
4356	4	0.282548308477777	0	9	0.865558391226237	0.650714643381896	483	7
4357	6	0.426221967223258	0	9	0.865558391226237	0.650714643381896	483	7
4358	2	0.343059687220134	0	9	0.865558391226237	0.650714643381896	483	7
4359	0	0.148991329788473	0	9	0.865558391226237	0.650714643381896	483	7
4360	5	0.734899862478244	1	9	0.865558391226237	0.650714643381896	483	7
4361	0	0.205073123484774	0	9	0.865558391226237	0.650714643381896	483	7
4363	0	0.420316621018289	0	9	0.865558391226237	0.650714643381896	483	7
4430	0	0.372433568489514	0	9	0.865558391226237	0.650714643381896	483	7
4436	0	0.195743032461393	0	9	0.865558391226237	0.650714643381896	483	7
4437	6	0.0944856894723557	0	9	0.865558391226237	0.650714643381896	483	7
4440	0	0.3305571894242	0	9	0.865558391226237	0.650714643381896	483	7
4478	2	0.344070033734845	0	9	0.865558391226237	0.650714643381896	483	7
4481	0	0.436384488413198	0	9	0.865558391226237	0.650714643381896	483	7
4482	6	-0.099414520823957	0	9	0.865558391226237	0.650714643381896	483	7
4485	0	0.425057173078546	0	9	0.865558391226237	0.650714643381896	483	7
4486	0	0.323346017577216	0	9	0.865558391226237	0.650714643381896	483	7
4487	4	0.206856059099187	0	9	0.865558391226237	0.650714643381896	483	7
4494	6	-0.110607100080507	0	9	0.865558391226237	0.650714643381896	483	7
4495	0	-0.150795488245287	0	9	0.865558391226237	0.650714643381896	483	7
4499	6	-0.132984887892963	0	9	0.865558391226237	0.650714643381896	483	7
4501	6	-0.151538268699799	0	9	0.865558391226237	0.650714643381896	483	7
4502	6	-0.286767552382855	0	9	0.865558391226237	0.650714643381896	483	7
4507	0	0.588794662438064	0	9	0.865558391226237	0.650714643381896	483	7
4520	0	0.505196870925455	0	9	0.865558391226237	0.650714643381896	483	7
4521	0	0.591710600204612	0	9	0.865558391226237	0.650714643381896	483	7
4522	6	0.208772022812246	0	9	0.865558391226237	0.650714643381896	483	7
4524	0	0.244038477290239	0	9	0.865558391226237	0.650714643381896	483	7
4528	4	0.3468498731624	0	9	0.865558391226237	0.650714643381896	483	7
4534	0	0.222796799635595	0	9	0.865558391226237	0.650714643381896	483	7
4542	5	0.831279393042315	1	9	0.865558391226237	0.650714643381896	483	7
4543	1	0.555939224735791	0	9	0.865558391226237	0.650714643381896	483	7
4547	0	0.128498721540604	0	9	0.865558391226237	0.650714643381896	483	7
4548	0	-0.0677184038311764	0	9	0.865558391226237	0.650714643381896	483	7
4552	0	-0.00697420283215379	0	9	0.865558391226237	0.650714643381896	483	7
4582	7	0.508998235604691	0	9	0.865558391226237	0.650714643381896	483	7
4585	1	0.376592643493983	0	9	0.865558391226237	0.650714643381896	483	7
4588	1	0.494547074979314	0	9	0.865558391226237	0.650714643381896	483	7
4591	0	0.0305905009938525	0	9	0.865558391226237	0.650714643381896	483	7
4593	1	0.280454098422623	0	9	0.865558391226237	0.650714643381896	483	7
4594	6	-0.199635882674063	0	9	0.865558391226237	0.650714643381896	483	7
4595	0	-0.0340960076657818	0	9	0.865558391226237	0.650714643381896	483	7
4597	7	0.381081295518501	0	9	0.865558391226237	0.650714643381896	483	7
4598	0	0.573530734646173	0	9	0.865558391226237	0.650714643381896	483	7
4599	0	0.482385692536155	0	9	0.865558391226237	0.650714643381896	483	7
4600	0	0.106728998018255	0	9	0.865558391226237	0.650714643381896	483	7
4601	0	-0.138106626357226	0	9	0.865558391226237	0.650714643381896	483	7
4603	0	0.299116740964657	0	9	0.865558391226237	0.650714643381896	483	7
4604	0	0.354418995339954	0	9	0.865558391226237	0.650714643381896	483	7
4605	1	0.393934413521414	0	9	0.865558391226237	0.650714643381896	483	7
4606	0	0.385837378353536	0	9	0.865558391226237	0.650714643381896	483	7
4608	1	0.361617547818579	0	9	0.865558391226237	0.650714643381896	483	7
4609	5	0.604115847411405	1	9	0.865558391226237	0.650714643381896	483	7
4610	1	0.347676632922139	0	9	0.865558391226237	0.650714643381896	483	7
4613	0	0.51178824947655	0	9	0.865558391226237	0.650714643381896	483	7
4615	0	0.638261503455919	0	9	0.865558391226237	0.650714643381896	483	7
4616	0	0.127243569112521	0	9	0.865558391226237	0.650714643381896	483	7
4619	1	0.544647986060412	0	9	0.865558391226237	0.650714643381896	483	7
4620	0	0.279026211863194	0	9	0.865558391226237	0.650714643381896	483	7
4621	0	0.0640038603104714	0	9	0.865558391226237	0.650714643381896	483	7
4622	0	0.167948124055105	0	9	0.865558391226237	0.650714643381896	483	7
4624	1	0.447122880233735	0	9	0.865558391226237	0.650714643381896	483	7
4625	1	0.392861001391375	0	9	0.865558391226237	0.650714643381896	483	7
4626	0	-0.0147955133852626	0	9	0.865558391226237	0.650714643381896	483	7
4627	0	0.135836085893492	0	9	0.865558391226237	0.650714643381896	483	7
4628	0	0.539962914226998	0	9	0.865558391226237	0.650714643381896	483	7
4629	0	0.293982563242267	0	9	0.865558391226237	0.650714643381896	483	7
4632	1	0.371515735061504	0	9	0.865558391226237	0.650714643381896	483	7
4633	0	0.324190177971767	0	9	0.865558391226237	0.650714643381896	483	7
4634	0	0.0262690936107478	0	9	0.865558391226237	0.650714643381896	483	7
4636	0	-0.195165667907437	0	9	0.865558391226237	0.650714643381896	483	7
4637	2	0.411170007449081	0	9	0.865558391226237	0.650714643381896	483	7
4638	0	0.122207433152501	0	9	0.865558391226237	0.650714643381896	483	7
4641	4	0.130197033592941	0	9	0.865558391226237	0.650714643381896	483	7
4642	0	0.242896432572901	0	9	0.865558391226237	0.650714643381896	483	7
4643	4	0.185841423739643	0	9	0.865558391226237	0.650714643381896	483	7
4644	0	0.450880582174538	0	9	0.865558391226237	0.650714643381896	483	7
4646	3	0.430017576599897	0	9	0.865558391226237	0.650714643381896	483	7
4647	0	0.0525549552586731	0	9	0.865558391226237	0.650714643381896	483	7
4649	0	0.125800125871119	0	9	0.865558391226237	0.650714643381896	483	7
4650	1	0.489010916309922	0	9	0.865558391226237	0.650714643381896	483	7
4651	0	0.489717336711151	0	9	0.865558391226237	0.650714643381896	483	7
4653	1	0.371139837489576	0	9	0.865558391226237	0.650714643381896	483	7
4659	0	0.370711177079826	0	9	0.865558391226237	0.650714643381896	483	7
4660	3	0.479230909009448	0	9	0.865558391226237	0.650714643381896	483	7
4664	3	0.327992608611347	0	9	0.865558391226237	0.650714643381896	483	7
4665	1	0.302135618881743	0	9	0.865558391226237	0.650714643381896	483	7
4666	7	0.213214712886676	0	9	0.865558391226237	0.650714643381896	483	7
4668	0	-0.0274090511457816	0	9	0.865558391226237	0.650714643381896	483	7
4669	0	0.228873240833773	0	9	0.865558391226237	0.650714643381896	483	7
4670	7	0.12300151610807	0	9	0.865558391226237	0.650714643381896	483	7
4673	3	0.630138792294591	0	9	0.865558391226237	0.650714643381896	483	7
4674	0	-0.156205959720129	0	9	0.865558391226237	0.650714643381896	483	7
4675	0	-0.055903766009091	0	9	0.865558391226237	0.650714643381896	483	7
4676	6	0.233395859866431	0	9	0.865558391226237	0.650714643381896	483	7
4677	0	0.311501314806253	0	9	0.865558391226237	0.650714643381896	483	7
4678	3	0.584005921986817	0	9	0.865558391226237	0.650714643381896	483	7
4682	3	0.417378053435152	0	9	0.865558391226237	0.650714643381896	483	7
4683	0	0.418470309188986	0	9	0.865558391226237	0.650714643381896	483	7
4684	4	0.336957091709443	0	9	0.865558391226237	0.650714643381896	483	7
4686	3	0.509926663077408	0	9	0.865558391226237	0.650714643381896	483	7
4688	0	0.452093923999662	0	9	0.865558391226237	0.650714643381896	483	7
4689	0	0.416703162361098	0	9	0.865558391226237	0.650714643381896	483	7
4690	3	0.616403318505813	0	9	0.865558391226237	0.650714643381896	483	7
4692	4	0.00924495900247652	0	9	0.865558391226237	0.650714643381896	483	7
4694	7	-0.0881281703542626	0	9	0.865558391226237	0.650714643381896	483	7
4695	7	0.111820597763103	0	9	0.865558391226237	0.650714643381896	483	7
4696	7	0.345838817834815	0	9	0.865558391226237	0.650714643381896	483	7
4697	2	0.20354040700341	0	9	0.865558391226237	0.650714643381896	483	7
4698	6	0.144982716339712	0	9	0.865558391226237	0.650714643381896	483	7
4700	2	0.170513726152743	0	9	0.865558391226237	0.650714643381896	483	7
4701	7	0.161732327012033	0	9	0.865558391226237	0.650714643381896	483	7
4702	0	-0.27023818723832	0	9	0.865558391226237	0.650714643381896	483	7
4703	0	0.313651538037254	0	9	0.865558391226237	0.650714643381896	483	7
4704	2	0.203960827095565	0	9	0.865558391226237	0.650714643381896	483	7
4705	6	0.303464635546664	0	9	0.865558391226237	0.650714643381896	483	7
4706	2	0.0788338110411264	0	9	0.865558391226237	0.650714643381896	483	7
4707	7	0.176306093802972	0	9	0.865558391226237	0.650714643381896	483	7
4708	7	-0.125507055025156	0	9	0.865558391226237	0.650714643381896	483	7
4709	7	0.242423096570026	0	9	0.865558391226237	0.650714643381896	483	7
4710	7	0.17844493709171	0	9	0.865558391226237	0.650714643381896	483	7
4711	3	0.229436052371052	0	9	0.865558391226237	0.650714643381896	483	7
4712	2	0.284567106021807	0	9	0.865558391226237	0.650714643381896	483	7
4713	2	0.541975363119538	0	9	0.865558391226237	0.650714643381896	483	7
4717	7	-0.135278356247537	0	9	0.865558391226237	0.650714643381896	483	7
4719	3	0.162987855766654	0	9	0.865558391226237	0.650714643381896	483	7
4720	6	0.151150352191609	0	9	0.865558391226237	0.650714643381896	483	7
4722	2	0.493317105030754	0	9	0.865558391226237	0.650714643381896	483	7
4723	6	0.0624063877993116	0	9	0.865558391226237	0.650714643381896	483	7
4724	7	-0.0730683768439856	0	9	0.865558391226237	0.650714643381896	483	7
4726	7	0.364159780158036	0	9	0.865558391226237	0.650714643381896	483	7
4733	0	0.239626483719773	0	9	0.865558391226237	0.650714643381896	483	7
4734	3	0.27909644095737	0	9	0.865558391226237	0.650714643381896	483	7
4735	3	-0.126203586187565	0	9	0.865558391226237	0.650714643381896	483	7
4738	7	0.297307619872325	0	9	0.865558391226237	0.650714643381896	483	7
4739	4	0.247127274057514	0	9	0.865558391226237	0.650714643381896	483	7
4741	0	0.389424939941318	0	9	0.865558391226237	0.650714643381896	483	7
4744	0	0.168760339481745	0	9	0.865558391226237	0.650714643381896	483	7
4745	0	-0.135032208180512	0	9	0.865558391226237	0.650714643381896	483	7
4747	0	0.555200535704815	0	9	0.865558391226237	0.650714643381896	483	7
4750	0	0.377728473586192	0	9	0.865558391226237	0.650714643381896	483	7
4752	1	0.476193446122915	0	9	0.865558391226237	0.650714643381896	483	7
4756	0	0.375311395980219	0	9	0.865558391226237	0.650714643381896	483	7
4763	0	-0.146454078817235	0	9	0.865558391226237	0.650714643381896	483	7
4771	0	0.460613228100144	0	9	0.865558391226237	0.650714643381896	483	7
4772	1	0.58752974199623	0	9	0.865558391226237	0.650714643381896	483	7
4775	1	0.455149640596528	0	9	0.865558391226237	0.650714643381896	483	7
4776	1	0.397765222246376	0	9	0.865558391226237	0.650714643381896	483	7
4778	0	0.41693013152215	0	9	0.865558391226237	0.650714643381896	483	7
4779	0	-0.0460757171353158	0	9	0.865558391226237	0.650714643381896	483	7
4780	0	-0.0160516607160514	0	9	0.865558391226237	0.650714643381896	483	7
4781	3	0.495510956534325	0	9	0.865558391226237	0.650714643381896	483	7
4782	2	0.315729930295537	0	9	0.865558391226237	0.650714643381896	483	7
4783	0	0.190552111655616	0	9	0.865558391226237	0.650714643381896	483	7
4784	0	0.511909709552904	0	9	0.865558391226237	0.650714643381896	483	7
4790	0	0.442615524422137	0	9	0.865558391226237	0.650714643381896	483	7
4791	0	0.0203089830085642	0	9	0.865558391226237	0.650714643381896	483	7
4792	0	0.227356303289472	0	9	0.865558391226237	0.650714643381896	483	7
4793	0	0.439217325442163	0	9	0.865558391226237	0.650714643381896	483	7
4794	0	0.589330445134009	0	9	0.865558391226237	0.650714643381896	483	7
4796	1	0.641905133828765	0	9	0.865558391226237	0.650714643381896	483	7
4798	1	0.43514603226246	0	9	0.865558391226237	0.650714643381896	483	7
4799	0	0.37235615309871	0	9	0.865558391226237	0.650714643381896	483	7
4800	7	0.502943398721987	0	9	0.865558391226237	0.650714643381896	483	7
4801	0	0.297827192212945	0	9	0.865558391226237	0.650714643381896	483	7
4802	3	0.505367534145681	0	9	0.865558391226237	0.650714643381896	483	7
4803	1	0.155520856279106	0	9	0.865558391226237	0.650714643381896	483	7
4804	1	0.415917353848629	0	9	0.865558391226237	0.650714643381896	483	7
4809	3	0.382339314637812	0	9	0.865558391226237	0.650714643381896	483	7
4811	0	0.364172002795232	0	9	0.865558391226237	0.650714643381896	483	7
4814	2	0.373918234893534	0	9	0.865558391226237	0.650714643381896	483	7
4815	1	0.573158290983356	0	9	0.865558391226237	0.650714643381896	483	7
4817	2	0.289321935345138	0	9	0.865558391226237	0.650714643381896	483	7
4818	1	0.523404351581205	0	9	0.865558391226237	0.650714643381896	483	7
4820	3	0.584742394357474	0	9	0.865558391226237	0.650714643381896	483	7
4824	4	0.301591694106064	0	9	0.865558391226237	0.650714643381896	483	7
4826	1	0.483647642076459	0	9	0.865558391226237	0.650714643381896	483	7
4828	0	0.530412179351426	0	9	0.865558391226237	0.650714643381896	483	7
4830	0	0.545035103130669	0	9	0.865558391226237	0.650714643381896	483	7
4832	2	0.258474005084861	0	9	0.865558391226237	0.650714643381896	483	7
4833	2	0.347609631127441	0	9	0.865558391226237	0.650714643381896	483	7
4835	6	-0.0326682242845604	0	9	0.865558391226237	0.650714643381896	483	7
4836	2	0.415780113265901	0	9	0.865558391226237	0.650714643381896	483	7
4839	1	0.345452809290816	0	9	0.865558391226237	0.650714643381896	483	7
4841	2	0.678264343359705	0	9	0.865558391226237	0.650714643381896	483	7
4842	0	0.415136426582625	0	9	0.865558391226237	0.650714643381896	483	7
4843	1	0.480536862494991	0	9	0.865558391226237	0.650714643381896	483	7
4846	0	0.268158635046112	0	9	0.865558391226237	0.650714643381896	483	7
4848	4	0.324837869984227	0	9	0.865558391226237	0.650714643381896	483	7
4849	0	0.241836693244508	0	9	0.865558391226237	0.650714643381896	483	7
4850	1	0.449165921533904	0	9	0.865558391226237	0.650714643381896	483	7
4851	4	0.392882865172793	0	9	0.865558391226237	0.650714643381896	483	7
4852	0	0.0691882174358336	0	9	0.865558391226237	0.650714643381896	483	7
4853	1	0.494631560171209	0	9	0.865558391226237	0.650714643381896	483	7
4854	1	0.441484950017486	0	9	0.865558391226237	0.650714643381896	483	7
4855	4	0.233745942960758	0	9	0.865558391226237	0.650714643381896	483	7
4856	0	0.386155104044335	0	9	0.865558391226237	0.650714643381896	483	7
4857	0	0.456589122213037	0	9	0.865558391226237	0.650714643381896	483	7
4858	0	0.398506321845493	0	9	0.865558391226237	0.650714643381896	483	7
4860	6	0.0560061976511701	0	9	0.865558391226237	0.650714643381896	483	7
4861	1	0.611388038078105	0	9	0.865558391226237	0.650714643381896	483	7
4862	3	0.557513599679774	0	9	0.865558391226237	0.650714643381896	483	7
4863	1	0.559231717113926	0	9	0.865558391226237	0.650714643381896	483	7
4864	0	0.336244843342546	0	9	0.865558391226237	0.650714643381896	483	7
4868	4	-0.0567212113946193	0	9	0.865558391226237	0.650714643381896	483	7
4869	2	0.579469076806925	0	9	0.865558391226237	0.650714643381896	483	7
4881	0	-0.0468985639203822	0	9	0.865558391226237	0.650714643381896	483	7
4882	4	0.155776986039006	0	9	0.865558391226237	0.650714643381896	483	7
4883	6	-0.0560327779916502	0	9	0.865558391226237	0.650714643381896	483	7
4884	1	0.397733639684781	0	9	0.865558391226237	0.650714643381896	483	7
4886	0	0.299610153002157	0	9	0.865558391226237	0.650714643381896	483	7
4889	0	0.41884983444699	0	9	0.865558391226237	0.650714643381896	483	7
4891	0	0.201721720361457	0	9	0.865558391226237	0.650714643381896	483	7
4892	0	0.374658618534892	0	9	0.865558391226237	0.650714643381896	483	7
4893	0	0.257196003760594	0	9	0.865558391226237	0.650714643381896	483	7
4897	0	0.363471806331428	0	9	0.865558391226237	0.650714643381896	483	7
4900	0	0.318610888348646	0	9	0.865558391226237	0.650714643381896	483	7
4901	0	0.42117191482382	0	9	0.865558391226237	0.650714643381896	483	7
4902	1	0.644127067996842	0	9	0.865558391226237	0.650714643381896	483	7
4907	3	0.254461198144219	0	9	0.865558391226237	0.650714643381896	483	7
4908	5	0.605749204772675	1	9	0.865558391226237	0.650714643381896	483	7
4913	2	0.319181579308242	0	9	0.865558391226237	0.650714643381896	483	7
4914	0	0.245263416827411	0	9	0.865558391226237	0.650714643381896	483	7
4915	0	0.202335636037396	0	9	0.865558391226237	0.650714643381896	483	7
4916	0	0.305034661153468	0	9	0.865558391226237	0.650714643381896	483	7
4917	0	0.276460133877369	0	9	0.865558391226237	0.650714643381896	483	7
4919	0	0.253998024223266	0	9	0.865558391226237	0.650714643381896	483	7
4920	0	0.424938444783459	0	9	0.865558391226237	0.650714643381896	483	7
4921	1	0.516876846167336	0	9	0.865558391226237	0.650714643381896	483	7
4923	1	0.528790718022685	0	9	0.865558391226237	0.650714643381896	483	7
4924	2	0.015387769385325	0	9	0.865558391226237	0.650714643381896	483	7
4925	0	0.0519922833233589	0	9	0.865558391226237	0.650714643381896	483	7
4926	0	0.554733477815633	0	9	0.865558391226237	0.650714643381896	483	7
4927	1	0.505974307129616	0	9	0.865558391226237	0.650714643381896	483	7
4928	0	0.176745706677609	0	9	0.865558391226237	0.650714643381896	483	7
4929	0	0.353677350747542	0	9	0.865558391226237	0.650714643381896	483	7
4931	0	0.160250453336011	0	9	0.865558391226237	0.650714643381896	483	7
4935	0	0.228038251217529	0	9	0.865558391226237	0.650714643381896	483	7
4938	0	0.242853412953532	0	9	0.865558391226237	0.650714643381896	483	7
4939	0	0.484257407909671	0	9	0.865558391226237	0.650714643381896	483	7
4940	0	0.492217054430449	0	9	0.865558391226237	0.650714643381896	483	7
4942	6	-0.176781164518928	0	9	0.865558391226237	0.650714643381896	483	7
4946	2	0.145608007288754	0	9	0.865558391226237	0.650714643381896	483	7
4947	2	0.450849430050069	0	9	0.865558391226237	0.650714643381896	483	7
4948	0	0.131114110266693	0	9	0.865558391226237	0.650714643381896	483	7
4952	0	0.233693963962473	0	9	0.865558391226237	0.650714643381896	483	7
4953	3	0.136589999828422	0	9	0.865558391226237	0.650714643381896	483	7
4957	0	0.409220810050224	0	9	0.865558391226237	0.650714643381896	483	7
4967	6	0.342031237370192	0	9	0.865558391226237	0.650714643381896	483	7
4968	2	0.308505171836653	0	9	0.865558391226237	0.650714643381896	483	7
4969	0	0.366857617207075	0	9	0.865558391226237	0.650714643381896	483	7
4973	5	0.604538065981435	1	9	0.865558391226237	0.650714643381896	483	7
4976	0	-0.0727786830136791	0	9	0.865558391226237	0.650714643381896	483	7
4978	0	0.0220804362330397	0	9	0.865558391226237	0.650714643381896	483	7
4982	2	0.606138550249521	0	9	0.865558391226237	0.650714643381896	483	7
4987	0	0.436901661136174	0	9	0.865558391226237	0.650714643381896	483	7
4998	1	0.626670470779032	0	9	0.865558391226237	0.650714643381896	483	7
4999	5	0.595953691302878	1	9	0.865558391226237	0.650714643381896	483	7
5000	0	-0.0111074196640468	0	9	0.865558391226237	0.650714643381896	483	7
5001	3	0.43377122822526	0	9	0.865558391226237	0.650714643381896	483	7
5002	2	0.1557795173295	0	9	0.865558391226237	0.650714643381896	483	7
5003	0	0.497115500785789	0	9	0.865558391226237	0.650714643381896	483	7
5007	0	0.234061759979293	0	9	0.865558391226237	0.650714643381896	483	7
5008	0	0.458235383333536	0	9	0.865558391226237	0.650714643381896	483	7
5010	1	0.317116889383579	0	9	0.865558391226237	0.650714643381896	483	7
5016	0	0.4256520810112	0	9	0.865558391226237	0.650714643381896	483	7
5017	1	0.543128771193997	0	9	0.865558391226237	0.650714643381896	483	7
5018	6	0.141737568516128	0	9	0.865558391226237	0.650714643381896	483	7
5019	0	0.163257013234688	0	9	0.865558391226237	0.650714643381896	483	7
5020	2	0.464171957510157	0	9	0.865558391226237	0.650714643381896	483	7
5021	0	0.136349315200425	0	9	0.865558391226237	0.650714643381896	483	7
5023	1	0.564524654581876	0	9	0.865558391226237	0.650714643381896	483	7
5025	0	0.504024499527623	0	9	0.865558391226237	0.650714643381896	483	7
5026	5	0.642579489726689	1	9	0.865558391226237	0.650714643381896	483	7
5027	0	0.535748034991056	0	9	0.865558391226237	0.650714643381896	483	7
5028	0	0.26383590519392	0	9	0.865558391226237	0.650714643381896	483	7
5029	0	0.247670108719304	0	9	0.865558391226237	0.650714643381896	483	7
5031	0	0.529914465726607	0	9	0.865558391226237	0.650714643381896	483	7
5033	0	0.0265232470175245	0	9	0.865558391226237	0.650714643381896	483	7
5034	2	0.365787016865753	0	9	0.865558391226237	0.650714643381896	483	7
5036	3	0.501257571945626	0	9	0.865558391226237	0.650714643381896	483	7
5037	6	-0.030448840834751	0	9	0.865558391226237	0.650714643381896	483	7
5045	7	0.172245413978067	0	9	0.865558391226237	0.650714643381896	483	7
5048	0	0.13292721659671	0	9	0.865558391226237	0.650714643381896	483	7
5049	7	0.177915155170033	0	9	0.865558391226237	0.650714643381896	483	7
5050	2	0.61482220094113	0	9	0.865558391226237	0.650714643381896	483	7
5051	0	0.151031857335808	0	9	0.865558391226237	0.650714643381896	483	7
5052	6	0.0579115355927889	0	9	0.865558391226237	0.650714643381896	483	7
5054	0	0.341020990145229	0	9	0.865558391226237	0.650714643381896	483	7
5058	0	0.197245436647924	0	9	0.865558391226237	0.650714643381896	483	7
5062	5	0.74422564270971	1	9	0.865558391226237	0.650714643381896	483	7
5063	0	0.480751494783208	0	9	0.865558391226237	0.650714643381896	483	7
5064	2	0.0818031390954786	0	9	0.865558391226237	0.650714643381896	483	7
5066	0	-0.187467536294266	0	9	0.865558391226237	0.650714643381896	483	7
5069	0	0.00290648750003029	0	9	0.865558391226237	0.650714643381896	483	7
5071	1	0.554231247012671	0	9	0.865558391226237	0.650714643381896	483	7
5073	3	0.329907561348172	0	9	0.865558391226237	0.650714643381896	483	7
5074	0	0.0508975442083379	0	9	0.865558391226237	0.650714643381896	483	7
5076	0	0.00856384344672968	0	9	0.865558391226237	0.650714643381896	483	7
5079	5	0.60592252462122	1	9	0.865558391226237	0.650714643381896	483	7
5080	1	0.226763295335796	0	9	0.865558391226237	0.650714643381896	483	7
5082	0	0.444929657155276	0	9	0.865558391226237	0.650714643381896	483	7
5087	2	0.268426089392383	0	9	0.865558391226237	0.650714643381896	483	7
5090	0	0.0470510892311461	0	9	0.865558391226237	0.650714643381896	483	7
5091	6	-0.0543773486692614	0	9	0.865558391226237	0.650714643381896	483	7
5092	6	0.0560425689802989	0	9	0.865558391226237	0.650714643381896	483	7
5093	2	0.0975136634044831	0	9	0.865558391226237	0.650714643381896	483	7
5094	6	0.175925145607384	0	9	0.865558391226237	0.650714643381896	483	7
5095	6	0.118231624292689	0	9	0.865558391226237	0.650714643381896	483	7
5096	6	0.116386173913748	0	9	0.865558391226237	0.650714643381896	483	7
5097	0	0.52810556253359	0	9	0.865558391226237	0.650714643381896	483	7
5099	0	0.456969608355986	0	9	0.865558391226237	0.650714643381896	483	7
5101	0	0.0826837002563512	0	9	0.865558391226237	0.650714643381896	483	7
5104	6	0.0202266929807993	0	9	0.865558391226237	0.650714643381896	483	7
5105	6	-0.321725231673112	0	9	0.865558391226237	0.650714643381896	483	7
5106	6	-0.101732680197036	0	9	0.865558391226237	0.650714643381896	483	7
5108	0	0.396056301116227	0	9	0.865558391226237	0.650714643381896	483	7
5110	0	0.155539869181279	0	9	0.865558391226237	0.650714643381896	483	7
5111	3	0.439373226277337	0	9	0.865558391226237	0.650714643381896	483	7
5116	4	0.35977873049167	0	9	0.865558391226237	0.650714643381896	483	7
5118	5	0.606166650566496	1	9	0.865558391226237	0.650714643381896	483	7
5119	2	0.440007524336	0	9	0.865558391226237	0.650714643381896	483	7
5121	0	0.297051551967331	0	9	0.865558391226237	0.650714643381896	483	7
5122	0	0.0347691405492264	0	9	0.865558391226237	0.650714643381896	483	7
5125	4	0.261208290538354	0	9	0.865558391226237	0.650714643381896	483	7
5127	0	0.0749431880528804	0	9	0.865558391226237	0.650714643381896	483	7
5128	1	0.48054579285767	0	9	0.865558391226237	0.650714643381896	483	7
5129	0	0.257999905493147	0	9	0.865558391226237	0.650714643381896	483	7
5130	0	0.41592362735747	0	9	0.865558391226237	0.650714643381896	483	7
5133	1	0.729100902230445	0	9	0.865558391226237	0.650714643381896	483	7
5134	1	0.573468186485494	0	9	0.865558391226237	0.650714643381896	483	7
5136	1	0.64155104801146	0	9	0.865558391226237	0.650714643381896	483	7
5137	0	0.424148074111063	0	9	0.865558391226237	0.650714643381896	483	7
5138	4	0.300938255783441	0	9	0.865558391226237	0.650714643381896	483	7
5139	1	0.473659662117371	0	9	0.865558391226237	0.650714643381896	483	7
5140	0	0.501012131996034	0	9	0.865558391226237	0.650714643381896	483	7
5141	1	0.491149442808414	0	9	0.865558391226237	0.650714643381896	483	7
5142	0	0.371626125957679	0	9	0.865558391226237	0.650714643381896	483	7
5144	4	0.27218418134059	0	9	0.865558391226237	0.650714643381896	483	7
5147	0	0.269241376511008	0	9	0.865558391226237	0.650714643381896	483	7
5148	1	0.325507562475061	0	9	0.865558391226237	0.650714643381896	483	7
5151	0	0.22144940659055	0	9	0.865558391226237	0.650714643381896	483	7
5152	0	0.274675903670899	0	9	0.865558391226237	0.650714643381896	483	7
5153	0	0.000992776153437564	0	9	0.865558391226237	0.650714643381896	483	7
5154	4	0.282447600496814	0	9	0.865558391226237	0.650714643381896	483	7
5155	1	0.669192581548204	0	9	0.865558391226237	0.650714643381896	483	7
5156	1	0.508947179911562	0	9	0.865558391226237	0.650714643381896	483	7
5157	0	0.266088896259589	0	9	0.865558391226237	0.650714643381896	483	7
5158	0	0.161946449234647	0	9	0.865558391226237	0.650714643381896	483	7
5159	4	0.256377225785801	0	9	0.865558391226237	0.650714643381896	483	7
5160	6	0.0632775335171236	0	9	0.865558391226237	0.650714643381896	483	7
5162	6	-0.0187102205071212	0	9	0.865558391226237	0.650714643381896	483	7
5163	1	0.475589831704202	0	9	0.865558391226237	0.650714643381896	483	7
5164	2	0.240711119306018	0	9	0.865558391226237	0.650714643381896	483	7
5165	0	0.274939310660017	0	9	0.865558391226237	0.650714643381896	483	7
5166	3	0.404225166432145	0	9	0.865558391226237	0.650714643381896	483	7
5167	0	0.514856562956887	0	9	0.865558391226237	0.650714643381896	483	7
5168	0	-0.0724966244333753	0	9	0.865558391226237	0.650714643381896	483	7
5170	3	0.654467492027767	0	9	0.865558391226237	0.650714643381896	483	7
5172	0	0.220923646197045	0	9	0.865558391226237	0.650714643381896	483	7
5175	4	0.495707436424857	0	9	0.865558391226237	0.650714643381896	483	7
5176	5	0.634600260632279	1	9	0.865558391226237	0.650714643381896	483	7
5184	6	-0.267785764785213	0	9	0.865558391226237	0.650714643381896	483	7
5188	2	0.430378656124013	0	9	0.865558391226237	0.650714643381896	483	7
5189	0	0.0514503702776539	0	9	0.865558391226237	0.650714643381896	483	7
5190	2	0.395154682836525	0	9	0.865558391226237	0.650714643381896	483	7
5191	0	0.043075739544685	0	9	0.865558391226237	0.650714643381896	483	7
5192	0	0.420368082740442	0	9	0.865558391226237	0.650714643381896	483	7
5193	0	0.059533486650224	0	9	0.865558391226237	0.650714643381896	483	7
5194	0	0.321715384337317	0	9	0.865558391226237	0.650714643381896	483	7
5195	0	-0.0475161550032379	0	9	0.865558391226237	0.650714643381896	483	7
5196	1	0.473814935167438	0	9	0.865558391226237	0.650714643381896	483	7
5198	0	0.447264725965814	0	9	0.865558391226237	0.650714643381896	483	7
5199	0	0.337029299833948	0	9	0.865558391226237	0.650714643381896	483	7
5201	0	0.354487935667311	0	9	0.865558391226237	0.650714643381896	483	7
5202	0	0.364621709481756	0	9	0.865558391226237	0.650714643381896	483	7
5203	0	0.347113702866654	0	9	0.865558391226237	0.650714643381896	483	7
5204	2	0.368803644205622	0	9	0.865558391226237	0.650714643381896	483	7
5207	0	0.252296573964266	0	9	0.865558391226237	0.650714643381896	483	7
5208	0	0.137724871307454	0	9	0.865558391226237	0.650714643381896	483	7
5209	0	0.616414494232088	0	9	0.865558391226237	0.650714643381896	483	7
5210	1	0.605890002200582	0	9	0.865558391226237	0.650714643381896	483	7
5211	2	0.146588861236527	0	9	0.865558391226237	0.650714643381896	483	7
5213	0	-0.0187683208441074	0	9	0.865558391226237	0.650714643381896	483	7
5214	3	0.437165280437195	0	9	0.865558391226237	0.650714643381896	483	7
5216	2	0.482488234040313	0	9	0.865558391226237	0.650714643381896	483	7
5217	4	0.16510339816048	0	9	0.865558391226237	0.650714643381896	483	7
5218	0	0.192516376312132	0	9	0.865558391226237	0.650714643381896	483	7
5224	1	0.581614604903749	0	9	0.865558391226237	0.650714643381896	483	7
5226	2	0.480232652130033	0	9	0.865558391226237	0.650714643381896	483	7
5228	1	0.483855203327647	0	9	0.865558391226237	0.650714643381896	483	7
5229	1	0.489909130151417	0	9	0.865558391226237	0.650714643381896	483	7
5236	2	0.278723225992959	0	9	0.865558391226237	0.650714643381896	483	7
5238	3	0.512181867579224	0	9	0.865558391226237	0.650714643381896	483	7
5239	1	0.369420483944656	0	9	0.865558391226237	0.650714643381896	483	7
5241	1	0.585657996385296	0	9	0.865558391226237	0.650714643381896	483	7
5243	6	0.409152224963089	0	9	0.865558391226237	0.650714643381896	483	7
5244	0	0.461192263043825	0	9	0.865558391226237	0.650714643381896	483	7
5245	6	0.220762048589418	0	9	0.865558391226237	0.650714643381896	483	7
5250	3	-0.00827223751241031	0	9	0.865558391226237	0.650714643381896	483	7
5251	0	0.380137247098416	0	9	0.865558391226237	0.650714643381896	483	7
5252	0	0.254423918211928	0	9	0.865558391226237	0.650714643381896	483	7
5253	4	0.355415666996028	0	9	0.865558391226237	0.650714643381896	483	7
5255	0	0.285263961362984	0	9	0.865558391226237	0.650714643381896	483	7
5256	0	0.196321497524244	0	9	0.865558391226237	0.650714643381896	483	7
5257	0	-0.209576969861474	0	9	0.865558391226237	0.650714643381896	483	7
5260	1	0.622142089954771	0	9	0.865558391226237	0.650714643381896	483	7
5261	2	0.457661672793994	0	9	0.865558391226237	0.650714643381896	483	7
5264	6	-0.0881928272459131	0	9	0.865558391226237	0.650714643381896	483	7
5265	6	-0.170140385059407	0	9	0.865558391226237	0.650714643381896	483	7
5266	1	0.529521606778381	0	9	0.865558391226237	0.650714643381896	483	7
5267	0	0.349007809311959	0	9	0.865558391226237	0.650714643381896	483	7
5269	6	0.248450740883805	0	9	0.865558391226237	0.650714643381896	483	7
5270	0	0.545881671892917	0	9	0.865558391226237	0.650714643381896	483	7
5271	1	0.473571274056288	0	9	0.865558391226237	0.650714643381896	483	7
5272	0	0.353036526129647	0	9	0.865558391226237	0.650714643381896	483	7
5274	3	0.104149127724426	0	9	0.865558391226237	0.650714643381896	483	7
5277	0	0.21444270933576	0	9	0.865558391226237	0.650714643381896	483	7
5281	0	0.132181813676278	0	9	0.865558391226237	0.650714643381896	483	7
5283	2	0.349848980808491	0	9	0.865558391226237	0.650714643381896	483	7
5284	2	0.597160197160395	0	9	0.865558391226237	0.650714643381896	483	7
5286	3	0.259918842209551	0	9	0.865558391226237	0.650714643381896	483	7
5287	4	0.47171928806845	0	9	0.865558391226237	0.650714643381896	483	7
5288	0	0.350919520979437	0	9	0.865558391226237	0.650714643381896	483	7
5289	1	0.373096457351502	0	9	0.865558391226237	0.650714643381896	483	7
5290	0	0.135774782221996	0	9	0.865558391226237	0.650714643381896	483	7
5291	0	0.333355779969078	0	9	0.865558391226237	0.650714643381896	483	7
5292	0	0.240817688780233	0	9	0.865558391226237	0.650714643381896	483	7
5293	5	0.84322695753886	1	9	0.865558391226237	0.650714643381896	483	7
5294	1	0.501254871258708	0	9	0.865558391226237	0.650714643381896	483	7
5295	0	0.353091994574902	0	9	0.865558391226237	0.650714643381896	483	7
5296	1	0.392191463165392	0	9	0.865558391226237	0.650714643381896	483	7
5297	0	0.211039463430328	0	9	0.865558391226237	0.650714643381896	483	7
5298	2	0.210337188119972	0	9	0.865558391226237	0.650714643381896	483	7
5300	2	0.119716166198758	0	9	0.865558391226237	0.650714643381896	483	7
5303	1	0.200989413606416	0	9	0.865558391226237	0.650714643381896	483	7
5305	4	0.488233483781629	0	9	0.865558391226237	0.650714643381896	483	7
5306	0	0.380076798174977	0	9	0.865558391226237	0.650714643381896	483	7
5308	3	0.439783140961139	0	9	0.865558391226237	0.650714643381896	483	7
5311	0	0.187640763843359	0	9	0.865558391226237	0.650714643381896	483	7
5313	0	0.00711698804906321	0	9	0.865558391226237	0.650714643381896	483	7
5315	2	0.490820710702445	0	9	0.865558391226237	0.650714643381896	483	7
5316	4	0.447359293832627	0	9	0.865558391226237	0.650714643381896	483	7
5317	0	0.123669554870802	0	9	0.865558391226237	0.650714643381896	483	7
5318	0	0.0420869976248666	0	9	0.865558391226237	0.650714643381896	483	7
5320	1	0.324142112841303	0	9	0.865558391226237	0.650714643381896	483	7
5321	0	0.209792959236328	0	9	0.865558391226237	0.650714643381896	483	7
5324	4	0.203229059885799	0	9	0.865558391226237	0.650714643381896	483	7
5325	0	0.18153710793622	0	9	0.865558391226237	0.650714643381896	483	7
5326	4	0.356796389172056	0	9	0.865558391226237	0.650714643381896	483	7
5327	4	0.17048143634201	0	9	0.865558391226237	0.650714643381896	483	7
5328	0	0.563789986832092	0	9	0.865558391226237	0.650714643381896	483	7
5329	0	0.309048739223027	0	9	0.865558391226237	0.650714643381896	483	7
5330	1	0.631346987869554	0	9	0.865558391226237	0.650714643381896	483	7
5331	1	0.650372822899867	0	9	0.865558391226237	0.650714643381896	483	7
5332	0	0.284821248760498	0	9	0.865558391226237	0.650714643381896	483	7
5333	0	0.564603821637159	0	9	0.865558391226237	0.650714643381896	483	7
5334	3	0.0910713517494663	0	9	0.865558391226237	0.650714643381896	483	7
5335	1	0.384170511736602	0	9	0.865558391226237	0.650714643381896	483	7
5336	0	-0.00609744811372268	0	9	0.865558391226237	0.650714643381896	483	7
5337	3	0.615254406247341	0	9	0.865558391226237	0.650714643381896	483	7
5338	1	0.566987828087358	0	9	0.865558391226237	0.650714643381896	483	7
5339	7	0.310090465650454	0	9	0.865558391226237	0.650714643381896	483	7
5340	6	-0.135373295780897	0	9	0.865558391226237	0.650714643381896	483	7
5341	5	0.670609994366392	1	9	0.865558391226237	0.650714643381896	483	7
5345	6	-0.185940476540935	0	9	0.865558391226237	0.650714643381896	483	7
5346	1	0.500343172199889	0	9	0.865558391226237	0.650714643381896	483	7
5347	1	0.655483914968744	0	9	0.865558391226237	0.650714643381896	483	7
5348	4	0.216201363829807	0	9	0.865558391226237	0.650714643381896	483	7
5349	0	0.515915543103066	0	9	0.865558391226237	0.650714643381896	483	7
5350	0	0.322541020060229	0	9	0.865558391226237	0.650714643381896	483	7
5351	6	0.265151659370258	0	9	0.865558391226237	0.650714643381896	483	7
5352	0	0.319123865789986	0	9	0.865558391226237	0.650714643381896	483	7
5354	0	0.128535177089784	0	9	0.865558391226237	0.650714643381896	483	7
5355	0	0.484211607168894	0	9	0.865558391226237	0.650714643381896	483	7
5357	0	0.309995155553958	0	9	0.865558391226237	0.650714643381896	483	7
5358	3	0.0339693740859816	0	9	0.865558391226237	0.650714643381896	483	7
5359	5	0.543357992179685	1	9	0.865558391226237	0.650714643381896	483	7
5360	0	0.0881917107841085	0	9	0.865558391226237	0.650714643381896	483	7
5361	1	0.457398665220373	0	9	0.865558391226237	0.650714643381896	483	7
5362	1	0.358458045942601	0	9	0.865558391226237	0.650714643381896	483	7
5364	6	0.205379142473724	0	9	0.865558391226237	0.650714643381896	483	7
5365	1	0.28710953010257	0	9	0.865558391226237	0.650714643381896	483	7
5368	1	0.721628334993329	0	9	0.865558391226237	0.650714643381896	483	7
5371	1	0.58457708047677	0	9	0.865558391226237	0.650714643381896	483	7
5372	6	0.0389797709608926	0	9	0.865558391226237	0.650714643381896	483	7
5373	2	0.462947332804959	0	9	0.865558391226237	0.650714643381896	483	7
5376	0	0.297051678486598	0	9	0.865558391226237	0.650714643381896	483	7
5378	0	0.190599188245729	0	9	0.865558391226237	0.650714643381896	483	7
5393	0	0.268154977902657	0	9	0.865558391226237	0.650714643381896	483	7
5394	0	0.375593550530167	0	9	0.865558391226237	0.650714643381896	483	7
5396	1	0.612027149615871	0	9	0.865558391226237	0.650714643381896	483	7
5411	2	0.46705354136655	0	9	0.865558391226237	0.650714643381896	483	7
5412	4	0.221013845608554	0	9	0.865558391226237	0.650714643381896	483	7
5414	5	0.560748840951564	1	9	0.865558391226237	0.650714643381896	483	7
5420	0	-0.155140590411235	0	9	0.865558391226237	0.650714643381896	483	7
5422	0	0.205194345259576	0	9	0.865558391226237	0.650714643381896	483	7
5423	0	0.223045301993527	0	9	0.865558391226237	0.650714643381896	483	7
5424	2	0.598293690687999	0	9	0.865558391226237	0.650714643381896	483	7
5425	2	0.469630215282738	0	9	0.865558391226237	0.650714643381896	483	7
5426	1	0.509088024778236	0	9	0.865558391226237	0.650714643381896	483	7
5427	0	0.421162544924901	0	9	0.865558391226237	0.650714643381896	483	7
5428	1	0.49672434836768	0	9	0.865558391226237	0.650714643381896	483	7
5429	1	0.513387572867604	0	9	0.865558391226237	0.650714643381896	483	7
5430	0	0.0410340483577341	0	9	0.865558391226237	0.650714643381896	483	7
5431	0	0.225102244482059	0	9	0.865558391226237	0.650714643381896	483	7
5432	1	0.368511948458891	0	9	0.865558391226237	0.650714643381896	483	7
5433	3	0.415793084882143	0	9	0.865558391226237	0.650714643381896	483	7
5434	2	0.517971479048221	0	9	0.865558391226237	0.650714643381896	483	7
5435	2	0.295165118785632	0	9	0.865558391226237	0.650714643381896	483	7
5436	0	0.182361885308097	0	9	0.865558391226237	0.650714643381896	483	7
5437	7	0.406933947602815	0	9	0.865558391226237	0.650714643381896	483	7
5438	2	0.239616538878635	0	9	0.865558391226237	0.650714643381896	483	7
5439	0	-0.12415165421221	0	9	0.865558391226237	0.650714643381896	483	7
5440	0	0.323440620961017	0	9	0.865558391226237	0.650714643381896	483	7
5441	7	0.119725277245808	0	9	0.865558391226237	0.650714643381896	483	7
5445	0	-0.0707302933323454	0	9	0.865558391226237	0.650714643381896	483	7
5446	0	0.27287912601994	0	9	0.865558391226237	0.650714643381896	483	7
5450	5	0.717366723379477	1	9	0.865558391226237	0.650714643381896	483	7
5451	4	0.43331690758812	0	9	0.865558391226237	0.650714643381896	483	7
5452	1	0.433848469598565	0	9	0.865558391226237	0.650714643381896	483	7
5455	7	0.285972287628492	0	9	0.865558391226237	0.650714643381896	483	7
5456	1	0.488764260590634	0	9	0.865558391226237	0.650714643381896	483	7
5463	0	0.406452367897102	0	9	0.865558391226237	0.650714643381896	483	7
5464	3	0.208023632995457	0	9	0.865558391226237	0.650714643381896	483	7
5465	6	0.267937145836455	0	9	0.865558391226237	0.650714643381896	483	7
5467	0	0.309017768128598	0	9	0.865558391226237	0.650714643381896	483	7
5468	0	0.198024401274259	0	9	0.865558391226237	0.650714643381896	483	7
5469	0	0.617037401546955	0	9	0.865558391226237	0.650714643381896	483	7
5471	5	0.692793234898574	1	9	0.865558391226237	0.650714643381896	483	7
5473	1	0.456562780789612	0	9	0.865558391226237	0.650714643381896	483	7
5476	6	-0.0289946103294501	0	9	0.865558391226237	0.650714643381896	483	7
5479	2	0.365247491011071	0	9	0.865558391226237	0.650714643381896	483	7
5480	0	0.370450258274062	0	9	0.865558391226237	0.650714643381896	483	7
5481	3	0.435435438315479	0	9	0.865558391226237	0.650714643381896	483	7
5493	0	0.652285858947389	0	9	0.865558391226237	0.650714643381896	483	7
5494	0	0.139980999352348	0	9	0.865558391226237	0.650714643381896	483	7
5495	3	0.424249030290104	0	9	0.865558391226237	0.650714643381896	483	7
5496	2	0.143969656025695	0	9	0.865558391226237	0.650714643381896	483	7
5498	0	0.0499629662000591	0	9	0.865558391226237	0.650714643381896	483	7
5499	2	0.182884218561259	0	9	0.865558391226237	0.650714643381896	483	7
5500	3	0.297354185834231	0	9	0.865558391226237	0.650714643381896	483	7
5501	0	0.227677363463927	0	9	0.865558391226237	0.650714643381896	483	7
5502	0	0.329554253134822	0	9	0.865558391226237	0.650714643381896	483	7
5504	3	0.472720270008011	0	9	0.865558391226237	0.650714643381896	483	7
5506	0	0.287121769031525	0	9	0.865558391226237	0.650714643381896	483	7
5507	4	0.360528941350574	0	9	0.865558391226237	0.650714643381896	483	7
5509	0	0.494708589785833	0	9	0.865558391226237	0.650714643381896	483	7
5510	0	0.448542813352611	0	9	0.865558391226237	0.650714643381896	483	7
5511	0	0.424438920542695	0	9	0.865558391226237	0.650714643381896	483	7
5515	3	0.284415990002535	0	9	0.865558391226237	0.650714643381896	483	7
5516	0	0.330407856505532	0	9	0.865558391226237	0.650714643381896	483	7
5518	2	0.215813402120026	0	9	0.865558391226237	0.650714643381896	483	7
5519	3	0.256418287937953	0	9	0.865558391226237	0.650714643381896	483	7
5520	3	0.394396749176019	0	9	0.865558391226237	0.650714643381896	483	7
5521	0	0.164765550658894	0	9	0.865558391226237	0.650714643381896	483	7
5523	2	0.438709039139568	0	9	0.865558391226237	0.650714643381896	483	7
5524	2	0.0357389400334381	0	9	0.865558391226237	0.650714643381896	483	7
5525	7	0.596036264939612	0	9	0.865558391226237	0.650714643381896	483	7
5526	0	0.161373413761372	0	9	0.865558391226237	0.650714643381896	483	7
5527	3	0.565899406832486	0	9	0.865558391226237	0.650714643381896	483	7
5528	2	0.559746499706249	0	9	0.865558391226237	0.650714643381896	483	7
5530	0	0.499712589763033	0	9	0.865558391226237	0.650714643381896	483	7
5531	2	0.411393850039244	0	9	0.865558391226237	0.650714643381896	483	7
5532	4	0.165028894647512	0	9	0.865558391226237	0.650714643381896	483	7
5533	1	0.458832831040112	0	9	0.865558391226237	0.650714643381896	483	7
5534	3	0.415130542827754	0	9	0.865558391226237	0.650714643381896	483	7
5536	0	0.231988449447147	0	9	0.865558391226237	0.650714643381896	483	7
5537	7	0.322335293581572	0	9	0.865558391226237	0.650714643381896	483	7
5538	0	0.440334628403133	0	9	0.865558391226237	0.650714643381896	483	7
5546	2	0.397227433507745	0	9	0.865558391226237	0.650714643381896	483	7
5547	3	0.355507424306316	0	9	0.865558391226237	0.650714643381896	483	7
5549	1	0.54566212979079	0	9	0.865558391226237	0.650714643381896	483	7
5550	0	0.631974053111141	0	9	0.865558391226237	0.650714643381896	483	7
5551	0	0.589211692279926	0	9	0.865558391226237	0.650714643381896	483	7
5552	0	0.568228591536151	0	9	0.865558391226237	0.650714643381896	483	7
5557	0	-0.00901894551657513	0	9	0.865558391226237	0.650714643381896	483	7
5562	0	0.323214905504069	0	9	0.865558391226237	0.650714643381896	483	7
5563	3	0.579832474986773	0	9	0.865558391226237	0.650714643381896	483	7
5564	2	0.454617438328214	0	9	0.865558391226237	0.650714643381896	483	7
5566	7	0.341630796078386	0	9	0.865558391226237	0.650714643381896	483	7
5567	0	0.273353574746189	0	9	0.865558391226237	0.650714643381896	483	7
5569	0	0.333503682167406	0	9	0.865558391226237	0.650714643381896	483	7
5571	2	0.545635021985893	0	9	0.865558391226237	0.650714643381896	483	7
5573	3	0.0347314970912551	0	9	0.865558391226237	0.650714643381896	483	7
5575	1	0.544223410760183	0	9	0.865558391226237	0.650714643381896	483	7
5576	7	0.464993997928049	0	9	0.865558391226237	0.650714643381896	483	7
5577	0	-0.247748607918731	0	9	0.865558391226237	0.650714643381896	483	7
5578	0	0.216721439501012	0	9	0.865558391226237	0.650714643381896	483	7
5579	5	0.707312265396337	1	9	0.865558391226237	0.650714643381896	483	7
5580	2	0.448289189330734	0	9	0.865558391226237	0.650714643381896	483	7
5581	1	0.42818339120952	0	9	0.865558391226237	0.650714643381896	483	7
5583	4	0.399481510051486	0	9	0.865558391226237	0.650714643381896	483	7
5584	4	0.41756595391565	0	9	0.865558391226237	0.650714643381896	483	7
5585	2	0.443703174428092	0	9	0.865558391226237	0.650714643381896	483	7
5586	0	0.410473779477616	0	9	0.865558391226237	0.650714643381896	483	7
5587	1	0.32587026618795	0	9	0.865558391226237	0.650714643381896	483	7
5588	5	0.695747922651122	1	9	0.865558391226237	0.650714643381896	483	7
5589	7	0.251723154351497	0	9	0.865558391226237	0.650714643381896	483	7
5590	2	0.0959506363195708	0	9	0.865558391226237	0.650714643381896	483	7
5591	3	0.565096903557412	0	9	0.865558391226237	0.650714643381896	483	7
5592	0	-0.143560598477303	0	9	0.865558391226237	0.650714643381896	483	7
5593	0	0.26354985072801	0	9	0.865558391226237	0.650714643381896	483	7
5594	0	0.470200677499724	0	9	0.865558391226237	0.650714643381896	483	7
5595	0	0.296275629451944	0	9	0.865558391226237	0.650714643381896	483	7
5596	1	0.421362300853685	0	9	0.865558391226237	0.650714643381896	483	7
5597	3	0.457263751117782	0	9	0.865558391226237	0.650714643381896	483	7
5598	4	0.32666366168403	0	9	0.865558391226237	0.650714643381896	483	7
5599	1	0.265815296187109	0	9	0.865558391226237	0.650714643381896	483	7
5600	1	0.475813439918834	0	9	0.865558391226237	0.650714643381896	483	7
5601	0	0.17833422294737	0	9	0.865558391226237	0.650714643381896	483	7
5602	4	0.173880800459545	0	9	0.865558391226237	0.650714643381896	483	7
5603	0	0.381376995076015	0	9	0.865558391226237	0.650714643381896	483	7
5604	3	0.550781832681709	0	9	0.865558391226237	0.650714643381896	483	7
5605	1	0.617692972301015	0	9	0.865558391226237	0.650714643381896	483	7
5607	1	0.47096893208237	0	9	0.865558391226237	0.650714643381896	483	7
5608	1	0.571651984687243	0	9	0.865558391226237	0.650714643381896	483	7
5609	0	0.293427928848909	0	9	0.865558391226237	0.650714643381896	483	7
5610	0	0.533831955467012	0	9	0.865558391226237	0.650714643381896	483	7
5611	0	0.361677607700967	0	9	0.865558391226237	0.650714643381896	483	7
5613	3	0.618545234110872	0	9	0.865558391226237	0.650714643381896	483	7
5618	6	0.197101330962617	0	9	0.865558391226237	0.650714643381896	483	7
5621	3	0.342889196390171	0	9	0.865558391226237	0.650714643381896	483	7
5624	2	0.315088098486551	0	9	0.865558391226237	0.650714643381896	483	7
5627	3	0.27788817192975	0	9	0.865558391226237	0.650714643381896	483	7
5629	0	-0.115525443691927	0	9	0.865558391226237	0.650714643381896	483	7
5631	0	0.457319218120264	0	9	0.865558391226237	0.650714643381896	483	7
5634	0	0.0932887613784321	0	9	0.865558391226237	0.650714643381896	483	7
5635	0	0.323861573563838	0	9	0.865558391226237	0.650714643381896	483	7
5636	3	0.25336435691009	0	9	0.865558391226237	0.650714643381896	483	7
5638	0	0.127143646842543	0	9	0.865558391226237	0.650714643381896	483	7
5639	0	0.199499299205136	0	9	0.865558391226237	0.650714643381896	483	7
5641	6	-0.125704209469621	0	9	0.865558391226237	0.650714643381896	483	7
5648	0	0.319292800356396	0	9	0.865558391226237	0.650714643381896	483	7
5649	0	0.125757010725802	0	9	0.865558391226237	0.650714643381896	483	7
5650	4	0.145374449522835	0	9	0.865558391226237	0.650714643381896	483	7
5652	2	0.513143848025165	0	9	0.865558391226237	0.650714643381896	483	7
5653	4	-0.00504502480798722	0	9	0.865558391226237	0.650714643381896	483	7
5654	0	-0.236992747333217	0	9	0.865558391226237	0.650714643381896	483	7
5662	0	0.111763642954403	0	9	0.865558391226237	0.650714643381896	483	7
5663	3	0.655767807930198	0	9	0.865558391226237	0.650714643381896	483	7
5664	0	0.0905770456916878	0	9	0.865558391226237	0.650714643381896	483	7
5672	1	0.321849892774588	0	9	0.865558391226237	0.650714643381896	483	7
5681	0	0.0309313970883015	0	9	0.865558391226237	0.650714643381896	483	7
5682	3	0.462961702854446	0	9	0.865558391226237	0.650714643381896	483	7
5683	3	0.339719409271645	0	9	0.865558391226237	0.650714643381896	483	7
5684	6	0.0714329541792329	0	9	0.865558391226237	0.650714643381896	483	7
5685	0	0.304574963297578	0	9	0.865558391226237	0.650714643381896	483	7
5686	2	0.0254340242942884	0	9	0.865558391226237	0.650714643381896	483	7
5688	3	0.312565735092714	0	9	0.865558391226237	0.650714643381896	483	7
5689	0	0.026214970136577	0	9	0.865558391226237	0.650714643381896	483	7
5690	1	0.491452297708329	0	9	0.865558391226237	0.650714643381896	483	7
5691	2	0.329103380875742	0	9	0.865558391226237	0.650714643381896	483	7
5692	2	0.2812252092565	0	9	0.865558391226237	0.650714643381896	483	7
5693	2	0.292751177327696	0	9	0.865558391226237	0.650714643381896	483	7
5694	2	0.274367760989757	0	9	0.865558391226237	0.650714643381896	483	7
5695	6	0.154273740250946	0	9	0.865558391226237	0.650714643381896	483	7
5697	1	0.604275369432594	0	9	0.865558391226237	0.650714643381896	483	7
5699	0	0.526465193770045	0	9	0.865558391226237	0.650714643381896	483	7
5701	3	0.253670848995602	0	9	0.865558391226237	0.650714643381896	483	7
5702	2	0.118991560932446	0	9	0.865558391226237	0.650714643381896	483	7
5704	2	0.363932972669353	0	9	0.865558391226237	0.650714643381896	483	7
5705	6	0.102726354727147	0	9	0.865558391226237	0.650714643381896	483	7
5707	0	0.0902883435862922	0	9	0.865558391226237	0.650714643381896	483	7
5708	2	0.160217188830463	0	9	0.865558391226237	0.650714643381896	483	7
5709	2	0.339164610075558	0	9	0.865558391226237	0.650714643381896	483	7
5710	0	0.674607715588714	0	9	0.865558391226237	0.650714643381896	483	7
5711	0	0.388092843457821	0	9	0.865558391226237	0.650714643381896	483	7
5713	3	0.233215454429864	0	9	0.865558391226237	0.650714643381896	483	7
5714	2	0.458686282255118	0	9	0.865558391226237	0.650714643381896	483	7
5715	0	0.182793796984051	0	9	0.865558391226237	0.650714643381896	483	7
5716	0	0.257795780245402	0	9	0.865558391226237	0.650714643381896	483	7
5717	3	0.220963114077872	0	9	0.865558391226237	0.650714643381896	483	7
5718	3	0.265536264545109	0	9	0.865558391226237	0.650714643381896	483	7
5719	0	0.318182061298186	0	9	0.865558391226237	0.650714643381896	483	7
5720	0	0.302555832565271	0	9	0.865558391226237	0.650714643381896	483	7
5723	2	0.552064452386098	0	9	0.865558391226237	0.650714643381896	483	7
5724	0	0.205323233562509	0	9	0.865558391226237	0.650714643381896	483	7
5727	0	0.328591858262815	0	9	0.865558391226237	0.650714643381896	483	7
5728	0	0.510626977460674	0	9	0.865558391226237	0.650714643381896	483	7
5729	0	0.415126482156603	0	9	0.865558391226237	0.650714643381896	483	7
5730	4	0.0799148777312897	0	9	0.865558391226237	0.650714643381896	483	7
5731	1	0.581375228372864	0	9	0.865558391226237	0.650714643381896	483	7
5732	0	0.211658798526834	0	9	0.865558391226237	0.650714643381896	483	7
5733	0	0.321808296697021	0	9	0.865558391226237	0.650714643381896	483	7
5734	1	0.551651817787268	0	9	0.865558391226237	0.650714643381896	483	7
5737	0	0.395755408878257	0	9	0.865558391226237	0.650714643381896	483	7
5739	1	0.461823323055351	0	9	0.865558391226237	0.650714643381896	483	7
5740	0	0.121731114295785	0	9	0.865558391226237	0.650714643381896	483	7
5742	4	0.414126732163896	0	9	0.865558391226237	0.650714643381896	483	7
5743	0	0.253296585375234	0	9	0.865558391226237	0.650714643381896	483	7
5744	4	0.251523250771175	0	9	0.865558391226237	0.650714643381896	483	7
5745	6	-0.0932377613808394	0	9	0.865558391226237	0.650714643381896	483	7
5753	1	0.650293666112286	0	9	0.865558391226237	0.650714643381896	483	7
5754	1	0.457706458820657	0	9	0.865558391226237	0.650714643381896	483	7
5763	1	0.511738302991291	0	9	0.865558391226237	0.650714643381896	483	7
5764	0	0.465810173822125	0	9	0.865558391226237	0.650714643381896	483	7
5770	1	0.525730455003977	0	9	0.865558391226237	0.650714643381896	483	7
5771	5	0.634482699788708	1	9	0.865558391226237	0.650714643381896	483	7
5774	3	0.476935776046428	0	9	0.865558391226237	0.650714643381896	483	7
5775	0	0.208925725490653	0	9	0.865558391226237	0.650714643381896	483	7
5777	5	0.613766459449804	1	9	0.865558391226237	0.650714643381896	483	7
5778	4	0.345263782277216	0	9	0.865558391226237	0.650714643381896	483	7
5780	0	0.189865501909054	0	9	0.865558391226237	0.650714643381896	483	7
5781	3	0.59826406650008	0	9	0.865558391226237	0.650714643381896	483	7
5782	4	0.328853676774775	0	9	0.865558391226237	0.650714643381896	483	7
5783	4	0.148652468382995	0	9	0.865558391226237	0.650714643381896	483	7
5784	4	0.210625764315996	0	9	0.865558391226237	0.650714643381896	483	7
5786	0	0.0334993147177511	0	9	0.865558391226237	0.650714643381896	483	7
5787	4	0.143448273230102	0	9	0.865558391226237	0.650714643381896	483	7
5788	5	0.676557144743461	1	9	0.865558391226237	0.650714643381896	483	7
5789	0	0.126415534190632	0	9	0.865558391226237	0.650714643381896	483	7
5790	5	0.828450732421109	1	9	0.865558391226237	0.650714643381896	483	7
5791	5	0.592069218293857	1	9	0.865558391226237	0.650714643381896	483	7
5792	2	0.547315161900826	0	9	0.865558391226237	0.650714643381896	483	7
5793	4	0.285528940767166	0	9	0.865558391226237	0.650714643381896	483	7
5794	1	0.489386554396547	0	9	0.865558391226237	0.650714643381896	483	7
5796	0	0.415471526818581	0	9	0.865558391226237	0.650714643381896	483	7
5797	0	-0.126962563015591	0	9	0.865558391226237	0.650714643381896	483	7
5799	1	0.389337705964538	0	9	0.865558391226237	0.650714643381896	483	7
5800	0	0.268799774464293	0	9	0.865558391226237	0.650714643381896	483	7
5802	0	0.297064686721643	0	9	0.865558391226237	0.650714643381896	483	7
5805	1	0.324398591350029	0	9	0.865558391226237	0.650714643381896	483	7
5806	0	0.211267231069869	0	9	0.865558391226237	0.650714643381896	483	7
5810	0	0.0960972766270363	0	9	0.865558391226237	0.650714643381896	483	7
5813	0	0.259424329719535	0	9	0.865558391226237	0.650714643381896	483	7
5816	0	0.17269545243728	0	9	0.865558391226237	0.650714643381896	483	7
5817	4	0.317962081859158	0	9	0.865558391226237	0.650714643381896	483	7
5818	1	0.552771540981246	0	9	0.865558391226237	0.650714643381896	483	7
5819	0	-0.0629290561679986	0	9	0.865558391226237	0.650714643381896	483	7
5824	0	0.160072702398036	0	9	0.865558391226237	0.650714643381896	483	7
5825	6	-0.0907061094743395	0	9	0.865558391226237	0.650714643381896	483	7
5826	6	0.162693198895093	0	9	0.865558391226237	0.650714643381896	483	7
5827	2	0.0765379057329823	0	9	0.865558391226237	0.650714643381896	483	7
5828	3	0.138782719705834	0	9	0.865558391226237	0.650714643381896	483	7
5829	0	0.412848796944334	0	9	0.865558391226237	0.650714643381896	483	7
5830	7	0.281825181431034	0	9	0.865558391226237	0.650714643381896	483	7
5831	1	0.569795315135897	0	9	0.865558391226237	0.650714643381896	483	7
5832	3	0.568144449290876	0	9	0.865558391226237	0.650714643381896	483	7
5833	2	0.205992283074712	0	9	0.865558391226237	0.650714643381896	483	7
5834	2	0.383403571935558	0	9	0.865558391226237	0.650714643381896	483	7
5836	0	0.42630924128547	0	9	0.865558391226237	0.650714643381896	483	7
5837	1	0.491251599369446	0	9	0.865558391226237	0.650714643381896	483	7
5858	1	0.571566379872482	0	9	0.865558391226237	0.650714643381896	483	7
5860	6	-0.163163844800815	0	9	0.865558391226237	0.650714643381896	483	7
5861	3	0.205838615885769	0	9	0.865558391226237	0.650714643381896	483	7
5862	0	0.322256769122528	0	9	0.865558391226237	0.650714643381896	483	7
5864	1	0.502811258648969	0	9	0.865558391226237	0.650714643381896	483	7
5865	1	0.510083374514564	0	9	0.865558391226237	0.650714643381896	483	7
5866	1	0.321910515679855	0	9	0.865558391226237	0.650714643381896	483	7
5868	4	0.186358973426385	0	9	0.865558391226237	0.650714643381896	483	7
5869	0	0.564981840918275	0	9	0.865558391226237	0.650714643381896	483	7
5871	0	0.293453079241623	0	9	0.865558391226237	0.650714643381896	483	7
5873	0	0.353865828765678	0	9	0.865558391226237	0.650714643381896	483	7
5874	0	0.112393066463127	0	9	0.865558391226237	0.650714643381896	483	7
5875	0	0.0994470028931556	0	9	0.865558391226237	0.650714643381896	483	7
5877	0	0.459021157683612	0	9	0.865558391226237	0.650714643381896	483	7
5878	2	0.261209513509693	0	9	0.865558391226237	0.650714643381896	483	7
5879	4	0.0497155225046815	0	9	0.865558391226237	0.650714643381896	483	7
5880	5	0.812246849266701	1	9	0.865558391226237	0.650714643381896	483	7
5881	1	0.44436219219228	0	9	0.865558391226237	0.650714643381896	483	7
5883	2	0.465985141315005	0	9	0.865558391226237	0.650714643381896	483	7
5884	3	0.532088318888751	0	9	0.865558391226237	0.650714643381896	483	7
5886	2	0.534074611578533	0	9	0.865558391226237	0.650714643381896	483	7
5887	3	0.311041146080508	0	9	0.865558391226237	0.650714643381896	483	7
5889	0	0.103053324540833	0	9	0.865558391226237	0.650714643381896	483	7
5890	0	0.509682911387862	0	9	0.865558391226237	0.650714643381896	483	7
5891	0	0.376476846271927	0	9	0.865558391226237	0.650714643381896	483	7
5892	0	0.6096223205214	0	9	0.865558391226237	0.650714643381896	483	7
5894	3	0.115444846997481	0	9	0.865558391226237	0.650714643381896	483	7
5896	0	0.458580236541523	0	9	0.865558391226237	0.650714643381896	483	7
5898	0	0.381482547787101	0	9	0.865558391226237	0.650714643381896	483	7
5899	0	0.549256931163798	0	9	0.865558391226237	0.650714643381896	483	7
5900	1	0.475389835047432	0	9	0.865558391226237	0.650714643381896	483	7
5901	4	0.33031677366491	0	9	0.865558391226237	0.650714643381896	483	7
5902	1	0.635265900665944	0	9	0.865558391226237	0.650714643381896	483	7
5903	3	0.508292793705114	0	9	0.865558391226237	0.650714643381896	483	7
5905	0	0.128721089243301	0	9	0.865558391226237	0.650714643381896	483	7
5906	0	-0.0107053416140146	0	9	0.865558391226237	0.650714643381896	483	7
5909	7	0.289642621821817	0	9	0.865558391226237	0.650714643381896	483	7
5910	3	0.426009116776081	0	9	0.865558391226237	0.650714643381896	483	7
5911	0	0.17359818887905	0	9	0.865558391226237	0.650714643381896	483	7
5912	5	0.576829013420179	1	9	0.865558391226237	0.650714643381896	483	7
5913	1	0.665207973445583	0	9	0.865558391226237	0.650714643381896	483	7
5914	0	0.367996778536314	0	9	0.865558391226237	0.650714643381896	483	7
5915	0	0.396286939415071	0	9	0.865558391226237	0.650714643381896	483	7
5916	0	0.495870668367321	0	9	0.865558391226237	0.650714643381896	483	7
5917	3	0.269821680173387	0	9	0.865558391226237	0.650714643381896	483	7
5918	5	0.726107786059577	1	9	0.865558391226237	0.650714643381896	483	7
5919	2	0.18914000577889	0	9	0.865558391226237	0.650714643381896	483	7
5920	5	0.577181863384114	1	9	0.865558391226237	0.650714643381896	483	7
5921	3	0.277922852093978	0	9	0.865558391226237	0.650714643381896	483	7
5922	1	0.665632789812158	0	9	0.865558391226237	0.650714643381896	483	7
5923	1	0.296937820240545	0	9	0.865558391226237	0.650714643381896	483	7
5925	0	0.395606111797568	0	9	0.865558391226237	0.650714643381896	483	7
5926	0	0.268672463582825	0	9	0.865558391226237	0.650714643381896	483	7
5927	5	0.571602667159146	1	9	0.865558391226237	0.650714643381896	483	7
5929	0	0.406834929249842	0	9	0.865558391226237	0.650714643381896	483	7
5930	4	0.202428192753071	0	9	0.865558391226237	0.650714643381896	483	7
5931	3	0.189796138747868	0	9	0.865558391226237	0.650714643381896	483	7
5933	0	0.417305344399995	0	9	0.865558391226237	0.650714643381896	483	7
5934	0	0.218650640546442	0	9	0.865558391226237	0.650714643381896	483	7
5935	0	0.187581948852116	0	9	0.865558391226237	0.650714643381896	483	7
5939	1	0.393873018431992	0	9	0.865558391226237	0.650714643381896	483	7
5947	0	0.57973522335011	0	9	0.865558391226237	0.650714643381896	483	7
5950	4	0.135337952427184	0	9	0.865558391226237	0.650714643381896	483	7
5955	3	0.147604789083296	0	9	0.865558391226237	0.650714643381896	483	7
5961	0	0.317450254877744	0	9	0.865558391226237	0.650714643381896	483	7
5962	0	0.00933920234391577	0	9	0.865558391226237	0.650714643381896	483	7
5965	3	0.552745266584363	0	9	0.865558391226237	0.650714643381896	483	7
5966	0	0.506179977667485	0	9	0.865558391226237	0.650714643381896	483	7
5967	0	0.40894046240956	0	9	0.865558391226237	0.650714643381896	483	7
5970	1	0.635413816933996	0	9	0.865558391226237	0.650714643381896	483	7
5971	0	0.600511480350804	0	9	0.865558391226237	0.650714643381896	483	7
5972	0	0.172112484931633	0	9	0.865558391226237	0.650714643381896	483	7
5973	2	0.241947055943556	0	9	0.865558391226237	0.650714643381896	483	7
5976	0	0.494703115790083	0	9	0.865558391226237	0.650714643381896	483	7
5977	1	0.492668395895216	0	9	0.865558391226237	0.650714643381896	483	7
5978	3	0.129874393726836	0	9	0.865558391226237	0.650714643381896	483	7
5979	5	0.730380035459341	1	9	0.865558391226237	0.650714643381896	483	7
5980	3	0.476465180056158	0	9	0.865558391226237	0.650714643381896	483	7
5981	1	0.402266340148665	0	9	0.865558391226237	0.650714643381896	483	7
5982	0	0.545949435104367	0	9	0.865558391226237	0.650714643381896	483	7
5983	0	0.435375674019533	0	9	0.865558391226237	0.650714643381896	483	7
5984	0	0.490122380248683	0	9	0.865558391226237	0.650714643381896	483	7
5985	1	0.575997542067248	0	9	0.865558391226237	0.650714643381896	483	7
5986	2	0.305414161861792	0	9	0.865558391226237	0.650714643381896	483	7
5989	0	0.434938014419453	0	9	0.865558391226237	0.650714643381896	483	7
5990	1	0.503603479723038	0	9	0.865558391226237	0.650714643381896	483	7
5991	0	0.300917605095343	0	9	0.865558391226237	0.650714643381896	483	7
5993	1	0.527480759929493	0	9	0.865558391226237	0.650714643381896	483	7
5994	0	0.604231870422964	0	9	0.865558391226237	0.650714643381896	483	7
5996	5	0.562021858963709	1	9	0.865558391226237	0.650714643381896	483	7
5997	4	0.189307815978716	0	9	0.865558391226237	0.650714643381896	483	7
5998	2	0.481043239661984	0	9	0.865558391226237	0.650714643381896	483	7
5999	0	0.512791408903261	0	9	0.865558391226237	0.650714643381896	483	7
6000	0	0.389240517953909	0	9	0.865558391226237	0.650714643381896	483	7
6001	4	0.440080417854259	0	9	0.865558391226237	0.650714643381896	483	7
6002	1	0.55701076638728	0	9	0.865558391226237	0.650714643381896	483	7
6004	5	0.689155637336097	1	9	0.865558391226237	0.650714643381896	483	7
6007	1	0.535187346573513	0	9	0.865558391226237	0.650714643381896	483	7
6009	3	0.47219699363936	0	9	0.865558391226237	0.650714643381896	483	7
6016	0	0.214896392760967	0	9	0.865558391226237	0.650714643381896	483	7
6018	4	0.357526754590931	0	9	0.865558391226237	0.650714643381896	483	7
6035	1	0.429629694455025	0	9	0.865558391226237	0.650714643381896	483	7
6039	5	0.845191767079471	1	9	0.865558391226237	0.650714643381896	483	7
6041	0	0.29684463504285	0	9	0.865558391226237	0.650714643381896	483	7
6045	0	0.208765541169263	0	9	0.865558391226237	0.650714643381896	483	7
6046	0	0.349651295777479	0	9	0.865558391226237	0.650714643381896	483	7
6047	3	0.45423896878399	0	9	0.865558391226237	0.650714643381896	483	7
6049	0	0.150193654721616	0	9	0.865558391226237	0.650714643381896	483	7
6050	2	0.224382351400055	0	9	0.865558391226237	0.650714643381896	483	7
6051	6	0.129323013766334	0	9	0.865558391226237	0.650714643381896	483	7
6059	0	0.573223432578209	0	9	0.865558391226237	0.650714643381896	483	7
6091	4	0.145203843238178	0	9	0.865558391226237	0.650714643381896	483	7
6093	3	0.39356064083801	0	9	0.865558391226237	0.650714643381896	483	7
6094	0	-0.178194563825149	0	9	0.865558391226237	0.650714643381896	483	7
6095	0	0.152058818393961	0	9	0.865558391226237	0.650714643381896	483	7
6096	0	0.246317183651843	0	9	0.865558391226237	0.650714643381896	483	7
6097	0	0.373371598953251	0	9	0.865558391226237	0.650714643381896	483	7
6098	0	0.0287931758663793	0	9	0.865558391226237	0.650714643381896	483	7
6102	0	0.269207556284167	0	9	0.865558391226237	0.650714643381896	483	7
6103	0	-0.450325746710922	0	9	0.865558391226237	0.650714643381896	483	7
6117	3	0.462208249230328	0	9	0.865558391226237	0.650714643381896	483	7
6118	3	0.591506058479632	0	9	0.865558391226237	0.650714643381896	483	7
6119	7	-0.052429390398605	0	9	0.865558391226237	0.650714643381896	483	7
6123	1	0.351537918221561	0	9	0.865558391226237	0.650714643381896	483	7
6132	2	0.344748604607026	0	9	0.865558391226237	0.650714643381896	483	7
6135	2	0.378455576706292	0	9	0.865558391226237	0.650714643381896	483	7
6138	2	0.703003143252738	0	9	0.865558391226237	0.650714643381896	483	7
6146	7	0.459764037749873	0	9	0.865558391226237	0.650714643381896	483	7
6150	2	0.0878425774319874	0	9	0.865558391226237	0.650714643381896	483	7
6156	2	0.214117803584979	0	9	0.865558391226237	0.650714643381896	483	7
6160	7	0.480451283748059	0	9	0.865558391226237	0.650714643381896	483	7
6165	7	0.51610849400275	0	9	0.865558391226237	0.650714643381896	483	7
6168	6	0.351933694148176	0	9	0.865558391226237	0.650714643381896	483	7
6169	0	0.312942566018538	0	9	0.865558391226237	0.650714643381896	483	7
6182	2	0.581803877670247	0	9	0.865558391226237	0.650714643381896	483	7
6183	2	0.604481334143841	0	9	0.865558391226237	0.650714643381896	483	7
6184	6	-0.0497922228982443	0	9	0.865558391226237	0.650714643381896	483	7
6185	3	0.181226409039909	0	9	0.865558391226237	0.650714643381896	483	7
6188	2	0.569334352961677	0	9	0.865558391226237	0.650714643381896	483	7
6192	0	-0.0286323914467168	0	9	0.865558391226237	0.650714643381896	483	7
6194	2	0.462669538102883	0	9	0.865558391226237	0.650714643381896	483	7
6195	2	0.532350811751675	0	9	0.865558391226237	0.650714643381896	483	7
6196	0	0.440955723655315	0	9	0.865558391226237	0.650714643381896	483	7
6197	2	0.51692807586324	0	9	0.865558391226237	0.650714643381896	483	7
6198	0	0.603514806405347	0	9	0.865558391226237	0.650714643381896	483	7
6199	0	0.397034821952333	0	9	0.865558391226237	0.650714643381896	483	7
6208	7	0.442071514580108	0	9	0.865558391226237	0.650714643381896	483	7
6217	2	0.410922805517707	0	9	0.865558391226237	0.650714643381896	483	7
6223	2	0.524430868481422	0	9	0.865558391226237	0.650714643381896	483	7
6227	2	0.49864901036751	0	9	0.865558391226237	0.650714643381896	483	7
6228	2	0.501206632030709	0	9	0.865558391226237	0.650714643381896	483	7
6229	2	0.655769197419692	0	9	0.865558391226237	0.650714643381896	483	7
6236	0	0.319820791320324	0	9	0.865558391226237	0.650714643381896	483	7
6237	0	0.181899648082335	0	9	0.865558391226237	0.650714643381896	483	7
6238	7	0.363833197363694	0	9	0.865558391226237	0.650714643381896	483	7
6239	1	0.643816610599743	0	9	0.865558391226237	0.650714643381896	483	7
6241	5	0.788179596483196	1	9	0.865558391226237	0.650714643381896	483	7
6249	3	0.423667092483709	0	9	0.865558391226237	0.650714643381896	483	7
6251	0	0.355156038586921	0	9	0.865558391226237	0.650714643381896	483	7
6252	0	0.338887243610492	0	9	0.865558391226237	0.650714643381896	483	7
6253	2	0.654008338612196	0	9	0.865558391226237	0.650714643381896	483	7
6256	0	0.397928448194018	0	9	0.865558391226237	0.650714643381896	483	7
6259	0	0.552623919382705	0	9	0.865558391226237	0.650714643381896	483	7
6261	0	0.349789892011662	0	9	0.865558391226237	0.650714643381896	483	7
6262	0	0.0260551242017949	0	9	0.865558391226237	0.650714643381896	483	7
6263	4	-0.0238650272209817	0	9	0.865558391226237	0.650714643381896	483	7
6271	0	0.329328976527544	0	9	0.865558391226237	0.650714643381896	483	7
6272	0	0.226344541865884	0	9	0.865558391226237	0.650714643381896	483	7
6273	5	0.570050647481451	1	9	0.865558391226237	0.650714643381896	483	7
6274	0	0.326669627562283	0	9	0.865558391226237	0.650714643381896	483	7
6275	5	0.625583217887041	1	9	0.865558391226237	0.650714643381896	483	7
6277	2	0.353933729058031	0	9	0.865558391226237	0.650714643381896	483	7
6279	1	0.44390735011429	0	9	0.865558391226237	0.650714643381896	483	7
6280	0	0.185994017166569	0	9	0.865558391226237	0.650714643381896	483	7
6281	2	0.33201419563532	0	9	0.865558391226237	0.650714643381896	483	7
6282	2	0.368198445784097	0	9	0.865558391226237	0.650714643381896	483	7
6284	2	0.432860021541205	0	9	0.865558391226237	0.650714643381896	483	7
6285	5	0.840947254104156	1	9	0.865558391226237	0.650714643381896	483	7
6294	0	0.595185533383773	0	9	0.865558391226237	0.650714643381896	483	7
6296	6	0.279354024202147	0	9	0.865558391226237	0.650714643381896	483	7
6297	4	0.215266938479881	0	9	0.865558391226237	0.650714643381896	483	7
6299	0	0.194900071698795	0	9	0.865558391226237	0.650714643381896	483	7
6300	5	0.496352941605705	1	9	0.865558391226237	0.650714643381896	483	7
6301	2	0.29514254351167	0	9	0.865558391226237	0.650714643381896	483	7
6302	0	0.149536604372238	0	9	0.865558391226237	0.650714643381896	483	7
6303	6	0.289838576766285	0	9	0.865558391226237	0.650714643381896	483	7
6304	0	0.275222476771026	0	9	0.865558391226237	0.650714643381896	483	7
6305	0	0.271781023451176	0	9	0.865558391226237	0.650714643381896	483	7
6307	0	0.0383111030915588	0	9	0.865558391226237	0.650714643381896	483	7
6309	0	-0.0128324939106502	0	9	0.865558391226237	0.650714643381896	483	7
6310	3	0.541559435505879	0	9	0.865558391226237	0.650714643381896	483	7
6311	4	0.191414143001104	0	9	0.865558391226237	0.650714643381896	483	7
6314	3	0.321139749996996	0	9	0.865558391226237	0.650714643381896	483	7
6319	5	0.689254362033588	1	9	0.865558391226237	0.650714643381896	483	7
6320	1	0.559334672351659	0	9	0.865558391226237	0.650714643381896	483	7
6322	0	-0.197887736663267	0	9	0.865558391226237	0.650714643381896	483	7
6323	0	0.161897656581888	0	9	0.865558391226237	0.650714643381896	483	7
6324	1	0.482811848047969	0	9	0.865558391226237	0.650714643381896	483	7
6326	1	0.690752429040955	0	9	0.865558391226237	0.650714643381896	483	7
6327	1	0.412501338218092	0	9	0.865558391226237	0.650714643381896	483	7
6328	0	0.396969299862491	0	9	0.865558391226237	0.650714643381896	483	7
6329	1	0.339998322714196	0	9	0.865558391226237	0.650714643381896	483	7
6332	1	0.395249973039925	0	9	0.865558391226237	0.650714643381896	483	7
6334	0	0.353057888829141	0	9	0.865558391226237	0.650714643381896	483	7
6335	0	0.263654450827107	0	9	0.865558391226237	0.650714643381896	483	7
6337	7	0.526206197348084	0	9	0.865558391226237	0.650714643381896	483	7
6338	0	0.443436752326322	0	9	0.865558391226237	0.650714643381896	483	7
6339	1	0.377599856368252	0	9	0.865558391226237	0.650714643381896	483	7
6342	6	0.0962785980429871	0	9	0.865558391226237	0.650714643381896	483	7
6343	0	0.243799466437012	0	9	0.865558391226237	0.650714643381896	483	7
6344	7	0.310212951634697	0	9	0.865558391226237	0.650714643381896	483	7
6347	0	0.469709824049077	0	9	0.865558391226237	0.650714643381896	483	7
6352	5	0.850526411258481	1	9	0.865558391226237	0.650714643381896	483	7
6355	5	0.691391040636719	1	9	0.865558391226237	0.650714643381896	483	7
6356	0	0.451327879725119	0	9	0.865558391226237	0.650714643381896	483	7
6357	1	0.555706003795521	0	9	0.865558391226237	0.650714643381896	483	7
6361	1	0.586651588430315	0	9	0.865558391226237	0.650714643381896	483	7
6363	5	0.796417404665393	1	9	0.865558391226237	0.650714643381896	483	7
6364	1	0.563595331407708	0	9	0.865558391226237	0.650714643381896	483	7
6366	0	0.623352817792196	0	9	0.865558391226237	0.650714643381896	483	7
6367	1	0.544828988183177	0	9	0.865558391226237	0.650714643381896	483	7
6372	5	0.63980452071167	1	9	0.865558391226237	0.650714643381896	483	7
6376	4	0.252380669321435	0	9	0.865558391226237	0.650714643381896	483	7
6382	6	0.215081248237341	0	9	0.865558391226237	0.650714643381896	483	7
6383	0	0.103643447204599	0	9	0.865558391226237	0.650714643381896	483	7
6385	0	0.22970338725369	0	9	0.865558391226237	0.650714643381896	483	7
6386	0	0.522920396491612	0	9	0.865558391226237	0.650714643381896	483	7
6387	0	0.334127933099013	0	9	0.865558391226237	0.650714643381896	483	7
6388	0	0.0254403269194294	0	9	0.865558391226237	0.650714643381896	483	7
6390	7	0.00953412493840666	0	9	0.865558391226237	0.650714643381896	483	7
6392	1	0.570911751935382	0	9	0.865558391226237	0.650714643381896	483	7
6396	2	0.423388500399541	0	9	0.865558391226237	0.650714643381896	483	7
6398	0	0.396764761219931	0	9	0.865558391226237	0.650714643381896	483	7
6399	3	0.34559502837548	0	9	0.865558391226237	0.650714643381896	483	7
6400	4	0.300028753677573	0	9	0.865558391226237	0.650714643381896	483	7
6401	0	0.584408767699132	0	9	0.865558391226237	0.650714643381896	483	7
6402	5	0.631336300063716	1	9	0.865558391226237	0.650714643381896	483	7
6403	0	0.341147668790376	0	9	0.865558391226237	0.650714643381896	483	7
6404	5	0.672988006996725	1	9	0.865558391226237	0.650714643381896	483	7
6405	1	0.477284889458902	0	9	0.865558391226237	0.650714643381896	483	7
6414	6	0.0243717604069967	0	9	0.865558391226237	0.650714643381896	483	7
6415	2	0.358060872359129	0	9	0.865558391226237	0.650714643381896	483	7
6416	3	0.403553946493392	0	9	0.865558391226237	0.650714643381896	483	7
6418	0	0.506844099352601	0	9	0.865558391226237	0.650714643381896	483	7
6419	0	0.408296539408747	0	9	0.865558391226237	0.650714643381896	483	7
6422	2	0.484273613332461	0	9	0.865558391226237	0.650714643381896	483	7
6424	0	0.130304547336542	0	9	0.865558391226237	0.650714643381896	483	7
6426	3	0.3958709510411	0	9	0.865558391226237	0.650714643381896	483	7
6428	0	0.313447155963271	0	9	0.865558391226237	0.650714643381896	483	7
6429	0	0.353758218093561	0	9	0.865558391226237	0.650714643381896	483	7
6430	3	0.0546983660945681	0	9	0.865558391226237	0.650714643381896	483	7
6431	0	0.402706482670217	0	9	0.865558391226237	0.650714643381896	483	7
6432	0	0.284818340947735	0	9	0.865558391226237	0.650714643381896	483	7
6433	4	0.376024271194175	0	9	0.865558391226237	0.650714643381896	483	7
6434	0	0.503201775925869	0	9	0.865558391226237	0.650714643381896	483	7
6439	0	0.472781461169341	0	9	0.865558391226237	0.650714643381896	483	7
6441	0	0.22043062928071	0	9	0.865558391226237	0.650714643381896	483	7
6442	1	0.652143457406519	0	9	0.865558391226237	0.650714643381896	483	7
6443	0	0.141721992113792	0	9	0.865558391226237	0.650714643381896	483	7
6444	0	0.395690169067795	0	9	0.865558391226237	0.650714643381896	483	7
6446	4	0.168175451814152	0	9	0.865558391226237	0.650714643381896	483	7
6448	0	0.320044467260025	0	9	0.865558391226237	0.650714643381896	483	7
6449	2	0.420240758339411	0	9	0.865558391226237	0.650714643381896	483	7
6451	3	0.357714437301956	0	9	0.865558391226237	0.650714643381896	483	7
6452	0	0.45027326037596	0	9	0.865558391226237	0.650714643381896	483	7
6453	1	0.523421940102115	0	9	0.865558391226237	0.650714643381896	483	7
6455	1	0.556037562395588	0	9	0.865558391226237	0.650714643381896	483	7
6456	2	0.371862468774916	0	9	0.865558391226237	0.650714643381896	483	7
6457	1	0.567511131541012	0	9	0.865558391226237	0.650714643381896	483	7
6461	2	0.451812770051831	0	9	0.865558391226237	0.650714643381896	483	7
6462	0	0.219609927324085	0	9	0.865558391226237	0.650714643381896	483	7
6464	0	0.575012391319038	0	9	0.865558391226237	0.650714643381896	483	7
6468	2	0.392886284589711	0	9	0.865558391226237	0.650714643381896	483	7
6469	5	0.684540811452201	1	9	0.865558391226237	0.650714643381896	483	7
6470	0	0.235238442972318	0	9	0.865558391226237	0.650714643381896	483	7
6472	2	0.403970558989368	0	9	0.865558391226237	0.650714643381896	483	7
6477	4	0.344796566963988	0	9	0.865558391226237	0.650714643381896	483	7
6478	3	0.567125586139114	0	9	0.865558391226237	0.650714643381896	483	7
6480	1	0.40996834580594	0	9	0.865558391226237	0.650714643381896	483	7
6482	3	0.209523360789121	0	9	0.865558391226237	0.650714643381896	483	7
6483	1	0.502595206180648	0	9	0.865558391226237	0.650714643381896	483	7
6484	0	-0.0318431761234685	0	9	0.865558391226237	0.650714643381896	483	7
6489	0	0.492698811423281	0	9	0.865558391226237	0.650714643381896	483	7
6490	1	0.555672900063868	0	9	0.865558391226237	0.650714643381896	483	7
6491	0	0.480688256327779	0	9	0.865558391226237	0.650714643381896	483	7
6492	0	0.537764347912806	0	9	0.865558391226237	0.650714643381896	483	7
6493	1	0.289730348913796	0	9	0.865558391226237	0.650714643381896	483	7
6494	1	0.548341708650006	0	9	0.865558391226237	0.650714643381896	483	7
6497	4	0.408685841882287	0	9	0.865558391226237	0.650714643381896	483	7
6498	4	0.370212288260891	0	9	0.865558391226237	0.650714643381896	483	7
6500	4	0.179994575990298	0	9	0.865558391226237	0.650714643381896	483	7
6502	0	0.5293349294848	0	9	0.865558391226237	0.650714643381896	483	7
6503	5	0.646586015696319	1	9	0.865558391226237	0.650714643381896	483	7
6504	5	0.781489011118331	1	9	0.865558391226237	0.650714643381896	483	7
6505	0	0.250394712309141	0	9	0.865558391226237	0.650714643381896	483	7
6506	1	0.472611544942969	0	9	0.865558391226237	0.650714643381896	483	7
6507	5	0.614811412506987	1	9	0.865558391226237	0.650714643381896	483	7
6508	1	0.417846773302148	0	9	0.865558391226237	0.650714643381896	483	7
6509	0	0.230658292623113	0	9	0.865558391226237	0.650714643381896	483	7
6510	0	0.450871393688207	0	9	0.865558391226237	0.650714643381896	483	7
6512	1	0.395303009137627	0	9	0.865558391226237	0.650714643381896	483	7
6513	0	0.537422404532259	0	9	0.865558391226237	0.650714643381896	483	7
6514	0	0.143291962624239	0	9	0.865558391226237	0.650714643381896	483	7
6515	0	0.0445266828411868	0	9	0.865558391226237	0.650714643381896	483	7
6517	0	0.31795459816303	0	9	0.865558391226237	0.650714643381896	483	7
6518	0	0.281271735557069	0	9	0.865558391226237	0.650714643381896	483	7
6519	7	0.0757175696570619	0	9	0.865558391226237	0.650714643381896	483	7
6520	6	-0.0984838251134673	0	9	0.865558391226237	0.650714643381896	483	7
6521	0	0.163529718327641	0	9	0.865558391226237	0.650714643381896	483	7
6522	6	0.129432701044527	0	9	0.865558391226237	0.650714643381896	483	7
6523	0	-0.0317870491919049	0	9	0.865558391226237	0.650714643381896	483	7
6524	6	0.00553682683168107	0	9	0.865558391226237	0.650714643381896	483	7
6525	2	0.445185242660953	0	9	0.865558391226237	0.650714643381896	483	7
6527	1	0.389105789735352	0	9	0.865558391226237	0.650714643381896	483	7
6529	1	0.651472765217511	0	9	0.865558391226237	0.650714643381896	483	7
6531	0	0.335682870969136	0	9	0.865558391226237	0.650714643381896	483	7
6532	1	0.317641224660907	0	9	0.865558391226237	0.650714643381896	483	7
6533	0	0.150353905194076	0	9	0.865558391226237	0.650714643381896	483	7
6535	2	0.526987843783606	0	9	0.865558391226237	0.650714643381896	483	7
6536	0	0.336211487023936	0	9	0.865558391226237	0.650714643381896	483	7
6539	6	0.176674929742317	0	9	0.865558391226237	0.650714643381896	483	7
6540	6	-0.0323793165712937	0	9	0.865558391226237	0.650714643381896	483	7
6541	0	0.212108420778003	0	9	0.865558391226237	0.650714643381896	483	7
6542	0	0.34138560396525	0	9	0.865558391226237	0.650714643381896	483	7
6546	0	0.256154544721072	0	9	0.865558391226237	0.650714643381896	483	7
6548	0	0.300191989969794	0	9	0.865558391226237	0.650714643381896	483	7
6549	0	0.595890767823999	0	9	0.865558391226237	0.650714643381896	483	7
6550	7	0.129812466027057	0	9	0.865558391226237	0.650714643381896	483	7
6553	1	0.549269471973696	0	9	0.865558391226237	0.650714643381896	483	7
6554	0	0.181889423271179	0	9	0.865558391226237	0.650714643381896	483	7
6555	0	0.049849667330535	0	9	0.865558391226237	0.650714643381896	483	7
6556	1	0.453108844525287	0	9	0.865558391226237	0.650714643381896	483	7
6557	0	0.161866072470048	0	9	0.865558391226237	0.650714643381896	483	7
6558	0	0.375082232479361	0	9	0.865558391226237	0.650714643381896	483	7
6559	6	0.152104718735617	0	9	0.865558391226237	0.650714643381896	483	7
6561	6	0.0965390209864044	0	9	0.865558391226237	0.650714643381896	483	7
6563	4	0.228247460466976	0	9	0.865558391226237	0.650714643381896	483	7
6564	3	0.573018634827172	0	9	0.865558391226237	0.650714643381896	483	7
6565	0	0.48412406164949	0	9	0.865558391226237	0.650714643381896	483	7
6566	0	0.340762389140276	0	9	0.865558391226237	0.650714643381896	483	7
6567	0	0.203876033509722	0	9	0.865558391226237	0.650714643381896	483	7
6568	6	-0.0354873696090818	0	9	0.865558391226237	0.650714643381896	483	7
6569	6	-0.114339666343627	0	9	0.865558391226237	0.650714643381896	483	7
6571	5	0.644312439885003	1	9	0.865558391226237	0.650714643381896	483	7
6573	0	0.623225181680482	0	9	0.865558391226237	0.650714643381896	483	7
6574	0	0.532702695511163	0	9	0.865558391226237	0.650714643381896	483	7
6575	0	0.41810061819418	0	9	0.865558391226237	0.650714643381896	483	7
6576	6	0.228105953066676	0	9	0.865558391226237	0.650714643381896	483	7
6578	4	0.359601117864443	0	9	0.865558391226237	0.650714643381896	483	7
6579	0	-0.0355191756884869	0	9	0.865558391226237	0.650714643381896	483	7
6580	0	0.472124991022779	0	9	0.865558391226237	0.650714643381896	483	7
6581	0	0.280189064390453	0	9	0.865558391226237	0.650714643381896	483	7
6582	6	0.323240980210903	0	9	0.865558391226237	0.650714643381896	483	7
6583	3	0.259059917868227	0	9	0.865558391226237	0.650714643381896	483	7
6584	6	-0.0498308183220519	0	9	0.865558391226237	0.650714643381896	483	7
6585	1	0.547976715796649	0	9	0.865558391226237	0.650714643381896	483	7
6586	0	0.370243372061133	0	9	0.865558391226237	0.650714643381896	483	7
6588	1	0.40747463174601	0	9	0.865558391226237	0.650714643381896	483	7
6590	5	0.562035322516941	1	9	0.865558391226237	0.650714643381896	483	7
6591	4	0.433681571204368	0	9	0.865558391226237	0.650714643381896	483	7
6594	0	0.218930370918866	0	9	0.865558391226237	0.650714643381896	483	7
6595	0	0.386758550225539	0	9	0.865558391226237	0.650714643381896	483	7
6596	3	0.164969308037817	0	9	0.865558391226237	0.650714643381896	483	7
6597	1	0.551713802657124	0	9	0.865558391226237	0.650714643381896	483	7
6598	0	0.53154329178339	0	9	0.865558391226237	0.650714643381896	483	7
6599	3	0.566514699342962	0	9	0.865558391226237	0.650714643381896	483	7
6601	0	0.306125581179615	0	9	0.865558391226237	0.650714643381896	483	7
6602	1	0.49015965285886	0	9	0.865558391226237	0.650714643381896	483	7
6603	5	0.599687440385391	1	9	0.865558391226237	0.650714643381896	483	7
6604	0	0.280931575756086	0	9	0.865558391226237	0.650714643381896	483	7
6605	4	0.429988191855163	0	9	0.865558391226237	0.650714643381896	483	7
6608	0	0.343514259430185	0	9	0.865558391226237	0.650714643381896	483	7
6609	0	0.491476479588576	0	9	0.865558391226237	0.650714643381896	483	7
6610	0	0.485958685373984	0	9	0.865558391226237	0.650714643381896	483	7
6612	2	0.407703259971886	0	9	0.865558391226237	0.650714643381896	483	7
6614	0	0.597573695483271	0	9	0.865558391226237	0.650714643381896	483	7
6615	1	0.226368763387182	0	9	0.865558391226237	0.650714643381896	483	7
6616	1	0.543629880565353	0	9	0.865558391226237	0.650714643381896	483	7
6617	0	0.533213291713276	0	9	0.865558391226237	0.650714643381896	483	7
6618	1	0.340664664819985	0	9	0.865558391226237	0.650714643381896	483	7
6619	4	0.202904275907221	0	9	0.865558391226237	0.650714643381896	483	7
6621	0	0.425996345526743	0	9	0.865558391226237	0.650714643381896	483	7
6622	0	-0.0709703514841871	0	9	0.865558391226237	0.650714643381896	483	7
6623	5	0.730984022349965	1	9	0.865558391226237	0.650714643381896	483	7
6625	7	0.0730284082928303	0	9	0.865558391226237	0.650714643381896	483	7
6626	2	0.38023557812183	0	9	0.865558391226237	0.650714643381896	483	7
6628	2	0.440854488351279	0	9	0.865558391226237	0.650714643381896	483	7
6629	3	0.528868181132231	0	9	0.865558391226237	0.650714643381896	483	7
6631	4	0.450810874054323	0	9	0.865558391226237	0.650714643381896	483	7
6632	4	0.127498229050041	0	9	0.865558391226237	0.650714643381896	483	7
6633	2	0.465845745314409	0	9	0.865558391226237	0.650714643381896	483	7
6634	7	0.371706626695807	0	9	0.865558391226237	0.650714643381896	483	7
6636	0	0.454411856011484	0	9	0.865558391226237	0.650714643381896	483	7
6640	2	0.115998572516319	0	9	0.865558391226237	0.650714643381896	483	7
6641	1	0.597582465135227	0	9	0.865558391226237	0.650714643381896	483	7
6642	1	0.319845612217615	0	9	0.865558391226237	0.650714643381896	483	7
6643	0	0.625515861825359	0	9	0.865558391226237	0.650714643381896	483	7
6645	1	0.537196258148579	0	9	0.865558391226237	0.650714643381896	483	7
6646	2	0.376807336175362	0	9	0.865558391226237	0.650714643381896	483	7
6647	6	-0.0756525894941592	0	9	0.865558391226237	0.650714643381896	483	7
6649	7	0.386382928718053	0	9	0.865558391226237	0.650714643381896	483	7
6651	0	0.307806044001104	0	9	0.865558391226237	0.650714643381896	483	7
6653	2	0.52409906615186	0	9	0.865558391226237	0.650714643381896	483	7
6654	0	0.330061012767099	0	9	0.865558391226237	0.650714643381896	483	7
6655	0	0.253635559726619	0	9	0.865558391226237	0.650714643381896	483	7
6659	5	0.754580216516948	1	9	0.865558391226237	0.650714643381896	483	7
6660	0	0.425678116941089	0	9	0.865558391226237	0.650714643381896	483	7
6662	5	0.666693767971318	1	9	0.865558391226237	0.650714643381896	483	7
6663	1	0.542875134602204	0	9	0.865558391226237	0.650714643381896	483	7
6666	2	0.441570922141652	0	9	0.865558391226237	0.650714643381896	483	7
6667	1	0.408192381763728	0	9	0.865558391226237	0.650714643381896	483	7
6668	1	0.606846916066661	0	9	0.865558391226237	0.650714643381896	483	7
6670	0	0.597181781328184	0	9	0.865558391226237	0.650714643381896	483	7
6671	1	0.665912629904993	0	9	0.865558391226237	0.650714643381896	483	7
6672	4	0.410187483140388	0	9	0.865558391226237	0.650714643381896	483	7
6674	3	0.502269781185806	0	9	0.865558391226237	0.650714643381896	483	7
6675	3	0.459458179218988	0	9	0.865558391226237	0.650714643381896	483	7
6676	5	0.515591936528378	1	9	0.865558391226237	0.650714643381896	483	7
6678	4	0.329134828666022	0	9	0.865558391226237	0.650714643381896	483	7
6683	0	0.402034037903281	0	9	0.865558391226237	0.650714643381896	483	7
6688	1	0.536448386513347	0	9	0.865558391226237	0.650714643381896	483	7
6689	0	0.429900056547165	0	9	0.865558391226237	0.650714643381896	483	7
6690	0	0.359095629360472	0	9	0.865558391226237	0.650714643381896	483	7
6692	2	0.358647064188465	0	9	0.865558391226237	0.650714643381896	483	7
6693	1	0.614997358584068	0	9	0.865558391226237	0.650714643381896	483	7
6695	4	0.108744375589427	0	9	0.865558391226237	0.650714643381896	483	7
6696	6	0.203414714845367	0	9	0.865558391226237	0.650714643381896	483	7
6697	2	0.5683608191013	0	9	0.865558391226237	0.650714643381896	483	7
6709	1	0.54733674719329	0	9	0.865558391226237	0.650714643381896	483	7
6710	4	0.214057963556635	0	9	0.865558391226237	0.650714643381896	483	7
6711	0	0.346289160584483	0	9	0.865558391226237	0.650714643381896	483	7
6712	0	-0.066148839809364	0	9	0.865558391226237	0.650714643381896	483	7
6713	0	0.137700449195637	0	9	0.865558391226237	0.650714643381896	483	7
6714	0	0.609004331958449	0	9	0.865558391226237	0.650714643381896	483	7
6715	5	0.740394889245912	1	9	0.865558391226237	0.650714643381896	483	7
6717	3	0.444129494690705	0	9	0.865558391226237	0.650714643381896	483	7
6720	0	0.150658004177507	0	9	0.865558391226237	0.650714643381896	483	7
6721	2	0.456538383125399	0	9	0.865558391226237	0.650714643381896	483	7
6722	0	0.455594095982914	0	9	0.865558391226237	0.650714643381896	483	7
6723	0	0.33824774573512	0	9	0.865558391226237	0.650714643381896	483	7
6726	3	0.192217793360543	0	9	0.865558391226237	0.650714643381896	483	7
6727	2	0.24230873476618	0	9	0.865558391226237	0.650714643381896	483	7
6729	3	0.457632536042254	0	9	0.865558391226237	0.650714643381896	483	7
6731	0	0.545868975964621	0	9	0.865558391226237	0.650714643381896	483	7
6732	0	0.439970844898225	0	9	0.865558391226237	0.650714643381896	483	7
6733	3	0.619290316284625	0	9	0.865558391226237	0.650714643381896	483	7
6734	7	0.46743895803118	0	9	0.865558391226237	0.650714643381896	483	7
6737	0	0.469132590452111	0	9	0.865558391226237	0.650714643381896	483	7
6738	0	0.0673076321302937	0	9	0.865558391226237	0.650714643381896	483	7
6741	0	0.140331834013838	0	9	0.865558391226237	0.650714643381896	483	7
6742	0	0.226846403311658	0	9	0.865558391226237	0.650714643381896	483	7
6744	3	0.378382276083786	0	9	0.865558391226237	0.650714643381896	483	7
6745	3	0.559657641525257	0	9	0.865558391226237	0.650714643381896	483	7
6746	5	0.629258067842831	1	9	0.865558391226237	0.650714643381896	483	7
6747	4	0.278173910397459	0	9	0.865558391226237	0.650714643381896	483	7
6748	2	0.386561912427477	0	9	0.865558391226237	0.650714643381896	483	7
6749	2	0.46504846652615	0	9	0.865558391226237	0.650714643381896	483	7
6751	0	0.384437611799921	0	9	0.865558391226237	0.650714643381896	483	7
6752	1	0.49317803119725	0	9	0.865558391226237	0.650714643381896	483	7
6755	1	0.499387476839597	0	9	0.865558391226237	0.650714643381896	483	7
6760	0	0.344258161367144	0	9	0.865558391226237	0.650714643381896	483	7
6764	0	0.205755217422686	0	9	0.865558391226237	0.650714643381896	483	7
6767	2	0.559980765626234	0	9	0.865558391226237	0.650714643381896	483	7
6768	5	0.693205019441072	1	9	0.865558391226237	0.650714643381896	483	7
6769	1	0.296312186129798	0	9	0.865558391226237	0.650714643381896	483	7
6770	0	0.332790423904522	0	9	0.865558391226237	0.650714643381896	483	7
6772	0	0.46503596075829	0	9	0.865558391226237	0.650714643381896	483	7
6773	1	0.39829548138025	0	9	0.865558391226237	0.650714643381896	483	7
6774	2	0.564151508081143	0	9	0.865558391226237	0.650714643381896	483	7
6775	0	0.501100349186035	0	9	0.865558391226237	0.650714643381896	483	7
6776	0	0.433085120677892	0	9	0.865558391226237	0.650714643381896	483	7
6777	0	0.437672937663842	0	9	0.865558391226237	0.650714643381896	483	7
6778	7	0.456558924581166	0	9	0.865558391226237	0.650714643381896	483	7
6780	0	-0.00996271936865685	0	9	0.865558391226237	0.650714643381896	483	7
6781	3	0.504304650416016	0	9	0.865558391226237	0.650714643381896	483	7
6782	0	0.217368191879974	0	9	0.865558391226237	0.650714643381896	483	7
6785	0	-0.0542583988096882	0	9	0.865558391226237	0.650714643381896	483	7
6787	0	0.114277152058639	0	9	0.865558391226237	0.650714643381896	483	7
6788	0	0.123326494023424	0	9	0.865558391226237	0.650714643381896	483	7
6789	0	0.315087987516618	0	9	0.865558391226237	0.650714643381896	483	7
6790	5	0.831805640469763	1	9	0.865558391226237	0.650714643381896	483	7
6792	1	0.36822733744206	0	9	0.865558391226237	0.650714643381896	483	7
6793	0	0.556057740394389	0	9	0.865558391226237	0.650714643381896	483	7
6794	0	0.55694666951345	0	9	0.865558391226237	0.650714643381896	483	7
6795	0	0.239717817401521	0	9	0.865558391226237	0.650714643381896	483	7
6799	4	0.318159766303063	0	9	0.865558391226237	0.650714643381896	483	7
6801	0	0.343846064244601	0	9	0.865558391226237	0.650714643381896	483	7
6804	1	0.485578597878543	0	9	0.865558391226237	0.650714643381896	483	7
6809	6	0.188436845326879	0	9	0.865558391226237	0.650714643381896	483	7
6810	2	0.608306326471641	0	9	0.865558391226237	0.650714643381896	483	7
6811	0	0.330327695519645	0	9	0.865558391226237	0.650714643381896	483	7
6812	4	0.185809882565265	0	9	0.865558391226237	0.650714643381896	483	7
6813	2	0.395322826230576	0	9	0.865558391226237	0.650714643381896	483	7
6814	3	0.324959138650804	0	9	0.865558391226237	0.650714643381896	483	7
6819	6	0.14414805216069	0	9	0.865558391226237	0.650714643381896	483	7
6820	0	0.185401729969162	0	9	0.865558391226237	0.650714643381896	483	7
6827	0	-0.043273082833199	0	9	0.865558391226237	0.650714643381896	483	7
6829	0	0.0763088120578327	0	9	0.865558391226237	0.650714643381896	483	7
6830	2	0.213952562977971	0	9	0.865558391226237	0.650714643381896	483	7
6832	0	0.239926038571998	0	9	0.865558391226237	0.650714643381896	483	7
6833	1	0.371422991967577	0	9	0.865558391226237	0.650714643381896	483	7
6834	2	0.507027820826052	0	9	0.865558391226237	0.650714643381896	483	7
6835	0	0.246752920748788	0	9	0.865558391226237	0.650714643381896	483	7
6837	2	0.491860552058611	0	9	0.865558391226237	0.650714643381896	483	7
6839	0	0.270029678903666	0	9	0.865558391226237	0.650714643381896	483	7
6840	1	0.390892114033917	0	9	0.865558391226237	0.650714643381896	483	7
6843	1	0.483685300961885	0	9	0.865558391226237	0.650714643381896	483	7
6844	0	0.171896762598596	0	9	0.865558391226237	0.650714643381896	483	7
6850	5	0.584851851922526	1	9	0.865558391226237	0.650714643381896	483	7
6854	0	0.190726304374371	0	9	0.865558391226237	0.650714643381896	483	7
6855	1	0.240576205104632	0	9	0.865558391226237	0.650714643381896	483	7
6856	6	0.294196638036214	0	9	0.865558391226237	0.650714643381896	483	7
6857	0	0.409571135629564	0	9	0.865558391226237	0.650714643381896	483	7
6863	0	0.466203228273884	0	9	0.865558391226237	0.650714643381896	483	7
6867	4	0.376510528022265	0	9	0.865558391226237	0.650714643381896	483	7
6868	0	0.401557065225725	0	9	0.865558391226237	0.650714643381896	483	7
6869	0	0.348297515762552	0	9	0.865558391226237	0.650714643381896	483	7
6871	0	0.190061762883208	0	9	0.865558391226237	0.650714643381896	483	7
6872	0	0.322352766328367	0	9	0.865558391226237	0.650714643381896	483	7
6873	1	0.354451686452111	0	9	0.865558391226237	0.650714643381896	483	7
6875	1	0.460159464708488	0	9	0.865558391226237	0.650714643381896	483	7
6876	2	0.540526570808762	0	9	0.865558391226237	0.650714643381896	483	7
6877	0	0.139779604000069	0	9	0.865558391226237	0.650714643381896	483	7
6878	0	0.267391626165214	0	9	0.865558391226237	0.650714643381896	483	7
6879	0	0.157172519987751	0	9	0.865558391226237	0.650714643381896	483	7
6881	2	0.0606341696054711	0	9	0.865558391226237	0.650714643381896	483	7
6882	0	0.322384442684767	0	9	0.865558391226237	0.650714643381896	483	7
6883	0	0.490456804341403	0	9	0.865558391226237	0.650714643381896	483	7
6884	0	0.334188279197207	0	9	0.865558391226237	0.650714643381896	483	7
6885	0	0.472209942680046	0	9	0.865558391226237	0.650714643381896	483	7
6886	4	0.174494101804508	0	9	0.865558391226237	0.650714643381896	483	7
6888	2	0.0526032251883568	0	9	0.865558391226237	0.650714643381896	483	7
6891	4	0.377506921976634	0	9	0.865558391226237	0.650714643381896	483	7
6894	4	0.337054765960327	0	9	0.865558391226237	0.650714643381896	483	7
6895	2	0.383280733833088	0	9	0.865558391226237	0.650714643381896	483	7
6897	4	0.327541271513921	0	9	0.865558391226237	0.650714643381896	483	7
6899	1	0.445215635851346	0	9	0.865558391226237	0.650714643381896	483	7
6900	0	0.418733432062071	0	9	0.865558391226237	0.650714643381896	483	7
6901	1	0.406569701385559	0	9	0.865558391226237	0.650714643381896	483	7
6902	7	0.0712010225882816	0	9	0.865558391226237	0.650714643381896	483	7
6903	0	0.480945239545061	0	9	0.865558391226237	0.650714643381896	483	7
6904	0	0.145177045109048	0	9	0.865558391226237	0.650714643381896	483	7
6905	0	0.214562791497316	0	9	0.865558391226237	0.650714643381896	483	7
6907	3	0.519732910246432	0	9	0.865558391226237	0.650714643381896	483	7
6908	0	0.3562783329099	0	9	0.865558391226237	0.650714643381896	483	7
6909	2	0.362829770340048	0	9	0.865558391226237	0.650714643381896	483	7
6911	1	0.574004386612292	0	9	0.865558391226237	0.650714643381896	483	7
6915	5	0.621807509811894	1	9	0.865558391226237	0.650714643381896	483	7
6916	4	0.199496608414723	0	9	0.865558391226237	0.650714643381896	483	7
6919	2	0.280463638309445	0	9	0.865558391226237	0.650714643381896	483	7
6921	4	0.381322124805639	0	9	0.865558391226237	0.650714643381896	483	7
6923	7	0.164554774765055	0	9	0.865558391226237	0.650714643381896	483	7
6924	0	0.562066389231992	0	9	0.865558391226237	0.650714643381896	483	7
6925	0	0.36132357080323	0	9	0.865558391226237	0.650714643381896	483	7
6926	4	0.221368325748539	0	9	0.865558391226237	0.650714643381896	483	7
6927	0	0.0499986777070813	0	9	0.865558391226237	0.650714643381896	483	7
6928	7	0.258326021243309	0	9	0.865558391226237	0.650714643381896	483	7
6929	0	0.263923090586263	0	9	0.865558391226237	0.650714643381896	483	7
6932	1	0.507027026910269	0	9	0.865558391226237	0.650714643381896	483	7
6934	1	0.558227503674918	0	9	0.865558391226237	0.650714643381896	483	7
6936	3	0.369391876864411	0	9	0.865558391226237	0.650714643381896	483	7
6938	1	0.611276218967056	0	9	0.865558391226237	0.650714643381896	483	7
6940	0	0.293505242986103	0	9	0.865558391226237	0.650714643381896	483	7
6942	1	0.298295572858251	0	9	0.865558391226237	0.650714643381896	483	7
6943	4	0.118466807148202	0	9	0.865558391226237	0.650714643381896	483	7
6944	0	-0.0416030443927798	0	9	0.865558391226237	0.650714643381896	483	7
6945	2	0.451528594202717	0	9	0.865558391226237	0.650714643381896	483	7
6947	0	0.487953888687715	0	9	0.865558391226237	0.650714643381896	483	7
6948	6	0.107943440673429	0	9	0.865558391226237	0.650714643381896	483	7
6949	7	0.490306278670721	0	9	0.865558391226237	0.650714643381896	483	7
6988	2	0.233049962594906	0	9	0.865558391226237	0.650714643381896	483	7
6990	4	0.100495339143254	0	9	0.865558391226237	0.650714643381896	483	7
6992	0	0.0342939402302755	0	9	0.865558391226237	0.650714643381896	483	7
6993	0	0.463049322033732	0	9	0.865558391226237	0.650714643381896	483	7
6999	5	0.841354868787715	1	9	0.865558391226237	0.650714643381896	483	7
7001	7	0.1270684720237	0	9	0.865558391226237	0.650714643381896	483	7
7003	0	0.296906042665678	0	9	0.865558391226237	0.650714643381896	483	7
7004	2	0.481085467649505	0	9	0.865558391226237	0.650714643381896	483	7
7005	4	0.117481323923765	0	9	0.865558391226237	0.650714643381896	483	7
7007	1	0.361457219380919	0	9	0.865558391226237	0.650714643381896	483	7
7008	1	0.337668317071053	0	9	0.865558391226237	0.650714643381896	483	7
7009	6	-0.0935460131107619	0	9	0.865558391226237	0.650714643381896	483	7
7010	0	-0.0286881796669206	0	9	0.865558391226237	0.650714643381896	483	7
7011	0	0.415204136169812	0	9	0.865558391226237	0.650714643381896	483	7
7013	3	0.453351691096981	0	9	0.865558391226237	0.650714643381896	483	7
7014	3	0.348011992994056	0	9	0.865558391226237	0.650714643381896	483	7
7018	0	0.083152283877267	0	9	0.865558391226237	0.650714643381896	483	7
7019	0	0.57367376176864	0	9	0.865558391226237	0.650714643381896	483	7
7020	0	0.450456991194513	0	9	0.865558391226237	0.650714643381896	483	7
7021	5	0.473449323871242	1	9	0.865558391226237	0.650714643381896	483	7
7022	4	0.346571933929542	0	9	0.865558391226237	0.650714643381896	483	7
7023	1	0.513971815398881	0	9	0.865558391226237	0.650714643381896	483	7
7024	3	0.581600505210953	0	9	0.865558391226237	0.650714643381896	483	7
7025	2	0.633130279441886	0	9	0.865558391226237	0.650714643381896	483	7
7027	5	0.740278541013538	1	9	0.865558391226237	0.650714643381896	483	7
7029	3	0.359603278443595	0	9	0.865558391226237	0.650714643381896	483	7
7030	0	-0.0444958717847474	0	9	0.865558391226237	0.650714643381896	483	7
7033	1	0.456887602182459	0	9	0.865558391226237	0.650714643381896	483	7
7035	0	0.160116796290753	0	9	0.865558391226237	0.650714643381896	483	7
7037	0	0.356782320489319	0	9	0.865558391226237	0.650714643381896	483	7
7038	0	0.308280111417595	0	9	0.865558391226237	0.650714643381896	483	7
7039	2	0.553777656401168	0	9	0.865558391226237	0.650714643381896	483	7
7040	0	0.382061824836513	0	9	0.865558391226237	0.650714643381896	483	7
7041	0	0.0374768900881921	0	9	0.865558391226237	0.650714643381896	483	7
7042	0	0.401686986452791	0	9	0.865558391226237	0.650714643381896	483	7
7043	1	0.514318967971634	0	9	0.865558391226237	0.650714643381896	483	7
7046	0	0.49304616487133	0	9	0.865558391226237	0.650714643381896	483	7
7048	4	0.183711111538882	0	9	0.865558391226237	0.650714643381896	483	7
7049	0	-0.306672170641678	0	9	0.865558391226237	0.650714643381896	483	7
7050	5	0.614242831730708	1	9	0.865558391226237	0.650714643381896	483	7
7051	0	0.218056164392186	0	9	0.865558391226237	0.650714643381896	483	7
7052	1	0.455327385318262	0	9	0.865558391226237	0.650714643381896	483	7
7056	0	0.0891849899592761	0	9	0.865558391226237	0.650714643381896	483	7
7057	2	0.330946770448123	0	9	0.865558391226237	0.650714643381896	483	7
7058	5	0.877019105017466	1	9	0.865558391226237	0.650714643381896	483	7
7059	1	0.629899149765423	0	9	0.865558391226237	0.650714643381896	483	7
7060	0	0.0683493828635726	0	9	0.865558391226237	0.650714643381896	483	7
7064	5	0.698707200145868	1	9	0.865558391226237	0.650714643381896	483	7
7066	0	0.298541748588015	0	9	0.865558391226237	0.650714643381896	483	7
7067	0	0.35599648628035	0	9	0.865558391226237	0.650714643381896	483	7
7068	1	0.626121862619762	0	9	0.865558391226237	0.650714643381896	483	7
7070	6	-0.0336998496257546	0	9	0.865558391226237	0.650714643381896	483	7
7071	3	0.234336323949744	0	9	0.865558391226237	0.650714643381896	483	7
7072	0	0.230535306266183	0	9	0.865558391226237	0.650714643381896	483	7
7073	7	0.379696789741731	0	9	0.865558391226237	0.650714643381896	483	7
7074	4	0.201705827975367	0	9	0.865558391226237	0.650714643381896	483	7
7075	4	0.415677655441006	0	9	0.865558391226237	0.650714643381896	483	7
7076	2	0.310370173069227	0	9	0.865558391226237	0.650714643381896	483	7
7078	4	0.321245661770486	0	9	0.865558391226237	0.650714643381896	483	7
7079	1	0.475050208871023	0	9	0.865558391226237	0.650714643381896	483	7
7082	4	0.0558539442971095	0	9	0.865558391226237	0.650714643381896	483	7
7083	1	0.729536520262336	0	9	0.865558391226237	0.650714643381896	483	7
7084	0	0.506205043474302	0	9	0.865558391226237	0.650714643381896	483	7
7086	2	0.418040676662685	0	9	0.865558391226237	0.650714643381896	483	7
7087	1	0.594627608084879	0	9	0.865558391226237	0.650714643381896	483	7
7088	1	0.529490827945845	0	9	0.865558391226237	0.650714643381896	483	7
7089	0	0.301837517537356	0	9	0.865558391226237	0.650714643381896	483	7
7090	0	0.493119493005662	0	9	0.865558391226237	0.650714643381896	483	7
7091	1	0.531205477315695	0	9	0.865558391226237	0.650714643381896	483	7
7092	1	0.497471725328638	0	9	0.865558391226237	0.650714643381896	483	7
7093	1	0.45123920974875	0	9	0.865558391226237	0.650714643381896	483	7
7094	6	0.252816436515641	0	9	0.865558391226237	0.650714643381896	483	7
7095	0	0.240930695441682	0	9	0.865558391226237	0.650714643381896	483	7
7096	5	0.797219957893622	1	9	0.865558391226237	0.650714643381896	483	7
7097	5	0.821753033600638	1	9	0.865558391226237	0.650714643381896	483	7
7098	3	0.413883412977677	0	9	0.865558391226237	0.650714643381896	483	7
7099	1	0.390384072667444	0	9	0.865558391226237	0.650714643381896	483	7
7100	1	0.614701724058342	0	9	0.865558391226237	0.650714643381896	483	7
7102	0	0.0675386439884945	0	9	0.865558391226237	0.650714643381896	483	7
7103	1	0.548644839752668	0	9	0.865558391226237	0.650714643381896	483	7
7104	1	0.560937499113775	0	9	0.865558391226237	0.650714643381896	483	7
7105	0	0.277815057031872	0	9	0.865558391226237	0.650714643381896	483	7
7106	2	0.194047022330522	0	9	0.865558391226237	0.650714643381896	483	7
7107	6	0.138579901632671	0	9	0.865558391226237	0.650714643381896	483	7
7108	2	0.362734392031653	0	9	0.865558391226237	0.650714643381896	483	7
7110	1	0.514865307584128	0	9	0.865558391226237	0.650714643381896	483	7
7111	4	0.123654773394552	0	9	0.865558391226237	0.650714643381896	483	7
7112	0	0.379780002284684	0	9	0.865558391226237	0.650714643381896	483	7
7113	0	0.42513802453309	0	9	0.865558391226237	0.650714643381896	483	7
7122	4	0.184945005460445	0	9	0.865558391226237	0.650714643381896	483	7
7125	4	0.224813173815473	0	9	0.865558391226237	0.650714643381896	483	7
7126	3	0.205523845751928	0	9	0.865558391226237	0.650714643381896	483	7
7127	1	0.505718716074328	0	9	0.865558391226237	0.650714643381896	483	7
7128	5	0.543149630490221	1	9	0.865558391226237	0.650714643381896	483	7
7132	2	0.466739938150088	0	9	0.865558391226237	0.650714643381896	483	7
7134	4	0.199709333707286	0	9	0.865558391226237	0.650714643381896	483	7
7135	4	0.147050033400441	0	9	0.865558391226237	0.650714643381896	483	7
7136	1	0.595791316289791	0	9	0.865558391226237	0.650714643381896	483	7
7138	1	0.335067612008784	0	9	0.865558391226237	0.650714643381896	483	7
7139	4	0.10074355104907	0	9	0.865558391226237	0.650714643381896	483	7
7140	0	0.398620453556369	0	9	0.865558391226237	0.650714643381896	483	7
7145	6	0.144549837139341	0	9	0.865558391226237	0.650714643381896	483	7
7148	1	0.645042325931276	0	9	0.865558391226237	0.650714643381896	483	7
7150	3	0.57626534759306	0	9	0.865558391226237	0.650714643381896	483	7
7153	0	0.448484011919803	0	9	0.865558391226237	0.650714643381896	483	7
7156	1	0.456447211874883	0	9	0.865558391226237	0.650714643381896	483	7
7157	5	0.632383045231302	1	9	0.865558391226237	0.650714643381896	483	7
7158	4	0.253322234635934	0	9	0.865558391226237	0.650714643381896	483	7
7159	4	0.196624976547503	0	9	0.865558391226237	0.650714643381896	483	7
7161	1	0.47021265140365	0	9	0.865558391226237	0.650714643381896	483	7
7162	4	0.390718034021193	0	9	0.865558391226237	0.650714643381896	483	7
7163	0	0.258916229404439	0	9	0.865558391226237	0.650714643381896	483	7
7164	5	0.546077605959876	1	9	0.865558391226237	0.650714643381896	483	7
7165	2	0.312916539929565	0	9	0.865558391226237	0.650714643381896	483	7
7167	6	0.0366703674881185	0	9	0.865558391226237	0.650714643381896	483	7
7168	2	0.569611770698889	0	9	0.865558391226237	0.650714643381896	483	7
7169	0	0.495947705285284	0	9	0.865558391226237	0.650714643381896	483	7
7170	0	0.508587453280688	0	9	0.865558391226237	0.650714643381896	483	7
7171	0	0.499321749950318	0	9	0.865558391226237	0.650714643381896	483	7
7172	0	0.13585559608581	0	9	0.865558391226237	0.650714643381896	483	7
7174	5	0.631526769771776	1	9	0.865558391226237	0.650714643381896	483	7
7175	0	0.568136537186508	0	9	0.865558391226237	0.650714643381896	483	7
7181	1	0.465051308219748	0	9	0.865558391226237	0.650714643381896	483	7
7182	0	0.408094963256843	0	9	0.865558391226237	0.650714643381896	483	7
7185	5	0.605014577332535	1	9	0.865558391226237	0.650714643381896	483	7
7186	0	0.233646206177176	0	9	0.865558391226237	0.650714643381896	483	7
7187	4	0.336942494533251	0	9	0.865558391226237	0.650714643381896	483	7
7188	0	0.111386003665509	0	9	0.865558391226237	0.650714643381896	483	7
7189	0	0.485742398744088	0	9	0.865558391226237	0.650714643381896	483	7
7204	0	0.385190277229595	0	9	0.865558391226237	0.650714643381896	483	7
7205	2	0.14307867861497	0	9	0.865558391226237	0.650714643381896	483	7
7216	0	0.570666484060237	0	9	0.865558391226237	0.650714643381896	483	7
7220	0	0.137438440984765	0	9	0.865558391226237	0.650714643381896	483	7
7223	1	0.451046660205882	0	9	0.865558391226237	0.650714643381896	483	7
7224	0	0.224576321393573	0	9	0.865558391226237	0.650714643381896	483	7
7225	4	0.304212915280772	0	9	0.865558391226237	0.650714643381896	483	7
7226	0	0.214539981809738	0	9	0.865558391226237	0.650714643381896	483	7
7227	0	0.248823527975226	0	9	0.865558391226237	0.650714643381896	483	7
7247	3	0.48654922435653	0	9	0.865558391226237	0.650714643381896	483	7
7248	0	0.0705285975773454	0	9	0.865558391226237	0.650714643381896	483	7
7249	0	0.385109468385179	0	9	0.865558391226237	0.650714643381896	483	7
7251	0	0.02458686182196	0	9	0.865558391226237	0.650714643381896	483	7
7253	0	0.349032575210401	0	9	0.865558391226237	0.650714643381896	483	7
7259	3	0.0910249919564289	0	9	0.865558391226237	0.650714643381896	483	7
7260	0	0.345229823170928	0	9	0.865558391226237	0.650714643381896	483	7
7262	5	0.575228695481337	1	9	0.865558391226237	0.650714643381896	483	7
7263	2	0.154396549537756	0	9	0.865558391226237	0.650714643381896	483	7
7264	2	0.513171564375403	0	9	0.865558391226237	0.650714643381896	483	7
7265	0	0.248548459121659	0	9	0.865558391226237	0.650714643381896	483	7
7266	0	0.31538700209824	0	9	0.865558391226237	0.650714643381896	483	7
7270	3	0.521413021394935	0	9	0.865558391226237	0.650714643381896	483	7
7273	0	0.348004160325326	0	9	0.865558391226237	0.650714643381896	483	7
7274	1	0.475207615576271	0	9	0.865558391226237	0.650714643381896	483	7
7275	0	-0.0715013872126516	0	9	0.865558391226237	0.650714643381896	483	7
7276	0	0.504932333222164	0	9	0.865558391226237	0.650714643381896	483	7
7277	2	0.671161118334458	0	9	0.865558391226237	0.650714643381896	483	7
7280	0	-0.142718997723048	0	9	0.865558391226237	0.650714643381896	483	7
7283	2	0.31853148937408	0	9	0.865558391226237	0.650714643381896	483	7
7286	0	0.395995675489065	0	9	0.865558391226237	0.650714643381896	483	7
7288	1	0.399613950243557	0	9	0.865558391226237	0.650714643381896	483	7
7289	0	0.293483535400633	0	9	0.865558391226237	0.650714643381896	483	7
7292	0	0.286524194341627	0	9	0.865558391226237	0.650714643381896	483	7
7293	1	0.692866078655677	0	9	0.865558391226237	0.650714643381896	483	7
7294	0	0.635244169866822	0	9	0.865558391226237	0.650714643381896	483	7
7295	6	0.0839089529228813	0	9	0.865558391226237	0.650714643381896	483	7
7296	3	0.124930168314114	0	9	0.865558391226237	0.650714643381896	483	7
7297	0	-0.0831596166917166	0	9	0.865558391226237	0.650714643381896	483	7
7298	0	0.276225842096057	0	9	0.865558391226237	0.650714643381896	483	7
7301	4	0.350094198810036	0	9	0.865558391226237	0.650714643381896	483	7
7305	5	0.622117981304797	1	9	0.865558391226237	0.650714643381896	483	7
7306	0	0.143466393405491	0	9	0.865558391226237	0.650714643381896	483	7
7311	2	0.549041230439969	0	9	0.865558391226237	0.650714643381896	483	7
7314	4	0.213185841985474	0	9	0.865558391226237	0.650714643381896	483	7
7317	6	0.13473844265473	0	9	0.865558391226237	0.650714643381896	483	7
7319	2	0.452171330718987	0	9	0.865558391226237	0.650714643381896	483	7
7320	3	0.17420312516043	0	9	0.865558391226237	0.650714643381896	483	7
7321	0	0.230910466430464	0	9	0.865558391226237	0.650714643381896	483	7
7322	0	0.359543032103708	0	9	0.865558391226237	0.650714643381896	483	7
7323	3	0.456773873101543	0	9	0.865558391226237	0.650714643381896	483	7
7324	4	0.35016012316106	0	9	0.865558391226237	0.650714643381896	483	7
7326	3	0.314896616850299	0	9	0.865558391226237	0.650714643381896	483	7
7327	0	0.488168869636876	0	9	0.865558391226237	0.650714643381896	483	7
7328	0	0.587315865826108	0	9	0.865558391226237	0.650714643381896	483	7
7329	0	0.271899403297734	0	9	0.865558391226237	0.650714643381896	483	7
7332	2	0.464072130708854	0	9	0.865558391226237	0.650714643381896	483	7
7334	5	0.70497080526388	1	9	0.865558391226237	0.650714643381896	483	7
7336	3	0.241560430083436	0	9	0.865558391226237	0.650714643381896	483	7
7337	0	0.305544504588709	0	9	0.865558391226237	0.650714643381896	483	7
7341	3	0.377439671540932	0	9	0.865558391226237	0.650714643381896	483	7
7342	4	0.432355049255676	0	9	0.865558391226237	0.650714643381896	483	7
7343	0	0.248662677375153	0	9	0.865558391226237	0.650714643381896	483	7
7345	2	0.496089804845137	0	9	0.865558391226237	0.650714643381896	483	7
7347	0	0.0307136031264409	0	9	0.865558391226237	0.650714643381896	483	7
7348	0	0.225777042270463	0	9	0.865558391226237	0.650714643381896	483	7
7351	5	0.684737855558657	1	9	0.865558391226237	0.650714643381896	483	7
7352	1	0.343438470192064	0	9	0.865558391226237	0.650714643381896	483	7
7353	2	0.520768680141077	0	9	0.865558391226237	0.650714643381896	483	7
7355	0	0.468281243314982	0	9	0.865558391226237	0.650714643381896	483	7
7357	0	0.535854919540942	0	9	0.865558391226237	0.650714643381896	483	7
7358	6	0.283906471710236	0	9	0.865558391226237	0.650714643381896	483	7
7360	3	0.122202515166743	0	9	0.865558391226237	0.650714643381896	483	7
7368	1	0.540103875199401	0	9	0.865558391226237	0.650714643381896	483	7
7369	0	-0.0233228484470261	0	9	0.865558391226237	0.650714643381896	483	7
7372	2	0.261332395421643	0	9	0.865558391226237	0.650714643381896	483	7
7373	5	0.695841178055497	1	9	0.865558391226237	0.650714643381896	483	7
7374	3	0.269543647925722	0	9	0.865558391226237	0.650714643381896	483	7
7375	0	0.226880424388693	0	9	0.865558391226237	0.650714643381896	483	7
7376	2	0.372251224642848	0	9	0.865558391226237	0.650714643381896	483	7
7378	5	0.516877446819988	1	9	0.865558391226237	0.650714643381896	483	7
7381	2	0.087832512382341	0	9	0.865558391226237	0.650714643381896	483	7
7384	6	0.150412402644826	0	9	0.865558391226237	0.650714643381896	483	7
7385	6	0.232991269914524	0	9	0.865558391226237	0.650714643381896	483	7
7389	2	0.363347815879814	0	9	0.865558391226237	0.650714643381896	483	7
7390	2	0.405436214602811	0	9	0.865558391226237	0.650714643381896	483	7
7392	7	0.237617113960806	0	9	0.865558391226237	0.650714643381896	483	7
7398	0	0.180388961735447	0	9	0.865558391226237	0.650714643381896	483	7
7399	0	0.427923452417811	0	9	0.865558391226237	0.650714643381896	483	7
7402	0	0.349910324461668	0	9	0.865558391226237	0.650714643381896	483	7
7403	0	0.337550102907385	0	9	0.865558391226237	0.650714643381896	483	7
7404	0	0.208015031114405	0	9	0.865558391226237	0.650714643381896	483	7
7405	0	0.323336660832092	0	9	0.865558391226237	0.650714643381896	483	7
7408	0	0.614956672675046	0	9	0.865558391226237	0.650714643381896	483	7
7409	5	0.674177310348764	1	9	0.865558391226237	0.650714643381896	483	7
7410	1	0.275791884195459	0	9	0.865558391226237	0.650714643381896	483	7
7411	3	0.168605010276725	0	9	0.865558391226237	0.650714643381896	483	7
7412	5	0.65746396216031	1	9	0.865558391226237	0.650714643381896	483	7
7414	0	0.396152658744262	0	9	0.865558391226237	0.650714643381896	483	7
7415	7	0.385209722184477	0	9	0.865558391226237	0.650714643381896	483	7
7419	4	0.411527697856377	0	9	0.865558391226237	0.650714643381896	483	7
7421	2	0.529496720352627	0	9	0.865558391226237	0.650714643381896	483	7
7422	0	-0.155705123364258	0	9	0.865558391226237	0.650714643381896	483	7
7423	2	0.384095080820202	0	9	0.865558391226237	0.650714643381896	483	7
7424	4	0.152393066286881	0	9	0.865558391226237	0.650714643381896	483	7
7425	1	0.403203878051726	0	9	0.865558391226237	0.650714643381896	483	7
7429	6	0.276784481259375	0	9	0.865558391226237	0.650714643381896	483	7
7430	6	0.242780155673668	0	9	0.865558391226237	0.650714643381896	483	7
7431	4	0.300221881043261	0	9	0.865558391226237	0.650714643381896	483	7
7433	4	0.518046153760693	0	9	0.865558391226237	0.650714643381896	483	7
7434	1	0.398714303625812	0	9	0.865558391226237	0.650714643381896	483	7
7436	0	-0.0272056826426384	0	9	0.865558391226237	0.650714643381896	483	7
7439	1	0.414472101703116	0	9	0.865558391226237	0.650714643381896	483	7
7443	4	0.23713162761921	0	9	0.865558391226237	0.650714643381896	483	7
7444	0	0.161203708624813	0	9	0.865558391226237	0.650714643381896	483	7
7447	2	0.390199644826738	0	9	0.865558391226237	0.650714643381896	483	7
7450	5	0.713908725356043	1	9	0.865558391226237	0.650714643381896	483	7
7453	4	0.16568369187046	0	9	0.865558391226237	0.650714643381896	483	7
7454	0	0.338539864389896	0	9	0.865558391226237	0.650714643381896	483	7
7456	5	0.723033837035337	1	9	0.865558391226237	0.650714643381896	483	7
7461	0	0.397497667982	0	9	0.865558391226237	0.650714643381896	483	7
7462	5	0.586274037888708	1	9	0.865558391226237	0.650714643381896	483	7
7464	0	0.174269222316118	0	9	0.865558391226237	0.650714643381896	483	7
7465	4	0.315621246560359	0	9	0.865558391226237	0.650714643381896	483	7
7466	4	0.16187548472277	0	9	0.865558391226237	0.650714643381896	483	7
7468	1	0.570174143375697	0	9	0.865558391226237	0.650714643381896	483	7
7474	0	-0.0746772530389643	0	9	0.865558391226237	0.650714643381896	483	7
7475	0	0.123954471645924	0	9	0.865558391226237	0.650714643381896	483	7
7476	1	0.465896925352931	0	9	0.865558391226237	0.650714643381896	483	7
7477	1	0.558835235441324	0	9	0.865558391226237	0.650714643381896	483	7
7479	1	0.366065917043977	0	9	0.865558391226237	0.650714643381896	483	7
7481	1	0.441761753742314	0	9	0.865558391226237	0.650714643381896	483	7
7482	5	0.741306466598915	1	9	0.865558391226237	0.650714643381896	483	7
7485	4	0.143793523006923	0	9	0.865558391226237	0.650714643381896	483	7
7486	0	0.419314760729445	0	9	0.865558391226237	0.650714643381896	483	7
7490	0	-0.0846640321124239	0	9	0.865558391226237	0.650714643381896	483	7
7494	2	0.438618380568417	0	9	0.865558391226237	0.650714643381896	483	7
7498	1	0.467322753251219	0	9	0.865558391226237	0.650714643381896	483	7
7504	0	-0.147796028847286	0	9	0.865558391226237	0.650714643381896	483	7
7507	0	-0.189671096458586	0	9	0.865558391226237	0.650714643381896	483	7
7508	2	0.311979049950853	0	9	0.865558391226237	0.650714643381896	483	7
7511	3	0.532895795242032	0	9	0.865558391226237	0.650714643381896	483	7
7512	6	-0.161013707548041	0	9	0.865558391226237	0.650714643381896	483	7
7514	4	0.261648419983712	0	9	0.865558391226237	0.650714643381896	483	7
7515	2	0.395293081756811	0	9	0.865558391226237	0.650714643381896	483	7
7517	0	0.356212756253217	0	9	0.865558391226237	0.650714643381896	483	7
7518	3	0.321882946009355	0	9	0.865558391226237	0.650714643381896	483	7
7520	2	0.485897822316517	0	9	0.865558391226237	0.650714643381896	483	7
7525	1	0.505736266012158	0	9	0.865558391226237	0.650714643381896	483	7
7528	0	0.140089442532421	0	9	0.865558391226237	0.650714643381896	483	7
7529	3	0.2381589989135	0	9	0.865558391226237	0.650714643381896	483	7
7531	3	0.206781006503251	0	9	0.865558391226237	0.650714643381896	483	7
7533	3	0.505945649698021	0	9	0.865558391226237	0.650714643381896	483	7
7534	4	0.374000745890063	0	9	0.865558391226237	0.650714643381896	483	7
7535	0	0.401504149232758	0	9	0.865558391226237	0.650714643381896	483	7
7536	0	0.0776202896932762	0	9	0.865558391226237	0.650714643381896	483	7
7538	0	0.171396630318133	0	9	0.865558391226237	0.650714643381896	483	7
7539	0	0.262010585699783	0	9	0.865558391226237	0.650714643381896	483	7
7541	0	0.540584023104621	0	9	0.865558391226237	0.650714643381896	483	7
7542	0	0.267266142723221	0	9	0.865558391226237	0.650714643381896	483	7
7543	0	0.182974837091701	0	9	0.865558391226237	0.650714643381896	483	7
7544	0	0.206822442464689	0	9	0.865558391226237	0.650714643381896	483	7
7551	3	0.497354596978183	0	9	0.865558391226237	0.650714643381896	483	7
7552	1	0.477184795017777	0	9	0.865558391226237	0.650714643381896	483	7
7553	4	0.0978547003142951	0	9	0.865558391226237	0.650714643381896	483	7
7555	3	0.149917078822129	0	9	0.865558391226237	0.650714643381896	483	7
7556	1	0.213854350593744	0	9	0.865558391226237	0.650714643381896	483	7
7559	3	0.268447146100378	0	9	0.865558391226237	0.650714643381896	483	7
7561	0	0.150091977018912	0	9	0.865558391226237	0.650714643381896	483	7
7564	0	-0.0891410169993181	0	9	0.865558391226237	0.650714643381896	483	7
7570	0	0.483008295743648	0	9	0.865558391226237	0.650714643381896	483	7
7571	0	-0.0134515602824204	0	9	0.865558391226237	0.650714643381896	483	7
7572	1	0.445144449171963	0	9	0.865558391226237	0.650714643381896	483	7
7580	2	0.411978265982023	0	9	0.865558391226237	0.650714643381896	483	7
7582	1	0.567963802586785	0	9	0.865558391226237	0.650714643381896	483	7
7584	4	0.370718669959503	0	9	0.865558391226237	0.650714643381896	483	7
7586	1	0.513940396777237	0	9	0.865558391226237	0.650714643381896	483	7
7592	0	0.357787186218489	0	9	0.865558391226237	0.650714643381896	483	7
7593	2	0.403753181021897	0	9	0.865558391226237	0.650714643381896	483	7
7594	0	0.211784553897415	0	9	0.865558391226237	0.650714643381896	483	7
7596	3	0.47652256444927	0	9	0.865558391226237	0.650714643381896	483	7
7597	0	0.293629626286571	0	9	0.865558391226237	0.650714643381896	483	7
7625	0	0.474224969924601	0	9	0.865558391226237	0.650714643381896	483	7
7626	3	0.545227985286751	0	9	0.865558391226237	0.650714643381896	483	7
7629	0	0.37159980763806	0	9	0.865558391226237	0.650714643381896	483	7
7633	1	0.574124764757842	0	9	0.865558391226237	0.650714643381896	483	7
7638	1	0.474232438405972	0	9	0.865558391226237	0.650714643381896	483	7
7639	1	0.428755462179537	0	9	0.865558391226237	0.650714643381896	483	7
7644	0	-0.101104416828114	0	9	0.865558391226237	0.650714643381896	483	7
7673	4	0.164691733556901	0	9	0.865558391226237	0.650714643381896	483	7
7678	4	0.337690725983387	0	9	0.865558391226237	0.650714643381896	483	7
7691	0	0.415226701123595	0	9	0.865558391226237	0.650714643381896	483	7
7692	0	0.197250289024734	0	9	0.865558391226237	0.650714643381896	483	7
7693	1	0.40710934041847	0	9	0.865558391226237	0.650714643381896	483	7
7694	4	0.351802190043936	0	9	0.865558391226237	0.650714643381896	483	7
7695	3	0.314577507553081	0	9	0.865558391226237	0.650714643381896	483	7
7699	4	0.169078342580466	0	9	0.865558391226237	0.650714643381896	483	7
7701	2	0.583399876660134	0	9	0.865558391226237	0.650714643381896	483	7
7702	1	0.483493846932028	0	9	0.865558391226237	0.650714643381896	483	7
7703	0	0.336711387762229	0	9	0.865558391226237	0.650714643381896	483	7
7704	4	0.137140965333814	0	9	0.865558391226237	0.650714643381896	483	7
7705	0	0.240435051659058	0	9	0.865558391226237	0.650714643381896	483	7
7707	0	0.129714893966906	0	9	0.865558391226237	0.650714643381896	483	7
7709	1	0.27462810732041	0	9	0.865558391226237	0.650714643381896	483	7
7710	1	0.303032196302567	0	9	0.865558391226237	0.650714643381896	483	7
7716	4	0.511148522501932	0	9	0.865558391226237	0.650714643381896	483	7
7718	0	0.206766220144431	0	9	0.865558391226237	0.650714643381896	483	7
7727	1	0.611628643491975	0	9	0.865558391226237	0.650714643381896	483	7
7728	1	0.17883738114856	0	9	0.865558391226237	0.650714643381896	483	7
7733	4	0.295987097900753	0	9	0.865558391226237	0.650714643381896	483	7
7737	0	0.250393948251841	0	9	0.865558391226237	0.650714643381896	483	7
7738	0	0.256986869640008	0	9	0.865558391226237	0.650714643381896	483	7
7739	0	-0.222659050109956	0	9	0.865558391226237	0.650714643381896	483	7
7741	4	0.137217639003696	0	9	0.865558391226237	0.650714643381896	483	7
7743	4	0.171569344053365	0	9	0.865558391226237	0.650714643381896	483	7
7745	1	0.53862172801644	0	9	0.865558391226237	0.650714643381896	483	7
7746	4	0.278077743335548	0	9	0.865558391226237	0.650714643381896	483	7
7748	4	0.266598306804125	0	9	0.865558391226237	0.650714643381896	483	7
7750	0	0.248442803237793	0	9	0.865558391226237	0.650714643381896	483	7
7752	3	0.567459608088083	0	9	0.865558391226237	0.650714643381896	483	7
7753	0	0.357278498299091	0	9	0.865558391226237	0.650714643381896	483	7
7755	0	0.290465956856444	0	9	0.865558391226237	0.650714643381896	483	7
7761	0	0.304634995866599	0	9	0.865558391226237	0.650714643381896	483	7
7762	5	0.595123830912499	1	9	0.865558391226237	0.650714643381896	483	7
7763	4	0.332917229825316	0	9	0.865558391226237	0.650714643381896	483	7
7764	3	0.606124205497909	0	9	0.865558391226237	0.650714643381896	483	7
7766	0	0.0392537435995238	0	9	0.865558391226237	0.650714643381896	483	7
7767	0	0.284541641129646	0	9	0.865558391226237	0.650714643381896	483	7
7768	0	0.231830991512831	0	9	0.865558391226237	0.650714643381896	483	7
7769	0	-0.354842958548467	0	9	0.865558391226237	0.650714643381896	483	7
7770	3	0.478246941233517	0	9	0.865558391226237	0.650714643381896	483	7
7773	0	0.257072701896879	0	9	0.865558391226237	0.650714643381896	483	7
7775	0	0.0481665192102522	0	9	0.865558391226237	0.650714643381896	483	7
7776	1	0.504621701458099	0	9	0.865558391226237	0.650714643381896	483	7
7782	1	0.531692403003821	0	9	0.865558391226237	0.650714643381896	483	7
7786	0	0.280963138786451	0	9	0.865558391226237	0.650714643381896	483	7
7791	2	0.582257746097859	0	9	0.865558391226237	0.650714643381896	483	7
7798	4	0.16371101200931	0	9	0.865558391226237	0.650714643381896	483	7
7799	1	0.53635007201224	0	9	0.865558391226237	0.650714643381896	483	7
7802	2	0.545812049839967	0	9	0.865558391226237	0.650714643381896	483	7
7803	0	0.569505426207536	0	9	0.865558391226237	0.650714643381896	483	7
7804	1	0.337276266498578	0	9	0.865558391226237	0.650714643381896	483	7
7805	0	0.524841438375648	0	9	0.865558391226237	0.650714643381896	483	7
7812	4	0.0571344890572549	0	9	0.865558391226237	0.650714643381896	483	7
7813	0	0.365736029809475	0	9	0.865558391226237	0.650714643381896	483	7
7818	3	0.415378715850957	0	9	0.865558391226237	0.650714643381896	483	7
7827	4	0.0401232542295149	0	9	0.865558391226237	0.650714643381896	483	7
7832	0	0.105428046121523	0	9	0.865558391226237	0.650714643381896	483	7
7837	0	0.58859747532834	0	9	0.865558391226237	0.650714643381896	483	7
7840	0	0.202042727178498	0	9	0.865558391226237	0.650714643381896	483	7
7841	2	0.474760713493266	0	9	0.865558391226237	0.650714643381896	483	7
7844	3	0.181334928046922	0	9	0.865558391226237	0.650714643381896	483	7
7849	6	-0.0116900310498858	0	9	0.865558391226237	0.650714643381896	483	7
7850	1	0.657996513208606	0	9	0.865558391226237	0.650714643381896	483	7
7852	0	0.405980322680946	0	9	0.865558391226237	0.650714643381896	483	7
7855	0	0.209176102574555	0	9	0.865558391226237	0.650714643381896	483	7
7862	1	0.461234727203075	0	9	0.865558391226237	0.650714643381896	483	7
7866	0	0.141063147206609	0	9	0.865558391226237	0.650714643381896	483	7
7867	2	0.491193760038387	0	9	0.865558391226237	0.650714643381896	483	7
7869	7	0.326501502946277	0	9	0.865558391226237	0.650714643381896	483	7
7873	0	0.161933138015827	0	9	0.865558391226237	0.650714643381896	483	7
7874	0	0.514601733221003	0	9	0.865558391226237	0.650714643381896	483	7
7879	6	0.242859421867742	0	9	0.865558391226237	0.650714643381896	483	7
7881	3	0.554611952702418	0	9	0.865558391226237	0.650714643381896	483	7
7884	3	0.276349742979065	0	9	0.865558391226237	0.650714643381896	483	7
7903	0	0.346317735004408	0	9	0.865558391226237	0.650714643381896	483	7
7905	2	0.0192018462390748	0	9	0.865558391226237	0.650714643381896	483	7
7913	4	0.464114575100963	0	9	0.865558391226237	0.650714643381896	483	7
7915	0	0.290495185852274	0	9	0.865558391226237	0.650714643381896	483	7
7916	7	0.165287875133738	0	9	0.865558391226237	0.650714643381896	483	7
7941	5	0.572955679081183	1	9	0.865558391226237	0.650714643381896	483	7
7942	0	0.690274038384442	0	9	0.865558391226237	0.650714643381896	483	7
7957	0	0.497744849862311	0	9	0.865558391226237	0.650714643381896	483	7
7965	0	0.296080475400865	0	9	0.865558391226237	0.650714643381896	483	7
7975	0	0.258274390670586	0	9	0.865558391226237	0.650714643381896	483	7
7976	0	0.0653250212824488	0	9	0.865558391226237	0.650714643381896	483	7
7978	0	0.426679126139251	0	9	0.865558391226237	0.650714643381896	483	7
7979	7	0.290259154818661	0	9	0.865558391226237	0.650714643381896	483	7
7980	0	0.604590343810798	0	9	0.865558391226237	0.650714643381896	483	7
7988	3	0.667770489240274	0	9	0.865558391226237	0.650714643381896	483	7
7991	3	0.234774617873508	0	9	0.865558391226237	0.650714643381896	483	7
7993	0	0.321715243757388	0	9	0.865558391226237	0.650714643381896	483	7
7994	0	0.469621897132549	0	9	0.865558391226237	0.650714643381896	483	7
8000	0	0.469600344782594	0	9	0.865558391226237	0.650714643381896	483	7
8013	0	0.248417128717682	0	9	0.865558391226237	0.650714643381896	483	7
8019	0	0.225304594584391	0	9	0.865558391226237	0.650714643381896	483	7
8021	5	0.625905302080869	1	9	0.865558391226237	0.650714643381896	483	7
8027	3	0.364378054378871	0	9	0.865558391226237	0.650714643381896	483	7
8028	1	0.464573943094348	0	9	0.865558391226237	0.650714643381896	483	7
8029	6	-0.160775740921656	0	9	0.865558391226237	0.650714643381896	483	7
8030	4	0.290076188565246	0	9	0.865558391226237	0.650714643381896	483	7
8031	3	0.201815698752523	0	9	0.865558391226237	0.650714643381896	483	7
8034	0	0.393183386848579	0	9	0.865558391226237	0.650714643381896	483	7
8036	0	0.327987354204826	0	9	0.865558391226237	0.650714643381896	483	7
8038	0	0.515407291280693	0	9	0.865558391226237	0.650714643381896	483	7
8045	0	0.068903578345025	0	9	0.865558391226237	0.650714643381896	483	7
8048	1	0.276570643709203	0	9	0.865558391226237	0.650714643381896	483	7
8050	3	0.117356462290493	0	9	0.865558391226237	0.650714643381896	483	7
8061	1	0.544761677433423	0	9	0.865558391226237	0.650714643381896	483	7
8065	3	0.555887826075315	0	9	0.865558391226237	0.650714643381896	483	7
8073	3	0.602254506475814	0	9	0.865558391226237	0.650714643381896	483	7
8076	0	0.513110007616868	0	9	0.865558391226237	0.650714643381896	483	7
8078	1	0.4013937733478	0	9	0.865558391226237	0.650714643381896	483	7
8079	2	0.32768581304715	0	9	0.865558391226237	0.650714643381896	483	7
8082	5	0.760280475278886	1	9	0.865558391226237	0.650714643381896	483	7
8085	0	0.330516933724643	0	9	0.865558391226237	0.650714643381896	483	7
8086	1	0.578527385694827	0	9	0.865558391226237	0.650714643381896	483	7
8087	4	0.195967196289179	0	9	0.865558391226237	0.650714643381896	483	7
8089	0	0.190159906412179	0	9	0.865558391226237	0.650714643381896	483	7
8091	1	0.619122831236274	0	9	0.865558391226237	0.650714643381896	483	7
8092	1	0.657750016302758	0	9	0.865558391226237	0.650714643381896	483	7
8099	4	0.443013403762637	0	9	0.865558391226237	0.650714643381896	483	7
8100	0	0.533059396070101	0	9	0.865558391226237	0.650714643381896	483	7
8111	1	0.514919802201191	0	9	0.865558391226237	0.650714643381896	483	7
8115	0	0.465145480692321	0	9	0.865558391226237	0.650714643381896	483	7
8120	0	-0.129330430965448	0	9	0.865558391226237	0.650714643381896	483	7
8125	0	0.458270360888244	0	9	0.865558391226237	0.650714643381896	483	7
8131	2	0.474161743320402	0	9	0.865558391226237	0.650714643381896	483	7
8139	0	0.19084552251002	0	9	0.865558391226237	0.650714643381896	483	7
8140	0	0.263726452280296	0	9	0.865558391226237	0.650714643381896	483	7
8148	0	0.0959744811500891	0	9	0.865558391226237	0.650714643381896	483	7
8153	0	0.593010709306724	0	9	0.865558391226237	0.650714643381896	483	7
8161	0	0.513892950093863	0	9	0.865558391226237	0.650714643381896	483	7
8165	6	0.284237564586718	0	9	0.865558391226237	0.650714643381896	483	7
8175	0	0.309436839339724	0	9	0.865558391226237	0.650714643381896	483	7
8178	0	0.451626928672018	0	9	0.865558391226237	0.650714643381896	483	7
8187	0	0.314607354705089	0	9	0.865558391226237	0.650714643381896	483	7
8189	1	0.521400609114929	0	9	0.865558391226237	0.650714643381896	483	7
8192	2	0.363960510041163	0	9	0.865558391226237	0.650714643381896	483	7
8195	2	0.238058148976993	0	9	0.865558391226237	0.650714643381896	483	7
8200	0	0.111844472488807	0	9	0.865558391226237	0.650714643381896	483	7
8202	3	0.565094394781496	0	9	0.865558391226237	0.650714643381896	483	7
8204	0	0.258585926112148	0	9	0.865558391226237	0.650714643381896	483	7
8208	1	0.293553841640262	0	9	0.865558391226237	0.650714643381896	483	7
8216	1	0.173758902097886	0	9	0.865558391226237	0.650714643381896	483	7
8218	1	0.428804658368983	0	9	0.865558391226237	0.650714643381896	483	7
8224	1	0.404955149359711	0	9	0.865558391226237	0.650714643381896	483	7
8226	3	0.368581232316193	0	9	0.865558391226237	0.650714643381896	483	7
8228	0	-0.223977806851432	0	9	0.865558391226237	0.650714643381896	483	7
8233	4	0.381352397827416	0	9	0.865558391226237	0.650714643381896	483	7
8237	0	0.107738461657834	0	9	0.865558391226237	0.650714643381896	483	7
8239	0	-0.0770880963208132	0	9	0.865558391226237	0.650714643381896	483	7
8241	0	-0.150933971595593	0	9	0.865558391226237	0.650714643381896	483	7
8242	7	0.229245192159206	0	9	0.865558391226237	0.650714643381896	483	7
8243	0	0.0812687677029161	0	9	0.865558391226237	0.650714643381896	483	7
8260	2	0.19830177143669	0	9	0.865558391226237	0.650714643381896	483	7
8266	0	0.279080597021601	0	9	0.865558391226237	0.650714643381896	483	7
8269	0	0.221265743645733	0	9	0.865558391226237	0.650714643381896	483	7
8270	1	0.565228488495732	0	9	0.865558391226237	0.650714643381896	483	7
8273	0	0.258320455384007	0	9	0.865558391226237	0.650714643381896	483	7
8284	0	0.303814252462202	0	9	0.865558391226237	0.650714643381896	483	7
8287	0	0.2323953630093	0	9	0.865558391226237	0.650714643381896	483	7
8288	0	-0.0682887431937778	0	9	0.865558391226237	0.650714643381896	483	7
8289	0	0.12597488682536	0	9	0.865558391226237	0.650714643381896	483	7
8291	4	0.295747850041523	0	9	0.865558391226237	0.650714643381896	483	7
8292	1	0.551142104015941	0	9	0.865558391226237	0.650714643381896	483	7
8295	0	0.436850723931758	0	9	0.865558391226237	0.650714643381896	483	7
8301	3	0.142397413149811	0	9	0.865558391226237	0.650714643381896	483	7
8303	3	0.617211921992052	0	9	0.865558391226237	0.650714643381896	483	7
8309	6	0.126817448028727	0	9	0.865558391226237	0.650714643381896	483	7
8310	2	0.621448284229414	0	9	0.865558391226237	0.650714643381896	483	7
8312	0	0.462566599522992	0	9	0.865558391226237	0.650714643381896	483	7
8314	2	0.220899697687533	0	9	0.865558391226237	0.650714643381896	483	7
8315	0	0.246552453470101	0	9	0.865558391226237	0.650714643381896	483	7
8317	0	0.607659618002239	0	9	0.865558391226237	0.650714643381896	483	7
8321	3	0.580242286806688	0	9	0.865558391226237	0.650714643381896	483	7
8322	3	0.128914432258832	0	9	0.865558391226237	0.650714643381896	483	7
8323	0	0.51381706863973	0	9	0.865558391226237	0.650714643381896	483	7
8324	3	0.311547649367681	0	9	0.865558391226237	0.650714643381896	483	7
8328	1	0.602563354983387	0	9	0.865558391226237	0.650714643381896	483	7
8332	1	0.492000814249125	0	9	0.865558391226237	0.650714643381896	483	7
8340	1	0.618072637062839	0	9	0.865558391226237	0.650714643381896	483	7
8342	1	0.436922276959895	0	9	0.865558391226237	0.650714643381896	483	7
8345	2	0.245775558515017	0	9	0.865558391226237	0.650714643381896	483	7
8348	1	0.596467771132664	0	9	0.865558391226237	0.650714643381896	483	7
8349	0	0.360659039497541	0	9	0.865558391226237	0.650714643381896	483	7
8372	5	0.55338305047722	1	9	0.865558391226237	0.650714643381896	483	7
8379	2	0.411864785327983	0	9	0.865558391226237	0.650714643381896	483	7
8382	0	0.166349979394016	0	9	0.865558391226237	0.650714643381896	483	7
8394	0	0.668467357356919	0	9	0.865558391226237	0.650714643381896	483	7
8395	1	0.382161316035978	0	9	0.865558391226237	0.650714643381896	483	7
8396	0	0.365530449598809	0	9	0.865558391226237	0.650714643381896	483	7
8398	1	0.490845868804092	0	9	0.865558391226237	0.650714643381896	483	7
8402	6	0.183885560914605	0	9	0.865558391226237	0.650714643381896	483	7
8404	0	0.125637889560358	0	9	0.865558391226237	0.650714643381896	483	7
8405	3	0.256116200228453	0	9	0.865558391226237	0.650714643381896	483	7
8406	0	0.362277009207662	0	9	0.865558391226237	0.650714643381896	483	7
8407	2	0.617406026026863	0	9	0.865558391226237	0.650714643381896	483	7
8408	0	-0.149322457134389	0	9	0.865558391226237	0.650714643381896	483	7
8409	2	0.239588540434293	0	9	0.865558391226237	0.650714643381896	483	7
8411	0	0.346795848562012	0	9	0.865558391226237	0.650714643381896	483	7
8412	4	0.0612428660842242	0	9	0.865558391226237	0.650714643381896	483	7
8416	0	-0.0233576880963644	0	9	0.865558391226237	0.650714643381896	483	7
8417	0	-0.121742905135131	0	9	0.865558391226237	0.650714643381896	483	7
8424	6	-0.0634075000981417	0	9	0.865558391226237	0.650714643381896	483	7
8425	0	0.454919518673461	0	9	0.865558391226237	0.650714643381896	483	7
8427	0	0.369871138686248	0	9	0.865558391226237	0.650714643381896	483	7
8428	3	0.436320450786305	0	9	0.865558391226237	0.650714643381896	483	7
8431	2	0.438121517231069	0	9	0.865558391226237	0.650714643381896	483	7
8434	1	0.612106967794329	0	9	0.865558391226237	0.650714643381896	483	7
8435	5	0.682039388520692	1	9	0.865558391226237	0.650714643381896	483	7
8436	0	0.454196490151293	0	9	0.865558391226237	0.650714643381896	483	7
8437	0	0.491007302995501	0	9	0.865558391226237	0.650714643381896	483	7
8438	1	0.54144904654965	0	9	0.865558391226237	0.650714643381896	483	7
8439	0	0.251499876680346	0	9	0.865558391226237	0.650714643381896	483	7
8440	4	0.29993776806336	0	9	0.865558391226237	0.650714643381896	483	7
8443	0	-0.0530404995906948	0	9	0.865558391226237	0.650714643381896	483	7
8444	1	0.2703245603481	0	9	0.865558391226237	0.650714643381896	483	7
8445	5	0.697156825163624	1	9	0.865558391226237	0.650714643381896	483	7
8446	4	0.367962543358119	0	9	0.865558391226237	0.650714643381896	483	7
8447	0	0.449954797036068	0	9	0.865558391226237	0.650714643381896	483	7
8448	1	0.492533233366465	0	9	0.865558391226237	0.650714643381896	483	7
8450	0	0.299949663628679	0	9	0.865558391226237	0.650714643381896	483	7
8451	0	0.335293563327195	0	9	0.865558391226237	0.650714643381896	483	7
8452	4	0.184642967133917	0	9	0.865558391226237	0.650714643381896	483	7
8453	0	0.0730573397336207	0	9	0.865558391226237	0.650714643381896	483	7
8454	3	0.314468120333291	0	9	0.865558391226237	0.650714643381896	483	7
8455	0	0.175547548970114	0	9	0.865558391226237	0.650714643381896	483	7
8458	3	0.638420055610982	0	9	0.865558391226237	0.650714643381896	483	7
8459	0	0.237025453934071	0	9	0.865558391226237	0.650714643381896	483	7
8460	0	0.59106789557298	0	9	0.865558391226237	0.650714643381896	483	7
8462	3	0.231777988034551	0	9	0.865558391226237	0.650714643381896	483	7
8464	1	0.172653379431585	0	9	0.865558391226237	0.650714643381896	483	7
8467	0	0.194498057660721	0	9	0.865558391226237	0.650714643381896	483	7
8470	3	0.439203778388182	0	9	0.865558391226237	0.650714643381896	483	7
8473	0	0.0722401296618177	0	9	0.865558391226237	0.650714643381896	483	7
8476	4	0.239515772836895	0	9	0.865558391226237	0.650714643381896	483	7
8477	5	0.702378837657135	1	9	0.865558391226237	0.650714643381896	483	7
8479	2	0.209456892204334	0	9	0.865558391226237	0.650714643381896	483	7
8480	0	0.350362721355104	0	9	0.865558391226237	0.650714643381896	483	7
8481	1	0.602647716505891	0	9	0.865558391226237	0.650714643381896	483	7
8482	1	0.428502789040296	0	9	0.865558391226237	0.650714643381896	483	7
8483	0	0.345871351618897	0	9	0.865558391226237	0.650714643381896	483	7
8487	3	0.544885158210541	0	9	0.865558391226237	0.650714643381896	483	7
8490	0	0.265559430021548	0	9	0.865558391226237	0.650714643381896	483	7
8491	0	0.0917074392505822	0	9	0.865558391226237	0.650714643381896	483	7
8492	1	0.374070641197127	0	9	0.865558391226237	0.650714643381896	483	7
8493	4	0.397475848551793	0	9	0.865558391226237	0.650714643381896	483	7
8495	2	0.300930364365135	0	9	0.865558391226237	0.650714643381896	483	7
8496	3	0.570520341442691	0	9	0.865558391226237	0.650714643381896	483	7
8497	4	0.221236101712031	0	9	0.865558391226237	0.650714643381896	483	7
8498	1	0.30328563889462	0	9	0.865558391226237	0.650714643381896	483	7
8499	0	0.408596721975321	0	9	0.865558391226237	0.650714643381896	483	7
8500	0	0.250528781240386	0	9	0.865558391226237	0.650714643381896	483	7
8501	1	0.470899798518474	0	9	0.865558391226237	0.650714643381896	483	7
8502	6	0.301327804892261	0	9	0.865558391226237	0.650714643381896	483	7
8503	4	0.35084403398925	0	9	0.865558391226237	0.650714643381896	483	7
8504	3	0.448238593688859	0	9	0.865558391226237	0.650714643381896	483	7
8506	0	0.0578346515439123	0	9	0.865558391226237	0.650714643381896	483	7
8507	0	0.433538636988081	0	9	0.865558391226237	0.650714643381896	483	7
8508	0	0.211003258350835	0	9	0.865558391226237	0.650714643381896	483	7
8509	1	0.436729205390407	0	9	0.865558391226237	0.650714643381896	483	7
8514	0	0.0148725081210675	0	9	0.865558391226237	0.650714643381896	483	7
8516	4	0.194704160113078	0	9	0.865558391226237	0.650714643381896	483	7
8518	4	0.421820944453519	0	9	0.865558391226237	0.650714643381896	483	7
8519	0	0.602183540206562	0	9	0.865558391226237	0.650714643381896	483	7
8520	3	0.247992323876341	0	9	0.865558391226237	0.650714643381896	483	7
8521	0	0.293643213806578	0	9	0.865558391226237	0.650714643381896	483	7
8522	1	0.523598159179367	0	9	0.865558391226237	0.650714643381896	483	7
8525	0	0.400324557747802	0	9	0.865558391226237	0.650714643381896	483	7
8526	0	0.286707698795158	0	9	0.865558391226237	0.650714643381896	483	7
8527	1	0.275334229015665	0	9	0.865558391226237	0.650714643381896	483	7
8528	0	0.282225967221403	0	9	0.865558391226237	0.650714643381896	483	7
8529	6	-0.0053747015540091	0	9	0.865558391226237	0.650714643381896	483	7
8530	5	0.732880321585956	1	9	0.865558391226237	0.650714643381896	483	7
8531	0	0.237760852774295	0	9	0.865558391226237	0.650714643381896	483	7
8533	3	0.441461653441797	0	9	0.865558391226237	0.650714643381896	483	7
8534	4	0.274848295502878	0	9	0.865558391226237	0.650714643381896	483	7
8535	1	0.496551202764317	0	9	0.865558391226237	0.650714643381896	483	7
8536	2	0.421022760710666	0	9	0.865558391226237	0.650714643381896	483	7
8537	1	0.570381380030411	0	9	0.865558391226237	0.650714643381896	483	7
8538	0	0.086648670753017	0	9	0.865558391226237	0.650714643381896	483	7
8539	1	0.292571939607656	0	9	0.865558391226237	0.650714643381896	483	7
8540	5	0.654192897796155	1	9	0.865558391226237	0.650714643381896	483	7
8541	1	0.368307666049125	0	9	0.865558391226237	0.650714643381896	483	7
8542	0	0.220575541894382	0	9	0.865558391226237	0.650714643381896	483	7
8543	0	0.48767524618935	0	9	0.865558391226237	0.650714643381896	483	7
8545	1	0.459684479149098	0	9	0.865558391226237	0.650714643381896	483	7
8546	5	0.638418348914551	1	9	0.865558391226237	0.650714643381896	483	7
8547	4	0.306683225750852	0	9	0.865558391226237	0.650714643381896	483	7
8549	0	0.434012957220619	0	9	0.865558391226237	0.650714643381896	483	7
8550	0	0.210927121992179	0	9	0.865558391226237	0.650714643381896	483	7
8553	0	0.29183169921237	0	9	0.865558391226237	0.650714643381896	483	7
8554	3	0.316955256136959	0	9	0.865558391226237	0.650714643381896	483	7
8555	0	0.322020120629248	0	9	0.865558391226237	0.650714643381896	483	7
8556	0	0.217753129925915	0	9	0.865558391226237	0.650714643381896	483	7
8557	1	0.284235163646458	0	9	0.865558391226237	0.650714643381896	483	7
8558	0	0.233337777288661	0	9	0.865558391226237	0.650714643381896	483	7
8559	1	0.374808952954978	0	9	0.865558391226237	0.650714643381896	483	7
8560	2	0.314517414175415	0	9	0.865558391226237	0.650714643381896	483	7
8562	0	0.504017562238842	0	9	0.865558391226237	0.650714643381896	483	7
8563	2	0.384803940107991	0	9	0.865558391226237	0.650714643381896	483	7
8564	6	-0.170014645247876	0	9	0.865558391226237	0.650714643381896	483	7
8565	2	0.368682276646271	0	9	0.865558391226237	0.650714643381896	483	7
8566	7	0.627287253605135	0	9	0.865558391226237	0.650714643381896	483	7
8567	0	0.237731376591896	0	9	0.865558391226237	0.650714643381896	483	7
8568	0	0.210618507959584	0	9	0.865558391226237	0.650714643381896	483	7
8569	3	0.606444592205077	0	9	0.865558391226237	0.650714643381896	483	7
8572	0	0.307085200307378	0	9	0.865558391226237	0.650714643381896	483	7
8573	0	0.54441905439348	0	9	0.865558391226237	0.650714643381896	483	7
8574	2	0.394533112581	0	9	0.865558391226237	0.650714643381896	483	7
8575	3	0.262020804341966	0	9	0.865558391226237	0.650714643381896	483	7
8576	0	0.410049803445289	0	9	0.865558391226237	0.650714643381896	483	7
8578	4	0.280302833705522	0	9	0.865558391226237	0.650714643381896	483	7
8602	1	0.551495989269625	0	9	0.865558391226237	0.650714643381896	483	7
8603	0	0.353086722045684	0	9	0.865558391226237	0.650714643381896	483	7
8604	0	0.314453969934997	0	9	0.865558391226237	0.650714643381896	483	7
8605	0	0.00811476446913872	0	9	0.865558391226237	0.650714643381896	483	7
8607	2	0.538038142520753	0	9	0.865558391226237	0.650714643381896	483	7
8608	1	0.266092954069752	0	9	0.865558391226237	0.650714643381896	483	7
8609	4	0.248762287001834	0	9	0.865558391226237	0.650714643381896	483	7
8611	0	0.203873978156117	0	9	0.865558391226237	0.650714643381896	483	7
8612	0	0.624044752348179	0	9	0.865558391226237	0.650714643381896	483	7
8613	0	0.0438845514475515	0	9	0.865558391226237	0.650714643381896	483	7
8614	0	0.177878836068418	0	9	0.865558391226237	0.650714643381896	483	7
8615	4	-0.0177448857661665	0	9	0.865558391226237	0.650714643381896	483	7
8620	1	0.515247790556672	0	9	0.865558391226237	0.650714643381896	483	7
8621	1	0.49862078164496	0	9	0.865558391226237	0.650714643381896	483	7
8622	0	0.39788683518673	0	9	0.865558391226237	0.650714643381896	483	7
8624	0	-0.00247997138561636	0	9	0.865558391226237	0.650714643381896	483	7
8625	2	0.375174881083762	0	9	0.865558391226237	0.650714643381896	483	7
8629	0	0.391439881001488	0	9	0.865558391226237	0.650714643381896	483	7
8630	0	0.0868402954537893	0	9	0.865558391226237	0.650714643381896	483	7
8631	0	0.146537878474089	0	9	0.865558391226237	0.650714643381896	483	7
8632	1	0.382005877259009	0	9	0.865558391226237	0.650714643381896	483	7
8633	0	0.286616043136082	0	9	0.865558391226237	0.650714643381896	483	7
8634	0	0.227926864787622	0	9	0.865558391226237	0.650714643381896	483	7
8635	0	0.128646129572027	0	9	0.865558391226237	0.650714643381896	483	7
8636	7	0.16417601294816	0	9	0.865558391226237	0.650714643381896	483	7
8638	0	0.351855256253745	0	9	0.865558391226237	0.650714643381896	483	7
8639	5	0.743699672353132	1	9	0.865558391226237	0.650714643381896	483	7
8642	4	0.284547528834223	0	9	0.865558391226237	0.650714643381896	483	7
8643	0	0.216326102513906	0	9	0.865558391226237	0.650714643381896	483	7
8644	6	0.021462223851123	0	9	0.865558391226237	0.650714643381896	483	7
8645	6	0.262629344895826	0	9	0.865558391226237	0.650714643381896	483	7
8646	0	0.186277126769202	0	9	0.865558391226237	0.650714643381896	483	7
8648	3	0.401005237910015	0	9	0.865558391226237	0.650714643381896	483	7
8649	3	0.271607912555233	0	9	0.865558391226237	0.650714643381896	483	7
8651	1	0.553677939730097	0	9	0.865558391226237	0.650714643381896	483	7
8653	0	0.243102558242033	0	9	0.865558391226237	0.650714643381896	483	7
8654	0	0.0582974316394794	0	9	0.865558391226237	0.650714643381896	483	7
8655	4	0.384749291661314	0	9	0.865558391226237	0.650714643381896	483	7
8658	1	0.370556373480165	0	9	0.865558391226237	0.650714643381896	483	7
8660	4	0.0926644387131537	0	9	0.865558391226237	0.650714643381896	483	7
8662	2	0.153772627192944	0	9	0.865558391226237	0.650714643381896	483	7
8664	2	0.482516368382078	0	9	0.865558391226237	0.650714643381896	483	7
8666	2	0.232061798493876	0	9	0.865558391226237	0.650714643381896	483	7
8667	3	0.300170964291999	0	9	0.865558391226237	0.650714643381896	483	7
8668	2	-0.00394766363330128	0	9	0.865558391226237	0.650714643381896	483	7
8669	3	0.454899311628449	0	9	0.865558391226237	0.650714643381896	483	7
8671	6	0.0861921317641816	0	9	0.865558391226237	0.650714643381896	483	7
8672	4	0.316637128375212	0	9	0.865558391226237	0.650714643381896	483	7
8673	6	0.335140364116285	0	9	0.865558391226237	0.650714643381896	483	7
8674	0	0.351765892297175	0	9	0.865558391226237	0.650714643381896	483	7
8675	1	0.338846764264526	0	9	0.865558391226237	0.650714643381896	483	7
8676	0	0.523608156492734	0	9	0.865558391226237	0.650714643381896	483	7
8677	2	0.525461721701121	0	9	0.865558391226237	0.650714643381896	483	7
8678	0	0.545732556755321	0	9	0.865558391226237	0.650714643381896	483	7
8682	0	0.165535912641968	0	9	0.865558391226237	0.650714643381896	483	7
8685	0	0.340218808408139	0	9	0.865558391226237	0.650714643381896	483	7
8690	0	0.342261120151909	0	9	0.865558391226237	0.650714643381896	483	7
8692	0	0.116477538060615	0	9	0.865558391226237	0.650714643381896	483	7
8694	2	0.352090636689911	0	9	0.865558391226237	0.650714643381896	483	7
8697	3	0.286100270781722	0	9	0.865558391226237	0.650714643381896	483	7
8698	1	0.657698473690152	0	9	0.865558391226237	0.650714643381896	483	7
8702	3	0.412115026775809	0	9	0.865558391226237	0.650714643381896	483	7
8703	0	0.289391841335763	0	9	0.865558391226237	0.650714643381896	483	7
8704	0	0.192410795183896	0	9	0.865558391226237	0.650714643381896	483	7
8706	3	0.422610276094741	0	9	0.865558391226237	0.650714643381896	483	7
8707	4	0.082831052620255	0	9	0.865558391226237	0.650714643381896	483	7
8711	1	0.395596364345017	0	9	0.865558391226237	0.650714643381896	483	7
8714	0	0.565841426676916	0	9	0.865558391226237	0.650714643381896	483	7
8717	2	0.55657957972375	0	9	0.865558391226237	0.650714643381896	483	7
8720	0	0.235473076095871	0	9	0.865558391226237	0.650714643381896	483	7
8721	2	0.0853932736780533	0	9	0.865558391226237	0.650714643381896	483	7
8722	2	0.298279678413448	0	9	0.865558391226237	0.650714643381896	483	7
8723	0	0.111794654272352	0	9	0.865558391226237	0.650714643381896	483	7
8724	0	0.288035466078862	0	9	0.865558391226237	0.650714643381896	483	7
8725	3	0.351471663050006	0	9	0.865558391226237	0.650714643381896	483	7
8726	0	0.417169422991848	0	9	0.865558391226237	0.650714643381896	483	7
8727	4	0.12071763976681	0	9	0.865558391226237	0.650714643381896	483	7
8728	1	0.686056900249828	0	9	0.865558391226237	0.650714643381896	483	7
8729	2	0.448107382034471	0	9	0.865558391226237	0.650714643381896	483	7
8731	3	0.443736693165354	0	9	0.865558391226237	0.650714643381896	483	7
8732	0	0.265021723865276	0	9	0.865558391226237	0.650714643381896	483	7
8733	2	0.407189375669691	0	9	0.865558391226237	0.650714643381896	483	7
8736	1	0.293492361133988	0	9	0.865558391226237	0.650714643381896	483	7
8737	0	0.276563798716891	0	9	0.865558391226237	0.650714643381896	483	7
8738	0	0.150484043695881	0	9	0.865558391226237	0.650714643381896	483	7
8740	1	0.277938926771346	0	9	0.865558391226237	0.650714643381896	483	7
8743	2	0.543512194591291	0	9	0.865558391226237	0.650714643381896	483	7
8744	1	0.314800251908188	0	9	0.865558391226237	0.650714643381896	483	7
8745	5	0.625295166445643	1	9	0.865558391226237	0.650714643381896	483	7
8747	1	0.474367395167645	0	9	0.865558391226237	0.650714643381896	483	7
8748	0	0.36115914040987	0	9	0.865558391226237	0.650714643381896	483	7
8751	1	0.585570828821062	0	9	0.865558391226237	0.650714643381896	483	7
8754	3	0.137951768803738	0	9	0.865558391226237	0.650714643381896	483	7
8760	3	0.435869911451659	0	9	0.865558391226237	0.650714643381896	483	7
8763	6	0.174789326366409	0	9	0.865558391226237	0.650714643381896	483	7
8764	2	0.30241614387771	0	9	0.865558391226237	0.650714643381896	483	7
8766	4	0.283639015638077	0	9	0.865558391226237	0.650714643381896	483	7
8767	0	0.224450513298017	0	9	0.865558391226237	0.650714643381896	483	7
8772	0	0.197755838240724	0	9	0.865558391226237	0.650714643381896	483	7
8773	0	0.310069893148286	0	9	0.865558391226237	0.650714643381896	483	7
8774	0	0.081899737663906	0	9	0.865558391226237	0.650714643381896	483	7
8775	2	-0.118768703281486	0	9	0.865558391226237	0.650714643381896	483	7
8776	0	0.377423687303379	0	9	0.865558391226237	0.650714643381896	483	7
8777	4	0.00709799996160802	0	9	0.865558391226237	0.650714643381896	483	7
8780	3	0.351875356321914	0	9	0.865558391226237	0.650714643381896	483	7
8786	0	-0.0771968160384952	0	9	0.865558391226237	0.650714643381896	483	7
8787	0	0.128455830231735	0	9	0.865558391226237	0.650714643381896	483	7
8792	1	0.451866592434331	0	9	0.865558391226237	0.650714643381896	483	7
8793	0	0.327328674295338	0	9	0.865558391226237	0.650714643381896	483	7
8795	0	0.329586050568975	0	9	0.865558391226237	0.650714643381896	483	7
8796	1	0.470857444199245	0	9	0.865558391226237	0.650714643381896	483	7
8798	0	0.287438661283005	0	9	0.865558391226237	0.650714643381896	483	7
8800	2	0.509798974385963	0	9	0.865558391226237	0.650714643381896	483	7
8801	4	0.298784577386955	0	9	0.865558391226237	0.650714643381896	483	7
8802	6	-0.271309016489213	0	9	0.865558391226237	0.650714643381896	483	7
8803	3	0.237935325266259	0	9	0.865558391226237	0.650714643381896	483	7
8804	6	0.0347767589169341	0	9	0.865558391226237	0.650714643381896	483	7
8805	0	0.394091662220254	0	9	0.865558391226237	0.650714643381896	483	7
8807	1	0.334682575431229	0	9	0.865558391226237	0.650714643381896	483	7
8808	0	0.319657324291457	0	9	0.865558391226237	0.650714643381896	483	7
8809	1	0.373322378131302	0	9	0.865558391226237	0.650714643381896	483	7
8812	1	0.366051168757318	0	9	0.865558391226237	0.650714643381896	483	7
8813	3	0.273041128647659	0	9	0.865558391226237	0.650714643381896	483	7
8814	0	0.1330210085302	0	9	0.865558391226237	0.650714643381896	483	7
8815	2	0.421467462415362	0	9	0.865558391226237	0.650714643381896	483	7
8818	2	0.324152649990838	0	9	0.865558391226237	0.650714643381896	483	7
8819	3	0.510089879395995	0	9	0.865558391226237	0.650714643381896	483	7
8821	5	0.576710079967935	1	9	0.865558391226237	0.650714643381896	483	7
8824	6	0.0460359777257927	0	9	0.865558391226237	0.650714643381896	483	7
8825	0	0.42023707077273	0	9	0.865558391226237	0.650714643381896	483	7
8826	0	0.0550227439033419	0	9	0.865558391226237	0.650714643381896	483	7
8828	1	0.298413471985843	0	9	0.865558391226237	0.650714643381896	483	7
8829	2	0.571733801911588	0	9	0.865558391226237	0.650714643381896	483	7
8832	1	0.619900753769879	0	9	0.865558391226237	0.650714643381896	483	7
8834	0	0.359361851940588	0	9	0.865558391226237	0.650714643381896	483	7
8835	4	0.290852280601589	0	9	0.865558391226237	0.650714643381896	483	7
8836	6	-0.105643236754266	0	9	0.865558391226237	0.650714643381896	483	7
8837	2	0.409171440457738	0	9	0.865558391226237	0.650714643381896	483	7
8838	4	0.164761775916549	0	9	0.865558391226237	0.650714643381896	483	7
8839	1	0.380001074559534	0	9	0.865558391226237	0.650714643381896	483	7
8840	0	0.484902053091399	0	9	0.865558391226237	0.650714643381896	483	7
8841	2	0.265945950141629	0	9	0.865558391226237	0.650714643381896	483	7
8842	5	0.64726532262027	1	9	0.865558391226237	0.650714643381896	483	7
8844	1	0.456767111627792	0	9	0.865558391226237	0.650714643381896	483	7
8846	0	0.206580644722818	0	9	0.865558391226237	0.650714643381896	483	7
8848	0	-0.0605042527729337	0	9	0.865558391226237	0.650714643381896	483	7
8850	4	0.104445902681857	0	9	0.865558391226237	0.650714643381896	483	7
8851	5	0.697289449232169	1	9	0.865558391226237	0.650714643381896	483	7
8853	3	0.253442878555994	0	9	0.865558391226237	0.650714643381896	483	7
8854	0	0.199848661255375	0	9	0.865558391226237	0.650714643381896	483	7
8857	0	0.463545998609948	0	9	0.865558391226237	0.650714643381896	483	7
8858	6	0.0873914991593468	0	9	0.865558391226237	0.650714643381896	483	7
8861	7	0.23728198996731	0	9	0.865558391226237	0.650714643381896	483	7
8863	0	-0.190522897467831	0	9	0.865558391226237	0.650714643381896	483	7
8864	0	0.180484266292034	0	9	0.865558391226237	0.650714643381896	483	7
8867	1	0.414532564639488	0	9	0.865558391226237	0.650714643381896	483	7
8869	5	0.620074131336682	1	9	0.865558391226237	0.650714643381896	483	7
8871	4	0.260052645867626	0	9	0.865558391226237	0.650714643381896	483	7
8872	2	0.408619712197625	0	9	0.865558391226237	0.650714643381896	483	7
8874	0	0.389709075612471	0	9	0.865558391226237	0.650714643381896	483	7
8875	1	0.526725766993642	0	9	0.865558391226237	0.650714643381896	483	7
8876	0	0.0867058546762177	0	9	0.865558391226237	0.650714643381896	483	7
8877	5	0.659947485394581	1	9	0.865558391226237	0.650714643381896	483	7
8878	2	0.37260631663708	0	9	0.865558391226237	0.650714643381896	483	7
8879	0	0.471253347209882	0	9	0.865558391226237	0.650714643381896	483	7
8880	0	0.465131809097617	0	9	0.865558391226237	0.650714643381896	483	7
8881	3	0.294934817683909	0	9	0.865558391226237	0.650714643381896	483	7
8882	0	0.549172190954419	0	9	0.865558391226237	0.650714643381896	483	7
8883	0	-0.152051939290465	0	9	0.865558391226237	0.650714643381896	483	7
8884	0	0.190335049796169	0	9	0.865558391226237	0.650714643381896	483	7
8886	3	0.441831476373268	0	9	0.865558391226237	0.650714643381896	483	7
8887	1	0.231722419853053	0	9	0.865558391226237	0.650714643381896	483	7
8888	3	0.418353669498807	0	9	0.865558391226237	0.650714643381896	483	7
8890	2	0.355982390565496	0	9	0.865558391226237	0.650714643381896	483	7
8891	0	0.0171268541975008	0	9	0.865558391226237	0.650714643381896	483	7
8892	0	0.189029309970085	0	9	0.865558391226237	0.650714643381896	483	7
8893	2	0.391426097811644	0	9	0.865558391226237	0.650714643381896	483	7
8894	1	0.423570161243949	0	9	0.865558391226237	0.650714643381896	483	7
8895	0	0.404084641429101	0	9	0.865558391226237	0.650714643381896	483	7
8896	1	0.462464084122079	0	9	0.865558391226237	0.650714643381896	483	7
8897	0	0.340945567804065	0	9	0.865558391226237	0.650714643381896	483	7
8898	0	0.337940885646057	0	9	0.865558391226237	0.650714643381896	483	7
8899	3	0.461606248925808	0	9	0.865558391226237	0.650714643381896	483	7
8904	2	0.525315646349078	0	9	0.865558391226237	0.650714643381896	483	7
8905	4	0.329142725694954	0	9	0.865558391226237	0.650714643381896	483	7
8906	2	0.54737782508795	0	9	0.865558391226237	0.650714643381896	483	7
8908	0	0.389171317221323	0	9	0.865558391226237	0.650714643381896	483	7
8909	1	0.272964236132092	0	9	0.865558391226237	0.650714643381896	483	7
8910	4	0.168596843673859	0	9	0.865558391226237	0.650714643381896	483	7
8911	1	0.334764835400113	0	9	0.865558391226237	0.650714643381896	483	7
8912	0	0.279712750094362	0	9	0.865558391226237	0.650714643381896	483	7
8914	0	0.279443881969456	0	9	0.865558391226237	0.650714643381896	483	7
8915	0	0.504945215990678	0	9	0.865558391226237	0.650714643381896	483	7
8925	0	0.278754021649405	0	9	0.865558391226237	0.650714643381896	483	7
8927	1	0.362898512855793	0	9	0.865558391226237	0.650714643381896	483	7
8930	0	0.529396110130627	0	9	0.865558391226237	0.650714643381896	483	7
8932	0	0.309023215480747	0	9	0.865558391226237	0.650714643381896	483	7
8933	2	0.191306297852653	0	9	0.865558391226237	0.650714643381896	483	7
8934	3	0.266032623099191	0	9	0.865558391226237	0.650714643381896	483	7
8935	3	0.406362432490563	0	9	0.865558391226237	0.650714643381896	483	7
8936	0	0.271085331187528	0	9	0.865558391226237	0.650714643381896	483	7
8938	0	0.417437982347572	0	9	0.865558391226237	0.650714643381896	483	7
8939	4	0.0399092040221773	0	9	0.865558391226237	0.650714643381896	483	7
8940	0	0.478349425362613	0	9	0.865558391226237	0.650714643381896	483	7
8942	0	-0.179285094183937	0	9	0.865558391226237	0.650714643381896	483	7
8943	2	0.56690736174335	0	9	0.865558391226237	0.650714643381896	483	7
8945	0	0.355448606340988	0	9	0.865558391226237	0.650714643381896	483	7
8971	0	0.446566316622531	0	9	0.865558391226237	0.650714643381896	483	7
8972	6	0.187885193986532	0	9	0.865558391226237	0.650714643381896	483	7
8975	0	0.0960539327253283	0	9	0.865558391226237	0.650714643381896	483	7
8976	7	0.174423450312788	0	9	0.865558391226237	0.650714643381896	483	7
8985	0	0.357688560205156	0	9	0.865558391226237	0.650714643381896	483	7
8986	5	0.650624260408159	1	9	0.865558391226237	0.650714643381896	483	7
8989	1	0.429782924066553	0	9	0.865558391226237	0.650714643381896	483	7
8991	6	0.179251950207566	0	9	0.865558391226237	0.650714643381896	483	7
8992	2	0.483935094927158	0	9	0.865558391226237	0.650714643381896	483	7
8993	1	0.565509746057638	0	9	0.865558391226237	0.650714643381896	483	7
8994	1	0.525537308255841	0	9	0.865558391226237	0.650714643381896	483	7
8996	0	0.216238739510919	0	9	0.865558391226237	0.650714643381896	483	7
8997	0	0.239475535197069	0	9	0.865558391226237	0.650714643381896	483	7
8999	1	0.406528601715043	0	9	0.865558391226237	0.650714643381896	483	7
9001	1	0.433397338818179	0	9	0.865558391226237	0.650714643381896	483	7
9013	0	0.165478346917148	0	9	0.865558391226237	0.650714643381896	483	7
9014	3	0.500769875501789	0	9	0.865558391226237	0.650714643381896	483	7
9015	3	0.447934738189807	0	9	0.865558391226237	0.650714643381896	483	7
9016	0	0.462240282173072	0	9	0.865558391226237	0.650714643381896	483	7
9019	0	0.292876688822026	0	9	0.865558391226237	0.650714643381896	483	7
9020	0	0.477323307867185	0	9	0.865558391226237	0.650714643381896	483	7
9021	1	0.413252691524425	0	9	0.865558391226237	0.650714643381896	483	7
9022	1	0.554299793717033	0	9	0.865558391226237	0.650714643381896	483	7
9023	5	0.74509423637964	1	9	0.865558391226237	0.650714643381896	483	7
9024	1	0.564254246124568	0	9	0.865558391226237	0.650714643381896	483	7
9025	0	0.194535072359094	0	9	0.865558391226237	0.650714643381896	483	7
9026	0	0.338721456848351	0	9	0.865558391226237	0.650714643381896	483	7
9028	0	0.410401052423702	0	9	0.865558391226237	0.650714643381896	483	7
9031	0	0.121336201672851	0	9	0.865558391226237	0.650714643381896	483	7
9032	0	0.359768556623735	0	9	0.865558391226237	0.650714643381896	483	7
9034	1	0.445169790512005	0	9	0.865558391226237	0.650714643381896	483	7
9037	4	0.189504163636564	0	9	0.865558391226237	0.650714643381896	483	7
9039	3	0.404557599141425	0	9	0.865558391226237	0.650714643381896	483	7
9040	2	0.288167263426441	0	9	0.865558391226237	0.650714643381896	483	7
9043	3	0.114081973717653	0	9	0.865558391226237	0.650714643381896	483	7
9044	0	0.395627371692336	0	9	0.865558391226237	0.650714643381896	483	7
9045	7	0.497823047572551	0	9	0.865558391226237	0.650714643381896	483	7
9046	0	0.493151653696896	0	9	0.865558391226237	0.650714643381896	483	7
9047	1	0.591536653378066	0	9	0.865558391226237	0.650714643381896	483	7
9048	0	0.298657722329507	0	9	0.865558391226237	0.650714643381896	483	7
9049	2	0.364927017611645	0	9	0.865558391226237	0.650714643381896	483	7
9050	0	0.545308789321635	0	9	0.865558391226237	0.650714643381896	483	7
9051	5	0.70794851749872	1	9	0.865558391226237	0.650714643381896	483	7
9053	3	0.320516847529078	0	9	0.865558391226237	0.650714643381896	483	7
9054	0	0.0837424678452914	0	9	0.865558391226237	0.650714643381896	483	7
9055	0	0.389982541430519	0	9	0.865558391226237	0.650714643381896	483	7
9056	6	-0.0746596540042637	0	9	0.865558391226237	0.650714643381896	483	7
9057	1	0.572445086026807	0	9	0.865558391226237	0.650714643381896	483	7
9058	6	0.379099188314947	0	9	0.865558391226237	0.650714643381896	483	7
9060	0	0.460861343917405	0	9	0.865558391226237	0.650714643381896	483	7
9061	4	0.220350954823893	0	9	0.865558391226237	0.650714643381896	483	7
9063	5	0.620788178679492	1	9	0.865558391226237	0.650714643381896	483	7
9064	4	0.349561292958503	0	9	0.865558391226237	0.650714643381896	483	7
9070	4	0.383441116610488	0	9	0.865558391226237	0.650714643381896	483	7
9071	6	0.272409632376118	0	9	0.865558391226237	0.650714643381896	483	7
9073	0	0.175392731164861	0	9	0.865558391226237	0.650714643381896	483	7
9076	0	0.182130336851373	0	9	0.865558391226237	0.650714643381896	483	7
9077	3	0.610416510885805	0	9	0.865558391226237	0.650714643381896	483	7
9079	4	0.202857995030847	0	9	0.865558391226237	0.650714643381896	483	7
9086	0	-0.0232469051172778	0	9	0.865558391226237	0.650714643381896	483	7
9087	0	0.510778888034252	0	9	0.865558391226237	0.650714643381896	483	7
9088	7	0.351462988593715	0	9	0.865558391226237	0.650714643381896	483	7
9092	2	0.285915012439822	0	9	0.865558391226237	0.650714643381896	483	7
9093	0	0.22962168018623	0	9	0.865558391226237	0.650714643381896	483	7
9094	0	0.197541816597043	0	9	0.865558391226237	0.650714643381896	483	7
9095	1	0.631763581618027	0	9	0.865558391226237	0.650714643381896	483	7
9097	3	0.45201180239121	0	9	0.865558391226237	0.650714643381896	483	7
9099	4	0.242789319382733	0	9	0.865558391226237	0.650714643381896	483	7
9100	0	0.692721427707694	0	9	0.865558391226237	0.650714643381896	483	7
9101	3	0.283155901838471	0	9	0.865558391226237	0.650714643381896	483	7
9104	6	0.0603776619119237	0	9	0.865558391226237	0.650714643381896	483	7
9107	4	0.167532529613374	0	9	0.865558391226237	0.650714643381896	483	7
9110	3	0.243285708604801	0	9	0.865558391226237	0.650714643381896	483	7
9111	3	0.718386278158042	0	9	0.865558391226237	0.650714643381896	483	7
9112	1	0.593769961570873	0	9	0.865558391226237	0.650714643381896	483	7
9113	0	0.401875083264224	0	9	0.865558391226237	0.650714643381896	483	7
9114	2	0.27163189568368	0	9	0.865558391226237	0.650714643381896	483	7
9120	5	0.651627094330267	1	9	0.865558391226237	0.650714643381896	483	7
9121	2	0.485203797930754	0	9	0.865558391226237	0.650714643381896	483	7
9122	6	0.112707076733546	0	9	0.865558391226237	0.650714643381896	483	7
9124	5	0.745557876395815	1	9	0.865558391226237	0.650714643381896	483	7
9125	1	0.581259146732068	0	9	0.865558391226237	0.650714643381896	483	7
9126	0	0.330201156312214	0	9	0.865558391226237	0.650714643381896	483	7
9127	0	0.237117864995458	0	9	0.865558391226237	0.650714643381896	483	7
9128	5	0.614165977439982	1	9	0.865558391226237	0.650714643381896	483	7
9129	4	0.391169972976803	0	9	0.865558391226237	0.650714643381896	483	7
9130	2	0.0500606142308872	0	9	0.865558391226237	0.650714643381896	483	7
9131	6	-0.0393389911020883	0	9	0.865558391226237	0.650714643381896	483	7
9132	1	0.386058735611059	0	9	0.865558391226237	0.650714643381896	483	7
9133	1	0.624261889221261	0	9	0.865558391226237	0.650714643381896	483	7
9135	0	0.332004679820036	0	9	0.865558391226237	0.650714643381896	483	7
9136	1	0.493095779991633	0	9	0.865558391226237	0.650714643381896	483	7
9139	1	0.607079697307447	0	9	0.865558391226237	0.650714643381896	483	7
9140	3	0.54893110194151	0	9	0.865558391226237	0.650714643381896	483	7
9141	0	0.368814713821614	0	9	0.865558391226237	0.650714643381896	483	7
9143	5	0.663429408090025	1	9	0.865558391226237	0.650714643381896	483	7
9144	2	0.567734729119159	0	9	0.865558391226237	0.650714643381896	483	7
9145	1	0.662962879618038	0	9	0.865558391226237	0.650714643381896	483	7
9146	2	-0.0102517432041371	0	9	0.865558391226237	0.650714643381896	483	7
9147	4	0.338508156934294	0	9	0.865558391226237	0.650714643381896	483	7
9148	0	0.390446177801379	0	9	0.865558391226237	0.650714643381896	483	7
9149	0	0.366000627553798	0	9	0.865558391226237	0.650714643381896	483	7
9150	2	0.455779217852854	0	9	0.865558391226237	0.650714643381896	483	7
9153	0	0.0680239035009305	0	9	0.865558391226237	0.650714643381896	483	7
9154	7	0.099629306882569	0	9	0.865558391226237	0.650714643381896	483	7
9158	2	0.199768878012295	0	9	0.865558391226237	0.650714643381896	483	7
9159	2	0.538343127255674	0	9	0.865558391226237	0.650714643381896	483	7
9162	1	0.486728967075038	0	9	0.865558391226237	0.650714643381896	483	7
9166	0	-0.00597538511376894	0	9	0.865558391226237	0.650714643381896	483	7
9167	3	0.497784622446665	0	9	0.865558391226237	0.650714643381896	483	7
9168	2	0.606120844288473	0	9	0.865558391226237	0.650714643381896	483	7
9169	4	0.386866346173618	0	9	0.865558391226237	0.650714643381896	483	7
9170	5	0.62173432171166	1	9	0.865558391226237	0.650714643381896	483	7
9172	3	0.261350372252401	0	9	0.865558391226237	0.650714643381896	483	7
9173	1	0.50954087385133	0	9	0.865558391226237	0.650714643381896	483	7
9175	3	0.246700939703023	0	9	0.865558391226237	0.650714643381896	483	7
9179	0	0.0786775396873611	0	9	0.865558391226237	0.650714643381896	483	7
9180	0	0.538079564670022	0	9	0.865558391226237	0.650714643381896	483	7
9181	1	0.560941125894695	0	9	0.865558391226237	0.650714643381896	483	7
9182	0	0.624553885463471	0	9	0.865558391226237	0.650714643381896	483	7
9183	2	0.524911258847959	0	9	0.865558391226237	0.650714643381896	483	7
9184	3	0.646298071156255	0	9	0.865558391226237	0.650714643381896	483	7
9185	2	0.42223732992946	0	9	0.865558391226237	0.650714643381896	483	7
9187	1	0.536892421667259	0	9	0.865558391226237	0.650714643381896	483	7
9188	3	0.561693346722326	0	9	0.865558391226237	0.650714643381896	483	7
9191	0	0.298882697112414	0	9	0.865558391226237	0.650714643381896	483	7
9194	0	0.618122413752145	0	9	0.865558391226237	0.650714643381896	483	7
9196	1	0.557132132621597	0	9	0.865558391226237	0.650714643381896	483	7
9197	2	0.360389268532779	0	9	0.865558391226237	0.650714643381896	483	7
9200	0	0.230573278756252	0	9	0.865558391226237	0.650714643381896	483	7
9201	0	0.501317535838201	0	9	0.865558391226237	0.650714643381896	483	7
9202	0	0.0456421656937898	0	9	0.865558391226237	0.650714643381896	483	7
9203	2	0.260547905260117	0	9	0.865558391226237	0.650714643381896	483	7
9205	0	0.302239460748259	0	9	0.865558391226237	0.650714643381896	483	7
9208	0	0.456895403782279	0	9	0.865558391226237	0.650714643381896	483	7
9209	0	-0.191245437199322	0	9	0.865558391226237	0.650714643381896	483	7
9212	0	0.366843980863863	0	9	0.865558391226237	0.650714643381896	483	7
9214	5	0.81676428407222	1	9	0.865558391226237	0.650714643381896	483	7
9215	4	0.289018440595642	0	9	0.865558391226237	0.650714643381896	483	7
9217	0	0.264715072010354	0	9	0.865558391226237	0.650714643381896	483	7
9218	4	0.157034038096395	0	9	0.865558391226237	0.650714643381896	483	7
9219	1	0.383608963198526	0	9	0.865558391226237	0.650714643381896	483	7
9221	0	0.390691847846071	0	9	0.865558391226237	0.650714643381896	483	7
9228	0	0.241544830362386	0	9	0.865558391226237	0.650714643381896	483	7
9229	0	0.481790785067084	0	9	0.865558391226237	0.650714643381896	483	7
9230	7	0.172739384173937	0	9	0.865558391226237	0.650714643381896	483	7
9231	0	0.543779170499138	0	9	0.865558391226237	0.650714643381896	483	7
9232	1	0.73343455404941	0	9	0.865558391226237	0.650714643381896	483	7
9235	2	0.342510415287293	0	9	0.865558391226237	0.650714643381896	483	7
9240	4	0.192706963435091	0	9	0.865558391226237	0.650714643381896	483	7
9242	5	0.714286302459685	1	9	0.865558391226237	0.650714643381896	483	7
9244	1	0.453692223038666	0	9	0.865558391226237	0.650714643381896	483	7
9245	5	0.558781135588815	1	9	0.865558391226237	0.650714643381896	483	7
9246	0	0.627131322007209	0	9	0.865558391226237	0.650714643381896	483	7
9249	2	0.0695980733677611	0	9	0.865558391226237	0.650714643381896	483	7
9252	0	-0.0315406548609077	0	9	0.865558391226237	0.650714643381896	483	7
9254	0	0.393158828479763	0	9	0.865558391226237	0.650714643381896	483	7
9255	3	0.27388680387116	0	9	0.865558391226237	0.650714643381896	483	7
9256	0	0.382096456685963	0	9	0.865558391226237	0.650714643381896	483	7
9258	0	0.562460368615971	0	9	0.865558391226237	0.650714643381896	483	7
9260	4	0.428752706004742	0	9	0.865558391226237	0.650714643381896	483	7
9261	0	0.473487536516495	0	9	0.865558391226237	0.650714643381896	483	7
9262	0	0.507837199028363	0	9	0.865558391226237	0.650714643381896	483	7
9263	5	0.662802606552409	1	9	0.865558391226237	0.650714643381896	483	7
9265	1	0.454302019227576	0	9	0.865558391226237	0.650714643381896	483	7
9266	2	0.287285181717401	0	9	0.865558391226237	0.650714643381896	483	7
9267	0	0.447597911373435	0	9	0.865558391226237	0.650714643381896	483	7
9270	0	0.178423211849331	0	9	0.865558391226237	0.650714643381896	483	7
9274	2	0.496891344826671	0	9	0.865558391226237	0.650714643381896	483	7
9275	2	0.395178922108484	0	9	0.865558391226237	0.650714643381896	483	7
9276	3	0.171194953720918	0	9	0.865558391226237	0.650714643381896	483	7
9277	2	0.53220396732269	0	9	0.865558391226237	0.650714643381896	483	7
9282	0	0.311733802692934	0	9	0.865558391226237	0.650714643381896	483	7
9289	6	0.290705788647577	0	9	0.865558391226237	0.650714643381896	483	7
9293	1	0.31199244147399	0	9	0.865558391226237	0.650714643381896	483	7
9294	1	0.45384043192817	0	9	0.865558391226237	0.650714643381896	483	7
9295	3	0.527528740456449	0	9	0.865558391226237	0.650714643381896	483	7
9306	3	0.490479128303112	0	9	0.865558391226237	0.650714643381896	483	7
9308	0	0.0302527797477365	0	9	0.865558391226237	0.650714643381896	483	7
9310	1	0.405746564485185	0	9	0.865558391226237	0.650714643381896	483	7
9312	1	0.518536859406463	0	9	0.865558391226237	0.650714643381896	483	7
9314	4	0.351336974296072	0	9	0.865558391226237	0.650714643381896	483	7
9315	3	0.357947279299278	0	9	0.865558391226237	0.650714643381896	483	7
9317	3	0.326922542753241	0	9	0.865558391226237	0.650714643381896	483	7
9318	3	0.326785160021568	0	9	0.865558391226237	0.650714643381896	483	7
9319	5	0.66503534416321	1	9	0.865558391226237	0.650714643381896	483	7
9320	3	0.338143549129799	0	9	0.865558391226237	0.650714643381896	483	7
9321	1	0.406049638907233	0	9	0.865558391226237	0.650714643381896	483	7
9322	2	0.366889059498834	0	9	0.865558391226237	0.650714643381896	483	7
9324	0	0.0409321196465712	0	9	0.865558391226237	0.650714643381896	483	7
9325	0	-0.0284046555577594	0	9	0.865558391226237	0.650714643381896	483	7
9326	2	0.434005384749811	0	9	0.865558391226237	0.650714643381896	483	7
9328	2	0.412526987789124	0	9	0.865558391226237	0.650714643381896	483	7
9329	0	0.377437744630576	0	9	0.865558391226237	0.650714643381896	483	7
9330	0	0.302403251271967	0	9	0.865558391226237	0.650714643381896	483	7
9331	1	0.418190934633248	0	9	0.865558391226237	0.650714643381896	483	7
9332	5	0.715209328627169	1	9	0.865558391226237	0.650714643381896	483	7
9334	0	0.426051307197745	0	9	0.865558391226237	0.650714643381896	483	7
9337	0	0.365513072504703	0	9	0.865558391226237	0.650714643381896	483	7
9338	4	0.260230816468639	0	9	0.865558391226237	0.650714643381896	483	7
9341	0	0.0319400904067538	0	9	0.865558391226237	0.650714643381896	483	7
9342	4	0.38000060449205	0	9	0.865558391226237	0.650714643381896	483	7
9344	0	-0.161853066915844	0	9	0.865558391226237	0.650714643381896	483	7
9348	1	0.51159390759817	0	9	0.865558391226237	0.650714643381896	483	7
9351	0	0.59309036323939	0	9	0.865558391226237	0.650714643381896	483	7
9352	6	0.247792306289349	0	9	0.865558391226237	0.650714643381896	483	7
9353	6	0.195090768245506	0	9	0.865558391226237	0.650714643381896	483	7
9354	4	0.153330654068264	0	9	0.865558391226237	0.650714643381896	483	7
9356	6	-0.21098517715806	0	9	0.865558391226237	0.650714643381896	483	7
9358	0	-0.157332214850049	0	9	0.865558391226237	0.650714643381896	483	7
9360	0	0.301482772709747	0	9	0.865558391226237	0.650714643381896	483	7
9361	2	0.294735208962384	0	9	0.865558391226237	0.650714643381896	483	7
9362	0	0.262488139908438	0	9	0.865558391226237	0.650714643381896	483	7
9364	0	0.459054572091092	0	9	0.865558391226237	0.650714643381896	483	7
9365	6	-0.160834714486998	0	9	0.865558391226237	0.650714643381896	483	7
9367	2	0.457722045674507	0	9	0.865558391226237	0.650714643381896	483	7
9369	0	0.382559394284759	0	9	0.865558391226237	0.650714643381896	483	7
9370	1	0.415488990418399	0	9	0.865558391226237	0.650714643381896	483	7
9371	3	0.18105241811032	0	9	0.865558391226237	0.650714643381896	483	7
9372	1	0.455571252468349	0	9	0.865558391226237	0.650714643381896	483	7
9373	4	0.484396113779182	0	9	0.865558391226237	0.650714643381896	483	7
9375	3	0.336243921194263	0	9	0.865558391226237	0.650714643381896	483	7
9376	6	-0.17829615760998	0	9	0.865558391226237	0.650714643381896	483	7
9377	2	0.0806761805862886	0	9	0.865558391226237	0.650714643381896	483	7
9378	1	0.47741559804024	0	9	0.865558391226237	0.650714643381896	483	7
9379	0	0.263544048434555	0	9	0.865558391226237	0.650714643381896	483	7
9380	6	0.00767663460009551	0	9	0.865558391226237	0.650714643381896	483	7
9388	5	0.659231163577239	1	9	0.865558391226237	0.650714643381896	483	7
9389	1	0.547437857807843	0	9	0.865558391226237	0.650714643381896	483	7
9390	0	0.240809218090769	0	9	0.865558391226237	0.650714643381896	483	7
9391	0	0.365107682975141	0	9	0.865558391226237	0.650714643381896	483	7
9392	5	0.734945613510284	1	9	0.865558391226237	0.650714643381896	483	7
9397	0	0.0669105113040876	0	9	0.865558391226237	0.650714643381896	483	7
9399	5	0.717820082252821	1	9	0.865558391226237	0.650714643381896	483	7
9400	1	0.574394592581094	0	9	0.865558391226237	0.650714643381896	483	7
9401	1	0.47047060221835	0	9	0.865558391226237	0.650714643381896	483	7
9402	1	0.435874072416779	0	9	0.865558391226237	0.650714643381896	483	7
9403	3	0.132911409448273	0	9	0.865558391226237	0.650714643381896	483	7
9404	5	0.769155974393446	1	9	0.865558391226237	0.650714643381896	483	7
9407	1	0.496767441398984	0	9	0.865558391226237	0.650714643381896	483	7
9409	6	0.159148421667411	0	9	0.865558391226237	0.650714643381896	483	7
9410	0	0.22630413288278	0	9	0.865558391226237	0.650714643381896	483	7
9411	4	0.161362017361735	0	9	0.865558391226237	0.650714643381896	483	7
9413	4	0.0956801664353331	0	9	0.865558391226237	0.650714643381896	483	7
9414	3	0.452152903032332	0	9	0.865558391226237	0.650714643381896	483	7
9415	1	0.573066336908438	0	9	0.865558391226237	0.650714643381896	483	7
9416	0	0.117448793577425	0	9	0.865558391226237	0.650714643381896	483	7
9419	0	-0.0920816499698695	0	9	0.865558391226237	0.650714643381896	483	7
9420	5	0.703907670933587	1	9	0.865558391226237	0.650714643381896	483	7
9422	0	0.116998925052248	0	9	0.865558391226237	0.650714643381896	483	7
9423	0	0.112103518695093	0	9	0.865558391226237	0.650714643381896	483	7
9425	0	0.305085855850278	0	9	0.865558391226237	0.650714643381896	483	7
9427	1	0.549321198809246	0	9	0.865558391226237	0.650714643381896	483	7
9429	0	0.426068711137929	0	9	0.865558391226237	0.650714643381896	483	7
9435	0	0.155458216510169	0	9	0.865558391226237	0.650714643381896	483	7
9439	3	0.490363229804279	0	9	0.865558391226237	0.650714643381896	483	7
9440	3	0.431317417178091	0	9	0.865558391226237	0.650714643381896	483	7
9442	1	0.388771868646549	0	9	0.865558391226237	0.650714643381896	483	7
9443	3	0.609330221967757	0	9	0.865558391226237	0.650714643381896	483	7
9444	4	0.186750564822123	0	9	0.865558391226237	0.650714643381896	483	7
9445	6	-0.0461536420044503	0	9	0.865558391226237	0.650714643381896	483	7
9446	2	0.401470078083948	0	9	0.865558391226237	0.650714643381896	483	7
9447	1	0.568875504407761	0	9	0.865558391226237	0.650714643381896	483	7
9448	0	0.520112773897032	0	9	0.865558391226237	0.650714643381896	483	7
9450	5	0.708730034376325	1	9	0.865558391226237	0.650714643381896	483	7
9451	4	0.171844730565203	0	9	0.865558391226237	0.650714643381896	483	7
9452	0	0.256234398723881	0	9	0.865558391226237	0.650714643381896	483	7
9453	0	0.0264673054699839	0	9	0.865558391226237	0.650714643381896	483	7
9454	2	0.602204626869972	0	9	0.865558391226237	0.650714643381896	483	7
9455	1	0.679339190604617	0	9	0.865558391226237	0.650714643381896	483	7
9456	0	0.230797756904087	0	9	0.865558391226237	0.650714643381896	483	7
9457	0	0.29614134536503	0	9	0.865558391226237	0.650714643381896	483	7
9459	0	0.40278459999338	0	9	0.865558391226237	0.650714643381896	483	7
9462	1	0.697315528839841	0	9	0.865558391226237	0.650714643381896	483	7
9463	0	0.247918646410087	0	9	0.865558391226237	0.650714643381896	483	7
9465	1	0.44672398827327	0	9	0.865558391226237	0.650714643381896	483	7
9466	0	0.569113481104934	0	9	0.865558391226237	0.650714643381896	483	7
9467	0	-0.0349833857215891	0	9	0.865558391226237	0.650714643381896	483	7
9469	1	0.52488863513899	0	9	0.865558391226237	0.650714643381896	483	7
9470	2	0.525010407538675	0	9	0.865558391226237	0.650714643381896	483	7
9472	1	0.415740973556276	0	9	0.865558391226237	0.650714643381896	483	7
9473	0	0.601377774381004	0	9	0.865558391226237	0.650714643381896	483	7
9474	3	0.561219042757907	0	9	0.865558391226237	0.650714643381896	483	7
9475	1	0.465438055741973	0	9	0.865558391226237	0.650714643381896	483	7
9477	0	0.405648252684896	0	9	0.865558391226237	0.650714643381896	483	7
9478	0	0.26582373304868	0	9	0.865558391226237	0.650714643381896	483	7
9480	1	0.55395083728291	0	9	0.865558391226237	0.650714643381896	483	7
9482	2	0.344927708409361	0	9	0.865558391226237	0.650714643381896	483	7
9486	0	0.188185442588666	0	9	0.865558391226237	0.650714643381896	483	7
9487	4	0.261706781277903	0	9	0.865558391226237	0.650714643381896	483	7
9488	4	0.127034544952905	0	9	0.865558391226237	0.650714643381896	483	7
9489	0	0.204754905179246	0	9	0.865558391226237	0.650714643381896	483	7
9491	2	0.169750222670289	0	9	0.865558391226237	0.650714643381896	483	7
9493	3	0.459692197010326	0	9	0.865558391226237	0.650714643381896	483	7
9495	1	0.318479477055142	0	9	0.865558391226237	0.650714643381896	483	7
9497	0	0.552947098055362	0	9	0.865558391226237	0.650714643381896	483	7
9499	1	0.421064491515461	0	9	0.865558391226237	0.650714643381896	483	7
9500	0	-0.182334107350074	0	9	0.865558391226237	0.650714643381896	483	7
9501	4	0.466861663127468	0	9	0.865558391226237	0.650714643381896	483	7
9508	0	0.323487238015258	0	9	0.865558391226237	0.650714643381896	483	7
9509	0	0.199014274338893	0	9	0.865558391226237	0.650714643381896	483	7
9510	0	0.436066559336859	0	9	0.865558391226237	0.650714643381896	483	7
9512	6	0.11466713216954	0	9	0.865558391226237	0.650714643381896	483	7
9513	1	0.235706146502651	0	9	0.865558391226237	0.650714643381896	483	7
9514	2	0.435418187765372	0	9	0.865558391226237	0.650714643381896	483	7
9516	2	0.560562748940865	0	9	0.865558391226237	0.650714643381896	483	7
9517	3	0.525922954262958	0	9	0.865558391226237	0.650714643381896	483	7
9518	0	0.153053576583971	0	9	0.865558391226237	0.650714643381896	483	7
9519	0	0.0748607831100379	0	9	0.865558391226237	0.650714643381896	483	7
9522	3	0.446687298116436	0	9	0.865558391226237	0.650714643381896	483	7
9525	4	0.301771352093859	0	9	0.865558391226237	0.650714643381896	483	7
9526	2	0.498260912727207	0	9	0.865558391226237	0.650714643381896	483	7
9527	3	0.52040395158693	0	9	0.865558391226237	0.650714643381896	483	7
9528	3	0.12007243332477	0	9	0.865558391226237	0.650714643381896	483	7
9529	3	0.397055370798096	0	9	0.865558391226237	0.650714643381896	483	7
9530	0	0.366105443001136	0	9	0.865558391226237	0.650714643381896	483	7
9531	6	-0.0575416616844577	0	9	0.865558391226237	0.650714643381896	483	7
9532	3	0.459279678630333	0	9	0.865558391226237	0.650714643381896	483	7
9533	1	0.390115498052092	0	9	0.865558391226237	0.650714643381896	483	7
9534	0	0.503133712263572	0	9	0.865558391226237	0.650714643381896	483	7
9535	1	0.56523877773534	0	9	0.865558391226237	0.650714643381896	483	7
9536	5	0.821264409858804	1	9	0.865558391226237	0.650714643381896	483	7
9537	1	0.639986191220058	0	9	0.865558391226237	0.650714643381896	483	7
9538	0	0.481356696409997	0	9	0.865558391226237	0.650714643381896	483	7
9540	0	0.490289439540431	0	9	0.865558391226237	0.650714643381896	483	7
9542	1	0.496235290200911	0	9	0.865558391226237	0.650714643381896	483	7
9545	1	0.327672396049769	0	9	0.865558391226237	0.650714643381896	483	7
9546	2	0.543782840643303	0	9	0.865558391226237	0.650714643381896	483	7
9547	6	-0.0397533668093877	0	9	0.865558391226237	0.650714643381896	483	7
9550	2	0.129774444505664	0	9	0.865558391226237	0.650714643381896	483	7
9552	2	0.455574620755587	0	9	0.865558391226237	0.650714643381896	483	7
9553	2	0.366313854476385	0	9	0.865558391226237	0.650714643381896	483	7
9555	2	0.402024892491377	0	9	0.865558391226237	0.650714643381896	483	7
9556	7	0.278346729675171	0	9	0.865558391226237	0.650714643381896	483	7
9559	4	0.17242158583414	0	9	0.865558391226237	0.650714643381896	483	7
9562	0	0.0590031494616551	0	9	0.865558391226237	0.650714643381896	483	7
9563	0	0.417009011854747	0	9	0.865558391226237	0.650714643381896	483	7
9567	1	0.483146638575316	0	9	0.865558391226237	0.650714643381896	483	7
9569	0	0.275869620535943	0	9	0.865558391226237	0.650714643381896	483	7
9570	0	0.424931770665608	0	9	0.865558391226237	0.650714643381896	483	7
9573	1	0.522855776098235	0	9	0.865558391226237	0.650714643381896	483	7
9575	1	0.397421861058256	0	9	0.865558391226237	0.650714643381896	483	7
9576	0	0.582821420205101	0	9	0.865558391226237	0.650714643381896	483	7
9577	0	0.165205787060677	0	9	0.865558391226237	0.650714643381896	483	7
9578	0	0.26309911293235	0	9	0.865558391226237	0.650714643381896	483	7
9580	4	0.229816378004232	0	9	0.865558391226237	0.650714643381896	483	7
9581	0	0.199326584315213	0	9	0.865558391226237	0.650714643381896	483	7
9583	4	0.270624820518292	0	9	0.865558391226237	0.650714643381896	483	7
9584	3	0.242691928871791	0	9	0.865558391226237	0.650714643381896	483	7
9585	0	0.290574679180559	0	9	0.865558391226237	0.650714643381896	483	7
9587	0	0.443472925035661	0	9	0.865558391226237	0.650714643381896	483	7
9588	2	0.259273094617498	0	9	0.865558391226237	0.650714643381896	483	7
9589	0	0.469642065025244	0	9	0.865558391226237	0.650714643381896	483	7
9590	0	0.474594808037907	0	9	0.865558391226237	0.650714643381896	483	7
9592	0	0.168088379613091	0	9	0.865558391226237	0.650714643381896	483	7
9595	5	0.704564719872869	1	9	0.865558391226237	0.650714643381896	483	7
9600	0	0.171038793835303	0	9	0.865558391226237	0.650714643381896	483	7
9601	2	0.542650953014385	0	9	0.865558391226237	0.650714643381896	483	7
9603	4	0.367397047019244	0	9	0.865558391226237	0.650714643381896	483	7
9604	3	0.167508542654594	0	9	0.865558391226237	0.650714643381896	483	7
9605	0	0.512676702641726	0	9	0.865558391226237	0.650714643381896	483	7
9609	0	0.341983060232299	0	9	0.865558391226237	0.650714643381896	483	7
9610	1	0.369973863520708	0	9	0.865558391226237	0.650714643381896	483	7
9611	0	0.20860166493761	0	9	0.865558391226237	0.650714643381896	483	7
9612	4	0.360924849672289	0	9	0.865558391226237	0.650714643381896	483	7
9616	0	0.329704625491591	0	9	0.865558391226237	0.650714643381896	483	7
9617	0	0.172581125478233	0	9	0.865558391226237	0.650714643381896	483	7
9618	2	0.514867307096789	0	9	0.865558391226237	0.650714643381896	483	7
9619	0	0.614566658484852	0	9	0.865558391226237	0.650714643381896	483	7
9620	0	0.110467020268987	0	9	0.865558391226237	0.650714643381896	483	7
9625	0	-0.00916635209566624	0	9	0.865558391226237	0.650714643381896	483	7
9627	0	0.612876186526005	0	9	0.865558391226237	0.650714643381896	483	7
9628	1	0.517931521324705	0	9	0.865558391226237	0.650714643381896	483	7
9630	0	0.09593566873789	0	9	0.865558391226237	0.650714643381896	483	7
9631	0	0.293615907068126	0	9	0.865558391226237	0.650714643381896	483	7
9632	2	0.154090015195571	0	9	0.865558391226237	0.650714643381896	483	7
9633	0	0.258110044608412	0	9	0.865558391226237	0.650714643381896	483	7
9636	0	0.501513588715554	0	9	0.865558391226237	0.650714643381896	483	7
9637	0	-0.0992288945176247	0	9	0.865558391226237	0.650714643381896	483	7
9638	4	0.286962297226393	0	9	0.865558391226237	0.650714643381896	483	7
9639	1	0.44154061575821	0	9	0.865558391226237	0.650714643381896	483	7
9640	0	0.422583641332167	0	9	0.865558391226237	0.650714643381896	483	7
9641	0	0.289807932184559	0	9	0.865558391226237	0.650714643381896	483	7
9643	6	0.252419299682564	0	9	0.865558391226237	0.650714643381896	483	7
9644	0	0.294712081211721	0	9	0.865558391226237	0.650714643381896	483	7
9645	0	0.279142858813948	0	9	0.865558391226237	0.650714643381896	483	7
9646	3	0.287163409976982	0	9	0.865558391226237	0.650714643381896	483	7
9647	4	0.342878421582084	0	9	0.865558391226237	0.650714643381896	483	7
9648	4	0.185582787436456	0	9	0.865558391226237	0.650714643381896	483	7
9649	0	0.578284057543121	0	9	0.865558391226237	0.650714643381896	483	7
9650	3	0.230099044811025	0	9	0.865558391226237	0.650714643381896	483	7
9651	0	0.0373296224265859	0	9	0.865558391226237	0.650714643381896	483	7
9652	3	0.176252422547942	0	9	0.865558391226237	0.650714643381896	483	7
9654	0	0.428765479215044	0	9	0.865558391226237	0.650714643381896	483	7
9655	4	0.330757301034733	0	9	0.865558391226237	0.650714643381896	483	7
9657	1	0.525933615708987	0	9	0.865558391226237	0.650714643381896	483	7
9658	4	0.287061143451542	0	9	0.865558391226237	0.650714643381896	483	7
9662	0	0.185344764250138	0	9	0.865558391226237	0.650714643381896	483	7
9663	0	0.46788406394014	0	9	0.865558391226237	0.650714643381896	483	7
9665	0	0.32002806211394	0	9	0.865558391226237	0.650714643381896	483	7
9666	0	-0.0155065569309825	0	9	0.865558391226237	0.650714643381896	483	7
9667	0	0.173037891541488	0	9	0.865558391226237	0.650714643381896	483	7
9669	3	0.252167461792948	0	9	0.865558391226237	0.650714643381896	483	7
9670	2	0.379393630078019	0	9	0.865558391226237	0.650714643381896	483	7
9672	0	0.176116443757635	0	9	0.865558391226237	0.650714643381896	483	7
9673	0	0.132858276841276	0	9	0.865558391226237	0.650714643381896	483	7
9674	4	0.242152853637054	0	9	0.865558391226237	0.650714643381896	483	7
9675	3	0.382766921078191	0	9	0.865558391226237	0.650714643381896	483	7
9677	3	0.625947250248589	0	9	0.865558391226237	0.650714643381896	483	7
9678	0	0.443999890415839	0	9	0.865558391226237	0.650714643381896	483	7
9679	0	0.352160738384615	0	9	0.865558391226237	0.650714643381896	483	7
9681	0	0.544722472609094	0	9	0.865558391226237	0.650714643381896	483	7
9682	0	0.433834534633517	0	9	0.865558391226237	0.650714643381896	483	7
9683	0	0.344954102135608	0	9	0.865558391226237	0.650714643381896	483	7
9684	0	0.569654688720766	0	9	0.865558391226237	0.650714643381896	483	7
9685	0	0.394248918709591	0	9	0.865558391226237	0.650714643381896	483	7
9686	4	0.27934315102016	0	9	0.865558391226237	0.650714643381896	483	7
9687	0	0.278089360182369	0	9	0.865558391226237	0.650714643381896	483	7
9688	3	0.641961789661286	0	9	0.865558391226237	0.650714643381896	483	7
9690	0	0.168906351294473	0	9	0.865558391226237	0.650714643381896	483	7
9692	2	0.288937361901943	0	9	0.865558391226237	0.650714643381896	483	7
9693	3	0.422441850792688	0	9	0.865558391226237	0.650714643381896	483	7
9694	3	0.154881252800591	0	9	0.865558391226237	0.650714643381896	483	7
9695	4	0.527478299432812	0	9	0.865558391226237	0.650714643381896	483	7
9696	0	0.48948288037558	0	9	0.865558391226237	0.650714643381896	483	7
9697	4	0.245779775056925	0	9	0.865558391226237	0.650714643381896	483	7
9698	3	0.0928251780881651	0	9	0.865558391226237	0.650714643381896	483	7
9699	0	0.167004281387923	0	9	0.865558391226237	0.650714643381896	483	7
9700	0	0.184161091120597	0	9	0.865558391226237	0.650714643381896	483	7
9701	0	0.459643546231501	0	9	0.865558391226237	0.650714643381896	483	7
9702	3	0.562385915238543	0	9	0.865558391226237	0.650714643381896	483	7
9703	2	0.435190980629105	0	9	0.865558391226237	0.650714643381896	483	7
9704	0	0.339710807661149	0	9	0.865558391226237	0.650714643381896	483	7
9705	3	0.562549184904127	0	9	0.865558391226237	0.650714643381896	483	7
9706	0	0.288200930959636	0	9	0.865558391226237	0.650714643381896	483	7
9709	3	0.136536369164076	0	9	0.865558391226237	0.650714643381896	483	7
9710	4	0.319860308622969	0	9	0.865558391226237	0.650714643381896	483	7
9715	0	0.353795551932944	0	9	0.865558391226237	0.650714643381896	483	7
9716	0	0.124046496952957	0	9	0.865558391226237	0.650714643381896	483	7
9717	1	0.46858911290377	0	9	0.865558391226237	0.650714643381896	483	7
9718	1	0.509170261622403	0	9	0.865558391226237	0.650714643381896	483	7
9722	1	0.212141688658609	0	9	0.865558391226237	0.650714643381896	483	7
9725	2	0.287831802156492	0	9	0.865558391226237	0.650714643381896	483	7
9726	1	0.343879357858383	0	9	0.865558391226237	0.650714643381896	483	7
9727	6	0.0656636622265175	0	9	0.865558391226237	0.650714643381896	483	7
9728	4	0.500146198967543	0	9	0.865558391226237	0.650714643381896	483	7
9730	0	0.279283509656102	0	9	0.865558391226237	0.650714643381896	483	7
9731	0	0.0933940557357768	0	9	0.865558391226237	0.650714643381896	483	7
9732	0	-0.244961410711287	0	9	0.865558391226237	0.650714643381896	483	7
9733	0	0.456492280718156	0	9	0.865558391226237	0.650714643381896	483	7
9734	0	0.479947570878371	0	9	0.865558391226237	0.650714643381896	483	7
9735	0	0.508655828413156	0	9	0.865558391226237	0.650714643381896	483	7
9736	3	0.340174435108391	0	9	0.865558391226237	0.650714643381896	483	7
9737	4	0.0389401193914739	0	9	0.865558391226237	0.650714643381896	483	7
9738	1	0.396862992191799	0	9	0.865558391226237	0.650714643381896	483	7
9739	1	0.330877132658347	0	9	0.865558391226237	0.650714643381896	483	7
9741	6	0.220298974165399	0	9	0.865558391226237	0.650714643381896	483	7
9742	0	0.170144225770292	0	9	0.865558391226237	0.650714643381896	483	7
9743	0	0.133221784777057	0	9	0.865558391226237	0.650714643381896	483	7
9746	0	0.148805497285024	0	9	0.865558391226237	0.650714643381896	483	7
9748	0	-0.241386069692742	0	9	0.865558391226237	0.650714643381896	483	7
9749	0	0.127129628441847	0	9	0.865558391226237	0.650714643381896	483	7
9750	1	0.568760776510222	0	9	0.865558391226237	0.650714643381896	483	7
9753	0	0.283959761393238	0	9	0.865558391226237	0.650714643381896	483	7
9754	0	0.0340122642384075	0	9	0.865558391226237	0.650714643381896	483	7
9755	0	0.148126476016347	0	9	0.865558391226237	0.650714643381896	483	7
9757	1	0.474533082741268	0	9	0.865558391226237	0.650714643381896	483	7
9759	4	0.262702475657828	0	9	0.865558391226237	0.650714643381896	483	7
9760	5	0.652295377459963	1	9	0.865558391226237	0.650714643381896	483	7
9761	2	0.345528676254906	0	9	0.865558391226237	0.650714643381896	483	7
9762	2	0.336293056066901	0	9	0.865558391226237	0.650714643381896	483	7
9764	0	0.292005433513437	0	9	0.865558391226237	0.650714643381896	483	7
9765	4	0.47432605246676	0	9	0.865558391226237	0.650714643381896	483	7
9766	4	0.155831071089064	0	9	0.865558391226237	0.650714643381896	483	7
9767	0	0.133168478489331	0	9	0.865558391226237	0.650714643381896	483	7
9770	0	0.382881902502722	0	9	0.865558391226237	0.650714643381896	483	7
9771	0	0.173369944913644	0	9	0.865558391226237	0.650714643381896	483	7
9774	3	0.625989592999163	0	9	0.865558391226237	0.650714643381896	483	7
9775	2	0.332491602316372	0	9	0.865558391226237	0.650714643381896	483	7
9776	2	0.485209833873266	0	9	0.865558391226237	0.650714643381896	483	7
9777	0	0.388845131511102	0	9	0.865558391226237	0.650714643381896	483	7
9778	0	-0.205012569295	0	9	0.865558391226237	0.650714643381896	483	7
9779	1	0.47350934474217	0	9	0.865558391226237	0.650714643381896	483	7
9781	4	0.475983569004554	0	9	0.865558391226237	0.650714643381896	483	7
9783	0	0.0354875461527371	0	9	0.865558391226237	0.650714643381896	483	7
9784	2	0.29554165829767	0	9	0.865558391226237	0.650714643381896	483	7
9785	0	0.480256414490049	0	9	0.865558391226237	0.650714643381896	483	7
9786	0	0.448324915817929	0	9	0.865558391226237	0.650714643381896	483	7
9788	0	0.288760459098215	0	9	0.865558391226237	0.650714643381896	483	7
9790	3	0.318079590173271	0	9	0.865558391226237	0.650714643381896	483	7
9791	4	0.1933793221807	0	9	0.865558391226237	0.650714643381896	483	7
9792	0	0.332166059279131	0	9	0.865558391226237	0.650714643381896	483	7
9793	0	-0.13146651855632	0	9	0.865558391226237	0.650714643381896	483	7
9794	0	0.364890624318347	0	9	0.865558391226237	0.650714643381896	483	7
9796	4	0.110480909499563	0	9	0.865558391226237	0.650714643381896	483	7
9798	0	-0.0392983970330945	0	9	0.865558391226237	0.650714643381896	483	7
9801	0	0.213801121434855	0	9	0.865558391226237	0.650714643381896	483	7
9802	2	0.404398618338647	0	9	0.865558391226237	0.650714643381896	483	7
9804	0	0.187972308618908	0	9	0.865558391226237	0.650714643381896	483	7
9805	3	0.386808731142299	0	9	0.865558391226237	0.650714643381896	483	7
9806	4	0.148737957731411	0	9	0.865558391226237	0.650714643381896	483	7
9807	0	0.385487996321704	0	9	0.865558391226237	0.650714643381896	483	7
9810	2	0.363238533247433	0	9	0.865558391226237	0.650714643381896	483	7
9812	0	0.345199261286911	0	9	0.865558391226237	0.650714643381896	483	7
9813	4	0.426154236131801	0	9	0.865558391226237	0.650714643381896	483	7
9814	0	0.415344210802361	0	9	0.865558391226237	0.650714643381896	483	7
9815	1	0.682194058952244	0	9	0.865558391226237	0.650714643381896	483	7
9816	0	0.452569869759087	0	9	0.865558391226237	0.650714643381896	483	7
9817	2	0.365494390805716	0	9	0.865558391226237	0.650714643381896	483	7
9819	0	0.151803410645799	0	9	0.865558391226237	0.650714643381896	483	7
9820	2	0.33226135476169	0	9	0.865558391226237	0.650714643381896	483	7
9821	0	0.167315572387337	0	9	0.865558391226237	0.650714643381896	483	7
9823	3	0.233375319519764	0	9	0.865558391226237	0.650714643381896	483	7
9824	1	0.678980190723777	0	9	0.865558391226237	0.650714643381896	483	7
9825	4	0.247338344144491	0	9	0.865558391226237	0.650714643381896	483	7
9826	0	0.405477075470093	0	9	0.865558391226237	0.650714643381896	483	7
9828	4	0.150927450722471	0	9	0.865558391226237	0.650714643381896	483	7
9829	0	0.0870763729898744	0	9	0.865558391226237	0.650714643381896	483	7
9830	0	0.415617121459572	0	9	0.865558391226237	0.650714643381896	483	7
9833	0	0.33042212774017	0	9	0.865558391226237	0.650714643381896	483	7
9836	0	0.414902212919449	0	9	0.865558391226237	0.650714643381896	483	7
9837	0	0.271882074667909	0	9	0.865558391226237	0.650714643381896	483	7
9840	0	0.249456011249835	0	9	0.865558391226237	0.650714643381896	483	7
9841	1	0.669502983049733	0	9	0.865558391226237	0.650714643381896	483	7
9843	1	0.546472156442105	0	9	0.865558391226237	0.650714643381896	483	7
9844	1	0.522612287650193	0	9	0.865558391226237	0.650714643381896	483	7
9846	4	0.255577029665272	0	9	0.865558391226237	0.650714643381896	483	7
9847	3	0.370151693270131	0	9	0.865558391226237	0.650714643381896	483	7
9848	0	0.221622479141157	0	9	0.865558391226237	0.650714643381896	483	7
9849	4	0.362794490672666	0	9	0.865558391226237	0.650714643381896	483	7
9851	0	0.501050094606372	0	9	0.865558391226237	0.650714643381896	483	7
9852	3	0.396541951303588	0	9	0.865558391226237	0.650714643381896	483	7
9853	4	0.190397025961646	0	9	0.865558391226237	0.650714643381896	483	7
9854	1	0.379275919104499	0	9	0.865558391226237	0.650714643381896	483	7
9855	0	-0.02310178809253	0	9	0.865558391226237	0.650714643381896	483	7
9857	3	0.557572839138736	0	9	0.865558391226237	0.650714643381896	483	7
9858	3	0.285533034258884	0	9	0.865558391226237	0.650714643381896	483	7
9860	0	0.487109655927698	0	9	0.865558391226237	0.650714643381896	483	7
9861	3	0.321939734471339	0	9	0.865558391226237	0.650714643381896	483	7
9862	0	0.317886520447193	0	9	0.865558391226237	0.650714643381896	483	7
9863	4	0.094291145612847	0	9	0.865558391226237	0.650714643381896	483	7
9865	5	0.598134654460125	1	9	0.865558391226237	0.650714643381896	483	7
9866	0	0.287994321187857	0	9	0.865558391226237	0.650714643381896	483	7
9867	2	0.352665918270325	0	9	0.865558391226237	0.650714643381896	483	7
9868	0	0.193317691704226	0	9	0.865558391226237	0.650714643381896	483	7
9869	0	0.378906184351495	0	9	0.865558391226237	0.650714643381896	483	7
9870	0	0.199695104455468	0	9	0.865558391226237	0.650714643381896	483	7
9871	3	0.368085927409967	0	9	0.865558391226237	0.650714643381896	483	7
9873	4	0.318202925905472	0	9	0.865558391226237	0.650714643381896	483	7
9874	0	0.434240016946168	0	9	0.865558391226237	0.650714643381896	483	7
9875	1	0.620391511051598	0	9	0.865558391226237	0.650714643381896	483	7
9878	1	0.521885526362637	0	9	0.865558391226237	0.650714643381896	483	7
9879	0	0.262612645690057	0	9	0.865558391226237	0.650714643381896	483	7
9880	1	0.451006199030894	0	9	0.865558391226237	0.650714643381896	483	7
9881	1	0.694799832628759	0	9	0.865558391226237	0.650714643381896	483	7
9882	5	0.677055877616997	1	9	0.865558391226237	0.650714643381896	483	7
9885	3	0.210569567441072	0	9	0.865558391226237	0.650714643381896	483	7
9886	6	0.0664990517923403	0	9	0.865558391226237	0.650714643381896	483	7
9887	3	0.511493091076885	0	9	0.865558391226237	0.650714643381896	483	7
9889	3	0.445968340313275	0	9	0.865558391226237	0.650714643381896	483	7
9890	0	0.38889245641589	0	9	0.865558391226237	0.650714643381896	483	7
9891	0	0.283469596691717	0	9	0.865558391226237	0.650714643381896	483	7
9894	5	0.494802540132962	1	9	0.865558391226237	0.650714643381896	483	7
9895	4	0.281421786749479	0	9	0.865558391226237	0.650714643381896	483	7
9896	4	0.262147176713307	0	9	0.865558391226237	0.650714643381896	483	7
9897	3	0.209359930710797	0	9	0.865558391226237	0.650714643381896	483	7
9898	0	0.438067372345305	0	9	0.865558391226237	0.650714643381896	483	7
9899	1	0.405990170705867	0	9	0.865558391226237	0.650714643381896	483	7
9900	0	0.12316393353645	0	9	0.865558391226237	0.650714643381896	483	7
9901	0	0.392248897324214	0	9	0.865558391226237	0.650714643381896	483	7
9902	0	0.337444040530724	0	9	0.865558391226237	0.650714643381896	483	7
9903	0	0.166980167695273	0	9	0.865558391226237	0.650714643381896	483	7
9904	0	0.469399598992172	0	9	0.865558391226237	0.650714643381896	483	7
9905	0	0.156553594482476	0	9	0.865558391226237	0.650714643381896	483	7
9908	0	0.428289325403065	0	9	0.865558391226237	0.650714643381896	483	7
9909	0	0.603795127740365	0	9	0.865558391226237	0.650714643381896	483	7
9910	4	0.137445206373963	0	9	0.865558391226237	0.650714643381896	483	7
9911	1	0.327326731740302	0	9	0.865558391226237	0.650714643381896	483	7
9912	0	0.313684557990523	0	9	0.865558391226237	0.650714643381896	483	7
9913	0	-0.403151578693421	0	9	0.865558391226237	0.650714643381896	483	7
9914	0	0.257001256273304	0	9	0.865558391226237	0.650714643381896	483	7
9915	4	0.42881773833391	0	9	0.865558391226237	0.650714643381896	483	7
9917	0	0.130728378870858	0	9	0.865558391226237	0.650714643381896	483	7
9918	0	0.230139771987995	0	9	0.865558391226237	0.650714643381896	483	7
9919	0	0.0718317093471879	0	9	0.865558391226237	0.650714643381896	483	7
9920	0	0.0726889823010439	0	9	0.865558391226237	0.650714643381896	483	7
9921	2	0.362164646657029	0	9	0.865558391226237	0.650714643381896	483	7
9922	4	0.171376538221462	0	9	0.865558391226237	0.650714643381896	483	7
9923	1	0.676956682478326	0	9	0.865558391226237	0.650714643381896	483	7
9924	0	0.234288718199543	0	9	0.865558391226237	0.650714643381896	483	7
9925	0	0.302344228630508	0	9	0.865558391226237	0.650714643381896	483	7
9926	0	0.464056804571415	0	9	0.865558391226237	0.650714643381896	483	7
9927	0	0.279884853663619	0	9	0.865558391226237	0.650714643381896	483	7
9929	0	0.193429907723845	0	9	0.865558391226237	0.650714643381896	483	7
9931	0	0.362213850642487	0	9	0.865558391226237	0.650714643381896	483	7
9933	0	0.391849087197338	0	9	0.865558391226237	0.650714643381896	483	7
9934	5	0.82325527643251	1	9	0.865558391226237	0.650714643381896	483	7
9935	4	0.132303088969614	0	9	0.865558391226237	0.650714643381896	483	7
9937	3	0.407578544245025	0	9	0.865558391226237	0.650714643381896	483	7
9938	5	0.640734715856311	1	9	0.865558391226237	0.650714643381896	483	7
9940	1	0.500947355669601	0	9	0.865558391226237	0.650714643381896	483	7
9941	1	0.524995680732863	0	9	0.865558391226237	0.650714643381896	483	7
9942	6	0.278834260343005	0	9	0.865558391226237	0.650714643381896	483	7
9943	3	0.323394404921979	0	9	0.865558391226237	0.650714643381896	483	7
9945	1	0.508443221904486	0	9	0.865558391226237	0.650714643381896	483	7
9946	4	0.257378665021824	0	9	0.865558391226237	0.650714643381896	483	7
9948	2	0.455836537607091	0	9	0.865558391226237	0.650714643381896	483	7
9949	0	-0.0405377405485628	0	9	0.865558391226237	0.650714643381896	483	7
9950	3	0.257347064939675	0	9	0.865558391226237	0.650714643381896	483	7
9953	0	0.273858822703572	0	9	0.865558391226237	0.650714643381896	483	7
9955	4	0.159015001418514	0	9	0.865558391226237	0.650714643381896	483	7
9957	5	0.810440374193033	1	9	0.865558391226237	0.650714643381896	483	7
9960	5	0.646875617145601	1	9	0.865558391226237	0.650714643381896	483	7
9961	2	0.127689220496828	0	9	0.865558391226237	0.650714643381896	483	7
9962	0	0.377198026895916	0	9	0.865558391226237	0.650714643381896	483	7
9966	3	0.62223287314832	0	9	0.865558391226237	0.650714643381896	483	7
9967	7	0.440759296078349	0	9	0.865558391226237	0.650714643381896	483	7
9968	0	0.278509043920428	0	9	0.865558391226237	0.650714643381896	483	7
9969	3	0.106683543158666	0	9	0.865558391226237	0.650714643381896	483	7
9970	0	0.398108203391765	0	9	0.865558391226237	0.650714643381896	483	7
9971	6	0.347813430696681	0	9	0.865558391226237	0.650714643381896	483	7
9972	4	0.43555714307798	0	9	0.865558391226237	0.650714643381896	483	7
9973	2	0.41645421201884	0	9	0.865558391226237	0.650714643381896	483	7
9975	0	0.52042460726113	0	9	0.865558391226237	0.650714643381896	483	7
9976	0	0.138808663083204	0	9	0.865558391226237	0.650714643381896	483	7
9980	0	0.423435499261131	0	9	0.865558391226237	0.650714643381896	483	7
9984	0	0.428790387969693	0	9	0.865558391226237	0.650714643381896	483	7
9985	0	0.414419149680554	0	9	0.865558391226237	0.650714643381896	483	7
9986	1	0.344962949721771	0	9	0.865558391226237	0.650714643381896	483	7
9987	0	0.288951396509263	0	9	0.865558391226237	0.650714643381896	483	7
9988	0	0.304982269766214	0	9	0.865558391226237	0.650714643381896	483	7
9989	3	0.21014007781419	0	9	0.865558391226237	0.650714643381896	483	7
9990	0	0.175214755264327	0	9	0.865558391226237	0.650714643381896	483	7
9993	7	0.374339789308892	0	9	0.865558391226237	0.650714643381896	483	7
9994	0	0.266470859764037	0	9	0.865558391226237	0.650714643381896	483	7
10000	0	0.211631751343238	0	9	0.865558391226237	0.650714643381896	483	7
10001	0	0.474047726313487	0	9	0.865558391226237	0.650714643381896	483	7
10002	0	0.258720487783484	0	9	0.865558391226237	0.650714643381896	483	7
10003	0	-0.125744202339837	0	9	0.865558391226237	0.650714643381896	483	7
10004	0	0.0791797088099442	0	9	0.865558391226237	0.650714643381896	483	7
10005	2	0.369996689086574	0	9	0.865558391226237	0.650714643381896	483	7
10006	3	0.159944556354043	0	9	0.865558391226237	0.650714643381896	483	7
10007	6	0.187966197930347	0	9	0.865558391226237	0.650714643381896	483	7
10009	0	0.086774237432291	0	9	0.865558391226237	0.650714643381896	483	7
10010	2	0.439306284349219	0	9	0.865558391226237	0.650714643381896	483	7
10013	0	0.272368064139491	0	9	0.865558391226237	0.650714643381896	483	7
10014	0	0.229135916876808	0	9	0.865558391226237	0.650714643381896	483	7
10015	3	0.350920259912141	0	9	0.865558391226237	0.650714643381896	483	7
10017	1	0.569416467661916	0	9	0.865558391226237	0.650714643381896	483	7
10018	1	0.681840825636146	0	9	0.865558391226237	0.650714643381896	483	7
10019	4	0.361687089564038	0	9	0.865558391226237	0.650714643381896	483	7
10020	4	0.184289153295674	0	9	0.865558391226237	0.650714643381896	483	7
10021	5	0.594041085238564	1	9	0.865558391226237	0.650714643381896	483	7
10023	4	0.310996357241996	0	9	0.865558391226237	0.650714643381896	483	7
10024	1	0.311859794801418	0	9	0.865558391226237	0.650714643381896	483	7
10025	2	0.544753962604377	0	9	0.865558391226237	0.650714643381896	483	7
10026	4	0.178493540471236	0	9	0.865558391226237	0.650714643381896	483	7
10036	1	0.519255391322652	0	9	0.865558391226237	0.650714643381896	483	7
10038	3	0.21903803273223	0	9	0.865558391226237	0.650714643381896	483	7
10039	2	0.383330185282286	0	9	0.865558391226237	0.650714643381896	483	7
10040	3	0.178853491369398	0	9	0.865558391226237	0.650714643381896	483	7
10042	0	-0.0102990224028269	0	9	0.865558391226237	0.650714643381896	483	7
10043	2	0.467579129046811	0	9	0.865558391226237	0.650714643381896	483	7
10045	0	0.613875121843307	0	9	0.865558391226237	0.650714643381896	483	7
10046	0	0.154788273513302	0	9	0.865558391226237	0.650714643381896	483	7
10048	3	0.404727543986485	0	9	0.865558391226237	0.650714643381896	483	7
10049	4	0.24918386225801	0	9	0.865558391226237	0.650714643381896	483	7
10050	1	0.565099270376762	0	9	0.865558391226237	0.650714643381896	483	7
10051	0	0.0603700222744446	0	9	0.865558391226237	0.650714643381896	483	7
10052	1	0.363415257409792	0	9	0.865558391226237	0.650714643381896	483	7
10053	2	0.475569139746095	0	9	0.865558391226237	0.650714643381896	483	7
10054	0	0.0524687812876886	0	9	0.865558391226237	0.650714643381896	483	7
10055	3	0.470602489954394	0	9	0.865558391226237	0.650714643381896	483	7
10057	0	0.45668556954954	0	9	0.865558391226237	0.650714643381896	483	7
10058	0	0.291041237087959	0	9	0.865558391226237	0.650714643381896	483	7
10059	3	0.267212778213139	0	9	0.865558391226237	0.650714643381896	483	7
10060	1	0.552968625467153	0	9	0.865558391226237	0.650714643381896	483	7
10061	3	0.644218914687489	0	9	0.865558391226237	0.650714643381896	483	7
10062	2	0.395968351365322	0	9	0.865558391226237	0.650714643381896	483	7
10066	7	0.324651594154891	0	9	0.865558391226237	0.650714643381896	483	7
10067	2	0.262391436002975	0	9	0.865558391226237	0.650714643381896	483	7
10069	0	0.206287445653954	0	9	0.865558391226237	0.650714643381896	483	7
10072	0	0.462185918085785	0	9	0.865558391226237	0.650714643381896	483	7
10073	0	0.271669346761358	0	9	0.865558391226237	0.650714643381896	483	7
10075	7	0.3582110297215	0	9	0.865558391226237	0.650714643381896	483	7
10076	0	0.385897841673142	0	9	0.865558391226237	0.650714643381896	483	7
10077	1	0.712457316741619	0	9	0.865558391226237	0.650714643381896	483	7
10078	0	0.372711206483214	0	9	0.865558391226237	0.650714643381896	483	7
10079	0	0.320184286921765	0	9	0.865558391226237	0.650714643381896	483	7
10083	7	0.329053710446022	0	9	0.865558391226237	0.650714643381896	483	7
10084	2	0.20189438496718	0	9	0.865558391226237	0.650714643381896	483	7
10085	1	0.546100773010024	0	9	0.865558391226237	0.650714643381896	483	7
10087	0	0.190072824142131	0	9	0.865558391226237	0.650714643381896	483	7
10090	3	0.485659217239043	0	9	0.865558391226237	0.650714643381896	483	7
10092	0	0.428905152040189	0	9	0.865558391226237	0.650714643381896	483	7
10093	7	0.52100716165421	0	9	0.865558391226237	0.650714643381896	483	7
10095	5	0.671325398653867	1	9	0.865558391226237	0.650714643381896	483	7
10096	5	0.714688691949532	1	9	0.865558391226237	0.650714643381896	483	7
10097	0	0.609871401018896	0	9	0.865558391226237	0.650714643381896	483	7
10098	4	0.19963489365139	0	9	0.865558391226237	0.650714643381896	483	7
10099	3	0.296699829932904	0	9	0.865558391226237	0.650714643381896	483	7
10100	4	0.117989894570841	0	9	0.865558391226237	0.650714643381896	483	7
10101	0	0.428627872121403	0	9	0.865558391226237	0.650714643381896	483	7
10102	3	0.246454058809706	0	9	0.865558391226237	0.650714643381896	483	7
10103	6	0.226486774349412	0	9	0.865558391226237	0.650714643381896	483	7
10105	2	0.575328325223396	0	9	0.865558391226237	0.650714643381896	483	7
10106	0	0.348300467684339	0	9	0.865558391226237	0.650714643381896	483	7
10109	2	0.573267097859576	0	9	0.865558391226237	0.650714643381896	483	7
10110	6	0.220960047505869	0	9	0.865558391226237	0.650714643381896	483	7
10111	4	0.436077141316661	0	9	0.865558391226237	0.650714643381896	483	7
10112	0	0.567951874235424	0	9	0.865558391226237	0.650714643381896	483	7
10113	2	0.451532922706896	0	9	0.865558391226237	0.650714643381896	483	7
10114	4	0.207953101044009	0	9	0.865558391226237	0.650714643381896	483	7
10116	0	0.0179823369680088	0	9	0.865558391226237	0.650714643381896	483	7
10120	2	0.431231545527536	0	9	0.865558391226237	0.650714643381896	483	7
10121	0	0.375016025982656	0	9	0.865558391226237	0.650714643381896	483	7
10123	5	0.572185927302889	1	9	0.865558391226237	0.650714643381896	483	7
10125	5	0.575491917868981	1	9	0.865558391226237	0.650714643381896	483	7
10126	1	0.532345082082187	0	9	0.865558391226237	0.650714643381896	483	7
10128	2	0.350410367229162	0	9	0.865558391226237	0.650714643381896	483	7
10129	4	0.253511422820053	0	9	0.865558391226237	0.650714643381896	483	7
10130	2	0.354635998048182	0	9	0.865558391226237	0.650714643381896	483	7
10131	6	-0.0381270460949896	0	9	0.865558391226237	0.650714643381896	483	7
10133	6	-0.214022841280346	0	9	0.865558391226237	0.650714643381896	483	7
10134	2	0.256738450977585	0	9	0.865558391226237	0.650714643381896	483	7
10135	0	0.166671650652566	0	9	0.865558391226237	0.650714643381896	483	7
10138	0	0.609421113005937	0	9	0.865558391226237	0.650714643381896	483	7
10139	7	0.494667459735877	0	9	0.865558391226237	0.650714643381896	483	7
10140	3	0.199758779615702	0	9	0.865558391226237	0.650714643381896	483	7
10142	1	0.430207735434551	0	9	0.865558391226237	0.650714643381896	483	7
10144	3	0.573616313881704	0	9	0.865558391226237	0.650714643381896	483	7
10146	1	0.586754239097789	0	9	0.865558391226237	0.650714643381896	483	7
10147	0	0.418195132623641	0	9	0.865558391226237	0.650714643381896	483	7
10148	5	0.66213267880085	1	9	0.865558391226237	0.650714643381896	483	7
10149	5	0.701286392423395	1	9	0.865558391226237	0.650714643381896	483	7
10150	0	0.48062613020233	0	9	0.865558391226237	0.650714643381896	483	7
10152	1	0.465586856284642	0	9	0.865558391226237	0.650714643381896	483	7
10153	3	0.339529181695412	0	9	0.865558391226237	0.650714643381896	483	7
10154	4	0.386990250400802	0	9	0.865558391226237	0.650714643381896	483	7
10155	2	0.499621828770447	0	9	0.865558391226237	0.650714643381896	483	7
10157	4	0.147772351918097	0	9	0.865558391226237	0.650714643381896	483	7
10158	6	-0.0522478367376781	0	9	0.865558391226237	0.650714643381896	483	7
10159	0	0.142341358233331	0	9	0.865558391226237	0.650714643381896	483	7
10161	4	0.520328009254622	0	9	0.865558391226237	0.650714643381896	483	7
10162	2	0.46880872958063	0	9	0.865558391226237	0.650714643381896	483	7
10163	3	0.433669481093471	0	9	0.865558391226237	0.650714643381896	483	7
10164	1	0.610340283610151	0	9	0.865558391226237	0.650714643381896	483	7
10165	2	0.420875373509535	0	9	0.865558391226237	0.650714643381896	483	7
10168	0	0.0994502845380502	0	9	0.865558391226237	0.650714643381896	483	7
10170	0	0.590074716632401	0	9	0.865558391226237	0.650714643381896	483	7
10171	0	0.250315425559083	0	9	0.865558391226237	0.650714643381896	483	7
10174	0	0.0842239018428737	0	9	0.865558391226237	0.650714643381896	483	7
10175	3	0.344819242213565	0	9	0.865558391226237	0.650714643381896	483	7
10178	0	0.184073997973404	0	9	0.865558391226237	0.650714643381896	483	7
10179	3	0.42415097414208	0	9	0.865558391226237	0.650714643381896	483	7
10180	0	0.0929386307224317	0	9	0.865558391226237	0.650714643381896	483	7
10181	3	0.456610198119116	0	9	0.865558391226237	0.650714643381896	483	7
10184	1	0.66210892942647	0	9	0.865558391226237	0.650714643381896	483	7
10186	4	0.242301013107455	0	9	0.865558391226237	0.650714643381896	483	7
10188	1	0.559357806357726	0	9	0.865558391226237	0.650714643381896	483	7
10190	3	0.365502143447439	0	9	0.865558391226237	0.650714643381896	483	7
10193	2	0.3544356219343	0	9	0.865558391226237	0.650714643381896	483	7
10195	2	0.363641162717588	0	9	0.865558391226237	0.650714643381896	483	7
10196	3	0.111932745995548	0	9	0.865558391226237	0.650714643381896	483	7
10197	0	0.35532630612097	0	9	0.865558391226237	0.650714643381896	483	7
10198	3	0.655799937214567	0	9	0.865558391226237	0.650714643381896	483	7
10199	0	0.206375198510953	0	9	0.865558391226237	0.650714643381896	483	7
10200	1	0.36367950454375	0	9	0.865558391226237	0.650714643381896	483	7
10201	0	0.409721961153804	0	9	0.865558391226237	0.650714643381896	483	7
10203	4	0.422892200561048	0	9	0.865558391226237	0.650714643381896	483	7
10205	1	0.563347198364043	0	9	0.865558391226237	0.650714643381896	483	7
10207	0	0.445734130873291	0	9	0.865558391226237	0.650714643381896	483	7
10208	4	0.18612563119338	0	9	0.865558391226237	0.650714643381896	483	7
10209	7	0.211852577707499	0	9	0.865558391226237	0.650714643381896	483	7
10210	3	0.41514402372734	0	9	0.865558391226237	0.650714643381896	483	7
10212	0	0.144071354126032	0	9	0.865558391226237	0.650714643381896	483	7
10213	3	0.427278156970467	0	9	0.865558391226237	0.650714643381896	483	7
10215	1	0.389474456081545	0	9	0.865558391226237	0.650714643381896	483	7
10217	7	0.398369817221221	0	9	0.865558391226237	0.650714643381896	483	7
10218	5	0.574857848019824	1	9	0.865558391226237	0.650714643381896	483	7
10219	1	0.503549320807132	0	9	0.865558391226237	0.650714643381896	483	7
10220	1	0.568324556666838	0	9	0.865558391226237	0.650714643381896	483	7
10221	0	0.343782064234959	0	9	0.865558391226237	0.650714643381896	483	7
10224	1	0.531851138072926	0	9	0.865558391226237	0.650714643381896	483	7
10225	5	0.661557915284211	1	9	0.865558391226237	0.650714643381896	483	7
10226	2	0.53189584672305	0	9	0.865558391226237	0.650714643381896	483	7
10227	2	0.408305491772121	0	9	0.865558391226237	0.650714643381896	483	7
10228	1	0.581775236130985	0	9	0.865558391226237	0.650714643381896	483	7
10229	0	0.114296215606482	0	9	0.865558391226237	0.650714643381896	483	7
10231	3	0.357413383544381	0	9	0.865558391226237	0.650714643381896	483	7
10232	0	0.36259179343745	0	9	0.865558391226237	0.650714643381896	483	7
10234	4	0.214654574239575	0	9	0.865558391226237	0.650714643381896	483	7
10235	1	0.291491006893875	0	9	0.865558391226237	0.650714643381896	483	7
10236	0	0.231915218353203	0	9	0.865558391226237	0.650714643381896	483	7
10237	0	0.0457560558182906	0	9	0.865558391226237	0.650714643381896	483	7
10238	0	0.283188231253558	0	9	0.865558391226237	0.650714643381896	483	7
10240	0	0.417275375625396	0	9	0.865558391226237	0.650714643381896	483	7
10241	3	0.341159119818641	0	9	0.865558391226237	0.650714643381896	483	7
10242	1	0.339159657664457	0	9	0.865558391226237	0.650714643381896	483	7
10243	6	-0.155031911414811	0	9	0.865558391226237	0.650714643381896	483	7
10244	1	0.381389989944122	0	9	0.865558391226237	0.650714643381896	483	7
10245	2	0.396917176519072	0	9	0.865558391226237	0.650714643381896	483	7
10246	1	0.624527746679418	0	9	0.865558391226237	0.650714643381896	483	7
10247	6	-0.304773798196313	0	9	0.865558391226237	0.650714643381896	483	7
10248	0	0.175357034741015	0	9	0.865558391226237	0.650714643381896	483	7
10249	6	-0.253545855935811	0	9	0.865558391226237	0.650714643381896	483	7
10250	0	0.542247699099896	0	9	0.865558391226237	0.650714643381896	483	7
10252	4	0.472120682291671	0	9	0.865558391226237	0.650714643381896	483	7
10253	0	0.202703907404802	0	9	0.865558391226237	0.650714643381896	483	7
10254	0	0.512647244706393	0	9	0.865558391226237	0.650714643381896	483	7
10256	0	0.111236256408045	0	9	0.865558391226237	0.650714643381896	483	7
10257	0	0.416185087709476	0	9	0.865558391226237	0.650714643381896	483	7
10260	5	0.623682535251337	1	9	0.865558391226237	0.650714643381896	483	7
10261	5	0.802832360294459	1	9	0.865558391226237	0.650714643381896	483	7
10262	0	0.341120842343169	0	9	0.865558391226237	0.650714643381896	483	7
10263	2	0.527673796594384	0	9	0.865558391226237	0.650714643381896	483	7
10265	0	0.342742885440939	0	9	0.865558391226237	0.650714643381896	483	7
10266	4	0.172510001116546	0	9	0.865558391226237	0.650714643381896	483	7
10267	0	0.341075142957289	0	9	0.865558391226237	0.650714643381896	483	7
10268	0	0.057880571893112	0	9	0.865558391226237	0.650714643381896	483	7
10269	3	0.385336164998478	0	9	0.865558391226237	0.650714643381896	483	7
10270	1	0.56827502617811	0	9	0.865558391226237	0.650714643381896	483	7
10272	2	0.566798843268812	0	9	0.865558391226237	0.650714643381896	483	7
10273	2	0.248846246512968	0	9	0.865558391226237	0.650714643381896	483	7
10274	4	0.217738390945267	0	9	0.865558391226237	0.650714643381896	483	7
10276	6	-0.00830288335682191	0	9	0.865558391226237	0.650714643381896	483	7
10277	0	0.14889664030745	0	9	0.865558391226237	0.650714643381896	483	7
10278	0	0.396265884231278	0	9	0.865558391226237	0.650714643381896	483	7
10279	4	0.191015408702298	0	9	0.865558391226237	0.650714643381896	483	7
10280	2	0.401327963008295	0	9	0.865558391226237	0.650714643381896	483	7
10282	0	0.213035553949796	0	9	0.865558391226237	0.650714643381896	483	7
10284	0	-0.113708055889684	0	9	0.865558391226237	0.650714643381896	483	7
10285	3	0.369785976808803	0	9	0.865558391226237	0.650714643381896	483	7
10286	3	0.343834838668272	0	9	0.865558391226237	0.650714643381896	483	7
10287	0	0.573138650605522	0	9	0.865558391226237	0.650714643381896	483	7
10288	5	0.766126252911555	1	9	0.865558391226237	0.650714643381896	483	7
10289	4	0.184514592532954	0	9	0.865558391226237	0.650714643381896	483	7
10291	0	0.26144972542486	0	9	0.865558391226237	0.650714643381896	483	7
10293	0	0.179205232378569	0	9	0.865558391226237	0.650714643381896	483	7
10294	3	0.297065062999962	0	9	0.865558391226237	0.650714643381896	483	7
10295	2	0.210164379826191	0	9	0.865558391226237	0.650714643381896	483	7
10296	2	0.289057672805692	0	9	0.865558391226237	0.650714643381896	483	7
10297	1	0.621970242965646	0	9	0.865558391226237	0.650714643381896	483	7
10298	1	0.329873699708917	0	9	0.865558391226237	0.650714643381896	483	7
10299	1	0.414551108805531	0	9	0.865558391226237	0.650714643381896	483	7
10300	0	0.339185749303942	0	9	0.865558391226237	0.650714643381896	483	7
10302	0	0.0375211376427513	0	9	0.865558391226237	0.650714643381896	483	7
10308	0	0.573896613250311	0	9	0.865558391226237	0.650714643381896	483	7
10309	1	0.687283805544756	0	9	0.865558391226237	0.650714643381896	483	7
10311	0	0.536330023671944	0	9	0.865558391226237	0.650714643381896	483	7
10312	2	0.579467992114937	0	9	0.865558391226237	0.650714643381896	483	7
10313	3	0.545705497875098	0	9	0.865558391226237	0.650714643381896	483	7
10314	0	-0.0347356425916311	0	9	0.865558391226237	0.650714643381896	483	7
10316	0	0.440025049691759	0	9	0.865558391226237	0.650714643381896	483	7
10317	1	0.514470262107233	0	9	0.865558391226237	0.650714643381896	483	7
10318	2	0.470734961293572	0	9	0.865558391226237	0.650714643381896	483	7
10319	0	0.480665902445903	0	9	0.865558391226237	0.650714643381896	483	7
10320	5	0.629380875804372	1	9	0.865558391226237	0.650714643381896	483	7
10322	7	0.448277352534911	0	9	0.865558391226237	0.650714643381896	483	7
10324	0	0.183247159947413	0	9	0.865558391226237	0.650714643381896	483	7
10325	0	0.0403656677507804	0	9	0.865558391226237	0.650714643381896	483	7
10327	6	-0.209115123053215	0	9	0.865558391226237	0.650714643381896	483	7
10328	2	0.32707945110294	0	9	0.865558391226237	0.650714643381896	483	7
10329	3	0.452255930677927	0	9	0.865558391226237	0.650714643381896	483	7
10330	2	0.420268228368104	0	9	0.865558391226237	0.650714643381896	483	7
10331	1	0.49131480366933	0	9	0.865558391226237	0.650714643381896	483	7
10333	1	0.386511217851712	0	9	0.865558391226237	0.650714643381896	483	7
10336	0	0.157579764689466	0	9	0.865558391226237	0.650714643381896	483	7
10342	2	0.359723207420139	0	9	0.865558391226237	0.650714643381896	483	7
10343	1	0.456178199080467	0	9	0.865558391226237	0.650714643381896	483	7
10345	0	0.383868974043565	0	9	0.865558391226237	0.650714643381896	483	7
10347	0	0.332223854441586	0	9	0.865558391226237	0.650714643381896	483	7
10351	5	0.672111263435463	1	9	0.865558391226237	0.650714643381896	483	7
10352	0	0.429592767628199	0	9	0.865558391226237	0.650714643381896	483	7
10360	0	0.372933791609544	0	9	0.865558391226237	0.650714643381896	483	7
10362	0	0.0946847020963973	0	9	0.865558391226237	0.650714643381896	483	7
10363	3	0.391393801534659	0	9	0.865558391226237	0.650714643381896	483	7
10365	4	0.475275578815485	0	9	0.865558391226237	0.650714643381896	483	7
10367	2	0.315236183597642	0	9	0.865558391226237	0.650714643381896	483	7
10370	0	0.0932109659342717	0	9	0.865558391226237	0.650714643381896	483	7
10371	0	0.318808041172494	0	9	0.865558391226237	0.650714643381896	483	7
10382	1	0.416082856575515	0	9	0.865558391226237	0.650714643381896	483	7
10383	6	0.0253490265471415	0	9	0.865558391226237	0.650714643381896	483	7
10384	0	0.366371764739617	0	9	0.865558391226237	0.650714643381896	483	7
10385	0	-0.0222282226715691	0	9	0.865558391226237	0.650714643381896	483	7
10388	0	0.37992670114421	0	9	0.865558391226237	0.650714643381896	483	7
10389	1	0.352267523226778	0	9	0.865558391226237	0.650714643381896	483	7
10390	0	0.419340755439563	0	9	0.865558391226237	0.650714643381896	483	7
10391	4	0.0409254981614513	0	9	0.865558391226237	0.650714643381896	483	7
10392	4	0.241650055470611	0	9	0.865558391226237	0.650714643381896	483	7
10393	0	0.135953497983216	0	9	0.865558391226237	0.650714643381896	483	7
10395	0	0.290505191003747	0	9	0.865558391226237	0.650714643381896	483	7
10396	0	0.180733810027535	0	9	0.865558391226237	0.650714643381896	483	7
10397	6	-0.183810435330956	0	9	0.865558391226237	0.650714643381896	483	7
10398	4	0.252562557179583	0	9	0.865558391226237	0.650714643381896	483	7
10400	0	0.197568960717033	0	9	0.865558391226237	0.650714643381896	483	7
10402	1	0.362103405253694	0	9	0.865558391226237	0.650714643381896	483	7
10404	0	0.0255493608290936	0	9	0.865558391226237	0.650714643381896	483	7
10406	5	0.709305389590702	1	9	0.865558391226237	0.650714643381896	483	7
10409	5	0.770928143759495	1	9	0.865558391226237	0.650714643381896	483	7
10411	0	0.150994269923532	0	9	0.865558391226237	0.650714643381896	483	7
10413	4	0.272334167803366	0	9	0.865558391226237	0.650714643381896	483	7
10418	5	0.772037635666626	1	9	0.865558391226237	0.650714643381896	483	7
10419	2	0.335095651983365	0	9	0.865558391226237	0.650714643381896	483	7
10420	0	0.227962132596116	0	9	0.865558391226237	0.650714643381896	483	7
10421	2	0.364073900462104	0	9	0.865558391226237	0.650714643381896	483	7
10422	0	0.231435272505164	0	9	0.865558391226237	0.650714643381896	483	7
10423	2	0.0114501989433078	0	9	0.865558391226237	0.650714643381896	483	7
10425	0	0.39688303775319	0	9	0.865558391226237	0.650714643381896	483	7
10426	0	0.125706769142025	0	9	0.865558391226237	0.650714643381896	483	7
10427	4	0.334373627416433	0	9	0.865558391226237	0.650714643381896	483	7
10428	0	0.137281159386848	0	9	0.865558391226237	0.650714643381896	483	7
10430	2	0.47055680867347	0	9	0.865558391226237	0.650714643381896	483	7
10434	2	0.509805181872505	0	9	0.865558391226237	0.650714643381896	483	7
10435	0	0.024283822987758	0	9	0.865558391226237	0.650714643381896	483	7
10436	0	0.393737015909723	0	9	0.865558391226237	0.650714643381896	483	7
10438	3	0.32608251588535	0	9	0.865558391226237	0.650714643381896	483	7
10439	0	0.257339118125427	0	9	0.865558391226237	0.650714643381896	483	7
10440	3	0.457435822438411	0	9	0.865558391226237	0.650714643381896	483	7
10443	0	0.196884935214425	0	9	0.865558391226237	0.650714643381896	483	7
10444	7	0.399068965189118	0	9	0.865558391226237	0.650714643381896	483	7
10445	2	0.497208136697434	0	9	0.865558391226237	0.650714643381896	483	7
10446	5	0.540973748673793	1	9	0.865558391226237	0.650714643381896	483	7
10449	6	0.0382641176816953	0	9	0.865558391226237	0.650714643381896	483	7
10450	0	0.614591319816139	0	9	0.865558391226237	0.650714643381896	483	7
10451	6	0.314637494949562	0	9	0.865558391226237	0.650714643381896	483	7
10455	6	0.0272927317732901	0	9	0.865558391226237	0.650714643381896	483	7
10456	0	-0.0632147512359912	0	9	0.865558391226237	0.650714643381896	483	7
10457	4	0.209361936049848	0	9	0.865558391226237	0.650714643381896	483	7
10458	0	0.144447585287437	0	9	0.865558391226237	0.650714643381896	483	7
10460	5	0.626619472893886	1	9	0.865558391226237	0.650714643381896	483	7
10461	0	0.31116292934661	0	9	0.865558391226237	0.650714643381896	483	7
10462	5	0.762974490075953	1	9	0.865558391226237	0.650714643381896	483	7
10463	3	0.10521650174382	0	9	0.865558391226237	0.650714643381896	483	7
10464	4	0.388084317288784	0	9	0.865558391226237	0.650714643381896	483	7
10465	0	0.534434586963992	0	9	0.865558391226237	0.650714643381896	483	7
10466	4	0.321300249614471	0	9	0.865558391226237	0.650714643381896	483	7
10467	2	0.395984584581051	0	9	0.865558391226237	0.650714643381896	483	7
10468	5	0.587535990169693	1	9	0.865558391226237	0.650714643381896	483	7
10469	2	0.38859026114633	0	9	0.865558391226237	0.650714643381896	483	7
10472	0	0.217693104451098	0	9	0.865558391226237	0.650714643381896	483	7
10473	4	0.365276819540008	0	9	0.865558391226237	0.650714643381896	483	7
10474	1	0.410370528957795	0	9	0.865558391226237	0.650714643381896	483	7
10475	6	0.231708535363792	0	9	0.865558391226237	0.650714643381896	483	7
10478	0	0.292801309050073	0	9	0.865558391226237	0.650714643381896	483	7
10479	0	-0.00565908656147816	0	9	0.865558391226237	0.650714643381896	483	7
10480	0	0.379074994436219	0	9	0.865558391226237	0.650714643381896	483	7
10482	0	0.210018718562258	0	9	0.865558391226237	0.650714643381896	483	7
10483	3	0.30490608648238	0	9	0.865558391226237	0.650714643381896	483	7
10484	0	0.310147639399962	0	9	0.865558391226237	0.650714643381896	483	7
10486	0	0.273868221306645	0	9	0.865558391226237	0.650714643381896	483	7
10487	0	0.574963271209131	0	9	0.865558391226237	0.650714643381896	483	7
10488	0	-0.152525325866884	0	9	0.865558391226237	0.650714643381896	483	7
10489	0	0.381724291743708	0	9	0.865558391226237	0.650714643381896	483	7
10490	2	0.281785026975003	0	9	0.865558391226237	0.650714643381896	483	7
10492	0	0.472439976299603	0	9	0.865558391226237	0.650714643381896	483	7
10493	2	0.532572589507797	0	9	0.865558391226237	0.650714643381896	483	7
10494	2	0.32923870502513	0	9	0.865558391226237	0.650714643381896	483	7
10495	3	0.295140612433914	0	9	0.865558391226237	0.650714643381896	483	7
10497	0	0.0117318149617791	0	9	0.865558391226237	0.650714643381896	483	7
10498	0	0.31375708615952	0	9	0.865558391226237	0.650714643381896	483	7
10499	0	0.262546269080063	0	9	0.865558391226237	0.650714643381896	483	7
10500	1	0.497677982748153	0	9	0.865558391226237	0.650714643381896	483	7
10501	1	0.512039360590666	0	9	0.865558391226237	0.650714643381896	483	7
10505	1	0.464149285873856	0	9	0.865558391226237	0.650714643381896	483	7
10507	0	0.4959187440461	0	9	0.865558391226237	0.650714643381896	483	7
10512	0	0.254031163024392	0	9	0.865558391226237	0.650714643381896	483	7
10513	0	0.211652146765123	0	9	0.865558391226237	0.650714643381896	483	7
10514	1	0.422152874154373	0	9	0.865558391226237	0.650714643381896	483	7
10516	2	0.483271544757664	0	9	0.865558391226237	0.650714643381896	483	7
10518	0	0.490869238317832	0	9	0.865558391226237	0.650714643381896	483	7
10519	2	0.237198584212537	0	9	0.865558391226237	0.650714643381896	483	7
10520	4	0.131086300803321	0	9	0.865558391226237	0.650714643381896	483	7
10521	0	0.238290559419501	0	9	0.865558391226237	0.650714643381896	483	7
10522	2	0.342003197030269	0	9	0.865558391226237	0.650714643381896	483	7
10523	0	0.46258886354898	0	9	0.865558391226237	0.650714643381896	483	7
10524	0	0.0398169804547535	0	9	0.865558391226237	0.650714643381896	483	7
10525	0	0.324819518401713	0	9	0.865558391226237	0.650714643381896	483	7
10526	0	0.301890848589171	0	9	0.865558391226237	0.650714643381896	483	7
10527	3	0.510635537379759	0	9	0.865558391226237	0.650714643381896	483	7
10529	1	0.393904603262082	0	9	0.865558391226237	0.650714643381896	483	7
10531	6	0.13520178815799	0	9	0.865558391226237	0.650714643381896	483	7
10533	0	0.502830850305631	0	9	0.865558391226237	0.650714643381896	483	7
10534	2	0.337599042388493	0	9	0.865558391226237	0.650714643381896	483	7
10535	0	0.102087692007999	0	9	0.865558391226237	0.650714643381896	483	7
10536	0	0.0762726971703418	0	9	0.865558391226237	0.650714643381896	483	7
10538	0	0.507705681573684	0	9	0.865558391226237	0.650714643381896	483	7
10539	3	0.417443286590984	0	9	0.865558391226237	0.650714643381896	483	7
10540	1	0.456405799441705	0	9	0.865558391226237	0.650714643381896	483	7
10541	0	0.524148389293927	0	9	0.865558391226237	0.650714643381896	483	7
10542	6	0.0554758514691294	0	9	0.865558391226237	0.650714643381896	483	7
10544	5	0.618625168137195	1	9	0.865558391226237	0.650714643381896	483	7
10548	4	0.341515941867189	0	9	0.865558391226237	0.650714643381896	483	7
10549	0	0.348729407895577	0	9	0.865558391226237	0.650714643381896	483	7
10550	2	0.564693875133488	0	9	0.865558391226237	0.650714643381896	483	7
10551	5	0.703602844647861	1	9	0.865558391226237	0.650714643381896	483	7
10552	2	0.325291189266753	0	9	0.865558391226237	0.650714643381896	483	7
10553	2	0.520715074749811	0	9	0.865558391226237	0.650714643381896	483	7
10554	2	0.275197624959976	0	9	0.865558391226237	0.650714643381896	483	7
10555	2	0.539379233328248	0	9	0.865558391226237	0.650714643381896	483	7
10556	0	0.316690278059093	0	9	0.865558391226237	0.650714643381896	483	7
10557	0	0.120328303548814	0	9	0.865558391226237	0.650714643381896	483	7
10558	0	0.456113068694563	0	9	0.865558391226237	0.650714643381896	483	7
10559	0	0.0565464083241202	0	9	0.865558391226237	0.650714643381896	483	7
10560	3	0.21342347511439	0	9	0.865558391226237	0.650714643381896	483	7
10561	0	0.193663115610368	0	9	0.865558391226237	0.650714643381896	483	7
10562	0	0.357235275673881	0	9	0.865558391226237	0.650714643381896	483	7
10563	1	0.554599065704155	0	9	0.865558391226237	0.650714643381896	483	7
10564	1	0.518694333867599	0	9	0.865558391226237	0.650714643381896	483	7
10565	3	0.503853197845683	0	9	0.865558391226237	0.650714643381896	483	7
10566	0	0.10172332015722	0	9	0.865558391226237	0.650714643381896	483	7
10567	2	0.332779243407455	0	9	0.865558391226237	0.650714643381896	483	7
10568	0	0.578736455811203	0	9	0.865558391226237	0.650714643381896	483	7
10570	1	0.577282938098422	0	9	0.865558391226237	0.650714643381896	483	7
10572	2	0.354786441031998	0	9	0.865558391226237	0.650714643381896	483	7
10573	2	0.266996724974401	0	9	0.865558391226237	0.650714643381896	483	7
10574	2	0.379754384977439	0	9	0.865558391226237	0.650714643381896	483	7
10575	3	0.260001611753909	0	9	0.865558391226237	0.650714643381896	483	7
10576	2	0.533025054062343	0	9	0.865558391226237	0.650714643381896	483	7
10578	0	0.327513909251404	0	9	0.865558391226237	0.650714643381896	483	7
10579	0	-0.0749463650803862	0	9	0.865558391226237	0.650714643381896	483	7
10580	0	0.139711282764841	0	9	0.865558391226237	0.650714643381896	483	7
10581	2	0.476963633202427	0	9	0.865558391226237	0.650714643381896	483	7
10584	0	0.341610053603419	0	9	0.865558391226237	0.650714643381896	483	7
10585	2	0.338199470171861	0	9	0.865558391226237	0.650714643381896	483	7
10586	0	0.286167191439693	0	9	0.865558391226237	0.650714643381896	483	7
10587	7	0.277275172144553	0	9	0.865558391226237	0.650714643381896	483	7
10589	2	0.345621330469079	0	9	0.865558391226237	0.650714643381896	483	7
10590	0	0.521827063526235	0	9	0.865558391226237	0.650714643381896	483	7
10591	0	0.0442598275990138	0	9	0.865558391226237	0.650714643381896	483	7
10592	0	0.135915400111601	0	9	0.865558391226237	0.650714643381896	483	7
10594	2	-0.00831286026021633	0	9	0.865558391226237	0.650714643381896	483	7
10598	2	0.208081685167909	0	9	0.865558391226237	0.650714643381896	483	7
10600	0	-0.0578844916649792	0	9	0.865558391226237	0.650714643381896	483	7
10602	4	0.381668464548334	0	9	0.865558391226237	0.650714643381896	483	7
10603	5	0.586647521382577	1	9	0.865558391226237	0.650714643381896	483	7
10606	3	0.48339557382953	0	9	0.865558391226237	0.650714643381896	483	7
10607	2	0.419718719129474	0	9	0.865558391226237	0.650714643381896	483	7
10609	0	0.32664391284828	0	9	0.865558391226237	0.650714643381896	483	7
10610	0	0.41957653688415	0	9	0.865558391226237	0.650714643381896	483	7
10611	2	0.364648808083776	0	9	0.865558391226237	0.650714643381896	483	7
10612	1	0.581257032856801	0	9	0.865558391226237	0.650714643381896	483	7
10613	0	0.0966273279191354	0	9	0.865558391226237	0.650714643381896	483	7
10614	0	-0.00913589476355639	0	9	0.865558391226237	0.650714643381896	483	7
10616	2	0.563713341917863	0	9	0.865558391226237	0.650714643381896	483	7
10617	0	0.292811736226091	0	9	0.865558391226237	0.650714643381896	483	7
10618	0	0.128691184619661	0	9	0.865558391226237	0.650714643381896	483	7
10621	3	0.475196636253039	0	9	0.865558391226237	0.650714643381896	483	7
10625	2	0.470740874253244	0	9	0.865558391226237	0.650714643381896	483	7
10627	0	0.197854722304158	0	9	0.865558391226237	0.650714643381896	483	7
10629	0	0.360767557250352	0	9	0.865558391226237	0.650714643381896	483	7
10630	0	0.349774540073355	0	9	0.865558391226237	0.650714643381896	483	7
10631	0	0.4398608461991	0	9	0.865558391226237	0.650714643381896	483	7
10632	0	0.258220837291413	0	9	0.865558391226237	0.650714643381896	483	7
10634	4	0.300483448753145	0	9	0.865558391226237	0.650714643381896	483	7
10636	5	0.567579705756662	1	9	0.865558391226237	0.650714643381896	483	7
10637	0	0.32136667892623	0	9	0.865558391226237	0.650714643381896	483	7
10640	0	0.5035088940408	0	9	0.865558391226237	0.650714643381896	483	7
10641	0	0.00259078423230841	0	9	0.865558391226237	0.650714643381896	483	7
10645	0	0.55796148621994	0	9	0.865558391226237	0.650714643381896	483	7
10647	0	0.272531957252389	0	9	0.865558391226237	0.650714643381896	483	7
10650	0	0.0683614426182939	0	9	0.865558391226237	0.650714643381896	483	7
10651	0	0.330716926786009	0	9	0.865558391226237	0.650714643381896	483	7
10652	2	0.329490608383664	0	9	0.865558391226237	0.650714643381896	483	7
10653	6	0.24982797919137	0	9	0.865558391226237	0.650714643381896	483	7
10654	6	0.123018280332584	0	9	0.865558391226237	0.650714643381896	483	7
10656	0	0.230553364288041	0	9	0.865558391226237	0.650714643381896	483	7
10657	0	-0.10702783906442	0	9	0.865558391226237	0.650714643381896	483	7
10658	0	0.230621882020807	0	9	0.865558391226237	0.650714643381896	483	7
10659	0	0.489183008492294	0	9	0.865558391226237	0.650714643381896	483	7
10663	5	0.755636857854123	1	9	0.865558391226237	0.650714643381896	483	7
10664	0	0.276421805175188	0	9	0.865558391226237	0.650714643381896	483	7
10666	1	0.561368978206271	0	9	0.865558391226237	0.650714643381896	483	7
10667	0	0.30626640997185	0	9	0.865558391226237	0.650714643381896	483	7
10668	4	0.107914185213888	0	9	0.865558391226237	0.650714643381896	483	7
10669	1	0.403763932548505	0	9	0.865558391226237	0.650714643381896	483	7
10670	3	0.293783626934606	0	9	0.865558391226237	0.650714643381896	483	7
10671	0	0.0478583916500359	0	9	0.865558391226237	0.650714643381896	483	7
10672	4	0.267807228716046	0	9	0.865558391226237	0.650714643381896	483	7
10677	1	0.450294059193805	0	9	0.865558391226237	0.650714643381896	483	7
10678	0	0.0609558862707539	0	9	0.865558391226237	0.650714643381896	483	7
10681	0	0.0475262406084847	0	9	0.865558391226237	0.650714643381896	483	7
10682	3	0.216165438028741	0	9	0.865558391226237	0.650714643381896	483	7
10686	0	0.282171970353073	0	9	0.865558391226237	0.650714643381896	483	7
10687	1	0.363789838857916	0	9	0.865558391226237	0.650714643381896	483	7
10690	1	0.316601698216008	0	9	0.865558391226237	0.650714643381896	483	7
10691	0	0.476513112700169	0	9	0.865558391226237	0.650714643381896	483	7
10693	3	0.258511113883908	0	9	0.865558391226237	0.650714643381896	483	7
10694	1	0.476098991209879	0	9	0.865558391226237	0.650714643381896	483	7
10695	2	0.458995687805574	0	9	0.865558391226237	0.650714643381896	483	7
10699	1	0.469783565039203	0	9	0.865558391226237	0.650714643381896	483	7
10712	0	0.0379909187443003	0	9	0.865558391226237	0.650714643381896	483	7
10713	0	0.232225356062699	0	9	0.865558391226237	0.650714643381896	483	7
10714	3	0.324120704723609	0	9	0.865558391226237	0.650714643381896	483	7
10721	0	0.230423484533162	0	9	0.865558391226237	0.650714643381896	483	7
10723	0	0.251842918065064	0	9	0.865558391226237	0.650714643381896	483	7
10724	7	0.221293826004192	0	9	0.865558391226237	0.650714643381896	483	7
10725	0	0.47243894805189	0	9	0.865558391226237	0.650714643381896	483	7
10726	1	0.477388198805529	0	9	0.865558391226237	0.650714643381896	483	7
10728	3	0.25446053697263	0	9	0.865558391226237	0.650714643381896	483	7
10730	1	0.612729977153904	0	9	0.865558391226237	0.650714643381896	483	7
10733	0	0.433724430819647	0	9	0.865558391226237	0.650714643381896	483	7
10734	0	0.283356338644848	0	9	0.865558391226237	0.650714643381896	483	7
10735	0	0.147482089384931	0	9	0.865558391226237	0.650714643381896	483	7
10741	0	0.266243189601428	0	9	0.865558391226237	0.650714643381896	483	7
10742	0	0.194047643379114	0	9	0.865558391226237	0.650714643381896	483	7
10745	3	0.279016048411675	0	9	0.865558391226237	0.650714643381896	483	7
10746	0	0.313125082208818	0	9	0.865558391226237	0.650714643381896	483	7
10747	1	0.55264812158789	0	9	0.865558391226237	0.650714643381896	483	7
10749	0	0.16604131294818	0	9	0.865558391226237	0.650714643381896	483	7
10750	0	0.236114914487359	0	9	0.865558391226237	0.650714643381896	483	7
10752	3	0.58327520111195	0	9	0.865558391226237	0.650714643381896	483	7
10755	0	0.278407490209959	0	9	0.865558391226237	0.650714643381896	483	7
10758	1	0.648737626177354	0	9	0.865558391226237	0.650714643381896	483	7
10762	5	0.701106950091115	1	9	0.865558391226237	0.650714643381896	483	7
10763	0	-0.155600065558258	0	9	0.865558391226237	0.650714643381896	483	7
10765	0	0.333447994504106	0	9	0.865558391226237	0.650714643381896	483	7
10766	3	0.487689246083788	0	9	0.865558391226237	0.650714643381896	483	7
10767	3	0.482462678968634	0	9	0.865558391226237	0.650714643381896	483	7
10768	3	0.347550197931789	0	9	0.865558391226237	0.650714643381896	483	7
10769	0	0.535084300108814	0	9	0.865558391226237	0.650714643381896	483	7
10771	3	0.537013967256281	0	9	0.865558391226237	0.650714643381896	483	7
10772	0	0.0357627178717718	0	9	0.865558391226237	0.650714643381896	483	7
10773	0	0.346603647224269	0	9	0.865558391226237	0.650714643381896	483	7
10775	0	0.267275830258363	0	9	0.865558391226237	0.650714643381896	483	7
10776	4	0.259631325094861	0	9	0.865558391226237	0.650714643381896	483	7
10777	0	0.213014939457812	0	9	0.865558391226237	0.650714643381896	483	7
10780	0	0.103529910435406	0	9	0.865558391226237	0.650714643381896	483	7
10781	4	0.435863432075508	0	9	0.865558391226237	0.650714643381896	483	7
10782	4	0.119854005261005	0	9	0.865558391226237	0.650714643381896	483	7
10785	0	0.439885685289643	0	9	0.865558391226237	0.650714643381896	483	7
10786	6	-0.143148136679977	0	9	0.865558391226237	0.650714643381896	483	7
10787	0	0.105833891349439	0	9	0.865558391226237	0.650714643381896	483	7
10788	4	0.0761544696012866	0	9	0.865558391226237	0.650714643381896	483	7
10791	4	0.42126552183887	0	9	0.865558391226237	0.650714643381896	483	7
10793	0	0.202379839715984	0	9	0.865558391226237	0.650714643381896	483	7
10794	0	0.277673993840749	0	9	0.865558391226237	0.650714643381896	483	7
10795	0	0.134812403055885	0	9	0.865558391226237	0.650714643381896	483	7
10797	4	0.407498940140294	0	9	0.865558391226237	0.650714643381896	483	7
10801	2	0.27963335385495	0	9	0.865558391226237	0.650714643381896	483	7
10802	0	0.34908226251593	0	9	0.865558391226237	0.650714643381896	483	7
10803	0	0.476544973162636	0	9	0.865558391226237	0.650714643381896	483	7
10807	0	0.50105428208651	0	9	0.865558391226237	0.650714643381896	483	7
10808	0	0.402328684122485	0	9	0.865558391226237	0.650714643381896	483	7
10810	0	0.0169364025703704	0	9	0.865558391226237	0.650714643381896	483	7
10817	1	0.455854286092695	0	9	0.865558391226237	0.650714643381896	483	7
10818	1	0.634290629738375	0	9	0.865558391226237	0.650714643381896	483	7
10825	1	0.419233376172506	0	9	0.865558391226237	0.650714643381896	483	7
10826	1	0.371804111533137	0	9	0.865558391226237	0.650714643381896	483	7
10827	4	0.297164159145083	0	9	0.865558391226237	0.650714643381896	483	7
10840	6	0.00209583462322078	0	9	0.865558391226237	0.650714643381896	483	7
10841	6	0.0777804129487116	0	9	0.865558391226237	0.650714643381896	483	7
10844	0	0.0994584781446905	0	9	0.865558391226237	0.650714643381896	483	7
10845	3	0.325634464780044	0	9	0.865558391226237	0.650714643381896	483	7
10846	0	0.414887640928914	0	9	0.865558391226237	0.650714643381896	483	7
10847	1	0.488267773275246	0	9	0.865558391226237	0.650714643381896	483	7
10848	0	0.155426903230856	0	9	0.865558391226237	0.650714643381896	483	7
10849	5	0.668795513141348	1	9	0.865558391226237	0.650714643381896	483	7
10855	0	0.333797874182688	0	9	0.865558391226237	0.650714643381896	483	7
10856	2	0.263661965270891	0	9	0.865558391226237	0.650714643381896	483	7
10857	6	0.0776545076161797	0	9	0.865558391226237	0.650714643381896	483	7
10858	0	0.13889369521684	0	9	0.865558391226237	0.650714643381896	483	7
10861	0	0.569688350993696	0	9	0.865558391226237	0.650714643381896	483	7
10863	0	0.318788044371998	0	9	0.865558391226237	0.650714643381896	483	7
10864	6	0.240983852421776	0	9	0.865558391226237	0.650714643381896	483	7
10865	1	0.637252212640292	0	9	0.865558391226237	0.650714643381896	483	7
10867	2	0.374016806887663	0	9	0.865558391226237	0.650714643381896	483	7
10868	0	0.576399596058267	0	9	0.865558391226237	0.650714643381896	483	7
10869	0	0.443104881190135	0	9	0.865558391226237	0.650714643381896	483	7
10871	0	0.23826380375477	0	9	0.865558391226237	0.650714643381896	483	7
10873	2	0.333829324313683	0	9	0.865558391226237	0.650714643381896	483	7
10875	0	0.523809637659088	0	9	0.865558391226237	0.650714643381896	483	7
10882	0	0.238186120577501	0	9	0.865558391226237	0.650714643381896	483	7
10884	0	-0.0738972475472955	0	9	0.865558391226237	0.650714643381896	483	7
10885	1	0.573485099457331	0	9	0.865558391226237	0.650714643381896	483	7
10891	3	0.232675347827009	0	9	0.865558391226237	0.650714643381896	483	7
10892	0	0.53059950583144	0	9	0.865558391226237	0.650714643381896	483	7
10893	0	0.358303187437088	0	9	0.865558391226237	0.650714643381896	483	7
10894	0	0.520256332653095	0	9	0.865558391226237	0.650714643381896	483	7
10897	0	0.0361796836419425	0	9	0.865558391226237	0.650714643381896	483	7
10898	1	0.541676563272799	0	9	0.865558391226237	0.650714643381896	483	7
10899	0	0.146558657142931	0	9	0.865558391226237	0.650714643381896	483	7
10900	1	0.637986648900071	0	9	0.865558391226237	0.650714643381896	483	7
10902	0	0.4173760071344	0	9	0.865558391226237	0.650714643381896	483	7
10904	2	0.329575716522973	0	9	0.865558391226237	0.650714643381896	483	7
10905	1	0.550186512504608	0	9	0.865558391226237	0.650714643381896	483	7
10906	0	0.494138525282883	0	9	0.865558391226237	0.650714643381896	483	7
10907	1	0.430174088335939	0	9	0.865558391226237	0.650714643381896	483	7
10908	0	0.337889227339473	0	9	0.865558391226237	0.650714643381896	483	7
10912	0	0.024970533063875	0	9	0.865558391226237	0.650714643381896	483	7
10913	0	0.517646319004502	0	9	0.865558391226237	0.650714643381896	483	7
10914	0	0.0745803767625552	0	9	0.865558391226237	0.650714643381896	483	7
10915	0	0.188246909734189	0	9	0.865558391226237	0.650714643381896	483	7
10916	2	0.309551088260945	0	9	0.865558391226237	0.650714643381896	483	7
10920	2	0.412649480824388	0	9	0.865558391226237	0.650714643381896	483	7
10921	0	0.729789759998563	0	9	0.865558391226237	0.650714643381896	483	7
10922	0	0.256026569393717	0	9	0.865558391226237	0.650714643381896	483	7
10923	3	0.264075876538796	0	9	0.865558391226237	0.650714643381896	483	7
10924	3	0.221315758687577	0	9	0.865558391226237	0.650714643381896	483	7
10926	0	0.484691119221926	0	9	0.865558391226237	0.650714643381896	483	7
10927	3	0.351868621484861	0	9	0.865558391226237	0.650714643381896	483	7
10928	0	0.328239599205298	0	9	0.865558391226237	0.650714643381896	483	7
10929	3	0.267711004032664	0	9	0.865558391226237	0.650714643381896	483	7
10930	1	0.310014178419762	0	9	0.865558391226237	0.650714643381896	483	7
10935	3	0.187926233779293	0	9	0.865558391226237	0.650714643381896	483	7
10936	0	0.294945628352648	0	9	0.865558391226237	0.650714643381896	483	7
10938	2	0.149108843407282	0	9	0.865558391226237	0.650714643381896	483	7
10939	3	0.41774770965787	0	9	0.865558391226237	0.650714643381896	483	7
10940	0	0.478794452216768	0	9	0.865558391226237	0.650714643381896	483	7
10943	0	0.259332433005096	0	9	0.865558391226237	0.650714643381896	483	7
10944	4	0.239206878337532	0	9	0.865558391226237	0.650714643381896	483	7
10945	2	0.498830694498507	0	9	0.865558391226237	0.650714643381896	483	7
10946	3	0.409952937173935	0	9	0.865558391226237	0.650714643381896	483	7
10947	4	0.169003497364448	0	9	0.865558391226237	0.650714643381896	483	7
10948	0	0.482478336811119	0	9	0.865558391226237	0.650714643381896	483	7
10949	7	0.202449918300496	0	9	0.865558391226237	0.650714643381896	483	7
10950	0	0.414573505565261	0	9	0.865558391226237	0.650714643381896	483	7
10952	7	0.484848875381322	0	9	0.865558391226237	0.650714643381896	483	7
10953	0	0.240167296390777	0	9	0.865558391226237	0.650714643381896	483	7
10955	4	0.344870084259377	0	9	0.865558391226237	0.650714643381896	483	7
10956	2	0.408578710942509	0	9	0.865558391226237	0.650714643381896	483	7
10957	3	0.299449708732208	0	9	0.865558391226237	0.650714643381896	483	7
10959	0	0.467774282356657	0	9	0.865558391226237	0.650714643381896	483	7
10960	0	0.306375744883307	0	9	0.865558391226237	0.650714643381896	483	7
10961	2	0.238342189267357	0	9	0.865558391226237	0.650714643381896	483	7
10962	0	0.327471535713144	0	9	0.865558391226237	0.650714643381896	483	7
10963	2	0.298950441046753	0	9	0.865558391226237	0.650714643381896	483	7
10964	0	0.120057364708961	0	9	0.865558391226237	0.650714643381896	483	7
10966	0	0.268185378652282	0	9	0.865558391226237	0.650714643381896	483	7
10970	4	0.366386688520362	0	9	0.865558391226237	0.650714643381896	483	7
10972	3	0.51815538267281	0	9	0.865558391226237	0.650714643381896	483	7
10973	3	0.331379571731631	0	9	0.865558391226237	0.650714643381896	483	7
10974	7	0.0929048301518084	0	9	0.865558391226237	0.650714643381896	483	7
10975	7	0.156020533673512	0	9	0.865558391226237	0.650714643381896	483	7
10978	0	0.346878528530918	0	9	0.865558391226237	0.650714643381896	483	7
10979	4	0.125397279547589	0	9	0.865558391226237	0.650714643381896	483	7
10980	7	0.0149983905140258	0	9	0.865558391226237	0.650714643381896	483	7
10981	0	0.169908584060786	0	9	0.865558391226237	0.650714643381896	483	7
10982	0	0.337213863549562	0	9	0.865558391226237	0.650714643381896	483	7
10983	3	0.375402353847837	0	9	0.865558391226237	0.650714643381896	483	7
10985	3	0.459511147707788	0	9	0.865558391226237	0.650714643381896	483	7
10987	0	-0.23764025088685	0	9	0.865558391226237	0.650714643381896	483	7
10988	0	0.318972981516509	0	9	0.865558391226237	0.650714643381896	483	7
10989	0	0.181018495659719	0	9	0.865558391226237	0.650714643381896	483	7
10990	1	0.55248860582333	0	9	0.865558391226237	0.650714643381896	483	7
10991	0	0.44228834645533	0	9	0.865558391226237	0.650714643381896	483	7
10992	0	0.305245132375263	0	9	0.865558391226237	0.650714643381896	483	7
10993	0	0.262929775041692	0	9	0.865558391226237	0.650714643381896	483	7
10994	0	0.100377123822252	0	9	0.865558391226237	0.650714643381896	483	7
10998	2	0.495058246914164	0	9	0.865558391226237	0.650714643381896	483	7
11000	4	0.367184887635767	0	9	0.865558391226237	0.650714643381896	483	7
11001	6	-0.13397113497321	0	9	0.865558391226237	0.650714643381896	483	7
11004	0	0.507408039645695	0	9	0.865558391226237	0.650714643381896	483	7
11006	0	0.478941621958141	0	9	0.865558391226237	0.650714643381896	483	7
11007	2	0.417082196499536	0	9	0.865558391226237	0.650714643381896	483	7
11009	0	0.434739147418876	0	9	0.865558391226237	0.650714643381896	483	7
11010	5	0.697586267826886	1	9	0.865558391226237	0.650714643381896	483	7
11011	4	0.566184955858492	0	9	0.865558391226237	0.650714643381896	483	7
11014	3	0.226816981253268	0	9	0.865558391226237	0.650714643381896	483	7
11015	0	0.0917280621999886	0	9	0.865558391226237	0.650714643381896	483	7
11016	1	0.401803143253411	0	9	0.865558391226237	0.650714643381896	483	7
11017	0	0.198859207087452	0	9	0.865558391226237	0.650714643381896	483	7
11018	2	0.576063008531641	0	9	0.865558391226237	0.650714643381896	483	7
11019	0	0.164508427523725	0	9	0.865558391226237	0.650714643381896	483	7
11020	0	0.270561266385837	0	9	0.865558391226237	0.650714643381896	483	7
11021	1	0.304903334324246	0	9	0.865558391226237	0.650714643381896	483	7
11022	0	0.203110773607472	0	9	0.865558391226237	0.650714643381896	483	7
11027	1	0.583848916857794	0	9	0.865558391226237	0.650714643381896	483	7
11030	0	0.103270050271301	0	9	0.865558391226237	0.650714643381896	483	7
11031	4	0.27657408852578	0	9	0.865558391226237	0.650714643381896	483	7
11033	2	0.35166468032143	0	9	0.865558391226237	0.650714643381896	483	7
11034	0	0.0375580508078101	0	9	0.865558391226237	0.650714643381896	483	7
11040	5	0.593080197474093	1	9	0.865558391226237	0.650714643381896	483	7
11041	4	0.0623733067545631	0	9	0.865558391226237	0.650714643381896	483	7
11043	0	0.250647030835663	0	9	0.865558391226237	0.650714643381896	483	7
11044	0	0.2065046401005	0	9	0.865558391226237	0.650714643381896	483	7
11046	6	0.316428831719287	0	9	0.865558391226237	0.650714643381896	483	7
11047	2	0.370329970106587	0	9	0.865558391226237	0.650714643381896	483	7
11051	6	0.0337771648412885	0	9	0.865558391226237	0.650714643381896	483	7
11052	0	0.34898253178117	0	9	0.865558391226237	0.650714643381896	483	7
11054	1	0.498159562593833	0	9	0.865558391226237	0.650714643381896	483	7
11056	0	0.396476788398979	0	9	0.865558391226237	0.650714643381896	483	7
11057	0	0.390178039025443	0	9	0.865558391226237	0.650714643381896	483	7
11059	3	0.140518232868231	0	9	0.865558391226237	0.650714643381896	483	7
11060	0	0.234291631930937	0	9	0.865558391226237	0.650714643381896	483	7
11062	0	0.183696209022562	0	9	0.865558391226237	0.650714643381896	483	7
11064	0	0.390084641525819	0	9	0.865558391226237	0.650714643381896	483	7
11065	0	0.284394921824463	0	9	0.865558391226237	0.650714643381896	483	7
11066	4	0.250741607791166	0	9	0.865558391226237	0.650714643381896	483	7
11067	1	0.559830863365319	0	9	0.865558391226237	0.650714643381896	483	7
11068	2	0.426909552997834	0	9	0.865558391226237	0.650714643381896	483	7
11069	4	0.189124833899799	0	9	0.865558391226237	0.650714643381896	483	7
11070	2	0.217329034326169	0	9	0.865558391226237	0.650714643381896	483	7
11072	0	-0.00609589376442237	0	9	0.865558391226237	0.650714643381896	483	7
11073	4	0.192662266127003	0	9	0.865558391226237	0.650714643381896	483	7
11075	0	0.107390862409775	0	9	0.865558391226237	0.650714643381896	483	7
11076	0	0.212723057575727	0	9	0.865558391226237	0.650714643381896	483	7
11078	4	0.475868235227711	0	9	0.865558391226237	0.650714643381896	483	7
11079	6	0.250608700394221	0	9	0.865558391226237	0.650714643381896	483	7
11080	0	0.276952118652854	0	9	0.865558391226237	0.650714643381896	483	7
11082	4	0.128505475195492	0	9	0.865558391226237	0.650714643381896	483	7
11083	4	0.214983716591288	0	9	0.865558391226237	0.650714643381896	483	7
11092	0	-0.127421110208964	0	9	0.865558391226237	0.650714643381896	483	7
11093	1	0.447070767329666	0	9	0.865558391226237	0.650714643381896	483	7
11094	0	0.41268742767359	0	9	0.865558391226237	0.650714643381896	483	7
11095	0	0.199535100625823	0	9	0.865558391226237	0.650714643381896	483	7
11096	4	0.314305184048848	0	9	0.865558391226237	0.650714643381896	483	7
11097	3	0.409521401409874	0	9	0.865558391226237	0.650714643381896	483	7
11098	2	0.389390253743706	0	9	0.865558391226237	0.650714643381896	483	7
11099	4	0.162375962395354	0	9	0.865558391226237	0.650714643381896	483	7
11100	1	0.413533092625877	0	9	0.865558391226237	0.650714643381896	483	7
11102	2	0.465063389210915	0	9	0.865558391226237	0.650714643381896	483	7
11103	3	0.422660700354859	0	9	0.865558391226237	0.650714643381896	483	7
11104	3	0.3690132452583	0	9	0.865558391226237	0.650714643381896	483	7
11107	0	0.341125466774509	0	9	0.865558391226237	0.650714643381896	483	7
11108	0	-0.0750602637570244	0	9	0.865558391226237	0.650714643381896	483	7
11116	0	0.202741784678505	0	9	0.865558391226237	0.650714643381896	483	7
11117	2	0.549359861378138	0	9	0.865558391226237	0.650714643381896	483	7
11118	0	0.0641795522766579	0	9	0.865558391226237	0.650714643381896	483	7
11119	1	0.393594969562754	0	9	0.865558391226237	0.650714643381896	483	7
11120	0	0.153010179987171	0	9	0.865558391226237	0.650714643381896	483	7
11122	0	0.0218766257441532	0	9	0.865558391226237	0.650714643381896	483	7
11123	0	0.453666698425869	0	9	0.865558391226237	0.650714643381896	483	7
11124	0	0.197164411677754	0	9	0.865558391226237	0.650714643381896	483	7
11127	3	0.320285920020763	0	9	0.865558391226237	0.650714643381896	483	7
11129	0	0.147324342847964	0	9	0.865558391226237	0.650714643381896	483	7
11130	0	0.495247387872973	0	9	0.865558391226237	0.650714643381896	483	7
11132	0	0.0945568054566159	0	9	0.865558391226237	0.650714643381896	483	7
11133	0	0.323116505873531	0	9	0.865558391226237	0.650714643381896	483	7
11135	0	0.138339007600227	0	9	0.865558391226237	0.650714643381896	483	7
11136	6	-0.129804488968059	0	9	0.865558391226237	0.650714643381896	483	7
11137	3	0.434735178781888	0	9	0.865558391226237	0.650714643381896	483	7
11138	1	0.506407778850242	0	9	0.865558391226237	0.650714643381896	483	7
11142	0	-0.00271260045555185	0	9	0.865558391226237	0.650714643381896	483	7
11145	6	0.130743086151987	0	9	0.865558391226237	0.650714643381896	483	7
11146	0	0.47148067133847	0	9	0.865558391226237	0.650714643381896	483	7
11147	2	0.397975526728357	0	9	0.865558391226237	0.650714643381896	483	7
11148	0	-0.0289433219229469	0	9	0.865558391226237	0.650714643381896	483	7
11151	5	0.801547059796322	1	9	0.865558391226237	0.650714643381896	483	7
11152	0	0.0825828462890407	0	9	0.865558391226237	0.650714643381896	483	7
11153	0	0.115089380309738	0	9	0.865558391226237	0.650714643381896	483	7
11154	1	0.589937470404915	0	9	0.865558391226237	0.650714643381896	483	7
11155	0	0.362730790492049	0	9	0.865558391226237	0.650714643381896	483	7
11156	1	0.545985001275898	0	9	0.865558391226237	0.650714643381896	483	7
11157	0	-0.0138318874582221	0	9	0.865558391226237	0.650714643381896	483	7
11160	0	-0.0718612482836377	0	9	0.865558391226237	0.650714643381896	483	7
11161	0	0.410382570679968	0	9	0.865558391226237	0.650714643381896	483	7
11162	3	0.413909418840708	0	9	0.865558391226237	0.650714643381896	483	7
11168	0	0.494098527595906	0	9	0.865558391226237	0.650714643381896	483	7
11169	0	0.261993342786731	0	9	0.865558391226237	0.650714643381896	483	7
11171	3	0.0630158700926408	0	9	0.865558391226237	0.650714643381896	483	7
11174	0	-0.000237289882687959	0	9	0.865558391226237	0.650714643381896	483	7
11176	1	0.284114665714341	0	9	0.865558391226237	0.650714643381896	483	7
11177	0	0.477709586321759	0	9	0.865558391226237	0.650714643381896	483	7
11178	0	0.207008123676871	0	9	0.865558391226237	0.650714643381896	483	7
11179	1	0.480423743260807	0	9	0.865558391226237	0.650714643381896	483	7
11180	6	0.226694723474379	0	9	0.865558391226237	0.650714643381896	483	7
11181	6	0.0771335421545849	0	9	0.865558391226237	0.650714643381896	483	7
11182	5	0.752289205410824	1	9	0.865558391226237	0.650714643381896	483	7
11183	0	0.296381465765515	0	9	0.865558391226237	0.650714643381896	483	7
11184	5	0.817656363356512	1	9	0.865558391226237	0.650714643381896	483	7
11186	2	0.618903543763514	0	9	0.865558391226237	0.650714643381896	483	7
11187	0	0.245542845354069	0	9	0.865558391226237	0.650714643381896	483	7
11188	4	0.110060288244966	0	9	0.865558391226237	0.650714643381896	483	7
11189	1	0.330741380139806	0	9	0.865558391226237	0.650714643381896	483	7
11190	1	0.50331058874289	0	9	0.865558391226237	0.650714643381896	483	7
11193	3	0.333227545697373	0	9	0.865558391226237	0.650714643381896	483	7
11194	1	0.520639971121447	0	9	0.865558391226237	0.650714643381896	483	7
11196	0	0.545177863457354	0	9	0.865558391226237	0.650714643381896	483	7
11198	0	0.371338914639954	0	9	0.865558391226237	0.650714643381896	483	7
11201	3	0.110955789230141	0	9	0.865558391226237	0.650714643381896	483	7
11212	2	0.458710806411565	0	9	0.865558391226237	0.650714643381896	483	7
11213	4	0.242448876796025	0	9	0.865558391226237	0.650714643381896	483	7
11214	0	0.0366204267051227	0	9	0.865558391226237	0.650714643381896	483	7
11215	0	0.333309213156716	0	9	0.865558391226237	0.650714643381896	483	7
11216	1	0.578146228152049	0	9	0.865558391226237	0.650714643381896	483	7
11221	4	0.518100357752743	0	9	0.865558391226237	0.650714643381896	483	7
11222	0	0.34579700548585	0	9	0.865558391226237	0.650714643381896	483	7
11226	0	0.523578136457423	0	9	0.865558391226237	0.650714643381896	483	7
11230	2	0.365112569067537	0	9	0.865558391226237	0.650714643381896	483	7
11231	3	0.590429374142459	0	9	0.865558391226237	0.650714643381896	483	7
11232	3	0.429181667309375	0	9	0.865558391226237	0.650714643381896	483	7
11234	0	-0.13134804639039	0	9	0.865558391226237	0.650714643381896	483	7
11235	0	0.172302870314457	0	9	0.865558391226237	0.650714643381896	483	7
11236	3	0.492232632234282	0	9	0.865558391226237	0.650714643381896	483	7
11237	0	0.429492532209349	0	9	0.865558391226237	0.650714643381896	483	7
11238	0	0.323630042920645	0	9	0.865558391226237	0.650714643381896	483	7
11240	0	0.353922264266943	0	9	0.865558391226237	0.650714643381896	483	7
11245	1	0.488674302545474	0	9	0.865558391226237	0.650714643381896	483	7
11248	1	0.422095794038341	0	9	0.865558391226237	0.650714643381896	483	7
11253	2	0.207970800733145	0	9	0.865558391226237	0.650714643381896	483	7
11258	2	0.137261710328175	0	9	0.865558391226237	0.650714643381896	483	7
11259	0	0.488281928155618	0	9	0.865558391226237	0.650714643381896	483	7
11260	3	0.481396189684678	0	9	0.865558391226237	0.650714643381896	483	7
11261	2	0.409660901643596	0	9	0.865558391226237	0.650714643381896	483	7
11262	0	0.488213753709929	0	9	0.865558391226237	0.650714643381896	483	7
11264	0	0.117294010366229	0	9	0.865558391226237	0.650714643381896	483	7
11266	3	0.466581969004905	0	9	0.865558391226237	0.650714643381896	483	7
11267	2	0.6354111864104	0	9	0.865558391226237	0.650714643381896	483	7
11273	7	0.327788632561843	0	9	0.865558391226237	0.650714643381896	483	7
11275	0	0.250922686937377	0	9	0.865558391226237	0.650714643381896	483	7
11276	0	0.46750877136226	0	9	0.865558391226237	0.650714643381896	483	7
11278	0	0.355108291258968	0	9	0.865558391226237	0.650714643381896	483	7
11279	0	0.482289742487976	0	9	0.865558391226237	0.650714643381896	483	7
11280	0	0.333699750631351	0	9	0.865558391226237	0.650714643381896	483	7
11282	2	0.258545890382793	0	9	0.865558391226237	0.650714643381896	483	7
11284	2	0.211839850769116	0	9	0.865558391226237	0.650714643381896	483	7
11285	2	0.59822745826098	0	9	0.865558391226237	0.650714643381896	483	7
11309	5	0.73812327464939	1	9	0.865558391226237	0.650714643381896	483	7
11311	1	0.5039880362125	0	9	0.865558391226237	0.650714643381896	483	7
11313	2	0.639220236845441	0	9	0.865558391226237	0.650714643381896	483	7
11314	1	0.627953280021526	0	9	0.865558391226237	0.650714643381896	483	7
11315	2	0.125639939939822	0	9	0.865558391226237	0.650714643381896	483	7
11316	7	0.2512183139495	0	9	0.865558391226237	0.650714643381896	483	7
11318	1	0.649522335856117	0	9	0.865558391226237	0.650714643381896	483	7
11319	0	0.365749603622927	0	9	0.865558391226237	0.650714643381896	483	7
11320	0	0.595317959770102	0	9	0.865558391226237	0.650714643381896	483	7
11321	0	0.576778562351397	0	9	0.865558391226237	0.650714643381896	483	7
11322	5	0.616649342895131	1	9	0.865558391226237	0.650714643381896	483	7
11325	4	0.162378818767142	0	9	0.865558391226237	0.650714643381896	483	7
11326	5	0.680047672261426	1	9	0.865558391226237	0.650714643381896	483	7
11329	0	-0.0105837520274478	0	9	0.865558391226237	0.650714643381896	483	7
11331	6	0.205923709233073	0	9	0.865558391226237	0.650714643381896	483	7
11332	2	0.198721867095714	0	9	0.865558391226237	0.650714643381896	483	7
11333	0	0.170494643163066	0	9	0.865558391226237	0.650714643381896	483	7
11334	1	0.328174460374405	0	9	0.865558391226237	0.650714643381896	483	7
11335	3	0.671721466002347	0	9	0.865558391226237	0.650714643381896	483	7
11336	0	0.160568042733398	0	9	0.865558391226237	0.650714643381896	483	7
11337	2	0.270577288471173	0	9	0.865558391226237	0.650714643381896	483	7
11338	1	0.623812000701188	0	9	0.865558391226237	0.650714643381896	483	7
11339	0	0.609180242439001	0	9	0.865558391226237	0.650714643381896	483	7
11340	0	0.344004631291606	0	9	0.865558391226237	0.650714643381896	483	7
11342	3	0.31765444906355	0	9	0.865558391226237	0.650714643381896	483	7
11343	2	0.30568206209913	0	9	0.865558391226237	0.650714643381896	483	7
11345	3	0.143671049162259	0	9	0.865558391226237	0.650714643381896	483	7
11346	4	0.116454607039163	0	9	0.865558391226237	0.650714643381896	483	7
22795	0	0.299498945098752	0	9	0.865558391226237	0.650714643381896	483	7
22796	0	0.519284153767579	0	9	0.865558391226237	0.650714643381896	483	7
22797	0	0.0984164961554416	0	9	0.865558391226237	0.650714643381896	483	7
22798	1	0.477548690055051	0	9	0.865558391226237	0.650714643381896	483	7
22800	3	0.71917801116804	0	9	0.865558391226237	0.650714643381896	483	7
22806	5	0.724575564428027	1	9	0.865558391226237	0.650714643381896	483	7
22807	0	0.265889802357437	0	9	0.865558391226237	0.650714643381896	483	7
22808	5	0.645105083798382	1	9	0.865558391226237	0.650714643381896	483	7
22818	0	0.105973528717216	0	9	0.865558391226237	0.650714643381896	483	7
22820	0	0.263952828121346	0	9	0.865558391226237	0.650714643381896	483	7
22821	1	0.664982138842709	0	9	0.865558391226237	0.650714643381896	483	7
22822	0	0.417813086050163	0	9	0.865558391226237	0.650714643381896	483	7
22823	0	0.170256771771668	0	9	0.865558391226237	0.650714643381896	483	7
22824	3	0.28475767230729	0	9	0.865558391226237	0.650714643381896	483	7
22826	4	0.394483864136268	0	9	0.865558391226237	0.650714643381896	483	7
22827	2	0.244664610981986	0	9	0.865558391226237	0.650714643381896	483	7
22829	0	0.165020563023457	0	9	0.865558391226237	0.650714643381896	483	7
22832	1	0.545518455477561	0	9	0.865558391226237	0.650714643381896	483	7
22834	0	0.24872754819538	0	9	0.865558391226237	0.650714643381896	483	7
22835	0	0.16698865129708	0	9	0.865558391226237	0.650714643381896	483	7
22836	0	0.154565677611238	0	9	0.865558391226237	0.650714643381896	483	7
22837	0	0.49482774612941	0	9	0.865558391226237	0.650714643381896	483	7
22838	0	0.216826919500848	0	9	0.865558391226237	0.650714643381896	483	7
22839	7	0.374587253853705	0	9	0.865558391226237	0.650714643381896	483	7
22841	3	0.396954077979277	0	9	0.865558391226237	0.650714643381896	483	7
22843	1	0.356860187403131	0	9	0.865558391226237	0.650714643381896	483	7
22844	1	0.392851914276498	0	9	0.865558391226237	0.650714643381896	483	7
22845	0	0.302380197208349	0	9	0.865558391226237	0.650714643381896	483	7
22846	0	0.392569153905391	0	9	0.865558391226237	0.650714643381896	483	7
22848	0	0.398089644733578	0	9	0.865558391226237	0.650714643381896	483	7
22849	0	0.616663784858513	0	9	0.865558391226237	0.650714643381896	483	7
22850	0	0.455611037207396	0	9	0.865558391226237	0.650714643381896	483	7
22852	0	-0.0116518863174354	0	9	0.865558391226237	0.650714643381896	483	7
22853	0	0.34698891595094	0	9	0.865558391226237	0.650714643381896	483	7
22856	4	0.228933735438298	0	9	0.865558391226237	0.650714643381896	483	7
22858	0	0.154015283085826	0	9	0.865558391226237	0.650714643381896	483	7
22859	0	0.131134928962857	0	9	0.865558391226237	0.650714643381896	483	7
22862	1	0.27266952865337	0	9	0.865558391226237	0.650714643381896	483	7
22863	0	0.147106288806184	0	9	0.865558391226237	0.650714643381896	483	7
22864	0	0.0850290784104335	0	9	0.865558391226237	0.650714643381896	483	7
22866	1	0.408054154787781	0	9	0.865558391226237	0.650714643381896	483	7
22868	0	0.429228835632237	0	9	0.865558391226237	0.650714643381896	483	7
22869	4	0.263034823956263	0	9	0.865558391226237	0.650714643381896	483	7
22870	1	0.442413782865108	0	9	0.865558391226237	0.650714643381896	483	7
22871	3	0.612750929661058	0	9	0.865558391226237	0.650714643381896	483	7
22872	0	0.122536185544676	0	9	0.865558391226237	0.650714643381896	483	7
22873	3	0.430509266486784	0	9	0.865558391226237	0.650714643381896	483	7
22874	0	0.278619931682236	0	9	0.865558391226237	0.650714643381896	483	7
22875	4	0.206758928245178	0	9	0.865558391226237	0.650714643381896	483	7
22876	0	0.408200671760369	0	9	0.865558391226237	0.650714643381896	483	7
22877	1	0.491249711370672	0	9	0.865558391226237	0.650714643381896	483	7
22878	0	0.0727486417090309	0	9	0.865558391226237	0.650714643381896	483	7
22879	0	0.312592771904442	0	9	0.865558391226237	0.650714643381896	483	7
22880	0	0.0968032816307075	0	9	0.865558391226237	0.650714643381896	483	7
22881	0	0.105911169586341	0	9	0.865558391226237	0.650714643381896	483	7
22882	0	0.51070013497125	0	9	0.865558391226237	0.650714643381896	483	7
22883	0	0.282985748598122	0	9	0.865558391226237	0.650714643381896	483	7
22884	0	0.187844246176717	0	9	0.865558391226237	0.650714643381896	483	7
22885	3	0.418901713290666	0	9	0.865558391226237	0.650714643381896	483	7
22887	1	0.249162681505861	0	9	0.865558391226237	0.650714643381896	483	7
22889	0	0.183515071602784	0	9	0.865558391226237	0.650714643381896	483	7
22890	0	0.128692020412147	0	9	0.865558391226237	0.650714643381896	483	7
22891	1	0.662798113158519	0	9	0.865558391226237	0.650714643381896	483	7
22893	1	0.64193263766826	0	9	0.865558391226237	0.650714643381896	483	7
22894	0	0.160203876010137	0	9	0.865558391226237	0.650714643381896	483	7
22897	0	0.294255857247177	0	9	0.865558391226237	0.650714643381896	483	7
22898	1	0.441549259641621	0	9	0.865558391226237	0.650714643381896	483	7
22899	4	0.23649135725642	0	9	0.865558391226237	0.650714643381896	483	7
22900	5	0.695801969178591	1	9	0.865558391226237	0.650714643381896	483	7
22902	3	0.390923054114113	0	9	0.865558391226237	0.650714643381896	483	7
22903	4	0.14343418579769	0	9	0.865558391226237	0.650714643381896	483	7
22904	0	0.25473061620321	0	9	0.865558391226237	0.650714643381896	483	7
22906	3	0.4809059057548	0	9	0.865558391226237	0.650714643381896	483	7
22907	2	0.18102926842608	0	9	0.865558391226237	0.650714643381896	483	7
22908	4	0.0259211338427455	0	9	0.865558391226237	0.650714643381896	483	7
22909	0	0.136489382900554	0	9	0.865558391226237	0.650714643381896	483	7
22911	4	0.314762008356001	0	9	0.865558391226237	0.650714643381896	483	7
22913	2	0.478730834230655	0	9	0.865558391226237	0.650714643381896	483	7
22915	0	0.471826156628729	0	9	0.865558391226237	0.650714643381896	483	7
22916	3	0.180080821475904	0	9	0.865558391226237	0.650714643381896	483	7
22918	4	0.576451045994751	0	9	0.865558391226237	0.650714643381896	483	7
22919	4	0.483305040019928	0	9	0.865558391226237	0.650714643381896	483	7
22920	3	0.31475024662262	0	9	0.865558391226237	0.650714643381896	483	7
22921	0	0.281189077280014	0	9	0.865558391226237	0.650714643381896	483	7
22924	1	0.397406588963825	0	9	0.865558391226237	0.650714643381896	483	7
22925	4	0.123751088677824	0	9	0.865558391226237	0.650714643381896	483	7
22926	0	0.390607191912629	0	9	0.865558391226237	0.650714643381896	483	7
22927	6	0.264094821124671	0	9	0.865558391226237	0.650714643381896	483	7
22928	6	0.0988209683484715	0	9	0.865558391226237	0.650714643381896	483	7
22929	2	0.489109476695279	0	9	0.865558391226237	0.650714643381896	483	7
22930	3	0.439988342022198	0	9	0.865558391226237	0.650714643381896	483	7
22933	1	0.30591197071528	0	9	0.865558391226237	0.650714643381896	483	7
22936	1	0.697878584672529	0	9	0.865558391226237	0.650714643381896	483	7
22937	2	0.317421735292765	0	9	0.865558391226237	0.650714643381896	483	7
22938	3	0.561459816437029	0	9	0.865558391226237	0.650714643381896	483	7
22941	1	0.569948295813561	0	9	0.865558391226237	0.650714643381896	483	7
22944	0	0.233518524722688	0	9	0.865558391226237	0.650714643381896	483	7
22948	3	0.507177127970399	0	9	0.865558391226237	0.650714643381896	483	7
22954	0	0.0644850950661174	0	9	0.865558391226237	0.650714643381896	483	7
22955	0	0.387056284870498	0	9	0.865558391226237	0.650714643381896	483	7
22974	0	0.591162284836467	0	9	0.865558391226237	0.650714643381896	483	7
22976	3	0.395492183077033	0	9	0.865558391226237	0.650714643381896	483	7
22977	2	0.350734425026242	0	9	0.865558391226237	0.650714643381896	483	7
22978	0	-0.132785860535206	0	9	0.865558391226237	0.650714643381896	483	7
22980	7	0.276551597986683	0	9	0.865558391226237	0.650714643381896	483	7
22981	0	0.341673279715677	0	9	0.865558391226237	0.650714643381896	483	7
22982	0	0.026697773147956	0	9	0.865558391226237	0.650714643381896	483	7
22984	0	0.408156516937988	0	9	0.865558391226237	0.650714643381896	483	7
22985	0	0.0576649645922465	0	9	0.865558391226237	0.650714643381896	483	7
22986	0	0.340804873121169	0	9	0.865558391226237	0.650714643381896	483	7
22989	1	0.454162225378517	0	9	0.865558391226237	0.650714643381896	483	7
22990	0	0.452408250531118	0	9	0.865558391226237	0.650714643381896	483	7
22992	0	0.448379530395134	0	9	0.865558391226237	0.650714643381896	483	7
22993	0	0.328932619229996	0	9	0.865558391226237	0.650714643381896	483	7
22994	0	-0.0532564195611235	0	9	0.865558391226237	0.650714643381896	483	7
22996	5	0.721605653375933	1	9	0.865558391226237	0.650714643381896	483	7
22998	0	0.00635555192646716	0	9	0.865558391226237	0.650714643381896	483	7
22999	0	0.0772470883584565	0	9	0.865558391226237	0.650714643381896	483	7
23001	0	-0.137994173819969	0	9	0.865558391226237	0.650714643381896	483	7
23002	0	0.297433580614527	0	9	0.865558391226237	0.650714643381896	483	7
23005	1	0.377885126411736	0	9	0.865558391226237	0.650714643381896	483	7
23007	5	0.638078938963252	1	9	0.865558391226237	0.650714643381896	483	7
23008	0	0.205122129032906	0	9	0.865558391226237	0.650714643381896	483	7
23011	3	-0.0785929190813112	0	9	0.865558391226237	0.650714643381896	483	7
23012	0	0.285503891459311	0	9	0.865558391226237	0.650714643381896	483	7
23013	4	0.210535471936861	0	9	0.865558391226237	0.650714643381896	483	7
23014	0	-0.0834822855079032	0	9	0.865558391226237	0.650714643381896	483	7
23015	1	0.66914538074244	0	9	0.865558391226237	0.650714643381896	483	7
23016	0	0.372817320698683	0	9	0.865558391226237	0.650714643381896	483	7
23017	0	0.58040856990527	0	9	0.865558391226237	0.650714643381896	483	7
23019	1	0.255456472580178	0	9	0.865558391226237	0.650714643381896	483	7
23022	0	0.0466661176103885	0	9	0.865558391226237	0.650714643381896	483	7
23023	0	0.273312119939484	0	9	0.865558391226237	0.650714643381896	483	7
23024	3	0.246564301502384	0	9	0.865558391226237	0.650714643381896	483	7
23025	0	0.281445037101999	0	9	0.865558391226237	0.650714643381896	483	7
23026	1	0.519252673732086	0	9	0.865558391226237	0.650714643381896	483	7
23028	0	0.369153065492762	0	9	0.865558391226237	0.650714643381896	483	7
23029	0	0.0404509369877167	0	9	0.865558391226237	0.650714643381896	483	7
23030	0	0.567343941704311	0	9	0.865558391226237	0.650714643381896	483	7
23031	2	0.248606682150408	0	9	0.865558391226237	0.650714643381896	483	7
23032	0	0.390745760110685	0	9	0.865558391226237	0.650714643381896	483	7
23033	0	0.499192244930516	0	9	0.865558391226237	0.650714643381896	483	7
23034	0	0.331886217678775	0	9	0.865558391226237	0.650714643381896	483	7
23035	0	-0.00514020077006778	0	9	0.865558391226237	0.650714643381896	483	7
23036	3	0.527566922819445	0	9	0.865558391226237	0.650714643381896	483	7
23037	4	0.175862779753509	0	9	0.865558391226237	0.650714643381896	483	7
23038	0	0.35996624326242	0	9	0.865558391226237	0.650714643381896	483	7
23039	3	0.251390474004003	0	9	0.865558391226237	0.650714643381896	483	7
23041	0	0.195718770143792	0	9	0.865558391226237	0.650714643381896	483	7
23043	0	0.407188746020231	0	9	0.865558391226237	0.650714643381896	483	7
23046	1	0.435304291803094	0	9	0.865558391226237	0.650714643381896	483	7
23047	0	0.0867575377234938	0	9	0.865558391226237	0.650714643381896	483	7
23048	0	0.412278144563697	0	9	0.865558391226237	0.650714643381896	483	7
23051	3	0.482602307922393	0	9	0.865558391226237	0.650714643381896	483	7
23052	0	0.4421954292544	0	9	0.865558391226237	0.650714643381896	483	7
23053	2	0.313205555176498	0	9	0.865558391226237	0.650714643381896	483	7
23054	3	0.390693291546972	0	9	0.865558391226237	0.650714643381896	483	7
23057	0	0.505617640361086	0	9	0.865558391226237	0.650714643381896	483	7
23059	0	0.632923000658721	0	9	0.865558391226237	0.650714643381896	483	7
23060	4	0.141497608795039	0	9	0.865558391226237	0.650714643381896	483	7
23061	0	-0.0125719745214486	0	9	0.865558391226237	0.650714643381896	483	7
23062	0	-0.117045825069168	0	9	0.865558391226237	0.650714643381896	483	7
23063	1	0.40281868941938	0	9	0.865558391226237	0.650714643381896	483	7
23064	3	0.520419871956982	0	9	0.865558391226237	0.650714643381896	483	7
23065	4	0.0743825916510746	0	9	0.865558391226237	0.650714643381896	483	7
23066	4	0.225363594066851	0	9	0.865558391226237	0.650714643381896	483	7
23067	0	0.321189830317073	0	9	0.865558391226237	0.650714643381896	483	7
23070	0	0.274314057790976	0	9	0.865558391226237	0.650714643381896	483	7
23071	4	0.0362868352666877	0	9	0.865558391226237	0.650714643381896	483	7
23072	0	0.61477491861015	0	9	0.865558391226237	0.650714643381896	483	7
23074	0	-0.145631318022827	0	9	0.865558391226237	0.650714643381896	483	7
23075	0	0.0663616452828873	0	9	0.865558391226237	0.650714643381896	483	7
23076	0	0.146333734244823	0	9	0.865558391226237	0.650714643381896	483	7
23077	0	0.347557246784349	0	9	0.865558391226237	0.650714643381896	483	7
23078	0	0.334698774129807	0	9	0.865558391226237	0.650714643381896	483	7
23080	0	0.318368797477546	0	9	0.865558391226237	0.650714643381896	483	7
23081	0	0.311959237224052	0	9	0.865558391226237	0.650714643381896	483	7
23082	0	0.175339894082792	0	9	0.865558391226237	0.650714643381896	483	7
23085	0	0.0161517671197634	0	9	0.865558391226237	0.650714643381896	483	7
23086	1	0.323274988935958	0	9	0.865558391226237	0.650714643381896	483	7
23089	0	0.295204494549994	0	9	0.865558391226237	0.650714643381896	483	7
23090	4	0.0501176562575493	0	9	0.865558391226237	0.650714643381896	483	7
23091	0	0.266799781990933	0	9	0.865558391226237	0.650714643381896	483	7
23092	0	0.701945664816434	0	9	0.865558391226237	0.650714643381896	483	7
23093	1	0.500945505774806	0	9	0.865558391226237	0.650714643381896	483	7
23094	0	0.349792468624627	0	9	0.865558391226237	0.650714643381896	483	7
23095	0	-0.0334922801761257	0	9	0.865558391226237	0.650714643381896	483	7
23096	0	-0.131925720472922	0	9	0.865558391226237	0.650714643381896	483	7
23097	0	0.24048906612233	0	9	0.865558391226237	0.650714643381896	483	7
23098	0	0.0932728491164051	0	9	0.865558391226237	0.650714643381896	483	7
23099	3	0.405509970544629	0	9	0.865558391226237	0.650714643381896	483	7
23101	0	0.0852885825105286	0	9	0.865558391226237	0.650714643381896	483	7
23102	4	0.299311467960837	0	9	0.865558391226237	0.650714643381896	483	7
23105	1	0.571103086246094	0	9	0.865558391226237	0.650714643381896	483	7
23107	3	0.466856742841695	0	9	0.865558391226237	0.650714643381896	483	7
23108	5	0.673697591344922	1	9	0.865558391226237	0.650714643381896	483	7
23109	4	0.142207306785365	0	9	0.865558391226237	0.650714643381896	483	7
23111	7	0.299594349746959	0	9	0.865558391226237	0.650714643381896	483	7
23112	0	0.41784397537838	0	9	0.865558391226237	0.650714643381896	483	7
23113	2	0.368443968545682	0	9	0.865558391226237	0.650714643381896	483	7
23114	0	0.294182573574441	0	9	0.865558391226237	0.650714643381896	483	7
23116	0	0.145455104870395	0	9	0.865558391226237	0.650714643381896	483	7
23118	4	0.217728564824181	0	9	0.865558391226237	0.650714643381896	483	7
23119	1	0.589381224734028	0	9	0.865558391226237	0.650714643381896	483	7
23122	0	0.0839574125212352	0	9	0.865558391226237	0.650714643381896	483	7
23125	4	0.323605641849214	0	9	0.865558391226237	0.650714643381896	483	7
23126	0	0.374692610740026	0	9	0.865558391226237	0.650714643381896	483	7
23127	0	-0.123512819409219	0	9	0.865558391226237	0.650714643381896	483	7
23129	4	0.337316515782916	0	9	0.865558391226237	0.650714643381896	483	7
23130	0	0.510329910749474	0	9	0.865558391226237	0.650714643381896	483	7
23131	0	-0.22016616650125	0	9	0.865558391226237	0.650714643381896	483	7
23132	0	0.338335113875765	0	9	0.865558391226237	0.650714643381896	483	7
23133	1	0.339033314828132	0	9	0.865558391226237	0.650714643381896	483	7
23135	1	0.384396515558329	0	9	0.865558391226237	0.650714643381896	483	7
23136	3	0.341496347348593	0	9	0.865558391226237	0.650714643381896	483	7
23137	0	0.0931810249766083	0	9	0.865558391226237	0.650714643381896	483	7
23138	0	0.242899936611244	0	9	0.865558391226237	0.650714643381896	483	7
23139	1	0.443992388451661	0	9	0.865558391226237	0.650714643381896	483	7
23140	1	0.568576292289447	0	9	0.865558391226237	0.650714643381896	483	7
23141	1	0.334071759708714	0	9	0.865558391226237	0.650714643381896	483	7
23142	0	0.10658803344933	0	9	0.865558391226237	0.650714643381896	483	7
23143	0	0.536701350093158	0	9	0.865558391226237	0.650714643381896	483	7
23144	0	0.362896014618632	0	9	0.865558391226237	0.650714643381896	483	7
23148	0	0.200518827934495	0	9	0.865558391226237	0.650714643381896	483	7
23149	0	0.504606172519607	0	9	0.865558391226237	0.650714643381896	483	7
23150	0	0.222781970172543	0	9	0.865558391226237	0.650714643381896	483	7
23151	0	0.0667077845888349	0	9	0.865558391226237	0.650714643381896	483	7
23152	1	0.352257710097616	0	9	0.865558391226237	0.650714643381896	483	7
23154	1	0.637638569874232	0	9	0.865558391226237	0.650714643381896	483	7
23155	0	-0.0148582442970382	0	9	0.865558391226237	0.650714643381896	483	7
23157	0	0.44424521722059	0	9	0.865558391226237	0.650714643381896	483	7
23158	0	0.62221033558891	0	9	0.865558391226237	0.650714643381896	483	7
23160	0	0.106567123025204	0	9	0.865558391226237	0.650714643381896	483	7
23161	0	0.385041435330844	0	9	0.865558391226237	0.650714643381896	483	7
23162	1	0.48853327038506	0	9	0.865558391226237	0.650714643381896	483	7
23163	0	-0.0443963953252164	0	9	0.865558391226237	0.650714643381896	483	7
23164	1	0.428433711567513	0	9	0.865558391226237	0.650714643381896	483	7
23165	3	0.361441791722882	0	9	0.865558391226237	0.650714643381896	483	7
23166	5	0.644924287658568	1	9	0.865558391226237	0.650714643381896	483	7
23167	0	0.218516549475601	0	9	0.865558391226237	0.650714643381896	483	7
23168	3	0.283701962522357	0	9	0.865558391226237	0.650714643381896	483	7
23169	0	0.455847171086605	0	9	0.865558391226237	0.650714643381896	483	7
23170	1	0.484198421421541	0	9	0.865558391226237	0.650714643381896	483	7
23171	3	0.18662268561208	0	9	0.865558391226237	0.650714643381896	483	7
23172	3	0.384555909781502	0	9	0.865558391226237	0.650714643381896	483	7
23173	0	0.0270713067977989	0	9	0.865558391226237	0.650714643381896	483	7
23174	0	0.282506701037051	0	9	0.865558391226237	0.650714643381896	483	7
23175	4	0.276947369248403	0	9	0.865558391226237	0.650714643381896	483	7
23176	0	0.208564529926922	0	9	0.865558391226237	0.650714643381896	483	7
23177	0	0.230952113938	0	9	0.865558391226237	0.650714643381896	483	7
23178	5	0.612445398164265	1	9	0.865558391226237	0.650714643381896	483	7
23179	0	0.307035887626556	0	9	0.865558391226237	0.650714643381896	483	7
23180	0	0.597133999216325	0	9	0.865558391226237	0.650714643381896	483	7
23185	0	-0.0259486877658373	0	9	0.865558391226237	0.650714643381896	483	7
23186	3	0.280472780856622	0	9	0.865558391226237	0.650714643381896	483	7
23187	1	0.686798080694376	0	9	0.865558391226237	0.650714643381896	483	7
23189	0	-0.0792497427532459	0	9	0.865558391226237	0.650714643381896	483	7
23190	3	0.393154986391848	0	9	0.865558391226237	0.650714643381896	483	7
23191	4	0.451089933613094	0	9	0.865558391226237	0.650714643381896	483	7
23192	6	0.14956305587386	0	9	0.865558391226237	0.650714643381896	483	7
23193	6	0.390206512770534	0	9	0.865558391226237	0.650714643381896	483	7
23194	4	0.175649595299177	0	9	0.865558391226237	0.650714643381896	483	7
23195	0	0.520007828098819	0	9	0.865558391226237	0.650714643381896	483	7
23196	6	0.312274956851859	0	9	0.865558391226237	0.650714643381896	483	7
23197	0	0.112571487481496	0	9	0.865558391226237	0.650714643381896	483	7
23198	0	0.415844967006918	0	9	0.865558391226237	0.650714643381896	483	7
23199	0	0.481940316052011	0	9	0.865558391226237	0.650714643381896	483	7
23200	0	0.170566246956497	0	9	0.865558391226237	0.650714643381896	483	7
23201	4	0.322284403364724	0	9	0.865558391226237	0.650714643381896	483	7
23203	2	0.342565843796293	0	9	0.865558391226237	0.650714643381896	483	7
23204	3	0.481010983181032	0	9	0.865558391226237	0.650714643381896	483	7
23205	0	0.177921126739468	0	9	0.865558391226237	0.650714643381896	483	7
23207	2	0.328145121758805	0	9	0.865558391226237	0.650714643381896	483	7
23208	0	0.609405259209376	0	9	0.865558391226237	0.650714643381896	483	7
23210	0	0.305700365011509	0	9	0.865558391226237	0.650714643381896	483	7
23211	4	0.421532596092978	0	9	0.865558391226237	0.650714643381896	483	7
23212	0	0.633365493232253	0	9	0.865558391226237	0.650714643381896	483	7
23213	4	0.0727545941765177	0	9	0.865558391226237	0.650714643381896	483	7
23214	0	0.625366968091424	0	9	0.865558391226237	0.650714643381896	483	7
23215	0	0.309358985640734	0	9	0.865558391226237	0.650714643381896	483	7
23216	0	0.323794550336251	0	9	0.865558391226237	0.650714643381896	483	7
23218	0	0.489854628071824	0	9	0.865558391226237	0.650714643381896	483	7
23219	3	0.332265547643722	0	9	0.865558391226237	0.650714643381896	483	7
23220	0	0.625011550363452	0	9	0.865558391226237	0.650714643381896	483	7
23221	4	0.20637815307994	0	9	0.865558391226237	0.650714643381896	483	7
23223	1	0.55168984676263	0	9	0.865558391226237	0.650714643381896	483	7
23224	3	0.049243851594935	0	9	0.865558391226237	0.650714643381896	483	7
23225	3	0.739349470532135	0	9	0.865558391226237	0.650714643381896	483	7
23229	0	0.351944199810202	0	9	0.865558391226237	0.650714643381896	483	7
23230	0	0.416367471731459	0	9	0.865558391226237	0.650714643381896	483	7
23231	0	0.586499804980296	0	9	0.865558391226237	0.650714643381896	483	7
23232	4	0.424660439849672	0	9	0.865558391226237	0.650714643381896	483	7
23236	0	0.259875164752749	0	9	0.865558391226237	0.650714643381896	483	7
23237	0	-0.0493953188533086	0	9	0.865558391226237	0.650714643381896	483	7
23239	0	0.106252155706579	0	9	0.865558391226237	0.650714643381896	483	7
23240	1	0.583359441329394	0	9	0.865558391226237	0.650714643381896	483	7
23241	2	0.54672030261582	0	9	0.865558391226237	0.650714643381896	483	7
23242	0	0.044302522713627	0	9	0.865558391226237	0.650714643381896	483	7
23243	4	0.0565886168095166	0	9	0.865558391226237	0.650714643381896	483	7
23244	3	0.292779928171034	0	9	0.865558391226237	0.650714643381896	483	7
23245	0	0.467815171603047	0	9	0.865558391226237	0.650714643381896	483	7
23247	0	-0.0307037387999194	0	9	0.865558391226237	0.650714643381896	483	7
23248	0	0.331622660062591	0	9	0.865558391226237	0.650714643381896	483	7
23250	1	0.564830684099985	0	9	0.865558391226237	0.650714643381896	483	7
23251	0	0.0274949764578395	0	9	0.865558391226237	0.650714643381896	483	7
23252	0	0.261024480852013	0	9	0.865558391226237	0.650714643381896	483	7
23253	4	0.317586699026598	0	9	0.865558391226237	0.650714643381896	483	7
23254	0	0.274775861580315	0	9	0.865558391226237	0.650714643381896	483	7
23255	0	0.378100913252344	0	9	0.865558391226237	0.650714643381896	483	7
23256	3	0.239468688667789	0	9	0.865558391226237	0.650714643381896	483	7
23258	0	0.450054827634696	0	9	0.865558391226237	0.650714643381896	483	7
23259	4	0.283203763391982	0	9	0.865558391226237	0.650714643381896	483	7
23261	3	0.260434082442003	0	9	0.865558391226237	0.650714643381896	483	7
23262	3	0.329772128816794	0	9	0.865558391226237	0.650714643381896	483	7
23263	0	0.188732968545098	0	9	0.865558391226237	0.650714643381896	483	7
23264	0	0.468090300808374	0	9	0.865558391226237	0.650714643381896	483	7
23265	0	0.538737377453547	0	9	0.865558391226237	0.650714643381896	483	7
23266	3	0.527907653278376	0	9	0.865558391226237	0.650714643381896	483	7
23268	0	0.325197860140345	0	9	0.865558391226237	0.650714643381896	483	7
23269	0	0.34411427276233	0	9	0.865558391226237	0.650714643381896	483	7
23270	4	0.18049764375884	0	9	0.865558391226237	0.650714643381896	483	7
23271	0	0.301845362276827	0	9	0.865558391226237	0.650714643381896	483	7
23272	4	0.383900612938325	0	9	0.865558391226237	0.650714643381896	483	7
23274	4	0.315951648296831	0	9	0.865558391226237	0.650714643381896	483	7
23275	1	0.455840195241683	0	9	0.865558391226237	0.650714643381896	483	7
23276	1	0.315113486882023	0	9	0.865558391226237	0.650714643381896	483	7
23277	6	-0.0600247773053995	0	9	0.865558391226237	0.650714643381896	483	7
23279	0	0.316303942109936	0	9	0.865558391226237	0.650714643381896	483	7
23283	0	0.272573759895662	0	9	0.865558391226237	0.650714643381896	483	7
23284	1	0.475018970287106	0	9	0.865558391226237	0.650714643381896	483	7
23286	0	0.380334189342765	0	9	0.865558391226237	0.650714643381896	483	7
23287	0	0.165289869640513	0	9	0.865558391226237	0.650714643381896	483	7
23288	1	0.306350165893041	0	9	0.865558391226237	0.650714643381896	483	7
23291	1	0.496206489998571	0	9	0.865558391226237	0.650714643381896	483	7
23293	0	0.289089780893306	0	9	0.865558391226237	0.650714643381896	483	7
23294	0	-0.0895115120418705	0	9	0.865558391226237	0.650714643381896	483	7
23295	0	0.52395111536328	0	9	0.865558391226237	0.650714643381896	483	7
23299	0	0.53184182464009	0	9	0.865558391226237	0.650714643381896	483	7
23300	0	-0.100735334162946	0	9	0.865558391226237	0.650714643381896	483	7
23301	0	-0.0415324518619598	0	9	0.865558391226237	0.650714643381896	483	7
23303	3	0.239235183156326	0	9	0.865558391226237	0.650714643381896	483	7
23304	0	-0.0283857212880331	0	9	0.865558391226237	0.650714643381896	483	7
23305	0	0.206468229479356	0	9	0.865558391226237	0.650714643381896	483	7
23306	4	0.183696490539214	0	9	0.865558391226237	0.650714643381896	483	7
23307	0	0.22185473003242	0	9	0.865558391226237	0.650714643381896	483	7
23309	0	0.448019768887296	0	9	0.865558391226237	0.650714643381896	483	7
23310	0	0.238804966789382	0	9	0.865558391226237	0.650714643381896	483	7
23312	3	0.436899879070763	0	9	0.865558391226237	0.650714643381896	483	7
23313	0	0.318778231026663	0	9	0.865558391226237	0.650714643381896	483	7
23314	0	0.376899998389598	0	9	0.865558391226237	0.650714643381896	483	7
23315	0	0.384498710484038	0	9	0.865558391226237	0.650714643381896	483	7
23316	0	0.344323344732106	0	9	0.865558391226237	0.650714643381896	483	7
23317	0	0.0501233772674405	0	9	0.865558391226237	0.650714643381896	483	7
23318	0	0.184723743475295	0	9	0.865558391226237	0.650714643381896	483	7
23321	3	0.446647971644626	0	9	0.865558391226237	0.650714643381896	483	7
23322	0	0.273656418578271	0	9	0.865558391226237	0.650714643381896	483	7
23324	0	0.0636173569998545	0	9	0.865558391226237	0.650714643381896	483	7
23325	3	0.303072024099428	0	9	0.865558391226237	0.650714643381896	483	7
23326	0	-0.0145012636796301	0	9	0.865558391226237	0.650714643381896	483	7
23327	6	0.0624908062907172	0	9	0.865558391226237	0.650714643381896	483	7
23328	0	0.0780583181875813	0	9	0.865558391226237	0.650714643381896	483	7
23329	0	0.287916004895153	0	9	0.865558391226237	0.650714643381896	483	7
23331	0	0.171981958003609	0	9	0.865558391226237	0.650714643381896	483	7
23332	0	0.351329227298626	0	9	0.865558391226237	0.650714643381896	483	7
23334	0	0.282931521302588	0	9	0.865558391226237	0.650714643381896	483	7
23335	3	0.363387339079037	0	9	0.865558391226237	0.650714643381896	483	7
23336	4	0.356559383798544	0	9	0.865558391226237	0.650714643381896	483	7
23338	0	0.420474204241293	0	9	0.865558391226237	0.650714643381896	483	7
23339	0	0.237212325713392	0	9	0.865558391226237	0.650714643381896	483	7
23341	3	0.514706079665002	0	9	0.865558391226237	0.650714643381896	483	7
23344	4	0.37725424404182	0	9	0.865558391226237	0.650714643381896	483	7
23345	0	0.146367953770102	0	9	0.865558391226237	0.650714643381896	483	7
23347	0	0.313384167176395	0	9	0.865558391226237	0.650714643381896	483	7
23348	4	0.182627085547462	0	9	0.865558391226237	0.650714643381896	483	7
23349	0	0.197344224193321	0	9	0.865558391226237	0.650714643381896	483	7
23350	0	-0.0422025162216889	0	9	0.865558391226237	0.650714643381896	483	7
23351	0	0.183108893460706	0	9	0.865558391226237	0.650714643381896	483	7
23352	2	0.385834877955975	0	9	0.865558391226237	0.650714643381896	483	7
23353	0	0.361668247670213	0	9	0.865558391226237	0.650714643381896	483	7
23354	1	0.515068700441937	0	9	0.865558391226237	0.650714643381896	483	7
23357	0	-0.0542094140984616	0	9	0.865558391226237	0.650714643381896	483	7
23358	0	0.320506981439702	0	9	0.865558391226237	0.650714643381896	483	7
23359	0	0.303119623963739	0	9	0.865558391226237	0.650714643381896	483	7
23360	4	0.174621646178357	0	9	0.865558391226237	0.650714643381896	483	7
23361	0	0.232129015474641	0	9	0.865558391226237	0.650714643381896	483	7
23362	0	0.329982584427765	0	9	0.865558391226237	0.650714643381896	483	7
23363	2	0.310517259427595	0	9	0.865558391226237	0.650714643381896	483	7
23365	0	0.0837223250890001	0	9	0.865558391226237	0.650714643381896	483	7
23366	3	0.158192813173637	0	9	0.865558391226237	0.650714643381896	483	7
23367	2	0.272078481858796	0	9	0.865558391226237	0.650714643381896	483	7
23368	0	0.25744711873797	0	9	0.865558391226237	0.650714643381896	483	7
23369	4	0.122184764011052	0	9	0.865558391226237	0.650714643381896	483	7
23370	0	0.180071621621374	0	9	0.865558391226237	0.650714643381896	483	7
23371	4	0.149136454664669	0	9	0.865558391226237	0.650714643381896	483	7
23373	0	0.106746186086532	0	9	0.865558391226237	0.650714643381896	483	7
23376	0	0.424957312528279	0	9	0.865558391226237	0.650714643381896	483	7
23378	0	0.497464376906462	0	9	0.865558391226237	0.650714643381896	483	7
23379	0	-0.181056118430205	0	9	0.865558391226237	0.650714643381896	483	7
23381	0	0.347196623063632	0	9	0.865558391226237	0.650714643381896	483	7
23382	2	0.464991526416396	0	9	0.865558391226237	0.650714643381896	483	7
23383	0	0.250355186156948	0	9	0.865558391226237	0.650714643381896	483	7
23384	0	0.0337471188982109	0	9	0.865558391226237	0.650714643381896	483	7
23385	0	-0.213323355080323	0	9	0.865558391226237	0.650714643381896	483	7
23386	0	0.0392933228558071	0	9	0.865558391226237	0.650714643381896	483	7
23387	0	0.247560366490963	0	9	0.865558391226237	0.650714643381896	483	7
23389	0	0.281051847636533	0	9	0.865558391226237	0.650714643381896	483	7
23390	0	-0.105690844688538	0	9	0.865558391226237	0.650714643381896	483	7
23392	6	0.0927301785151166	0	9	0.865558391226237	0.650714643381896	483	7
23394	4	0.379977540613284	0	9	0.865558391226237	0.650714643381896	483	7
23395	0	0.476712305268172	0	9	0.865558391226237	0.650714643381896	483	7
23396	4	0.239831520468201	0	9	0.865558391226237	0.650714643381896	483	7
23397	1	0.521090241610975	0	9	0.865558391226237	0.650714643381896	483	7
23398	0	0.0756478475010435	0	9	0.865558391226237	0.650714643381896	483	7
23399	2	0.527180363651192	0	9	0.865558391226237	0.650714643381896	483	7
23400	2	0.217178889880489	0	9	0.865558391226237	0.650714643381896	483	7
23401	0	0.559453038797913	0	9	0.865558391226237	0.650714643381896	483	7
23403	1	0.593639067095001	0	9	0.865558391226237	0.650714643381896	483	7
23404	1	0.430632990398815	0	9	0.865558391226237	0.650714643381896	483	7
23405	3	0.443814622095806	0	9	0.865558391226237	0.650714643381896	483	7
23406	6	-0.014940905036427	0	9	0.865558391226237	0.650714643381896	483	7
23408	1	0.655464400030744	0	9	0.865558391226237	0.650714643381896	483	7
23409	0	0.359050628884791	0	9	0.865558391226237	0.650714643381896	483	7
23410	1	0.419066665648084	0	9	0.865558391226237	0.650714643381896	483	7
23411	4	0.162331940561345	0	9	0.865558391226237	0.650714643381896	483	7
23412	0	0.154953610521912	0	9	0.865558391226237	0.650714643381896	483	7
23413	0	0.353772869847746	0	9	0.865558391226237	0.650714643381896	483	7
23414	4	0.179088807312609	0	9	0.865558391226237	0.650714643381896	483	7
23417	0	0.180731931392071	0	9	0.865558391226237	0.650714643381896	483	7
23421	0	0.274858477203567	0	9	0.865558391226237	0.650714643381896	483	7
23423	0	0.234223287119749	0	9	0.865558391226237	0.650714643381896	483	7
23424	0	-0.354605739162718	0	9	0.865558391226237	0.650714643381896	483	7
23426	0	0.0573801195842075	0	9	0.865558391226237	0.650714643381896	483	7
23428	6	-0.0866486509918893	0	9	0.865558391226237	0.650714643381896	483	7
23429	0	0.230394045930774	0	9	0.865558391226237	0.650714643381896	483	7
23430	1	0.472907455070955	0	9	0.865558391226237	0.650714643381896	483	7
23431	1	0.433420808843187	0	9	0.865558391226237	0.650714643381896	483	7
23432	0	0.187706189184765	0	9	0.865558391226237	0.650714643381896	483	7
23433	4	0.297791671627752	0	9	0.865558391226237	0.650714643381896	483	7
23435	0	0.07842069257161	0	9	0.865558391226237	0.650714643381896	483	7
23438	3	0.529670154863254	0	9	0.865558391226237	0.650714643381896	483	7
23439	0	0.168952204632102	0	9	0.865558391226237	0.650714643381896	483	7
23443	3	0.449583820840344	0	9	0.865558391226237	0.650714643381896	483	7
23446	0	-0.11317382542704	0	9	0.865558391226237	0.650714643381896	483	7
23450	7	0.342827779593941	0	9	0.865558391226237	0.650714643381896	483	7
23451	3	0.355391598566524	0	9	0.865558391226237	0.650714643381896	483	7
23452	5	0.660965713869197	1	9	0.865558391226237	0.650714643381896	483	7
23457	1	0.445146762464548	0	9	0.865558391226237	0.650714643381896	483	7
23460	0	0.342622917786729	0	9	0.865558391226237	0.650714643381896	483	7
23461	0	0.137910739459011	0	9	0.865558391226237	0.650714643381896	483	7
23462	0	0.298299475805759	0	9	0.865558391226237	0.650714643381896	483	7
23463	7	0.269440193694625	0	9	0.865558391226237	0.650714643381896	483	7
23464	2	0.359382117693377	0	9	0.865558391226237	0.650714643381896	483	7
23466	0	0.250267333379762	0	9	0.865558391226237	0.650714643381896	483	7
23467	1	0.554495506782828	0	9	0.865558391226237	0.650714643381896	483	7
23469	3	0.442514177718968	0	9	0.865558391226237	0.650714643381896	483	7
23471	0	0.197107874622842	0	9	0.865558391226237	0.650714643381896	483	7
23473	3	0.360884803276236	0	9	0.865558391226237	0.650714643381896	483	7
23474	0	0.0870442567555738	0	9	0.865558391226237	0.650714643381896	483	7
23475	6	-0.00644525638485047	0	9	0.865558391226237	0.650714643381896	483	7
23476	2	0.428222547010098	0	9	0.865558391226237	0.650714643381896	483	7
23478	0	0.388577605223177	0	9	0.865558391226237	0.650714643381896	483	7
23479	6	0.217061583044731	0	9	0.865558391226237	0.650714643381896	483	7
23480	0	0.333074814811625	0	9	0.865558391226237	0.650714643381896	483	7
23481	2	0.478082990157023	0	9	0.865558391226237	0.650714643381896	483	7
23483	0	0.240333494956936	0	9	0.865558391226237	0.650714643381896	483	7
23484	0	0.575244413426403	0	9	0.865558391226237	0.650714643381896	483	7
23492	4	0.246616578872226	0	9	0.865558391226237	0.650714643381896	483	7
23493	0	0.53248597979571	0	9	0.865558391226237	0.650714643381896	483	7
23495	1	0.755887985247593	0	9	0.865558391226237	0.650714643381896	483	7
23498	2	-0.147870726097652	0	9	0.865558391226237	0.650714643381896	483	7
23499	4	0.282329130451494	0	9	0.865558391226237	0.650714643381896	483	7
23500	0	0.080756947454274	0	9	0.865558391226237	0.650714643381896	483	7
23503	4	0.387310226214456	0	9	0.865558391226237	0.650714643381896	483	7
23504	0	0.485524643595809	0	9	0.865558391226237	0.650714643381896	483	7
23505	3	0.344939184917749	0	9	0.865558391226237	0.650714643381896	483	7
23506	3	0.481470767130016	0	9	0.865558391226237	0.650714643381896	483	7
23507	4	0.346466187942918	0	9	0.865558391226237	0.650714643381896	483	7
23508	0	0.435787267059487	0	9	0.865558391226237	0.650714643381896	483	7
23510	0	0.153259052132196	0	9	0.865558391226237	0.650714643381896	483	7
23511	0	0.242936441245803	0	9	0.865558391226237	0.650714643381896	483	7
23512	0	0.169796072002265	0	9	0.865558391226237	0.650714643381896	483	7
23515	0	0.125319712979059	0	9	0.865558391226237	0.650714643381896	483	7
23516	3	0.193662940915047	0	9	0.865558391226237	0.650714643381896	483	7
23517	3	0.372445020376519	0	9	0.865558391226237	0.650714643381896	483	7
23518	0	0.0240999904879639	0	9	0.865558391226237	0.650714643381896	483	7
23522	4	0.385610128191629	0	9	0.865558391226237	0.650714643381896	483	7
23523	2	0.50004922227788	0	9	0.865558391226237	0.650714643381896	483	7
23524	7	0.0620268504201223	0	9	0.865558391226237	0.650714643381896	483	7
23526	5	0.748987122433229	1	9	0.865558391226237	0.650714643381896	483	7
23527	3	0.387859751774199	0	9	0.865558391226237	0.650714643381896	483	7
23528	0	0.298744490506273	0	9	0.865558391226237	0.650714643381896	483	7
23529	1	0.343398715448281	0	9	0.865558391226237	0.650714643381896	483	7
23530	2	0.482253530391779	0	9	0.865558391226237	0.650714643381896	483	7
23531	5	0.780396650855478	1	9	0.865558391226237	0.650714643381896	483	7
23532	5	0.611832581205835	1	9	0.865558391226237	0.650714643381896	483	7
23533	1	0.60024875180601	0	9	0.865558391226237	0.650714643381896	483	7
23534	2	0.4433038426871	0	9	0.865558391226237	0.650714643381896	483	7
23536	3	0.356133103793514	0	9	0.865558391226237	0.650714643381896	483	7
23539	1	0.485587662711827	0	9	0.865558391226237	0.650714643381896	483	7
23541	5	0.52512401688648	1	9	0.865558391226237	0.650714643381896	483	7
23542	1	0.531386271117467	0	9	0.865558391226237	0.650714643381896	483	7
23545	1	0.58593172709199	0	9	0.865558391226237	0.650714643381896	483	7
23547	1	0.473976127287434	0	9	0.865558391226237	0.650714643381896	483	7
23548	4	0.385382250279083	0	9	0.865558391226237	0.650714643381896	483	7
23549	2	0.489061253356344	0	9	0.865558391226237	0.650714643381896	483	7
23550	1	0.532645184816089	0	9	0.865558391226237	0.650714643381896	483	7
23552	3	0.348689291934327	0	9	0.865558391226237	0.650714643381896	483	7
23554	0	0.134741309048577	0	9	0.865558391226237	0.650714643381896	483	7
23555	0	0.255968506040273	0	9	0.865558391226237	0.650714643381896	483	7
23556	4	0.400856892590073	0	9	0.865558391226237	0.650714643381896	483	7
23558	2	0.432499757741339	0	9	0.865558391226237	0.650714643381896	483	7
23560	3	0.438916256166515	0	9	0.865558391226237	0.650714643381896	483	7
23562	0	0.490475372844689	0	9	0.865558391226237	0.650714643381896	483	7
23568	3	0.477167035465057	0	9	0.865558391226237	0.650714643381896	483	7
23569	1	0.374307376009604	0	9	0.865558391226237	0.650714643381896	483	7
23576	6	0.027174178077469	0	9	0.865558391226237	0.650714643381896	483	7
23580	1	0.54721210491154	0	9	0.865558391226237	0.650714643381896	483	7
23583	0	0.161595041264516	0	9	0.865558391226237	0.650714643381896	483	7
23585	3	0.22550349936512	0	9	0.865558391226237	0.650714643381896	483	7
23586	0	0.412226533929028	0	9	0.865558391226237	0.650714643381896	483	7
23587	0	0.100277229388932	0	9	0.865558391226237	0.650714643381896	483	7
23588	6	-0.0789823462307237	0	9	0.865558391226237	0.650714643381896	483	7
23589	2	0.447903315110679	0	9	0.865558391226237	0.650714643381896	483	7
23590	2	0.539107273954373	0	9	0.865558391226237	0.650714643381896	483	7
23592	4	0.268327960273945	0	9	0.865558391226237	0.650714643381896	483	7
23593	2	0.100126454742501	0	9	0.865558391226237	0.650714643381896	483	7
23595	4	0.292051020520288	0	9	0.865558391226237	0.650714643381896	483	7
23596	0	0.0564029383515784	0	9	0.865558391226237	0.650714643381896	483	7
23597	0	0.243923934619426	0	9	0.865558391226237	0.650714643381896	483	7
23598	1	0.451091377210323	0	9	0.865558391226237	0.650714643381896	483	7
23601	0	0.274450068803817	0	9	0.865558391226237	0.650714643381896	483	7
23603	5	0.668197981537711	1	9	0.865558391226237	0.650714643381896	483	7
23604	0	0.283518035696834	0	9	0.865558391226237	0.650714643381896	483	7
23607	3	0.0992979726252378	0	9	0.865558391226237	0.650714643381896	483	7
23608	3	0.403674562650375	0	9	0.865558391226237	0.650714643381896	483	7
23609	0	0.483796289235006	0	9	0.865558391226237	0.650714643381896	483	7
23612	1	0.581154842871689	0	9	0.865558391226237	0.650714643381896	483	7
23613	0	0.246394840340495	0	9	0.865558391226237	0.650714643381896	483	7
23616	1	0.370667378920056	0	9	0.865558391226237	0.650714643381896	483	7
23621	4	0.147455683462206	0	9	0.865558391226237	0.650714643381896	483	7
23623	4	0.387758345160284	0	9	0.865558391226237	0.650714643381896	483	7
23624	2	0.535505162776089	0	9	0.865558391226237	0.650714643381896	483	7
23625	0	0.549090406140283	0	9	0.865558391226237	0.650714643381896	483	7
23627	1	0.399817048659344	0	9	0.865558391226237	0.650714643381896	483	7
23632	1	0.63593458799004	0	9	0.865558391226237	0.650714643381896	483	7
23635	4	0.211310257287866	0	9	0.865558391226237	0.650714643381896	483	7
23636	0	0.494761076764346	0	9	0.865558391226237	0.650714643381896	483	7
23639	0	0.231195241030107	0	9	0.865558391226237	0.650714643381896	483	7
23640	0	0.224888634670944	0	9	0.865558391226237	0.650714643381896	483	7
23641	0	0.15149904914594	0	9	0.865558391226237	0.650714643381896	483	7
23643	0	0.288348459442824	0	9	0.865558391226237	0.650714643381896	483	7
23644	0	0.339438920170107	0	9	0.865558391226237	0.650714643381896	483	7
23645	0	0.0499132576852167	0	9	0.865558391226237	0.650714643381896	483	7
23646	2	0.119263742020829	0	9	0.865558391226237	0.650714643381896	483	7
23647	2	0.325089233346302	0	9	0.865558391226237	0.650714643381896	483	7
23648	4	0.361825102915133	0	9	0.865558391226237	0.650714643381896	483	7
23649	4	0.285525575361434	0	9	0.865558391226237	0.650714643381896	483	7
23650	1	0.439986390146412	0	9	0.865558391226237	0.650714643381896	483	7
23654	7	0.460865505991478	0	9	0.865558391226237	0.650714643381896	483	7
23657	1	0.614473701659628	0	9	0.865558391226237	0.650714643381896	483	7
23658	0	0.259655342067072	0	9	0.865558391226237	0.650714643381896	483	7
23659	0	0.154339796848748	0	9	0.865558391226237	0.650714643381896	483	7
23660	0	0.593976748884687	0	9	0.865558391226237	0.650714643381896	483	7
23670	0	0.0118304416815116	0	9	0.865558391226237	0.650714643381896	483	7
23673	4	0.26343725573818	0	9	0.865558391226237	0.650714643381896	483	7
23677	4	0.252931127651418	0	9	0.865558391226237	0.650714643381896	483	7
23682	5	0.582144642742489	1	9	0.865558391226237	0.650714643381896	483	7
23683	0	0.063535782536723	0	9	0.865558391226237	0.650714643381896	483	7
23704	1	0.420213994638111	0	9	0.865558391226237	0.650714643381896	483	7
23705	0	0.257051662387979	0	9	0.865558391226237	0.650714643381896	483	7
23708	0	0.0895405928367807	0	9	0.865558391226237	0.650714643381896	483	7
23710	2	0.341135073619732	0	9	0.865558391226237	0.650714643381896	483	7
23729	2	0.429175168708353	0	9	0.865558391226237	0.650714643381896	483	7
23741	3	0.257300331512457	0	9	0.865558391226237	0.650714643381896	483	7
23742	1	0.451808193170637	0	9	0.865558391226237	0.650714643381896	483	7
23743	6	-0.25772499558008	0	9	0.865558391226237	0.650714643381896	483	7
23753	0	0.316016084285538	0	9	0.865558391226237	0.650714643381896	483	7
23760	0	0.214694122715809	0	9	0.865558391226237	0.650714643381896	483	7
23762	1	0.574031612553533	0	9	0.865558391226237	0.650714643381896	483	7
23764	0	0.215111754092442	0	9	0.865558391226237	0.650714643381896	483	7
23765	1	0.632869864409037	0	9	0.865558391226237	0.650714643381896	483	7
23767	0	0.0973153374480453	0	9	0.865558391226237	0.650714643381896	483	7
23769	0	0.337715678795974	0	9	0.865558391226237	0.650714643381896	483	7
23770	4	0.0830281963398464	0	9	0.865558391226237	0.650714643381896	483	7
23774	0	0.392081851862419	0	9	0.865558391226237	0.650714643381896	483	7
23780	1	0.0799962087847698	0	9	0.865558391226237	0.650714643381896	483	7
23786	0	0.0173142990137735	0	9	0.865558391226237	0.650714643381896	483	7
23787	2	-0.0413379105540857	0	9	0.865558391226237	0.650714643381896	483	7
23788	6	0.0671398434333161	0	9	0.865558391226237	0.650714643381896	483	7
24137	1	0.637221684014998	0	9	0.865558391226237	0.650714643381896	483	7
24138	0	0.327166991355093	0	9	0.865558391226237	0.650714643381896	483	7
24139	0	0.566536603332918	0	9	0.865558391226237	0.650714643381896	483	7
24140	0	0.137563292806953	0	9	0.865558391226237	0.650714643381896	483	7
24141	0	0.407103370549365	0	9	0.865558391226237	0.650714643381896	483	7
24144	0	0.348638718026339	0	9	0.865558391226237	0.650714643381896	483	7
24145	0	0.247517328087837	0	9	0.865558391226237	0.650714643381896	483	7
24146	0	0.465887424063579	0	9	0.865558391226237	0.650714643381896	483	7
24147	5	0.655919752212307	1	9	0.865558391226237	0.650714643381896	483	7
24148	1	0.604186212919627	0	9	0.865558391226237	0.650714643381896	483	7
24149	3	0.355515419063484	0	9	0.865558391226237	0.650714643381896	483	7
25758	0	0.218548397294576	0	9	0.865558391226237	0.650714643381896	483	7
25759	0	0.430130299947169	0	9	0.865558391226237	0.650714643381896	483	7
25771	0	0.437325327389847	0	9	0.865558391226237	0.650714643381896	483	7
25776	0	0.0675072189750169	0	9	0.865558391226237	0.650714643381896	483	7
25777	4	0.177772220988778	0	9	0.865558391226237	0.650714643381896	483	7
25778	1	0.308203790358134	0	9	0.865558391226237	0.650714643381896	483	7
25780	4	0.210924602273798	0	9	0.865558391226237	0.650714643381896	483	7
25789	1	0.44358388152015	0	9	0.865558391226237	0.650714643381896	483	7
25790	4	0.283650546529936	0	9	0.865558391226237	0.650714643381896	483	7
25792	2	0.265049975175826	0	9	0.865558391226237	0.650714643381896	483	7
25793	3	0.219165036178901	0	9	0.865558391226237	0.650714643381896	483	7
25794	1	0.539103463817328	0	9	0.865558391226237	0.650714643381896	483	7
25796	2	0.0458704853943058	0	9	0.865558391226237	0.650714643381896	483	7
25797	0	0.621588853965978	0	9	0.865558391226237	0.650714643381896	483	7
25799	0	0.513291367975958	0	9	0.865558391226237	0.650714643381896	483	7
25800	4	0.235948077304532	0	9	0.865558391226237	0.650714643381896	483	7
25801	3	0.526637843310858	0	9	0.865558391226237	0.650714643381896	483	7
25802	1	0.505152727247694	0	9	0.865558391226237	0.650714643381896	483	7
25804	7	0.271814148307463	0	9	0.865558391226237	0.650714643381896	483	7
25805	4	0.292955020629986	0	9	0.865558391226237	0.650714643381896	483	7
25807	0	0.614629954308056	0	9	0.865558391226237	0.650714643381896	483	7
25809	2	0.350429524812152	0	9	0.865558391226237	0.650714643381896	483	7
25813	2	0.367767343712479	0	9	0.865558391226237	0.650714643381896	483	7
25814	4	0.087391719211448	0	9	0.865558391226237	0.650714643381896	483	7
25816	5	0.728263337418708	1	9	0.865558391226237	0.650714643381896	483	7
25818	0	0.0632525598783656	0	9	0.865558391226237	0.650714643381896	483	7
25819	0	0.298900216928905	0	9	0.865558391226237	0.650714643381896	483	7
25821	0	0.484624694242989	0	9	0.865558391226237	0.650714643381896	483	7
25822	0	0.533835003832413	0	9	0.865558391226237	0.650714643381896	483	7
25823	1	0.529381479534098	0	9	0.865558391226237	0.650714643381896	483	7
25825	0	0.611991324622103	0	9	0.865558391226237	0.650714643381896	483	7
25827	4	0.120238057916221	0	9	0.865558391226237	0.650714643381896	483	7
25828	2	0.31505313115383	0	9	0.865558391226237	0.650714643381896	483	7
25829	0	0.100190650483904	0	9	0.865558391226237	0.650714643381896	483	7
25833	0	0.378609048923317	0	9	0.865558391226237	0.650714643381896	483	7
25836	3	0.323179866188279	0	9	0.865558391226237	0.650714643381896	483	7
25837	1	0.619131610595312	0	9	0.865558391226237	0.650714643381896	483	7
25839	0	0.0510108914134292	0	9	0.865558391226237	0.650714643381896	483	7
25840	6	0.0690901359503171	0	9	0.865558391226237	0.650714643381896	483	7
25841	0	0.250921630024044	0	9	0.865558391226237	0.650714643381896	483	7
25842	3	0.18559430577043	0	9	0.865558391226237	0.650714643381896	483	7
25844	2	0.26991874763249	0	9	0.865558391226237	0.650714643381896	483	7
25847	0	0.253714192156642	0	9	0.865558391226237	0.650714643381896	483	7
25849	2	0.604776492806879	0	9	0.865558391226237	0.650714643381896	483	7
25850	0	0.37850381204006	0	9	0.865558391226237	0.650714643381896	483	7
25852	3	0.193095951241166	0	9	0.865558391226237	0.650714643381896	483	7
25854	0	0.211619391879392	0	9	0.865558391226237	0.650714643381896	483	7
25855	0	0.344044761046006	0	9	0.865558391226237	0.650714643381896	483	7
25861	1	0.544465228392513	0	9	0.865558391226237	0.650714643381896	483	7
25865	0	0.443020639856068	0	9	0.865558391226237	0.650714643381896	483	7
25873	2	0.481043629168777	0	9	0.865558391226237	0.650714643381896	483	7
25874	6	0.214027885445638	0	9	0.865558391226237	0.650714643381896	483	7
25875	3	0.132719291648751	0	9	0.865558391226237	0.650714643381896	483	7
25876	0	0.283981441693397	0	9	0.865558391226237	0.650714643381896	483	7
25878	0	0.334747040884259	0	9	0.865558391226237	0.650714643381896	483	7
25880	0	0.408668368343167	0	9	0.865558391226237	0.650714643381896	483	7
25888	1	0.194680098262731	0	9	0.865558391226237	0.650714643381896	483	7
25891	0	0.0427491273750639	0	9	0.865558391226237	0.650714643381896	483	7
25896	0	0.371948820018531	0	9	0.865558391226237	0.650714643381896	483	7
25897	1	0.493318714937462	0	9	0.865558391226237	0.650714643381896	483	7
25898	0	0.366545872017396	0	9	0.865558391226237	0.650714643381896	483	7
25900	4	0.305547651328453	0	9	0.865558391226237	0.650714643381896	483	7
25901	3	0.201627953207546	0	9	0.865558391226237	0.650714643381896	483	7
25903	1	0.581428196593061	0	9	0.865558391226237	0.650714643381896	483	7
25906	0	0.0497221911347629	0	9	0.865558391226237	0.650714643381896	483	7
25907	5	0.778101342817456	1	9	0.865558391226237	0.650714643381896	483	7
25909	4	0.223721818185448	0	9	0.865558391226237	0.650714643381896	483	7
25913	4	0.241308828196796	0	9	0.865558391226237	0.650714643381896	483	7
25915	2	0.102865680862613	0	9	0.865558391226237	0.650714643381896	483	7
25920	0	0.112560909392638	0	9	0.865558391226237	0.650714643381896	483	7
25924	0	0.110213011549749	0	9	0.865558391226237	0.650714643381896	483	7
25926	0	0.174918166490756	0	9	0.865558391226237	0.650714643381896	483	7
25928	0	0.0630509572581756	0	9	0.865558391226237	0.650714643381896	483	7
25932	0	0.178404912412257	0	9	0.865558391226237	0.650714643381896	483	7
25936	0	0.18304042623836	0	9	0.865558391226237	0.650714643381896	483	7
25937	0	0.144681562205788	0	9	0.865558391226237	0.650714643381896	483	7
25939	0	0.568902222229673	0	9	0.865558391226237	0.650714643381896	483	7
25940	4	0.109120458195041	0	9	0.865558391226237	0.650714643381896	483	7
25941	0	0.193848345014783	0	9	0.865558391226237	0.650714643381896	483	7
25945	0	0.377256422049401	0	9	0.865558391226237	0.650714643381896	483	7
25948	0	-0.215033741369976	0	9	0.865558391226237	0.650714643381896	483	7
25949	7	0.147061738747726	0	9	0.865558391226237	0.650714643381896	483	7
25950	0	0.162328499099918	0	9	0.865558391226237	0.650714643381896	483	7
25957	0	0.299393669564552	0	9	0.865558391226237	0.650714643381896	483	7
25959	0	0.34253885531067	0	9	0.865558391226237	0.650714643381896	483	7
25960	1	0.482462082303862	0	9	0.865558391226237	0.650714643381896	483	7
25961	1	0.493817076754198	0	9	0.865558391226237	0.650714643381896	483	7
25963	3	0.518542524452314	0	9	0.865558391226237	0.650714643381896	483	7
25966	0	0.613592321128185	0	9	0.865558391226237	0.650714643381896	483	7
25970	0	0.182518125329512	0	9	0.865558391226237	0.650714643381896	483	7
25972	4	0.0700744353495103	0	9	0.865558391226237	0.650714643381896	483	7
25974	0	0.254986986420939	0	9	0.865558391226237	0.650714643381896	483	7
25976	0	0.0193591153481752	0	9	0.865558391226237	0.650714643381896	483	7
25977	0	0.0767767497049144	0	9	0.865558391226237	0.650714643381896	483	7
25978	3	0.263929077035357	0	9	0.865558391226237	0.650714643381896	483	7
25979	2	0.386645216201938	0	9	0.865558391226237	0.650714643381896	483	7
25980	4	0.302051337415425	0	9	0.865558391226237	0.650714643381896	483	7
25983	0	0.290695822151624	0	9	0.865558391226237	0.650714643381896	483	7
25984	0	0.0103850236090061	0	9	0.865558391226237	0.650714643381896	483	7
25987	6	-0.0339990877325965	0	9	0.865558391226237	0.650714643381896	483	7
25988	0	0.577569408405442	0	9	0.865558391226237	0.650714643381896	483	7
25992	4	0.372050295885411	0	9	0.865558391226237	0.650714643381896	483	7
25994	3	0.387656353993235	0	9	0.865558391226237	0.650714643381896	483	7
25996	6	-0.0634695897580904	0	9	0.865558391226237	0.650714643381896	483	7
25998	0	-0.0310993045356432	0	9	0.865558391226237	0.650714643381896	483	7
25999	4	0.197885078703974	0	9	0.865558391226237	0.650714643381896	483	7
26000	0	0.481086710435149	0	9	0.865558391226237	0.650714643381896	483	7
26001	1	0.324597292517879	0	9	0.865558391226237	0.650714643381896	483	7
26002	5	0.661737431719709	1	9	0.865558391226237	0.650714643381896	483	7
26003	0	0.398453955027082	0	9	0.865558391226237	0.650714643381896	483	7
26005	0	0.263011226456672	0	9	0.865558391226237	0.650714643381896	483	7
26007	6	0.110141713467411	0	9	0.865558391226237	0.650714643381896	483	7
26009	0	-0.0841054860302225	0	9	0.865558391226237	0.650714643381896	483	7
26010	6	0.182934803073926	0	9	0.865558391226237	0.650714643381896	483	7
26011	5	0.630166591919219	1	9	0.865558391226237	0.650714643381896	483	7
26013	0	0.0239989053315204	0	9	0.865558391226237	0.650714643381896	483	7
26015	0	0.326501469368697	0	9	0.865558391226237	0.650714643381896	483	7
26017	2	0.319174757759922	0	9	0.865558391226237	0.650714643381896	483	7
26018	0	0.148213147497662	0	9	0.865558391226237	0.650714643381896	483	7
26019	0	0.091334427392147	0	9	0.865558391226237	0.650714643381896	483	7
26020	2	0.144690384345969	0	9	0.865558391226237	0.650714643381896	483	7
26027	0	0.223368833142906	0	9	0.865558391226237	0.650714643381896	483	7
26030	0	0.0938363263359676	0	9	0.865558391226237	0.650714643381896	483	7
26031	5	0.717971375477937	1	9	0.865558391226237	0.650714643381896	483	7
26032	0	0.13738733611929	0	9	0.865558391226237	0.650714643381896	483	7
26033	0	0.079123174100115	0	9	0.865558391226237	0.650714643381896	483	7
26034	0	0.399542426903393	0	9	0.865558391226237	0.650714643381896	483	7
26035	0	0.145850105548388	0	9	0.865558391226237	0.650714643381896	483	7
26036	0	0.0369650398095982	0	9	0.865558391226237	0.650714643381896	483	7
26037	0	0.207127881086043	0	9	0.865558391226237	0.650714643381896	483	7
26038	0	0.200442694514209	0	9	0.865558391226237	0.650714643381896	483	7
26039	3	0.371532402858999	0	9	0.865558391226237	0.650714643381896	483	7
26040	0	0.515406734650582	0	9	0.865558391226237	0.650714643381896	483	7
26043	0	0.393409999946967	0	9	0.865558391226237	0.650714643381896	483	7
26045	1	0.421378028355333	0	9	0.865558391226237	0.650714643381896	483	7
26046	0	0.248219646066281	0	9	0.865558391226237	0.650714643381896	483	7
26047	4	0.344491174895934	0	9	0.865558391226237	0.650714643381896	483	7
26048	0	0.320876784844161	0	9	0.865558391226237	0.650714643381896	483	7
26049	3	0.410034342817335	0	9	0.865558391226237	0.650714643381896	483	7
26050	0	0.0370413191045914	0	9	0.865558391226237	0.650714643381896	483	7
26051	0	0.0573515529263977	0	9	0.865558391226237	0.650714643381896	483	7
26052	0	0.412338572976006	0	9	0.865558391226237	0.650714643381896	483	7
26053	0	0.264631282637767	0	9	0.865558391226237	0.650714643381896	483	7
26054	4	0.279302275173431	0	9	0.865558391226237	0.650714643381896	483	7
26056	6	0.261463529938213	0	9	0.865558391226237	0.650714643381896	483	7
26057	0	0.346661079292458	0	9	0.865558391226237	0.650714643381896	483	7
26058	0	0.201529865501752	0	9	0.865558391226237	0.650714643381896	483	7
26059	0	-0.295849251195964	0	9	0.865558391226237	0.650714643381896	483	7
26060	3	0.293615724073519	0	9	0.865558391226237	0.650714643381896	483	7
26063	2	0.137084963526686	0	9	0.865558391226237	0.650714643381896	483	7
26064	4	0.0311556492986475	0	9	0.865558391226237	0.650714643381896	483	7
26065	4	0.169871334062025	0	9	0.865558391226237	0.650714643381896	483	7
26071	0	-0.108648443061438	0	9	0.865558391226237	0.650714643381896	483	7
26073	6	0.232754461341402	0	9	0.865558391226237	0.650714643381896	483	7
26084	4	0.436049622534454	0	9	0.865558391226237	0.650714643381896	483	7
26088	1	0.424987417094983	0	9	0.865558391226237	0.650714643381896	483	7
26091	0	0.488482444807185	0	9	0.865558391226237	0.650714643381896	483	7
26092	0	-0.0392334671259233	0	9	0.865558391226237	0.650714643381896	483	7
26093	0	0.0236526367592033	0	9	0.865558391226237	0.650714643381896	483	7
26097	0	0.516116243397389	0	9	0.865558391226237	0.650714643381896	483	7
26098	0	0.234080358371128	0	9	0.865558391226237	0.650714643381896	483	7
26099	0	0.542905021023118	0	9	0.865558391226237	0.650714643381896	483	7
26100	2	0.218032298047612	0	9	0.865558391226237	0.650714643381896	483	7
26108	0	0.348575177277343	0	9	0.865558391226237	0.650714643381896	483	7
26112	0	0.324785523977679	0	9	0.865558391226237	0.650714643381896	483	7
26115	0	0.385043371545866	0	9	0.865558391226237	0.650714643381896	483	7
26118	0	0.322124487896206	0	9	0.865558391226237	0.650714643381896	483	7
26119	2	0.523164600048655	0	9	0.865558391226237	0.650714643381896	483	7
26121	2	0.411543204592903	0	9	0.865558391226237	0.650714643381896	483	7
26123	0	-0.072437644778664	0	9	0.865558391226237	0.650714643381896	483	7
26128	3	0.180754254002606	0	9	0.865558391226237	0.650714643381896	483	7
26130	0	0.468809230672989	0	9	0.865558391226237	0.650714643381896	483	7
26133	0	0.178418547127755	0	9	0.865558391226237	0.650714643381896	483	7
26135	3	0.138654971572426	0	9	0.865558391226237	0.650714643381896	483	7
26136	5	0.624045451776621	1	9	0.865558391226237	0.650714643381896	483	7
26137	0	0.293842038808974	0	9	0.865558391226237	0.650714643381896	483	7
26145	7	0.331495230329801	0	9	0.865558391226237	0.650714643381896	483	7
26146	0	0.280916664579599	0	9	0.865558391226237	0.650714643381896	483	7
26151	2	0.312477870411599	0	9	0.865558391226237	0.650714643381896	483	7
26152	0	0.229892732579698	0	9	0.865558391226237	0.650714643381896	483	7
26154	0	0.273435215869695	0	9	0.865558391226237	0.650714643381896	483	7
26155	0	0.278752233134313	0	9	0.865558391226237	0.650714643381896	483	7
26156	4	0.184408287913251	0	9	0.865558391226237	0.650714643381896	483	7
26168	0	0.109282385779637	0	9	0.865558391226237	0.650714643381896	483	7
26173	2	0.477372205219143	0	9	0.865558391226237	0.650714643381896	483	7
26175	2	0.348156091065406	0	9	0.865558391226237	0.650714643381896	483	7
26190	3	0.243232900889752	0	9	0.865558391226237	0.650714643381896	483	7
26191	0	0.482242342323993	0	9	0.865558391226237	0.650714643381896	483	7
26205	0	0.163634120823517	0	9	0.865558391226237	0.650714643381896	483	7
26206	0	0.540249087696761	0	9	0.865558391226237	0.650714643381896	483	7
26207	1	0.377851154823147	0	9	0.865558391226237	0.650714643381896	483	7
26227	2	0.286915692988108	0	9	0.865558391226237	0.650714643381896	483	7
26228	0	0.447239667435363	0	9	0.865558391226237	0.650714643381896	483	7
26229	5	0.702675521363555	1	9	0.865558391226237	0.650714643381896	483	7
26232	2	0.0936322818880284	0	9	0.865558391226237	0.650714643381896	483	7
26233	0	0.164949931769259	0	9	0.865558391226237	0.650714643381896	483	7
26234	7	-0.0604206044027352	0	9	0.865558391226237	0.650714643381896	483	7
26235	3	0.490005199935406	0	9	0.865558391226237	0.650714643381896	483	7
26240	3	0.390493989323969	0	9	0.865558391226237	0.650714643381896	483	7
26249	0	-0.112426349196264	0	9	0.865558391226237	0.650714643381896	483	7
26251	7	0.430517696369142	0	9	0.865558391226237	0.650714643381896	483	7
26253	5	0.627578465154544	1	9	0.865558391226237	0.650714643381896	483	7
26256	1	0.412559345007256	0	9	0.865558391226237	0.650714643381896	483	7
26261	1	0.670419044056641	0	9	0.865558391226237	0.650714643381896	483	7
26263	0	0.136137169447255	0	9	0.865558391226237	0.650714643381896	483	7
26266	1	0.584531485675525	0	9	0.865558391226237	0.650714643381896	483	7
26268	4	0.0223072531148085	0	9	0.865558391226237	0.650714643381896	483	7
26271	0	0.236616869371039	0	9	0.865558391226237	0.650714643381896	483	7
26273	0	-0.257267367216869	0	9	0.865558391226237	0.650714643381896	483	7
26275	6	0.0867811585631288	0	9	0.865558391226237	0.650714643381896	483	7
26276	4	0.274435488783155	0	9	0.865558391226237	0.650714643381896	483	7
26277	3	0.627810004783774	0	9	0.865558391226237	0.650714643381896	483	7
26278	0	0.256287953807687	0	9	0.865558391226237	0.650714643381896	483	7
26279	1	0.462207294369102	0	9	0.865558391226237	0.650714643381896	483	7
26280	0	0.235499195013991	0	9	0.865558391226237	0.650714643381896	483	7
26284	0	0.343358521432265	0	9	0.865558391226237	0.650714643381896	483	7
26287	0	0.426565457330376	0	9	0.865558391226237	0.650714643381896	483	7
26289	0	0.336628822603169	0	9	0.865558391226237	0.650714643381896	483	7
26297	2	0.323715107322598	0	9	0.865558391226237	0.650714643381896	483	7
26298	0	0.40009929971625	0	9	0.865558391226237	0.650714643381896	483	7
26330	1	0.406240280786324	0	9	0.865558391226237	0.650714643381896	483	7
26353	0	0.187654660800455	0	9	0.865558391226237	0.650714643381896	483	7
26355	7	0.254777290280431	0	9	0.865558391226237	0.650714643381896	483	7
26468	0	0.445697845454058	0	9	0.865558391226237	0.650714643381896	483	7
26469	0	0.1754995226756	0	9	0.865558391226237	0.650714643381896	483	7
26470	0	0.246791871860303	0	9	0.865558391226237	0.650714643381896	483	7
26471	0	0.101306057790658	0	9	0.865558391226237	0.650714643381896	483	7
26499	0	0.290558483459936	0	9	0.865558391226237	0.650714643381896	483	7
26502	0	0.492906191570464	0	9	0.865558391226237	0.650714643381896	483	7
26503	3	0.131607120424265	0	9	0.865558391226237	0.650714643381896	483	7
26504	1	0.474027476216381	0	9	0.865558391226237	0.650714643381896	483	7
26505	3	0.575493560602415	0	9	0.865558391226237	0.650714643381896	483	7
26507	0	0.389268214490016	0	9	0.865558391226237	0.650714643381896	483	7
26508	0	0.285781269200438	0	9	0.865558391226237	0.650714643381896	483	7
26509	0	0.145434133733641	0	9	0.865558391226237	0.650714643381896	483	7
26511	0	0.569104393195191	0	9	0.865558391226237	0.650714643381896	483	7
26512	1	0.481048142696803	0	9	0.865558391226237	0.650714643381896	483	7
26515	1	0.325852182676336	0	9	0.865558391226237	0.650714643381896	483	7
26517	2	0.490743075179414	0	9	0.865558391226237	0.650714643381896	483	7
26519	0	0.216227389469444	0	9	0.865558391226237	0.650714643381896	483	7
26520	1	0.373429510587715	0	9	0.865558391226237	0.650714643381896	483	7
26521	1	0.518381330607652	0	9	0.865558391226237	0.650714643381896	483	7
26523	0	0.115264851486043	0	9	0.865558391226237	0.650714643381896	483	7
26528	5	0.571638698319803	1	9	0.865558391226237	0.650714643381896	483	7
26548	1	0.65266486929548	0	9	0.865558391226237	0.650714643381896	483	7
26574	0	0.243033046743531	0	9	0.865558391226237	0.650714643381896	483	7
26576	0	0.354552286313706	0	9	0.865558391226237	0.650714643381896	483	7
26577	4	0.0524454764958262	0	9	0.865558391226237	0.650714643381896	483	7
26578	0	-0.0883710594429386	0	9	0.865558391226237	0.650714643381896	483	7
26585	3	0.414333336037369	0	9	0.865558391226237	0.650714643381896	483	7
26586	3	0.435343134654964	0	9	0.865558391226237	0.650714643381896	483	7
26589	3	0.186671499980493	0	9	0.865558391226237	0.650714643381896	483	7
26608	0	0.0569368175464555	0	9	0.865558391226237	0.650714643381896	483	7
26610	0	0.0857752021802263	0	9	0.865558391226237	0.650714643381896	483	7
26747	3	0.557367194581053	0	9	0.865558391226237	0.650714643381896	483	7
26750	3	0.36269765958304	0	9	0.865558391226237	0.650714643381896	483	7
26751	6	0.00405076110759459	0	9	0.865558391226237	0.650714643381896	483	7
26872	2	0.56054388234965	0	9	0.865558391226237	0.650714643381896	483	7
26873	2	0.395827549125185	0	9	0.865558391226237	0.650714643381896	483	7
26953	3	0.231338201095602	0	9	0.865558391226237	0.650714643381896	483	7
26959	0	0.326710372645061	0	9	0.865558391226237	0.650714643381896	483	7
26960	0	0.158381021809944	0	9	0.865558391226237	0.650714643381896	483	7
26973	0	0.288388250217714	0	9	0.865558391226237	0.650714643381896	483	7
26984	0	0.41892379402971	0	9	0.865558391226237	0.650714643381896	483	7
26993	0	0.570856573971857	0	9	0.865558391226237	0.650714643381896	483	7
26994	3	0.131624258123521	0	9	0.865558391226237	0.650714643381896	483	7
26998	0	0.214112930187233	0	9	0.865558391226237	0.650714643381896	483	7
26999	6	0.117781425970396	0	9	0.865558391226237	0.650714643381896	483	7
27000	0	0.0372761802766152	0	9	0.865558391226237	0.650714643381896	483	7
27005	0	0.464140216460806	0	9	0.865558391226237	0.650714643381896	483	7
27010	0	0.157021916812327	0	9	0.865558391226237	0.650714643381896	483	7
27012	1	0.436269926053893	0	9	0.865558391226237	0.650714643381896	483	7
27013	2	0.229805584137156	0	9	0.865558391226237	0.650714643381896	483	7
27018	7	-0.17398548865897	0	9	0.865558391226237	0.650714643381896	483	7
27019	1	0.431187545485804	0	9	0.865558391226237	0.650714643381896	483	7
27020	3	0.092807304911683	0	9	0.865558391226237	0.650714643381896	483	7
27030	0	0.453692360943264	0	9	0.865558391226237	0.650714643381896	483	7
27032	4	0.257649923847798	0	9	0.865558391226237	0.650714643381896	483	7
27033	0	0.262858361087012	0	9	0.865558391226237	0.650714643381896	483	7
27034	3	0.441163993510708	0	9	0.865558391226237	0.650714643381896	483	7
27036	1	0.538669906810539	0	9	0.865558391226237	0.650714643381896	483	7
27037	0	0.385410993519282	0	9	0.865558391226237	0.650714643381896	483	7
27042	0	0.437677032976753	0	9	0.865558391226237	0.650714643381896	483	7
27043	2	0.304541976299675	0	9	0.865558391226237	0.650714643381896	483	7
27065	0	0.551034112074901	0	9	0.865558391226237	0.650714643381896	483	7
27067	4	0.167782278278885	0	9	0.865558391226237	0.650714643381896	483	7
27068	0	0.12397085173338	0	9	0.865558391226237	0.650714643381896	483	7
27069	6	0.0562925271083967	0	9	0.865558391226237	0.650714643381896	483	7
27071	0	0.461718811015099	0	9	0.865558391226237	0.650714643381896	483	7
27072	4	0.153920379295623	0	9	0.865558391226237	0.650714643381896	483	7
27074	0	0.42694257790691	0	9	0.865558391226237	0.650714643381896	483	7
27075	5	0.623800041472885	1	9	0.865558391226237	0.650714643381896	483	7
27077	2	0.263308413227649	0	9	0.865558391226237	0.650714643381896	483	7
27079	4	0.385883738360916	0	9	0.865558391226237	0.650714643381896	483	7
27087	0	0.451094297858476	0	9	0.865558391226237	0.650714643381896	483	7
27089	7	0.0140581310011221	0	9	0.865558391226237	0.650714643381896	483	7
27090	0	0.550112776818509	0	9	0.865558391226237	0.650714643381896	483	7
27095	7	0.0990795041054406	0	9	0.865558391226237	0.650714643381896	483	7
27097	1	0.412963371986439	0	9	0.865558391226237	0.650714643381896	483	7
27098	0	0.00713057870645352	0	9	0.865558391226237	0.650714643381896	483	7
27101	0	0.331426672132638	0	9	0.865558391226237	0.650714643381896	483	7
27102	0	0.111392613334339	0	9	0.865558391226237	0.650714643381896	483	7
27107	0	-0.0226362222249007	0	9	0.865558391226237	0.650714643381896	483	7
27109	0	0.118618832710308	0	9	0.865558391226237	0.650714643381896	483	7
27112	0	0.358523160105477	0	9	0.865558391226237	0.650714643381896	483	7
27115	1	0.545556782323525	0	9	0.865558391226237	0.650714643381896	483	7
27122	3	0.530865130932709	0	9	0.865558391226237	0.650714643381896	483	7
27124	0	0.203754676577559	0	9	0.865558391226237	0.650714643381896	483	7
27125	0	0.244631541983337	0	9	0.865558391226237	0.650714643381896	483	7
27128	0	0.272158971745933	0	9	0.865558391226237	0.650714643381896	483	7
27129	0	0.350432135088091	0	9	0.865558391226237	0.650714643381896	483	7
27130	0	0.22295707799303	0	9	0.865558391226237	0.650714643381896	483	7
27131	3	0.394935571449996	0	9	0.865558391226237	0.650714643381896	483	7
27132	5	0.639517021921883	1	9	0.865558391226237	0.650714643381896	483	7
27134	0	0.349461849092462	0	9	0.865558391226237	0.650714643381896	483	7
27147	0	0.412053379739408	0	9	0.865558391226237	0.650714643381896	483	7
27156	2	0.436653562688429	0	9	0.865558391226237	0.650714643381896	483	7
27158	0	0.132750520278102	0	9	0.865558391226237	0.650714643381896	483	7
27163	0	0.219931122322771	0	9	0.865558391226237	0.650714643381896	483	7
27165	0	0.298460156647599	0	9	0.865558391226237	0.650714643381896	483	7
27173	0	0.218652480941642	0	9	0.865558391226237	0.650714643381896	483	7
27175	2	0.302166058696566	0	9	0.865558391226237	0.650714643381896	483	7
27180	0	0.296664950844364	0	9	0.865558391226237	0.650714643381896	483	7
27181	0	0.1918743991283	0	9	0.865558391226237	0.650714643381896	483	7
27183	0	0.293419174192493	0	9	0.865558391226237	0.650714643381896	483	7
27202	1	0.343115671211729	0	9	0.865558391226237	0.650714643381896	483	7
27229	3	0.281662256752783	0	9	0.865558391226237	0.650714643381896	483	7
27230	0	0.0916671127512254	0	9	0.865558391226237	0.650714643381896	483	7
27231	1	0.426744202704202	0	9	0.865558391226237	0.650714643381896	483	7
27235	0	0.399508071608966	0	9	0.865558391226237	0.650714643381896	483	7
27236	0	0.271872215859971	0	9	0.865558391226237	0.650714643381896	483	7
27237	0	0.162474259311369	0	9	0.865558391226237	0.650714643381896	483	7
27238	0	-0.0486010751392954	0	9	0.865558391226237	0.650714643381896	483	7
27239	1	0.430198113039653	0	9	0.865558391226237	0.650714643381896	483	7
27240	1	0.670330828129935	0	9	0.865558391226237	0.650714643381896	483	7
27241	0	0.0489123951488792	0	9	0.865558391226237	0.650714643381896	483	7
27242	6	0.309357213949699	0	9	0.865558391226237	0.650714643381896	483	7
27243	2	0.115169940350554	0	9	0.865558391226237	0.650714643381896	483	7
27244	0	0.292404445377026	0	9	0.865558391226237	0.650714643381896	483	7
27245	1	0.63124795538226	0	9	0.865558391226237	0.650714643381896	483	7
27247	0	-0.0596059273311163	0	9	0.865558391226237	0.650714643381896	483	7
27249	3	0.288847818049425	0	9	0.865558391226237	0.650714643381896	483	7
27252	3	0.397804303245357	0	9	0.865558391226237	0.650714643381896	483	7
27253	0	0.293177510917735	0	9	0.865558391226237	0.650714643381896	483	7
27254	6	-0.0621466910958494	0	9	0.865558391226237	0.650714643381896	483	7
27255	0	0.291916172651619	0	9	0.865558391226237	0.650714643381896	483	7
27257	0	0.204392230586657	0	9	0.865558391226237	0.650714643381896	483	7
27258	7	0.0560292230819719	0	9	0.865558391226237	0.650714643381896	483	7
27285	0	0.429558168153002	0	9	0.865558391226237	0.650714643381896	483	7
27286	5	0.634111178521177	1	9	0.865558391226237	0.650714643381896	483	7
27287	1	0.46065369848797	0	9	0.865558391226237	0.650714643381896	483	7
27289	0	-0.169991507063175	0	9	0.865558391226237	0.650714643381896	483	7
27291	1	0.413049465426183	0	9	0.865558391226237	0.650714643381896	483	7
27292	1	0.265289958072272	0	9	0.865558391226237	0.650714643381896	483	7
27293	0	-0.177314715485812	0	9	0.865558391226237	0.650714643381896	483	7
27295	3	0.391135259861556	0	9	0.865558391226237	0.650714643381896	483	7
27296	0	0.102668394865575	0	9	0.865558391226237	0.650714643381896	483	7
27297	1	0.421986031436391	0	9	0.865558391226237	0.650714643381896	483	7
27299	1	0.510664048330696	0	9	0.865558391226237	0.650714643381896	483	7
27300	0	0.319127641139712	0	9	0.865558391226237	0.650714643381896	483	7
27301	0	0.329837817374986	0	9	0.865558391226237	0.650714643381896	483	7
27303	0	0.235087521127657	0	9	0.865558391226237	0.650714643381896	483	7
27304	0	0.350431309978573	0	9	0.865558391226237	0.650714643381896	483	7
27306	0	0.449321202373166	0	9	0.865558391226237	0.650714643381896	483	7
27309	0	0.379478943726602	0	9	0.865558391226237	0.650714643381896	483	7
27314	1	0.35273717364291	0	9	0.865558391226237	0.650714643381896	483	7
27315	0	0.23299288926803	0	9	0.865558391226237	0.650714643381896	483	7
27324	0	0.380812171167736	0	9	0.865558391226237	0.650714643381896	483	7
27329	6	-0.144952958646348	0	9	0.865558391226237	0.650714643381896	483	7
27330	0	0.252985689167079	0	9	0.865558391226237	0.650714643381896	483	7
27333	0	-0.0413747628739842	0	9	0.865558391226237	0.650714643381896	483	7
27334	5	0.527083971512077	1	9	0.865558391226237	0.650714643381896	483	7
27335	2	0.0647878723385885	0	9	0.865558391226237	0.650714643381896	483	7
27336	0	0.347784792452905	0	9	0.865558391226237	0.650714643381896	483	7
27339	0	0.0348131792565513	0	9	0.865558391226237	0.650714643381896	483	7
27340	0	0.523702896325649	0	9	0.865558391226237	0.650714643381896	483	7
27341	0	0.407270645926171	0	9	0.865558391226237	0.650714643381896	483	7
27343	0	0.427244035482616	0	9	0.865558391226237	0.650714643381896	483	7
27344	6	-0.148108344664917	0	9	0.865558391226237	0.650714643381896	483	7
27345	0	0.0190358754344013	0	9	0.865558391226237	0.650714643381896	483	7
27346	0	0.306884413893787	0	9	0.865558391226237	0.650714643381896	483	7
27347	0	0.449773984753101	0	9	0.865558391226237	0.650714643381896	483	7
27348	0	0.141637447711356	0	9	0.865558391226237	0.650714643381896	483	7
27349	2	0.360469854949664	0	9	0.865558391226237	0.650714643381896	483	7
27350	1	0.625239940481481	0	9	0.865558391226237	0.650714643381896	483	7
27351	0	0.279252353434209	0	9	0.865558391226237	0.650714643381896	483	7
27352	0	0.516465492272305	0	9	0.865558391226237	0.650714643381896	483	7
27429	0	0.230660327302963	0	9	0.865558391226237	0.650714643381896	483	7
27430	3	0.230080356771347	0	9	0.865558391226237	0.650714643381896	483	7
27434	0	0.28229562922817	0	9	0.865558391226237	0.650714643381896	483	7
27436	0	0.308271936257311	0	9	0.865558391226237	0.650714643381896	483	7
27445	0	0.37124760186046	0	9	0.865558391226237	0.650714643381896	483	7
28231	0	0.431231710572693	0	9	0.865558391226237	0.650714643381896	483	7
28232	0	0.221365510564052	0	9	0.865558391226237	0.650714643381896	483	7
28316	5	0.678139585153968	1	9	0.865558391226237	0.650714643381896	483	7
28511	2	0.526232691585315	0	9	0.865558391226237	0.650714643381896	483	7
28513	0	0.296313267758769	0	9	0.865558391226237	0.650714643381896	483	7
28951	4	0.158712767071947	0	9	0.865558391226237	0.650714643381896	483	7
28952	0	0.550812673400502	0	9	0.865558391226237	0.650714643381896	483	7
28954	0	0.394755274571843	0	9	0.865558391226237	0.650714643381896	483	7
28955	2	0.420995662595719	0	9	0.865558391226237	0.650714643381896	483	7
28956	7	0.267228307878037	0	9	0.865558391226237	0.650714643381896	483	7
28957	0	0.152014559223524	0	9	0.865558391226237	0.650714643381896	483	7
28958	2	0.26220482567095	0	9	0.865558391226237	0.650714643381896	483	7
28959	6	0.0964127193778702	0	9	0.865558391226237	0.650714643381896	483	7
28960	0	0.3216797141342	0	9	0.865558391226237	0.650714643381896	483	7
28962	3	0.438073235069284	0	9	0.865558391226237	0.650714643381896	483	7
28964	1	0.475124004265385	0	9	0.865558391226237	0.650714643381896	483	7
28966	0	-0.316492352507054	0	9	0.865558391226237	0.650714643381896	483	7
28968	4	0.249639574984785	0	9	0.865558391226237	0.650714643381896	483	7
28969	5	0.70815001593541	1	9	0.865558391226237	0.650714643381896	483	7
28971	0	0.134592147881157	0	9	0.865558391226237	0.650714643381896	483	7
28972	3	0.194999584371678	0	9	0.865558391226237	0.650714643381896	483	7
28974	2	0.0158151134432899	0	9	0.865558391226237	0.650714643381896	483	7
28977	0	0.156044655023614	0	9	0.865558391226237	0.650714643381896	483	7
28978	3	0.146512743251292	0	9	0.865558391226237	0.650714643381896	483	7
28981	0	-0.137922482383122	0	9	0.865558391226237	0.650714643381896	483	7
28984	0	0.559957716074497	0	9	0.865558391226237	0.650714643381896	483	7
28985	0	0.165013148621894	0	9	0.865558391226237	0.650714643381896	483	7
28986	0	0.106494815088766	0	9	0.865558391226237	0.650714643381896	483	7
28990	0	0.475381191282712	0	9	0.865558391226237	0.650714643381896	483	7
28992	6	-0.0309752842153783	0	9	0.865558391226237	0.650714643381896	483	7
28996	3	0.270955479375814	0	9	0.865558391226237	0.650714643381896	483	7
28998	3	0.142839766163207	0	9	0.865558391226237	0.650714643381896	483	7
28999	1	0.376244469109831	0	9	0.865558391226237	0.650714643381896	483	7
29015	5	0.677737252745736	1	9	0.865558391226237	0.650714643381896	483	7
29028	5	0.580667468402651	1	9	0.865558391226237	0.650714643381896	483	7
29062	3	0.475711996417979	0	9	0.865558391226237	0.650714643381896	483	7
29063	1	0.45693744518033	0	9	0.865558391226237	0.650714643381896	483	7
29066	3	0.304580490022562	0	9	0.865558391226237	0.650714643381896	483	7
29071	0	0.0164447193940389	0	9	0.865558391226237	0.650714643381896	483	7
29072	3	0.256953069362287	0	9	0.865558391226237	0.650714643381896	483	7
29074	3	0.313467935521056	0	9	0.865558391226237	0.650714643381896	483	7
29078	3	0.15322484549045	0	9	0.865558391226237	0.650714643381896	483	7
29079	4	0.16395721638114	0	9	0.865558391226237	0.650714643381896	483	7
29080	0	0.508686453861056	0	9	0.865558391226237	0.650714643381896	483	7
29081	0	0.212384997418289	0	9	0.865558391226237	0.650714643381896	483	7
29083	0	0.336892378151194	0	9	0.865558391226237	0.650714643381896	483	7
29086	2	0.31883198320785	0	9	0.865558391226237	0.650714643381896	483	7
29087	2	0.493236039971413	0	9	0.865558391226237	0.650714643381896	483	7
29088	3	0.132128320965846	0	9	0.865558391226237	0.650714643381896	483	7
29091	0	0.367249554983767	0	9	0.865558391226237	0.650714643381896	483	7
29093	0	0.290659023641492	0	9	0.865558391226237	0.650714643381896	483	7
29094	0	0.372431365256498	0	9	0.865558391226237	0.650714643381896	483	7
29095	2	0.350197479810922	0	9	0.865558391226237	0.650714643381896	483	7
29097	0	0.211803705248078	0	9	0.865558391226237	0.650714643381896	483	7
29099	0	0.27871976468375	0	9	0.865558391226237	0.650714643381896	483	7
29100	0	0.227263534754987	0	9	0.865558391226237	0.650714643381896	483	7
29102	0	0.287729503636455	0	9	0.865558391226237	0.650714643381896	483	7
29103	0	0.399527546912768	0	9	0.865558391226237	0.650714643381896	483	7
29104	2	0.292729990834256	0	9	0.865558391226237	0.650714643381896	483	7
29105	0	0.0212186224446882	0	9	0.865558391226237	0.650714643381896	483	7
29107	5	0.703766138583454	1	9	0.865558391226237	0.650714643381896	483	7
29108	5	0.667019832067341	1	9	0.865558391226237	0.650714643381896	483	7
29109	4	0.407128435482842	0	9	0.865558391226237	0.650714643381896	483	7
29110	3	0.27897585273929	0	9	0.865558391226237	0.650714643381896	483	7
29114	0	0.227558278869532	0	9	0.865558391226237	0.650714643381896	483	7
29115	2	0.255958069251885	0	9	0.865558391226237	0.650714643381896	483	7
29118	0	0.487746070294976	0	9	0.865558391226237	0.650714643381896	483	7
29119	1	0.355904620676246	0	9	0.865558391226237	0.650714643381896	483	7
29121	0	0.355435544721079	0	9	0.865558391226237	0.650714643381896	483	7
29123	0	0.185634358871803	0	9	0.865558391226237	0.650714643381896	483	7
29127	0	0.368210882503978	0	9	0.865558391226237	0.650714643381896	483	7
29760	5	0.652896737269146	1	9	0.865558391226237	0.650714643381896	483	7
29761	4	0.358197623098553	0	9	0.865558391226237	0.650714643381896	483	7
29763	0	0.0666996091218569	0	9	0.865558391226237	0.650714643381896	483	7
29766	4	0.16509501495655	0	9	0.865558391226237	0.650714643381896	483	7
29767	1	0.233146910579854	0	9	0.865558391226237	0.650714643381896	483	7
29775	0	0.466595650635965	0	9	0.865558391226237	0.650714643381896	483	7
29777	2	0.518717212004729	0	9	0.865558391226237	0.650714643381896	483	7
29780	0	0.462397891448511	0	9	0.865558391226237	0.650714643381896	483	7
29781	1	0.59064859405203	0	9	0.865558391226237	0.650714643381896	483	7
29789	1	0.547563170082989	0	9	0.865558391226237	0.650714643381896	483	7
29796	2	0.362079319990602	0	9	0.865558391226237	0.650714643381896	483	7
29799	1	0.628101327791393	0	9	0.865558391226237	0.650714643381896	483	7
29802	1	0.60374423206405	0	9	0.865558391226237	0.650714643381896	483	7
29803	0	0.0638889000714719	0	9	0.865558391226237	0.650714643381896	483	7
29842	6	0.276455739949555	0	9	0.865558391226237	0.650714643381896	483	7
29844	2	0.347976519568645	0	9	0.865558391226237	0.650714643381896	483	7
29851	5	0.609909923318011	1	9	0.865558391226237	0.650714643381896	483	7
29855	0	0.501846222917818	0	9	0.865558391226237	0.650714643381896	483	7
29880	1	-0.511265623223787	0	9	0.865558391226237	0.650714643381896	483	7
29881	0	0.567933443347318	0	9	0.865558391226237	0.650714643381896	483	7
29882	0	0.344470130612735	0	9	0.865558391226237	0.650714643381896	483	7
29883	0	0.513018431647172	0	9	0.865558391226237	0.650714643381896	483	7
29887	0	0.416683960031929	0	9	0.865558391226237	0.650714643381896	483	7
29888	0	0.104961534640855	0	9	0.865558391226237	0.650714643381896	483	7
29889	0	0.166945307094664	0	9	0.865558391226237	0.650714643381896	483	7
29890	5	0.538628982453947	1	9	0.865558391226237	0.650714643381896	483	7
29893	0	0.36727828181366	0	9	0.865558391226237	0.650714643381896	483	7
29895	1	0.109082108006072	0	9	0.865558391226237	0.650714643381896	483	7
29896	3	0.616714615408667	0	9	0.865558391226237	0.650714643381896	483	7
29899	0	0.497971031239341	0	9	0.865558391226237	0.650714643381896	483	7
29901	0	0.405572064648592	0	9	0.865558391226237	0.650714643381896	483	7
29902	3	0.51571546039063	0	9	0.865558391226237	0.650714643381896	483	7
29903	2	0.442885815828133	0	9	0.865558391226237	0.650714643381896	483	7
29906	1	0.480775834045999	0	9	0.865558391226237	0.650714643381896	483	7
29911	0	0.165422225692969	0	9	0.865558391226237	0.650714643381896	483	7
29914	0	0.282380419503507	0	9	0.865558391226237	0.650714643381896	483	7
29915	3	0.272281940488754	0	9	0.865558391226237	0.650714643381896	483	7
29916	0	0.416843065953596	0	9	0.865558391226237	0.650714643381896	483	7
29919	0	0.199818439959907	0	9	0.865558391226237	0.650714643381896	483	7
29922	3	0.166054190224624	0	9	0.865558391226237	0.650714643381896	483	7
29923	0	0.0759202486359243	0	9	0.865558391226237	0.650714643381896	483	7
29924	7	0.246222420335519	0	9	0.865558391226237	0.650714643381896	483	7
29926	2	0.222222018465233	0	9	0.865558391226237	0.650714643381896	483	7
29927	2	0.360902398513989	0	9	0.865558391226237	0.650714643381896	483	7
29928	0	0.257636236111238	0	9	0.865558391226237	0.650714643381896	483	7
29929	3	0.426053263605773	0	9	0.865558391226237	0.650714643381896	483	7
29933	1	0.632240448277542	0	9	0.865558391226237	0.650714643381896	483	7
29937	1	0.452568836294463	0	9	0.865558391226237	0.650714643381896	483	7
29942	0	0.127333125769026	0	9	0.865558391226237	0.650714643381896	483	7
29944	0	0.251566106149981	0	9	0.865558391226237	0.650714643381896	483	7
29946	2	0.382105317651507	0	9	0.865558391226237	0.650714643381896	483	7
29948	0	0.135093085169969	0	9	0.865558391226237	0.650714643381896	483	7
29951	0	0.390076977920525	0	9	0.865558391226237	0.650714643381896	483	7
29953	3	0.356939452727184	0	9	0.865558391226237	0.650714643381896	483	7
29954	5	0.474920011199911	1	9	0.865558391226237	0.650714643381896	483	7
29956	6	0.180940439169198	0	9	0.865558391226237	0.650714643381896	483	7
29957	4	0.215681097717971	0	9	0.865558391226237	0.650714643381896	483	7
29959	2	0.550786524768978	0	9	0.865558391226237	0.650714643381896	483	7
29960	4	0.311456482012551	0	9	0.865558391226237	0.650714643381896	483	7
29965	2	0.431979957194814	0	9	0.865558391226237	0.650714643381896	483	7
29966	0	0.288048239500443	0	9	0.865558391226237	0.650714643381896	483	7
29967	3	0.467835894075815	0	9	0.865558391226237	0.650714643381896	483	7
29968	6	0.167167317278444	0	9	0.865558391226237	0.650714643381896	483	7
29969	4	0.446736436111628	0	9	0.865558391226237	0.650714643381896	483	7
29974	2	0.106265699791962	0	9	0.865558391226237	0.650714643381896	483	7
29978	4	0.238601909517362	0	9	0.865558391226237	0.650714643381896	483	7
29980	0	0.0325199950263992	0	9	0.865558391226237	0.650714643381896	483	7
29982	3	0.51424868542501	0	9	0.865558391226237	0.650714643381896	483	7
29984	0	0.491480391799	0	9	0.865558391226237	0.650714643381896	483	7
29988	0	0.54825395207792	0	9	0.865558391226237	0.650714643381896	483	7
29992	1	0.492552591321999	0	9	0.865558391226237	0.650714643381896	483	7
29994	0	0.211205692660567	0	9	0.865558391226237	0.650714643381896	483	7
29995	5	0.499354007925529	1	9	0.865558391226237	0.650714643381896	483	7
29998	0	0.0368058136116765	0	9	0.865558391226237	0.650714643381896	483	7
30000	0	0.269974466904797	0	9	0.865558391226237	0.650714643381896	483	7
30001	0	0.295761883873929	0	9	0.865558391226237	0.650714643381896	483	7
30008	4	0.170379907380564	0	9	0.865558391226237	0.650714643381896	483	7
30009	1	0.542967353728063	0	9	0.865558391226237	0.650714643381896	483	7
30811	0	0.104827644153001	0	9	0.865558391226237	0.650714643381896	483	7
30817	1	0.697881368919823	0	9	0.865558391226237	0.650714643381896	483	7
30819	1	0.366183017826835	0	9	0.865558391226237	0.650714643381896	483	7
30820	1	0.500480610657779	0	9	0.865558391226237	0.650714643381896	483	7
30827	2	0.522352843480424	0	9	0.865558391226237	0.650714643381896	483	7
30833	2	0.633474761124658	0	9	0.865558391226237	0.650714643381896	483	7
30835	0	0.596824800803845	0	9	0.865558391226237	0.650714643381896	483	7
30836	0	0.0123205687602689	0	9	0.865558391226237	0.650714643381896	483	7
30837	1	0.280269825571002	0	9	0.865558391226237	0.650714643381896	483	7
30844	4	0.209154807684042	0	9	0.865558391226237	0.650714643381896	483	7
30845	4	0.0908346926751485	0	9	0.865558391226237	0.650714643381896	483	7
30846	4	0.0769161803874341	0	9	0.865558391226237	0.650714643381896	483	7
30849	0	-0.288330423363113	0	9	0.865558391226237	0.650714643381896	483	7
30850	5	0.780231186054397	1	9	0.865558391226237	0.650714643381896	483	7
30968	6	0.0993810484574264	0	9	0.865558391226237	0.650714643381896	483	7
49855	1	0.439905717185447	0	9	0.865558391226237	0.650714643381896	483	7
49856	0	0.358676677919106	0	9	0.865558391226237	0.650714643381896	483	7
50485	2	0.29278821357074	0	9	0.865558391226237	0.650714643381896	483	7
50486	0	-0.363884106245447	0	9	0.865558391226237	0.650714643381896	483	7
50488	0	0.162137344244693	0	9	0.865558391226237	0.650714643381896	483	7
50489	0	0.256220630015701	0	9	0.865558391226237	0.650714643381896	483	7
50506	0	0.312624460970441	0	9	0.865558391226237	0.650714643381896	483	7
50507	6	0.117440849583247	0	9	0.865558391226237	0.650714643381896	483	7
50509	1	0.400857874920192	0	9	0.865558391226237	0.650714643381896	483	7
50512	1	0.669367933001703	0	9	0.865558391226237	0.650714643381896	483	7
50515	1	0.456301847749311	0	9	0.865558391226237	0.650714643381896	483	7
50613	1	0.42540645020383	0	9	0.865558391226237	0.650714643381896	483	7
50615	1	0.685920064729356	0	9	0.865558391226237	0.650714643381896	483	7
50617	0	0.252675755795223	0	9	0.865558391226237	0.650714643381896	483	7
50618	0	0.131012010406446	0	9	0.865558391226237	0.650714643381896	483	7
50619	5	0.550697255698937	1	9	0.865558391226237	0.650714643381896	483	7
50626	5	0.576840419009856	1	9	0.865558391226237	0.650714643381896	483	7
50628	0	0.431138899213887	0	9	0.865558391226237	0.650714643381896	483	7
50649	1	0.327606812148149	0	9	0.865558391226237	0.650714643381896	483	7
50650	4	0.13642712024126	0	9	0.865558391226237	0.650714643381896	483	7
50700	0	0.342137900754145	0	9	0.865558391226237	0.650714643381896	483	7
50717	7	0.289624415485912	0	9	0.865558391226237	0.650714643381896	483	7
50807	4	0.425752485110412	0	9	0.865558391226237	0.650714643381896	483	7
50809	7	0.240586723561046	0	9	0.865558391226237	0.650714643381896	483	7
50810	0	0.350385280792172	0	9	0.865558391226237	0.650714643381896	483	7
50813	2	0.411206186579105	0	9	0.865558391226237	0.650714643381896	483	7
50814	2	0.249836225082185	0	9	0.865558391226237	0.650714643381896	483	7
50831	1	0.513136763978005	0	9	0.865558391226237	0.650714643381896	483	7
50832	0	0.224779022830296	0	9	0.865558391226237	0.650714643381896	483	7
50838	1	0.321881628898683	0	9	0.865558391226237	0.650714643381896	483	7
50852	5	0.635212365803962	1	9	0.865558391226237	0.650714643381896	483	7
50853	0	0.139355759532278	0	9	0.865558391226237	0.650714643381896	483	7
50855	0	0.552945178773684	0	9	0.865558391226237	0.650714643381896	483	7
50856	0	0.483704628542841	0	9	0.865558391226237	0.650714643381896	483	7
50861	5	0.716854809161831	1	9	0.865558391226237	0.650714643381896	483	7
50862	0	0.605470096001696	0	9	0.865558391226237	0.650714643381896	483	7
50865	0	-0.0509747149593059	0	9	0.865558391226237	0.650714643381896	483	7
50937	1	0.420021241820532	0	9	0.865558391226237	0.650714643381896	483	7
50939	1	0.420995752935566	0	9	0.865558391226237	0.650714643381896	483	7
50940	1	0.555541414705625	0	9	0.865558391226237	0.650714643381896	483	7
50943	0	0.364387493278418	0	9	0.865558391226237	0.650714643381896	483	7
50944	0	0.335359591658264	0	9	0.865558391226237	0.650714643381896	483	7
50999	3	0.176107833802299	0	9	0.865558391226237	0.650714643381896	483	7
51001	3	0.183063671297689	0	9	0.865558391226237	0.650714643381896	483	7
51002	0	0.194738489357752	0	9	0.865558391226237	0.650714643381896	483	7
51003	0	-0.110428125265866	0	9	0.865558391226237	0.650714643381896	483	7
51004	0	0.167563084981404	0	9	0.865558391226237	0.650714643381896	483	7
51006	1	0.468360452309377	0	9	0.865558391226237	0.650714643381896	483	7
51008	4	0.213952383203567	0	9	0.865558391226237	0.650714643381896	483	7
51009	0	0.211086623488613	0	9	0.865558391226237	0.650714643381896	483	7
51012	3	0.373022452084737	0	9	0.865558391226237	0.650714643381896	483	7
51015	3	0.14747089378371	0	9	0.865558391226237	0.650714643381896	483	7
51016	0	0.35585198973136	0	9	0.865558391226237	0.650714643381896	483	7
51018	0	0.133024867875862	0	9	0.865558391226237	0.650714643381896	483	7
51019	3	0.256339937663299	0	9	0.865558391226237	0.650714643381896	483	7
51020	0	0.0989218796596105	0	9	0.865558391226237	0.650714643381896	483	7
51022	0	0.104660489106485	0	9	0.865558391226237	0.650714643381896	483	7
51023	0	0.541931069712035	0	9	0.865558391226237	0.650714643381896	483	7
51024	2	0.328617266865762	0	9	0.865558391226237	0.650714643381896	483	7
51026	0	0.509931621043415	0	9	0.865558391226237	0.650714643381896	483	7
51027	0	0.0310979495898625	0	9	0.865558391226237	0.650714643381896	483	7
51029	0	0.188154135054975	0	9	0.865558391226237	0.650714643381896	483	7
51031	3	0.453515166103245	0	9	0.865558391226237	0.650714643381896	483	7
51035	0	0.119299434253155	0	9	0.865558391226237	0.650714643381896	483	7
51042	2	0.13732640331846	0	9	0.865558391226237	0.650714643381896	483	7
51043	7	0.259391886733777	0	9	0.865558391226237	0.650714643381896	483	7
51050	0	0.21817472089979	0	9	0.865558391226237	0.650714643381896	483	7
51053	0	0.0980240885112257	0	9	0.865558391226237	0.650714643381896	483	7
51056	6	0.0607953843936283	0	9	0.865558391226237	0.650714643381896	483	7
51063	5	0.706884866020408	1	9	0.865558391226237	0.650714643381896	483	7
51065	7	0.21262454437958	0	9	0.865558391226237	0.650714643381896	483	7
51066	0	0.24213665690539	0	9	0.865558391226237	0.650714643381896	483	7
51067	0	0.478046143084233	0	9	0.865558391226237	0.650714643381896	483	7
51068	0	0.34567166994473	0	9	0.865558391226237	0.650714643381896	483	7
51069	2	0.38168092559112	0	9	0.865558391226237	0.650714643381896	483	7
51070	0	0.282433553427708	0	9	0.865558391226237	0.650714643381896	483	7
51071	0	-0.100844351220428	0	9	0.865558391226237	0.650714643381896	483	7
51073	2	0.546579854636535	0	9	0.865558391226237	0.650714643381896	483	7
51075	3	0.457546838370769	0	9	0.865558391226237	0.650714643381896	483	7
51076	0	0.0406410692890631	0	9	0.865558391226237	0.650714643381896	483	7
51077	1	0.644811373727297	0	9	0.865558391226237	0.650714643381896	483	7
51078	2	0.350335139046082	0	9	0.865558391226237	0.650714643381896	483	7
51081	2	0.244446018679676	0	9	0.865558391226237	0.650714643381896	483	7
51082	0	0.444639781941985	0	9	0.865558391226237	0.650714643381896	483	7
51084	6	0.0113857005735131	0	9	0.865558391226237	0.650714643381896	483	7
51085	7	-0.0725617849129714	0	9	0.865558391226237	0.650714643381896	483	7
51087	1	0.482082368859719	0	9	0.865558391226237	0.650714643381896	483	7
51090	2	0.623634741521429	0	9	0.865558391226237	0.650714643381896	483	7
51092	1	0.560538670468705	0	9	0.865558391226237	0.650714643381896	483	7
51093	0	0.0135132720271335	0	9	0.865558391226237	0.650714643381896	483	7
51094	0	0.0709391450739324	0	9	0.865558391226237	0.650714643381896	483	7
51096	1	0.4177389856546	0	9	0.865558391226237	0.650714643381896	483	7
51097	0	-0.104621749683238	0	9	0.865558391226237	0.650714643381896	483	7
51098	0	0.551389067090661	0	9	0.865558391226237	0.650714643381896	483	7
51099	0	0.467979516405318	0	9	0.865558391226237	0.650714643381896	483	7
51100	3	0.0288416395636755	0	9	0.865558391226237	0.650714643381896	483	7
51101	0	0.19912728023161	0	9	0.865558391226237	0.650714643381896	483	7
51102	0	0.0501248656373661	0	9	0.865558391226237	0.650714643381896	483	7
51103	3	0.321222089393085	0	9	0.865558391226237	0.650714643381896	483	7
51104	0	0.313931433951677	0	9	0.865558391226237	0.650714643381896	483	7
51105	0	0.577369794029268	0	9	0.865558391226237	0.650714643381896	483	7
51106	0	0.602480114195389	0	9	0.865558391226237	0.650714643381896	483	7
51107	0	0.140940699661192	0	9	0.865558391226237	0.650714643381896	483	7
51108	6	0.2518743215253	0	9	0.865558391226237	0.650714643381896	483	7
51109	6	0.214377746909488	0	9	0.865558391226237	0.650714643381896	483	7
51110	6	0.203063099920203	0	9	0.865558391226237	0.650714643381896	483	7
51111	0	0.15966204618142	0	9	0.865558391226237	0.650714643381896	483	7
51112	0	0.223027799596684	0	9	0.865558391226237	0.650714643381896	483	7
51115	0	0.116259524520465	0	9	0.865558391226237	0.650714643381896	483	7
51116	2	0.407917762404465	0	9	0.865558391226237	0.650714643381896	483	7
51117	2	0.30854235733245	0	9	0.865558391226237	0.650714643381896	483	7
51118	0	0.301882462646587	0	9	0.865558391226237	0.650714643381896	483	7
51125	3	0.252383490822432	0	9	0.865558391226237	0.650714643381896	483	7
51127	0	-0.0832640502979561	0	9	0.865558391226237	0.650714643381896	483	7
51128	0	0.380947531081976	0	9	0.865558391226237	0.650714643381896	483	7
51129	0	0.274011890801805	0	9	0.865558391226237	0.650714643381896	483	7
51131	4	0.420472429589532	0	9	0.865558391226237	0.650714643381896	483	7
51133	0	0.029171924192972	0	9	0.865558391226237	0.650714643381896	483	7
51134	0	0.430923098266048	0	9	0.865558391226237	0.650714643381896	483	7
51135	0	0.465506940195016	0	9	0.865558391226237	0.650714643381896	483	7
51136	0	0.208163915806592	0	9	0.865558391226237	0.650714643381896	483	7
51138	0	-0.258649227243541	0	9	0.865558391226237	0.650714643381896	483	7
51141	0	0.063329697742382	0	9	0.865558391226237	0.650714643381896	483	7
51142	2	0.407941653465617	0	9	0.865558391226237	0.650714643381896	483	7
51143	3	0.145005260286487	0	9	0.865558391226237	0.650714643381896	483	7
51144	0	-0.00802026558322432	0	9	0.865558391226237	0.650714643381896	483	7
51146	1	0.400635344583533	0	9	0.865558391226237	0.650714643381896	483	7
51147	0	0.566139328347833	0	9	0.865558391226237	0.650714643381896	483	7
51149	0	0.0749523308429951	0	9	0.865558391226237	0.650714643381896	483	7
51150	2	0.075947361280468	0	9	0.865558391226237	0.650714643381896	483	7
51151	0	0.174145396729357	0	9	0.865558391226237	0.650714643381896	483	7
51154	5	0.695165377362343	1	9	0.865558391226237	0.650714643381896	483	7
51155	5	0.800044192793108	1	9	0.865558391226237	0.650714643381896	483	7
51157	0	0.132541950015623	0	9	0.865558391226237	0.650714643381896	483	7
51160	2	0.361224979830749	0	9	0.865558391226237	0.650714643381896	483	7
51161	1	0.233364611250599	0	9	0.865558391226237	0.650714643381896	483	7
51162	0	0.0652872441183892	0	9	0.865558391226237	0.650714643381896	483	7
51163	0	0.486594283542018	0	9	0.865558391226237	0.650714643381896	483	7
51164	0	0.262431640044028	0	9	0.865558391226237	0.650714643381896	483	7
51167	3	0.575620593908645	0	9	0.865558391226237	0.650714643381896	483	7
51168	0	0.301144162449554	0	9	0.865558391226237	0.650714643381896	483	7
51170	6	0.109835917141042	0	9	0.865558391226237	0.650714643381896	483	7
51171	2	0.287045036963157	0	9	0.865558391226237	0.650714643381896	483	7
51172	2	0.240058357747437	0	9	0.865558391226237	0.650714643381896	483	7
51174	3	0.402392083290603	0	9	0.865558391226237	0.650714643381896	483	7
51176	5	0.762838061210241	1	9	0.865558391226237	0.650714643381896	483	7
51177	0	0.32086135577648	0	9	0.865558391226237	0.650714643381896	483	7
51179	6	-0.267789533929047	0	9	0.865558391226237	0.650714643381896	483	7
51181	6	-0.11726762211445	0	9	0.865558391226237	0.650714643381896	483	7
51182	0	0.224503706156959	0	9	0.865558391226237	0.650714643381896	483	7
51184	3	0.127423265535529	0	9	0.865558391226237	0.650714643381896	483	7
51185	0	0.00503167474381535	0	9	0.865558391226237	0.650714643381896	483	7
51186	4	-0.220574134037553	0	9	0.865558391226237	0.650714643381896	483	7
51187	0	0.412395707224778	0	9	0.865558391226237	0.650714643381896	483	7
51188	1	0.379867102541488	0	9	0.865558391226237	0.650714643381896	483	7
51191	0	0.515760160643705	0	9	0.865558391226237	0.650714643381896	483	7
51192	5	0.613979385808787	1	9	0.865558391226237	0.650714643381896	483	7
51193	0	0.306742385053941	0	9	0.865558391226237	0.650714643381896	483	7
51195	0	0.300453179134279	0	9	0.865558391226237	0.650714643381896	483	7
51196	4	0.275345461154946	0	9	0.865558391226237	0.650714643381896	483	7
51200	0	0.335531613446958	0	9	0.865558391226237	0.650714643381896	483	7
51203	0	0.303950354033234	0	9	0.865558391226237	0.650714643381896	483	7
51204	0	0.192805273825786	0	9	0.865558391226237	0.650714643381896	483	7
51206	1	0.456264081590857	0	9	0.865558391226237	0.650714643381896	483	7
51207	0	0.213974163558134	0	9	0.865558391226237	0.650714643381896	483	7
51208	0	0.0173503369629796	0	9	0.865558391226237	0.650714643381896	483	7
51218	0	0.084901785368518	0	9	0.865558391226237	0.650714643381896	483	7
51222	0	0.0969165971564238	0	9	0.865558391226237	0.650714643381896	483	7
51224	1	0.620719325550284	0	9	0.865558391226237	0.650714643381896	483	7
51226	0	0.0753331095865129	0	9	0.865558391226237	0.650714643381896	483	7
51227	4	0.143787821336487	0	9	0.865558391226237	0.650714643381896	483	7
51228	3	0.48801461111635	0	9	0.865558391226237	0.650714643381896	483	7
51230	1	0.309097892780755	0	9	0.865558391226237	0.650714643381896	483	7
51231	0	0.480565137888617	0	9	0.865558391226237	0.650714643381896	483	7
51233	0	0.284866053339629	0	9	0.865558391226237	0.650714643381896	483	7
51237	0	0.44737700879056	0	9	0.865558391226237	0.650714643381896	483	7
51257	2	0.477899660568245	0	9	0.865558391226237	0.650714643381896	483	7
51265	0	0.0246652035755319	0	9	0.865558391226237	0.650714643381896	483	7
51267	0	0.00892588851336636	0	9	0.865558391226237	0.650714643381896	483	7
51268	6	-0.0652207741194045	0	9	0.865558391226237	0.650714643381896	483	7
51271	4	0.0939732792815151	0	9	0.865558391226237	0.650714643381896	483	7
51272	1	0.592774915244194	0	9	0.865558391226237	0.650714643381896	483	7
51274	1	0.412182523802729	0	9	0.865558391226237	0.650714643381896	483	7
51276	0	0.215635442528862	0	9	0.865558391226237	0.650714643381896	483	7
51278	4	0.488368080060889	0	9	0.865558391226237	0.650714643381896	483	7
51279	5	0.639930150228078	1	9	0.865558391226237	0.650714643381896	483	7
51280	6	-0.0238730167879832	0	9	0.865558391226237	0.650714643381896	483	7
51281	1	0.645194679271446	0	9	0.865558391226237	0.650714643381896	483	7
51282	2	0.253895524347128	0	9	0.865558391226237	0.650714643381896	483	7
51283	0	0.227092719669368	0	9	0.865558391226237	0.650714643381896	483	7
51284	5	0.603832719477417	1	9	0.865558391226237	0.650714643381896	483	7
51285	0	0.248084339270294	0	9	0.865558391226237	0.650714643381896	483	7
51286	0	0.281076430068668	0	9	0.865558391226237	0.650714643381896	483	7
51287	2	0.200035294849879	0	9	0.865558391226237	0.650714643381896	483	7
51290	0	-0.205252234681328	0	9	0.865558391226237	0.650714643381896	483	7
51291	0	0.296756982519638	0	9	0.865558391226237	0.650714643381896	483	7
51292	2	0.334449248961081	0	9	0.865558391226237	0.650714643381896	483	7
51293	2	0.366288815854537	0	9	0.865558391226237	0.650714643381896	483	7
51294	4	0.218788206685816	0	9	0.865558391226237	0.650714643381896	483	7
51295	0	0.180322236439523	0	9	0.865558391226237	0.650714643381896	483	7
51296	0	0.438337605839015	0	9	0.865558391226237	0.650714643381896	483	7
51299	0	-0.0660756771342666	0	9	0.865558391226237	0.650714643381896	483	7
51301	1	0.370403176287095	0	9	0.865558391226237	0.650714643381896	483	7
51302	0	-0.0744835828044955	0	9	0.865558391226237	0.650714643381896	483	7
51303	5	0.608179609208024	1	9	0.865558391226237	0.650714643381896	483	7
51304	0	0.576088843692818	0	9	0.865558391226237	0.650714643381896	483	7
51306	4	0.318536175104495	0	9	0.865558391226237	0.650714643381896	483	7
51307	0	0.209957303199661	0	9	0.865558391226237	0.650714643381896	483	7
51308	1	0.414001943052338	0	9	0.865558391226237	0.650714643381896	483	7
51309	0	-0.156675956153697	0	9	0.865558391226237	0.650714643381896	483	7
51310	0	0.370371992402425	0	9	0.865558391226237	0.650714643381896	483	7
51311	0	0.292733786230669	0	9	0.865558391226237	0.650714643381896	483	7
51312	0	0.368619681654094	0	9	0.865558391226237	0.650714643381896	483	7
51313	1	0.390025651112732	0	9	0.865558391226237	0.650714643381896	483	7
51315	0	0.037874656727046	0	9	0.865558391226237	0.650714643381896	483	7
51316	5	0.723699042278272	1	9	0.865558391226237	0.650714643381896	483	7
51317	0	0.391703977486963	0	9	0.865558391226237	0.650714643381896	483	7
51319	0	0.429198231924833	0	9	0.865558391226237	0.650714643381896	483	7
51320	0	0.138747472370888	0	9	0.865558391226237	0.650714643381896	483	7
51321	2	0.439007118742605	0	9	0.865558391226237	0.650714643381896	483	7
51322	0	0.425231219473952	0	9	0.865558391226237	0.650714643381896	483	7
51324	2	0.27338504567948	0	9	0.865558391226237	0.650714643381896	483	7
51327	1	0.611254842194677	0	9	0.865558391226237	0.650714643381896	483	7
51329	2	0.301892988694109	0	9	0.865558391226237	0.650714643381896	483	7
51330	0	0.452653491856772	0	9	0.865558391226237	0.650714643381896	483	7
51332	1	0.265911482619082	0	9	0.865558391226237	0.650714643381896	483	7
51333	1	0.519133803962021	0	9	0.865558391226237	0.650714643381896	483	7
51335	3	0.00315299566632428	0	9	0.865558391226237	0.650714643381896	483	7
51337	2	0.275566547333195	0	9	0.865558391226237	0.650714643381896	483	7
51338	0	0.425571232408493	0	9	0.865558391226237	0.650714643381896	483	7
51339	0	0.496369123202277	0	9	0.865558391226237	0.650714643381896	483	7
51340	3	0.285409757641499	0	9	0.865558391226237	0.650714643381896	483	7
51341	7	0.462031821342034	0	9	0.865558391226237	0.650714643381896	483	7
51343	1	0.664687113346435	0	9	0.865558391226237	0.650714643381896	483	7
51347	0	0.15978362421916	0	9	0.865558391226237	0.650714643381896	483	7
51360	0	0.306849187388752	0	9	0.865558391226237	0.650714643381896	483	7
51361	0	0.488593724237334	0	9	0.865558391226237	0.650714643381896	483	7
51362	0	0.269734820213398	0	9	0.865558391226237	0.650714643381896	483	7
51363	5	0.744790152197935	1	9	0.865558391226237	0.650714643381896	483	7
51364	0	0.208086537309952	0	9	0.865558391226237	0.650714643381896	483	7
51365	0	0.0996329091945378	0	9	0.865558391226237	0.650714643381896	483	7
51366	0	0.477635797544982	0	9	0.865558391226237	0.650714643381896	483	7
51367	0	0.16729302349899	0	9	0.865558391226237	0.650714643381896	483	7
51368	2	0.349575351539444	0	9	0.865558391226237	0.650714643381896	483	7
51371	2	0.172339571461112	0	9	0.865558391226237	0.650714643381896	483	7
51373	0	0.22103402326935	0	9	0.865558391226237	0.650714643381896	483	7
51374	0	0.0870009380146982	0	9	0.865558391226237	0.650714643381896	483	7
51375	0	0.132356488527339	0	9	0.865558391226237	0.650714643381896	483	7
51377	3	0.513759396540835	0	9	0.865558391226237	0.650714643381896	483	7
51378	1	0.4825898144167	0	9	0.865558391226237	0.650714643381896	483	7
51379	0	0.376613882014197	0	9	0.865558391226237	0.650714643381896	483	7
51380	0	0.306211716198213	0	9	0.865558391226237	0.650714643381896	483	7
51382	6	-0.0528822467072135	0	9	0.865558391226237	0.650714643381896	483	7
51384	0	0.433182235113531	0	9	0.865558391226237	0.650714643381896	483	7
51385	1	0.453823293677221	0	9	0.865558391226237	0.650714643381896	483	7
51386	2	0.618555999322867	0	9	0.865558391226237	0.650714643381896	483	7
51388	3	0.67471932159085	0	9	0.865558391226237	0.650714643381896	483	7
51389	0	0.15412603960512	0	9	0.865558391226237	0.650714643381896	483	7
51393	0	0.18275700694678	0	9	0.865558391226237	0.650714643381896	483	7
51397	3	0.594913323537429	0	9	0.865558391226237	0.650714643381896	483	7
51398	4	0.0963394085115151	0	9	0.865558391226237	0.650714643381896	483	7
51400	0	-0.0214620399233501	0	9	0.865558391226237	0.650714643381896	483	7
51406	0	0.0118377646759735	0	9	0.865558391226237	0.650714643381896	483	7
51409	0	0.212151505970201	0	9	0.865558391226237	0.650714643381896	483	7
51411	1	0.471862974750049	0	9	0.865558391226237	0.650714643381896	483	7
51421	4	0.404084404352638	0	9	0.865558391226237	0.650714643381896	483	7
51422	0	0.369117462544938	0	9	0.865558391226237	0.650714643381896	483	7
51427	0	0.370173791265554	0	9	0.865558391226237	0.650714643381896	483	7
51428	2	0.233947546722362	0	9	0.865558391226237	0.650714643381896	483	7
51430	4	0.121378130565304	0	9	0.865558391226237	0.650714643381896	483	7
51433	0	0.352866205218283	0	9	0.865558391226237	0.650714643381896	483	7
51435	1	0.690670149785505	0	9	0.865558391226237	0.650714643381896	483	7
51439	4	0.167892061417446	0	9	0.865558391226237	0.650714643381896	483	7
51440	0	0.524967781077855	0	9	0.865558391226237	0.650714643381896	483	7
51442	0	0.269730284722909	0	9	0.865558391226237	0.650714643381896	483	7
51444	3	0.459389715462504	0	9	0.865558391226237	0.650714643381896	483	7
51447	4	0.130695223305187	0	9	0.865558391226237	0.650714643381896	483	7
51449	6	0.049989491971793	0	9	0.865558391226237	0.650714643381896	483	7
51451	2	0.462021385954783	0	9	0.865558391226237	0.650714643381896	483	7
51454	0	0.345495567845944	0	9	0.865558391226237	0.650714643381896	483	7
51455	0	-0.0903794318561643	0	9	0.865558391226237	0.650714643381896	483	7
51458	0	0.181787905899711	0	9	0.865558391226237	0.650714643381896	483	7
51460	0	0.286828788226826	0	9	0.865558391226237	0.650714643381896	483	7
51465	0	0.29453126319554	0	9	0.865558391226237	0.650714643381896	483	7
51466	0	0.629510880744461	0	9	0.865558391226237	0.650714643381896	483	7
51471	6	0.0927854944353476	0	9	0.865558391226237	0.650714643381896	483	7
51474	3	0.560280049767536	0	9	0.865558391226237	0.650714643381896	483	7
51477	2	0.412453254010919	0	9	0.865558391226237	0.650714643381896	483	7
51479	0	0.426737048925073	0	9	0.865558391226237	0.650714643381896	483	7
51490	1	0.471849375801428	0	9	0.865558391226237	0.650714643381896	483	7
51491	0	0.308884030925614	0	9	0.865558391226237	0.650714643381896	483	7
51493	2	0.541377726140314	0	9	0.865558391226237	0.650714643381896	483	7
51495	3	0.383343739396111	0	9	0.865558391226237	0.650714643381896	483	7
51497	6	0.396731161913769	0	9	0.865558391226237	0.650714643381896	483	7
51499	0	0.419964864745867	0	9	0.865558391226237	0.650714643381896	483	7
51501	3	0.484111564167008	0	9	0.865558391226237	0.650714643381896	483	7
51504	2	0.511880323542236	0	9	0.865558391226237	0.650714643381896	483	7
51506	2	0.358687360345278	0	9	0.865558391226237	0.650714643381896	483	7
51507	0	0.123853195670225	0	9	0.865558391226237	0.650714643381896	483	7
51510	4	0.340069995765262	0	9	0.865558391226237	0.650714643381896	483	7
51512	0	0.360203190234742	0	9	0.865558391226237	0.650714643381896	483	7
51513	1	0.56488114576389	0	9	0.865558391226237	0.650714643381896	483	7
51514	5	0.54291257258703	1	9	0.865558391226237	0.650714643381896	483	7
51517	0	0.169442329368408	0	9	0.865558391226237	0.650714643381896	483	7
51520	0	0.293245924799133	0	9	0.865558391226237	0.650714643381896	483	7
51526	0	0.00733735373405857	0	9	0.865558391226237	0.650714643381896	483	7
51531	1	0.594390733235121	0	9	0.865558391226237	0.650714643381896	483	7
51533	1	0.411179139065758	0	9	0.865558391226237	0.650714643381896	483	7
51542	0	0.19585685219232	0	9	0.865558391226237	0.650714643381896	483	7
51547	0	0.395975754616597	0	9	0.865558391226237	0.650714643381896	483	7
51548	0	0.517138176218654	0	9	0.865558391226237	0.650714643381896	483	7
51550	2	0.325325369654584	0	9	0.865558391226237	0.650714643381896	483	7
51552	0	0.0917945689936406	0	9	0.865558391226237	0.650714643381896	483	7
51555	0	0.237559683112799	0	9	0.865558391226237	0.650714643381896	483	7
51557	0	0.20077981543831	0	9	0.865558391226237	0.650714643381896	483	7
51559	0	0.172926555765936	0	9	0.865558391226237	0.650714643381896	483	7
51560	0	0.444845616990405	0	9	0.865558391226237	0.650714643381896	483	7
51562	3	0.336397411372195	0	9	0.865558391226237	0.650714643381896	483	7
51564	7	0.35872863607169	0	9	0.865558391226237	0.650714643381896	483	7
51566	4	0.169382865375393	0	9	0.865558391226237	0.650714643381896	483	7
51567	6	0.0231268169205267	0	9	0.865558391226237	0.650714643381896	483	7
51569	0	0.123923440250219	0	9	0.865558391226237	0.650714643381896	483	7
51571	0	0.576266327377914	0	9	0.865558391226237	0.650714643381896	483	7
51573	0	0.287481965235269	0	9	0.865558391226237	0.650714643381896	483	7
51574	1	0.341253985463186	0	9	0.865558391226237	0.650714643381896	483	7
51575	0	0.374896540180664	0	9	0.865558391226237	0.650714643381896	483	7
51582	3	0.486827822008631	0	9	0.865558391226237	0.650714643381896	483	7
51585	0	0.15623614439868	0	9	0.865558391226237	0.650714643381896	483	7
51586	2	0.361529509899543	0	9	0.865558391226237	0.650714643381896	483	7
51588	0	0.308009892859488	0	9	0.865558391226237	0.650714643381896	483	7
51592	0	0.0836018014764201	0	9	0.865558391226237	0.650714643381896	483	7
51593	0	0.388599920684208	0	9	0.865558391226237	0.650714643381896	483	7
51594	0	0.268231003853836	0	9	0.865558391226237	0.650714643381896	483	7
51599	0	0.481794919576745	0	9	0.865558391226237	0.650714643381896	483	7
51601	3	0.335430740482377	0	9	0.865558391226237	0.650714643381896	483	7
51603	3	0.380503112481039	0	9	0.865558391226237	0.650714643381896	483	7
51604	0	0.202121986176156	0	9	0.865558391226237	0.650714643381896	483	7
51606	6	0.166467834557266	0	9	0.865558391226237	0.650714643381896	483	7
51611	3	0.370909243728332	0	9	0.865558391226237	0.650714643381896	483	7
51614	7	0.290261511758329	0	9	0.865558391226237	0.650714643381896	483	7
51616	0	0.279234613552189	0	9	0.865558391226237	0.650714643381896	483	7
51619	0	0.516126171966364	0	9	0.865558391226237	0.650714643381896	483	7
51621	2	0.508582775656584	0	9	0.865558391226237	0.650714643381896	483	7
51626	3	0.158334356631105	0	9	0.865558391226237	0.650714643381896	483	7
51634	1	0.432265489594461	0	9	0.865558391226237	0.650714643381896	483	7
51635	0	0.399058473191675	0	9	0.865558391226237	0.650714643381896	483	7
51637	0	0.167350577526403	0	9	0.865558391226237	0.650714643381896	483	7
51642	0	0.169574773480523	0	9	0.865558391226237	0.650714643381896	483	7
51643	0	0.00523968228282995	0	9	0.865558391226237	0.650714643381896	483	7
51646	4	0.12593132241768	0	9	0.865558391226237	0.650714643381896	483	7
51647	0	0.099721594788765	0	9	0.865558391226237	0.650714643381896	483	7
51650	2	0.367972987084994	0	9	0.865558391226237	0.650714643381896	483	7
51651	0	0.265541488273254	0	9	0.865558391226237	0.650714643381896	483	7
51654	1	0.24695172803099	0	9	0.865558391226237	0.650714643381896	483	7
51657	0	0.399611981586568	0	9	0.865558391226237	0.650714643381896	483	7
51659	1	0.589925020664898	0	9	0.865558391226237	0.650714643381896	483	7
51660	6	-0.249956570530119	0	9	0.865558391226237	0.650714643381896	483	7
51663	0	0.450280233071451	0	9	0.865558391226237	0.650714643381896	483	7
51665	0	0.376472329263706	0	9	0.865558391226237	0.650714643381896	483	7
51668	2	0.179459439260358	0	9	0.865558391226237	0.650714643381896	483	7
51669	3	-0.0142816431703685	0	9	0.865558391226237	0.650714643381896	483	7
51673	0	-0.0182981997651358	0	9	0.865558391226237	0.650714643381896	483	7
51686	1	0.433185641814444	0	9	0.865558391226237	0.650714643381896	483	7
51690	2	0.0757167561953959	0	9	0.865558391226237	0.650714643381896	483	7
51691	0	0.136741843792278	0	9	0.865558391226237	0.650714643381896	483	7
51693	0	-0.00472474001863932	0	9	0.865558391226237	0.650714643381896	483	7
51696	0	0.177492470524646	0	9	0.865558391226237	0.650714643381896	483	7
51700	0	-0.0989509002514953	0	9	0.865558391226237	0.650714643381896	483	7
51701	4	0.228619457753693	0	9	0.865558391226237	0.650714643381896	483	7
51703	4	0.334546649673733	0	9	0.865558391226237	0.650714643381896	483	7
51704	1	0.314450398741266	0	9	0.865558391226237	0.650714643381896	483	7
51705	4	0.173709127248587	0	9	0.865558391226237	0.650714643381896	483	7
51706	6	0.164096399704001	0	9	0.865558391226237	0.650714643381896	483	7
51714	3	0.478975793652487	0	9	0.865558391226237	0.650714643381896	483	7
51715	1	0.578166355653008	0	9	0.865558391226237	0.650714643381896	483	7
51719	3	0.341575175724097	0	9	0.865558391226237	0.650714643381896	483	7
51720	0	0.298530712625752	0	9	0.865558391226237	0.650714643381896	483	7
51725	1	0.498622834759129	0	9	0.865558391226237	0.650714643381896	483	7
51727	3	0.40958524215304	0	9	0.865558391226237	0.650714643381896	483	7
51728	2	0.469258441806788	0	9	0.865558391226237	0.650714643381896	483	7
51729	0	0.216306843203989	0	9	0.865558391226237	0.650714643381896	483	7
51733	6	-0.265826464117699	0	9	0.865558391226237	0.650714643381896	483	7
51734	6	0.163086282432262	0	9	0.865558391226237	0.650714643381896	483	7
51735	0	0.553653749505209	0	9	0.865558391226237	0.650714643381896	483	7
51741	1	0.456882888342242	0	9	0.865558391226237	0.650714643381896	483	7
51742	1	0.484935028908458	0	9	0.865558391226237	0.650714643381896	483	7
51744	1	0.548375508248858	0	9	0.865558391226237	0.650714643381896	483	7
51747	0	0.182944673125263	0	9	0.865558391226237	0.650714643381896	483	7
51752	0	0.0132181968265926	0	9	0.865558391226237	0.650714643381896	483	7
51754	0	0.107735528039953	0	9	0.865558391226237	0.650714643381896	483	7
51755	0	0.407322320264074	0	9	0.865558391226237	0.650714643381896	483	7
51759	0	-0.0339831530449335	0	9	0.865558391226237	0.650714643381896	483	7
51760	0	0.372637219920029	0	9	0.865558391226237	0.650714643381896	483	7
51761	0	0.099194048620987	0	9	0.865558391226237	0.650714643381896	483	7
51762	0	0.32750452533964	0	9	0.865558391226237	0.650714643381896	483	7
51763	4	0.281070795247085	0	9	0.865558391226237	0.650714643381896	483	7
51765	0	-0.0434514777887734	0	9	0.865558391226237	0.650714643381896	483	7
51768	6	0.119359230821177	0	9	0.865558391226237	0.650714643381896	483	7
51773	4	0.486310876883306	0	9	0.865558391226237	0.650714643381896	483	7
51776	1	0.122798000197534	0	9	0.865558391226237	0.650714643381896	483	7
51778	4	0.195855637070164	0	9	0.865558391226237	0.650714643381896	483	7
51780	3	0.401481798879289	0	9	0.865558391226237	0.650714643381896	483	7
51805	0	0.0843658479352728	0	9	0.865558391226237	0.650714643381896	483	7
51807	1	0.444088035443077	0	9	0.865558391226237	0.650714643381896	483	7
51809	0	0.39743141723617	0	9	0.865558391226237	0.650714643381896	483	7
51816	4	0.40220678301438	0	9	0.865558391226237	0.650714643381896	483	7
53335	0	0.446724922755885	0	9	0.865558391226237	0.650714643381896	483	7
53339	4	0.0696636720283872	0	9	0.865558391226237	0.650714643381896	483	7
53340	2	0.488052561694648	0	9	0.865558391226237	0.650714643381896	483	7
53343	0	0.0985385576859606	0	9	0.865558391226237	0.650714643381896	483	7
53346	0	0.564864904473557	0	9	0.865558391226237	0.650714643381896	483	7
53347	0	0.318824982225677	0	9	0.865558391226237	0.650714643381896	483	7
53353	0	0.215147462209909	0	9	0.865558391226237	0.650714643381896	483	7
53358	1	0.503365346573882	0	9	0.865558391226237	0.650714643381896	483	7
53371	3	0.275761541167038	0	9	0.865558391226237	0.650714643381896	483	7
53373	6	-0.0319339723049212	0	9	0.865558391226237	0.650714643381896	483	7
53405	4	0.0707958678250283	0	9	0.865558391226237	0.650714643381896	483	7
53407	0	0.575531841154498	0	9	0.865558391226237	0.650714643381896	483	7
53615	2	0.583111484608748	0	9	0.865558391226237	0.650714643381896	483	7
53616	1	0.529708763810345	0	9	0.865558391226237	0.650714643381896	483	7
53630	0	0.533689995070105	0	9	0.865558391226237	0.650714643381896	483	7
53637	1	0.529120543905398	0	9	0.865558391226237	0.650714643381896	483	7
53827	0	0.503178734810266	0	9	0.865558391226237	0.650714643381896	483	7
53829	0	0.545082785855792	0	9	0.865558391226237	0.650714643381896	483	7
53832	0	0.28064031827622	0	9	0.865558391226237	0.650714643381896	483	7
53838	0	-0.038341683432153	0	9	0.865558391226237	0.650714643381896	483	7
53841	6	0.0273647155288167	0	9	0.865558391226237	0.650714643381896	483	7
53904	0	0.208563722778032	0	9	0.865558391226237	0.650714643381896	483	7
53905	1	0.621388968638701	0	9	0.865558391226237	0.650714643381896	483	7
53942	5	0.597185035745455	1	9	0.865558391226237	0.650714643381896	483	7
53944	1	0.497454341231391	0	9	0.865558391226237	0.650714643381896	483	7
53947	0	0.359150991329997	0	9	0.865558391226237	0.650714643381896	483	7
54014	0	0.427642008935341	0	9	0.865558391226237	0.650714643381896	483	7
54020	1	0.705224515314657	0	9	0.865558391226237	0.650714643381896	483	7
54039	1	0.366299224688441	0	9	0.865558391226237	0.650714643381896	483	7
54069	0	0.179687388748065	0	9	0.865558391226237	0.650714643381896	483	7
54093	0	0.103156894757099	0	9	0.865558391226237	0.650714643381896	483	7
54101	0	0.344150548801242	0	9	0.865558391226237	0.650714643381896	483	7
54103	0	0.270232164332341	0	9	0.865558391226237	0.650714643381896	483	7
54107	2	0.415931731246622	0	9	0.865558391226237	0.650714643381896	483	7
54112	0	0.157943239452449	0	9	0.865558391226237	0.650714643381896	483	7
54148	3	0.380058098593248	0	9	0.865558391226237	0.650714643381896	483	7
54149	0	0.510368730471659	0	9	0.865558391226237	0.650714643381896	483	7
54187	0	0.46921469041197	0	9	0.865558391226237	0.650714643381896	483	7
54205	6	-0.00309041637115057	0	9	0.865558391226237	0.650714643381896	483	7
54207	0	0.180506011492592	0	9	0.865558391226237	0.650714643381896	483	7
54209	1	0.510598758602435	0	9	0.865558391226237	0.650714643381896	483	7
54210	1	0.453626992518173	0	9	0.865558391226237	0.650714643381896	483	7
54212	0	0.295606272107383	0	9	0.865558391226237	0.650714643381896	483	7
54328	1	0.48068671419669	0	9	0.865558391226237	0.650714643381896	483	7
54332	0	-0.0271049073746676	0	9	0.865558391226237	0.650714643381896	483	7
54344	0	0.214354981677282	0	9	0.865558391226237	0.650714643381896	483	7
54345	4	0.363392275983537	0	9	0.865558391226237	0.650714643381896	483	7
54361	0	0.48407966638057	0	9	0.865558391226237	0.650714643381896	483	7
54386	4	0.199290092180268	0	9	0.865558391226237	0.650714643381896	483	7
54407	3	0.327904310425565	0	9	0.865558391226237	0.650714643381896	483	7
54413	0	-0.140469155877772	0	9	0.865558391226237	0.650714643381896	483	7
54431	0	0.0984002501490813	0	9	0.865558391226237	0.650714643381896	483	7
54432	2	0.463657047718883	0	9	0.865558391226237	0.650714643381896	483	7
54433	0	0.464410406241473	0	9	0.865558391226237	0.650714643381896	483	7
54434	0	0.55401297408668	0	9	0.865558391226237	0.650714643381896	483	7
54436	2	0.273848371301014	0	9	0.865558391226237	0.650714643381896	483	7
54438	4	0.161513545578697	0	9	0.865558391226237	0.650714643381896	483	7
54440	5	0.65606527737497	1	9	0.865558391226237	0.650714643381896	483	7
54442	3	0.642654289631517	0	9	0.865558391226237	0.650714643381896	483	7
54453	0	0.431458419669589	0	9	0.865558391226237	0.650714643381896	483	7
54454	0	0.30551470821983	0	9	0.865558391226237	0.650714643381896	483	7
54455	4	0.221610560310537	0	9	0.865558391226237	0.650714643381896	483	7
54462	4	0.11934480148035	0	9	0.865558391226237	0.650714643381896	483	7
54463	0	0.0325310050206156	0	9	0.865558391226237	0.650714643381896	483	7
54465	3	0.342413290256002	0	9	0.865558391226237	0.650714643381896	483	7
54468	3	0.265481365300401	0	9	0.865558391226237	0.650714643381896	483	7
54471	3	0.300538662650422	0	9	0.865558391226237	0.650714643381896	483	7
54472	2	0.267996666953652	0	9	0.865558391226237	0.650714643381896	483	7
54475	0	0.0588704375367002	0	9	0.865558391226237	0.650714643381896	483	7
54476	2	0.368403787168273	0	9	0.865558391226237	0.650714643381896	483	7
54477	0	0.1413911601373	0	9	0.865558391226237	0.650714643381896	483	7
54482	3	0.514747362221817	0	9	0.865558391226237	0.650714643381896	483	7
54491	1	0.600247909307462	0	9	0.865558391226237	0.650714643381896	483	7
54494	0	0.129857779284305	0	9	0.865558391226237	0.650714643381896	483	7
54496	2	0.454906528992784	0	9	0.865558391226237	0.650714643381896	483	7
54498	1	0.497691861430882	0	9	0.865558391226237	0.650714643381896	483	7
54499	3	0.36371419197486	0	9	0.865558391226237	0.650714643381896	483	7
54502	6	0.199049541060776	0	9	0.865558391226237	0.650714643381896	483	7
54503	0	0.382433689453285	0	9	0.865558391226237	0.650714643381896	483	7
54504	5	0.573110269353153	1	9	0.865558391226237	0.650714643381896	483	7
54505	3	0.313446968655727	0	9	0.865558391226237	0.650714643381896	483	7
54509	5	0.749343559438248	1	9	0.865558391226237	0.650714643381896	483	7
54512	2	0.327943915281157	0	9	0.865558391226237	0.650714643381896	483	7
54517	0	0.40685485892875	0	9	0.865558391226237	0.650714643381896	483	7
54518	0	0.184374607371061	0	9	0.865558391226237	0.650714643381896	483	7
54520	3	-0.0176684614752534	0	9	0.865558391226237	0.650714643381896	483	7
54521	0	0.406943314464908	0	9	0.865558391226237	0.650714643381896	483	7
54529	3	0.436020879633882	0	9	0.865558391226237	0.650714643381896	483	7
54531	1	0.426436407857347	0	9	0.865558391226237	0.650714643381896	483	7
54535	5	0.699267805950229	1	9	0.865558391226237	0.650714643381896	483	7
54538	1	0.214507853424769	0	9	0.865558391226237	0.650714643381896	483	7
54539	2	0.386480984320855	0	9	0.865558391226237	0.650714643381896	483	7
54540	1	0.390267968124914	0	9	0.865558391226237	0.650714643381896	483	7
54541	0	0.0382825332621635	0	9	0.865558391226237	0.650714643381896	483	7
54542	0	0.349242508536678	0	9	0.865558391226237	0.650714643381896	483	7
54545	1	0.420328935587858	0	9	0.865558391226237	0.650714643381896	483	7
54546	0	0.00514383191546288	0	9	0.865558391226237	0.650714643381896	483	7
54549	1	0.349936619370718	0	9	0.865558391226237	0.650714643381896	483	7
54550	2	0.426811344069183	0	9	0.865558391226237	0.650714643381896	483	7
54552	0	0.543532479717428	0	9	0.865558391226237	0.650714643381896	483	7
54554	0	0.162617474386582	0	9	0.865558391226237	0.650714643381896	483	7
54555	0	0.517138396239783	0	9	0.865558391226237	0.650714643381896	483	7
54556	0	0.217033750380348	0	9	0.865558391226237	0.650714643381896	483	7
54558	1	0.370432240704465	0	9	0.865558391226237	0.650714643381896	483	7
54566	0	0.480078320270535	0	9	0.865558391226237	0.650714643381896	483	7
54583	0	0.350793817881408	0	9	0.865558391226237	0.650714643381896	483	7
54585	4	0.256636955214631	0	9	0.865558391226237	0.650714643381896	483	7
54587	4	0.180442943158758	0	9	0.865558391226237	0.650714643381896	483	7
54606	0	0.190443950059531	0	9	0.865558391226237	0.650714643381896	483	7
54619	0	0.471107929488688	0	9	0.865558391226237	0.650714643381896	483	7
54622	3	0.345247756988878	0	9	0.865558391226237	0.650714643381896	483	7
54623	4	0.241700869191572	0	9	0.865558391226237	0.650714643381896	483	7
54626	1	0.365334838241085	0	9	0.865558391226237	0.650714643381896	483	7
54662	3	0.319180192510956	0	9	0.865558391226237	0.650714643381896	483	7
54664	3	0.329999379195111	0	9	0.865558391226237	0.650714643381896	483	7
54665	4	0.323819059835118	0	9	0.865558391226237	0.650714643381896	483	7
54674	1	0.621831332216973	0	9	0.865558391226237	0.650714643381896	483	7
54676	4	0.547333455373098	0	9	0.865558391226237	0.650714643381896	483	7
54677	0	0.19918868748749	0	9	0.865558391226237	0.650714643381896	483	7
54680	4	0.216378085632111	0	9	0.865558391226237	0.650714643381896	483	7
54681	2	0.288633641798791	0	9	0.865558391226237	0.650714643381896	483	7
54682	4	0.288373579269227	0	9	0.865558391226237	0.650714643381896	483	7
54700	3	0.499401650786805	0	9	0.865558391226237	0.650714643381896	483	7
54704	0	0.55785446906171	0	9	0.865558391226237	0.650714643381896	483	7
54707	0	0.283069450620834	0	9	0.865558391226237	0.650714643381896	483	7
54708	3	0.132963038697959	0	9	0.865558391226237	0.650714643381896	483	7
54715	4	0.197836123218998	0	9	0.865558391226237	0.650714643381896	483	7
54716	1	0.678969247615198	0	9	0.865558391226237	0.650714643381896	483	7
54726	3	0.576644593713599	0	9	0.865558391226237	0.650714643381896	483	7
54732	2	0.388825762966754	0	9	0.865558391226237	0.650714643381896	483	7
54733	5	0.667953996972605	1	9	0.865558391226237	0.650714643381896	483	7
54737	3	0.321835666198207	0	9	0.865558391226237	0.650714643381896	483	7
54739	0	0.58254163088195	0	9	0.865558391226237	0.650714643381896	483	7
54758	0	0.452494477618193	0	9	0.865558391226237	0.650714643381896	483	7
54762	3	0.249287288474449	0	9	0.865558391226237	0.650714643381896	483	7
54765	3	0.0685739522602753	0	9	0.865558391226237	0.650714643381896	483	7
54769	3	0.591418952614872	0	9	0.865558391226237	0.650714643381896	483	7
54777	0	0.56476734189195	0	9	0.865558391226237	0.650714643381896	483	7
54778	0	0.040954543093184	0	9	0.865558391226237	0.650714643381896	483	7
54780	3	0.478731098629703	0	9	0.865558391226237	0.650714643381896	483	7
54784	1	0.530358160779629	0	9	0.865558391226237	0.650714643381896	483	7
54785	1	0.366503609501034	0	9	0.865558391226237	0.650714643381896	483	7
54788	0	0.18165084805804	0	9	0.865558391226237	0.650714643381896	483	7
54795	0	0.252906535955742	0	9	0.865558391226237	0.650714643381896	483	7
54796	0	0.366156486500069	0	9	0.865558391226237	0.650714643381896	483	7
54798	1	0.399646501212543	0	9	0.865558391226237	0.650714643381896	483	7
54800	0	0.357140881137326	0	9	0.865558391226237	0.650714643381896	483	7
54801	4	0.379024214688787	0	9	0.865558391226237	0.650714643381896	483	7
54802	0	0.0632615217537172	0	9	0.865558391226237	0.650714643381896	483	7
54805	0	0.0786282613373173	0	9	0.865558391226237	0.650714643381896	483	7
54806	1	0.475807514673862	0	9	0.865558391226237	0.650714643381896	483	7
54807	0	0.179705074433589	0	9	0.865558391226237	0.650714643381896	483	7
54809	0	0.277525218050345	0	9	0.865558391226237	0.650714643381896	483	7
54810	6	0.149120296019413	0	9	0.865558391226237	0.650714643381896	483	7
54811	4	0.333288809733132	0	9	0.865558391226237	0.650714643381896	483	7
54812	6	-0.192808255175921	0	9	0.865558391226237	0.650714643381896	483	7
54814	1	0.248743285185984	0	9	0.865558391226237	0.650714643381896	483	7
54815	0	0.402232114255945	0	9	0.865558391226237	0.650714643381896	483	7
54819	3	0.381037969641842	0	9	0.865558391226237	0.650714643381896	483	7
54821	0	0.256851180587654	0	9	0.865558391226237	0.650714643381896	483	7
54825	6	0.358736872476447	0	9	0.865558391226237	0.650714643381896	483	7
54826	3	0.232706059315159	0	9	0.865558391226237	0.650714643381896	483	7
54828	2	0.259153413819112	0	9	0.865558391226237	0.650714643381896	483	7
54829	0	0.148563579910162	0	9	0.865558391226237	0.650714643381896	483	7
54830	0	0.392400993720754	0	9	0.865558391226237	0.650714643381896	483	7
54832	1	0.522192310574046	0	9	0.865558391226237	0.650714643381896	483	7
54834	0	0.26278829781689	0	9	0.865558391226237	0.650714643381896	483	7
54836	2	0.663709627273282	0	9	0.865558391226237	0.650714643381896	483	7
54838	4	0.199034734108379	0	9	0.865558391226237	0.650714643381896	483	7
54839	0	0.501311286328695	0	9	0.865558391226237	0.650714643381896	483	7
54840	0	0.467796490092177	0	9	0.865558391226237	0.650714643381896	483	7
54842	4	0.171937134418477	0	9	0.865558391226237	0.650714643381896	483	7
54843	0	0.379405342451819	0	9	0.865558391226237	0.650714643381896	483	7
54845	0	0.392124270378252	0	9	0.865558391226237	0.650714643381896	483	7
54847	5	0.779056372174768	1	9	0.865558391226237	0.650714643381896	483	7
54848	1	0.408444277572575	0	9	0.865558391226237	0.650714643381896	483	7
54849	2	0.443684992820768	0	9	0.865558391226237	0.650714643381896	483	7
54850	0	0.022842497892683	0	9	0.865558391226237	0.650714643381896	483	7
54851	0	0.305313858454839	0	9	0.865558391226237	0.650714643381896	483	7
54852	6	0.255199715345495	0	9	0.865558391226237	0.650714643381896	483	7
54853	0	0.322768154425962	0	9	0.865558391226237	0.650714643381896	483	7
54855	0	0.551628904853948	0	9	0.865558391226237	0.650714643381896	483	7
54857	1	0.378595903260204	0	9	0.865558391226237	0.650714643381896	483	7
54858	6	0.114166618706582	0	9	0.865558391226237	0.650714643381896	483	7
54861	0	0.404378838299842	0	9	0.865558391226237	0.650714643381896	483	7
54862	1	0.516687492558609	0	9	0.865558391226237	0.650714643381896	483	7
54863	5	0.602330642724744	1	9	0.865558391226237	0.650714643381896	483	7
54866	1	0.473048317152506	0	9	0.865558391226237	0.650714643381896	483	7
54867	4	0.294313750030391	0	9	0.865558391226237	0.650714643381896	483	7
54868	0	0.186823297775452	0	9	0.865558391226237	0.650714643381896	483	7
54869	0	0.473098286123934	0	9	0.865558391226237	0.650714643381896	483	7
54870	3	0.406305218639004	0	9	0.865558391226237	0.650714643381896	483	7
54872	4	0.218643619614837	0	9	0.865558391226237	0.650714643381896	483	7
54874	0	-0.102148537971341	0	9	0.865558391226237	0.650714643381896	483	7
54875	1	0.325013391681808	0	9	0.865558391226237	0.650714643381896	483	7
54876	3	0.369470717609626	0	9	0.865558391226237	0.650714643381896	483	7
54877	4	0.234585371042934	0	9	0.865558391226237	0.650714643381896	483	7
54878	3	0.126051915875483	0	9	0.865558391226237	0.650714643381896	483	7
54879	1	0.598941838300435	0	9	0.865558391226237	0.650714643381896	483	7
54880	3	0.271930195998428	0	9	0.865558391226237	0.650714643381896	483	7
54881	0	0.609972311958996	0	9	0.865558391226237	0.650714643381896	483	7
54883	0	0.0425279836394346	0	9	0.865558391226237	0.650714643381896	483	7
54884	2	0.528366178227522	0	9	0.865558391226237	0.650714643381896	483	7
54885	3	0.340862749237963	0	9	0.865558391226237	0.650714643381896	483	7
54886	0	0.11499417836962	0	9	0.865558391226237	0.650714643381896	483	7
54891	1	0.453812327328805	0	9	0.865558391226237	0.650714643381896	483	7
54892	3	0.365926880323799	0	9	0.865558391226237	0.650714643381896	483	7
54894	0	0.501159469374028	0	9	0.865558391226237	0.650714643381896	483	7
54896	1	0.394221978375348	0	9	0.865558391226237	0.650714643381896	483	7
54897	0	0.467968598225375	0	9	0.865558391226237	0.650714643381896	483	7
54900	5	0.754129268759672	1	9	0.865558391226237	0.650714643381896	483	7
54901	0	0.314202829651728	0	9	0.865558391226237	0.650714643381896	483	7
54902	3	0.370865141997548	0	9	0.865558391226237	0.650714643381896	483	7
54903	1	0.506081554172902	0	9	0.865558391226237	0.650714643381896	483	7
54904	1	0.523299259577535	0	9	0.865558391226237	0.650714643381896	483	7
54905	0	0.25834310325349	0	9	0.865558391226237	0.650714643381896	483	7
54906	5	0.710601191185447	1	9	0.865558391226237	0.650714643381896	483	7
54908	3	0.452037113581776	0	9	0.865558391226237	0.650714643381896	483	7
54910	0	0.347805415300162	0	9	0.865558391226237	0.650714643381896	483	7
54913	5	0.63115235165461	1	9	0.865558391226237	0.650714643381896	483	7
54914	4	0.339237634751872	0	9	0.865558391226237	0.650714643381896	483	7
54915	3	0.398578503960771	0	9	0.865558391226237	0.650714643381896	483	7
54916	0	0.344240998627938	0	9	0.865558391226237	0.650714643381896	483	7
54918	0	0.217398525505111	0	9	0.865558391226237	0.650714643381896	483	7
54919	3	0.722490951312858	0	9	0.865558391226237	0.650714643381896	483	7
54920	0	0.230386752829011	0	9	0.865558391226237	0.650714643381896	483	7
54922	0	0.222970244778615	0	9	0.865558391226237	0.650714643381896	483	7
54923	2	0.179835787510184	0	9	0.865558391226237	0.650714643381896	483	7
54925	4	0.328353443349265	0	9	0.865558391226237	0.650714643381896	483	7
54927	0	0.281339280508147	0	9	0.865558391226237	0.650714643381896	483	7
54928	0	-0.0219110468757206	0	9	0.865558391226237	0.650714643381896	483	7
54929	2	0.499624797160439	0	9	0.865558391226237	0.650714643381896	483	7
54932	1	0.308556616567047	0	9	0.865558391226237	0.650714643381896	483	7
54934	0	0.38469526562577	0	9	0.865558391226237	0.650714643381896	483	7
54938	2	0.208376659655838	0	9	0.865558391226237	0.650714643381896	483	7
54939	0	0.230386696331953	0	9	0.865558391226237	0.650714643381896	483	7
54941	0	0.355346777777805	0	9	0.865558391226237	0.650714643381896	483	7
54942	4	0.207383145052644	0	9	0.865558391226237	0.650714643381896	483	7
54943	0	0.031844342445169	0	9	0.865558391226237	0.650714643381896	483	7
54946	0	0.370334195733101	0	9	0.865558391226237	0.650714643381896	483	7
54948	3	0.293379842507534	0	9	0.865558391226237	0.650714643381896	483	7
54951	3	0.152006467773005	0	9	0.865558391226237	0.650714643381896	483	7
54952	0	0.000324397156710989	0	9	0.865558391226237	0.650714643381896	483	7
54953	3	0.396890181375929	0	9	0.865558391226237	0.650714643381896	483	7
54954	0	0.472376049446309	0	9	0.865558391226237	0.650714643381896	483	7
54955	3	0.364934409418858	0	9	0.865558391226237	0.650714643381896	483	7
54956	1	0.529032926712625	0	9	0.865558391226237	0.650714643381896	483	7
54957	0	0.233283052364878	0	9	0.865558391226237	0.650714643381896	483	7
54958	2	0.505502528073841	0	9	0.865558391226237	0.650714643381896	483	7
54960	0	-0.0502500991019275	0	9	0.865558391226237	0.650714643381896	483	7
54961	1	0.492519884736046	0	9	0.865558391226237	0.650714643381896	483	7
54962	4	0.338060030926181	0	9	0.865558391226237	0.650714643381896	483	7
54964	0	-0.0200391173118436	0	9	0.865558391226237	0.650714643381896	483	7
54968	3	0.411711398825631	0	9	0.865558391226237	0.650714643381896	483	7
54969	4	0.17208330177211	0	9	0.865558391226237	0.650714643381896	483	7
54970	0	0.276629217096911	0	9	0.865558391226237	0.650714643381896	483	7
54971	0	0.281144657092924	0	9	0.865558391226237	0.650714643381896	483	7
54972	1	0.414497190030834	0	9	0.865558391226237	0.650714643381896	483	7
54974	0	0.536678624480817	0	9	0.865558391226237	0.650714643381896	483	7
54976	5	0.683793781243618	1	9	0.865558391226237	0.650714643381896	483	7
54977	0	-0.116527171985375	0	9	0.865558391226237	0.650714643381896	483	7
54978	0	0.280496632702106	0	9	0.865558391226237	0.650714643381896	483	7
54979	0	0.200868823594891	0	9	0.865558391226237	0.650714643381896	483	7
54980	2	0.291142220078916	0	9	0.865558391226237	0.650714643381896	483	7
54981	4	0.147464632792213	0	9	0.865558391226237	0.650714643381896	483	7
54982	0	0.286431709856724	0	9	0.865558391226237	0.650714643381896	483	7
54985	2	0.236669185817392	0	9	0.865558391226237	0.650714643381896	483	7
54986	1	0.318450183040839	0	9	0.865558391226237	0.650714643381896	483	7
54987	0	0.0391180795886528	0	9	0.865558391226237	0.650714643381896	483	7
54988	3	0.322636769050407	0	9	0.865558391226237	0.650714643381896	483	7
54991	1	0.492879086757368	0	9	0.865558391226237	0.650714643381896	483	7
54993	1	0.503088621823839	0	9	0.865558391226237	0.650714643381896	483	7
54994	0	0.175556447696261	0	9	0.865558391226237	0.650714643381896	483	7
54995	0	-0.080117366227084	0	9	0.865558391226237	0.650714643381896	483	7
54996	6	-0.115963638171587	0	9	0.865558391226237	0.650714643381896	483	7
54997	5	0.734811193520813	1	9	0.865558391226237	0.650714643381896	483	7
54998	2	0.456460853487306	0	9	0.865558391226237	0.650714643381896	483	7
55001	0	0.220771975597342	0	9	0.865558391226237	0.650714643381896	483	7
55002	4	0.265834366392978	0	9	0.865558391226237	0.650714643381896	483	7
55003	0	0.165470514651256	0	9	0.865558391226237	0.650714643381896	483	7
55005	0	-0.160339920209313	0	9	0.865558391226237	0.650714643381896	483	7
55006	3	0.25214635562186	0	9	0.865558391226237	0.650714643381896	483	7
55007	0	0.619844932199065	0	9	0.865558391226237	0.650714643381896	483	7
55008	0	0.393821197166259	0	9	0.865558391226237	0.650714643381896	483	7
55009	0	0.483010216480481	0	9	0.865558391226237	0.650714643381896	483	7
55011	2	0.461328485438334	0	9	0.865558391226237	0.650714643381896	483	7
55012	0	-0.0136788697374679	0	9	0.865558391226237	0.650714643381896	483	7
55013	0	0.460542287404469	0	9	0.865558391226237	0.650714643381896	483	7
55014	0	0.200039655022798	0	9	0.865558391226237	0.650714643381896	483	7
55015	3	0.57255662682053	0	9	0.865558391226237	0.650714643381896	483	7
55016	5	0.671878797558421	1	9	0.865558391226237	0.650714643381896	483	7
55020	6	0.0778477425893018	0	9	0.865558391226237	0.650714643381896	483	7
55022	5	0.778021018672225	1	9	0.865558391226237	0.650714643381896	483	7
55023	0	0.103526650162875	0	9	0.865558391226237	0.650714643381896	483	7
55024	0	0.505384110118934	0	9	0.865558391226237	0.650714643381896	483	7
55026	0	0.36163205144398	0	9	0.865558391226237	0.650714643381896	483	7
55028	1	0.614481229360524	0	9	0.865558391226237	0.650714643381896	483	7
55030	3	0.462166217539109	0	9	0.865558391226237	0.650714643381896	483	7
55031	0	0.162691405683099	0	9	0.865558391226237	0.650714643381896	483	7
55032	3	0.287976357731806	0	9	0.865558391226237	0.650714643381896	483	7
55033	0	0.276523677271122	0	9	0.865558391226237	0.650714643381896	483	7
55034	0	0.26900132085068	0	9	0.865558391226237	0.650714643381896	483	7
55035	4	0.415128377268345	0	9	0.865558391226237	0.650714643381896	483	7
55036	1	0.539530890299999	0	9	0.865558391226237	0.650714643381896	483	7
55037	0	0.0927449015730344	0	9	0.865558391226237	0.650714643381896	483	7
55038	0	0.31313393553417	0	9	0.865558391226237	0.650714643381896	483	7
55039	3	0.479801413054223	0	9	0.865558391226237	0.650714643381896	483	7
55040	4	0.329731424579001	0	9	0.865558391226237	0.650714643381896	483	7
55041	6	0.0072075731457741	0	9	0.865558391226237	0.650714643381896	483	7
55048	4	0.275795467246351	0	9	0.865558391226237	0.650714643381896	483	7
55049	2	0.613606409201865	0	9	0.865558391226237	0.650714643381896	483	7
55052	0	0.188059298061696	0	9	0.865558391226237	0.650714643381896	483	7
55055	0	0.498827054678719	0	9	0.865558391226237	0.650714643381896	483	7
55057	0	0.446877105841777	0	9	0.865558391226237	0.650714643381896	483	7
55061	1	0.493147575231627	0	9	0.865558391226237	0.650714643381896	483	7
55062	3	0.206863217375925	0	9	0.865558391226237	0.650714643381896	483	7
55063	1	0.463771378879654	0	9	0.865558391226237	0.650714643381896	483	7
55064	1	0.27396646071422	0	9	0.865558391226237	0.650714643381896	483	7
55066	0	0.467642142170098	0	9	0.865558391226237	0.650714643381896	483	7
55068	0	0.529981901454652	0	9	0.865558391226237	0.650714643381896	483	7
55069	0	0.56098513695285	0	9	0.865558391226237	0.650714643381896	483	7
55070	4	0.363452662845799	0	9	0.865558391226237	0.650714643381896	483	7
55071	5	0.73594814012404	1	9	0.865558391226237	0.650714643381896	483	7
55074	3	0.418423013946748	0	9	0.865558391226237	0.650714643381896	483	7
55076	4	0.308880858772218	0	9	0.865558391226237	0.650714643381896	483	7
55080	2	0.480350394829911	0	9	0.865558391226237	0.650714643381896	483	7
55081	0	-0.0240508129444762	0	9	0.865558391226237	0.650714643381896	483	7
55082	0	0.502360202246859	0	9	0.865558391226237	0.650714643381896	483	7
55083	1	0.578936531466892	0	9	0.865558391226237	0.650714643381896	483	7
55084	4	0.110007558927312	0	9	0.865558391226237	0.650714643381896	483	7
55086	0	0.315488746179441	0	9	0.865558391226237	0.650714643381896	483	7
55089	0	0.517080475680219	0	9	0.865558391226237	0.650714643381896	483	7
55090	0	0.496769083549111	0	9	0.865558391226237	0.650714643381896	483	7
55092	0	0.569506451024168	0	9	0.865558391226237	0.650714643381896	483	7
55093	0	0.0944093747026877	0	9	0.865558391226237	0.650714643381896	483	7
55094	0	0.454580401498212	0	9	0.865558391226237	0.650714643381896	483	7
55095	1	0.470622867261128	0	9	0.865558391226237	0.650714643381896	483	7
55096	1	0.362603454436473	0	9	0.865558391226237	0.650714643381896	483	7
55100	0	0.118969407711983	0	9	0.865558391226237	0.650714643381896	483	7
55101	2	0.339783867834288	0	9	0.865558391226237	0.650714643381896	483	7
55102	3	0.317042457537648	0	9	0.865558391226237	0.650714643381896	483	7
55105	0	-0.069468069270638	0	9	0.865558391226237	0.650714643381896	483	7
55106	0	0.145695555277584	0	9	0.865558391226237	0.650714643381896	483	7
55107	0	0.545320275767765	0	9	0.865558391226237	0.650714643381896	483	7
55108	2	0.332702638684873	0	9	0.865558391226237	0.650714643381896	483	7
55109	3	0.515685178034069	0	9	0.865558391226237	0.650714643381896	483	7
55110	0	0.488749782922321	0	9	0.865558391226237	0.650714643381896	483	7
55112	0	0.0916590492780013	0	9	0.865558391226237	0.650714643381896	483	7
55114	0	0.0986614725045105	0	9	0.865558391226237	0.650714643381896	483	7
55116	0	-0.225266965486987	0	9	0.865558391226237	0.650714643381896	483	7
55118	0	0.128621647380861	0	9	0.865558391226237	0.650714643381896	483	7
55119	0	0.353300600455144	0	9	0.865558391226237	0.650714643381896	483	7
55120	4	0.108185619621634	0	9	0.865558391226237	0.650714643381896	483	7
55124	0	0.461357324563255	0	9	0.865558391226237	0.650714643381896	483	7
55125	0	0.0337183796426776	0	9	0.865558391226237	0.650714643381896	483	7
55127	3	0.339962470546969	0	9	0.865558391226237	0.650714643381896	483	7
55128	4	0.242383150283231	0	9	0.865558391226237	0.650714643381896	483	7
55129	2	0.347920980877078	0	9	0.865558391226237	0.650714643381896	483	7
55131	0	0.329412124121555	0	9	0.865558391226237	0.650714643381896	483	7
55133	5	0.686465898907732	1	9	0.865558391226237	0.650714643381896	483	7
55135	5	0.61650312063743	1	9	0.865558391226237	0.650714643381896	483	7
55138	1	0.650259799003964	0	9	0.865558391226237	0.650714643381896	483	7
55139	2	0.554500677816675	0	9	0.865558391226237	0.650714643381896	483	7
55140	0	0.365279135770252	0	9	0.865558391226237	0.650714643381896	483	7
55142	0	0.476023276006578	0	9	0.865558391226237	0.650714643381896	483	7
55143	0	0.102153821756842	0	9	0.865558391226237	0.650714643381896	483	7
55144	0	0.438191943295475	0	9	0.865558391226237	0.650714643381896	483	7
55145	0	0.126481099834792	0	9	0.865558391226237	0.650714643381896	483	7
55146	2	0.339547031083282	0	9	0.865558391226237	0.650714643381896	483	7
55147	2	0.23448006473592	0	9	0.865558391226237	0.650714643381896	483	7
55148	3	0.453121126169496	0	9	0.865558391226237	0.650714643381896	483	7
55151	0	0.143226744301361	0	9	0.865558391226237	0.650714643381896	483	7
55152	0	0.368783983660495	0	9	0.865558391226237	0.650714643381896	483	7
55153	0	0.519266077546037	0	9	0.865558391226237	0.650714643381896	483	7
55156	3	0.477953900227025	0	9	0.865558391226237	0.650714643381896	483	7
55157	1	0.46054826945621	0	9	0.865558391226237	0.650714643381896	483	7
55159	3	0.579916622364651	0	9	0.865558391226237	0.650714643381896	483	7
55160	2	0.266932963595469	0	9	0.865558391226237	0.650714643381896	483	7
55161	3	0.265532999811734	0	9	0.865558391226237	0.650714643381896	483	7
55163	6	0.352866737623669	0	9	0.865558391226237	0.650714643381896	483	7
55164	4	0.431678672106842	0	9	0.865558391226237	0.650714643381896	483	7
55167	3	0.587277948763835	0	9	0.865558391226237	0.650714643381896	483	7
55168	2	0.188003438919322	0	9	0.865558391226237	0.650714643381896	483	7
55171	5	0.623442891849398	1	9	0.865558391226237	0.650714643381896	483	7
55172	0	0.163044656617652	0	9	0.865558391226237	0.650714643381896	483	7
55175	1	0.504414857701731	0	9	0.865558391226237	0.650714643381896	483	7
55176	1	0.442156219501565	0	9	0.865558391226237	0.650714643381896	483	7
55177	3	0.305852214261061	0	9	0.865558391226237	0.650714643381896	483	7
55178	3	0.694945537098737	0	9	0.865558391226237	0.650714643381896	483	7
55179	0	0.495907086483911	0	9	0.865558391226237	0.650714643381896	483	7
55180	0	0.258039660810461	0	9	0.865558391226237	0.650714643381896	483	7
55181	0	0.264153937859865	0	9	0.865558391226237	0.650714643381896	483	7
55182	4	0.115932209056376	0	9	0.865558391226237	0.650714643381896	483	7
55183	0	0.563282185217673	0	9	0.865558391226237	0.650714643381896	483	7
55184	4	0.198112343795553	0	9	0.865558391226237	0.650714643381896	483	7
55186	3	0.332357085142451	0	9	0.865558391226237	0.650714643381896	483	7
55187	0	0.183095939074821	0	9	0.865558391226237	0.650714643381896	483	7
55188	4	0.300497444201735	0	9	0.865558391226237	0.650714643381896	483	7
55191	2	0.339162488992185	0	9	0.865558391226237	0.650714643381896	483	7
55192	0	0.342771470560066	0	9	0.865558391226237	0.650714643381896	483	7
55193	0	0.226364822570375	0	9	0.865558391226237	0.650714643381896	483	7
55194	2	0.291150313209281	0	9	0.865558391226237	0.650714643381896	483	7
55195	6	0.0860475264464901	0	9	0.865558391226237	0.650714643381896	483	7
55196	0	0.537897891770088	0	9	0.865558391226237	0.650714643381896	483	7
55197	3	0.125405050372023	0	9	0.865558391226237	0.650714643381896	483	7
55198	0	0.303052535371299	0	9	0.865558391226237	0.650714643381896	483	7
55200	1	0.562421217652034	0	9	0.865558391226237	0.650714643381896	483	7
55201	2	0.439126183304757	0	9	0.865558391226237	0.650714643381896	483	7
55203	1	0.47166746339932	0	9	0.865558391226237	0.650714643381896	483	7
55204	3	0.49505679751733	0	9	0.865558391226237	0.650714643381896	483	7
55206	0	0.267579977456564	0	9	0.865558391226237	0.650714643381896	483	7
55207	4	0.1074797512096	0	9	0.865558391226237	0.650714643381896	483	7
55208	0	-0.13694474077272	0	9	0.865558391226237	0.650714643381896	483	7
55209	2	0.31501857880848	0	9	0.865558391226237	0.650714643381896	483	7
55212	0	-0.0576729898134938	0	9	0.865558391226237	0.650714643381896	483	7
55213	2	0.226906498311663	0	9	0.865558391226237	0.650714643381896	483	7
55214	4	0.152032787960855	0	9	0.865558391226237	0.650714643381896	483	7
55215	0	0.582138299695375	0	9	0.865558391226237	0.650714643381896	483	7
55216	0	0.537789968224974	0	9	0.865558391226237	0.650714643381896	483	7
55218	0	0.247211578446081	0	9	0.865558391226237	0.650714643381896	483	7
55219	3	0.486674246827833	0	9	0.865558391226237	0.650714643381896	483	7
55220	1	0.614027987753712	0	9	0.865558391226237	0.650714643381896	483	7
55222	0	0.353612802706961	0	9	0.865558391226237	0.650714643381896	483	7
55223	1	0.436833521397352	0	9	0.865558391226237	0.650714643381896	483	7
55224	6	0.250762755805994	0	9	0.865558391226237	0.650714643381896	483	7
55226	0	0.350922836610123	0	9	0.865558391226237	0.650714643381896	483	7
55227	0	0.425444766299078	0	9	0.865558391226237	0.650714643381896	483	7
55228	0	0.188295273014839	0	9	0.865558391226237	0.650714643381896	483	7
55229	2	0.281437225100812	0	9	0.865558391226237	0.650714643381896	483	7
55231	1	0.339518871230052	0	9	0.865558391226237	0.650714643381896	483	7
55233	0	0.161633224008162	0	9	0.865558391226237	0.650714643381896	483	7
55234	0	0.20587139732212	0	9	0.865558391226237	0.650714643381896	483	7
55236	0	0.214201668667742	0	9	0.865558391226237	0.650714643381896	483	7
55238	2	0.413657774465643	0	9	0.865558391226237	0.650714643381896	483	7
55239	3	0.259262101370597	0	9	0.865558391226237	0.650714643381896	483	7
55240	4	0.141357541814666	0	9	0.865558391226237	0.650714643381896	483	7
55243	4	0.317106810213806	0	9	0.865558391226237	0.650714643381896	483	7
55244	6	-0.0278097106116977	0	9	0.865558391226237	0.650714643381896	483	7
55245	0	0.189012252600983	0	9	0.865558391226237	0.650714643381896	483	7
55246	4	0.271606173814737	0	9	0.865558391226237	0.650714643381896	483	7
55249	0	0.163423544143251	0	9	0.865558391226237	0.650714643381896	483	7
55251	0	-0.127767989451807	0	9	0.865558391226237	0.650714643381896	483	7
55252	0	0.293498328944655	0	9	0.865558391226237	0.650714643381896	483	7
55253	3	0.435290757332448	0	9	0.865558391226237	0.650714643381896	483	7
55254	4	0.298351296323698	0	9	0.865558391226237	0.650714643381896	483	7
55255	0	0.165412116774015	0	9	0.865558391226237	0.650714643381896	483	7
55256	6	-0.0426269135517399	0	9	0.865558391226237	0.650714643381896	483	7
55257	0	0.416273692436613	0	9	0.865558391226237	0.650714643381896	483	7
55258	0	0.294154054403199	0	9	0.865558391226237	0.650714643381896	483	7
55259	3	0.362747385397477	0	9	0.865558391226237	0.650714643381896	483	7
55268	6	-0.0808777536495714	0	9	0.865558391226237	0.650714643381896	483	7
55269	0	0.0936917054437326	0	9	0.865558391226237	0.650714643381896	483	7
55270	0	-0.0912956855277764	0	9	0.865558391226237	0.650714643381896	483	7
55272	3	0.645113294856393	0	9	0.865558391226237	0.650714643381896	483	7
55274	0	-0.039863351637817	0	9	0.865558391226237	0.650714643381896	483	7
55275	1	0.515151009385733	0	9	0.865558391226237	0.650714643381896	483	7
55277	2	0.366477164243141	0	9	0.865558391226237	0.650714643381896	483	7
55278	0	0.295850018558812	0	9	0.865558391226237	0.650714643381896	483	7
55279	3	0.551845207383454	0	9	0.865558391226237	0.650714643381896	483	7
55280	1	0.486600505848407	0	9	0.865558391226237	0.650714643381896	483	7
55281	2	0.325849751070594	0	9	0.865558391226237	0.650714643381896	483	7
55282	1	0.357113651364604	0	9	0.865558391226237	0.650714643381896	483	7
55283	5	0.562295568451294	1	9	0.865558391226237	0.650714643381896	483	7
55284	0	0.0329964461023841	0	9	0.865558391226237	0.650714643381896	483	7
55285	0	0.0331011539012957	0	9	0.865558391226237	0.650714643381896	483	7
55286	0	0.471985308153012	0	9	0.865558391226237	0.650714643381896	483	7
55288	0	0.0641944443413097	0	9	0.865558391226237	0.650714643381896	483	7
55290	0	0.409959754143942	0	9	0.865558391226237	0.650714643381896	483	7
55291	0	0.552116709099796	0	9	0.865558391226237	0.650714643381896	483	7
55293	0	0.357870121061836	0	9	0.865558391226237	0.650714643381896	483	7
55294	0	0.175090891118501	0	9	0.865558391226237	0.650714643381896	483	7
55295	4	0.35270890355632	0	9	0.865558391226237	0.650714643381896	483	7
55296	0	0.0760661044284352	0	9	0.865558391226237	0.650714643381896	483	7
55297	4	-0.0455615513297588	0	9	0.865558391226237	0.650714643381896	483	7
55298	0	0.442451345033727	0	9	0.865558391226237	0.650714643381896	483	7
55299	4	0.11845086134516	0	9	0.865558391226237	0.650714643381896	483	7
55303	4	0.33509396746729	0	9	0.865558391226237	0.650714643381896	483	7
55308	0	0.394276147202863	0	9	0.865558391226237	0.650714643381896	483	7
55311	1	0.505997971640391	0	9	0.865558391226237	0.650714643381896	483	7
55312	1	0.455503059413136	0	9	0.865558391226237	0.650714643381896	483	7
55313	3	0.577873208407932	0	9	0.865558391226237	0.650714643381896	483	7
55314	0	0.251860990100487	0	9	0.865558391226237	0.650714643381896	483	7
55315	1	0.435300854456356	0	9	0.865558391226237	0.650714643381896	483	7
55316	3	0.353170246478632	0	9	0.865558391226237	0.650714643381896	483	7
55317	2	0.383410614085728	0	9	0.865558391226237	0.650714643381896	483	7
55319	0	0.0667022143265655	0	9	0.865558391226237	0.650714643381896	483	7
55320	0	0.528376827322459	0	9	0.865558391226237	0.650714643381896	483	7
55321	1	0.545849079111707	0	9	0.865558391226237	0.650714643381896	483	7
55322	3	0.420522600923411	0	9	0.865558391226237	0.650714643381896	483	7
55323	0	0.342612403058977	0	9	0.865558391226237	0.650714643381896	483	7
55324	3	0.444189095331109	0	9	0.865558391226237	0.650714643381896	483	7
55325	3	0.152738642311506	0	9	0.865558391226237	0.650714643381896	483	7
55326	0	0.143761271333865	0	9	0.865558391226237	0.650714643381896	483	7
55327	0	-0.00721277364645125	0	9	0.865558391226237	0.650714643381896	483	7
55328	0	0.193767364048464	0	9	0.865558391226237	0.650714643381896	483	7
55329	0	0.468160929555814	0	9	0.865558391226237	0.650714643381896	483	7
55332	0	0.424371224114682	0	9	0.865558391226237	0.650714643381896	483	7
55334	1	0.492018404517696	0	9	0.865558391226237	0.650714643381896	483	7
55335	4	0.253295848521785	0	9	0.865558391226237	0.650714643381896	483	7
55336	1	0.691875051213375	0	9	0.865558391226237	0.650714643381896	483	7
55337	4	0.329327022059426	0	9	0.865558391226237	0.650714643381896	483	7
55341	3	0.432153769808381	0	9	0.865558391226237	0.650714643381896	483	7
55343	1	0.471711847008916	0	9	0.865558391226237	0.650714643381896	483	7
55346	0	0.14867662343889	0	9	0.865558391226237	0.650714643381896	483	7
55347	0	-0.0514624959288349	0	9	0.865558391226237	0.650714643381896	483	7
55350	1	0.230715661899896	0	9	0.865558391226237	0.650714643381896	483	7
55351	5	0.593773311619124	1	9	0.865558391226237	0.650714643381896	483	7
55353	3	0.598163492237237	0	9	0.865558391226237	0.650714643381896	483	7
55355	1	0.610596666075777	0	9	0.865558391226237	0.650714643381896	483	7
55357	1	0.569341652953795	0	9	0.865558391226237	0.650714643381896	483	7
55361	1	0.458784310758196	0	9	0.865558391226237	0.650714643381896	483	7
55364	4	0.0864483898606619	0	9	0.865558391226237	0.650714643381896	483	7
55365	6	-0.10357537854118	0	9	0.865558391226237	0.650714643381896	483	7
55366	4	0.0776964824418032	0	9	0.865558391226237	0.650714643381896	483	7
55367	0	0.292437255993311	0	9	0.865558391226237	0.650714643381896	483	7
55374	4	0.311834029394209	0	9	0.865558391226237	0.650714643381896	483	7
55379	0	0.344414362574022	0	9	0.865558391226237	0.650714643381896	483	7
55421	4	0.381728952927269	0	9	0.865558391226237	0.650714643381896	483	7
55422	4	0.351661997751966	0	9	0.865558391226237	0.650714643381896	483	7
55423	0	0.419222329237862	0	9	0.865558391226237	0.650714643381896	483	7
55432	1	0.421387326712834	0	9	0.865558391226237	0.650714643381896	483	7
55435	0	0.414560161981239	0	9	0.865558391226237	0.650714643381896	483	7
55450	2	0.491287523669109	0	9	0.865558391226237	0.650714643381896	483	7
55454	4	0.468093035935295	0	9	0.865558391226237	0.650714643381896	483	7
55471	3	0.583046978975843	0	9	0.865558391226237	0.650714643381896	483	7
55486	0	0.412615505017311	0	9	0.865558391226237	0.650714643381896	483	7
55500	3	0.525988550475776	0	9	0.865558391226237	0.650714643381896	483	7
55501	2	0.412297474338215	0	9	0.865558391226237	0.650714643381896	483	7
55503	1	0.5625805599193	0	9	0.865558391226237	0.650714643381896	483	7
55505	2	0.577341575847705	0	9	0.865558391226237	0.650714643381896	483	7
55506	1	0.653909227316246	0	9	0.865558391226237	0.650714643381896	483	7
55508	1	0.529369725003582	0	9	0.865558391226237	0.650714643381896	483	7
55509	1	0.590839825225394	0	9	0.865558391226237	0.650714643381896	483	7
55510	0	0.297853275868854	0	9	0.865558391226237	0.650714643381896	483	7
55512	1	0.515538343332976	0	9	0.865558391226237	0.650714643381896	483	7
55520	3	0.329881031333161	0	9	0.865558391226237	0.650714643381896	483	7
55526	2	0.177981055863875	0	9	0.865558391226237	0.650714643381896	483	7
55540	6	0.136549390283422	0	9	0.865558391226237	0.650714643381896	483	7
55544	2	0.52998593671884	0	9	0.865558391226237	0.650714643381896	483	7
55556	6	0.0345166745478163	0	9	0.865558391226237	0.650714643381896	483	7
55558	0	-0.058999806340077	0	9	0.865558391226237	0.650714643381896	483	7
55565	0	0.190935435628899	0	9	0.865558391226237	0.650714643381896	483	7
55567	1	0.424818671855656	0	9	0.865558391226237	0.650714643381896	483	7
55568	4	0.301568096639566	0	9	0.865558391226237	0.650714643381896	483	7
55573	0	0.285559348998256	0	9	0.865558391226237	0.650714643381896	483	7
55576	0	0.124537729933921	0	9	0.865558391226237	0.650714643381896	483	7
55577	2	0.656703728182101	0	9	0.865558391226237	0.650714643381896	483	7
55578	0	0.512064991759081	0	9	0.865558391226237	0.650714643381896	483	7
55585	0	-0.0677881180695519	0	9	0.865558391226237	0.650714643381896	483	7
55589	0	0.543166247752377	0	9	0.865558391226237	0.650714643381896	483	7
55596	1	0.556517486221508	0	9	0.865558391226237	0.650714643381896	483	7
55601	4	0.213842050307141	0	9	0.865558391226237	0.650714643381896	483	7
55602	3	0.436989262469647	0	9	0.865558391226237	0.650714643381896	483	7
55603	0	0.237856822901136	0	9	0.865558391226237	0.650714643381896	483	7
55604	0	0.530673558129502	0	9	0.865558391226237	0.650714643381896	483	7
55607	0	0.37865726152789	0	9	0.865558391226237	0.650714643381896	483	7
55608	3	0.553760174527712	0	9	0.865558391226237	0.650714643381896	483	7
55612	0	0.115527496298269	0	9	0.865558391226237	0.650714643381896	483	7
55614	4	0.219198294514447	0	9	0.865558391226237	0.650714643381896	483	7
55616	2	0.370540161500614	0	9	0.865558391226237	0.650714643381896	483	7
55617	4	0.146235924718069	0	9	0.865558391226237	0.650714643381896	483	7
55619	5	0.74541195738771	1	9	0.865558391226237	0.650714643381896	483	7
55620	0	0.260268599603191	0	9	0.865558391226237	0.650714643381896	483	7
55621	1	0.531144561325091	0	9	0.865558391226237	0.650714643381896	483	7
55622	4	0.265723958351633	0	9	0.865558391226237	0.650714643381896	483	7
55623	0	0.498667763748537	0	9	0.865558391226237	0.650714643381896	483	7
55624	2	0.23261212812934	0	9	0.865558391226237	0.650714643381896	483	7
55625	0	0.461687397321916	0	9	0.865558391226237	0.650714643381896	483	7
55626	1	0.39901967141809	0	9	0.865558391226237	0.650714643381896	483	7
55628	1	0.589951150702343	0	9	0.865558391226237	0.650714643381896	483	7
55630	2	0.274506556653933	0	9	0.865558391226237	0.650714643381896	483	7
55631	1	0.48460504010772	0	9	0.865558391226237	0.650714643381896	483	7
55633	0	0.189128254237709	0	9	0.865558391226237	0.650714643381896	483	7
55634	4	0.286473921858342	0	9	0.865558391226237	0.650714643381896	483	7
55636	4	0.146978810071778	0	9	0.865558391226237	0.650714643381896	483	7
55638	4	0.0908578271082755	0	9	0.865558391226237	0.650714643381896	483	7
55640	0	0.444758461407563	0	9	0.865558391226237	0.650714643381896	483	7
55643	2	0.369559941098339	0	9	0.865558391226237	0.650714643381896	483	7
55644	2	0.505152965869571	0	9	0.865558391226237	0.650714643381896	483	7
55647	0	0.461754403137539	0	9	0.865558391226237	0.650714643381896	483	7
55650	4	0.1905112537316	0	9	0.865558391226237	0.650714643381896	483	7
55651	2	0.594501016688161	0	9	0.865558391226237	0.650714643381896	483	7
55652	2	0.345367868746293	0	9	0.865558391226237	0.650714643381896	483	7
55653	1	0.662648775433657	0	9	0.865558391226237	0.650714643381896	483	7
55654	1	0.433839917265752	0	9	0.865558391226237	0.650714643381896	483	7
55655	0	0.250864126780428	0	9	0.865558391226237	0.650714643381896	483	7
55656	1	0.579879301192251	0	9	0.865558391226237	0.650714643381896	483	7
55657	0	0.415047125713532	0	9	0.865558391226237	0.650714643381896	483	7
55658	0	0.106286950001782	0	9	0.865558391226237	0.650714643381896	483	7
55660	1	0.504350185506332	0	9	0.865558391226237	0.650714643381896	483	7
55661	1	0.445652543500551	0	9	0.865558391226237	0.650714643381896	483	7
55662	1	0.532330361481119	0	9	0.865558391226237	0.650714643381896	483	7
55663	1	0.355431129733889	0	9	0.865558391226237	0.650714643381896	483	7
55664	0	0.426039028872599	0	9	0.865558391226237	0.650714643381896	483	7
55665	0	0.308280666667191	0	9	0.865558391226237	0.650714643381896	483	7
55666	2	0.539826300502792	0	9	0.865558391226237	0.650714643381896	483	7
55667	0	0.132973156869481	0	9	0.865558391226237	0.650714643381896	483	7
55668	1	0.523189998954152	0	9	0.865558391226237	0.650714643381896	483	7
55669	3	0.485190113907392	0	9	0.865558391226237	0.650714643381896	483	7
55670	4	0.352858887888538	0	9	0.865558391226237	0.650714643381896	483	7
55671	0	0.535283623423477	0	9	0.865558391226237	0.650714643381896	483	7
55679	4	0.13118408807766	0	9	0.865558391226237	0.650714643381896	483	7
55681	3	0.561863649564265	0	9	0.865558391226237	0.650714643381896	483	7
55683	0	0.110019127753889	0	9	0.865558391226237	0.650714643381896	483	7
55684	0	0.476198482347456	0	9	0.865558391226237	0.650714643381896	483	7
55686	0	0.52605528439515	0	9	0.865558391226237	0.650714643381896	483	7
55687	0	0.143782165845335	0	9	0.865558391226237	0.650714643381896	483	7
55689	4	0.376268746422507	0	9	0.865558391226237	0.650714643381896	483	7
55690	0	0.549502996054985	0	9	0.865558391226237	0.650714643381896	483	7
55691	0	0.534576881673804	0	9	0.865558391226237	0.650714643381896	483	7
55692	2	0.441652287627517	0	9	0.865558391226237	0.650714643381896	483	7
55693	0	0.059411998557611	0	9	0.865558391226237	0.650714643381896	483	7
55695	0	0.522483711498636	0	9	0.865558391226237	0.650714643381896	483	7
55696	0	0.0760590341575359	0	9	0.865558391226237	0.650714643381896	483	7
55697	0	0.373019458025408	0	9	0.865558391226237	0.650714643381896	483	7
55699	3	0.353393799865001	0	9	0.865558391226237	0.650714643381896	483	7
55700	0	0.25761013802166	0	9	0.865558391226237	0.650714643381896	483	7
55701	4	0.132314762055952	0	9	0.865558391226237	0.650714643381896	483	7
55702	2	0.398037506358769	0	9	0.865558391226237	0.650714643381896	483	7
55703	1	0.362434148424731	0	9	0.865558391226237	0.650714643381896	483	7
55704	4	0.53259859197613	0	9	0.865558391226237	0.650714643381896	483	7
55705	0	0.129744983468081	0	9	0.865558391226237	0.650714643381896	483	7
55706	0	0.0731452009434817	0	9	0.865558391226237	0.650714643381896	483	7
55707	0	0.520000590933146	0	9	0.865558391226237	0.650714643381896	483	7
55709	0	0.0360989430436962	0	9	0.865558391226237	0.650714643381896	483	7
55711	0	0.398440058243483	0	9	0.865558391226237	0.650714643381896	483	7
55713	0	0.272629970897873	0	9	0.865558391226237	0.650714643381896	483	7
55714	4	0.218665404281405	0	9	0.865558391226237	0.650714643381896	483	7
55715	0	0.26089970465009	0	9	0.865558391226237	0.650714643381896	483	7
55716	0	0.30799681495828	0	9	0.865558391226237	0.650714643381896	483	7
55717	3	0.361148695665828	0	9	0.865558391226237	0.650714643381896	483	7
55719	0	0.440237256528288	0	9	0.865558391226237	0.650714643381896	483	7
55720	0	0.18324470592037	0	9	0.865558391226237	0.650714643381896	483	7
55721	1	0.589086597568878	0	9	0.865558391226237	0.650714643381896	483	7
55722	0	0.33250537786543	0	9	0.865558391226237	0.650714643381896	483	7
55723	1	0.749123955207297	0	9	0.865558391226237	0.650714643381896	483	7
55726	0	0.282348745020589	0	9	0.865558391226237	0.650714643381896	483	7
55727	0	0.197457791196381	0	9	0.865558391226237	0.650714643381896	483	7
55729	0	0.367149331149608	0	9	0.865558391226237	0.650714643381896	483	7
55731	0	0.614789349925591	0	9	0.865558391226237	0.650714643381896	483	7
55732	0	0.396057780558471	0	9	0.865558391226237	0.650714643381896	483	7
55733	0	0.512121890682215	0	9	0.865558391226237	0.650714643381896	483	7
55734	0	0.205088043341154	0	9	0.865558391226237	0.650714643381896	483	7
55735	2	0.365179778594943	0	9	0.865558391226237	0.650714643381896	483	7
55737	3	0.389951736662439	0	9	0.865558391226237	0.650714643381896	483	7
55738	0	0.427094223285201	0	9	0.865558391226237	0.650714643381896	483	7
55739	3	0.279218095805411	0	9	0.865558391226237	0.650714643381896	483	7
55740	5	0.658434963932461	1	9	0.865558391226237	0.650714643381896	483	7
55741	0	0.343546457808515	0	9	0.865558391226237	0.650714643381896	483	7
55742	0	0.41001236892277	0	9	0.865558391226237	0.650714643381896	483	7
55743	0	0.226369942559185	0	9	0.865558391226237	0.650714643381896	483	7
55744	0	0.424412516053032	0	9	0.865558391226237	0.650714643381896	483	7
55745	0	0.165762960809579	0	9	0.865558391226237	0.650714643381896	483	7
55746	4	0.150117711202047	0	9	0.865558391226237	0.650714643381896	483	7
55748	6	0.0983920327619416	0	9	0.865558391226237	0.650714643381896	483	7
55750	0	0.430913296852327	0	9	0.865558391226237	0.650714643381896	483	7
55751	0	-0.0408262617693897	0	9	0.865558391226237	0.650714643381896	483	7
55752	0	0.11470648443214	0	9	0.865558391226237	0.650714643381896	483	7
55753	6	0.236373552265128	0	9	0.865558391226237	0.650714643381896	483	7
55754	3	-0.0190655056776926	0	9	0.865558391226237	0.650714643381896	483	7
55755	4	0.33332358442789	0	9	0.865558391226237	0.650714643381896	483	7
55756	0	0.464030661978404	0	9	0.865558391226237	0.650714643381896	483	7
55757	0	-0.0392838695678473	0	9	0.865558391226237	0.650714643381896	483	7
55758	0	0.215307689058566	0	9	0.865558391226237	0.650714643381896	483	7
55759	3	0.53027546390173	0	9	0.865558391226237	0.650714643381896	483	7
55760	0	0.217652993173868	0	9	0.865558391226237	0.650714643381896	483	7
55761	0	0.227564314083889	0	9	0.865558391226237	0.650714643381896	483	7
55762	0	0.484499973636836	0	9	0.865558391226237	0.650714643381896	483	7
55763	0	-0.076935662808905	0	9	0.865558391226237	0.650714643381896	483	7
55764	1	0.452942347380294	0	9	0.865558391226237	0.650714643381896	483	7
55768	0	0.442999630781583	0	9	0.865558391226237	0.650714643381896	483	7
55769	0	0.0168590623031215	0	9	0.865558391226237	0.650714643381896	483	7
55770	4	0.298404933483327	0	9	0.865558391226237	0.650714643381896	483	7
55775	0	0.504818989463485	0	9	0.865558391226237	0.650714643381896	483	7
55776	0	0.455246647554318	0	9	0.865558391226237	0.650714643381896	483	7
55778	0	0.135197687780094	0	9	0.865558391226237	0.650714643381896	483	7
55779	0	0.450638185015745	0	9	0.865558391226237	0.650714643381896	483	7
55781	4	0.291024191074812	0	9	0.865558391226237	0.650714643381896	483	7
55784	0	0.263560036975836	0	9	0.865558391226237	0.650714643381896	483	7
55785	0	0.671729887741571	0	9	0.865558391226237	0.650714643381896	483	7
55786	4	0.090258113324255	0	9	0.865558391226237	0.650714643381896	483	7
55787	0	0.405784350588702	0	9	0.865558391226237	0.650714643381896	483	7
55788	3	0.0146528175681038	0	9	0.865558391226237	0.650714643381896	483	7
55790	0	0.581748636280862	0	9	0.865558391226237	0.650714643381896	483	7
55791	3	0.276877143800506	0	9	0.865558391226237	0.650714643381896	483	7
55794	2	0.480055010750292	0	9	0.865558391226237	0.650714643381896	483	7
55795	0	0.519197676183586	0	9	0.865558391226237	0.650714643381896	483	7
55796	0	0.311973506893235	0	9	0.865558391226237	0.650714643381896	483	7
55799	5	0.763368677800961	1	9	0.865558391226237	0.650714643381896	483	7
55800	1	0.543628656111152	0	9	0.865558391226237	0.650714643381896	483	7
55802	0	0.339689667659694	0	9	0.865558391226237	0.650714643381896	483	7
55803	5	0.707709207238561	1	9	0.865558391226237	0.650714643381896	483	7
55805	0	0.253509926744614	0	9	0.865558391226237	0.650714643381896	483	7
55806	1	0.74244207560147	0	9	0.865558391226237	0.650714643381896	483	7
55810	0	0.226160725898985	0	9	0.865558391226237	0.650714643381896	483	7
55811	1	0.559192298040021	0	9	0.865558391226237	0.650714643381896	483	7
55812	0	-0.150504405114289	0	9	0.865558391226237	0.650714643381896	483	7
55813	3	0.380496491236149	0	9	0.865558391226237	0.650714643381896	483	7
55815	1	0.523184740375067	0	9	0.865558391226237	0.650714643381896	483	7
55816	0	0.449242777254247	0	9	0.865558391226237	0.650714643381896	483	7
55818	0	0.126540860881275	0	9	0.865558391226237	0.650714643381896	483	7
55819	1	0.494830540975288	0	9	0.865558391226237	0.650714643381896	483	7
55821	1	0.461953331817194	0	9	0.865558391226237	0.650714643381896	483	7
55823	2	0.420679501675854	0	9	0.865558391226237	0.650714643381896	483	7
55825	2	0.324659828511857	0	9	0.865558391226237	0.650714643381896	483	7
55827	0	0.170452831162687	0	9	0.865558391226237	0.650714643381896	483	7
55830	0	0.0381690466252942	0	9	0.865558391226237	0.650714643381896	483	7
55831	0	0.341386617247124	0	9	0.865558391226237	0.650714643381896	483	7
55832	3	0.308727624115734	0	9	0.865558391226237	0.650714643381896	483	7
55833	4	0.264946988378771	0	9	0.865558391226237	0.650714643381896	483	7
55835	0	0.0631266968729914	0	9	0.865558391226237	0.650714643381896	483	7
55837	3	0.429734530653279	0	9	0.865558391226237	0.650714643381896	483	7
55839	0	0.400702036792746	0	9	0.865558391226237	0.650714643381896	483	7
55840	6	0.168999107128926	0	9	0.865558391226237	0.650714643381896	483	7
55841	0	-0.371730673771614	0	9	0.865558391226237	0.650714643381896	483	7
55844	2	0.50416098212532	0	9	0.865558391226237	0.650714643381896	483	7
55847	2	0.30985439516843	0	9	0.865558391226237	0.650714643381896	483	7
55848	3	0.576800451239836	0	9	0.865558391226237	0.650714643381896	483	7
55850	2	0.444846829983234	0	9	0.865558391226237	0.650714643381896	483	7
55851	2	0.308768552293336	0	9	0.865558391226237	0.650714643381896	483	7
55852	3	0.249927719607987	0	9	0.865558391226237	0.650714643381896	483	7
55854	0	0.183374268324949	0	9	0.865558391226237	0.650714643381896	483	7
55856	6	0.0164594245326316	0	9	0.865558391226237	0.650714643381896	483	7
55857	0	0.127324528305921	0	9	0.865558391226237	0.650714643381896	483	7
55858	3	0.53970986837444	0	9	0.865558391226237	0.650714643381896	483	7
55859	0	-0.0181106412240319	0	9	0.865558391226237	0.650714643381896	483	7
55860	3	0.00188313317826695	0	9	0.865558391226237	0.650714643381896	483	7
55862	6	0.110963716747743	0	9	0.865558391226237	0.650714643381896	483	7
55863	3	0.126905439997948	0	9	0.865558391226237	0.650714643381896	483	7
55867	6	0.0129630583985542	0	9	0.865558391226237	0.650714643381896	483	7
55876	1	0.424094415079635	0	9	0.865558391226237	0.650714643381896	483	7
55884	3	0.2801005906997	0	9	0.865558391226237	0.650714643381896	483	7
55885	1	0.214448441902768	0	9	0.865558391226237	0.650714643381896	483	7
55888	0	0.473742641192972	0	9	0.865558391226237	0.650714643381896	483	7
55890	2	0.413942705390726	0	9	0.865558391226237	0.650714643381896	483	7
55892	1	0.379426919241994	0	9	0.865558391226237	0.650714643381896	483	7
55893	3	0.336935043112109	0	9	0.865558391226237	0.650714643381896	483	7
55898	2	0.376850620242904	0	9	0.865558391226237	0.650714643381896	483	7
55900	4	0.248420328181163	0	9	0.865558391226237	0.650714643381896	483	7
55905	3	0.167134492873483	0	9	0.865558391226237	0.650714643381896	483	7
55906	0	0.129256024460741	0	9	0.865558391226237	0.650714643381896	483	7
55907	3	0.203623596137726	0	9	0.865558391226237	0.650714643381896	483	7
55908	0	0.38236803763819	0	9	0.865558391226237	0.650714643381896	483	7
55909	0	0.283634315944103	0	9	0.865558391226237	0.650714643381896	483	7
55911	1	0.554989146633793	0	9	0.865558391226237	0.650714643381896	483	7
55914	3	0.179111951333369	0	9	0.865558391226237	0.650714643381896	483	7
55915	0	0.237795951486746	0	9	0.865558391226237	0.650714643381896	483	7
55916	1	0.367216610901242	0	9	0.865558391226237	0.650714643381896	483	7
55922	0	0.486691784266864	0	9	0.865558391226237	0.650714643381896	483	7
55930	4	0.114800969773026	0	9	0.865558391226237	0.650714643381896	483	7
55954	2	0.435111767597011	0	9	0.865558391226237	0.650714643381896	483	7
55957	0	0.345062789416341	0	9	0.865558391226237	0.650714643381896	483	7
55958	4	0.269675703071992	0	9	0.865558391226237	0.650714643381896	483	7
55966	4	0.349335084828807	0	9	0.865558391226237	0.650714643381896	483	7
55968	2	0.212474432266106	0	9	0.865558391226237	0.650714643381896	483	7
55970	3	0.418861391082776	0	9	0.865558391226237	0.650714643381896	483	7
55972	0	0.370637547675544	0	9	0.865558391226237	0.650714643381896	483	7
55973	1	-0.202651580343783	0	9	0.865558391226237	0.650714643381896	483	7
55974	1	0.606810157454603	0	9	0.865558391226237	0.650714643381896	483	7
55975	0	0.373119940597384	0	9	0.865558391226237	0.650714643381896	483	7
56005	2	0.532018991641499	0	9	0.865558391226237	0.650714643381896	483	7
56006	0	0.386960184417657	0	9	0.865558391226237	0.650714643381896	483	7
56034	0	0.246775186469068	0	9	0.865558391226237	0.650714643381896	483	7
56061	0	0.589087785542726	0	9	0.865558391226237	0.650714643381896	483	7
56062	0	0.278541811822278	0	9	0.865558391226237	0.650714643381896	483	7
56155	1	0.490990282864626	0	9	0.865558391226237	0.650714643381896	483	7
56163	0	0.472132771202319	0	9	0.865558391226237	0.650714643381896	483	7
56165	0	0.232363791145474	0	9	0.865558391226237	0.650714643381896	483	7
56171	1	0.704447279259692	0	9	0.865558391226237	0.650714643381896	483	7
56172	4	0.0588358584727762	0	9	0.865558391226237	0.650714643381896	483	7
56180	0	0.0788931858410758	0	9	0.865558391226237	0.650714643381896	483	7
56242	0	0.476260254750433	0	9	0.865558391226237	0.650714643381896	483	7
56245	4	0.278427309921159	0	9	0.865558391226237	0.650714643381896	483	7
56252	1	0.262903031008178	0	9	0.865558391226237	0.650714643381896	483	7
56253	1	0.615193104233757	0	9	0.865558391226237	0.650714643381896	483	7
56255	0	0.128387123216407	0	9	0.865558391226237	0.650714643381896	483	7
56257	6	0.234157314295585	0	9	0.865558391226237	0.650714643381896	483	7
56259	2	0.42451484036152	0	9	0.865558391226237	0.650714643381896	483	7
56260	1	0.401364630922522	0	9	0.865558391226237	0.650714643381896	483	7
56270	3	0.276065358214936	0	9	0.865558391226237	0.650714643381896	483	7
56271	4	0.0835855080842885	0	9	0.865558391226237	0.650714643381896	483	7
56288	0	0.0760297708449195	0	9	0.865558391226237	0.650714643381896	483	7
56301	1	0.344804040798613	0	9	0.865558391226237	0.650714643381896	483	7
56302	1	0.419741140848526	0	9	0.865558391226237	0.650714643381896	483	7
56339	0	0.498831527976717	0	9	0.865558391226237	0.650714643381896	483	7
56413	1	0.327660063197618	0	9	0.865558391226237	0.650714643381896	483	7
56474	0	0.128876925576451	0	9	0.865558391226237	0.650714643381896	483	7
56475	1	0.365328626483174	0	9	0.865558391226237	0.650714643381896	483	7
56478	0	0.144775704005536	0	9	0.865558391226237	0.650714643381896	483	7
56521	3	0.252025938391683	0	9	0.865558391226237	0.650714643381896	483	7
56548	0	0.499509001823221	0	9	0.865558391226237	0.650714643381896	483	7
56603	4	0.256846657503597	0	9	0.865558391226237	0.650714643381896	483	7
56605	4	0.394812171955249	0	9	0.865558391226237	0.650714643381896	483	7
56606	6	-0.000277722668242421	0	9	0.865558391226237	0.650714643381896	483	7
56616	2	0.401975989793481	0	9	0.865558391226237	0.650714643381896	483	7
56623	0	0.162220178209186	0	9	0.865558391226237	0.650714643381896	483	7
56647	3	0.128119065965217	0	9	0.865558391226237	0.650714643381896	483	7
56648	0	0.193905763677579	0	9	0.865558391226237	0.650714643381896	483	7
56649	5	0.679920561911942	1	9	0.865558391226237	0.650714643381896	483	7
56650	0	0.150844581545319	0	9	0.865558391226237	0.650714643381896	483	7
56652	5	0.678049164879936	1	9	0.865558391226237	0.650714643381896	483	7
56654	4	0.496262103192857	0	9	0.865558391226237	0.650714643381896	483	7
56659	1	0.613620124250519	0	9	0.865558391226237	0.650714643381896	483	7
56667	0	-0.14256946750835	0	9	0.865558391226237	0.650714643381896	483	7
56672	0	0.254296447691625	0	9	0.865558391226237	0.650714643381896	483	7
56673	1	0.292466908519302	0	9	0.865558391226237	0.650714643381896	483	7
56674	0	0.103830433454965	0	9	0.865558391226237	0.650714643381896	483	7
56675	0	0.471113259766497	0	9	0.865558391226237	0.650714643381896	483	7
56681	5	0.679695002621019	1	9	0.865558391226237	0.650714643381896	483	7
56683	3	0.289855831744549	0	9	0.865558391226237	0.650714643381896	483	7
56729	1	0.36690225876897	0	9	0.865558391226237	0.650714643381896	483	7
56731	2	0.0669338437387838	0	9	0.865558391226237	0.650714643381896	483	7
56829	5	0.64722991150462	1	9	0.865558391226237	0.650714643381896	483	7
56833	1	0.631252464806816	0	9	0.865558391226237	0.650714643381896	483	7
56834	1	0.470344583808906	0	9	0.865558391226237	0.650714643381896	483	7
56848	2	0.166735718950085	0	9	0.865558391226237	0.650714643381896	483	7
56851	3	0.26591108837444	0	9	0.865558391226237	0.650714643381896	483	7
56882	0	0.521459547223767	0	9	0.865558391226237	0.650714643381896	483	7
56886	0	0.56773240398438	0	9	0.865558391226237	0.650714643381896	483	7
56888	4	0.449029152204173	0	9	0.865558391226237	0.650714643381896	483	7
56889	4	0.259135896374603	0	9	0.865558391226237	0.650714643381896	483	7
56890	4	0.131989797902672	0	9	0.865558391226237	0.650714643381896	483	7
56892	0	0.323874030674925	0	9	0.865558391226237	0.650714643381896	483	7
56894	0	0.285697496055007	0	9	0.865558391226237	0.650714643381896	483	7
56895	1	0.561216171379307	0	9	0.865558391226237	0.650714643381896	483	7
56898	6	0.0992681306806493	0	9	0.865558391226237	0.650714643381896	483	7
56899	1	0.478544600385343	0	9	0.865558391226237	0.650714643381896	483	7
56901	1	0.423283640886507	0	9	0.865558391226237	0.650714643381896	483	7
56902	0	0.47139932112788	0	9	0.865558391226237	0.650714643381896	483	7
56904	0	0.15309830070517	0	9	0.865558391226237	0.650714643381896	483	7
56905	0	0.669478626364137	0	9	0.865558391226237	0.650714643381896	483	7
56906	4	0.198617566191227	0	9	0.865558391226237	0.650714643381896	483	7
56910	0	0.0914388533975538	0	9	0.865558391226237	0.650714643381896	483	7
56911	0	0.209603265802596	0	9	0.865558391226237	0.650714643381896	483	7
56912	2	0.343505642096187	0	9	0.865558391226237	0.650714643381896	483	7
56913	3	0.462104312508825	0	9	0.865558391226237	0.650714643381896	483	7
56915	2	0.404612753330953	0	9	0.865558391226237	0.650714643381896	483	7
56920	4	0.0744502212470178	0	9	0.865558391226237	0.650714643381896	483	7
56922	6	-0.0091458073852343	0	9	0.865558391226237	0.650714643381896	483	7
56925	0	0.578138882017177	0	9	0.865558391226237	0.650714643381896	483	7
56926	1	0.540020142828083	0	9	0.865558391226237	0.650714643381896	483	7
56928	1	0.5033190938091	0	9	0.865558391226237	0.650714643381896	483	7
56929	3	0.344202533104937	0	9	0.865558391226237	0.650714643381896	483	7
56934	4	0.0759053963989405	0	9	0.865558391226237	0.650714643381896	483	7
56935	5	0.709796275250196	1	9	0.865558391226237	0.650714643381896	483	7
56937	4	0.216339133034927	0	9	0.865558391226237	0.650714643381896	483	7
56938	0	0.49011461973221	0	9	0.865558391226237	0.650714643381896	483	7
56941	0	-0.0222559474488106	0	9	0.865558391226237	0.650714643381896	483	7
56942	0	0.247448317924874	0	9	0.865558391226237	0.650714643381896	483	7
56943	0	0.042276896142739	0	9	0.865558391226237	0.650714643381896	483	7
56944	5	0.785272545389969	1	9	0.865558391226237	0.650714643381896	483	7
56945	3	0.182107615713782	0	9	0.865558391226237	0.650714643381896	483	7
56946	0	0.31739659547238	0	9	0.865558391226237	0.650714643381896	483	7
56947	4	0.108491910878667	0	9	0.865558391226237	0.650714643381896	483	7
56948	2	0.414507851962848	0	9	0.865558391226237	0.650714643381896	483	7
56949	0	0.259846100838062	0	9	0.865558391226237	0.650714643381896	483	7
56950	3	0.259001631437454	0	9	0.865558391226237	0.650714643381896	483	7
56951	3	0.240904631076188	0	9	0.865558391226237	0.650714643381896	483	7
56953	0	-0.00555866102240886	0	9	0.865558391226237	0.650714643381896	483	7
56954	2	0.316397490368806	0	9	0.865558391226237	0.650714643381896	483	7
56955	1	0.259537656300685	0	9	0.865558391226237	0.650714643381896	483	7
56957	1	0.361372965771915	0	9	0.865558391226237	0.650714643381896	483	7
56965	2	0.351345682051796	0	9	0.865558391226237	0.650714643381896	483	7
56967	4	0.180135297284346	0	9	0.865558391226237	0.650714643381896	483	7
56978	1	0.620935632209912	0	9	0.865558391226237	0.650714643381896	483	7
56980	0	0.377169424154328	0	9	0.865558391226237	0.650714643381896	483	7
56983	4	-0.00755830291817106	0	9	0.865558391226237	0.650714643381896	483	7
56984	4	0.357557544862872	0	9	0.865558391226237	0.650714643381896	483	7
56985	0	0.452887174359316	0	9	0.865558391226237	0.650714643381896	483	7
56986	0	0.323502764294581	0	9	0.865558391226237	0.650714643381896	483	7
56987	3	0.391731371491318	0	9	0.865558391226237	0.650714643381896	483	7
56993	1	0.549696143850783	0	9	0.865558391226237	0.650714643381896	483	7
56994	4	-0.0214733685806182	0	9	0.865558391226237	0.650714643381896	483	7
56995	4	0.322489171544091	0	9	0.865558391226237	0.650714643381896	483	7
56996	0	0.349475628469192	0	9	0.865558391226237	0.650714643381896	483	7
56997	2	0.38308480268223	0	9	0.865558391226237	0.650714643381896	483	7
56998	4	0.141385307108026	0	9	0.865558391226237	0.650714643381896	483	7
57001	3	0.155999874596446	0	9	0.865558391226237	0.650714643381896	483	7
57003	3	0.398670892672209	0	9	0.865558391226237	0.650714643381896	483	7
57007	0	0.242795371119459	0	9	0.865558391226237	0.650714643381896	483	7
57017	2	0.101612947064151	0	9	0.865558391226237	0.650714643381896	483	7
57018	3	0.233700259909337	0	9	0.865558391226237	0.650714643381896	483	7
57019	2	0.487373898523507	0	9	0.865558391226237	0.650714643381896	483	7
57020	2	0.138518705963737	0	9	0.865558391226237	0.650714643381896	483	7
57030	0	0.302671517406831	0	9	0.865558391226237	0.650714643381896	483	7
57035	2	0.398255823053331	0	9	0.865558391226237	0.650714643381896	483	7
57037	0	-0.114598955801276	0	9	0.865558391226237	0.650714643381896	483	7
57045	4	0.0850656035683408	0	9	0.865558391226237	0.650714643381896	483	7
57047	1	0.595508575357539	0	9	0.865558391226237	0.650714643381896	483	7
57050	0	0.110203975622481	0	9	0.865558391226237	0.650714643381896	483	7
57053	0	0.306372589283905	0	9	0.865558391226237	0.650714643381896	483	7
57060	1	0.346502686785514	0	9	0.865558391226237	0.650714643381896	483	7
57062	0	-0.0598448075357878	0	9	0.865558391226237	0.650714643381896	483	7
57088	0	0.116486399405187	0	9	0.865558391226237	0.650714643381896	483	7
57089	1	0.524084237480843	0	9	0.865558391226237	0.650714643381896	483	7
57091	1	0.347086581660672	0	9	0.865558391226237	0.650714643381896	483	7
57092	4	0.277397617628584	0	9	0.865558391226237	0.650714643381896	483	7
57097	0	0.541327533282529	0	9	0.865558391226237	0.650714643381896	483	7
57099	0	0.34414392016116	0	9	0.865558391226237	0.650714643381896	483	7
57101	1	0.377205107527304	0	9	0.865558391226237	0.650714643381896	483	7
57102	0	0.242122419198869	0	9	0.865558391226237	0.650714643381896	483	7
57103	0	0.185977917171904	0	9	0.865558391226237	0.650714643381896	483	7
57104	7	0.476163138503942	0	9	0.865558391226237	0.650714643381896	483	7
57105	0	0.439495703575541	0	9	0.865558391226237	0.650714643381896	483	7
57107	1	0.461559052801053	0	9	0.865558391226237	0.650714643381896	483	7
57109	0	0.489101218354948	0	9	0.865558391226237	0.650714643381896	483	7
57111	2	0.567753209601459	0	9	0.865558391226237	0.650714643381896	483	7
57113	0	0.513159030278147	0	9	0.865558391226237	0.650714643381896	483	7
57117	0	-0.272910904159428	0	9	0.865558391226237	0.650714643381896	483	7
57122	0	0.0980249284665218	0	9	0.865558391226237	0.650714643381896	483	7
57124	1	0.510894745424741	0	9	0.865558391226237	0.650714643381896	483	7
57125	5	0.689501979030783	1	9	0.865558391226237	0.650714643381896	483	7
57126	1	0.371793952558214	0	9	0.865558391226237	0.650714643381896	483	7
57127	0	0.583690558003434	0	9	0.865558391226237	0.650714643381896	483	7
57128	2	0.500851066507022	0	9	0.865558391226237	0.650714643381896	483	7
57130	2	0.28506967435197	0	9	0.865558391226237	0.650714643381896	483	7
57132	0	0.229423256787341	0	9	0.865558391226237	0.650714643381896	483	7
57134	0	0.173229853190001	0	9	0.865558391226237	0.650714643381896	483	7
57136	3	0.266679350669399	0	9	0.865558391226237	0.650714643381896	483	7
57140	7	0.464085386247741	0	9	0.865558391226237	0.650714643381896	483	7
57142	3	0.188464427727308	0	9	0.865558391226237	0.650714643381896	483	7
57146	0	0.297380733181635	0	9	0.865558391226237	0.650714643381896	483	7
57147	0	0.0885800795203246	0	9	0.865558391226237	0.650714643381896	483	7
57148	0	-0.0225194976757673	0	9	0.865558391226237	0.650714643381896	483	7
57149	0	0.244706956060703	0	9	0.865558391226237	0.650714643381896	483	7
57150	0	0.150276877986292	0	9	0.865558391226237	0.650714643381896	483	7
57154	1	0.639821265041854	0	9	0.865558391226237	0.650714643381896	483	7
57157	0	0.22494055385674	0	9	0.865558391226237	0.650714643381896	483	7
57158	0	0.334515478284904	0	9	0.865558391226237	0.650714643381896	483	7
57161	0	-0.0275716348268697	0	9	0.865558391226237	0.650714643381896	483	7
57162	0	0.262209329738616	0	9	0.865558391226237	0.650714643381896	483	7
57165	1	0.445092936226556	0	9	0.865558391226237	0.650714643381896	483	7
57171	0	0.463581983196181	0	9	0.865558391226237	0.650714643381896	483	7
57172	1	0.484731537869187	0	9	0.865558391226237	0.650714643381896	483	7
57178	4	0.142626542978587	0	9	0.865558391226237	0.650714643381896	483	7
57180	0	0.0963577601197173	0	9	0.865558391226237	0.650714643381896	483	7
57185	0	0.302413497432587	0	9	0.865558391226237	0.650714643381896	483	7
57187	0	0.362902977978046	0	9	0.865558391226237	0.650714643381896	483	7
57188	0	0.114910520429308	0	9	0.865558391226237	0.650714643381896	483	7
57191	1	0.568297824752338	0	9	0.865558391226237	0.650714643381896	483	7
57192	0	0.421754595264451	0	9	0.865558391226237	0.650714643381896	483	7
57194	4	0.333617834451423	0	9	0.865558391226237	0.650714643381896	483	7
57198	1	0.553150098465768	0	9	0.865558391226237	0.650714643381896	483	7
57205	4	0.211179305497365	0	9	0.865558391226237	0.650714643381896	483	7
57209	0	-0.0122863832827968	0	9	0.865558391226237	0.650714643381896	483	7
57211	0	0.440532269331263	0	9	0.865558391226237	0.650714643381896	483	7
57213	0	0.24357718254322	0	9	0.865558391226237	0.650714643381896	483	7
57214	1	0.557298774236897	0	9	0.865558391226237	0.650714643381896	483	7
57215	0	0.476337124155719	0	9	0.865558391226237	0.650714643381896	483	7
57228	0	0.405249491431886	0	9	0.865558391226237	0.650714643381896	483	7
57326	7	0.352731382911441	0	9	0.865558391226237	0.650714643381896	483	7
57332	1	0.395421231625948	0	9	0.865558391226237	0.650714643381896	483	7
57333	5	0.65519257391384	1	9	0.865558391226237	0.650714643381896	483	7
57335	1	0.513905277074322	0	9	0.865558391226237	0.650714643381896	483	7
57336	1	0.304164431494144	0	9	0.865558391226237	0.650714643381896	483	7
57337	0	0.247499231989645	0	9	0.865558391226237	0.650714643381896	483	7
57338	1	0.584916971716735	0	9	0.865558391226237	0.650714643381896	483	7
57343	0	0.113851767617876	0	9	0.865558391226237	0.650714643381896	483	7
57348	0	0.354393007394077	0	9	0.865558391226237	0.650714643381896	483	7
57380	0	-0.126634359183616	0	9	0.865558391226237	0.650714643381896	483	7
57396	0	0.138785080041509	0	9	0.865558391226237	0.650714643381896	483	7
57402	5	0.654278743890902	1	9	0.865558391226237	0.650714643381896	483	7
57403	4	0.164723282252053	0	9	0.865558391226237	0.650714643381896	483	7
57404	0	-0.0195739200489116	0	9	0.865558391226237	0.650714643381896	483	7
57406	6	0.0180439140457728	0	9	0.865558391226237	0.650714643381896	483	7
57408	0	0.256674638650667	0	9	0.865558391226237	0.650714643381896	483	7
57415	0	0.0958114481750914	0	9	0.865558391226237	0.650714643381896	483	7
57418	2	0.424899899405389	0	9	0.865558391226237	0.650714643381896	483	7
57419	0	0.182539591212391	0	9	0.865558391226237	0.650714643381896	483	7
57446	0	0.431906071727905	0	9	0.865558391226237	0.650714643381896	483	7
57447	4	0.290931022192906	0	9	0.865558391226237	0.650714643381896	483	7
57460	0	-0.000636249750180149	0	9	0.865558391226237	0.650714643381896	483	7
57466	0	0.325623380442024	0	9	0.865558391226237	0.650714643381896	483	7
57470	0	0.273794845622278	0	9	0.865558391226237	0.650714643381896	483	7
57472	3	0.350860943350058	0	9	0.865558391226237	0.650714643381896	483	7
57473	0	0.309119505301693	0	9	0.865558391226237	0.650714643381896	483	7
57476	0	-0.12386101599075	0	9	0.865558391226237	0.650714643381896	483	7
57493	4	0.329005850031854	0	9	0.865558391226237	0.650714643381896	483	7
57496	0	0.450075013273293	0	9	0.865558391226237	0.650714643381896	483	7
57498	0	0.166348708572912	0	9	0.865558391226237	0.650714643381896	483	7
57502	0	0.487402647467194	0	9	0.865558391226237	0.650714643381896	483	7
57506	0	0.310585693172884	0	9	0.865558391226237	0.650714643381896	483	7
57509	3	0.274888566476578	0	9	0.865558391226237	0.650714643381896	483	7
57513	0	-0.103563278284685	0	9	0.865558391226237	0.650714643381896	483	7
57515	3	0.00921095843926695	0	9	0.865558391226237	0.650714643381896	483	7
57523	0	0.443732937264868	0	9	0.865558391226237	0.650714643381896	483	7
57535	0	0.384379864402247	0	9	0.865558391226237	0.650714643381896	483	7
57538	0	0.205066732562137	0	9	0.865558391226237	0.650714643381896	483	7
57553	3	0.379474144890446	0	9	0.865558391226237	0.650714643381896	483	7
57556	0	0.12945525426251	0	9	0.865558391226237	0.650714643381896	483	7
57572	0	0.00155272329462981	0	9	0.865558391226237	0.650714643381896	483	7
57573	1	0.455945412866735	0	9	0.865558391226237	0.650714643381896	483	7
57576	1	0.370231067998092	0	9	0.865558391226237	0.650714643381896	483	7
57579	1	0.51656281208023	0	9	0.865558391226237	0.650714643381896	483	7
57586	1	0.479690208869305	0	9	0.865558391226237	0.650714643381896	483	7
57591	0	0.129920543370927	0	9	0.865558391226237	0.650714643381896	483	7
57596	1	0.51989178057652	0	9	0.865558391226237	0.650714643381896	483	7
57597	0	0.326325503863529	0	9	0.865558391226237	0.650714643381896	483	7
57599	0	0.386842626499657	0	9	0.865558391226237	0.650714643381896	483	7
57602	0	0.431767985808517	0	9	0.865558391226237	0.650714643381896	483	7
57608	4	0.176818456620981	0	9	0.865558391226237	0.650714643381896	483	7
57610	2	0.601985302771623	0	9	0.865558391226237	0.650714643381896	483	7
57613	0	0.106092102154626	0	9	0.865558391226237	0.650714643381896	483	7
57634	4	0.218361645998991	0	9	0.865558391226237	0.650714643381896	483	7
57645	3	0.143241486814293	0	9	0.865558391226237	0.650714643381896	483	7
57658	0	0.0446009177659313	0	9	0.865558391226237	0.650714643381896	483	7
57664	1	0.4410713256826	0	9	0.865558391226237	0.650714643381896	483	7
57669	0	0.0272199989080963	0	9	0.865558391226237	0.650714643381896	483	7
57680	0	0.38206257279092	0	9	0.865558391226237	0.650714643381896	483	7
57698	3	0.212453090912243	0	9	0.865558391226237	0.650714643381896	483	7
57706	0	-0.0310267455255065	0	9	0.865558391226237	0.650714643381896	483	7
57707	1	0.37939234937186	0	9	0.865558391226237	0.650714643381896	483	7
57710	1	0.347572034125061	0	9	0.865558391226237	0.650714643381896	483	7
57711	0	0.306833924443388	0	9	0.865558391226237	0.650714643381896	483	7
57715	4	0.213437223909997	0	9	0.865558391226237	0.650714643381896	483	7
57716	0	0.338991146872941	0	9	0.865558391226237	0.650714643381896	483	7
57720	0	0.338886996980397	0	9	0.865558391226237	0.650714643381896	483	7
57728	3	0.341713546233052	0	9	0.865558391226237	0.650714643381896	483	7
57731	1	0.487463259596103	0	9	0.865558391226237	0.650714643381896	483	7
57733	6	0.0927564394598809	0	9	0.865558391226237	0.650714643381896	483	7
57758	0	0.279298703724234	0	9	0.865558391226237	0.650714643381896	483	7
57761	0	0.593468121459739	0	9	0.865558391226237	0.650714643381896	483	7
57763	3	0.423472768268791	0	9	0.865558391226237	0.650714643381896	483	7
57787	0	0.409640513740099	0	9	0.865558391226237	0.650714643381896	483	7
57794	2	0.507802856544099	0	9	0.865558391226237	0.650714643381896	483	7
57798	3	0.390478582557191	0	9	0.865558391226237	0.650714643381896	483	7
57799	1	0.481420024513193	0	9	0.865558391226237	0.650714643381896	483	7
57804	2	0.463929634591121	0	9	0.865558391226237	0.650714643381896	483	7
57820	0	-0.105178137698238	0	9	0.865558391226237	0.650714643381896	483	7
57821	0	0.179882555209775	0	9	0.865558391226237	0.650714643381896	483	7
57823	5	0.604546118021828	1	9	0.865558391226237	0.650714643381896	483	7
57826	0	0.0418012709775546	0	9	0.865558391226237	0.650714643381896	483	7
57827	0	0.0697292647388669	0	9	0.865558391226237	0.650714643381896	483	7
57828	0	-0.0522922425297594	0	9	0.865558391226237	0.650714643381896	483	7
57834	2	0.454060744157757	0	9	0.865558391226237	0.650714643381896	483	7
57835	1	0.557221339788614	0	9	0.865558391226237	0.650714643381896	483	7
57863	1	0.50416003830011	0	9	0.865558391226237	0.650714643381896	483	7
58155	0	0.214543682854654	0	9	0.865558391226237	0.650714643381896	483	7
58189	4	0.175438368292386	0	9	0.865558391226237	0.650714643381896	483	7
58190	2	0.194890501243026	0	9	0.865558391226237	0.650714643381896	483	7
58472	4	0.229115226447777	0	9	0.865558391226237	0.650714643381896	483	7
58473	0	0.0799863455916812	0	9	0.865558391226237	0.650714643381896	483	7
58477	0	0.587609674334239	0	9	0.865558391226237	0.650714643381896	483	7
58478	4	0.0968525023230081	0	9	0.865558391226237	0.650714643381896	483	7
58486	3	0.363210500050093	0	9	0.865558391226237	0.650714643381896	483	7
58487	3	0.480939342562267	0	9	0.865558391226237	0.650714643381896	483	7
58488	3	0.207829630369347	0	9	0.865558391226237	0.650714643381896	483	7
58494	4	0.342234480997152	0	9	0.865558391226237	0.650714643381896	483	7
58495	1	0.439799067882066	0	9	0.865558391226237	0.650714643381896	483	7
58497	3	0.491213184213088	0	9	0.865558391226237	0.650714643381896	483	7
58500	4	0.262414739086426	0	9	0.865558391226237	0.650714643381896	483	7
58504	1	0.683497803191494	0	9	0.865558391226237	0.650714643381896	483	7
58509	0	0.257434179376885	0	9	0.865558391226237	0.650714643381896	483	7
58510	6	-0.223971235927757	0	9	0.865558391226237	0.650714643381896	483	7
58513	0	0.433873154734811	0	9	0.865558391226237	0.650714643381896	483	7
58517	0	0.149178295745329	0	9	0.865558391226237	0.650714643381896	483	7
58525	1	0.553415151500011	0	9	0.865558391226237	0.650714643381896	483	7
58526	0	0.0283317407117029	0	9	0.865558391226237	0.650714643381896	483	7
58528	3	0.201192620033046	0	9	0.865558391226237	0.650714643381896	483	7
58529	4	0.16303307331735	0	9	0.865558391226237	0.650714643381896	483	7
58985	0	0.382429851272696	0	9	0.865558391226237	0.650714643381896	483	7
58986	2	0.43411537130211	0	9	0.865558391226237	0.650714643381896	483	7
59269	1	0.468151863190297	0	9	0.865558391226237	0.650714643381896	483	7
59272	6	0.0756947460910679	0	9	0.865558391226237	0.650714643381896	483	7
59307	2	0.301568254205542	0	9	0.865558391226237	0.650714643381896	483	7
59338	6	0.254453462165757	0	9	0.865558391226237	0.650714643381896	483	7
59339	0	0.278301296355975	0	9	0.865558391226237	0.650714643381896	483	7
59341	0	0.305615464110674	0	9	0.865558391226237	0.650714643381896	483	7
59342	6	0.148595641673321	0	9	0.865558391226237	0.650714643381896	483	7
59343	1	0.339985838353961	0	9	0.865558391226237	0.650714643381896	483	7
59348	4	0.264271683873745	0	9	0.865558391226237	0.650714643381896	483	7
59349	0	0.219561638830734	0	9	0.865558391226237	0.650714643381896	483	7
60312	4	0.156063350724884	0	9	0.865558391226237	0.650714643381896	483	7
60313	0	0.416756407942627	0	9	0.865558391226237	0.650714643381896	483	7
60314	2	0.407308875904284	0	9	0.865558391226237	0.650714643381896	483	7
60343	2	0.381785760421418	0	9	0.865558391226237	0.650714643381896	483	7
60370	4	0.217537062757159	0	9	0.865558391226237	0.650714643381896	483	7
60401	0	0.142602571021388	0	9	0.865558391226237	0.650714643381896	483	7
60436	0	0.555581228046294	0	9	0.865558391226237	0.650714643381896	483	7
60468	4	0.503929261697419	0	9	0.865558391226237	0.650714643381896	483	7
60481	5	0.642633300993848	1	9	0.865558391226237	0.650714643381896	483	7
60485	3	0.202666296700792	0	9	0.865558391226237	0.650714643381896	483	7
60487	3	0.109154139782387	0	9	0.865558391226237	0.650714643381896	483	7
60488	3	0.256169391785211	0	9	0.865558391226237	0.650714643381896	483	7
60489	5	0.771694710481874	1	9	0.865558391226237	0.650714643381896	483	7
60490	0	0.583544495688189	0	9	0.865558391226237	0.650714643381896	483	7
60491	0	0.323331871114267	0	9	0.865558391226237	0.650714643381896	483	7
60492	4	0.312626235064795	0	9	0.865558391226237	0.650714643381896	483	7
60494	0	0.244881051768889	0	9	0.865558391226237	0.650714643381896	483	7
60495	1	0.54040708605554	0	9	0.865558391226237	0.650714643381896	483	7
60496	3	0.388621731617425	0	9	0.865558391226237	0.650714643381896	483	7
60506	1	0.336128382149307	0	9	0.865558391226237	0.650714643381896	483	7
60509	2	0.107462332774506	0	9	0.865558391226237	0.650714643381896	483	7
60526	3	0.532223010808438	0	9	0.865558391226237	0.650714643381896	483	7
60528	0	0.204640907459242	0	9	0.865558391226237	0.650714643381896	483	7
60529	1	0.475453857653974	0	9	0.865558391226237	0.650714643381896	483	7
60558	0	0.291490453609469	0	9	0.865558391226237	0.650714643381896	483	7
60559	0	0.547488136188359	0	9	0.865558391226237	0.650714643381896	483	7
60560	3	0.354701046032749	0	9	0.865558391226237	0.650714643381896	483	7
60561	3	0.381519870719181	0	9	0.865558391226237	0.650714643381896	483	7
60598	0	0.234447162733787	0	9	0.865558391226237	0.650714643381896	483	7
60625	0	0.412969338838882	0	9	0.865558391226237	0.650714643381896	483	7
60672	2	0.402224915278517	0	9	0.865558391226237	0.650714643381896	483	7
60673	0	0.250239833696082	0	9	0.865558391226237	0.650714643381896	483	7
60676	1	0.396950100870999	0	9	0.865558391226237	0.650714643381896	483	7
60681	1	0.49615286978975	0	9	0.865558391226237	0.650714643381896	483	7
60682	3	0.302108015078726	0	9	0.865558391226237	0.650714643381896	483	7
60684	0	0.0933598889938436	0	9	0.865558391226237	0.650714643381896	483	7
60685	7	0.129289857078821	0	9	0.865558391226237	0.650714643381896	483	7
60686	0	0.0507252096458546	0	9	0.865558391226237	0.650714643381896	483	7
63035	2	0.275109754197144	0	9	0.865558391226237	0.650714643381896	483	7
63826	3	0.236219492197669	0	9	0.865558391226237	0.650714643381896	483	7
63827	0	0.0733308046882191	0	9	0.865558391226237	0.650714643381896	483	7
63874	2	0.376480090175812	0	9	0.865558391226237	0.650714643381896	483	7
63875	0	0.313833777167171	0	9	0.865558391226237	0.650714643381896	483	7
63876	4	0.385234170281762	0	9	0.865558391226237	0.650714643381896	483	7
63877	4	0.362358728740384	0	9	0.865558391226237	0.650714643381896	483	7
63891	2	0.419207884793349	0	9	0.865558391226237	0.650714643381896	483	7
63892	0	0.45503693245951	0	9	0.865558391226237	0.650714643381896	483	7
63893	0	0.44940658984229	0	9	0.865558391226237	0.650714643381896	483	7
63894	0	0.353899586319424	0	9	0.865558391226237	0.650714643381896	483	7
63895	4	0.308189952698372	0	9	0.865558391226237	0.650714643381896	483	7
63897	0	0.197108150629925	0	9	0.865558391226237	0.650714643381896	483	7
63898	0	0.349482938781513	0	9	0.865558391226237	0.650714643381896	483	7
63899	4	0.219144222872006	0	9	0.865558391226237	0.650714643381896	483	7
63901	1	0.353000463955019	0	9	0.865558391226237	0.650714643381896	483	7
63906	5	0.598788979756187	1	9	0.865558391226237	0.650714643381896	483	7
63910	1	0.738666282262295	0	9	0.865558391226237	0.650714643381896	483	7
63916	0	0.378257202133719	0	9	0.865558391226237	0.650714643381896	483	7
63917	6	0.170845897860964	0	9	0.865558391226237	0.650714643381896	483	7
63920	0	0.0569685423930716	0	9	0.865558391226237	0.650714643381896	483	7
63923	1	0.547563932665917	0	9	0.865558391226237	0.650714643381896	483	7
63924	1	0.590741017639568	0	9	0.865558391226237	0.650714643381896	483	7
63925	1	0.413384663299776	0	9	0.865558391226237	0.650714643381896	483	7
63926	0	0.329026587022265	0	9	0.865558391226237	0.650714643381896	483	7
63928	0	0.223210816630532	0	9	0.865558391226237	0.650714643381896	483	7
63931	0	0.619442532921981	0	9	0.865558391226237	0.650714643381896	483	7
63932	0	0.264673299304105	0	9	0.865558391226237	0.650714643381896	483	7
63933	0	0.0468361357866601	0	9	0.865558391226237	0.650714643381896	483	7
63934	0	0.261179025935908	0	9	0.865558391226237	0.650714643381896	483	7
63935	0	0.394722940305142	0	9	0.865558391226237	0.650714643381896	483	7
63940	1	0.465804677383703	0	9	0.865558391226237	0.650714643381896	483	7
63941	0	0.164231080088423	0	9	0.865558391226237	0.650714643381896	483	7
63976	1	0.535541221569971	0	9	0.865558391226237	0.650714643381896	483	7
63982	0	0.258717576967145	0	9	0.865558391226237	0.650714643381896	483	7
64061	4	0.342667867278474	0	9	0.865558391226237	0.650714643381896	483	7
64062	1	0.40597924629662	0	9	0.865558391226237	0.650714643381896	483	7
64063	1	0.551826808226521	0	9	0.865558391226237	0.650714643381896	483	7
64065	4	0.490936753660776	0	9	0.865558391226237	0.650714643381896	483	7
64067	1	0.364920244190406	0	9	0.865558391226237	0.650714643381896	483	7
64077	2	0.0774833692926688	0	9	0.865558391226237	0.650714643381896	483	7
64080	0	0.339341943192501	0	9	0.865558391226237	0.650714643381896	483	7
64081	6	-0.30778368868234	0	9	0.865558391226237	0.650714643381896	483	7
64083	3	0.29880116667184	0	9	0.865558391226237	0.650714643381896	483	7
64084	3	0.42681407263871	0	9	0.865558391226237	0.650714643381896	483	7
64087	6	0.151792602756763	0	9	0.865558391226237	0.650714643381896	483	7
64089	0	0.258630585574951	0	9	0.865558391226237	0.650714643381896	483	7
64091	4	0.213537677660973	0	9	0.865558391226237	0.650714643381896	483	7
64092	5	0.648398969024697	1	9	0.865558391226237	0.650714643381896	483	7
64097	4	0.202922827220439	0	9	0.865558391226237	0.650714643381896	483	7
64102	0	0.221753883562164	0	9	0.865558391226237	0.650714643381896	483	7
64108	4	0.440335477059838	0	9	0.865558391226237	0.650714643381896	483	7
64110	0	0.464916015019143	0	9	0.865558391226237	0.650714643381896	483	7
64112	0	-0.0748638317375775	0	9	0.865558391226237	0.650714643381896	483	7
64116	0	0.357026260988567	0	9	0.865558391226237	0.650714643381896	483	7
64118	2	0.273609063009058	0	9	0.865558391226237	0.650714643381896	483	7
64121	0	0.236806221461051	0	9	0.865558391226237	0.650714643381896	483	7
64122	7	0.165600716725393	0	9	0.865558391226237	0.650714643381896	483	7
64123	4	0.0832244114215334	0	9	0.865558391226237	0.650714643381896	483	7
64127	0	0.491129199999615	0	9	0.865558391226237	0.650714643381896	483	7
64129	7	0.43032154759212	0	9	0.865558391226237	0.650714643381896	483	7
64130	0	0.400933898668066	0	9	0.865558391226237	0.650714643381896	483	7
64131	4	0.214985283546734	0	9	0.865558391226237	0.650714643381896	483	7
64132	0	0.245531646879942	0	9	0.865558391226237	0.650714643381896	483	7
64135	0	0.391109559393892	0	9	0.865558391226237	0.650714643381896	483	7
64149	3	0.509510649931133	0	9	0.865558391226237	0.650714643381896	483	7
64151	5	0.647458481808042	1	9	0.865558391226237	0.650714643381896	483	7
64167	0	0.502385328848953	0	9	0.865558391226237	0.650714643381896	483	7
64172	3	0.59590746294989	0	9	0.865558391226237	0.650714643381896	483	7
64174	0	0.423391824341085	0	9	0.865558391226237	0.650714643381896	483	7
64175	0	0.179633485442476	0	9	0.865558391226237	0.650714643381896	483	7
64210	2	0.399145291688017	0	9	0.865558391226237	0.650714643381896	483	7
64215	4	0.270889456852839	0	9	0.865558391226237	0.650714643381896	483	7
64216	3	0.270513404811554	0	9	0.865558391226237	0.650714643381896	483	7
64218	1	0.40962691060895	0	9	0.865558391226237	0.650714643381896	483	7
64219	4	0.0424649764939414	0	9	0.865558391226237	0.650714643381896	483	7
64220	6	0.312446783807596	0	9	0.865558391226237	0.650714643381896	483	7
64221	1	0.318384883261477	0	9	0.865558391226237	0.650714643381896	483	7
64222	0	0.020224967808147	0	9	0.865558391226237	0.650714643381896	483	7
64223	2	0.512865955577193	0	9	0.865558391226237	0.650714643381896	483	7
64231	0	0.574042505249654	0	9	0.865558391226237	0.650714643381896	483	7
64236	0	-0.0646217010949932	0	9	0.865558391226237	0.650714643381896	483	7
64240	1	0.448228569832175	0	9	0.865558391226237	0.650714643381896	483	7
64283	2	0.417459534436283	0	9	0.865558391226237	0.650714643381896	483	7
64284	2	0.346808019443196	0	9	0.865558391226237	0.650714643381896	483	7
64285	4	0.40341355600081	0	9	0.865558391226237	0.650714643381896	483	7
64288	0	0.0297752454422505	0	9	0.865558391226237	0.650714643381896	483	7
64318	0	0.433321826881752	0	9	0.865558391226237	0.650714643381896	483	7
64319	7	0.58893837283918	0	9	0.865558391226237	0.650714643381896	483	7
64320	0	0.444004361542253	0	9	0.865558391226237	0.650714643381896	483	7
64321	4	0.444570190920509	0	9	0.865558391226237	0.650714643381896	483	7
64324	1	0.434406774652659	0	9	0.865558391226237	0.650714643381896	483	7
64328	0	0.471640239969581	0	9	0.865558391226237	0.650714643381896	483	7
64342	2	0.357848207826934	0	9	0.865558391226237	0.650714643381896	483	7
64343	4	0.397808583052209	0	9	0.865558391226237	0.650714643381896	483	7
64344	1	0.53196635416893	0	9	0.865558391226237	0.650714643381896	483	7
64359	4	0.0669649590302976	0	9	0.865558391226237	0.650714643381896	483	7
64374	2	0.25930551759623	0	9	0.865558391226237	0.650714643381896	483	7
64375	1	0.285004712401185	0	9	0.865558391226237	0.650714643381896	483	7
64376	1	0.634055145686872	0	9	0.865558391226237	0.650714643381896	483	7
64386	1	0.348109612328861	0	9	0.865558391226237	0.650714643381896	483	7
64388	1	0.459833517408046	0	9	0.865558391226237	0.650714643381896	483	7
64393	0	0.298670705068746	0	9	0.865558391226237	0.650714643381896	483	7
64397	3	0.26888300235998	0	9	0.865558391226237	0.650714643381896	483	7
64398	0	-0.0129610097661332	0	9	0.865558391226237	0.650714643381896	483	7
64400	3	0.377939149152787	0	9	0.865558391226237	0.650714643381896	483	7
64405	1	0.61876166941985	0	9	0.865558391226237	0.650714643381896	483	7
64410	1	0.500499463758058	0	9	0.865558391226237	0.650714643381896	483	7
64411	4	0.276330971566862	0	9	0.865558391226237	0.650714643381896	483	7
64417	0	0.288415040181059	0	9	0.865558391226237	0.650714643381896	483	7
64418	0	0.386076873121751	0	9	0.865558391226237	0.650714643381896	483	7
64419	2	0.380295420152208	0	9	0.865558391226237	0.650714643381896	483	7
64421	0	0.354867342420841	0	9	0.865558391226237	0.650714643381896	483	7
64422	0	0.0247326389965531	0	9	0.865558391226237	0.650714643381896	483	7
64423	0	0.145629805835903	0	9	0.865558391226237	0.650714643381896	483	7
64425	5	0.686615640330488	1	9	0.865558391226237	0.650714643381896	483	7
64427	0	0.439032478456888	0	9	0.865558391226237	0.650714643381896	483	7
64428	2	0.363326807027874	0	9	0.865558391226237	0.650714643381896	483	7
64429	4	0.0789598872428648	0	9	0.865558391226237	0.650714643381896	483	7
64430	0	-0.0787534769966871	0	9	0.865558391226237	0.650714643381896	483	7
64431	3	0.295973168207184	0	9	0.865558391226237	0.650714643381896	483	7
64506	4	0.126671585739912	0	9	0.865558391226237	0.650714643381896	483	7
64577	3	0.178079917948001	0	9	0.865558391226237	0.650714643381896	483	7
64581	5	0.579994612859854	1	9	0.865558391226237	0.650714643381896	483	7
64582	1	0.430987493878105	0	9	0.865558391226237	0.650714643381896	483	7
64598	1	0.236093244487152	0	9	0.865558391226237	0.650714643381896	483	7
64601	0	0.190484705796695	0	9	0.865558391226237	0.650714643381896	483	7
64641	0	0.353518577986777	0	9	0.865558391226237	0.650714643381896	483	7
64689	0	0.131084098281336	0	9	0.865558391226237	0.650714643381896	483	7
64699	0	0.210612446910702	0	9	0.865558391226237	0.650714643381896	483	7
64708	0	0.274102423727804	0	9	0.865558391226237	0.650714643381896	483	7
64710	4	0.398276753267807	0	9	0.865558391226237	0.650714643381896	483	7
64718	1	0.332926489164603	0	9	0.865558391226237	0.650714643381896	483	7
64743	2	0.152327879163167	0	9	0.865558391226237	0.650714643381896	483	7
64745	3	0.633232562587927	0	9	0.865558391226237	0.650714643381896	483	7
64746	4	0.245393706200207	0	9	0.865558391226237	0.650714643381896	483	7
64748	1	0.363089246962738	0	9	0.865558391226237	0.650714643381896	483	7
64750	0	0.460774583891979	0	9	0.865558391226237	0.650714643381896	483	7
64754	0	0.415919392634988	0	9	0.865558391226237	0.650714643381896	483	7
64755	6	0.329237709909364	0	9	0.865558391226237	0.650714643381896	483	7
64757	0	0.141813982211906	0	9	0.865558391226237	0.650714643381896	483	7
64759	4	-0.0235819116991819	0	9	0.865558391226237	0.650714643381896	483	7
64760	0	0.536320509009831	0	9	0.865558391226237	0.650714643381896	483	7
64761	0	0.617537459825633	0	9	0.865558391226237	0.650714643381896	483	7
64762	2	0.155919119652985	0	9	0.865558391226237	0.650714643381896	483	7
64763	1	0.270164428860595	0	9	0.865558391226237	0.650714643381896	483	7
64764	0	0.0550328141554475	0	9	0.865558391226237	0.650714643381896	483	7
64766	0	0.423290270470273	0	9	0.865558391226237	0.650714643381896	483	7
64768	0	0.150123021937872	0	9	0.865558391226237	0.650714643381896	483	7
64769	3	0.301406100921092	0	9	0.865558391226237	0.650714643381896	483	7
64771	1	0.416336661610899	0	9	0.865558391226237	0.650714643381896	483	7
64772	0	0.262456124468457	0	9	0.865558391226237	0.650714643381896	483	7
64777	1	0.429684161309738	0	9	0.865558391226237	0.650714643381896	483	7
64779	0	0.348676303324033	0	9	0.865558391226237	0.650714643381896	483	7
64780	0	0.595306398121595	0	9	0.865558391226237	0.650714643381896	483	7
64781	0	0.207723630723638	0	9	0.865558391226237	0.650714643381896	483	7
64782	1	0.753108848809796	0	9	0.865558391226237	0.650714643381896	483	7
64783	0	0.310286618166811	0	9	0.865558391226237	0.650714643381896	483	7
64784	0	0.498577486510515	0	9	0.865558391226237	0.650714643381896	483	7
64785	0	0.288052534234098	0	9	0.865558391226237	0.650714643381896	483	7
64786	0	-0.0387636235959256	0	9	0.865558391226237	0.650714643381896	483	7
64787	2	0.105993814841143	0	9	0.865558391226237	0.650714643381896	483	7
64788	2	0.301341016761169	0	9	0.865558391226237	0.650714643381896	483	7
64789	0	0.314585486843703	0	9	0.865558391226237	0.650714643381896	483	7
64792	0	0.186371356797793	0	9	0.865558391226237	0.650714643381896	483	7
64793	1	0.497550529865998	0	9	0.865558391226237	0.650714643381896	483	7
64794	1	0.433935714785875	0	9	0.865558391226237	0.650714643381896	483	7
64795	0	0.377308362922318	0	9	0.865558391226237	0.650714643381896	483	7
64798	0	0.378743702561767	0	9	0.865558391226237	0.650714643381896	483	7
64799	0	0.13526526956691	0	9	0.865558391226237	0.650714643381896	483	7
64800	1	0.549465244119606	0	9	0.865558391226237	0.650714643381896	483	7
64837	1	0.45289562632891	0	9	0.865558391226237	0.650714643381896	483	7
64838	1	0.543678916223314	0	9	0.865558391226237	0.650714643381896	483	7
64840	1	0.432566696248416	0	9	0.865558391226237	0.650714643381896	483	7
64844	3	0.491354460020618	0	9	0.865558391226237	0.650714643381896	483	7
64847	2	0.231852010262826	0	9	0.865558391226237	0.650714643381896	483	7
64848	1	0.419565383302088	0	9	0.865558391226237	0.650714643381896	483	7
64849	6	-0.192153672621963	0	9	0.865558391226237	0.650714643381896	483	7
64850	0	0.0119616982249724	0	9	0.865558391226237	0.650714643381896	483	7
64852	0	0.547790865916835	0	9	0.865558391226237	0.650714643381896	483	7
64854	1	0.630848787489088	0	9	0.865558391226237	0.650714643381896	483	7
64856	0	0.31974046951342	0	9	0.865558391226237	0.650714643381896	483	7
64858	0	0.451843381479463	0	9	0.865558391226237	0.650714643381896	483	7
64859	0	0.396402019200111	0	9	0.865558391226237	0.650714643381896	483	7
64860	0	0.388883750718022	0	9	0.865558391226237	0.650714643381896	483	7
64863	0	0.369859703093644	0	9	0.865558391226237	0.650714643381896	483	7
64864	3	0.623434804674332	0	9	0.865558391226237	0.650714643381896	483	7
64866	5	0.686395809072745	1	9	0.865558391226237	0.650714643381896	483	7
64895	0	0.0272908973852057	0	9	0.865558391226237	0.650714643381896	483	7
64897	0	0.250023408067788	0	9	0.865558391226237	0.650714643381896	483	7
64901	1	0.450240960103071	0	9	0.865558391226237	0.650714643381896	483	7
64919	5	0.659469988553519	1	9	0.865558391226237	0.650714643381896	483	7
64921	3	0.162780410382805	0	9	0.865558391226237	0.650714643381896	483	7
64922	0	0.0285101205469849	0	9	0.865558391226237	0.650714643381896	483	7
64924	1	0.434325028240794	0	9	0.865558391226237	0.650714643381896	483	7
64927	0	0.280940965187055	0	9	0.865558391226237	0.650714643381896	483	7
64943	2	0.489660533896294	0	9	0.865558391226237	0.650714643381896	483	7
64960	6	0.267692884505737	0	9	0.865558391226237	0.650714643381896	483	7
64963	1	0.370377552393958	0	9	0.865558391226237	0.650714643381896	483	7
64976	6	0.0780845211157698	0	9	0.865558391226237	0.650714643381896	483	7
64981	2	0.392847884459891	0	9	0.865558391226237	0.650714643381896	483	7
65003	2	0.542442676070184	0	9	0.865558391226237	0.650714643381896	483	7
65005	3	0.260462550243335	0	9	0.865558391226237	0.650714643381896	483	7
65009	1	0.503559016977244	0	9	0.865558391226237	0.650714643381896	483	7
65012	1	0.540577309462361	0	9	0.865558391226237	0.650714643381896	483	7
65018	2	0.234695621285234	0	9	0.865558391226237	0.650714643381896	483	7
65055	0	0.311991470422399	0	9	0.865558391226237	0.650714643381896	483	7
65057	2	0.387437429173451	0	9	0.865558391226237	0.650714643381896	483	7
65080	0	0.499043217160655	0	9	0.865558391226237	0.650714643381896	483	7
65082	0	0.489337972428563	0	9	0.865558391226237	0.650714643381896	483	7
65083	0	0.470427533586966	0	9	0.865558391226237	0.650714643381896	483	7
65084	3	0.262500630552118	0	9	0.865558391226237	0.650714643381896	483	7
65094	0	0.346042978318442	0	9	0.865558391226237	0.650714643381896	483	7
65095	0	0.310363853762339	0	9	0.865558391226237	0.650714643381896	483	7
65108	5	0.788366095718314	1	9	0.865558391226237	0.650714643381896	483	7
65109	4	0.165815394843779	0	9	0.865558391226237	0.650714643381896	483	7
65110	3	0.645135047910493	0	9	0.865558391226237	0.650714643381896	483	7
65117	0	0.48759025718647	0	9	0.865558391226237	0.650714643381896	483	7
65123	0	0.0853679582096961	0	9	0.865558391226237	0.650714643381896	483	7
65124	3	0.0398951186180334	0	9	0.865558391226237	0.650714643381896	483	7
65125	3	0.497145913005401	0	9	0.865558391226237	0.650714643381896	483	7
65220	0	0.683559535976684	0	9	0.865558391226237	0.650714643381896	483	7
65243	0	0.623002929424777	0	9	0.865558391226237	0.650714643381896	483	7
65244	5	0.70326276251041	1	9	0.865558391226237	0.650714643381896	483	7
65250	0	0.204737853777419	0	9	0.865558391226237	0.650714643381896	483	7
65258	4	0.225599082953372	0	9	0.865558391226237	0.650714643381896	483	7
65260	0	0.255110666154532	0	9	0.865558391226237	0.650714643381896	483	7
65263	0	0.379532112252706	0	9	0.865558391226237	0.650714643381896	483	7
65264	1	0.525112808436038	0	9	0.865558391226237	0.650714643381896	483	7
65265	4	0.0785533754694227	0	9	0.865558391226237	0.650714643381896	483	7
65979	4	0.163448251263352	0	9	0.865558391226237	0.650714643381896	483	7
65980	0	-0.27487176630056	0	9	0.865558391226237	0.650714643381896	483	7
65981	3	0.343394891702666	0	9	0.865558391226237	0.650714643381896	483	7
65982	0	0.364396255053251	0	9	0.865558391226237	0.650714643381896	483	7
65983	3	0.3852676412611	0	9	0.865558391226237	0.650714643381896	483	7
65985	0	0.322133924966418	0	9	0.865558391226237	0.650714643381896	483	7
65986	4	0.115198720796795	0	9	0.865558391226237	0.650714643381896	483	7
65988	1	0.458864339033052	0	9	0.865558391226237	0.650714643381896	483	7
65989	0	0.412655160559365	0	9	0.865558391226237	0.650714643381896	483	7
65990	2	0.507195833086971	0	9	0.865558391226237	0.650714643381896	483	7
65992	0	0.246858851034296	0	9	0.865558391226237	0.650714643381896	483	7
65993	0	0.380592497682358	0	9	0.865558391226237	0.650714643381896	483	7
65997	4	-0.0461874059594423	0	9	0.865558391226237	0.650714643381896	483	7
65998	4	0.137343567403643	0	9	0.865558391226237	0.650714643381896	483	7
65999	0	0.379661346607136	0	9	0.865558391226237	0.650714643381896	483	7
66002	0	0.0108318120817966	0	9	0.865558391226237	0.650714643381896	483	7
66008	4	0.257781242897203	0	9	0.865558391226237	0.650714643381896	483	7
66035	3	0.506180092343523	0	9	0.865558391226237	0.650714643381896	483	7
66036	0	0.0974229731430768	0	9	0.865558391226237	0.650714643381896	483	7
78986	0	0.255230491750292	0	9	0.865558391226237	0.650714643381896	483	7
78987	0	-0.148564645636216	0	9	0.865558391226237	0.650714643381896	483	7
78988	0	0.462092999488537	0	9	0.865558391226237	0.650714643381896	483	7
78989	2	0.448379483987753	0	9	0.865558391226237	0.650714643381896	483	7
78990	0	0.462354143999965	0	9	0.865558391226237	0.650714643381896	483	7
78991	4	0.305544140565633	0	9	0.865558391226237	0.650714643381896	483	7
78992	0	0.200958627192093	0	9	0.865558391226237	0.650714643381896	483	7
78994	0	0.0714739383178202	0	9	0.865558391226237	0.650714643381896	483	7
78995	1	0.436105853945523	0	9	0.865558391226237	0.650714643381896	483	7
78997	1	0.484713533045666	0	9	0.865558391226237	0.650714643381896	483	7
78999	4	0.176395652685008	0	9	0.865558391226237	0.650714643381896	483	7
79001	2	0.202374045371335	0	9	0.865558391226237	0.650714643381896	483	7
79003	4	0.206806746288262	0	9	0.865558391226237	0.650714643381896	483	7
79004	2	0.467133051779375	0	9	0.865558391226237	0.650714643381896	483	7
79006	2	0.497667974810943	0	9	0.865558391226237	0.650714643381896	483	7
79007	0	0.267948571813439	0	9	0.865558391226237	0.650714643381896	483	7
79009	4	0.421869424907955	0	9	0.865558391226237	0.650714643381896	483	7
79016	0	0.253369443813396	0	9	0.865558391226237	0.650714643381896	483	7
79017	3	0.424519446300738	0	9	0.865558391226237	0.650714643381896	483	7
79018	0	0.437448174204944	0	9	0.865558391226237	0.650714643381896	483	7
79022	6	0.351468158313057	0	9	0.865558391226237	0.650714643381896	483	7
79023	0	0.123478899557903	0	9	0.865558391226237	0.650714643381896	483	7
79024	0	0.205171613976282	0	9	0.865558391226237	0.650714643381896	483	7
79026	0	0.238709531288979	0	9	0.865558391226237	0.650714643381896	483	7
79029	0	0.403661190376776	0	9	0.865558391226237	0.650714643381896	483	7
79033	2	0.0915215036124246	0	9	0.865558391226237	0.650714643381896	483	7
79034	2	0.494092428273053	0	9	0.865558391226237	0.650714643381896	483	7
79035	0	0.266843466613439	0	9	0.865558391226237	0.650714643381896	483	7
79036	0	0.206217973572503	0	9	0.865558391226237	0.650714643381896	483	7
79037	5	0.626539645182987	1	9	0.865558391226237	0.650714643381896	483	7
79038	3	0.420099347310917	0	9	0.865558391226237	0.650714643381896	483	7
79039	2	0.435208565284756	0	9	0.865558391226237	0.650714643381896	483	7
79042	0	0.346209723249117	0	9	0.865558391226237	0.650714643381896	483	7
79047	1	0.354510916213768	0	9	0.865558391226237	0.650714643381896	483	7
79048	3	0.239965399222624	0	9	0.865558391226237	0.650714643381896	483	7
79050	2	0.171415632047664	0	9	0.865558391226237	0.650714643381896	483	7
79053	0	-0.0980108467348922	0	9	0.865558391226237	0.650714643381896	483	7
79056	0	0.255943520649514	0	9	0.865558391226237	0.650714643381896	483	7
79058	2	0.188483924579918	0	9	0.865558391226237	0.650714643381896	483	7
79064	1	0.430675232400852	0	9	0.865558391226237	0.650714643381896	483	7
79065	2	0.403569137386378	0	9	0.865558391226237	0.650714643381896	483	7
79068	4	0.0570001310681077	0	9	0.865558391226237	0.650714643381896	483	7
79070	3	0.624054801026526	0	9	0.865558391226237	0.650714643381896	483	7
79071	0	0.590745899761762	0	9	0.865558391226237	0.650714643381896	483	7
79072	3	0.0943062751154327	0	9	0.865558391226237	0.650714643381896	483	7
79073	0	0.0791712399167466	0	9	0.865558391226237	0.650714643381896	483	7
79074	0	0.227753318865887	0	9	0.865558391226237	0.650714643381896	483	7
79077	0	0.356153024314955	0	9	0.865558391226237	0.650714643381896	483	7
79080	2	0.360201316243837	0	9	0.865558391226237	0.650714643381896	483	7
79083	1	0.564533441341263	0	9	0.865558391226237	0.650714643381896	483	7
79084	3	0.645485391493779	0	9	0.865558391226237	0.650714643381896	483	7
79086	7	0.424116226368945	0	9	0.865558391226237	0.650714643381896	483	7
79087	0	0.440421942601644	0	9	0.865558391226237	0.650714643381896	483	7
79088	0	0.309683172490946	0	9	0.865558391226237	0.650714643381896	483	7
79089	2	0.344910487483067	0	9	0.865558391226237	0.650714643381896	483	7
79090	2	0.355709225915507	0	9	0.865558391226237	0.650714643381896	483	7
79091	2	0.19112341363491	0	9	0.865558391226237	0.650714643381896	483	7
79092	1	0.401765997874225	0	9	0.865558391226237	0.650714643381896	483	7
79094	0	0.311242284276674	0	9	0.865558391226237	0.650714643381896	483	7
79095	2	0.384004881072644	0	9	0.865558391226237	0.650714643381896	483	7
79096	0	0.124674415529332	0	9	0.865558391226237	0.650714643381896	483	7
79098	5	0.781253154919702	1	9	0.865558391226237	0.650714643381896	483	7
79109	0	0.0255635264890289	0	9	0.865558391226237	0.650714643381896	483	7
79132	0	0.324878821565756	0	9	0.865558391226237	0.650714643381896	483	7
79133	0	0.344498148993734	0	9	0.865558391226237	0.650714643381896	483	7
79134	3	0.559019712206705	0	9	0.865558391226237	0.650714643381896	483	7
79135	6	0.218709215332174	0	9	0.865558391226237	0.650714643381896	483	7
79137	5	0.444858929717733	1	9	0.865558391226237	0.650714643381896	483	7
79139	0	0.475619757380737	0	9	0.865558391226237	0.650714643381896	483	7
79140	1	0.466247430492632	0	9	0.865558391226237	0.650714643381896	483	7
79143	2	0.473748542802414	0	9	0.865558391226237	0.650714643381896	483	7
79144	7	0.180110862173912	0	9	0.865558391226237	0.650714643381896	483	7
79145	0	-0.123343716889081	0	9	0.865558391226237	0.650714643381896	483	7
79147	2	0.410914723652278	0	9	0.865558391226237	0.650714643381896	483	7
79148	4	0.0786580484706758	0	9	0.865558391226237	0.650714643381896	483	7
79149	0	0.202886939723515	0	9	0.865558391226237	0.650714643381896	483	7
79152	5	0.712066121802313	1	9	0.865558391226237	0.650714643381896	483	7
79153	6	0.134383163075563	0	9	0.865558391226237	0.650714643381896	483	7
79154	0	0.187953591953142	0	9	0.865558391226237	0.650714643381896	483	7
79155	0	0.641962639307732	0	9	0.865558391226237	0.650714643381896	483	7
79156	5	0.73411579075121	1	9	0.865558391226237	0.650714643381896	483	7
79157	0	0.459412527014814	0	9	0.865558391226237	0.650714643381896	483	7
79158	1	0.648410142150478	0	9	0.865558391226237	0.650714643381896	483	7
79159	1	0.391845864820654	0	9	0.865558391226237	0.650714643381896	483	7
79161	2	0.418898094183041	0	9	0.865558391226237	0.650714643381896	483	7
79169	1	0.296239379468972	0	9	0.865558391226237	0.650714643381896	483	7
79170	0	0.44601449754326	0	9	0.865558391226237	0.650714643381896	483	7
79171	2	0.297662188972455	0	9	0.865558391226237	0.650714643381896	483	7
79172	1	0.225081692352908	0	9	0.865558391226237	0.650714643381896	483	7
79173	1	0.300777729805649	0	9	0.865558391226237	0.650714643381896	483	7
79174	0	0.293475712282426	0	9	0.865558391226237	0.650714643381896	483	7
79175	0	0.10892951174824	0	9	0.865558391226237	0.650714643381896	483	7
79176	2	0.302595070323871	0	9	0.865558391226237	0.650714643381896	483	7
79177	1	0.429602576181298	0	9	0.865558391226237	0.650714643381896	483	7
79178	4	0.239842018756916	0	9	0.865558391226237	0.650714643381896	483	7
79180	0	0.469627531281362	0	9	0.865558391226237	0.650714643381896	483	7
79183	0	0.345950807174873	0	9	0.865558391226237	0.650714643381896	483	7
79184	4	0.484798090506721	0	9	0.865558391226237	0.650714643381896	483	7
79188	3	0.395538519728801	0	9	0.865558391226237	0.650714643381896	483	7
79228	2	0.627297730391102	0	9	0.865558391226237	0.650714643381896	483	7
79230	1	0.475823877512195	0	9	0.865558391226237	0.650714643381896	483	7
79269	3	0.112493281009197	0	9	0.865558391226237	0.650714643381896	483	7
79363	1	0.424755514596408	0	9	0.865558391226237	0.650714643381896	483	7
79364	0	0.0872881239110687	0	9	0.865558391226237	0.650714643381896	483	7
79365	5	0.580262650125737	1	9	0.865558391226237	0.650714643381896	483	7
79366	0	0.175023525816824	0	9	0.865558391226237	0.650714643381896	483	7
79368	1	0.475947421354087	0	9	0.865558391226237	0.650714643381896	483	7
79369	0	0.355593215480111	0	9	0.865558391226237	0.650714643381896	483	7
79370	1	0.36645973051888	0	9	0.865558391226237	0.650714643381896	483	7
79411	0	0.454645318486393	0	9	0.865558391226237	0.650714643381896	483	7
79413	0	0.077281218539549	0	9	0.865558391226237	0.650714643381896	483	7
79414	2	0.324424532100446	0	9	0.865558391226237	0.650714643381896	483	7
79415	0	0.552284060606661	0	9	0.865558391226237	0.650714643381896	483	7
79442	4	0.0665459126353226	0	9	0.865558391226237	0.650714643381896	483	7
79443	4	0.186689836456279	0	9	0.865558391226237	0.650714643381896	483	7
79444	5	0.634032324235829	1	9	0.865558391226237	0.650714643381896	483	7
79446	0	0.385082356905539	0	9	0.865558391226237	0.650714643381896	483	7
79447	0	0.310213050376148	0	9	0.865558391226237	0.650714643381896	483	7
79567	4	0.10198403689525	0	9	0.865558391226237	0.650714643381896	483	7
79568	6	0.00419163706009988	0	9	0.865558391226237	0.650714643381896	483	7
79571	0	0.185486560172349	0	9	0.865558391226237	0.650714643381896	483	7
79572	0	0.285418529357948	0	9	0.865558391226237	0.650714643381896	483	7
79573	4	0.545410383038766	0	9	0.865558391226237	0.650714643381896	483	7
79574	1	0.248549299506726	0	9	0.865558391226237	0.650714643381896	483	7
79575	0	0.434948378000906	0	9	0.865558391226237	0.650714643381896	483	7
79577	0	0.0504551664712831	0	9	0.865558391226237	0.650714643381896	483	7
79581	3	0.449087836517931	0	9	0.865558391226237	0.650714643381896	483	7
79582	0	0.0992468902860836	0	9	0.865558391226237	0.650714643381896	483	7
79583	4	0.185146071548107	0	9	0.865558391226237	0.650714643381896	483	7
79585	1	0.592823398728884	0	9	0.865558391226237	0.650714643381896	483	7
79586	1	0.415714656072789	0	9	0.865558391226237	0.650714643381896	483	7
79587	0	0.440739743211067	0	9	0.865558391226237	0.650714643381896	483	7
79589	0	0.110776928034268	0	9	0.865558391226237	0.650714643381896	483	7
79590	2	0.344709033157752	0	9	0.865558391226237	0.650714643381896	483	7
79591	4	0.383868604304125	0	9	0.865558391226237	0.650714643381896	483	7
79594	0	0.484906547286963	0	9	0.865558391226237	0.650714643381896	483	7
79595	4	0.222645681427886	0	9	0.865558391226237	0.650714643381896	483	7
79596	0	0.15654332022685	0	9	0.865558391226237	0.650714643381896	483	7
79598	0	0.138117145731983	0	9	0.865558391226237	0.650714643381896	483	7
79600	6	-0.14847266803459	0	9	0.865558391226237	0.650714643381896	483	7
79602	0	-0.0196335620260792	0	9	0.865558391226237	0.650714643381896	483	7
79603	2	0.41371706018333	0	9	0.865558391226237	0.650714643381896	483	7
79605	0	0.472984560761804	0	9	0.865558391226237	0.650714643381896	483	7
79608	0	0.25694749449318	0	9	0.865558391226237	0.650714643381896	483	7
79609	0	0.516779764798267	0	9	0.865558391226237	0.650714643381896	483	7
79611	3	0.207415844565615	0	9	0.865558391226237	0.650714643381896	483	7
79612	4	0.265249985391458	0	9	0.865558391226237	0.650714643381896	483	7
79616	0	0.332899681943402	0	9	0.865558391226237	0.650714643381896	483	7
79618	0	0.112662988778	0	9	0.865558391226237	0.650714643381896	483	7
79621	1	0.559104629419363	0	9	0.865558391226237	0.650714643381896	483	7
79622	2	0.272137303851528	0	9	0.865558391226237	0.650714643381896	483	7
79623	0	0.219803386258756	0	9	0.865558391226237	0.650714643381896	483	7
79624	3	0.374147202043501	0	9	0.865558391226237	0.650714643381896	483	7
79625	4	-0.0388400950809771	0	9	0.865558391226237	0.650714643381896	483	7
79627	0	0.526196036901518	0	9	0.865558391226237	0.650714643381896	483	7
79628	1	0.292329324543047	0	9	0.865558391226237	0.650714643381896	483	7
79629	2	0.188893564052729	0	9	0.865558391226237	0.650714643381896	483	7
79630	1	0.421877225956993	0	9	0.865558391226237	0.650714643381896	483	7
79631	0	0.108138566126331	0	9	0.865558391226237	0.650714643381896	483	7
79632	0	0.248902249963845	0	9	0.865558391226237	0.650714643381896	483	7
79633	0	0.269742586642566	0	9	0.865558391226237	0.650714643381896	483	7
79634	0	0.227152901946345	0	9	0.865558391226237	0.650714643381896	483	7
79635	0	0.168388301688086	0	9	0.865558391226237	0.650714643381896	483	7
79637	5	0.764651479589284	1	9	0.865558391226237	0.650714643381896	483	7
79639	0	0.152626982566638	0	9	0.865558391226237	0.650714643381896	483	7
79641	2	0.53284389901456	0	9	0.865558391226237	0.650714643381896	483	7
79642	0	0.42219867320381	0	9	0.865558391226237	0.650714643381896	483	7
79643	2	0.457440658821935	0	9	0.865558391226237	0.650714643381896	483	7
79644	0	0.432396028411132	0	9	0.865558391226237	0.650714643381896	483	7
79646	0	0.474789668427577	0	9	0.865558391226237	0.650714643381896	483	7
79647	3	0.289840567039147	0	9	0.865558391226237	0.650714643381896	483	7
79648	0	0.280383269865587	0	9	0.865558391226237	0.650714643381896	483	7
79649	0	0.540783592342745	0	9	0.865558391226237	0.650714643381896	483	7
79650	0	0.253970836058863	0	9	0.865558391226237	0.650714643381896	483	7
79651	5	0.68192650735798	1	9	0.865558391226237	0.650714643381896	483	7
79652	4	0.233284867043325	0	9	0.865558391226237	0.650714643381896	483	7
79654	2	0.233253760388459	0	9	0.865558391226237	0.650714643381896	483	7
79656	0	0.476325615054739	0	9	0.865558391226237	0.650714643381896	483	7
79657	3	0.54610619073308	0	9	0.865558391226237	0.650714643381896	483	7
79658	2	0.510105510443647	0	9	0.865558391226237	0.650714643381896	483	7
79659	4	0.226703973774084	0	9	0.865558391226237	0.650714643381896	483	7
79663	0	0.530097723972048	0	9	0.865558391226237	0.650714643381896	483	7
79664	0	0.0663305478899009	0	9	0.865558391226237	0.650714643381896	483	7
79665	3	0.247758505562575	0	9	0.865558391226237	0.650714643381896	483	7
79666	3	0.339244206058029	0	9	0.865558391226237	0.650714643381896	483	7
79668	1	0.590789773502578	0	9	0.865558391226237	0.650714643381896	483	7
79669	0	0.589678332429637	0	9	0.865558391226237	0.650714643381896	483	7
79670	0	0.489314257450491	0	9	0.865558391226237	0.650714643381896	483	7
79671	4	0.444212704574337	0	9	0.865558391226237	0.650714643381896	483	7
79672	2	0.394134167114497	0	9	0.865558391226237	0.650714643381896	483	7
79673	0	-0.135302012565798	0	9	0.865558391226237	0.650714643381896	483	7
79675	1	0.49219912231607	0	9	0.865558391226237	0.650714643381896	483	7
79676	0	0.47065564866091	0	9	0.865558391226237	0.650714643381896	483	7
79677	0	0.490893214256061	0	9	0.865558391226237	0.650714643381896	483	7
79679	0	0.611038952796879	0	9	0.865558391226237	0.650714643381896	483	7
79683	0	0.479541793437508	0	9	0.865558391226237	0.650714643381896	483	7
79684	4	0.245441287256114	0	9	0.865558391226237	0.650714643381896	483	7
79685	2	0.358014382768384	0	9	0.865558391226237	0.650714643381896	483	7
79689	0	0.254884520998645	0	9	0.865558391226237	0.650714643381896	483	7
79690	1	0.756941779508257	0	9	0.865558391226237	0.650714643381896	483	7
79691	4	0.100568010143392	0	9	0.865558391226237	0.650714643381896	483	7
79693	0	0.274007249279138	0	9	0.865558391226237	0.650714643381896	483	7
79694	4	0.291321672366101	0	9	0.865558391226237	0.650714643381896	483	7
79695	3	0.459834120689809	0	9	0.865558391226237	0.650714643381896	483	7
79696	2	0.282519469610256	0	9	0.865558391226237	0.650714643381896	483	7
79697	0	0.201646888437555	0	9	0.865558391226237	0.650714643381896	483	7
79701	2	0.342525927126521	0	9	0.865558391226237	0.650714643381896	483	7
79703	5	0.67350841630648	1	9	0.865558391226237	0.650714643381896	483	7
79705	1	0.380680445127442	0	9	0.865558391226237	0.650714643381896	483	7
79707	3	0.371953551862857	0	9	0.865558391226237	0.650714643381896	483	7
79709	0	0.532608658017205	0	9	0.865558391226237	0.650714643381896	483	7
79710	0	0.255393402106822	0	9	0.865558391226237	0.650714643381896	483	7
79711	2	0.370450105087205	0	9	0.865558391226237	0.650714643381896	483	7
79712	1	0.446559828640267	0	9	0.865558391226237	0.650714643381896	483	7
79713	0	0.516235399006604	0	9	0.865558391226237	0.650714643381896	483	7
79714	2	0.443385784931808	0	9	0.865558391226237	0.650714643381896	483	7
79717	0	0.155472974201102	0	9	0.865558391226237	0.650714643381896	483	7
79718	0	0.430958401378434	0	9	0.865558391226237	0.650714643381896	483	7
79719	3	0.351313518884287	0	9	0.865558391226237	0.650714643381896	483	7
79720	4	0.457843140013128	0	9	0.865558391226237	0.650714643381896	483	7
79722	1	0.480582867338961	0	9	0.865558391226237	0.650714643381896	483	7
79723	0	0.426647582498872	0	9	0.865558391226237	0.650714643381896	483	7
79725	0	0.514438333403638	0	9	0.865558391226237	0.650714643381896	483	7
79726	0	0.25152904348145	0	9	0.865558391226237	0.650714643381896	483	7
79728	0	0.535868628934259	0	9	0.865558391226237	0.650714643381896	483	7
79729	0	0.390483668625687	0	9	0.865558391226237	0.650714643381896	483	7
79731	3	0.395729586738082	0	9	0.865558391226237	0.650714643381896	483	7
79733	0	0.460644980964304	0	9	0.865558391226237	0.650714643381896	483	7
79734	1	0.414823801403578	0	9	0.865558391226237	0.650714643381896	483	7
79736	0	0.375893615600385	0	9	0.865558391226237	0.650714643381896	483	7
79738	0	0.268909412503021	0	9	0.865558391226237	0.650714643381896	483	7
79739	0	0.338376813103307	0	9	0.865558391226237	0.650714643381896	483	7
79740	0	0.341100619484763	0	9	0.865558391226237	0.650714643381896	483	7
79742	1	0.318343648152517	0	9	0.865558391226237	0.650714643381896	483	7
79744	4	0.509422307129315	0	9	0.865558391226237	0.650714643381896	483	7
79745	0	0.0932456152956888	0	9	0.865558391226237	0.650714643381896	483	7
79746	6	-0.0116604558588278	0	9	0.865558391226237	0.650714643381896	483	7
79750	0	0.254700666649282	0	9	0.865558391226237	0.650714643381896	483	7
79751	2	0.23052094425189	0	9	0.865558391226237	0.650714643381896	483	7
79752	0	0.0948076252855612	0	9	0.865558391226237	0.650714643381896	483	7
79753	0	0.254900223546756	0	9	0.865558391226237	0.650714643381896	483	7
79754	2	0.300535611716152	0	9	0.865558391226237	0.650714643381896	483	7
79755	0	0.200764501616414	0	9	0.865558391226237	0.650714643381896	483	7
79758	0	0.465442865665681	0	9	0.865558391226237	0.650714643381896	483	7
79759	1	0.504789939316133	0	9	0.865558391226237	0.650714643381896	483	7
79760	1	0.615809291223515	0	9	0.865558391226237	0.650714643381896	483	7
79762	0	-0.121715827362172	0	9	0.865558391226237	0.650714643381896	483	7
79763	2	0.384342385643896	0	9	0.865558391226237	0.650714643381896	483	7
79767	2	0.556136966393959	0	9	0.865558391226237	0.650714643381896	483	7
79768	0	0.344789037844987	0	9	0.865558391226237	0.650714643381896	483	7
79770	0	0.187604813113416	0	9	0.865558391226237	0.650714643381896	483	7
79772	1	0.578827748993794	0	9	0.865558391226237	0.650714643381896	483	7
79774	0	0.250104748691867	0	9	0.865558391226237	0.650714643381896	483	7
79776	1	0.705694802644525	0	9	0.865558391226237	0.650714643381896	483	7
79777	0	0.505545786204319	0	9	0.865558391226237	0.650714643381896	483	7
79778	0	0.259925284624494	0	9	0.865558391226237	0.650714643381896	483	7
79781	1	0.668243107544385	0	9	0.865558391226237	0.650714643381896	483	7
79783	6	0.0781943779379522	0	9	0.865558391226237	0.650714643381896	483	7
79784	1	0.603071864638007	0	9	0.865558391226237	0.650714643381896	483	7
79785	0	0.183010987478506	0	9	0.865558391226237	0.650714643381896	483	7
79786	0	0.275258724450873	0	9	0.865558391226237	0.650714643381896	483	7
79788	0	0.133265136565147	0	9	0.865558391226237	0.650714643381896	483	7
79789	3	0.206179999798984	0	9	0.865558391226237	0.650714643381896	483	7
79791	1	0.348814723914576	0	9	0.865558391226237	0.650714643381896	483	7
79792	2	0.365423848419288	0	9	0.865558391226237	0.650714643381896	483	7
79794	1	0.363094221823498	0	9	0.865558391226237	0.650714643381896	483	7
79796	0	0.0341571988405444	0	9	0.865558391226237	0.650714643381896	483	7
79797	2	0.400064924537901	0	9	0.865558391226237	0.650714643381896	483	7
79800	4	0.327922871715826	0	9	0.865558391226237	0.650714643381896	483	7
79801	3	0.64601030950596	0	9	0.865558391226237	0.650714643381896	483	7
79803	1	0.627385894578309	0	9	0.865558391226237	0.650714643381896	483	7
79805	1	0.724078904169843	0	9	0.865558391226237	0.650714643381896	483	7
79810	0	0.516343636274257	0	9	0.865558391226237	0.650714643381896	483	7
79811	4	0.398639869136756	0	9	0.865558391226237	0.650714643381896	483	7
79812	4	0.293500032540628	0	9	0.865558391226237	0.650714643381896	483	7
79813	1	0.450152711588046	0	9	0.865558391226237	0.650714643381896	483	7
79814	7	-0.197596213592789	0	9	0.865558391226237	0.650714643381896	483	7
79815	1	0.390944437669555	0	9	0.865558391226237	0.650714643381896	483	7
79816	1	0.425873714325997	0	9	0.865558391226237	0.650714643381896	483	7
79817	1	0.621416233294038	0	9	0.865558391226237	0.650714643381896	483	7
79818	0	0.650986682247758	0	9	0.865558391226237	0.650714643381896	483	7
79819	0	0.223126508810256	0	9	0.865558391226237	0.650714643381896	483	7
79822	0	-0.337166220429996	0	9	0.865558391226237	0.650714643381896	483	7
79823	0	0.454152698031267	0	9	0.865558391226237	0.650714643381896	483	7
79825	1	0.16118940102156	0	9	0.865558391226237	0.650714643381896	483	7
79828	3	0.412160477014624	0	9	0.865558391226237	0.650714643381896	483	7
79829	0	0.341586366166435	0	9	0.865558391226237	0.650714643381896	483	7
79830	0	0.329147999022716	0	9	0.865558391226237	0.650714643381896	483	7
79831	1	0.467754704376205	0	9	0.865558391226237	0.650714643381896	483	7
79832	0	0.181699383018534	0	9	0.865558391226237	0.650714643381896	483	7
79833	0	0.328772576862123	0	9	0.865558391226237	0.650714643381896	483	7
79834	1	0.593307675331856	0	9	0.865558391226237	0.650714643381896	483	7
79836	0	-0.138091639540966	0	9	0.865558391226237	0.650714643381896	483	7
79837	0	0.0767585809124745	0	9	0.865558391226237	0.650714643381896	483	7
79839	0	0.280171541455949	0	9	0.865558391226237	0.650714643381896	483	7
79841	1	0.520984601201016	0	9	0.865558391226237	0.650714643381896	483	7
79843	1	0.377694402091845	0	9	0.865558391226237	0.650714643381896	483	7
79845	1	0.557272938732372	0	9	0.865558391226237	0.650714643381896	483	7
79846	3	0.385041331899886	0	9	0.865558391226237	0.650714643381896	483	7
79847	1	0.497577141140445	0	9	0.865558391226237	0.650714643381896	483	7
79848	0	0.312389676054118	0	9	0.865558391226237	0.650714643381896	483	7
79849	7	0.0705054021178516	0	9	0.865558391226237	0.650714643381896	483	7
79850	1	0.60295959040358	0	9	0.865558391226237	0.650714643381896	483	7
79852	1	0.458677254897163	0	9	0.865558391226237	0.650714643381896	483	7
79858	0	0.124378958028036	0	9	0.865558391226237	0.650714643381896	483	7
79861	0	0.305188005738879	0	9	0.865558391226237	0.650714643381896	483	7
79862	1	0.345115282890883	0	9	0.865558391226237	0.650714643381896	483	7
79863	0	0.178636773881964	0	9	0.865558391226237	0.650714643381896	483	7
79864	4	0.184449597460016	0	9	0.865558391226237	0.650714643381896	483	7
79865	1	0.418139943620101	0	9	0.865558391226237	0.650714643381896	483	7
79866	1	0.684409750758288	0	9	0.865558391226237	0.650714643381896	483	7
79867	1	0.550389431759302	0	9	0.865558391226237	0.650714643381896	483	7
79868	0	0.215173269477726	0	9	0.865558391226237	0.650714643381896	483	7
79869	0	0.577213529591337	0	9	0.865558391226237	0.650714643381896	483	7
79870	0	0.242432437650127	0	9	0.865558391226237	0.650714643381896	483	7
79871	0	0.311686987345585	0	9	0.865558391226237	0.650714643381896	483	7
79872	0	0.333721289712437	0	9	0.865558391226237	0.650714643381896	483	7
79873	2	0.331569344580716	0	9	0.865558391226237	0.650714643381896	483	7
79874	0	0.231400467361081	0	9	0.865558391226237	0.650714643381896	483	7
79875	0	0.290249188373669	0	9	0.865558391226237	0.650714643381896	483	7
79876	3	0.300317157409614	0	9	0.865558391226237	0.650714643381896	483	7
79877	0	0.406232076969486	0	9	0.865558391226237	0.650714643381896	483	7
79879	1	0.560116049901672	0	9	0.865558391226237	0.650714643381896	483	7
79882	4	0.130715597529487	0	9	0.865558391226237	0.650714643381896	483	7
79883	1	0.47360623841269	0	9	0.865558391226237	0.650714643381896	483	7
79884	4	0.411548688123519	0	9	0.865558391226237	0.650714643381896	483	7
79885	5	0.587861998187019	1	9	0.865558391226237	0.650714643381896	483	7
79886	0	0.0454735365099333	0	9	0.865558391226237	0.650714643381896	483	7
79887	0	0.0426969103009038	0	9	0.865558391226237	0.650714643381896	483	7
79888	5	0.547829919833591	1	9	0.865558391226237	0.650714643381896	483	7
79890	1	0.417717572027215	0	9	0.865558391226237	0.650714643381896	483	7
79891	1	0.125620408588829	0	9	0.865558391226237	0.650714643381896	483	7
79892	0	0.0716177987160674	0	9	0.865558391226237	0.650714643381896	483	7
79893	0	0.15958038009375	0	9	0.865558391226237	0.650714643381896	483	7
79894	2	0.515198575152144	0	9	0.865558391226237	0.650714643381896	483	7
79895	5	0.693952716803416	1	9	0.865558391226237	0.650714643381896	483	7
79896	3	0.398111331734732	0	9	0.865558391226237	0.650714643381896	483	7
79899	5	0.678949626074291	1	9	0.865558391226237	0.650714643381896	483	7
79901	0	0.274383217178977	0	9	0.865558391226237	0.650714643381896	483	7
79902	3	0.430213591508005	0	9	0.865558391226237	0.650714643381896	483	7
79903	0	0.22731813426461	0	9	0.865558391226237	0.650714643381896	483	7
79905	0	0.070240844998587	0	9	0.865558391226237	0.650714643381896	483	7
79906	1	0.27771794951862	0	9	0.865558391226237	0.650714643381896	483	7
79912	4	0.245220657141083	0	9	0.865558391226237	0.650714643381896	483	7
79913	0	0.529535643649426	0	9	0.865558391226237	0.650714643381896	483	7
79915	0	0.1425717450578	0	9	0.865558391226237	0.650714643381896	483	7
79917	0	0.435068101374431	0	9	0.865558391226237	0.650714643381896	483	7
79918	3	0.243541847178264	0	9	0.865558391226237	0.650714643381896	483	7
79919	0	0.273095434393082	0	9	0.865558391226237	0.650714643381896	483	7
79921	0	-0.215150218126066	0	9	0.865558391226237	0.650714643381896	483	7
79922	1	0.391709966449619	0	9	0.865558391226237	0.650714643381896	483	7
79924	1	0.445591873601642	0	9	0.865558391226237	0.650714643381896	483	7
79927	0	0.103198093181777	0	9	0.865558391226237	0.650714643381896	483	7
79929	1	0.286902826188551	0	9	0.865558391226237	0.650714643381896	483	7
79930	1	0.514037962668642	0	9	0.865558391226237	0.650714643381896	483	7
79932	6	0.101494316059097	0	9	0.865558391226237	0.650714643381896	483	7
79933	1	0.345429388478731	0	9	0.865558391226237	0.650714643381896	483	7
79935	1	0.488282123055098	0	9	0.865558391226237	0.650714643381896	483	7
79939	0	0.47296407129559	0	9	0.865558391226237	0.650714643381896	483	7
79943	0	0.216331373673785	0	9	0.865558391226237	0.650714643381896	483	7
79944	3	0.392784018801029	0	9	0.865558391226237	0.650714643381896	483	7
79947	0	0.475075013186339	0	9	0.865558391226237	0.650714643381896	483	7
79948	1	0.618737244259973	0	9	0.865558391226237	0.650714643381896	483	7
79953	0	0.236820550983274	0	9	0.865558391226237	0.650714643381896	483	7
79954	0	0.367521714424499	0	9	0.865558391226237	0.650714643381896	483	7
79955	1	0.234941114713763	0	9	0.865558391226237	0.650714643381896	483	7
79956	3	0.399302238880377	0	9	0.865558391226237	0.650714643381896	483	7
79957	1	0.196771724294051	0	9	0.865558391226237	0.650714643381896	483	7
79958	0	0.643066472682109	0	9	0.865558391226237	0.650714643381896	483	7
79959	0	0.302386320325252	0	9	0.865558391226237	0.650714643381896	483	7
79960	4	0.114120378954271	0	9	0.865558391226237	0.650714643381896	483	7
79961	0	0.551361089376175	0	9	0.865558391226237	0.650714643381896	483	7
79962	2	0.512186228570174	0	9	0.865558391226237	0.650714643381896	483	7
79968	0	0.363983078428405	0	9	0.865558391226237	0.650714643381896	483	7
79971	6	0.273191782705664	0	9	0.865558391226237	0.650714643381896	483	7
79973	1	0.368593242345538	0	9	0.865558391226237	0.650714643381896	483	7
79974	1	0.585635181559982	0	9	0.865558391226237	0.650714643381896	483	7
79977	0	0.616835232826799	0	9	0.865558391226237	0.650714643381896	483	7
79979	0	0.310504739982934	0	9	0.865558391226237	0.650714643381896	483	7
79980	0	0.388653586549069	0	9	0.865558391226237	0.650714643381896	483	7
79981	4	0.0239506742361971	0	9	0.865558391226237	0.650714643381896	483	7
79982	3	0.416499759170309	0	9	0.865558391226237	0.650714643381896	483	7
79983	0	0.238995527472165	0	9	0.865558391226237	0.650714643381896	483	7
79987	5	0.795707311447983	1	9	0.865558391226237	0.650714643381896	483	7
79989	4	0.305607960345054	0	9	0.865558391226237	0.650714643381896	483	7
79990	1	0.451325219358724	0	9	0.865558391226237	0.650714643381896	483	7
79991	4	0.124712216433053	0	9	0.865558391226237	0.650714643381896	483	7
80000	0	0.097632630815613	0	9	0.865558391226237	0.650714643381896	483	7
80003	0	0.193806507261657	0	9	0.865558391226237	0.650714643381896	483	7
80005	1	0.575322730836888	0	9	0.865558391226237	0.650714643381896	483	7
80006	3	0.211761142453946	0	9	0.865558391226237	0.650714643381896	483	7
80007	0	-0.114056441378345	0	9	0.865558391226237	0.650714643381896	483	7
80008	0	0.402634927609584	0	9	0.865558391226237	0.650714643381896	483	7
80010	0	0.30746533175962	0	9	0.865558391226237	0.650714643381896	483	7
80011	0	-0.0909081220163723	0	9	0.865558391226237	0.650714643381896	483	7
80017	0	0.31479078925855	0	9	0.865558391226237	0.650714643381896	483	7
80019	0	0.477030422583915	0	9	0.865558391226237	0.650714643381896	483	7
80020	1	0.378618068094442	0	9	0.865558391226237	0.650714643381896	483	7
80021	0	0.609091026421069	0	9	0.865558391226237	0.650714643381896	483	7
80022	2	0.282010062177635	0	9	0.865558391226237	0.650714643381896	483	7
80023	1	0.518413237368815	0	9	0.865558391226237	0.650714643381896	483	7
80024	2	0.514466162748521	0	9	0.865558391226237	0.650714643381896	483	7
80025	0	0.444780096876025	0	9	0.865558391226237	0.650714643381896	483	7
80028	0	0.0261509028532471	0	9	0.865558391226237	0.650714643381896	483	7
80031	0	-0.0220485740194417	0	9	0.865558391226237	0.650714643381896	483	7
80034	0	0.431324414948101	0	9	0.865558391226237	0.650714643381896	483	7
80036	0	0.146900297832062	0	9	0.865558391226237	0.650714643381896	483	7
80055	1	0.425934941987937	0	9	0.865558391226237	0.650714643381896	483	7
80067	0	0.530972538082967	0	9	0.865558391226237	0.650714643381896	483	7
80071	0	0.295982643018111	0	9	0.865558391226237	0.650714643381896	483	7
80086	0	0.41599145648213	0	9	0.865558391226237	0.650714643381896	483	7
80095	0	0.123861718702817	0	9	0.865558391226237	0.650714643381896	483	7
80108	4	0.119671029658388	0	9	0.865558391226237	0.650714643381896	483	7
80110	0	0.371568119948481	0	9	0.865558391226237	0.650714643381896	483	7
80111	0	0.269545385694673	0	9	0.865558391226237	0.650714643381896	483	7
80114	0	0.143988402957421	0	9	0.865558391226237	0.650714643381896	483	7
80124	0	0.173684159838743	0	9	0.865558391226237	0.650714643381896	483	7
80127	4	0.205952997855822	0	9	0.865558391226237	0.650714643381896	483	7
80128	1	0.301303449069531	0	9	0.865558391226237	0.650714643381896	483	7
80129	0	0.450745081075373	0	9	0.865558391226237	0.650714643381896	483	7
80131	5	0.673176199854273	1	9	0.865558391226237	0.650714643381896	483	7
80133	0	0.450932833749145	0	9	0.865558391226237	0.650714643381896	483	7
80135	2	0.318085081251573	0	9	0.865558391226237	0.650714643381896	483	7
80142	0	0.346534129774505	0	9	0.865558391226237	0.650714643381896	483	7
80143	5	0.654231498334634	1	9	0.865558391226237	0.650714643381896	483	7
80144	0	0.328687289696622	0	9	0.865558391226237	0.650714643381896	483	7
80145	0	0.180677815823084	0	9	0.865558391226237	0.650714643381896	483	7
80146	3	0.662764592172204	0	9	0.865558391226237	0.650714643381896	483	7
80148	0	0.143759775392996	0	9	0.865558391226237	0.650714643381896	483	7
80150	0	0.325399211891484	0	9	0.865558391226237	0.650714643381896	483	7
80152	0	0.240649867380385	0	9	0.865558391226237	0.650714643381896	483	7
80153	0	0.431782909498755	0	9	0.865558391226237	0.650714643381896	483	7
80155	0	0.498037166541425	0	9	0.865558391226237	0.650714643381896	483	7
80157	3	0.316712997290081	0	9	0.865558391226237	0.650714643381896	483	7
80162	1	0.705856842560245	0	9	0.865558391226237	0.650714643381896	483	7
80164	1	0.454140647217594	0	9	0.865558391226237	0.650714643381896	483	7
80167	4	0.234919765294457	0	9	0.865558391226237	0.650714643381896	483	7
80168	1	0.523540542904443	0	9	0.865558391226237	0.650714643381896	483	7
80169	0	0.585635268166978	0	9	0.865558391226237	0.650714643381896	483	7
80173	0	0.283143804087426	0	9	0.865558391226237	0.650714643381896	483	7
80176	4	0.290503045127849	0	9	0.865558391226237	0.650714643381896	483	7
80177	4	0.286698582783337	0	9	0.865558391226237	0.650714643381896	483	7
80178	1	0.420014994308698	0	9	0.865558391226237	0.650714643381896	483	7
80179	0	0.39519526033608	0	9	0.865558391226237	0.650714643381896	483	7
80183	5	0.525577258446555	1	9	0.865558391226237	0.650714643381896	483	7
80184	0	0.284074920739	0	9	0.865558391226237	0.650714643381896	483	7
80185	3	0.266012142714544	0	9	0.865558391226237	0.650714643381896	483	7
80194	2	0.485054208508764	0	9	0.865558391226237	0.650714643381896	483	7
80195	0	0.24470870134468	0	9	0.865558391226237	0.650714643381896	483	7
80196	0	0.581973357323396	0	9	0.865558391226237	0.650714643381896	483	7
80198	2	0.516930582839528	0	9	0.865558391226237	0.650714643381896	483	7
80199	1	0.345500547203354	0	9	0.865558391226237	0.650714643381896	483	7
80201	0	0.611316228623629	0	9	0.865558391226237	0.650714643381896	483	7
80204	3	0.322174788061211	0	9	0.865558391226237	0.650714643381896	483	7
80205	0	0.563106150111548	0	9	0.865558391226237	0.650714643381896	483	7
80206	3	0.370594889630516	0	9	0.865558391226237	0.650714643381896	483	7
80207	0	0.554475481173621	0	9	0.865558391226237	0.650714643381896	483	7
80208	3	0.477295244523845	0	9	0.865558391226237	0.650714643381896	483	7
80209	0	0.394719342422053	0	9	0.865558391226237	0.650714643381896	483	7
80210	2	0.354626896458922	0	9	0.865558391226237	0.650714643381896	483	7
80212	3	0.250597186978996	0	9	0.865558391226237	0.650714643381896	483	7
80213	3	0.28995223947884	0	9	0.865558391226237	0.650714643381896	483	7
80217	0	0.442789875643945	0	9	0.865558391226237	0.650714643381896	483	7
80218	3	0.371328002287913	0	9	0.865558391226237	0.650714643381896	483	7
80219	0	0.398168019276546	0	9	0.865558391226237	0.650714643381896	483	7
80221	6	-0.171480753087464	0	9	0.865558391226237	0.650714643381896	483	7
80223	0	0.310201894614189	0	9	0.865558391226237	0.650714643381896	483	7
80224	3	0.365199429479875	0	9	0.865558391226237	0.650714643381896	483	7
80227	3	0.221165307660556	0	9	0.865558391226237	0.650714643381896	483	7
80228	0	0.653044257146407	0	9	0.865558391226237	0.650714643381896	483	7
80230	0	0.0640499302656644	0	9	0.865558391226237	0.650714643381896	483	7
80231	0	0.62337440100395	0	9	0.865558391226237	0.650714643381896	483	7
80232	0	0.0826448189760268	0	9	0.865558391226237	0.650714643381896	483	7
80233	0	0.446294507391611	0	9	0.865558391226237	0.650714643381896	483	7
80235	0	0.128655524557815	0	9	0.865558391226237	0.650714643381896	483	7
80237	1	0.522616015687533	0	9	0.865558391226237	0.650714643381896	483	7
80254	0	-0.194944205671367	0	9	0.865558391226237	0.650714643381896	483	7
80256	2	0.405681352673193	0	9	0.865558391226237	0.650714643381896	483	7
80258	0	0.309672705056519	0	9	0.865558391226237	0.650714643381896	483	7
80263	0	0.33353357524639	0	9	0.865558391226237	0.650714643381896	483	7
80264	0	0.497615344215229	0	9	0.865558391226237	0.650714643381896	483	7
80267	1	0.448972774514477	0	9	0.865558391226237	0.650714643381896	483	7
80271	0	0.303793997178379	0	9	0.865558391226237	0.650714643381896	483	7
80273	2	0.10387783929587	0	9	0.865558391226237	0.650714643381896	483	7
80279	2	0.389598744323402	0	9	0.865558391226237	0.650714643381896	483	7
80301	0	0.546253380617738	0	9	0.865558391226237	0.650714643381896	483	7
80303	0	-0.0958392601020087	0	9	0.865558391226237	0.650714643381896	483	7
80304	3	0.445542023562137	0	9	0.865558391226237	0.650714643381896	483	7
80305	1	0.545141634933009	0	9	0.865558391226237	0.650714643381896	483	7
80306	0	0.191604607142013	0	9	0.865558391226237	0.650714643381896	483	7
80308	2	0.544156451533107	0	9	0.865558391226237	0.650714643381896	483	7
80310	4	0.292681293561769	0	9	0.865558391226237	0.650714643381896	483	7
80317	4	0.249731955428138	0	9	0.865558391226237	0.650714643381896	483	7
80319	4	0.29836331614232	0	9	0.865558391226237	0.650714643381896	483	7
80321	3	0.242273965699418	0	9	0.865558391226237	0.650714643381896	483	7
80323	0	0.0712560079712837	0	9	0.865558391226237	0.650714643381896	483	7
80324	2	0.679968364658157	0	9	0.865558391226237	0.650714643381896	483	7
80335	5	0.652925037266031	1	9	0.865558391226237	0.650714643381896	483	7
80339	3	0.449323733115525	0	9	0.865558391226237	0.650714643381896	483	7
80342	5	0.786243963827088	1	9	0.865558391226237	0.650714643381896	483	7
80344	0	0.354569633491853	0	9	0.865558391226237	0.650714643381896	483	7
80345	0	0.427371230804965	0	9	0.865558391226237	0.650714643381896	483	7
80346	0	0.410282618920088	0	9	0.865558391226237	0.650714643381896	483	7
80347	2	0.390285447017163	0	9	0.865558391226237	0.650714643381896	483	7
80349	1	0.407271383632971	0	9	0.865558391226237	0.650714643381896	483	7
80351	3	0.493488347517041	0	9	0.865558391226237	0.650714643381896	483	7
80380	0	0.308484195869251	0	9	0.865558391226237	0.650714643381896	483	7
80704	0	0.407758984360865	0	9	0.865558391226237	0.650714643381896	483	7
80705	1	0.552355653225397	0	9	0.865558391226237	0.650714643381896	483	7
80723	0	0.445006518826246	0	9	0.865558391226237	0.650714643381896	483	7
80724	2	0.463188942491769	0	9	0.865558391226237	0.650714643381896	483	7
80745	3	0.303098062104667	0	9	0.865558391226237	0.650714643381896	483	7
80746	3	0.356020047416623	0	9	0.865558391226237	0.650714643381896	483	7
80757	0	0.644350903831166	0	9	0.865558391226237	0.650714643381896	483	7
80758	1	0.614827134029913	0	9	0.865558391226237	0.650714643381896	483	7
80760	4	0.133005979763439	0	9	0.865558391226237	0.650714643381896	483	7
80762	3	0.362458104888138	0	9	0.865558391226237	0.650714643381896	483	7
80763	1	0.42093458576435	0	9	0.865558391226237	0.650714643381896	483	7
80764	0	0.247796904269349	0	9	0.865558391226237	0.650714643381896	483	7
80765	1	0.66044104532052	0	9	0.865558391226237	0.650714643381896	483	7
80772	2	0.507273237767083	0	9	0.865558391226237	0.650714643381896	483	7
80774	1	0.652227272054445	0	9	0.865558391226237	0.650714643381896	483	7
80775	2	0.507091546862964	0	9	0.865558391226237	0.650714643381896	483	7
80776	1	0.537132846311928	0	9	0.865558391226237	0.650714643381896	483	7
80777	0	0.248005472444741	0	9	0.865558391226237	0.650714643381896	483	7
80778	2	0.211406877760848	0	9	0.865558391226237	0.650714643381896	483	7
80781	2	0.310690856762622	0	9	0.865558391226237	0.650714643381896	483	7
80789	1	0.505305598901694	0	9	0.865558391226237	0.650714643381896	483	7
80816	0	0.404596797022774	0	9	0.865558391226237	0.650714643381896	483	7
80823	0	-0.17338861297117	0	9	0.865558391226237	0.650714643381896	483	7
80830	0	0.312432481322385	0	9	0.865558391226237	0.650714643381896	483	7
80833	0	0.190673874434441	0	9	0.865558391226237	0.650714643381896	483	7
80852	1	0.366947658780872	0	9	0.865558391226237	0.650714643381896	483	7
80853	2	-0.201069370526642	0	9	0.865558391226237	0.650714643381896	483	7
80895	0	0.18327016066921	0	9	0.865558391226237	0.650714643381896	483	7
80896	2	0.363382055912262	0	9	0.865558391226237	0.650714643381896	483	7
80975	1	0.441525598555674	0	9	0.865558391226237	0.650714643381896	483	7
81027	1	0.353122875477353	0	9	0.865558391226237	0.650714643381896	483	7
81029	4	0.278060977897376	0	9	0.865558391226237	0.650714643381896	483	7
81030	1	0.466971801178397	0	9	0.865558391226237	0.650714643381896	483	7
81031	4	0.259321330270019	0	9	0.865558391226237	0.650714643381896	483	7
81033	2	0.355878605238257	0	9	0.865558391226237	0.650714643381896	483	7
81034	0	0.0602164409965399	0	9	0.865558391226237	0.650714643381896	483	7
81035	0	0.401057826496792	0	9	0.865558391226237	0.650714643381896	483	7
81490	2	0.31253942941403	0	9	0.865558391226237	0.650714643381896	483	7
81491	0	0.270196092419471	0	9	0.865558391226237	0.650714643381896	483	7
81493	3	0.418582543227594	0	9	0.865558391226237	0.650714643381896	483	7
81501	1	0.428905855954353	0	9	0.865558391226237	0.650714643381896	483	7
81533	3	0.267537312623244	0	9	0.865558391226237	0.650714643381896	483	7
81537	3	0.330831954496312	0	9	0.865558391226237	0.650714643381896	483	7
81539	5	0.659571076116573	1	9	0.865558391226237	0.650714643381896	483	7
81542	3	0.52366911702797	0	9	0.865558391226237	0.650714643381896	483	7
81543	1	0.368003704466905	0	9	0.865558391226237	0.650714643381896	483	7
81544	0	0.354953934084099	0	9	0.865558391226237	0.650714643381896	483	7
81545	0	0.575913582042794	0	9	0.865558391226237	0.650714643381896	483	7
81550	0	0.350004617762075	0	9	0.865558391226237	0.650714643381896	483	7
81553	1	0.5965870678635	0	9	0.865558391226237	0.650714643381896	483	7
81554	2	0.450149433549232	0	9	0.865558391226237	0.650714643381896	483	7
81555	0	0.437661776979294	0	9	0.865558391226237	0.650714643381896	483	7
81556	0	0.385103809419526	0	9	0.865558391226237	0.650714643381896	483	7
81558	2	0.348616267693074	0	9	0.865558391226237	0.650714643381896	483	7
81562	0	-0.0645538775788103	0	9	0.865558391226237	0.650714643381896	483	7
81563	4	0.138193980591103	0	9	0.865558391226237	0.650714643381896	483	7
81565	4	0.26699961445769	0	9	0.865558391226237	0.650714643381896	483	7
81566	4	0.10885876180264	0	9	0.865558391226237	0.650714643381896	483	7
81570	2	0.592747508204211	0	9	0.865558391226237	0.650714643381896	483	7
81575	4	0.249341908319404	0	9	0.865558391226237	0.650714643381896	483	7
81576	0	0.0090949873751907	0	9	0.865558391226237	0.650714643381896	483	7
81577	1	0.303251287807972	0	9	0.865558391226237	0.650714643381896	483	7
81578	0	0.205817906586627	0	9	0.865558391226237	0.650714643381896	483	7
81579	0	0.413849067502819	0	9	0.865558391226237	0.650714643381896	483	7
81602	3	0.361311667877425	0	9	0.865558391226237	0.650714643381896	483	7
81603	0	-0.0340292858107368	0	9	0.865558391226237	0.650714643381896	483	7
81605	0	0.366112035856387	0	9	0.865558391226237	0.650714643381896	483	7
81606	4	0.227200769428436	0	9	0.865558391226237	0.650714643381896	483	7
81608	0	0.00726813106417078	0	9	0.865558391226237	0.650714643381896	483	7
81609	0	0.108179307604549	0	9	0.865558391226237	0.650714643381896	483	7
81611	4	0.328320347581365	0	9	0.865558391226237	0.650714643381896	483	7
81614	4	0.343093442984616	0	9	0.865558391226237	0.650714643381896	483	7
81616	0	0.0373294303037225	0	9	0.865558391226237	0.650714643381896	483	7
81617	1	0.349628914033227	0	9	0.865558391226237	0.650714643381896	483	7
81618	2	0.42435445428732	0	9	0.865558391226237	0.650714643381896	483	7
81619	0	0.206151894450418	0	9	0.865558391226237	0.650714643381896	483	7
81620	1	0.567884227020513	0	9	0.865558391226237	0.650714643381896	483	7
81621	1	0.622844944995199	0	9	0.865558391226237	0.650714643381896	483	7
81624	0	0.274477638341462	0	9	0.865558391226237	0.650714643381896	483	7
81627	4	0.185411828372239	0	9	0.865558391226237	0.650714643381896	483	7
81628	7	0.386741264404164	0	9	0.865558391226237	0.650714643381896	483	7
81631	2	0.413626767856223	0	9	0.865558391226237	0.650714643381896	483	7
81669	0	0.0792085344837433	0	9	0.865558391226237	0.650714643381896	483	7
81688	0	0.277137086706567	0	9	0.865558391226237	0.650714643381896	483	7
81689	0	0.217412537541289	0	9	0.865558391226237	0.650714643381896	483	7
81789	0	0.397802509747228	0	9	0.865558391226237	0.650714643381896	483	7
81792	1	0.467819049262036	0	9	0.865558391226237	0.650714643381896	483	7
81796	1	0.33039282172614	0	9	0.865558391226237	0.650714643381896	483	7
81831	0	0.322281068752081	0	9	0.865558391226237	0.650714643381896	483	7
81839	3	0.408334036171843	0	9	0.865558391226237	0.650714643381896	483	7
81847	0	0.385456900648177	0	9	0.865558391226237	0.650714643381896	483	7
81848	4	0.169738130468187	0	9	0.865558391226237	0.650714643381896	483	7
81855	0	-0.0709431424918831	0	9	0.865558391226237	0.650714643381896	483	7
81856	0	0.561292878483232	0	9	0.865558391226237	0.650714643381896	483	7
81857	0	0.21050721416876	0	9	0.865558391226237	0.650714643381896	483	7
81858	1	0.363119350395376	0	9	0.865558391226237	0.650714643381896	483	7
81873	0	0.526689301576092	0	9	0.865558391226237	0.650714643381896	483	7
81875	0	0.0340309128064817	0	9	0.865558391226237	0.650714643381896	483	7
81876	2	0.525352933796671	0	9	0.865558391226237	0.650714643381896	483	7
81887	0	0.342827442512664	0	9	0.865558391226237	0.650714643381896	483	7
81890	0	0.174972969258557	0	9	0.865558391226237	0.650714643381896	483	7
81892	6	0.0231159769973723	0	9	0.865558391226237	0.650714643381896	483	7
81894	0	0.0575647936470126	0	9	0.865558391226237	0.650714643381896	483	7
81929	0	-0.0865628293419934	0	9	0.865558391226237	0.650714643381896	483	7
81931	5	0.544684149087111	1	9	0.865558391226237	0.650714643381896	483	7
81932	6	0.0432531036569339	0	9	0.865558391226237	0.650714643381896	483	7
83394	0	0.20834587623066	0	9	0.865558391226237	0.650714643381896	483	7
83439	4	0.131008578581443	0	9	0.865558391226237	0.650714643381896	483	7
83440	0	0.483554002135743	0	9	0.865558391226237	0.650714643381896	483	7
83442	2	0.496493920309546	0	9	0.865558391226237	0.650714643381896	483	7
83443	2	0.278650947877246	0	9	0.865558391226237	0.650714643381896	483	7
83448	0	0.312801241915878	0	9	0.865558391226237	0.650714643381896	483	7
83449	0	0.366126607576967	0	9	0.865558391226237	0.650714643381896	483	7
83450	0	0.25844013686973	0	9	0.865558391226237	0.650714643381896	483	7
83451	0	0.654591538908237	0	9	0.865558391226237	0.650714643381896	483	7
83452	4	0.212660277479623	0	9	0.865558391226237	0.650714643381896	483	7
83461	0	0.375875454584355	0	9	0.865558391226237	0.650714643381896	483	7
83463	0	0.379656054681406	0	9	0.865558391226237	0.650714643381896	483	7
83464	1	0.648770560374665	0	9	0.865558391226237	0.650714643381896	483	7
83468	0	0.445255799522497	0	9	0.865558391226237	0.650714643381896	483	7
83475	1	0.39669034742595	0	9	0.865558391226237	0.650714643381896	483	7
83478	0	0.0330085734282672	0	9	0.865558391226237	0.650714643381896	483	7
83480	0	0.351478594298382	0	9	0.865558391226237	0.650714643381896	483	7
83481	0	0.282072186493818	0	9	0.865558391226237	0.650714643381896	483	7
83483	5	0.482857830793781	1	9	0.865558391226237	0.650714643381896	483	7
83604	4	0.140037384128736	0	9	0.865558391226237	0.650714643381896	483	7
83637	0	0.449534147492426	0	9	0.865558391226237	0.650714643381896	483	7
83638	2	0.515058324119761	0	9	0.865558391226237	0.650714643381896	483	7
83658	2	0.0655713612582796	0	9	0.865558391226237	0.650714643381896	483	7
83660	0	0.129050797948133	0	9	0.865558391226237	0.650714643381896	483	7
83696	0	0.517997693240154	0	9	0.865558391226237	0.650714643381896	483	7
83700	4	0.181649551769219	0	9	0.865558391226237	0.650714643381896	483	7
83714	4	0.19646998060474	0	9	0.865558391226237	0.650714643381896	483	7
83716	0	0.509279140356391	0	9	0.865558391226237	0.650714643381896	483	7
83737	0	0.535898173251542	0	9	0.865558391226237	0.650714643381896	483	7
83743	1	0.390444349027555	0	9	0.865558391226237	0.650714643381896	483	7
83744	0	0.215702782181773	0	9	0.865558391226237	0.650714643381896	483	7
83759	1	0.513482974112047	0	9	0.865558391226237	0.650714643381896	483	7
83786	1	0.653897866713179	0	9	0.865558391226237	0.650714643381896	483	7
83937	2	0.441766089739295	0	9	0.865558391226237	0.650714643381896	483	7
83941	0	0.258141053244973	0	9	0.865558391226237	0.650714643381896	483	7
83988	3	0.175408417741364	0	9	0.865558391226237	0.650714643381896	483	7
83990	0	0.362748357955341	0	9	0.865558391226237	0.650714643381896	483	7
84060	0	0.351529293409248	0	9	0.865558391226237	0.650714643381896	483	7
84061	0	-0.104879037441238	0	9	0.865558391226237	0.650714643381896	483	7
84065	2	0.270687755274348	0	9	0.865558391226237	0.650714643381896	483	7
84079	3	0.373227605192212	0	9	0.865558391226237	0.650714643381896	483	7
84124	3	0.259488695793828	0	9	0.865558391226237	0.650714643381896	483	7
84148	1	0.359039220350748	0	9	0.865558391226237	0.650714643381896	483	7
84159	0	0.269837218661224	0	9	0.865558391226237	0.650714643381896	483	7
84162	0	0.113982901585303	0	9	0.865558391226237	0.650714643381896	483	7
84164	0	0.105175879959876	0	9	0.865558391226237	0.650714643381896	483	7
84168	1	0.695325053879684	0	9	0.865558391226237	0.650714643381896	483	7
84179	1	0.490745477856877	0	9	0.865558391226237	0.650714643381896	483	7
84193	3	0.163504904792025	0	9	0.865558391226237	0.650714643381896	483	7
84196	1	0.49542199591438	0	9	0.865558391226237	0.650714643381896	483	7
84223	4	0.390897129155629	0	9	0.865558391226237	0.650714643381896	483	7
84243	5	0.632310752549281	1	9	0.865558391226237	0.650714643381896	483	7
84263	6	0.0542099390270296	0	9	0.865558391226237	0.650714643381896	483	7
84271	0	0.231398731948858	0	9	0.865558391226237	0.650714643381896	483	7
84272	0	0.28219885708567	0	9	0.865558391226237	0.650714643381896	483	7
84288	0	0.219395703738334	0	9	0.865558391226237	0.650714643381896	483	7
84296	1	0.56026765988691	0	9	0.865558391226237	0.650714643381896	483	7
84302	4	0.145128315390202	0	9	0.865558391226237	0.650714643381896	483	7
84364	2	0.312025872520636	0	9	0.865558391226237	0.650714643381896	483	7
84436	1	0.615615072028261	0	9	0.865558391226237	0.650714643381896	483	7
84444	0	0.514206814137387	0	9	0.865558391226237	0.650714643381896	483	7
84516	2	0.493245786090724	0	9	0.865558391226237	0.650714643381896	483	7
84525	5	0.816670591890123	1	9	0.865558391226237	0.650714643381896	483	7
84549	0	0.213823402882823	0	9	0.865558391226237	0.650714643381896	483	7
84561	0	0.483701271736292	0	9	0.865558391226237	0.650714643381896	483	7
84612	0	0.189193508442286	0	9	0.865558391226237	0.650714643381896	483	7
84617	4	0.249485750710495	0	9	0.865558391226237	0.650714643381896	483	7
84619	6	0.187511625564654	0	9	0.865558391226237	0.650714643381896	483	7
84656	3	0.593038754231823	0	9	0.865558391226237	0.650714643381896	483	7
84669	0	0.318897746842245	0	9	0.865558391226237	0.650714643381896	483	7
84679	0	0.279604826954703	0	9	0.865558391226237	0.650714643381896	483	7
84705	0	0.401944535072069	0	9	0.865558391226237	0.650714643381896	483	7
84720	1	0.471422868037695	0	9	0.865558391226237	0.650714643381896	483	7
84722	0	0.55638305626956	0	9	0.865558391226237	0.650714643381896	483	7
84726	0	0.26887634133903	0	9	0.865558391226237	0.650714643381896	483	7
84733	1	0.503860272809823	0	9	0.865558391226237	0.650714643381896	483	7
84759	1	0.550081449342949	0	9	0.865558391226237	0.650714643381896	483	7
84790	2	0.621477806333068	0	9	0.865558391226237	0.650714643381896	483	7
84804	3	0.347400627823545	0	9	0.865558391226237	0.650714643381896	483	7
84818	0	0.563368684180918	0	9	0.865558391226237	0.650714643381896	483	7
84823	0	0.490047690316385	0	9	0.865558391226237	0.650714643381896	483	7
84830	1	0.490538681345176	0	9	0.865558391226237	0.650714643381896	483	7
84861	0	0.300165973456874	0	9	0.865558391226237	0.650714643381896	483	7
84864	3	0.341076400119633	0	9	0.865558391226237	0.650714643381896	483	7
84869	3	0.432927458342468	0	9	0.865558391226237	0.650714643381896	483	7
84890	0	0.34809838266205	0	9	0.865558391226237	0.650714643381896	483	7
84898	0	0.17704203973094	0	9	0.865558391226237	0.650714643381896	483	7
84900	0	0.408126910448255	0	9	0.865558391226237	0.650714643381896	483	7
84928	0	0.258156321760003	0	9	0.865558391226237	0.650714643381896	483	7
84934	0	0.459609269761498	0	9	0.865558391226237	0.650714643381896	483	7
84942	2	0.277506654146163	0	9	0.865558391226237	0.650714643381896	483	7
84951	0	0.304308126489936	0	9	0.865558391226237	0.650714643381896	483	7
84975	0	0.283804221194566	0	9	0.865558391226237	0.650714643381896	483	7
84986	4	0.131862870618156	0	9	0.865558391226237	0.650714643381896	483	7
85352	0	0.271174980200598	0	9	0.865558391226237	0.650714643381896	483	7
85360	1	0.253054158786409	0	9	0.865558391226237	0.650714643381896	483	7
85363	0	0.458911065188238	0	9	0.865558391226237	0.650714643381896	483	7
85377	0	0.391243966456458	0	9	0.865558391226237	0.650714643381896	483	7
85453	4	0.175855299153483	0	9	0.865558391226237	0.650714643381896	483	7
85458	0	0.054142787826898	0	9	0.865558391226237	0.650714643381896	483	7
85477	0	0.385400904730284	0	9	0.865558391226237	0.650714643381896	483	7
89781	3	0.433960045449408	0	9	0.865558391226237	0.650714643381896	483	7
89795	0	-0.0311181373275397	0	9	0.865558391226237	0.650714643381896	483	7
89797	0	0.31099723279644	0	9	0.865558391226237	0.650714643381896	483	7
89845	0	-0.0311711313795764	0	9	0.865558391226237	0.650714643381896	483	7
89853	4	0.432950324901931	0	9	0.865558391226237	0.650714643381896	483	7
89910	0	0.183130081120328	0	9	0.865558391226237	0.650714643381896	483	7
89927	3	0.540706128253574	0	9	0.865558391226237	0.650714643381896	483	7
89941	7	0.362152782413621	0	9	0.865558391226237	0.650714643381896	483	7
89944	2	0.219312771407156	0	9	0.865558391226237	0.650714643381896	483	7
90121	0	0.165722370865505	0	9	0.865558391226237	0.650714643381896	483	7
90141	0	-0.0933831183117457	0	9	0.865558391226237	0.650714643381896	483	7
90233	3	0.588731381782852	0	9	0.865558391226237	0.650714643381896	483	7
90273	1	0.55305065566091	0	9	0.865558391226237	0.650714643381896	483	7
90326	1	0.573288070209736	0	9	0.865558391226237	0.650714643381896	483	7
90333	0	0.506540217436577	0	9	0.865558391226237	0.650714643381896	483	7
90355	4	0.126001073665746	0	9	0.865558391226237	0.650714643381896	483	7
90362	5	0.686927381483437	1	9	0.865558391226237	0.650714643381896	483	7
90379	1	0.609831383980323	0	9	0.865558391226237	0.650714643381896	483	7
90410	0	0.212846473433801	0	9	0.865558391226237	0.650714643381896	483	7
90411	0	0.523886963475256	0	9	0.865558391226237	0.650714643381896	483	7
90480	0	-0.0505636175182407	0	9	0.865558391226237	0.650714643381896	483	7
90485	0	0.22082660364255	0	9	0.865558391226237	0.650714643381896	483	7
90522	1	0.277819999495297	0	9	0.865558391226237	0.650714643381896	483	7
90627	4	0.238547765868855	0	9	0.865558391226237	0.650714643381896	483	7
90634	0	0.433000044965439	0	9	0.865558391226237	0.650714643381896	483	7
90665	1	0.273669436127249	0	9	0.865558391226237	0.650714643381896	483	7
90806	0	0.332594342694586	0	9	0.865558391226237	0.650714643381896	483	7
90864	2	0.227348998964122	0	9	0.865558391226237	0.650714643381896	483	7
90865	5	0.695362924823952	1	9	0.865558391226237	0.650714643381896	483	7
90956	1	0.490600001901334	0	9	0.865558391226237	0.650714643381896	483	7
90957	0	0.378112989379964	0	9	0.865558391226237	0.650714643381896	483	7
90993	1	0.416627678295258	0	9	0.865558391226237	0.650714643381896	483	7
91120	0	0.328879391563883	0	9	0.865558391226237	0.650714643381896	483	7
91137	2	0.389197217563025	0	9	0.865558391226237	0.650714643381896	483	7
91289	0	0.374107382183805	0	9	0.865558391226237	0.650714643381896	483	7
91298	0	-0.131130720811051	0	9	0.865558391226237	0.650714643381896	483	7
91300	2	0.613897811190738	0	9	0.865558391226237	0.650714643381896	483	7
91304	0	0.0719788915263448	0	9	0.865558391226237	0.650714643381896	483	7
91355	1	0.594015880996915	0	9	0.865558391226237	0.650714643381896	483	7
91369	1	0.291196165532094	0	9	0.865558391226237	0.650714643381896	483	7
91373	0	0.345034646688747	0	9	0.865558391226237	0.650714643381896	483	7
91442	0	0.521122051842775	0	9	0.865558391226237	0.650714643381896	483	7
91543	0	0.32703517173943	0	9	0.865558391226237	0.650714643381896	483	7
91647	0	0.19627177582958	0	9	0.865558391226237	0.650714643381896	483	7
91754	1	0.6327028194634	0	9	0.865558391226237	0.650714643381896	483	7
91775	0	-0.0826347611499391	0	9	0.865558391226237	0.650714643381896	483	7
91782	2	0.404963001211405	0	9	0.865558391226237	0.650714643381896	483	7
91807	0	-0.423586127986944	0	9	0.865558391226237	0.650714643381896	483	7
91851	0	0.283068785093552	0	9	0.865558391226237	0.650714643381896	483	7
91860	6	-0.122061498868935	0	9	0.865558391226237	0.650714643381896	483	7
91949	2	0.226455319020326	0	9	0.865558391226237	0.650714643381896	483	7
91977	0	0.11282131373191	0	9	0.865558391226237	0.650714643381896	483	7
92104	0	0.198695045041133	0	9	0.865558391226237	0.650714643381896	483	7
92140	3	0.500982705129087	0	9	0.865558391226237	0.650714643381896	483	7
92154	1	0.542074364130567	0	9	0.865558391226237	0.650714643381896	483	7
92170	2	0.456577174927877	0	9	0.865558391226237	0.650714643381896	483	7
92211	1	0.415399587590565	0	9	0.865558391226237	0.650714643381896	483	7
92335	1	0.263363175598879	0	9	0.865558391226237	0.650714643381896	483	7
92342	3	0.511967379269002	0	9	0.865558391226237	0.650714643381896	483	7
92482	1	0.407361138674245	0	9	0.865558391226237	0.650714643381896	483	7
92483	1	0.639592377157199	0	9	0.865558391226237	0.650714643381896	483	7
92558	0	0.241256741143696	0	9	0.865558391226237	0.650714643381896	483	7
92579	2	0.280151182355425	0	9	0.865558391226237	0.650714643381896	483	7
92595	0	0.298607422709171	0	9	0.865558391226237	0.650714643381896	483	7
92689	4	0.223888479699576	0	9	0.865558391226237	0.650714643381896	483	7
92822	0	0.396752287350488	0	9	0.865558391226237	0.650714643381896	483	7
92856	2	0.277600431464705	0	9	0.865558391226237	0.650714643381896	483	7
93081	3	0.363835022729607	0	9	0.865558391226237	0.650714643381896	483	7
93129	0	0.343273418217802	0	9	0.865558391226237	0.650714643381896	483	7
93210	0	0.521637622618911	0	9	0.865558391226237	0.650714643381896	483	7
93349	5	0.654769032518384	1	9	0.865558391226237	0.650714643381896	483	7
93436	1	0.352870612412421	0	9	0.865558391226237	0.650714643381896	483	7
93487	7	0.598748687499943	0	9	0.865558391226237	0.650714643381896	483	7
93594	0	0.515223805848052	0	9	0.865558391226237	0.650714643381896	483	7
93643	1	0.588229288328726	0	9	0.865558391226237	0.650714643381896	483	7
93664	0	0.110074052486042	0	9	0.865558391226237	0.650714643381896	483	7
93973	0	0.233677053815809	0	9	0.865558391226237	0.650714643381896	483	7
93974	2	0.0935319692373571	0	9	0.865558391226237	0.650714643381896	483	7
94081	6	0.0519161831454729	0	9	0.865558391226237	0.650714643381896	483	7
94104	0	0.41719710239548	0	9	0.865558391226237	0.650714643381896	483	7
94134	3	0.40524902397233	0	9	0.865558391226237	0.650714643381896	483	7
94239	0	0.304476980064787	0	9	0.865558391226237	0.650714643381896	483	7
95681	0	0.170469002680208	0	9	0.865558391226237	0.650714643381896	483	7
96764	0	0.209048021174272	0	9	0.865558391226237	0.650714643381896	483	7
103910	2	0.309906378749729	0	9	0.865558391226237	0.650714643381896	483	7
112399	5	0.663571306451822	1	9	0.865558391226237	0.650714643381896	483	7
112464	1	0.611739279561187	0	9	0.865558391226237	0.650714643381896	483	7
112479	3	0.128322776935528	0	9	0.865558391226237	0.650714643381896	483	7
112611	3	0.507867561357075	0	9	0.865558391226237	0.650714643381896	483	7
112869	0	0.543292574149792	0	9	0.865558391226237	0.650714643381896	483	7
112950	3	0.426263390789604	0	9	0.865558391226237	0.650714643381896	483	7
113146	5	0.724907613402902	1	9	0.865558391226237	0.650714643381896	483	7
113177	1	0.428572884513228	0	9	0.865558391226237	0.650714643381896	483	7
113251	3	0.371618204488514	0	9	0.865558391226237	0.650714643381896	483	7
113419	1	0.365858941476986	0	9	0.865558391226237	0.650714643381896	483	7
113791	0	0.454218834292601	0	9	0.865558391226237	0.650714643381896	483	7
113835	1	0.311496575390516	0	9	0.865558391226237	0.650714643381896	483	7
114034	0	0.227931730446522	0	9	0.865558391226237	0.650714643381896	483	7
114049	2	0.468170639192092	0	9	0.865558391226237	0.650714643381896	483	7
114088	0	0.420381981393962	0	9	0.865558391226237	0.650714643381896	483	7
114327	0	0.0946347842247291	0	9	0.865558391226237	0.650714643381896	483	7
114548	5	0.612190953592705	1	9	0.865558391226237	0.650714643381896	483	7
114625	0	0.208569797742357	0	9	0.865558391226237	0.650714643381896	483	7
114791	3	0.479189749597134	0	9	0.865558391226237	0.650714643381896	483	7
114825	1	0.386043014004727	0	9	0.865558391226237	0.650714643381896	483	7
114876	3	0.27056008624478	0	9	0.865558391226237	0.650714643381896	483	7
114881	0	0.152029502370811	0	9	0.865558391226237	0.650714643381896	483	7
114882	3	0.345658813277879	0	9	0.865558391226237	0.650714643381896	483	7
114883	4	0.152621017372679	0	9	0.865558391226237	0.650714643381896	483	7
114884	1	0.483394462675509	0	9	0.865558391226237	0.650714643381896	483	7
114885	4	0.273203512956041	0	9	0.865558391226237	0.650714643381896	483	7
114897	0	0.3343697089476	0	9	0.865558391226237	0.650714643381896	483	7
114899	0	0.42199826703953	0	9	0.865558391226237	0.650714643381896	483	7
114908	0	0.5963486351108	0	9	0.865558391226237	0.650714643381896	483	7
114932	3	0.377926965211588	0	9	0.865558391226237	0.650714643381896	483	7
115123	0	0.410348017851043	0	9	0.865558391226237	0.650714643381896	483	7
115201	3	0.235643513265274	0	9	0.865558391226237	0.650714643381896	483	7
115207	0	0.470135102998091	0	9	0.865558391226237	0.650714643381896	483	7
115353	3	0.285454754431656	0	9	0.865558391226237	0.650714643381896	483	7
115703	1	0.428630580381259	0	9	0.865558391226237	0.650714643381896	483	7
115708	1	0.50335262310334	0	9	0.865558391226237	0.650714643381896	483	7
115817	2	0.442219306151856	0	9	0.865558391226237	0.650714643381896	483	7
115939	1	0.331496010322591	0	9	0.865558391226237	0.650714643381896	483	7
116039	0	0.0744800053480128	0	9	0.865558391226237	0.650714643381896	483	7
116138	2	0.486627965957966	0	9	0.865558391226237	0.650714643381896	483	7
116285	0	0.209451489857913	0	9	0.865558391226237	0.650714643381896	483	7
116372	0	0.460058439625392	0	9	0.865558391226237	0.650714643381896	483	7
116496	0	0.502866486303278	0	9	0.865558391226237	0.650714643381896	483	7
116832	0	0.127614633512028	0	9	0.865558391226237	0.650714643381896	483	7
116984	4	0.418196194600935	0	9	0.865558391226237	0.650714643381896	483	7
116985	2	0.328486600276522	0	9	0.865558391226237	0.650714643381896	483	7
116986	1	0.701501897172898	0	9	0.865558391226237	0.650714643381896	483	7
116987	6	0.352277106311011	0	9	0.865558391226237	0.650714643381896	483	7
117178	3	0.562346237689455	0	9	0.865558391226237	0.650714643381896	483	7
117246	1	0.362177747473816	0	9	0.865558391226237	0.650714643381896	483	7
120227	0	0.497558391716505	0	9	0.865558391226237	0.650714643381896	483	7
120526	0	-0.0738317931901682	0	9	0.865558391226237	0.650714643381896	483	7
122616	0	0.470181927632583	0	9	0.865558391226237	0.650714643381896	483	7
123803	1	0.348534029805052	0	9	0.865558391226237	0.650714643381896	483	7
123872	0	0.336812464899278	0	9	0.865558391226237	0.650714643381896	483	7
124044	0	0.325923255610213	0	9	0.865558391226237	0.650714643381896	483	7
124152	1	0.459491656443727	0	9	0.865558391226237	0.650714643381896	483	7
124222	1	0.706695161119055	0	9	0.865558391226237	0.650714643381896	483	7
124565	0	-0.138176957159175	0	9	0.865558391226237	0.650714643381896	483	7
124583	4	0.451421872896448	0	9	0.865558391226237	0.650714643381896	483	7
125058	0	0.523457709954282	0	9	0.865558391226237	0.650714643381896	483	7
126208	0	0.265344038036764	0	9	0.865558391226237	0.650714643381896	483	7
126231	0	0.319297978463247	0	9	0.865558391226237	0.650714643381896	483	7
126298	2	0.556224982303607	0	9	0.865558391226237	0.650714643381896	483	7
126299	0	0.152245103654478	0	9	0.865558391226237	0.650714643381896	483	7
126353	0	0.0748921241238366	0	9	0.865558391226237	0.650714643381896	483	7
126393	1	0.400776282059286	0	9	0.865558391226237	0.650714643381896	483	7
127544	0	0.464237369566552	0	9	0.865558391226237	0.650714643381896	483	7
127703	4	0.308948663677154	0	9	0.865558391226237	0.650714643381896	483	7
127833	1	0.44178914410138	0	9	0.865558391226237	0.650714643381896	483	7
128553	1	0.577886399723314	0	9	0.865558391226237	0.650714643381896	483	7
129080	4	0.452327262178412	0	9	0.865558391226237	0.650714643381896	483	7
130074	6	0.13011227728916	0	9	0.865558391226237	0.650714643381896	483	7
130916	0	0.552736040602994	0	9	0.865558391226237	0.650714643381896	483	7
131408	0	-0.0452704448023348	0	9	0.865558391226237	0.650714643381896	483	7
131544	0	0.435565195086556	0	9	0.865558391226237	0.650714643381896	483	7
131566	0	0.131410940790933	0	9	0.865558391226237	0.650714643381896	483	7
131601	2	0.230811850481538	0	9	0.865558391226237	0.650714643381896	483	7
133619	0	0.541706072637399	0	9	0.865558391226237	0.650714643381896	483	7
135138	0	0.108996554018652	0	9	0.865558391226237	0.650714643381896	483	7
137886	0	-0.111379761841643	0	9	0.865558391226237	0.650714643381896	483	7
138046	0	0.0598115734491279	0	9	0.865558391226237	0.650714643381896	483	7
138050	4	0.368074605606902	0	9	0.865558391226237	0.650714643381896	483	7
138151	4	0.232119234747634	0	9	0.865558391226237	0.650714643381896	483	7
138162	1	0.570148988329804	0	9	0.865558391226237	0.650714643381896	483	7
139322	3	0.418112168736761	0	9	0.865558391226237	0.650714643381896	483	7
140459	2	0.244735052379436	0	9	0.865558391226237	0.650714643381896	483	7
140460	1	0.429819045984446	0	9	0.865558391226237	0.650714643381896	483	7
140461	2	0.329989640564927	0	9	0.865558391226237	0.650714643381896	483	7
140462	3	0.236132363731966	0	9	0.865558391226237	0.650714643381896	483	7
140465	2	0.529690992003698	0	9	0.865558391226237	0.650714643381896	483	7
140467	2	0.162645177770361	0	9	0.865558391226237	0.650714643381896	483	7
140545	0	-0.0776633404698858	0	9	0.865558391226237	0.650714643381896	483	7
140578	0	0.437621948775531	0	9	0.865558391226237	0.650714643381896	483	7
140597	4	0.0454636031318325	0	9	0.865558391226237	0.650714643381896	483	7
140609	4	0.0958404993956962	0	9	0.865558391226237	0.650714643381896	483	7
140803	0	0.115889610325403	0	9	0.865558391226237	0.650714643381896	483	7
140883	0	0.503535173723066	0	9	0.865558391226237	0.650714643381896	483	7
140885	0	0.14548998739014	0	9	0.865558391226237	0.650714643381896	483	7
140890	0	0.482835819944393	0	9	0.865558391226237	0.650714643381896	483	7
142684	0	0.175590853296119	0	9	0.865558391226237	0.650714643381896	483	7
144404	2	0.323812691242853	0	9	0.865558391226237	0.650714643381896	483	7
145389	0	0.310424030434641	0	9	0.865558391226237	0.650714643381896	483	7
146057	0	0.440605298028741	0	9	0.865558391226237	0.650714643381896	483	7
146227	0	0.0841105710912111	0	9	0.865558391226237	0.650714643381896	483	7
146542	0	0.128695470848759	0	9	0.865558391226237	0.650714643381896	483	7
146562	1	0.460466703295099	0	9	0.865558391226237	0.650714643381896	483	7
146691	0	0.00225468297799131	0	9	0.865558391226237	0.650714643381896	483	7
146712	0	0.304580180472062	0	9	0.865558391226237	0.650714643381896	483	7
146909	5	0.682356246137642	1	9	0.865558391226237	0.650714643381896	483	7
147179	4	0.257958908809329	0	9	0.865558391226237	0.650714643381896	483	7
147339	0	0.217703846712208	0	9	0.865558391226237	0.650714643381896	483	7
147657	1	0.315722634415793	0	9	0.865558391226237	0.650714643381896	483	7
147912	1	0.595767064958492	0	9	0.865558391226237	0.650714643381896	483	7
148022	0	0.546977785383943	0	9	0.865558391226237	0.650714643381896	483	7
148229	0	0.299555254624287	0	9	0.865558391226237	0.650714643381896	483	7
149111	0	0.304425639276987	0	9	0.865558391226237	0.650714643381896	483	7
149603	0	-0.031392350349752	0	9	0.865558391226237	0.650714643381896	483	7
149628	1	0.463690398140373	0	9	0.865558391226237	0.650714643381896	483	7
149986	1	0.286860697524956	0	9	0.865558391226237	0.650714643381896	483	7
151011	0	0.124369157554951	0	9	0.865558391226237	0.650714643381896	483	7
151050	6	0.216732378473342	0	9	0.865558391226237	0.650714643381896	483	7
151987	4	0.577887217335879	0	9	0.865558391226237	0.650714643381896	483	7
152006	4	0.0559410791088033	0	9	0.865558391226237	0.650714643381896	483	7
152185	0	0.354590914470489	0	9	0.865558391226237	0.650714643381896	483	7
152559	4	0.208805720839019	0	9	0.865558391226237	0.650714643381896	483	7
154661	2	0.37465962720854	0	9	0.865558391226237	0.650714643381896	483	7
155066	6	0.150853558038869	0	9	0.865558391226237	0.650714643381896	483	7
157567	3	0.015927091084372	0	9	0.865558391226237	0.650714643381896	483	7
157680	1	0.566428083697572	0	9	0.865558391226237	0.650714643381896	483	7
157869	4	0.268421284190157	0	9	0.865558391226237	0.650714643381896	483	7
157922	0	0.210441101443178	0	9	0.865558391226237	0.650714643381896	483	7
158471	0	0.164679932545776	0	9	0.865558391226237	0.650714643381896	483	7
158586	1	0.544369064668755	0	9	0.865558391226237	0.650714643381896	483	7
158747	0	0.382792860936273	0	9	0.865558391226237	0.650714643381896	483	7
159963	6	-0.186013944870294	0	9	0.865558391226237	0.650714643381896	483	7
160518	0	0.262405745261644	0	9	0.865558391226237	0.650714643381896	483	7
161291	0	0.268864204731864	0	9	0.865558391226237	0.650714643381896	483	7
162427	2	0.448146613678872	0	9	0.865558391226237	0.650714643381896	483	7
162972	1	0.499133611337509	0	9	0.865558391226237	0.650714643381896	483	7
163131	0	0.242273524193649	0	9	0.865558391226237	0.650714643381896	483	7
163486	3	0.342018388246731	0	9	0.865558391226237	0.650714643381896	483	7
163590	0	0.40117722426282	0	9	0.865558391226237	0.650714643381896	483	7
166647	3	0.383158346796748	0	9	0.865558391226237	0.650714643381896	483	7
167227	4	0.345048511392384	0	9	0.865558391226237	0.650714643381896	483	7
168544	1	0.438092039790893	0	9	0.865558391226237	0.650714643381896	483	7
169522	1	0.441627446143464	0	9	0.865558391226237	0.650714643381896	483	7
169611	0	0.102463087963221	0	9	0.865558391226237	0.650714643381896	483	7
171017	1	0.482954591986702	0	9	0.865558391226237	0.650714643381896	483	7
171023	0	0.198273601792287	0	9	0.865558391226237	0.650714643381896	483	7
171392	0	0.0253523327219854	0	9	0.865558391226237	0.650714643381896	483	7
171546	3	0.348136718967018	0	9	0.865558391226237	0.650714643381896	483	7
171558	1	0.446299913724597	0	9	0.865558391226237	0.650714643381896	483	7
171586	4	0.196773192153772	0	9	0.865558391226237	0.650714643381896	483	7
192286	2	0.389728230224722	0	9	0.865558391226237	0.650714643381896	483	7
192669	5	0.581029584210702	1	9	0.865558391226237	0.650714643381896	483	7
192670	0	0.473725748363223	0	9	0.865558391226237	0.650714643381896	483	7
192683	2	0.469079350087654	0	9	0.865558391226237	0.650714643381896	483	7
196403	1	0.61501995319924	0	9	0.865558391226237	0.650714643381896	483	7
196441	0	0.300430747253779	0	9	0.865558391226237	0.650714643381896	483	7
196740	0	0.0459012466269401	0	9	0.865558391226237	0.650714643381896	483	7
196743	5	0.597925729067273	1	9	0.865558391226237	0.650714643381896	483	7
199731	7	0.303140221875453	0	9	0.865558391226237	0.650714643381896	483	7
199870	1	0.605818160593207	0	9	0.865558391226237	0.650714643381896	483	7
200081	0	0.435419820289583	0	9	0.865558391226237	0.650714643381896	483	7
200316	1	0.63231255933979	0	9	0.865558391226237	0.650714643381896	483	7
200424	1	0.374081234681312	0	9	0.865558391226237	0.650714643381896	483	7
200576	3	0.283737216332007	0	9	0.865558391226237	0.650714643381896	483	7
200734	3	0.406156895967962	0	9	0.865558391226237	0.650714643381896	483	7
201134	4	0.139106153279812	0	9	0.865558391226237	0.650714643381896	483	7
201191	1	0.532564130946957	0	9	0.865558391226237	0.650714643381896	483	7
201229	0	0.062235459512311	0	9	0.865558391226237	0.650714643381896	483	7
201254	2	0.417358639060939	0	9	0.865558391226237	0.650714643381896	483	7
201501	1	0.576530042473535	0	9	0.865558391226237	0.650714643381896	483	7
202559	1	0.329527410564678	0	9	0.865558391226237	0.650714643381896	483	7
203068	2	0.581758602464943	0	9	0.865558391226237	0.650714643381896	483	7
203069	2	0.426018978615804	0	9	0.865558391226237	0.650714643381896	483	7
203197	5	0.732577241434909	1	9	0.865558391226237	0.650714643381896	483	7
204851	0	0.34714666130905	0	9	0.865558391226237	0.650714643381896	483	7
205564	0	0.341819355293098	0	9	0.865558391226237	0.650714643381896	483	7
206358	1	0.616176228257657	0	9	0.865558391226237	0.650714643381896	483	7
219333	0	-0.182725191809613	0	9	0.865558391226237	0.650714643381896	483	7
219654	4	0.379270637645018	0	9	0.865558391226237	0.650714643381896	483	7
219699	1	0.453027613672893	0	9	0.865558391226237	0.650714643381896	483	7
219899	4	0.143533876913866	0	9	0.865558391226237	0.650714643381896	483	7
220972	0	0.0941343387211728	0	9	0.865558391226237	0.650714643381896	483	7
221037	4	0.276764973210957	0	9	0.865558391226237	0.650714643381896	483	7
221061	0	0.31709725914178	0	9	0.865558391226237	0.650714643381896	483	7
221092	7	0.0939798482929805	0	9	0.865558391226237	0.650714643381896	483	7
221154	0	-0.0194108049224891	0	9	0.865558391226237	0.650714643381896	483	7
221395	0	-0.081890477016219	0	9	0.865558391226237	0.650714643381896	483	7
221443	0	0.198076402545318	0	9	0.865558391226237	0.650714643381896	483	7
221692	1	0.609292433663566	0	9	0.865558391226237	0.650714643381896	483	7
221749	0	0.0953451211378236	0	9	0.865558391226237	0.650714643381896	483	7
221830	1	0.382787666084596	0	9	0.865558391226237	0.650714643381896	483	7
221981	0	-0.0814810958967257	0	9	0.865558391226237	0.650714643381896	483	7
222255	0	0.162514764451736	0	9	0.865558391226237	0.650714643381896	483	7
222487	1	0.619161627015711	0	9	0.865558391226237	0.650714643381896	483	7
222642	1	0.481098086075934	0	9	0.865558391226237	0.650714643381896	483	7
222658	1	0.478449856399951	0	9	0.865558391226237	0.650714643381896	483	7
223117	0	0.28296555825387	0	9	0.865558391226237	0.650714643381896	483	7
246243	5	0.794233147274208	1	9	0.865558391226237	0.650714643381896	483	7
253143	5	0.740611750049502	1	9	0.865558391226237	0.650714643381896	483	7
253190	1	0.582709199820222	0	9	0.865558391226237	0.650714643381896	483	7
253461	0	0.230023614667344	0	9	0.865558391226237	0.650714643381896	483	7
253782	4	0.226215003043849	0	9	0.865558391226237	0.650714643381896	483	7
253943	0	0.0896513602022656	0	9	0.865558391226237	0.650714643381896	483	7
253959	1	0.176489826286591	0	9	0.865558391226237	0.650714643381896	483	7
253980	4	0.349098015979409	0	9	0.865558391226237	0.650714643381896	483	7
253982	1	0.515095734578859	0	9	0.865558391226237	0.650714643381896	483	7
254102	0	0.556589035864553	0	9	0.865558391226237	0.650714643381896	483	7
254359	0	0.518547771140099	0	9	0.865558391226237	0.650714643381896	483	7
254394	4	0.243765683759926	0	9	0.865558391226237	0.650714643381896	483	7
254531	1	0.581606255382847	0	9	0.865558391226237	0.650714643381896	483	7
255057	0	0.287511610841721	0	9	0.865558391226237	0.650714643381896	483	7
256051	1	0.408134683067563	0	9	0.865558391226237	0.650714643381896	483	7
256364	1	0.560923755531736	0	9	0.865558391226237	0.650714643381896	483	7
256949	4	0.307810757444183	0	9	0.865558391226237	0.650714643381896	483	7
256987	4	0.190081306425059	0	9	0.865558391226237	0.650714643381896	483	7
257407	1	0.299052029596426	0	9	0.865558391226237	0.650714643381896	483	7
259173	4	0.237503381724423	0	9	0.865558391226237	0.650714643381896	483	7
259217	0	0.361033044805637	0	9	0.865558391226237	0.650714643381896	483	7
259230	4	0.221067762850027	0	9	0.865558391226237	0.650714643381896	483	7
259266	0	0.360197609490372	0	9	0.865558391226237	0.650714643381896	483	7
261726	0	0.361192274209298	0	9	0.865558391226237	0.650714643381896	483	7
261734	0	0.192854652841867	0	9	0.865558391226237	0.650714643381896	483	7
266655	0	0.0401795397723341	0	9	0.865558391226237	0.650714643381896	483	7
266977	1	0.400264105826565	0	9	0.865558391226237	0.650714643381896	483	7
283232	0	0.147977131875978	0	9	0.865558391226237	0.650714643381896	483	7
283298	4	0.196958880909275	0	9	0.865558391226237	0.650714643381896	483	7
283450	0	0.2565979886193	0	9	0.865558391226237	0.650714643381896	483	7
283459	3	0.509963069428541	0	9	0.865558391226237	0.650714643381896	483	7
283537	4	0.146187303922023	0	9	0.865558391226237	0.650714643381896	483	7
283638	0	0.106633368161407	0	9	0.865558391226237	0.650714643381896	483	7
284021	0	0.284891973489786	0	9	0.865558391226237	0.650714643381896	483	7
284119	2	0.552604560711866	0	9	0.865558391226237	0.650714643381896	483	7
284325	1	0.343609867371254	0	9	0.865558391226237	0.650714643381896	483	7
284352	1	0.452457440553363	0	9	0.865558391226237	0.650714643381896	483	7
284403	1	0.517046839460423	0	9	0.865558391226237	0.650714643381896	483	7
284443	0	0.402743804837434	0	9	0.865558391226237	0.650714643381896	483	7
285203	3	0.407908811937073	0	9	0.865558391226237	0.650714643381896	483	7
285282	0	-0.0199738682825006	0	9	0.865558391226237	0.650714643381896	483	7
285527	3	0.485923265762892	0	9	0.865558391226237	0.650714643381896	483	7
285672	3	0.363950814575275	0	9	0.865558391226237	0.650714643381896	483	7
285755	1	0.423738616975995	0	9	0.865558391226237	0.650714643381896	483	7
286148	0	-0.0594344214379621	0	9	0.865558391226237	0.650714643381896	483	7
286205	3	0.536659407164216	0	9	0.865558391226237	0.650714643381896	483	7
286451	4	0.114913286413784	0	9	0.865558391226237	0.650714643381896	483	7
317662	1	0.48583526010856	0	9	0.865558391226237	0.650714643381896	483	7
317762	4	0.209058977647836	0	9	0.865558391226237	0.650714643381896	483	7
317781	1	0.489472900299463	0	9	0.865558391226237	0.650714643381896	483	7
339105	4	0.169556595432982	0	9	0.865558391226237	0.650714643381896	483	7
339229	2	0.477258681052371	0	9	0.865558391226237	0.650714643381896	483	7
339448	0	0.384099841548143	0	9	0.865558391226237	0.650714643381896	483	7
339479	0	0.319163171993193	0	9	0.865558391226237	0.650714643381896	483	7
346157	0	0.0773719786237716	0	9	0.865558391226237	0.650714643381896	483	7
347344	1	0.368236590499331	0	9	0.865558391226237	0.650714643381896	483	7
347733	0	0.48989009496895	0	9	0.865558391226237	0.650714643381896	483	7
347902	4	0.0961676200665787	0	9	0.865558391226237	0.650714643381896	483	7
348110	0	0.477917053716279	0	9	0.865558391226237	0.650714643381896	483	7
348995	5	0.567989544048981	1	9	0.865558391226237	0.650714643381896	483	7
353189	0	0.399391473989848	0	9	0.865558391226237	0.650714643381896	483	7
353500	1	0.607348334946369	0	9	0.865558391226237	0.650714643381896	483	7
353514	1	0.41453886408869	0	9	0.865558391226237	0.650714643381896	483	7
373156	6	0.280599518082029	0	9	0.865558391226237	0.650714643381896	483	7
374291	2	0.229657563782053	0	9	0.865558391226237	0.650714643381896	483	7
374655	0	0.215003638874161	0	9	0.865558391226237	0.650714643381896	483	7
374868	0	0.169736502009555	0	9	0.865558391226237	0.650714643381896	483	7
375035	1	0.521843719981679	0	9	0.865558391226237	0.650714643381896	483	7
375056	4	0.271240919057248	0	9	0.865558391226237	0.650714643381896	483	7
375057	1	0.438368595328618	0	9	0.865558391226237	0.650714643381896	483	7
375449	0	0.226201817746236	0	9	0.865558391226237	0.650714643381896	483	7
375790	7	0.59506912975409	0	9	0.865558391226237	0.650714643381896	483	7
376267	2	0.634026159087732	0	9	0.865558391226237	0.650714643381896	483	7
387032	5	0.68599370653874	1	9	0.865558391226237	0.650714643381896	483	7
387082	0	0.126496707683213	0	9	0.865558391226237	0.650714643381896	483	7
387263	4	0.0684699922327259	0	9	0.865558391226237	0.650714643381896	483	7
387509	1	0.422259905097104	0	9	0.865558391226237	0.650714643381896	483	7
388567	0	0.260375621637095	0	9	0.865558391226237	0.650714643381896	483	7
388569	1	0.508472297128614	0	9	0.865558391226237	0.650714643381896	483	7
388650	0	0.167346018794473	0	9	0.865558391226237	0.650714643381896	483	7
388969	0	-0.0108720530842509	0	9	0.865558391226237	0.650714643381896	483	7
389136	0	0.239214517356581	0	9	0.865558391226237	0.650714643381896	483	7
389677	0	0.531961351325734	0	9	0.865558391226237	0.650714643381896	483	7
389856	0	0.279359901039558	0	9	0.865558391226237	0.650714643381896	483	7
390940	4	0.318200811738578	0	9	0.865558391226237	0.650714643381896	483	7
399664	1	0.440795128592032	0	9	0.865558391226237	0.650714643381896	483	7
399665	0	0.435484248828155	0	9	0.865558391226237	0.650714643381896	483	7
399979	4	0.385839813962273	0	9	0.865558391226237	0.650714643381896	483	7
400410	1	0.469917051555484	0	9	0.865558391226237	0.650714643381896	483	7
400451	0	0.439015881436837	0	9	0.865558391226237	0.650714643381896	483	7
400506	1	0.645191666611089	0	9	0.865558391226237	0.650714643381896	483	7
402055	0	0.630443172197253	0	9	0.865558391226237	0.650714643381896	483	7
404093	2	0.447638051163477	0	9	0.865558391226237	0.650714643381896	483	7
404672	2	0.326186624400081	0	9	0.865558391226237	0.650714643381896	483	7
440026	0	0.259938613230384	0	9	0.865558391226237	0.650714643381896	483	7
440738	5	0.656664238305528	1	9	0.865558391226237	0.650714643381896	483	7
441024	0	-0.0271930468486313	0	9	0.865558391226237	0.650714643381896	483	7
474344	0	0.159266399106639	0	9	0.865558391226237	0.650714643381896	483	7
552889	0	0.377844235604273	0	9	0.865558391226237	0.650714643381896	483	7
553115	2	0.477472165240338	0	9	0.865558391226237	0.650714643381896	483	7
641339	0	0.197375647884162	0	9	0.865558391226237	0.650714643381896	483	7
643641	0	0.303146993047308	0	9	0.865558391226237	0.650714643381896	483	7
644096	2	0.398559903014696	0	9	0.865558391226237	0.650714643381896	483	7
727800	1	0.491760033228307	0	9	0.865558391226237	0.650714643381896	483	7
727897	5	0.598648907494343	1	9	0.865558391226237	0.650714643381896	483	7
728215	0	0.414957844328949	0	9	0.865558391226237	0.650714643381896	483	7
729230	5	0.72741695066889	1	9	0.865558391226237	0.650714643381896	483	7
729515	0	0.238535106814005	0	9	0.865558391226237	0.650714643381896	483	7
752014	1	0.41801017301636	0	9	0.865558391226237	0.650714643381896	483	7
100129250	1	0.429176338615407	0	9	0.865558391226237	0.650714643381896	483	7
100129361	0	0.319399833828529	0	9	0.865558391226237	0.650714643381896	483	7
100131755	1	0.226248260092748	0	9	0.865558391226237	0.650714643381896	483	7
100133941	5	0.664631724671066	1	9	0.865558391226237	0.650714643381896	483	7
100288413	4	0.10892548873021	0	9	0.865558391226237	0.650714643381896	483	7
100505741	0	0.10470196189857	0	9	0.865558391226237	0.650714643381896	483	7
100506581	0	0.393571517693215	0	9	0.865558391226237	0.650714643381896	483	7
100507436	0	-0.279091320967032	0	9	0.865558391226237	0.650714643381896	483	7
