gene	module	kME	in_trait_module	power	sft_r2	trait_module_cor	trait_module_size	n_modules
2	2	-0.383329148663734	0	7	0.858118413743027	-0.63452755933849	132	14
9	3	0.313105601224681	0	7	0.858118413743027	-0.63452755933849	132	14
12	2	-0.233424171121574	0	7	0.858118413743027	-0.63452755933849	132	14
14	4	0.592489296240755	0	7	0.858118413743027	-0.63452755933849	132	14
15	0	-0.0751008113548139	0	7	0.858118413743027	-0.63452755933849	132	14
16	4	0.0551603809221359	0	7	0.858118413743027	-0.63452755933849	132	14
18	3	0.516455593618152	0	7	0.858118413743027	-0.63452755933849	132	14
19	1	-0.347083198415531	0	7	0.858118413743027	-0.63452755933849	132	14
20	0	-0.0235085857206365	0	7	0.858118413743027	-0.63452755933849	132	14
21	1	0.123047355650353	0	7	0.858118413743027	-0.63452755933849	132	14
22	3	-0.0982304540864129	0	7	0.858118413743027	-0.63452755933849	132	14
24	3	-0.203380864033364	0	7	0.858118413743027	-0.63452755933849	132	14
25	0	-0.0719389694621514	0	7	0.858118413743027	-0.63452755933849	132	14
26	3	0.349809993854103	0	7	0.858118413743027	-0.63452755933849	132	14
27	3	-0.272665242309754	0	7	0.858118413743027	-0.63452755933849	132	14
28	0	0.411156718446974	0	7	0.858118413743027	-0.63452755933849	132	14
29	8	-0.010816590220192	0	7	0.858118413743027	-0.63452755933849	132	14
30	3	0.367484882091321	0	7	0.858118413743027	-0.63452755933849	132	14
31	0	-0.110001705023327	0	7	0.858118413743027	-0.63452755933849	132	14
32	2	0.197430636525832	0	7	0.858118413743027	-0.63452755933849	132	14
33	3	0.307423620784343	0	7	0.858118413743027	-0.63452755933849	132	14
34	3	0.250354926919821	0	7	0.858118413743027	-0.63452755933849	132	14
35	3	0.473658832560638	0	7	0.858118413743027	-0.63452755933849	132	14
36	3	0.309487417957696	0	7	0.858118413743027	-0.63452755933849	132	14
37	3	0.308563610141789	0	7	0.858118413743027	-0.63452755933849	132	14
38	3	0.31166267056985	0	7	0.858118413743027	-0.63452755933849	132	14
39	3	0.165462742012077	0	7	0.858118413743027	-0.63452755933849	132	14
40	2	0.0555365488436914	0	7	0.858118413743027	-0.63452755933849	132	14
41	0	0.137249101067141	0	7	0.858118413743027	-0.63452755933849	132	14
43	0	0.218901713619833	0	7	0.858118413743027	-0.63452755933849	132	14
47	8	-0.00259042262480831	0	7	0.858118413743027	-0.63452755933849	132	14
48	3	0.266324144627963	0	7	0.858118413743027	-0.63452755933849	132	14
50	3	0.41885215010245	0	7	0.858118413743027	-0.63452755933849	132	14
51	3	0.417560968827945	0	7	0.858118413743027	-0.63452755933849	132	14
52	3	0.627670663902561	0	7	0.858118413743027	-0.63452755933849	132	14
53	3	0.235536533942371	0	7	0.858118413743027	-0.63452755933849	132	14
54	3	0.322087959201243	0	7	0.858118413743027	-0.63452755933849	132	14
55	0	-0.0570931766811739	0	7	0.858118413743027	-0.63452755933849	132	14
58	4	0.563371824951437	0	7	0.858118413743027	-0.63452755933849	132	14
59	2	-0.262376043956207	0	7	0.858118413743027	-0.63452755933849	132	14
70	0	0.180112392993862	0	7	0.858118413743027	-0.63452755933849	132	14
72	2	0.162821202693918	0	7	0.858118413743027	-0.63452755933849	132	14
81	1	0.380973125884848	0	7	0.858118413743027	-0.63452755933849	132	14
86	0	0.0961261219788087	0	7	0.858118413743027	-0.63452755933849	132	14
87	2	-0.352290829649731	0	7	0.858118413743027	-0.63452755933849	132	14
88	2	0.185603390812294	0	7	0.858118413743027	-0.63452755933849	132	14
89	0	0.205944542595036	0	7	0.858118413743027	-0.63452755933849	132	14
90	1	-0.614817441580435	0	7	0.858118413743027	-0.63452755933849	132	14
91	0	0.270446889277453	0	7	0.858118413743027	-0.63452755933849	132	14
92	0	-0.0265456047071942	0	7	0.858118413743027	-0.63452755933849	132	14
93	1	0.150868609354115	0	7	0.858118413743027	-0.63452755933849	132	14
94	0	0.0600123385529626	0	7	0.858118413743027	-0.63452755933849	132	14
97	0	0.0696552999488779	0	7	0.858118413743027	-0.63452755933849	132	14
100	2	-0.199678753350397	0	7	0.858118413743027	-0.63452755933849	132	14
101	2	-0.251819677072651	0	7	0.858118413743027	-0.63452755933849	132	14
102	2	-0.54819356942981	0	7	0.858118413743027	-0.63452755933849	132	14
103	14	-0.206770640836869	0	7	0.858118413743027	-0.63452755933849	132	14
104	3	-0.656297553414066	0	7	0.858118413743027	-0.63452755933849	132	14
105	0	0.0350698823155316	0	7	0.858118413743027	-0.63452755933849	132	14
107	2	0.120113839822738	0	7	0.858118413743027	-0.63452755933849	132	14
108	0	-0.0826981618393035	0	7	0.858118413743027	-0.63452755933849	132	14
109	2	-0.293187228499322	0	7	0.858118413743027	-0.63452755933849	132	14
113	3	-0.471786060494804	0	7	0.858118413743027	-0.63452755933849	132	14
115	3	0.394908668054123	0	7	0.858118413743027	-0.63452755933849	132	14
116	1	0.234813001428422	0	7	0.858118413743027	-0.63452755933849	132	14
117	3	0.0802021978540164	0	7	0.858118413743027	-0.63452755933849	132	14
118	1	0.0709180999591443	0	7	0.858118413743027	-0.63452755933849	132	14
119	2	-0.184491727033349	0	7	0.858118413743027	-0.63452755933849	132	14
120	2	0.18713974390103	0	7	0.858118413743027	-0.63452755933849	132	14
125	2	-0.475333204694456	0	7	0.858118413743027	-0.63452755933849	132	14
128	1	0.459533016030189	0	7	0.858118413743027	-0.63452755933849	132	14
130	3	0.266414708352501	0	7	0.858118413743027	-0.63452755933849	132	14
132	1	0.210865243385892	0	7	0.858118413743027	-0.63452755933849	132	14
133	1	0.334087998188884	0	7	0.858118413743027	-0.63452755933849	132	14
134	1	0.0728627050345822	0	7	0.858118413743027	-0.63452755933849	132	14
136	0	0.117259418028867	0	7	0.858118413743027	-0.63452755933849	132	14
140	2	-0.163120574800214	0	7	0.858118413743027	-0.63452755933849	132	14
141	5	0.427083046257043	0	7	0.858118413743027	-0.63452755933849	132	14
142	0	-0.0644070681940117	0	7	0.858118413743027	-0.63452755933849	132	14
147	0	0.121992340769355	0	7	0.858118413743027	-0.63452755933849	132	14
148	0	0.0259489317005227	0	7	0.858118413743027	-0.63452755933849	132	14
150	2	-0.408188403267972	0	7	0.858118413743027	-0.63452755933849	132	14
151	5	0.369212453843129	0	7	0.858118413743027	-0.63452755933849	132	14
152	0	0.0707435743422614	0	7	0.858118413743027	-0.63452755933849	132	14
153	0	0.253037659437808	0	7	0.858118413743027	-0.63452755933849	132	14
154	2	-0.275324466193966	0	7	0.858118413743027	-0.63452755933849	132	14
156	2	-0.174033039845211	0	7	0.858118413743027	-0.63452755933849	132	14
157	5	0.516185831469081	0	7	0.858118413743027	-0.63452755933849	132	14
158	1	-0.195721245222391	0	7	0.858118413743027	-0.63452755933849	132	14
159	2	-0.353178155182627	0	7	0.858118413743027	-0.63452755933849	132	14
161	3	0.35846352587995	0	7	0.858118413743027	-0.63452755933849	132	14
162	4	0.323615021634489	0	7	0.858118413743027	-0.63452755933849	132	14
163	1	0.278297207014244	0	7	0.858118413743027	-0.63452755933849	132	14
164	2	0.277106749170275	0	7	0.858118413743027	-0.63452755933849	132	14
166	0	0.141671765093281	0	7	0.858118413743027	-0.63452755933849	132	14
173	3	0.3030664432919	0	7	0.858118413743027	-0.63452755933849	132	14
175	0	-0.0149491146695465	0	7	0.858118413743027	-0.63452755933849	132	14
176	2	-0.130612241065476	0	7	0.858118413743027	-0.63452755933849	132	14
178	3	0.0721163476563185	0	7	0.858118413743027	-0.63452755933849	132	14
181	0	0.0985386626225665	0	7	0.858118413743027	-0.63452755933849	132	14
182	2	-0.27228584235759	0	7	0.858118413743027	-0.63452755933849	132	14
183	3	0.202562746382209	0	7	0.858118413743027	-0.63452755933849	132	14
185	1	0.260059253179179	0	7	0.858118413743027	-0.63452755933849	132	14
186	0	-0.00290618654825311	0	7	0.858118413743027	-0.63452755933849	132	14
187	9	0.0916571441012998	0	7	0.858118413743027	-0.63452755933849	132	14
189	3	0.242989506623147	0	7	0.858118413743027	-0.63452755933849	132	14
191	3	0.461045534328261	0	7	0.858118413743027	-0.63452755933849	132	14
196	2	-0.438242651025253	0	7	0.858118413743027	-0.63452755933849	132	14
197	0	-0.0219957522864654	0	7	0.858118413743027	-0.63452755933849	132	14
202	1	-0.126087918111569	0	7	0.858118413743027	-0.63452755933849	132	14
203	4	0.204305780384882	0	7	0.858118413743027	-0.63452755933849	132	14
204	3	0.255631085989551	0	7	0.858118413743027	-0.63452755933849	132	14
207	0	-0.103434603665797	0	7	0.858118413743027	-0.63452755933849	132	14
208	1	0.463457661977957	0	7	0.858118413743027	-0.63452755933849	132	14
210	3	0.533052418912098	0	7	0.858118413743027	-0.63452755933849	132	14
211	3	-0.0515508922260055	0	7	0.858118413743027	-0.63452755933849	132	14
212	10	0.329756538271086	0	7	0.858118413743027	-0.63452755933849	132	14
213	3	0.448316133757756	0	7	0.858118413743027	-0.63452755933849	132	14
214	3	0.310154665493433	0	7	0.858118413743027	-0.63452755933849	132	14
215	0	0.127932719767295	0	7	0.858118413743027	-0.63452755933849	132	14
216	8	0.0623726457695072	0	7	0.858118413743027	-0.63452755933849	132	14
217	3	0.357419196190473	0	7	0.858118413743027	-0.63452755933849	132	14
218	0	0.0868705808815368	0	7	0.858118413743027	-0.63452755933849	132	14
219	3	0.342539357876152	0	7	0.858118413743027	-0.63452755933849	132	14
220	2	-0.422409636044088	0	7	0.858118413743027	-0.63452755933849	132	14
221	0	0.17218888841325	0	7	0.858118413743027	-0.63452755933849	132	14
223	3	0.486966426354577	0	7	0.858118413743027	-0.63452755933849	132	14
224	3	0.338203664671437	0	7	0.858118413743027	-0.63452755933849	132	14
225	0	-0.034273642812293	0	7	0.858118413743027	-0.63452755933849	132	14
226	4	0.535601971970206	0	7	0.858118413743027	-0.63452755933849	132	14
229	3	0.415183652201975	0	7	0.858118413743027	-0.63452755933849	132	14
230	1	0.390144966296293	0	7	0.858118413743027	-0.63452755933849	132	14
231	2	-0.20290492615984	0	7	0.858118413743027	-0.63452755933849	132	14
238	4	-0.25237391478728	0	7	0.858118413743027	-0.63452755933849	132	14
239	0	-0.153045132146747	0	7	0.858118413743027	-0.63452755933849	132	14
240	2	-0.144465085669363	0	7	0.858118413743027	-0.63452755933849	132	14
241	2	0.00595148154810805	0	7	0.858118413743027	-0.63452755933849	132	14
242	0	0.190601129294873	0	7	0.858118413743027	-0.63452755933849	132	14
246	3	-0.0993135342022295	0	7	0.858118413743027	-0.63452755933849	132	14
248	0	0.0349981587793041	0	7	0.858118413743027	-0.63452755933849	132	14
249	3	0.429528240639283	0	7	0.858118413743027	-0.63452755933849	132	14
257	0	0.305847115102605	0	7	0.858118413743027	-0.63452755933849	132	14
259	1	0.0117936452261145	0	7	0.858118413743027	-0.63452755933849	132	14
262	0	0.0743657370665988	0	7	0.858118413743027	-0.63452755933849	132	14
267	3	0.127930717212585	0	7	0.858118413743027	-0.63452755933849	132	14
270	2	-0.168371783407248	0	7	0.858118413743027	-0.63452755933849	132	14
271	1	0.157071869535687	0	7	0.858118413743027	-0.63452755933849	132	14
272	0	-0.000116246960054286	0	7	0.858118413743027	-0.63452755933849	132	14
273	0	-0.0943217825630374	0	7	0.858118413743027	-0.63452755933849	132	14
274	3	0.319087062399605	0	7	0.858118413743027	-0.63452755933849	132	14
275	0	-0.106006981254856	0	7	0.858118413743027	-0.63452755933849	132	14
284	1	-0.114535508184202	0	7	0.858118413743027	-0.63452755933849	132	14
285	1	-0.480107936158303	0	7	0.858118413743027	-0.63452755933849	132	14
286	3	-0.253923958124222	0	7	0.858118413743027	-0.63452755933849	132	14
287	3	0.288773716338905	0	7	0.858118413743027	-0.63452755933849	132	14
288	8	-0.115303476934801	0	7	0.858118413743027	-0.63452755933849	132	14
290	3	0.232686238509073	0	7	0.858118413743027	-0.63452755933849	132	14
291	1	0.280103081838065	0	7	0.858118413743027	-0.63452755933849	132	14
292	3	0.459001940139127	0	7	0.858118413743027	-0.63452755933849	132	14
301	3	-0.513670362261022	0	7	0.858118413743027	-0.63452755933849	132	14
302	1	0.341481946922215	0	7	0.858118413743027	-0.63452755933849	132	14
306	2	-0.374606334461753	0	7	0.858118413743027	-0.63452755933849	132	14
307	8	-0.17085627964739	0	7	0.858118413743027	-0.63452755933849	132	14
308	2	-0.411453755395234	0	7	0.858118413743027	-0.63452755933849	132	14
309	1	-0.118411141203989	0	7	0.858118413743027	-0.63452755933849	132	14
310	3	0.398205893398951	0	7	0.858118413743027	-0.63452755933849	132	14
311	0	0.125391576436023	0	7	0.858118413743027	-0.63452755933849	132	14
312	3	0.399698506005617	0	7	0.858118413743027	-0.63452755933849	132	14
313	2	-0.269598584067763	0	7	0.858118413743027	-0.63452755933849	132	14
314	0	0.168740238935213	0	7	0.858118413743027	-0.63452755933849	132	14
316	3	0.203449298922376	0	7	0.858118413743027	-0.63452755933849	132	14
317	3	-0.230212882457302	0	7	0.858118413743027	-0.63452755933849	132	14
318	4	0.488777826114783	0	7	0.858118413743027	-0.63452755933849	132	14
321	2	-0.172911406327585	0	7	0.858118413743027	-0.63452755933849	132	14
322	4	0.272844077132348	0	7	0.858118413743027	-0.63452755933849	132	14
323	5	0.0751610848473095	0	7	0.858118413743027	-0.63452755933849	132	14
324	5	0.191150863926293	0	7	0.858118413743027	-0.63452755933849	132	14
326	1	-0.290755566741217	0	7	0.858118413743027	-0.63452755933849	132	14
327	3	0.417169643213774	0	7	0.858118413743027	-0.63452755933849	132	14
328	2	-0.0531506896160501	0	7	0.858118413743027	-0.63452755933849	132	14
329	1	0.17920109624363	0	7	0.858118413743027	-0.63452755933849	132	14
330	2	-0.332389816269035	0	7	0.858118413743027	-0.63452755933849	132	14
331	1	0.216569400546369	0	7	0.858118413743027	-0.63452755933849	132	14
332	2	-0.210334597849139	0	7	0.858118413743027	-0.63452755933849	132	14
333	1	0.423703376053242	0	7	0.858118413743027	-0.63452755933849	132	14
334	0	0.0688321188793499	0	7	0.858118413743027	-0.63452755933849	132	14
338	0	0.281635431179621	0	7	0.858118413743027	-0.63452755933849	132	14
341	2	-0.150001395924194	0	7	0.858118413743027	-0.63452755933849	132	14
345	3	0.534427990445845	0	7	0.858118413743027	-0.63452755933849	132	14
347	1	0.462543593906272	0	7	0.858118413743027	-0.63452755933849	132	14
348	3	0.44967507727904	0	7	0.858118413743027	-0.63452755933849	132	14
350	3	0.411189408992587	0	7	0.858118413743027	-0.63452755933849	132	14
351	0	0.0838667282257333	0	7	0.858118413743027	-0.63452755933849	132	14
353	4	0.565227203500507	0	7	0.858118413743027	-0.63452755933849	132	14
355	2	-0.543065692404102	0	7	0.858118413743027	-0.63452755933849	132	14
356	0	-0.122056898292093	0	7	0.858118413743027	-0.63452755933849	132	14
357	1	-0.00497531931186741	0	7	0.858118413743027	-0.63452755933849	132	14
359	12	0.257026232065766	0	7	0.858118413743027	-0.63452755933849	132	14
360	4	0.504851219668097	0	7	0.858118413743027	-0.63452755933849	132	14
361	0	0.192486465269651	0	7	0.858118413743027	-0.63452755933849	132	14
362	0	0.111355192021311	0	7	0.858118413743027	-0.63452755933849	132	14
363	0	0.268208511603968	0	7	0.858118413743027	-0.63452755933849	132	14
366	10	0.500563880039949	0	7	0.858118413743027	-0.63452755933849	132	14
367	0	0.0327359342319727	0	7	0.858118413743027	-0.63452755933849	132	14
369	4	0.377552881805759	0	7	0.858118413743027	-0.63452755933849	132	14
372	1	0.138100302791382	0	7	0.858118413743027	-0.63452755933849	132	14
373	2	-0.0203479363308452	0	7	0.858118413743027	-0.63452755933849	132	14
377	1	0.171921448030615	0	7	0.858118413743027	-0.63452755933849	132	14
378	0	0.150624344514493	0	7	0.858118413743027	-0.63452755933849	132	14
379	0	0.290973983064012	0	7	0.858118413743027	-0.63452755933849	132	14
381	4	0.287519155213827	0	7	0.858118413743027	-0.63452755933849	132	14
382	1	0.452486972416706	0	7	0.858118413743027	-0.63452755933849	132	14
384	3	0.464512893595084	0	7	0.858118413743027	-0.63452755933849	132	14
387	1	0.164538133905797	0	7	0.858118413743027	-0.63452755933849	132	14
388	0	0.375147158422305	0	7	0.858118413743027	-0.63452755933849	132	14
389	4	0.101175905579223	0	7	0.858118413743027	-0.63452755933849	132	14
390	2	-0.311709446147743	0	7	0.858118413743027	-0.63452755933849	132	14
391	0	0.201780134200085	0	7	0.858118413743027	-0.63452755933849	132	14
392	2	0.0939550873978273	0	7	0.858118413743027	-0.63452755933849	132	14
393	2	-0.456797326487236	0	7	0.858118413743027	-0.63452755933849	132	14
394	1	0.378281048081569	0	7	0.858118413743027	-0.63452755933849	132	14
395	2	-0.10208997899265	0	7	0.858118413743027	-0.63452755933849	132	14
396	4	0.443373239634552	0	7	0.858118413743027	-0.63452755933849	132	14
397	3	-0.0378987939875481	0	7	0.858118413743027	-0.63452755933849	132	14
399	2	-0.303344493272304	0	7	0.858118413743027	-0.63452755933849	132	14
400	1	0.479597247908681	0	7	0.858118413743027	-0.63452755933849	132	14
402	4	0.724874472856208	0	7	0.858118413743027	-0.63452755933849	132	14
403	1	0.469334723329304	0	7	0.858118413743027	-0.63452755933849	132	14
405	5	0.4449222427249	0	7	0.858118413743027	-0.63452755933849	132	14
406	1	0.432399811905046	0	7	0.858118413743027	-0.63452755933849	132	14
407	4	-0.276041368908321	0	7	0.858118413743027	-0.63452755933849	132	14
408	5	0.279077070575291	0	7	0.858118413743027	-0.63452755933849	132	14
409	2	-0.0624898015363645	0	7	0.858118413743027	-0.63452755933849	132	14
410	6	0.446233675691732	0	7	0.858118413743027	-0.63452755933849	132	14
411	3	0.330915621431408	0	7	0.858118413743027	-0.63452755933849	132	14
412	3	0.0185422044636857	0	7	0.858118413743027	-0.63452755933849	132	14
414	12	0.1562379988099	0	7	0.858118413743027	-0.63452755933849	132	14
415	3	0.312746012488172	0	7	0.858118413743027	-0.63452755933849	132	14
416	3	0.524602318233258	0	7	0.858118413743027	-0.63452755933849	132	14
420	0	0.259581570849077	0	7	0.858118413743027	-0.63452755933849	132	14
421	1	-0.104669663089355	0	7	0.858118413743027	-0.63452755933849	132	14
427	3	0.255025493683522	0	7	0.858118413743027	-0.63452755933849	132	14
430	0	-0.120968303425057	0	7	0.858118413743027	-0.63452755933849	132	14
433	1	-0.286761278214429	0	7	0.858118413743027	-0.63452755933849	132	14
435	3	0.473564695804485	0	7	0.858118413743027	-0.63452755933849	132	14
439	4	0.385988671505585	0	7	0.858118413743027	-0.63452755933849	132	14
440	3	-0.41850609061441	0	7	0.858118413743027	-0.63452755933849	132	14
443	3	0.449992065799304	0	7	0.858118413743027	-0.63452755933849	132	14
444	0	0.416997509160063	0	7	0.858118413743027	-0.63452755933849	132	14
445	3	0.427786724177642	0	7	0.858118413743027	-0.63452755933849	132	14
462	3	0.0951427731484496	0	7	0.858118413743027	-0.63452755933849	132	14
463	8	0.107400165590909	0	7	0.858118413743027	-0.63452755933849	132	14
466	1	0.220879184732258	0	7	0.858118413743027	-0.63452755933849	132	14
467	10	0.236197336730414	0	7	0.858118413743027	-0.63452755933849	132	14
471	1	0.320573840336281	0	7	0.858118413743027	-0.63452755933849	132	14
472	2	-0.58586093936706	0	7	0.858118413743027	-0.63452755933849	132	14
473	5	0.248780873502696	0	7	0.858118413743027	-0.63452755933849	132	14
475	7	0.821861402630455	1	7	0.858118413743027	-0.63452755933849	132	14
476	12	0.0755453278979416	0	7	0.858118413743027	-0.63452755933849	132	14
477	1	0.126260513661545	0	7	0.858118413743027	-0.63452755933849	132	14
479	12	0.257952641876223	0	7	0.858118413743027	-0.63452755933849	132	14
481	3	0.0591014598401132	0	7	0.858118413743027	-0.63452755933849	132	14
482	0	0.388507002225546	0	7	0.858118413743027	-0.63452755933849	132	14
483	2	-0.424814992540483	0	7	0.858118413743027	-0.63452755933849	132	14
487	0	0.110064360562215	0	7	0.858118413743027	-0.63452755933849	132	14
488	1	0.0566621102654862	0	7	0.858118413743027	-0.63452755933849	132	14
489	3	-0.331406331160264	0	7	0.858118413743027	-0.63452755933849	132	14
490	2	-0.394527411064561	0	7	0.858118413743027	-0.63452755933849	132	14
491	0	-0.0708396530681081	0	7	0.858118413743027	-0.63452755933849	132	14
492	1	-0.15342385773084	0	7	0.858118413743027	-0.63452755933849	132	14
493	3	-0.218330309169625	0	7	0.858118413743027	-0.63452755933849	132	14
498	3	0.338385570939815	0	7	0.858118413743027	-0.63452755933849	132	14
501	3	0.467349219608771	0	7	0.858118413743027	-0.63452755933849	132	14
506	3	0.369507018869215	0	7	0.858118413743027	-0.63452755933849	132	14
509	3	0.608030911902815	0	7	0.858118413743027	-0.63452755933849	132	14
513	4	0.706609192296387	0	7	0.858118413743027	-0.63452755933849	132	14
515	3	0.423597625142237	0	7	0.858118413743027	-0.63452755933849	132	14
516	7	0.719776297052663	1	7	0.858118413743027	-0.63452755933849	132	14
517	7	0.709075053154379	1	7	0.858118413743027	-0.63452755933849	132	14
518	3	0.596448610239811	0	7	0.858118413743027	-0.63452755933849	132	14
521	7	0.773975882084251	1	7	0.858118413743027	-0.63452755933849	132	14
522	4	0.527840442710436	0	7	0.858118413743027	-0.63452755933849	132	14
523	3	0.35174149885769	0	7	0.858118413743027	-0.63452755933849	132	14
525	12	0.211508596346103	0	7	0.858118413743027	-0.63452755933849	132	14
526	3	0.143478073584369	0	7	0.858118413743027	-0.63452755933849	132	14
527	4	0.481230396236137	0	7	0.858118413743027	-0.63452755933849	132	14
528	3	0.276074298484213	0	7	0.858118413743027	-0.63452755933849	132	14
529	1	0.43665751462345	0	7	0.858118413743027	-0.63452755933849	132	14
533	4	0.551937335247558	0	7	0.858118413743027	-0.63452755933849	132	14
535	3	0.00996509396822148	0	7	0.858118413743027	-0.63452755933849	132	14
537	1	0.26406478383444	0	7	0.858118413743027	-0.63452755933849	132	14
538	0	0.106438800259275	0	7	0.858118413743027	-0.63452755933849	132	14
539	3	0.617326248676525	0	7	0.858118413743027	-0.63452755933849	132	14
540	0	-0.124056484558108	0	7	0.858118413743027	-0.63452755933849	132	14
545	7	-0.54910452020643	1	7	0.858118413743027	-0.63452755933849	132	14
546	3	0.0311549613831395	0	7	0.858118413743027	-0.63452755933849	132	14
547	1	-0.075640376048117	0	7	0.858118413743027	-0.63452755933849	132	14
549	3	0.376421301023671	0	7	0.858118413743027	-0.63452755933849	132	14
550	1	-0.304132227464887	0	7	0.858118413743027	-0.63452755933849	132	14
552	0	0.20241100933023	0	7	0.858118413743027	-0.63452755933849	132	14
553	3	0.104236950241943	0	7	0.858118413743027	-0.63452755933849	132	14
554	3	-0.25205153121894	0	7	0.858118413743027	-0.63452755933849	132	14
558	2	-0.0127218379778175	0	7	0.858118413743027	-0.63452755933849	132	14
563	3	0.274767088972569	0	7	0.858118413743027	-0.63452755933849	132	14
567	11	-0.273272750133006	0	7	0.858118413743027	-0.63452755933849	132	14
572	4	0.695433178551492	0	7	0.858118413743027	-0.63452755933849	132	14
573	1	0.41688707302009	0	7	0.858118413743027	-0.63452755933849	132	14
575	0	-0.121148552598896	0	7	0.858118413743027	-0.63452755933849	132	14
576	2	-0.19280177554124	0	7	0.858118413743027	-0.63452755933849	132	14
577	3	-0.3134313007926	0	7	0.858118413743027	-0.63452755933849	132	14
580	2	-0.0266954473549343	0	7	0.858118413743027	-0.63452755933849	132	14
581	1	0.136907942639295	0	7	0.858118413743027	-0.63452755933849	132	14
582	1	0.465666999182706	0	7	0.858118413743027	-0.63452755933849	132	14
585	1	0.00659515848742145	0	7	0.858118413743027	-0.63452755933849	132	14
586	2	-0.163850003891413	0	7	0.858118413743027	-0.63452755933849	132	14
587	7	0.745506164307131	1	7	0.858118413743027	-0.63452755933849	132	14
590	8	-0.0846857129001064	0	7	0.858118413743027	-0.63452755933849	132	14
593	4	0.459834072225183	0	7	0.858118413743027	-0.63452755933849	132	14
594	3	0.0883180256209708	0	7	0.858118413743027	-0.63452755933849	132	14
595	0	-0.174910902893194	0	7	0.858118413743027	-0.63452755933849	132	14
596	1	-0.0266543542938758	0	7	0.858118413743027	-0.63452755933849	132	14
597	10	0.224525922935486	0	7	0.858118413743027	-0.63452755933849	132	14
598	0	0.260756055625035	0	7	0.858118413743027	-0.63452755933849	132	14
599	1	0.31429393089867	0	7	0.858118413743027	-0.63452755933849	132	14
604	2	0.0829640165567595	0	7	0.858118413743027	-0.63452755933849	132	14
605	8	0.192929358737774	0	7	0.858118413743027	-0.63452755933849	132	14
608	2	-0.386582451134812	0	7	0.858118413743027	-0.63452755933849	132	14
610	0	0.309111750368537	0	7	0.858118413743027	-0.63452755933849	132	14
613	3	0.0530906326350521	0	7	0.858118413743027	-0.63452755933849	132	14
617	2	0.240244498813956	0	7	0.858118413743027	-0.63452755933849	132	14
622	3	0.253058306189895	0	7	0.858118413743027	-0.63452755933849	132	14
623	0	-0.0252620015717133	0	7	0.858118413743027	-0.63452755933849	132	14
624	1	-0.102505494438011	0	7	0.858118413743027	-0.63452755933849	132	14
627	3	-0.149629753286089	0	7	0.858118413743027	-0.63452755933849	132	14
629	1	-0.332052933836256	0	7	0.858118413743027	-0.63452755933849	132	14
631	3	-0.0718895395717713	0	7	0.858118413743027	-0.63452755933849	132	14
633	0	0.10940628876434	0	7	0.858118413743027	-0.63452755933849	132	14
634	9	0.249343659614384	0	7	0.858118413743027	-0.63452755933849	132	14
635	3	0.354969481129178	0	7	0.858118413743027	-0.63452755933849	132	14
636	3	-0.16428585442508	0	7	0.858118413743027	-0.63452755933849	132	14
637	2	0.0543511463594656	0	7	0.858118413743027	-0.63452755933849	132	14
638	4	0.440977732739753	0	7	0.858118413743027	-0.63452755933849	132	14
639	10	0.450650474617098	0	7	0.858118413743027	-0.63452755933849	132	14
640	2	-0.124843411491213	0	7	0.858118413743027	-0.63452755933849	132	14
641	2	-0.170226084347601	0	7	0.858118413743027	-0.63452755933849	132	14
642	3	0.116750703748571	0	7	0.858118413743027	-0.63452755933849	132	14
643	2	0.0410418566900444	0	7	0.858118413743027	-0.63452755933849	132	14
644	7	0.708438229794905	1	7	0.858118413743027	-0.63452755933849	132	14
645	4	0.655159321049808	0	7	0.858118413743027	-0.63452755933849	132	14
649	3	0.0104884324037993	0	7	0.858118413743027	-0.63452755933849	132	14
650	0	-0.0746028548642946	0	7	0.858118413743027	-0.63452755933849	132	14
652	0	0.201854921368159	0	7	0.858118413743027	-0.63452755933849	132	14
653	2	-0.292948272885564	0	7	0.858118413743027	-0.63452755933849	132	14
654	9	-0.179269395023188	0	7	0.858118413743027	-0.63452755933849	132	14
655	5	0.543517500436986	0	7	0.858118413743027	-0.63452755933849	132	14
656	0	0.00615860692685144	0	7	0.858118413743027	-0.63452755933849	132	14
657	1	0.0134592266408169	0	7	0.858118413743027	-0.63452755933849	132	14
658	0	0.215201779535839	0	7	0.858118413743027	-0.63452755933849	132	14
659	11	-0.28902047564408	0	7	0.858118413743027	-0.63452755933849	132	14
660	1	-0.119326968734727	0	7	0.858118413743027	-0.63452755933849	132	14
661	0	0.05777313804656	0	7	0.858118413743027	-0.63452755933849	132	14
662	0	0.0946673244233099	0	7	0.858118413743027	-0.63452755933849	132	14
663	1	0.295554777239681	0	7	0.858118413743027	-0.63452755933849	132	14
664	3	0.377751409673653	0	7	0.858118413743027	-0.63452755933849	132	14
665	1	0.397918783748678	0	7	0.858118413743027	-0.63452755933849	132	14
669	1	0.449088308195522	0	7	0.858118413743027	-0.63452755933849	132	14
670	3	0.385638971832868	0	7	0.858118413743027	-0.63452755933849	132	14
672	0	-0.0403655101110744	0	7	0.858118413743027	-0.63452755933849	132	14
675	2	-0.300786338843876	0	7	0.858118413743027	-0.63452755933849	132	14
677	2	0.0857123303272684	0	7	0.858118413743027	-0.63452755933849	132	14
678	4	0.271054710553499	0	7	0.858118413743027	-0.63452755933849	132	14
682	4	0.570648588602376	0	7	0.858118413743027	-0.63452755933849	132	14
683	1	0.43255356769276	0	7	0.858118413743027	-0.63452755933849	132	14
684	1	0.44023679299708	0	7	0.858118413743027	-0.63452755933849	132	14
685	5	0.289881877124355	0	7	0.858118413743027	-0.63452755933849	132	14
686	3	0.410001335801654	0	7	0.858118413743027	-0.63452755933849	132	14
687	2	0.556255679635806	0	7	0.858118413743027	-0.63452755933849	132	14
688	2	-0.268368722800647	0	7	0.858118413743027	-0.63452755933849	132	14
689	4	0.282174992197192	0	7	0.858118413743027	-0.63452755933849	132	14
694	2	-0.259897826888154	0	7	0.858118413743027	-0.63452755933849	132	14
695	2	-0.202497253056753	0	7	0.858118413743027	-0.63452755933849	132	14
699	2	-0.312586652007865	0	7	0.858118413743027	-0.63452755933849	132	14
705	0	-0.116421933686232	0	7	0.858118413743027	-0.63452755933849	132	14
706	13	0.190816471760876	0	7	0.858118413743027	-0.63452755933849	132	14
708	3	0.151633430357457	0	7	0.858118413743027	-0.63452755933849	132	14
710	2	0.127126557397513	0	7	0.858118413743027	-0.63452755933849	132	14
712	2	-0.407119663347575	0	7	0.858118413743027	-0.63452755933849	132	14
713	2	-0.323717981928934	0	7	0.858118413743027	-0.63452755933849	132	14
715	2	-0.0319483140646548	0	7	0.858118413743027	-0.63452755933849	132	14
716	2	-0.443188979471753	0	7	0.858118413743027	-0.63452755933849	132	14
718	2	-0.403101100175418	0	7	0.858118413743027	-0.63452755933849	132	14
719	2	-0.278032994007805	0	7	0.858118413743027	-0.63452755933849	132	14
726	3	0.402015326168218	0	7	0.858118413743027	-0.63452755933849	132	14
727	3	0.180842993184126	0	7	0.858118413743027	-0.63452755933849	132	14
728	10	0.25934654358232	0	7	0.858118413743027	-0.63452755933849	132	14
729	1	-0.02582515110833	0	7	0.858118413743027	-0.63452755933849	132	14
730	2	-0.481324171326457	0	7	0.858118413743027	-0.63452755933849	132	14
733	1	-0.26342350661552	0	7	0.858118413743027	-0.63452755933849	132	14
734	0	0.479384934052861	0	7	0.858118413743027	-0.63452755933849	132	14
738	4	0.279978133223083	0	7	0.858118413743027	-0.63452755933849	132	14
740	4	0.349694754156043	0	7	0.858118413743027	-0.63452755933849	132	14
741	4	0.505994988321039	0	7	0.858118413743027	-0.63452755933849	132	14
744	0	-0.161306200202398	0	7	0.858118413743027	-0.63452755933849	132	14
745	2	-0.105995008730131	0	7	0.858118413743027	-0.63452755933849	132	14
747	1	-0.0259409054062108	0	7	0.858118413743027	-0.63452755933849	132	14
752	2	-0.242830642076495	0	7	0.858118413743027	-0.63452755933849	132	14
753	2	-0.567440668387368	0	7	0.858118413743027	-0.63452755933849	132	14
754	0	0.103790025980708	0	7	0.858118413743027	-0.63452755933849	132	14
755	2	0.350257048518241	0	7	0.858118413743027	-0.63452755933849	132	14
757	1	-0.00307912926382336	0	7	0.858118413743027	-0.63452755933849	132	14
759	0	-0.0575441921204637	0	7	0.858118413743027	-0.63452755933849	132	14
760	3	0.42985416400379	0	7	0.858118413743027	-0.63452755933849	132	14
761	0	0.237320561605922	0	7	0.858118413743027	-0.63452755933849	132	14
762	3	0.0550476258464212	0	7	0.858118413743027	-0.63452755933849	132	14
767	0	0.193013545299294	0	7	0.858118413743027	-0.63452755933849	132	14
770	1	0.234625330554349	0	7	0.858118413743027	-0.63452755933849	132	14
771	12	0.127608062502987	0	7	0.858118413743027	-0.63452755933849	132	14
775	3	-0.404715818764634	0	7	0.858118413743027	-0.63452755933849	132	14
776	1	-0.111254930437002	0	7	0.858118413743027	-0.63452755933849	132	14
777	0	0.231023164557368	0	7	0.858118413743027	-0.63452755933849	132	14
779	1	0.120683894898519	0	7	0.858118413743027	-0.63452755933849	132	14
781	0	0.281591583008758	0	7	0.858118413743027	-0.63452755933849	132	14
782	3	-0.212095230564361	0	7	0.858118413743027	-0.63452755933849	132	14
783	5	0.277039696327025	0	7	0.858118413743027	-0.63452755933849	132	14
784	1	-0.121464535996093	0	7	0.858118413743027	-0.63452755933849	132	14
785	0	0.192811704271365	0	7	0.858118413743027	-0.63452755933849	132	14
788	3	0.408036275409685	0	7	0.858118413743027	-0.63452755933849	132	14
790	2	-0.224103021229787	0	7	0.858118413743027	-0.63452755933849	132	14
793	12	0.213748211629194	0	7	0.858118413743027	-0.63452755933849	132	14
796	0	0.103131007281001	0	7	0.858118413743027	-0.63452755933849	132	14
799	0	0.319565051172648	0	7	0.858118413743027	-0.63452755933849	132	14
800	2	-0.325227371129344	0	7	0.858118413743027	-0.63452755933849	132	14
810	3	0.457961484435376	0	7	0.858118413743027	-0.63452755933849	132	14
811	1	0.209008105072895	0	7	0.858118413743027	-0.63452755933849	132	14
813	2	-0.365559276886392	0	7	0.858118413743027	-0.63452755933849	132	14
814	2	-0.217656671816263	0	7	0.858118413743027	-0.63452755933849	132	14
815	5	0.442622554067469	0	7	0.858118413743027	-0.63452755933849	132	14
816	3	3.91144414048292e-05	0	7	0.858118413743027	-0.63452755933849	132	14
818	3	0.317955613681202	0	7	0.858118413743027	-0.63452755933849	132	14
819	0	0.131592535845448	0	7	0.858118413743027	-0.63452755933849	132	14
821	1	0.194812217674733	0	7	0.858118413743027	-0.63452755933849	132	14
822	2	-0.0790038250122716	0	7	0.858118413743027	-0.63452755933849	132	14
823	4	0.195513703441882	0	7	0.858118413743027	-0.63452755933849	132	14
824	5	0.299739643205036	0	7	0.858118413743027	-0.63452755933849	132	14
825	3	0.0108169471746846	0	7	0.858118413743027	-0.63452755933849	132	14
826	4	0.312393491641023	0	7	0.858118413743027	-0.63452755933849	132	14
827	2	-0.301504016104928	0	7	0.858118413743027	-0.63452755933849	132	14
830	0	-0.199313657161964	0	7	0.858118413743027	-0.63452755933849	132	14
831	1	0.104135593253518	0	7	0.858118413743027	-0.63452755933849	132	14
832	4	0.242560947314461	0	7	0.858118413743027	-0.63452755933849	132	14
833	0	-0.0324813723767548	0	7	0.858118413743027	-0.63452755933849	132	14
834	2	-0.402270757505712	0	7	0.858118413743027	-0.63452755933849	132	14
835	3	-0.143928259146515	0	7	0.858118413743027	-0.63452755933849	132	14
836	2	-0.490580470765797	0	7	0.858118413743027	-0.63452755933849	132	14
837	3	-0.085949294163788	0	7	0.858118413743027	-0.63452755933849	132	14
839	3	0.0887383784168145	0	7	0.858118413743027	-0.63452755933849	132	14
840	0	-0.259142310718328	0	7	0.858118413743027	-0.63452755933849	132	14
841	1	-0.385322262050123	0	7	0.858118413743027	-0.63452755933849	132	14
842	3	0.136813195165476	0	7	0.858118413743027	-0.63452755933849	132	14
843	6	-0.166428828945085	0	7	0.858118413743027	-0.63452755933849	132	14
844	0	-0.0898919300882473	0	7	0.858118413743027	-0.63452755933849	132	14
845	0	0.0453936012314849	0	7	0.858118413743027	-0.63452755933849	132	14
846	1	-0.00782919998920195	0	7	0.858118413743027	-0.63452755933849	132	14
847	3	0.355257622189512	0	7	0.858118413743027	-0.63452755933849	132	14
857	2	-0.409818809711819	0	7	0.858118413743027	-0.63452755933849	132	14
858	2	-0.627994278712691	0	7	0.858118413743027	-0.63452755933849	132	14
860	2	-0.124694704627241	0	7	0.858118413743027	-0.63452755933849	132	14
862	3	-0.211035549251819	0	7	0.858118413743027	-0.63452755933849	132	14
863	2	-0.386990787190718	0	7	0.858118413743027	-0.63452755933849	132	14
864	2	-0.159532648470249	0	7	0.858118413743027	-0.63452755933849	132	14
865	2	-0.322729732134483	0	7	0.858118413743027	-0.63452755933849	132	14
866	3	0.299972122107313	0	7	0.858118413743027	-0.63452755933849	132	14
867	5	0.356579733452824	0	7	0.858118413743027	-0.63452755933849	132	14
868	5	0.374401888386034	0	7	0.858118413743027	-0.63452755933849	132	14
871	2	-0.325852702013731	0	7	0.858118413743027	-0.63452755933849	132	14
873	3	0.190190657296481	0	7	0.858118413743027	-0.63452755933849	132	14
874	2	-0.0752492527220931	0	7	0.858118413743027	-0.63452755933849	132	14
883	1	0.527285967335011	0	7	0.858118413743027	-0.63452755933849	132	14
889	0	-0.447377450281209	0	7	0.858118413743027	-0.63452755933849	132	14
890	2	-0.51971993429222	0	7	0.858118413743027	-0.63452755933849	132	14
891	2	-0.287155500038848	0	7	0.858118413743027	-0.63452755933849	132	14
892	1	-0.30410010434375	0	7	0.858118413743027	-0.63452755933849	132	14
894	2	-0.412448385706184	0	7	0.858118413743027	-0.63452755933849	132	14
896	1	0.121747045171551	0	7	0.858118413743027	-0.63452755933849	132	14
899	3	0.00625337720160465	0	7	0.858118413743027	-0.63452755933849	132	14
900	3	0.414567291011332	0	7	0.858118413743027	-0.63452755933849	132	14
901	0	0.0555835759011858	0	7	0.858118413743027	-0.63452755933849	132	14
902	0	0.0214134460824489	0	7	0.858118413743027	-0.63452755933849	132	14
904	1	0.439411153457656	0	7	0.858118413743027	-0.63452755933849	132	14
905	6	-0.568823097802526	0	7	0.858118413743027	-0.63452755933849	132	14
908	2	-0.349087563041207	0	7	0.858118413743027	-0.63452755933849	132	14
911	2	-0.352635922050703	0	7	0.858118413743027	-0.63452755933849	132	14
912	2	-0.399252339785174	0	7	0.858118413743027	-0.63452755933849	132	14
913	2	-0.452077672679133	0	7	0.858118413743027	-0.63452755933849	132	14
914	2	-0.279890271391948	0	7	0.858118413743027	-0.63452755933849	132	14
915	2	-0.180752567519733	0	7	0.858118413743027	-0.63452755933849	132	14
916	2	-0.143208189709555	0	7	0.858118413743027	-0.63452755933849	132	14
917	2	-0.20182996013492	0	7	0.858118413743027	-0.63452755933849	132	14
919	2	-0.199055923573802	0	7	0.858118413743027	-0.63452755933849	132	14
920	2	0.0547479359936604	0	7	0.858118413743027	-0.63452755933849	132	14
921	2	-0.177202856600532	0	7	0.858118413743027	-0.63452755933849	132	14
922	2	-0.0692434775201831	0	7	0.858118413743027	-0.63452755933849	132	14
923	2	-0.287608812947318	0	7	0.858118413743027	-0.63452755933849	132	14
924	2	-0.144063605841522	0	7	0.858118413743027	-0.63452755933849	132	14
925	2	-0.0815823315075839	0	7	0.858118413743027	-0.63452755933849	132	14
929	2	-0.0914682283418585	0	7	0.858118413743027	-0.63452755933849	132	14
930	2	-0.329209389495262	0	7	0.858118413743027	-0.63452755933849	132	14
931	2	-0.227602808681978	0	7	0.858118413743027	-0.63452755933849	132	14
933	2	-0.0274696465839081	0	7	0.858118413743027	-0.63452755933849	132	14
939	2	-0.407937905430503	0	7	0.858118413743027	-0.63452755933849	132	14
940	2	-0.356481935194856	0	7	0.858118413743027	-0.63452755933849	132	14
941	2	-0.186354341600158	0	7	0.858118413743027	-0.63452755933849	132	14
942	2	-0.130017094020983	0	7	0.858118413743027	-0.63452755933849	132	14
943	1	0.126148098042036	0	7	0.858118413743027	-0.63452755933849	132	14
944	2	-0.0513752751923093	0	7	0.858118413743027	-0.63452755933849	132	14
945	2	-0.176243896989037	0	7	0.858118413743027	-0.63452755933849	132	14
946	2	-0.272918880236643	0	7	0.858118413743027	-0.63452755933849	132	14
947	11	-0.316210939403919	0	7	0.858118413743027	-0.63452755933849	132	14
948	2	-0.309575121378082	0	7	0.858118413743027	-0.63452755933849	132	14
949	1	-0.161845179781294	0	7	0.858118413743027	-0.63452755933849	132	14
950	1	0.326976942859201	0	7	0.858118413743027	-0.63452755933849	132	14
951	2	0.0494827962066513	0	7	0.858118413743027	-0.63452755933849	132	14
952	10	-0.041443700564269	0	7	0.858118413743027	-0.63452755933849	132	14
953	2	-0.402354682529947	0	7	0.858118413743027	-0.63452755933849	132	14
954	0	0.281083018649824	0	7	0.858118413743027	-0.63452755933849	132	14
955	0	-0.0962925919858884	0	7	0.858118413743027	-0.63452755933849	132	14
956	1	-0.211588318324386	0	7	0.858118413743027	-0.63452755933849	132	14
957	3	0.356133925250974	0	7	0.858118413743027	-0.63452755933849	132	14
958	2	-0.224476757395337	0	7	0.858118413743027	-0.63452755933849	132	14
959	2	-0.202791059827069	0	7	0.858118413743027	-0.63452755933849	132	14
960	2	-0.44901797740889	0	7	0.858118413743027	-0.63452755933849	132	14
961	1	0.14191651420746	0	7	0.858118413743027	-0.63452755933849	132	14
962	2	-0.266661618484946	0	7	0.858118413743027	-0.63452755933849	132	14
963	2	-0.314969700914453	0	7	0.858118413743027	-0.63452755933849	132	14
965	1	-0.440826749315013	0	7	0.858118413743027	-0.63452755933849	132	14
967	2	-0.010364701818874	0	7	0.858118413743027	-0.63452755933849	132	14
969	2	-0.105404058185418	0	7	0.858118413743027	-0.63452755933849	132	14
970	2	-0.0804024085087196	0	7	0.858118413743027	-0.63452755933849	132	14
971	2	-0.214723437612489	0	7	0.858118413743027	-0.63452755933849	132	14
972	0	-0.147911740716415	0	7	0.858118413743027	-0.63452755933849	132	14
973	2	-0.10216091273379	0	7	0.858118413743027	-0.63452755933849	132	14
974	0	0.126258059777643	0	7	0.858118413743027	-0.63452755933849	132	14
975	1	0.237187892503231	0	7	0.858118413743027	-0.63452755933849	132	14
976	2	-0.12571710801181	0	7	0.858118413743027	-0.63452755933849	132	14
977	4	0.398295602979674	0	7	0.858118413743027	-0.63452755933849	132	14
978	1	0.572168659870695	0	7	0.858118413743027	-0.63452755933849	132	14
983	2	-0.190964346575354	0	7	0.858118413743027	-0.63452755933849	132	14
987	3	-0.234274069869862	0	7	0.858118413743027	-0.63452755933849	132	14
988	5	0.554387214245258	0	7	0.858118413743027	-0.63452755933849	132	14
989	1	0.00168415003732367	0	7	0.858118413743027	-0.63452755933849	132	14
990	2	-0.112496606194061	0	7	0.858118413743027	-0.63452755933849	132	14
991	1	-0.422580056655604	0	7	0.858118413743027	-0.63452755933849	132	14
993	5	0.284398469366065	0	7	0.858118413743027	-0.63452755933849	132	14
994	0	-0.214044665111769	0	7	0.858118413743027	-0.63452755933849	132	14
996	1	0.16051350064271	0	7	0.858118413743027	-0.63452755933849	132	14
997	4	0.463593230018407	0	7	0.858118413743027	-0.63452755933849	132	14
998	0	0.252444463080628	0	7	0.858118413743027	-0.63452755933849	132	14
999	0	0.13985098329098	0	7	0.858118413743027	-0.63452755933849	132	14
1000	1	-0.174285464015021	0	7	0.858118413743027	-0.63452755933849	132	14
1001	2	-0.338792795242415	0	7	0.858118413743027	-0.63452755933849	132	14
1002	1	-0.0734611263112387	0	7	0.858118413743027	-0.63452755933849	132	14
1003	11	-0.253726427844932	0	7	0.858118413743027	-0.63452755933849	132	14
1004	1	-0.418886815233554	0	7	0.858118413743027	-0.63452755933849	132	14
1007	3	0.363268220549378	0	7	0.858118413743027	-0.63452755933849	132	14
1009	2	-0.480607226315192	0	7	0.858118413743027	-0.63452755933849	132	14
1012	9	0.201902805223149	0	7	0.858118413743027	-0.63452755933849	132	14
1013	0	-0.0603833310985883	0	7	0.858118413743027	-0.63452755933849	132	14
1014	12	0.215781661091951	0	7	0.858118413743027	-0.63452755933849	132	14
1017	3	-0.222208889760072	0	7	0.858118413743027	-0.63452755933849	132	14
1019	4	0.387680660596182	0	7	0.858118413743027	-0.63452755933849	132	14
1020	4	0.283454361072909	0	7	0.858118413743027	-0.63452755933849	132	14
1021	3	0.0759770515453138	0	7	0.858118413743027	-0.63452755933849	132	14
1022	3	0.00393328766682566	0	7	0.858118413743027	-0.63452755933849	132	14
1024	0	0.111069340182702	0	7	0.858118413743027	-0.63452755933849	132	14
1026	0	0.0220616163866242	0	7	0.858118413743027	-0.63452755933849	132	14
1027	1	0.538574283782323	0	7	0.858118413743027	-0.63452755933849	132	14
1028	1	0.32262299068794	0	7	0.858118413743027	-0.63452755933849	132	14
1030	2	-0.104592544074835	0	7	0.858118413743027	-0.63452755933849	132	14
1031	2	0.0982575825768392	0	7	0.858118413743027	-0.63452755933849	132	14
1032	0	0.319762182615591	0	7	0.858118413743027	-0.63452755933849	132	14
1036	2	-0.439280135354848	0	7	0.858118413743027	-0.63452755933849	132	14
1038	0	0.301720993041342	0	7	0.858118413743027	-0.63452755933849	132	14
1040	5	0.486572844104119	0	7	0.858118413743027	-0.63452755933849	132	14
1043	2	-0.140298793659923	0	7	0.858118413743027	-0.63452755933849	132	14
1050	0	0.0498929666118866	0	7	0.858118413743027	-0.63452755933849	132	14
1051	0	-0.0444321857930591	0	7	0.858118413743027	-0.63452755933849	132	14
1052	10	0.132665380151595	0	7	0.858118413743027	-0.63452755933849	132	14
1054	0	-0.424690732770792	0	7	0.858118413743027	-0.63452755933849	132	14
1056	2	0.474295920854977	0	7	0.858118413743027	-0.63452755933849	132	14
1059	0	0.108221387907654	0	7	0.858118413743027	-0.63452755933849	132	14
1060	1	-0.180090741878072	0	7	0.858118413743027	-0.63452755933849	132	14
1063	2	-0.325502751766096	0	7	0.858118413743027	-0.63452755933849	132	14
1069	1	0.547576856055095	0	7	0.858118413743027	-0.63452755933849	132	14
1070	1	0.351524726747431	0	7	0.858118413743027	-0.63452755933849	132	14
1071	1	0.339870988676634	0	7	0.858118413743027	-0.63452755933849	132	14
1075	2	-0.396901773645082	0	7	0.858118413743027	-0.63452755933849	132	14
1080	2	-0.223541646254446	0	7	0.858118413743027	-0.63452755933849	132	14
1089	0	0.130937410584207	0	7	0.858118413743027	-0.63452755933849	132	14
1101	2	0.244772560446339	0	7	0.858118413743027	-0.63452755933849	132	14
1102	0	0.161665522605451	0	7	0.858118413743027	-0.63452755933849	132	14
1105	4	-0.612318639032902	0	7	0.858118413743027	-0.63452755933849	132	14
1107	1	-0.0283670521796064	0	7	0.858118413743027	-0.63452755933849	132	14
1108	2	-0.320447501154291	0	7	0.858118413743027	-0.63452755933849	132	14
1111	1	-0.289400241339695	0	7	0.858118413743027	-0.63452755933849	132	14
1112	0	-0.282840130064689	0	7	0.858118413743027	-0.63452755933849	132	14
1113	0	-0.0696764388355172	0	7	0.858118413743027	-0.63452755933849	132	14
1114	0	-0.0152814856542731	0	7	0.858118413743027	-0.63452755933849	132	14
1116	1	0.462084922583598	0	7	0.858118413743027	-0.63452755933849	132	14
1117	2	-0.3796061889797	0	7	0.858118413743027	-0.63452755933849	132	14
1118	3	-0.175616673909708	0	7	0.858118413743027	-0.63452755933849	132	14
1119	0	-0.0854452943446672	0	7	0.858118413743027	-0.63452755933849	132	14
1121	1	0.384842693121282	0	7	0.858118413743027	-0.63452755933849	132	14
1122	0	0.292223907408156	0	7	0.858118413743027	-0.63452755933849	132	14
1123	3	-0.150303919479779	0	7	0.858118413743027	-0.63452755933849	132	14
1124	1	-0.239326228903187	0	7	0.858118413743027	-0.63452755933849	132	14
1130	2	-0.419000516683111	0	7	0.858118413743027	-0.63452755933849	132	14
1131	11	-0.499574615474955	0	7	0.858118413743027	-0.63452755933849	132	14
1133	0	0.126661242026302	0	7	0.858118413743027	-0.63452755933849	132	14
1137	0	0.287366916529151	0	7	0.858118413743027	-0.63452755933849	132	14
1140	1	0.413679757820079	0	7	0.858118413743027	-0.63452755933849	132	14
1141	0	0.140440237426675	0	7	0.858118413743027	-0.63452755933849	132	14
1143	1	-0.330746949334989	0	7	0.858118413743027	-0.63452755933849	132	14
1145	0	0.315940433306771	0	7	0.858118413743027	-0.63452755933849	132	14
1146	0	-0.0954291169673896	0	7	0.858118413743027	-0.63452755933849	132	14
1147	2	0.0566777892749975	0	7	0.858118413743027	-0.63452755933849	132	14
1149	0	0.135571048251889	0	7	0.858118413743027	-0.63452755933849	132	14
1152	4	0.626752992043055	0	7	0.858118413743027	-0.63452755933849	132	14
1153	1	0.440496200046099	0	7	0.858118413743027	-0.63452755933849	132	14
1154	3	0.362215886720486	0	7	0.858118413743027	-0.63452755933849	132	14
1155	4	0.617314275817726	0	7	0.858118413743027	-0.63452755933849	132	14
1158	0	0.49437046279745	0	7	0.858118413743027	-0.63452755933849	132	14
1160	12	-0.0749218596095154	0	7	0.858118413743027	-0.63452755933849	132	14
1161	1	0.0341049287874362	0	7	0.858118413743027	-0.63452755933849	132	14
1164	1	0.185976748303378	0	7	0.858118413743027	-0.63452755933849	132	14
1173	0	-0.209980445683647	0	7	0.858118413743027	-0.63452755933849	132	14
1174	0	0.279653575894289	0	7	0.858118413743027	-0.63452755933849	132	14
1175	4	0.48891771407425	0	7	0.858118413743027	-0.63452755933849	132	14
1178	2	0.100433227792482	0	7	0.858118413743027	-0.63452755933849	132	14
1181	0	-0.0850271963254089	0	7	0.858118413743027	-0.63452755933849	132	14
1182	1	0.210180739892584	0	7	0.858118413743027	-0.63452755933849	132	14
1183	5	0.538131071760462	0	7	0.858118413743027	-0.63452755933849	132	14
1184	3	0.20991006286127	0	7	0.858118413743027	-0.63452755933849	132	14
1186	0	0.0609835908144688	0	7	0.858118413743027	-0.63452755933849	132	14
1188	12	0.227276241459984	0	7	0.858118413743027	-0.63452755933849	132	14
1191	2	-0.349488697036597	0	7	0.858118413743027	-0.63452755933849	132	14
1193	9	-0.0166560259966621	0	7	0.858118413743027	-0.63452755933849	132	14
1195	6	-0.524961198738044	0	7	0.858118413743027	-0.63452755933849	132	14
1196	6	-0.467758651647062	0	7	0.858118413743027	-0.63452755933849	132	14
1198	1	0.224702089129861	0	7	0.858118413743027	-0.63452755933849	132	14
1200	4	0.485552835990959	0	7	0.858118413743027	-0.63452755933849	132	14
1201	0	0.0101351354383321	0	7	0.858118413743027	-0.63452755933849	132	14
1203	1	0.358348382673081	0	7	0.858118413743027	-0.63452755933849	132	14
1207	0	-0.078111591626039	0	7	0.858118413743027	-0.63452755933849	132	14
1209	7	0.739895878386292	1	7	0.858118413743027	-0.63452755933849	132	14
1211	0	0.336745792606091	0	7	0.858118413743027	-0.63452755933849	132	14
1212	1	0.707450104108642	0	7	0.858118413743027	-0.63452755933849	132	14
1213	2	-0.252702134048078	0	7	0.858118413743027	-0.63452755933849	132	14
1215	2	-0.142537911214816	0	7	0.858118413743027	-0.63452755933849	132	14
1230	2	0.0100742691748708	0	7	0.858118413743027	-0.63452755933849	132	14
1233	2	-0.154318683368404	0	7	0.858118413743027	-0.63452755933849	132	14
1234	2	-0.328954601972293	0	7	0.858118413743027	-0.63452755933849	132	14
1235	2	-0.300710700523	0	7	0.858118413743027	-0.63452755933849	132	14
1236	2	-0.293451245227057	0	7	0.858118413743027	-0.63452755933849	132	14
1238	0	0.0788775550054017	0	7	0.858118413743027	-0.63452755933849	132	14
1240	3	-0.208494399965847	0	7	0.858118413743027	-0.63452755933849	132	14
1241	2	-0.180462812566992	0	7	0.858118413743027	-0.63452755933849	132	14
1244	3	0.347119145401481	0	7	0.858118413743027	-0.63452755933849	132	14
1259	0	0.0787770462523381	0	7	0.858118413743027	-0.63452755933849	132	14
1263	0	0.161021706138649	0	7	0.858118413743027	-0.63452755933849	132	14
1264	1	-0.257017432462463	0	7	0.858118413743027	-0.63452755933849	132	14
1265	1	0.541367506134675	0	7	0.858118413743027	-0.63452755933849	132	14
1266	4	0.187298363564028	0	7	0.858118413743027	-0.63452755933849	132	14
1267	0	0.124432296221331	0	7	0.858118413743027	-0.63452755933849	132	14
1268	0	-0.00886155906841049	0	7	0.858118413743027	-0.63452755933849	132	14
1269	0	0.0198720301301777	0	7	0.858118413743027	-0.63452755933849	132	14
1271	0	0.110892058895928	0	7	0.858118413743027	-0.63452755933849	132	14
1272	1	0.516875518191623	0	7	0.858118413743027	-0.63452755933849	132	14
1277	2	-0.445830046003751	0	7	0.858118413743027	-0.63452755933849	132	14
1278	2	-0.458758028056758	0	7	0.858118413743027	-0.63452755933849	132	14
1282	2	-0.499272080852649	0	7	0.858118413743027	-0.63452755933849	132	14
1284	2	-0.370569327657285	0	7	0.858118413743027	-0.63452755933849	132	14
1285	1	0.123855599102087	0	7	0.858118413743027	-0.63452755933849	132	14
1286	1	0.0527619839770157	0	7	0.858118413743027	-0.63452755933849	132	14
1287	1	0.107572850488859	0	7	0.858118413743027	-0.63452755933849	132	14
1288	0	-0.218684215143869	0	7	0.858118413743027	-0.63452755933849	132	14
1289	2	-0.454805394815648	0	7	0.858118413743027	-0.63452755933849	132	14
1290	2	-0.426150574725785	0	7	0.858118413743027	-0.63452755933849	132	14
1291	2	-0.250967367858911	0	7	0.858118413743027	-0.63452755933849	132	14
1292	2	-0.511216457929163	0	7	0.858118413743027	-0.63452755933849	132	14
1293	2	-0.482537297299255	0	7	0.858118413743027	-0.63452755933849	132	14
1294	1	-0.375619608992918	0	7	0.858118413743027	-0.63452755933849	132	14
1296	0	-0.0718515157648901	0	7	0.858118413743027	-0.63452755933849	132	14
1298	1	-0.382139528518718	0	7	0.858118413743027	-0.63452755933849	132	14
1299	1	-0.311028587255268	0	7	0.858118413743027	-0.63452755933849	132	14
1300	2	-0.344550760936908	0	7	0.858118413743027	-0.63452755933849	132	14
1301	2	-0.319432489212368	0	7	0.858118413743027	-0.63452755933849	132	14
1305	3	-0.517490525533699	0	7	0.858118413743027	-0.63452755933849	132	14
1306	2	-0.511992689841507	0	7	0.858118413743027	-0.63452755933849	132	14
1307	2	-0.554605162497561	0	7	0.858118413743027	-0.63452755933849	132	14
1310	0	0.244554846588958	0	7	0.858118413743027	-0.63452755933849	132	14
1311	1	-0.378176180112233	0	7	0.858118413743027	-0.63452755933849	132	14
1314	0	0.071023902544565	0	7	0.858118413743027	-0.63452755933849	132	14
1315	2	0.0848657125370747	0	7	0.858118413743027	-0.63452755933849	132	14
1316	2	0.015724448880689	0	7	0.858118413743027	-0.63452755933849	132	14
1317	3	0.236896875757074	0	7	0.858118413743027	-0.63452755933849	132	14
1318	1	0.263873020495707	0	7	0.858118413743027	-0.63452755933849	132	14
1326	2	-0.395232724612326	0	7	0.858118413743027	-0.63452755933849	132	14
1327	3	0.495553892859955	0	7	0.858118413743027	-0.63452755933849	132	14
1329	7	0.676696089994696	1	7	0.858118413743027	-0.63452755933849	132	14
1339	4	0.512411109240113	0	7	0.858118413743027	-0.63452755933849	132	14
1340	4	0.801036636890868	0	7	0.858118413743027	-0.63452755933849	132	14
1345	7	0.39658977372419	1	7	0.858118413743027	-0.63452755933849	132	14
1346	1	0.436958436539889	0	7	0.858118413743027	-0.63452755933849	132	14
1347	0	0.232140862719515	0	7	0.858118413743027	-0.63452755933849	132	14
1349	7	0.705678173842192	1	7	0.858118413743027	-0.63452755933849	132	14
1351	4	0.855676767373143	0	7	0.858118413743027	-0.63452755933849	132	14
1352	3	0.266291670659667	0	7	0.858118413743027	-0.63452755933849	132	14
1353	7	0.620610833007548	1	7	0.858118413743027	-0.63452755933849	132	14
1355	3	0.199374061631444	0	7	0.858118413743027	-0.63452755933849	132	14
1356	2	-0.304087841590923	0	7	0.858118413743027	-0.63452755933849	132	14
1359	2	-0.460079925666711	0	7	0.858118413743027	-0.63452755933849	132	14
1362	1	0.279276430991714	0	7	0.858118413743027	-0.63452755933849	132	14
1363	2	-0.441282888454073	0	7	0.858118413743027	-0.63452755933849	132	14
1365	2	0.0511447950231452	0	7	0.858118413743027	-0.63452755933849	132	14
1366	1	-0.087179437206728	0	7	0.858118413743027	-0.63452755933849	132	14
1368	3	0.375685294105525	0	7	0.858118413743027	-0.63452755933849	132	14
1370	3	0.132378360631832	0	7	0.858118413743027	-0.63452755933849	132	14
1371	0	-0.105367812732005	0	7	0.858118413743027	-0.63452755933849	132	14
1373	0	0.0395603189130515	0	7	0.858118413743027	-0.63452755933849	132	14
1374	1	0.453566870078335	0	7	0.858118413743027	-0.63452755933849	132	14
1376	3	0.481205599885821	0	7	0.858118413743027	-0.63452755933849	132	14
1378	5	0.432488239019259	0	7	0.858118413743027	-0.63452755933849	132	14
1380	1	0.326788132572516	0	7	0.858118413743027	-0.63452755933849	132	14
1381	12	0.496847723002863	0	7	0.858118413743027	-0.63452755933849	132	14
1382	2	-0.109775681384442	0	7	0.858118413743027	-0.63452755933849	132	14
1384	3	0.489146833958557	0	7	0.858118413743027	-0.63452755933849	132	14
1385	3	-0.014361779421124	0	7	0.858118413743027	-0.63452755933849	132	14
1386	0	0.202479881979577	0	7	0.858118413743027	-0.63452755933849	132	14
1387	0	0.155518175450379	0	7	0.858118413743027	-0.63452755933849	132	14
1388	0	0.181124326748032	0	7	0.858118413743027	-0.63452755933849	132	14
1389	1	0.294460506398621	0	7	0.858118413743027	-0.63452755933849	132	14
1390	0	0.244279537136814	0	7	0.858118413743027	-0.63452755933849	132	14
1393	9	0.102635764052887	0	7	0.858118413743027	-0.63452755933849	132	14
1395	0	-0.0189371909677217	0	7	0.858118413743027	-0.63452755933849	132	14
1396	2	-0.287277241058715	0	7	0.858118413743027	-0.63452755933849	132	14
1397	4	0.509519864556989	0	7	0.858118413743027	-0.63452755933849	132	14
1398	1	0.00745130222754142	0	7	0.858118413743027	-0.63452755933849	132	14
1399	1	0.529110982928767	0	7	0.858118413743027	-0.63452755933849	132	14
1400	2	-0.134185952457791	0	7	0.858118413743027	-0.63452755933849	132	14
1401	0	0.0681482259422261	0	7	0.858118413743027	-0.63452755933849	132	14
1404	0	0.157323304878997	0	7	0.858118413743027	-0.63452755933849	132	14
1407	0	0.0603930672261127	0	7	0.858118413743027	-0.63452755933849	132	14
1408	2	0.0103259051413806	0	7	0.858118413743027	-0.63452755933849	132	14
1410	4	0.471091497023624	0	7	0.858118413743027	-0.63452755933849	132	14
1417	3	0.632406184175519	0	7	0.858118413743027	-0.63452755933849	132	14
1428	3	0.342654420681003	0	7	0.858118413743027	-0.63452755933849	132	14
1429	3	0.239741779460027	0	7	0.858118413743027	-0.63452755933849	132	14
1432	0	0.0110916177874074	0	7	0.858118413743027	-0.63452755933849	132	14
1434	2	0.213557374346708	0	7	0.858118413743027	-0.63452755933849	132	14
1435	3	-0.271945804297836	0	7	0.858118413743027	-0.63452755933849	132	14
1436	2	-0.370200019771981	0	7	0.858118413743027	-0.63452755933849	132	14
1439	0	-0.0060178868290345	0	7	0.858118413743027	-0.63452755933849	132	14
1441	10	0.488231258042515	0	7	0.858118413743027	-0.63452755933849	132	14
1445	2	-0.127916194220233	0	7	0.858118413743027	-0.63452755933849	132	14
1452	0	-0.169636305437129	0	7	0.858118413743027	-0.63452755933849	132	14
1453	0	0.103963991455829	0	7	0.858118413743027	-0.63452755933849	132	14
1455	4	0.269818499570197	0	7	0.858118413743027	-0.63452755933849	132	14
1456	2	0.0464728151996236	0	7	0.858118413743027	-0.63452755933849	132	14
1459	1	0.289468975598581	0	7	0.858118413743027	-0.63452755933849	132	14
1460	4	0.469237586632401	0	7	0.858118413743027	-0.63452755933849	132	14
1462	2	-0.433471727113992	0	7	0.858118413743027	-0.63452755933849	132	14
1464	3	-0.399494017353994	0	7	0.858118413743027	-0.63452755933849	132	14
1465	1	0.376433219840704	0	7	0.858118413743027	-0.63452755933849	132	14
1466	0	0.017178301721533	0	7	0.858118413743027	-0.63452755933849	132	14
1468	3	0.336483753172459	0	7	0.858118413743027	-0.63452755933849	132	14
1469	2	-0.0396802712028447	0	7	0.858118413743027	-0.63452755933849	132	14
1471	13	-0.0180072806493315	0	7	0.858118413743027	-0.63452755933849	132	14
1474	2	-0.082533255310412	0	7	0.858118413743027	-0.63452755933849	132	14
1475	2	0.274097204754607	0	7	0.858118413743027	-0.63452755933849	132	14
1476	13	0.206462786360404	0	7	0.858118413743027	-0.63452755933849	132	14
1477	0	-0.00662911918477445	0	7	0.858118413743027	-0.63452755933849	132	14
1478	0	0.339000459575926	0	7	0.858118413743027	-0.63452755933849	132	14
1479	0	0.11063508200305	0	7	0.858118413743027	-0.63452755933849	132	14
1486	3	0.164377200841669	0	7	0.858118413743027	-0.63452755933849	132	14
1487	4	0.315168533364573	0	7	0.858118413743027	-0.63452755933849	132	14
1488	0	0.119683472156553	0	7	0.858118413743027	-0.63452755933849	132	14
1489	0	0.347171219760189	0	7	0.858118413743027	-0.63452755933849	132	14
1490	1	0.156304274101907	0	7	0.858118413743027	-0.63452755933849	132	14
1491	3	0.219144587569232	0	7	0.858118413743027	-0.63452755933849	132	14
1493	2	-0.157416043371754	0	7	0.858118413743027	-0.63452755933849	132	14
1495	1	0.046069425281852	0	7	0.858118413743027	-0.63452755933849	132	14
1497	0	0.37882979901883	0	7	0.858118413743027	-0.63452755933849	132	14
1499	0	-0.30001513628356	0	7	0.858118413743027	-0.63452755933849	132	14
1503	1	-0.388152572530018	0	7	0.858118413743027	-0.63452755933849	132	14
1506	0	-0.0907768877812595	0	7	0.858118413743027	-0.63452755933849	132	14
1508	3	0.0401654477825106	0	7	0.858118413743027	-0.63452755933849	132	14
1509	1	0.362414700848338	0	7	0.858118413743027	-0.63452755933849	132	14
1511	2	-0.243270899731361	0	7	0.858118413743027	-0.63452755933849	132	14
1512	3	0.285426577898191	0	7	0.858118413743027	-0.63452755933849	132	14
1513	2	-0.437307277752526	0	7	0.858118413743027	-0.63452755933849	132	14
1514	1	0.267955856839022	0	7	0.858118413743027	-0.63452755933849	132	14
1515	2	0.431995488630781	0	7	0.858118413743027	-0.63452755933849	132	14
1519	1	0.133647569440876	0	7	0.858118413743027	-0.63452755933849	132	14
1520	2	-0.204359745729836	0	7	0.858118413743027	-0.63452755933849	132	14
1521	4	0.279256842996863	0	7	0.858118413743027	-0.63452755933849	132	14
1522	2	-0.293783084473462	0	7	0.858118413743027	-0.63452755933849	132	14
1523	4	0.536270536332993	0	7	0.858118413743027	-0.63452755933849	132	14
1524	2	-0.203245486871229	0	7	0.858118413743027	-0.63452755933849	132	14
1525	1	0.108182090538869	0	7	0.858118413743027	-0.63452755933849	132	14
1528	3	0.594796205045676	0	7	0.858118413743027	-0.63452755933849	132	14
1534	7	0.661874016220516	1	7	0.858118413743027	-0.63452755933849	132	14
1535	4	0.473207760391985	0	7	0.858118413743027	-0.63452755933849	132	14
1536	2	-0.248906048103527	0	7	0.858118413743027	-0.63452755933849	132	14
1537	3	0.570749306545182	0	7	0.858118413743027	-0.63452755933849	132	14
1540	1	-0.0956514504098527	0	7	0.858118413743027	-0.63452755933849	132	14
1543	0	-0.0616777908484667	0	7	0.858118413743027	-0.63452755933849	132	14
1545	2	-0.0837165473028051	0	7	0.858118413743027	-0.63452755933849	132	14
1548	1	-0.166100372224296	0	7	0.858118413743027	-0.63452755933849	132	14
1549	1	-0.150181710312475	0	7	0.858118413743027	-0.63452755933849	132	14
1555	3	0.546537571768755	0	7	0.858118413743027	-0.63452755933849	132	14
1558	0	0.139918937704732	0	7	0.858118413743027	-0.63452755933849	132	14
1559	0	0.168206106537755	0	7	0.858118413743027	-0.63452755933849	132	14
1571	0	-0.0456798284349423	0	7	0.858118413743027	-0.63452755933849	132	14
1573	3	0.182803104095513	0	7	0.858118413743027	-0.63452755933849	132	14
1576	3	0.573910678594122	0	7	0.858118413743027	-0.63452755933849	132	14
1577	0	0.105099120532665	0	7	0.858118413743027	-0.63452755933849	132	14
1580	1	0.173466468491872	0	7	0.858118413743027	-0.63452755933849	132	14
1586	3	-0.0637864683710872	0	7	0.858118413743027	-0.63452755933849	132	14
1591	3	0.159130598744354	0	7	0.858118413743027	-0.63452755933849	132	14
1593	3	0.516611342541584	0	7	0.858118413743027	-0.63452755933849	132	14
1594	3	0.315983328482598	0	7	0.858118413743027	-0.63452755933849	132	14
1600	2	-0.147596628534636	0	7	0.858118413743027	-0.63452755933849	132	14
1602	1	0.422151583840325	0	7	0.858118413743027	-0.63452755933849	132	14
1603	7	0.687271690995	1	7	0.858118413743027	-0.63452755933849	132	14
1604	3	0.0903737706404011	0	7	0.858118413743027	-0.63452755933849	132	14
1605	1	0.34243746800133	0	7	0.858118413743027	-0.63452755933849	132	14
1606	2	-0.366939869072128	0	7	0.858118413743027	-0.63452755933849	132	14
1607	3	0.187667087495772	0	7	0.858118413743027	-0.63452755933849	132	14
1608	0	-0.0335811105095066	0	7	0.858118413743027	-0.63452755933849	132	14
1609	0	0.020617346427284	0	7	0.858118413743027	-0.63452755933849	132	14
1610	3	0.382689357092887	0	7	0.858118413743027	-0.63452755933849	132	14
1611	4	0.309317541690067	0	7	0.858118413743027	-0.63452755933849	132	14
1612	1	0.0568730815547143	0	7	0.858118413743027	-0.63452755933849	132	14
1615	1	0.185042199490201	0	7	0.858118413743027	-0.63452755933849	132	14
1620	0	0.16910405008811	0	7	0.858118413743027	-0.63452755933849	132	14
1621	0	0.00669606425145552	0	7	0.858118413743027	-0.63452755933849	132	14
1622	3	0.535762039080412	0	7	0.858118413743027	-0.63452755933849	132	14
1627	3	-0.0755908050997728	0	7	0.858118413743027	-0.63452755933849	132	14
1628	0	0.330167266330332	0	7	0.858118413743027	-0.63452755933849	132	14
1629	3	0.286099955779513	0	7	0.858118413743027	-0.63452755933849	132	14
1630	0	-0.173773662185333	0	7	0.858118413743027	-0.63452755933849	132	14
1632	3	0.550168717519555	0	7	0.858118413743027	-0.63452755933849	132	14
1633	3	-0.37401641831861	0	7	0.858118413743027	-0.63452755933849	132	14
1634	1	0.386775185337631	0	7	0.858118413743027	-0.63452755933849	132	14
1635	1	0.133697461175266	0	7	0.858118413743027	-0.63452755933849	132	14
1636	3	0.450234271934604	0	7	0.858118413743027	-0.63452755933849	132	14
1638	2	0.228914496181394	0	7	0.858118413743027	-0.63452755933849	132	14
1639	0	-0.0613185627096391	0	7	0.858118413743027	-0.63452755933849	132	14
1642	4	0.103968203960808	0	7	0.858118413743027	-0.63452755933849	132	14
1643	2	0.0429684061857006	0	7	0.858118413743027	-0.63452755933849	132	14
1644	3	0.507378922292643	0	7	0.858118413743027	-0.63452755933849	132	14
1645	1	0.278154058020925	0	7	0.858118413743027	-0.63452755933849	132	14
1647	1	0.252349826702336	0	7	0.858118413743027	-0.63452755933849	132	14
1649	2	0.463020759182765	0	7	0.858118413743027	-0.63452755933849	132	14
1650	1	0.20986570132669	0	7	0.858118413743027	-0.63452755933849	132	14
1653	3	0.150750390569586	0	7	0.858118413743027	-0.63452755933849	132	14
1654	0	-0.184863424092929	0	7	0.858118413743027	-0.63452755933849	132	14
1656	0	0.259989544664468	0	7	0.858118413743027	-0.63452755933849	132	14
1657	3	-0.0193054181187698	0	7	0.858118413743027	-0.63452755933849	132	14
1659	0	-0.0859584914136313	0	7	0.858118413743027	-0.63452755933849	132	14
1660	0	0.255948259355543	0	7	0.858118413743027	-0.63452755933849	132	14
1662	3	0.280619896235316	0	7	0.858118413743027	-0.63452755933849	132	14
1663	2	-0.431764661003454	0	7	0.858118413743027	-0.63452755933849	132	14
1665	2	-0.403217258677675	0	7	0.858118413743027	-0.63452755933849	132	14
1666	3	0.297533882092686	0	7	0.858118413743027	-0.63452755933849	132	14
1672	12	0.438154437216267	0	7	0.858118413743027	-0.63452755933849	132	14
1674	0	-0.0565369220663506	0	7	0.858118413743027	-0.63452755933849	132	14
1675	2	-0.187392901282085	0	7	0.858118413743027	-0.63452755933849	132	14
1676	3	0.489736325295852	0	7	0.858118413743027	-0.63452755933849	132	14
1677	1	-0.581532053313241	0	7	0.858118413743027	-0.63452755933849	132	14
1678	7	0.522656459522591	1	7	0.858118413743027	-0.63452755933849	132	14
1687	1	-0.39054823048231	0	7	0.858118413743027	-0.63452755933849	132	14
1690	3	-0.0156727860864065	0	7	0.858118413743027	-0.63452755933849	132	14
1716	1	0.521754314186327	0	7	0.858118413743027	-0.63452755933849	132	14
1717	1	0.252045872907656	0	7	0.858118413743027	-0.63452755933849	132	14
1718	2	-0.296870965545717	0	7	0.858118413743027	-0.63452755933849	132	14
1723	0	-0.281936823202458	0	7	0.858118413743027	-0.63452755933849	132	14
1725	4	0.615113582697521	0	7	0.858118413743027	-0.63452755933849	132	14
1727	4	0.678310840422926	0	7	0.858118413743027	-0.63452755933849	132	14
1728	1	0.360981035880177	0	7	0.858118413743027	-0.63452755933849	132	14
1729	2	-0.224132851517356	0	7	0.858118413743027	-0.63452755933849	132	14
1730	2	-0.177180511700429	0	7	0.858118413743027	-0.63452755933849	132	14
1733	3	0.281081924214107	0	7	0.858118413743027	-0.63452755933849	132	14
1734	2	-0.114163666667412	0	7	0.858118413743027	-0.63452755933849	132	14
1737	3	0.351938023839242	0	7	0.858118413743027	-0.63452755933849	132	14
1738	3	0.109104307652147	0	7	0.858118413743027	-0.63452755933849	132	14
1739	2	-0.537516346804211	0	7	0.858118413743027	-0.63452755933849	132	14
1740	1	0.477233523279063	0	7	0.858118413743027	-0.63452755933849	132	14
1741	1	-0.186412990828269	0	7	0.858118413743027	-0.63452755933849	132	14
1742	3	-0.243771457500626	0	7	0.858118413743027	-0.63452755933849	132	14
1743	3	0.315641196792817	0	7	0.858118413743027	-0.63452755933849	132	14
1756	2	-0.187260157045937	0	7	0.858118413743027	-0.63452755933849	132	14
1757	3	0.239670239860382	0	7	0.858118413743027	-0.63452755933849	132	14
1759	2	-0.185740554404784	0	7	0.858118413743027	-0.63452755933849	132	14
1760	0	-0.0865506504517791	0	7	0.858118413743027	-0.63452755933849	132	14
1762	0	0.250705445224273	0	7	0.858118413743027	-0.63452755933849	132	14
1763	0	-0.126930989698019	0	7	0.858118413743027	-0.63452755933849	132	14
1768	0	-0.0299463564437044	0	7	0.858118413743027	-0.63452755933849	132	14
1770	5	0.217727883343031	0	7	0.858118413743027	-0.63452755933849	132	14
1773	12	0.272392944505119	0	7	0.858118413743027	-0.63452755933849	132	14
1774	0	-0.0388923956552394	0	7	0.858118413743027	-0.63452755933849	132	14
1775	0	0.134812609962441	0	7	0.858118413743027	-0.63452755933849	132	14
1776	0	0.340049136572897	0	7	0.858118413743027	-0.63452755933849	132	14
1777	1	0.411843724234674	0	7	0.858118413743027	-0.63452755933849	132	14
1778	7	-0.634812700403814	1	7	0.858118413743027	-0.63452755933849	132	14
1780	1	0.16411413197642	0	7	0.858118413743027	-0.63452755933849	132	14
1783	1	0.213490797355989	0	7	0.858118413743027	-0.63452755933849	132	14
1785	3	0.120965204560173	0	7	0.858118413743027	-0.63452755933849	132	14
1786	2	-0.444719304320886	0	7	0.858118413743027	-0.63452755933849	132	14
1787	0	-0.195753209203295	0	7	0.858118413743027	-0.63452755933849	132	14
1788	3	-0.441256276631611	0	7	0.858118413743027	-0.63452755933849	132	14
1789	1	-0.383130547741118	0	7	0.858118413743027	-0.63452755933849	132	14
1793	1	-0.0501111633031802	0	7	0.858118413743027	-0.63452755933849	132	14
1794	2	-0.366274523592947	0	7	0.858118413743027	-0.63452755933849	132	14
1795	0	-0.0913643392646667	0	7	0.858118413743027	-0.63452755933849	132	14
1796	0	0.246393636880673	0	7	0.858118413743027	-0.63452755933849	132	14
1798	0	0.215124152106954	0	7	0.858118413743027	-0.63452755933849	132	14
1800	3	0.378728161362742	0	7	0.858118413743027	-0.63452755933849	132	14
1802	0	-0.102543514883765	0	7	0.858118413743027	-0.63452755933849	132	14
1803	3	0.150711578216898	0	7	0.858118413743027	-0.63452755933849	132	14
1804	1	0.463018341712192	0	7	0.858118413743027	-0.63452755933849	132	14
1805	2	0.00324167516584732	0	7	0.858118413743027	-0.63452755933849	132	14
1806	1	0.017638933168175	0	7	0.858118413743027	-0.63452755933849	132	14
1807	3	0.311267664371741	0	7	0.858118413743027	-0.63452755933849	132	14
1808	1	0.319291350220484	0	7	0.858118413743027	-0.63452755933849	132	14
1809	3	-0.169322778734748	0	7	0.858118413743027	-0.63452755933849	132	14
1810	0	0.117076439941333	0	7	0.858118413743027	-0.63452755933849	132	14
1812	0	-0.0428177770828637	0	7	0.858118413743027	-0.63452755933849	132	14
1815	0	0.0798816366641567	0	7	0.858118413743027	-0.63452755933849	132	14
1816	0	0.000497354397160307	0	7	0.858118413743027	-0.63452755933849	132	14
1819	4	0.36238253801092	0	7	0.858118413743027	-0.63452755933849	132	14
1820	0	0.114678449776556	0	7	0.858118413743027	-0.63452755933849	132	14
1821	2	-0.228750473414502	0	7	0.858118413743027	-0.63452755933849	132	14
1822	5	0.287156716208801	0	7	0.858118413743027	-0.63452755933849	132	14
1824	0	-0.0888145262068629	0	7	0.858118413743027	-0.63452755933849	132	14
1827	1	0.0797845884882854	0	7	0.858118413743027	-0.63452755933849	132	14
1829	2	0.041093816383947	0	7	0.858118413743027	-0.63452755933849	132	14
1831	1	0.439044615457226	0	7	0.858118413743027	-0.63452755933849	132	14
1832	2	-0.343548475027555	0	7	0.858118413743027	-0.63452755933849	132	14
1836	1	0.0493935254422303	0	7	0.858118413743027	-0.63452755933849	132	14
1837	5	0.346391582235199	0	7	0.858118413743027	-0.63452755933849	132	14
1838	0	-0.103001666847484	0	7	0.858118413743027	-0.63452755933849	132	14
1839	3	-0.250155946545821	0	7	0.858118413743027	-0.63452755933849	132	14
1841	0	0.152966679814207	0	7	0.858118413743027	-0.63452755933849	132	14
1842	3	0.416031019840442	0	7	0.858118413743027	-0.63452755933849	132	14
1843	7	0.694299402663426	1	7	0.858118413743027	-0.63452755933849	132	14
1844	0	0.192378761791628	0	7	0.858118413743027	-0.63452755933849	132	14
1845	2	0.565528394470714	0	7	0.858118413743027	-0.63452755933849	132	14
1846	0	-0.00976409939713914	0	7	0.858118413743027	-0.63452755933849	132	14
1847	1	0.120189273541076	0	7	0.858118413743027	-0.63452755933849	132	14
1848	2	-0.0297840089009744	0	7	0.858118413743027	-0.63452755933849	132	14
1849	9	0.156523554403346	0	7	0.858118413743027	-0.63452755933849	132	14
1852	3	0.417223764333908	0	7	0.858118413743027	-0.63452755933849	132	14
1854	1	0.586746679776205	0	7	0.858118413743027	-0.63452755933849	132	14
1855	0	-0.0210412430158118	0	7	0.858118413743027	-0.63452755933849	132	14
1856	0	-0.0101485771403601	0	7	0.858118413743027	-0.63452755933849	132	14
1857	1	-0.205514296919993	0	7	0.858118413743027	-0.63452755933849	132	14
1859	5	0.318791360744379	0	7	0.858118413743027	-0.63452755933849	132	14
1861	0	-0.165710369685499	0	7	0.858118413743027	-0.63452755933849	132	14
1869	1	-0.0747387427359071	0	7	0.858118413743027	-0.63452755933849	132	14
1870	0	0.0942618569826218	0	7	0.858118413743027	-0.63452755933849	132	14
1871	0	-0.104273942465083	0	7	0.858118413743027	-0.63452755933849	132	14
1874	5	0.299035690347112	0	7	0.858118413743027	-0.63452755933849	132	14
1875	0	-0.276818877987132	0	7	0.858118413743027	-0.63452755933849	132	14
1877	4	0.178546881401129	0	7	0.858118413743027	-0.63452755933849	132	14
1880	2	-0.405727005948977	0	7	0.858118413743027	-0.63452755933849	132	14
1889	3	-0.203689116473915	0	7	0.858118413743027	-0.63452755933849	132	14
1890	2	-0.172887587867769	0	7	0.858118413743027	-0.63452755933849	132	14
1891	3	0.579525315666669	0	7	0.858118413743027	-0.63452755933849	132	14
1892	3	0.435419745371589	0	7	0.858118413743027	-0.63452755933849	132	14
1893	3	-0.334316156672071	0	7	0.858118413743027	-0.63452755933849	132	14
1894	2	-0.450309581063982	0	7	0.858118413743027	-0.63452755933849	132	14
1896	2	0.337830997361557	0	7	0.858118413743027	-0.63452755933849	132	14
1901	9	0.0243629060523522	0	7	0.858118413743027	-0.63452755933849	132	14
1902	2	-0.46732233764086	0	7	0.858118413743027	-0.63452755933849	132	14
1906	1	-0.376711339328553	0	7	0.858118413743027	-0.63452755933849	132	14
1907	0	0.0508735292347925	0	7	0.858118413743027	-0.63452755933849	132	14
1909	2	-0.301792507832438	0	7	0.858118413743027	-0.63452755933849	132	14
1910	2	-0.413605240212734	0	7	0.858118413743027	-0.63452755933849	132	14
1917	0	-0.103642854624749	0	7	0.858118413743027	-0.63452755933849	132	14
1936	0	0.301687987125388	0	7	0.858118413743027	-0.63452755933849	132	14
1939	0	0.116735233889619	0	7	0.858118413743027	-0.63452755933849	132	14
1942	1	0.45155228539946	0	7	0.858118413743027	-0.63452755933849	132	14
1945	2	0.13496329585775	0	7	0.858118413743027	-0.63452755933849	132	14
1946	2	-0.0718396488312561	0	7	0.858118413743027	-0.63452755933849	132	14
1947	1	0.204737831325203	0	7	0.858118413743027	-0.63452755933849	132	14
1948	9	0.164264864229253	0	7	0.858118413743027	-0.63452755933849	132	14
1949	3	-0.20882324857971	0	7	0.858118413743027	-0.63452755933849	132	14
1950	2	0.395485810304738	0	7	0.858118413743027	-0.63452755933849	132	14
1952	1	0.261855844813659	0	7	0.858118413743027	-0.63452755933849	132	14
1953	2	-0.120974326844395	0	7	0.858118413743027	-0.63452755933849	132	14
1954	1	0.103031280673471	0	7	0.858118413743027	-0.63452755933849	132	14
1955	1	0.306782873836352	0	7	0.858118413743027	-0.63452755933849	132	14
1956	0	0.530285444554753	0	7	0.858118413743027	-0.63452755933849	132	14
1958	10	0.329268603380521	0	7	0.858118413743027	-0.63452755933849	132	14
1959	2	-0.216194067653799	0	7	0.858118413743027	-0.63452755933849	132	14
1960	0	-0.087016860475268	0	7	0.858118413743027	-0.63452755933849	132	14
1962	3	0.320513255585252	0	7	0.858118413743027	-0.63452755933849	132	14
1965	0	0.161374802473497	0	7	0.858118413743027	-0.63452755933849	132	14
1967	0	-0.0855731671189377	0	7	0.858118413743027	-0.63452755933849	132	14
1969	3	-0.323260614695599	0	7	0.858118413743027	-0.63452755933849	132	14
1977	1	0.0174830445349185	0	7	0.858118413743027	-0.63452755933849	132	14
1978	1	0.253356454554772	0	7	0.858118413743027	-0.63452755933849	132	14
1979	3	0.399695146003648	0	7	0.858118413743027	-0.63452755933849	132	14
1981	4	-0.0220609244753684	0	7	0.858118413743027	-0.63452755933849	132	14
1982	0	0.434976367178323	0	7	0.858118413743027	-0.63452755933849	132	14
1983	1	0.528809846470857	0	7	0.858118413743027	-0.63452755933849	132	14
1984	2	-0.0439097441521554	0	7	0.858118413743027	-0.63452755933849	132	14
1992	1	0.253329430063213	0	7	0.858118413743027	-0.63452755933849	132	14
1994	0	0.214302338569376	0	7	0.858118413743027	-0.63452755933849	132	14
1997	1	-0.0381135082891035	0	7	0.858118413743027	-0.63452755933849	132	14
1998	1	0.459783985140387	0	7	0.858118413743027	-0.63452755933849	132	14
1999	2	-0.234016193083252	0	7	0.858118413743027	-0.63452755933849	132	14
2000	3	0.0183315217801758	0	7	0.858118413743027	-0.63452755933849	132	14
2001	12	0.135421323753057	0	7	0.858118413743027	-0.63452755933849	132	14
2002	5	0.485814283582147	0	7	0.858118413743027	-0.63452755933849	132	14
2004	3	-0.25734339193257	0	7	0.858118413743027	-0.63452755933849	132	14
2006	2	-0.4679663508331	0	7	0.858118413743027	-0.63452755933849	132	14
2009	9	0.0188858509986386	0	7	0.858118413743027	-0.63452755933849	132	14
2010	7	0.642628334341039	1	7	0.858118413743027	-0.63452755933849	132	14
2011	2	-0.00798502675929984	0	7	0.858118413743027	-0.63452755933849	132	14
2012	3	-0.503743379849934	0	7	0.858118413743027	-0.63452755933849	132	14
2013	9	0.301682702851908	0	7	0.858118413743027	-0.63452755933849	132	14
2014	2	-0.0526291647787983	0	7	0.858118413743027	-0.63452755933849	132	14
2015	10	0.13949320772657	0	7	0.858118413743027	-0.63452755933849	132	14
2016	12	0.428882184081518	0	7	0.858118413743027	-0.63452755933849	132	14
2017	0	0.114037771599312	0	7	0.858118413743027	-0.63452755933849	132	14
2018	8	0.266826355642292	0	7	0.858118413743027	-0.63452755933849	132	14
2021	3	0.469875698912784	0	7	0.858118413743027	-0.63452755933849	132	14
2022	9	0.0188355198942485	0	7	0.858118413743027	-0.63452755933849	132	14
2023	8	0.0417268187060554	0	7	0.858118413743027	-0.63452755933849	132	14
2026	2	-0.323568621835793	0	7	0.858118413743027	-0.63452755933849	132	14
2027	0	0.0424682167366858	0	7	0.858118413743027	-0.63452755933849	132	14
2028	2	0.346417971492341	0	7	0.858118413743027	-0.63452755933849	132	14
2029	1	0.366221788717842	0	7	0.858118413743027	-0.63452755933849	132	14
2030	3	-0.118041546096496	0	7	0.858118413743027	-0.63452755933849	132	14
2034	9	0.208904209041188	0	7	0.858118413743027	-0.63452755933849	132	14
2035	0	0.15097136376789	0	7	0.858118413743027	-0.63452755933849	132	14
2036	3	0.352435322167609	0	7	0.858118413743027	-0.63452755933849	132	14
2037	1	-0.463970318585846	0	7	0.858118413743027	-0.63452755933849	132	14
2038	0	0.0760782666030933	0	7	0.858118413743027	-0.63452755933849	132	14
2039	4	0.564261218654898	0	7	0.858118413743027	-0.63452755933849	132	14
2040	0	-0.236620468793692	0	7	0.858118413743027	-0.63452755933849	132	14
2041	1	-0.322158786242666	0	7	0.858118413743027	-0.63452755933849	132	14
2042	2	-0.336247426266054	0	7	0.858118413743027	-0.63452755933849	132	14
2043	1	0.0854390822907344	0	7	0.858118413743027	-0.63452755933849	132	14
2045	3	0.310616700522135	0	7	0.858118413743027	-0.63452755933849	132	14
2047	2	-0.195648927105482	0	7	0.858118413743027	-0.63452755933849	132	14
2048	2	-0.280895861753967	0	7	0.858118413743027	-0.63452755933849	132	14
2049	1	-0.186309800579921	0	7	0.858118413743027	-0.63452755933849	132	14
2050	3	-0.16808982960576	0	7	0.858118413743027	-0.63452755933849	132	14
2051	0	0.164073821965515	0	7	0.858118413743027	-0.63452755933849	132	14
2052	3	0.476543205332377	0	7	0.858118413743027	-0.63452755933849	132	14
2053	3	0.37944613927564	0	7	0.858118413743027	-0.63452755933849	132	14
2054	1	-0.181160680541262	0	7	0.858118413743027	-0.63452755933849	132	14
2055	0	-0.244008133286411	0	7	0.858118413743027	-0.63452755933849	132	14
2056	3	-0.158222062523383	0	7	0.858118413743027	-0.63452755933849	132	14
2057	0	0.207049100846451	0	7	0.858118413743027	-0.63452755933849	132	14
2058	2	0.0511576582337596	0	7	0.858118413743027	-0.63452755933849	132	14
2059	8	-0.233402571457191	0	7	0.858118413743027	-0.63452755933849	132	14
2060	1	0.124740971313158	0	7	0.858118413743027	-0.63452755933849	132	14
2063	3	0.434897975166786	0	7	0.858118413743027	-0.63452755933849	132	14
2065	3	0.393438835653579	0	7	0.858118413743027	-0.63452755933849	132	14
2066	1	0.14587892429827	0	7	0.858118413743027	-0.63452755933849	132	14
2067	4	0.547005601699521	0	7	0.858118413743027	-0.63452755933849	132	14
2068	4	0.658448777927843	0	7	0.858118413743027	-0.63452755933849	132	14
2070	6	-0.130745290808174	0	7	0.858118413743027	-0.63452755933849	132	14
2071	1	0.158579200370247	0	7	0.858118413743027	-0.63452755933849	132	14
2072	0	0.189004943692018	0	7	0.858118413743027	-0.63452755933849	132	14
2077	0	0.502228569728692	0	7	0.858118413743027	-0.63452755933849	132	14
2078	11	-0.256817966290195	0	7	0.858118413743027	-0.63452755933849	132	14
2079	0	0.0233645299493394	0	7	0.858118413743027	-0.63452755933849	132	14
2081	0	0.381253701128664	0	7	0.858118413743027	-0.63452755933849	132	14
2091	13	0.24792822239626	0	7	0.858118413743027	-0.63452755933849	132	14
2098	7	0.720250086507771	1	7	0.858118413743027	-0.63452755933849	132	14
2099	1	-0.0310750643717972	0	7	0.858118413743027	-0.63452755933849	132	14
2100	4	-0.371561337556659	0	7	0.858118413743027	-0.63452755933849	132	14
2101	3	0.459009846392647	0	7	0.858118413743027	-0.63452755933849	132	14
2104	3	0.259223162925011	0	7	0.858118413743027	-0.63452755933849	132	14
2107	1	0.216238015670453	0	7	0.858118413743027	-0.63452755933849	132	14
2108	3	0.38806132440689	0	7	0.858118413743027	-0.63452755933849	132	14
2109	3	0.614301352975953	0	7	0.858118413743027	-0.63452755933849	132	14
2110	3	0.204380617493597	0	7	0.858118413743027	-0.63452755933849	132	14
2113	3	-0.231095850440944	0	7	0.858118413743027	-0.63452755933849	132	14
2114	9	0.26140081224151	0	7	0.858118413743027	-0.63452755933849	132	14
2115	2	-0.444934236528141	0	7	0.858118413743027	-0.63452755933849	132	14
2117	3	0.0279661202626766	0	7	0.858118413743027	-0.63452755933849	132	14
2118	2	-0.16389671089524	0	7	0.858118413743027	-0.63452755933849	132	14
2119	2	-0.328593835624613	0	7	0.858118413743027	-0.63452755933849	132	14
2120	2	-0.346346515354232	0	7	0.858118413743027	-0.63452755933849	132	14
2122	3	-0.281975054700477	0	7	0.858118413743027	-0.63452755933849	132	14
2123	2	-0.290100460237142	0	7	0.858118413743027	-0.63452755933849	132	14
2124	2	0.0174864982368781	0	7	0.858118413743027	-0.63452755933849	132	14
2125	0	0.0114448384255142	0	7	0.858118413743027	-0.63452755933849	132	14
2130	7	-0.641625430324331	1	7	0.858118413743027	-0.63452755933849	132	14
2131	2	-0.414160170617365	0	7	0.858118413743027	-0.63452755933849	132	14
2132	1	0.183190634562343	0	7	0.858118413743027	-0.63452755933849	132	14
2134	8	0.0621693642257867	0	7	0.858118413743027	-0.63452755933849	132	14
2135	0	0.0451095459353935	0	7	0.858118413743027	-0.63452755933849	132	14
2137	3	0.111188899451307	0	7	0.858118413743027	-0.63452755933849	132	14
2139	2	0.52223145719507	0	7	0.858118413743027	-0.63452755933849	132	14
2140	1	0.0691436729801067	0	7	0.858118413743027	-0.63452755933849	132	14
2145	1	0.32216755834765	0	7	0.858118413743027	-0.63452755933849	132	14
2146	1	-0.556154655925265	0	7	0.858118413743027	-0.63452755933849	132	14
2149	1	0.278109742122537	0	7	0.858118413743027	-0.63452755933849	132	14
2150	8	-0.232231736506167	0	7	0.858118413743027	-0.63452755933849	132	14
2151	3	-0.2377338460555	0	7	0.858118413743027	-0.63452755933849	132	14
2152	1	0.341613122404056	0	7	0.858118413743027	-0.63452755933849	132	14
2153	1	0.153237820860872	0	7	0.858118413743027	-0.63452755933849	132	14
2155	1	-0.0744927328647365	0	7	0.858118413743027	-0.63452755933849	132	14
2157	9	-0.0859394762960104	0	7	0.858118413743027	-0.63452755933849	132	14
2159	1	-0.286625201121798	0	7	0.858118413743027	-0.63452755933849	132	14
2160	3	0.501034288575015	0	7	0.858118413743027	-0.63452755933849	132	14
2161	0	0.0766670550537385	0	7	0.858118413743027	-0.63452755933849	132	14
2162	2	-0.0818524053089914	0	7	0.858118413743027	-0.63452755933849	132	14
2166	3	0.54112609638372	0	7	0.858118413743027	-0.63452755933849	132	14
2167	3	-0.0498284191690727	0	7	0.858118413743027	-0.63452755933849	132	14
2168	3	0.501420125118308	0	7	0.858118413743027	-0.63452755933849	132	14
2170	3	0.478156854281656	0	7	0.858118413743027	-0.63452755933849	132	14
2175	1	-0.0970813659578841	0	7	0.858118413743027	-0.63452755933849	132	14
2176	1	-0.179276348523736	0	7	0.858118413743027	-0.63452755933849	132	14
2178	0	0.300256142549655	0	7	0.858118413743027	-0.63452755933849	132	14
2180	3	0.139223417401683	0	7	0.858118413743027	-0.63452755933849	132	14
2181	1	0.180356887489897	0	7	0.858118413743027	-0.63452755933849	132	14
2184	3	0.469448247138583	0	7	0.858118413743027	-0.63452755933849	132	14
2185	3	0.324179622278255	0	7	0.858118413743027	-0.63452755933849	132	14
2186	0	-0.374266777744522	0	7	0.858118413743027	-0.63452755933849	132	14
2188	0	0.239577179738883	0	7	0.858118413743027	-0.63452755933849	132	14
2189	3	-0.297654415476511	0	7	0.858118413743027	-0.63452755933849	132	14
2191	2	-0.220361354651157	0	7	0.858118413743027	-0.63452755933849	132	14
2192	2	-0.340343109523689	0	7	0.858118413743027	-0.63452755933849	132	14
2193	4	0.332133435901463	0	7	0.858118413743027	-0.63452755933849	132	14
2194	2	-0.122612918736226	0	7	0.858118413743027	-0.63452755933849	132	14
2195	1	-0.142416344815384	0	7	0.858118413743027	-0.63452755933849	132	14
2196	2	-0.140848916235283	0	7	0.858118413743027	-0.63452755933849	132	14
2197	13	0.686051967892567	0	7	0.858118413743027	-0.63452755933849	132	14
2199	1	-0.291208606585227	0	7	0.858118413743027	-0.63452755933849	132	14
2200	2	-0.396180294731254	0	7	0.858118413743027	-0.63452755933849	132	14
2201	2	-0.2031259264622	0	7	0.858118413743027	-0.63452755933849	132	14
2202	1	0.20852019142453	0	7	0.858118413743027	-0.63452755933849	132	14
2203	3	0.436487163545175	0	7	0.858118413743027	-0.63452755933849	132	14
2204	0	0.0583394432021735	0	7	0.858118413743027	-0.63452755933849	132	14
2205	1	-0.386986138357113	0	7	0.858118413743027	-0.63452755933849	132	14
2206	2	-0.235541978285652	0	7	0.858118413743027	-0.63452755933849	132	14
2207	2	-0.0800261955988334	0	7	0.858118413743027	-0.63452755933849	132	14
2208	1	-0.394687267563041	0	7	0.858118413743027	-0.63452755933849	132	14
2213	2	-0.273198771561771	0	7	0.858118413743027	-0.63452755933849	132	14
2217	3	0.13222967749865	0	7	0.858118413743027	-0.63452755933849	132	14
2218	0	-0.102358913356822	0	7	0.858118413743027	-0.63452755933849	132	14
2219	2	0.175872683438585	0	7	0.858118413743027	-0.63452755933849	132	14
2220	2	-0.0482146035176119	0	7	0.858118413743027	-0.63452755933849	132	14
2222	0	0.310383475851201	0	7	0.858118413743027	-0.63452755933849	132	14
2224	0	0.149815345444965	0	7	0.858118413743027	-0.63452755933849	132	14
2230	3	0.368546766762302	0	7	0.858118413743027	-0.63452755933849	132	14
2232	1	-0.265297514333794	0	7	0.858118413743027	-0.63452755933849	132	14
2235	1	0.360823500913409	0	7	0.858118413743027	-0.63452755933849	132	14
2237	2	-0.146450594865581	0	7	0.858118413743027	-0.63452755933849	132	14
2239	2	-0.111226378840275	0	7	0.858118413743027	-0.63452755933849	132	14
2241	0	-0.00430987520093432	0	7	0.858118413743027	-0.63452755933849	132	14
2242	3	-0.35104536544809	0	7	0.858118413743027	-0.63452755933849	132	14
2243	2	-0.155624194769676	0	7	0.858118413743027	-0.63452755933849	132	14
2244	1	-0.0761786104298161	0	7	0.858118413743027	-0.63452755933849	132	14
2245	2	0.062105124812189	0	7	0.858118413743027	-0.63452755933849	132	14
2246	1	0.418114456643291	0	7	0.858118413743027	-0.63452755933849	132	14
2247	3	-0.228958070147927	0	7	0.858118413743027	-0.63452755933849	132	14
2250	3	0.360377893978542	0	7	0.858118413743027	-0.63452755933849	132	14
2252	2	-0.272021135304038	0	7	0.858118413743027	-0.63452755933849	132	14
2254	1	0.394042445501604	0	7	0.858118413743027	-0.63452755933849	132	14
2257	1	-0.0257770172667842	0	7	0.858118413743027	-0.63452755933849	132	14
2258	0	-0.0567037042413486	0	7	0.858118413743027	-0.63452755933849	132	14
2260	5	0.321148034808657	0	7	0.858118413743027	-0.63452755933849	132	14
2261	2	0.282621930222429	0	7	0.858118413743027	-0.63452755933849	132	14
2262	0	0.21535028442707	0	7	0.858118413743027	-0.63452755933849	132	14
2263	0	0.377937188706769	0	7	0.858118413743027	-0.63452755933849	132	14
2264	1	0.44265702830039	0	7	0.858118413743027	-0.63452755933849	132	14
2266	2	-0.204049796779561	0	7	0.858118413743027	-0.63452755933849	132	14
2268	10	-0.0800664087935669	0	7	0.858118413743027	-0.63452755933849	132	14
2271	3	0.591752656562794	0	7	0.858118413743027	-0.63452755933849	132	14
2272	3	0.447511215749107	0	7	0.858118413743027	-0.63452755933849	132	14
2273	2	-0.20502960935996	0	7	0.858118413743027	-0.63452755933849	132	14
2274	2	-0.454392717236347	0	7	0.858118413743027	-0.63452755933849	132	14
2275	2	-0.102746003693595	0	7	0.858118413743027	-0.63452755933849	132	14
2281	3	0.108513713062265	0	7	0.858118413743027	-0.63452755933849	132	14
2286	4	0.596475734339313	0	7	0.858118413743027	-0.63452755933849	132	14
2287	0	0.227058532259635	0	7	0.858118413743027	-0.63452755933849	132	14
2288	3	0.439818900282105	0	7	0.858118413743027	-0.63452755933849	132	14
2289	1	0.193308253631599	0	7	0.858118413743027	-0.63452755933849	132	14
2294	1	0.254096277931844	0	7	0.858118413743027	-0.63452755933849	132	14
2296	1	0.480477803715063	0	7	0.858118413743027	-0.63452755933849	132	14
2297	1	0.438907247155179	0	7	0.858118413743027	-0.63452755933849	132	14
2299	12	0.166311602004523	0	7	0.858118413743027	-0.63452755933849	132	14
2300	3	-0.113722182203012	0	7	0.858118413743027	-0.63452755933849	132	14
2302	0	0.333387321318608	0	7	0.858118413743027	-0.63452755933849	132	14
2303	1	0.50627762377297	0	7	0.858118413743027	-0.63452755933849	132	14
2305	2	-0.271211312773339	0	7	0.858118413743027	-0.63452755933849	132	14
2306	1	0.556519421146294	0	7	0.858118413743027	-0.63452755933849	132	14
2308	0	0.219873998201854	0	7	0.858118413743027	-0.63452755933849	132	14
2309	0	-0.0337247406452291	0	7	0.858118413743027	-0.63452755933849	132	14
2312	0	0.171047145365358	0	7	0.858118413743027	-0.63452755933849	132	14
2313	3	-0.348493044741985	0	7	0.858118413743027	-0.63452755933849	132	14
2314	0	-0.0874935098830744	0	7	0.858118413743027	-0.63452755933849	132	14
2315	6	-0.215635637976875	0	7	0.858118413743027	-0.63452755933849	132	14
2316	2	-0.203211734739767	0	7	0.858118413743027	-0.63452755933849	132	14
2317	1	-0.327014628975411	0	7	0.858118413743027	-0.63452755933849	132	14
2318	1	0.333872763512646	0	7	0.858118413743027	-0.63452755933849	132	14
2319	4	0.106354272140896	0	7	0.858118413743027	-0.63452755933849	132	14
2321	9	0.220234764947109	0	7	0.858118413743027	-0.63452755933849	132	14
2322	2	-0.283887815401912	0	7	0.858118413743027	-0.63452755933849	132	14
2323	0	-0.100472925532219	0	7	0.858118413743027	-0.63452755933849	132	14
2324	1	0.32605456512204	0	7	0.858118413743027	-0.63452755933849	132	14
2326	3	0.343298927945144	0	7	0.858118413743027	-0.63452755933849	132	14
2327	1	-0.112277821034614	0	7	0.858118413743027	-0.63452755933849	132	14
2328	2	-0.43123993734362	0	7	0.858118413743027	-0.63452755933849	132	14
2329	3	0.439121670393232	0	7	0.858118413743027	-0.63452755933849	132	14
2331	2	-0.374786873915536	0	7	0.858118413743027	-0.63452755933849	132	14
2332	3	0.255416801248845	0	7	0.858118413743027	-0.63452755933849	132	14
2334	2	-0.00884009513518675	0	7	0.858118413743027	-0.63452755933849	132	14
2335	2	-0.36589055249496	0	7	0.858118413743027	-0.63452755933849	132	14
2339	1	0.0239046626803294	0	7	0.858118413743027	-0.63452755933849	132	14
2348	3	0.419739728821696	0	7	0.858118413743027	-0.63452755933849	132	14
2350	1	-0.225897819673287	0	7	0.858118413743027	-0.63452755933849	132	14
2352	12	0.430482735742049	0	7	0.858118413743027	-0.63452755933849	132	14
2353	10	0.468329484217911	0	7	0.858118413743027	-0.63452755933849	132	14
2354	1	0.224517283107706	0	7	0.858118413743027	-0.63452755933849	132	14
2355	2	-0.103293146158121	0	7	0.858118413743027	-0.63452755933849	132	14
2356	0	0.202645403342227	0	7	0.858118413743027	-0.63452755933849	132	14
2357	10	0.437116074960662	0	7	0.858118413743027	-0.63452755933849	132	14
2358	10	0.450485563547159	0	7	0.858118413743027	-0.63452755933849	132	14
2359	2	-0.247379629131025	0	7	0.858118413743027	-0.63452755933849	132	14
2395	0	-0.0420918035426249	0	7	0.858118413743027	-0.63452755933849	132	14
2444	8	-0.038589871879388	0	7	0.858118413743027	-0.63452755933849	132	14
2475	0	0.194199999117674	0	7	0.858118413743027	-0.63452755933849	132	14
2487	2	-0.231628069851786	0	7	0.858118413743027	-0.63452755933849	132	14
2491	1	-0.331556489269112	0	7	0.858118413743027	-0.63452755933849	132	14
2494	0	0.306750315370074	0	7	0.858118413743027	-0.63452755933849	132	14
2495	3	0.625205829395371	0	7	0.858118413743027	-0.63452755933849	132	14
2517	8	0.0108038981250185	0	7	0.858118413743027	-0.63452755933849	132	14
2521	0	0.132180242846826	0	7	0.858118413743027	-0.63452755933849	132	14
2523	1	0.0572277586390826	0	7	0.858118413743027	-0.63452755933849	132	14
2524	0	-0.0978348379982292	0	7	0.858118413743027	-0.63452755933849	132	14
2525	3	0.279866674653453	0	7	0.858118413743027	-0.63452755933849	132	14
2528	3	0.399085188027099	0	7	0.858118413743027	-0.63452755933849	132	14
2529	0	0.100127932024101	0	7	0.858118413743027	-0.63452755933849	132	14
2530	2	-0.236300365277134	0	7	0.858118413743027	-0.63452755933849	132	14
2531	1	0.45160582862209	0	7	0.858118413743027	-0.63452755933849	132	14
2532	2	-0.321656886690473	0	7	0.858118413743027	-0.63452755933849	132	14
2533	2	-0.304933946689174	0	7	0.858118413743027	-0.63452755933849	132	14
2534	1	-0.056601159621699	0	7	0.858118413743027	-0.63452755933849	132	14
2535	1	0.46590285396256	0	7	0.858118413743027	-0.63452755933849	132	14
2537	14	0.233114665076612	0	7	0.858118413743027	-0.63452755933849	132	14
2538	3	0.514690626628655	0	7	0.858118413743027	-0.63452755933849	132	14
2539	4	0.334973126916301	0	7	0.858118413743027	-0.63452755933849	132	14
2542	3	0.360642978282394	0	7	0.858118413743027	-0.63452755933849	132	14
2548	3	0.314944670177201	0	7	0.858118413743027	-0.63452755933849	132	14
2549	0	0.319870851009503	0	7	0.858118413743027	-0.63452755933849	132	14
2550	6	-0.403128746933725	0	7	0.858118413743027	-0.63452755933849	132	14
2551	1	0.0394822862179492	0	7	0.858118413743027	-0.63452755933849	132	14
2553	0	0.13108254163763	0	7	0.858118413743027	-0.63452755933849	132	14
2555	1	0.248806818695542	0	7	0.858118413743027	-0.63452755933849	132	14
2558	0	0.157799654827874	0	7	0.858118413743027	-0.63452755933849	132	14
2561	0	0.302950745794085	0	7	0.858118413743027	-0.63452755933849	132	14
2562	3	0.36045686213187	0	7	0.858118413743027	-0.63452755933849	132	14
2568	2	-0.500483481884254	0	7	0.858118413743027	-0.63452755933849	132	14
2570	3	-0.181233669513024	0	7	0.858118413743027	-0.63452755933849	132	14
2571	2	0.37775186494384	0	7	0.858118413743027	-0.63452755933849	132	14
2580	3	0.0877092036715289	0	7	0.858118413743027	-0.63452755933849	132	14
2581	5	0.471686221242734	0	7	0.858118413743027	-0.63452755933849	132	14
2582	1	-0.248519320639242	0	7	0.858118413743027	-0.63452755933849	132	14
2583	3	-0.142523304816691	0	7	0.858118413743027	-0.63452755933849	132	14
2584	4	0.670784549077919	0	7	0.858118413743027	-0.63452755933849	132	14
2585	3	0.0177384287748822	0	7	0.858118413743027	-0.63452755933849	132	14
2588	1	0.10441926926898	0	7	0.858118413743027	-0.63452755933849	132	14
2589	2	-0.311252757631398	0	7	0.858118413743027	-0.63452755933849	132	14
2590	1	-0.362459105324547	0	7	0.858118413743027	-0.63452755933849	132	14
2591	1	-0.0173515263545007	0	7	0.858118413743027	-0.63452755933849	132	14
2592	2	0.482241418938825	0	7	0.858118413743027	-0.63452755933849	132	14
2593	3	0.409607361942566	0	7	0.858118413743027	-0.63452755933849	132	14
2615	11	-0.22061079910187	0	7	0.858118413743027	-0.63452755933849	132	14
2617	2	-0.0954121191896978	0	7	0.858118413743027	-0.63452755933849	132	14
2618	2	-0.313485498623591	0	7	0.858118413743027	-0.63452755933849	132	14
2619	1	0.519036799981618	0	7	0.858118413743027	-0.63452755933849	132	14
2620	2	0.278317067914794	0	7	0.858118413743027	-0.63452755933849	132	14
2621	1	0.452074044222254	0	7	0.858118413743027	-0.63452755933849	132	14
2622	3	0.371811902735554	0	7	0.858118413743027	-0.63452755933849	132	14
2623	0	0.110076396555695	0	7	0.858118413743027	-0.63452755933849	132	14
2624	2	0.00167576767848905	0	7	0.858118413743027	-0.63452755933849	132	14
2625	0	0.0620990676793532	0	7	0.858118413743027	-0.63452755933849	132	14
2627	2	-0.261077767919895	0	7	0.858118413743027	-0.63452755933849	132	14
2628	3	0.270560494139634	0	7	0.858118413743027	-0.63452755933849	132	14
2631	1	0.188046498871726	0	7	0.858118413743027	-0.63452755933849	132	14
2632	0	0.136904929347281	0	7	0.858118413743027	-0.63452755933849	132	14
2633	14	-0.305091951484121	0	7	0.858118413743027	-0.63452755933849	132	14
2634	14	-0.281405328557282	0	7	0.858118413743027	-0.63452755933849	132	14
2638	0	0.252566455517351	0	7	0.858118413743027	-0.63452755933849	132	14
2639	3	0.415430098137585	0	7	0.858118413743027	-0.63452755933849	132	14
2642	0	0.378470420508279	0	7	0.858118413743027	-0.63452755933849	132	14
2643	3	0.0976263458783902	0	7	0.858118413743027	-0.63452755933849	132	14
2644	3	0.537860241415154	0	7	0.858118413743027	-0.63452755933849	132	14
2647	4	0.785808413504806	0	7	0.858118413743027	-0.63452755933849	132	14
2648	1	-0.053002147924132	0	7	0.858118413743027	-0.63452755933849	132	14
2649	0	0.290401123470152	0	7	0.858118413743027	-0.63452755933849	132	14
2650	0	0.274104474647938	0	7	0.858118413743027	-0.63452755933849	132	14
2651	1	0.0595175250546838	0	7	0.858118413743027	-0.63452755933849	132	14
2664	1	0.0448448770324254	0	7	0.858118413743027	-0.63452755933849	132	14
2665	2	-0.174413225644464	0	7	0.858118413743027	-0.63452755933849	132	14
2668	0	0.265931698068184	0	7	0.858118413743027	-0.63452755933849	132	14
2669	0	-0.0707115622615276	0	7	0.858118413743027	-0.63452755933849	132	14
2671	0	0.33191124751118	0	7	0.858118413743027	-0.63452755933849	132	14
2672	2	0.193847390464457	0	7	0.858118413743027	-0.63452755933849	132	14
2673	0	-0.0785905222687224	0	7	0.858118413743027	-0.63452755933849	132	14
2674	2	-0.424952819222997	0	7	0.858118413743027	-0.63452755933849	132	14
2675	1	-0.288182774096779	0	7	0.858118413743027	-0.63452755933849	132	14
2677	1	0.228545045286661	0	7	0.858118413743027	-0.63452755933849	132	14
2683	1	-0.116755990236413	0	7	0.858118413743027	-0.63452755933849	132	14
2687	1	-0.418861052785484	0	7	0.858118413743027	-0.63452755933849	132	14
2690	1	0.345580160598458	0	7	0.858118413743027	-0.63452755933849	132	14
2692	0	-0.120572959765555	0	7	0.858118413743027	-0.63452755933849	132	14
2694	0	0.106177712909108	0	7	0.858118413743027	-0.63452755933849	132	14
2696	0	0.157409059254077	0	7	0.858118413743027	-0.63452755933849	132	14
2697	1	0.44393249213912	0	7	0.858118413743027	-0.63452755933849	132	14
2700	5	0.38350632609105	0	7	0.858118413743027	-0.63452755933849	132	14
2701	11	-0.107145862774488	0	7	0.858118413743027	-0.63452755933849	132	14
2705	3	0.211038168946731	0	7	0.858118413743027	-0.63452755933849	132	14
2707	1	-0.252197422669326	0	7	0.858118413743027	-0.63452755933849	132	14
2710	3	0.37421090279508	0	7	0.858118413743027	-0.63452755933849	132	14
2717	0	0.22771461223628	0	7	0.858118413743027	-0.63452755933849	132	14
2719	0	-0.128878397177083	0	7	0.858118413743027	-0.63452755933849	132	14
2729	3	0.119695823845558	0	7	0.858118413743027	-0.63452755933849	132	14
2730	3	0.263121671035775	0	7	0.858118413743027	-0.63452755933849	132	14
2731	3	0.234347287604803	0	7	0.858118413743027	-0.63452755933849	132	14
2733	0	0.362771791039641	0	7	0.858118413743027	-0.63452755933849	132	14
2734	3	0.0223068812754451	0	7	0.858118413743027	-0.63452755933849	132	14
2735	1	-0.208163913665101	0	7	0.858118413743027	-0.63452755933849	132	14
2736	2	-0.429975263057301	0	7	0.858118413743027	-0.63452755933849	132	14
2737	0	0.305662677228087	0	7	0.858118413743027	-0.63452755933849	132	14
2739	1	0.384834970838842	0	7	0.858118413743027	-0.63452755933849	132	14
2740	2	0.0237684040260096	0	7	0.858118413743027	-0.63452755933849	132	14
2743	2	-0.133130274276931	0	7	0.858118413743027	-0.63452755933849	132	14
2744	3	-0.0737420387809459	0	7	0.858118413743027	-0.63452755933849	132	14
2745	3	0.347814919456359	0	7	0.858118413743027	-0.63452755933849	132	14
2746	3	0.158881326811017	0	7	0.858118413743027	-0.63452755933849	132	14
2747	3	0.234246062336669	0	7	0.858118413743027	-0.63452755933849	132	14
2752	4	0.362840656047322	0	7	0.858118413743027	-0.63452755933849	132	14
2760	2	0.221799784193854	0	7	0.858118413743027	-0.63452755933849	132	14
2762	4	0.468319747352564	0	7	0.858118413743027	-0.63452755933849	132	14
2764	1	0.292333885932474	0	7	0.858118413743027	-0.63452755933849	132	14
2766	0	0.204668883667661	0	7	0.858118413743027	-0.63452755933849	132	14
2767	0	-0.116472711594551	0	7	0.858118413743027	-0.63452755933849	132	14
2768	8	0.0273673179380097	0	7	0.858118413743027	-0.63452755933849	132	14
2769	2	-0.136359688047246	0	7	0.858118413743027	-0.63452755933849	132	14
2770	2	-0.229522506729935	0	7	0.858118413743027	-0.63452755933849	132	14
2771	2	-0.408704146923918	0	7	0.858118413743027	-0.63452755933849	132	14
2773	1	0.173131703780913	0	7	0.858118413743027	-0.63452755933849	132	14
2774	2	0.425185441328291	0	7	0.858118413743027	-0.63452755933849	132	14
2775	0	0.117995730641433	0	7	0.858118413743027	-0.63452755933849	132	14
2776	3	-0.249576960581758	0	7	0.858118413743027	-0.63452755933849	132	14
2778	3	-0.107800023690511	0	7	0.858118413743027	-0.63452755933849	132	14
2780	4	-0.319658913695869	0	7	0.858118413743027	-0.63452755933849	132	14
2781	0	0.0223529163505983	0	7	0.858118413743027	-0.63452755933849	132	14
2782	1	-0.222560766575042	0	7	0.858118413743027	-0.63452755933849	132	14
2783	4	0.211408780211346	0	7	0.858118413743027	-0.63452755933849	132	14
2784	1	-0.329054918390647	0	7	0.858118413743027	-0.63452755933849	132	14
2785	0	0.00122553847823017	0	7	0.858118413743027	-0.63452755933849	132	14
2786	0	0.101417107479137	0	7	0.858118413743027	-0.63452755933849	132	14
2787	4	0.610092170219207	0	7	0.858118413743027	-0.63452755933849	132	14
2788	0	0.390971219897955	0	7	0.858118413743027	-0.63452755933849	132	14
2791	9	0.343389390364793	0	7	0.858118413743027	-0.63452755933849	132	14
2796	6	-0.23837401457966	0	7	0.858118413743027	-0.63452755933849	132	14
2798	0	-0.216782944844184	0	7	0.858118413743027	-0.63452755933849	132	14
2799	3	-0.0431792249948892	0	7	0.858118413743027	-0.63452755933849	132	14
2800	0	-0.131662947018368	0	7	0.858118413743027	-0.63452755933849	132	14
2801	1	0.144585224349206	0	7	0.858118413743027	-0.63452755933849	132	14
2802	1	-0.088943164792956	0	7	0.858118413743027	-0.63452755933849	132	14
2803	2	0.244638660164587	0	7	0.858118413743027	-0.63452755933849	132	14
2804	1	0.130663075958094	0	7	0.858118413743027	-0.63452755933849	132	14
2805	3	0.422379281210546	0	7	0.858118413743027	-0.63452755933849	132	14
2806	3	0.377264127785755	0	7	0.858118413743027	-0.63452755933849	132	14
2810	2	-0.188737778340634	0	7	0.858118413743027	-0.63452755933849	132	14
2811	0	-0.139849521171551	0	7	0.858118413743027	-0.63452755933849	132	14
2813	0	0.279637289478327	0	7	0.858118413743027	-0.63452755933849	132	14
2815	0	0.046847580028374	0	7	0.858118413743027	-0.63452755933849	132	14
2817	2	-0.262358261986822	0	7	0.858118413743027	-0.63452755933849	132	14
2819	3	0.368713493104725	0	7	0.858118413743027	-0.63452755933849	132	14
2820	0	0.156088540480914	0	7	0.858118413743027	-0.63452755933849	132	14
2821	3	0.35110550663995	0	7	0.858118413743027	-0.63452755933849	132	14
2822	0	0.0636052259360631	0	7	0.858118413743027	-0.63452755933849	132	14
2823	0	-0.171849192787062	0	7	0.858118413743027	-0.63452755933849	132	14
2824	0	0.00229829541666295	0	7	0.858118413743027	-0.63452755933849	132	14
2826	2	-0.0650792897915342	0	7	0.858118413743027	-0.63452755933849	132	14
2827	1	0.464182032851347	0	7	0.858118413743027	-0.63452755933849	132	14
2828	9	0.170792029156616	0	7	0.858118413743027	-0.63452755933849	132	14
2829	2	-0.0361309105377585	0	7	0.858118413743027	-0.63452755933849	132	14
2833	2	-0.379884303231658	0	7	0.858118413743027	-0.63452755933849	132	14
2838	0	-0.0388835905283573	0	7	0.858118413743027	-0.63452755933849	132	14
2840	3	-0.188552691475001	0	7	0.858118413743027	-0.63452755933849	132	14
2841	1	-0.53789016155611	0	7	0.858118413743027	-0.63452755933849	132	14
2843	1	-0.191451443898837	0	7	0.858118413743027	-0.63452755933849	132	14
2845	0	-0.151603180335714	0	7	0.858118413743027	-0.63452755933849	132	14
2850	5	0.559974522550671	0	7	0.858118413743027	-0.63452755933849	132	14
2852	0	0.293657000075855	0	7	0.858118413743027	-0.63452755933849	132	14
2859	1	-0.219571429620949	0	7	0.858118413743027	-0.63452755933849	132	14
2861	2	-0.134567226520543	0	7	0.858118413743027	-0.63452755933849	132	14
2863	2	-0.113873867507981	0	7	0.858118413743027	-0.63452755933849	132	14
2867	10	0.480571672525405	0	7	0.858118413743027	-0.63452755933849	132	14
2868	0	0.287194653449766	0	7	0.858118413743027	-0.63452755933849	132	14
2869	5	0.239976981378938	0	7	0.858118413743027	-0.63452755933849	132	14
2870	2	0.00604739184464338	0	7	0.858118413743027	-0.63452755933849	132	14
2872	4	0.259751211954475	0	7	0.858118413743027	-0.63452755933849	132	14
2873	3	0.342173384051912	0	7	0.858118413743027	-0.63452755933849	132	14
2875	3	0.305762979594255	0	7	0.858118413743027	-0.63452755933849	132	14
2877	1	-0.299209971842655	0	7	0.858118413743027	-0.63452755933849	132	14
2878	3	0.38337704821386	0	7	0.858118413743027	-0.63452755933849	132	14
2879	4	0.435878548699787	0	7	0.858118413743027	-0.63452755933849	132	14
2882	0	-0.134804975969702	0	7	0.858118413743027	-0.63452755933849	132	14
2885	4	0.671942366170484	0	7	0.858118413743027	-0.63452755933849	132	14
2886	11	0.247495681926855	0	7	0.858118413743027	-0.63452755933849	132	14
2887	2	-0.145612545523628	0	7	0.858118413743027	-0.63452755933849	132	14
2888	8	0.022296937059227	0	7	0.858118413743027	-0.63452755933849	132	14
2889	5	0.174166965066495	0	7	0.858118413743027	-0.63452755933849	132	14
2891	1	-0.165712252523473	0	7	0.858118413743027	-0.63452755933849	132	14
2892	3	0.239943772749555	0	7	0.858118413743027	-0.63452755933849	132	14
2893	0	-0.110074266160982	0	7	0.858118413743027	-0.63452755933849	132	14
2896	4	0.173640769153365	0	7	0.858118413743027	-0.63452755933849	132	14
2897	6	-0.104762320628616	0	7	0.858118413743027	-0.63452755933849	132	14
2898	5	0.206555797747227	0	7	0.858118413743027	-0.63452755933849	132	14
2899	0	0.215459547491872	0	7	0.858118413743027	-0.63452755933849	132	14
2900	3	-0.185856033447908	0	7	0.858118413743027	-0.63452755933849	132	14
2901	0	0.338054155720563	0	7	0.858118413743027	-0.63452755933849	132	14
2903	2	-0.126007713685934	0	7	0.858118413743027	-0.63452755933849	132	14
2904	0	0.363259722797342	0	7	0.858118413743027	-0.63452755933849	132	14
2905	0	0.0489593007747003	0	7	0.858118413743027	-0.63452755933849	132	14
2906	0	0.33232168465729	0	7	0.858118413743027	-0.63452755933849	132	14
2907	3	0.242396098971102	0	7	0.858118413743027	-0.63452755933849	132	14
2908	1	-0.182271209637039	0	7	0.858118413743027	-0.63452755933849	132	14
2909	3	0.262718851458514	0	7	0.858118413743027	-0.63452755933849	132	14
2911	0	0.0945978596958599	0	7	0.858118413743027	-0.63452755933849	132	14
2915	1	-0.211640672364702	0	7	0.858118413743027	-0.63452755933849	132	14
2916	4	-0.363433397239893	0	7	0.858118413743027	-0.63452755933849	132	14
2918	3	-0.309048572217486	0	7	0.858118413743027	-0.63452755933849	132	14
2919	2	-0.103365766305321	0	7	0.858118413743027	-0.63452755933849	132	14
2920	0	0.0344496757802306	0	7	0.858118413743027	-0.63452755933849	132	14
2921	2	0.0469663055117286	0	7	0.858118413743027	-0.63452755933849	132	14
2923	1	0.137726673390542	0	7	0.858118413743027	-0.63452755933849	132	14
2926	0	0.29244261446692	0	7	0.858118413743027	-0.63452755933849	132	14
2931	4	0.395429136420536	0	7	0.858118413743027	-0.63452755933849	132	14
2932	0	-0.355789221867385	0	7	0.858118413743027	-0.63452755933849	132	14
2934	3	0.112650665997234	0	7	0.858118413743027	-0.63452755933849	132	14
2935	2	-0.242761921137483	0	7	0.858118413743027	-0.63452755933849	132	14
2936	3	0.357167517890268	0	7	0.858118413743027	-0.63452755933849	132	14
2937	3	0.480348405679975	0	7	0.858118413743027	-0.63452755933849	132	14
2938	3	0.564785017444482	0	7	0.858118413743027	-0.63452755933849	132	14
2941	1	0.411057728845671	0	7	0.858118413743027	-0.63452755933849	132	14
2947	3	0.419165689279685	0	7	0.858118413743027	-0.63452755933849	132	14
2948	3	0.262502152278151	0	7	0.858118413743027	-0.63452755933849	132	14
2949	0	0.19451363705839	0	7	0.858118413743027	-0.63452755933849	132	14
2950	4	0.526891269604214	0	7	0.858118413743027	-0.63452755933849	132	14
2954	3	0.281094004501632	0	7	0.858118413743027	-0.63452755933849	132	14
2956	1	-0.211902509362132	0	7	0.858118413743027	-0.63452755933849	132	14
2957	1	0.437903146182808	0	7	0.858118413743027	-0.63452755933849	132	14
2958	1	0.57120949617588	0	7	0.858118413743027	-0.63452755933849	132	14
2959	1	0.561048367791503	0	7	0.858118413743027	-0.63452755933849	132	14
2960	1	-0.0566461342007512	0	7	0.858118413743027	-0.63452755933849	132	14
2961	0	0.107352870288593	0	7	0.858118413743027	-0.63452755933849	132	14
2962	4	0.55523889315128	0	7	0.858118413743027	-0.63452755933849	132	14
2963	0	0.0840834617688384	0	7	0.858118413743027	-0.63452755933849	132	14
2965	1	0.093015899404424	0	7	0.858118413743027	-0.63452755933849	132	14
2967	3	0.235896399268098	0	7	0.858118413743027	-0.63452755933849	132	14
2968	0	0.252715390894483	0	7	0.858118413743027	-0.63452755933849	132	14
2969	1	-0.203757800035816	0	7	0.858118413743027	-0.63452755933849	132	14
2971	1	-0.128131137685462	0	7	0.858118413743027	-0.63452755933849	132	14
2972	0	0.0116426196539929	0	7	0.858118413743027	-0.63452755933849	132	14
2975	1	0.151450151169035	0	7	0.858118413743027	-0.63452755933849	132	14
2976	0	0.0023226668801416	0	7	0.858118413743027	-0.63452755933849	132	14
2977	2	-0.300428687415801	0	7	0.858118413743027	-0.63452755933849	132	14
2979	0	0.0564061552379886	0	7	0.858118413743027	-0.63452755933849	132	14
2982	2	-0.602774167437847	0	7	0.858118413743027	-0.63452755933849	132	14
2983	2	-0.376722436709599	0	7	0.858118413743027	-0.63452755933849	132	14
2984	5	0.246184893607756	0	7	0.858118413743027	-0.63452755933849	132	14
2987	0	0.383400081431247	0	7	0.858118413743027	-0.63452755933849	132	14
2990	1	0.255338033800425	0	7	0.858118413743027	-0.63452755933849	132	14
2992	1	0.0157995034426545	0	7	0.858118413743027	-0.63452755933849	132	14
2995	2	-0.0872007143684865	0	7	0.858118413743027	-0.63452755933849	132	14
2997	1	0.159896331926227	0	7	0.858118413743027	-0.63452755933849	132	14
2998	0	0.296846735558213	0	7	0.858118413743027	-0.63452755933849	132	14
2999	10	0.308174167069745	0	7	0.858118413743027	-0.63452755933849	132	14
3000	0	0.0435403236516099	0	7	0.858118413743027	-0.63452755933849	132	14
3001	2	-0.0912515818645703	0	7	0.858118413743027	-0.63452755933849	132	14
3002	10	0.246068719345537	0	7	0.858118413743027	-0.63452755933849	132	14
3003	2	-0.321515006374289	0	7	0.858118413743027	-0.63452755933849	132	14
3004	1	-0.33156607835766	0	7	0.858118413743027	-0.63452755933849	132	14
3005	1	0.549812682440468	0	7	0.858118413743027	-0.63452755933849	132	14
3006	4	0.618746390833585	0	7	0.858118413743027	-0.63452755933849	132	14
3007	2	0.232870479944208	0	7	0.858118413743027	-0.63452755933849	132	14
3008	7	0.712869237321738	1	7	0.858118413743027	-0.63452755933849	132	14
3009	2	0.13107337419499	0	7	0.858118413743027	-0.63452755933849	132	14
3014	2	-0.0130276678836846	0	7	0.858118413743027	-0.63452755933849	132	14
3015	2	-0.0165586039025903	0	7	0.858118413743027	-0.63452755933849	132	14
3017	4	0.730009112729854	0	7	0.858118413743027	-0.63452755933849	132	14
3018	0	0.167267081895536	0	7	0.858118413743027	-0.63452755933849	132	14
3024	0	0.197106953382125	0	7	0.858118413743027	-0.63452755933849	132	14
3026	1	0.206151155748737	0	7	0.858118413743027	-0.63452755933849	132	14
3028	3	0.510149257275671	0	7	0.858118413743027	-0.63452755933849	132	14
3029	3	0.424225371507739	0	7	0.858118413743027	-0.63452755933849	132	14
3030	3	0.375259878483102	0	7	0.858118413743027	-0.63452755933849	132	14
3032	3	0.404140973774141	0	7	0.858118413743027	-0.63452755933849	132	14
3033	3	0.416798377527258	0	7	0.858118413743027	-0.63452755933849	132	14
3034	10	0.278622609241321	0	7	0.858118413743027	-0.63452755933849	132	14
3037	2	-0.309103613436368	0	7	0.858118413743027	-0.63452755933849	132	14
3043	4	0.592367267679068	0	7	0.858118413743027	-0.63452755933849	132	14
3052	0	0.0558791094833007	0	7	0.858118413743027	-0.63452755933849	132	14
3053	0	0.0306347566479387	0	7	0.858118413743027	-0.63452755933849	132	14
3054	0	0.12721104434614	0	7	0.858118413743027	-0.63452755933849	132	14
3055	2	0.0211225620438632	0	7	0.858118413743027	-0.63452755933849	132	14
3059	2	-0.341271925986448	0	7	0.858118413743027	-0.63452755933849	132	14
3061	0	0.0914475717368685	0	7	0.858118413743027	-0.63452755933849	132	14
3062	0	0.247078591206078	0	7	0.858118413743027	-0.63452755933849	132	14
3064	0	-0.0698941469095465	0	7	0.858118413743027	-0.63452755933849	132	14
3065	1	0.355141219898275	0	7	0.858118413743027	-0.63452755933849	132	14
3066	0	-0.0311277025210763	0	7	0.858118413743027	-0.63452755933849	132	14
3067	2	-0.325022118160713	0	7	0.858118413743027	-0.63452755933849	132	14
3068	0	0.0176281828388552	0	7	0.858118413743027	-0.63452755933849	132	14
3069	0	-0.0120042715830936	0	7	0.858118413743027	-0.63452755933849	132	14
3071	2	-0.214518994164656	0	7	0.858118413743027	-0.63452755933849	132	14
3073	1	0.427878936282666	0	7	0.858118413743027	-0.63452755933849	132	14
3074	0	-0.0589895671534794	0	7	0.858118413743027	-0.63452755933849	132	14
3075	2	-0.229813914098318	0	7	0.858118413743027	-0.63452755933849	132	14
3077	3	0.135780217054849	0	7	0.858118413743027	-0.63452755933849	132	14
3081	3	0.428459048669691	0	7	0.858118413743027	-0.63452755933849	132	14
3082	2	-0.436330693478139	0	7	0.858118413743027	-0.63452755933849	132	14
3083	0	-0.0130238292405196	0	7	0.858118413743027	-0.63452755933849	132	14
3084	11	0.367425495999393	0	7	0.858118413743027	-0.63452755933849	132	14
3087	11	-0.164451305147768	0	7	0.858118413743027	-0.63452755933849	132	14
3090	1	-0.0908437355082227	0	7	0.858118413743027	-0.63452755933849	132	14
3091	2	-0.372379742984643	0	7	0.858118413743027	-0.63452755933849	132	14
3092	11	-0.448221299967503	0	7	0.858118413743027	-0.63452755933849	132	14
3093	1	0.187823132672813	0	7	0.858118413743027	-0.63452755933849	132	14
3094	7	0.6575389768936	1	7	0.858118413743027	-0.63452755933849	132	14
3096	0	-0.0676484837292336	0	7	0.858118413743027	-0.63452755933849	132	14
3097	1	-0.136072847385638	0	7	0.858118413743027	-0.63452755933849	132	14
3098	3	-0.335946611664384	0	7	0.858118413743027	-0.63452755933849	132	14
3099	0	0.236773403617378	0	7	0.858118413743027	-0.63452755933849	132	14
3101	2	-0.123501833188703	0	7	0.858118413743027	-0.63452755933849	132	14
3104	3	0.406668087740417	0	7	0.858118413743027	-0.63452755933849	132	14
3105	0	0.00266715173978156	0	7	0.858118413743027	-0.63452755933849	132	14
3106	4	0.235799803741063	0	7	0.858118413743027	-0.63452755933849	132	14
3107	4	0.248761358653623	0	7	0.858118413743027	-0.63452755933849	132	14
3108	2	-0.225628111243737	0	7	0.858118413743027	-0.63452755933849	132	14
3111	0	0.262538206363772	0	7	0.858118413743027	-0.63452755933849	132	14
3115	2	-0.231169892882684	0	7	0.858118413743027	-0.63452755933849	132	14
3117	0	-0.0727525589844805	0	7	0.858118413743027	-0.63452755933849	132	14
3119	2	-0.269961971644287	0	7	0.858118413743027	-0.63452755933849	132	14
3122	2	-0.129607166692734	0	7	0.858118413743027	-0.63452755933849	132	14
3123	0	-0.228259792498697	0	7	0.858118413743027	-0.63452755933849	132	14
3131	8	0.0150512426494045	0	7	0.858118413743027	-0.63452755933849	132	14
3134	1	0.114612266701855	0	7	0.858118413743027	-0.63452755933849	132	14
3140	5	0.0940101573960871	0	7	0.858118413743027	-0.63452755933849	132	14
3141	0	-0.0283131995685548	0	7	0.858118413743027	-0.63452755933849	132	14
3142	1	0.316110025800463	0	7	0.858118413743027	-0.63452755933849	132	14
3145	4	0.261446160327517	0	7	0.858118413743027	-0.63452755933849	132	14
3148	4	0.281056314964158	0	7	0.858118413743027	-0.63452755933849	132	14
3149	2	-0.0305732709000579	0	7	0.858118413743027	-0.63452755933849	132	14
3155	3	0.550649510185355	0	7	0.858118413743027	-0.63452755933849	132	14
3156	0	-0.388355048877956	0	7	0.858118413743027	-0.63452755933849	132	14
3157	0	0.10834130164751	0	7	0.858118413743027	-0.63452755933849	132	14
3158	3	0.0486784722331451	0	7	0.858118413743027	-0.63452755933849	132	14
3162	3	0.115980777059569	0	7	0.858118413743027	-0.63452755933849	132	14
3163	3	0.30430560814493	0	7	0.858118413743027	-0.63452755933849	132	14
3164	10	0.38381311834514	0	7	0.858118413743027	-0.63452755933849	132	14
3172	3	0.504683691038081	0	7	0.858118413743027	-0.63452755933849	132	14
3174	3	0.483418222716358	0	7	0.858118413743027	-0.63452755933849	132	14
3176	3	0.335592210041134	0	7	0.858118413743027	-0.63452755933849	132	14
3177	0	0.184056859585164	0	7	0.858118413743027	-0.63452755933849	132	14
3181	6	-0.202532254062249	0	7	0.858118413743027	-0.63452755933849	132	14
3182	2	0.0762500889474372	0	7	0.858118413743027	-0.63452755933849	132	14
3184	0	0.0742911664358829	0	7	0.858118413743027	-0.63452755933849	132	14
3185	2	-0.322842328889366	0	7	0.858118413743027	-0.63452755933849	132	14
3187	6	-0.57895874876887	0	7	0.858118413743027	-0.63452755933849	132	14
3189	0	0.0878542259788587	0	7	0.858118413743027	-0.63452755933849	132	14
3191	0	-0.158966331555593	0	7	0.858118413743027	-0.63452755933849	132	14
3192	1	0.000643675285323499	0	7	0.858118413743027	-0.63452755933849	132	14
3198	1	0.162977376396194	0	7	0.858118413743027	-0.63452755933849	132	14
3199	3	-0.105757654662608	0	7	0.858118413743027	-0.63452755933849	132	14
3200	1	-0.0452084480636893	0	7	0.858118413743027	-0.63452755933849	132	14
3201	2	0.405293060292028	0	7	0.858118413743027	-0.63452755933849	132	14
3202	0	0.248747688600597	0	7	0.858118413743027	-0.63452755933849	132	14
3203	2	-0.0245094714548277	0	7	0.858118413743027	-0.63452755933849	132	14
3204	4	0.516747625988688	0	7	0.858118413743027	-0.63452755933849	132	14
3206	0	0.176308591673242	0	7	0.858118413743027	-0.63452755933849	132	14
3207	2	-0.322530611986527	0	7	0.858118413743027	-0.63452755933849	132	14
3212	0	0.42091697947851	0	7	0.858118413743027	-0.63452755933849	132	14
3215	2	0.355249709397617	0	7	0.858118413743027	-0.63452755933849	132	14
3216	1	-0.333813008420481	0	7	0.858118413743027	-0.63452755933849	132	14
3217	0	0.433104379009338	0	7	0.858118413743027	-0.63452755933849	132	14
3218	1	0.151065336056437	0	7	0.858118413743027	-0.63452755933849	132	14
3219	2	0.0759523598378707	0	7	0.858118413743027	-0.63452755933849	132	14
3221	0	0.0571287077803896	0	7	0.858118413743027	-0.63452755933849	132	14
3222	3	-0.197966313856631	0	7	0.858118413743027	-0.63452755933849	132	14
3223	1	-0.213220509821994	0	7	0.858118413743027	-0.63452755933849	132	14
3224	1	-0.126362041164149	0	7	0.858118413743027	-0.63452755933849	132	14
3226	3	0.286252683319438	0	7	0.858118413743027	-0.63452755933849	132	14
3231	5	0.595371862780138	0	7	0.858118413743027	-0.63452755933849	132	14
3235	1	-0.0592273056079645	0	7	0.858118413743027	-0.63452755933849	132	14
3236	1	-0.26515366924322	0	7	0.858118413743027	-0.63452755933849	132	14
3237	2	-0.22231027625436	0	7	0.858118413743027	-0.63452755933849	132	14
3240	1	-0.152820753110231	0	7	0.858118413743027	-0.63452755933849	132	14
3241	4	0.14160796754866	0	7	0.858118413743027	-0.63452755933849	132	14
3242	3	0.45825413242848	0	7	0.858118413743027	-0.63452755933849	132	14
3248	1	0.336172104880685	0	7	0.858118413743027	-0.63452755933849	132	14
3249	3	0.282109834998125	0	7	0.858118413743027	-0.63452755933849	132	14
3251	1	0.197772404398233	0	7	0.858118413743027	-0.63452755933849	132	14
3265	4	0.468853172695324	0	7	0.858118413743027	-0.63452755933849	132	14
3267	3	-0.18780160983651	0	7	0.858118413743027	-0.63452755933849	132	14
3268	0	0.147118780997574	0	7	0.858118413743027	-0.63452755933849	132	14
3269	2	-0.296003844122903	0	7	0.858118413743027	-0.63452755933849	132	14
3270	1	-0.275848665796768	0	7	0.858118413743027	-0.63452755933849	132	14
3273	0	0.211985012906743	0	7	0.858118413743027	-0.63452755933849	132	14
3274	2	0.0198365199153377	0	7	0.858118413743027	-0.63452755933849	132	14
3275	5	0.428414334692514	0	7	0.858118413743027	-0.63452755933849	132	14
3276	4	0.326667964053384	0	7	0.858118413743027	-0.63452755933849	132	14
3280	10	0.589994682264579	0	7	0.858118413743027	-0.63452755933849	132	14
3281	4	0.451928643039773	0	7	0.858118413743027	-0.63452755933849	132	14
3283	0	0.0944326971073923	0	7	0.858118413743027	-0.63452755933849	132	14
3284	0	0.0675748164258541	0	7	0.858118413743027	-0.63452755933849	132	14
3290	2	-0.204979456389595	0	7	0.858118413743027	-0.63452755933849	132	14
3291	12	0.289136342795509	0	7	0.858118413743027	-0.63452755933849	132	14
3293	0	0.108879170929031	0	7	0.858118413743027	-0.63452755933849	132	14
3294	1	0.336297134148616	0	7	0.858118413743027	-0.63452755933849	132	14
3295	1	0.275754424651827	0	7	0.858118413743027	-0.63452755933849	132	14
3297	4	0.430747430136513	0	7	0.858118413743027	-0.63452755933849	132	14
3298	1	0.0591678090786443	0	7	0.858118413743027	-0.63452755933849	132	14
3300	1	0.436625182773287	0	7	0.858118413743027	-0.63452755933849	132	14
3301	2	0.0539585304915822	0	7	0.858118413743027	-0.63452755933849	132	14
3306	1	0.19624498928122	0	7	0.858118413743027	-0.63452755933849	132	14
3308	3	-0.00792350175025597	0	7	0.858118413743027	-0.63452755933849	132	14
3309	1	0.166723804377464	0	7	0.858118413743027	-0.63452755933849	132	14
3310	2	0.146123752469537	0	7	0.858118413743027	-0.63452755933849	132	14
3313	3	0.259941032597833	0	7	0.858118413743027	-0.63452755933849	132	14
3320	3	0.291195771027545	0	7	0.858118413743027	-0.63452755933849	132	14
3321	1	-0.0522437943870637	0	7	0.858118413743027	-0.63452755933849	132	14
3326	4	0.118143786418126	0	7	0.858118413743027	-0.63452755933849	132	14
3337	3	0.259921152680839	0	7	0.858118413743027	-0.63452755933849	132	14
3338	7	0.667685390824095	1	7	0.858118413743027	-0.63452755933849	132	14
3339	3	-0.372428130809044	0	7	0.858118413743027	-0.63452755933849	132	14
3340	2	-0.200534290359229	0	7	0.858118413743027	-0.63452755933849	132	14
3344	1	0.393231836286065	0	7	0.858118413743027	-0.63452755933849	132	14
3351	0	0.343440054491132	0	7	0.858118413743027	-0.63452755933849	132	14
3355	0	-0.0343021486147656	0	7	0.858118413743027	-0.63452755933849	132	14
3357	1	-0.326733188585754	0	7	0.858118413743027	-0.63452755933849	132	14
3362	0	0.0336681154140247	0	7	0.858118413743027	-0.63452755933849	132	14
3363	0	-0.108961263789685	0	7	0.858118413743027	-0.63452755933849	132	14
3364	0	-0.020305973922227	0	7	0.858118413743027	-0.63452755933849	132	14
3371	2	-0.494807008610327	0	7	0.858118413743027	-0.63452755933849	132	14
3373	3	0.226123565394081	0	7	0.858118413743027	-0.63452755933849	132	14
3376	1	0.307061134046441	0	7	0.858118413743027	-0.63452755933849	132	14
3382	0	-0.252779119312632	0	7	0.858118413743027	-0.63452755933849	132	14
3383	0	-0.129069375653948	0	7	0.858118413743027	-0.63452755933849	132	14
3384	9	0.128416729040906	0	7	0.858118413743027	-0.63452755933849	132	14
3385	10	0.396347224302355	0	7	0.858118413743027	-0.63452755933849	132	14
3386	1	0.259152367913799	0	7	0.858118413743027	-0.63452755933849	132	14
3394	2	-0.412293291387837	0	7	0.858118413743027	-0.63452755933849	132	14
3396	3	0.469621468789303	0	7	0.858118413743027	-0.63452755933849	132	14
3397	1	0.383802946969426	0	7	0.858118413743027	-0.63452755933849	132	14
3398	0	0.0084303061320641	0	7	0.858118413743027	-0.63452755933849	132	14
3399	1	0.388721333111921	0	7	0.858118413743027	-0.63452755933849	132	14
3400	1	0.446653300364166	0	7	0.858118413743027	-0.63452755933849	132	14
3416	0	-0.214746703490963	0	7	0.858118413743027	-0.63452755933849	132	14
3417	3	0.323401148257441	0	7	0.858118413743027	-0.63452755933849	132	14
3418	3	0.375472233798434	0	7	0.858118413743027	-0.63452755933849	132	14
3419	0	-0.103736593815059	0	7	0.858118413743027	-0.63452755933849	132	14
3420	3	0.497267285906618	0	7	0.858118413743027	-0.63452755933849	132	14
3421	4	0.537693222135992	0	7	0.858118413743027	-0.63452755933849	132	14
3422	1	0.276554958562375	0	7	0.858118413743027	-0.63452755933849	132	14
3423	0	-0.0754589728320963	0	7	0.858118413743027	-0.63452755933849	132	14
3425	0	0.221658278460535	0	7	0.858118413743027	-0.63452755933849	132	14
3426	8	-0.119487920175899	0	7	0.858118413743027	-0.63452755933849	132	14
3428	2	-0.343113556957984	0	7	0.858118413743027	-0.63452755933849	132	14
3429	14	0.328817579781019	0	7	0.858118413743027	-0.63452755933849	132	14
3430	4	0.15282721905933	0	7	0.858118413743027	-0.63452755933849	132	14
3431	14	-0.165954141281411	0	7	0.858118413743027	-0.63452755933849	132	14
3433	14	0.0538602425795634	0	7	0.858118413743027	-0.63452755933849	132	14
3434	14	-0.0861824276634459	0	7	0.858118413743027	-0.63452755933849	132	14
3437	14	-0.0105146203255538	0	7	0.858118413743027	-0.63452755933849	132	14
3454	1	0.247861045231543	0	7	0.858118413743027	-0.63452755933849	132	14
3455	2	-0.336566176327973	0	7	0.858118413743027	-0.63452755933849	132	14
3459	2	-0.462842196136927	0	7	0.858118413743027	-0.63452755933849	132	14
3460	2	-0.0289566395333105	0	7	0.858118413743027	-0.63452755933849	132	14
3475	0	-0.102692461413261	0	7	0.858118413743027	-0.63452755933849	132	14
3476	4	0.560574887648949	0	7	0.858118413743027	-0.63452755933849	132	14
3479	1	0.248632969409866	0	7	0.858118413743027	-0.63452755933849	132	14
3480	1	0.440593744790173	0	7	0.858118413743027	-0.63452755933849	132	14
3482	0	-0.0712129994837844	0	7	0.858118413743027	-0.63452755933849	132	14
3483	0	0.343700245333268	0	7	0.858118413743027	-0.63452755933849	132	14
3484	2	-0.351052430976781	0	7	0.858118413743027	-0.63452755933849	132	14
3485	1	0.221980523562148	0	7	0.858118413743027	-0.63452755933849	132	14
3486	2	-0.487360852311769	0	7	0.858118413743027	-0.63452755933849	132	14
3487	3	0.217227570142477	0	7	0.858118413743027	-0.63452755933849	132	14
3488	9	0.139795672677942	0	7	0.858118413743027	-0.63452755933849	132	14
3489	2	-0.439555911371915	0	7	0.858118413743027	-0.63452755933849	132	14
3490	2	-0.0525350745525215	0	7	0.858118413743027	-0.63452755933849	132	14
3491	0	-0.0922042682866925	0	7	0.858118413743027	-0.63452755933849	132	14
3508	0	0.251053123770699	0	7	0.858118413743027	-0.63452755933849	132	14
3512	2	-0.322204539141921	0	7	0.858118413743027	-0.63452755933849	132	14
3516	2	-0.276876273673795	0	7	0.858118413743027	-0.63452755933849	132	14
3547	1	-0.169401111569131	0	7	0.858118413743027	-0.63452755933849	132	14
3549	0	0.0996438065406964	0	7	0.858118413743027	-0.63452755933849	132	14
3551	3	-0.528414398732703	0	7	0.858118413743027	-0.63452755933849	132	14
3553	10	0.205939154569562	0	7	0.858118413743027	-0.63452755933849	132	14
3554	2	-0.125993658663007	0	7	0.858118413743027	-0.63452755933849	132	14
3556	1	0.143911181005951	0	7	0.858118413743027	-0.63452755933849	132	14
3557	2	0.256004932747382	0	7	0.858118413743027	-0.63452755933849	132	14
3559	2	-0.148290093038023	0	7	0.858118413743027	-0.63452755933849	132	14
3560	2	-0.201633908527202	0	7	0.858118413743027	-0.63452755933849	132	14
3561	2	-0.0996967392894455	0	7	0.858118413743027	-0.63452755933849	132	14
3566	9	-0.044383637276793	0	7	0.858118413743027	-0.63452755933849	132	14
3568	10	0.412572133221362	0	7	0.858118413743027	-0.63452755933849	132	14
3569	0	-0.00531192473761391	0	7	0.858118413743027	-0.63452755933849	132	14
3570	0	-0.0740605841499532	0	7	0.858118413743027	-0.63452755933849	132	14
3572	1	-0.169213229687805	0	7	0.858118413743027	-0.63452755933849	132	14
3574	1	-0.448443532057348	0	7	0.858118413743027	-0.63452755933849	132	14
3575	2	-0.40068080818444	0	7	0.858118413743027	-0.63452755933849	132	14
3576	0	0.0293462445789076	0	7	0.858118413743027	-0.63452755933849	132	14
3577	10	0.583170389998526	0	7	0.858118413743027	-0.63452755933849	132	14
3579	10	0.583759930348648	0	7	0.858118413743027	-0.63452755933849	132	14
3587	2	-0.358522507840725	0	7	0.858118413743027	-0.63452755933849	132	14
3588	1	-0.0427333473820794	0	7	0.858118413743027	-0.63452755933849	132	14
3589	0	-0.080842640673604	0	7	0.858118413743027	-0.63452755933849	132	14
3590	3	-0.0993995604367982	0	7	0.858118413743027	-0.63452755933849	132	14
3594	2	-0.168830547126507	0	7	0.858118413743027	-0.63452755933849	132	14
3595	2	-0.19862251781335	0	7	0.858118413743027	-0.63452755933849	132	14
3597	0	-0.0562169620060144	0	7	0.858118413743027	-0.63452755933849	132	14
3598	1	0.041958271284309	0	7	0.858118413743027	-0.63452755933849	132	14
3600	0	-0.240425260834376	0	7	0.858118413743027	-0.63452755933849	132	14
3601	1	0.162370002448643	0	7	0.858118413743027	-0.63452755933849	132	14
3603	2	-0.256064893597864	0	7	0.858118413743027	-0.63452755933849	132	14
3604	2	-0.0401797714810767	0	7	0.858118413743027	-0.63452755933849	132	14
3606	2	-0.253215997350774	0	7	0.858118413743027	-0.63452755933849	132	14
3607	1	0.16118784254528	0	7	0.858118413743027	-0.63452755933849	132	14
3608	0	0.09915898651441	0	7	0.858118413743027	-0.63452755933849	132	14
3609	0	0.174966274948689	0	7	0.858118413743027	-0.63452755933849	132	14
3611	0	-0.293918496220267	0	7	0.858118413743027	-0.63452755933849	132	14
3612	0	0.0195287371895923	0	7	0.858118413743027	-0.63452755933849	132	14
3613	3	0.375685908728804	0	7	0.858118413743027	-0.63452755933849	132	14
3614	1	0.345030740589322	0	7	0.858118413743027	-0.63452755933849	132	14
3615	2	-0.228737305558976	0	7	0.858118413743027	-0.63452755933849	132	14
3617	0	-0.0610077798774895	0	7	0.858118413743027	-0.63452755933849	132	14
3619	0	-0.223810519026791	0	7	0.858118413743027	-0.63452755933849	132	14
3620	0	-0.133106925724364	0	7	0.858118413743027	-0.63452755933849	132	14
3621	1	0.31961139823605	0	7	0.858118413743027	-0.63452755933849	132	14
3622	0	0.19208751988369	0	7	0.858118413743027	-0.63452755933849	132	14
3624	2	-0.473077420392063	0	7	0.858118413743027	-0.63452755933849	132	14
3625	0	0.104228773464875	0	7	0.858118413743027	-0.63452755933849	132	14
3627	11	-0.110977987441332	0	7	0.858118413743027	-0.63452755933849	132	14
3628	0	-0.178267441402603	0	7	0.858118413743027	-0.63452755933849	132	14
3631	2	-0.60312788114685	0	7	0.858118413743027	-0.63452755933849	132	14
3632	1	0.0605381252123255	0	7	0.858118413743027	-0.63452755933849	132	14
3633	6	-0.263503939809306	0	7	0.858118413743027	-0.63452755933849	132	14
3635	2	-0.533547952267379	0	7	0.858118413743027	-0.63452755933849	132	14
3636	1	0.25283839275366	0	7	0.858118413743027	-0.63452755933849	132	14
3638	1	0.264713690099869	0	7	0.858118413743027	-0.63452755933849	132	14
3643	2	0.333211738967155	0	7	0.858118413743027	-0.63452755933849	132	14
3645	0	0.254411753925744	0	7	0.858118413743027	-0.63452755933849	132	14
3646	2	-0.160394379858547	0	7	0.858118413743027	-0.63452755933849	132	14
3652	2	0.177432585980714	0	7	0.858118413743027	-0.63452755933849	132	14
3655	0	-0.306705577072964	0	7	0.858118413743027	-0.63452755933849	132	14
3658	2	-0.441026340158344	0	7	0.858118413743027	-0.63452755933849	132	14
3659	11	-0.289773066109393	0	7	0.858118413743027	-0.63452755933849	132	14
3660	0	-0.0300884036109414	0	7	0.858118413743027	-0.63452755933849	132	14
3661	2	-0.130390385369062	0	7	0.858118413743027	-0.63452755933849	132	14
3662	2	-0.30161097652148	0	7	0.858118413743027	-0.63452755933849	132	14
3663	2	-0.216575344282905	0	7	0.858118413743027	-0.63452755933849	132	14
3664	8	0.278976959999815	0	7	0.858118413743027	-0.63452755933849	132	14
3665	3	-0.135815107826678	0	7	0.858118413743027	-0.63452755933849	132	14
3667	2	0.134956193877698	0	7	0.858118413743027	-0.63452755933849	132	14
3669	3	-0.394975072635239	0	7	0.858118413743027	-0.63452755933849	132	14
3671	2	-0.343198819799192	0	7	0.858118413743027	-0.63452755933849	132	14
3673	2	-0.330057920211412	0	7	0.858118413743027	-0.63452755933849	132	14
3674	0	-0.251037689985537	0	7	0.858118413743027	-0.63452755933849	132	14
3675	1	0.326927516446813	0	7	0.858118413743027	-0.63452755933849	132	14
3676	2	-0.492479456092416	0	7	0.858118413743027	-0.63452755933849	132	14
3678	11	-0.430420537022567	0	7	0.858118413743027	-0.63452755933849	132	14
3679	1	-0.168750496075449	0	7	0.858118413743027	-0.63452755933849	132	14
3680	3	-0.41992134905669	0	7	0.858118413743027	-0.63452755933849	132	14
3682	0	0.0179740281574622	0	7	0.858118413743027	-0.63452755933849	132	14
3683	2	-0.190584868808749	0	7	0.858118413743027	-0.63452755933849	132	14
3684	2	-0.332876385731876	0	7	0.858118413743027	-0.63452755933849	132	14
3685	1	0.0108120553284343	0	7	0.858118413743027	-0.63452755933849	132	14
3687	2	-0.189625115207606	0	7	0.858118413743027	-0.63452755933849	132	14
3689	2	-0.291212951690197	0	7	0.858118413743027	-0.63452755933849	132	14
3690	0	-0.0732305738006301	0	7	0.858118413743027	-0.63452755933849	132	14
3691	1	-0.253592352520065	0	7	0.858118413743027	-0.63452755933849	132	14
3692	4	0.597081283905495	0	7	0.858118413743027	-0.63452755933849	132	14
3693	1	0.465641206592954	0	7	0.858118413743027	-0.63452755933849	132	14
3695	2	-0.0848002931091606	0	7	0.858118413743027	-0.63452755933849	132	14
3696	1	0.115250170923533	0	7	0.858118413743027	-0.63452755933849	132	14
3698	2	-0.153560467971021	0	7	0.858118413743027	-0.63452755933849	132	14
3699	3	-0.218567112333003	0	7	0.858118413743027	-0.63452755933849	132	14
3700	1	-0.120414975892806	0	7	0.858118413743027	-0.63452755933849	132	14
3702	2	-0.383152748740089	0	7	0.858118413743027	-0.63452755933849	132	14
3703	0	0.0879171377421153	0	7	0.858118413743027	-0.63452755933849	132	14
3704	13	0.33413797105004	0	7	0.858118413743027	-0.63452755933849	132	14
3705	4	0.277315175224776	0	7	0.858118413743027	-0.63452755933849	132	14
3707	3	-0.631047323946387	0	7	0.858118413743027	-0.63452755933849	132	14
3708	1	-0.436532661136401	0	7	0.858118413743027	-0.63452755933849	132	14
3709	1	-0.329182249742417	0	7	0.858118413743027	-0.63452755933849	132	14
3710	1	-0.499735680331854	0	7	0.858118413743027	-0.63452755933849	132	14
3712	3	0.599532040849808	0	7	0.858118413743027	-0.63452755933849	132	14
3714	3	-0.334036582665	0	7	0.858118413743027	-0.63452755933849	132	14
3716	2	-0.290696426002875	0	7	0.858118413743027	-0.63452755933849	132	14
3717	1	-0.0507123632302516	0	7	0.858118413743027	-0.63452755933849	132	14
3718	2	-0.243155699669493	0	7	0.858118413743027	-0.63452755933849	132	14
3720	1	0.300408015576672	0	7	0.858118413743027	-0.63452755933849	132	14
3725	10	0.484003211647802	0	7	0.858118413743027	-0.63452755933849	132	14
3726	10	0.32175038242609	0	7	0.858118413743027	-0.63452755933849	132	14
3727	4	0.382011634438303	0	7	0.858118413743027	-0.63452755933849	132	14
3728	4	0.333298121927686	0	7	0.858118413743027	-0.63452755933849	132	14
3730	2	-0.329411150220855	0	7	0.858118413743027	-0.63452755933849	132	14
3732	2	-0.0187309305570415	0	7	0.858118413743027	-0.63452755933849	132	14
3735	6	0.273385607180983	0	7	0.858118413743027	-0.63452755933849	132	14
3737	2	-0.0603398769721242	0	7	0.858118413743027	-0.63452755933849	132	14
3741	0	0.224609128883933	0	7	0.858118413743027	-0.63452755933849	132	14
3745	1	0.199496667661094	0	7	0.858118413743027	-0.63452755933849	132	14
3748	0	0.268343875229553	0	7	0.858118413743027	-0.63452755933849	132	14
3749	5	0.19546779374438	0	7	0.858118413743027	-0.63452755933849	132	14
3750	2	-0.183499058614015	0	7	0.858118413743027	-0.63452755933849	132	14
3752	1	0.279144022113198	0	7	0.858118413743027	-0.63452755933849	132	14
3754	0	0.117395861760936	0	7	0.858118413743027	-0.63452755933849	132	14
3756	2	-0.200323604405433	0	7	0.858118413743027	-0.63452755933849	132	14
3757	1	0.392718177611423	0	7	0.858118413743027	-0.63452755933849	132	14
3758	12	0.108052855099655	0	7	0.858118413743027	-0.63452755933849	132	14
3759	2	-0.186447998556532	0	7	0.858118413743027	-0.63452755933849	132	14
3760	3	0.262330393007589	0	7	0.858118413743027	-0.63452755933849	132	14
3762	1	-0.385985270629886	0	7	0.858118413743027	-0.63452755933849	132	14
3764	2	-0.453009134981268	0	7	0.858118413743027	-0.63452755933849	132	14
3766	12	0.419926617688658	0	7	0.858118413743027	-0.63452755933849	132	14
3769	0	-0.1529225436756	0	7	0.858118413743027	-0.63452755933849	132	14
3770	4	-0.455636035439443	0	7	0.858118413743027	-0.63452755933849	132	14
3772	3	0.28694094974371	0	7	0.858118413743027	-0.63452755933849	132	14
3773	8	-0.0494048745268828	0	7	0.858118413743027	-0.63452755933849	132	14
3775	1	-0.102587238419654	0	7	0.858118413743027	-0.63452755933849	132	14
3776	2	-0.0447359196501334	0	7	0.858118413743027	-0.63452755933849	132	14
3777	3	-0.175654372343225	0	7	0.858118413743027	-0.63452755933849	132	14
3778	2	-0.255616736905421	0	7	0.858118413743027	-0.63452755933849	132	14
3779	1	-0.31592677979386	0	7	0.858118413743027	-0.63452755933849	132	14
3781	0	-0.112260750711409	0	7	0.858118413743027	-0.63452755933849	132	14
3782	2	-0.325934331373679	0	7	0.858118413743027	-0.63452755933849	132	14
3783	2	-0.306689948237924	0	7	0.858118413743027	-0.63452755933849	132	14
3784	0	0.316254647288527	0	7	0.858118413743027	-0.63452755933849	132	14
3785	1	-0.147162991579534	0	7	0.858118413743027	-0.63452755933849	132	14
3786	1	-0.0910474704046408	0	7	0.858118413743027	-0.63452755933849	132	14
3787	0	0.0481416492524346	0	7	0.858118413743027	-0.63452755933849	132	14
3790	0	0.00612771959411596	0	7	0.858118413743027	-0.63452755933849	132	14
3791	9	0.239366658128901	0	7	0.858118413743027	-0.63452755933849	132	14
3792	3	0.0212714100538857	0	7	0.858118413743027	-0.63452755933849	132	14
3795	3	0.420039536986676	0	7	0.858118413743027	-0.63452755933849	132	14
3796	1	0.302109591554185	0	7	0.858118413743027	-0.63452755933849	132	14
3797	3	-0.216503992645235	0	7	0.858118413743027	-0.63452755933849	132	14
3798	2	-0.234931523393711	0	7	0.858118413743027	-0.63452755933849	132	14
3799	1	0.179952725891375	0	7	0.858118413743027	-0.63452755933849	132	14
3800	2	-0.402139413602915	0	7	0.858118413743027	-0.63452755933849	132	14
3801	0	-0.00110130006822509	0	7	0.858118413743027	-0.63452755933849	132	14
3815	12	0.028037837175918	0	7	0.858118413743027	-0.63452755933849	132	14
3816	2	0.345965733164021	0	7	0.858118413743027	-0.63452755933849	132	14
3818	0	-0.105235714072698	0	7	0.858118413743027	-0.63452755933849	132	14
3820	2	0.143768086695587	0	7	0.858118413743027	-0.63452755933849	132	14
3824	10	0.266531143701509	0	7	0.858118413743027	-0.63452755933849	132	14
3827	12	0.346596840448072	0	7	0.858118413743027	-0.63452755933849	132	14
3831	3	-0.265795245476121	0	7	0.858118413743027	-0.63452755933849	132	14
3832	2	-0.487073747523724	0	7	0.858118413743027	-0.63452755933849	132	14
3835	4	0.441505792313572	0	7	0.858118413743027	-0.63452755933849	132	14
3836	7	-0.649373774625921	1	7	0.858118413743027	-0.63452755933849	132	14
3837	1	0.0461494340694762	0	7	0.858118413743027	-0.63452755933849	132	14
3838	2	-0.5184210295157	0	7	0.858118413743027	-0.63452755933849	132	14
3839	1	0.141100173742423	0	7	0.858118413743027	-0.63452755933849	132	14
3840	1	0.14074667597797	0	7	0.858118413743027	-0.63452755933849	132	14
3841	1	0.294082112973168	0	7	0.858118413743027	-0.63452755933849	132	14
3842	1	0.214997135992864	0	7	0.858118413743027	-0.63452755933849	132	14
3843	2	-0.0570661124479006	0	7	0.858118413743027	-0.63452755933849	132	14
3845	0	-0.177528205233241	0	7	0.858118413743027	-0.63452755933849	132	14
3855	2	-0.212341769146631	0	7	0.858118413743027	-0.63452755933849	132	14
3858	0	0.180293048639966	0	7	0.858118413743027	-0.63452755933849	132	14
3880	2	-0.287338305109739	0	7	0.858118413743027	-0.63452755933849	132	14
3895	1	0.242645603956038	0	7	0.858118413743027	-0.63452755933849	132	14
3897	2	-0.321933787796033	0	7	0.858118413743027	-0.63452755933849	132	14
3898	3	0.352545426074397	0	7	0.858118413743027	-0.63452755933849	132	14
3899	2	-0.414323122995745	0	7	0.858118413743027	-0.63452755933849	132	14
3902	2	0.0691816201682513	0	7	0.858118413743027	-0.63452755933849	132	14
3903	2	-0.395949793488211	0	7	0.858118413743027	-0.63452755933849	132	14
3908	1	-0.344455281061	0	7	0.858118413743027	-0.63452755933849	132	14
3909	2	-0.131935660882638	0	7	0.858118413743027	-0.63452755933849	132	14
3910	2	-0.27364830795071	0	7	0.858118413743027	-0.63452755933849	132	14
3912	2	-0.401093526502338	0	7	0.858118413743027	-0.63452755933849	132	14
3913	1	0.150055392370099	0	7	0.858118413743027	-0.63452755933849	132	14
3915	2	-0.398673686204187	0	7	0.858118413743027	-0.63452755933849	132	14
3916	4	0.354740845837324	0	7	0.858118413743027	-0.63452755933849	132	14
3918	2	-0.339922486078119	0	7	0.858118413743027	-0.63452755933849	132	14
3920	1	0.418455542074273	0	7	0.858118413743027	-0.63452755933849	132	14
3927	2	0.0337141993361024	0	7	0.858118413743027	-0.63452755933849	132	14
3929	3	0.354042754357436	0	7	0.858118413743027	-0.63452755933849	132	14
3930	2	-0.353404085305624	0	7	0.858118413743027	-0.63452755933849	132	14
3932	2	-0.32916763618577	0	7	0.858118413743027	-0.63452755933849	132	14
3934	2	-0.0885439775823261	0	7	0.858118413743027	-0.63452755933849	132	14
3936	2	-0.18108637835357	0	7	0.858118413743027	-0.63452755933849	132	14
3937	2	-0.271663610905582	0	7	0.858118413743027	-0.63452755933849	132	14
3945	3	0.296325429361063	0	7	0.858118413743027	-0.63452755933849	132	14
3949	0	-0.216773837936936	0	7	0.858118413743027	-0.63452755933849	132	14
3952	0	0.0326809144461289	0	7	0.858118413743027	-0.63452755933849	132	14
3954	0	-0.20257470654558	0	7	0.858118413743027	-0.63452755933849	132	14
3956	3	0.123778801389206	0	7	0.858118413743027	-0.63452755933849	132	14
3957	3	0.468331802206881	0	7	0.858118413743027	-0.63452755933849	132	14
3958	2	-0.255995262612705	0	7	0.858118413743027	-0.63452755933849	132	14
3959	1	0.257267065926816	0	7	0.858118413743027	-0.63452755933849	132	14
3960	0	-0.0266257954660442	0	7	0.858118413743027	-0.63452755933849	132	14
3964	1	0.210348764320731	0	7	0.858118413743027	-0.63452755933849	132	14
3973	0	0.205438698305333	0	7	0.858118413743027	-0.63452755933849	132	14
3975	0	0.207066963142078	0	7	0.858118413743027	-0.63452755933849	132	14
3976	2	-0.221784953245796	0	7	0.858118413743027	-0.63452755933849	132	14
3977	9	-0.0623070656683574	0	7	0.858118413743027	-0.63452755933849	132	14
3978	1	-0.43193341305393	0	7	0.858118413743027	-0.63452755933849	132	14
3980	0	0.0655175232245082	0	7	0.858118413743027	-0.63452755933849	132	14
3981	1	0.013853441575659	0	7	0.858118413743027	-0.63452755933849	132	14
3983	1	-0.461110320492645	0	7	0.858118413743027	-0.63452755933849	132	14
3984	3	-0.0783029226828546	0	7	0.858118413743027	-0.63452755933849	132	14
3990	1	-0.0567021220755731	0	7	0.858118413743027	-0.63452755933849	132	14
3991	1	0.527179807285003	0	7	0.858118413743027	-0.63452755933849	132	14
3993	3	0.29870281497482	0	7	0.858118413743027	-0.63452755933849	132	14
3995	0	0.172889371244074	0	7	0.858118413743027	-0.63452755933849	132	14
3996	0	0.301898577795377	0	7	0.858118413743027	-0.63452755933849	132	14
3998	1	0.197843326009746	0	7	0.858118413743027	-0.63452755933849	132	14
4000	2	-0.125214070422718	0	7	0.858118413743027	-0.63452755933849	132	14
4001	2	-0.111073932908202	0	7	0.858118413743027	-0.63452755933849	132	14
4004	10	0.346442754910399	0	7	0.858118413743027	-0.63452755933849	132	14
4005	2	0.18785584365274	0	7	0.858118413743027	-0.63452755933849	132	14
4007	3	-0.0699715153090427	0	7	0.858118413743027	-0.63452755933849	132	14
4008	0	0.0748920472528407	0	7	0.858118413743027	-0.63452755933849	132	14
4010	5	0.563734776488321	0	7	0.858118413743027	-0.63452755933849	132	14
4012	0	-0.0365655563476932	0	7	0.858118413743027	-0.63452755933849	132	14
4013	0	0.40018510413864	0	7	0.858118413743027	-0.63452755933849	132	14
4015	5	0.635737909566204	0	7	0.858118413743027	-0.63452755933849	132	14
4016	0	0.0292258867183609	0	7	0.858118413743027	-0.63452755933849	132	14
4017	2	-0.263743692367886	0	7	0.858118413743027	-0.63452755933849	132	14
4018	0	0.0867539777136323	0	7	0.858118413743027	-0.63452755933849	132	14
4023	1	0.392536318113295	0	7	0.858118413743027	-0.63452755933849	132	14
4026	1	-0.431793759512009	0	7	0.858118413743027	-0.63452755933849	132	14
4033	0	0.0504004854614863	0	7	0.858118413743027	-0.63452755933849	132	14
4034	0	0.17664747687243	0	7	0.858118413743027	-0.63452755933849	132	14
4035	2	-0.26375071039494	0	7	0.858118413743027	-0.63452755933849	132	14
4036	3	0.236362121597893	0	7	0.858118413743027	-0.63452755933849	132	14
4037	0	0.0592611472325138	0	7	0.858118413743027	-0.63452755933849	132	14
4038	0	0.0190233724316282	0	7	0.858118413743027	-0.63452755933849	132	14
4040	0	0.0575114123951015	0	7	0.858118413743027	-0.63452755933849	132	14
4041	3	0.0728005830036119	0	7	0.858118413743027	-0.63452755933849	132	14
4043	3	0.589294290442447	0	7	0.858118413743027	-0.63452755933849	132	14
4045	2	-0.112719624682442	0	7	0.858118413743027	-0.63452755933849	132	14
4046	2	-0.200322214426109	0	7	0.858118413743027	-0.63452755933849	132	14
4047	0	0.135818060344749	0	7	0.858118413743027	-0.63452755933849	132	14
4052	2	-0.463089740538923	0	7	0.858118413743027	-0.63452755933849	132	14
4053	2	-0.232977329958207	0	7	0.858118413743027	-0.63452755933849	132	14
4054	2	-0.184538739385925	0	7	0.858118413743027	-0.63452755933849	132	14
4055	4	0.404687996154735	0	7	0.858118413743027	-0.63452755933849	132	14
4056	4	0.507186479287801	0	7	0.858118413743027	-0.63452755933849	132	14
4057	2	-0.203995402627778	0	7	0.858118413743027	-0.63452755933849	132	14
4058	2	0.426620474558817	0	7	0.858118413743027	-0.63452755933849	132	14
4059	1	0.514999932319809	0	7	0.858118413743027	-0.63452755933849	132	14
4060	2	-0.505237147688342	0	7	0.858118413743027	-0.63452755933849	132	14
4061	14	0.145637724400047	0	7	0.858118413743027	-0.63452755933849	132	14
4063	2	-0.243664438364816	0	7	0.858118413743027	-0.63452755933849	132	14
4064	2	-0.291604056795877	0	7	0.858118413743027	-0.63452755933849	132	14
4066	0	0.0765884806420644	0	7	0.858118413743027	-0.63452755933849	132	14
4067	2	-0.115128803254929	0	7	0.858118413743027	-0.63452755933849	132	14
4068	2	-0.309080760560613	0	7	0.858118413743027	-0.63452755933849	132	14
4069	2	-0.103343153315468	0	7	0.858118413743027	-0.63452755933849	132	14
4070	2	-0.0438912266165897	0	7	0.858118413743027	-0.63452755933849	132	14
4071	11	-0.216886150844955	0	7	0.858118413743027	-0.63452755933849	132	14
4072	8	-0.0219358684425655	0	7	0.858118413743027	-0.63452755933849	132	14
4074	2	-0.00742800917508291	0	7	0.858118413743027	-0.63452755933849	132	14
4076	0	0.307176672595202	0	7	0.858118413743027	-0.63452755933849	132	14
4077	4	0.50474520819419	0	7	0.858118413743027	-0.63452755933849	132	14
4082	2	-0.485144782244404	0	7	0.858118413743027	-0.63452755933849	132	14
4084	10	0.595514961900366	0	7	0.858118413743027	-0.63452755933849	132	14
4086	2	-0.190750475324592	0	7	0.858118413743027	-0.63452755933849	132	14
4087	1	0.0317147515440707	0	7	0.858118413743027	-0.63452755933849	132	14
4088	2	-0.102814364007212	0	7	0.858118413743027	-0.63452755933849	132	14
4089	1	0.194657047190607	0	7	0.858118413743027	-0.63452755933849	132	14
4090	1	0.283832965144926	0	7	0.858118413743027	-0.63452755933849	132	14
4091	9	0.075999993468898	0	7	0.858118413743027	-0.63452755933849	132	14
4092	1	-0.169348923951344	0	7	0.858118413743027	-0.63452755933849	132	14
4093	2	0.224491858147824	0	7	0.858118413743027	-0.63452755933849	132	14
4094	3	0.218307954101871	0	7	0.858118413743027	-0.63452755933849	132	14
4097	1	0.252404262340702	0	7	0.858118413743027	-0.63452755933849	132	14
4117	6	-0.519399067363204	0	7	0.858118413743027	-0.63452755933849	132	14
4118	12	0.0117539898840152	0	7	0.858118413743027	-0.63452755933849	132	14
4121	3	0.252058247390164	0	7	0.858118413743027	-0.63452755933849	132	14
4122	1	0.438939385794651	0	7	0.858118413743027	-0.63452755933849	132	14
4123	4	0.17063973079385	0	7	0.858118413743027	-0.63452755933849	132	14
4124	2	-0.241327479527601	0	7	0.858118413743027	-0.63452755933849	132	14
4125	2	-0.265050127740311	0	7	0.858118413743027	-0.63452755933849	132	14
4126	1	0.462193060701575	0	7	0.858118413743027	-0.63452755933849	132	14
4128	3	0.471570768571393	0	7	0.858118413743027	-0.63452755933849	132	14
4129	3	0.22233541527025	0	7	0.858118413743027	-0.63452755933849	132	14
4130	5	0.348543147471081	0	7	0.858118413743027	-0.63452755933849	132	14
4131	0	-0.249170815653977	0	7	0.858118413743027	-0.63452755933849	132	14
4133	3	0.0145107384294245	0	7	0.858118413743027	-0.63452755933849	132	14
4134	1	0.0751160939050955	0	7	0.858118413743027	-0.63452755933849	132	14
4137	3	0.552030872600285	0	7	0.858118413743027	-0.63452755933849	132	14
4139	1	0.378203712970897	0	7	0.858118413743027	-0.63452755933849	132	14
4140	6	-0.508052870569308	0	7	0.858118413743027	-0.63452755933849	132	14
4144	3	0.148796263599752	0	7	0.858118413743027	-0.63452755933849	132	14
4145	0	0.148757093159079	0	7	0.858118413743027	-0.63452755933849	132	14
4148	1	0.323205835224438	0	7	0.858118413743027	-0.63452755933849	132	14
4149	0	-0.035546377638018	0	7	0.858118413743027	-0.63452755933849	132	14
4150	0	0.0196116715175753	0	7	0.858118413743027	-0.63452755933849	132	14
4151	1	-0.143148803860613	0	7	0.858118413743027	-0.63452755933849	132	14
4152	1	0.328346663708701	0	7	0.858118413743027	-0.63452755933849	132	14
4154	2	-0.67792839395447	0	7	0.858118413743027	-0.63452755933849	132	14
4155	0	0.180359215856911	0	7	0.858118413743027	-0.63452755933849	132	14
4162	2	-0.428623123149383	0	7	0.858118413743027	-0.63452755933849	132	14
4163	1	0.302842876792531	0	7	0.858118413743027	-0.63452755933849	132	14
4168	0	-0.107064207158239	0	7	0.858118413743027	-0.63452755933849	132	14
4170	10	0.111240504541127	0	7	0.858118413743027	-0.63452755933849	132	14
4171	2	-0.260557889070835	0	7	0.858118413743027	-0.63452755933849	132	14
4172	2	-0.0114890270039247	0	7	0.858118413743027	-0.63452755933849	132	14
4173	2	0.280970627272959	0	7	0.858118413743027	-0.63452755933849	132	14
4174	2	-0.212805249552684	0	7	0.858118413743027	-0.63452755933849	132	14
4175	1	0.521884041365831	0	7	0.858118413743027	-0.63452755933849	132	14
4176	2	-0.397550365478233	0	7	0.858118413743027	-0.63452755933849	132	14
4179	1	0.0348159411259824	0	7	0.858118413743027	-0.63452755933849	132	14
4185	3	0.0315074020547049	0	7	0.858118413743027	-0.63452755933849	132	14
4188	1	-0.318218962251159	0	7	0.858118413743027	-0.63452755933849	132	14
4189	1	0.467602752065127	0	7	0.858118413743027	-0.63452755933849	132	14
4190	3	0.189629875871821	0	7	0.858118413743027	-0.63452755933849	132	14
4191	3	0.497171804035729	0	7	0.858118413743027	-0.63452755933849	132	14
4192	2	-0.292893937690262	0	7	0.858118413743027	-0.63452755933849	132	14
4193	2	-0.146229184021368	0	7	0.858118413743027	-0.63452755933849	132	14
4194	6	-0.523200306818248	0	7	0.858118413743027	-0.63452755933849	132	14
4199	1	0.236082291074115	0	7	0.858118413743027	-0.63452755933849	132	14
4200	2	-0.214811402198598	0	7	0.858118413743027	-0.63452755933849	132	14
4201	7	0.630511323300925	1	7	0.858118413743027	-0.63452755933849	132	14
4204	0	-0.0588743932251132	0	7	0.858118413743027	-0.63452755933849	132	14
4205	11	-0.515490436172241	0	7	0.858118413743027	-0.63452755933849	132	14
4208	3	-0.498157297227284	0	7	0.858118413743027	-0.63452755933849	132	14
4209	5	0.163066696224417	0	7	0.858118413743027	-0.63452755933849	132	14
4210	10	0.207417034867034	0	7	0.858118413743027	-0.63452755933849	132	14
4211	2	-0.4634297956116	0	7	0.858118413743027	-0.63452755933849	132	14
4212	9	-0.237531865434563	0	7	0.858118413743027	-0.63452755933849	132	14
4214	2	-0.34485725842958	0	7	0.858118413743027	-0.63452755933849	132	14
4215	1	0.169272244416574	0	7	0.858118413743027	-0.63452755933849	132	14
4216	0	-0.0267999243659798	0	7	0.858118413743027	-0.63452755933849	132	14
4217	2	-0.226831605392024	0	7	0.858118413743027	-0.63452755933849	132	14
4218	0	0.142058511441493	0	7	0.858118413743027	-0.63452755933849	132	14
4221	0	-0.179161015029109	0	7	0.858118413743027	-0.63452755933849	132	14
4222	1	-0.394056787290102	0	7	0.858118413743027	-0.63452755933849	132	14
4225	3	-0.358283742304129	0	7	0.858118413743027	-0.63452755933849	132	14
4232	2	-0.394220023479869	0	7	0.858118413743027	-0.63452755933849	132	14
4233	2	-0.197558776847608	0	7	0.858118413743027	-0.63452755933849	132	14
4234	3	0.639735718182252	0	7	0.858118413743027	-0.63452755933849	132	14
4236	0	0.05768805262319	0	7	0.858118413743027	-0.63452755933849	132	14
4237	2	-0.442969517556118	0	7	0.858118413743027	-0.63452755933849	132	14
4238	1	0.206017109008942	0	7	0.858118413743027	-0.63452755933849	132	14
4239	2	-0.438374359071974	0	7	0.858118413743027	-0.63452755933849	132	14
4240	2	-0.237726172782888	0	7	0.858118413743027	-0.63452755933849	132	14
4241	1	-0.244727068731726	0	7	0.858118413743027	-0.63452755933849	132	14
4242	3	-0.0162131462835367	0	7	0.858118413743027	-0.63452755933849	132	14
4245	0	-0.152244665204054	0	7	0.858118413743027	-0.63452755933849	132	14
4247	0	-0.0472019523419319	0	7	0.858118413743027	-0.63452755933849	132	14
4248	4	-0.233476990041217	0	7	0.858118413743027	-0.63452755933849	132	14
4249	5	0.432368342753121	0	7	0.858118413743027	-0.63452755933849	132	14
4253	3	0.0174701200776119	0	7	0.858118413743027	-0.63452755933849	132	14
4254	2	-0.195710271811467	0	7	0.858118413743027	-0.63452755933849	132	14
4255	4	0.705431125457383	0	7	0.858118413743027	-0.63452755933849	132	14
4256	13	0.0708089564131399	0	7	0.858118413743027	-0.63452755933849	132	14
4258	1	0.406041785232621	0	7	0.858118413743027	-0.63452755933849	132	14
4261	1	-0.454033348520963	0	7	0.858118413743027	-0.63452755933849	132	14
4281	2	-0.394853778466332	0	7	0.858118413743027	-0.63452755933849	132	14
4283	0	0.132906621957955	0	7	0.858118413743027	-0.63452755933849	132	14
4285	3	0.11086575505601	0	7	0.858118413743027	-0.63452755933849	132	14
4286	9	-0.0714769310690744	0	7	0.858118413743027	-0.63452755933849	132	14
4287	3	0.00761529123637077	0	7	0.858118413743027	-0.63452755933849	132	14
4288	2	-0.339636473230049	0	7	0.858118413743027	-0.63452755933849	132	14
4289	4	-0.5299111918778	0	7	0.858118413743027	-0.63452755933849	132	14
4291	3	0.281493804060812	0	7	0.858118413743027	-0.63452755933849	132	14
4292	0	-0.0641999649974822	0	7	0.858118413743027	-0.63452755933849	132	14
4293	1	-0.0432585325726384	0	7	0.858118413743027	-0.63452755933849	132	14
4294	0	0.283573283994467	0	7	0.858118413743027	-0.63452755933849	132	14
4296	11	-0.223034048833536	0	7	0.858118413743027	-0.63452755933849	132	14
4297	3	-0.503942470987807	0	7	0.858118413743027	-0.63452755933849	132	14
4298	0	0.249540022743978	0	7	0.858118413743027	-0.63452755933849	132	14
4299	3	0.291570649021428	0	7	0.858118413743027	-0.63452755933849	132	14
4300	1	0.228944380003138	0	7	0.858118413743027	-0.63452755933849	132	14
4301	3	-0.467063390492552	0	7	0.858118413743027	-0.63452755933849	132	14
4303	5	0.523606373294542	0	7	0.858118413743027	-0.63452755933849	132	14
4306	1	0.277718249467671	0	7	0.858118413743027	-0.63452755933849	132	14
4311	1	0.38759133418817	0	7	0.858118413743027	-0.63452755933849	132	14
4312	0	-0.156732403618762	0	7	0.858118413743027	-0.63452755933849	132	14
4313	2	-0.382423039439381	0	7	0.858118413743027	-0.63452755933849	132	14
4314	0	-0.275224274222622	0	7	0.858118413743027	-0.63452755933849	132	14
4316	2	-0.434661039800588	0	7	0.858118413743027	-0.63452755933849	132	14
4318	2	-0.106092880993955	0	7	0.858118413743027	-0.63452755933849	132	14
4320	1	-0.388643374096789	0	7	0.858118413743027	-0.63452755933849	132	14
4321	0	-0.238200650833936	0	7	0.858118413743027	-0.63452755933849	132	14
4322	4	-0.213671243154784	0	7	0.858118413743027	-0.63452755933849	132	14
4323	2	-0.138653920844453	0	7	0.858118413743027	-0.63452755933849	132	14
4324	4	0.259702397776278	0	7	0.858118413743027	-0.63452755933849	132	14
4326	0	-0.234267734062569	0	7	0.858118413743027	-0.63452755933849	132	14
4327	2	-0.458144531441478	0	7	0.858118413743027	-0.63452755933849	132	14
4329	3	0.421545443836739	0	7	0.858118413743027	-0.63452755933849	132	14
4330	3	-0.463612923133559	0	7	0.858118413743027	-0.63452755933849	132	14
4331	1	0.449000464408413	0	7	0.858118413743027	-0.63452755933849	132	14
4332	10	0.267384755725026	0	7	0.858118413743027	-0.63452755933849	132	14
4335	3	0.128532443699472	0	7	0.858118413743027	-0.63452755933849	132	14
4337	3	0.497460943583211	0	7	0.858118413743027	-0.63452755933849	132	14
4338	1	0.226395126551427	0	7	0.858118413743027	-0.63452755933849	132	14
4345	1	0.39885625594778	0	7	0.858118413743027	-0.63452755933849	132	14
4350	13	0.121308535891519	0	7	0.858118413743027	-0.63452755933849	132	14
4351	3	0.425304594112806	0	7	0.858118413743027	-0.63452755933849	132	14
4352	1	-0.0635873961444292	0	7	0.858118413743027	-0.63452755933849	132	14
4354	3	0.228141828381665	0	7	0.858118413743027	-0.63452755933849	132	14
4355	0	0.149371726666202	0	7	0.858118413743027	-0.63452755933849	132	14
4356	2	0.228756247718396	0	7	0.858118413743027	-0.63452755933849	132	14
4357	3	0.368336342229302	0	7	0.858118413743027	-0.63452755933849	132	14
4358	1	0.0444104429489551	0	7	0.858118413743027	-0.63452755933849	132	14
4359	0	0.225122220030475	0	7	0.858118413743027	-0.63452755933849	132	14
4360	2	-0.365739607501549	0	7	0.858118413743027	-0.63452755933849	132	14
4361	3	-0.189014219852752	0	7	0.858118413743027	-0.63452755933849	132	14
4363	3	-0.120045909147309	0	7	0.858118413743027	-0.63452755933849	132	14
4430	1	0.237813626975739	0	7	0.858118413743027	-0.63452755933849	132	14
4436	2	-0.469108576095938	0	7	0.858118413743027	-0.63452755933849	132	14
4437	3	0.234355793441771	0	7	0.858118413743027	-0.63452755933849	132	14
4440	0	0.0765188721113201	0	7	0.858118413743027	-0.63452755933849	132	14
4478	2	-0.521343432957379	0	7	0.858118413743027	-0.63452755933849	132	14
4481	2	-0.423213080513051	0	7	0.858118413743027	-0.63452755933849	132	14
4482	3	0.342445425667513	0	7	0.858118413743027	-0.63452755933849	132	14
4485	3	0.317976788565888	0	7	0.858118413743027	-0.63452755933849	132	14
4486	1	-0.253541062779658	0	7	0.858118413743027	-0.63452755933849	132	14
4487	11	-0.178912473193588	0	7	0.858118413743027	-0.63452755933849	132	14
4494	3	0.630198558028978	0	7	0.858118413743027	-0.63452755933849	132	14
4495	3	0.559652050859263	0	7	0.858118413743027	-0.63452755933849	132	14
4499	0	0.430436109297553	0	7	0.858118413743027	-0.63452755933849	132	14
4501	3	0.43439599179952	0	7	0.858118413743027	-0.63452755933849	132	14
4502	3	0.42762263570102	0	7	0.858118413743027	-0.63452755933849	132	14
4507	0	0.00110479641565858	0	7	0.858118413743027	-0.63452755933849	132	14
4520	1	0.01519329164951	0	7	0.858118413743027	-0.63452755933849	132	14
4521	2	0.149585376603817	0	7	0.858118413743027	-0.63452755933849	132	14
4522	3	0.248515060823898	0	7	0.858118413743027	-0.63452755933849	132	14
4524	1	0.0329742241069144	0	7	0.858118413743027	-0.63452755933849	132	14
4528	3	0.266462663331923	0	7	0.858118413743027	-0.63452755933849	132	14
4534	1	0.118820644674245	0	7	0.858118413743027	-0.63452755933849	132	14
4542	2	0.0683109183952694	0	7	0.858118413743027	-0.63452755933849	132	14
4543	0	0.165209519338996	0	7	0.858118413743027	-0.63452755933849	132	14
4547	3	0.393527195937831	0	7	0.858118413743027	-0.63452755933849	132	14
4548	2	-0.319835564077802	0	7	0.858118413743027	-0.63452755933849	132	14
4552	3	0.468717964586123	0	7	0.858118413743027	-0.63452755933849	132	14
4582	2	-0.0204636837940842	0	7	0.858118413743027	-0.63452755933849	132	14
4585	0	0.186171741736538	0	7	0.858118413743027	-0.63452755933849	132	14
4588	3	-0.208219825250058	0	7	0.858118413743027	-0.63452755933849	132	14
4591	2	-0.465680187189514	0	7	0.858118413743027	-0.63452755933849	132	14
4593	2	-0.0361664665123662	0	7	0.858118413743027	-0.63452755933849	132	14
4594	3	0.531604688975364	0	7	0.858118413743027	-0.63452755933849	132	14
4595	0	-0.136652832622391	0	7	0.858118413743027	-0.63452755933849	132	14
4597	7	0.604523312833049	1	7	0.858118413743027	-0.63452755933849	132	14
4598	0	0.174550176216171	0	7	0.858118413743027	-0.63452755933849	132	14
4599	14	-0.28550403922902	0	7	0.858118413743027	-0.63452755933849	132	14
4600	14	-0.195878783935339	0	7	0.858118413743027	-0.63452755933849	132	14
4601	3	0.386325705693601	0	7	0.858118413743027	-0.63452755933849	132	14
4603	2	-0.295804408649552	0	7	0.858118413743027	-0.63452755933849	132	14
4604	0	-0.0786001917544081	0	7	0.858118413743027	-0.63452755933849	132	14
4605	1	-0.288930470734811	0	7	0.858118413743027	-0.63452755933849	132	14
4606	2	-0.231902522562633	0	7	0.858118413743027	-0.63452755933849	132	14
4608	1	0.315500792498244	0	7	0.858118413743027	-0.63452755933849	132	14
4609	2	-0.288637674688853	0	7	0.858118413743027	-0.63452755933849	132	14
4610	1	0.0273348560277453	0	7	0.858118413743027	-0.63452755933849	132	14
4613	0	0.283087850498951	0	7	0.858118413743027	-0.63452755933849	132	14
4615	2	0.012399907058856	0	7	0.858118413743027	-0.63452755933849	132	14
4616	1	0.412667953411008	0	7	0.858118413743027	-0.63452755933849	132	14
4619	0	-0.131648858597562	0	7	0.858118413743027	-0.63452755933849	132	14
4620	0	0.149142744188388	0	7	0.858118413743027	-0.63452755933849	132	14
4621	0	-0.136059267380277	0	7	0.858118413743027	-0.63452755933849	132	14
4622	0	0.0504685144409266	0	7	0.858118413743027	-0.63452755933849	132	14
4624	0	0.0600302618693544	0	7	0.858118413743027	-0.63452755933849	132	14
4625	0	-0.0921113561388127	0	7	0.858118413743027	-0.63452755933849	132	14
4626	0	0.183402691773952	0	7	0.858118413743027	-0.63452755933849	132	14
4627	1	0.0988143067202483	0	7	0.858118413743027	-0.63452755933849	132	14
4628	2	-0.478929636629291	0	7	0.858118413743027	-0.63452755933849	132	14
4629	2	-0.288906548789367	0	7	0.858118413743027	-0.63452755933849	132	14
4632	0	0.247329659982339	0	7	0.858118413743027	-0.63452755933849	132	14
4633	0	-0.117570586873384	0	7	0.858118413743027	-0.63452755933849	132	14
4634	4	0.61106457521764	0	7	0.858118413743027	-0.63452755933849	132	14
4636	3	0.530402275176643	0	7	0.858118413743027	-0.63452755933849	132	14
4637	4	0.484959712702569	0	7	0.858118413743027	-0.63452755933849	132	14
4638	0	-0.145889062565735	0	7	0.858118413743027	-0.63452755933849	132	14
4641	1	0.25171688622437	0	7	0.858118413743027	-0.63452755933849	132	14
4642	1	0.2369298367807	0	7	0.858118413743027	-0.63452755933849	132	14
4643	1	0.234285199185183	0	7	0.858118413743027	-0.63452755933849	132	14
4644	2	-0.419410632225644	0	7	0.858118413743027	-0.63452755933849	132	14
4646	3	-0.0665520024258563	0	7	0.858118413743027	-0.63452755933849	132	14
4647	3	0.429573747818738	0	7	0.858118413743027	-0.63452755933849	132	14
4649	0	-0.08616702794454	0	7	0.858118413743027	-0.63452755933849	132	14
4650	2	-0.301060810851105	0	7	0.858118413743027	-0.63452755933849	132	14
4651	2	-0.314349731748408	0	7	0.858118413743027	-0.63452755933849	132	14
4653	1	-0.140484850456355	0	7	0.858118413743027	-0.63452755933849	132	14
4659	2	-0.324226739523359	0	7	0.858118413743027	-0.63452755933849	132	14
4660	7	-0.651393683590382	1	7	0.858118413743027	-0.63452755933849	132	14
4664	0	-0.30178710924846	0	7	0.858118413743027	-0.63452755933849	132	14
4665	0	0.296853073055729	0	7	0.858118413743027	-0.63452755933849	132	14
4666	7	0.492562980324231	1	7	0.858118413743027	-0.63452755933849	132	14
4668	4	0.369403119934859	0	7	0.858118413743027	-0.63452755933849	132	14
4669	0	0.223602553809641	0	7	0.858118413743027	-0.63452755933849	132	14
4670	0	0.358114317444931	0	7	0.858118413743027	-0.63452755933849	132	14
4673	2	-0.414351651611745	0	7	0.858118413743027	-0.63452755933849	132	14
4674	1	0.480954188161603	0	7	0.858118413743027	-0.63452755933849	132	14
4675	3	-0.140080532531811	0	7	0.858118413743027	-0.63452755933849	132	14
4676	3	0.0722482505089323	0	7	0.858118413743027	-0.63452755933849	132	14
4677	3	0.287579829046425	0	7	0.858118413743027	-0.63452755933849	132	14
4678	2	-0.401875564792525	0	7	0.858118413743027	-0.63452755933849	132	14
4682	0	0.0790724895533069	0	7	0.858118413743027	-0.63452755933849	132	14
4683	0	-0.360519381296553	0	7	0.858118413743027	-0.63452755933849	132	14
4684	3	-0.415002859438546	0	7	0.858118413743027	-0.63452755933849	132	14
4686	4	-0.449031061378848	0	7	0.858118413743027	-0.63452755933849	132	14
4688	2	0.074461574561376	0	7	0.858118413743027	-0.63452755933849	132	14
4689	2	-0.147387151511694	0	7	0.858118413743027	-0.63452755933849	132	14
4690	2	-0.460043467405158	0	7	0.858118413743027	-0.63452755933849	132	14
4692	1	0.497172640281974	0	7	0.858118413743027	-0.63452755933849	132	14
4694	7	0.820938626484213	1	7	0.858118413743027	-0.63452755933849	132	14
4695	7	0.74442648428907	1	7	0.858118413743027	-0.63452755933849	132	14
4696	7	0.475519810169869	1	7	0.858118413743027	-0.63452755933849	132	14
4697	0	0.239677661021949	0	7	0.858118413743027	-0.63452755933849	132	14
4698	3	0.366948296337114	0	7	0.858118413743027	-0.63452755933849	132	14
4700	4	0.715611911058644	0	7	0.858118413743027	-0.63452755933849	132	14
4701	7	0.851023215620912	1	7	0.858118413743027	-0.63452755933849	132	14
4702	2	0.542951786930646	0	7	0.858118413743027	-0.63452755933849	132	14
4703	0	-0.119696842302724	0	7	0.858118413743027	-0.63452755933849	132	14
4704	3	0.459628428259387	0	7	0.858118413743027	-0.63452755933849	132	14
4705	3	-0.0242821924307707	0	7	0.858118413743027	-0.63452755933849	132	14
4706	4	0.741640402281768	0	7	0.858118413743027	-0.63452755933849	132	14
4707	0	0.315979213163579	0	7	0.858118413743027	-0.63452755933849	132	14
4708	7	0.523603174913002	1	7	0.858118413743027	-0.63452755933849	132	14
4709	7	0.716092590297604	1	7	0.858118413743027	-0.63452755933849	132	14
4710	7	0.75885809751971	1	7	0.858118413743027	-0.63452755933849	132	14
4711	3	0.602178401298406	0	7	0.858118413743027	-0.63452755933849	132	14
4712	4	0.532387203030453	0	7	0.858118413743027	-0.63452755933849	132	14
4713	4	0.730719828735741	0	7	0.858118413743027	-0.63452755933849	132	14
4717	7	0.874319673632021	1	7	0.858118413743027	-0.63452755933849	132	14
4719	3	0.325203224930036	0	7	0.858118413743027	-0.63452755933849	132	14
4720	3	0.388541772183543	0	7	0.858118413743027	-0.63452755933849	132	14
4722	3	0.470840026192242	0	7	0.858118413743027	-0.63452755933849	132	14
4723	3	0.448846189204262	0	7	0.858118413743027	-0.63452755933849	132	14
4724	7	0.538667580249378	1	7	0.858118413743027	-0.63452755933849	132	14
4726	4	0.759279798431764	0	7	0.858118413743027	-0.63452755933849	132	14
4733	1	0.263721637351801	0	7	0.858118413743027	-0.63452755933849	132	14
4734	0	-0.349606142543725	0	7	0.858118413743027	-0.63452755933849	132	14
4735	1	0.0914521052868694	0	7	0.858118413743027	-0.63452755933849	132	14
4738	7	0.36235889253837	1	7	0.858118413743027	-0.63452755933849	132	14
4739	1	0.117325399019435	0	7	0.858118413743027	-0.63452755933849	132	14
4741	2	-0.408471245310719	0	7	0.858118413743027	-0.63452755933849	132	14
4744	0	0.0518837177454005	0	7	0.858118413743027	-0.63452755933849	132	14
4745	1	-0.151337674536628	0	7	0.858118413743027	-0.63452755933849	132	14
4747	2	-0.429491647424489	0	7	0.858118413743027	-0.63452755933849	132	14
4750	5	0.146221590335942	0	7	0.858118413743027	-0.63452755933849	132	14
4752	0	-0.0298442518849979	0	7	0.858118413743027	-0.63452755933849	132	14
4756	1	0.282383381170093	0	7	0.858118413743027	-0.63452755933849	132	14
4763	3	-0.260293565825871	0	7	0.858118413743027	-0.63452755933849	132	14
4771	2	-0.336589805312326	0	7	0.858118413743027	-0.63452755933849	132	14
4772	0	0.0640264181788906	0	7	0.858118413743027	-0.63452755933849	132	14
4775	1	0.617821120356227	0	7	0.858118413743027	-0.63452755933849	132	14
4776	1	-0.313393556600844	0	7	0.858118413743027	-0.63452755933849	132	14
4778	0	0.33330247992804	0	7	0.858118413743027	-0.63452755933849	132	14
4779	1	0.425881697965543	0	7	0.858118413743027	-0.63452755933849	132	14
4780	1	-0.0705861329703072	0	7	0.858118413743027	-0.63452755933849	132	14
4781	8	-0.291617484128662	0	7	0.858118413743027	-0.63452755933849	132	14
4782	4	0.512561314501072	0	7	0.858118413743027	-0.63452755933849	132	14
4783	3	0.411432582442791	0	7	0.858118413743027	-0.63452755933849	132	14
4784	2	-0.289004681452454	0	7	0.858118413743027	-0.63452755933849	132	14
4790	0	-0.263389632418091	0	7	0.858118413743027	-0.63452755933849	132	14
4791	2	-0.130123583484773	0	7	0.858118413743027	-0.63452755933849	132	14
4792	1	0.249106319476021	0	7	0.858118413743027	-0.63452755933849	132	14
4793	0	0.0737290397310784	0	7	0.858118413743027	-0.63452755933849	132	14
4794	2	-0.0546274806645217	0	7	0.858118413743027	-0.63452755933849	132	14
4796	1	-0.170087121291731	0	7	0.858118413743027	-0.63452755933849	132	14
4798	0	0.197166055329181	0	7	0.858118413743027	-0.63452755933849	132	14
4799	0	-0.258784017000779	0	7	0.858118413743027	-0.63452755933849	132	14
4800	3	-0.34171608281728	0	7	0.858118413743027	-0.63452755933849	132	14
4801	0	-0.0443807367823512	0	7	0.858118413743027	-0.63452755933849	132	14
4802	3	0.0611327398319526	0	7	0.858118413743027	-0.63452755933849	132	14
4803	0	0.19833215678529	0	7	0.858118413743027	-0.63452755933849	132	14
4804	1	-0.043059569333023	0	7	0.858118413743027	-0.63452755933849	132	14
4809	4	0.585275570156231	0	7	0.858118413743027	-0.63452755933849	132	14
4811	1	-0.295841104107688	0	7	0.858118413743027	-0.63452755933849	132	14
4814	4	0.562035346209208	0	7	0.858118413743027	-0.63452755933849	132	14
4815	2	-0.010891315683531	0	7	0.858118413743027	-0.63452755933849	132	14
4817	3	0.464700102429305	0	7	0.858118413743027	-0.63452755933849	132	14
4818	10	0.37746185093348	0	7	0.858118413743027	-0.63452755933849	132	14
4820	6	-0.672723959340383	0	7	0.858118413743027	-0.63452755933849	132	14
4824	1	0.0631690694972707	0	7	0.858118413743027	-0.63452755933849	132	14
4826	0	0.27424539170476	0	7	0.858118413743027	-0.63452755933849	132	14
4828	1	0.0296417884328469	0	7	0.858118413743027	-0.63452755933849	132	14
4830	1	-0.0550108873950007	0	7	0.858118413743027	-0.63452755933849	132	14
4832	4	0.616636424582527	0	7	0.858118413743027	-0.63452755933849	132	14
4833	0	0.122224821772615	0	7	0.858118413743027	-0.63452755933849	132	14
4835	3	0.309431121645306	0	7	0.858118413743027	-0.63452755933849	132	14
4836	4	0.295027427435278	0	7	0.858118413743027	-0.63452755933849	132	14
4839	1	-0.258439733654465	0	7	0.858118413743027	-0.63452755933849	132	14
4841	2	-0.0671181702252989	0	7	0.858118413743027	-0.63452755933849	132	14
4842	1	-0.0591724635684123	0	7	0.858118413743027	-0.63452755933849	132	14
4843	2	-0.040689290195169	0	7	0.858118413743027	-0.63452755933849	132	14
4846	3	-0.32296119435979	0	7	0.858118413743027	-0.63452755933849	132	14
4848	3	-0.0248393112198344	0	7	0.858118413743027	-0.63452755933849	132	14
4849	0	0.0522744344794674	0	7	0.858118413743027	-0.63452755933849	132	14
4850	1	0.331502417787114	0	7	0.858118413743027	-0.63452755933849	132	14
4851	9	-0.0443752285827983	0	7	0.858118413743027	-0.63452755933849	132	14
4852	0	0.122759591910664	0	7	0.858118413743027	-0.63452755933849	132	14
4853	3	0.127686413489808	0	7	0.858118413743027	-0.63452755933849	132	14
4854	1	-0.221788156043293	0	7	0.858118413743027	-0.63452755933849	132	14
4855	11	-0.269042214203552	0	7	0.858118413743027	-0.63452755933849	132	14
4856	0	-0.0253866194663934	0	7	0.858118413743027	-0.63452755933849	132	14
4857	0	0.0818558336419241	0	7	0.858118413743027	-0.63452755933849	132	14
4858	3	-0.19832910809938	0	7	0.858118413743027	-0.63452755933849	132	14
4860	3	0.120888896398656	0	7	0.858118413743027	-0.63452755933849	132	14
4861	0	0.0497014826942936	0	7	0.858118413743027	-0.63452755933849	132	14
4862	0	0.111540219352805	0	7	0.858118413743027	-0.63452755933849	132	14
4863	0	0.267235954993358	0	7	0.858118413743027	-0.63452755933849	132	14
4864	2	-0.072287266464325	0	7	0.858118413743027	-0.63452755933849	132	14
4868	1	0.419633851252268	0	7	0.858118413743027	-0.63452755933849	132	14
4869	2	-0.227427562564405	0	7	0.858118413743027	-0.63452755933849	132	14
4881	1	0.424471409087524	0	7	0.858118413743027	-0.63452755933849	132	14
4882	1	0.272507977162879	0	7	0.858118413743027	-0.63452755933849	132	14
4883	1	0.274740223419144	0	7	0.858118413743027	-0.63452755933849	132	14
4884	0	0.0762085876661391	0	7	0.858118413743027	-0.63452755933849	132	14
4886	2	-0.226203727861224	0	7	0.858118413743027	-0.63452755933849	132	14
4889	2	-0.359987099682429	0	7	0.858118413743027	-0.63452755933849	132	14
4891	2	-0.15588466815585	0	7	0.858118413743027	-0.63452755933849	132	14
4892	0	0.187363091679393	0	7	0.858118413743027	-0.63452755933849	132	14
4893	2	-0.13073404054288	0	7	0.858118413743027	-0.63452755933849	132	14
4897	1	-0.110310416938705	0	7	0.858118413743027	-0.63452755933849	132	14
4900	1	0.383478617404026	0	7	0.858118413743027	-0.63452755933849	132	14
4901	0	0.160437827291793	0	7	0.858118413743027	-0.63452755933849	132	14
4902	0	0.133110481119845	0	7	0.858118413743027	-0.63452755933849	132	14
4907	2	-0.491268706748899	0	7	0.858118413743027	-0.63452755933849	132	14
4908	1	-0.134523335027057	0	7	0.858118413743027	-0.63452755933849	132	14
4913	4	0.4552086420956	0	7	0.858118413743027	-0.63452755933849	132	14
4914	1	-0.231046344514436	0	7	0.858118413743027	-0.63452755933849	132	14
4915	0	-0.0392062671844407	0	7	0.858118413743027	-0.63452755933849	132	14
4916	2	-0.253467581141083	0	7	0.858118413743027	-0.63452755933849	132	14
4917	0	-0.0722881362300763	0	7	0.858118413743027	-0.63452755933849	132	14
4919	2	-0.0919928707011769	0	7	0.858118413743027	-0.63452755933849	132	14
4920	2	-0.239860811565372	0	7	0.858118413743027	-0.63452755933849	132	14
4921	1	-0.317527695732006	0	7	0.858118413743027	-0.63452755933849	132	14
4923	0	0.3708626489184	0	7	0.858118413743027	-0.63452755933849	132	14
4924	4	0.400950127391441	0	7	0.858118413743027	-0.63452755933849	132	14
4925	1	0.184221109142207	0	7	0.858118413743027	-0.63452755933849	132	14
4926	0	0.193870739756478	0	7	0.858118413743027	-0.63452755933849	132	14
4927	2	-0.0128351361640682	0	7	0.858118413743027	-0.63452755933849	132	14
4928	0	0.0101457997494595	0	7	0.858118413743027	-0.63452755933849	132	14
4929	0	0.183491934597033	0	7	0.858118413743027	-0.63452755933849	132	14
4931	1	-0.447341177535013	0	7	0.858118413743027	-0.63452755933849	132	14
4935	1	-0.194364212730011	0	7	0.858118413743027	-0.63452755933849	132	14
4938	14	-0.00741788333880116	0	7	0.858118413743027	-0.63452755933849	132	14
4939	14	-0.180970762200347	0	7	0.858118413743027	-0.63452755933849	132	14
4940	14	-0.162848150071637	0	7	0.858118413743027	-0.63452755933849	132	14
4942	3	0.254098361890574	0	7	0.858118413743027	-0.63452755933849	132	14
4946	4	0.614309807251689	0	7	0.858118413743027	-0.63452755933849	132	14
4947	1	0.230867039744849	0	7	0.858118413743027	-0.63452755933849	132	14
4948	0	-0.123837211048913	0	7	0.858118413743027	-0.63452755933849	132	14
4952	5	0.359968972560701	0	7	0.858118413743027	-0.63452755933849	132	14
4953	1	0.367229092994559	0	7	0.858118413743027	-0.63452755933849	132	14
4957	2	-0.39638128899862	0	7	0.858118413743027	-0.63452755933849	132	14
4967	3	0.246655742261354	0	7	0.858118413743027	-0.63452755933849	132	14
4968	3	0.37611994845711	0	7	0.858118413743027	-0.63452755933849	132	14
4969	2	-0.430766479041984	0	7	0.858118413743027	-0.63452755933849	132	14
4973	2	-0.154569403046189	0	7	0.858118413743027	-0.63452755933849	132	14
4976	2	0.378949745828848	0	7	0.858118413743027	-0.63452755933849	132	14
4978	0	0.0739065127978971	0	7	0.858118413743027	-0.63452755933849	132	14
4982	2	-0.321521378114403	0	7	0.858118413743027	-0.63452755933849	132	14
4987	0	-0.00215155858030033	0	7	0.858118413743027	-0.63452755933849	132	14
4998	1	-0.240564945650885	0	7	0.858118413743027	-0.63452755933849	132	14
4999	1	-0.282447450843529	0	7	0.858118413743027	-0.63452755933849	132	14
5000	0	0.0617292569623879	0	7	0.858118413743027	-0.63452755933849	132	14
5001	0	-0.149168149890862	0	7	0.858118413743027	-0.63452755933849	132	14
5002	3	0.316334522719088	0	7	0.858118413743027	-0.63452755933849	132	14
5003	3	0.243624164737946	0	7	0.858118413743027	-0.63452755933849	132	14
5007	3	0.30234539418905	0	7	0.858118413743027	-0.63452755933849	132	14
5008	0	1.71803170455342e-05	0	7	0.858118413743027	-0.63452755933849	132	14
5010	1	0.150041192300367	0	7	0.858118413743027	-0.63452755933849	132	14
5016	1	-0.229257939331945	0	7	0.858118413743027	-0.63452755933849	132	14
5017	0	0.310792546300451	0	7	0.858118413743027	-0.63452755933849	132	14
5018	3	0.161545535932203	0	7	0.858118413743027	-0.63452755933849	132	14
5019	3	0.159766871204135	0	7	0.858118413743027	-0.63452755933849	132	14
5020	4	0.47593235109937	0	7	0.858118413743027	-0.63452755933849	132	14
5021	0	0.112027568512345	0	7	0.858118413743027	-0.63452755933849	132	14
5023	2	-0.0763843102390382	0	7	0.858118413743027	-0.63452755933849	132	14
5025	0	-0.127285931472962	0	7	0.858118413743027	-0.63452755933849	132	14
5026	2	-0.289160373033178	0	7	0.858118413743027	-0.63452755933849	132	14
5027	2	-0.0691567758666008	0	7	0.858118413743027	-0.63452755933849	132	14
5028	0	0.294220601006074	0	7	0.858118413743027	-0.63452755933849	132	14
5029	1	-0.314660210254732	0	7	0.858118413743027	-0.63452755933849	132	14
5031	1	-0.107002109720678	0	7	0.858118413743027	-0.63452755933849	132	14
5033	0	0.326176517966097	0	7	0.858118413743027	-0.63452755933849	132	14
5034	0	-0.226813944682556	0	7	0.858118413743027	-0.63452755933849	132	14
5036	0	-0.062096648614171	0	7	0.858118413743027	-0.63452755933849	132	14
5037	3	0.519455916731559	0	7	0.858118413743027	-0.63452755933849	132	14
5045	0	0.213832265009385	0	7	0.858118413743027	-0.63452755933849	132	14
5048	1	0.120956575713347	0	7	0.858118413743027	-0.63452755933849	132	14
5049	1	0.395230904715148	0	7	0.858118413743027	-0.63452755933849	132	14
5050	13	0.411959961064955	0	7	0.858118413743027	-0.63452755933849	132	14
5051	3	0.205911424566061	0	7	0.858118413743027	-0.63452755933849	132	14
5052	3	0.349813286994261	0	7	0.858118413743027	-0.63452755933849	132	14
5054	2	-0.314270778537514	0	7	0.858118413743027	-0.63452755933849	132	14
5058	1	0.425762693393965	0	7	0.858118413743027	-0.63452755933849	132	14
5062	2	-0.233483121953549	0	7	0.858118413743027	-0.63452755933849	132	14
5063	2	-0.416276857026545	0	7	0.858118413743027	-0.63452755933849	132	14
5064	0	-0.0936345293792287	0	7	0.858118413743027	-0.63452755933849	132	14
5066	1	0.130501899614218	0	7	0.858118413743027	-0.63452755933849	132	14
5069	2	-0.0986727182969963	0	7	0.858118413743027	-0.63452755933849	132	14
5071	2	0.426276767056176	0	7	0.858118413743027	-0.63452755933849	132	14
5073	0	0.00708213282347991	0	7	0.858118413743027	-0.63452755933849	132	14
5074	1	0.0411663376665097	0	7	0.858118413743027	-0.63452755933849	132	14
5076	8	0.000804448979596315	0	7	0.858118413743027	-0.63452755933849	132	14
5079	2	-0.328887441181127	0	7	0.858118413743027	-0.63452755933849	132	14
5080	1	0.284302985136758	0	7	0.858118413743027	-0.63452755933849	132	14
5082	0	0.0127416376232838	0	7	0.858118413743027	-0.63452755933849	132	14
5087	3	-0.291275656057696	0	7	0.858118413743027	-0.63452755933849	132	14
5090	1	0.145399806227944	0	7	0.858118413743027	-0.63452755933849	132	14
5091	3	0.455791433243114	0	7	0.858118413743027	-0.63452755933849	132	14
5092	3	0.674360082742332	0	7	0.858118413743027	-0.63452755933849	132	14
5093	6	0.0633961869002112	0	7	0.858118413743027	-0.63452755933849	132	14
5094	3	0.345998068360732	0	7	0.858118413743027	-0.63452755933849	132	14
5095	3	0.233055374550807	0	7	0.858118413743027	-0.63452755933849	132	14
5096	3	0.373096850247393	0	7	0.858118413743027	-0.63452755933849	132	14
5097	1	-0.312210479008567	0	7	0.858118413743027	-0.63452755933849	132	14
5099	2	-0.182280321333632	0	7	0.858118413743027	-0.63452755933849	132	14
5101	1	0.290704339465324	0	7	0.858118413743027	-0.63452755933849	132	14
5104	12	0.313822504439154	0	7	0.858118413743027	-0.63452755933849	132	14
5105	3	0.375149074618979	0	7	0.858118413743027	-0.63452755933849	132	14
5106	3	0.308150360398923	0	7	0.858118413743027	-0.63452755933849	132	14
5108	4	-0.459044333060867	0	7	0.858118413743027	-0.63452755933849	132	14
5110	1	0.014842173557058	0	7	0.858118413743027	-0.63452755933849	132	14
5111	0	0.0815022088720802	0	7	0.858118413743027	-0.63452755933849	132	14
5116	3	-0.240863564250085	0	7	0.858118413743027	-0.63452755933849	132	14
5118	2	-0.403424884227654	0	7	0.858118413743027	-0.63452755933849	132	14
5119	1	0.397684818154174	0	7	0.858118413743027	-0.63452755933849	132	14
5121	4	0.406716288652196	0	7	0.858118413743027	-0.63452755933849	132	14
5122	3	-0.103226306178275	0	7	0.858118413743027	-0.63452755933849	132	14
5125	0	-0.243010735113956	0	7	0.858118413743027	-0.63452755933849	132	14
5127	0	0.36082935141117	0	7	0.858118413743027	-0.63452755933849	132	14
5128	2	-0.0438466152794797	0	7	0.858118413743027	-0.63452755933849	132	14
5129	3	0.346778376194587	0	7	0.858118413743027	-0.63452755933849	132	14
5130	0	0.266082824292295	0	7	0.858118413743027	-0.63452755933849	132	14
5133	1	-0.143789501860547	0	7	0.858118413743027	-0.63452755933849	132	14
5134	5	0.456629608767476	0	7	0.858118413743027	-0.63452755933849	132	14
5136	2	-0.222027338563628	0	7	0.858118413743027	-0.63452755933849	132	14
5137	12	0.22875381623949	0	7	0.858118413743027	-0.63452755933849	132	14
5138	9	-0.0563736310372633	0	7	0.858118413743027	-0.63452755933849	132	14
5139	2	-0.132617382933255	0	7	0.858118413743027	-0.63452755933849	132	14
5140	0	0.0859014273020585	0	7	0.858118413743027	-0.63452755933849	132	14
5141	5	0.412889587759798	0	7	0.858118413743027	-0.63452755933849	132	14
5142	1	0.40013125348761	0	7	0.858118413743027	-0.63452755933849	132	14
5144	0	0.00239856597317802	0	7	0.858118413743027	-0.63452755933849	132	14
5147	1	0.183182596639993	0	7	0.858118413743027	-0.63452755933849	132	14
5148	1	-0.115895939646552	0	7	0.858118413743027	-0.63452755933849	132	14
5151	0	-0.175711828325578	0	7	0.858118413743027	-0.63452755933849	132	14
5152	2	-0.265544534639124	0	7	0.858118413743027	-0.63452755933849	132	14
5153	2	-0.0979812571662257	0	7	0.858118413743027	-0.63452755933849	132	14
5154	1	0.102323819829284	0	7	0.858118413743027	-0.63452755933849	132	14
5155	3	-0.389738950982124	0	7	0.858118413743027	-0.63452755933849	132	14
5156	1	-0.213223257210469	0	7	0.858118413743027	-0.63452755933849	132	14
5157	0	-0.0121731526861779	0	7	0.858118413743027	-0.63452755933849	132	14
5158	0	-0.0474086227665584	0	7	0.858118413743027	-0.63452755933849	132	14
5159	1	0.169173294848257	0	7	0.858118413743027	-0.63452755933849	132	14
5160	3	0.1545454131362	0	7	0.858118413743027	-0.63452755933849	132	14
5162	3	0.317442315505557	0	7	0.858118413743027	-0.63452755933849	132	14
5163	2	-0.0827766389894332	0	7	0.858118413743027	-0.63452755933849	132	14
5164	3	0.685182554168494	0	7	0.858118413743027	-0.63452755933849	132	14
5165	1	0.0306026589667758	0	7	0.858118413743027	-0.63452755933849	132	14
5166	1	0.346694239613299	0	7	0.858118413743027	-0.63452755933849	132	14
5167	1	-0.296971988709288	0	7	0.858118413743027	-0.63452755933849	132	14
5168	3	0.0735212438070821	0	7	0.858118413743027	-0.63452755933849	132	14
5170	2	-0.0510705771385326	0	7	0.858118413743027	-0.63452755933849	132	14
5172	2	0.397557475616754	0	7	0.858118413743027	-0.63452755933849	132	14
5175	3	-0.435029058965946	0	7	0.858118413743027	-0.63452755933849	132	14
5176	2	-0.390771936728906	0	7	0.858118413743027	-0.63452755933849	132	14
5184	3	0.490072854599578	0	7	0.858118413743027	-0.63452755933849	132	14
5188	3	0.352478643340191	0	7	0.858118413743027	-0.63452755933849	132	14
5189	0	-0.172111205746751	0	7	0.858118413743027	-0.63452755933849	132	14
5190	3	0.0801751580560598	0	7	0.858118413743027	-0.63452755933849	132	14
5191	2	0.254454213892891	0	7	0.858118413743027	-0.63452755933849	132	14
5192	0	-0.0390786381210956	0	7	0.858118413743027	-0.63452755933849	132	14
5193	1	0.23223726487425	0	7	0.858118413743027	-0.63452755933849	132	14
5194	2	-0.0869702919008591	0	7	0.858118413743027	-0.63452755933849	132	14
5195	0	0.314887195802002	0	7	0.858118413743027	-0.63452755933849	132	14
5196	0	0.299158497986109	0	7	0.858118413743027	-0.63452755933849	132	14
5198	2	-0.283194053225987	0	7	0.858118413743027	-0.63452755933849	132	14
5199	10	0.338814140544286	0	7	0.858118413743027	-0.63452755933849	132	14
5201	0	0.0214175462080984	0	7	0.858118413743027	-0.63452755933849	132	14
5202	4	0.504725678154262	0	7	0.858118413743027	-0.63452755933849	132	14
5203	0	0.104615425073273	0	7	0.858118413743027	-0.63452755933849	132	14
5204	13	0.359633093647757	0	7	0.858118413743027	-0.63452755933849	132	14
5207	0	0.0592180280721688	0	7	0.858118413743027	-0.63452755933849	132	14
5208	3	0.277295729582993	0	7	0.858118413743027	-0.63452755933849	132	14
5209	2	-0.170267914293232	0	7	0.858118413743027	-0.63452755933849	132	14
5210	1	-0.144005304413069	0	7	0.858118413743027	-0.63452755933849	132	14
5211	3	0.468972397879078	0	7	0.858118413743027	-0.63452755933849	132	14
5213	3	0.43146424003996	0	7	0.858118413743027	-0.63452755933849	132	14
5214	2	-0.4707336417764	0	7	0.858118413743027	-0.63452755933849	132	14
5216	13	0.103264176333752	0	7	0.858118413743027	-0.63452755933849	132	14
5217	1	0.234984186901024	0	7	0.858118413743027	-0.63452755933849	132	14
5218	3	0.403639604881163	0	7	0.858118413743027	-0.63452755933849	132	14
5224	0	0.451331404076826	0	7	0.858118413743027	-0.63452755933849	132	14
5226	4	0.359944166912532	0	7	0.858118413743027	-0.63452755933849	132	14
5228	0	-0.0775368302831897	0	7	0.858118413743027	-0.63452755933849	132	14
5229	0	0.0170975228059909	0	7	0.858118413743027	-0.63452755933849	132	14
5236	3	0.367014811216502	0	7	0.858118413743027	-0.63452755933849	132	14
5238	0	-0.2568836937528	0	7	0.858118413743027	-0.63452755933849	132	14
5239	1	-0.0295254226531459	0	7	0.858118413743027	-0.63452755933849	132	14
5241	5	0.3200397959842	0	7	0.858118413743027	-0.63452755933849	132	14
5243	8	-0.180515000377936	0	7	0.858118413743027	-0.63452755933849	132	14
5244	1	-0.231530130536874	0	7	0.858118413743027	-0.63452755933849	132	14
5245	3	0.459108311785438	0	7	0.858118413743027	-0.63452755933849	132	14
5250	3	0.217406021190004	0	7	0.858118413743027	-0.63452755933849	132	14
5251	3	-0.206403108443827	0	7	0.858118413743027	-0.63452755933849	132	14
5252	2	0.414716012735273	0	7	0.858118413743027	-0.63452755933849	132	14
5253	1	0.164556971840909	0	7	0.858118413743027	-0.63452755933849	132	14
5255	1	0.408405550037309	0	7	0.858118413743027	-0.63452755933849	132	14
5256	0	-0.104087769924559	0	7	0.858118413743027	-0.63452755933849	132	14
5257	1	0.135942404933091	0	7	0.858118413743027	-0.63452755933849	132	14
5260	0	0.0225820243286127	0	7	0.858118413743027	-0.63452755933849	132	14
5261	4	0.418178593773136	0	7	0.858118413743027	-0.63452755933849	132	14
5264	3	0.398713813932672	0	7	0.858118413743027	-0.63452755933849	132	14
5265	3	0.231525774052101	0	7	0.858118413743027	-0.63452755933849	132	14
5266	10	0.429503268326426	0	7	0.858118413743027	-0.63452755933849	132	14
5267	12	0.341010054278907	0	7	0.858118413743027	-0.63452755933849	132	14
5269	2	0.122036805958357	0	7	0.858118413743027	-0.63452755933849	132	14
5270	1	-0.281363700704436	0	7	0.858118413743027	-0.63452755933849	132	14
5271	2	-0.146684445358639	0	7	0.858118413743027	-0.63452755933849	132	14
5272	1	0.00329429095498524	0	7	0.858118413743027	-0.63452755933849	132	14
5274	1	0.232312878423099	0	7	0.858118413743027	-0.63452755933849	132	14
5277	0	-0.107487220864027	0	7	0.858118413743027	-0.63452755933849	132	14
5281	1	0.469898300568212	0	7	0.858118413743027	-0.63452755933849	132	14
5283	1	0.539506454676842	0	7	0.858118413743027	-0.63452755933849	132	14
5284	1	0.0048404501475299	0	7	0.858118413743027	-0.63452755933849	132	14
5286	11	-0.344617367271476	0	7	0.858118413743027	-0.63452755933849	132	14
5287	11	-0.381842168956019	0	7	0.858118413743027	-0.63452755933849	132	14
5288	12	0.136022669035092	0	7	0.858118413743027	-0.63452755933849	132	14
5289	5	0.222020161057569	0	7	0.858118413743027	-0.63452755933849	132	14
5290	1	0.101789224767304	0	7	0.858118413743027	-0.63452755933849	132	14
5291	1	0.370430239888405	0	7	0.858118413743027	-0.63452755933849	132	14
5292	2	0.108201577337816	0	7	0.858118413743027	-0.63452755933849	132	14
5293	2	-0.207465679038459	0	7	0.858118413743027	-0.63452755933849	132	14
5294	2	-0.217384398291121	0	7	0.858118413743027	-0.63452755933849	132	14
5295	2	-0.227877427048567	0	7	0.858118413743027	-0.63452755933849	132	14
5296	0	0.38561871058771	0	7	0.858118413743027	-0.63452755933849	132	14
5297	1	-0.0328126344362107	0	7	0.858118413743027	-0.63452755933849	132	14
5298	0	0.0167800687309919	0	7	0.858118413743027	-0.63452755933849	132	14
5300	4	0.667062429878075	0	7	0.858118413743027	-0.63452755933849	132	14
5303	0	0.423025806301573	0	7	0.858118413743027	-0.63452755933849	132	14
5305	9	0.0214834119456548	0	7	0.858118413743027	-0.63452755933849	132	14
5306	0	0.104905085788013	0	7	0.858118413743027	-0.63452755933849	132	14
5308	0	-0.181740395510368	0	7	0.858118413743027	-0.63452755933849	132	14
5311	2	-0.495701466886083	0	7	0.858118413743027	-0.63452755933849	132	14
5313	3	0.557883766297303	0	7	0.858118413743027	-0.63452755933849	132	14
5315	2	-0.282247858870668	0	7	0.858118413743027	-0.63452755933849	132	14
5316	1	0.425352759036959	0	7	0.858118413743027	-0.63452755933849	132	14
5317	0	-0.0680870078600272	0	7	0.858118413743027	-0.63452755933849	132	14
5318	3	0.0739245363743318	0	7	0.858118413743027	-0.63452755933849	132	14
5320	1	-0.260058295112055	0	7	0.858118413743027	-0.63452755933849	132	14
5321	2	-0.517464818519748	0	7	0.858118413743027	-0.63452755933849	132	14
5324	1	0.0519838428279421	0	7	0.858118413743027	-0.63452755933849	132	14
5325	0	0.0696910671821861	0	7	0.858118413743027	-0.63452755933849	132	14
5326	0	0.173326230070671	0	7	0.858118413743027	-0.63452755933849	132	14
5327	9	0.137121525571858	0	7	0.858118413743027	-0.63452755933849	132	14
5328	2	-0.342060206717914	0	7	0.858118413743027	-0.63452755933849	132	14
5329	2	-0.0147654549522427	0	7	0.858118413743027	-0.63452755933849	132	14
5330	2	-0.213396208870258	0	7	0.858118413743027	-0.63452755933849	132	14
5331	2	-0.0784919104795448	0	7	0.858118413743027	-0.63452755933849	132	14
5332	2	-0.335730695142137	0	7	0.858118413743027	-0.63452755933849	132	14
5333	1	0.373004724642271	0	7	0.858118413743027	-0.63452755933849	132	14
5334	3	0.173592084414509	0	7	0.858118413743027	-0.63452755933849	132	14
5335	3	-0.41901792701369	0	7	0.858118413743027	-0.63452755933849	132	14
5336	1	0.369494212097616	0	7	0.858118413743027	-0.63452755933849	132	14
5337	3	0.123736464158063	0	7	0.858118413743027	-0.63452755933849	132	14
5338	2	-0.0414386385270708	0	7	0.858118413743027	-0.63452755933849	132	14
5339	3	-0.107088357231715	0	7	0.858118413743027	-0.63452755933849	132	14
5340	3	0.275937418905057	0	7	0.858118413743027	-0.63452755933849	132	14
5341	2	-0.184435443743975	0	7	0.858118413743027	-0.63452755933849	132	14
5345	3	0.351744337206457	0	7	0.858118413743027	-0.63452755933849	132	14
5346	0	-0.132605206642403	0	7	0.858118413743027	-0.63452755933849	132	14
5347	2	-0.109871529446072	0	7	0.858118413743027	-0.63452755933849	132	14
5348	4	0.602710208957408	0	7	0.858118413743027	-0.63452755933849	132	14
5349	1	-0.0398892620127363	0	7	0.858118413743027	-0.63452755933849	132	14
5350	2	-0.356797794681169	0	7	0.858118413743027	-0.63452755933849	132	14
5351	3	0.306765374059837	0	7	0.858118413743027	-0.63452755933849	132	14
5352	2	-0.331936309707344	0	7	0.858118413743027	-0.63452755933849	132	14
5354	0	-0.0635063784039651	0	7	0.858118413743027	-0.63452755933849	132	14
5355	0	0.137162168300335	0	7	0.858118413743027	-0.63452755933849	132	14
5357	8	0.0556851300360212	0	7	0.858118413743027	-0.63452755933849	132	14
5358	1	0.303447691443854	0	7	0.858118413743027	-0.63452755933849	132	14
5359	14	-0.395578114510644	0	7	0.858118413743027	-0.63452755933849	132	14
5360	4	0.331611132675135	0	7	0.858118413743027	-0.63452755933849	132	14
5361	0	0.137127715700077	0	7	0.858118413743027	-0.63452755933849	132	14
5362	0	-0.00554767662716176	0	7	0.858118413743027	-0.63452755933849	132	14
5364	1	0.285659578509533	0	7	0.858118413743027	-0.63452755933849	132	14
5365	0	-0.0412349744864188	0	7	0.858118413743027	-0.63452755933849	132	14
5368	1	-0.403290916486368	0	7	0.858118413743027	-0.63452755933849	132	14
5371	1	-0.256632095374236	0	7	0.858118413743027	-0.63452755933849	132	14
5372	3	0.534071838329877	0	7	0.858118413743027	-0.63452755933849	132	14
5373	1	-0.298882836253335	0	7	0.858118413743027	-0.63452755933849	132	14
5376	2	-0.332830569495436	0	7	0.858118413743027	-0.63452755933849	132	14
5378	3	-0.13207552478384	0	7	0.858118413743027	-0.63452755933849	132	14
5393	0	-0.0892933339115376	0	7	0.858118413743027	-0.63452755933849	132	14
5394	1	-0.231981887093633	0	7	0.858118413743027	-0.63452755933849	132	14
5396	2	-0.248266677963033	0	7	0.858118413743027	-0.63452755933849	132	14
5411	3	-0.0176496084780428	0	7	0.858118413743027	-0.63452755933849	132	14
5412	1	0.366398213501584	0	7	0.858118413743027	-0.63452755933849	132	14
5414	0	-0.1019017089621	0	7	0.858118413743027	-0.63452755933849	132	14
5420	1	0.291594490706386	0	7	0.858118413743027	-0.63452755933849	132	14
5422	1	0.0276193207954746	0	7	0.858118413743027	-0.63452755933849	132	14
5423	0	0.192973747786463	0	7	0.858118413743027	-0.63452755933849	132	14
5424	0	-0.0788122959597495	0	7	0.858118413743027	-0.63452755933849	132	14
5425	4	0.22723291954579	0	7	0.858118413743027	-0.63452755933849	132	14
5426	2	-0.348815311970359	0	7	0.858118413743027	-0.63452755933849	132	14
5427	1	-0.472890298575254	0	7	0.858118413743027	-0.63452755933849	132	14
5428	0	0.174060036128021	0	7	0.858118413743027	-0.63452755933849	132	14
5429	1	-0.0119230320993728	0	7	0.858118413743027	-0.63452755933849	132	14
5430	5	0.170575909652401	0	7	0.858118413743027	-0.63452755933849	132	14
5431	4	-0.534919522714158	0	7	0.858118413743027	-0.63452755933849	132	14
5432	7	0.67602452338895	1	7	0.858118413743027	-0.63452755933849	132	14
5433	0	-0.0934090073883166	0	7	0.858118413743027	-0.63452755933849	132	14
5434	4	0.338121275348372	0	7	0.858118413743027	-0.63452755933849	132	14
5435	0	0.0665324102866548	0	7	0.858118413743027	-0.63452755933849	132	14
5436	7	0.718911909211576	1	7	0.858118413743027	-0.63452755933849	132	14
5437	4	0.589001758061137	0	7	0.858118413743027	-0.63452755933849	132	14
5438	4	0.688771251899679	0	7	0.858118413743027	-0.63452755933849	132	14
5439	7	0.651453735539506	1	7	0.858118413743027	-0.63452755933849	132	14
5440	1	0.450886834793803	0	7	0.858118413743027	-0.63452755933849	132	14
5441	2	0.390974188911595	0	7	0.858118413743027	-0.63452755933849	132	14
5445	1	-0.0528564226813604	0	7	0.858118413743027	-0.63452755933849	132	14
5446	3	0.108355845657197	0	7	0.858118413743027	-0.63452755933849	132	14
5450	2	-0.196608816301964	0	7	0.858118413743027	-0.63452755933849	132	14
5451	3	-0.200089518525288	0	7	0.858118413743027	-0.63452755933849	132	14
5452	2	-0.186139718278298	0	7	0.858118413743027	-0.63452755933849	132	14
5455	12	0.288922362584688	0	7	0.858118413743027	-0.63452755933849	132	14
5456	0	0.327151371688602	0	7	0.858118413743027	-0.63452755933849	132	14
5463	3	0.0205024317128918	0	7	0.858118413743027	-0.63452755933849	132	14
5464	0	0.113882294404278	0	7	0.858118413743027	-0.63452755933849	132	14
5465	3	0.197988405349219	0	7	0.858118413743027	-0.63452755933849	132	14
5467	0	0.255953948188848	0	7	0.858118413743027	-0.63452755933849	132	14
5468	0	-0.139269713915414	0	7	0.858118413743027	-0.63452755933849	132	14
5469	0	0.262306596005331	0	7	0.858118413743027	-0.63452755933849	132	14
5471	0	0.11512350330285	0	7	0.858118413743027	-0.63452755933849	132	14
5473	1	0.482658476127438	0	7	0.858118413743027	-0.63452755933849	132	14
5476	3	0.295574252212927	0	7	0.858118413743027	-0.63452755933849	132	14
5479	4	0.153868657251717	0	7	0.858118413743027	-0.63452755933849	132	14
5480	2	-0.159762984001329	0	7	0.858118413743027	-0.63452755933849	132	14
5481	3	-0.084352841906648	0	7	0.858118413743027	-0.63452755933849	132	14
5493	1	-0.363548183091664	0	7	0.858118413743027	-0.63452755933849	132	14
5494	1	-0.0136722195060533	0	7	0.858118413743027	-0.63452755933849	132	14
5495	4	-0.350656432809443	0	7	0.858118413743027	-0.63452755933849	132	14
5496	4	0.382026163176065	0	7	0.858118413743027	-0.63452755933849	132	14
5498	4	0.170487510466016	0	7	0.858118413743027	-0.63452755933849	132	14
5499	4	0.360301899229734	0	7	0.858118413743027	-0.63452755933849	132	14
5500	0	0.033675092786618	0	7	0.858118413743027	-0.63452755933849	132	14
5501	2	-0.110465862279126	0	7	0.858118413743027	-0.63452755933849	132	14
5502	1	0.09130621964891	0	7	0.858118413743027	-0.63452755933849	132	14
5504	1	0.159990554800529	0	7	0.858118413743027	-0.63452755933849	132	14
5506	0	0.130420684304429	0	7	0.858118413743027	-0.63452755933849	132	14
5507	2	-0.285947684796605	0	7	0.858118413743027	-0.63452755933849	132	14
5509	5	0.407872900656802	0	7	0.858118413743027	-0.63452755933849	132	14
5510	1	0.564508116875596	0	7	0.858118413743027	-0.63452755933849	132	14
5511	0	0.201100975472354	0	7	0.858118413743027	-0.63452755933849	132	14
5515	1	-0.00638478916340599	0	7	0.858118413743027	-0.63452755933849	132	14
5516	5	0.30984314356656	0	7	0.858118413743027	-0.63452755933849	132	14
5518	4	0.320448836926625	0	7	0.858118413743027	-0.63452755933849	132	14
5519	0	-0.375609898369059	0	7	0.858118413743027	-0.63452755933849	132	14
5520	0	-0.144945422751977	0	7	0.858118413743027	-0.63452755933849	132	14
5521	5	0.465864629640362	0	7	0.858118413743027	-0.63452755933849	132	14
5523	8	-0.080839825236575	0	7	0.858118413743027	-0.63452755933849	132	14
5524	0	-0.145803206230819	0	7	0.858118413743027	-0.63452755933849	132	14
5525	0	0.225205389594696	0	7	0.858118413743027	-0.63452755933849	132	14
5526	0	0.132027257002958	0	7	0.858118413743027	-0.63452755933849	132	14
5527	0	-0.332984969663436	0	7	0.858118413743027	-0.63452755933849	132	14
5528	4	0.201061696587815	0	7	0.858118413743027	-0.63452755933849	132	14
5530	2	-0.147964728180562	0	7	0.858118413743027	-0.63452755933849	132	14
5531	4	0.188170010928092	0	7	0.858118413743027	-0.63452755933849	132	14
5532	0	-0.0156375205238622	0	7	0.858118413743027	-0.63452755933849	132	14
5533	3	-0.201547932648146	0	7	0.858118413743027	-0.63452755933849	132	14
5534	0	0.159019369552358	0	7	0.858118413743027	-0.63452755933849	132	14
5536	0	0.476719510518119	0	7	0.858118413743027	-0.63452755933849	132	14
5537	2	0.677385313095427	0	7	0.858118413743027	-0.63452755933849	132	14
5538	0	0.0542775691695793	0	7	0.858118413743027	-0.63452755933849	132	14
5546	0	-0.163109444840145	0	7	0.858118413743027	-0.63452755933849	132	14
5547	2	-0.577736421445876	0	7	0.858118413743027	-0.63452755933849	132	14
5549	2	-0.262300751654158	0	7	0.858118413743027	-0.63452755933849	132	14
5550	1	0.099436810337699	0	7	0.858118413743027	-0.63452755933849	132	14
5551	10	0.287739770628603	0	7	0.858118413743027	-0.63452755933849	132	14
5552	2	-0.073328623300508	0	7	0.858118413743027	-0.63452755933849	132	14
5557	0	0.329812229636145	0	7	0.858118413743027	-0.63452755933849	132	14
5562	0	0.101170089643137	0	7	0.858118413743027	-0.63452755933849	132	14
5563	3	0.0199640922643873	0	7	0.858118413743027	-0.63452755933849	132	14
5564	3	0.371565146773474	0	7	0.858118413743027	-0.63452755933849	132	14
5566	4	0.504615838415253	0	7	0.858118413743027	-0.63452755933849	132	14
5567	1	0.424362348640239	0	7	0.858118413743027	-0.63452755933849	132	14
5569	0	0.117822309989766	0	7	0.858118413743027	-0.63452755933849	132	14
5571	4	0.489485045052127	0	7	0.858118413743027	-0.63452755933849	132	14
5573	1	0.294249685515297	0	7	0.858118413743027	-0.63452755933849	132	14
5575	0	-0.140768861589776	0	7	0.858118413743027	-0.63452755933849	132	14
5576	0	0.278588639674102	0	7	0.858118413743027	-0.63452755933849	132	14
5577	1	0.478493446854279	0	7	0.858118413743027	-0.63452755933849	132	14
5578	2	0.287851580351971	0	7	0.858118413743027	-0.63452755933849	132	14
5579	2	-0.282249315490547	0	7	0.858118413743027	-0.63452755933849	132	14
5580	4	0.174156670564783	0	7	0.858118413743027	-0.63452755933849	132	14
5581	2	0.141602609596262	0	7	0.858118413743027	-0.63452755933849	132	14
5583	11	-0.490614691714917	0	7	0.858118413743027	-0.63452755933849	132	14
5584	1	0.400533244458442	0	7	0.858118413743027	-0.63452755933849	132	14
5585	4	0.361328393603634	0	7	0.858118413743027	-0.63452755933849	132	14
5586	6	-0.193355257570674	0	7	0.858118413743027	-0.63452755933849	132	14
5587	5	0.563293263587197	0	7	0.858118413743027	-0.63452755933849	132	14
5588	2	-0.35094135037884	0	7	0.858118413743027	-0.63452755933849	132	14
5589	4	0.496160607845476	0	7	0.858118413743027	-0.63452755933849	132	14
5590	3	0.431632378842656	0	7	0.858118413743027	-0.63452755933849	132	14
5591	2	-0.646945920808411	0	7	0.858118413743027	-0.63452755933849	132	14
5592	1	0.334683568168265	0	7	0.858118413743027	-0.63452755933849	132	14
5593	1	0.0499798416304747	0	7	0.858118413743027	-0.63452755933849	132	14
5594	1	0.271396342897425	0	7	0.858118413743027	-0.63452755933849	132	14
5595	4	0.531801676507291	0	7	0.858118413743027	-0.63452755933849	132	14
5596	0	0.281800057701777	0	7	0.858118413743027	-0.63452755933849	132	14
5597	3	0.130714025015368	0	7	0.858118413743027	-0.63452755933849	132	14
5598	1	0.00912094406279794	0	7	0.858118413743027	-0.63452755933849	132	14
5599	0	-0.0383942175410543	0	7	0.858118413743027	-0.63452755933849	132	14
5600	3	-0.030185172546962	0	7	0.858118413743027	-0.63452755933849	132	14
5601	0	-0.162311101095297	0	7	0.858118413743027	-0.63452755933849	132	14
5602	1	0.177456251170387	0	7	0.858118413743027	-0.63452755933849	132	14
5603	1	-0.255912900825162	0	7	0.858118413743027	-0.63452755933849	132	14
5604	0	-0.13321229917543	0	7	0.858118413743027	-0.63452755933849	132	14
5605	0	0.34858215529394	0	7	0.858118413743027	-0.63452755933849	132	14
5607	0	0.272556450301222	0	7	0.858118413743027	-0.63452755933849	132	14
5608	1	-0.119810008241901	0	7	0.858118413743027	-0.63452755933849	132	14
5609	0	0.347579826611416	0	7	0.858118413743027	-0.63452755933849	132	14
5610	14	-0.0584009922351694	0	7	0.858118413743027	-0.63452755933849	132	14
5611	1	0.313662344111038	0	7	0.858118413743027	-0.63452755933849	132	14
5613	7	-0.771160207255458	1	7	0.858118413743027	-0.63452755933849	132	14
5618	3	0.37543927417779	0	7	0.858118413743027	-0.63452755933849	132	14
5621	3	0.373907051031351	0	7	0.858118413743027	-0.63452755933849	132	14
5624	3	0.488364182709511	0	7	0.858118413743027	-0.63452755933849	132	14
5627	2	-0.512265655935626	0	7	0.858118413743027	-0.63452755933849	132	14
5629	0	0.478869666395884	0	7	0.858118413743027	-0.63452755933849	132	14
5631	1	0.370808310326645	0	7	0.858118413743027	-0.63452755933849	132	14
5634	12	0.115315559418031	0	7	0.858118413743027	-0.63452755933849	132	14
5635	0	-0.10575479426478	0	7	0.858118413743027	-0.63452755933849	132	14
5636	2	0.0994073183708894	0	7	0.858118413743027	-0.63452755933849	132	14
5638	0	-0.0101908713918048	0	7	0.858118413743027	-0.63452755933849	132	14
5639	3	0.414858444240465	0	7	0.858118413743027	-0.63452755933849	132	14
5641	3	0.321771694892717	0	7	0.858118413743027	-0.63452755933849	132	14
5648	3	0.342633664208794	0	7	0.858118413743027	-0.63452755933849	132	14
5649	2	-0.168139498996384	0	7	0.858118413743027	-0.63452755933849	132	14
5650	1	0.434693284305392	0	7	0.858118413743027	-0.63452755933849	132	14
5652	3	0.154849870559051	0	7	0.858118413743027	-0.63452755933849	132	14
5653	1	0.37860728543193	0	7	0.858118413743027	-0.63452755933849	132	14
5654	1	0.425356417233357	0	7	0.858118413743027	-0.63452755933849	132	14
5662	1	0.0276169804636513	0	7	0.858118413743027	-0.63452755933849	132	14
5663	1	-0.19861432834017	0	7	0.858118413743027	-0.63452755933849	132	14
5664	1	0.158517873026171	0	7	0.858118413743027	-0.63452755933849	132	14
5672	3	-0.128776123975435	0	7	0.858118413743027	-0.63452755933849	132	14
5681	4	0.386180063622774	0	7	0.858118413743027	-0.63452755933849	132	14
5682	0	-0.13460043314623	0	7	0.858118413743027	-0.63452755933849	132	14
5683	0	0.453111245111361	0	7	0.858118413743027	-0.63452755933849	132	14
5684	0	0.0290757886319285	0	7	0.858118413743027	-0.63452755933849	132	14
5685	0	-0.129831241777985	0	7	0.858118413743027	-0.63452755933849	132	14
5686	3	0.43494987212753	0	7	0.858118413743027	-0.63452755933849	132	14
5688	4	0.144054380298276	0	7	0.858118413743027	-0.63452755933849	132	14
5689	7	0.648313814955954	1	7	0.858118413743027	-0.63452755933849	132	14
5690	1	0.592186614575223	0	7	0.858118413743027	-0.63452755933849	132	14
5691	4	0.526859810977129	0	7	0.858118413743027	-0.63452755933849	132	14
5692	0	0.0430334964628536	0	7	0.858118413743027	-0.63452755933849	132	14
5693	4	0.46372660472705	0	7	0.858118413743027	-0.63452755933849	132	14
5694	4	0.49241160884531	0	7	0.858118413743027	-0.63452755933849	132	14
5695	4	0.37850893363542	0	7	0.858118413743027	-0.63452755933849	132	14
5697	0	0.414792530574514	0	7	0.858118413743027	-0.63452755933849	132	14
5699	4	0.464659442982373	0	7	0.858118413743027	-0.63452755933849	132	14
5701	1	0.271182991136959	0	7	0.858118413743027	-0.63452755933849	132	14
5702	4	0.439285463768988	0	7	0.858118413743027	-0.63452755933849	132	14
5704	4	0.426532866041801	0	7	0.858118413743027	-0.63452755933849	132	14
5705	3	0.353107535345683	0	7	0.858118413743027	-0.63452755933849	132	14
5707	1	0.27011725891035	0	7	0.858118413743027	-0.63452755933849	132	14
5708	0	-0.0870070200473064	0	7	0.858118413743027	-0.63452755933849	132	14
5709	4	0.460333726118707	0	7	0.858118413743027	-0.63452755933849	132	14
5710	0	0.344971026109018	0	7	0.858118413743027	-0.63452755933849	132	14
5711	2	-0.256982502789892	0	7	0.858118413743027	-0.63452755933849	132	14
5713	0	-0.128142677355171	0	7	0.858118413743027	-0.63452755933849	132	14
5714	4	0.538508714516933	0	7	0.858118413743027	-0.63452755933849	132	14
5715	4	0.521201240929232	0	7	0.858118413743027	-0.63452755933849	132	14
5716	0	-0.146450572861987	0	7	0.858118413743027	-0.63452755933849	132	14
5717	3	0.0122956321528589	0	7	0.858118413743027	-0.63452755933849	132	14
5718	1	-0.0224916953112651	0	7	0.858118413743027	-0.63452755933849	132	14
5719	1	0.20920762991558	0	7	0.858118413743027	-0.63452755933849	132	14
5720	4	0.353238497079666	0	7	0.858118413743027	-0.63452755933849	132	14
5723	3	0.314415995501883	0	7	0.858118413743027	-0.63452755933849	132	14
5724	2	-0.0459261988888196	0	7	0.858118413743027	-0.63452755933849	132	14
5727	0	0.132958991141227	0	7	0.858118413743027	-0.63452755933849	132	14
5728	2	-0.41175043609408	0	7	0.858118413743027	-0.63452755933849	132	14
5729	2	-0.350168718239797	0	7	0.858118413743027	-0.63452755933849	132	14
5730	1	0.542418494630812	0	7	0.858118413743027	-0.63452755933849	132	14
5731	2	-0.170916042849301	0	7	0.858118413743027	-0.63452755933849	132	14
5732	2	-0.0358215014392869	0	7	0.858118413743027	-0.63452755933849	132	14
5733	12	0.252510475534376	0	7	0.858118413743027	-0.63452755933849	132	14
5734	5	0.20273408466443	0	7	0.858118413743027	-0.63452755933849	132	14
5737	12	0.164945838972131	0	7	0.858118413743027	-0.63452755933849	132	14
5739	1	-0.257958666971509	0	7	0.858118413743027	-0.63452755933849	132	14
5740	1	0.043860547769263	0	7	0.858118413743027	-0.63452755933849	132	14
5742	3	-0.450588616757765	0	7	0.858118413743027	-0.63452755933849	132	14
5743	10	0.352842236005336	0	7	0.858118413743027	-0.63452755933849	132	14
5744	1	0.0341880891865922	0	7	0.858118413743027	-0.63452755933849	132	14
5745	2	0.422552713255966	0	7	0.858118413743027	-0.63452755933849	132	14
5753	1	-0.0200270411466403	0	7	0.858118413743027	-0.63452755933849	132	14
5754	0	0.369237648798928	0	7	0.858118413743027	-0.63452755933849	132	14
5763	0	0.142218985185419	0	7	0.858118413743027	-0.63452755933849	132	14
5764	2	-0.452583654890486	0	7	0.858118413743027	-0.63452755933849	132	14
5770	2	-0.0468338420757189	0	7	0.858118413743027	-0.63452755933849	132	14
5771	2	-0.259576091214222	0	7	0.858118413743027	-0.63452755933849	132	14
5774	8	-0.11312350583714	0	7	0.858118413743027	-0.63452755933849	132	14
5775	3	0.198972679585056	0	7	0.858118413743027	-0.63452755933849	132	14
5777	2	0.117145669028748	0	7	0.858118413743027	-0.63452755933849	132	14
5778	1	0.232251561319043	0	7	0.858118413743027	-0.63452755933849	132	14
5780	1	0.00480512550583226	0	7	0.858118413743027	-0.63452755933849	132	14
5781	1	0.123311986873159	0	7	0.858118413743027	-0.63452755933849	132	14
5782	3	-0.504369427313999	0	7	0.858118413743027	-0.63452755933849	132	14
5783	1	0.27954440240013	0	7	0.858118413743027	-0.63452755933849	132	14
5784	1	0.298607710783539	0	7	0.858118413743027	-0.63452755933849	132	14
5786	1	0.407564794875822	0	7	0.858118413743027	-0.63452755933849	132	14
5787	9	-0.00210239238348898	0	7	0.858118413743027	-0.63452755933849	132	14
5788	2	-0.262989869837715	0	7	0.858118413743027	-0.63452755933849	132	14
5789	1	0.371654088710151	0	7	0.858118413743027	-0.63452755933849	132	14
5790	2	-0.267472013183194	0	7	0.858118413743027	-0.63452755933849	132	14
5791	2	-0.471928471426806	0	7	0.858118413743027	-0.63452755933849	132	14
5792	0	0.166076115769297	0	7	0.858118413743027	-0.63452755933849	132	14
5793	1	0.132837908822219	0	7	0.858118413743027	-0.63452755933849	132	14
5794	1	-0.35851318063285	0	7	0.858118413743027	-0.63452755933849	132	14
5796	2	-0.411468825729606	0	7	0.858118413743027	-0.63452755933849	132	14
5797	11	-0.349412104552829	0	7	0.858118413743027	-0.63452755933849	132	14
5799	5	0.479990235472696	0	7	0.858118413743027	-0.63452755933849	132	14
5800	1	0.409730042027517	0	7	0.858118413743027	-0.63452755933849	132	14
5802	1	0.0897072044752013	0	7	0.858118413743027	-0.63452755933849	132	14
5805	7	0.418170485625373	1	7	0.858118413743027	-0.63452755933849	132	14
5806	2	-0.31975677454203	0	7	0.858118413743027	-0.63452755933849	132	14
5810	0	-0.00795234684531484	0	7	0.858118413743027	-0.63452755933849	132	14
5813	0	0.2087934391815	0	7	0.858118413743027	-0.63452755933849	132	14
5816	12	0.460285045209956	0	7	0.858118413743027	-0.63452755933849	132	14
5817	1	0.321512679450478	0	7	0.858118413743027	-0.63452755933849	132	14
5818	1	0.0547415137209852	0	7	0.858118413743027	-0.63452755933849	132	14
5819	1	0.499768955333902	0	7	0.858118413743027	-0.63452755933849	132	14
5824	2	0.564631321934906	0	7	0.858118413743027	-0.63452755933849	132	14
5825	3	0.159043620800433	0	7	0.858118413743027	-0.63452755933849	132	14
5826	1	-0.44690194489454	0	7	0.858118413743027	-0.63452755933849	132	14
5827	3	0.501295054658694	0	7	0.858118413743027	-0.63452755933849	132	14
5828	1	-0.0315195443056969	0	7	0.858118413743027	-0.63452755933849	132	14
5829	0	0.0990342771755537	0	7	0.858118413743027	-0.63452755933849	132	14
5830	2	0.639218899284117	0	7	0.858118413743027	-0.63452755933849	132	14
5831	2	-0.134771887536697	0	7	0.858118413743027	-0.63452755933849	132	14
5832	2	-0.367285660424094	0	7	0.858118413743027	-0.63452755933849	132	14
5833	3	0.445159537793523	0	7	0.858118413743027	-0.63452755933849	132	14
5834	2	-0.082496787999191	0	7	0.858118413743027	-0.63452755933849	132	14
5836	2	0.0706373318375854	0	7	0.858118413743027	-0.63452755933849	132	14
5837	1	-0.144876755658464	0	7	0.858118413743027	-0.63452755933849	132	14
5858	3	-0.349454361521676	0	7	0.858118413743027	-0.63452755933849	132	14
5860	3	0.511983585125889	0	7	0.858118413743027	-0.63452755933849	132	14
5861	1	0.366250320223547	0	7	0.858118413743027	-0.63452755933849	132	14
5862	1	0.440825652027344	0	7	0.858118413743027	-0.63452755933849	132	14
5864	0	0.388695363327151	0	7	0.858118413743027	-0.63452755933849	132	14
5865	2	-0.217455550507867	0	7	0.858118413743027	-0.63452755933849	132	14
5866	7	0.580086793062106	1	7	0.858118413743027	-0.63452755933849	132	14
5868	1	0.292225155460219	0	7	0.858118413743027	-0.63452755933849	132	14
5869	1	0.112401118287551	0	7	0.858118413743027	-0.63452755933849	132	14
5871	1	0.0603045915743432	0	7	0.858118413743027	-0.63452755933849	132	14
5873	2	-0.0708386142824696	0	7	0.858118413743027	-0.63452755933849	132	14
5874	0	0.0990619561616283	0	7	0.858118413743027	-0.63452755933849	132	14
5875	4	0.422021651278284	0	7	0.858118413743027	-0.63452755933849	132	14
5877	4	0.561676797554265	0	7	0.858118413743027	-0.63452755933849	132	14
5878	4	0.506914606542753	0	7	0.858118413743027	-0.63452755933849	132	14
5879	1	0.361380938650865	0	7	0.858118413743027	-0.63452755933849	132	14
5880	2	0.193735265093809	0	7	0.858118413743027	-0.63452755933849	132	14
5881	0	0.490028199973514	0	7	0.858118413743027	-0.63452755933849	132	14
5883	0	0.181977712716707	0	7	0.858118413743027	-0.63452755933849	132	14
5884	1	0.218685622918615	0	7	0.858118413743027	-0.63452755933849	132	14
5886	4	0.413670836555498	0	7	0.858118413743027	-0.63452755933849	132	14
5887	2	0.293936842418941	0	7	0.858118413743027	-0.63452755933849	132	14
5889	1	0.248383447269686	0	7	0.858118413743027	-0.63452755933849	132	14
5890	3	-0.279258019792108	0	7	0.858118413743027	-0.63452755933849	132	14
5891	0	0.064489297026137	0	7	0.858118413743027	-0.63452755933849	132	14
5892	1	-0.324023310535647	0	7	0.858118413743027	-0.63452755933849	132	14
5894	2	-0.0172011334657459	0	7	0.858118413743027	-0.63452755933849	132	14
5896	0	0.0408810530441833	0	7	0.858118413743027	-0.63452755933849	132	14
5898	1	0.272447171070379	0	7	0.858118413743027	-0.63452755933849	132	14
5899	0	-0.196625413797109	0	7	0.858118413743027	-0.63452755933849	132	14
5900	3	-0.255096365213766	0	7	0.858118413743027	-0.63452755933849	132	14
5901	0	0.403547460828311	0	7	0.858118413743027	-0.63452755933849	132	14
5902	0	0.177927896207413	0	7	0.858118413743027	-0.63452755933849	132	14
5903	4	-0.533591826789208	0	7	0.858118413743027	-0.63452755933849	132	14
5905	1	0.265545318872483	0	7	0.858118413743027	-0.63452755933849	132	14
5906	2	-0.491286821534796	0	7	0.858118413743027	-0.63452755933849	132	14
5909	0	0.249940736979582	0	7	0.858118413743027	-0.63452755933849	132	14
5910	0	-0.269959295513421	0	7	0.858118413743027	-0.63452755933849	132	14
5911	0	-0.0986129243711186	0	7	0.858118413743027	-0.63452755933849	132	14
5912	2	-0.275978552458592	0	7	0.858118413743027	-0.63452755933849	132	14
5913	1	-0.151191965322634	0	7	0.858118413743027	-0.63452755933849	132	14
5914	0	0.355723438295974	0	7	0.858118413743027	-0.63452755933849	132	14
5915	0	0.17260776914781	0	7	0.858118413743027	-0.63452755933849	132	14
5916	0	-0.0579604471524716	0	7	0.858118413743027	-0.63452755933849	132	14
5917	2	-0.444119409059759	0	7	0.858118413743027	-0.63452755933849	132	14
5918	2	-0.394233094640143	0	7	0.858118413743027	-0.63452755933849	132	14
5919	4	0.619780447302274	0	7	0.858118413743027	-0.63452755933849	132	14
5920	4	0.401743367029674	0	7	0.858118413743027	-0.63452755933849	132	14
5921	6	-0.676176778309968	0	7	0.858118413743027	-0.63452755933849	132	14
5922	3	-0.461199566848138	0	7	0.858118413743027	-0.63452755933849	132	14
5923	1	-0.060252769546468	0	7	0.858118413743027	-0.63452755933849	132	14
5925	2	-0.452506556462711	0	7	0.858118413743027	-0.63452755933849	132	14
5926	4	-0.373088594656033	0	7	0.858118413743027	-0.63452755933849	132	14
5927	3	-0.386288407180804	0	7	0.858118413743027	-0.63452755933849	132	14
5929	1	0.28201060424653	0	7	0.858118413743027	-0.63452755933849	132	14
5930	4	-0.330895953509059	0	7	0.858118413743027	-0.63452755933849	132	14
5931	0	-0.109298415836052	0	7	0.858118413743027	-0.63452755933849	132	14
5933	2	-0.235398190010256	0	7	0.858118413743027	-0.63452755933849	132	14
5934	1	0.109702123932159	0	7	0.858118413743027	-0.63452755933849	132	14
5935	0	-0.243365498284194	0	7	0.858118413743027	-0.63452755933849	132	14
5939	1	0.462866539058733	0	7	0.858118413743027	-0.63452755933849	132	14
5947	2	-0.144506009894019	0	7	0.858118413743027	-0.63452755933849	132	14
5950	2	0.447636277098882	0	7	0.858118413743027	-0.63452755933849	132	14
5955	1	0.130974739218326	0	7	0.858118413743027	-0.63452755933849	132	14
5961	0	0.00846642838630103	0	7	0.858118413743027	-0.63452755933849	132	14
5962	1	0.346971160154419	0	7	0.858118413743027	-0.63452755933849	132	14
5965	2	-0.272409813781555	0	7	0.858118413743027	-0.63452755933849	132	14
5966	4	-0.336706542490847	0	7	0.858118413743027	-0.63452755933849	132	14
5967	1	-0.174838834848987	0	7	0.858118413743027	-0.63452755933849	132	14
5970	0	0.260786368112524	0	7	0.858118413743027	-0.63452755933849	132	14
5971	2	-0.119182898080304	0	7	0.858118413743027	-0.63452755933849	132	14
5972	0	-0.152575209358465	0	7	0.858118413743027	-0.63452755933849	132	14
5973	3	0.223415073527716	0	7	0.858118413743027	-0.63452755933849	132	14
5976	1	0.394674553204611	0	7	0.858118413743027	-0.63452755933849	132	14
5977	4	0.362154363421218	0	7	0.858118413743027	-0.63452755933849	132	14
5978	0	-0.113475966774993	0	7	0.858118413743027	-0.63452755933849	132	14
5979	2	-0.399882015974547	0	7	0.858118413743027	-0.63452755933849	132	14
5980	1	-0.557485128570999	0	7	0.858118413743027	-0.63452755933849	132	14
5981	5	0.594223637898429	0	7	0.858118413743027	-0.63452755933849	132	14
5982	2	0.0492841207125636	0	7	0.858118413743027	-0.63452755933849	132	14
5983	2	-0.135943278602417	0	7	0.858118413743027	-0.63452755933849	132	14
5984	2	-0.253031133463991	0	7	0.858118413743027	-0.63452755933849	132	14
5985	1	-0.129938477718288	0	7	0.858118413743027	-0.63452755933849	132	14
5986	4	0.123575018809728	0	7	0.858118413743027	-0.63452755933849	132	14
5989	0	0.290438887193281	0	7	0.858118413743027	-0.63452755933849	132	14
5990	1	-0.159488456076369	0	7	0.858118413743027	-0.63452755933849	132	14
5991	3	-0.150955502349388	0	7	0.858118413743027	-0.63452755933849	132	14
5993	2	-0.0816949971967131	0	7	0.858118413743027	-0.63452755933849	132	14
5994	0	-0.0386264113672935	0	7	0.858118413743027	-0.63452755933849	132	14
5996	10	0.13116852708884	0	7	0.858118413743027	-0.63452755933849	132	14
5997	10	0.404289338660715	0	7	0.858118413743027	-0.63452755933849	132	14
5998	3	-0.450127250542033	0	7	0.858118413743027	-0.63452755933849	132	14
5999	2	-0.317872878943385	0	7	0.858118413743027	-0.63452755933849	132	14
6000	1	0.275868803114026	0	7	0.858118413743027	-0.63452755933849	132	14
6001	1	0.568793062946954	0	7	0.858118413743027	-0.63452755933849	132	14
6002	1	-0.282663431424947	0	7	0.858118413743027	-0.63452755933849	132	14
6004	0	0.0609687943128417	0	7	0.858118413743027	-0.63452755933849	132	14
6007	1	-0.453290157624182	0	7	0.858118413743027	-0.63452755933849	132	14
6009	1	0.404607368015254	0	7	0.858118413743027	-0.63452755933849	132	14
6016	3	0.0707435375992554	0	7	0.858118413743027	-0.63452755933849	132	14
6018	3	-0.260279404880043	0	7	0.858118413743027	-0.63452755933849	132	14
6035	1	0.251308068129395	0	7	0.858118413743027	-0.63452755933849	132	14
6039	2	-0.277935429890136	0	7	0.858118413743027	-0.63452755933849	132	14
6041	1	0.195892699799857	0	7	0.858118413743027	-0.63452755933849	132	14
6045	0	0.185948024935928	0	7	0.858118413743027	-0.63452755933849	132	14
6046	1	-0.0726364197298505	0	7	0.858118413743027	-0.63452755933849	132	14
6047	0	0.0720444335553991	0	7	0.858118413743027	-0.63452755933849	132	14
6049	1	0.254042623531636	0	7	0.858118413743027	-0.63452755933849	132	14
6050	4	0.484462250541351	0	7	0.858118413743027	-0.63452755933849	132	14
6051	3	0.162467649848395	0	7	0.858118413743027	-0.63452755933849	132	14
6059	2	-0.24012593053344	0	7	0.858118413743027	-0.63452755933849	132	14
6091	1	0.0246866633033731	0	7	0.858118413743027	-0.63452755933849	132	14
6093	9	-0.278307945576978	0	7	0.858118413743027	-0.63452755933849	132	14
6094	0	0.445976399476021	0	7	0.858118413743027	-0.63452755933849	132	14
6095	3	-0.0132381315480733	0	7	0.858118413743027	-0.63452755933849	132	14
6096	0	0.161118882475838	0	7	0.858118413743027	-0.63452755933849	132	14
6097	2	0.505148112774951	0	7	0.858118413743027	-0.63452755933849	132	14
6098	0	0.076603867572071	0	7	0.858118413743027	-0.63452755933849	132	14
6102	1	0.137433084259098	0	7	0.858118413743027	-0.63452755933849	132	14
6103	11	-0.122941749786703	0	7	0.858118413743027	-0.63452755933849	132	14
6117	0	-0.43097956783358	0	7	0.858118413743027	-0.63452755933849	132	14
6118	4	0.154865945277962	0	7	0.858118413743027	-0.63452755933849	132	14
6119	7	0.49405355977436	1	7	0.858118413743027	-0.63452755933849	132	14
6123	0	0.241879551495868	0	7	0.858118413743027	-0.63452755933849	132	14
6132	13	0.459475173398788	0	7	0.858118413743027	-0.63452755933849	132	14
6135	13	0.325363717239044	0	7	0.858118413743027	-0.63452755933849	132	14
6138	13	0.3814655140209	0	7	0.858118413743027	-0.63452755933849	132	14
6146	13	0.634082471199095	0	7	0.858118413743027	-0.63452755933849	132	14
6150	4	0.594879792478373	0	7	0.858118413743027	-0.63452755933849	132	14
6156	13	0.397853825626213	0	7	0.858118413743027	-0.63452755933849	132	14
6160	13	0.2639661045298	0	7	0.858118413743027	-0.63452755933849	132	14
6165	0	0.246928890998632	0	7	0.858118413743027	-0.63452755933849	132	14
6168	0	0.290859901958317	0	7	0.858118413743027	-0.63452755933849	132	14
6169	2	0.0743607528017371	0	7	0.858118413743027	-0.63452755933849	132	14
6182	4	0.418200370091453	0	7	0.858118413743027	-0.63452755933849	132	14
6183	4	0.523407231549764	0	7	0.858118413743027	-0.63452755933849	132	14
6184	1	0.375943299551301	0	7	0.858118413743027	-0.63452755933849	132	14
6185	1	0.183257920619524	0	7	0.858118413743027	-0.63452755933849	132	14
6188	13	0.146249407156248	0	7	0.858118413743027	-0.63452755933849	132	14
6192	0	-0.0523583375974629	0	7	0.858118413743027	-0.63452755933849	132	14
6194	13	0.329569168131368	0	7	0.858118413743027	-0.63452755933849	132	14
6195	1	-0.116139948711808	0	7	0.858118413743027	-0.63452755933849	132	14
6196	1	0.0235454132213251	0	7	0.858118413743027	-0.63452755933849	132	14
6197	2	-0.392287223379708	0	7	0.858118413743027	-0.63452755933849	132	14
6198	0	-0.299204276037419	0	7	0.858118413743027	-0.63452755933849	132	14
6199	0	0.363945790186547	0	7	0.858118413743027	-0.63452755933849	132	14
6208	13	0.448203621304295	0	7	0.858118413743027	-0.63452755933849	132	14
6217	13	0.491609974209931	0	7	0.858118413743027	-0.63452755933849	132	14
6223	13	0.22395703931093	0	7	0.858118413743027	-0.63452755933849	132	14
6227	13	0.0678736097960489	0	7	0.858118413743027	-0.63452755933849	132	14
6228	13	0.349618834460094	0	7	0.858118413743027	-0.63452755933849	132	14
6229	1	-0.139236551594352	0	7	0.858118413743027	-0.63452755933849	132	14
6236	2	-0.130890293934943	0	7	0.858118413743027	-0.63452755933849	132	14
6237	4	0.613895484717139	0	7	0.858118413743027	-0.63452755933849	132	14
6238	2	-0.100102235769889	0	7	0.858118413743027	-0.63452755933849	132	14
6239	0	0.358428725795837	0	7	0.858118413743027	-0.63452755933849	132	14
6241	2	-0.399878985246955	0	7	0.858118413743027	-0.63452755933849	132	14
6249	1	0.0435452075695225	0	7	0.858118413743027	-0.63452755933849	132	14
6251	2	-0.198417571736161	0	7	0.858118413743027	-0.63452755933849	132	14
6252	2	-0.246681798651021	0	7	0.858118413743027	-0.63452755933849	132	14
6253	1	0.441549810365999	0	7	0.858118413743027	-0.63452755933849	132	14
6256	1	0.426336090803561	0	7	0.858118413743027	-0.63452755933849	132	14
6259	6	-0.50895092665612	0	7	0.858118413743027	-0.63452755933849	132	14
6261	1	-0.095274114376597	0	7	0.858118413743027	-0.63452755933849	132	14
6262	0	0.288872857440156	0	7	0.858118413743027	-0.63452755933849	132	14
6263	1	-0.0999573910705177	0	7	0.858118413743027	-0.63452755933849	132	14
6271	3	0.413439936925996	0	7	0.858118413743027	-0.63452755933849	132	14
6272	1	0.467939212564621	0	7	0.858118413743027	-0.63452755933849	132	14
6273	2	-0.0453238757822679	0	7	0.858118413743027	-0.63452755933849	132	14
6274	2	-0.186144444066741	0	7	0.858118413743027	-0.63452755933849	132	14
6275	2	-0.197830342786472	0	7	0.858118413743027	-0.63452755933849	132	14
6277	4	0.654463539231225	0	7	0.858118413743027	-0.63452755933849	132	14
6279	10	0.6033600100015	0	7	0.858118413743027	-0.63452755933849	132	14
6280	10	0.623576174660728	0	7	0.858118413743027	-0.63452755933849	132	14
6281	2	-0.0599094288568997	0	7	0.858118413743027	-0.63452755933849	132	14
6282	2	-0.104635330760496	0	7	0.858118413743027	-0.63452755933849	132	14
6284	4	0.632459512994893	0	7	0.858118413743027	-0.63452755933849	132	14
6285	1	-0.315086535143279	0	7	0.858118413743027	-0.63452755933849	132	14
6294	4	0.285892031809345	0	7	0.858118413743027	-0.63452755933849	132	14
6296	3	0.223674799206069	0	7	0.858118413743027	-0.63452755933849	132	14
6297	1	0.531178700503839	0	7	0.858118413743027	-0.63452755933849	132	14
6299	3	0.464039081692674	0	7	0.858118413743027	-0.63452755933849	132	14
6300	0	-0.12460484224113	0	7	0.858118413743027	-0.63452755933849	132	14
6301	4	0.453707343606984	0	7	0.858118413743027	-0.63452755933849	132	14
6302	1	0.515232409448204	0	7	0.858118413743027	-0.63452755933849	132	14
6303	1	0.233142383580686	0	7	0.858118413743027	-0.63452755933849	132	14
6304	3	-0.240911611163702	0	7	0.858118413743027	-0.63452755933849	132	14
6305	0	0.102418035603719	0	7	0.858118413743027	-0.63452755933849	132	14
6307	0	0.0898245338886644	0	7	0.858118413743027	-0.63452755933849	132	14
6309	0	0.0457374880706111	0	7	0.858118413743027	-0.63452755933849	132	14
6310	1	-0.476602666726965	0	7	0.858118413743027	-0.63452755933849	132	14
6311	1	0.219839027949343	0	7	0.858118413743027	-0.63452755933849	132	14
6314	13	-0.345668362762576	0	7	0.858118413743027	-0.63452755933849	132	14
6319	2	0.03903635111941	0	7	0.858118413743027	-0.63452755933849	132	14
6320	2	-0.0336352768402918	0	7	0.858118413743027	-0.63452755933849	132	14
6322	0	-0.157504635486408	0	7	0.858118413743027	-0.63452755933849	132	14
6323	0	-0.000698006811912648	0	7	0.858118413743027	-0.63452755933849	132	14
6324	0	0.322265198964697	0	7	0.858118413743027	-0.63452755933849	132	14
6326	2	-0.174435553088169	0	7	0.858118413743027	-0.63452755933849	132	14
6327	5	0.405224701352537	0	7	0.858118413743027	-0.63452755933849	132	14
6328	2	-0.346604743285747	0	7	0.858118413743027	-0.63452755933849	132	14
6329	3	0.0882747212879733	0	7	0.858118413743027	-0.63452755933849	132	14
6332	5	0.283113783404445	0	7	0.858118413743027	-0.63452755933849	132	14
6334	1	-0.0256764166507299	0	7	0.858118413743027	-0.63452755933849	132	14
6335	2	-0.118281537538819	0	7	0.858118413743027	-0.63452755933849	132	14
6337	12	0.194106793039238	0	7	0.858118413743027	-0.63452755933849	132	14
6338	12	0.250166599745269	0	7	0.858118413743027	-0.63452755933849	132	14
6339	4	-0.227121983101474	0	7	0.858118413743027	-0.63452755933849	132	14
6342	3	0.391613909457738	0	7	0.858118413743027	-0.63452755933849	132	14
6343	0	0.139753656535093	0	7	0.858118413743027	-0.63452755933849	132	14
6344	0	0.155608206293135	0	7	0.858118413743027	-0.63452755933849	132	14
6347	2	-0.4031610048578	0	7	0.858118413743027	-0.63452755933849	132	14
6352	10	0.0387267875627371	0	7	0.858118413743027	-0.63452755933849	132	14
6355	2	-0.344588048256541	0	7	0.858118413743027	-0.63452755933849	132	14
6356	1	-0.203983031683939	0	7	0.858118413743027	-0.63452755933849	132	14
6357	2	-0.134938839674676	0	7	0.858118413743027	-0.63452755933849	132	14
6361	2	-0.060131849789215	0	7	0.858118413743027	-0.63452755933849	132	14
6363	2	-0.309566516689829	0	7	0.858118413743027	-0.63452755933849	132	14
6364	2	-0.0268329024675905	0	7	0.858118413743027	-0.63452755933849	132	14
6366	2	-0.337754536741162	0	7	0.858118413743027	-0.63452755933849	132	14
6367	2	-0.150474153089364	0	7	0.858118413743027	-0.63452755933849	132	14
6372	2	-0.263338370319891	0	7	0.858118413743027	-0.63452755933849	132	14
6376	1	0.480713877310063	0	7	0.858118413743027	-0.63452755933849	132	14
6382	3	0.325179770180697	0	7	0.858118413743027	-0.63452755933849	132	14
6383	1	0.21061836530715	0	7	0.858118413743027	-0.63452755933849	132	14
6385	1	0.455958563014019	0	7	0.858118413743027	-0.63452755933849	132	14
6386	2	-0.561614215997892	0	7	0.858118413743027	-0.63452755933849	132	14
6387	0	0.0147835083114469	0	7	0.858118413743027	-0.63452755933849	132	14
6388	1	0.443852924089779	0	7	0.858118413743027	-0.63452755933849	132	14
6390	3	0.769509418307475	0	7	0.858118413743027	-0.63452755933849	132	14
6392	7	0.704458667138491	1	7	0.858118413743027	-0.63452755933849	132	14
6396	3	0.13719677280665	0	7	0.858118413743027	-0.63452755933849	132	14
6398	10	0.254552732514093	0	7	0.858118413743027	-0.63452755933849	132	14
6399	0	0.0423643794561749	0	7	0.858118413743027	-0.63452755933849	132	14
6400	1	0.223624083048621	0	7	0.858118413743027	-0.63452755933849	132	14
6401	0	-0.267299515984889	0	7	0.858118413743027	-0.63452755933849	132	14
6402	10	0.240021059470574	0	7	0.858118413743027	-0.63452755933849	132	14
6403	0	0.0771035545545018	0	7	0.858118413743027	-0.63452755933849	132	14
6404	2	0.0404403497065436	0	7	0.858118413743027	-0.63452755933849	132	14
6405	3	0.0248347669347033	0	7	0.858118413743027	-0.63452755933849	132	14
6414	3	0.109759073641688	0	7	0.858118413743027	-0.63452755933849	132	14
6415	4	0.570486466093836	0	7	0.858118413743027	-0.63452755933849	132	14
6416	1	0.157195163151998	0	7	0.858118413743027	-0.63452755933849	132	14
6418	2	-0.0590336177993311	0	7	0.858118413743027	-0.63452755933849	132	14
6419	1	-0.407933091183514	0	7	0.858118413743027	-0.63452755933849	132	14
6422	1	-0.299718483074408	0	7	0.858118413743027	-0.63452755933849	132	14
6424	2	-0.348845419801033	0	7	0.858118413743027	-0.63452755933849	132	14
6426	0	-0.379178289612522	0	7	0.858118413743027	-0.63452755933849	132	14
6428	7	0.495601298690059	1	7	0.858118413743027	-0.63452755933849	132	14
6429	3	-0.278509557451333	0	7	0.858118413743027	-0.63452755933849	132	14
6430	6	-0.339232523660454	0	7	0.858118413743027	-0.63452755933849	132	14
6431	1	-0.240858155186735	0	7	0.858118413743027	-0.63452755933849	132	14
6432	0	0.142505514767906	0	7	0.858118413743027	-0.63452755933849	132	14
6433	3	-0.382737324408217	0	7	0.858118413743027	-0.63452755933849	132	14
6434	6	-0.160822041975968	0	7	0.858118413743027	-0.63452755933849	132	14
6439	1	-0.279123294116055	0	7	0.858118413743027	-0.63452755933849	132	14
6441	0	-0.083339944338364	0	7	0.858118413743027	-0.63452755933849	132	14
6442	1	-0.402256386556041	0	7	0.858118413743027	-0.63452755933849	132	14
6443	1	0.343652913205645	0	7	0.858118413743027	-0.63452755933849	132	14
6444	2	-0.223153242184207	0	7	0.858118413743027	-0.63452755933849	132	14
6446	9	-0.0622602331611956	0	7	0.858118413743027	-0.63452755933849	132	14
6448	1	0.498189292755594	0	7	0.858118413743027	-0.63452755933849	132	14
6449	4	0.345890295482214	0	7	0.858118413743027	-0.63452755933849	132	14
6451	2	-0.0982656944512114	0	7	0.858118413743027	-0.63452755933849	132	14
6452	1	-0.564079107573018	0	7	0.858118413743027	-0.63452755933849	132	14
6453	2	-0.137937286579362	0	7	0.858118413743027	-0.63452755933849	132	14
6455	2	-0.0355093693420719	0	7	0.858118413743027	-0.63452755933849	132	14
6456	3	0.363583437310147	0	7	0.858118413743027	-0.63452755933849	132	14
6457	0	-0.0785845896882761	0	7	0.858118413743027	-0.63452755933849	132	14
6461	0	0.182157163888964	0	7	0.858118413743027	-0.63452755933849	132	14
6462	3	0.426648850271374	0	7	0.858118413743027	-0.63452755933849	132	14
6464	2	-0.207665298463906	0	7	0.858118413743027	-0.63452755933849	132	14
6468	1	0.0280126738708198	0	7	0.858118413743027	-0.63452755933849	132	14
6469	0	0.0384471778059855	0	7	0.858118413743027	-0.63452755933849	132	14
6470	3	0.524092518071737	0	7	0.858118413743027	-0.63452755933849	132	14
6472	8	0.121375488559573	0	7	0.858118413743027	-0.63452755933849	132	14
6477	4	-0.312900845669404	0	7	0.858118413743027	-0.63452755933849	132	14
6478	0	0.0060434399673237	0	7	0.858118413743027	-0.63452755933849	132	14
6480	5	0.412723964753111	0	7	0.858118413743027	-0.63452755933849	132	14
6482	1	0.0544808640554902	0	7	0.858118413743027	-0.63452755933849	132	14
6483	3	-0.228849356090495	0	7	0.858118413743027	-0.63452755933849	132	14
6484	1	0.311284541694818	0	7	0.858118413743027	-0.63452755933849	132	14
6489	1	-0.476658048235489	0	7	0.858118413743027	-0.63452755933849	132	14
6490	0	-0.15511337740482	0	7	0.858118413743027	-0.63452755933849	132	14
6491	2	-0.178113526235375	0	7	0.858118413743027	-0.63452755933849	132	14
6492	12	0.175200878442904	0	7	0.858118413743027	-0.63452755933849	132	14
6493	0	0.128836423288788	0	7	0.858118413743027	-0.63452755933849	132	14
6494	2	0.144113281520373	0	7	0.858118413743027	-0.63452755933849	132	14
6497	3	-0.255270802319497	0	7	0.858118413743027	-0.63452755933849	132	14
6498	3	-0.48150128008901	0	7	0.858118413743027	-0.63452755933849	132	14
6500	1	0.244095148539985	0	7	0.858118413743027	-0.63452755933849	132	14
6502	2	-0.25568299315765	0	7	0.858118413743027	-0.63452755933849	132	14
6503	2	-0.16328051880309	0	7	0.858118413743027	-0.63452755933849	132	14
6504	2	-0.353308466483686	0	7	0.858118413743027	-0.63452755933849	132	14
6505	3	0.165836650301549	0	7	0.858118413743027	-0.63452755933849	132	14
6506	0	0.103078996902481	0	7	0.858118413743027	-0.63452755933849	132	14
6507	2	-0.259139984335624	0	7	0.858118413743027	-0.63452755933849	132	14
6508	0	-0.248119926832903	0	7	0.858118413743027	-0.63452755933849	132	14
6509	3	-0.106015274754389	0	7	0.858118413743027	-0.63452755933849	132	14
6510	2	0.498384322208206	0	7	0.858118413743027	-0.63452755933849	132	14
6512	0	0.192356628483543	0	7	0.858118413743027	-0.63452755933849	132	14
6513	0	0.15200000071987	0	7	0.858118413743027	-0.63452755933849	132	14
6514	3	0.27499476275309	0	7	0.858118413743027	-0.63452755933849	132	14
6515	0	0.190489388876953	0	7	0.858118413743027	-0.63452755933849	132	14
6517	1	-0.260269192520996	0	7	0.858118413743027	-0.63452755933849	132	14
6518	3	0.309003723273878	0	7	0.858118413743027	-0.63452755933849	132	14
6519	3	0.333107571527285	0	7	0.858118413743027	-0.63452755933849	132	14
6520	3	0.443512266875782	0	7	0.858118413743027	-0.63452755933849	132	14
6521	12	0.356304848222473	0	7	0.858118413743027	-0.63452755933849	132	14
6522	0	-0.118929752756409	0	7	0.858118413743027	-0.63452755933849	132	14
6523	3	0.239383674345479	0	7	0.858118413743027	-0.63452755933849	132	14
6524	3	0.459508194204516	0	7	0.858118413743027	-0.63452755933849	132	14
6525	0	-0.0470982591714931	0	7	0.858118413743027	-0.63452755933849	132	14
6527	6	-0.152087197688686	0	7	0.858118413743027	-0.63452755933849	132	14
6529	1	0.0623167094411315	0	7	0.858118413743027	-0.63452755933849	132	14
6531	0	0.104820947462455	0	7	0.858118413743027	-0.63452755933849	132	14
6532	5	0.466462342284288	0	7	0.858118413743027	-0.63452755933849	132	14
6533	3	-0.392458107428477	0	7	0.858118413743027	-0.63452755933849	132	14
6535	3	0.204789595735081	0	7	0.858118413743027	-0.63452755933849	132	14
6536	1	-0.175005536774011	0	7	0.858118413743027	-0.63452755933849	132	14
6539	3	0.133914724303694	0	7	0.858118413743027	-0.63452755933849	132	14
6540	3	0.359926497534791	0	7	0.858118413743027	-0.63452755933849	132	14
6541	2	-0.0472229366840341	0	7	0.858118413743027	-0.63452755933849	132	14
6542	2	-0.257928535616816	0	7	0.858118413743027	-0.63452755933849	132	14
6546	0	0.0732763200876688	0	7	0.858118413743027	-0.63452755933849	132	14
6548	2	0.149231751507326	0	7	0.858118413743027	-0.63452755933849	132	14
6549	12	0.0732888393008298	0	7	0.858118413743027	-0.63452755933849	132	14
6550	3	0.528587712100556	0	7	0.858118413743027	-0.63452755933849	132	14
6553	0	-0.0657660128247393	0	7	0.858118413743027	-0.63452755933849	132	14
6554	3	-0.24503121116309	0	7	0.858118413743027	-0.63452755933849	132	14
6555	3	0.243676252359352	0	7	0.858118413743027	-0.63452755933849	132	14
6556	10	0.242495442545664	0	7	0.858118413743027	-0.63452755933849	132	14
6557	12	0.114078528860414	0	7	0.858118413743027	-0.63452755933849	132	14
6558	2	-0.407578215160032	0	7	0.858118413743027	-0.63452755933849	132	14
6559	12	0.206995256203814	0	7	0.858118413743027	-0.63452755933849	132	14
6561	3	0.189805020613378	0	7	0.858118413743027	-0.63452755933849	132	14
6563	9	0.129211565934678	0	7	0.858118413743027	-0.63452755933849	132	14
6564	3	-0.016149847652088	0	7	0.858118413743027	-0.63452755933849	132	14
6565	8	0.0315343623697712	0	7	0.858118413743027	-0.63452755933849	132	14
6566	1	-0.148233410233254	0	7	0.858118413743027	-0.63452755933849	132	14
6567	3	0.256818039687893	0	7	0.858118413743027	-0.63452755933849	132	14
6568	3	0.159004121772442	0	7	0.858118413743027	-0.63452755933849	132	14
6569	3	0.361826085787793	0	7	0.858118413743027	-0.63452755933849	132	14
6571	0	-0.090772678812518	0	7	0.858118413743027	-0.63452755933849	132	14
6573	2	0.0283640719857502	0	7	0.858118413743027	-0.63452755933849	132	14
6574	2	-0.440428131249891	0	7	0.858118413743027	-0.63452755933849	132	14
6575	1	0.106605479198281	0	7	0.858118413743027	-0.63452755933849	132	14
6576	3	0.534873844944115	0	7	0.858118413743027	-0.63452755933849	132	14
6578	9	0.193463117916789	0	7	0.858118413743027	-0.63452755933849	132	14
6579	2	-0.345152437499714	0	7	0.858118413743027	-0.63452755933849	132	14
6580	1	-0.0768146057302397	0	7	0.858118413743027	-0.63452755933849	132	14
6581	2	-0.464275926038479	0	7	0.858118413743027	-0.63452755933849	132	14
6582	8	0.00032828565361295	0	7	0.858118413743027	-0.63452755933849	132	14
6583	3	0.0106470517119324	0	7	0.858118413743027	-0.63452755933849	132	14
6584	3	0.203950201387968	0	7	0.858118413743027	-0.63452755933849	132	14
6585	1	-0.201461630912518	0	7	0.858118413743027	-0.63452755933849	132	14
6586	2	-0.432883320489715	0	7	0.858118413743027	-0.63452755933849	132	14
6588	0	-0.0787626484915668	0	7	0.858118413743027	-0.63452755933849	132	14
6590	2	0.104592343763382	0	7	0.858118413743027	-0.63452755933849	132	14
6591	9	0.133284391995034	0	7	0.858118413743027	-0.63452755933849	132	14
6594	0	-0.241167081046882	0	7	0.858118413743027	-0.63452755933849	132	14
6595	1	-0.0122794632856624	0	7	0.858118413743027	-0.63452755933849	132	14
6596	1	0.0650499444876686	0	7	0.858118413743027	-0.63452755933849	132	14
6597	2	-0.176886558205573	0	7	0.858118413743027	-0.63452755933849	132	14
6598	0	0.219921685074742	0	7	0.858118413743027	-0.63452755933849	132	14
6599	8	0.114730703337862	0	7	0.858118413743027	-0.63452755933849	132	14
6601	1	-0.0469527500800079	0	7	0.858118413743027	-0.63452755933849	132	14
6602	5	0.46587452805622	0	7	0.858118413743027	-0.63452755933849	132	14
6603	2	-0.0879628795899335	0	7	0.858118413743027	-0.63452755933849	132	14
6604	3	-0.316025939381442	0	7	0.858118413743027	-0.63452755933849	132	14
6605	2	-0.177519285386568	0	7	0.858118413743027	-0.63452755933849	132	14
6608	1	0.412972772165831	0	7	0.858118413743027	-0.63452755933849	132	14
6609	5	0.627736489424548	0	7	0.858118413743027	-0.63452755933849	132	14
6610	0	0.159701847198051	0	7	0.858118413743027	-0.63452755933849	132	14
6612	2	-0.184218684287076	0	7	0.858118413743027	-0.63452755933849	132	14
6614	1	-0.376576607170726	0	7	0.858118413743027	-0.63452755933849	132	14
6615	0	0.231691548097098	0	7	0.858118413743027	-0.63452755933849	132	14
6616	3	-0.356697788748707	0	7	0.858118413743027	-0.63452755933849	132	14
6617	0	0.182611877056164	0	7	0.858118413743027	-0.63452755933849	132	14
6618	7	0.667945956719629	1	7	0.858118413743027	-0.63452755933849	132	14
6619	1	0.0749637993243836	0	7	0.858118413743027	-0.63452755933849	132	14
6621	1	-0.210956368698164	0	7	0.858118413743027	-0.63452755933849	132	14
6622	1	0.173363524671546	0	7	0.858118413743027	-0.63452755933849	132	14
6623	1	-0.143685767912458	0	7	0.858118413743027	-0.63452755933849	132	14
6625	6	-0.337046970404996	0	7	0.858118413743027	-0.63452755933849	132	14
6626	4	0.238348175305845	0	7	0.858118413743027	-0.63452755933849	132	14
6628	4	0.591269752335849	0	7	0.858118413743027	-0.63452755933849	132	14
6629	3	0.377796710324843	0	7	0.858118413743027	-0.63452755933849	132	14
6631	7	0.783943780563068	1	7	0.858118413743027	-0.63452755933849	132	14
6632	0	0.333209816425895	0	7	0.858118413743027	-0.63452755933849	132	14
6633	13	0.093484951121735	0	7	0.858118413743027	-0.63452755933849	132	14
6634	7	0.576852593362028	1	7	0.858118413743027	-0.63452755933849	132	14
6636	7	0.434539737493405	1	7	0.858118413743027	-0.63452755933849	132	14
6640	4	0.624567943657536	0	7	0.858118413743027	-0.63452755933849	132	14
6641	0	0.188832716262858	0	7	0.858118413743027	-0.63452755933849	132	14
6642	5	0.62603510046377	0	7	0.858118413743027	-0.63452755933849	132	14
6643	3	0.33990521393756	0	7	0.858118413743027	-0.63452755933849	132	14
6645	2	-0.165946877294746	0	7	0.858118413743027	-0.63452755933849	132	14
6646	2	-0.196695149160636	0	7	0.858118413743027	-0.63452755933849	132	14
6647	3	0.542966257269953	0	7	0.858118413743027	-0.63452755933849	132	14
6649	0	0.289667106375314	0	7	0.858118413743027	-0.63452755933849	132	14
6651	6	-0.482647542621709	0	7	0.858118413743027	-0.63452755933849	132	14
6653	2	-0.0137181781751196	0	7	0.858118413743027	-0.63452755933849	132	14
6654	0	-0.333620749199242	0	7	0.858118413743027	-0.63452755933849	132	14
6655	1	0.225712373203639	0	7	0.858118413743027	-0.63452755933849	132	14
6659	2	-0.409912296004171	0	7	0.858118413743027	-0.63452755933849	132	14
6660	3	-0.310429964690942	0	7	0.858118413743027	-0.63452755933849	132	14
6662	2	-0.212251946963895	0	7	0.858118413743027	-0.63452755933849	132	14
6663	0	-0.040451681369939	0	7	0.858118413743027	-0.63452755933849	132	14
6666	1	-0.30535833043406	0	7	0.858118413743027	-0.63452755933849	132	14
6667	1	0.423724177075494	0	7	0.858118413743027	-0.63452755933849	132	14
6668	5	0.332205361214375	0	7	0.858118413743027	-0.63452755933849	132	14
6670	0	-0.0835353944376924	0	7	0.858118413743027	-0.63452755933849	132	14
6671	0	0.200636262279279	0	7	0.858118413743027	-0.63452755933849	132	14
6672	3	-0.344712388176917	0	7	0.858118413743027	-0.63452755933849	132	14
6674	0	-0.098212156618889	0	7	0.858118413743027	-0.63452755933849	132	14
6675	0	-0.159587222374207	0	7	0.858118413743027	-0.63452755933849	132	14
6676	1	-0.137816650100163	0	7	0.858118413743027	-0.63452755933849	132	14
6678	1	-0.0686940851113918	0	7	0.858118413743027	-0.63452755933849	132	14
6683	2	-0.0969330593910943	0	7	0.858118413743027	-0.63452755933849	132	14
6688	2	0.204568216020321	0	7	0.858118413743027	-0.63452755933849	132	14
6689	2	-0.0596595468194191	0	7	0.858118413743027	-0.63452755933849	132	14
6690	12	0.258680255310349	0	7	0.858118413743027	-0.63452755933849	132	14
6692	8	0.0295379450949854	0	7	0.858118413743027	-0.63452755933849	132	14
6693	2	-0.0708539035020552	0	7	0.858118413743027	-0.63452755933849	132	14
6695	1	0.25286542780804	0	7	0.858118413743027	-0.63452755933849	132	14
6696	8	-0.161344106996037	0	7	0.858118413743027	-0.63452755933849	132	14
6697	4	0.513744492095811	0	7	0.858118413743027	-0.63452755933849	132	14
6709	5	0.0897249777869484	0	7	0.858118413743027	-0.63452755933849	132	14
6710	1	0.506621965040769	0	7	0.858118413743027	-0.63452755933849	132	14
6711	11	-0.460257263726595	0	7	0.858118413743027	-0.63452755933849	132	14
6712	12	0.0993564902636618	0	7	0.858118413743027	-0.63452755933849	132	14
6713	0	-0.2530361035776	0	7	0.858118413743027	-0.63452755933849	132	14
6714	2	-0.185458213436457	0	7	0.858118413743027	-0.63452755933849	132	14
6715	3	0.287291836085045	0	7	0.858118413743027	-0.63452755933849	132	14
6717	0	0.24925822041948	0	7	0.858118413743027	-0.63452755933849	132	14
6720	0	-0.269030689259849	0	7	0.858118413743027	-0.63452755933849	132	14
6721	0	-0.108730031043798	0	7	0.858118413743027	-0.63452755933849	132	14
6722	5	0.280859221204829	0	7	0.858118413743027	-0.63452755933849	132	14
6723	2	-0.20938050866755	0	7	0.858118413743027	-0.63452755933849	132	14
6726	1	0.261738923957595	0	7	0.858118413743027	-0.63452755933849	132	14
6727	4	0.51829181900838	0	7	0.858118413743027	-0.63452755933849	132	14
6729	3	0.358909813174129	0	7	0.858118413743027	-0.63452755933849	132	14
6731	0	0.28963353892392	0	7	0.858118413743027	-0.63452755933849	132	14
6732	3	0.21030099477271	0	7	0.858118413743027	-0.63452755933849	132	14
6733	0	-0.218388802688318	0	7	0.858118413743027	-0.63452755933849	132	14
6734	1	0.245497576787398	0	7	0.858118413743027	-0.63452755933849	132	14
6737	14	0.0112918759142537	0	7	0.858118413743027	-0.63452755933849	132	14
6738	1	0.0702478506888514	0	7	0.858118413743027	-0.63452755933849	132	14
6741	1	0.224450443182841	0	7	0.858118413743027	-0.63452755933849	132	14
6742	1	0.0652022643914799	0	7	0.858118413743027	-0.63452755933849	132	14
6744	0	-0.389042146046462	0	7	0.858118413743027	-0.63452755933849	132	14
6745	1	0.182911281693048	0	7	0.858118413743027	-0.63452755933849	132	14
6746	13	0.345724078655156	0	7	0.858118413743027	-0.63452755933849	132	14
6747	2	0.0869709224195486	0	7	0.858118413743027	-0.63452755933849	132	14
6748	13	0.426058666195927	0	7	0.858118413743027	-0.63452755933849	132	14
6749	0	0.0261326678544762	0	7	0.858118413743027	-0.63452755933849	132	14
6751	0	0.0589742735234311	0	7	0.858118413743027	-0.63452755933849	132	14
6752	3	0.167859872405725	0	7	0.858118413743027	-0.63452755933849	132	14
6755	0	0.276818189673625	0	7	0.858118413743027	-0.63452755933849	132	14
6760	1	-0.0274376007659355	0	7	0.858118413743027	-0.63452755933849	132	14
6764	2	-0.35967246455508	0	7	0.858118413743027	-0.63452755933849	132	14
6767	3	0.407903470486314	0	7	0.858118413743027	-0.63452755933849	132	14
6768	1	-0.193153554329429	0	7	0.858118413743027	-0.63452755933849	132	14
6769	1	0.434336463042943	0	7	0.858118413743027	-0.63452755933849	132	14
6770	1	-0.092667047940349	0	7	0.858118413743027	-0.63452755933849	132	14
6772	14	-0.235227746651648	0	7	0.858118413743027	-0.63452755933849	132	14
6773	1	-0.216912744892711	0	7	0.858118413743027	-0.63452755933849	132	14
6774	2	-0.554420946588341	0	7	0.858118413743027	-0.63452755933849	132	14
6775	2	-0.364507579311907	0	7	0.858118413743027	-0.63452755933849	132	14
6776	2	-0.259525775679571	0	7	0.858118413743027	-0.63452755933849	132	14
6777	1	0.0589793623973675	0	7	0.858118413743027	-0.63452755933849	132	14
6778	0	0.188783824856632	0	7	0.858118413743027	-0.63452755933849	132	14
6780	3	0.37059128767768	0	7	0.858118413743027	-0.63452755933849	132	14
6781	12	0.0530915633968682	0	7	0.858118413743027	-0.63452755933849	132	14
6782	1	0.260669045993942	0	7	0.858118413743027	-0.63452755933849	132	14
6785	1	0.310036427481782	0	7	0.858118413743027	-0.63452755933849	132	14
6787	1	0.0877107694189707	0	7	0.858118413743027	-0.63452755933849	132	14
6788	0	-0.149615853665968	0	7	0.858118413743027	-0.63452755933849	132	14
6789	2	-0.111665180822718	0	7	0.858118413743027	-0.63452755933849	132	14
6790	1	-0.230635888281489	0	7	0.858118413743027	-0.63452755933849	132	14
6792	0	0.286018297564164	0	7	0.858118413743027	-0.63452755933849	132	14
6793	2	-0.535615879422973	0	7	0.858118413743027	-0.63452755933849	132	14
6794	0	0.423439926193407	0	7	0.858118413743027	-0.63452755933849	132	14
6795	4	-0.152454840014864	0	7	0.858118413743027	-0.63452755933849	132	14
6799	1	0.565130685546031	0	7	0.858118413743027	-0.63452755933849	132	14
6801	0	-0.0108476576329646	0	7	0.858118413743027	-0.63452755933849	132	14
6804	3	-0.220219317053811	0	7	0.858118413743027	-0.63452755933849	132	14
6809	3	0.0677524078313278	0	7	0.858118413743027	-0.63452755933849	132	14
6810	1	-0.200612512757993	0	7	0.858118413743027	-0.63452755933849	132	14
6811	0	0.0899770559989206	0	7	0.858118413743027	-0.63452755933849	132	14
6812	1	-0.0568742034412062	0	7	0.858118413743027	-0.63452755933849	132	14
6813	4	0.234453250076789	0	7	0.858118413743027	-0.63452755933849	132	14
6814	1	0.390205924576789	0	7	0.858118413743027	-0.63452755933849	132	14
6819	3	0.151746893098796	0	7	0.858118413743027	-0.63452755933849	132	14
6820	0	0.159158402917194	0	7	0.858118413743027	-0.63452755933849	132	14
6827	7	0.588267054711812	1	7	0.858118413743027	-0.63452755933849	132	14
6829	0	0.121774191247221	0	7	0.858118413743027	-0.63452755933849	132	14
6830	1	0.0555576168033824	0	7	0.858118413743027	-0.63452755933849	132	14
6832	0	-0.33235634710413	0	7	0.858118413743027	-0.63452755933849	132	14
6833	3	-0.234823283384405	0	7	0.858118413743027	-0.63452755933849	132	14
6834	4	0.335609737332803	0	7	0.858118413743027	-0.63452755933849	132	14
6835	0	0.30324772190451	0	7	0.858118413743027	-0.63452755933849	132	14
6837	3	0.279540258691218	0	7	0.858118413743027	-0.63452755933849	132	14
6839	0	0.361353373344938	0	7	0.858118413743027	-0.63452755933849	132	14
6840	2	-0.301618251759958	0	7	0.858118413743027	-0.63452755933849	132	14
6843	3	-0.10362223594724	0	7	0.858118413743027	-0.63452755933849	132	14
6844	1	0.314202008158876	0	7	0.858118413743027	-0.63452755933849	132	14
6850	2	-0.294072382348061	0	7	0.858118413743027	-0.63452755933849	132	14
6854	3	0.301137632602111	0	7	0.858118413743027	-0.63452755933849	132	14
6855	3	0.0628734844629804	0	7	0.858118413743027	-0.63452755933849	132	14
6856	3	0.319533667371528	0	7	0.858118413743027	-0.63452755933849	132	14
6857	3	-0.252480774852514	0	7	0.858118413743027	-0.63452755933849	132	14
6863	2	-0.253296079271841	0	7	0.858118413743027	-0.63452755933849	132	14
6867	11	-0.239521709935178	0	7	0.858118413743027	-0.63452755933849	132	14
6868	3	-0.271695666149492	0	7	0.858118413743027	-0.63452755933849	132	14
6869	2	0.498525647616573	0	7	0.858118413743027	-0.63452755933849	132	14
6871	5	0.387053920871808	0	7	0.858118413743027	-0.63452755933849	132	14
6872	3	-0.278963987393334	0	7	0.858118413743027	-0.63452755933849	132	14
6873	0	0.160346209877889	0	7	0.858118413743027	-0.63452755933849	132	14
6875	0	0.244519392908275	0	7	0.858118413743027	-0.63452755933849	132	14
6876	2	-0.382130841018525	0	7	0.858118413743027	-0.63452755933849	132	14
6877	1	0.105284400936691	0	7	0.858118413743027	-0.63452755933849	132	14
6878	0	0.202146837415479	0	7	0.858118413743027	-0.63452755933849	132	14
6879	1	0.461749095095076	0	7	0.858118413743027	-0.63452755933849	132	14
6881	4	0.347690045901419	0	7	0.858118413743027	-0.63452755933849	132	14
6882	3	-0.283459631560754	0	7	0.858118413743027	-0.63452755933849	132	14
6883	0	0.0267019518683895	0	7	0.858118413743027	-0.63452755933849	132	14
6884	0	0.347463640630185	0	7	0.858118413743027	-0.63452755933849	132	14
6885	6	-0.547497942870273	0	7	0.858118413743027	-0.63452755933849	132	14
6886	9	0.0167751683085129	0	7	0.858118413743027	-0.63452755933849	132	14
6888	4	0.570013899305835	0	7	0.858118413743027	-0.63452755933849	132	14
6891	11	-0.169960311762444	0	7	0.858118413743027	-0.63452755933849	132	14
6894	4	-0.407847544998921	0	7	0.858118413743027	-0.63452755933849	132	14
6895	3	0.351362949331809	0	7	0.858118413743027	-0.63452755933849	132	14
6897	0	0.147978459172567	0	7	0.858118413743027	-0.63452755933849	132	14
6899	4	-0.140381785225241	0	7	0.858118413743027	-0.63452755933849	132	14
6900	0	-0.0473961770390568	0	7	0.858118413743027	-0.63452755933849	132	14
6901	1	-0.197493867295976	0	7	0.858118413743027	-0.63452755933849	132	14
6902	7	0.501287235874627	1	7	0.858118413743027	-0.63452755933849	132	14
6903	0	-0.0212975412237424	0	7	0.858118413743027	-0.63452755933849	132	14
6904	0	0.129054373072819	0	7	0.858118413743027	-0.63452755933849	132	14
6905	3	0.276141961641635	0	7	0.858118413743027	-0.63452755933849	132	14
6907	1	0.117542553761051	0	7	0.858118413743027	-0.63452755933849	132	14
6908	1	0.252664831483542	0	7	0.858118413743027	-0.63452755933849	132	14
6909	8	-0.0878042737843243	0	7	0.858118413743027	-0.63452755933849	132	14
6911	0	-0.118860768608683	0	7	0.858118413743027	-0.63452755933849	132	14
6915	2	0.271388246630872	0	7	0.858118413743027	-0.63452755933849	132	14
6916	1	0.323361494120615	0	7	0.858118413743027	-0.63452755933849	132	14
6919	4	0.471008253171883	0	7	0.858118413743027	-0.63452755933849	132	14
6921	0	-0.269103647705409	0	7	0.858118413743027	-0.63452755933849	132	14
6923	7	0.848591263951515	1	7	0.858118413743027	-0.63452755933849	132	14
6924	0	0.333047232736968	0	7	0.858118413743027	-0.63452755933849	132	14
6925	3	-0.431343143115851	0	7	0.858118413743027	-0.63452755933849	132	14
6926	9	0.0438849512625608	0	7	0.858118413743027	-0.63452755933849	132	14
6927	3	0.28198824542281	0	7	0.858118413743027	-0.63452755933849	132	14
6928	1	0.0440204842091758	0	7	0.858118413743027	-0.63452755933849	132	14
6929	2	-0.0772463469255201	0	7	0.858118413743027	-0.63452755933849	132	14
6932	2	-0.234414364928302	0	7	0.858118413743027	-0.63452755933849	132	14
6934	0	0.168167350399869	0	7	0.858118413743027	-0.63452755933849	132	14
6936	0	-0.333708873135856	0	7	0.858118413743027	-0.63452755933849	132	14
6938	2	-0.14347963506152	0	7	0.858118413743027	-0.63452755933849	132	14
6940	0	0.00746598541485437	0	7	0.858118413743027	-0.63452755933849	132	14
6942	2	-0.0472703213322236	0	7	0.858118413743027	-0.63452755933849	132	14
6943	1	0.434969273317847	0	7	0.858118413743027	-0.63452755933849	132	14
6944	0	0.322142627162951	0	7	0.858118413743027	-0.63452755933849	132	14
6945	4	0.498472651848515	0	7	0.858118413743027	-0.63452755933849	132	14
6947	0	0.10382118758368	0	7	0.858118413743027	-0.63452755933849	132	14
6948	3	0.264319536724877	0	7	0.858118413743027	-0.63452755933849	132	14
6949	2	-0.225590294130926	0	7	0.858118413743027	-0.63452755933849	132	14
6988	1	0.358239584069234	0	7	0.858118413743027	-0.63452755933849	132	14
6990	1	0.255688678999828	0	7	0.858118413743027	-0.63452755933849	132	14
6992	0	0.261693310728449	0	7	0.858118413743027	-0.63452755933849	132	14
6993	1	0.192883526489838	0	7	0.858118413743027	-0.63452755933849	132	14
6999	2	-0.355115851749957	0	7	0.858118413743027	-0.63452755933849	132	14
7001	4	0.72522287045394	0	7	0.858118413743027	-0.63452755933849	132	14
7003	1	0.0832220487862814	0	7	0.858118413743027	-0.63452755933849	132	14
7004	0	-0.151111783657899	0	7	0.858118413743027	-0.63452755933849	132	14
7005	1	-0.00475859469701222	0	7	0.858118413743027	-0.63452755933849	132	14
7007	0	0.145775920193406	0	7	0.858118413743027	-0.63452755933849	132	14
7008	5	0.443472236900829	0	7	0.858118413743027	-0.63452755933849	132	14
7009	3	0.516183550580737	0	7	0.858118413743027	-0.63452755933849	132	14
7010	9	-0.17071844010217	0	7	0.858118413743027	-0.63452755933849	132	14
7011	1	-0.473420444053465	0	7	0.858118413743027	-0.63452755933849	132	14
7013	1	0.325970395595404	0	7	0.858118413743027	-0.63452755933849	132	14
7014	0	-0.201683726019089	0	7	0.858118413743027	-0.63452755933849	132	14
7018	0	-0.0933396080763259	0	7	0.858118413743027	-0.63452755933849	132	14
7019	0	0.371477890717379	0	7	0.858118413743027	-0.63452755933849	132	14
7020	12	0.22737982315815	0	7	0.858118413743027	-0.63452755933849	132	14
7021	12	0.0679312860003469	0	7	0.858118413743027	-0.63452755933849	132	14
7022	2	0.00695740904551433	0	7	0.858118413743027	-0.63452755933849	132	14
7023	1	0.0903444707583508	0	7	0.858118413743027	-0.63452755933849	132	14
7024	1	-0.125449757317664	0	7	0.858118413743027	-0.63452755933849	132	14
7025	2	-0.243632526157054	0	7	0.858118413743027	-0.63452755933849	132	14
7027	0	-0.0397329620453987	0	7	0.858118413743027	-0.63452755933849	132	14
7029	1	0.357914300782771	0	7	0.858118413743027	-0.63452755933849	132	14
7030	1	0.16224488279238	0	7	0.858118413743027	-0.63452755933849	132	14
7033	2	0.0510050549585935	0	7	0.858118413743027	-0.63452755933849	132	14
7035	0	0.152568974159408	0	7	0.858118413743027	-0.63452755933849	132	14
7037	8	-0.0733991085298206	0	7	0.858118413743027	-0.63452755933849	132	14
7038	0	-0.146276908415996	0	7	0.858118413743027	-0.63452755933849	132	14
7039	8	-0.0492010407740692	0	7	0.858118413743027	-0.63452755933849	132	14
7040	2	-0.0161743380194606	0	7	0.858118413743027	-0.63452755933849	132	14
7041	0	0.344436093615392	0	7	0.858118413743027	-0.63452755933849	132	14
7042	2	-0.403393430338523	0	7	0.858118413743027	-0.63452755933849	132	14
7043	2	-0.31404033995365	0	7	0.858118413743027	-0.63452755933849	132	14
7046	2	-0.265191790899954	0	7	0.858118413743027	-0.63452755933849	132	14
7048	9	0.26991086816662	0	7	0.858118413743027	-0.63452755933849	132	14
7049	1	0.421283727503956	0	7	0.858118413743027	-0.63452755933849	132	14
7050	2	-0.0649589274615757	0	7	0.858118413743027	-0.63452755933849	132	14
7051	1	-0.130987728670408	0	7	0.858118413743027	-0.63452755933849	132	14
7052	3	0.0862775107909658	0	7	0.858118413743027	-0.63452755933849	132	14
7056	2	-0.448967785227961	0	7	0.858118413743027	-0.63452755933849	132	14
7057	0	0.140233573852027	0	7	0.858118413743027	-0.63452755933849	132	14
7058	2	-0.426409039239822	0	7	0.858118413743027	-0.63452755933849	132	14
7059	1	-0.345341987927501	0	7	0.858118413743027	-0.63452755933849	132	14
7060	0	-0.0332928287602578	0	7	0.858118413743027	-0.63452755933849	132	14
7064	0	0.0515615827393717	0	7	0.858118413743027	-0.63452755933849	132	14
7066	3	0.43388584967342	0	7	0.858118413743027	-0.63452755933849	132	14
7067	1	0.491164891654572	0	7	0.858118413743027	-0.63452755933849	132	14
7068	2	0.00907851464088383	0	7	0.858118413743027	-0.63452755933849	132	14
7070	8	-0.0411522395065567	0	7	0.858118413743027	-0.63452755933849	132	14
7071	1	0.0407530048483119	0	7	0.858118413743027	-0.63452755933849	132	14
7072	6	-0.454898963951724	0	7	0.858118413743027	-0.63452755933849	132	14
7073	6	-0.129494412706844	0	7	0.858118413743027	-0.63452755933849	132	14
7074	1	0.148780966106239	0	7	0.858118413743027	-0.63452755933849	132	14
7075	11	-0.270208739648897	0	7	0.858118413743027	-0.63452755933849	132	14
7076	2	-0.156560128341466	0	7	0.858118413743027	-0.63452755933849	132	14
7078	11	-0.119405457612882	0	7	0.858118413743027	-0.63452755933849	132	14
7079	0	0.0944043410408032	0	7	0.858118413743027	-0.63452755933849	132	14
7082	1	0.403708554696019	0	7	0.858118413743027	-0.63452755933849	132	14
7083	0	0.125743363305721	0	7	0.858118413743027	-0.63452755933849	132	14
7084	0	-0.123120369912158	0	7	0.858118413743027	-0.63452755933849	132	14
7086	2	0.0910355008954606	0	7	0.858118413743027	-0.63452755933849	132	14
7087	0	0.258603922252426	0	7	0.858118413743027	-0.63452755933849	132	14
7088	2	-0.0890824257997903	0	7	0.858118413743027	-0.63452755933849	132	14
7089	11	-0.319604435966123	0	7	0.858118413743027	-0.63452755933849	132	14
7090	2	-0.00983567341513301	0	7	0.858118413743027	-0.63452755933849	132	14
7091	5	0.423699834563062	0	7	0.858118413743027	-0.63452755933849	132	14
7092	0	0.147209149053974	0	7	0.858118413743027	-0.63452755933849	132	14
7093	2	-0.111114587589203	0	7	0.858118413743027	-0.63452755933849	132	14
7094	1	0.125618558841347	0	7	0.858118413743027	-0.63452755933849	132	14
7095	1	0.497874256670473	0	7	0.858118413743027	-0.63452755933849	132	14
7096	2	-0.200223566847547	0	7	0.858118413743027	-0.63452755933849	132	14
7097	2	-0.138975406012789	0	7	0.858118413743027	-0.63452755933849	132	14
7098	1	0.366549087263767	0	7	0.858118413743027	-0.63452755933849	132	14
7099	9	0.217637224807162	0	7	0.858118413743027	-0.63452755933849	132	14
7100	2	-0.18144642647211	0	7	0.858118413743027	-0.63452755933849	132	14
7102	9	0.174516332897871	0	7	0.858118413743027	-0.63452755933849	132	14
7103	0	0.119010662823977	0	7	0.858118413743027	-0.63452755933849	132	14
7104	1	0.106688081383407	0	7	0.858118413743027	-0.63452755933849	132	14
7105	3	0.0682950306490999	0	7	0.858118413743027	-0.63452755933849	132	14
7106	4	0.470493743704856	0	7	0.858118413743027	-0.63452755933849	132	14
7107	3	0.296036471225348	0	7	0.858118413743027	-0.63452755933849	132	14
7108	3	0.528083225208344	0	7	0.858118413743027	-0.63452755933849	132	14
7110	0	0.255683066440303	0	7	0.858118413743027	-0.63452755933849	132	14
7111	1	0.0382110749175376	0	7	0.858118413743027	-0.63452755933849	132	14
7112	2	0.27757703585335	0	7	0.858118413743027	-0.63452755933849	132	14
7113	12	0.245286191511899	0	7	0.858118413743027	-0.63452755933849	132	14
7122	3	-0.268055786319144	0	7	0.858118413743027	-0.63452755933849	132	14
7125	1	0.402266978558881	0	7	0.858118413743027	-0.63452755933849	132	14
7126	0	-0.141131942986928	0	7	0.858118413743027	-0.63452755933849	132	14
7127	2	-0.277366873867009	0	7	0.858118413743027	-0.63452755933849	132	14
7128	2	-0.206185321784255	0	7	0.858118413743027	-0.63452755933849	132	14
7132	2	-0.062366172371016	0	7	0.858118413743027	-0.63452755933849	132	14
7134	1	0.427694877249206	0	7	0.858118413743027	-0.63452755933849	132	14
7135	1	0.509207760726171	0	7	0.858118413743027	-0.63452755933849	132	14
7136	1	-0.298871465445067	0	7	0.858118413743027	-0.63452755933849	132	14
7138	1	-0.21220015382144	0	7	0.858118413743027	-0.63452755933849	132	14
7139	1	0.385848746687213	0	7	0.858118413743027	-0.63452755933849	132	14
7140	1	-0.173506460316769	0	7	0.858118413743027	-0.63452755933849	132	14
7145	2	-0.588172210395382	0	7	0.858118413743027	-0.63452755933849	132	14
7148	2	-0.318107167226174	0	7	0.858118413743027	-0.63452755933849	132	14
7150	3	0.161952583636953	0	7	0.858118413743027	-0.63452755933849	132	14
7153	2	-0.429326583667689	0	7	0.858118413743027	-0.63452755933849	132	14
7156	0	0.0202622185635336	0	7	0.858118413743027	-0.63452755933849	132	14
7157	2	-0.268547690643616	0	7	0.858118413743027	-0.63452755933849	132	14
7158	3	-0.240128418551591	0	7	0.858118413743027	-0.63452755933849	132	14
7159	1	0.0165808523551043	0	7	0.858118413743027	-0.63452755933849	132	14
7161	1	-0.150288322265575	0	7	0.858118413743027	-0.63452755933849	132	14
7162	1	0.32923242584446	0	7	0.858118413743027	-0.63452755933849	132	14
7163	1	0.382825436430534	0	7	0.858118413743027	-0.63452755933849	132	14
7164	9	0.00128791812824026	0	7	0.858118413743027	-0.63452755933849	132	14
7165	4	0.491458853321771	0	7	0.858118413743027	-0.63452755933849	132	14
7167	3	0.500754283386805	0	7	0.858118413743027	-0.63452755933849	132	14
7168	2	-0.54523132961352	0	7	0.858118413743027	-0.63452755933849	132	14
7169	0	-0.00467642106846954	0	7	0.858118413743027	-0.63452755933849	132	14
7170	3	-0.162734217805326	0	7	0.858118413743027	-0.63452755933849	132	14
7171	2	-0.54301334989172	0	7	0.858118413743027	-0.63452755933849	132	14
7172	3	0.513709459060821	0	7	0.858118413743027	-0.63452755933849	132	14
7174	1	-0.402878927653694	0	7	0.858118413743027	-0.63452755933849	132	14
7175	0	-0.392384523216192	0	7	0.858118413743027	-0.63452755933849	132	14
7181	2	-0.159495384739309	0	7	0.858118413743027	-0.63452755933849	132	14
7182	0	0.120109981282407	0	7	0.858118413743027	-0.63452755933849	132	14
7185	2	-0.282486919563046	0	7	0.858118413743027	-0.63452755933849	132	14
7186	1	0.0699264414272085	0	7	0.858118413743027	-0.63452755933849	132	14
7187	1	0.0879079312167237	0	7	0.858118413743027	-0.63452755933849	132	14
7188	1	0.0137079740758758	0	7	0.858118413743027	-0.63452755933849	132	14
7189	0	-0.140450784123043	0	7	0.858118413743027	-0.63452755933849	132	14
7204	2	-0.438487080961579	0	7	0.858118413743027	-0.63452755933849	132	14
7205	3	0.103504330425371	0	7	0.858118413743027	-0.63452755933849	132	14
7216	2	-0.511582046031822	0	7	0.858118413743027	-0.63452755933849	132	14
7220	3	-0.359608495835265	0	7	0.858118413743027	-0.63452755933849	132	14
7223	0	-0.0664294329243975	0	7	0.858118413743027	-0.63452755933849	132	14
7224	0	0.0255292043144827	0	7	0.858118413743027	-0.63452755933849	132	14
7225	1	0.178555003567201	0	7	0.858118413743027	-0.63452755933849	132	14
7226	1	-0.201372211446567	0	7	0.858118413743027	-0.63452755933849	132	14
7227	1	-0.368608885008733	0	7	0.858118413743027	-0.63452755933849	132	14
7247	1	0.238711883437626	0	7	0.858118413743027	-0.63452755933849	132	14
7248	2	0.0509075753615957	0	7	0.858118413743027	-0.63452755933849	132	14
7249	5	0.184367525282381	0	7	0.858118413743027	-0.63452755933849	132	14
7251	1	0.597600881821516	0	7	0.858118413743027	-0.63452755933849	132	14
7253	1	-0.179704663775092	0	7	0.858118413743027	-0.63452755933849	132	14
7259	2	0.048426172281093	0	7	0.858118413743027	-0.63452755933849	132	14
7260	4	0.41548870273443	0	7	0.858118413743027	-0.63452755933849	132	14
7262	2	-0.094267801373977	0	7	0.858118413743027	-0.63452755933849	132	14
7263	3	0.55455292715559	0	7	0.858118413743027	-0.63452755933849	132	14
7264	4	0.426563357349456	0	7	0.858118413743027	-0.63452755933849	132	14
7265	0	0.16332054824947	0	7	0.858118413743027	-0.63452755933849	132	14
7266	0	0.260019739099834	0	7	0.858118413743027	-0.63452755933849	132	14
7270	1	0.187639583128862	0	7	0.858118413743027	-0.63452755933849	132	14
7273	1	-0.398885655403445	0	7	0.858118413743027	-0.63452755933849	132	14
7274	3	0.360087395842975	0	7	0.858118413743027	-0.63452755933849	132	14
7275	1	0.505732891177293	0	7	0.858118413743027	-0.63452755933849	132	14
7276	2	0.249034356413196	0	7	0.858118413743027	-0.63452755933849	132	14
7277	1	0.0883139684303891	0	7	0.858118413743027	-0.63452755933849	132	14
7280	1	0.396046864769407	0	7	0.858118413743027	-0.63452755933849	132	14
7283	3	0.201967019996771	0	7	0.858118413743027	-0.63452755933849	132	14
7286	0	0.0645805289916229	0	7	0.858118413743027	-0.63452755933849	132	14
7288	0	0.13383151937463	0	7	0.858118413743027	-0.63452755933849	132	14
7289	1	0.0370723461182469	0	7	0.858118413743027	-0.63452755933849	132	14
7292	0	-0.0588164974439744	0	7	0.858118413743027	-0.63452755933849	132	14
7293	2	-0.358995042218033	0	7	0.858118413743027	-0.63452755933849	132	14
7294	1	-0.4304810587779	0	7	0.858118413743027	-0.63452755933849	132	14
7295	3	0.45575379629573	0	7	0.858118413743027	-0.63452755933849	132	14
7296	1	0.133907877891696	0	7	0.858118413743027	-0.63452755933849	132	14
7297	4	0.213184627724352	0	7	0.858118413743027	-0.63452755933849	132	14
7298	1	-0.169226374324506	0	7	0.858118413743027	-0.63452755933849	132	14
7301	1	0.42162572999559	0	7	0.858118413743027	-0.63452755933849	132	14
7305	2	0.0189218241799426	0	7	0.858118413743027	-0.63452755933849	132	14
7306	2	0.425832647304315	0	7	0.858118413743027	-0.63452755933849	132	14
7311	13	0.469088462595174	0	7	0.858118413743027	-0.63452755933849	132	14
7314	2	0.666770460112106	0	7	0.858118413743027	-0.63452755933849	132	14
7317	4	0.142999396786863	0	7	0.858118413743027	-0.63452755933849	132	14
7319	4	0.411573975421257	0	7	0.858118413743027	-0.63452755933849	132	14
7320	1	0.0690857952328811	0	7	0.858118413743027	-0.63452755933849	132	14
7321	0	0.0727491758283504	0	7	0.858118413743027	-0.63452755933849	132	14
7322	0	0.170586467148305	0	7	0.858118413743027	-0.63452755933849	132	14
7323	0	0.0191973925932308	0	7	0.858118413743027	-0.63452755933849	132	14
7324	0	0.108375884990409	0	7	0.858118413743027	-0.63452755933849	132	14
7326	3	0.320484509948141	0	7	0.858118413743027	-0.63452755933849	132	14
7327	2	0.219989507432626	0	7	0.858118413743027	-0.63452755933849	132	14
7328	0	-0.0389682291884093	0	7	0.858118413743027	-0.63452755933849	132	14
7329	7	0.64650935831878	1	7	0.858118413743027	-0.63452755933849	132	14
7332	7	0.585331953394828	1	7	0.858118413743027	-0.63452755933849	132	14
7334	7	0.464991600092056	1	7	0.858118413743027	-0.63452755933849	132	14
7336	1	0.106792001396867	0	7	0.858118413743027	-0.63452755933849	132	14
7337	5	0.33232318220508	0	7	0.858118413743027	-0.63452755933849	132	14
7341	1	0.144290104154213	0	7	0.858118413743027	-0.63452755933849	132	14
7342	3	-0.204922874292833	0	7	0.858118413743027	-0.63452755933849	132	14
7343	4	0.385437793943079	0	7	0.858118413743027	-0.63452755933849	132	14
7345	0	-0.239843680177395	0	7	0.858118413743027	-0.63452755933849	132	14
7347	3	0.194988759768368	0	7	0.858118413743027	-0.63452755933849	132	14
7348	0	0.137254181450827	0	7	0.858118413743027	-0.63452755933849	132	14
7351	2	-0.087636490652994	0	7	0.858118413743027	-0.63452755933849	132	14
7352	3	-0.00925023825751982	0	7	0.858118413743027	-0.63452755933849	132	14
7353	1	0.294946982018592	0	7	0.858118413743027	-0.63452755933849	132	14
7355	1	0.414074540747673	0	7	0.858118413743027	-0.63452755933849	132	14
7357	3	-0.359498955784799	0	7	0.858118413743027	-0.63452755933849	132	14
7358	1	-0.198619472974574	0	7	0.858118413743027	-0.63452755933849	132	14
7360	3	0.256653180315474	0	7	0.858118413743027	-0.63452755933849	132	14
7368	0	0.23989114363266	0	7	0.858118413743027	-0.63452755933849	132	14
7369	2	0.368517916155811	0	7	0.858118413743027	-0.63452755933849	132	14
7372	0	-0.177188874790374	0	7	0.858118413743027	-0.63452755933849	132	14
7373	2	-0.425465898665723	0	7	0.858118413743027	-0.63452755933849	132	14
7374	1	0.367434813266569	0	7	0.858118413743027	-0.63452755933849	132	14
7375	0	-0.135167892251176	0	7	0.858118413743027	-0.63452755933849	132	14
7376	4	0.387747621863519	0	7	0.858118413743027	-0.63452755933849	132	14
7378	2	-0.268012638873925	0	7	0.858118413743027	-0.63452755933849	132	14
7381	4	0.678483533749548	0	7	0.858118413743027	-0.63452755933849	132	14
7384	3	0.521349906828303	0	7	0.858118413743027	-0.63452755933849	132	14
7385	3	0.376472085211771	0	7	0.858118413743027	-0.63452755933849	132	14
7389	4	0.421860900585084	0	7	0.858118413743027	-0.63452755933849	132	14
7390	3	0.324133991642793	0	7	0.858118413743027	-0.63452755933849	132	14
7392	0	0.382359430309598	0	7	0.858118413743027	-0.63452755933849	132	14
7398	1	0.29394192031045	0	7	0.858118413743027	-0.63452755933849	132	14
7399	0	0.0588328133295474	0	7	0.858118413743027	-0.63452755933849	132	14
7402	3	-0.328688323652356	0	7	0.858118413743027	-0.63452755933849	132	14
7403	0	0.100137819771112	0	7	0.858118413743027	-0.63452755933849	132	14
7404	0	-0.143527603858409	0	7	0.858118413743027	-0.63452755933849	132	14
7405	1	-0.136114822779246	0	7	0.858118413743027	-0.63452755933849	132	14
7408	2	-0.0171084683734744	0	7	0.858118413743027	-0.63452755933849	132	14
7409	2	-0.218960070445889	0	7	0.858118413743027	-0.63452755933849	132	14
7410	5	0.425454740897291	0	7	0.858118413743027	-0.63452755933849	132	14
7411	1	0.441315965126177	0	7	0.858118413743027	-0.63452755933849	132	14
7412	2	-0.256300929233344	0	7	0.858118413743027	-0.63452755933849	132	14
7414	2	-0.0878980552995367	0	7	0.858118413743027	-0.63452755933849	132	14
7415	1	0.635796503637676	0	7	0.858118413743027	-0.63452755933849	132	14
7419	1	0.628828691905654	0	7	0.858118413743027	-0.63452755933849	132	14
7421	3	0.126026284163376	0	7	0.858118413743027	-0.63452755933849	132	14
7422	1	0.291213425354619	0	7	0.858118413743027	-0.63452755933849	132	14
7423	0	-0.025843528334636	0	7	0.858118413743027	-0.63452755933849	132	14
7424	3	-0.439211385568535	0	7	0.858118413743027	-0.63452755933849	132	14
7425	0	0.202399686025061	0	7	0.858118413743027	-0.63452755933849	132	14
7429	3	0.300129879476612	0	7	0.858118413743027	-0.63452755933849	132	14
7430	3	0.307494978893939	0	7	0.858118413743027	-0.63452755933849	132	14
7431	0	-0.406620698022204	0	7	0.858118413743027	-0.63452755933849	132	14
7433	9	0.0974663559897503	0	7	0.858118413743027	-0.63452755933849	132	14
7434	0	0.182324340476988	0	7	0.858118413743027	-0.63452755933849	132	14
7436	2	0.0322063103832924	0	7	0.858118413743027	-0.63452755933849	132	14
7439	0	0.091133206785069	0	7	0.858118413743027	-0.63452755933849	132	14
7443	0	0.288590884635249	0	7	0.858118413743027	-0.63452755933849	132	14
7444	3	-0.306641852812855	0	7	0.858118413743027	-0.63452755933849	132	14
7447	0	0.0313577144036984	0	7	0.858118413743027	-0.63452755933849	132	14
7450	2	-0.508638399576745	0	7	0.858118413743027	-0.63452755933849	132	14
7453	11	-0.277584243664852	0	7	0.858118413743027	-0.63452755933849	132	14
7454	2	0.158966776809224	0	7	0.858118413743027	-0.63452755933849	132	14
7456	2	-0.437911703411644	0	7	0.858118413743027	-0.63452755933849	132	14
7461	2	-0.218789245804025	0	7	0.858118413743027	-0.63452755933849	132	14
7462	2	-0.262849625958101	0	7	0.858118413743027	-0.63452755933849	132	14
7464	1	0.365565135343434	0	7	0.858118413743027	-0.63452755933849	132	14
7465	1	0.22087390029338	0	7	0.858118413743027	-0.63452755933849	132	14
7466	1	0.118814344495506	0	7	0.858118413743027	-0.63452755933849	132	14
7468	3	-0.4210608172071	0	7	0.858118413743027	-0.63452755933849	132	14
7474	0	0.0334923507309625	0	7	0.858118413743027	-0.63452755933849	132	14
7475	0	0.236538800825843	0	7	0.858118413743027	-0.63452755933849	132	14
7476	0	-0.0326740248491294	0	7	0.858118413743027	-0.63452755933849	132	14
7477	0	0.336724057965223	0	7	0.858118413743027	-0.63452755933849	132	14
7479	5	0.253960941682801	0	7	0.858118413743027	-0.63452755933849	132	14
7481	3	0.0917651970716648	0	7	0.858118413743027	-0.63452755933849	132	14
7482	2	-0.370018372222421	0	7	0.858118413743027	-0.63452755933849	132	14
7485	1	0.272271419795184	0	7	0.858118413743027	-0.63452755933849	132	14
7486	3	-0.216663646505489	0	7	0.858118413743027	-0.63452755933849	132	14
7490	1	0.412607780512195	0	7	0.858118413743027	-0.63452755933849	132	14
7494	0	-0.133417192538939	0	7	0.858118413743027	-0.63452755933849	132	14
7498	2	-0.0964251210932095	0	7	0.858118413743027	-0.63452755933849	132	14
7504	0	0.0184024234082772	0	7	0.858118413743027	-0.63452755933849	132	14
7507	1	-0.0513628931293669	0	7	0.858118413743027	-0.63452755933849	132	14
7508	3	0.479331631290902	0	7	0.858118413743027	-0.63452755933849	132	14
7511	2	-0.272938799147938	0	7	0.858118413743027	-0.63452755933849	132	14
7512	3	0.295244907063011	0	7	0.858118413743027	-0.63452755933849	132	14
7514	4	-0.472582664057574	0	7	0.858118413743027	-0.63452755933849	132	14
7515	4	0.595428057364427	0	7	0.858118413743027	-0.63452755933849	132	14
7517	1	-0.367995786175826	0	7	0.858118413743027	-0.63452755933849	132	14
7518	0	-0.0274439952316355	0	7	0.858118413743027	-0.63452755933849	132	14
7520	2	-0.273438210874634	0	7	0.858118413743027	-0.63452755933849	132	14
7525	5	0.269458576108697	0	7	0.858118413743027	-0.63452755933849	132	14
7528	0	0.0531286199728873	0	7	0.858118413743027	-0.63452755933849	132	14
7529	0	0.0384826150268397	0	7	0.858118413743027	-0.63452755933849	132	14
7531	1	0.269304879420278	0	7	0.858118413743027	-0.63452755933849	132	14
7533	7	-0.723394493668589	1	7	0.858118413743027	-0.63452755933849	132	14
7534	1	0.0881313731625479	0	7	0.858118413743027	-0.63452755933849	132	14
7535	2	-0.467083557166442	0	7	0.858118413743027	-0.63452755933849	132	14
7536	3	-0.404008549856537	0	7	0.858118413743027	-0.63452755933849	132	14
7538	10	0.391108297193615	0	7	0.858118413743027	-0.63452755933849	132	14
7539	1	0.308885887420802	0	7	0.858118413743027	-0.63452755933849	132	14
7541	0	0.107558542742321	0	7	0.858118413743027	-0.63452755933849	132	14
7542	4	0.565167466453396	0	7	0.858118413743027	-0.63452755933849	132	14
7543	0	0.0761544779556738	0	7	0.858118413743027	-0.63452755933849	132	14
7544	0	0.0104688732736929	0	7	0.858118413743027	-0.63452755933849	132	14
7551	0	-0.149991924821009	0	7	0.858118413743027	-0.63452755933849	132	14
7552	0	0.250572769057953	0	7	0.858118413743027	-0.63452755933849	132	14
7553	4	-0.508565203899231	0	7	0.858118413743027	-0.63452755933849	132	14
7555	1	0.47081413366601	0	7	0.858118413743027	-0.63452755933849	132	14
7556	0	0.0843592836715385	0	7	0.858118413743027	-0.63452755933849	132	14
7559	0	-0.0549604421833619	0	7	0.858118413743027	-0.63452755933849	132	14
7561	2	0.338622862491463	0	7	0.858118413743027	-0.63452755933849	132	14
7564	1	0.361077536141178	0	7	0.858118413743027	-0.63452755933849	132	14
7570	0	-0.0489396373993579	0	7	0.858118413743027	-0.63452755933849	132	14
7571	0	-0.140515901668155	0	7	0.858118413743027	-0.63452755933849	132	14
7572	0	0.0779704307666384	0	7	0.858118413743027	-0.63452755933849	132	14
7580	1	0.188529325778446	0	7	0.858118413743027	-0.63452755933849	132	14
7582	0	0.400691213100135	0	7	0.858118413743027	-0.63452755933849	132	14
7584	3	-0.11531277640483	0	7	0.858118413743027	-0.63452755933849	132	14
7586	0	0.0684042967072979	0	7	0.858118413743027	-0.63452755933849	132	14
7592	2	0.388986575443069	0	7	0.858118413743027	-0.63452755933849	132	14
7593	0	-0.182557512140219	0	7	0.858118413743027	-0.63452755933849	132	14
7594	6	-0.352575074003282	0	7	0.858118413743027	-0.63452755933849	132	14
7596	1	0.118167299238344	0	7	0.858118413743027	-0.63452755933849	132	14
7597	0	-0.0085669407811475	0	7	0.858118413743027	-0.63452755933849	132	14
7625	1	-0.470647881390301	0	7	0.858118413743027	-0.63452755933849	132	14
7626	0	-0.140771440594792	0	7	0.858118413743027	-0.63452755933849	132	14
7629	0	0.285937339143099	0	7	0.858118413743027	-0.63452755933849	132	14
7633	2	-0.379457451443257	0	7	0.858118413743027	-0.63452755933849	132	14
7638	0	0.0663128642163999	0	7	0.858118413743027	-0.63452755933849	132	14
7639	3	-0.238131920148958	0	7	0.858118413743027	-0.63452755933849	132	14
7644	2	0.35222840825182	0	7	0.858118413743027	-0.63452755933849	132	14
7673	1	-0.0952305167023625	0	7	0.858118413743027	-0.63452755933849	132	14
7678	1	0.561380000885541	0	7	0.858118413743027	-0.63452755933849	132	14
7691	0	0.091094346335046	0	7	0.858118413743027	-0.63452755933849	132	14
7692	0	-0.31452015100353	0	7	0.858118413743027	-0.63452755933849	132	14
7693	1	0.508941832210484	0	7	0.858118413743027	-0.63452755933849	132	14
7694	1	0.276127582632964	0	7	0.858118413743027	-0.63452755933849	132	14
7695	1	-0.0962375882029143	0	7	0.858118413743027	-0.63452755933849	132	14
7699	1	0.365505157607453	0	7	0.858118413743027	-0.63452755933849	132	14
7701	1	0.28502562325999	0	7	0.858118413743027	-0.63452755933849	132	14
7702	0	0.132203336340812	0	7	0.858118413743027	-0.63452755933849	132	14
7703	2	0.414370925413579	0	7	0.858118413743027	-0.63452755933849	132	14
7704	1	0.163850678623465	0	7	0.858118413743027	-0.63452755933849	132	14
7705	0	-0.0383066274082253	0	7	0.858118413743027	-0.63452755933849	132	14
7707	1	-0.100180399147077	0	7	0.858118413743027	-0.63452755933849	132	14
7709	0	-0.0471343058523261	0	7	0.858118413743027	-0.63452755933849	132	14
7710	6	-0.0975189873005609	0	7	0.858118413743027	-0.63452755933849	132	14
7716	1	0.291550307866072	0	7	0.858118413743027	-0.63452755933849	132	14
7718	0	0.0470500359167789	0	7	0.858118413743027	-0.63452755933849	132	14
7727	5	0.364597261684496	0	7	0.858118413743027	-0.63452755933849	132	14
7728	2	0.519928339480896	0	7	0.858118413743027	-0.63452755933849	132	14
7733	0	0.0627391400093642	0	7	0.858118413743027	-0.63452755933849	132	14
7737	4	0.310083121961137	0	7	0.858118413743027	-0.63452755933849	132	14
7738	0	0.268850591750082	0	7	0.858118413743027	-0.63452755933849	132	14
7739	1	0.255410641998769	0	7	0.858118413743027	-0.63452755933849	132	14
7741	1	-0.0121522943461931	0	7	0.858118413743027	-0.63452755933849	132	14
7743	1	0.0972383628964892	0	7	0.858118413743027	-0.63452755933849	132	14
7745	5	0.313204332887841	0	7	0.858118413743027	-0.63452755933849	132	14
7746	0	0.0928125641822595	0	7	0.858118413743027	-0.63452755933849	132	14
7748	0	-0.0862952935182369	0	7	0.858118413743027	-0.63452755933849	132	14
7750	6	-0.361457976453019	0	7	0.858118413743027	-0.63452755933849	132	14
7752	0	0.175496167821475	0	7	0.858118413743027	-0.63452755933849	132	14
7753	0	0.0210363827557307	0	7	0.858118413743027	-0.63452755933849	132	14
7755	0	-0.140827275609057	0	7	0.858118413743027	-0.63452755933849	132	14
7761	2	0.445450518345116	0	7	0.858118413743027	-0.63452755933849	132	14
7762	2	-0.0929159416733565	0	7	0.858118413743027	-0.63452755933849	132	14
7763	1	0.218727639960465	0	7	0.858118413743027	-0.63452755933849	132	14
7764	2	-0.203696717530985	0	7	0.858118413743027	-0.63452755933849	132	14
7766	2	0.196394132935551	0	7	0.858118413743027	-0.63452755933849	132	14
7767	0	0.0783769096145325	0	7	0.858118413743027	-0.63452755933849	132	14
7768	0	0.116206141825009	0	7	0.858118413743027	-0.63452755933849	132	14
7769	0	-0.012387087069308	0	7	0.858118413743027	-0.63452755933849	132	14
7770	0	-0.212353468955076	0	7	0.858118413743027	-0.63452755933849	132	14
7773	1	0.224770893694129	0	7	0.858118413743027	-0.63452755933849	132	14
7775	0	0.082309040731567	0	7	0.858118413743027	-0.63452755933849	132	14
7776	0	0.122436545250424	0	7	0.858118413743027	-0.63452755933849	132	14
7782	2	0.390235939008149	0	7	0.858118413743027	-0.63452755933849	132	14
7786	3	-0.172967487680773	0	7	0.858118413743027	-0.63452755933849	132	14
7791	2	-0.300891812337753	0	7	0.858118413743027	-0.63452755933849	132	14
7798	11	-0.297986126389191	0	7	0.858118413743027	-0.63452755933849	132	14
7799	3	-0.0857452976726082	0	7	0.858118413743027	-0.63452755933849	132	14
7802	4	0.331021423233074	0	7	0.858118413743027	-0.63452755933849	132	14
7803	3	0.328023950382211	0	7	0.858118413743027	-0.63452755933849	132	14
7804	2	-0.0233889185585928	0	7	0.858118413743027	-0.63452755933849	132	14
7805	2	-0.238655418259451	0	7	0.858118413743027	-0.63452755933849	132	14
7812	1	0.354649264153034	0	7	0.858118413743027	-0.63452755933849	132	14
7813	5	0.0921952806398692	0	7	0.858118413743027	-0.63452755933849	132	14
7818	0	0.407188174473813	0	7	0.858118413743027	-0.63452755933849	132	14
7827	1	0.29559772970126	0	7	0.858118413743027	-0.63452755933849	132	14
7832	1	0.548774133533958	0	7	0.858118413743027	-0.63452755933849	132	14
7837	2	-0.415208589170258	0	7	0.858118413743027	-0.63452755933849	132	14
7840	3	-0.278365574982264	0	7	0.858118413743027	-0.63452755933849	132	14
7841	0	0.0630816549043847	0	7	0.858118413743027	-0.63452755933849	132	14
7844	1	0.341566963192711	0	7	0.858118413743027	-0.63452755933849	132	14
7849	2	-0.130326679820499	0	7	0.858118413743027	-0.63452755933849	132	14
7850	10	0.358158129711418	0	7	0.858118413743027	-0.63452755933849	132	14
7852	2	0.115947904737203	0	7	0.858118413743027	-0.63452755933849	132	14
7855	3	0.274154444370835	0	7	0.858118413743027	-0.63452755933849	132	14
7862	0	-0.0411623724930349	0	7	0.858118413743027	-0.63452755933849	132	14
7866	1	-0.236369394560739	0	7	0.858118413743027	-0.63452755933849	132	14
7867	3	0.158017926936982	0	7	0.858118413743027	-0.63452755933849	132	14
7869	5	0.554196931838631	0	7	0.858118413743027	-0.63452755933849	132	14
7873	0	0.113801082568346	0	7	0.858118413743027	-0.63452755933849	132	14
7874	3	-0.0443666526521857	0	7	0.858118413743027	-0.63452755933849	132	14
7879	4	0.280855212828517	0	7	0.858118413743027	-0.63452755933849	132	14
7881	2	-0.39366268772525	0	7	0.858118413743027	-0.63452755933849	132	14
7884	1	0.347327508803277	0	7	0.858118413743027	-0.63452755933849	132	14
7903	2	-0.0309745568832408	0	7	0.858118413743027	-0.63452755933849	132	14
7905	4	0.488158468678631	0	7	0.858118413743027	-0.63452755933849	132	14
7913	2	-0.0325480015544978	0	7	0.858118413743027	-0.63452755933849	132	14
7915	3	0.288170979749966	0	7	0.858118413743027	-0.63452755933849	132	14
7916	1	0.434044071483609	0	7	0.858118413743027	-0.63452755933849	132	14
7941	2	-0.347965914885236	0	7	0.858118413743027	-0.63452755933849	132	14
7942	0	-0.0883563120841684	0	7	0.858118413743027	-0.63452755933849	132	14
7957	0	0.218291370313188	0	7	0.858118413743027	-0.63452755933849	132	14
7965	0	0.327544640070851	0	7	0.858118413743027	-0.63452755933849	132	14
7975	5	0.391066840612458	0	7	0.858118413743027	-0.63452755933849	132	14
7976	0	-0.0737275171529915	0	7	0.858118413743027	-0.63452755933849	132	14
7978	0	-0.258518602827139	0	7	0.858118413743027	-0.63452755933849	132	14
7979	1	-0.164074499441714	0	7	0.858118413743027	-0.63452755933849	132	14
7980	2	-0.151096156386753	0	7	0.858118413743027	-0.63452755933849	132	14
7988	0	-0.141301885495595	0	7	0.858118413743027	-0.63452755933849	132	14
7991	1	0.156729509862175	0	7	0.858118413743027	-0.63452755933849	132	14
7993	0	0.0658611987295236	0	7	0.858118413743027	-0.63452755933849	132	14
7994	3	-0.160510878593875	0	7	0.858118413743027	-0.63452755933849	132	14
8000	0	-0.139444112343112	0	7	0.858118413743027	-0.63452755933849	132	14
8013	0	0.129702317983495	0	7	0.858118413743027	-0.63452755933849	132	14
8019	1	0.118117448959395	0	7	0.858118413743027	-0.63452755933849	132	14
8021	2	-0.166395393022718	0	7	0.858118413743027	-0.63452755933849	132	14
8027	0	-0.0516699217570632	0	7	0.858118413743027	-0.63452755933849	132	14
8028	1	-0.108359209525117	0	7	0.858118413743027	-0.63452755933849	132	14
8029	3	0.186276086691384	0	7	0.858118413743027	-0.63452755933849	132	14
8030	1	0.56787086693377	0	7	0.858118413743027	-0.63452755933849	132	14
8031	3	0.405329016133642	0	7	0.858118413743027	-0.63452755933849	132	14
8034	0	0.302471501956806	0	7	0.858118413743027	-0.63452755933849	132	14
8036	1	-0.018156854837132	0	7	0.858118413743027	-0.63452755933849	132	14
8038	2	-0.275840098932179	0	7	0.858118413743027	-0.63452755933849	132	14
8045	4	0.619961444720814	0	7	0.858118413743027	-0.63452755933849	132	14
8048	1	-0.322131397615754	0	7	0.858118413743027	-0.63452755933849	132	14
8050	2	0.0838098023053651	0	7	0.858118413743027	-0.63452755933849	132	14
8061	2	-0.164052560114964	0	7	0.858118413743027	-0.63452755933849	132	14
8065	1	0.430860071068617	0	7	0.858118413743027	-0.63452755933849	132	14
8073	0	0.0425773674232472	0	7	0.858118413743027	-0.63452755933849	132	14
8076	0	0.195714951799852	0	7	0.858118413743027	-0.63452755933849	132	14
8078	4	0.439077548931121	0	7	0.858118413743027	-0.63452755933849	132	14
8079	4	0.484749828787146	0	7	0.858118413743027	-0.63452755933849	132	14
8082	2	-0.36998435018024	0	7	0.858118413743027	-0.63452755933849	132	14
8085	3	-0.25683499984171	0	7	0.858118413743027	-0.63452755933849	132	14
8086	0	0.457559203208987	0	7	0.858118413743027	-0.63452755933849	132	14
8087	1	0.46181974025546	0	7	0.858118413743027	-0.63452755933849	132	14
8089	1	0.190456241025251	0	7	0.858118413743027	-0.63452755933849	132	14
8091	2	-0.134708551634373	0	7	0.858118413743027	-0.63452755933849	132	14
8092	2	0.0594651517892186	0	7	0.858118413743027	-0.63452755933849	132	14
8099	3	-0.313285301927386	0	7	0.858118413743027	-0.63452755933849	132	14
8100	3	0.303490178129156	0	7	0.858118413743027	-0.63452755933849	132	14
8111	2	-0.2271841688131	0	7	0.858118413743027	-0.63452755933849	132	14
8115	2	0.144868648033838	0	7	0.858118413743027	-0.63452755933849	132	14
8120	0	0.146481243456801	0	7	0.858118413743027	-0.63452755933849	132	14
8125	0	0.077662024334326	0	7	0.858118413743027	-0.63452755933849	132	14
8131	4	0.398512819631259	0	7	0.858118413743027	-0.63452755933849	132	14
8139	3	-0.239988190601833	0	7	0.858118413743027	-0.63452755933849	132	14
8140	0	0.184892537905565	0	7	0.858118413743027	-0.63452755933849	132	14
8148	0	0.322893821444064	0	7	0.858118413743027	-0.63452755933849	132	14
8153	0	0.218493258655072	0	7	0.858118413743027	-0.63452755933849	132	14
8161	0	0.354033093746876	0	7	0.858118413743027	-0.63452755933849	132	14
8165	3	0.0912686665201395	0	7	0.858118413743027	-0.63452755933849	132	14
8175	0	0.189201580369377	0	7	0.858118413743027	-0.63452755933849	132	14
8178	0	0.101370639925364	0	7	0.858118413743027	-0.63452755933849	132	14
8187	0	0.397797832903725	0	7	0.858118413743027	-0.63452755933849	132	14
8189	1	-0.131143325927738	0	7	0.858118413743027	-0.63452755933849	132	14
8192	4	0.593524654462404	0	7	0.858118413743027	-0.63452755933849	132	14
8195	3	0.315466253567957	0	7	0.858118413743027	-0.63452755933849	132	14
8200	1	-0.138269913831843	0	7	0.858118413743027	-0.63452755933849	132	14
8202	7	-0.522257963935334	1	7	0.858118413743027	-0.63452755933849	132	14
8204	1	0.211467983588145	0	7	0.858118413743027	-0.63452755933849	132	14
8208	0	0.161199769653911	0	7	0.858118413743027	-0.63452755933849	132	14
8216	1	0.470187528069222	0	7	0.858118413743027	-0.63452755933849	132	14
8218	1	-0.0625939804306775	0	7	0.858118413743027	-0.63452755933849	132	14
8224	3	-0.0971138145120632	0	7	0.858118413743027	-0.63452755933849	132	14
8226	0	0.11319721710124	0	7	0.858118413743027	-0.63452755933849	132	14
8228	3	0.516044005789523	0	7	0.858118413743027	-0.63452755933849	132	14
8233	0	-0.0363419991607505	0	7	0.858118413743027	-0.63452755933849	132	14
8237	4	0.373683799912123	0	7	0.858118413743027	-0.63452755933849	132	14
8239	1	0.036981306919512	0	7	0.858118413743027	-0.63452755933849	132	14
8241	1	0.237473238571393	0	7	0.858118413743027	-0.63452755933849	132	14
8242	0	0.103872191185653	0	7	0.858118413743027	-0.63452755933849	132	14
8243	0	-0.210284394028645	0	7	0.858118413743027	-0.63452755933849	132	14
8260	4	0.237138444725377	0	7	0.858118413743027	-0.63452755933849	132	14
8266	0	0.135272968836009	0	7	0.858118413743027	-0.63452755933849	132	14
8269	0	0.244186804865169	0	7	0.858118413743027	-0.63452755933849	132	14
8270	0	0.0471353154477437	0	7	0.858118413743027	-0.63452755933849	132	14
8273	1	0.118276919531979	0	7	0.858118413743027	-0.63452755933849	132	14
8284	0	-0.183051246357934	0	7	0.858118413743027	-0.63452755933849	132	14
8287	0	-0.22735736409758	0	7	0.858118413743027	-0.63452755933849	132	14
8288	0	0.140833137647961	0	7	0.858118413743027	-0.63452755933849	132	14
8289	1	-0.156586204278245	0	7	0.858118413743027	-0.63452755933849	132	14
8291	9	0.00675782117393733	0	7	0.858118413743027	-0.63452755933849	132	14
8292	1	-0.258246886442728	0	7	0.858118413743027	-0.63452755933849	132	14
8295	2	-0.456843997939655	0	7	0.858118413743027	-0.63452755933849	132	14
8301	1	0.221222826985795	0	7	0.858118413743027	-0.63452755933849	132	14
8303	2	-0.379697228226057	0	7	0.858118413743027	-0.63452755933849	132	14
8309	3	0.449567601148833	0	7	0.858118413743027	-0.63452755933849	132	14
8310	0	-0.139121600742772	0	7	0.858118413743027	-0.63452755933849	132	14
8312	0	0.0856864213657463	0	7	0.858118413743027	-0.63452755933849	132	14
8314	4	0.254528302283945	0	7	0.858118413743027	-0.63452755933849	132	14
8315	2	0.219266027859763	0	7	0.858118413743027	-0.63452755933849	132	14
8317	2	-0.385927480909335	0	7	0.858118413743027	-0.63452755933849	132	14
8321	8	0.0415502899060435	0	7	0.858118413743027	-0.63452755933849	132	14
8322	2	-0.0597251974830647	0	7	0.858118413743027	-0.63452755933849	132	14
8323	2	-0.208803239134202	0	7	0.858118413743027	-0.63452755933849	132	14
8324	0	0.0655249278520719	0	7	0.858118413743027	-0.63452755933849	132	14
8328	3	-0.183983142531051	0	7	0.858118413743027	-0.63452755933849	132	14
8332	2	0.107460353276685	0	7	0.858118413743027	-0.63452755933849	132	14
8340	0	0.342911929020227	0	7	0.858118413743027	-0.63452755933849	132	14
8342	2	0.14157985639363	0	7	0.858118413743027	-0.63452755933849	132	14
8345	13	0.193588255769064	0	7	0.858118413743027	-0.63452755933849	132	14
8348	0	0.267088828142187	0	7	0.858118413743027	-0.63452755933849	132	14
8349	1	0.432231342049297	0	7	0.858118413743027	-0.63452755933849	132	14
8372	0	0.0382812030339884	0	7	0.858118413743027	-0.63452755933849	132	14
8379	0	-0.349589676898601	0	7	0.858118413743027	-0.63452755933849	132	14
8382	3	0.515785817213931	0	7	0.858118413743027	-0.63452755933849	132	14
8394	1	0.0133401712614843	0	7	0.858118413743027	-0.63452755933849	132	14
8395	3	-0.196760646222942	0	7	0.858118413743027	-0.63452755933849	132	14
8396	0	0.138042623195382	0	7	0.858118413743027	-0.63452755933849	132	14
8398	0	0.1998839767703	0	7	0.858118413743027	-0.63452755933849	132	14
8402	3	0.445157476707702	0	7	0.858118413743027	-0.63452755933849	132	14
8404	2	-0.344911562073154	0	7	0.858118413743027	-0.63452755933849	132	14
8405	1	0.0237583978239158	0	7	0.858118413743027	-0.63452755933849	132	14
8406	2	-0.247605176338952	0	7	0.858118413743027	-0.63452755933849	132	14
8407	2	-0.0867243213785448	0	7	0.858118413743027	-0.63452755933849	132	14
8408	1	0.28487741336818	0	7	0.858118413743027	-0.63452755933849	132	14
8409	13	0.289478508782724	0	7	0.858118413743027	-0.63452755933849	132	14
8411	1	0.148018570533479	0	7	0.858118413743027	-0.63452755933849	132	14
8412	1	0.262017505692798	0	7	0.858118413743027	-0.63452755933849	132	14
8416	3	0.602687313631124	0	7	0.858118413743027	-0.63452755933849	132	14
8417	2	0.577286171599087	0	7	0.858118413743027	-0.63452755933849	132	14
8424	3	0.186276492010843	0	7	0.858118413743027	-0.63452755933849	132	14
8425	3	0.0565695790018176	0	7	0.858118413743027	-0.63452755933849	132	14
8427	0	-0.0399932949769225	0	7	0.858118413743027	-0.63452755933849	132	14
8428	0	-0.0099382230340667	0	7	0.858118413743027	-0.63452755933849	132	14
8431	0	-0.095767425401559	0	7	0.858118413743027	-0.63452755933849	132	14
8434	5	0.245657617135712	0	7	0.858118413743027	-0.63452755933849	132	14
8435	0	0.000665392556260321	0	7	0.858118413743027	-0.63452755933849	132	14
8436	1	0.0945366449365656	0	7	0.858118413743027	-0.63452755933849	132	14
8437	2	-0.105517737388499	0	7	0.858118413743027	-0.63452755933849	132	14
8438	2	-0.191878066946935	0	7	0.858118413743027	-0.63452755933849	132	14
8439	1	-0.0531562005343495	0	7	0.858118413743027	-0.63452755933849	132	14
8440	1	0.177731785598558	0	7	0.858118413743027	-0.63452755933849	132	14
8443	1	0.169385491194938	0	7	0.858118413743027	-0.63452755933849	132	14
8444	3	-0.273961413891483	0	7	0.858118413743027	-0.63452755933849	132	14
8445	2	-0.463406159085189	0	7	0.858118413743027	-0.63452755933849	132	14
8446	1	-0.0260798088981345	0	7	0.858118413743027	-0.63452755933849	132	14
8447	2	-0.0545738274690821	0	7	0.858118413743027	-0.63452755933849	132	14
8448	3	-0.0611618850584542	0	7	0.858118413743027	-0.63452755933849	132	14
8450	1	0.207080006338234	0	7	0.858118413743027	-0.63452755933849	132	14
8451	0	-0.206538660169476	0	7	0.858118413743027	-0.63452755933849	132	14
8452	1	-0.05311666920471	0	7	0.858118413743027	-0.63452755933849	132	14
8453	1	0.0183137035910733	0	7	0.858118413743027	-0.63452755933849	132	14
8454	0	-0.397860930902984	0	7	0.858118413743027	-0.63452755933849	132	14
8455	1	0.224200303014761	0	7	0.858118413743027	-0.63452755933849	132	14
8458	0	-0.27079544842228	0	7	0.858118413743027	-0.63452755933849	132	14
8459	11	-0.151406795334237	0	7	0.858118413743027	-0.63452755933849	132	14
8460	2	-0.141771215463846	0	7	0.858118413743027	-0.63452755933849	132	14
8462	1	0.114777047616247	0	7	0.858118413743027	-0.63452755933849	132	14
8464	0	0.13040739569078	0	7	0.858118413743027	-0.63452755933849	132	14
8467	0	0.0163645381629671	0	7	0.858118413743027	-0.63452755933849	132	14
8470	1	-0.473812732764236	0	7	0.858118413743027	-0.63452755933849	132	14
8473	6	-0.480907669719352	0	7	0.858118413743027	-0.63452755933849	132	14
8476	9	-0.00520483682005652	0	7	0.858118413743027	-0.63452755933849	132	14
8477	2	-0.380479742763049	0	7	0.858118413743027	-0.63452755933849	132	14
8479	4	0.58441227210089	0	7	0.858118413743027	-0.63452755933849	132	14
8480	1	0.121251044463351	0	7	0.858118413743027	-0.63452755933849	132	14
8481	1	-0.275474643040384	0	7	0.858118413743027	-0.63452755933849	132	14
8482	3	-0.0474955140632776	0	7	0.858118413743027	-0.63452755933849	132	14
8483	2	-0.320460708820598	0	7	0.858118413743027	-0.63452755933849	132	14
8487	1	-0.408050224092323	0	7	0.858118413743027	-0.63452755933849	132	14
8490	2	-0.556099108091561	0	7	0.858118413743027	-0.63452755933849	132	14
8491	1	0.221270528316811	0	7	0.858118413743027	-0.63452755933849	132	14
8492	1	-0.0297835620924835	0	7	0.858118413743027	-0.63452755933849	132	14
8493	1	0.0209017096060393	0	7	0.858118413743027	-0.63452755933849	132	14
8495	3	0.547444538621046	0	7	0.858118413743027	-0.63452755933849	132	14
8496	4	-0.454548602014603	0	7	0.858118413743027	-0.63452755933849	132	14
8497	1	0.0579489681968258	0	7	0.858118413743027	-0.63452755933849	132	14
8498	1	0.423030175848051	0	7	0.858118413743027	-0.63452755933849	132	14
8499	1	-0.194463430568446	0	7	0.858118413743027	-0.63452755933849	132	14
8500	1	0.108854050729409	0	7	0.858118413743027	-0.63452755933849	132	14
8501	0	0.129672920535911	0	7	0.858118413743027	-0.63452755933849	132	14
8502	2	0.169272826998354	0	7	0.858118413743027	-0.63452755933849	132	14
8503	11	-0.332035083371681	0	7	0.858118413743027	-0.63452755933849	132	14
8504	2	-0.00369857905764578	0	7	0.858118413743027	-0.63452755933849	132	14
8506	2	-0.308725197731211	0	7	0.858118413743027	-0.63452755933849	132	14
8507	0	-0.357472070822958	0	7	0.858118413743027	-0.63452755933849	132	14
8508	3	0.479800186572995	0	7	0.858118413743027	-0.63452755933849	132	14
8509	3	0.0647743118986191	0	7	0.858118413743027	-0.63452755933849	132	14
8514	0	0.334829842607036	0	7	0.858118413743027	-0.63452755933849	132	14
8516	9	0.191839225766178	0	7	0.858118413743027	-0.63452755933849	132	14
8518	0	0.100222505568597	0	7	0.858118413743027	-0.63452755933849	132	14
8519	14	-0.0611606184165263	0	7	0.858118413743027	-0.63452755933849	132	14
8520	0	0.083622874714028	0	7	0.858118413743027	-0.63452755933849	132	14
8521	0	0.292583688798136	0	7	0.858118413743027	-0.63452755933849	132	14
8522	2	-0.242180506759156	0	7	0.858118413743027	-0.63452755933849	132	14
8525	0	0.105228917279041	0	7	0.858118413743027	-0.63452755933849	132	14
8526	9	-0.0493235291321714	0	7	0.858118413743027	-0.63452755933849	132	14
8527	3	-0.014880800001861	0	7	0.858118413743027	-0.63452755933849	132	14
8528	3	0.182716277439636	0	7	0.858118413743027	-0.63452755933849	132	14
8529	3	0.0726979908223398	0	7	0.858118413743027	-0.63452755933849	132	14
8530	10	0.172906286729824	0	7	0.858118413743027	-0.63452755933849	132	14
8531	1	0.353665743682475	0	7	0.858118413743027	-0.63452755933849	132	14
8533	1	0.218165390921458	0	7	0.858118413743027	-0.63452755933849	132	14
8534	1	0.0309746490104565	0	7	0.858118413743027	-0.63452755933849	132	14
8535	0	0.222868967476367	0	7	0.858118413743027	-0.63452755933849	132	14
8536	4	0.0680447442897228	0	7	0.858118413743027	-0.63452755933849	132	14
8537	1	-0.149457535984871	0	7	0.858118413743027	-0.63452755933849	132	14
8538	0	0.0714841728536595	0	7	0.858118413743027	-0.63452755933849	132	14
8539	0	0.384032974047977	0	7	0.858118413743027	-0.63452755933849	132	14
8540	0	0.0733374071624471	0	7	0.858118413743027	-0.63452755933849	132	14
8541	0	-0.0219394834491957	0	7	0.858118413743027	-0.63452755933849	132	14
8542	1	0.370120216924358	0	7	0.858118413743027	-0.63452755933849	132	14
8543	0	0.207969448860373	0	7	0.858118413743027	-0.63452755933849	132	14
8545	1	0.368239971311408	0	7	0.858118413743027	-0.63452755933849	132	14
8546	1	0.357317805612643	0	7	0.858118413743027	-0.63452755933849	132	14
8547	9	0.194929535618055	0	7	0.858118413743027	-0.63452755933849	132	14
8549	0	0.0372812360993511	0	7	0.858118413743027	-0.63452755933849	132	14
8550	0	-0.168997314663105	0	7	0.858118413743027	-0.63452755933849	132	14
8553	2	-0.130771109520008	0	7	0.858118413743027	-0.63452755933849	132	14
8554	1	0.0072160968401927	0	7	0.858118413743027	-0.63452755933849	132	14
8555	2	0.395121098089235	0	7	0.858118413743027	-0.63452755933849	132	14
8556	5	0.348983894672827	0	7	0.858118413743027	-0.63452755933849	132	14
8557	0	0.17256468596388	0	7	0.858118413743027	-0.63452755933849	132	14
8558	3	0.454681981261496	0	7	0.858118413743027	-0.63452755933849	132	14
8559	6	-0.367622472230763	0	7	0.858118413743027	-0.63452755933849	132	14
8560	2	0.00984206728696835	0	7	0.858118413743027	-0.63452755933849	132	14
8562	0	0.220627951727198	0	7	0.858118413743027	-0.63452755933849	132	14
8563	1	-0.230384935939664	0	7	0.858118413743027	-0.63452755933849	132	14
8564	3	0.201462668301673	0	7	0.858118413743027	-0.63452755933849	132	14
8565	2	0.0438960513710766	0	7	0.858118413743027	-0.63452755933849	132	14
8566	2	0.29881885754678	0	7	0.858118413743027	-0.63452755933849	132	14
8567	1	0.0120505864077138	0	7	0.858118413743027	-0.63452755933849	132	14
8568	0	0.154052620289547	0	7	0.858118413743027	-0.63452755933849	132	14
8569	2	-0.58469934297688	0	7	0.858118413743027	-0.63452755933849	132	14
8572	1	-0.294854434286239	0	7	0.858118413743027	-0.63452755933849	132	14
8573	2	-0.200970640229033	0	7	0.858118413743027	-0.63452755933849	132	14
8574	3	0.702120486374125	0	7	0.858118413743027	-0.63452755933849	132	14
8575	0	-0.406978603841472	0	7	0.858118413743027	-0.63452755933849	132	14
8576	0	0.109193544111893	0	7	0.858118413743027	-0.63452755933849	132	14
8578	9	0.0274033618673148	0	7	0.858118413743027	-0.63452755933849	132	14
8602	2	0.011038085516843	0	7	0.858118413743027	-0.63452755933849	132	14
8603	0	-0.313852731269669	0	7	0.858118413743027	-0.63452755933849	132	14
8604	1	0.157236824367371	0	7	0.858118413743027	-0.63452755933849	132	14
8605	0	0.0287432543316774	0	7	0.858118413743027	-0.63452755933849	132	14
8607	4	0.179869781814012	0	7	0.858118413743027	-0.63452755933849	132	14
8608	0	0.0473222354533491	0	7	0.858118413743027	-0.63452755933849	132	14
8609	1	0.386579259807068	0	7	0.858118413743027	-0.63452755933849	132	14
8611	9	0.0651008984032205	0	7	0.858118413743027	-0.63452755933849	132	14
8612	2	-0.282065252806899	0	7	0.858118413743027	-0.63452755933849	132	14
8613	9	0.227890276488346	0	7	0.858118413743027	-0.63452755933849	132	14
8614	0	0.210215343586483	0	7	0.858118413743027	-0.63452755933849	132	14
8615	1	0.406861985535416	0	7	0.858118413743027	-0.63452755933849	132	14
8620	6	-0.278847632969959	0	7	0.858118413743027	-0.63452755933849	132	14
8621	3	-0.204572078371853	0	7	0.858118413743027	-0.63452755933849	132	14
8622	0	-0.17059898156801	0	7	0.858118413743027	-0.63452755933849	132	14
8624	3	0.10458876790055	0	7	0.858118413743027	-0.63452755933849	132	14
8625	4	0.438486254022412	0	7	0.858118413743027	-0.63452755933849	132	14
8629	5	0.353554681955059	0	7	0.858118413743027	-0.63452755933849	132	14
8630	2	-0.140004002591564	0	7	0.858118413743027	-0.63452755933849	132	14
8631	1	0.397209256476829	0	7	0.858118413743027	-0.63452755933849	132	14
8632	0	-0.159528577428474	0	7	0.858118413743027	-0.63452755933849	132	14
8633	5	0.306693090233087	0	7	0.858118413743027	-0.63452755933849	132	14
8634	0	0.15138042082077	0	7	0.858118413743027	-0.63452755933849	132	14
8635	2	-0.404137314968748	0	7	0.858118413743027	-0.63452755933849	132	14
8636	4	0.761845881867187	0	7	0.858118413743027	-0.63452755933849	132	14
8638	14	-0.0442135133772817	0	7	0.858118413743027	-0.63452755933849	132	14
8639	2	-0.33977363034823	0	7	0.858118413743027	-0.63452755933849	132	14
8642	11	-0.369970116591988	0	7	0.858118413743027	-0.63452755933849	132	14
8643	3	-0.286278327948814	0	7	0.858118413743027	-0.63452755933849	132	14
8644	3	0.22755837170554	0	7	0.858118413743027	-0.63452755933849	132	14
8645	3	0.225157146807443	0	7	0.858118413743027	-0.63452755933849	132	14
8646	0	-0.0672054553720619	0	7	0.858118413743027	-0.63452755933849	132	14
8648	1	0.259880085584542	0	7	0.858118413743027	-0.63452755933849	132	14
8649	3	0.393257960668988	0	7	0.858118413743027	-0.63452755933849	132	14
8651	0	0.350152207616903	0	7	0.858118413743027	-0.63452755933849	132	14
8653	0	-0.0559294482292202	0	7	0.858118413743027	-0.63452755933849	132	14
8654	1	-0.402690297185394	0	7	0.858118413743027	-0.63452755933849	132	14
8655	1	0.633790172360773	0	7	0.858118413743027	-0.63452755933849	132	14
8658	3	-0.276167678683244	0	7	0.858118413743027	-0.63452755933849	132	14
8660	0	0.229154227424651	0	7	0.858118413743027	-0.63452755933849	132	14
8662	4	0.100472178338116	0	7	0.858118413743027	-0.63452755933849	132	14
8664	2	-0.162921735434984	0	7	0.858118413743027	-0.63452755933849	132	14
8666	4	0.339864691140361	0	7	0.858118413743027	-0.63452755933849	132	14
8667	3	0.278810797802834	0	7	0.858118413743027	-0.63452755933849	132	14
8668	4	0.270944775207939	0	7	0.858118413743027	-0.63452755933849	132	14
8669	0	0.216291626206562	0	7	0.858118413743027	-0.63452755933849	132	14
8671	3	0.246801049578571	0	7	0.858118413743027	-0.63452755933849	132	14
8672	3	-0.314058732621833	0	7	0.858118413743027	-0.63452755933849	132	14
8673	4	0.454052352879113	0	7	0.858118413743027	-0.63452755933849	132	14
8674	1	0.148783069343008	0	7	0.858118413743027	-0.63452755933849	132	14
8675	6	-0.408335993007959	0	7	0.858118413743027	-0.63452755933849	132	14
8676	1	0.411591000064409	0	7	0.858118413743027	-0.63452755933849	132	14
8677	4	0.40440432313782	0	7	0.858118413743027	-0.63452755933849	132	14
8678	0	-0.0441601954144498	0	7	0.858118413743027	-0.63452755933849	132	14
8682	1	0.44032416187192	0	7	0.858118413743027	-0.63452755933849	132	14
8685	2	-0.00676778470770373	0	7	0.858118413743027	-0.63452755933849	132	14
8690	0	0.0965583565957838	0	7	0.858118413743027	-0.63452755933849	132	14
8692	11	-0.21133500956965	0	7	0.858118413743027	-0.63452755933849	132	14
8694	4	0.508464326423912	0	7	0.858118413743027	-0.63452755933849	132	14
8697	1	0.363457283381984	0	7	0.858118413743027	-0.63452755933849	132	14
8698	0	0.234821037067244	0	7	0.858118413743027	-0.63452755933849	132	14
8702	3	0.144013089796661	0	7	0.858118413743027	-0.63452755933849	132	14
8703	1	0.40280770558679	0	7	0.858118413743027	-0.63452755933849	132	14
8704	7	0.69769557847748	1	7	0.858118413743027	-0.63452755933849	132	14
8706	1	0.136842683124993	0	7	0.858118413743027	-0.63452755933849	132	14
8707	1	0.288262819888399	0	7	0.858118413743027	-0.63452755933849	132	14
8711	0	0.167215849777364	0	7	0.858118413743027	-0.63452755933849	132	14
8714	2	-0.336153940324755	0	7	0.858118413743027	-0.63452755933849	132	14
8717	0	0.249594986750916	0	7	0.858118413743027	-0.63452755933849	132	14
8720	5	0.375491426077028	0	7	0.858118413743027	-0.63452755933849	132	14
8721	4	0.677594111538917	0	7	0.858118413743027	-0.63452755933849	132	14
8722	3	0.444473255631884	0	7	0.858118413743027	-0.63452755933849	132	14
8723	3	0.181097613141209	0	7	0.858118413743027	-0.63452755933849	132	14
8724	4	0.160720215372482	0	7	0.858118413743027	-0.63452755933849	132	14
8725	1	0.256432309283363	0	7	0.858118413743027	-0.63452755933849	132	14
8726	6	-0.456068216729896	0	7	0.858118413743027	-0.63452755933849	132	14
8727	1	0.210100755946177	0	7	0.858118413743027	-0.63452755933849	132	14
8728	2	-0.367712325825867	0	7	0.858118413743027	-0.63452755933849	132	14
8729	1	0.0395454101615558	0	7	0.858118413743027	-0.63452755933849	132	14
8731	0	0.060716260030629	0	7	0.858118413743027	-0.63452755933849	132	14
8732	0	-0.120591494531656	0	7	0.858118413743027	-0.63452755933849	132	14
8733	4	0.467578832722783	0	7	0.858118413743027	-0.63452755933849	132	14
8736	0	0.196210986250407	0	7	0.858118413743027	-0.63452755933849	132	14
8737	1	-0.205734562793761	0	7	0.858118413743027	-0.63452755933849	132	14
8738	2	0.142605736320767	0	7	0.858118413743027	-0.63452755933849	132	14
8740	1	-0.0854440145778358	0	7	0.858118413743027	-0.63452755933849	132	14
8743	0	-0.0180531425185565	0	7	0.858118413743027	-0.63452755933849	132	14
8744	0	0.225384473616067	0	7	0.858118413743027	-0.63452755933849	132	14
8745	2	-0.330691142138745	0	7	0.858118413743027	-0.63452755933849	132	14
8747	0	-0.171251666335976	0	7	0.858118413743027	-0.63452755933849	132	14
8748	6	-0.235659379317069	0	7	0.858118413743027	-0.63452755933849	132	14
8751	3	-0.362621680581316	0	7	0.858118413743027	-0.63452755933849	132	14
8754	2	-0.493962785619076	0	7	0.858118413743027	-0.63452755933849	132	14
8760	1	0.041816746410562	0	7	0.858118413743027	-0.63452755933849	132	14
8763	1	0.44779025168442	0	7	0.858118413743027	-0.63452755933849	132	14
8764	0	0.0412339906768633	0	7	0.858118413743027	-0.63452755933849	132	14
8766	1	0.53692368915555	0	7	0.858118413743027	-0.63452755933849	132	14
8767	3	-0.272336285544034	0	7	0.858118413743027	-0.63452755933849	132	14
8772	0	0.223180243421758	0	7	0.858118413743027	-0.63452755933849	132	14
8773	0	0.0754161345150937	0	7	0.858118413743027	-0.63452755933849	132	14
8774	0	0.0273983745111603	0	7	0.858118413743027	-0.63452755933849	132	14
8775	4	0.5575656918585	0	7	0.858118413743027	-0.63452755933849	132	14
8776	0	0.140677681115902	0	7	0.858118413743027	-0.63452755933849	132	14
8777	1	0.18315582060511	0	7	0.858118413743027	-0.63452755933849	132	14
8780	3	0.0639201489660991	0	7	0.858118413743027	-0.63452755933849	132	14
8786	0	-0.057786152083598	0	7	0.858118413743027	-0.63452755933849	132	14
8787	1	0.38870372783552	0	7	0.858118413743027	-0.63452755933849	132	14
8792	2	-0.0950755717761001	0	7	0.858118413743027	-0.63452755933849	132	14
8793	1	-0.258986409537389	0	7	0.858118413743027	-0.63452755933849	132	14
8795	2	-0.326288573236511	0	7	0.858118413743027	-0.63452755933849	132	14
8796	1	-0.181132888078536	0	7	0.858118413743027	-0.63452755933849	132	14
8798	4	0.335710756162634	0	7	0.858118413743027	-0.63452755933849	132	14
8800	3	0.367288155615929	0	7	0.858118413743027	-0.63452755933849	132	14
8801	3	0.496633814236318	0	7	0.858118413743027	-0.63452755933849	132	14
8802	3	0.375169902475669	0	7	0.858118413743027	-0.63452755933849	132	14
8803	1	0.404880896012001	0	7	0.858118413743027	-0.63452755933849	132	14
8804	3	0.0278125271869974	0	7	0.858118413743027	-0.63452755933849	132	14
8805	1	-0.123229220563298	0	7	0.858118413743027	-0.63452755933849	132	14
8807	10	0.35266946903638	0	7	0.858118413743027	-0.63452755933849	132	14
8808	0	0.058580000478471	0	7	0.858118413743027	-0.63452755933849	132	14
8809	0	0.133330206955798	0	7	0.858118413743027	-0.63452755933849	132	14
8812	0	0.0151726515650096	0	7	0.858118413743027	-0.63452755933849	132	14
8813	1	0.236667761109127	0	7	0.858118413743027	-0.63452755933849	132	14
8814	3	0.567822452120749	0	7	0.858118413743027	-0.63452755933849	132	14
8815	4	0.636098234773584	0	7	0.858118413743027	-0.63452755933849	132	14
8818	4	0.472850711011254	0	7	0.858118413743027	-0.63452755933849	132	14
8819	2	-0.183749025701285	0	7	0.858118413743027	-0.63452755933849	132	14
8821	2	-0.245560805777106	0	7	0.858118413743027	-0.63452755933849	132	14
8824	3	0.281727719977318	0	7	0.858118413743027	-0.63452755933849	132	14
8825	11	0.470138401515048	0	7	0.858118413743027	-0.63452755933849	132	14
8826	3	-0.493840922398298	0	7	0.858118413743027	-0.63452755933849	132	14
8828	2	-0.190102064506793	0	7	0.858118413743027	-0.63452755933849	132	14
8829	1	-0.173205708046636	0	7	0.858118413743027	-0.63452755933849	132	14
8832	2	-0.27395692352419	0	7	0.858118413743027	-0.63452755933849	132	14
8834	1	0.413590511056891	0	7	0.858118413743027	-0.63452755933849	132	14
8835	1	0.42233830191964	0	7	0.858118413743027	-0.63452755933849	132	14
8836	3	0.1784888940597	0	7	0.858118413743027	-0.63452755933849	132	14
8837	6	-0.632313390219742	0	7	0.858118413743027	-0.63452755933849	132	14
8838	1	0.336489533172305	0	7	0.858118413743027	-0.63452755933849	132	14
8839	3	-0.24457336231581	0	7	0.858118413743027	-0.63452755933849	132	14
8840	3	-0.233375646689311	0	7	0.858118413743027	-0.63452755933849	132	14
8841	0	-0.21639473554436	0	7	0.858118413743027	-0.63452755933849	132	14
8842	2	-0.437482805819707	0	7	0.858118413743027	-0.63452755933849	132	14
8844	3	-0.385786884797036	0	7	0.858118413743027	-0.63452755933849	132	14
8846	2	0.120339741915465	0	7	0.858118413743027	-0.63452755933849	132	14
8848	1	0.27643015611768	0	7	0.858118413743027	-0.63452755933849	132	14
8850	1	0.329375754931442	0	7	0.858118413743027	-0.63452755933849	132	14
8851	2	-0.157992234643126	0	7	0.858118413743027	-0.63452755933849	132	14
8853	11	-0.307058968557544	0	7	0.858118413743027	-0.63452755933849	132	14
8854	2	-0.128247614749696	0	7	0.858118413743027	-0.63452755933849	132	14
8857	1	-0.0821617313612679	0	7	0.858118413743027	-0.63452755933849	132	14
8858	3	0.310094887339315	0	7	0.858118413743027	-0.63452755933849	132	14
8861	3	-0.21693827214017	0	7	0.858118413743027	-0.63452755933849	132	14
8863	0	-0.542278238262893	0	7	0.858118413743027	-0.63452755933849	132	14
8864	4	-0.485241991165313	0	7	0.858118413743027	-0.63452755933849	132	14
8867	5	0.201330826730452	0	7	0.858118413743027	-0.63452755933849	132	14
8869	2	-0.438938269576139	0	7	0.858118413743027	-0.63452755933849	132	14
8871	1	-0.136647131299227	0	7	0.858118413743027	-0.63452755933849	132	14
8872	4	0.149520547655341	0	7	0.858118413743027	-0.63452755933849	132	14
8874	3	-0.264879111265107	0	7	0.858118413743027	-0.63452755933849	132	14
8875	10	0.518881429337539	0	7	0.858118413743027	-0.63452755933849	132	14
8876	3	0.328400473513548	0	7	0.858118413743027	-0.63452755933849	132	14
8877	2	-0.26432785421884	0	7	0.858118413743027	-0.63452755933849	132	14
8878	4	0.372530888478285	0	7	0.858118413743027	-0.63452755933849	132	14
8879	2	-0.369005442142778	0	7	0.858118413743027	-0.63452755933849	132	14
8880	6	-0.460251341453702	0	7	0.858118413743027	-0.63452755933849	132	14
8881	6	-0.40337246211116	0	7	0.858118413743027	-0.63452755933849	132	14
8882	0	0.141088684478804	0	7	0.858118413743027	-0.63452755933849	132	14
8883	0	-0.119565835799169	0	7	0.858118413743027	-0.63452755933849	132	14
8884	0	0.219395558195566	0	7	0.858118413743027	-0.63452755933849	132	14
8886	0	-0.0395747652809236	0	7	0.858118413743027	-0.63452755933849	132	14
8887	1	0.66219865852687	0	7	0.858118413743027	-0.63452755933849	132	14
8888	6	-0.63037765003056	0	7	0.858118413743027	-0.63452755933849	132	14
8890	0	-0.060312795842337	0	7	0.858118413743027	-0.63452755933849	132	14
8891	1	0.0493718600674738	0	7	0.858118413743027	-0.63452755933849	132	14
8892	0	0.15340444693855	0	7	0.858118413743027	-0.63452755933849	132	14
8893	0	-0.00742756860696946	0	7	0.858118413743027	-0.63452755933849	132	14
8894	0	0.416944776297984	0	7	0.858118413743027	-0.63452755933849	132	14
8895	1	0.313489808823907	0	7	0.858118413743027	-0.63452755933849	132	14
8896	1	0.522266462811573	0	7	0.858118413743027	-0.63452755933849	132	14
8897	5	0.212962011103712	0	7	0.858118413743027	-0.63452755933849	132	14
8898	1	0.226618528669276	0	7	0.858118413743027	-0.63452755933849	132	14
8899	7	-0.617695377566759	1	7	0.858118413743027	-0.63452755933849	132	14
8904	0	-0.103104459924246	0	7	0.858118413743027	-0.63452755933849	132	14
8905	8	-0.0366001746286345	0	7	0.858118413743027	-0.63452755933849	132	14
8906	1	-0.360231585584479	0	7	0.858118413743027	-0.63452755933849	132	14
8908	1	0.297210304248139	0	7	0.858118413743027	-0.63452755933849	132	14
8909	0	-0.110624762307311	0	7	0.858118413743027	-0.63452755933849	132	14
8910	0	-0.108833402973337	0	7	0.858118413743027	-0.63452755933849	132	14
8911	0	0.080587060404922	0	7	0.858118413743027	-0.63452755933849	132	14
8912	1	-0.0485157766456402	0	7	0.858118413743027	-0.63452755933849	132	14
8914	0	0.167924091202345	0	7	0.858118413743027	-0.63452755933849	132	14
8915	2	0.0183828559035219	0	7	0.858118413743027	-0.63452755933849	132	14
8925	4	-0.631047771631951	0	7	0.858118413743027	-0.63452755933849	132	14
8927	0	-0.0294122835252968	0	7	0.858118413743027	-0.63452755933849	132	14
8930	4	0.38559155932589	0	7	0.858118413743027	-0.63452755933849	132	14
8932	5	0.239221007141674	0	7	0.858118413743027	-0.63452755933849	132	14
8933	4	0.462853399909713	0	7	0.858118413743027	-0.63452755933849	132	14
8934	3	0.329020755789723	0	7	0.858118413743027	-0.63452755933849	132	14
8935	0	-0.0933851954857787	0	7	0.858118413743027	-0.63452755933849	132	14
8936	0	-0.0551375829291143	0	7	0.858118413743027	-0.63452755933849	132	14
8938	0	0.175077013963377	0	7	0.858118413743027	-0.63452755933849	132	14
8939	1	-0.124364068856833	0	7	0.858118413743027	-0.63452755933849	132	14
8940	2	-0.141118352540803	0	7	0.858118413743027	-0.63452755933849	132	14
8942	3	0.188100820031736	0	7	0.858118413743027	-0.63452755933849	132	14
8943	0	0.0189976812050832	0	7	0.858118413743027	-0.63452755933849	132	14
8945	0	0.152171874897073	0	7	0.858118413743027	-0.63452755933849	132	14
8971	6	0.424206064769278	0	7	0.858118413743027	-0.63452755933849	132	14
8972	3	0.278279289830597	0	7	0.858118413743027	-0.63452755933849	132	14
8975	1	0.184640560678547	0	7	0.858118413743027	-0.63452755933849	132	14
8976	5	0.696717451508357	0	7	0.858118413743027	-0.63452755933849	132	14
8985	4	0.31297133226021	0	7	0.858118413743027	-0.63452755933849	132	14
8986	0	-0.0833190763180008	0	7	0.858118413743027	-0.63452755933849	132	14
8989	1	-0.302013659781632	0	7	0.858118413743027	-0.63452755933849	132	14
8991	3	0.408889025638454	0	7	0.858118413743027	-0.63452755933849	132	14
8992	4	0.427758393934936	0	7	0.858118413743027	-0.63452755933849	132	14
8993	10	0.378360713850194	0	7	0.858118413743027	-0.63452755933849	132	14
8994	1	-0.300207278820808	0	7	0.858118413743027	-0.63452755933849	132	14
8996	0	0.337614895540803	0	7	0.858118413743027	-0.63452755933849	132	14
8997	3	-0.40251821178344	0	7	0.858118413743027	-0.63452755933849	132	14
8999	3	0.580279561439287	0	7	0.858118413743027	-0.63452755933849	132	14
9001	1	-0.165955446100486	0	7	0.858118413743027	-0.63452755933849	132	14
9013	0	0.0719451546718217	0	7	0.858118413743027	-0.63452755933849	132	14
9014	0	0.0631593439025913	0	7	0.858118413743027	-0.63452755933849	132	14
9015	3	-0.202474660184392	0	7	0.858118413743027	-0.63452755933849	132	14
9016	0	0.226036118693681	0	7	0.858118413743027	-0.63452755933849	132	14
9019	2	-0.117233860529207	0	7	0.858118413743027	-0.63452755933849	132	14
9020	2	-0.448780284417831	0	7	0.858118413743027	-0.63452755933849	132	14
9021	10	0.475021196974114	0	7	0.858118413743027	-0.63452755933849	132	14
9022	0	0.179628433642712	0	7	0.858118413743027	-0.63452755933849	132	14
9023	2	-0.345832790141695	0	7	0.858118413743027	-0.63452755933849	132	14
9024	2	-0.0862230292135519	0	7	0.858118413743027	-0.63452755933849	132	14
9025	1	0.145876288027141	0	7	0.858118413743027	-0.63452755933849	132	14
9026	0	-0.0782870982224827	0	7	0.858118413743027	-0.63452755933849	132	14
9028	0	0.247785860749169	0	7	0.858118413743027	-0.63452755933849	132	14
9031	3	-0.118742704968223	0	7	0.858118413743027	-0.63452755933849	132	14
9032	3	0.653817875263366	0	7	0.858118413743027	-0.63452755933849	132	14
9034	0	0.0849743042392354	0	7	0.858118413743027	-0.63452755933849	132	14
9037	1	0.370609930575281	0	7	0.858118413743027	-0.63452755933849	132	14
9039	0	0.0113478220287816	0	7	0.858118413743027	-0.63452755933849	132	14
9040	4	0.381965755372853	0	7	0.858118413743027	-0.63452755933849	132	14
9043	0	-0.11586979541669	0	7	0.858118413743027	-0.63452755933849	132	14
9044	6	-0.543744719795962	0	7	0.858118413743027	-0.63452755933849	132	14
9045	13	0.555786602401606	0	7	0.858118413743027	-0.63452755933849	132	14
9046	2	-0.0149832968706033	0	7	0.858118413743027	-0.63452755933849	132	14
9047	2	-0.115410942076103	0	7	0.858118413743027	-0.63452755933849	132	14
9048	0	0.00850438162754249	0	7	0.858118413743027	-0.63452755933849	132	14
9049	4	0.714503855531339	0	7	0.858118413743027	-0.63452755933849	132	14
9050	2	-0.170287061818017	0	7	0.858118413743027	-0.63452755933849	132	14
9051	2	-0.459733513952036	0	7	0.858118413743027	-0.63452755933849	132	14
9053	3	0.267860919291668	0	7	0.858118413743027	-0.63452755933849	132	14
9054	3	0.358066486302033	0	7	0.858118413743027	-0.63452755933849	132	14
9055	2	-0.310309376580412	0	7	0.858118413743027	-0.63452755933849	132	14
9056	3	0.465348436796611	0	7	0.858118413743027	-0.63452755933849	132	14
9057	6	-0.502194022414333	0	7	0.858118413743027	-0.63452755933849	132	14
9058	3	0.258056703043344	0	7	0.858118413743027	-0.63452755933849	132	14
9060	1	0.0063817884632194	0	7	0.858118413743027	-0.63452755933849	132	14
9061	1	0.34192017605983	0	7	0.858118413743027	-0.63452755933849	132	14
9063	0	-0.0603665048073638	0	7	0.858118413743027	-0.63452755933849	132	14
9064	11	-0.15321539096068	0	7	0.858118413743027	-0.63452755933849	132	14
9070	1	0.212854613767084	0	7	0.858118413743027	-0.63452755933849	132	14
9071	3	0.126584975002356	0	7	0.858118413743027	-0.63452755933849	132	14
9073	12	0.250195577177914	0	7	0.858118413743027	-0.63452755933849	132	14
9076	2	-0.164006755904081	0	7	0.858118413743027	-0.63452755933849	132	14
9077	8	0.0208880471319941	0	7	0.858118413743027	-0.63452755933849	132	14
9079	9	-0.00378700635482903	0	7	0.858118413743027	-0.63452755933849	132	14
9086	0	0.00642845486043282	0	7	0.858118413743027	-0.63452755933849	132	14
9087	0	0.0666939906956477	0	7	0.858118413743027	-0.63452755933849	132	14
9088	1	-0.293010431832218	0	7	0.858118413743027	-0.63452755933849	132	14
9092	4	0.433449294277293	0	7	0.858118413743027	-0.63452755933849	132	14
9093	3	0.383524265048303	0	7	0.858118413743027	-0.63452755933849	132	14
9094	1	0.486897871154642	0	7	0.858118413743027	-0.63452755933849	132	14
9095	1	-0.193684796256754	0	7	0.858118413743027	-0.63452755933849	132	14
9097	1	-0.0344738679473053	0	7	0.858118413743027	-0.63452755933849	132	14
9099	3	0.40318244878533	0	7	0.858118413743027	-0.63452755933849	132	14
9100	0	0.242973277362913	0	7	0.858118413743027	-0.63452755933849	132	14
9101	1	-0.193901171272176	0	7	0.858118413743027	-0.63452755933849	132	14
9104	3	0.350140188028122	0	7	0.858118413743027	-0.63452755933849	132	14
9107	1	0.468844018313321	0	7	0.858118413743027	-0.63452755933849	132	14
9110	3	0.109002846979814	0	7	0.858118413743027	-0.63452755933849	132	14
9111	14	-0.318078809679933	0	7	0.858118413743027	-0.63452755933849	132	14
9112	0	0.269831014103456	0	7	0.858118413743027	-0.63452755933849	132	14
9113	1	0.0370962018508514	0	7	0.858118413743027	-0.63452755933849	132	14
9114	3	0.43339886061322	0	7	0.858118413743027	-0.63452755933849	132	14
9120	2	-0.0415459010587754	0	7	0.858118413743027	-0.63452755933849	132	14
9121	0	-0.00641454474387994	0	7	0.858118413743027	-0.63452755933849	132	14
9122	3	0.289302581655991	0	7	0.858118413743027	-0.63452755933849	132	14
9124	2	-0.320205904349987	0	7	0.858118413743027	-0.63452755933849	132	14
9125	1	-0.120402822897267	0	7	0.858118413743027	-0.63452755933849	132	14
9126	0	0.070721548358561	0	7	0.858118413743027	-0.63452755933849	132	14
9127	0	0.0661049058892081	0	7	0.858118413743027	-0.63452755933849	132	14
9128	3	0.167542849542987	0	7	0.858118413743027	-0.63452755933849	132	14
9129	6	-0.381020191088772	0	7	0.858118413743027	-0.63452755933849	132	14
9130	4	0.106230481862784	0	7	0.858118413743027	-0.63452755933849	132	14
9131	3	0.253205199527116	0	7	0.858118413743027	-0.63452755933849	132	14
9132	0	0.196239779641873	0	7	0.858118413743027	-0.63452755933849	132	14
9133	0	-0.103784154682085	0	7	0.858118413743027	-0.63452755933849	132	14
9135	1	-0.0177216746297042	0	7	0.858118413743027	-0.63452755933849	132	14
9136	0	0.328113879282677	0	7	0.858118413743027	-0.63452755933849	132	14
9139	0	0.0976036693638842	0	7	0.858118413743027	-0.63452755933849	132	14
9140	6	-0.47483020280998	0	7	0.858118413743027	-0.63452755933849	132	14
9141	1	-0.0975843751878368	0	7	0.858118413743027	-0.63452755933849	132	14
9143	0	0.046126131363307	0	7	0.858118413743027	-0.63452755933849	132	14
9144	4	0.394043206529305	0	7	0.858118413743027	-0.63452755933849	132	14
9145	2	0.131942146968402	0	7	0.858118413743027	-0.63452755933849	132	14
9146	4	0.219678481104429	0	7	0.858118413743027	-0.63452755933849	132	14
9147	1	0.082960715740644	0	7	0.858118413743027	-0.63452755933849	132	14
9148	1	-0.236933822201362	0	7	0.858118413743027	-0.63452755933849	132	14
9149	4	0.511876357775363	0	7	0.858118413743027	-0.63452755933849	132	14
9150	0	0.145635741697913	0	7	0.858118413743027	-0.63452755933849	132	14
9153	2	0.357648402045013	0	7	0.858118413743027	-0.63452755933849	132	14
9154	3	0.468628314839734	0	7	0.858118413743027	-0.63452755933849	132	14
9158	0	0.0797679473169199	0	7	0.858118413743027	-0.63452755933849	132	14
9159	2	-0.483512081982205	0	7	0.858118413743027	-0.63452755933849	132	14
9162	2	-0.137065667064967	0	7	0.858118413743027	-0.63452755933849	132	14
9166	1	0.273154283670989	0	7	0.858118413743027	-0.63452755933849	132	14
9167	3	0.502931383127044	0	7	0.858118413743027	-0.63452755933849	132	14
9168	2	0.0751787078367705	0	7	0.858118413743027	-0.63452755933849	132	14
9169	4	-0.354190568896565	0	7	0.858118413743027	-0.63452755933849	132	14
9170	0	0.0583334983280271	0	7	0.858118413743027	-0.63452755933849	132	14
9172	3	0.30210438897132	0	7	0.858118413743027	-0.63452755933849	132	14
9173	2	0.305760653852437	0	7	0.858118413743027	-0.63452755933849	132	14
9175	3	0.180457650352754	0	7	0.858118413743027	-0.63452755933849	132	14
9179	0	0.190551702863328	0	7	0.858118413743027	-0.63452755933849	132	14
9180	2	-0.473055733573614	0	7	0.858118413743027	-0.63452755933849	132	14
9181	3	-0.275972808838511	0	7	0.858118413743027	-0.63452755933849	132	14
9182	2	-0.461270386533903	0	7	0.858118413743027	-0.63452755933849	132	14
9183	3	0.160210416851281	0	7	0.858118413743027	-0.63452755933849	132	14
9184	2	-0.143449447290442	0	7	0.858118413743027	-0.63452755933849	132	14
9185	3	0.36507133719463	0	7	0.858118413743027	-0.63452755933849	132	14
9187	0	0.0501549731079145	0	7	0.858118413743027	-0.63452755933849	132	14
9188	2	-0.182496682153475	0	7	0.858118413743027	-0.63452755933849	132	14
9191	1	0.30191842652973	0	7	0.858118413743027	-0.63452755933849	132	14
9194	12	0.134662863633579	0	7	0.858118413743027	-0.63452755933849	132	14
9196	3	0.0555402933025689	0	7	0.858118413743027	-0.63452755933849	132	14
9197	3	0.329938323853921	0	7	0.858118413743027	-0.63452755933849	132	14
9200	2	-0.258139156863887	0	7	0.858118413743027	-0.63452755933849	132	14
9201	2	-0.467302921770569	0	7	0.858118413743027	-0.63452755933849	132	14
9202	1	0.0932149141117936	0	7	0.858118413743027	-0.63452755933849	132	14
9203	3	0.0624103643267126	0	7	0.858118413743027	-0.63452755933849	132	14
9205	0	0.127992676640499	0	7	0.858118413743027	-0.63452755933849	132	14
9208	3	-0.235163476814792	0	7	0.858118413743027	-0.63452755933849	132	14
9209	3	-0.218911801190871	0	7	0.858118413743027	-0.63452755933849	132	14
9212	2	-0.192737084678658	0	7	0.858118413743027	-0.63452755933849	132	14
9214	2	-0.226735773311898	0	7	0.858118413743027	-0.63452755933849	132	14
9215	1	0.334316099718979	0	7	0.858118413743027	-0.63452755933849	132	14
9217	1	0.00889668406051901	0	7	0.858118413743027	-0.63452755933849	132	14
9218	1	0.591314698601754	0	7	0.858118413743027	-0.63452755933849	132	14
9219	2	-0.0038933463382203	0	7	0.858118413743027	-0.63452755933849	132	14
9221	0	0.0937249054401492	0	7	0.858118413743027	-0.63452755933849	132	14
9228	2	0.331219551697328	0	7	0.858118413743027	-0.63452755933849	132	14
9229	2	-0.229212691043023	0	7	0.858118413743027	-0.63452755933849	132	14
9230	7	0.787746602946444	1	7	0.858118413743027	-0.63452755933849	132	14
9231	3	-0.128900331742918	0	7	0.858118413743027	-0.63452755933849	132	14
9232	2	-0.118394250734061	0	7	0.858118413743027	-0.63452755933849	132	14
9235	1	-0.20328809565099	0	7	0.858118413743027	-0.63452755933849	132	14
9240	1	0.47377427689173	0	7	0.858118413743027	-0.63452755933849	132	14
9242	2	-0.172436344348057	0	7	0.858118413743027	-0.63452755933849	132	14
9244	2	-0.180997611101719	0	7	0.858118413743027	-0.63452755933849	132	14
9245	1	-0.177841324664306	0	7	0.858118413743027	-0.63452755933849	132	14
9246	14	0.283088812255127	0	7	0.858118413743027	-0.63452755933849	132	14
9249	1	0.430662804719405	0	7	0.858118413743027	-0.63452755933849	132	14
9252	2	-0.111320813404694	0	7	0.858118413743027	-0.63452755933849	132	14
9254	2	0.0184418708125483	0	7	0.858118413743027	-0.63452755933849	132	14
9255	0	0.107654930599833	0	7	0.858118413743027	-0.63452755933849	132	14
9256	0	-0.0485888046551908	0	7	0.858118413743027	-0.63452755933849	132	14
9258	1	-0.25261115268708	0	7	0.858118413743027	-0.63452755933849	132	14
9260	2	-0.192741071388088	0	7	0.858118413743027	-0.63452755933849	132	14
9261	0	-0.115362638840428	0	7	0.858118413743027	-0.63452755933849	132	14
9262	0	-0.0377794394348088	0	7	0.858118413743027	-0.63452755933849	132	14
9263	2	-0.471214386961389	0	7	0.858118413743027	-0.63452755933849	132	14
9265	3	-0.0460863412165764	0	7	0.858118413743027	-0.63452755933849	132	14
9266	0	0.0407777785384932	0	7	0.858118413743027	-0.63452755933849	132	14
9267	2	-0.578291524502136	0	7	0.858118413743027	-0.63452755933849	132	14
9270	0	0.203062078089631	0	7	0.858118413743027	-0.63452755933849	132	14
9274	4	0.348853964458844	0	7	0.858118413743027	-0.63452755933849	132	14
9275	0	-0.242439319206015	0	7	0.858118413743027	-0.63452755933849	132	14
9276	0	-0.10316806419548	0	7	0.858118413743027	-0.63452755933849	132	14
9277	0	0.0094819361101293	0	7	0.858118413743027	-0.63452755933849	132	14
9282	1	0.328602285362023	0	7	0.858118413743027	-0.63452755933849	132	14
9289	2	-0.368072278320744	0	7	0.858118413743027	-0.63452755933849	132	14
9293	6	-0.308006554580566	0	7	0.858118413743027	-0.63452755933849	132	14
9294	3	-0.274438991711895	0	7	0.858118413743027	-0.63452755933849	132	14
9295	6	-0.614726405366292	0	7	0.858118413743027	-0.63452755933849	132	14
9306	2	-0.47614990123668	0	7	0.858118413743027	-0.63452755933849	132	14
9308	3	0.182848697088861	0	7	0.858118413743027	-0.63452755933849	132	14
9310	8	-0.0351470755818284	0	7	0.858118413743027	-0.63452755933849	132	14
9312	0	0.0811479818065856	0	7	0.858118413743027	-0.63452755933849	132	14
9314	0	-0.0186216422844855	0	7	0.858118413743027	-0.63452755933849	132	14
9315	1	-0.337092778786102	0	7	0.858118413743027	-0.63452755933849	132	14
9317	3	0.136352680053662	0	7	0.858118413743027	-0.63452755933849	132	14
9318	3	0.467733370934205	0	7	0.858118413743027	-0.63452755933849	132	14
9319	2	-0.102287315550751	0	7	0.858118413743027	-0.63452755933849	132	14
9320	0	-0.421916955150466	0	7	0.858118413743027	-0.63452755933849	132	14
9321	0	0.15986252171359	0	7	0.858118413743027	-0.63452755933849	132	14
9322	0	0.0789460823876922	0	7	0.858118413743027	-0.63452755933849	132	14
9324	1	0.375831706562667	0	7	0.858118413743027	-0.63452755933849	132	14
9325	1	0.410093050606493	0	7	0.858118413743027	-0.63452755933849	132	14
9326	4	0.496363871860275	0	7	0.858118413743027	-0.63452755933849	132	14
9328	4	0.253825502636504	0	7	0.858118413743027	-0.63452755933849	132	14
9329	0	0.185157014414997	0	7	0.858118413743027	-0.63452755933849	132	14
9330	0	-0.412284066279524	0	7	0.858118413743027	-0.63452755933849	132	14
9331	0	0.151786996740263	0	7	0.858118413743027	-0.63452755933849	132	14
9332	2	-0.342829796799723	0	7	0.858118413743027	-0.63452755933849	132	14
9334	1	-0.322161253139225	0	7	0.858118413743027	-0.63452755933849	132	14
9337	11	-0.26106853405105	0	7	0.858118413743027	-0.63452755933849	132	14
9338	0	0.13423260250069	0	7	0.858118413743027	-0.63452755933849	132	14
9341	1	0.422418344295868	0	7	0.858118413743027	-0.63452755933849	132	14
9342	1	0.5344397112576	0	7	0.858118413743027	-0.63452755933849	132	14
9344	8	-0.0309117203689444	0	7	0.858118413743027	-0.63452755933849	132	14
9348	0	0.303107124554934	0	7	0.858118413743027	-0.63452755933849	132	14
9351	1	0.285184322995452	0	7	0.858118413743027	-0.63452755933849	132	14
9352	3	0.485259719588263	0	7	0.858118413743027	-0.63452755933849	132	14
9353	8	0.0790922668720013	0	7	0.858118413743027	-0.63452755933849	132	14
9354	1	0.374924230565225	0	7	0.858118413743027	-0.63452755933849	132	14
9356	3	0.286929221406406	0	7	0.858118413743027	-0.63452755933849	132	14
9358	2	-0.252055771571646	0	7	0.858118413743027	-0.63452755933849	132	14
9360	1	0.178689548456138	0	7	0.858118413743027	-0.63452755933849	132	14
9361	3	0.431234628351436	0	7	0.858118413743027	-0.63452755933849	132	14
9362	3	0.135122102761769	0	7	0.858118413743027	-0.63452755933849	132	14
9364	0	-0.103108833497653	0	7	0.858118413743027	-0.63452755933849	132	14
9365	3	0.313039889347335	0	7	0.858118413743027	-0.63452755933849	132	14
9367	4	0.271148972098205	0	7	0.858118413743027	-0.63452755933849	132	14
9369	0	-0.0567242135746062	0	7	0.858118413743027	-0.63452755933849	132	14
9370	1	-0.0279949831373136	0	7	0.858118413743027	-0.63452755933849	132	14
9371	1	-0.126636607972779	0	7	0.858118413743027	-0.63452755933849	132	14
9372	5	0.406988938501826	0	7	0.858118413743027	-0.63452755933849	132	14
9373	1	0.100536184632019	0	7	0.858118413743027	-0.63452755933849	132	14
9375	1	0.313151274236117	0	7	0.858118413743027	-0.63452755933849	132	14
9376	3	0.256908239970543	0	7	0.858118413743027	-0.63452755933849	132	14
9377	3	0.675405497630372	0	7	0.858118413743027	-0.63452755933849	132	14
9378	2	0.410630894104256	0	7	0.858118413743027	-0.63452755933849	132	14
9379	1	-0.148205123739194	0	7	0.858118413743027	-0.63452755933849	132	14
9380	3	0.526110440652483	0	7	0.858118413743027	-0.63452755933849	132	14
9388	2	-0.161700400524067	0	7	0.858118413743027	-0.63452755933849	132	14
9389	0	0.0976399834400188	0	7	0.858118413743027	-0.63452755933849	132	14
9390	3	0.346984073938949	0	7	0.858118413743027	-0.63452755933849	132	14
9391	3	0.407778025423799	0	7	0.858118413743027	-0.63452755933849	132	14
9392	2	-0.00770548386161253	0	7	0.858118413743027	-0.63452755933849	132	14
9397	0	0.026099094296	0	7	0.858118413743027	-0.63452755933849	132	14
9399	0	-0.0605567714394315	0	7	0.858118413743027	-0.63452755933849	132	14
9400	0	0.27403784685799	0	7	0.858118413743027	-0.63452755933849	132	14
9401	1	-0.0880106047703618	0	7	0.858118413743027	-0.63452755933849	132	14
9402	2	-0.0797706242476276	0	7	0.858118413743027	-0.63452755933849	132	14
9403	2	-0.49070257212044	0	7	0.858118413743027	-0.63452755933849	132	14
9404	2	-0.26284565691005	0	7	0.858118413743027	-0.63452755933849	132	14
9407	4	-0.258505329051046	0	7	0.858118413743027	-0.63452755933849	132	14
9409	4	0.500013158765552	0	7	0.858118413743027	-0.63452755933849	132	14
9410	0	0.0497978934939547	0	7	0.858118413743027	-0.63452755933849	132	14
9411	1	-0.181333839910161	0	7	0.858118413743027	-0.63452755933849	132	14
9413	3	-0.318725795532392	0	7	0.858118413743027	-0.63452755933849	132	14
9414	8	-0.139093162549683	0	7	0.858118413743027	-0.63452755933849	132	14
9415	2	-0.308590857452989	0	7	0.858118413743027	-0.63452755933849	132	14
9416	1	0.127987179843886	0	7	0.858118413743027	-0.63452755933849	132	14
9419	7	0.622222398353734	1	7	0.858118413743027	-0.63452755933849	132	14
9420	9	-0.0156364618534526	0	7	0.858118413743027	-0.63452755933849	132	14
9422	0	-0.168877174945007	0	7	0.858118413743027	-0.63452755933849	132	14
9423	0	-0.0616979276706153	0	7	0.858118413743027	-0.63452755933849	132	14
9425	1	0.273160773414181	0	7	0.858118413743027	-0.63452755933849	132	14
9427	1	0.0292490385025579	0	7	0.858118413743027	-0.63452755933849	132	14
9429	0	0.082047859502695	0	7	0.858118413743027	-0.63452755933849	132	14
9435	2	-0.386448984265379	0	7	0.858118413743027	-0.63452755933849	132	14
9439	2	-0.585649867021122	0	7	0.858118413743027	-0.63452755933849	132	14
9440	1	0.0317676276624068	0	7	0.858118413743027	-0.63452755933849	132	14
9442	5	0.332563209259852	0	7	0.858118413743027	-0.63452755933849	132	14
9443	0	-0.0981053935307369	0	7	0.858118413743027	-0.63452755933849	132	14
9444	9	0.140937263119845	0	7	0.858118413743027	-0.63452755933849	132	14
9445	1	0.255105706671694	0	7	0.858118413743027	-0.63452755933849	132	14
9446	4	0.390472526983729	0	7	0.858118413743027	-0.63452755933849	132	14
9447	2	-0.100886485151198	0	7	0.858118413743027	-0.63452755933849	132	14
9448	2	-0.588965649382123	0	7	0.858118413743027	-0.63452755933849	132	14
9450	2	-0.188190277142615	0	7	0.858118413743027	-0.63452755933849	132	14
9451	1	-0.00484739767805584	0	7	0.858118413743027	-0.63452755933849	132	14
9452	9	-0.0722224473225824	0	7	0.858118413743027	-0.63452755933849	132	14
9453	0	0.230028118933249	0	7	0.858118413743027	-0.63452755933849	132	14
9454	1	-0.288749818892637	0	7	0.858118413743027	-0.63452755933849	132	14
9455	2	-0.131680204258273	0	7	0.858118413743027	-0.63452755933849	132	14
9456	0	0.348950028255326	0	7	0.858118413743027	-0.63452755933849	132	14
9457	2	-0.128072406193997	0	7	0.858118413743027	-0.63452755933849	132	14
9459	3	-0.183289920333213	0	7	0.858118413743027	-0.63452755933849	132	14
9462	4	-0.38801341506063	0	7	0.858118413743027	-0.63452755933849	132	14
9463	0	0.239299193880142	0	7	0.858118413743027	-0.63452755933849	132	14
9465	0	0.0768755423274208	0	7	0.858118413743027	-0.63452755933849	132	14
9466	0	0.0533720775351749	0	7	0.858118413743027	-0.63452755933849	132	14
9467	1	0.25874782256323	0	7	0.858118413743027	-0.63452755933849	132	14
9469	0	0.030564855128335	0	7	0.858118413743027	-0.63452755933849	132	14
9470	0	0.368700807559217	0	7	0.858118413743027	-0.63452755933849	132	14
9472	1	0.0335282310123017	0	7	0.858118413743027	-0.63452755933849	132	14
9473	2	-0.231375668361705	0	7	0.858118413743027	-0.63452755933849	132	14
9474	0	-0.271966827425456	0	7	0.858118413743027	-0.63452755933849	132	14
9475	3	0.159400810584515	0	7	0.858118413743027	-0.63452755933849	132	14
9477	0	-0.214023455594888	0	7	0.858118413743027	-0.63452755933849	132	14
9478	0	-0.147064026253921	0	7	0.858118413743027	-0.63452755933849	132	14
9480	0	0.124013089942119	0	7	0.858118413743027	-0.63452755933849	132	14
9482	4	0.529015296386363	0	7	0.858118413743027	-0.63452755933849	132	14
9486	0	-0.00934641539246498	0	7	0.858118413743027	-0.63452755933849	132	14
9487	2	-0.412568921152574	0	7	0.858118413743027	-0.63452755933849	132	14
9488	1	0.292303697954234	0	7	0.858118413743027	-0.63452755933849	132	14
9489	1	0.315380479362258	0	7	0.858118413743027	-0.63452755933849	132	14
9491	4	0.610014793623717	0	7	0.858118413743027	-0.63452755933849	132	14
9493	1	-0.519491254051087	0	7	0.858118413743027	-0.63452755933849	132	14
9495	2	-0.16953507093876	0	7	0.858118413743027	-0.63452755933849	132	14
9497	2	-0.538394660704246	0	7	0.858118413743027	-0.63452755933849	132	14
9499	0	0.151472194640134	0	7	0.858118413743027	-0.63452755933849	132	14
9500	0	0.283311929535986	0	7	0.858118413743027	-0.63452755933849	132	14
9501	0	-0.0361612293778371	0	7	0.858118413743027	-0.63452755933849	132	14
9508	2	-0.338828523073439	0	7	0.858118413743027	-0.63452755933849	132	14
9509	2	-0.292757526164368	0	7	0.858118413743027	-0.63452755933849	132	14
9510	2	-0.516639265737022	0	7	0.858118413743027	-0.63452755933849	132	14
9512	3	0.0501638827965146	0	7	0.858118413743027	-0.63452755933849	132	14
9513	1	0.486201716753883	0	7	0.858118413743027	-0.63452755933849	132	14
9514	3	0.0497089829651769	0	7	0.858118413743027	-0.63452755933849	132	14
9516	2	0.156619980430318	0	7	0.858118413743027	-0.63452755933849	132	14
9517	0	-0.0507195181237927	0	7	0.858118413743027	-0.63452755933849	132	14
9518	3	0.308060885599065	0	7	0.858118413743027	-0.63452755933849	132	14
9519	1	0.193813386354892	0	7	0.858118413743027	-0.63452755933849	132	14
9522	1	0.265367551724692	0	7	0.858118413743027	-0.63452755933849	132	14
9525	1	0.222231521900602	0	7	0.858118413743027	-0.63452755933849	132	14
9526	4	0.345435923275751	0	7	0.858118413743027	-0.63452755933849	132	14
9527	0	-0.242432071042787	0	7	0.858118413743027	-0.63452755933849	132	14
9528	1	0.150049119483049	0	7	0.858118413743027	-0.63452755933849	132	14
9529	0	-0.223987852425561	0	7	0.858118413743027	-0.63452755933849	132	14
9530	0	0.505719610846482	0	7	0.858118413743027	-0.63452755933849	132	14
9531	3	0.378958721531971	0	7	0.858118413743027	-0.63452755933849	132	14
9532	0	-0.322358613816782	0	7	0.858118413743027	-0.63452755933849	132	14
9533	0	0.331669572785967	0	7	0.858118413743027	-0.63452755933849	132	14
9534	6	-0.180196969409627	0	7	0.858118413743027	-0.63452755933849	132	14
9535	0	0.409896897052127	0	7	0.858118413743027	-0.63452755933849	132	14
9536	2	-0.444727451506842	0	7	0.858118413743027	-0.63452755933849	132	14
9537	5	0.432767971702865	0	7	0.858118413743027	-0.63452755933849	132	14
9538	1	0.0329298609331648	0	7	0.858118413743027	-0.63452755933849	132	14
9540	1	0.105755717470319	0	7	0.858118413743027	-0.63452755933849	132	14
9542	0	0.0840973130383161	0	7	0.858118413743027	-0.63452755933849	132	14
9545	0	0.154746260473546	0	7	0.858118413743027	-0.63452755933849	132	14
9546	0	0.00840757334221089	0	7	0.858118413743027	-0.63452755933849	132	14
9547	3	0.237413285036095	0	7	0.858118413743027	-0.63452755933849	132	14
9550	4	0.416975535203525	0	7	0.858118413743027	-0.63452755933849	132	14
9552	4	0.412544873274603	0	7	0.858118413743027	-0.63452755933849	132	14
9553	1	-0.0281240666854808	0	7	0.858118413743027	-0.63452755933849	132	14
9555	1	-0.516907933554832	0	7	0.858118413743027	-0.63452755933849	132	14
9556	7	0.586663191442032	1	7	0.858118413743027	-0.63452755933849	132	14
9559	1	0.142459336727926	0	7	0.858118413743027	-0.63452755933849	132	14
9562	3	0.209007539148077	0	7	0.858118413743027	-0.63452755933849	132	14
9563	0	0.248513272421266	0	7	0.858118413743027	-0.63452755933849	132	14
9567	5	0.396005415424813	0	7	0.858118413743027	-0.63452755933849	132	14
9569	2	-0.119803592218953	0	7	0.858118413743027	-0.63452755933849	132	14
9570	0	0.0209597333416268	0	7	0.858118413743027	-0.63452755933849	132	14
9573	0	0.0666785268711846	0	7	0.858118413743027	-0.63452755933849	132	14
9575	5	0.341424047261254	0	7	0.858118413743027	-0.63452755933849	132	14
9576	0	-0.229105547384168	0	7	0.858118413743027	-0.63452755933849	132	14
9577	9	0.0745945636839036	0	7	0.858118413743027	-0.63452755933849	132	14
9578	1	-0.168327850328797	0	7	0.858118413743027	-0.63452755933849	132	14
9580	11	-0.350521264285767	0	7	0.858118413743027	-0.63452755933849	132	14
9581	3	0.474917243378302	0	7	0.858118413743027	-0.63452755933849	132	14
9583	1	0.113576368797919	0	7	0.858118413743027	-0.63452755933849	132	14
9584	6	-0.600510097512806	0	7	0.858118413743027	-0.63452755933849	132	14
9585	3	-0.0588041838935959	0	7	0.858118413743027	-0.63452755933849	132	14
9587	0	-0.057946719246834	0	7	0.858118413743027	-0.63452755933849	132	14
9588	1	0.622449974359406	0	7	0.858118413743027	-0.63452755933849	132	14
9589	3	-0.339839996687754	0	7	0.858118413743027	-0.63452755933849	132	14
9590	2	-0.339942384568736	0	7	0.858118413743027	-0.63452755933849	132	14
9592	0	0.0370823591809367	0	7	0.858118413743027	-0.63452755933849	132	14
9595	2	0.0833751804755784	0	7	0.858118413743027	-0.63452755933849	132	14
9600	0	-0.0385424309444697	0	7	0.858118413743027	-0.63452755933849	132	14
9601	2	0.0150167595316878	0	7	0.858118413743027	-0.63452755933849	132	14
9603	0	-0.0454455747300875	0	7	0.858118413743027	-0.63452755933849	132	14
9604	1	0.299924991211708	0	7	0.858118413743027	-0.63452755933849	132	14
9605	3	0.0882837456739288	0	7	0.858118413743027	-0.63452755933849	132	14
9609	0	0.341717024015495	0	7	0.858118413743027	-0.63452755933849	132	14
9610	3	-0.0768014207010588	0	7	0.858118413743027	-0.63452755933849	132	14
9611	0	-0.494386232015194	0	7	0.858118413743027	-0.63452755933849	132	14
9612	1	-0.0192767389001922	0	7	0.858118413743027	-0.63452755933849	132	14
9616	0	0.319561843273594	0	7	0.858118413743027	-0.63452755933849	132	14
9617	1	-0.282032154510532	0	7	0.858118413743027	-0.63452755933849	132	14
9618	1	-0.00278223054127907	0	7	0.858118413743027	-0.63452755933849	132	14
9619	2	-0.331109070842672	0	7	0.858118413743027	-0.63452755933849	132	14
9620	8	-0.0741868278862587	0	7	0.858118413743027	-0.63452755933849	132	14
9625	0	0.0987755677354284	0	7	0.858118413743027	-0.63452755933849	132	14
9627	3	-0.426168814526208	0	7	0.858118413743027	-0.63452755933849	132	14
9628	1	-0.090218383779642	0	7	0.858118413743027	-0.63452755933849	132	14
9630	2	-0.210130476155865	0	7	0.858118413743027	-0.63452755933849	132	14
9631	0	-0.066557092661291	0	7	0.858118413743027	-0.63452755933849	132	14
9632	1	0.104421133882027	0	7	0.858118413743027	-0.63452755933849	132	14
9633	3	0.0976464166214262	0	7	0.858118413743027	-0.63452755933849	132	14
9636	14	0.235050747338777	0	7	0.858118413743027	-0.63452755933849	132	14
9637	8	-0.00264206998277286	0	7	0.858118413743027	-0.63452755933849	132	14
9638	3	-0.0249563429919738	0	7	0.858118413743027	-0.63452755933849	132	14
9639	8	-0.0113370905542601	0	7	0.858118413743027	-0.63452755933849	132	14
9640	5	0.0242423027388828	0	7	0.858118413743027	-0.63452755933849	132	14
9641	2	-0.190806907809004	0	7	0.858118413743027	-0.63452755933849	132	14
9643	0	-0.125803636116725	0	7	0.858118413743027	-0.63452755933849	132	14
9644	3	-0.294575206036141	0	7	0.858118413743027	-0.63452755933849	132	14
9645	2	-0.366262611212403	0	7	0.858118413743027	-0.63452755933849	132	14
9646	1	0.257511362038476	0	7	0.858118413743027	-0.63452755933849	132	14
9647	11	-0.431713764722898	0	7	0.858118413743027	-0.63452755933849	132	14
9648	0	-0.276466475971908	0	7	0.858118413743027	-0.63452755933849	132	14
9649	1	-0.330707903626798	0	7	0.858118413743027	-0.63452755933849	132	14
9650	3	-0.0975234119475377	0	7	0.858118413743027	-0.63452755933849	132	14
9651	0	0.071365543893402	0	7	0.858118413743027	-0.63452755933849	132	14
9652	0	-0.105976259581861	0	7	0.858118413743027	-0.63452755933849	132	14
9654	1	-0.364214603539379	0	7	0.858118413743027	-0.63452755933849	132	14
9655	0	-0.127270371320533	0	7	0.858118413743027	-0.63452755933849	132	14
9657	3	-0.272750159814961	0	7	0.858118413743027	-0.63452755933849	132	14
9658	1	0.121611396088835	0	7	0.858118413743027	-0.63452755933849	132	14
9662	0	0.122616510638371	0	7	0.858118413743027	-0.63452755933849	132	14
9663	3	0.237859572596504	0	7	0.858118413743027	-0.63452755933849	132	14
9665	1	0.191228440463467	0	7	0.858118413743027	-0.63452755933849	132	14
9666	3	0.283686916774399	0	7	0.858118413743027	-0.63452755933849	132	14
9667	3	0.0961078004117047	0	7	0.858118413743027	-0.63452755933849	132	14
9669	2	-0.442713444446162	0	7	0.858118413743027	-0.63452755933849	132	14
9670	3	0.606560118192193	0	7	0.858118413743027	-0.63452755933849	132	14
9672	3	-0.225498736283543	0	7	0.858118413743027	-0.63452755933849	132	14
9673	3	0.334836488554727	0	7	0.858118413743027	-0.63452755933849	132	14
9674	1	0.0416824342973951	0	7	0.858118413743027	-0.63452755933849	132	14
9675	1	0.202662686205176	0	7	0.858118413743027	-0.63452755933849	132	14
9677	0	-0.132691159685478	0	7	0.858118413743027	-0.63452755933849	132	14
9678	3	-0.34498400590747	0	7	0.858118413743027	-0.63452755933849	132	14
9679	1	0.127644952477868	0	7	0.858118413743027	-0.63452755933849	132	14
9681	0	-0.314983429196575	0	7	0.858118413743027	-0.63452755933849	132	14
9682	0	-0.108491207461415	0	7	0.858118413743027	-0.63452755933849	132	14
9683	1	0.277519043562544	0	7	0.858118413743027	-0.63452755933849	132	14
9684	0	-0.272333670868914	0	7	0.858118413743027	-0.63452755933849	132	14
9685	3	0.15898524913882	0	7	0.858118413743027	-0.63452755933849	132	14
9686	1	-0.0343114366586512	0	7	0.858118413743027	-0.63452755933849	132	14
9687	3	0.245044020349678	0	7	0.858118413743027	-0.63452755933849	132	14
9688	2	-0.454054062085651	0	7	0.858118413743027	-0.63452755933849	132	14
9690	0	-0.302943087831328	0	7	0.858118413743027	-0.63452755933849	132	14
9692	3	0.225502004877567	0	7	0.858118413743027	-0.63452755933849	132	14
9693	1	-0.106689106104043	0	7	0.858118413743027	-0.63452755933849	132	14
9694	1	0.372379960040335	0	7	0.858118413743027	-0.63452755933849	132	14
9695	0	-0.247532376898591	0	7	0.858118413743027	-0.63452755933849	132	14
9696	1	-0.503010291801392	0	7	0.858118413743027	-0.63452755933849	132	14
9697	1	0.288061746737764	0	7	0.858118413743027	-0.63452755933849	132	14
9698	1	-0.00781252151665712	0	7	0.858118413743027	-0.63452755933849	132	14
9699	1	-0.156363825619525	0	7	0.858118413743027	-0.63452755933849	132	14
9700	3	0.301919848390998	0	7	0.858118413743027	-0.63452755933849	132	14
9701	4	0.441735143504322	0	7	0.858118413743027	-0.63452755933849	132	14
9702	2	-0.438103748268083	0	7	0.858118413743027	-0.63452755933849	132	14
9703	0	0.0175164843080673	0	7	0.858118413743027	-0.63452755933849	132	14
9704	0	-0.132013442608263	0	7	0.858118413743027	-0.63452755933849	132	14
9705	0	-0.1152070777878	0	7	0.858118413743027	-0.63452755933849	132	14
9706	1	0.0883024849214008	0	7	0.858118413743027	-0.63452755933849	132	14
9709	1	0.242435221628509	0	7	0.858118413743027	-0.63452755933849	132	14
9710	9	0.0952489468220292	0	7	0.858118413743027	-0.63452755933849	132	14
9715	0	0.102650566496066	0	7	0.858118413743027	-0.63452755933849	132	14
9716	0	-0.246126329651356	0	7	0.858118413743027	-0.63452755933849	132	14
9717	0	-0.24152836440063	0	7	0.858118413743027	-0.63452755933849	132	14
9718	0	-0.0231540642948239	0	7	0.858118413743027	-0.63452755933849	132	14
9722	5	0.44878557564605	0	7	0.858118413743027	-0.63452755933849	132	14
9725	1	-0.143330373262135	0	7	0.858118413743027	-0.63452755933849	132	14
9726	2	0.33632584644313	0	7	0.858118413743027	-0.63452755933849	132	14
9727	3	0.311141505260621	0	7	0.858118413743027	-0.63452755933849	132	14
9728	1	0.415906525582581	0	7	0.858118413743027	-0.63452755933849	132	14
9730	1	0.190261084945182	0	7	0.858118413743027	-0.63452755933849	132	14
9731	1	0.379313437849373	0	7	0.858118413743027	-0.63452755933849	132	14
9732	11	-0.262151611030988	0	7	0.858118413743027	-0.63452755933849	132	14
9733	0	0.161710813948497	0	7	0.858118413743027	-0.63452755933849	132	14
9734	2	-0.492567469719149	0	7	0.858118413743027	-0.63452755933849	132	14
9735	2	-0.659320542814315	0	7	0.858118413743027	-0.63452755933849	132	14
9736	7	-0.76190296869123	1	7	0.858118413743027	-0.63452755933849	132	14
9737	1	0.171882442204195	0	7	0.858118413743027	-0.63452755933849	132	14
9738	5	0.177525977367552	0	7	0.858118413743027	-0.63452755933849	132	14
9739	0	0.105046005554991	0	7	0.858118413743027	-0.63452755933849	132	14
9741	8	0.126761889395549	0	7	0.858118413743027	-0.63452755933849	132	14
9742	1	0.250838774746906	0	7	0.858118413743027	-0.63452755933849	132	14
9743	8	0.00208442729032111	0	7	0.858118413743027	-0.63452755933849	132	14
9746	1	0.131000536196849	0	7	0.858118413743027	-0.63452755933849	132	14
9748	1	0.199928054078867	0	7	0.858118413743027	-0.63452755933849	132	14
9749	9	0.106532815375356	0	7	0.858118413743027	-0.63452755933849	132	14
9750	10	0.422162602806602	0	7	0.858118413743027	-0.63452755933849	132	14
9753	0	0.202072777388386	0	7	0.858118413743027	-0.63452755933849	132	14
9754	1	0.194419408001076	0	7	0.858118413743027	-0.63452755933849	132	14
9755	0	0.146335439250602	0	7	0.858118413743027	-0.63452755933849	132	14
9757	0	-0.0612930329455251	0	7	0.858118413743027	-0.63452755933849	132	14
9759	9	-0.146248385016292	0	7	0.858118413743027	-0.63452755933849	132	14
9760	2	-0.195321250839918	0	7	0.858118413743027	-0.63452755933849	132	14
9761	3	0.136618522305357	0	7	0.858118413743027	-0.63452755933849	132	14
9762	3	0.074891887558481	0	7	0.858118413743027	-0.63452755933849	132	14
9764	0	0.0430390705932155	0	7	0.858118413743027	-0.63452755933849	132	14
9765	4	-0.276396011664356	0	7	0.858118413743027	-0.63452755933849	132	14
9766	1	0.289459760479868	0	7	0.858118413743027	-0.63452755933849	132	14
9767	3	-0.40551229991983	0	7	0.858118413743027	-0.63452755933849	132	14
9770	2	-0.384008791749793	0	7	0.858118413743027	-0.63452755933849	132	14
9771	3	-0.461310658974979	0	7	0.858118413743027	-0.63452755933849	132	14
9774	2	-0.391917146890055	0	7	0.858118413743027	-0.63452755933849	132	14
9775	4	0.251108680015978	0	7	0.858118413743027	-0.63452755933849	132	14
9776	1	0.220989752053822	0	7	0.858118413743027	-0.63452755933849	132	14
9777	1	0.421384729104086	0	7	0.858118413743027	-0.63452755933849	132	14
9778	1	0.245047407900205	0	7	0.858118413743027	-0.63452755933849	132	14
9779	3	-0.147024235750185	0	7	0.858118413743027	-0.63452755933849	132	14
9781	3	-0.236056812902111	0	7	0.858118413743027	-0.63452755933849	132	14
9783	0	-0.176975003174173	0	7	0.858118413743027	-0.63452755933849	132	14
9784	4	0.345693062424353	0	7	0.858118413743027	-0.63452755933849	132	14
9785	4	0.0727792256753418	0	7	0.858118413743027	-0.63452755933849	132	14
9786	3	-0.0358356422887738	0	7	0.858118413743027	-0.63452755933849	132	14
9788	5	0.264142396440077	0	7	0.858118413743027	-0.63452755933849	132	14
9790	0	-0.168887884100462	0	7	0.858118413743027	-0.63452755933849	132	14
9791	1	0.337642496108166	0	7	0.858118413743027	-0.63452755933849	132	14
9792	1	0.151072022739586	0	7	0.858118413743027	-0.63452755933849	132	14
9793	1	0.0338712269547916	0	7	0.858118413743027	-0.63452755933849	132	14
9794	3	-0.152394161419051	0	7	0.858118413743027	-0.63452755933849	132	14
9796	1	0.536212922707367	0	7	0.858118413743027	-0.63452755933849	132	14
9798	1	0.0827120837381963	0	7	0.858118413743027	-0.63452755933849	132	14
9801	3	0.329250341964085	0	7	0.858118413743027	-0.63452755933849	132	14
9802	4	0.566690335293552	0	7	0.858118413743027	-0.63452755933849	132	14
9804	4	0.602646407047301	0	7	0.858118413743027	-0.63452755933849	132	14
9805	1	0.20588499020863	0	7	0.858118413743027	-0.63452755933849	132	14
9806	1	0.306591014346965	0	7	0.858118413743027	-0.63452755933849	132	14
9807	1	0.381454181701997	0	7	0.858118413743027	-0.63452755933849	132	14
9810	4	-0.00311026146085093	0	7	0.858118413743027	-0.63452755933849	132	14
9812	0	0.387998378171694	0	7	0.858118413743027	-0.63452755933849	132	14
9813	1	0.395746323980223	0	7	0.858118413743027	-0.63452755933849	132	14
9814	3	-0.445627097794889	0	7	0.858118413743027	-0.63452755933849	132	14
9815	3	-0.392772771098722	0	7	0.858118413743027	-0.63452755933849	132	14
9816	2	-0.000686416837592503	0	7	0.858118413743027	-0.63452755933849	132	14
9817	4	0.321589993026894	0	7	0.858118413743027	-0.63452755933849	132	14
9819	0	0.111138891671037	0	7	0.858118413743027	-0.63452755933849	132	14
9820	0	0.2234769145928	0	7	0.858118413743027	-0.63452755933849	132	14
9821	1	0.174539143767461	0	7	0.858118413743027	-0.63452755933849	132	14
9823	1	0.351406548935827	0	7	0.858118413743027	-0.63452755933849	132	14
9824	2	-0.330422202062644	0	7	0.858118413743027	-0.63452755933849	132	14
9825	0	-0.0288686318149979	0	7	0.858118413743027	-0.63452755933849	132	14
9826	1	0.110332926632203	0	7	0.858118413743027	-0.63452755933849	132	14
9828	1	0.48208544920934	0	7	0.858118413743027	-0.63452755933849	132	14
9829	5	0.541436192275098	0	7	0.858118413743027	-0.63452755933849	132	14
9830	0	0.0747794713256473	0	7	0.858118413743027	-0.63452755933849	132	14
9833	2	-0.335215878454332	0	7	0.858118413743027	-0.63452755933849	132	14
9836	0	0.251688013794534	0	7	0.858118413743027	-0.63452755933849	132	14
9837	2	-0.489436402159421	0	7	0.858118413743027	-0.63452755933849	132	14
9840	2	-0.156981718794685	0	7	0.858118413743027	-0.63452755933849	132	14
9841	2	-0.276380781176784	0	7	0.858118413743027	-0.63452755933849	132	14
9843	2	-0.239541120466023	0	7	0.858118413743027	-0.63452755933849	132	14
9844	3	-0.389556193607643	0	7	0.858118413743027	-0.63452755933849	132	14
9846	1	0.0922402454313779	0	7	0.858118413743027	-0.63452755933849	132	14
9847	0	-0.0922348001725518	0	7	0.858118413743027	-0.63452755933849	132	14
9848	3	0.0866634516322651	0	7	0.858118413743027	-0.63452755933849	132	14
9849	6	-0.238860627120429	0	7	0.858118413743027	-0.63452755933849	132	14
9851	0	-0.287106691758248	0	7	0.858118413743027	-0.63452755933849	132	14
9852	1	0.148651358218352	0	7	0.858118413743027	-0.63452755933849	132	14
9853	1	0.450268108342392	0	7	0.858118413743027	-0.63452755933849	132	14
9854	0	-0.0704605407243042	0	7	0.858118413743027	-0.63452755933849	132	14
9855	2	0.154628977607543	0	7	0.858118413743027	-0.63452755933849	132	14
9857	0	-0.488975319697014	0	7	0.858118413743027	-0.63452755933849	132	14
9858	3	0.205178127717821	0	7	0.858118413743027	-0.63452755933849	132	14
9860	6	-0.145046192027093	0	7	0.858118413743027	-0.63452755933849	132	14
9861	1	0.103393875802935	0	7	0.858118413743027	-0.63452755933849	132	14
9862	0	0.348817390911904	0	7	0.858118413743027	-0.63452755933849	132	14
9863	1	0.353430965263722	0	7	0.858118413743027	-0.63452755933849	132	14
9865	2	-0.254191319417356	0	7	0.858118413743027	-0.63452755933849	132	14
9866	4	-0.330954074688517	0	7	0.858118413743027	-0.63452755933849	132	14
9867	1	0.134018440797867	0	7	0.858118413743027	-0.63452755933849	132	14
9868	3	0.413676436309356	0	7	0.858118413743027	-0.63452755933849	132	14
9869	0	0.0475690073405711	0	7	0.858118413743027	-0.63452755933849	132	14
9870	0	-0.293619620789337	0	7	0.858118413743027	-0.63452755933849	132	14
9871	2	-0.53703144130262	0	7	0.858118413743027	-0.63452755933849	132	14
9873	3	-0.103095787950398	0	7	0.858118413743027	-0.63452755933849	132	14
9874	5	0.281309315961908	0	7	0.858118413743027	-0.63452755933849	132	14
9875	2	-0.177597304758029	0	7	0.858118413743027	-0.63452755933849	132	14
9878	1	0.423997743176938	0	7	0.858118413743027	-0.63452755933849	132	14
9879	6	-0.449390689973769	0	7	0.858118413743027	-0.63452755933849	132	14
9880	0	-0.0580197019370177	0	7	0.858118413743027	-0.63452755933849	132	14
9881	3	-0.220570410680417	0	7	0.858118413743027	-0.63452755933849	132	14
9882	2	-0.284193840020775	0	7	0.858118413743027	-0.63452755933849	132	14
9885	1	0.18744778354055	0	7	0.858118413743027	-0.63452755933849	132	14
9886	3	-0.0311504449464011	0	7	0.858118413743027	-0.63452755933849	132	14
9887	1	0.24090439334345	0	7	0.858118413743027	-0.63452755933849	132	14
9889	0	-0.322686198373504	0	7	0.858118413743027	-0.63452755933849	132	14
9890	0	0.0256732766160249	0	7	0.858118413743027	-0.63452755933849	132	14
9891	3	-0.505760142345098	0	7	0.858118413743027	-0.63452755933849	132	14
9894	0	0.0296342270218193	0	7	0.858118413743027	-0.63452755933849	132	14
9895	1	0.158560851576659	0	7	0.858118413743027	-0.63452755933849	132	14
9896	1	0.353640890713103	0	7	0.858118413743027	-0.63452755933849	132	14
9897	1	0.126003091750659	0	7	0.858118413743027	-0.63452755933849	132	14
9898	0	-0.179824044862952	0	7	0.858118413743027	-0.63452755933849	132	14
9899	3	-0.284954702430024	0	7	0.858118413743027	-0.63452755933849	132	14
9900	3	-0.40561648692585	0	7	0.858118413743027	-0.63452755933849	132	14
9901	1	-0.243442781197531	0	7	0.858118413743027	-0.63452755933849	132	14
9902	3	-0.334799857201415	0	7	0.858118413743027	-0.63452755933849	132	14
9903	0	0.0569258822144754	0	7	0.858118413743027	-0.63452755933849	132	14
9904	1	-0.259822111819039	0	7	0.858118413743027	-0.63452755933849	132	14
9905	0	-0.228229938887691	0	7	0.858118413743027	-0.63452755933849	132	14
9908	3	0.321829405201041	0	7	0.858118413743027	-0.63452755933849	132	14
9909	3	-0.548423986634638	0	7	0.858118413743027	-0.63452755933849	132	14
9910	1	0.0149562450718919	0	7	0.858118413743027	-0.63452755933849	132	14
9911	0	0.128715016099812	0	7	0.858118413743027	-0.63452755933849	132	14
9912	0	0.295130500577382	0	7	0.858118413743027	-0.63452755933849	132	14
9913	2	0.437286526048285	0	7	0.858118413743027	-0.63452755933849	132	14
9914	0	0.164562161271551	0	7	0.858118413743027	-0.63452755933849	132	14
9915	2	-0.144449742283307	0	7	0.858118413743027	-0.63452755933849	132	14
9917	1	0.320528282385257	0	7	0.858118413743027	-0.63452755933849	132	14
9918	3	-0.173040627547537	0	7	0.858118413743027	-0.63452755933849	132	14
9919	0	-0.0650155980868262	0	7	0.858118413743027	-0.63452755933849	132	14
9920	1	0.426477693257726	0	7	0.858118413743027	-0.63452755933849	132	14
9921	3	0.428096502873355	0	7	0.858118413743027	-0.63452755933849	132	14
9922	9	0.113288921188655	0	7	0.858118413743027	-0.63452755933849	132	14
9923	0	0.19766228026138	0	7	0.858118413743027	-0.63452755933849	132	14
9924	2	0.101232883338931	0	7	0.858118413743027	-0.63452755933849	132	14
9925	0	-0.0808803953869718	0	7	0.858118413743027	-0.63452755933849	132	14
9926	2	-0.29917889591664	0	7	0.858118413743027	-0.63452755933849	132	14
9927	1	0.363133043264022	0	7	0.858118413743027	-0.63452755933849	132	14
9929	1	0.151427732850892	0	7	0.858118413743027	-0.63452755933849	132	14
9931	0	-0.366187921611191	0	7	0.858118413743027	-0.63452755933849	132	14
9933	1	-0.240735801310679	0	7	0.858118413743027	-0.63452755933849	132	14
9934	2	-0.423437128619999	0	7	0.858118413743027	-0.63452755933849	132	14
9935	1	0.438180765274842	0	7	0.858118413743027	-0.63452755933849	132	14
9937	1	0.148516070971703	0	7	0.858118413743027	-0.63452755933849	132	14
9938	2	-0.192687158241887	0	7	0.858118413743027	-0.63452755933849	132	14
9940	0	-0.231416882616313	0	7	0.858118413743027	-0.63452755933849	132	14
9941	4	-0.293745346081669	0	7	0.858118413743027	-0.63452755933849	132	14
9942	3	0.245995534598965	0	7	0.858118413743027	-0.63452755933849	132	14
9943	1	0.230802726913838	0	7	0.858118413743027	-0.63452755933849	132	14
9945	2	-0.156845453415897	0	7	0.858118413743027	-0.63452755933849	132	14
9946	1	0.200080674511232	0	7	0.858118413743027	-0.63452755933849	132	14
9948	2	-0.353580381597248	0	7	0.858118413743027	-0.63452755933849	132	14
9949	2	-0.308911642638676	0	7	0.858118413743027	-0.63452755933849	132	14
9950	1	0.16379681295696	0	7	0.858118413743027	-0.63452755933849	132	14
9953	5	0.350422008355262	0	7	0.858118413743027	-0.63452755933849	132	14
9955	1	0.375914797067093	0	7	0.858118413743027	-0.63452755933849	132	14
9957	2	-0.388789471446782	0	7	0.858118413743027	-0.63452755933849	132	14
9960	2	-0.0912301134912911	0	7	0.858118413743027	-0.63452755933849	132	14
9961	0	-0.0592176123323152	0	7	0.858118413743027	-0.63452755933849	132	14
9962	1	0.303858441041993	0	7	0.858118413743027	-0.63452755933849	132	14
9966	3	0.069162251417386	0	7	0.858118413743027	-0.63452755933849	132	14
9967	5	0.462347047773011	0	7	0.858118413743027	-0.63452755933849	132	14
9968	1	0.184272930397077	0	7	0.858118413743027	-0.63452755933849	132	14
9969	0	-0.212014494124444	0	7	0.858118413743027	-0.63452755933849	132	14
9970	3	0.326171396387155	0	7	0.858118413743027	-0.63452755933849	132	14
9971	3	0.315090850489894	0	7	0.858118413743027	-0.63452755933849	132	14
9972	0	0.069703248802389	0	7	0.858118413743027	-0.63452755933849	132	14
9973	3	0.319213350804438	0	7	0.858118413743027	-0.63452755933849	132	14
9975	0	-0.453368183162895	0	7	0.858118413743027	-0.63452755933849	132	14
9976	11	-0.0782661677884677	0	7	0.858118413743027	-0.63452755933849	132	14
9980	2	0.078771671675139	0	7	0.858118413743027	-0.63452755933849	132	14
9984	6	-0.410058967560875	0	7	0.858118413743027	-0.63452755933849	132	14
9985	2	-0.0520096369567646	0	7	0.858118413743027	-0.63452755933849	132	14
9986	1	0.606552022555693	0	7	0.858118413743027	-0.63452755933849	132	14
9987	6	-0.215873079289767	0	7	0.858118413743027	-0.63452755933849	132	14
9988	6	-0.452317788126424	0	7	0.858118413743027	-0.63452755933849	132	14
9989	1	-0.228924150351892	0	7	0.858118413743027	-0.63452755933849	132	14
9990	3	0.00809902257780389	0	7	0.858118413743027	-0.63452755933849	132	14
9993	1	0.510661055084319	0	7	0.858118413743027	-0.63452755933849	132	14
9994	1	-0.112382254832104	0	7	0.858118413743027	-0.63452755933849	132	14
10000	5	0.26648104089385	0	7	0.858118413743027	-0.63452755933849	132	14
10001	0	-0.346738382074894	0	7	0.858118413743027	-0.63452755933849	132	14
10002	0	-0.0602090413095328	0	7	0.858118413743027	-0.63452755933849	132	14
10003	4	-0.359554266163462	0	7	0.858118413743027	-0.63452755933849	132	14
10004	10	0.429989158428581	0	7	0.858118413743027	-0.63452755933849	132	14
10005	4	0.531531898025291	0	7	0.858118413743027	-0.63452755933849	132	14
10006	1	-0.0623499516939318	0	7	0.858118413743027	-0.63452755933849	132	14
10007	3	0.396427198183863	0	7	0.858118413743027	-0.63452755933849	132	14
10009	7	0.658049427970967	1	7	0.858118413743027	-0.63452755933849	132	14
10010	2	-0.483759456068499	0	7	0.858118413743027	-0.63452755933849	132	14
10013	3	0.439641223239076	0	7	0.858118413743027	-0.63452755933849	132	14
10014	4	0.301535793566061	0	7	0.858118413743027	-0.63452755933849	132	14
10015	0	-0.300954200375009	0	7	0.858118413743027	-0.63452755933849	132	14
10017	3	0.363053905470642	0	7	0.858118413743027	-0.63452755933849	132	14
10018	1	-0.119340391024416	0	7	0.858118413743027	-0.63452755933849	132	14
10019	3	-0.432862587828239	0	7	0.858118413743027	-0.63452755933849	132	14
10020	1	0.351966915835	0	7	0.858118413743027	-0.63452755933849	132	14
10021	0	-0.0456174813993552	0	7	0.858118413743027	-0.63452755933849	132	14
10023	1	0.580905916718232	0	7	0.858118413743027	-0.63452755933849	132	14
10024	1	-0.271578863469759	0	7	0.858118413743027	-0.63452755933849	132	14
10025	4	0.54102667201203	0	7	0.858118413743027	-0.63452755933849	132	14
10026	1	0.571618707588311	0	7	0.858118413743027	-0.63452755933849	132	14
10036	0	0.0789113347250309	0	7	0.858118413743027	-0.63452755933849	132	14
10038	0	-0.110168597985289	0	7	0.858118413743027	-0.63452755933849	132	14
10039	3	0.0368105180561777	0	7	0.858118413743027	-0.63452755933849	132	14
10040	3	0.313489840845352	0	7	0.858118413743027	-0.63452755933849	132	14
10042	0	0.262985819637319	0	7	0.858118413743027	-0.63452755933849	132	14
10043	3	0.501416738908083	0	7	0.858118413743027	-0.63452755933849	132	14
10045	1	-0.382065422790007	0	7	0.858118413743027	-0.63452755933849	132	14
10046	3	-0.130618912378031	0	7	0.858118413743027	-0.63452755933849	132	14
10048	1	-0.165636088499547	0	7	0.858118413743027	-0.63452755933849	132	14
10049	1	0.10514574570521	0	7	0.858118413743027	-0.63452755933849	132	14
10050	0	0.156004436504535	0	7	0.858118413743027	-0.63452755933849	132	14
10051	3	-0.38967395782579	0	7	0.858118413743027	-0.63452755933849	132	14
10052	3	-0.337331701801604	0	7	0.858118413743027	-0.63452755933849	132	14
10053	3	0.477455178256098	0	7	0.858118413743027	-0.63452755933849	132	14
10054	0	-0.124198535241901	0	7	0.858118413743027	-0.63452755933849	132	14
10055	1	0.17094446475008	0	7	0.858118413743027	-0.63452755933849	132	14
10057	2	-0.452403810774564	0	7	0.858118413743027	-0.63452755933849	132	14
10058	3	0.0631819110890244	0	7	0.858118413743027	-0.63452755933849	132	14
10059	1	0.125060149733197	0	7	0.858118413743027	-0.63452755933849	132	14
10060	2	-0.338409809505459	0	7	0.858118413743027	-0.63452755933849	132	14
10061	0	-0.206185938151768	0	7	0.858118413743027	-0.63452755933849	132	14
10062	1	-0.409934862254059	0	7	0.858118413743027	-0.63452755933849	132	14
10066	4	0.594061385821668	0	7	0.858118413743027	-0.63452755933849	132	14
10067	4	0.397452686259168	0	7	0.858118413743027	-0.63452755933849	132	14
10069	3	0.366549470056218	0	7	0.858118413743027	-0.63452755933849	132	14
10072	4	0.291857588565732	0	7	0.858118413743027	-0.63452755933849	132	14
10073	4	0.123348755679643	0	7	0.858118413743027	-0.63452755933849	132	14
10075	0	-0.232444900126735	0	7	0.858118413743027	-0.63452755933849	132	14
10076	0	0.253329328693746	0	7	0.858118413743027	-0.63452755933849	132	14
10077	1	-0.341645147482933	0	7	0.858118413743027	-0.63452755933849	132	14
10078	0	0.0340576145266728	0	7	0.858118413743027	-0.63452755933849	132	14
10079	5	0.437975189148831	0	7	0.858118413743027	-0.63452755933849	132	14
10083	3	0.56651755773222	0	7	0.858118413743027	-0.63452755933849	132	14
10084	4	0.536676659517062	0	7	0.858118413743027	-0.63452755933849	132	14
10085	2	-0.0263197111119688	0	7	0.858118413743027	-0.63452755933849	132	14
10087	0	-0.420503593119599	0	7	0.858118413743027	-0.63452755933849	132	14
10090	2	-0.102606480197267	0	7	0.858118413743027	-0.63452755933849	132	14
10092	3	-0.47700836738563	0	7	0.858118413743027	-0.63452755933849	132	14
10093	2	0.270586100400708	0	7	0.858118413743027	-0.63452755933849	132	14
10095	2	-0.389220544035452	0	7	0.858118413743027	-0.63452755933849	132	14
10096	3	-0.430408373050361	0	7	0.858118413743027	-0.63452755933849	132	14
10097	0	0.0155563198229321	0	7	0.858118413743027	-0.63452755933849	132	14
10098	2	-0.160169687782951	0	7	0.858118413743027	-0.63452755933849	132	14
10099	1	0.102542014689484	0	7	0.858118413743027	-0.63452755933849	132	14
10100	1	0.404593770957054	0	7	0.858118413743027	-0.63452755933849	132	14
10101	0	0.338745770761675	0	7	0.858118413743027	-0.63452755933849	132	14
10102	3	0.143967300330203	0	7	0.858118413743027	-0.63452755933849	132	14
10103	8	0.0300979024721452	0	7	0.858118413743027	-0.63452755933849	132	14
10105	3	0.320812492318669	0	7	0.858118413743027	-0.63452755933849	132	14
10106	0	0.165273114438412	0	7	0.858118413743027	-0.63452755933849	132	14
10109	2	-0.269249701335575	0	7	0.858118413743027	-0.63452755933849	132	14
10110	3	0.474915149163562	0	7	0.858118413743027	-0.63452755933849	132	14
10111	0	-0.0482610552667674	0	7	0.858118413743027	-0.63452755933849	132	14
10112	2	-0.448972133319733	0	7	0.858118413743027	-0.63452755933849	132	14
10113	3	0.137485427990545	0	7	0.858118413743027	-0.63452755933849	132	14
10114	1	0.310370256307965	0	7	0.858118413743027	-0.63452755933849	132	14
10116	4	-0.514138927833711	0	7	0.858118413743027	-0.63452755933849	132	14
10120	4	0.0652316887781858	0	7	0.858118413743027	-0.63452755933849	132	14
10121	0	0.000461034536031586	0	7	0.858118413743027	-0.63452755933849	132	14
10123	2	-0.411644889442577	0	7	0.858118413743027	-0.63452755933849	132	14
10125	2	-0.104500690847536	0	7	0.858118413743027	-0.63452755933849	132	14
10126	7	0.698644012836569	1	7	0.858118413743027	-0.63452755933849	132	14
10128	3	0.243973203917845	0	7	0.858118413743027	-0.63452755933849	132	14
10129	1	0.395701281652657	0	7	0.858118413743027	-0.63452755933849	132	14
10130	4	0.297779797820873	0	7	0.858118413743027	-0.63452755933849	132	14
10131	3	0.399694201973357	0	7	0.858118413743027	-0.63452755933849	132	14
10133	1	0.429852640719477	0	7	0.858118413743027	-0.63452755933849	132	14
10134	4	0.527638815689344	0	7	0.858118413743027	-0.63452755933849	132	14
10135	10	0.28390683257793	0	7	0.858118413743027	-0.63452755933849	132	14
10138	1	0.121464728984822	0	7	0.858118413743027	-0.63452755933849	132	14
10139	0	0.422992303167368	0	7	0.858118413743027	-0.63452755933849	132	14
10140	2	0.255573188075537	0	7	0.858118413743027	-0.63452755933849	132	14
10142	0	-0.165345091059202	0	7	0.858118413743027	-0.63452755933849	132	14
10144	8	0.0106372062870822	0	7	0.858118413743027	-0.63452755933849	132	14
10146	3	-0.00637453961793512	0	7	0.858118413743027	-0.63452755933849	132	14
10147	1	-0.0148714431380816	0	7	0.858118413743027	-0.63452755933849	132	14
10148	2	-0.0406279200815076	0	7	0.858118413743027	-0.63452755933849	132	14
10149	2	-0.49641675203451	0	7	0.858118413743027	-0.63452755933849	132	14
10150	0	0.141485122810356	0	7	0.858118413743027	-0.63452755933849	132	14
10152	1	0.382378143068237	0	7	0.858118413743027	-0.63452755933849	132	14
10153	0	0.0451959052472352	0	7	0.858118413743027	-0.63452755933849	132	14
10154	3	-0.078885436491833	0	7	0.858118413743027	-0.63452755933849	132	14
10155	0	-0.149508459165364	0	7	0.858118413743027	-0.63452755933849	132	14
10157	2	0.356450577032279	0	7	0.858118413743027	-0.63452755933849	132	14
10158	3	0.514330735536512	0	7	0.858118413743027	-0.63452755933849	132	14
10159	5	0.562974745476672	0	7	0.858118413743027	-0.63452755933849	132	14
10161	3	-0.636170347952907	0	7	0.858118413743027	-0.63452755933849	132	14
10162	3	0.362549774542398	0	7	0.858118413743027	-0.63452755933849	132	14
10163	1	0.0491307544435368	0	7	0.858118413743027	-0.63452755933849	132	14
10164	0	-0.0891312158839391	0	7	0.858118413743027	-0.63452755933849	132	14
10165	3	0.125737976441823	0	7	0.858118413743027	-0.63452755933849	132	14
10168	3	0.0265023410325361	0	7	0.858118413743027	-0.63452755933849	132	14
10170	2	-0.163622755507159	0	7	0.858118413743027	-0.63452755933849	132	14
10171	0	-0.178454036255739	0	7	0.858118413743027	-0.63452755933849	132	14
10174	4	0.536214796735836	0	7	0.858118413743027	-0.63452755933849	132	14
10175	0	0.124666693436457	0	7	0.858118413743027	-0.63452755933849	132	14
10178	3	-0.0449746632663976	0	7	0.858118413743027	-0.63452755933849	132	14
10179	0	-0.046853516272445	0	7	0.858118413743027	-0.63452755933849	132	14
10180	6	-0.405984130954149	0	7	0.858118413743027	-0.63452755933849	132	14
10181	6	-0.647059986409917	0	7	0.858118413743027	-0.63452755933849	132	14
10184	2	-0.35725110394931	0	7	0.858118413743027	-0.63452755933849	132	14
10186	1	0.212296780752864	0	7	0.858118413743027	-0.63452755933849	132	14
10188	1	-0.40852082658846	0	7	0.858118413743027	-0.63452755933849	132	14
10190	0	-0.199145782707404	0	7	0.858118413743027	-0.63452755933849	132	14
10193	1	0.407168166205083	0	7	0.858118413743027	-0.63452755933849	132	14
10195	4	0.53527041528061	0	7	0.858118413743027	-0.63452755933849	132	14
10196	3	0.261727390247526	0	7	0.858118413743027	-0.63452755933849	132	14
10197	0	-0.0259486091946239	0	7	0.858118413743027	-0.63452755933849	132	14
10198	0	-0.0946769787424757	0	7	0.858118413743027	-0.63452755933849	132	14
10199	0	-0.057902057814736	0	7	0.858118413743027	-0.63452755933849	132	14
10200	1	0.615344410853465	0	7	0.858118413743027	-0.63452755933849	132	14
10201	0	-0.280615326261972	0	7	0.858118413743027	-0.63452755933849	132	14
10203	3	-0.0895201975909522	0	7	0.858118413743027	-0.63452755933849	132	14
10205	2	-0.119719656864863	0	7	0.858118413743027	-0.63452755933849	132	14
10207	3	0.31989916939259	0	7	0.858118413743027	-0.63452755933849	132	14
10208	1	-0.0725590360260475	0	7	0.858118413743027	-0.63452755933849	132	14
10209	1	0.566513473931886	0	7	0.858118413743027	-0.63452755933849	132	14
10210	1	0.288334138113297	0	7	0.858118413743027	-0.63452755933849	132	14
10212	2	-0.0609397434407242	0	7	0.858118413743027	-0.63452755933849	132	14
10213	0	-0.0626706009921024	0	7	0.858118413743027	-0.63452755933849	132	14
10215	1	0.303732066955982	0	7	0.858118413743027	-0.63452755933849	132	14
10217	5	0.506086311899737	0	7	0.858118413743027	-0.63452755933849	132	14
10218	1	-0.214306841632172	0	7	0.858118413743027	-0.63452755933849	132	14
10219	2	0.0207793252190377	0	7	0.858118413743027	-0.63452755933849	132	14
10220	3	-0.157406442535828	0	7	0.858118413743027	-0.63452755933849	132	14
10221	1	0.0248869398946302	0	7	0.858118413743027	-0.63452755933849	132	14
10224	0	-0.0936611669082369	0	7	0.858118413743027	-0.63452755933849	132	14
10225	2	-0.272072159772674	0	7	0.858118413743027	-0.63452755933849	132	14
10226	2	0.171532323556521	0	7	0.858118413743027	-0.63452755933849	132	14
10227	4	0.231315166534919	0	7	0.858118413743027	-0.63452755933849	132	14
10228	2	-0.142550778710689	0	7	0.858118413743027	-0.63452755933849	132	14
10229	1	0.288306602593618	0	7	0.858118413743027	-0.63452755933849	132	14
10231	0	-0.294480823623678	0	7	0.858118413743027	-0.63452755933849	132	14
10232	0	0.0160858193056486	0	7	0.858118413743027	-0.63452755933849	132	14
10234	0	-0.0940530518171427	0	7	0.858118413743027	-0.63452755933849	132	14
10235	0	0.173860430932434	0	7	0.858118413743027	-0.63452755933849	132	14
10236	1	0.0420030539193907	0	7	0.858118413743027	-0.63452755933849	132	14
10237	3	0.210525695308094	0	7	0.858118413743027	-0.63452755933849	132	14
10238	1	0.351413952563232	0	7	0.858118413743027	-0.63452755933849	132	14
10240	0	0.0589544261318517	0	7	0.858118413743027	-0.63452755933849	132	14
10241	1	-0.168159100664639	0	7	0.858118413743027	-0.63452755933849	132	14
10242	0	0.220279812168291	0	7	0.858118413743027	-0.63452755933849	132	14
10243	2	0.203540692930691	0	7	0.858118413743027	-0.63452755933849	132	14
10244	0	0.371253335155572	0	7	0.858118413743027	-0.63452755933849	132	14
10245	4	0.761873319034172	0	7	0.858118413743027	-0.63452755933849	132	14
10246	1	-0.0912352963027493	0	7	0.858118413743027	-0.63452755933849	132	14
10247	3	0.417223386534614	0	7	0.858118413743027	-0.63452755933849	132	14
10248	4	0.675872451210704	0	7	0.858118413743027	-0.63452755933849	132	14
10249	3	0.502837551193724	0	7	0.858118413743027	-0.63452755933849	132	14
10250	0	-0.189865541588075	0	7	0.858118413743027	-0.63452755933849	132	14
10252	2	-0.170104062167478	0	7	0.858118413743027	-0.63452755933849	132	14
10253	0	-0.0978703082286175	0	7	0.858118413743027	-0.63452755933849	132	14
10254	1	0.382375225112879	0	7	0.858118413743027	-0.63452755933849	132	14
10256	1	-0.296414242304273	0	7	0.858118413743027	-0.63452755933849	132	14
10257	1	-0.293952783518665	0	7	0.858118413743027	-0.63452755933849	132	14
10260	1	0.130203575326496	0	7	0.858118413743027	-0.63452755933849	132	14
10261	2	-0.21470709338202	0	7	0.858118413743027	-0.63452755933849	132	14
10262	0	0.20090577433677	0	7	0.858118413743027	-0.63452755933849	132	14
10263	4	0.48501050255296	0	7	0.858118413743027	-0.63452755933849	132	14
10265	1	-0.0629890588756594	0	7	0.858118413743027	-0.63452755933849	132	14
10266	9	0.440233604746867	0	7	0.858118413743027	-0.63452755933849	132	14
10267	0	0.278564078541107	0	7	0.858118413743027	-0.63452755933849	132	14
10268	1	0.367976923707317	0	7	0.858118413743027	-0.63452755933849	132	14
10269	3	0.21274097371809	0	7	0.858118413743027	-0.63452755933849	132	14
10270	0	-0.166938138537773	0	7	0.858118413743027	-0.63452755933849	132	14
10272	2	-0.0183139179166814	0	7	0.858118413743027	-0.63452755933849	132	14
10273	4	0.412049981505266	0	7	0.858118413743027	-0.63452755933849	132	14
10274	3	-0.166900859568538	0	7	0.858118413743027	-0.63452755933849	132	14
10276	10	-0.198470461304549	0	7	0.858118413743027	-0.63452755933849	132	14
10277	0	-0.0754246554103264	0	7	0.858118413743027	-0.63452755933849	132	14
10278	0	-0.0710927187680929	0	7	0.858118413743027	-0.63452755933849	132	14
10279	1	0.524332233431206	0	7	0.858118413743027	-0.63452755933849	132	14
10280	4	0.18112185563141	0	7	0.858118413743027	-0.63452755933849	132	14
10282	0	-0.0600832094762705	0	7	0.858118413743027	-0.63452755933849	132	14
10284	2	0.728412814471877	0	7	0.858118413743027	-0.63452755933849	132	14
10285	0	0.0126025285704902	0	7	0.858118413743027	-0.63452755933849	132	14
10286	1	0.46289730262628	0	7	0.858118413743027	-0.63452755933849	132	14
10287	2	-0.309276718980036	0	7	0.858118413743027	-0.63452755933849	132	14
10288	10	0.182850799151381	0	7	0.858118413743027	-0.63452755933849	132	14
10289	2	0.543060428102625	0	7	0.858118413743027	-0.63452755933849	132	14
10291	0	0.051441217582806	0	7	0.858118413743027	-0.63452755933849	132	14
10293	1	-0.253605238794458	0	7	0.858118413743027	-0.63452755933849	132	14
10294	3	0.122911755626417	0	7	0.858118413743027	-0.63452755933849	132	14
10295	4	0.568895792172579	0	7	0.858118413743027	-0.63452755933849	132	14
10296	4	0.131612524386853	0	7	0.858118413743027	-0.63452755933849	132	14
10297	0	0.0492744480035112	0	7	0.858118413743027	-0.63452755933849	132	14
10298	0	0.361327545109101	0	7	0.858118413743027	-0.63452755933849	132	14
10299	1	0.266487725676242	0	7	0.858118413743027	-0.63452755933849	132	14
10300	4	0.194207178127571	0	7	0.858118413743027	-0.63452755933849	132	14
10302	4	0.362315386328833	0	7	0.858118413743027	-0.63452755933849	132	14
10308	2	-0.0617210099555822	0	7	0.858118413743027	-0.63452755933849	132	14
10309	2	-0.0826423144473316	0	7	0.858118413743027	-0.63452755933849	132	14
10311	0	0.178309155188595	0	7	0.858118413743027	-0.63452755933849	132	14
10312	2	0.00597970119953763	0	7	0.858118413743027	-0.63452755933849	132	14
10313	0	0.110685849613498	0	7	0.858118413743027	-0.63452755933849	132	14
10314	1	0.408905376024598	0	7	0.858118413743027	-0.63452755933849	132	14
10316	2	0.233615201965321	0	7	0.858118413743027	-0.63452755933849	132	14
10317	2	-0.166444252762231	0	7	0.858118413743027	-0.63452755933849	132	14
10318	0	-0.089174254623741	0	7	0.858118413743027	-0.63452755933849	132	14
10319	1	-0.334219180995416	0	7	0.858118413743027	-0.63452755933849	132	14
10320	2	-0.328593120656665	0	7	0.858118413743027	-0.63452755933849	132	14
10322	0	0.365826852131247	0	7	0.858118413743027	-0.63452755933849	132	14
10324	0	0.0645994432122415	0	7	0.858118413743027	-0.63452755933849	132	14
10325	1	0.380932098296816	0	7	0.858118413743027	-0.63452755933849	132	14
10327	3	0.495412689625859	0	7	0.858118413743027	-0.63452755933849	132	14
10328	4	0.434382582608788	0	7	0.858118413743027	-0.63452755933849	132	14
10329	1	0.30893455369532	0	7	0.858118413743027	-0.63452755933849	132	14
10330	4	0.578065672558904	0	7	0.858118413743027	-0.63452755933849	132	14
10331	1	-0.0753113458824141	0	7	0.858118413743027	-0.63452755933849	132	14
10333	2	-0.0905357048743217	0	7	0.858118413743027	-0.63452755933849	132	14
10336	6	-0.319099497881691	0	7	0.858118413743027	-0.63452755933849	132	14
10342	0	-0.31796773146885	0	7	0.858118413743027	-0.63452755933849	132	14
10343	0	0.0405188004854019	0	7	0.858118413743027	-0.63452755933849	132	14
10345	0	-0.05007690701308	0	7	0.858118413743027	-0.63452755933849	132	14
10347	1	-0.352503003442809	0	7	0.858118413743027	-0.63452755933849	132	14
10351	2	-0.395449617499422	0	7	0.858118413743027	-0.63452755933849	132	14
10352	3	0.380768009293291	0	7	0.858118413743027	-0.63452755933849	132	14
10360	1	-0.179564085822444	0	7	0.858118413743027	-0.63452755933849	132	14
10362	1	0.474240277360736	0	7	0.858118413743027	-0.63452755933849	132	14
10363	1	-0.214303382361827	0	7	0.858118413743027	-0.63452755933849	132	14
10365	1	0.0833895547461324	0	7	0.858118413743027	-0.63452755933849	132	14
10367	3	0.313513533281015	0	7	0.858118413743027	-0.63452755933849	132	14
10370	1	0.360063696435972	0	7	0.858118413743027	-0.63452755933849	132	14
10371	2	-0.148966197301159	0	7	0.858118413743027	-0.63452755933849	132	14
10382	0	0.438586294169789	0	7	0.858118413743027	-0.63452755933849	132	14
10383	4	0.345736765932994	0	7	0.858118413743027	-0.63452755933849	132	14
10384	11	-0.251606868320117	0	7	0.858118413743027	-0.63452755933849	132	14
10385	3	-0.267230907929172	0	7	0.858118413743027	-0.63452755933849	132	14
10388	0	-0.289137326405884	0	7	0.858118413743027	-0.63452755933849	132	14
10389	0	-0.0105159244482136	0	7	0.858118413743027	-0.63452755933849	132	14
10390	1	-0.105596225993611	0	7	0.858118413743027	-0.63452755933849	132	14
10391	1	0.340957643937214	0	7	0.858118413743027	-0.63452755933849	132	14
10392	8	0.00339442779874901	0	7	0.858118413743027	-0.63452755933849	132	14
10393	0	-0.168782919333322	0	7	0.858118413743027	-0.63452755933849	132	14
10395	5	0.112768042154546	0	7	0.858118413743027	-0.63452755933849	132	14
10396	0	0.101952521084261	0	7	0.858118413743027	-0.63452755933849	132	14
10397	2	0.256209066741864	0	7	0.858118413743027	-0.63452755933849	132	14
10398	1	0.554785130040928	0	7	0.858118413743027	-0.63452755933849	132	14
10400	4	0.555515344362664	0	7	0.858118413743027	-0.63452755933849	132	14
10402	5	0.366358786321501	0	7	0.858118413743027	-0.63452755933849	132	14
10404	1	0.176131517144115	0	7	0.858118413743027	-0.63452755933849	132	14
10406	2	-0.161736453131563	0	7	0.858118413743027	-0.63452755933849	132	14
10409	2	-0.0776664631056052	0	7	0.858118413743027	-0.63452755933849	132	14
10411	1	0.360443716794787	0	7	0.858118413743027	-0.63452755933849	132	14
10413	1	0.166181568907761	0	7	0.858118413743027	-0.63452755933849	132	14
10418	2	-0.365561036091246	0	7	0.858118413743027	-0.63452755933849	132	14
10419	3	0.242658105746757	0	7	0.858118413743027	-0.63452755933849	132	14
10420	0	-0.0341957249872064	0	7	0.858118413743027	-0.63452755933849	132	14
10421	4	0.499496489632317	0	7	0.858118413743027	-0.63452755933849	132	14
10422	0	-0.0753415265315958	0	7	0.858118413743027	-0.63452755933849	132	14
10423	1	0.561806106573026	0	7	0.858118413743027	-0.63452755933849	132	14
10425	6	-0.153993720428912	0	7	0.858118413743027	-0.63452755933849	132	14
10426	0	0.0363387275368062	0	7	0.858118413743027	-0.63452755933849	132	14
10427	1	0.353304465778812	0	7	0.858118413743027	-0.63452755933849	132	14
10428	3	0.440554518890563	0	7	0.858118413743027	-0.63452755933849	132	14
10430	4	0.466829201704167	0	7	0.858118413743027	-0.63452755933849	132	14
10434	3	0.0636917138287867	0	7	0.858118413743027	-0.63452755933849	132	14
10435	1	0.491226583901483	0	7	0.858118413743027	-0.63452755933849	132	14
10436	1	-0.236959599992093	0	7	0.858118413743027	-0.63452755933849	132	14
10438	1	0.311299376248765	0	7	0.858118413743027	-0.63452755933849	132	14
10439	3	-0.001970523971191	0	7	0.858118413743027	-0.63452755933849	132	14
10440	0	-0.0047071782991361	0	7	0.858118413743027	-0.63452755933849	132	14
10443	6	-0.117900100658216	0	7	0.858118413743027	-0.63452755933849	132	14
10444	1	0.625365559156605	0	7	0.858118413743027	-0.63452755933849	132	14
10445	4	0.452560987176588	0	7	0.858118413743027	-0.63452755933849	132	14
10446	2	-0.271531509560459	0	7	0.858118413743027	-0.63452755933849	132	14
10449	3	0.372928527688015	0	7	0.858118413743027	-0.63452755933849	132	14
10450	0	0.253539315815594	0	7	0.858118413743027	-0.63452755933849	132	14
10451	3	0.160301940836483	0	7	0.858118413743027	-0.63452755933849	132	14
10455	3	0.348148302493253	0	7	0.858118413743027	-0.63452755933849	132	14
10456	4	0.600430165037766	0	7	0.858118413743027	-0.63452755933849	132	14
10457	1	0.144979420347512	0	7	0.858118413743027	-0.63452755933849	132	14
10458	4	0.537902484651968	0	7	0.858118413743027	-0.63452755933849	132	14
10460	2	-0.398870119512516	0	7	0.858118413743027	-0.63452755933849	132	14
10461	1	-0.386937217169625	0	7	0.858118413743027	-0.63452755933849	132	14
10462	2	-0.367304928757474	0	7	0.858118413743027	-0.63452755933849	132	14
10463	3	0.393538410862676	0	7	0.858118413743027	-0.63452755933849	132	14
10464	0	-0.320186429765997	0	7	0.858118413743027	-0.63452755933849	132	14
10465	0	0.275197295238068	0	7	0.858118413743027	-0.63452755933849	132	14
10466	1	0.248327565904859	0	7	0.858118413743027	-0.63452755933849	132	14
10467	4	0.620416336741565	0	7	0.858118413743027	-0.63452755933849	132	14
10468	2	-0.308839724478668	0	7	0.858118413743027	-0.63452755933849	132	14
10469	3	0.437186447843698	0	7	0.858118413743027	-0.63452755933849	132	14
10472	2	0.431351054340319	0	7	0.858118413743027	-0.63452755933849	132	14
10473	1	0.351918219467256	0	7	0.858118413743027	-0.63452755933849	132	14
10474	7	0.584993055375881	1	7	0.858118413743027	-0.63452755933849	132	14
10475	1	-0.350018858222618	0	7	0.858118413743027	-0.63452755933849	132	14
10478	2	0.214374225180595	0	7	0.858118413743027	-0.63452755933849	132	14
10479	1	0.346547389321947	0	7	0.858118413743027	-0.63452755933849	132	14
10480	1	0.541421522305383	0	7	0.858118413743027	-0.63452755933849	132	14
10482	0	0.073726975397041	0	7	0.858118413743027	-0.63452755933849	132	14
10483	3	0.138539770409002	0	7	0.858118413743027	-0.63452755933849	132	14
10484	2	-0.5150245659862	0	7	0.858118413743027	-0.63452755933849	132	14
10486	0	-0.134421467034882	0	7	0.858118413743027	-0.63452755933849	132	14
10487	0	0.208725211815732	0	7	0.858118413743027	-0.63452755933849	132	14
10488	4	0.308350828810873	0	7	0.858118413743027	-0.63452755933849	132	14
10489	4	0.488360977996505	0	7	0.858118413743027	-0.63452755933849	132	14
10490	1	0.557373484371512	0	7	0.858118413743027	-0.63452755933849	132	14
10492	2	-0.0948356673245884	0	7	0.858118413743027	-0.63452755933849	132	14
10493	2	0.091519927796216	0	7	0.858118413743027	-0.63452755933849	132	14
10494	0	-0.0761063939095052	0	7	0.858118413743027	-0.63452755933849	132	14
10495	1	0.0447007558007435	0	7	0.858118413743027	-0.63452755933849	132	14
10497	2	0.27310986654527	0	7	0.858118413743027	-0.63452755933849	132	14
10498	4	0.466639941546653	0	7	0.858118413743027	-0.63452755933849	132	14
10499	1	0.204484099137227	0	7	0.858118413743027	-0.63452755933849	132	14
10500	0	0.0713014284830068	0	7	0.858118413743027	-0.63452755933849	132	14
10501	2	-0.161814287195861	0	7	0.858118413743027	-0.63452755933849	132	14
10505	0	0.205780236157843	0	7	0.858118413743027	-0.63452755933849	132	14
10507	2	-0.105500145091409	0	7	0.858118413743027	-0.63452755933849	132	14
10512	2	0.110519965173354	0	7	0.858118413743027	-0.63452755933849	132	14
10513	5	0.534016130534871	0	7	0.858118413743027	-0.63452755933849	132	14
10514	0	0.419437094513207	0	7	0.858118413743027	-0.63452755933849	132	14
10516	1	-0.502703931262417	0	7	0.858118413743027	-0.63452755933849	132	14
10518	2	0.149949655233737	0	7	0.858118413743027	-0.63452755933849	132	14
10519	4	0.542909061151072	0	7	0.858118413743027	-0.63452755933849	132	14
10520	1	0.128609488194026	0	7	0.858118413743027	-0.63452755933849	132	14
10521	6	-0.506745458430194	0	7	0.858118413743027	-0.63452755933849	132	14
10522	0	0.0174530673694003	0	7	0.858118413743027	-0.63452755933849	132	14
10523	0	0.487566546434444	0	7	0.858118413743027	-0.63452755933849	132	14
10524	4	0.38924121495534	0	7	0.858118413743027	-0.63452755933849	132	14
10525	4	-0.0153742234757964	0	7	0.858118413743027	-0.63452755933849	132	14
10526	0	0.281229607016627	0	7	0.858118413743027	-0.63452755933849	132	14
10527	2	-0.244780638577158	0	7	0.858118413743027	-0.63452755933849	132	14
10529	5	0.2996576903017	0	7	0.858118413743027	-0.63452755933849	132	14
10531	3	-0.0871083583428504	0	7	0.858118413743027	-0.63452755933849	132	14
10533	2	-0.0698326179803967	0	7	0.858118413743027	-0.63452755933849	132	14
10534	4	0.575532989319841	0	7	0.858118413743027	-0.63452755933849	132	14
10535	2	-0.0451626973531956	0	7	0.858118413743027	-0.63452755933849	132	14
10536	2	-0.0851269112050635	0	7	0.858118413743027	-0.63452755933849	132	14
10538	2	-0.144655640145352	0	7	0.858118413743027	-0.63452755933849	132	14
10539	2	-0.441235383991498	0	7	0.858118413743027	-0.63452755933849	132	14
10540	0	0.378434584860565	0	7	0.858118413743027	-0.63452755933849	132	14
10541	2	-0.296862097910718	0	7	0.858118413743027	-0.63452755933849	132	14
10542	3	0.580215612547167	0	7	0.858118413743027	-0.63452755933849	132	14
10544	2	-0.350200054411644	0	7	0.858118413743027	-0.63452755933849	132	14
10548	1	0.374431508090269	0	7	0.858118413743027	-0.63452755933849	132	14
10549	2	-0.0369098483698065	0	7	0.858118413743027	-0.63452755933849	132	14
10550	2	-0.0542034727411977	0	7	0.858118413743027	-0.63452755933849	132	14
10551	2	-0.147136879626239	0	7	0.858118413743027	-0.63452755933849	132	14
10552	4	0.133929819459215	0	7	0.858118413743027	-0.63452755933849	132	14
10553	4	0.33855527350386	0	7	0.858118413743027	-0.63452755933849	132	14
10554	4	0.310321097032365	0	7	0.858118413743027	-0.63452755933849	132	14
10555	13	0.269367887488319	0	7	0.858118413743027	-0.63452755933849	132	14
10556	0	-0.0113488111564003	0	7	0.858118413743027	-0.63452755933849	132	14
10557	0	-0.288618347032595	0	7	0.858118413743027	-0.63452755933849	132	14
10558	0	0.192196610592372	0	7	0.858118413743027	-0.63452755933849	132	14
10559	0	-0.123730517159379	0	7	0.858118413743027	-0.63452755933849	132	14
10560	3	0.228744702952032	0	7	0.858118413743027	-0.63452755933849	132	14
10561	14	-0.335249344143959	0	7	0.858118413743027	-0.63452755933849	132	14
10562	2	-0.0240870501366619	0	7	0.858118413743027	-0.63452755933849	132	14
10563	2	-0.00964430638693365	0	7	0.858118413743027	-0.63452755933849	132	14
10564	5	0.323318284673712	0	7	0.858118413743027	-0.63452755933849	132	14
10565	0	-0.491881747536334	0	7	0.858118413743027	-0.63452755933849	132	14
10566	2	0.392604329989452	0	7	0.858118413743027	-0.63452755933849	132	14
10567	4	0.764281711468487	0	7	0.858118413743027	-0.63452755933849	132	14
10568	1	-0.353408104729441	0	7	0.858118413743027	-0.63452755933849	132	14
10570	3	-0.143738751295846	0	7	0.858118413743027	-0.63452755933849	132	14
10572	4	0.589846032643181	0	7	0.858118413743027	-0.63452755933849	132	14
10573	4	0.4114191996877	0	7	0.858118413743027	-0.63452755933849	132	14
10574	4	0.295016911191257	0	7	0.858118413743027	-0.63452755933849	132	14
10575	4	0.383653517215652	0	7	0.858118413743027	-0.63452755933849	132	14
10576	2	0.0436791074601386	0	7	0.858118413743027	-0.63452755933849	132	14
10578	10	0.239351712335596	0	7	0.858118413743027	-0.63452755933849	132	14
10579	1	0.410814289230871	0	7	0.858118413743027	-0.63452755933849	132	14
10580	1	-0.616402690218938	0	7	0.858118413743027	-0.63452755933849	132	14
10581	4	0.553088782197792	0	7	0.858118413743027	-0.63452755933849	132	14
10584	2	-0.268820747631075	0	7	0.858118413743027	-0.63452755933849	132	14
10585	4	0.374748723772146	0	7	0.858118413743027	-0.63452755933849	132	14
10586	0	-0.0946162553512871	0	7	0.858118413743027	-0.63452755933849	132	14
10587	1	0.59533253948594	0	7	0.858118413743027	-0.63452755933849	132	14
10589	4	0.500538676540537	0	7	0.858118413743027	-0.63452755933849	132	14
10590	1	-0.172726274023143	0	7	0.858118413743027	-0.63452755933849	132	14
10591	3	0.655007018752609	0	7	0.858118413743027	-0.63452755933849	132	14
10592	0	0.0396342619407628	0	7	0.858118413743027	-0.63452755933849	132	14
10594	1	0.122067877847772	0	7	0.858118413743027	-0.63452755933849	132	14
10598	4	0.421997918680217	0	7	0.858118413743027	-0.63452755933849	132	14
10600	1	0.197071624844667	0	7	0.858118413743027	-0.63452755933849	132	14
10602	1	0.403645450942609	0	7	0.858118413743027	-0.63452755933849	132	14
10603	0	0.196983852459149	0	7	0.858118413743027	-0.63452755933849	132	14
10606	8	0.0229761911012516	0	7	0.858118413743027	-0.63452755933849	132	14
10607	6	0.355157369388513	0	7	0.858118413743027	-0.63452755933849	132	14
10609	2	-0.0648294917870206	0	7	0.858118413743027	-0.63452755933849	132	14
10610	3	0.48535918076794	0	7	0.858118413743027	-0.63452755933849	132	14
10611	1	0.300902853402957	0	7	0.858118413743027	-0.63452755933849	132	14
10612	0	-0.10319063279392	0	7	0.858118413743027	-0.63452755933849	132	14
10613	0	0.357362448689267	0	7	0.858118413743027	-0.63452755933849	132	14
10614	1	0.336942451837634	0	7	0.858118413743027	-0.63452755933849	132	14
10616	4	0.292208696266237	0	7	0.858118413743027	-0.63452755933849	132	14
10617	1	0.36894228587442	0	7	0.858118413743027	-0.63452755933849	132	14
10618	1	0.161246465660418	0	7	0.858118413743027	-0.63452755933849	132	14
10621	1	0.126410327058924	0	7	0.858118413743027	-0.63452755933849	132	14
10625	8	0.0674028199565955	0	7	0.858118413743027	-0.63452755933849	132	14
10627	1	0.272563288002519	0	7	0.858118413743027	-0.63452755933849	132	14
10629	0	0.0669377312262514	0	7	0.858118413743027	-0.63452755933849	132	14
10630	1	0.0662640533135927	0	7	0.858118413743027	-0.63452755933849	132	14
10631	2	-0.269829020496461	0	7	0.858118413743027	-0.63452755933849	132	14
10632	3	0.555318836712593	0	7	0.858118413743027	-0.63452755933849	132	14
10634	1	0.212854942959697	0	7	0.858118413743027	-0.63452755933849	132	14
10636	1	0.111911988012408	0	7	0.858118413743027	-0.63452755933849	132	14
10637	0	-0.0753959626455851	0	7	0.858118413743027	-0.63452755933849	132	14
10640	1	-0.157921904642932	0	7	0.858118413743027	-0.63452755933849	132	14
10641	0	0.278901692717025	0	7	0.858118413743027	-0.63452755933849	132	14
10645	0	0.256872097736992	0	7	0.858118413743027	-0.63452755933849	132	14
10647	3	0.309973749464089	0	7	0.858118413743027	-0.63452755933849	132	14
10650	1	0.345415698254185	0	7	0.858118413743027	-0.63452755933849	132	14
10651	1	0.283401154516753	0	7	0.858118413743027	-0.63452755933849	132	14
10652	0	-0.29865996454453	0	7	0.858118413743027	-0.63452755933849	132	14
10653	1	0.414592167848842	0	7	0.858118413743027	-0.63452755933849	132	14
10654	4	0.613464800920293	0	7	0.858118413743027	-0.63452755933849	132	14
10656	2	0.0390213361154902	0	7	0.858118413743027	-0.63452755933849	132	14
10657	1	0.554113736849639	0	7	0.858118413743027	-0.63452755933849	132	14
10658	0	-0.202355430578914	0	7	0.858118413743027	-0.63452755933849	132	14
10659	2	-0.387402171840269	0	7	0.858118413743027	-0.63452755933849	132	14
10663	2	-0.389333169481722	0	7	0.858118413743027	-0.63452755933849	132	14
10664	0	-0.0118023651487166	0	7	0.858118413743027	-0.63452755933849	132	14
10666	2	-0.360111527103653	0	7	0.858118413743027	-0.63452755933849	132	14
10667	0	0.388057546971683	0	7	0.858118413743027	-0.63452755933849	132	14
10668	1	0.480788758357739	0	7	0.858118413743027	-0.63452755933849	132	14
10669	1	-0.0951547511086862	0	7	0.858118413743027	-0.63452755933849	132	14
10670	1	0.121040416493836	0	7	0.858118413743027	-0.63452755933849	132	14
10671	1	0.1281822373803	0	7	0.858118413743027	-0.63452755933849	132	14
10672	1	0.220800622743497	0	7	0.858118413743027	-0.63452755933849	132	14
10677	1	-0.426458576831354	0	7	0.858118413743027	-0.63452755933849	132	14
10678	2	-0.26849866323997	0	7	0.858118413743027	-0.63452755933849	132	14
10681	3	0.224869905335865	0	7	0.858118413743027	-0.63452755933849	132	14
10682	3	0.267817451169866	0	7	0.858118413743027	-0.63452755933849	132	14
10686	0	0.22654428852196	0	7	0.858118413743027	-0.63452755933849	132	14
10687	5	0.560775151601097	0	7	0.858118413743027	-0.63452755933849	132	14
10690	0	0.089462048614205	0	7	0.858118413743027	-0.63452755933849	132	14
10691	4	0.355738919719402	0	7	0.858118413743027	-0.63452755933849	132	14
10693	3	-0.0826152900879013	0	7	0.858118413743027	-0.63452755933849	132	14
10694	2	0.0725760583070801	0	7	0.858118413743027	-0.63452755933849	132	14
10695	4	0.575742346655877	0	7	0.858118413743027	-0.63452755933849	132	14
10699	0	-0.0252448882995942	0	7	0.858118413743027	-0.63452755933849	132	14
10712	1	0.3626031551818	0	7	0.858118413743027	-0.63452755933849	132	14
10713	1	0.228944661501384	0	7	0.858118413743027	-0.63452755933849	132	14
10714	3	0.349122132708652	0	7	0.858118413743027	-0.63452755933849	132	14
10721	1	-0.0155245245209459	0	7	0.858118413743027	-0.63452755933849	132	14
10723	3	0.304646372473452	0	7	0.858118413743027	-0.63452755933849	132	14
10724	1	-0.23282240998562	0	7	0.858118413743027	-0.63452755933849	132	14
10725	3	-0.461008980525913	0	7	0.858118413743027	-0.63452755933849	132	14
10726	4	0.443643517493433	0	7	0.858118413743027	-0.63452755933849	132	14
10728	1	0.384599494225269	0	7	0.858118413743027	-0.63452755933849	132	14
10730	0	0.239501663540762	0	7	0.858118413743027	-0.63452755933849	132	14
10733	0	-0.0975934682140092	0	7	0.858118413743027	-0.63452755933849	132	14
10734	1	-0.233432348518208	0	7	0.858118413743027	-0.63452755933849	132	14
10735	0	0.0664334597283948	0	7	0.858118413743027	-0.63452755933849	132	14
10741	3	0.55849415467903	0	7	0.858118413743027	-0.63452755933849	132	14
10742	0	-0.112171939359559	0	7	0.858118413743027	-0.63452755933849	132	14
10745	0	-0.356047066684223	0	7	0.858118413743027	-0.63452755933849	132	14
10746	1	0.0358586131049549	0	7	0.858118413743027	-0.63452755933849	132	14
10747	3	-0.174152901229946	0	7	0.858118413743027	-0.63452755933849	132	14
10749	0	-0.0032148961866149	0	7	0.858118413743027	-0.63452755933849	132	14
10750	2	0.335919314611839	0	7	0.858118413743027	-0.63452755933849	132	14
10752	8	0.0174909386340558	0	7	0.858118413743027	-0.63452755933849	132	14
10755	4	0.255735865740097	0	7	0.858118413743027	-0.63452755933849	132	14
10758	2	-0.0987131818589347	0	7	0.858118413743027	-0.63452755933849	132	14
10762	0	-0.174062659294322	0	7	0.858118413743027	-0.63452755933849	132	14
10763	1	0.233937765412684	0	7	0.858118413743027	-0.63452755933849	132	14
10765	2	-0.429491614016904	0	7	0.858118413743027	-0.63452755933849	132	14
10766	1	0.0504050978510477	0	7	0.858118413743027	-0.63452755933849	132	14
10767	1	0.119020805234955	0	7	0.858118413743027	-0.63452755933849	132	14
10768	3	0.225456720535323	0	7	0.858118413743027	-0.63452755933849	132	14
10769	2	-0.591591175829865	0	7	0.858118413743027	-0.63452755933849	132	14
10771	1	0.133597839774553	0	7	0.858118413743027	-0.63452755933849	132	14
10772	6	-0.267569882414736	0	7	0.858118413743027	-0.63452755933849	132	14
10773	1	0.126537387741558	0	7	0.858118413743027	-0.63452755933849	132	14
10775	4	0.330026748099857	0	7	0.858118413743027	-0.63452755933849	132	14
10776	1	0.426572822291395	0	7	0.858118413743027	-0.63452755933849	132	14
10777	1	-0.0368264280777746	0	7	0.858118413743027	-0.63452755933849	132	14
10780	9	-0.0848367551414852	0	7	0.858118413743027	-0.63452755933849	132	14
10781	3	-0.364798538313799	0	7	0.858118413743027	-0.63452755933849	132	14
10782	1	0.40906534439094	0	7	0.858118413743027	-0.63452755933849	132	14
10785	1	0.0330333909455925	0	7	0.858118413743027	-0.63452755933849	132	14
10786	3	0.208341910642902	0	7	0.858118413743027	-0.63452755933849	132	14
10787	1	-0.11837447042253	0	7	0.858118413743027	-0.63452755933849	132	14
10788	1	0.311560305537805	0	7	0.858118413743027	-0.63452755933849	132	14
10791	5	0.485503468194727	0	7	0.858118413743027	-0.63452755933849	132	14
10793	0	-0.0785072353579663	0	7	0.858118413743027	-0.63452755933849	132	14
10794	2	-0.203847644032855	0	7	0.858118413743027	-0.63452755933849	132	14
10795	1	0.141037232653774	0	7	0.858118413743027	-0.63452755933849	132	14
10797	1	0.424398466729685	0	7	0.858118413743027	-0.63452755933849	132	14
10801	2	-0.182897398159507	0	7	0.858118413743027	-0.63452755933849	132	14
10802	2	-0.106399158084149	0	7	0.858118413743027	-0.63452755933849	132	14
10803	0	-0.0328785052293383	0	7	0.858118413743027	-0.63452755933849	132	14
10807	4	0.182021775140924	0	7	0.858118413743027	-0.63452755933849	132	14
10808	0	-0.0901700696626077	0	7	0.858118413743027	-0.63452755933849	132	14
10810	1	0.258843362428165	0	7	0.858118413743027	-0.63452755933849	132	14
10817	10	0.298565698263066	0	7	0.858118413743027	-0.63452755933849	132	14
10818	5	0.531560204806719	0	7	0.858118413743027	-0.63452755933849	132	14
10825	1	-0.355026720965699	0	7	0.858118413743027	-0.63452755933849	132	14
10826	5	0.588436425769417	0	7	0.858118413743027	-0.63452755933849	132	14
10827	1	0.295941503351151	0	7	0.858118413743027	-0.63452755933849	132	14
10840	3	0.382376489426247	0	7	0.858118413743027	-0.63452755933849	132	14
10841	3	0.314457379017421	0	7	0.858118413743027	-0.63452755933849	132	14
10844	0	0.426144005017245	0	7	0.858118413743027	-0.63452755933849	132	14
10845	3	0.338899879801088	0	7	0.858118413743027	-0.63452755933849	132	14
10846	0	-0.11243183663538	0	7	0.858118413743027	-0.63452755933849	132	14
10847	3	-0.190856739286031	0	7	0.858118413743027	-0.63452755933849	132	14
10848	2	-0.160635647631283	0	7	0.858118413743027	-0.63452755933849	132	14
10849	2	-0.266260946039118	0	7	0.858118413743027	-0.63452755933849	132	14
10855	2	-0.104593111078645	0	7	0.858118413743027	-0.63452755933849	132	14
10856	4	0.42034793407284	0	7	0.858118413743027	-0.63452755933849	132	14
10857	3	0.300076780560106	0	7	0.858118413743027	-0.63452755933849	132	14
10858	0	0.0708653445387807	0	7	0.858118413743027	-0.63452755933849	132	14
10861	3	0.286069337329155	0	7	0.858118413743027	-0.63452755933849	132	14
10863	0	-0.393967186680965	0	7	0.858118413743027	-0.63452755933849	132	14
10864	3	0.0837907161356403	0	7	0.858118413743027	-0.63452755933849	132	14
10865	2	-0.279138385801488	0	7	0.858118413743027	-0.63452755933849	132	14
10867	4	0.234232761673681	0	7	0.858118413743027	-0.63452755933849	132	14
10868	4	0.194858434598482	0	7	0.858118413743027	-0.63452755933849	132	14
10869	0	0.422237177077642	0	7	0.858118413743027	-0.63452755933849	132	14
10871	0	0.221860084239074	0	7	0.858118413743027	-0.63452755933849	132	14
10873	1	-0.301709605150646	0	7	0.858118413743027	-0.63452755933849	132	14
10875	2	-0.152164781882568	0	7	0.858118413743027	-0.63452755933849	132	14
10882	1	0.0132915445948112	0	7	0.858118413743027	-0.63452755933849	132	14
10884	1	0.555975356430993	0	7	0.858118413743027	-0.63452755933849	132	14
10885	2	-0.0809910942519118	0	7	0.858118413743027	-0.63452755933849	132	14
10891	3	0.229737198740715	0	7	0.858118413743027	-0.63452755933849	132	14
10892	2	-0.544475016939104	0	7	0.858118413743027	-0.63452755933849	132	14
10893	0	0.137433010626413	0	7	0.858118413743027	-0.63452755933849	132	14
10894	1	-0.309622555800133	0	7	0.858118413743027	-0.63452755933849	132	14
10897	4	0.265156857159414	0	7	0.858118413743027	-0.63452755933849	132	14
10898	0	0.184560531331671	0	7	0.858118413743027	-0.63452755933849	132	14
10899	4	0.484308695730697	0	7	0.858118413743027	-0.63452755933849	132	14
10900	0	0.253424949625488	0	7	0.858118413743027	-0.63452755933849	132	14
10902	0	0.0719305247222949	0	7	0.858118413743027	-0.63452755933849	132	14
10904	1	0.160321818447291	0	7	0.858118413743027	-0.63452755933849	132	14
10905	5	0.489076845228381	0	7	0.858118413743027	-0.63452755933849	132	14
10906	1	0.206410275821735	0	7	0.858118413743027	-0.63452755933849	132	14
10907	7	0.745145788645176	1	7	0.858118413743027	-0.63452755933849	132	14
10908	0	0.134174653039575	0	7	0.858118413743027	-0.63452755933849	132	14
10912	3	0.292376294376199	0	7	0.858118413743027	-0.63452755933849	132	14
10913	1	-0.311332233800688	0	7	0.858118413743027	-0.63452755933849	132	14
10914	0	0.02396644904647	0	7	0.858118413743027	-0.63452755933849	132	14
10915	6	-0.41848606740994	0	7	0.858118413743027	-0.63452755933849	132	14
10916	4	0.35357419103873	0	7	0.858118413743027	-0.63452755933849	132	14
10920	1	0.12054918032726	0	7	0.858118413743027	-0.63452755933849	132	14
10921	4	0.491848658397053	0	7	0.858118413743027	-0.63452755933849	132	14
10922	0	0.187745336908488	0	7	0.858118413743027	-0.63452755933849	132	14
10923	1	0.41538159226521	0	7	0.858118413743027	-0.63452755933849	132	14
10924	3	0.329759912131113	0	7	0.858118413743027	-0.63452755933849	132	14
10926	2	-0.128970789758864	0	7	0.858118413743027	-0.63452755933849	132	14
10927	0	-0.108463688632758	0	7	0.858118413743027	-0.63452755933849	132	14
10928	6	0.4772500644067	0	7	0.858118413743027	-0.63452755933849	132	14
10929	1	0.282451925934909	0	7	0.858118413743027	-0.63452755933849	132	14
10930	0	-0.122562459074276	0	7	0.858118413743027	-0.63452755933849	132	14
10935	3	0.400559035032574	0	7	0.858118413743027	-0.63452755933849	132	14
10936	0	-0.20743664341989	0	7	0.858118413743027	-0.63452755933849	132	14
10938	1	0.373530507185907	0	7	0.858118413743027	-0.63452755933849	132	14
10939	3	0.327961777664182	0	7	0.858118413743027	-0.63452755933849	132	14
10940	0	-0.00413072395494929	0	7	0.858118413743027	-0.63452755933849	132	14
10943	3	-0.118831632802461	0	7	0.858118413743027	-0.63452755933849	132	14
10944	1	0.050649693146147	0	7	0.858118413743027	-0.63452755933849	132	14
10945	2	-0.0460927099614963	0	7	0.858118413743027	-0.63452755933849	132	14
10946	2	-0.359367019669474	0	7	0.858118413743027	-0.63452755933849	132	14
10947	1	0.35105236876082	0	7	0.858118413743027	-0.63452755933849	132	14
10948	0	0.0672922331209696	0	7	0.858118413743027	-0.63452755933849	132	14
10949	1	0.435161063111105	0	7	0.858118413743027	-0.63452755933849	132	14
10950	1	0.268642052591186	0	7	0.858118413743027	-0.63452755933849	132	14
10952	7	0.877959422803307	1	7	0.858118413743027	-0.63452755933849	132	14
10953	4	0.238154452231884	0	7	0.858118413743027	-0.63452755933849	132	14
10955	1	0.266842893683659	0	7	0.858118413743027	-0.63452755933849	132	14
10956	1	0.149616777607643	0	7	0.858118413743027	-0.63452755933849	132	14
10957	1	0.357272632374347	0	7	0.858118413743027	-0.63452755933849	132	14
10959	2	0.145117843020933	0	7	0.858118413743027	-0.63452755933849	132	14
10960	7	0.720660783291806	1	7	0.858118413743027	-0.63452755933849	132	14
10961	4	0.425641328988478	0	7	0.858118413743027	-0.63452755933849	132	14
10962	2	-0.333040050349125	0	7	0.858118413743027	-0.63452755933849	132	14
10963	4	0.449390714978958	0	7	0.858118413743027	-0.63452755933849	132	14
10964	14	-0.239081144038635	0	7	0.858118413743027	-0.63452755933849	132	14
10966	3	0.568609314552368	0	7	0.858118413743027	-0.63452755933849	132	14
10970	1	0.443299836088254	0	7	0.858118413743027	-0.63452755933849	132	14
10972	1	0.185454633617856	0	7	0.858118413743027	-0.63452755933849	132	14
10973	2	-0.442188163456699	0	7	0.858118413743027	-0.63452755933849	132	14
10974	0	0.379523088430051	0	7	0.858118413743027	-0.63452755933849	132	14
10975	7	0.83782778800052	1	7	0.858118413743027	-0.63452755933849	132	14
10978	0	-0.00247503369530973	0	7	0.858118413743027	-0.63452755933849	132	14
10979	1	0.446997763225699	0	7	0.858118413743027	-0.63452755933849	132	14
10980	7	0.711872231803356	1	7	0.858118413743027	-0.63452755933849	132	14
10981	2	-0.108197658209878	0	7	0.858118413743027	-0.63452755933849	132	14
10982	1	0.296588841881667	0	7	0.858118413743027	-0.63452755933849	132	14
10983	1	0.111581526548448	0	7	0.858118413743027	-0.63452755933849	132	14
10985	0	-0.0392969378017086	0	7	0.858118413743027	-0.63452755933849	132	14
10987	0	-0.133185470195095	0	7	0.858118413743027	-0.63452755933849	132	14
10988	0	0.0041789248081857	0	7	0.858118413743027	-0.63452755933849	132	14
10989	3	0.129464227793779	0	7	0.858118413743027	-0.63452755933849	132	14
10990	1	-0.286210178285774	0	7	0.858118413743027	-0.63452755933849	132	14
10991	3	0.0104707202825659	0	7	0.858118413743027	-0.63452755933849	132	14
10992	4	0.352648224148303	0	7	0.858118413743027	-0.63452755933849	132	14
10993	1	-0.396307636623011	0	7	0.858118413743027	-0.63452755933849	132	14
10994	3	0.581206930226395	0	7	0.858118413743027	-0.63452755933849	132	14
10998	4	0.337965937958008	0	7	0.858118413743027	-0.63452755933849	132	14
11000	3	-0.308905255039932	0	7	0.858118413743027	-0.63452755933849	132	14
11001	3	0.220480391194716	0	7	0.858118413743027	-0.63452755933849	132	14
11004	2	0.0380818199919362	0	7	0.858118413743027	-0.63452755933849	132	14
11006	2	-0.216922478987305	0	7	0.858118413743027	-0.63452755933849	132	14
11007	0	0.0974294640758886	0	7	0.858118413743027	-0.63452755933849	132	14
11009	2	-0.248998717699087	0	7	0.858118413743027	-0.63452755933849	132	14
11010	2	-0.279858063445513	0	7	0.858118413743027	-0.63452755933849	132	14
11011	3	-0.334655891447374	0	7	0.858118413743027	-0.63452755933849	132	14
11014	0	0.185819870211804	0	7	0.858118413743027	-0.63452755933849	132	14
11015	0	-0.0803495924186894	0	7	0.858118413743027	-0.63452755933849	132	14
11016	3	0.110613631798286	0	7	0.858118413743027	-0.63452755933849	132	14
11017	5	0.463417501863351	0	7	0.858118413743027	-0.63452755933849	132	14
11018	4	0.551002329074856	0	7	0.858118413743027	-0.63452755933849	132	14
11019	3	0.302026894482254	0	7	0.858118413743027	-0.63452755933849	132	14
11020	3	0.311966183328424	0	7	0.858118413743027	-0.63452755933849	132	14
11021	0	0.232010011318318	0	7	0.858118413743027	-0.63452755933849	132	14
11022	0	-0.00832092050614057	0	7	0.858118413743027	-0.63452755933849	132	14
11027	10	0.18585672768034	0	7	0.858118413743027	-0.63452755933849	132	14
11030	0	-0.106340285404825	0	7	0.858118413743027	-0.63452755933849	132	14
11031	3	-0.192492155030063	0	7	0.858118413743027	-0.63452755933849	132	14
11033	1	-0.204372756302595	0	7	0.858118413743027	-0.63452755933849	132	14
11034	1	0.338599111212682	0	7	0.858118413743027	-0.63452755933849	132	14
11040	2	0.123542110896655	0	7	0.858118413743027	-0.63452755933849	132	14
11041	1	0.515571902185882	0	7	0.858118413743027	-0.63452755933849	132	14
11043	5	0.405521025370755	0	7	0.858118413743027	-0.63452755933849	132	14
11044	3	-0.486027540727713	0	7	0.858118413743027	-0.63452755933849	132	14
11046	3	0.308999397793636	0	7	0.858118413743027	-0.63452755933849	132	14
11047	4	0.403328700978635	0	7	0.858118413743027	-0.63452755933849	132	14
11051	3	0.276284020141452	0	7	0.858118413743027	-0.63452755933849	132	14
11052	3	-0.184418347970927	0	7	0.858118413743027	-0.63452755933849	132	14
11054	0	0.378125535846172	0	7	0.858118413743027	-0.63452755933849	132	14
11056	0	-0.157171559335681	0	7	0.858118413743027	-0.63452755933849	132	14
11057	2	-0.461019732023242	0	7	0.858118413743027	-0.63452755933849	132	14
11059	2	0.234652185977838	0	7	0.858118413743027	-0.63452755933849	132	14
11060	5	0.459528280066767	0	7	0.858118413743027	-0.63452755933849	132	14
11062	0	0.0505160561747857	0	7	0.858118413743027	-0.63452755933849	132	14
11064	2	-0.482345903705371	0	7	0.858118413743027	-0.63452755933849	132	14
11065	2	-0.255251683110551	0	7	0.858118413743027	-0.63452755933849	132	14
11066	3	-0.266827591916678	0	7	0.858118413743027	-0.63452755933849	132	14
11067	2	-0.00331929555510321	0	7	0.858118413743027	-0.63452755933849	132	14
11068	4	0.428019984052861	0	7	0.858118413743027	-0.63452755933849	132	14
11069	9	-0.0138432942157137	0	7	0.858118413743027	-0.63452755933849	132	14
11070	4	0.368342285967331	0	7	0.858118413743027	-0.63452755933849	132	14
11072	1	0.297264475966943	0	7	0.858118413743027	-0.63452755933849	132	14
11073	3	-0.131283772575536	0	7	0.858118413743027	-0.63452755933849	132	14
11075	2	-0.215530077532291	0	7	0.858118413743027	-0.63452755933849	132	14
11076	2	0.42432895132182	0	7	0.858118413743027	-0.63452755933849	132	14
11078	3	0.0388447750592069	0	7	0.858118413743027	-0.63452755933849	132	14
11079	2	-0.132014708175147	0	7	0.858118413743027	-0.63452755933849	132	14
11080	1	0.0527408659909247	0	7	0.858118413743027	-0.63452755933849	132	14
11082	1	0.40506888395147	0	7	0.858118413743027	-0.63452755933849	132	14
11083	0	0.0314793108308048	0	7	0.858118413743027	-0.63452755933849	132	14
11092	1	0.417197042445414	0	7	0.858118413743027	-0.63452755933849	132	14
11093	1	-0.133432262828187	0	7	0.858118413743027	-0.63452755933849	132	14
11094	1	-0.353893089178623	0	7	0.858118413743027	-0.63452755933849	132	14
11095	0	-0.123708636053852	0	7	0.858118413743027	-0.63452755933849	132	14
11096	3	-0.418052973508121	0	7	0.858118413743027	-0.63452755933849	132	14
11097	2	-0.489353411916118	0	7	0.858118413743027	-0.63452755933849	132	14
11098	2	-0.534869238987485	0	7	0.858118413743027	-0.63452755933849	132	14
11099	1	0.348250847427254	0	7	0.858118413743027	-0.63452755933849	132	14
11100	13	0.415607396455184	0	7	0.858118413743027	-0.63452755933849	132	14
11102	3	0.278557314269041	0	7	0.858118413743027	-0.63452755933849	132	14
11103	0	0.0573133007572748	0	7	0.858118413743027	-0.63452755933849	132	14
11104	0	-0.102359172764535	0	7	0.858118413743027	-0.63452755933849	132	14
11107	5	0.439706459671706	0	7	0.858118413743027	-0.63452755933849	132	14
11108	1	0.491596791234481	0	7	0.858118413743027	-0.63452755933849	132	14
11116	0	0.316052625103441	0	7	0.858118413743027	-0.63452755933849	132	14
11117	2	-0.249563510392445	0	7	0.858118413743027	-0.63452755933849	132	14
11118	11	0.0363717541467438	0	7	0.858118413743027	-0.63452755933849	132	14
11119	2	0.286292982313694	0	7	0.858118413743027	-0.63452755933849	132	14
11120	1	0.0200924824455367	0	7	0.858118413743027	-0.63452755933849	132	14
11122	0	-0.00993663787480537	0	7	0.858118413743027	-0.63452755933849	132	14
11123	0	0.106196542851477	0	7	0.858118413743027	-0.63452755933849	132	14
11124	0	-0.304811027043336	0	7	0.858118413743027	-0.63452755933849	132	14
11127	1	-0.121480875677344	0	7	0.858118413743027	-0.63452755933849	132	14
11129	0	0.134506446914585	0	7	0.858118413743027	-0.63452755933849	132	14
11130	2	-0.41807524858138	0	7	0.858118413743027	-0.63452755933849	132	14
11132	2	-0.245776753268024	0	7	0.858118413743027	-0.63452755933849	132	14
11133	0	0.423046411118849	0	7	0.858118413743027	-0.63452755933849	132	14
11135	3	-0.245854938557065	0	7	0.858118413743027	-0.63452755933849	132	14
11136	3	0.393684954814086	0	7	0.858118413743027	-0.63452755933849	132	14
11137	0	0.163406223139607	0	7	0.858118413743027	-0.63452755933849	132	14
11138	3	-0.284723501545196	0	7	0.858118413743027	-0.63452755933849	132	14
11142	0	0.201252507745989	0	7	0.858118413743027	-0.63452755933849	132	14
11145	4	0.529396445613387	0	7	0.858118413743027	-0.63452755933849	132	14
11146	2	-0.409111827958638	0	7	0.858118413743027	-0.63452755933849	132	14
11147	3	0.387729391307864	0	7	0.858118413743027	-0.63452755933849	132	14
11148	3	0.19704287527697	0	7	0.858118413743027	-0.63452755933849	132	14
11151	2	-0.306999627530155	0	7	0.858118413743027	-0.63452755933849	132	14
11152	0	0.108941864535492	0	7	0.858118413743027	-0.63452755933849	132	14
11153	4	0.269096765079133	0	7	0.858118413743027	-0.63452755933849	132	14
11154	0	0.202725939095595	0	7	0.858118413743027	-0.63452755933849	132	14
11155	1	-0.210970198677792	0	7	0.858118413743027	-0.63452755933849	132	14
11156	0	0.482150284382574	0	7	0.858118413743027	-0.63452755933849	132	14
11157	0	0.391719579056532	0	7	0.858118413743027	-0.63452755933849	132	14
11160	1	0.414655678335958	0	7	0.858118413743027	-0.63452755933849	132	14
11161	1	0.25307272150447	0	7	0.858118413743027	-0.63452755933849	132	14
11162	3	-0.1196390980398	0	7	0.858118413743027	-0.63452755933849	132	14
11168	0	0.150776433527638	0	7	0.858118413743027	-0.63452755933849	132	14
11169	2	-0.169576724227944	0	7	0.858118413743027	-0.63452755933849	132	14
11171	1	0.124357035026038	0	7	0.858118413743027	-0.63452755933849	132	14
11174	1	-0.363469224089552	0	7	0.858118413743027	-0.63452755933849	132	14
11176	8	0.00168944469558727	0	7	0.858118413743027	-0.63452755933849	132	14
11177	2	-0.564216288026034	0	7	0.858118413743027	-0.63452755933849	132	14
11178	0	-0.0143107337754342	0	7	0.858118413743027	-0.63452755933849	132	14
11179	5	0.611185120205715	0	7	0.858118413743027	-0.63452755933849	132	14
11180	11	0.279977581565766	0	7	0.858118413743027	-0.63452755933849	132	14
11181	3	0.318060556798145	0	7	0.858118413743027	-0.63452755933849	132	14
11182	2	-0.200304947966624	0	7	0.858118413743027	-0.63452755933849	132	14
11183	3	-0.336898362233215	0	7	0.858118413743027	-0.63452755933849	132	14
11184	2	-0.487562221654568	0	7	0.858118413743027	-0.63452755933849	132	14
11186	1	-0.201837334038297	0	7	0.858118413743027	-0.63452755933849	132	14
11187	0	-0.0302265646750329	0	7	0.858118413743027	-0.63452755933849	132	14
11188	1	0.103401083527459	0	7	0.858118413743027	-0.63452755933849	132	14
11189	0	0.0456756926471471	0	7	0.858118413743027	-0.63452755933849	132	14
11190	0	-0.0537791093115664	0	7	0.858118413743027	-0.63452755933849	132	14
11193	1	0.00750508718464793	0	7	0.858118413743027	-0.63452755933849	132	14
11194	0	-0.0952140950568911	0	7	0.858118413743027	-0.63452755933849	132	14
11196	2	-0.194925113801834	0	7	0.858118413743027	-0.63452755933849	132	14
11198	1	0.128992621266647	0	7	0.858118413743027	-0.63452755933849	132	14
11201	2	0.21296475021934	0	7	0.858118413743027	-0.63452755933849	132	14
11212	3	0.349938711853856	0	7	0.858118413743027	-0.63452755933849	132	14
11213	1	-0.0465383796603239	0	7	0.858118413743027	-0.63452755933849	132	14
11214	3	-0.441468285741276	0	7	0.858118413743027	-0.63452755933849	132	14
11215	1	0.243717597325581	0	7	0.858118413743027	-0.63452755933849	132	14
11216	0	-0.172279070188995	0	7	0.858118413743027	-0.63452755933849	132	14
11221	3	-0.0936499217289271	0	7	0.858118413743027	-0.63452755933849	132	14
11222	8	-0.14289354650399	0	7	0.858118413743027	-0.63452755933849	132	14
11226	2	-0.273403202790405	0	7	0.858118413743027	-0.63452755933849	132	14
11230	4	0.416441889544065	0	7	0.858118413743027	-0.63452755933849	132	14
11231	2	-0.454776150768313	0	7	0.858118413743027	-0.63452755933849	132	14
11232	1	-0.246845573508244	0	7	0.858118413743027	-0.63452755933849	132	14
11234	1	0.140649088436307	0	7	0.858118413743027	-0.63452755933849	132	14
11235	4	-0.236741116360158	0	7	0.858118413743027	-0.63452755933849	132	14
11236	0	-0.0123878898250287	0	7	0.858118413743027	-0.63452755933849	132	14
11237	0	0.144976364498838	0	7	0.858118413743027	-0.63452755933849	132	14
11238	3	-0.0635021469203896	0	7	0.858118413743027	-0.63452755933849	132	14
11240	2	0.0929788785343976	0	7	0.858118413743027	-0.63452755933849	132	14
11245	2	-0.298490309948654	0	7	0.858118413743027	-0.63452755933849	132	14
11248	1	-0.160038497878393	0	7	0.858118413743027	-0.63452755933849	132	14
11253	4	0.0232252111914016	0	7	0.858118413743027	-0.63452755933849	132	14
11258	4	0.6242654861132	0	7	0.858118413743027	-0.63452755933849	132	14
11259	2	-0.572954435299162	0	7	0.858118413743027	-0.63452755933849	132	14
11260	1	0.1644382106569	0	7	0.858118413743027	-0.63452755933849	132	14
11261	4	0.660459446586681	0	7	0.858118413743027	-0.63452755933849	132	14
11262	2	-0.356475275332758	0	7	0.858118413743027	-0.63452755933849	132	14
11264	1	0.691216943188087	0	7	0.858118413743027	-0.63452755933849	132	14
11266	0	-0.142542541648467	0	7	0.858118413743027	-0.63452755933849	132	14
11267	4	0.142265137266275	0	7	0.858118413743027	-0.63452755933849	132	14
11273	0	0.0054432853156778	0	7	0.858118413743027	-0.63452755933849	132	14
11275	1	-0.100399238780179	0	7	0.858118413743027	-0.63452755933849	132	14
11276	1	0.176993341999757	0	7	0.858118413743027	-0.63452755933849	132	14
11278	2	-0.137400517818739	0	7	0.858118413743027	-0.63452755933849	132	14
11279	0	-0.0120751988185235	0	7	0.858118413743027	-0.63452755933849	132	14
11280	0	0.112142919049506	0	7	0.858118413743027	-0.63452755933849	132	14
11282	4	0.00183802914280227	0	7	0.858118413743027	-0.63452755933849	132	14
11284	4	0.312211798138481	0	7	0.858118413743027	-0.63452755933849	132	14
11285	2	-0.29515858011677	0	7	0.858118413743027	-0.63452755933849	132	14
11309	2	-0.410369260229899	0	7	0.858118413743027	-0.63452755933849	132	14
11311	5	0.166864039555671	0	7	0.858118413743027	-0.63452755933849	132	14
11313	4	0.47323516030178	0	7	0.858118413743027	-0.63452755933849	132	14
11314	2	0.204732974144747	0	7	0.858118413743027	-0.63452755933849	132	14
11315	7	0.656567665166834	1	7	0.858118413743027	-0.63452755933849	132	14
11316	7	0.611950328416879	1	7	0.858118413743027	-0.63452755933849	132	14
11318	1	0.0845901569416073	0	7	0.858118413743027	-0.63452755933849	132	14
11319	0	-0.160181683715081	0	7	0.858118413743027	-0.63452755933849	132	14
11320	3	0.294873412947397	0	7	0.858118413743027	-0.63452755933849	132	14
11321	0	0.185837747093747	0	7	0.858118413743027	-0.63452755933849	132	14
11322	2	-0.249326824671035	0	7	0.858118413743027	-0.63452755933849	132	14
11325	1	0.0585600141186564	0	7	0.858118413743027	-0.63452755933849	132	14
11326	2	-0.357066609564844	0	7	0.858118413743027	-0.63452755933849	132	14
11329	1	-0.226781225135231	0	7	0.858118413743027	-0.63452755933849	132	14
11331	4	0.276094370918477	0	7	0.858118413743027	-0.63452755933849	132	14
11332	4	0.705602428844132	0	7	0.858118413743027	-0.63452755933849	132	14
11333	0	0.0551069285538654	0	7	0.858118413743027	-0.63452755933849	132	14
11334	4	0.590751464110302	0	7	0.858118413743027	-0.63452755933849	132	14
11335	2	-0.176740970420658	0	7	0.858118413743027	-0.63452755933849	132	14
11336	3	0.430862883260248	0	7	0.858118413743027	-0.63452755933849	132	14
11337	4	0.634458376319308	0	7	0.858118413743027	-0.63452755933849	132	14
11338	5	0.324379110707168	0	7	0.858118413743027	-0.63452755933849	132	14
11339	1	-0.227218463923242	0	7	0.858118413743027	-0.63452755933849	132	14
11340	2	-0.12597542022464	0	7	0.858118413743027	-0.63452755933849	132	14
11342	1	0.0262079605830363	0	7	0.858118413743027	-0.63452755933849	132	14
11343	8	-0.00805977353067632	0	7	0.858118413743027	-0.63452755933849	132	14
11345	1	0.417595730155492	0	7	0.858118413743027	-0.63452755933849	132	14
11346	1	0.494161980870424	0	7	0.858118413743027	-0.63452755933849	132	14
22795	2	-0.368056941547628	0	7	0.858118413743027	-0.63452755933849	132	14
22796	0	-0.106103149880741	0	7	0.858118413743027	-0.63452755933849	132	14
22797	3	0.203213917116126	0	7	0.858118413743027	-0.63452755933849	132	14
22798	0	0.165013805758177	0	7	0.858118413743027	-0.63452755933849	132	14
22800	0	-0.0796011753872061	0	7	0.858118413743027	-0.63452755933849	132	14
22806	2	-0.153319471557703	0	7	0.858118413743027	-0.63452755933849	132	14
22807	1	0.120233097906767	0	7	0.858118413743027	-0.63452755933849	132	14
22808	2	-0.589462213220228	0	7	0.858118413743027	-0.63452755933849	132	14
22818	1	0.56186601342605	0	7	0.858118413743027	-0.63452755933849	132	14
22820	1	0.252204952593109	0	7	0.858118413743027	-0.63452755933849	132	14
22821	2	-0.195671886167604	0	7	0.858118413743027	-0.63452755933849	132	14
22822	2	-0.00252130003252097	0	7	0.858118413743027	-0.63452755933849	132	14
22823	1	-0.565565485165833	0	7	0.858118413743027	-0.63452755933849	132	14
22824	3	0.221514840869085	0	7	0.858118413743027	-0.63452755933849	132	14
22826	1	0.58129097726646	0	7	0.858118413743027	-0.63452755933849	132	14
22827	1	0.259212262367381	0	7	0.858118413743027	-0.63452755933849	132	14
22829	0	-0.148064890353566	0	7	0.858118413743027	-0.63452755933849	132	14
22832	5	0.40900335660247	0	7	0.858118413743027	-0.63452755933849	132	14
22834	0	-0.143475016965773	0	7	0.858118413743027	-0.63452755933849	132	14
22835	0	0.0708413666495579	0	7	0.858118413743027	-0.63452755933849	132	14
22836	0	0.00314822054821222	0	7	0.858118413743027	-0.63452755933849	132	14
22837	2	0.0252367559813301	0	7	0.858118413743027	-0.63452755933849	132	14
22838	0	0.043409987495809	0	7	0.858118413743027	-0.63452755933849	132	14
22839	3	0.0986523196964843	0	7	0.858118413743027	-0.63452755933849	132	14
22841	0	-0.0897570751752359	0	7	0.858118413743027	-0.63452755933849	132	14
22843	2	0.0719022344274502	0	7	0.858118413743027	-0.63452755933849	132	14
22844	0	0.2946098972794	0	7	0.858118413743027	-0.63452755933849	132	14
22845	0	-0.142206697455754	0	7	0.858118413743027	-0.63452755933849	132	14
22846	3	-0.488857382774633	0	7	0.858118413743027	-0.63452755933849	132	14
22848	1	-0.179409717070876	0	7	0.858118413743027	-0.63452755933849	132	14
22849	0	-0.388172999677543	0	7	0.858118413743027	-0.63452755933849	132	14
22850	3	0.0579010378114806	0	7	0.858118413743027	-0.63452755933849	132	14
22852	6	-0.315385856341847	0	7	0.858118413743027	-0.63452755933849	132	14
22853	3	0.286647819194906	0	7	0.858118413743027	-0.63452755933849	132	14
22856	3	-0.189054767373165	0	7	0.858118413743027	-0.63452755933849	132	14
22858	0	-0.106818531507423	0	7	0.858118413743027	-0.63452755933849	132	14
22859	3	-0.15166087777687	0	7	0.858118413743027	-0.63452755933849	132	14
22862	0	0.0380061009806813	0	7	0.858118413743027	-0.63452755933849	132	14
22863	0	0.00627029866336887	0	7	0.858118413743027	-0.63452755933849	132	14
22864	1	0.279633082883098	0	7	0.858118413743027	-0.63452755933849	132	14
22866	2	-0.157967351153301	0	7	0.858118413743027	-0.63452755933849	132	14
22868	0	0.149197792483136	0	7	0.858118413743027	-0.63452755933849	132	14
22869	1	0.316529262775731	0	7	0.858118413743027	-0.63452755933849	132	14
22870	0	0.246559646893092	0	7	0.858118413743027	-0.63452755933849	132	14
22871	8	-0.0473816383511394	0	7	0.858118413743027	-0.63452755933849	132	14
22872	0	0.074759132828159	0	7	0.858118413743027	-0.63452755933849	132	14
22873	2	-0.253849415975333	0	7	0.858118413743027	-0.63452755933849	132	14
22874	3	-0.0237978870553142	0	7	0.858118413743027	-0.63452755933849	132	14
22875	1	0.278907877422155	0	7	0.858118413743027	-0.63452755933849	132	14
22876	2	-0.200504653382431	0	7	0.858118413743027	-0.63452755933849	132	14
22877	3	-0.116127404523046	0	7	0.858118413743027	-0.63452755933849	132	14
22878	1	0.258704339403514	0	7	0.858118413743027	-0.63452755933849	132	14
22879	4	0.390092311613002	0	7	0.858118413743027	-0.63452755933849	132	14
22880	4	0.147387018814662	0	7	0.858118413743027	-0.63452755933849	132	14
22881	2	-0.490347967852856	0	7	0.858118413743027	-0.63452755933849	132	14
22882	2	0.139179447576573	0	7	0.858118413743027	-0.63452755933849	132	14
22883	1	0.0992200236225327	0	7	0.858118413743027	-0.63452755933849	132	14
22884	1	-0.0672292967707337	0	7	0.858118413743027	-0.63452755933849	132	14
22885	3	0.345913444565357	0	7	0.858118413743027	-0.63452755933849	132	14
22887	1	0.492489963378299	0	7	0.858118413743027	-0.63452755933849	132	14
22889	6	-0.275929793079495	0	7	0.858118413743027	-0.63452755933849	132	14
22890	3	-0.164084617502688	0	7	0.858118413743027	-0.63452755933849	132	14
22891	2	-0.121979352593013	0	7	0.858118413743027	-0.63452755933849	132	14
22893	0	0.000109952796864416	0	7	0.858118413743027	-0.63452755933849	132	14
22894	0	-0.365390252869941	0	7	0.858118413743027	-0.63452755933849	132	14
22897	4	-0.507509702337631	0	7	0.858118413743027	-0.63452755933849	132	14
22898	3	-0.298998382884613	0	7	0.858118413743027	-0.63452755933849	132	14
22899	9	-0.101480029373762	0	7	0.858118413743027	-0.63452755933849	132	14
22900	3	-0.380407216844211	0	7	0.858118413743027	-0.63452755933849	132	14
22902	6	-0.568054039422115	0	7	0.858118413743027	-0.63452755933849	132	14
22903	1	0.260709702758145	0	7	0.858118413743027	-0.63452755933849	132	14
22904	2	-0.153435416958794	0	7	0.858118413743027	-0.63452755933849	132	14
22906	2	-0.530893647616034	0	7	0.858118413743027	-0.63452755933849	132	14
22907	4	0.338306392355908	0	7	0.858118413743027	-0.63452755933849	132	14
22908	2	0.165381368670365	0	7	0.858118413743027	-0.63452755933849	132	14
22909	1	0.408637750474369	0	7	0.858118413743027	-0.63452755933849	132	14
22911	1	0.125542779819035	0	7	0.858118413743027	-0.63452755933849	132	14
22913	4	0.210048705346791	0	7	0.858118413743027	-0.63452755933849	132	14
22915	2	-0.174855436154173	0	7	0.858118413743027	-0.63452755933849	132	14
22916	0	-0.225295233923458	0	7	0.858118413743027	-0.63452755933849	132	14
22918	2	-0.397101059720208	0	7	0.858118413743027	-0.63452755933849	132	14
22919	1	0.0248142480092665	0	7	0.858118413743027	-0.63452755933849	132	14
22920	1	0.311762855795009	0	7	0.858118413743027	-0.63452755933849	132	14
22921	2	0.583181715730172	0	7	0.858118413743027	-0.63452755933849	132	14
22924	5	0.380005706451534	0	7	0.858118413743027	-0.63452755933849	132	14
22925	1	0.200485968164609	0	7	0.858118413743027	-0.63452755933849	132	14
22926	1	0.426694270467306	0	7	0.858118413743027	-0.63452755933849	132	14
22927	1	0.199532837802901	0	7	0.858118413743027	-0.63452755933849	132	14
22928	3	0.320440063605054	0	7	0.858118413743027	-0.63452755933849	132	14
22929	1	0.234713371109662	0	7	0.858118413743027	-0.63452755933849	132	14
22930	1	-0.0631856026787363	0	7	0.858118413743027	-0.63452755933849	132	14
22933	2	0.259023299051064	0	7	0.858118413743027	-0.63452755933849	132	14
22936	2	0.405299988533932	0	7	0.858118413743027	-0.63452755933849	132	14
22937	4	0.440412768031469	0	7	0.858118413743027	-0.63452755933849	132	14
22938	0	-0.0492892606348579	0	7	0.858118413743027	-0.63452755933849	132	14
22941	0	0.438539347469334	0	7	0.858118413743027	-0.63452755933849	132	14
22944	3	-0.267509550446266	0	7	0.858118413743027	-0.63452755933849	132	14
22948	2	-0.174463422337219	0	7	0.858118413743027	-0.63452755933849	132	14
22954	0	0.172444361341694	0	7	0.858118413743027	-0.63452755933849	132	14
22955	3	0.421824981891564	0	7	0.858118413743027	-0.63452755933849	132	14
22974	2	-0.334772631402549	0	7	0.858118413743027	-0.63452755933849	132	14
22976	0	-0.204863871365575	0	7	0.858118413743027	-0.63452755933849	132	14
22977	3	0.515757692721428	0	7	0.858118413743027	-0.63452755933849	132	14
22978	1	-0.097444967725018	0	7	0.858118413743027	-0.63452755933849	132	14
22980	0	-0.0254652733678559	0	7	0.858118413743027	-0.63452755933849	132	14
22981	3	0.0818368758979305	0	7	0.858118413743027	-0.63452755933849	132	14
22982	3	0.366499101099237	0	7	0.858118413743027	-0.63452755933849	132	14
22984	2	-0.0787459345483318	0	7	0.858118413743027	-0.63452755933849	132	14
22985	1	-0.380742815263431	0	7	0.858118413743027	-0.63452755933849	132	14
22986	0	-0.158098077402368	0	7	0.858118413743027	-0.63452755933849	132	14
22989	0	-0.0105716937417995	0	7	0.858118413743027	-0.63452755933849	132	14
22990	0	0.127309354341783	0	7	0.858118413743027	-0.63452755933849	132	14
22992	4	-0.452922718950665	0	7	0.858118413743027	-0.63452755933849	132	14
22993	0	-0.0200429119733527	0	7	0.858118413743027	-0.63452755933849	132	14
22994	3	-0.453899655474301	0	7	0.858118413743027	-0.63452755933849	132	14
22996	1	-0.247377703649598	0	7	0.858118413743027	-0.63452755933849	132	14
22998	11	-0.268061682388333	0	7	0.858118413743027	-0.63452755933849	132	14
22999	1	-0.11392794968195	0	7	0.858118413743027	-0.63452755933849	132	14
23001	0	-0.175836257415357	0	7	0.858118413743027	-0.63452755933849	132	14
23002	2	-0.509122942885452	0	7	0.858118413743027	-0.63452755933849	132	14
23005	3	-0.400250464760144	0	7	0.858118413743027	-0.63452755933849	132	14
23007	1	-0.184181107758256	0	7	0.858118413743027	-0.63452755933849	132	14
23008	1	0.255897851457752	0	7	0.858118413743027	-0.63452755933849	132	14
23011	1	0.423874437070185	0	7	0.858118413743027	-0.63452755933849	132	14
23012	2	-0.429215861785306	0	7	0.858118413743027	-0.63452755933849	132	14
23013	3	-0.494070903873251	0	7	0.858118413743027	-0.63452755933849	132	14
23014	1	0.494784711787625	0	7	0.858118413743027	-0.63452755933849	132	14
23015	6	-0.488912166661334	0	7	0.858118413743027	-0.63452755933849	132	14
23016	4	0.338674115629569	0	7	0.858118413743027	-0.63452755933849	132	14
23017	2	-0.283291248008441	0	7	0.858118413743027	-0.63452755933849	132	14
23019	2	-0.21574256948177	0	7	0.858118413743027	-0.63452755933849	132	14
23022	1	0.0966850625375538	0	7	0.858118413743027	-0.63452755933849	132	14
23023	0	-0.200788207705839	0	7	0.858118413743027	-0.63452755933849	132	14
23024	8	-0.137392372243466	0	7	0.858118413743027	-0.63452755933849	132	14
23025	1	-0.193908781643309	0	7	0.858118413743027	-0.63452755933849	132	14
23026	0	0.0372692924128315	0	7	0.858118413743027	-0.63452755933849	132	14
23028	13	0.164784885813391	0	7	0.858118413743027	-0.63452755933849	132	14
23029	0	0.147438812138751	0	7	0.858118413743027	-0.63452755933849	132	14
23030	10	0.570495611235461	0	7	0.858118413743027	-0.63452755933849	132	14
23031	3	0.403147440133367	0	7	0.858118413743027	-0.63452755933849	132	14
23032	0	-0.187095336116241	0	7	0.858118413743027	-0.63452755933849	132	14
23033	4	-0.326339447237938	0	7	0.858118413743027	-0.63452755933849	132	14
23034	2	-0.180639634968907	0	7	0.858118413743027	-0.63452755933849	132	14
23035	0	-0.0770082854761546	0	7	0.858118413743027	-0.63452755933849	132	14
23036	6	-0.427344020658154	0	7	0.858118413743027	-0.63452755933849	132	14
23037	2	-0.0500759273173428	0	7	0.858118413743027	-0.63452755933849	132	14
23038	5	0.592823246106502	0	7	0.858118413743027	-0.63452755933849	132	14
23039	1	0.248903762462273	0	7	0.858118413743027	-0.63452755933849	132	14
23041	4	-0.514051329460445	0	7	0.858118413743027	-0.63452755933849	132	14
23043	2	-0.261437126295324	0	7	0.858118413743027	-0.63452755933849	132	14
23046	2	-0.0678256433875579	0	7	0.858118413743027	-0.63452755933849	132	14
23047	3	-0.246921296916318	0	7	0.858118413743027	-0.63452755933849	132	14
23048	3	-0.165650132783558	0	7	0.858118413743027	-0.63452755933849	132	14
23051	3	-0.0749075314694887	0	7	0.858118413743027	-0.63452755933849	132	14
23052	1	0.378248264952578	0	7	0.858118413743027	-0.63452755933849	132	14
23053	3	0.139659468450275	0	7	0.858118413743027	-0.63452755933849	132	14
23054	1	-0.0677283072438978	0	7	0.858118413743027	-0.63452755933849	132	14
23057	1	-0.0672005517612291	0	7	0.858118413743027	-0.63452755933849	132	14
23059	1	0.381992837657829	0	7	0.858118413743027	-0.63452755933849	132	14
23060	1	0.180857534580008	0	7	0.858118413743027	-0.63452755933849	132	14
23061	1	0.284701335133167	0	7	0.858118413743027	-0.63452755933849	132	14
23062	3	0.573640540255164	0	7	0.858118413743027	-0.63452755933849	132	14
23063	1	0.169710810500959	0	7	0.858118413743027	-0.63452755933849	132	14
23064	1	-0.339943839909058	0	7	0.858118413743027	-0.63452755933849	132	14
23065	1	0.249468812928266	0	7	0.858118413743027	-0.63452755933849	132	14
23066	1	0.540383294642088	0	7	0.858118413743027	-0.63452755933849	132	14
23067	0	0.0351088473856136	0	7	0.858118413743027	-0.63452755933849	132	14
23070	0	-0.00290011344108795	0	7	0.858118413743027	-0.63452755933849	132	14
23071	1	0.38664626229167	0	7	0.858118413743027	-0.63452755933849	132	14
23072	3	0.426728452625162	0	7	0.858118413743027	-0.63452755933849	132	14
23074	3	0.42010782287712	0	7	0.858118413743027	-0.63452755933849	132	14
23075	1	0.022054679259323	0	7	0.858118413743027	-0.63452755933849	132	14
23076	2	-0.140582849300762	0	7	0.858118413743027	-0.63452755933849	132	14
23077	3	-0.575952042347351	0	7	0.858118413743027	-0.63452755933849	132	14
23078	3	0.0885744582464222	0	7	0.858118413743027	-0.63452755933849	132	14
23080	1	-0.150793562029542	0	7	0.858118413743027	-0.63452755933849	132	14
23081	3	-0.207434088898415	0	7	0.858118413743027	-0.63452755933849	132	14
23082	2	-0.0985622213963804	0	7	0.858118413743027	-0.63452755933849	132	14
23085	1	-0.187403548645196	0	7	0.858118413743027	-0.63452755933849	132	14
23086	5	0.508524592190181	0	7	0.858118413743027	-0.63452755933849	132	14
23089	2	0.0621740923569418	0	7	0.858118413743027	-0.63452755933849	132	14
23090	1	0.193845611873569	0	7	0.858118413743027	-0.63452755933849	132	14
23091	0	0.110297425376965	0	7	0.858118413743027	-0.63452755933849	132	14
23092	1	-0.509077306104247	0	7	0.858118413743027	-0.63452755933849	132	14
23093	3	-0.307665073801708	0	7	0.858118413743027	-0.63452755933849	132	14
23094	0	0.294494508182274	0	7	0.858118413743027	-0.63452755933849	132	14
23095	1	0.0481848637051799	0	7	0.858118413743027	-0.63452755933849	132	14
23096	1	0.419257478219377	0	7	0.858118413743027	-0.63452755933849	132	14
23097	0	0.279948085686038	0	7	0.858118413743027	-0.63452755933849	132	14
23098	0	0.29728751159786	0	7	0.858118413743027	-0.63452755933849	132	14
23099	0	0.123266352082099	0	7	0.858118413743027	-0.63452755933849	132	14
23101	3	-0.258748576117441	0	7	0.858118413743027	-0.63452755933849	132	14
23102	3	-0.444542146845065	0	7	0.858118413743027	-0.63452755933849	132	14
23105	0	0.118520407196643	0	7	0.858118413743027	-0.63452755933849	132	14
23107	1	0.197236752425874	0	7	0.858118413743027	-0.63452755933849	132	14
23108	2	-0.3094912283648	0	7	0.858118413743027	-0.63452755933849	132	14
23109	1	0.440859982016897	0	7	0.858118413743027	-0.63452755933849	132	14
23111	0	0.310891511822378	0	7	0.858118413743027	-0.63452755933849	132	14
23112	7	-0.622021831238274	1	7	0.858118413743027	-0.63452755933849	132	14
23113	0	-0.261636788424402	0	7	0.858118413743027	-0.63452755933849	132	14
23114	1	0.417051102082559	0	7	0.858118413743027	-0.63452755933849	132	14
23116	1	0.0814518006062375	0	7	0.858118413743027	-0.63452755933849	132	14
23118	1	0.119145641460727	0	7	0.858118413743027	-0.63452755933849	132	14
23119	1	-0.104099950351688	0	7	0.858118413743027	-0.63452755933849	132	14
23122	1	-0.0676250015797305	0	7	0.858118413743027	-0.63452755933849	132	14
23125	1	0.41828488484745	0	7	0.858118413743027	-0.63452755933849	132	14
23126	0	0.0678368753865129	0	7	0.858118413743027	-0.63452755933849	132	14
23127	1	0.0428670625516646	0	7	0.858118413743027	-0.63452755933849	132	14
23129	11	-0.346656848995473	0	7	0.858118413743027	-0.63452755933849	132	14
23130	0	0.0578910355590632	0	7	0.858118413743027	-0.63452755933849	132	14
23131	3	-0.188578982263592	0	7	0.858118413743027	-0.63452755933849	132	14
23132	5	0.238518936745365	0	7	0.858118413743027	-0.63452755933849	132	14
23133	0	-0.0779460189046573	0	7	0.858118413743027	-0.63452755933849	132	14
23135	0	0.252539805347159	0	7	0.858118413743027	-0.63452755933849	132	14
23136	3	0.217651348581155	0	7	0.858118413743027	-0.63452755933849	132	14
23137	1	-0.652455359572373	0	7	0.858118413743027	-0.63452755933849	132	14
23138	2	0.00173866428369583	0	7	0.858118413743027	-0.63452755933849	132	14
23139	1	-0.00700949136812768	0	7	0.858118413743027	-0.63452755933849	132	14
23140	3	-0.340306467989116	0	7	0.858118413743027	-0.63452755933849	132	14
23141	2	-0.26197606727355	0	7	0.858118413743027	-0.63452755933849	132	14
23142	2	0.0722551721683144	0	7	0.858118413743027	-0.63452755933849	132	14
23143	6	-0.346931905358465	0	7	0.858118413743027	-0.63452755933849	132	14
23144	4	0.502322204448025	0	7	0.858118413743027	-0.63452755933849	132	14
23148	0	0.29540020546553	0	7	0.858118413743027	-0.63452755933849	132	14
23149	2	-0.102914329896711	0	7	0.858118413743027	-0.63452755933849	132	14
23150	1	-0.233525783469861	0	7	0.858118413743027	-0.63452755933849	132	14
23151	0	-0.0101794481865325	0	7	0.858118413743027	-0.63452755933849	132	14
23152	2	-0.207771308871064	0	7	0.858118413743027	-0.63452755933849	132	14
23154	5	0.305964561115447	0	7	0.858118413743027	-0.63452755933849	132	14
23155	1	0.0394250017133598	0	7	0.858118413743027	-0.63452755933849	132	14
23157	2	-0.290506073793057	0	7	0.858118413743027	-0.63452755933849	132	14
23158	2	-0.302333407229925	0	7	0.858118413743027	-0.63452755933849	132	14
23160	2	-0.219555333478932	0	7	0.858118413743027	-0.63452755933849	132	14
23161	1	0.0153047217021098	0	7	0.858118413743027	-0.63452755933849	132	14
23162	1	-0.47617309342062	0	7	0.858118413743027	-0.63452755933849	132	14
23163	0	0.0906109763816742	0	7	0.858118413743027	-0.63452755933849	132	14
23164	5	0.224492847037361	0	7	0.858118413743027	-0.63452755933849	132	14
23165	0	-0.394401327017334	0	7	0.858118413743027	-0.63452755933849	132	14
23166	1	-0.419143559243897	0	7	0.858118413743027	-0.63452755933849	132	14
23167	1	0.0306330375867643	0	7	0.858118413743027	-0.63452755933849	132	14
23168	1	0.194905446790748	0	7	0.858118413743027	-0.63452755933849	132	14
23169	3	0.222996337818073	0	7	0.858118413743027	-0.63452755933849	132	14
23170	0	0.308927812807543	0	7	0.858118413743027	-0.63452755933849	132	14
23171	2	0.235587879583604	0	7	0.858118413743027	-0.63452755933849	132	14
23172	0	-0.136688615980667	0	7	0.858118413743027	-0.63452755933849	132	14
23173	2	0.321794775251256	0	7	0.858118413743027	-0.63452755933849	132	14
23174	1	0.278801151669024	0	7	0.858118413743027	-0.63452755933849	132	14
23175	1	0.139983495757937	0	7	0.858118413743027	-0.63452755933849	132	14
23176	2	-0.209729529606649	0	7	0.858118413743027	-0.63452755933849	132	14
23177	3	-0.290248915506749	0	7	0.858118413743027	-0.63452755933849	132	14
23178	2	-0.378080254033779	0	7	0.858118413743027	-0.63452755933849	132	14
23179	1	0.218492658611232	0	7	0.858118413743027	-0.63452755933849	132	14
23180	2	-0.333899811925132	0	7	0.858118413743027	-0.63452755933849	132	14
23185	0	-0.122121947864575	0	7	0.858118413743027	-0.63452755933849	132	14
23186	0	-0.258456336275789	0	7	0.858118413743027	-0.63452755933849	132	14
23187	3	-0.205122021377127	0	7	0.858118413743027	-0.63452755933849	132	14
23189	1	0.215113162387477	0	7	0.858118413743027	-0.63452755933849	132	14
23190	0	-0.107039806030879	0	7	0.858118413743027	-0.63452755933849	132	14
23191	11	-0.185404368096533	0	7	0.858118413743027	-0.63452755933849	132	14
23192	0	-0.192142922176671	0	7	0.858118413743027	-0.63452755933849	132	14
23193	3	0.369563064545982	0	7	0.858118413743027	-0.63452755933849	132	14
23194	1	0.261228843775789	0	7	0.858118413743027	-0.63452755933849	132	14
23195	4	-0.651644283761646	0	7	0.858118413743027	-0.63452755933849	132	14
23196	4	-0.0156354253263152	0	7	0.858118413743027	-0.63452755933849	132	14
23197	0	-0.206671695902612	0	7	0.858118413743027	-0.63452755933849	132	14
23198	2	-0.489573721845199	0	7	0.858118413743027	-0.63452755933849	132	14
23199	11	-0.369804550082191	0	7	0.858118413743027	-0.63452755933849	132	14
23200	0	-0.0835002512872615	0	7	0.858118413743027	-0.63452755933849	132	14
23201	1	0.367935490574161	0	7	0.858118413743027	-0.63452755933849	132	14
23203	3	0.245272541059355	0	7	0.858118413743027	-0.63452755933849	132	14
23204	0	0.081188003441299	0	7	0.858118413743027	-0.63452755933849	132	14
23205	1	-0.22399483430476	0	7	0.858118413743027	-0.63452755933849	132	14
23207	1	0.167104805009609	0	7	0.858118413743027	-0.63452755933849	132	14
23208	2	-0.405289309186132	0	7	0.858118413743027	-0.63452755933849	132	14
23210	0	-0.0357703362992689	0	7	0.858118413743027	-0.63452755933849	132	14
23211	4	-0.571918208627727	0	7	0.858118413743027	-0.63452755933849	132	14
23212	1	-0.0659252001993486	0	7	0.858118413743027	-0.63452755933849	132	14
23213	1	0.14722880497225	0	7	0.858118413743027	-0.63452755933849	132	14
23214	10	0.297815409128643	0	7	0.858118413743027	-0.63452755933849	132	14
23215	0	-0.143255879799278	0	7	0.858118413743027	-0.63452755933849	132	14
23216	1	0.353256862786538	0	7	0.858118413743027	-0.63452755933849	132	14
23218	2	-0.371512626663073	0	7	0.858118413743027	-0.63452755933849	132	14
23219	3	0.307007922338449	0	7	0.858118413743027	-0.63452755933849	132	14
23220	1	0.336079201961631	0	7	0.858118413743027	-0.63452755933849	132	14
23221	1	0.360916963210434	0	7	0.858118413743027	-0.63452755933849	132	14
23223	2	-0.18909897723797	0	7	0.858118413743027	-0.63452755933849	132	14
23224	2	-0.282115053750318	0	7	0.858118413743027	-0.63452755933849	132	14
23225	2	-0.135071868744078	0	7	0.858118413743027	-0.63452755933849	132	14
23229	3	0.28509648985289	0	7	0.858118413743027	-0.63452755933849	132	14
23230	0	-0.142390605934615	0	7	0.858118413743027	-0.63452755933849	132	14
23231	2	-0.409301544529201	0	7	0.858118413743027	-0.63452755933849	132	14
23232	2	-0.154924013451712	0	7	0.858118413743027	-0.63452755933849	132	14
23236	1	-0.28633251853292	0	7	0.858118413743027	-0.63452755933849	132	14
23237	1	0.140292121117749	0	7	0.858118413743027	-0.63452755933849	132	14
23239	1	0.248005835538221	0	7	0.858118413743027	-0.63452755933849	132	14
23240	2	-0.40526871876893	0	7	0.858118413743027	-0.63452755933849	132	14
23241	0	0.0839055815872827	0	7	0.858118413743027	-0.63452755933849	132	14
23242	2	0.240647406003688	0	7	0.858118413743027	-0.63452755933849	132	14
23243	0	-0.0361543531869728	0	7	0.858118413743027	-0.63452755933849	132	14
23244	2	-0.598640740855685	0	7	0.858118413743027	-0.63452755933849	132	14
23245	3	0.360302807383173	0	7	0.858118413743027	-0.63452755933849	132	14
23247	1	0.198062893239117	0	7	0.858118413743027	-0.63452755933849	132	14
23248	3	0.487731743661949	0	7	0.858118413743027	-0.63452755933849	132	14
23250	0	-0.169188276561415	0	7	0.858118413743027	-0.63452755933849	132	14
23251	1	0.22890053520507	0	7	0.858118413743027	-0.63452755933849	132	14
23252	2	0.205505494798048	0	7	0.858118413743027	-0.63452755933849	132	14
23253	1	0.0815497485826649	0	7	0.858118413743027	-0.63452755933849	132	14
23254	0	0.216579199950205	0	7	0.858118413743027	-0.63452755933849	132	14
23255	2	-0.330342462985788	0	7	0.858118413743027	-0.63452755933849	132	14
23256	1	0.0944627237729132	0	7	0.858118413743027	-0.63452755933849	132	14
23258	9	-0.237829920486845	0	7	0.858118413743027	-0.63452755933849	132	14
23259	1	0.0955033809483253	0	7	0.858118413743027	-0.63452755933849	132	14
23261	0	-0.0511121331690601	0	7	0.858118413743027	-0.63452755933849	132	14
23262	0	-0.367051024875486	0	7	0.858118413743027	-0.63452755933849	132	14
23263	1	-0.0474323800758896	0	7	0.858118413743027	-0.63452755933849	132	14
23264	1	0.430984763206305	0	7	0.858118413743027	-0.63452755933849	132	14
23265	4	0.504320740110073	0	7	0.858118413743027	-0.63452755933849	132	14
23266	3	-0.525872505754945	0	7	0.858118413743027	-0.63452755933849	132	14
23268	1	-0.196367955368176	0	7	0.858118413743027	-0.63452755933849	132	14
23269	0	-0.227974989966045	0	7	0.858118413743027	-0.63452755933849	132	14
23270	1	0.280876232492873	0	7	0.858118413743027	-0.63452755933849	132	14
23271	5	0.183353228067524	0	7	0.858118413743027	-0.63452755933849	132	14
23272	1	-0.0549723736333306	0	7	0.858118413743027	-0.63452755933849	132	14
23274	1	0.0160520489759191	0	7	0.858118413743027	-0.63452755933849	132	14
23275	1	0.296824108724745	0	7	0.858118413743027	-0.63452755933849	132	14
23276	0	0.00224795790238711	0	7	0.858118413743027	-0.63452755933849	132	14
23277	3	0.529964284964074	0	7	0.858118413743027	-0.63452755933849	132	14
23279	2	-0.621279558979448	0	7	0.858118413743027	-0.63452755933849	132	14
23283	0	0.0170382581351084	0	7	0.858118413743027	-0.63452755933849	132	14
23284	2	-0.125370589586716	0	7	0.858118413743027	-0.63452755933849	132	14
23286	8	0.185482677985332	0	7	0.858118413743027	-0.63452755933849	132	14
23287	1	0.363165113316587	0	7	0.858118413743027	-0.63452755933849	132	14
23288	2	0.268467559374453	0	7	0.858118413743027	-0.63452755933849	132	14
23291	5	0.462715461437604	0	7	0.858118413743027	-0.63452755933849	132	14
23293	0	-0.269482882091666	0	7	0.858118413743027	-0.63452755933849	132	14
23294	1	0.212726154301728	0	7	0.858118413743027	-0.63452755933849	132	14
23295	4	0.508240186572016	0	7	0.858118413743027	-0.63452755933849	132	14
23299	0	-0.160769578340291	0	7	0.858118413743027	-0.63452755933849	132	14
23300	0	-0.0527802991589276	0	7	0.858118413743027	-0.63452755933849	132	14
23301	1	0.290334897627199	0	7	0.858118413743027	-0.63452755933849	132	14
23303	3	-0.0918043207889646	0	7	0.858118413743027	-0.63452755933849	132	14
23304	1	-0.18029637000689	0	7	0.858118413743027	-0.63452755933849	132	14
23305	0	-0.0901926970065429	0	7	0.858118413743027	-0.63452755933849	132	14
23306	3	-0.117632190193317	0	7	0.858118413743027	-0.63452755933849	132	14
23307	0	0.0958220406771735	0	7	0.858118413743027	-0.63452755933849	132	14
23309	2	-0.101694178945306	0	7	0.858118413743027	-0.63452755933849	132	14
23310	1	-0.171264585688506	0	7	0.858118413743027	-0.63452755933849	132	14
23312	0	-0.249155903573806	0	7	0.858118413743027	-0.63452755933849	132	14
23313	3	-0.221835714512196	0	7	0.858118413743027	-0.63452755933849	132	14
23314	1	-0.0641579828973546	0	7	0.858118413743027	-0.63452755933849	132	14
23315	0	0.145466422500952	0	7	0.858118413743027	-0.63452755933849	132	14
23316	0	-0.037037742760837	0	7	0.858118413743027	-0.63452755933849	132	14
23317	0	-0.120482687629176	0	7	0.858118413743027	-0.63452755933849	132	14
23318	0	-0.216977781490398	0	7	0.858118413743027	-0.63452755933849	132	14
23321	8	-0.246007537033597	0	7	0.858118413743027	-0.63452755933849	132	14
23322	0	-0.263132544643401	0	7	0.858118413743027	-0.63452755933849	132	14
23324	1	0.377562204554365	0	7	0.858118413743027	-0.63452755933849	132	14
23325	0	-0.119311636370822	0	7	0.858118413743027	-0.63452755933849	132	14
23326	3	-0.0829261933542559	0	7	0.858118413743027	-0.63452755933849	132	14
23327	3	0.335296167128772	0	7	0.858118413743027	-0.63452755933849	132	14
23328	1	0.23420705680929	0	7	0.858118413743027	-0.63452755933849	132	14
23329	0	-0.0391565314661266	0	7	0.858118413743027	-0.63452755933849	132	14
23331	0	-0.234942855935676	0	7	0.858118413743027	-0.63452755933849	132	14
23332	3	-0.211560602669292	0	7	0.858118413743027	-0.63452755933849	132	14
23334	6	-0.395472026988705	0	7	0.858118413743027	-0.63452755933849	132	14
23335	1	-0.179458608973582	0	7	0.858118413743027	-0.63452755933849	132	14
23336	11	-0.139030365255667	0	7	0.858118413743027	-0.63452755933849	132	14
23338	0	0.23766240892831	0	7	0.858118413743027	-0.63452755933849	132	14
23339	1	0.25933117893297	0	7	0.858118413743027	-0.63452755933849	132	14
23341	3	0.349832024453557	0	7	0.858118413743027	-0.63452755933849	132	14
23344	1	-0.0835059208975135	0	7	0.858118413743027	-0.63452755933849	132	14
23345	5	-0.022342590631763	0	7	0.858118413743027	-0.63452755933849	132	14
23347	3	-0.285443751210757	0	7	0.858118413743027	-0.63452755933849	132	14
23348	3	-0.627594947839566	0	7	0.858118413743027	-0.63452755933849	132	14
23349	4	-0.21547762246736	0	7	0.858118413743027	-0.63452755933849	132	14
23350	4	-0.376204263906887	0	7	0.858118413743027	-0.63452755933849	132	14
23351	3	-0.153759893077367	0	7	0.858118413743027	-0.63452755933849	132	14
23352	1	-0.493889856022806	0	7	0.858118413743027	-0.63452755933849	132	14
23353	3	2.53262681873794e-05	0	7	0.858118413743027	-0.63452755933849	132	14
23354	1	-0.427554555543899	0	7	0.858118413743027	-0.63452755933849	132	14
23357	0	-0.259389898079981	0	7	0.858118413743027	-0.63452755933849	132	14
23358	1	-0.58396600506798	0	7	0.858118413743027	-0.63452755933849	132	14
23359	2	-0.124093316241125	0	7	0.858118413743027	-0.63452755933849	132	14
23360	4	-0.57980995231422	0	7	0.858118413743027	-0.63452755933849	132	14
23361	4	0.449208901712023	0	7	0.858118413743027	-0.63452755933849	132	14
23362	3	-0.46103492682002	0	7	0.858118413743027	-0.63452755933849	132	14
23363	3	0.342522007255966	0	7	0.858118413743027	-0.63452755933849	132	14
23365	1	0.324672592055343	0	7	0.858118413743027	-0.63452755933849	132	14
23366	3	0.379645069826137	0	7	0.858118413743027	-0.63452755933849	132	14
23367	3	0.377096674135432	0	7	0.858118413743027	-0.63452755933849	132	14
23368	11	-0.208421003815429	0	7	0.858118413743027	-0.63452755933849	132	14
23369	1	-0.0498610453728003	0	7	0.858118413743027	-0.63452755933849	132	14
23370	1	0.446972365425649	0	7	0.858118413743027	-0.63452755933849	132	14
23371	1	0.452857992900141	0	7	0.858118413743027	-0.63452755933849	132	14
23373	0	0.429368223394531	0	7	0.858118413743027	-0.63452755933849	132	14
23376	1	0.241629493548326	0	7	0.858118413743027	-0.63452755933849	132	14
23378	2	0.324441037264221	0	7	0.858118413743027	-0.63452755933849	132	14
23379	1	0.0694255892659361	0	7	0.858118413743027	-0.63452755933849	132	14
23381	0	0.330338628821561	0	7	0.858118413743027	-0.63452755933849	132	14
23382	3	0.215989572303757	0	7	0.858118413743027	-0.63452755933849	132	14
23383	0	0.104346424870853	0	7	0.858118413743027	-0.63452755933849	132	14
23384	0	-0.223429296552232	0	7	0.858118413743027	-0.63452755933849	132	14
23385	1	0.356435946662245	0	7	0.858118413743027	-0.63452755933849	132	14
23386	0	-0.305504187463179	0	7	0.858118413743027	-0.63452755933849	132	14
23387	1	0.377745030760534	0	7	0.858118413743027	-0.63452755933849	132	14
23389	4	-0.28685590922987	0	7	0.858118413743027	-0.63452755933849	132	14
23390	0	-0.182192912696559	0	7	0.858118413743027	-0.63452755933849	132	14
23392	1	0.0845791586243361	0	7	0.858118413743027	-0.63452755933849	132	14
23394	4	-0.356311394166758	0	7	0.858118413743027	-0.63452755933849	132	14
23395	0	0.208565294045736	0	7	0.858118413743027	-0.63452755933849	132	14
23396	0	0.110764994586804	0	7	0.858118413743027	-0.63452755933849	132	14
23397	2	0.0548955664045546	0	7	0.858118413743027	-0.63452755933849	132	14
23398	6	-0.351707073800113	0	7	0.858118413743027	-0.63452755933849	132	14
23399	4	0.475490533621229	0	7	0.858118413743027	-0.63452755933849	132	14
23400	1	0.110286079624027	0	7	0.858118413743027	-0.63452755933849	132	14
23401	1	0.372128659066063	0	7	0.858118413743027	-0.63452755933849	132	14
23403	0	0.3083720232292	0	7	0.858118413743027	-0.63452755933849	132	14
23404	0	0.311993031317378	0	7	0.858118413743027	-0.63452755933849	132	14
23405	7	-0.7689129168368	1	7	0.858118413743027	-0.63452755933849	132	14
23406	3	0.349786900771812	0	7	0.858118413743027	-0.63452755933849	132	14
23408	5	0.417292754212215	0	7	0.858118413743027	-0.63452755933849	132	14
23409	2	0.349603552930485	0	7	0.858118413743027	-0.63452755933849	132	14
23410	2	0.297905174081829	0	7	0.858118413743027	-0.63452755933849	132	14
23411	0	-0.360687279792121	0	7	0.858118413743027	-0.63452755933849	132	14
23412	0	0.500579951596868	0	7	0.858118413743027	-0.63452755933849	132	14
23413	4	0.505595347091727	0	7	0.858118413743027	-0.63452755933849	132	14
23414	3	-0.205185267247435	0	7	0.858118413743027	-0.63452755933849	132	14
23417	3	0.457110899445871	0	7	0.858118413743027	-0.63452755933849	132	14
23421	1	0.367862096952457	0	7	0.858118413743027	-0.63452755933849	132	14
23423	1	0.406686598819714	0	7	0.858118413743027	-0.63452755933849	132	14
23424	1	0.196370239677443	0	7	0.858118413743027	-0.63452755933849	132	14
23426	1	-0.17255192822625	0	7	0.858118413743027	-0.63452755933849	132	14
23428	3	0.336578703439775	0	7	0.858118413743027	-0.63452755933849	132	14
23429	1	0.264432038475059	0	7	0.858118413743027	-0.63452755933849	132	14
23430	1	-0.15625415396803	0	7	0.858118413743027	-0.63452755933849	132	14
23431	3	-0.0914783730526037	0	7	0.858118413743027	-0.63452755933849	132	14
23432	3	-0.408110909566811	0	7	0.858118413743027	-0.63452755933849	132	14
23433	1	0.244019230800857	0	7	0.858118413743027	-0.63452755933849	132	14
23435	6	-0.279761569632211	0	7	0.858118413743027	-0.63452755933849	132	14
23438	1	0.103001041802542	0	7	0.858118413743027	-0.63452755933849	132	14
23439	0	-0.00532985199382855	0	7	0.858118413743027	-0.63452755933849	132	14
23443	3	0.036023018550245	0	7	0.858118413743027	-0.63452755933849	132	14
23446	1	0.107324384768742	0	7	0.858118413743027	-0.63452755933849	132	14
23450	0	0.198701674193252	0	7	0.858118413743027	-0.63452755933849	132	14
23451	6	-0.561125625386573	0	7	0.858118413743027	-0.63452755933849	132	14
23452	1	-0.338352420624752	0	7	0.858118413743027	-0.63452755933849	132	14
23457	0	0.0884914430847532	0	7	0.858118413743027	-0.63452755933849	132	14
23460	1	-0.326054939174121	0	7	0.858118413743027	-0.63452755933849	132	14
23461	1	0.0977032163096505	0	7	0.858118413743027	-0.63452755933849	132	14
23462	11	-0.0314695841738624	0	7	0.858118413743027	-0.63452755933849	132	14
23463	5	0.508119745249457	0	7	0.858118413743027	-0.63452755933849	132	14
23464	3	0.216368875873092	0	7	0.858118413743027	-0.63452755933849	132	14
23466	0	0.212867097537075	0	7	0.858118413743027	-0.63452755933849	132	14
23467	0	0.0628924311050034	0	7	0.858118413743027	-0.63452755933849	132	14
23469	1	-0.0576490977841488	0	7	0.858118413743027	-0.63452755933849	132	14
23471	2	0.11424496356895	0	7	0.858118413743027	-0.63452755933849	132	14
23473	0	-0.120828684783204	0	7	0.858118413743027	-0.63452755933849	132	14
23474	4	0.555899583819082	0	7	0.858118413743027	-0.63452755933849	132	14
23475	3	0.53191882878599	0	7	0.858118413743027	-0.63452755933849	132	14
23476	0	0.151892669128692	0	7	0.858118413743027	-0.63452755933849	132	14
23478	0	0.256963897801008	0	7	0.858118413743027	-0.63452755933849	132	14
23479	3	0.481358415923359	0	7	0.858118413743027	-0.63452755933849	132	14
23480	0	0.364811144315693	0	7	0.858118413743027	-0.63452755933849	132	14
23481	0	-0.0182607040108347	0	7	0.858118413743027	-0.63452755933849	132	14
23483	3	0.376963668483786	0	7	0.858118413743027	-0.63452755933849	132	14
23484	0	-0.00180971476425098	0	7	0.858118413743027	-0.63452755933849	132	14
23492	1	0.203990693061109	0	7	0.858118413743027	-0.63452755933849	132	14
23493	1	-0.245309851706184	0	7	0.858118413743027	-0.63452755933849	132	14
23495	1	-0.387617953220594	0	7	0.858118413743027	-0.63452755933849	132	14
23498	3	0.575020904135283	0	7	0.858118413743027	-0.63452755933849	132	14
23499	3	-0.582159528525113	0	7	0.858118413743027	-0.63452755933849	132	14
23500	11	-0.251354923241935	0	7	0.858118413743027	-0.63452755933849	132	14
23503	0	-0.322730079158727	0	7	0.858118413743027	-0.63452755933849	132	14
23504	0	0.067894039509051	0	7	0.858118413743027	-0.63452755933849	132	14
23505	1	0.0510800422811487	0	7	0.858118413743027	-0.63452755933849	132	14
23506	0	0.0505560900547731	0	7	0.858118413743027	-0.63452755933849	132	14
23507	4	-0.481073866734005	0	7	0.858118413743027	-0.63452755933849	132	14
23508	2	-0.219674492978485	0	7	0.858118413743027	-0.63452755933849	132	14
23510	1	0.211300901303748	0	7	0.858118413743027	-0.63452755933849	132	14
23511	2	-0.190450598994777	0	7	0.858118413743027	-0.63452755933849	132	14
23512	1	-0.325958459540466	0	7	0.858118413743027	-0.63452755933849	132	14
23515	4	-0.394456879641236	0	7	0.858118413743027	-0.63452755933849	132	14
23516	3	0.340777018616841	0	7	0.858118413743027	-0.63452755933849	132	14
23517	2	-0.0342783730499244	0	7	0.858118413743027	-0.63452755933849	132	14
23518	2	-0.210978152485556	0	7	0.858118413743027	-0.63452755933849	132	14
23522	1	0.189934654839571	0	7	0.858118413743027	-0.63452755933849	132	14
23523	0	-0.133470428936615	0	7	0.858118413743027	-0.63452755933849	132	14
23524	6	-0.232930341561122	0	7	0.858118413743027	-0.63452755933849	132	14
23526	3	-0.285389720718262	0	7	0.858118413743027	-0.63452755933849	132	14
23527	4	-0.448945297015319	0	7	0.858118413743027	-0.63452755933849	132	14
23528	1	0.257485155981043	0	7	0.858118413743027	-0.63452755933849	132	14
23529	2	-0.182404024750329	0	7	0.858118413743027	-0.63452755933849	132	14
23530	3	0.0580184604606544	0	7	0.858118413743027	-0.63452755933849	132	14
23531	2	-0.368610419710872	0	7	0.858118413743027	-0.63452755933849	132	14
23532	1	-0.0846107030183047	0	7	0.858118413743027	-0.63452755933849	132	14
23533	2	-0.108064734430074	0	7	0.858118413743027	-0.63452755933849	132	14
23534	2	0.313008186992839	0	7	0.858118413743027	-0.63452755933849	132	14
23536	1	0.190478668000088	0	7	0.858118413743027	-0.63452755933849	132	14
23539	0	0.177778989605059	0	7	0.858118413743027	-0.63452755933849	132	14
23541	1	-0.361308576623204	0	7	0.858118413743027	-0.63452755933849	132	14
23542	0	0.159285320993526	0	7	0.858118413743027	-0.63452755933849	132	14
23545	3	-0.317753330942306	0	7	0.858118413743027	-0.63452755933849	132	14
23547	2	-0.259038238864365	0	7	0.858118413743027	-0.63452755933849	132	14
23548	1	0.320388733656111	0	7	0.858118413743027	-0.63452755933849	132	14
23549	0	0.213491873501223	0	7	0.858118413743027	-0.63452755933849	132	14
23550	2	-0.102613273234991	0	7	0.858118413743027	-0.63452755933849	132	14
23552	3	0.333660644874408	0	7	0.858118413743027	-0.63452755933849	132	14
23554	3	0.17809251284529	0	7	0.858118413743027	-0.63452755933849	132	14
23555	1	0.283391453320091	0	7	0.858118413743027	-0.63452755933849	132	14
23556	0	-0.136831324547567	0	7	0.858118413743027	-0.63452755933849	132	14
23558	1	0.345941093458963	0	7	0.858118413743027	-0.63452755933849	132	14
23560	0	-0.0445889700978559	0	7	0.858118413743027	-0.63452755933849	132	14
23562	3	-0.142017898591236	0	7	0.858118413743027	-0.63452755933849	132	14
23568	1	0.284714118005733	0	7	0.858118413743027	-0.63452755933849	132	14
23569	10	0.268024877530936	0	7	0.858118413743027	-0.63452755933849	132	14
23576	3	0.187853679073177	0	7	0.858118413743027	-0.63452755933849	132	14
23580	10	0.502425520941452	0	7	0.858118413743027	-0.63452755933849	132	14
23583	0	0.0954247275104789	0	7	0.858118413743027	-0.63452755933849	132	14
23585	1	0.240107186564207	0	7	0.858118413743027	-0.63452755933849	132	14
23586	14	-0.0987999760389126	0	7	0.858118413743027	-0.63452755933849	132	14
23587	3	0.265693116026977	0	7	0.858118413743027	-0.63452755933849	132	14
23588	3	0.399838823220495	0	7	0.858118413743027	-0.63452755933849	132	14
23589	4	0.378713961930364	0	7	0.858118413743027	-0.63452755933849	132	14
23590	3	0.00175727888281403	0	7	0.858118413743027	-0.63452755933849	132	14
23592	1	0.0782644062517564	0	7	0.858118413743027	-0.63452755933849	132	14
23593	4	0.36692269987733	0	7	0.858118413743027	-0.63452755933849	132	14
23595	1	0.218415913034766	0	7	0.858118413743027	-0.63452755933849	132	14
23596	1	0.38426095003567	0	7	0.858118413743027	-0.63452755933849	132	14
23597	0	-0.0612123604722187	0	7	0.858118413743027	-0.63452755933849	132	14
23598	0	0.295188343285968	0	7	0.858118413743027	-0.63452755933849	132	14
23601	2	-0.193538006809911	0	7	0.858118413743027	-0.63452755933849	132	14
23603	2	-0.394250201085869	0	7	0.858118413743027	-0.63452755933849	132	14
23604	3	-0.0378876517575826	0	7	0.858118413743027	-0.63452755933849	132	14
23607	1	0.0851901527295894	0	7	0.858118413743027	-0.63452755933849	132	14
23608	0	-0.194550605183734	0	7	0.858118413743027	-0.63452755933849	132	14
23609	5	0.431724633247813	0	7	0.858118413743027	-0.63452755933849	132	14
23612	2	-0.0569754560713364	0	7	0.858118413743027	-0.63452755933849	132	14
23613	3	-0.214644546629078	0	7	0.858118413743027	-0.63452755933849	132	14
23616	1	-0.274534668370405	0	7	0.858118413743027	-0.63452755933849	132	14
23621	1	0.51276117513604	0	7	0.858118413743027	-0.63452755933849	132	14
23623	0	-0.0062588520353796	0	7	0.858118413743027	-0.63452755933849	132	14
23624	2	0.485663422774147	0	7	0.858118413743027	-0.63452755933849	132	14
23625	2	0.0216873934190032	0	7	0.858118413743027	-0.63452755933849	132	14
23627	3	-0.266203331699525	0	7	0.858118413743027	-0.63452755933849	132	14
23632	0	0.169199280036562	0	7	0.858118413743027	-0.63452755933849	132	14
23635	1	-0.0347760298955092	0	7	0.858118413743027	-0.63452755933849	132	14
23636	2	-0.11944076499506	0	7	0.858118413743027	-0.63452755933849	132	14
23639	1	0.516061920416105	0	7	0.858118413743027	-0.63452755933849	132	14
23640	4	0.542717530501987	0	7	0.858118413743027	-0.63452755933849	132	14
23641	4	0.5374836362071	0	7	0.858118413743027	-0.63452755933849	132	14
23643	2	-0.0918925917296069	0	7	0.858118413743027	-0.63452755933849	132	14
23644	0	0.0262920115231337	0	7	0.858118413743027	-0.63452755933849	132	14
23645	1	0.326285594104912	0	7	0.858118413743027	-0.63452755933849	132	14
23646	4	0.257538925192929	0	7	0.858118413743027	-0.63452755933849	132	14
23647	4	0.319969797420574	0	7	0.858118413743027	-0.63452755933849	132	14
23648	1	0.453981206709847	0	7	0.858118413743027	-0.63452755933849	132	14
23649	1	0.474730378167664	0	7	0.858118413743027	-0.63452755933849	132	14
23650	0	0.154045836619949	0	7	0.858118413743027	-0.63452755933849	132	14
23654	1	0.583456178335871	0	7	0.858118413743027	-0.63452755933849	132	14
23657	3	-0.258579656718958	0	7	0.858118413743027	-0.63452755933849	132	14
23658	0	0.260402255128157	0	7	0.858118413743027	-0.63452755933849	132	14
23659	4	0.670466550465331	0	7	0.858118413743027	-0.63452755933849	132	14
23660	5	0.146589892403873	0	7	0.858118413743027	-0.63452755933849	132	14
23670	1	0.170410415217361	0	7	0.858118413743027	-0.63452755933849	132	14
23673	1	0.27805361386528	0	7	0.858118413743027	-0.63452755933849	132	14
23677	2	-0.0609214392128386	0	7	0.858118413743027	-0.63452755933849	132	14
23682	8	0.0394157207853992	0	7	0.858118413743027	-0.63452755933849	132	14
23683	3	-0.428698348365302	0	7	0.858118413743027	-0.63452755933849	132	14
23704	3	-0.3238796575617	0	7	0.858118413743027	-0.63452755933849	132	14
23705	2	0.0425534538756726	0	7	0.858118413743027	-0.63452755933849	132	14
23708	0	0.0618877301258856	0	7	0.858118413743027	-0.63452755933849	132	14
23710	3	0.423935061184073	0	7	0.858118413743027	-0.63452755933849	132	14
23729	3	0.311709130015998	0	7	0.858118413743027	-0.63452755933849	132	14
23741	1	0.309812325246326	0	7	0.858118413743027	-0.63452755933849	132	14
23742	0	0.00116715254419142	0	7	0.858118413743027	-0.63452755933849	132	14
23743	3	0.32816547966785	0	7	0.858118413743027	-0.63452755933849	132	14
23753	4	0.263333844427935	0	7	0.858118413743027	-0.63452755933849	132	14
23760	3	-0.458259902829728	0	7	0.858118413743027	-0.63452755933849	132	14
23762	1	-0.244426782106986	0	7	0.858118413743027	-0.63452755933849	132	14
23764	0	-0.0819517454591563	0	7	0.858118413743027	-0.63452755933849	132	14
23765	2	0.0467611955887094	0	7	0.858118413743027	-0.63452755933849	132	14
23767	1	0.346788789315175	0	7	0.858118413743027	-0.63452755933849	132	14
23769	1	-0.0657305930422658	0	7	0.858118413743027	-0.63452755933849	132	14
23770	1	0.465013652672485	0	7	0.858118413743027	-0.63452755933849	132	14
23774	1	0.155793173494556	0	7	0.858118413743027	-0.63452755933849	132	14
23780	1	0.310770996336018	0	7	0.858118413743027	-0.63452755933849	132	14
23786	1	0.384543463749742	0	7	0.858118413743027	-0.63452755933849	132	14
23787	1	0.491313533160123	0	7	0.858118413743027	-0.63452755933849	132	14
23788	3	0.403688598145427	0	7	0.858118413743027	-0.63452755933849	132	14
24137	2	-0.280588046856787	0	7	0.858118413743027	-0.63452755933849	132	14
24138	14	0.130050633793872	0	7	0.858118413743027	-0.63452755933849	132	14
24139	2	0.00829350858802455	0	7	0.858118413743027	-0.63452755933849	132	14
24140	4	0.406167834297003	0	7	0.858118413743027	-0.63452755933849	132	14
24141	2	-0.180756114713388	0	7	0.858118413743027	-0.63452755933849	132	14
24144	0	-0.188842915194863	0	7	0.858118413743027	-0.63452755933849	132	14
24145	0	-0.160534378862903	0	7	0.858118413743027	-0.63452755933849	132	14
24146	1	0.0331068874801657	0	7	0.858118413743027	-0.63452755933849	132	14
24147	2	-0.191702474777695	0	7	0.858118413743027	-0.63452755933849	132	14
24148	1	0.544201642108375	0	7	0.858118413743027	-0.63452755933849	132	14
24149	0	-0.238241968622491	0	7	0.858118413743027	-0.63452755933849	132	14
25758	2	0.0682678980757215	0	7	0.858118413743027	-0.63452755933849	132	14
25759	0	-0.0775067648520677	0	7	0.858118413743027	-0.63452755933849	132	14
25771	0	-0.271434284427719	0	7	0.858118413743027	-0.63452755933849	132	14
25776	2	0.525091442353379	0	7	0.858118413743027	-0.63452755933849	132	14
25777	1	0.431877721395881	0	7	0.858118413743027	-0.63452755933849	132	14
25778	5	0.163485657334784	0	7	0.858118413743027	-0.63452755933849	132	14
25780	9	0.25041506216152	0	7	0.858118413743027	-0.63452755933849	132	14
25789	1	-0.113803491106391	0	7	0.858118413743027	-0.63452755933849	132	14
25790	1	0.415679825114028	0	7	0.858118413743027	-0.63452755933849	132	14
25792	0	0.0587090707425283	0	7	0.858118413743027	-0.63452755933849	132	14
25793	2	0.38834760859946	0	7	0.858118413743027	-0.63452755933849	132	14
25794	0	-0.182205146444515	0	7	0.858118413743027	-0.63452755933849	132	14
25796	4	0.50359859941017	0	7	0.858118413743027	-0.63452755933849	132	14
25797	2	-0.291670873755097	0	7	0.858118413743027	-0.63452755933849	132	14
25799	0	-0.195001565742093	0	7	0.858118413743027	-0.63452755933849	132	14
25800	1	0.45858681964491	0	7	0.858118413743027	-0.63452755933849	132	14
25801	10	0.209392519709468	0	7	0.858118413743027	-0.63452755933849	132	14
25802	1	-0.234190565940839	0	7	0.858118413743027	-0.63452755933849	132	14
25804	7	0.688025233701106	1	7	0.858118413743027	-0.63452755933849	132	14
25805	1	-0.0595111421850271	0	7	0.858118413743027	-0.63452755933849	132	14
25807	0	0.141056183834328	0	7	0.858118413743027	-0.63452755933849	132	14
25809	0	-0.0866082217397096	0	7	0.858118413743027	-0.63452755933849	132	14
25813	3	0.326168742463864	0	7	0.858118413743027	-0.63452755933849	132	14
25814	1	0.310514102565248	0	7	0.858118413743027	-0.63452755933849	132	14
25816	2	-0.431185631097557	0	7	0.858118413743027	-0.63452755933849	132	14
25818	2	0.0132334104026807	0	7	0.858118413743027	-0.63452755933849	132	14
25819	0	0.199022752467206	0	7	0.858118413743027	-0.63452755933849	132	14
25821	0	-0.0616054982501588	0	7	0.858118413743027	-0.63452755933849	132	14
25822	3	0.210630963758421	0	7	0.858118413743027	-0.63452755933849	132	14
25823	1	-0.182820524230959	0	7	0.858118413743027	-0.63452755933849	132	14
25825	2	-0.240718004429785	0	7	0.858118413743027	-0.63452755933849	132	14
25827	1	0.37254643011246	0	7	0.858118413743027	-0.63452755933849	132	14
25828	4	0.734830575139591	0	7	0.858118413743027	-0.63452755933849	132	14
25829	3	-0.111716851751911	0	7	0.858118413743027	-0.63452755933849	132	14
25833	0	0.067206666345701	0	7	0.858118413743027	-0.63452755933849	132	14
25836	0	-0.389726780235108	0	7	0.858118413743027	-0.63452755933849	132	14
25837	3	-0.147017498928374	0	7	0.858118413743027	-0.63452755933849	132	14
25839	2	0.371440636240478	0	7	0.858118413743027	-0.63452755933849	132	14
25840	3	0.244566114948381	0	7	0.858118413743027	-0.63452755933849	132	14
25841	1	-0.0465999354185208	0	7	0.858118413743027	-0.63452755933849	132	14
25842	1	0.105674222139014	0	7	0.858118413743027	-0.63452755933849	132	14
25844	4	0.198661977561821	0	7	0.858118413743027	-0.63452755933849	132	14
25847	1	0.286545935285297	0	7	0.858118413743027	-0.63452755933849	132	14
25849	3	-0.0871646946966651	0	7	0.858118413743027	-0.63452755933849	132	14
25850	6	-0.46293681926076	0	7	0.858118413743027	-0.63452755933849	132	14
25852	0	-0.259628330657559	0	7	0.858118413743027	-0.63452755933849	132	14
25854	8	0.0429008509468522	0	7	0.858118413743027	-0.63452755933849	132	14
25855	4	0.432238936806973	0	7	0.858118413743027	-0.63452755933849	132	14
25861	1	-0.1156493966467	0	7	0.858118413743027	-0.63452755933849	132	14
25865	0	-0.0327000623039774	0	7	0.858118413743027	-0.63452755933849	132	14
25873	13	0.286640687844987	0	7	0.858118413743027	-0.63452755933849	132	14
25874	3	0.50332307408632	0	7	0.858118413743027	-0.63452755933849	132	14
25875	3	0.107270954833317	0	7	0.858118413743027	-0.63452755933849	132	14
25876	1	0.0484279518292451	0	7	0.858118413743027	-0.63452755933849	132	14
25878	2	-0.232414494611139	0	7	0.858118413743027	-0.63452755933849	132	14
25880	4	0.28566703054842	0	7	0.858118413743027	-0.63452755933849	132	14
25888	0	0.0798706894408498	0	7	0.858118413743027	-0.63452755933849	132	14
25891	1	0.300669144613951	0	7	0.858118413743027	-0.63452755933849	132	14
25896	3	-0.18094509135169	0	7	0.858118413743027	-0.63452755933849	132	14
25897	1	0.119555036092084	0	7	0.858118413743027	-0.63452755933849	132	14
25898	5	0.502626573577052	0	7	0.858118413743027	-0.63452755933849	132	14
25900	3	-0.23479958046315	0	7	0.858118413743027	-0.63452755933849	132	14
25901	3	0.374777633284837	0	7	0.858118413743027	-0.63452755933849	132	14
25903	2	-0.284826514210251	0	7	0.858118413743027	-0.63452755933849	132	14
25906	4	0.614866523773988	0	7	0.858118413743027	-0.63452755933849	132	14
25907	1	-0.434016560567232	0	7	0.858118413743027	-0.63452755933849	132	14
25909	1	-0.00600470106108621	0	7	0.858118413743027	-0.63452755933849	132	14
25913	1	0.265411087280011	0	7	0.858118413743027	-0.63452755933849	132	14
25915	4	0.644706643140005	0	7	0.858118413743027	-0.63452755933849	132	14
25920	0	0.0376114419145141	0	7	0.858118413743027	-0.63452755933849	132	14
25924	1	0.272093858346256	0	7	0.858118413743027	-0.63452755933849	132	14
25926	0	0.0994838539764973	0	7	0.858118413743027	-0.63452755933849	132	14
25928	0	0.101229416661903	0	7	0.858118413743027	-0.63452755933849	132	14
25932	1	-0.081162246632938	0	7	0.858118413743027	-0.63452755933849	132	14
25936	1	0.196404331401128	0	7	0.858118413743027	-0.63452755933849	132	14
25937	1	0.584916489362011	0	7	0.858118413743027	-0.63452755933849	132	14
25939	2	-0.462784200400192	0	7	0.858118413743027	-0.63452755933849	132	14
25940	1	0.45043301312723	0	7	0.858118413743027	-0.63452755933849	132	14
25941	1	0.0933780649918052	0	7	0.858118413743027	-0.63452755933849	132	14
25945	3	0.0660619404728623	0	7	0.858118413743027	-0.63452755933849	132	14
25948	9	-0.0295590685666804	0	7	0.858118413743027	-0.63452755933849	132	14
25949	0	0.242406927867496	0	7	0.858118413743027	-0.63452755933849	132	14
25950	0	0.0749760701994694	0	7	0.858118413743027	-0.63452755933849	132	14
25957	6	-0.486330733503778	0	7	0.858118413743027	-0.63452755933849	132	14
25959	2	-0.0110808395116958	0	7	0.858118413743027	-0.63452755933849	132	14
25960	3	-0.207991035417089	0	7	0.858118413743027	-0.63452755933849	132	14
25961	6	-0.349712401077801	0	7	0.858118413743027	-0.63452755933849	132	14
25963	0	-0.0900161151546675	0	7	0.858118413743027	-0.63452755933849	132	14
25966	3	-0.534771903455977	0	7	0.858118413743027	-0.63452755933849	132	14
25970	0	0.329592351422705	0	7	0.858118413743027	-0.63452755933849	132	14
25972	1	0.349563887041362	0	7	0.858118413743027	-0.63452755933849	132	14
25974	3	0.217011410216772	0	7	0.858118413743027	-0.63452755933849	132	14
25976	1	0.325604936921512	0	7	0.858118413743027	-0.63452755933849	132	14
25977	1	0.381236411637784	0	7	0.858118413743027	-0.63452755933849	132	14
25978	3	0.26927269642933	0	7	0.858118413743027	-0.63452755933849	132	14
25979	4	0.293042041160763	0	7	0.858118413743027	-0.63452755933849	132	14
25980	4	0.382796963167604	0	7	0.858118413743027	-0.63452755933849	132	14
25983	0	0.0746698153281208	0	7	0.858118413743027	-0.63452755933849	132	14
25984	2	-0.0859325872988558	0	7	0.858118413743027	-0.63452755933849	132	14
25987	3	0.250473723116546	0	7	0.858118413743027	-0.63452755933849	132	14
25988	0	0.306186455217538	0	7	0.858118413743027	-0.63452755933849	132	14
25992	9	0.141066029615165	0	7	0.858118413743027	-0.63452755933849	132	14
25994	1	-0.0875212269955964	0	7	0.858118413743027	-0.63452755933849	132	14
25996	3	0.522923557275786	0	7	0.858118413743027	-0.63452755933849	132	14
25998	0	0.19194775623886	0	7	0.858118413743027	-0.63452755933849	132	14
25999	1	0.500875009428981	0	7	0.858118413743027	-0.63452755933849	132	14
26000	0	-0.0222616131123748	0	7	0.858118413743027	-0.63452755933849	132	14
26001	4	0.537484870253238	0	7	0.858118413743027	-0.63452755933849	132	14
26002	2	-0.501995956620818	0	7	0.858118413743027	-0.63452755933849	132	14
26003	0	0.0116228565520622	0	7	0.858118413743027	-0.63452755933849	132	14
26005	1	-0.0785313374199662	0	7	0.858118413743027	-0.63452755933849	132	14
26007	3	0.320941059727568	0	7	0.858118413743027	-0.63452755933849	132	14
26009	0	0.098858289131266	0	7	0.858118413743027	-0.63452755933849	132	14
26010	3	0.435049343231238	0	7	0.858118413743027	-0.63452755933849	132	14
26011	2	-0.316394412968161	0	7	0.858118413743027	-0.63452755933849	132	14
26013	3	-0.265938094406733	0	7	0.858118413743027	-0.63452755933849	132	14
26015	1	0.565203232478834	0	7	0.858118413743027	-0.63452755933849	132	14
26017	0	0.254211936943026	0	7	0.858118413743027	-0.63452755933849	132	14
26018	1	-0.0261749436880053	0	7	0.858118413743027	-0.63452755933849	132	14
26019	1	0.0584469960099104	0	7	0.858118413743027	-0.63452755933849	132	14
26020	4	0.183525097185863	0	7	0.858118413743027	-0.63452755933849	132	14
26027	3	0.452529277110485	0	7	0.858118413743027	-0.63452755933849	132	14
26030	1	0.167973979610231	0	7	0.858118413743027	-0.63452755933849	132	14
26031	2	-0.525308711539346	0	7	0.858118413743027	-0.63452755933849	132	14
26032	0	-0.112139082969346	0	7	0.858118413743027	-0.63452755933849	132	14
26033	2	-0.282551288957593	0	7	0.858118413743027	-0.63452755933849	132	14
26034	2	-0.0761416054394963	0	7	0.858118413743027	-0.63452755933849	132	14
26035	3	0.189635856772154	0	7	0.858118413743027	-0.63452755933849	132	14
26036	4	-0.341786480156588	0	7	0.858118413743027	-0.63452755933849	132	14
26037	3	0.197860862584387	0	7	0.858118413743027	-0.63452755933849	132	14
26038	1	-0.197090567874132	0	7	0.858118413743027	-0.63452755933849	132	14
26039	1	0.151411978865892	0	7	0.858118413743027	-0.63452755933849	132	14
26040	1	-0.489739575740172	0	7	0.858118413743027	-0.63452755933849	132	14
26043	0	-0.0837527627465382	0	7	0.858118413743027	-0.63452755933849	132	14
26045	3	-0.0446106703366979	0	7	0.858118413743027	-0.63452755933849	132	14
26046	4	-0.291800096075591	0	7	0.858118413743027	-0.63452755933849	132	14
26047	1	0.267361623501468	0	7	0.858118413743027	-0.63452755933849	132	14
26048	0	-0.0555374737135717	0	7	0.858118413743027	-0.63452755933849	132	14
26049	1	0.188843714646786	0	7	0.858118413743027	-0.63452755933849	132	14
26050	1	-0.0929796325228409	0	7	0.858118413743027	-0.63452755933849	132	14
26051	3	0.0267442756677447	0	7	0.858118413743027	-0.63452755933849	132	14
26052	3	-0.40140956291586	0	7	0.858118413743027	-0.63452755933849	132	14
26053	1	-0.221027918601157	0	7	0.858118413743027	-0.63452755933849	132	14
26054	1	-0.0239511363386508	0	7	0.858118413743027	-0.63452755933849	132	14
26056	3	0.121276974801977	0	7	0.858118413743027	-0.63452755933849	132	14
26057	1	-0.0662616820008423	0	7	0.858118413743027	-0.63452755933849	132	14
26058	0	-0.443080254312822	0	7	0.858118413743027	-0.63452755933849	132	14
26059	1	0.0149722307595141	0	7	0.858118413743027	-0.63452755933849	132	14
26060	0	-0.378435445165358	0	7	0.858118413743027	-0.63452755933849	132	14
26063	3	0.230593385774924	0	7	0.858118413743027	-0.63452755933849	132	14
26064	1	-0.16481680075429	0	7	0.858118413743027	-0.63452755933849	132	14
26065	1	0.606182916115824	0	7	0.858118413743027	-0.63452755933849	132	14
26071	7	0.767451328052009	1	7	0.858118413743027	-0.63452755933849	132	14
26073	3	0.402414858494023	0	7	0.858118413743027	-0.63452755933849	132	14
26084	1	0.448840342492622	0	7	0.858118413743027	-0.63452755933849	132	14
26088	5	0.294052162028968	0	7	0.858118413743027	-0.63452755933849	132	14
26091	6	-0.545573480465404	0	7	0.858118413743027	-0.63452755933849	132	14
26092	1	0.5096905863686	0	7	0.858118413743027	-0.63452755933849	132	14
26093	3	-0.0561204898063947	0	7	0.858118413743027	-0.63452755933849	132	14
26097	6	-0.125153485870285	0	7	0.858118413743027	-0.63452755933849	132	14
26098	1	-0.319728680130118	0	7	0.858118413743027	-0.63452755933849	132	14
26099	4	0.527408125047317	0	7	0.858118413743027	-0.63452755933849	132	14
26100	3	0.206319884585271	0	7	0.858118413743027	-0.63452755933849	132	14
26108	0	0.187834059737437	0	7	0.858118413743027	-0.63452755933849	132	14
26112	3	-0.406324763507665	0	7	0.858118413743027	-0.63452755933849	132	14
26115	3	-0.233194155736987	0	7	0.858118413743027	-0.63452755933849	132	14
26118	6	-0.45208451601072	0	7	0.858118413743027	-0.63452755933849	132	14
26119	0	-0.423194213727354	0	7	0.858118413743027	-0.63452755933849	132	14
26121	4	0.385392728420698	0	7	0.858118413743027	-0.63452755933849	132	14
26123	1	0.640597177574949	0	7	0.858118413743027	-0.63452755933849	132	14
26128	2	-0.123934809183801	0	7	0.858118413743027	-0.63452755933849	132	14
26130	4	-0.306542380281508	0	7	0.858118413743027	-0.63452755933849	132	14
26133	3	0.129059106532051	0	7	0.858118413743027	-0.63452755933849	132	14
26135	2	-0.379872585924053	0	7	0.858118413743027	-0.63452755933849	132	14
26136	2	-0.477090381232359	0	7	0.858118413743027	-0.63452755933849	132	14
26137	6	-0.367710416782136	0	7	0.858118413743027	-0.63452755933849	132	14
26145	0	0.262477302878133	0	7	0.858118413743027	-0.63452755933849	132	14
26146	0	0.136167576112032	0	7	0.858118413743027	-0.63452755933849	132	14
26151	4	0.535122931820696	0	7	0.858118413743027	-0.63452755933849	132	14
26152	0	0.324190214448185	0	7	0.858118413743027	-0.63452755933849	132	14
26154	1	-0.246603488258972	0	7	0.858118413743027	-0.63452755933849	132	14
26155	0	0.199230321338845	0	7	0.858118413743027	-0.63452755933849	132	14
26156	0	0.187737202616681	0	7	0.858118413743027	-0.63452755933849	132	14
26168	0	0.139260920310903	0	7	0.858118413743027	-0.63452755933849	132	14
26173	4	0.32143489856423	0	7	0.858118413743027	-0.63452755933849	132	14
26175	3	0.333795788454968	0	7	0.858118413743027	-0.63452755933849	132	14
26190	0	-0.434907939492614	0	7	0.858118413743027	-0.63452755933849	132	14
26191	2	-0.228147493098015	0	7	0.858118413743027	-0.63452755933849	132	14
26205	1	0.250282875309091	0	7	0.858118413743027	-0.63452755933849	132	14
26206	0	-0.0932637845368604	0	7	0.858118413743027	-0.63452755933849	132	14
26207	0	0.143131053827588	0	7	0.858118413743027	-0.63452755933849	132	14
26227	3	0.486599778289376	0	7	0.858118413743027	-0.63452755933849	132	14
26228	2	0.00129595213526277	0	7	0.858118413743027	-0.63452755933849	132	14
26229	0	0.112919003041628	0	7	0.858118413743027	-0.63452755933849	132	14
26232	1	0.201629675413741	0	7	0.858118413743027	-0.63452755933849	132	14
26233	0	0.229232246518022	0	7	0.858118413743027	-0.63452755933849	132	14
26234	2	0.509935350897399	0	7	0.858118413743027	-0.63452755933849	132	14
26235	1	0.253032838588391	0	7	0.858118413743027	-0.63452755933849	132	14
26240	3	0.302422807204752	0	7	0.858118413743027	-0.63452755933849	132	14
26249	2	0.234740909383277	0	7	0.858118413743027	-0.63452755933849	132	14
26251	0	0.0608840177671128	0	7	0.858118413743027	-0.63452755933849	132	14
26253	10	0.311586432706434	0	7	0.858118413743027	-0.63452755933849	132	14
26256	2	-0.269285143347316	0	7	0.858118413743027	-0.63452755933849	132	14
26261	1	-0.267141141029673	0	7	0.858118413743027	-0.63452755933849	132	14
26263	2	0.176171811558369	0	7	0.858118413743027	-0.63452755933849	132	14
26266	3	-0.0709891298182246	0	7	0.858118413743027	-0.63452755933849	132	14
26268	1	0.274768187631083	0	7	0.858118413743027	-0.63452755933849	132	14
26271	0	-0.186856631579514	0	7	0.858118413743027	-0.63452755933849	132	14
26273	1	0.407814799512132	0	7	0.858118413743027	-0.63452755933849	132	14
26275	3	0.108656160512125	0	7	0.858118413743027	-0.63452755933849	132	14
26276	1	0.246521751534217	0	7	0.858118413743027	-0.63452755933849	132	14
26277	0	-0.274419376207931	0	7	0.858118413743027	-0.63452755933849	132	14
26278	2	-0.425281825055542	0	7	0.858118413743027	-0.63452755933849	132	14
26279	2	-0.105889715137103	0	7	0.858118413743027	-0.63452755933849	132	14
26280	0	0.133411283236419	0	7	0.858118413743027	-0.63452755933849	132	14
26284	0	0.225542762030238	0	7	0.858118413743027	-0.63452755933849	132	14
26287	1	-0.0549578284958021	0	7	0.858118413743027	-0.63452755933849	132	14
26289	3	-0.0867432893536284	0	7	0.858118413743027	-0.63452755933849	132	14
26297	7	0.558166538916524	1	7	0.858118413743027	-0.63452755933849	132	14
26298	2	-0.143785241786411	0	7	0.858118413743027	-0.63452755933849	132	14
26330	3	-0.0953226108541551	0	7	0.858118413743027	-0.63452755933849	132	14
26353	4	0.455048490389811	0	7	0.858118413743027	-0.63452755933849	132	14
26355	7	0.627108610208344	1	7	0.858118413743027	-0.63452755933849	132	14
26468	1	-0.0613450080716081	0	7	0.858118413743027	-0.63452755933849	132	14
26469	2	0.326653822425122	0	7	0.858118413743027	-0.63452755933849	132	14
26470	0	0.22108762622229	0	7	0.858118413743027	-0.63452755933849	132	14
26471	4	0.548680084627959	0	7	0.858118413743027	-0.63452755933849	132	14
26499	1	0.287581950684366	0	7	0.858118413743027	-0.63452755933849	132	14
26502	2	-0.3092206554	0	7	0.858118413743027	-0.63452755933849	132	14
26503	2	0.328742625023647	0	7	0.858118413743027	-0.63452755933849	132	14
26504	0	0.256843029753947	0	7	0.858118413743027	-0.63452755933849	132	14
26505	1	0.173415608392038	0	7	0.858118413743027	-0.63452755933849	132	14
26507	1	-0.0139439514746068	0	7	0.858118413743027	-0.63452755933849	132	14
26508	2	-0.221429228410704	0	7	0.858118413743027	-0.63452755933849	132	14
26509	2	-0.434892132789894	0	7	0.858118413743027	-0.63452755933849	132	14
26511	0	0.222836761533299	0	7	0.858118413743027	-0.63452755933849	132	14
26512	4	-0.224930698254354	0	7	0.858118413743027	-0.63452755933849	132	14
26515	5	0.265094844472533	0	7	0.858118413743027	-0.63452755933849	132	14
26517	4	0.740184046993758	0	7	0.858118413743027	-0.63452755933849	132	14
26519	7	0.62834212843391	1	7	0.858118413743027	-0.63452755933849	132	14
26520	7	0.510389232272479	1	7	0.858118413743027	-0.63452755933849	132	14
26521	13	0.472222983889502	0	7	0.858118413743027	-0.63452755933849	132	14
26523	0	-0.0396155452503137	0	7	0.858118413743027	-0.63452755933849	132	14
26528	2	-0.210878151844714	0	7	0.858118413743027	-0.63452755933849	132	14
26548	2	-0.129417473861571	0	7	0.858118413743027	-0.63452755933849	132	14
26574	4	0.174665919567133	0	7	0.858118413743027	-0.63452755933849	132	14
26576	0	-0.0311336596546608	0	7	0.858118413743027	-0.63452755933849	132	14
26577	1	0.441830183733474	0	7	0.858118413743027	-0.63452755933849	132	14
26578	1	0.436222060320583	0	7	0.858118413743027	-0.63452755933849	132	14
26585	2	-0.498163662171017	0	7	0.858118413743027	-0.63452755933849	132	14
26586	2	-0.0687631168607197	0	7	0.858118413743027	-0.63452755933849	132	14
26589	3	0.372750846395976	0	7	0.858118413743027	-0.63452755933849	132	14
26608	0	-0.243059618649976	0	7	0.858118413743027	-0.63452755933849	132	14
26610	3	0.476843268082274	0	7	0.858118413743027	-0.63452755933849	132	14
26747	3	0.30643255263679	0	7	0.858118413743027	-0.63452755933849	132	14
26750	1	-0.167051365666165	0	7	0.858118413743027	-0.63452755933849	132	14
26751	3	0.366947294824834	0	7	0.858118413743027	-0.63452755933849	132	14
26872	3	0.244755509270927	0	7	0.858118413743027	-0.63452755933849	132	14
26873	3	0.195050182695357	0	7	0.858118413743027	-0.63452755933849	132	14
26953	1	0.193851723010462	0	7	0.858118413743027	-0.63452755933849	132	14
26959	6	-0.248577972974703	0	7	0.858118413743027	-0.63452755933849	132	14
26960	4	-0.316342027970542	0	7	0.858118413743027	-0.63452755933849	132	14
26973	1	-0.173661543886036	0	7	0.858118413743027	-0.63452755933849	132	14
26984	0	-0.0613549572484638	0	7	0.858118413743027	-0.63452755933849	132	14
26993	0	-0.00576998694415429	0	7	0.858118413743027	-0.63452755933849	132	14
26994	1	0.326148377073814	0	7	0.858118413743027	-0.63452755933849	132	14
26998	0	0.293600363296764	0	7	0.858118413743027	-0.63452755933849	132	14
26999	3	0.273807695283417	0	7	0.858118413743027	-0.63452755933849	132	14
27000	2	-0.493455474306173	0	7	0.858118413743027	-0.63452755933849	132	14
27005	3	0.362867700208083	0	7	0.858118413743027	-0.63452755933849	132	14
27010	0	0.00201711411623274	0	7	0.858118413743027	-0.63452755933849	132	14
27012	0	0.0501790438470135	0	7	0.858118413743027	-0.63452755933849	132	14
27013	3	0.473768900335161	0	7	0.858118413743027	-0.63452755933849	132	14
27018	1	0.648340996317825	0	7	0.858118413743027	-0.63452755933849	132	14
27019	0	0.0481718211817142	0	7	0.858118413743027	-0.63452755933849	132	14
27020	1	0.335502463300408	0	7	0.858118413743027	-0.63452755933849	132	14
27030	0	0.0317562678798061	0	7	0.858118413743027	-0.63452755933849	132	14
27032	1	0.198625744884911	0	7	0.858118413743027	-0.63452755933849	132	14
27033	0	-0.0317510545014805	0	7	0.858118413743027	-0.63452755933849	132	14
27034	3	0.0670098445543507	0	7	0.858118413743027	-0.63452755933849	132	14
27036	2	-0.151189420118614	0	7	0.858118413743027	-0.63452755933849	132	14
27037	0	0.197498505363286	0	7	0.858118413743027	-0.63452755933849	132	14
27042	2	0.0999929396728707	0	7	0.858118413743027	-0.63452755933849	132	14
27043	0	0.00983701526909139	0	7	0.858118413743027	-0.63452755933849	132	14
27065	0	-0.0577061931906304	0	7	0.858118413743027	-0.63452755933849	132	14
27067	1	0.28783161260468	0	7	0.858118413743027	-0.63452755933849	132	14
27068	3	0.146664605101324	0	7	0.858118413743027	-0.63452755933849	132	14
27069	3	0.506308635785896	0	7	0.858118413743027	-0.63452755933849	132	14
27071	2	-0.106966567887133	0	7	0.858118413743027	-0.63452755933849	132	14
27072	1	0.0257589787850602	0	7	0.858118413743027	-0.63452755933849	132	14
27074	2	-0.193184310782542	0	7	0.858118413743027	-0.63452755933849	132	14
27075	2	-0.249670576440475	0	7	0.858118413743027	-0.63452755933849	132	14
27077	4	0.607571503497812	0	7	0.858118413743027	-0.63452755933849	132	14
27079	0	0.0934224475333778	0	7	0.858118413743027	-0.63452755933849	132	14
27087	1	-0.154530308296212	0	7	0.858118413743027	-0.63452755933849	132	14
27089	7	0.753465718609997	1	7	0.858118413743027	-0.63452755933849	132	14
27090	0	0.222411009423367	0	7	0.858118413743027	-0.63452755933849	132	14
27095	4	0.558620970026085	0	7	0.858118413743027	-0.63452755933849	132	14
27097	3	-0.137244923682184	0	7	0.858118413743027	-0.63452755933849	132	14
27098	0	0.0811782528542085	0	7	0.858118413743027	-0.63452755933849	132	14
27101	4	0.579422542409442	0	7	0.858118413743027	-0.63452755933849	132	14
27102	1	0.217432949934385	0	7	0.858118413743027	-0.63452755933849	132	14
27107	0	-0.0245532664845765	0	7	0.858118413743027	-0.63452755933849	132	14
27109	0	0.308270786191486	0	7	0.858118413743027	-0.63452755933849	132	14
27112	0	0.326896225982703	0	7	0.858118413743027	-0.63452755933849	132	14
27115	0	0.303963568360984	0	7	0.858118413743027	-0.63452755933849	132	14
27122	2	-0.558268666081649	0	7	0.858118413743027	-0.63452755933849	132	14
27124	12	0.313969193205499	0	7	0.858118413743027	-0.63452755933849	132	14
27125	0	0.0674397833255159	0	7	0.858118413743027	-0.63452755933849	132	14
27128	2	-0.366038189151122	0	7	0.858118413743027	-0.63452755933849	132	14
27129	1	0.08075246957797	0	7	0.858118413743027	-0.63452755933849	132	14
27130	0	0.0755286462436417	0	7	0.858118413743027	-0.63452755933849	132	14
27131	3	0.380627517634792	0	7	0.858118413743027	-0.63452755933849	132	14
27132	1	-0.166157569796821	0	7	0.858118413743027	-0.63452755933849	132	14
27134	12	0.111307160958282	0	7	0.858118413743027	-0.63452755933849	132	14
27147	1	-0.232365545828647	0	7	0.858118413743027	-0.63452755933849	132	14
27156	3	0.475352576145978	0	7	0.858118413743027	-0.63452755933849	132	14
27158	0	0.227771045536788	0	7	0.858118413743027	-0.63452755933849	132	14
27163	1	0.028366403863383	0	7	0.858118413743027	-0.63452755933849	132	14
27165	6	-0.365195104620669	0	7	0.858118413743027	-0.63452755933849	132	14
27173	0	0.323338719971916	0	7	0.858118413743027	-0.63452755933849	132	14
27175	4	0.426973073116275	0	7	0.858118413743027	-0.63452755933849	132	14
27180	2	-0.00731389516771699	0	7	0.858118413743027	-0.63452755933849	132	14
27181	1	-0.0969064626581429	0	7	0.858118413743027	-0.63452755933849	132	14
27183	4	0.545390468067364	0	7	0.858118413743027	-0.63452755933849	132	14
27202	0	0.151783515614961	0	7	0.858118413743027	-0.63452755933849	132	14
27229	1	0.03807569357414	0	7	0.858118413743027	-0.63452755933849	132	14
27230	1	0.422050877504391	0	7	0.858118413743027	-0.63452755933849	132	14
27231	0	0.11756449475578	0	7	0.858118413743027	-0.63452755933849	132	14
27235	2	-0.103544610605597	0	7	0.858118413743027	-0.63452755933849	132	14
27236	1	0.395627528784069	0	7	0.858118413743027	-0.63452755933849	132	14
27237	1	0.276492234892082	0	7	0.858118413743027	-0.63452755933849	132	14
27238	4	0.39080516833835	0	7	0.858118413743027	-0.63452755933849	132	14
27239	1	-0.165765022741641	0	7	0.858118413743027	-0.63452755933849	132	14
27240	2	-0.314147931034057	0	7	0.858118413743027	-0.63452755933849	132	14
27241	0	0.0290232679525223	0	7	0.858118413743027	-0.63452755933849	132	14
27242	0	-0.368661616281255	0	7	0.858118413743027	-0.63452755933849	132	14
27243	4	0.48226367047736	0	7	0.858118413743027	-0.63452755933849	132	14
27244	0	-0.545329359818876	0	7	0.858118413743027	-0.63452755933849	132	14
27245	3	-0.203885895501503	0	7	0.858118413743027	-0.63452755933849	132	14
27247	0	-0.0384793359891944	0	7	0.858118413743027	-0.63452755933849	132	14
27249	0	-0.0972115693802092	0	7	0.858118413743027	-0.63452755933849	132	14
27252	0	-0.243164167357959	0	7	0.858118413743027	-0.63452755933849	132	14
27253	3	-0.359010582714033	0	7	0.858118413743027	-0.63452755933849	132	14
27254	2	0.353382466924014	0	7	0.858118413743027	-0.63452755933849	132	14
27255	1	-0.0295477498563201	0	7	0.858118413743027	-0.63452755933849	132	14
27257	0	0.340533540370245	0	7	0.858118413743027	-0.63452755933849	132	14
27258	7	0.787846140394681	1	7	0.858118413743027	-0.63452755933849	132	14
27285	0	-0.187129083195225	0	7	0.858118413743027	-0.63452755933849	132	14
27286	1	-0.431872510473978	0	7	0.858118413743027	-0.63452755933849	132	14
27287	1	-0.0663099307426218	0	7	0.858118413743027	-0.63452755933849	132	14
27289	1	0.52654953087439	0	7	0.858118413743027	-0.63452755933849	132	14
27291	3	-0.269747207223229	0	7	0.858118413743027	-0.63452755933849	132	14
27292	3	0.148439882844941	0	7	0.858118413743027	-0.63452755933849	132	14
27293	1	-0.158488621530939	0	7	0.858118413743027	-0.63452755933849	132	14
27295	2	-0.364123222932493	0	7	0.858118413743027	-0.63452755933849	132	14
27296	0	0.00548444581555233	0	7	0.858118413743027	-0.63452755933849	132	14
27297	0	0.304651939163257	0	7	0.858118413743027	-0.63452755933849	132	14
27299	2	-0.274325249919325	0	7	0.858118413743027	-0.63452755933849	132	14
27300	0	0.152627198093379	0	7	0.858118413743027	-0.63452755933849	132	14
27301	0	0.45293167986275	0	7	0.858118413743027	-0.63452755933849	132	14
27303	3	-0.209701478107135	0	7	0.858118413743027	-0.63452755933849	132	14
27304	0	0.0889520544023757	0	7	0.858118413743027	-0.63452755933849	132	14
27306	1	-0.317721480923648	0	7	0.858118413743027	-0.63452755933849	132	14
27309	7	0.702881988032686	1	7	0.858118413743027	-0.63452755933849	132	14
27314	0	0.0975915572935922	0	7	0.858118413743027	-0.63452755933849	132	14
27315	1	-0.452970260739716	0	7	0.858118413743027	-0.63452755933849	132	14
27324	12	0.239131808048269	0	7	0.858118413743027	-0.63452755933849	132	14
27329	3	0.32522750641529	0	7	0.858118413743027	-0.63452755933849	132	14
27330	5	0.55316304242486	0	7	0.858118413743027	-0.63452755933849	132	14
27333	5	0.554489272391968	0	7	0.858118413743027	-0.63452755933849	132	14
27334	2	-0.240980244743719	0	7	0.858118413743027	-0.63452755933849	132	14
27335	4	0.728763800695086	0	7	0.858118413743027	-0.63452755933849	132	14
27336	1	0.585310333545785	0	7	0.858118413743027	-0.63452755933849	132	14
27339	0	0.306194311125137	0	7	0.858118413743027	-0.63452755933849	132	14
27340	2	-0.232859848643566	0	7	0.858118413743027	-0.63452755933849	132	14
27341	0	0.128963654214301	0	7	0.858118413743027	-0.63452755933849	132	14
27343	4	0.269215530916007	0	7	0.858118413743027	-0.63452755933849	132	14
27344	3	0.493403089328118	0	7	0.858118413743027	-0.63452755933849	132	14
27345	1	0.308497797266831	0	7	0.858118413743027	-0.63452755933849	132	14
27346	1	-0.0605765914314205	0	7	0.858118413743027	-0.63452755933849	132	14
27347	2	-0.35463744620447	0	7	0.858118413743027	-0.63452755933849	132	14
27348	1	0.417048345962578	0	7	0.858118413743027	-0.63452755933849	132	14
27349	3	0.29488603803783	0	7	0.858118413743027	-0.63452755933849	132	14
27350	0	0.40930342662111	0	7	0.858118413743027	-0.63452755933849	132	14
27351	3	0.30682051221471	0	7	0.858118413743027	-0.63452755933849	132	14
27352	0	0.341224997138059	0	7	0.858118413743027	-0.63452755933849	132	14
27429	4	0.305242550126983	0	7	0.858118413743027	-0.63452755933849	132	14
27430	1	0.00662062819424972	0	7	0.858118413743027	-0.63452755933849	132	14
27434	1	-0.587655368793733	0	7	0.858118413743027	-0.63452755933849	132	14
27436	1	0.0948913754744644	0	7	0.858118413743027	-0.63452755933849	132	14
27445	3	0.207402094762515	0	7	0.858118413743027	-0.63452755933849	132	14
28231	1	-0.209738260232021	0	7	0.858118413743027	-0.63452755933849	132	14
28232	3	-0.319023033578742	0	7	0.858118413743027	-0.63452755933849	132	14
28316	0	-0.120303275178491	0	7	0.858118413743027	-0.63452755933849	132	14
28511	0	-0.0574118033003257	0	7	0.858118413743027	-0.63452755933849	132	14
28513	0	-0.0615861742888082	0	7	0.858118413743027	-0.63452755933849	132	14
28951	1	0.117727930463005	0	7	0.858118413743027	-0.63452755933849	132	14
28952	4	0.606024078062194	0	7	0.858118413743027	-0.63452755933849	132	14
28954	1	-0.122491360992938	0	7	0.858118413743027	-0.63452755933849	132	14
28955	3	0.0453756175015679	0	7	0.858118413743027	-0.63452755933849	132	14
28956	4	0.713951410375377	0	7	0.858118413743027	-0.63452755933849	132	14
28957	7	0.44791660312511	1	7	0.858118413743027	-0.63452755933849	132	14
28958	3	0.530972591827195	0	7	0.858118413743027	-0.63452755933849	132	14
28959	3	0.257620393110324	0	7	0.858118413743027	-0.63452755933849	132	14
28960	4	0.387639424827162	0	7	0.858118413743027	-0.63452755933849	132	14
28962	0	-0.219546660286811	0	7	0.858118413743027	-0.63452755933849	132	14
28964	0	0.254671121179415	0	7	0.858118413743027	-0.63452755933849	132	14
28966	0	-0.14998695291717	0	7	0.858118413743027	-0.63452755933849	132	14
28968	1	0.142098118434455	0	7	0.858118413743027	-0.63452755933849	132	14
28969	2	-0.119028661009158	0	7	0.858118413743027	-0.63452755933849	132	14
28971	2	0.322988585027432	0	7	0.858118413743027	-0.63452755933849	132	14
28972	3	0.498015809769063	0	7	0.858118413743027	-0.63452755933849	132	14
28974	4	0.756809341859025	0	7	0.858118413743027	-0.63452755933849	132	14
28977	1	0.409178018838347	0	7	0.858118413743027	-0.63452755933849	132	14
28978	1	0.468826130292739	0	7	0.858118413743027	-0.63452755933849	132	14
28981	0	-0.201886104201386	0	7	0.858118413743027	-0.63452755933849	132	14
28984	2	-0.166083956866553	0	7	0.858118413743027	-0.63452755933849	132	14
28985	1	0.252465661112742	0	7	0.858118413743027	-0.63452755933849	132	14
28986	0	-0.0604222515141075	0	7	0.858118413743027	-0.63452755933849	132	14
28990	0	-0.0509946620261026	0	7	0.858118413743027	-0.63452755933849	132	14
28992	3	0.570287358887404	0	7	0.858118413743027	-0.63452755933849	132	14
28996	1	0.225369575484793	0	7	0.858118413743027	-0.63452755933849	132	14
28998	3	0.318911943782797	0	7	0.858118413743027	-0.63452755933849	132	14
28999	2	0.620620982378658	0	7	0.858118413743027	-0.63452755933849	132	14
29015	2	0.00341644735131334	0	7	0.858118413743027	-0.63452755933849	132	14
29028	2	-0.328108574028699	0	7	0.858118413743027	-0.63452755933849	132	14
29062	3	0.029815621428605	0	7	0.858118413743027	-0.63452755933849	132	14
29063	2	0.179071221494078	0	7	0.858118413743027	-0.63452755933849	132	14
29066	1	-0.144272347387223	0	7	0.858118413743027	-0.63452755933849	132	14
29071	0	0.0282332928307979	0	7	0.858118413743027	-0.63452755933849	132	14
29072	0	-0.438914469747893	0	7	0.858118413743027	-0.63452755933849	132	14
29074	3	0.35212189997118	0	7	0.858118413743027	-0.63452755933849	132	14
29078	1	0.498687936575429	0	7	0.858118413743027	-0.63452755933849	132	14
29079	1	0.379824103129809	0	7	0.858118413743027	-0.63452755933849	132	14
29080	1	0.431888697003846	0	7	0.858118413743027	-0.63452755933849	132	14
29081	1	0.454864216201599	0	7	0.858118413743027	-0.63452755933849	132	14
29083	0	0.138924588490007	0	7	0.858118413743027	-0.63452755933849	132	14
29086	4	0.398826870660424	0	7	0.858118413743027	-0.63452755933849	132	14
29087	4	0.304041580683125	0	7	0.858118413743027	-0.63452755933849	132	14
29088	3	0.266305683437275	0	7	0.858118413743027	-0.63452755933849	132	14
29091	2	-0.0571301123620405	0	7	0.858118413743027	-0.63452755933849	132	14
29093	0	0.246426903940036	0	7	0.858118413743027	-0.63452755933849	132	14
29094	1	0.462942320572844	0	7	0.858118413743027	-0.63452755933849	132	14
29095	4	0.590779637517619	0	7	0.858118413743027	-0.63452755933849	132	14
29097	1	0.562389994184951	0	7	0.858118413743027	-0.63452755933849	132	14
29099	4	0.316519683630874	0	7	0.858118413743027	-0.63452755933849	132	14
29100	4	0.591518236329268	0	7	0.858118413743027	-0.63452755933849	132	14
29102	1	-0.0516093613968731	0	7	0.858118413743027	-0.63452755933849	132	14
29103	7	0.47390965451466	1	7	0.858118413743027	-0.63452755933849	132	14
29104	0	0.116265343017463	0	7	0.858118413743027	-0.63452755933849	132	14
29105	1	0.554027146286666	0	7	0.858118413743027	-0.63452755933849	132	14
29107	0	0.0862727949027209	0	7	0.858118413743027	-0.63452755933849	132	14
29108	2	0.161887597765375	0	7	0.858118413743027	-0.63452755933849	132	14
29109	2	-0.493604940089179	0	7	0.858118413743027	-0.63452755933849	132	14
29110	1	0.0939537428746537	0	7	0.858118413743027	-0.63452755933849	132	14
29114	2	0.10392253816189	0	7	0.858118413743027	-0.63452755933849	132	14
29115	4	0.319489700932878	0	7	0.858118413743027	-0.63452755933849	132	14
29118	3	0.213712649153731	0	7	0.858118413743027	-0.63452755933849	132	14
29119	5	0.388785273011573	0	7	0.858118413743027	-0.63452755933849	132	14
29121	1	-0.551388600052121	0	7	0.858118413743027	-0.63452755933849	132	14
29123	1	-0.0522300903725472	0	7	0.858118413743027	-0.63452755933849	132	14
29127	2	-0.206057974857461	0	7	0.858118413743027	-0.63452755933849	132	14
29760	2	-0.222662965364817	0	7	0.858118413743027	-0.63452755933849	132	14
29761	1	0.230018264057434	0	7	0.858118413743027	-0.63452755933849	132	14
29763	4	0.622747763095814	0	7	0.858118413743027	-0.63452755933849	132	14
29766	1	0.188665726421781	0	7	0.858118413743027	-0.63452755933849	132	14
29767	1	0.554821657931944	0	7	0.858118413743027	-0.63452755933849	132	14
29775	0	0.216935047449084	0	7	0.858118413743027	-0.63452755933849	132	14
29777	4	0.252016293096095	0	7	0.858118413743027	-0.63452755933849	132	14
29780	0	-0.125741460095178	0	7	0.858118413743027	-0.63452755933849	132	14
29781	0	0.0507686351935327	0	7	0.858118413743027	-0.63452755933849	132	14
29789	9	0.273024917556073	0	7	0.858118413743027	-0.63452755933849	132	14
29796	4	0.796627761405678	0	7	0.858118413743027	-0.63452755933849	132	14
29799	2	-0.0512127178172693	0	7	0.858118413743027	-0.63452755933849	132	14
29802	0	0.0469593934408978	0	7	0.858118413743027	-0.63452755933849	132	14
29803	1	0.32102594483402	0	7	0.858118413743027	-0.63452755933849	132	14
29842	12	0.222715835644804	0	7	0.858118413743027	-0.63452755933849	132	14
29844	0	0.191945206761729	0	7	0.858118413743027	-0.63452755933849	132	14
29851	2	-0.164151537652496	0	7	0.858118413743027	-0.63452755933849	132	14
29855	1	-0.372928085775824	0	7	0.858118413743027	-0.63452755933849	132	14
29880	0	0.252347040438597	0	7	0.858118413743027	-0.63452755933849	132	14
29881	3	0.141346899084258	0	7	0.858118413743027	-0.63452755933849	132	14
29882	0	0.154831147975867	0	7	0.858118413743027	-0.63452755933849	132	14
29883	1	0.222870048976347	0	7	0.858118413743027	-0.63452755933849	132	14
29887	2	0.0173358208903145	0	7	0.858118413743027	-0.63452755933849	132	14
29888	0	-0.190801447051164	0	7	0.858118413743027	-0.63452755933849	132	14
29889	1	-0.0159550555167654	0	7	0.858118413743027	-0.63452755933849	132	14
29890	0	0.105564087599976	0	7	0.858118413743027	-0.63452755933849	132	14
29893	1	0.341376295195493	0	7	0.858118413743027	-0.63452755933849	132	14
29895	7	0.554030314561895	1	7	0.858118413743027	-0.63452755933849	132	14
29896	6	-0.399108597919615	0	7	0.858118413743027	-0.63452755933849	132	14
29899	2	-0.404484037355798	0	7	0.858118413743027	-0.63452755933849	132	14
29901	0	-0.0649638358010017	0	7	0.858118413743027	-0.63452755933849	132	14
29902	2	-0.551724462415817	0	7	0.858118413743027	-0.63452755933849	132	14
29903	4	0.368745512757758	0	7	0.858118413743027	-0.63452755933849	132	14
29906	0	0.0838931005438093	0	7	0.858118413743027	-0.63452755933849	132	14
29911	3	0.30398979944569	0	7	0.858118413743027	-0.63452755933849	132	14
29914	6	0.532796490589214	0	7	0.858118413743027	-0.63452755933849	132	14
29915	1	-0.1405822782485	0	7	0.858118413743027	-0.63452755933849	132	14
29916	0	0.0123142584462911	0	7	0.858118413743027	-0.63452755933849	132	14
29919	3	0.197127341032988	0	7	0.858118413743027	-0.63452755933849	132	14
29922	2	0.352730788957169	0	7	0.858118413743027	-0.63452755933849	132	14
29923	1	0.602675516246605	0	7	0.858118413743027	-0.63452755933849	132	14
29924	0	0.364392567471042	0	7	0.858118413743027	-0.63452755933849	132	14
29926	0	0.122444169469357	0	7	0.858118413743027	-0.63452755933849	132	14
29927	4	0.258599025627375	0	7	0.858118413743027	-0.63452755933849	132	14
29928	1	0.609040456180232	0	7	0.858118413743027	-0.63452755933849	132	14
29929	0	-0.072656044599507	0	7	0.858118413743027	-0.63452755933849	132	14
29933	1	-0.207621518816297	0	7	0.858118413743027	-0.63452755933849	132	14
29937	0	0.4431832681536	0	7	0.858118413743027	-0.63452755933849	132	14
29942	0	-0.212924839557514	0	7	0.858118413743027	-0.63452755933849	132	14
29944	0	0.152134020175714	0	7	0.858118413743027	-0.63452755933849	132	14
29946	0	0.145905148502132	0	7	0.858118413743027	-0.63452755933849	132	14
29948	3	0.390110986430707	0	7	0.858118413743027	-0.63452755933849	132	14
29951	0	0.000439494780665264	0	7	0.858118413743027	-0.63452755933849	132	14
29953	8	0.0772769598233054	0	7	0.858118413743027	-0.63452755933849	132	14
29954	5	0.41713386801849	0	7	0.858118413743027	-0.63452755933849	132	14
29956	3	0.30605588538022	0	7	0.858118413743027	-0.63452755933849	132	14
29957	1	0.35787050554824	0	7	0.858118413743027	-0.63452755933849	132	14
29959	0	-0.156291707247973	0	7	0.858118413743027	-0.63452755933849	132	14
29960	0	0.169820904140506	0	7	0.858118413743027	-0.63452755933849	132	14
29965	3	0.317930575700182	0	7	0.858118413743027	-0.63452755933849	132	14
29966	5	0.273971024614458	0	7	0.858118413743027	-0.63452755933849	132	14
29967	0	-0.161235215094962	0	7	0.858118413743027	-0.63452755933849	132	14
29968	3	0.293024637625335	0	7	0.858118413743027	-0.63452755933849	132	14
29969	1	0.277981039725518	0	7	0.858118413743027	-0.63452755933849	132	14
29974	3	0.455693154138551	0	7	0.858118413743027	-0.63452755933849	132	14
29978	1	0.55509539911354	0	7	0.858118413743027	-0.63452755933849	132	14
29980	7	-0.669430833467987	1	7	0.858118413743027	-0.63452755933849	132	14
29982	0	-0.0656373384349878	0	7	0.858118413743027	-0.63452755933849	132	14
29984	2	0.140093121637511	0	7	0.858118413743027	-0.63452755933849	132	14
29988	0	-0.0829084697276287	0	7	0.858118413743027	-0.63452755933849	132	14
29992	2	0.0617249024439111	0	7	0.858118413743027	-0.63452755933849	132	14
29994	6	-0.490082937624271	0	7	0.858118413743027	-0.63452755933849	132	14
29995	2	-0.293016993652276	0	7	0.858118413743027	-0.63452755933849	132	14
29998	1	0.391860425881047	0	7	0.858118413743027	-0.63452755933849	132	14
30000	1	0.515425211157817	0	7	0.858118413743027	-0.63452755933849	132	14
30001	1	0.223375919805626	0	7	0.858118413743027	-0.63452755933849	132	14
30008	1	0.45783254454993	0	7	0.858118413743027	-0.63452755933849	132	14
30009	10	0.222734454924606	0	7	0.858118413743027	-0.63452755933849	132	14
30811	2	0.022523955687433	0	7	0.858118413743027	-0.63452755933849	132	14
30817	2	-0.0207075230316995	0	7	0.858118413743027	-0.63452755933849	132	14
30819	1	-0.168655470754196	0	7	0.858118413743027	-0.63452755933849	132	14
30820	0	0.328234626679248	0	7	0.858118413743027	-0.63452755933849	132	14
30827	0	-0.0743056259897891	0	7	0.858118413743027	-0.63452755933849	132	14
30833	4	0.531437925360024	0	7	0.858118413743027	-0.63452755933849	132	14
30835	2	-0.246538971979803	0	7	0.858118413743027	-0.63452755933849	132	14
30836	0	-0.182417134849926	0	7	0.858118413743027	-0.63452755933849	132	14
30837	0	0.311291299397531	0	7	0.858118413743027	-0.63452755933849	132	14
30844	1	0.284584780495484	0	7	0.858118413743027	-0.63452755933849	132	14
30845	1	0.378759921262879	0	7	0.858118413743027	-0.63452755933849	132	14
30846	0	0.24508389370017	0	7	0.858118413743027	-0.63452755933849	132	14
30849	1	0.116785601367852	0	7	0.858118413743027	-0.63452755933849	132	14
30850	3	-0.362939024330135	0	7	0.858118413743027	-0.63452755933849	132	14
30968	3	0.472412798924332	0	7	0.858118413743027	-0.63452755933849	132	14
49855	5	0.304322141352191	0	7	0.858118413743027	-0.63452755933849	132	14
49856	1	0.306853263863217	0	7	0.858118413743027	-0.63452755933849	132	14
50485	1	0.34282082392929	0	7	0.858118413743027	-0.63452755933849	132	14
50486	2	0.566085980807071	0	7	0.858118413743027	-0.63452755933849	132	14
50488	0	-0.0487796151212446	0	7	0.858118413743027	-0.63452755933849	132	14
50489	2	-0.294822952013098	0	7	0.858118413743027	-0.63452755933849	132	14
50506	0	0.00624069093340715	0	7	0.858118413743027	-0.63452755933849	132	14
50507	3	0.277678998572541	0	7	0.858118413743027	-0.63452755933849	132	14
50509	1	-0.369616535349502	0	7	0.858118413743027	-0.63452755933849	132	14
50512	0	0.0476751061961095	0	7	0.858118413743027	-0.63452755933849	132	14
50515	3	-0.202878248364062	0	7	0.858118413743027	-0.63452755933849	132	14
50613	0	0.0799124063601447	0	7	0.858118413743027	-0.63452755933849	132	14
50615	3	-0.158589174160194	0	7	0.858118413743027	-0.63452755933849	132	14
50617	12	0.174915516963508	0	7	0.858118413743027	-0.63452755933849	132	14
50618	7	-0.712034594916589	1	7	0.858118413743027	-0.63452755933849	132	14
50619	2	-0.342782636174571	0	7	0.858118413743027	-0.63452755933849	132	14
50626	0	0.271566674813548	0	7	0.858118413743027	-0.63452755933849	132	14
50628	0	0.289826797948309	0	7	0.858118413743027	-0.63452755933849	132	14
50649	0	-0.152181972323819	0	7	0.858118413743027	-0.63452755933849	132	14
50650	1	0.265428522472715	0	7	0.858118413743027	-0.63452755933849	132	14
50700	1	-0.0063628206812956	0	7	0.858118413743027	-0.63452755933849	132	14
50717	5	0.217096526933822	0	7	0.858118413743027	-0.63452755933849	132	14
50807	3	-0.612346783076318	0	7	0.858118413743027	-0.63452755933849	132	14
50809	3	0.244836186820416	0	7	0.858118413743027	-0.63452755933849	132	14
50810	1	0.15750826182803	0	7	0.858118413743027	-0.63452755933849	132	14
50813	4	0.514388702841256	0	7	0.858118413743027	-0.63452755933849	132	14
50814	4	0.2377714539333	0	7	0.858118413743027	-0.63452755933849	132	14
50831	3	-0.301685183093521	0	7	0.858118413743027	-0.63452755933849	132	14
50832	6	-0.314683905157807	0	7	0.858118413743027	-0.63452755933849	132	14
50838	3	-0.271444983769035	0	7	0.858118413743027	-0.63452755933849	132	14
50852	2	-0.380341780985248	0	7	0.858118413743027	-0.63452755933849	132	14
50853	0	-0.210110051747515	0	7	0.858118413743027	-0.63452755933849	132	14
50855	4	0.488339185901656	0	7	0.858118413743027	-0.63452755933849	132	14
50856	2	-0.221245107548012	0	7	0.858118413743027	-0.63452755933849	132	14
50861	1	-0.311124038289729	0	7	0.858118413743027	-0.63452755933849	132	14
50862	1	0.403180310395269	0	7	0.858118413743027	-0.63452755933849	132	14
50865	1	0.49274771139652	0	7	0.858118413743027	-0.63452755933849	132	14
50937	3	-0.163195747107883	0	7	0.858118413743027	-0.63452755933849	132	14
50939	3	0.0315114725108262	0	7	0.858118413743027	-0.63452755933849	132	14
50940	0	0.00890018907212721	0	7	0.858118413743027	-0.63452755933849	132	14
50943	2	-0.303381967779679	0	7	0.858118413743027	-0.63452755933849	132	14
50944	0	-0.279110459499704	0	7	0.858118413743027	-0.63452755933849	132	14
50999	1	0.396053393111062	0	7	0.858118413743027	-0.63452755933849	132	14
51001	0	0.115305906087184	0	7	0.858118413743027	-0.63452755933849	132	14
51002	0	-0.140399018314933	0	7	0.858118413743027	-0.63452755933849	132	14
51003	0	0.386739739719635	0	7	0.858118413743027	-0.63452755933849	132	14
51004	3	0.372956234816842	0	7	0.858118413743027	-0.63452755933849	132	14
51006	0	0.290607179995766	0	7	0.858118413743027	-0.63452755933849	132	14
51008	1	0.114324715060397	0	7	0.858118413743027	-0.63452755933849	132	14
51009	4	0.521723864075799	0	7	0.858118413743027	-0.63452755933849	132	14
51012	1	0.285660869657991	0	7	0.858118413743027	-0.63452755933849	132	14
51015	3	0.29417554978387	0	7	0.858118413743027	-0.63452755933849	132	14
51016	4	0.486902039797885	0	7	0.858118413743027	-0.63452755933849	132	14
51018	1	0.303190754433306	0	7	0.858118413743027	-0.63452755933849	132	14
51019	1	0.355850827976635	0	7	0.858118413743027	-0.63452755933849	132	14
51020	7	0.664826724773455	1	7	0.858118413743027	-0.63452755933849	132	14
51022	1	0.192861952825639	0	7	0.858118413743027	-0.63452755933849	132	14
51023	0	0.0729256285807295	0	7	0.858118413743027	-0.63452755933849	132	14
51024	4	0.694795128406915	0	7	0.858118413743027	-0.63452755933849	132	14
51026	0	0.199824665564695	0	7	0.858118413743027	-0.63452755933849	132	14
51027	3	0.53511402974294	0	7	0.858118413743027	-0.63452755933849	132	14
51029	0	-0.286558412996861	0	7	0.858118413743027	-0.63452755933849	132	14
51031	1	0.275792157264489	0	7	0.858118413743027	-0.63452755933849	132	14
51035	13	0.538126793799924	0	7	0.858118413743027	-0.63452755933849	132	14
51042	4	0.679889115574315	0	7	0.858118413743027	-0.63452755933849	132	14
51043	2	-0.117139128117034	0	7	0.858118413743027	-0.63452755933849	132	14
51050	2	-0.119484873112602	0	7	0.858118413743027	-0.63452755933849	132	14
51053	0	0.36735119837246	0	7	0.858118413743027	-0.63452755933849	132	14
51056	14	-0.248915777635154	0	7	0.858118413743027	-0.63452755933849	132	14
51063	2	-0.329208468345537	0	7	0.858118413743027	-0.63452755933849	132	14
51065	1	0.300691223417403	0	7	0.858118413743027	-0.63452755933849	132	14
51066	1	-0.218327960371501	0	7	0.858118413743027	-0.63452755933849	132	14
51067	2	-0.24777930018649	0	7	0.858118413743027	-0.63452755933849	132	14
51068	0	0.0594930541822944	0	7	0.858118413743027	-0.63452755933849	132	14
51069	3	0.377059705505329	0	7	0.858118413743027	-0.63452755933849	132	14
51070	4	0.448382500859788	0	7	0.858118413743027	-0.63452755933849	132	14
51071	3	0.598548373272139	0	7	0.858118413743027	-0.63452755933849	132	14
51073	4	0.621161754036357	0	7	0.858118413743027	-0.63452755933849	132	14
51075	1	0.122065269089748	0	7	0.858118413743027	-0.63452755933849	132	14
51076	1	0.270723867762176	0	7	0.858118413743027	-0.63452755933849	132	14
51077	1	0.430870983423971	0	7	0.858118413743027	-0.63452755933849	132	14
51078	3	0.345405710202003	0	7	0.858118413743027	-0.63452755933849	132	14
51081	4	0.519660248432129	0	7	0.858118413743027	-0.63452755933849	132	14
51082	13	0.396396715590634	0	7	0.858118413743027	-0.63452755933849	132	14
51084	3	0.441418494663607	0	7	0.858118413743027	-0.63452755933849	132	14
51085	3	0.554707784660052	0	7	0.858118413743027	-0.63452755933849	132	14
51087	0	-0.00913234955838103	0	7	0.858118413743027	-0.63452755933849	132	14
51090	3	0.178163080949193	0	7	0.858118413743027	-0.63452755933849	132	14
51092	0	0.284968630767948	0	7	0.858118413743027	-0.63452755933849	132	14
51093	2	0.297596589953923	0	7	0.858118413743027	-0.63452755933849	132	14
51094	1	0.244598227435869	0	7	0.858118413743027	-0.63452755933849	132	14
51096	2	-0.101525543344474	0	7	0.858118413743027	-0.63452755933849	132	14
51097	3	0.250631250620871	0	7	0.858118413743027	-0.63452755933849	132	14
51098	0	0.145430600525373	0	7	0.858118413743027	-0.63452755933849	132	14
51099	0	-0.00445036394997956	0	7	0.858118413743027	-0.63452755933849	132	14
51100	1	0.230339415634375	0	7	0.858118413743027	-0.63452755933849	132	14
51101	1	0.316301796846442	0	7	0.858118413743027	-0.63452755933849	132	14
51102	3	0.224241742315705	0	7	0.858118413743027	-0.63452755933849	132	14
51103	3	0.204020586746634	0	7	0.858118413743027	-0.63452755933849	132	14
51104	0	0.232566802554539	0	7	0.858118413743027	-0.63452755933849	132	14
51105	6	-0.461044277380227	0	7	0.858118413743027	-0.63452755933849	132	14
51106	0	0.000515220039229432	0	7	0.858118413743027	-0.63452755933849	132	14
51107	0	0.134031417786923	0	7	0.858118413743027	-0.63452755933849	132	14
51108	3	0.391581815752268	0	7	0.858118413743027	-0.63452755933849	132	14
51109	3	0.239956887722483	0	7	0.858118413743027	-0.63452755933849	132	14
51110	3	0.19362538678082	0	7	0.858118413743027	-0.63452755933849	132	14
51111	0	-0.370387039769619	0	7	0.858118413743027	-0.63452755933849	132	14
51112	0	0.0114170058779945	0	7	0.858118413743027	-0.63452755933849	132	14
51115	2	0.306671061643625	0	7	0.858118413743027	-0.63452755933849	132	14
51116	3	0.45201580698722	0	7	0.858118413743027	-0.63452755933849	132	14
51117	3	0.455723578887282	0	7	0.858118413743027	-0.63452755933849	132	14
51118	0	0.107863981210438	0	7	0.858118413743027	-0.63452755933849	132	14
51125	1	0.435103326811336	0	7	0.858118413743027	-0.63452755933849	132	14
51127	0	0.0395092125614781	0	7	0.858118413743027	-0.63452755933849	132	14
51128	3	0.222160048363696	0	7	0.858118413743027	-0.63452755933849	132	14
51129	1	0.473373742865381	0	7	0.858118413743027	-0.63452755933849	132	14
51131	3	-0.355159539894772	0	7	0.858118413743027	-0.63452755933849	132	14
51133	0	-0.209235743830846	0	7	0.858118413743027	-0.63452755933849	132	14
51134	0	-0.202264091322015	0	7	0.858118413743027	-0.63452755933849	132	14
51135	1	0.155085692263486	0	7	0.858118413743027	-0.63452755933849	132	14
51136	2	-0.21758331931056	0	7	0.858118413743027	-0.63452755933849	132	14
51138	1	0.402218140949618	0	7	0.858118413743027	-0.63452755933849	132	14
51141	1	0.322645569966254	0	7	0.858118413743027	-0.63452755933849	132	14
51142	4	0.686033231240779	0	7	0.858118413743027	-0.63452755933849	132	14
51143	1	0.461938597276652	0	7	0.858118413743027	-0.63452755933849	132	14
51144	1	0.424074057683901	0	7	0.858118413743027	-0.63452755933849	132	14
51146	0	-0.0809927330792914	0	7	0.858118413743027	-0.63452755933849	132	14
51147	0	0.0268476437144804	0	7	0.858118413743027	-0.63452755933849	132	14
51149	0	0.190028579855292	0	7	0.858118413743027	-0.63452755933849	132	14
51150	0	-0.00576240341590014	0	7	0.858118413743027	-0.63452755933849	132	14
51151	0	0.0203762409481756	0	7	0.858118413743027	-0.63452755933849	132	14
51154	2	0.0880362027695882	0	7	0.858118413743027	-0.63452755933849	132	14
51155	2	-0.0330441015053044	0	7	0.858118413743027	-0.63452755933849	132	14
51157	0	-0.130977433615867	0	7	0.858118413743027	-0.63452755933849	132	14
51160	4	0.723610158150921	0	7	0.858118413743027	-0.63452755933849	132	14
51161	0	0.0499428673594436	0	7	0.858118413743027	-0.63452755933849	132	14
51162	2	0.387797349778746	0	7	0.858118413743027	-0.63452755933849	132	14
51163	0	0.21882548689523	0	7	0.858118413743027	-0.63452755933849	132	14
51164	1	0.0098516015636816	0	7	0.858118413743027	-0.63452755933849	132	14
51167	2	-0.101743670145841	0	7	0.858118413743027	-0.63452755933849	132	14
51168	1	-0.277277260117006	0	7	0.858118413743027	-0.63452755933849	132	14
51170	3	0.0100359932274952	0	7	0.858118413743027	-0.63452755933849	132	14
51171	3	0.692413408997867	0	7	0.858118413743027	-0.63452755933849	132	14
51172	0	0.132731348897945	0	7	0.858118413743027	-0.63452755933849	132	14
51174	0	-0.200749176786444	0	7	0.858118413743027	-0.63452755933849	132	14
51176	2	-0.36295704218863	0	7	0.858118413743027	-0.63452755933849	132	14
51177	0	-0.0118263142140591	0	7	0.858118413743027	-0.63452755933849	132	14
51179	3	0.408376844927508	0	7	0.858118413743027	-0.63452755933849	132	14
51181	3	0.559170853878175	0	7	0.858118413743027	-0.63452755933849	132	14
51182	0	-0.124612485924081	0	7	0.858118413743027	-0.63452755933849	132	14
51184	1	0.275404307240582	0	7	0.858118413743027	-0.63452755933849	132	14
51185	1	-0.0461853307129335	0	7	0.858118413743027	-0.63452755933849	132	14
51186	1	0.460965041755157	0	7	0.858118413743027	-0.63452755933849	132	14
51187	2	-0.103531489538726	0	7	0.858118413743027	-0.63452755933849	132	14
51188	7	0.631830891722445	1	7	0.858118413743027	-0.63452755933849	132	14
51191	14	0.0957262609111186	0	7	0.858118413743027	-0.63452755933849	132	14
51192	2	0.102916545484805	0	7	0.858118413743027	-0.63452755933849	132	14
51193	1	-0.344520416782415	0	7	0.858118413743027	-0.63452755933849	132	14
51195	0	-0.0916019028236473	0	7	0.858118413743027	-0.63452755933849	132	14
51196	1	0.444025426464894	0	7	0.858118413743027	-0.63452755933849	132	14
51200	2	-0.192531388600216	0	7	0.858118413743027	-0.63452755933849	132	14
51203	2	-0.187909394716214	0	7	0.858118413743027	-0.63452755933849	132	14
51204	3	0.460900254973086	0	7	0.858118413743027	-0.63452755933849	132	14
51206	0	0.0830358827340632	0	7	0.858118413743027	-0.63452755933849	132	14
51207	0	0.367775542414184	0	7	0.858118413743027	-0.63452755933849	132	14
51208	1	-0.219494488655718	0	7	0.858118413743027	-0.63452755933849	132	14
51218	3	0.620067297018834	0	7	0.858118413743027	-0.63452755933849	132	14
51222	0	0.320972440118595	0	7	0.858118413743027	-0.63452755933849	132	14
51224	0	0.0475832598068197	0	7	0.858118413743027	-0.63452755933849	132	14
51226	1	0.505482665710621	0	7	0.858118413743027	-0.63452755933849	132	14
51227	1	0.623001912248186	0	7	0.858118413743027	-0.63452755933849	132	14
51228	0	0.22633075695933	0	7	0.858118413743027	-0.63452755933849	132	14
51230	1	0.374012510439654	0	7	0.858118413743027	-0.63452755933849	132	14
51231	3	0.57148492610351	0	7	0.858118413743027	-0.63452755933849	132	14
51233	0	-0.179303890732833	0	7	0.858118413743027	-0.63452755933849	132	14
51237	2	-0.315016256315252	0	7	0.858118413743027	-0.63452755933849	132	14
51257	0	0.201489285308874	0	7	0.858118413743027	-0.63452755933849	132	14
51265	2	0.263767959577978	0	7	0.858118413743027	-0.63452755933849	132	14
51267	1	0.11451546256997	0	7	0.858118413743027	-0.63452755933849	132	14
51268	3	0.399654038350271	0	7	0.858118413743027	-0.63452755933849	132	14
51271	1	0.344683283589333	0	7	0.858118413743027	-0.63452755933849	132	14
51272	7	0.635851685681045	1	7	0.858118413743027	-0.63452755933849	132	14
51274	3	-0.29560412680883	0	7	0.858118413743027	-0.63452755933849	132	14
51276	0	0.00618430855819731	0	7	0.858118413743027	-0.63452755933849	132	14
51278	1	0.122879069386581	0	7	0.858118413743027	-0.63452755933849	132	14
51279	2	-0.213058775896454	0	7	0.858118413743027	-0.63452755933849	132	14
51280	1	-0.165766584931276	0	7	0.858118413743027	-0.63452755933849	132	14
51281	0	-0.31817939809966	0	7	0.858118413743027	-0.63452755933849	132	14
51282	4	0.716721513329522	0	7	0.858118413743027	-0.63452755933849	132	14
51283	0	0.22340755642443	0	7	0.858118413743027	-0.63452755933849	132	14
51284	2	-0.274841640914189	0	7	0.858118413743027	-0.63452755933849	132	14
51285	2	-0.0933211174224744	0	7	0.858118413743027	-0.63452755933849	132	14
51286	0	0.245856407096089	0	7	0.858118413743027	-0.63452755933849	132	14
51287	4	0.557426230802024	0	7	0.858118413743027	-0.63452755933849	132	14
51290	1	-0.0596186046507977	0	7	0.858118413743027	-0.63452755933849	132	14
51291	2	-0.189692374960162	0	7	0.858118413743027	-0.63452755933849	132	14
51292	4	0.445820242587481	0	7	0.858118413743027	-0.63452755933849	132	14
51293	4	0.301305694188984	0	7	0.858118413743027	-0.63452755933849	132	14
51294	9	0.045016323303405	0	7	0.858118413743027	-0.63452755933849	132	14
51295	3	0.375149217892806	0	7	0.858118413743027	-0.63452755933849	132	14
51296	14	-0.000209675504627347	0	7	0.858118413743027	-0.63452755933849	132	14
51299	1	0.30411200735002	0	7	0.858118413743027	-0.63452755933849	132	14
51301	0	0.188828952439335	0	7	0.858118413743027	-0.63452755933849	132	14
51302	1	0.39651258889557	0	7	0.858118413743027	-0.63452755933849	132	14
51303	2	-0.26212102455707	0	7	0.858118413743027	-0.63452755933849	132	14
51304	0	-0.192797921625516	0	7	0.858118413743027	-0.63452755933849	132	14
51306	1	0.240548255556762	0	7	0.858118413743027	-0.63452755933849	132	14
51307	0	-0.198490887985445	0	7	0.858118413743027	-0.63452755933849	132	14
51308	2	-0.0171705360268932	0	7	0.858118413743027	-0.63452755933849	132	14
51309	1	0.213742694203407	0	7	0.858118413743027	-0.63452755933849	132	14
51310	0	0.144066663012789	0	7	0.858118413743027	-0.63452755933849	132	14
51311	2	0.123957489900754	0	7	0.858118413743027	-0.63452755933849	132	14
51312	1	-0.146685976791017	0	7	0.858118413743027	-0.63452755933849	132	14
51313	0	0.0781594505214	0	7	0.858118413743027	-0.63452755933849	132	14
51315	1	0.35065767962837	0	7	0.858118413743027	-0.63452755933849	132	14
51316	2	0.0606419748953585	0	7	0.858118413743027	-0.63452755933849	132	14
51317	3	0.0122243993703356	0	7	0.858118413743027	-0.63452755933849	132	14
51319	0	0.0134624301341689	0	7	0.858118413743027	-0.63452755933849	132	14
51320	0	0.111161229293886	0	7	0.858118413743027	-0.63452755933849	132	14
51321	1	0.379285288748036	0	7	0.858118413743027	-0.63452755933849	132	14
51322	1	0.302063021838053	0	7	0.858118413743027	-0.63452755933849	132	14
51324	3	0.21867087583311	0	7	0.858118413743027	-0.63452755933849	132	14
51327	10	0.361592431926502	0	7	0.858118413743027	-0.63452755933849	132	14
51329	4	0.517331001250268	0	7	0.858118413743027	-0.63452755933849	132	14
51330	2	-0.181677163122363	0	7	0.858118413743027	-0.63452755933849	132	14
51332	1	-0.27022085508233	0	7	0.858118413743027	-0.63452755933849	132	14
51333	0	0.225687104902981	0	7	0.858118413743027	-0.63452755933849	132	14
51335	1	0.353382410095173	0	7	0.858118413743027	-0.63452755933849	132	14
51337	3	0.258708749713052	0	7	0.858118413743027	-0.63452755933849	132	14
51338	2	-0.370620990626276	0	7	0.858118413743027	-0.63452755933849	132	14
51339	2	-0.508111692227871	0	7	0.858118413743027	-0.63452755933849	132	14
51340	1	0.32551874118309	0	7	0.858118413743027	-0.63452755933849	132	14
51341	0	0.156506865276454	0	7	0.858118413743027	-0.63452755933849	132	14
51343	5	0.483820025516093	0	7	0.858118413743027	-0.63452755933849	132	14
51347	0	0.207959953346009	0	7	0.858118413743027	-0.63452755933849	132	14
51360	0	0.142351303764933	0	7	0.858118413743027	-0.63452755933849	132	14
51361	8	0.195795724269443	0	7	0.858118413743027	-0.63452755933849	132	14
51362	1	0.294597172440417	0	7	0.858118413743027	-0.63452755933849	132	14
51363	2	-0.306199852611693	0	7	0.858118413743027	-0.63452755933849	132	14
51364	0	0.0855907534251171	0	7	0.858118413743027	-0.63452755933849	132	14
51365	0	-0.026505761134709	0	7	0.858118413743027	-0.63452755933849	132	14
51366	7	-0.775509303861827	1	7	0.858118413743027	-0.63452755933849	132	14
51367	4	0.677596927381447	0	7	0.858118413743027	-0.63452755933849	132	14
51368	4	0.632471583076946	0	7	0.858118413743027	-0.63452755933849	132	14
51371	4	0.283494177606547	0	7	0.858118413743027	-0.63452755933849	132	14
51373	7	0.620145766003026	1	7	0.858118413743027	-0.63452755933849	132	14
51374	1	0.600322751289263	0	7	0.858118413743027	-0.63452755933849	132	14
51375	3	0.0114208265878612	0	7	0.858118413743027	-0.63452755933849	132	14
51377	1	0.180290485867874	0	7	0.858118413743027	-0.63452755933849	132	14
51378	2	-0.066695887674291	0	7	0.858118413743027	-0.63452755933849	132	14
51379	6	-0.435448172675479	0	7	0.858118413743027	-0.63452755933849	132	14
51380	6	-0.534968421273528	0	7	0.858118413743027	-0.63452755933849	132	14
51382	3	0.363339354185312	0	7	0.858118413743027	-0.63452755933849	132	14
51384	0	-0.0508753219612203	0	7	0.858118413743027	-0.63452755933849	132	14
51385	0	0.0670468929827286	0	7	0.858118413743027	-0.63452755933849	132	14
51386	13	0.156862964557959	0	7	0.858118413743027	-0.63452755933849	132	14
51388	3	0.233639356413925	0	7	0.858118413743027	-0.63452755933849	132	14
51389	1	0.609323814118141	0	7	0.858118413743027	-0.63452755933849	132	14
51393	3	-0.238203931841006	0	7	0.858118413743027	-0.63452755933849	132	14
51397	0	-0.0763508228423996	0	7	0.858118413743027	-0.63452755933849	132	14
51398	7	0.832448222455109	1	7	0.858118413743027	-0.63452755933849	132	14
51400	1	0.137613636524993	0	7	0.858118413743027	-0.63452755933849	132	14
51406	4	0.297268866702275	0	7	0.858118413743027	-0.63452755933849	132	14
51409	4	0.332426054066754	0	7	0.858118413743027	-0.63452755933849	132	14
51411	2	0.172987604359886	0	7	0.858118413743027	-0.63452755933849	132	14
51421	1	-0.227176545862122	0	7	0.858118413743027	-0.63452755933849	132	14
51422	0	0.00760022456707171	0	7	0.858118413743027	-0.63452755933849	132	14
51427	4	-0.556859131376257	0	7	0.858118413743027	-0.63452755933849	132	14
51428	4	0.248276630537085	0	7	0.858118413743027	-0.63452755933849	132	14
51430	1	0.449015047230863	0	7	0.858118413743027	-0.63452755933849	132	14
51433	0	0.259532780440429	0	7	0.858118413743027	-0.63452755933849	132	14
51435	2	-0.292381001213567	0	7	0.858118413743027	-0.63452755933849	132	14
51439	0	0.0887427858363666	0	7	0.858118413743027	-0.63452755933849	132	14
51440	2	-0.116060185588116	0	7	0.858118413743027	-0.63452755933849	132	14
51442	0	0.152595981016166	0	7	0.858118413743027	-0.63452755933849	132	14
51444	0	-0.239150338505609	0	7	0.858118413743027	-0.63452755933849	132	14
51447	1	0.0960259292843046	0	7	0.858118413743027	-0.63452755933849	132	14
51449	2	0.349407440201578	0	7	0.858118413743027	-0.63452755933849	132	14
51451	4	0.248962159748637	0	7	0.858118413743027	-0.63452755933849	132	14
51454	1	0.394847659391723	0	7	0.858118413743027	-0.63452755933849	132	14
51455	4	-0.343226461156753	0	7	0.858118413743027	-0.63452755933849	132	14
51458	12	0.296722467658439	0	7	0.858118413743027	-0.63452755933849	132	14
51460	1	-0.0167059519588725	0	7	0.858118413743027	-0.63452755933849	132	14
51465	0	0.0752182442712343	0	7	0.858118413743027	-0.63452755933849	132	14
51466	1	-0.0628791002551808	0	7	0.858118413743027	-0.63452755933849	132	14
51471	3	0.392792239419144	0	7	0.858118413743027	-0.63452755933849	132	14
51474	7	-0.75669377750311	1	7	0.858118413743027	-0.63452755933849	132	14
51477	0	0.0887260582113803	0	7	0.858118413743027	-0.63452755933849	132	14
51479	0	0.0423753642820433	0	7	0.858118413743027	-0.63452755933849	132	14
51490	0	0.293178247271406	0	7	0.858118413743027	-0.63452755933849	132	14
51491	7	0.552448992259395	1	7	0.858118413743027	-0.63452755933849	132	14
51493	3	0.302462249267501	0	7	0.858118413743027	-0.63452755933849	132	14
51495	3	0.186145364434962	0	7	0.858118413743027	-0.63452755933849	132	14
51497	3	0.31955426754452	0	7	0.858118413743027	-0.63452755933849	132	14
51499	2	0.176428716334586	0	7	0.858118413743027	-0.63452755933849	132	14
51501	0	-0.421205577664345	0	7	0.858118413743027	-0.63452755933849	132	14
51504	7	0.769598189923336	1	7	0.858118413743027	-0.63452755933849	132	14
51506	4	0.540602492522574	0	7	0.858118413743027	-0.63452755933849	132	14
51507	4	0.676830107662497	0	7	0.858118413743027	-0.63452755933849	132	14
51510	5	0.515612972462143	0	7	0.858118413743027	-0.63452755933849	132	14
51512	2	-0.21657367479766	0	7	0.858118413743027	-0.63452755933849	132	14
51513	0	0.0471754619762114	0	7	0.858118413743027	-0.63452755933849	132	14
51514	2	-0.331158321671849	0	7	0.858118413743027	-0.63452755933849	132	14
51517	5	0.343743905118067	0	7	0.858118413743027	-0.63452755933849	132	14
51520	1	-0.0419331610747756	0	7	0.858118413743027	-0.63452755933849	132	14
51526	1	0.287230356331496	0	7	0.858118413743027	-0.63452755933849	132	14
51531	0	0.462540093471197	0	7	0.858118413743027	-0.63452755933849	132	14
51533	5	0.303178740326511	0	7	0.858118413743027	-0.63452755933849	132	14
51542	1	-0.164741816135808	0	7	0.858118413743027	-0.63452755933849	132	14
51547	0	0.10282566679225	0	7	0.858118413743027	-0.63452755933849	132	14
51548	0	0.124394317844398	0	7	0.858118413743027	-0.63452755933849	132	14
51550	0	0.230288024716823	0	7	0.858118413743027	-0.63452755933849	132	14
51552	1	0.0197237418457335	0	7	0.858118413743027	-0.63452755933849	132	14
51555	0	-0.0506704731493513	0	7	0.858118413743027	-0.63452755933849	132	14
51557	0	0.279322489875039	0	7	0.858118413743027	-0.63452755933849	132	14
51559	2	-0.206311828897258	0	7	0.858118413743027	-0.63452755933849	132	14
51560	2	-0.254705632706414	0	7	0.858118413743027	-0.63452755933849	132	14
51562	1	0.150345395011538	0	7	0.858118413743027	-0.63452755933849	132	14
51564	3	-0.121690607978872	0	7	0.858118413743027	-0.63452755933849	132	14
51566	1	0.447543894707136	0	7	0.858118413743027	-0.63452755933849	132	14
51567	3	0.0731380829006823	0	7	0.858118413743027	-0.63452755933849	132	14
51569	2	0.199304609191911	0	7	0.858118413743027	-0.63452755933849	132	14
51571	2	-0.289515682198349	0	7	0.858118413743027	-0.63452755933849	132	14
51573	1	0.203210474384376	0	7	0.858118413743027	-0.63452755933849	132	14
51574	0	0.279075982548311	0	7	0.858118413743027	-0.63452755933849	132	14
51575	0	0.0698957837454137	0	7	0.858118413743027	-0.63452755933849	132	14
51582	0	0.157174438392478	0	7	0.858118413743027	-0.63452755933849	132	14
51585	4	-0.544573110014792	0	7	0.858118413743027	-0.63452755933849	132	14
51586	4	0.275964486802118	0	7	0.858118413743027	-0.63452755933849	132	14
51588	0	0.176384405286975	0	7	0.858118413743027	-0.63452755933849	132	14
51592	0	-0.206313335224922	0	7	0.858118413743027	-0.63452755933849	132	14
51593	1	-0.162065293793405	0	7	0.858118413743027	-0.63452755933849	132	14
51594	0	-0.00263840573194433	0	7	0.858118413743027	-0.63452755933849	132	14
51599	2	0.080787411712153	0	7	0.858118413743027	-0.63452755933849	132	14
51601	0	-0.188132618848707	0	7	0.858118413743027	-0.63452755933849	132	14
51603	0	0.174078509830555	0	7	0.858118413743027	-0.63452755933849	132	14
51604	4	0.365941845184356	0	7	0.858118413743027	-0.63452755933849	132	14
51606	1	0.25566443831707	0	7	0.858118413743027	-0.63452755933849	132	14
51611	2	-0.135857498204053	0	7	0.858118413743027	-0.63452755933849	132	14
51614	13	0.422861391496771	0	7	0.858118413743027	-0.63452755933849	132	14
51616	1	0.435855580616737	0	7	0.858118413743027	-0.63452755933849	132	14
51619	0	-0.0127128519888234	0	7	0.858118413743027	-0.63452755933849	132	14
51621	0	0.0699955390897668	0	7	0.858118413743027	-0.63452755933849	132	14
51626	0	-0.179965054035126	0	7	0.858118413743027	-0.63452755933849	132	14
51634	0	0.411113845736539	0	7	0.858118413743027	-0.63452755933849	132	14
51635	0	0.207936634173218	0	7	0.858118413743027	-0.63452755933849	132	14
51637	0	0.141924218987594	0	7	0.858118413743027	-0.63452755933849	132	14
51642	4	0.525025185610215	0	7	0.858118413743027	-0.63452755933849	132	14
51643	1	0.296418778170046	0	7	0.858118413743027	-0.63452755933849	132	14
51646	1	0.429298297146345	0	7	0.858118413743027	-0.63452755933849	132	14
51647	4	0.761906642351323	0	7	0.858118413743027	-0.63452755933849	132	14
51650	4	0.688445766102963	0	7	0.858118413743027	-0.63452755933849	132	14
51651	3	-0.242193786078646	0	7	0.858118413743027	-0.63452755933849	132	14
51654	3	-0.171571986432469	0	7	0.858118413743027	-0.63452755933849	132	14
51657	0	0.120880504109584	0	7	0.858118413743027	-0.63452755933849	132	14
51659	2	0.0497132510373932	0	7	0.858118413743027	-0.63452755933849	132	14
51660	3	0.400442606698146	0	7	0.858118413743027	-0.63452755933849	132	14
51663	1	0.448732358985888	0	7	0.858118413743027	-0.63452755933849	132	14
51665	1	0.233852190578136	0	7	0.858118413743027	-0.63452755933849	132	14
51668	7	0.397448773919694	1	7	0.858118413743027	-0.63452755933849	132	14
51669	1	0.342495139587247	0	7	0.858118413743027	-0.63452755933849	132	14
51673	1	0.589096155532096	0	7	0.858118413743027	-0.63452755933849	132	14
51686	0	0.228040232888811	0	7	0.858118413743027	-0.63452755933849	132	14
51690	13	0.461441444351627	0	7	0.858118413743027	-0.63452755933849	132	14
51691	0	0.177533132990546	0	7	0.858118413743027	-0.63452755933849	132	14
51693	4	0.636429745171399	0	7	0.858118413743027	-0.63452755933849	132	14
51696	1	0.149669265445638	0	7	0.858118413743027	-0.63452755933849	132	14
51700	1	0.504042154774384	0	7	0.858118413743027	-0.63452755933849	132	14
51701	1	0.42734241950357	0	7	0.858118413743027	-0.63452755933849	132	14
51703	9	0.0522237739041495	0	7	0.858118413743027	-0.63452755933849	132	14
51704	0	0.422820772233386	0	7	0.858118413743027	-0.63452755933849	132	14
51705	9	0.227556255035531	0	7	0.858118413743027	-0.63452755933849	132	14
51706	1	0.373696265724676	0	7	0.858118413743027	-0.63452755933849	132	14
51714	0	0.0996568857502883	0	7	0.858118413743027	-0.63452755933849	132	14
51715	2	-0.274414168063929	0	7	0.858118413743027	-0.63452755933849	132	14
51719	0	-0.18853946873181	0	7	0.858118413743027	-0.63452755933849	132	14
51720	4	-0.378009839914635	0	7	0.858118413743027	-0.63452755933849	132	14
51725	0	-0.141150998713642	0	7	0.858118413743027	-0.63452755933849	132	14
51727	3	0.242491401306098	0	7	0.858118413743027	-0.63452755933849	132	14
51728	4	0.549623648856629	0	7	0.858118413743027	-0.63452755933849	132	14
51729	4	0.15173933924392	0	7	0.858118413743027	-0.63452755933849	132	14
51733	3	0.308846963668465	0	7	0.858118413743027	-0.63452755933849	132	14
51734	3	0.400112342970344	0	7	0.858118413743027	-0.63452755933849	132	14
51735	3	-0.255072159366776	0	7	0.858118413743027	-0.63452755933849	132	14
51741	2	0.461195691138891	0	7	0.858118413743027	-0.63452755933849	132	14
51742	3	-0.200567400923291	0	7	0.858118413743027	-0.63452755933849	132	14
51744	2	-0.0535673582330949	0	7	0.858118413743027	-0.63452755933849	132	14
51747	6	-0.338220327959685	0	7	0.858118413743027	-0.63452755933849	132	14
51752	0	0.0437843308495623	0	7	0.858118413743027	-0.63452755933849	132	14
51754	1	0.451427831595042	0	7	0.858118413743027	-0.63452755933849	132	14
51755	0	-0.281295277529295	0	7	0.858118413743027	-0.63452755933849	132	14
51759	3	0.369010121107691	0	7	0.858118413743027	-0.63452755933849	132	14
51760	2	0.165092745489157	0	7	0.858118413743027	-0.63452755933849	132	14
51761	1	0.0665427813652096	0	7	0.858118413743027	-0.63452755933849	132	14
51762	10	0.463651705870275	0	7	0.858118413743027	-0.63452755933849	132	14
51763	9	0.000671652713831595	0	7	0.858118413743027	-0.63452755933849	132	14
51765	0	0.0180483039488364	0	7	0.858118413743027	-0.63452755933849	132	14
51768	3	0.230033053699512	0	7	0.858118413743027	-0.63452755933849	132	14
51773	0	-0.0515779377811155	0	7	0.858118413743027	-0.63452755933849	132	14
51776	1	0.358711090513113	0	7	0.858118413743027	-0.63452755933849	132	14
51778	0	-0.0310281043719817	0	7	0.858118413743027	-0.63452755933849	132	14
51780	1	0.194500312707202	0	7	0.858118413743027	-0.63452755933849	132	14
51805	3	0.29193928810403	0	7	0.858118413743027	-0.63452755933849	132	14
51807	0	0.150262717274	0	7	0.858118413743027	-0.63452755933849	132	14
51809	2	-0.300388537784949	0	7	0.858118413743027	-0.63452755933849	132	14
51816	3	-0.245235557318658	0	7	0.858118413743027	-0.63452755933849	132	14
53335	2	-0.149740552943792	0	7	0.858118413743027	-0.63452755933849	132	14
53339	1	0.0220256271685255	0	7	0.858118413743027	-0.63452755933849	132	14
53340	4	0.376278635637414	0	7	0.858118413743027	-0.63452755933849	132	14
53343	1	0.200578160064732	0	7	0.858118413743027	-0.63452755933849	132	14
53346	2	-0.550634241141119	0	7	0.858118413743027	-0.63452755933849	132	14
53347	2	-0.362018572606387	0	7	0.858118413743027	-0.63452755933849	132	14
53353	0	0.216566816280178	0	7	0.858118413743027	-0.63452755933849	132	14
53358	0	0.158244210123467	0	7	0.858118413743027	-0.63452755933849	132	14
53371	0	-0.376968162172691	0	7	0.858118413743027	-0.63452755933849	132	14
53373	2	0.191007048050441	0	7	0.858118413743027	-0.63452755933849	132	14
53405	1	0.308709225815797	0	7	0.858118413743027	-0.63452755933849	132	14
53407	0	0.00495823079213115	0	7	0.858118413743027	-0.63452755933849	132	14
53615	0	0.0298360108682861	0	7	0.858118413743027	-0.63452755933849	132	14
53616	2	-0.261214899905614	0	7	0.858118413743027	-0.63452755933849	132	14
53630	3	0.230260835931984	0	7	0.858118413743027	-0.63452755933849	132	14
53637	0	-0.00569907337966438	0	7	0.858118413743027	-0.63452755933849	132	14
53827	2	-0.0758746232610043	0	7	0.858118413743027	-0.63452755933849	132	14
53829	2	-0.0728677221971851	0	7	0.858118413743027	-0.63452755933849	132	14
53832	3	-0.0949678836466558	0	7	0.858118413743027	-0.63452755933849	132	14
53838	2	-0.0790196657608837	0	7	0.858118413743027	-0.63452755933849	132	14
53841	3	0.3831007998635	0	7	0.858118413743027	-0.63452755933849	132	14
53904	2	-0.0632895157655501	0	7	0.858118413743027	-0.63452755933849	132	14
53905	1	-0.330505945062374	0	7	0.858118413743027	-0.63452755933849	132	14
53942	3	-0.127635550365369	0	7	0.858118413743027	-0.63452755933849	132	14
53944	0	0.101701940636433	0	7	0.858118413743027	-0.63452755933849	132	14
53947	1	0.460129534965652	0	7	0.858118413743027	-0.63452755933849	132	14
54014	6	-0.273269996628714	0	7	0.858118413743027	-0.63452755933849	132	14
54020	2	-0.18361773820785	0	7	0.858118413743027	-0.63452755933849	132	14
54039	3	-0.0437422056404848	0	7	0.858118413743027	-0.63452755933849	132	14
54069	0	0.303859331469724	0	7	0.858118413743027	-0.63452755933849	132	14
54093	0	0.19609968889759	0	7	0.858118413743027	-0.63452755933849	132	14
54101	3	0.212631030768081	0	7	0.858118413743027	-0.63452755933849	132	14
54103	0	-0.250814673297072	0	7	0.858118413743027	-0.63452755933849	132	14
54107	4	0.100889514420242	0	7	0.858118413743027	-0.63452755933849	132	14
54112	0	0.174932046161371	0	7	0.858118413743027	-0.63452755933849	132	14
54148	3	0.175068688710865	0	7	0.858118413743027	-0.63452755933849	132	14
54149	0	0.0647976149444358	0	7	0.858118413743027	-0.63452755933849	132	14
54187	2	-0.138844182928469	0	7	0.858118413743027	-0.63452755933849	132	14
54205	3	0.216462322324014	0	7	0.858118413743027	-0.63452755933849	132	14
54207	3	0.346333183989264	0	7	0.858118413743027	-0.63452755933849	132	14
54209	2	-0.184499308925048	0	7	0.858118413743027	-0.63452755933849	132	14
54210	10	0.532641241493758	0	7	0.858118413743027	-0.63452755933849	132	14
54212	0	0.336863904238568	0	7	0.858118413743027	-0.63452755933849	132	14
54328	5	0.243037638064139	0	7	0.858118413743027	-0.63452755933849	132	14
54332	0	0.0620816375781203	0	7	0.858118413743027	-0.63452755933849	132	14
54344	0	0.321694338027953	0	7	0.858118413743027	-0.63452755933849	132	14
54345	0	-0.0220788324100141	0	7	0.858118413743027	-0.63452755933849	132	14
54361	2	-0.219644941627636	0	7	0.858118413743027	-0.63452755933849	132	14
54386	1	0.370545446546017	0	7	0.858118413743027	-0.63452755933849	132	14
54407	4	-0.388352658688354	0	7	0.858118413743027	-0.63452755933849	132	14
54413	1	0.339269337816371	0	7	0.858118413743027	-0.63452755933849	132	14
54431	1	0.152488415140565	0	7	0.858118413743027	-0.63452755933849	132	14
54432	0	-0.0582861265865773	0	7	0.858118413743027	-0.63452755933849	132	14
54433	0	0.251397898561159	0	7	0.858118413743027	-0.63452755933849	132	14
54434	2	-0.538869548959075	0	7	0.858118413743027	-0.63452755933849	132	14
54436	1	-0.389009527701206	0	7	0.858118413743027	-0.63452755933849	132	14
54438	11	-0.281177855650307	0	7	0.858118413743027	-0.63452755933849	132	14
54440	2	-0.259337286376394	0	7	0.858118413743027	-0.63452755933849	132	14
54442	0	-0.340604422392598	0	7	0.858118413743027	-0.63452755933849	132	14
54453	1	-0.0417937164774043	0	7	0.858118413743027	-0.63452755933849	132	14
54454	6	-0.595977455144425	0	7	0.858118413743027	-0.63452755933849	132	14
54455	3	-0.197187361580448	0	7	0.858118413743027	-0.63452755933849	132	14
54462	1	0.150385205210603	0	7	0.858118413743027	-0.63452755933849	132	14
54463	1	0.447324144522796	0	7	0.858118413743027	-0.63452755933849	132	14
54465	0	-0.0428053266108496	0	7	0.858118413743027	-0.63452755933849	132	14
54468	0	-0.195875747756477	0	7	0.858118413743027	-0.63452755933849	132	14
54471	3	0.20489408350884	0	7	0.858118413743027	-0.63452755933849	132	14
54472	4	0.512504151219704	0	7	0.858118413743027	-0.63452755933849	132	14
54475	0	-0.129949941937134	0	7	0.858118413743027	-0.63452755933849	132	14
54476	0	-0.101946351316645	0	7	0.858118413743027	-0.63452755933849	132	14
54477	2	0.529931714167929	0	7	0.858118413743027	-0.63452755933849	132	14
54482	6	-0.55724617907411	0	7	0.858118413743027	-0.63452755933849	132	14
54491	2	-0.242668956770764	0	7	0.858118413743027	-0.63452755933849	132	14
54494	2	0.576908514876832	0	7	0.858118413743027	-0.63452755933849	132	14
54496	0	-0.0751785706796746	0	7	0.858118413743027	-0.63452755933849	132	14
54498	0	0.178129818721891	0	7	0.858118413743027	-0.63452755933849	132	14
54499	0	0.236799843496471	0	7	0.858118413743027	-0.63452755933849	132	14
54502	3	0.113305317755118	0	7	0.858118413743027	-0.63452755933849	132	14
54503	0	-0.0706460361020857	0	7	0.858118413743027	-0.63452755933849	132	14
54504	2	-0.33909229499339	0	7	0.858118413743027	-0.63452755933849	132	14
54505	3	0.0745789505457632	0	7	0.858118413743027	-0.63452755933849	132	14
54509	2	0.123239480786801	0	7	0.858118413743027	-0.63452755933849	132	14
54512	4	0.526057334824327	0	7	0.858118413743027	-0.63452755933849	132	14
54517	1	-0.253721167560982	0	7	0.858118413743027	-0.63452755933849	132	14
54518	2	-0.108272347882801	0	7	0.858118413743027	-0.63452755933849	132	14
54520	0	-0.352180225468316	0	7	0.858118413743027	-0.63452755933849	132	14
54521	3	-0.0247516653076761	0	7	0.858118413743027	-0.63452755933849	132	14
54529	3	0.13959582899033	0	7	0.858118413743027	-0.63452755933849	132	14
54531	8	0.126073127201072	0	7	0.858118413743027	-0.63452755933849	132	14
54535	1	-0.465549447984966	0	7	0.858118413743027	-0.63452755933849	132	14
54538	2	0.39805161659286	0	7	0.858118413743027	-0.63452755933849	132	14
54539	4	0.654753755190844	0	7	0.858118413743027	-0.63452755933849	132	14
54540	6	-0.20531780726912	0	7	0.858118413743027	-0.63452755933849	132	14
54541	0	0.0892140312660615	0	7	0.858118413743027	-0.63452755933849	132	14
54542	1	-0.209155333576157	0	7	0.858118413743027	-0.63452755933849	132	14
54545	5	0.517755728875436	0	7	0.858118413743027	-0.63452755933849	132	14
54546	3	0.366152235563349	0	7	0.858118413743027	-0.63452755933849	132	14
54549	0	0.269326297989856	0	7	0.858118413743027	-0.63452755933849	132	14
54550	3	0.575857914020034	0	7	0.858118413743027	-0.63452755933849	132	14
54552	2	-0.344970253542214	0	7	0.858118413743027	-0.63452755933849	132	14
54554	1	0.359590578133355	0	7	0.858118413743027	-0.63452755933849	132	14
54555	0	0.248718361069483	0	7	0.858118413743027	-0.63452755933849	132	14
54556	0	0.20610462959012	0	7	0.858118413743027	-0.63452755933849	132	14
54558	1	0.474305202860687	0	7	0.858118413743027	-0.63452755933849	132	14
54566	12	0.00524909186525849	0	7	0.858118413743027	-0.63452755933849	132	14
54583	2	0.261382661959157	0	7	0.858118413743027	-0.63452755933849	132	14
54585	1	0.508827690079286	0	7	0.858118413743027	-0.63452755933849	132	14
54587	1	0.542800676863542	0	7	0.858118413743027	-0.63452755933849	132	14
54606	4	0.387069480501311	0	7	0.858118413743027	-0.63452755933849	132	14
54619	0	-0.211153014712071	0	7	0.858118413743027	-0.63452755933849	132	14
54622	0	0.141166419878923	0	7	0.858118413743027	-0.63452755933849	132	14
54623	1	0.424106673876873	0	7	0.858118413743027	-0.63452755933849	132	14
54626	0	0.200614433194124	0	7	0.858118413743027	-0.63452755933849	132	14
54662	3	0.383157222679032	0	7	0.858118413743027	-0.63452755933849	132	14
54664	1	0.407578438377752	0	7	0.858118413743027	-0.63452755933849	132	14
54665	1	0.110248352364	0	7	0.858118413743027	-0.63452755933849	132	14
54674	1	-0.243843014668374	0	7	0.858118413743027	-0.63452755933849	132	14
54676	3	-0.462775213729743	0	7	0.858118413743027	-0.63452755933849	132	14
54677	0	0.244819223105936	0	7	0.858118413743027	-0.63452755933849	132	14
54680	3	-0.340859557030484	0	7	0.858118413743027	-0.63452755933849	132	14
54681	4	0.43003242116367	0	7	0.858118413743027	-0.63452755933849	132	14
54682	1	0.384348372539531	0	7	0.858118413743027	-0.63452755933849	132	14
54700	0	-0.200967927199898	0	7	0.858118413743027	-0.63452755933849	132	14
54704	2	-0.309882261380777	0	7	0.858118413743027	-0.63452755933849	132	14
54707	4	0.412502380672505	0	7	0.858118413743027	-0.63452755933849	132	14
54708	0	0.134381618996084	0	7	0.858118413743027	-0.63452755933849	132	14
54715	0	0.0755344145694923	0	7	0.858118413743027	-0.63452755933849	132	14
54716	1	-0.25434736114698	0	7	0.858118413743027	-0.63452755933849	132	14
54726	0	-0.298013561914999	0	7	0.858118413743027	-0.63452755933849	132	14
54732	0	-0.0612263200801898	0	7	0.858118413743027	-0.63452755933849	132	14
54733	1	-0.201487121947499	0	7	0.858118413743027	-0.63452755933849	132	14
54737	0	-0.234440656790912	0	7	0.858118413743027	-0.63452755933849	132	14
54739	14	-0.349735780311937	0	7	0.858118413743027	-0.63452755933849	132	14
54758	0	0.0631979724191399	0	7	0.858118413743027	-0.63452755933849	132	14
54762	3	0.189046297727119	0	7	0.858118413743027	-0.63452755933849	132	14
54765	1	-0.0196712237901744	0	7	0.858118413743027	-0.63452755933849	132	14
54769	2	-0.113727288990687	0	7	0.858118413743027	-0.63452755933849	132	14
54777	0	0.0825293530513824	0	7	0.858118413743027	-0.63452755933849	132	14
54778	1	0.0862729322766697	0	7	0.858118413743027	-0.63452755933849	132	14
54780	1	-0.505236174102665	0	7	0.858118413743027	-0.63452755933849	132	14
54784	0	0.421479636137728	0	7	0.858118413743027	-0.63452755933849	132	14
54785	0	0.410520486184923	0	7	0.858118413743027	-0.63452755933849	132	14
54788	5	0.423932433672189	0	7	0.858118413743027	-0.63452755933849	132	14
54795	0	0.214597222249648	0	7	0.858118413743027	-0.63452755933849	132	14
54796	8	-0.181576942683741	0	7	0.858118413743027	-0.63452755933849	132	14
54798	2	-0.208531998598915	0	7	0.858118413743027	-0.63452755933849	132	14
54800	0	-0.0136727305005266	0	7	0.858118413743027	-0.63452755933849	132	14
54801	1	-0.22296646987038	0	7	0.858118413743027	-0.63452755933849	132	14
54802	0	0.036120540613702	0	7	0.858118413743027	-0.63452755933849	132	14
54805	3	0.422227019861029	0	7	0.858118413743027	-0.63452755933849	132	14
54806	0	0.123935435104075	0	7	0.858118413743027	-0.63452755933849	132	14
54807	6	-0.333755964471908	0	7	0.858118413743027	-0.63452755933849	132	14
54809	14	0.159154111323448	0	7	0.858118413743027	-0.63452755933849	132	14
54810	3	0.35617121452203	0	7	0.858118413743027	-0.63452755933849	132	14
54811	0	0.114790441185006	0	7	0.858118413743027	-0.63452755933849	132	14
54812	3	0.378944939774657	0	7	0.858118413743027	-0.63452755933849	132	14
54814	3	0.0634496859159054	0	7	0.858118413743027	-0.63452755933849	132	14
54815	2	-0.170246517946432	0	7	0.858118413743027	-0.63452755933849	132	14
54819	0	-0.103276290194011	0	7	0.858118413743027	-0.63452755933849	132	14
54821	1	-0.404162760162911	0	7	0.858118413743027	-0.63452755933849	132	14
54825	3	0.324108004844859	0	7	0.858118413743027	-0.63452755933849	132	14
54826	1	0.305484032385753	0	7	0.858118413743027	-0.63452755933849	132	14
54828	2	0.330487536580568	0	7	0.858118413743027	-0.63452755933849	132	14
54829	2	-0.480497683571229	0	7	0.858118413743027	-0.63452755933849	132	14
54830	3	0.203572162100644	0	7	0.858118413743027	-0.63452755933849	132	14
54832	3	-0.187204546093384	0	7	0.858118413743027	-0.63452755933849	132	14
54834	0	0.113835802138587	0	7	0.858118413743027	-0.63452755933849	132	14
54836	12	0.379943679152501	0	7	0.858118413743027	-0.63452755933849	132	14
54838	1	-0.119645956700289	0	7	0.858118413743027	-0.63452755933849	132	14
54839	3	0.0637278092696169	0	7	0.858118413743027	-0.63452755933849	132	14
54840	0	0.0948839347329399	0	7	0.858118413743027	-0.63452755933849	132	14
54842	1	-0.0241478198430872	0	7	0.858118413743027	-0.63452755933849	132	14
54843	2	-0.274475836654052	0	7	0.858118413743027	-0.63452755933849	132	14
54845	12	0.251175824611761	0	7	0.858118413743027	-0.63452755933849	132	14
54847	2	-0.455703428703481	0	7	0.858118413743027	-0.63452755933849	132	14
54848	1	-0.0528645011164199	0	7	0.858118413743027	-0.63452755933849	132	14
54849	4	0.643937748288598	0	7	0.858118413743027	-0.63452755933849	132	14
54850	1	0.25050341190845	0	7	0.858118413743027	-0.63452755933849	132	14
54851	0	-0.0618962717199131	0	7	0.858118413743027	-0.63452755933849	132	14
54852	3	0.394526520682755	0	7	0.858118413743027	-0.63452755933849	132	14
54853	1	-0.246593677650195	0	7	0.858118413743027	-0.63452755933849	132	14
54855	3	0.382302090431825	0	7	0.858118413743027	-0.63452755933849	132	14
54857	1	-0.202245678907542	0	7	0.858118413743027	-0.63452755933849	132	14
54858	3	0.291671999596419	0	7	0.858118413743027	-0.63452755933849	132	14
54861	0	-0.0814887643209648	0	7	0.858118413743027	-0.63452755933849	132	14
54862	0	0.0314446256614686	0	7	0.858118413743027	-0.63452755933849	132	14
54863	2	-0.159244498605415	0	7	0.858118413743027	-0.63452755933849	132	14
54866	3	0.359588412110295	0	7	0.858118413743027	-0.63452755933849	132	14
54867	0	0.0252242073384707	0	7	0.858118413743027	-0.63452755933849	132	14
54868	0	0.222135901743268	0	7	0.858118413743027	-0.63452755933849	132	14
54869	2	-0.138382110404553	0	7	0.858118413743027	-0.63452755933849	132	14
54870	0	0.047472667186944	0	7	0.858118413743027	-0.63452755933849	132	14
54872	0	-0.297945093594482	0	7	0.858118413743027	-0.63452755933849	132	14
54874	1	0.378333864362526	0	7	0.858118413743027	-0.63452755933849	132	14
54875	0	-0.00789606698835675	0	7	0.858118413743027	-0.63452755933849	132	14
54876	1	0.349457008961386	0	7	0.858118413743027	-0.63452755933849	132	14
54877	14	-0.132441222674497	0	7	0.858118413743027	-0.63452755933849	132	14
54878	1	-0.019115189286385	0	7	0.858118413743027	-0.63452755933849	132	14
54879	3	-0.0884777206217808	0	7	0.858118413743027	-0.63452755933849	132	14
54880	11	-0.160436407921562	0	7	0.858118413743027	-0.63452755933849	132	14
54881	2	-0.116602161277933	0	7	0.858118413743027	-0.63452755933849	132	14
54883	0	-0.0299377196529248	0	7	0.858118413743027	-0.63452755933849	132	14
54884	3	0.157385641189217	0	7	0.858118413743027	-0.63452755933849	132	14
54885	0	-0.053805245184357	0	7	0.858118413743027	-0.63452755933849	132	14
54886	3	0.410781522282457	0	7	0.858118413743027	-0.63452755933849	132	14
54891	2	-0.141188295362363	0	7	0.858118413743027	-0.63452755933849	132	14
54892	3	-0.401516257762621	0	7	0.858118413743027	-0.63452755933849	132	14
54894	1	0.0921169658405848	0	7	0.858118413743027	-0.63452755933849	132	14
54896	7	0.550893590874436	1	7	0.858118413743027	-0.63452755933849	132	14
54897	5	0.261164901242431	0	7	0.858118413743027	-0.63452755933849	132	14
54900	2	-0.357036913130528	0	7	0.858118413743027	-0.63452755933849	132	14
54901	6	-0.328276597255749	0	7	0.858118413743027	-0.63452755933849	132	14
54902	0	-0.457290535119782	0	7	0.858118413743027	-0.63452755933849	132	14
54903	3	0.529631064846339	0	7	0.858118413743027	-0.63452755933849	132	14
54904	3	0.121974563744858	0	7	0.858118413743027	-0.63452755933849	132	14
54905	0	-0.0848327866739402	0	7	0.858118413743027	-0.63452755933849	132	14
54906	6	-0.460337074205896	0	7	0.858118413743027	-0.63452755933849	132	14
54908	2	-0.387844697350334	0	7	0.858118413743027	-0.63452755933849	132	14
54910	3	-0.125871091998592	0	7	0.858118413743027	-0.63452755933849	132	14
54913	1	-0.166363503271732	0	7	0.858118413743027	-0.63452755933849	132	14
54914	0	-0.0711812469728496	0	7	0.858118413743027	-0.63452755933849	132	14
54915	0	0.0854343399828316	0	7	0.858118413743027	-0.63452755933849	132	14
54916	0	-0.132749355868418	0	7	0.858118413743027	-0.63452755933849	132	14
54918	0	0.244775273879878	0	7	0.858118413743027	-0.63452755933849	132	14
54919	0	-0.0855504778164154	0	7	0.858118413743027	-0.63452755933849	132	14
54920	0	0.278970408517493	0	7	0.858118413743027	-0.63452755933849	132	14
54922	11	-0.237680328116186	0	7	0.858118413743027	-0.63452755933849	132	14
54923	3	0.325695001508284	0	7	0.858118413743027	-0.63452755933849	132	14
54925	0	-0.088237216712819	0	7	0.858118413743027	-0.63452755933849	132	14
54927	3	0.386736737446022	0	7	0.858118413743027	-0.63452755933849	132	14
54928	1	0.112869287913251	0	7	0.858118413743027	-0.63452755933849	132	14
54929	4	0.4532955396257	0	7	0.858118413743027	-0.63452755933849	132	14
54932	0	0.275219954649756	0	7	0.858118413743027	-0.63452755933849	132	14
54934	0	-0.0121896676990342	0	7	0.858118413743027	-0.63452755933849	132	14
54938	4	0.522730714613854	0	7	0.858118413743027	-0.63452755933849	132	14
54939	4	0.671067967395149	0	7	0.858118413743027	-0.63452755933849	132	14
54941	2	-0.320293650643802	0	7	0.858118413743027	-0.63452755933849	132	14
54942	2	0.387191734488163	0	7	0.858118413743027	-0.63452755933849	132	14
54943	3	0.438084776410149	0	7	0.858118413743027	-0.63452755933849	132	14
54946	2	-0.185111360240649	0	7	0.858118413743027	-0.63452755933849	132	14
54948	1	0.513731712324392	0	7	0.858118413743027	-0.63452755933849	132	14
54951	3	0.433052082438279	0	7	0.858118413743027	-0.63452755933849	132	14
54952	1	-0.188416853710529	0	7	0.858118413743027	-0.63452755933849	132	14
54953	1	0.116673654492946	0	7	0.858118413743027	-0.63452755933849	132	14
54954	1	0.31832077357423	0	7	0.858118413743027	-0.63452755933849	132	14
54955	1	-0.00897246536513842	0	7	0.858118413743027	-0.63452755933849	132	14
54956	7	0.491676356708117	1	7	0.858118413743027	-0.63452755933849	132	14
54957	1	-0.12325020936372	0	7	0.858118413743027	-0.63452755933849	132	14
54958	4	0.701536599160326	0	7	0.858118413743027	-0.63452755933849	132	14
54960	2	0.129478356362633	0	7	0.858118413743027	-0.63452755933849	132	14
54961	1	0.37875164804499	0	7	0.858118413743027	-0.63452755933849	132	14
54962	0	-0.0798369970456431	0	7	0.858118413743027	-0.63452755933849	132	14
54964	0	0.192927070894643	0	7	0.858118413743027	-0.63452755933849	132	14
54968	3	0.120900583901779	0	7	0.858118413743027	-0.63452755933849	132	14
54969	0	0.330917330794206	0	7	0.858118413743027	-0.63452755933849	132	14
54970	2	0.349101803496772	0	7	0.858118413743027	-0.63452755933849	132	14
54971	1	-0.050619887238906	0	7	0.858118413743027	-0.63452755933849	132	14
54972	3	-0.252077861305392	0	7	0.858118413743027	-0.63452755933849	132	14
54974	2	-0.130815233957512	0	7	0.858118413743027	-0.63452755933849	132	14
54976	1	-0.338716505634002	0	7	0.858118413743027	-0.63452755933849	132	14
54977	1	0.444649644959738	0	7	0.858118413743027	-0.63452755933849	132	14
54978	1	0.201175128560793	0	7	0.858118413743027	-0.63452755933849	132	14
54979	3	0.281042045217128	0	7	0.858118413743027	-0.63452755933849	132	14
54980	0	-0.0635160509755981	0	7	0.858118413743027	-0.63452755933849	132	14
54981	2	0.341114905304634	0	7	0.858118413743027	-0.63452755933849	132	14
54982	0	0.251337380294513	0	7	0.858118413743027	-0.63452755933849	132	14
54985	4	0.428582753893697	0	7	0.858118413743027	-0.63452755933849	132	14
54986	0	-0.0516617929907869	0	7	0.858118413743027	-0.63452755933849	132	14
54987	7	0.47115977894295	1	7	0.858118413743027	-0.63452755933849	132	14
54988	3	0.505041205870634	0	7	0.858118413743027	-0.63452755933849	132	14
54991	3	-0.0482881268822661	0	7	0.858118413743027	-0.63452755933849	132	14
54993	0	0.390263066920859	0	7	0.858118413743027	-0.63452755933849	132	14
54994	1	0.42910120281416	0	7	0.858118413743027	-0.63452755933849	132	14
54995	3	0.0868439714443437	0	7	0.858118413743027	-0.63452755933849	132	14
54996	3	0.29498006860009	0	7	0.858118413743027	-0.63452755933849	132	14
54997	2	-0.124861389019999	0	7	0.858118413743027	-0.63452755933849	132	14
54998	4	0.685367767910628	0	7	0.858118413743027	-0.63452755933849	132	14
55001	0	0.304811444700743	0	7	0.858118413743027	-0.63452755933849	132	14
55002	1	0.239676046420817	0	7	0.858118413743027	-0.63452755933849	132	14
55003	2	-0.27170893888493	0	7	0.858118413743027	-0.63452755933849	132	14
55005	3	0.272149555443353	0	7	0.858118413743027	-0.63452755933849	132	14
55006	0	-0.183159588089298	0	7	0.858118413743027	-0.63452755933849	132	14
55007	3	-0.323638535696358	0	7	0.858118413743027	-0.63452755933849	132	14
55008	14	-0.0562673427673885	0	7	0.858118413743027	-0.63452755933849	132	14
55009	4	0.433802106252387	0	7	0.858118413743027	-0.63452755933849	132	14
55011	4	0.619657267955404	0	7	0.858118413743027	-0.63452755933849	132	14
55012	0	-0.160441550056766	0	7	0.858118413743027	-0.63452755933849	132	14
55013	2	0.00199810868250444	0	7	0.858118413743027	-0.63452755933849	132	14
55014	2	0.0821311051518228	0	7	0.858118413743027	-0.63452755933849	132	14
55015	6	-0.496416936432937	0	7	0.858118413743027	-0.63452755933849	132	14
55016	2	-0.528585443554536	0	7	0.858118413743027	-0.63452755933849	132	14
55020	3	0.341062878180734	0	7	0.858118413743027	-0.63452755933849	132	14
55022	2	-0.46531749362448	0	7	0.858118413743027	-0.63452755933849	132	14
55023	1	-0.180769411850418	0	7	0.858118413743027	-0.63452755933849	132	14
55024	1	0.162935380232101	0	7	0.858118413743027	-0.63452755933849	132	14
55026	2	-0.273939012004152	0	7	0.858118413743027	-0.63452755933849	132	14
55028	5	0.320955420371161	0	7	0.858118413743027	-0.63452755933849	132	14
55030	1	-0.584509301881217	0	7	0.858118413743027	-0.63452755933849	132	14
55031	1	0.321073485544278	0	7	0.858118413743027	-0.63452755933849	132	14
55032	1	0.247580812372653	0	7	0.858118413743027	-0.63452755933849	132	14
55033	1	0.212939005682411	0	7	0.858118413743027	-0.63452755933849	132	14
55034	2	-0.124400972862653	0	7	0.858118413743027	-0.63452755933849	132	14
55035	0	0.0678475657240352	0	7	0.858118413743027	-0.63452755933849	132	14
55036	1	-0.416246707578523	0	7	0.858118413743027	-0.63452755933849	132	14
55037	0	-0.407488184117624	0	7	0.858118413743027	-0.63452755933849	132	14
55038	0	-0.0992119774297094	0	7	0.858118413743027	-0.63452755933849	132	14
55039	0	-0.171470106764448	0	7	0.858118413743027	-0.63452755933849	132	14
55040	0	0.199235509995754	0	7	0.858118413743027	-0.63452755933849	132	14
55041	3	0.111038873028456	0	7	0.858118413743027	-0.63452755933849	132	14
55048	1	0.264334907070718	0	7	0.858118413743027	-0.63452755933849	132	14
55049	4	0.574526301697767	0	7	0.858118413743027	-0.63452755933849	132	14
55052	7	0.509181222482205	1	7	0.858118413743027	-0.63452755933849	132	14
55055	2	-0.302108778116319	0	7	0.858118413743027	-0.63452755933849	132	14
55057	1	-0.290812053129805	0	7	0.858118413743027	-0.63452755933849	132	14
55061	2	-0.00400259525350417	0	7	0.858118413743027	-0.63452755933849	132	14
55062	3	0.231968788092765	0	7	0.858118413743027	-0.63452755933849	132	14
55063	0	0.199110971750215	0	7	0.858118413743027	-0.63452755933849	132	14
55064	3	-0.254708037950855	0	7	0.858118413743027	-0.63452755933849	132	14
55066	0	0.121188187320138	0	7	0.858118413743027	-0.63452755933849	132	14
55068	1	-0.105735979346294	0	7	0.858118413743027	-0.63452755933849	132	14
55069	1	0.453440251398751	0	7	0.858118413743027	-0.63452755933849	132	14
55070	2	0.156013708458284	0	7	0.858118413743027	-0.63452755933849	132	14
55071	0	0.254393629152432	0	7	0.858118413743027	-0.63452755933849	132	14
55074	0	-0.275179486867208	0	7	0.858118413743027	-0.63452755933849	132	14
55076	1	0.0475674784749282	0	7	0.858118413743027	-0.63452755933849	132	14
55080	0	-0.0676968858093014	0	7	0.858118413743027	-0.63452755933849	132	14
55081	3	0.412068214252406	0	7	0.858118413743027	-0.63452755933849	132	14
55082	6	-0.431082095701125	0	7	0.858118413743027	-0.63452755933849	132	14
55083	2	-0.0881098680896155	0	7	0.858118413743027	-0.63452755933849	132	14
55084	1	0.346604197189053	0	7	0.858118413743027	-0.63452755933849	132	14
55086	0	0.409951559396625	0	7	0.858118413743027	-0.63452755933849	132	14
55089	0	0.0867225830731065	0	7	0.858118413743027	-0.63452755933849	132	14
55090	4	0.514698898301601	0	7	0.858118413743027	-0.63452755933849	132	14
55092	3	0.164390116416036	0	7	0.858118413743027	-0.63452755933849	132	14
55093	0	0.0669405952361511	0	7	0.858118413743027	-0.63452755933849	132	14
55094	0	0.133591397964805	0	7	0.858118413743027	-0.63452755933849	132	14
55095	2	-0.022567914285223	0	7	0.858118413743027	-0.63452755933849	132	14
55096	1	-0.376687187257966	0	7	0.858118413743027	-0.63452755933849	132	14
55100	1	-0.415075142834055	0	7	0.858118413743027	-0.63452755933849	132	14
55101	3	0.39247786594626	0	7	0.858118413743027	-0.63452755933849	132	14
55102	0	-0.335810098129383	0	7	0.858118413743027	-0.63452755933849	132	14
55105	0	-0.334544581073289	0	7	0.858118413743027	-0.63452755933849	132	14
55106	11	-0.331072847915398	0	7	0.858118413743027	-0.63452755933849	132	14
55107	2	-0.400868180057519	0	7	0.858118413743027	-0.63452755933849	132	14
55108	1	0.281778133394217	0	7	0.858118413743027	-0.63452755933849	132	14
55109	1	0.164690520595369	0	7	0.858118413743027	-0.63452755933849	132	14
55110	0	0.266421103913512	0	7	0.858118413743027	-0.63452755933849	132	14
55112	0	-0.0401615126189778	0	7	0.858118413743027	-0.63452755933849	132	14
55114	0	-0.308638034914799	0	7	0.858118413743027	-0.63452755933849	132	14
55116	1	0.273213807788773	0	7	0.858118413743027	-0.63452755933849	132	14
55118	2	-0.171621614821013	0	7	0.858118413743027	-0.63452755933849	132	14
55119	4	-0.551042468022445	0	7	0.858118413743027	-0.63452755933849	132	14
55120	1	0.160018746685971	0	7	0.858118413743027	-0.63452755933849	132	14
55124	0	-0.0177409402691798	0	7	0.858118413743027	-0.63452755933849	132	14
55125	4	-0.329164899202377	0	7	0.858118413743027	-0.63452755933849	132	14
55127	0	-0.158999201741571	0	7	0.858118413743027	-0.63452755933849	132	14
55128	1	0.0812985264273233	0	7	0.858118413743027	-0.63452755933849	132	14
55129	0	0.140125554433219	0	7	0.858118413743027	-0.63452755933849	132	14
55131	0	-0.045104034355661	0	7	0.858118413743027	-0.63452755933849	132	14
55133	0	0.188156782352238	0	7	0.858118413743027	-0.63452755933849	132	14
55135	0	0.0717343410473421	0	7	0.858118413743027	-0.63452755933849	132	14
55138	1	-0.199894543325918	0	7	0.858118413743027	-0.63452755933849	132	14
55139	1	-0.218589197519188	0	7	0.858118413743027	-0.63452755933849	132	14
55140	0	0.0936428089094703	0	7	0.858118413743027	-0.63452755933849	132	14
55142	0	0.373760461396777	0	7	0.858118413743027	-0.63452755933849	132	14
55143	2	0.095986706620825	0	7	0.858118413743027	-0.63452755933849	132	14
55144	3	0.178093756030286	0	7	0.858118413743027	-0.63452755933849	132	14
55145	1	0.224863827168319	0	7	0.858118413743027	-0.63452755933849	132	14
55146	1	0.354596753099541	0	7	0.858118413743027	-0.63452755933849	132	14
55147	1	0.366578782833804	0	7	0.858118413743027	-0.63452755933849	132	14
55148	0	-0.111791894533945	0	7	0.858118413743027	-0.63452755933849	132	14
55151	1	0.291016566493925	0	7	0.858118413743027	-0.63452755933849	132	14
55152	3	0.369841223633501	0	7	0.858118413743027	-0.63452755933849	132	14
55153	0	-0.0156317460524878	0	7	0.858118413743027	-0.63452755933849	132	14
55156	1	0.318980135388861	0	7	0.858118413743027	-0.63452755933849	132	14
55157	3	0.563661254778998	0	7	0.858118413743027	-0.63452755933849	132	14
55159	0	-0.17800346820221	0	7	0.858118413743027	-0.63452755933849	132	14
55160	3	0.0550536057384115	0	7	0.858118413743027	-0.63452755933849	132	14
55161	0	0.30317232180164	0	7	0.858118413743027	-0.63452755933849	132	14
55163	3	0.329997793242716	0	7	0.858118413743027	-0.63452755933849	132	14
55164	1	0.41261473980686	0	7	0.858118413743027	-0.63452755933849	132	14
55167	0	-0.123974652089625	0	7	0.858118413743027	-0.63452755933849	132	14
55168	4	0.611503923635086	0	7	0.858118413743027	-0.63452755933849	132	14
55171	0	0.194056918491574	0	7	0.858118413743027	-0.63452755933849	132	14
55172	3	0.0920794368529388	0	7	0.858118413743027	-0.63452755933849	132	14
55175	5	0.421846674920964	0	7	0.858118413743027	-0.63452755933849	132	14
55176	6	-0.357351715232986	0	7	0.858118413743027	-0.63452755933849	132	14
55177	1	0.224140861151106	0	7	0.858118413743027	-0.63452755933849	132	14
55178	3	0.229628079676929	0	7	0.858118413743027	-0.63452755933849	132	14
55179	2	-0.0638088381112533	0	7	0.858118413743027	-0.63452755933849	132	14
55180	6	-0.232547222394862	0	7	0.858118413743027	-0.63452755933849	132	14
55181	1	0.116790690535274	0	7	0.858118413743027	-0.63452755933849	132	14
55182	1	0.606631231207902	0	7	0.858118413743027	-0.63452755933849	132	14
55183	3	-0.401805452723062	0	7	0.858118413743027	-0.63452755933849	132	14
55184	0	-0.0831671742800878	0	7	0.858118413743027	-0.63452755933849	132	14
55186	0	-0.158755101195736	0	7	0.858118413743027	-0.63452755933849	132	14
55187	4	-0.383571277470822	0	7	0.858118413743027	-0.63452755933849	132	14
55188	0	0.0951537867449398	0	7	0.858118413743027	-0.63452755933849	132	14
55191	4	0.340657151996519	0	7	0.858118413743027	-0.63452755933849	132	14
55192	2	-0.0775290392432864	0	7	0.858118413743027	-0.63452755933849	132	14
55193	1	-0.358681108024349	0	7	0.858118413743027	-0.63452755933849	132	14
55194	4	0.4991467649159	0	7	0.858118413743027	-0.63452755933849	132	14
55195	8	-0.184407337178943	0	7	0.858118413743027	-0.63452755933849	132	14
55196	0	0.0574113898391698	0	7	0.858118413743027	-0.63452755933849	132	14
55197	1	0.0860847492366889	0	7	0.858118413743027	-0.63452755933849	132	14
55198	0	-0.160722718771829	0	7	0.858118413743027	-0.63452755933849	132	14
55200	0	-0.220296240671058	0	7	0.858118413743027	-0.63452755933849	132	14
55201	0	0.0311009512911877	0	7	0.858118413743027	-0.63452755933849	132	14
55203	2	0.0342600485605217	0	7	0.858118413743027	-0.63452755933849	132	14
55204	1	0.403687769593137	0	7	0.858118413743027	-0.63452755933849	132	14
55206	2	-0.305617961509249	0	7	0.858118413743027	-0.63452755933849	132	14
55207	1	0.560913128815239	0	7	0.858118413743027	-0.63452755933849	132	14
55208	2	-0.142593787279108	0	7	0.858118413743027	-0.63452755933849	132	14
55209	7	-0.723702076107761	1	7	0.858118413743027	-0.63452755933849	132	14
55212	1	-0.0101324612001675	0	7	0.858118413743027	-0.63452755933849	132	14
55213	2	-0.0426079472492176	0	7	0.858118413743027	-0.63452755933849	132	14
55214	1	0.332157611323285	0	7	0.858118413743027	-0.63452755933849	132	14
55215	2	-0.263671205232034	0	7	0.858118413743027	-0.63452755933849	132	14
55216	0	0.513135238416432	0	7	0.858118413743027	-0.63452755933849	132	14
55218	0	0.0711820021960551	0	7	0.858118413743027	-0.63452755933849	132	14
55219	0	0.0526846166170907	0	7	0.858118413743027	-0.63452755933849	132	14
55220	1	0.00752028869401772	0	7	0.858118413743027	-0.63452755933849	132	14
55222	0	0.0623015772705764	0	7	0.858118413743027	-0.63452755933849	132	14
55223	3	0.0730964311867842	0	7	0.858118413743027	-0.63452755933849	132	14
55224	3	0.391702124817565	0	7	0.858118413743027	-0.63452755933849	132	14
55226	0	0.0337162499254999	0	7	0.858118413743027	-0.63452755933849	132	14
55227	2	0.372148975890981	0	7	0.858118413743027	-0.63452755933849	132	14
55228	0	0.09198437170737	0	7	0.858118413743027	-0.63452755933849	132	14
55229	4	0.168859319811717	0	7	0.858118413743027	-0.63452755933849	132	14
55231	0	0.214338336626712	0	7	0.858118413743027	-0.63452755933849	132	14
55233	0	0.440707977519125	0	7	0.858118413743027	-0.63452755933849	132	14
55234	1	0.432223000543997	0	7	0.858118413743027	-0.63452755933849	132	14
55236	3	-0.099714737953142	0	7	0.858118413743027	-0.63452755933849	132	14
55238	0	0.21521060554125	0	7	0.858118413743027	-0.63452755933849	132	14
55239	0	-0.00265978729186267	0	7	0.858118413743027	-0.63452755933849	132	14
55240	0	-0.00259429156360978	0	7	0.858118413743027	-0.63452755933849	132	14
55243	1	0.384642297025442	0	7	0.858118413743027	-0.63452755933849	132	14
55244	3	0.311196152726969	0	7	0.858118413743027	-0.63452755933849	132	14
55245	0	-0.0420056502488243	0	7	0.858118413743027	-0.63452755933849	132	14
55246	1	0.0933057869076341	0	7	0.858118413743027	-0.63452755933849	132	14
55249	0	0.0692565107723733	0	7	0.858118413743027	-0.63452755933849	132	14
55251	1	0.322806410156326	0	7	0.858118413743027	-0.63452755933849	132	14
55252	0	-0.169056629997107	0	7	0.858118413743027	-0.63452755933849	132	14
55253	7	-0.60340667799615	1	7	0.858118413743027	-0.63452755933849	132	14
55254	3	-0.174694248615099	0	7	0.858118413743027	-0.63452755933849	132	14
55255	3	-0.182021314654631	0	7	0.858118413743027	-0.63452755933849	132	14
55256	3	0.541995366162059	0	7	0.858118413743027	-0.63452755933849	132	14
55257	4	0.470814265972848	0	7	0.858118413743027	-0.63452755933849	132	14
55258	3	0.358142424913213	0	7	0.858118413743027	-0.63452755933849	132	14
55259	2	0.194864498559159	0	7	0.858118413743027	-0.63452755933849	132	14
55268	3	-0.00400508986917291	0	7	0.858118413743027	-0.63452755933849	132	14
55269	4	-0.351571079481721	0	7	0.858118413743027	-0.63452755933849	132	14
55270	1	0.512656149689866	0	7	0.858118413743027	-0.63452755933849	132	14
55272	4	0.578542614759395	0	7	0.858118413743027	-0.63452755933849	132	14
55274	1	0.177091412972307	0	7	0.858118413743027	-0.63452755933849	132	14
55275	0	-0.0575886995021648	0	7	0.858118413743027	-0.63452755933849	132	14
55277	3	0.36752065764015	0	7	0.858118413743027	-0.63452755933849	132	14
55278	3	0.00336637375774037	0	7	0.858118413743027	-0.63452755933849	132	14
55279	0	-0.166566115246267	0	7	0.858118413743027	-0.63452755933849	132	14
55280	0	0.0165694085022375	0	7	0.858118413743027	-0.63452755933849	132	14
55281	3	0.275371177345605	0	7	0.858118413743027	-0.63452755933849	132	14
55282	0	0.0348108569744189	0	7	0.858118413743027	-0.63452755933849	132	14
55283	0	0.0638677830721113	0	7	0.858118413743027	-0.63452755933849	132	14
55284	0	0.0423850587168098	0	7	0.858118413743027	-0.63452755933849	132	14
55285	2	0.0409534728589066	0	7	0.858118413743027	-0.63452755933849	132	14
55286	8	-0.16645744417246	0	7	0.858118413743027	-0.63452755933849	132	14
55288	0	0.135700480035537	0	7	0.858118413743027	-0.63452755933849	132	14
55290	0	-0.124760562132029	0	7	0.858118413743027	-0.63452755933849	132	14
55291	0	-0.132322820932594	0	7	0.858118413743027	-0.63452755933849	132	14
55293	1	0.234242933175024	0	7	0.858118413743027	-0.63452755933849	132	14
55294	1	-0.0315617996902521	0	7	0.858118413743027	-0.63452755933849	132	14
55295	1	0.407781673585677	0	7	0.858118413743027	-0.63452755933849	132	14
55296	3	0.204737369261273	0	7	0.858118413743027	-0.63452755933849	132	14
55297	1	0.426712931446841	0	7	0.858118413743027	-0.63452755933849	132	14
55298	2	0.115966205752352	0	7	0.858118413743027	-0.63452755933849	132	14
55299	0	0.172066321660885	0	7	0.858118413743027	-0.63452755933849	132	14
55303	9	-0.0415598538407064	0	7	0.858118413743027	-0.63452755933849	132	14
55308	0	0.217015999078268	0	7	0.858118413743027	-0.63452755933849	132	14
55311	0	0.244656617027032	0	7	0.858118413743027	-0.63452755933849	132	14
55312	4	0.4621006080007	0	7	0.858118413743027	-0.63452755933849	132	14
55313	3	0.441938810130021	0	7	0.858118413743027	-0.63452755933849	132	14
55314	0	-0.0707139193765986	0	7	0.858118413743027	-0.63452755933849	132	14
55315	0	0.420349934348625	0	7	0.858118413743027	-0.63452755933849	132	14
55316	3	0.090025279769985	0	7	0.858118413743027	-0.63452755933849	132	14
55317	7	0.439447978059154	1	7	0.858118413743027	-0.63452755933849	132	14
55319	2	-0.256586127935807	0	7	0.858118413743027	-0.63452755933849	132	14
55320	3	-0.487337382384617	0	7	0.858118413743027	-0.63452755933849	132	14
55321	3	-0.304180672190062	0	7	0.858118413743027	-0.63452755933849	132	14
55322	1	0.2965487083621	0	7	0.858118413743027	-0.63452755933849	132	14
55323	0	0.0328275991479153	0	7	0.858118413743027	-0.63452755933849	132	14
55324	3	0.254759658046972	0	7	0.858118413743027	-0.63452755933849	132	14
55325	1	0.374653070317853	0	7	0.858118413743027	-0.63452755933849	132	14
55326	8	-0.0701318946148095	0	7	0.858118413743027	-0.63452755933849	132	14
55327	1	0.111634861767538	0	7	0.858118413743027	-0.63452755933849	132	14
55328	3	0.450574583862551	0	7	0.858118413743027	-0.63452755933849	132	14
55329	2	-0.130823462123036	0	7	0.858118413743027	-0.63452755933849	132	14
55332	2	-0.245968978218527	0	7	0.858118413743027	-0.63452755933849	132	14
55334	5	0.513533214777091	0	7	0.858118413743027	-0.63452755933849	132	14
55335	9	0.157979377540422	0	7	0.858118413743027	-0.63452755933849	132	14
55336	0	0.230186998181962	0	7	0.858118413743027	-0.63452755933849	132	14
55337	3	-0.213921313443928	0	7	0.858118413743027	-0.63452755933849	132	14
55341	0	-0.29788337957242	0	7	0.858118413743027	-0.63452755933849	132	14
55343	3	-0.141530523918552	0	7	0.858118413743027	-0.63452755933849	132	14
55346	1	0.31280537758785	0	7	0.858118413743027	-0.63452755933849	132	14
55347	3	0.476723596880468	0	7	0.858118413743027	-0.63452755933849	132	14
55350	10	0.482294041398066	0	7	0.858118413743027	-0.63452755933849	132	14
55351	8	0.055818371388639	0	7	0.858118413743027	-0.63452755933849	132	14
55353	0	-0.195893690580961	0	7	0.858118413743027	-0.63452755933849	132	14
55355	2	-0.244149454108181	0	7	0.858118413743027	-0.63452755933849	132	14
55357	2	-0.0670779589736982	0	7	0.858118413743027	-0.63452755933849	132	14
55361	7	0.516058197881963	1	7	0.858118413743027	-0.63452755933849	132	14
55364	1	0.432513674251726	0	7	0.858118413743027	-0.63452755933849	132	14
55365	3	0.156836040858286	0	7	0.858118413743027	-0.63452755933849	132	14
55366	1	0.330326404155651	0	7	0.858118413743027	-0.63452755933849	132	14
55367	0	0.0189621044655764	0	7	0.858118413743027	-0.63452755933849	132	14
55374	0	0.0120346012402189	0	7	0.858118413743027	-0.63452755933849	132	14
55379	2	-0.184766643486717	0	7	0.858118413743027	-0.63452755933849	132	14
55421	4	-0.225131352376588	0	7	0.858118413743027	-0.63452755933849	132	14
55422	0	0.191765425443097	0	7	0.858118413743027	-0.63452755933849	132	14
55423	2	-0.181902972586361	0	7	0.858118413743027	-0.63452755933849	132	14
55432	0	0.190692129812907	0	7	0.858118413743027	-0.63452755933849	132	14
55435	3	0.22290828865809	0	7	0.858118413743027	-0.63452755933849	132	14
55450	8	0.196201328273789	0	7	0.858118413743027	-0.63452755933849	132	14
55454	3	-0.217561960597565	0	7	0.858118413743027	-0.63452755933849	132	14
55471	1	-0.532343846087848	0	7	0.858118413743027	-0.63452755933849	132	14
55486	4	0.346923559314994	0	7	0.858118413743027	-0.63452755933849	132	14
55500	0	-0.396083450727651	0	7	0.858118413743027	-0.63452755933849	132	14
55501	1	0.26641390513669	0	7	0.858118413743027	-0.63452755933849	132	14
55503	1	-0.0589014789215404	0	7	0.858118413743027	-0.63452755933849	132	14
55505	13	0.486268874773843	0	7	0.858118413743027	-0.63452755933849	132	14
55506	0	0.215523743657464	0	7	0.858118413743027	-0.63452755933849	132	14
55508	0	0.309729110523556	0	7	0.858118413743027	-0.63452755933849	132	14
55509	2	-0.19721743544729	0	7	0.858118413743027	-0.63452755933849	132	14
55510	0	-0.0453183360392867	0	7	0.858118413743027	-0.63452755933849	132	14
55512	0	-0.0330930998959605	0	7	0.858118413743027	-0.63452755933849	132	14
55520	1	0.184961503842065	0	7	0.858118413743027	-0.63452755933849	132	14
55526	3	0.33153980204757	0	7	0.858118413743027	-0.63452755933849	132	14
55540	3	0.131451224688595	0	7	0.858118413743027	-0.63452755933849	132	14
55544	4	0.374641572491955	0	7	0.858118413743027	-0.63452755933849	132	14
55556	3	0.163096117088599	0	7	0.858118413743027	-0.63452755933849	132	14
55558	1	0.283281456770675	0	7	0.858118413743027	-0.63452755933849	132	14
55565	0	0.0923130397679326	0	7	0.858118413743027	-0.63452755933849	132	14
55567	0	-0.054568476165572	0	7	0.858118413743027	-0.63452755933849	132	14
55568	2	-0.18609649262816	0	7	0.858118413743027	-0.63452755933849	132	14
55573	0	0.163497686122446	0	7	0.858118413743027	-0.63452755933849	132	14
55576	1	-0.156895946494523	0	7	0.858118413743027	-0.63452755933849	132	14
55577	1	-0.135703559927771	0	7	0.858118413743027	-0.63452755933849	132	14
55578	6	-0.38379548833094	0	7	0.858118413743027	-0.63452755933849	132	14
55585	1	0.218720244498717	0	7	0.858118413743027	-0.63452755933849	132	14
55589	2	-0.178952259472942	0	7	0.858118413743027	-0.63452755933849	132	14
55596	0	-0.0628955940987582	0	7	0.858118413743027	-0.63452755933849	132	14
55601	14	-0.0644922826355077	0	7	0.858118413743027	-0.63452755933849	132	14
55602	1	0.145634493366719	0	7	0.858118413743027	-0.63452755933849	132	14
55603	2	-0.175714346227537	0	7	0.858118413743027	-0.63452755933849	132	14
55604	2	-0.324677776245105	0	7	0.858118413743027	-0.63452755933849	132	14
55607	8	-0.152401346209871	0	7	0.858118413743027	-0.63452755933849	132	14
55608	6	-0.598356895317145	0	7	0.858118413743027	-0.63452755933849	132	14
55612	3	0.178990970064229	0	7	0.858118413743027	-0.63452755933849	132	14
55614	1	0.42083445445925	0	7	0.858118413743027	-0.63452755933849	132	14
55616	3	-0.0872169732985997	0	7	0.858118413743027	-0.63452755933849	132	14
55617	1	0.238770232755423	0	7	0.858118413743027	-0.63452755933849	132	14
55619	2	-0.465367151493783	0	7	0.858118413743027	-0.63452755933849	132	14
55620	8	0.179812347045563	0	7	0.858118413743027	-0.63452755933849	132	14
55621	0	0.313256862153793	0	7	0.858118413743027	-0.63452755933849	132	14
55622	3	-0.248726025034486	0	7	0.858118413743027	-0.63452755933849	132	14
55623	0	-0.0894788070583752	0	7	0.858118413743027	-0.63452755933849	132	14
55624	3	0.283562959324185	0	7	0.858118413743027	-0.63452755933849	132	14
55625	0	0.202639834041214	0	7	0.858118413743027	-0.63452755933849	132	14
55626	6	-0.134820650785811	0	7	0.858118413743027	-0.63452755933849	132	14
55628	4	-0.128974020753114	0	7	0.858118413743027	-0.63452755933849	132	14
55630	3	0.204953858637922	0	7	0.858118413743027	-0.63452755933849	132	14
55631	0	0.147277748082393	0	7	0.858118413743027	-0.63452755933849	132	14
55633	0	0.119848381012409	0	7	0.858118413743027	-0.63452755933849	132	14
55634	2	0.0861729067644777	0	7	0.858118413743027	-0.63452755933849	132	14
55636	1	0.20123527543152	0	7	0.858118413743027	-0.63452755933849	132	14
55638	0	0.0469891951683674	0	7	0.858118413743027	-0.63452755933849	132	14
55640	1	-0.283873961175391	0	7	0.858118413743027	-0.63452755933849	132	14
55643	4	0.240791493394188	0	7	0.858118413743027	-0.63452755933849	132	14
55644	1	-0.347752598503319	0	7	0.858118413743027	-0.63452755933849	132	14
55647	0	0.421409652685533	0	7	0.858118413743027	-0.63452755933849	132	14
55650	2	0.493377017922008	0	7	0.858118413743027	-0.63452755933849	132	14
55651	4	0.498222728873636	0	7	0.858118413743027	-0.63452755933849	132	14
55652	1	0.434292547083299	0	7	0.858118413743027	-0.63452755933849	132	14
55653	0	0.294784259574968	0	7	0.858118413743027	-0.63452755933849	132	14
55654	0	0.367449695078647	0	7	0.858118413743027	-0.63452755933849	132	14
55655	1	-0.0517574918610839	0	7	0.858118413743027	-0.63452755933849	132	14
55656	3	-0.359915370760568	0	7	0.858118413743027	-0.63452755933849	132	14
55657	1	-0.208602192939876	0	7	0.858118413743027	-0.63452755933849	132	14
55658	4	0.569621409573687	0	7	0.858118413743027	-0.63452755933849	132	14
55660	1	-0.0610693637316589	0	7	0.858118413743027	-0.63452755933849	132	14
55661	2	0.00926412040213948	0	7	0.858118413743027	-0.63452755933849	132	14
55662	0	0.271243093706913	0	7	0.858118413743027	-0.63452755933849	132	14
55663	0	0.1119265659639	0	7	0.858118413743027	-0.63452755933849	132	14
55664	3	0.0656214629451691	0	7	0.858118413743027	-0.63452755933849	132	14
55665	2	0.120189544357366	0	7	0.858118413743027	-0.63452755933849	132	14
55666	0	-0.262249963558002	0	7	0.858118413743027	-0.63452755933849	132	14
55667	1	-0.0387482348092169	0	7	0.858118413743027	-0.63452755933849	132	14
55668	6	-0.35084637780366	0	7	0.858118413743027	-0.63452755933849	132	14
55669	2	-0.518028568354554	0	7	0.858118413743027	-0.63452755933849	132	14
55670	0	0.477367728620757	0	7	0.858118413743027	-0.63452755933849	132	14
55671	1	-0.0881787074622167	0	7	0.858118413743027	-0.63452755933849	132	14
55679	1	0.274265180090591	0	7	0.858118413743027	-0.63452755933849	132	14
55681	0	-0.177777079123863	0	7	0.858118413743027	-0.63452755933849	132	14
55683	8	-0.120279193401254	0	7	0.858118413743027	-0.63452755933849	132	14
55684	0	-0.0204102183101903	0	7	0.858118413743027	-0.63452755933849	132	14
55686	2	-0.261084897383812	0	7	0.858118413743027	-0.63452755933849	132	14
55687	3	0.262623293727668	0	7	0.858118413743027	-0.63452755933849	132	14
55689	3	-0.267216100221534	0	7	0.858118413743027	-0.63452755933849	132	14
55690	2	0.220193506533888	0	7	0.858118413743027	-0.63452755933849	132	14
55691	3	-0.413325302869511	0	7	0.858118413743027	-0.63452755933849	132	14
55692	6	-0.357242138809696	0	7	0.858118413743027	-0.63452755933849	132	14
55693	0	0.220696274148027	0	7	0.858118413743027	-0.63452755933849	132	14
55695	4	0.233221282280411	0	7	0.858118413743027	-0.63452755933849	132	14
55696	1	0.234160384768231	0	7	0.858118413743027	-0.63452755933849	132	14
55697	0	0.337362287740191	0	7	0.858118413743027	-0.63452755933849	132	14
55699	3	0.17132392552149	0	7	0.858118413743027	-0.63452755933849	132	14
55700	0	-0.408791055744535	0	7	0.858118413743027	-0.63452755933849	132	14
55701	1	0.258524844836972	0	7	0.858118413743027	-0.63452755933849	132	14
55702	0	0.197001238288416	0	7	0.858118413743027	-0.63452755933849	132	14
55703	0	0.23751976741074	0	7	0.858118413743027	-0.63452755933849	132	14
55704	3	-0.497367602773551	0	7	0.858118413743027	-0.63452755933849	132	14
55705	3	-0.0849750476496506	0	7	0.858118413743027	-0.63452755933849	132	14
55706	0	0.332791716430986	0	7	0.858118413743027	-0.63452755933849	132	14
55707	0	0.10910668127389	0	7	0.858118413743027	-0.63452755933849	132	14
55709	0	-0.256591852205189	0	7	0.858118413743027	-0.63452755933849	132	14
55711	3	-0.187794448967033	0	7	0.858118413743027	-0.63452755933849	132	14
55713	0	0.0446275437194334	0	7	0.858118413743027	-0.63452755933849	132	14
55714	1	0.230743907810135	0	7	0.858118413743027	-0.63452755933849	132	14
55715	3	0.303595227657331	0	7	0.858118413743027	-0.63452755933849	132	14
55716	0	-0.105941485469287	0	7	0.858118413743027	-0.63452755933849	132	14
55717	0	-0.250781531706855	0	7	0.858118413743027	-0.63452755933849	132	14
55719	0	-0.082396134673979	0	7	0.858118413743027	-0.63452755933849	132	14
55720	0	-0.223573337941212	0	7	0.858118413743027	-0.63452755933849	132	14
55721	0	0.0143583167009544	0	7	0.858118413743027	-0.63452755933849	132	14
55722	0	0.017109512099704	0	7	0.858118413743027	-0.63452755933849	132	14
55723	2	-0.195957871881876	0	7	0.858118413743027	-0.63452755933849	132	14
55726	3	0.0737970778332493	0	7	0.858118413743027	-0.63452755933849	132	14
55727	0	-0.278530455906967	0	7	0.858118413743027	-0.63452755933849	132	14
55729	1	-0.247980186137809	0	7	0.858118413743027	-0.63452755933849	132	14
55731	0	-0.0791605059952021	0	7	0.858118413743027	-0.63452755933849	132	14
55732	6	-0.380475992468923	0	7	0.858118413743027	-0.63452755933849	132	14
55733	2	-0.089533351319268	0	7	0.858118413743027	-0.63452755933849	132	14
55734	0	0.0314238568514022	0	7	0.858118413743027	-0.63452755933849	132	14
55735	3	0.13533909093533	0	7	0.858118413743027	-0.63452755933849	132	14
55737	1	0.0883775876403052	0	7	0.858118413743027	-0.63452755933849	132	14
55738	0	0.0292856371057637	0	7	0.858118413743027	-0.63452755933849	132	14
55739	1	0.412436358656341	0	7	0.858118413743027	-0.63452755933849	132	14
55740	2	-0.552245213899615	0	7	0.858118413743027	-0.63452755933849	132	14
55741	0	0.145208111310218	0	7	0.858118413743027	-0.63452755933849	132	14
55742	5	0.385807084384885	0	7	0.858118413743027	-0.63452755933849	132	14
55743	3	-0.332627555538986	0	7	0.858118413743027	-0.63452755933849	132	14
55744	0	0.141373275791917	0	7	0.858118413743027	-0.63452755933849	132	14
55745	3	0.257019570244989	0	7	0.858118413743027	-0.63452755933849	132	14
55746	1	0.252108579054507	0	7	0.858118413743027	-0.63452755933849	132	14
55748	3	0.381157452435045	0	7	0.858118413743027	-0.63452755933849	132	14
55750	0	0.0948524732970323	0	7	0.858118413743027	-0.63452755933849	132	14
55751	0	0.29441218267702	0	7	0.858118413743027	-0.63452755933849	132	14
55752	1	0.348849235596866	0	7	0.858118413743027	-0.63452755933849	132	14
55753	3	0.305750499697129	0	7	0.858118413743027	-0.63452755933849	132	14
55754	1	0.229844389670026	0	7	0.858118413743027	-0.63452755933849	132	14
55755	1	0.146613375383323	0	7	0.858118413743027	-0.63452755933849	132	14
55756	4	0.238917227072524	0	7	0.858118413743027	-0.63452755933849	132	14
55757	1	0.120301904018175	0	7	0.858118413743027	-0.63452755933849	132	14
55758	0	-0.0612848061670578	0	7	0.858118413743027	-0.63452755933849	132	14
55759	3	0.291660517728149	0	7	0.858118413743027	-0.63452755933849	132	14
55760	0	-0.139450069758918	0	7	0.858118413743027	-0.63452755933849	132	14
55761	0	-0.118791914533751	0	7	0.858118413743027	-0.63452755933849	132	14
55762	6	-0.138192412072285	0	7	0.858118413743027	-0.63452755933849	132	14
55763	1	-0.103313842531145	0	7	0.858118413743027	-0.63452755933849	132	14
55764	0	0.156232333835003	0	7	0.858118413743027	-0.63452755933849	132	14
55768	0	0.250126864677212	0	7	0.858118413743027	-0.63452755933849	132	14
55769	6	-0.503644589021657	0	7	0.858118413743027	-0.63452755933849	132	14
55770	1	0.229900548385259	0	7	0.858118413743027	-0.63452755933849	132	14
55775	1	-0.165328437444714	0	7	0.858118413743027	-0.63452755933849	132	14
55776	0	0.206253786282332	0	7	0.858118413743027	-0.63452755933849	132	14
55778	2	0.0267910740142528	0	7	0.858118413743027	-0.63452755933849	132	14
55779	6	-0.292731227376589	0	7	0.858118413743027	-0.63452755933849	132	14
55781	1	-0.0574930103981002	0	7	0.858118413743027	-0.63452755933849	132	14
55784	1	0.0380855242285044	0	7	0.858118413743027	-0.63452755933849	132	14
55785	3	-0.392555627407131	0	7	0.858118413743027	-0.63452755933849	132	14
55786	1	0.124280617831207	0	7	0.858118413743027	-0.63452755933849	132	14
55787	0	0.106684811655952	0	7	0.858118413743027	-0.63452755933849	132	14
55788	1	0.341002558623826	0	7	0.858118413743027	-0.63452755933849	132	14
55790	2	-0.400729961963873	0	7	0.858118413743027	-0.63452755933849	132	14
55791	1	0.231349818725885	0	7	0.858118413743027	-0.63452755933849	132	14
55794	0	-0.0147971733573736	0	7	0.858118413743027	-0.63452755933849	132	14
55795	0	0.0971069996793275	0	7	0.858118413743027	-0.63452755933849	132	14
55796	1	0.499981930939347	0	7	0.858118413743027	-0.63452755933849	132	14
55799	1	-0.0961330051264278	0	7	0.858118413743027	-0.63452755933849	132	14
55800	0	0.244258840598149	0	7	0.858118413743027	-0.63452755933849	132	14
55802	1	0.00213893006346796	0	7	0.858118413743027	-0.63452755933849	132	14
55803	2	-0.220358817520569	0	7	0.858118413743027	-0.63452755933849	132	14
55805	3	-0.394695656674398	0	7	0.858118413743027	-0.63452755933849	132	14
55806	2	-0.316406592247284	0	7	0.858118413743027	-0.63452755933849	132	14
55810	1	0.289909363968922	0	7	0.858118413743027	-0.63452755933849	132	14
55811	0	0.00486312456278209	0	7	0.858118413743027	-0.63452755933849	132	14
55812	3	0.142842270112175	0	7	0.858118413743027	-0.63452755933849	132	14
55813	2	-0.372568549086203	0	7	0.858118413743027	-0.63452755933849	132	14
55815	1	-0.0652908847397751	0	7	0.858118413743027	-0.63452755933849	132	14
55816	2	-0.151402327469217	0	7	0.858118413743027	-0.63452755933849	132	14
55818	4	-0.544542773203717	0	7	0.858118413743027	-0.63452755933849	132	14
55819	2	-0.150529841704901	0	7	0.858118413743027	-0.63452755933849	132	14
55821	0	0.250952242988249	0	7	0.858118413743027	-0.63452755933849	132	14
55823	2	0.616943432664518	0	7	0.858118413743027	-0.63452755933849	132	14
55825	3	0.329757888256653	0	7	0.858118413743027	-0.63452755933849	132	14
55827	1	0.127831314187899	0	7	0.858118413743027	-0.63452755933849	132	14
55830	1	0.438078777202633	0	7	0.858118413743027	-0.63452755933849	132	14
55831	0	0.0566997565959665	0	7	0.858118413743027	-0.63452755933849	132	14
55832	1	0.244284755548849	0	7	0.858118413743027	-0.63452755933849	132	14
55833	1	0.529341269800191	0	7	0.858118413743027	-0.63452755933849	132	14
55835	3	0.00229022536990884	0	7	0.858118413743027	-0.63452755933849	132	14
55837	4	0.409510456417142	0	7	0.858118413743027	-0.63452755933849	132	14
55839	2	-0.00675602895868017	0	7	0.858118413743027	-0.63452755933849	132	14
55840	3	0.430715266373413	0	7	0.858118413743027	-0.63452755933849	132	14
55841	1	0.167200697992863	0	7	0.858118413743027	-0.63452755933849	132	14
55844	0	-0.134587988652297	0	7	0.858118413743027	-0.63452755933849	132	14
55847	3	0.494881447375411	0	7	0.858118413743027	-0.63452755933849	132	14
55848	0	0.0389766581325354	0	7	0.858118413743027	-0.63452755933849	132	14
55850	4	0.714742588572746	0	7	0.858118413743027	-0.63452755933849	132	14
55851	4	0.375970377396513	0	7	0.858118413743027	-0.63452755933849	132	14
55852	3	-0.145311623441112	0	7	0.858118413743027	-0.63452755933849	132	14
55854	0	0.299049458326576	0	7	0.858118413743027	-0.63452755933849	132	14
55856	3	0.603710979399815	0	7	0.858118413743027	-0.63452755933849	132	14
55857	0	-0.0934709841134168	0	7	0.858118413743027	-0.63452755933849	132	14
55858	2	-0.407609842613639	0	7	0.858118413743027	-0.63452755933849	132	14
55859	2	0.264160512242915	0	7	0.858118413743027	-0.63452755933849	132	14
55860	1	0.138341322530177	0	7	0.858118413743027	-0.63452755933849	132	14
55862	3	0.331076460546719	0	7	0.858118413743027	-0.63452755933849	132	14
55863	0	0.0276416037635166	0	7	0.858118413743027	-0.63452755933849	132	14
55867	3	0.303214674877769	0	7	0.858118413743027	-0.63452755933849	132	14
55876	6	-0.432529134867043	0	7	0.858118413743027	-0.63452755933849	132	14
55884	0	-0.113548797719152	0	7	0.858118413743027	-0.63452755933849	132	14
55885	3	0.0279603194560299	0	7	0.858118413743027	-0.63452755933849	132	14
55888	2	-0.024488657708812	0	7	0.858118413743027	-0.63452755933849	132	14
55890	8	0.109501888075906	0	7	0.858118413743027	-0.63452755933849	132	14
55892	0	-0.100057428445107	0	7	0.858118413743027	-0.63452755933849	132	14
55893	3	0.400295894882909	0	7	0.858118413743027	-0.63452755933849	132	14
55898	4	0.565319829341534	0	7	0.858118413743027	-0.63452755933849	132	14
55900	2	-0.076688035918952	0	7	0.858118413743027	-0.63452755933849	132	14
55905	1	0.440853328234203	0	7	0.858118413743027	-0.63452755933849	132	14
55906	1	0.361558588198425	0	7	0.858118413743027	-0.63452755933849	132	14
55907	1	0.36854936541576	0	7	0.858118413743027	-0.63452755933849	132	14
55908	0	-0.237361386059108	0	7	0.858118413743027	-0.63452755933849	132	14
55909	0	-0.0259132783145076	0	7	0.858118413743027	-0.63452755933849	132	14
55911	2	-0.1354865192967	0	7	0.858118413743027	-0.63452755933849	132	14
55914	2	0.232753009414583	0	7	0.858118413743027	-0.63452755933849	132	14
55915	1	0.400121461985142	0	7	0.858118413743027	-0.63452755933849	132	14
55916	0	0.492384536813206	0	7	0.858118413743027	-0.63452755933849	132	14
55922	0	-0.0693576193968613	0	7	0.858118413743027	-0.63452755933849	132	14
55930	1	0.387900469945257	0	7	0.858118413743027	-0.63452755933849	132	14
55954	4	0.631324392459547	0	7	0.858118413743027	-0.63452755933849	132	14
55957	4	0.300087573588317	0	7	0.858118413743027	-0.63452755933849	132	14
55958	1	0.274416314649391	0	7	0.858118413743027	-0.63452755933849	132	14
55966	1	-0.0127932133209147	0	7	0.858118413743027	-0.63452755933849	132	14
55968	4	0.413811805715462	0	7	0.858118413743027	-0.63452755933849	132	14
55970	1	-0.149615475229085	0	7	0.858118413743027	-0.63452755933849	132	14
55972	1	0.604360315204582	0	7	0.858118413743027	-0.63452755933849	132	14
55973	1	-0.179403975423809	0	7	0.858118413743027	-0.63452755933849	132	14
55974	7	0.653674211479535	1	7	0.858118413743027	-0.63452755933849	132	14
55975	0	0.144817006550688	0	7	0.858118413743027	-0.63452755933849	132	14
56005	4	0.49855872402338	0	7	0.858118413743027	-0.63452755933849	132	14
56006	0	-0.0350020735509362	0	7	0.858118413743027	-0.63452755933849	132	14
56034	2	-0.202882489328343	0	7	0.858118413743027	-0.63452755933849	132	14
56061	0	0.00946069146157274	0	7	0.858118413743027	-0.63452755933849	132	14
56062	1	-0.26886996631948	0	7	0.858118413743027	-0.63452755933849	132	14
56155	0	-0.143406405414306	0	7	0.858118413743027	-0.63452755933849	132	14
56163	0	0.188936263672031	0	7	0.858118413743027	-0.63452755933849	132	14
56165	0	0.158960584326323	0	7	0.858118413743027	-0.63452755933849	132	14
56171	1	-0.107653515549138	0	7	0.858118413743027	-0.63452755933849	132	14
56172	0	-0.0836870293482196	0	7	0.858118413743027	-0.63452755933849	132	14
56180	1	0.356267232598296	0	7	0.858118413743027	-0.63452755933849	132	14
56242	0	0.371346008665114	0	7	0.858118413743027	-0.63452755933849	132	14
56245	0	0.165898994813007	0	7	0.858118413743027	-0.63452755933849	132	14
56252	3	-0.269055354887859	0	7	0.858118413743027	-0.63452755933849	132	14
56253	2	-0.151006984234044	0	7	0.858118413743027	-0.63452755933849	132	14
56255	1	0.249975337976326	0	7	0.858118413743027	-0.63452755933849	132	14
56257	6	0.15263054851994	0	7	0.858118413743027	-0.63452755933849	132	14
56259	4	0.163524545852238	0	7	0.858118413743027	-0.63452755933849	132	14
56260	3	-0.184347618462166	0	7	0.858118413743027	-0.63452755933849	132	14
56270	1	-0.0091533389206665	0	7	0.858118413743027	-0.63452755933849	132	14
56271	1	0.2801307911534	0	7	0.858118413743027	-0.63452755933849	132	14
56288	1	0.0296244322302858	0	7	0.858118413743027	-0.63452755933849	132	14
56301	2	0.4445842377247	0	7	0.858118413743027	-0.63452755933849	132	14
56302	0	0.0879663867717041	0	7	0.858118413743027	-0.63452755933849	132	14
56339	6	-0.28398993659677	0	7	0.858118413743027	-0.63452755933849	132	14
56413	2	0.067929579319303	0	7	0.858118413743027	-0.63452755933849	132	14
56474	0	-0.134522934119963	0	7	0.858118413743027	-0.63452755933849	132	14
56475	0	0.0904106352441331	0	7	0.858118413743027	-0.63452755933849	132	14
56478	1	-0.0565636759738109	0	7	0.858118413743027	-0.63452755933849	132	14
56521	3	0.246873794692402	0	7	0.858118413743027	-0.63452755933849	132	14
56548	2	0.019488048735567	0	7	0.858118413743027	-0.63452755933849	132	14
56603	1	0.194658744658721	0	7	0.858118413743027	-0.63452755933849	132	14
56605	1	0.408574428798284	0	7	0.858118413743027	-0.63452755933849	132	14
56606	3	0.117737187024833	0	7	0.858118413743027	-0.63452755933849	132	14
56616	3	0.29420863091604	0	7	0.858118413743027	-0.63452755933849	132	14
56623	0	0.100823885160456	0	7	0.858118413743027	-0.63452755933849	132	14
56647	1	0.490991219079395	0	7	0.858118413743027	-0.63452755933849	132	14
56648	1	0.293171853039205	0	7	0.858118413743027	-0.63452755933849	132	14
56649	1	-0.233696656586012	0	7	0.858118413743027	-0.63452755933849	132	14
56650	9	-0.182044914889286	0	7	0.858118413743027	-0.63452755933849	132	14
56652	2	-0.0819207278812384	0	7	0.858118413743027	-0.63452755933849	132	14
56654	1	0.173473232838621	0	7	0.858118413743027	-0.63452755933849	132	14
56659	0	0.148602628946851	0	7	0.858118413743027	-0.63452755933849	132	14
56667	3	0.180216333468699	0	7	0.858118413743027	-0.63452755933849	132	14
56672	1	0.14075780405195	0	7	0.858118413743027	-0.63452755933849	132	14
56673	3	-0.17677977664484	0	7	0.858118413743027	-0.63452755933849	132	14
56674	1	0.507044975694251	0	7	0.858118413743027	-0.63452755933849	132	14
56675	4	-0.30730537621751	0	7	0.858118413743027	-0.63452755933849	132	14
56681	1	0.445604344294151	0	7	0.858118413743027	-0.63452755933849	132	14
56683	1	0.409976023789515	0	7	0.858118413743027	-0.63452755933849	132	14
56729	1	-0.068588541877483	0	7	0.858118413743027	-0.63452755933849	132	14
56731	3	0.399233360695449	0	7	0.858118413743027	-0.63452755933849	132	14
56829	0	-0.0437123178175846	0	7	0.858118413743027	-0.63452755933849	132	14
56833	3	0.00520203003660481	0	7	0.858118413743027	-0.63452755933849	132	14
56834	0	0.242082259431496	0	7	0.858118413743027	-0.63452755933849	132	14
56848	3	0.12682353334683	0	7	0.858118413743027	-0.63452755933849	132	14
56851	1	0.306377162506636	0	7	0.858118413743027	-0.63452755933849	132	14
56882	3	-0.119643890158121	0	7	0.858118413743027	-0.63452755933849	132	14
56886	3	-0.162440800455822	0	7	0.858118413743027	-0.63452755933849	132	14
56888	0	-0.0741017257336218	0	7	0.858118413743027	-0.63452755933849	132	14
56889	1	0.2249545241927	0	7	0.858118413743027	-0.63452755933849	132	14
56890	1	0.339177230698759	0	7	0.858118413743027	-0.63452755933849	132	14
56892	11	-0.238183106474585	0	7	0.858118413743027	-0.63452755933849	132	14
56894	3	0.307562831244175	0	7	0.858118413743027	-0.63452755933849	132	14
56895	3	0.0781090271298758	0	7	0.858118413743027	-0.63452755933849	132	14
56898	3	0.380523501811845	0	7	0.858118413743027	-0.63452755933849	132	14
56899	2	0.509727297349957	0	7	0.858118413743027	-0.63452755933849	132	14
56901	2	0.0754299906278627	0	7	0.858118413743027	-0.63452755933849	132	14
56902	0	-0.0491326211524429	0	7	0.858118413743027	-0.63452755933849	132	14
56904	0	0.0554925396336681	0	7	0.858118413743027	-0.63452755933849	132	14
56905	2	-0.307546000935023	0	7	0.858118413743027	-0.63452755933849	132	14
56906	1	0.39109926192864	0	7	0.858118413743027	-0.63452755933849	132	14
56910	1	0.459123197443041	0	7	0.858118413743027	-0.63452755933849	132	14
56911	2	-0.498398864373979	0	7	0.858118413743027	-0.63452755933849	132	14
56912	3	0.403449742529653	0	7	0.858118413743027	-0.63452755933849	132	14
56913	3	0.294987104699586	0	7	0.858118413743027	-0.63452755933849	132	14
56915	4	0.221050022256304	0	7	0.858118413743027	-0.63452755933849	132	14
56920	1	0.250067221494774	0	7	0.858118413743027	-0.63452755933849	132	14
56922	3	0.157163673720425	0	7	0.858118413743027	-0.63452755933849	132	14
56925	2	-0.0578738782516923	0	7	0.858118413743027	-0.63452755933849	132	14
56926	5	0.513679254106265	0	7	0.858118413743027	-0.63452755933849	132	14
56928	0	0.0938412134180691	0	7	0.858118413743027	-0.63452755933849	132	14
56929	0	0.049218461269033	0	7	0.858118413743027	-0.63452755933849	132	14
56934	1	0.444314940453908	0	7	0.858118413743027	-0.63452755933849	132	14
56935	2	0.0388430182164674	0	7	0.858118413743027	-0.63452755933849	132	14
56937	1	0.379991795627689	0	7	0.858118413743027	-0.63452755933849	132	14
56938	2	-0.181833349927738	0	7	0.858118413743027	-0.63452755933849	132	14
56941	1	0.396779177968382	0	7	0.858118413743027	-0.63452755933849	132	14
56942	7	0.694544524116435	1	7	0.858118413743027	-0.63452755933849	132	14
56943	0	0.201288517364594	0	7	0.858118413743027	-0.63452755933849	132	14
56944	1	-0.356248855342883	0	7	0.858118413743027	-0.63452755933849	132	14
56945	2	0.108216684887192	0	7	0.858118413743027	-0.63452755933849	132	14
56946	0	0.0837285527324123	0	7	0.858118413743027	-0.63452755933849	132	14
56947	0	0.167890210931223	0	7	0.858118413743027	-0.63452755933849	132	14
56948	1	0.382549708886137	0	7	0.858118413743027	-0.63452755933849	132	14
56949	4	0.711122066092545	0	7	0.858118413743027	-0.63452755933849	132	14
56950	0	-0.368579459333425	0	7	0.858118413743027	-0.63452755933849	132	14
56951	2	-0.00239837862409722	0	7	0.858118413743027	-0.63452755933849	132	14
56953	0	0.297776404481419	0	7	0.858118413743027	-0.63452755933849	132	14
56954	3	0.349830479762623	0	7	0.858118413743027	-0.63452755933849	132	14
56955	0	0.110524417598156	0	7	0.858118413743027	-0.63452755933849	132	14
56957	0	0.107657997565588	0	7	0.858118413743027	-0.63452755933849	132	14
56965	0	0.0342214152656699	0	7	0.858118413743027	-0.63452755933849	132	14
56967	1	0.132576694480411	0	7	0.858118413743027	-0.63452755933849	132	14
56978	0	0.194699583850848	0	7	0.858118413743027	-0.63452755933849	132	14
56980	3	-0.279143064432102	0	7	0.858118413743027	-0.63452755933849	132	14
56983	1	0.0591220939514705	0	7	0.858118413743027	-0.63452755933849	132	14
56984	0	0.165867112770383	0	7	0.858118413743027	-0.63452755933849	132	14
56985	0	0.0767249084049012	0	7	0.858118413743027	-0.63452755933849	132	14
56986	3	-0.2470343686151	0	7	0.858118413743027	-0.63452755933849	132	14
56987	1	-0.169225539135346	0	7	0.858118413743027	-0.63452755933849	132	14
56993	7	0.759648852478626	1	7	0.858118413743027	-0.63452755933849	132	14
56994	2	0.482834186829275	0	7	0.858118413743027	-0.63452755933849	132	14
56995	1	0.396310234004562	0	7	0.858118413743027	-0.63452755933849	132	14
56996	1	-0.240108767357075	0	7	0.858118413743027	-0.63452755933849	132	14
56997	3	0.174425633264003	0	7	0.858118413743027	-0.63452755933849	132	14
56998	1	0.444075908054452	0	7	0.858118413743027	-0.63452755933849	132	14
57001	3	0.43943024548839	0	7	0.858118413743027	-0.63452755933849	132	14
57003	0	-0.18817527223483	0	7	0.858118413743027	-0.63452755933849	132	14
57007	4	-0.230774538053363	0	7	0.858118413743027	-0.63452755933849	132	14
57017	3	0.342683226406286	0	7	0.858118413743027	-0.63452755933849	132	14
57018	6	-0.485246422618531	0	7	0.858118413743027	-0.63452755933849	132	14
57019	0	-0.0879043546544666	0	7	0.858118413743027	-0.63452755933849	132	14
57020	1	0.29133600359755	0	7	0.858118413743027	-0.63452755933849	132	14
57030	0	0.0439680046793474	0	7	0.858118413743027	-0.63452755933849	132	14
57035	6	-0.274545633534671	0	7	0.858118413743027	-0.63452755933849	132	14
57037	1	0.458506725586302	0	7	0.858118413743027	-0.63452755933849	132	14
57045	1	0.0698249227414435	0	7	0.858118413743027	-0.63452755933849	132	14
57047	0	0.012930153705387	0	7	0.858118413743027	-0.63452755933849	132	14
57050	1	0.176587405131589	0	7	0.858118413743027	-0.63452755933849	132	14
57053	0	-0.181940009513207	0	7	0.858118413743027	-0.63452755933849	132	14
57060	1	0.449731486560028	0	7	0.858118413743027	-0.63452755933849	132	14
57062	1	0.175750210933389	0	7	0.858118413743027	-0.63452755933849	132	14
57088	2	0.129822478467762	0	7	0.858118413743027	-0.63452755933849	132	14
57089	2	-0.256145977164646	0	7	0.858118413743027	-0.63452755933849	132	14
57091	0	0.219781349366258	0	7	0.858118413743027	-0.63452755933849	132	14
57092	1	0.375596108478443	0	7	0.858118413743027	-0.63452755933849	132	14
57097	0	-0.0830419439000777	0	7	0.858118413743027	-0.63452755933849	132	14
57099	2	0.132270510446131	0	7	0.858118413743027	-0.63452755933849	132	14
57101	0	0.0180524430974141	0	7	0.858118413743027	-0.63452755933849	132	14
57102	2	-0.0673980216064543	0	7	0.858118413743027	-0.63452755933849	132	14
57103	0	-0.0159766122361371	0	7	0.858118413743027	-0.63452755933849	132	14
57104	7	0.610015291837509	1	7	0.858118413743027	-0.63452755933849	132	14
57105	2	-0.190337918545226	0	7	0.858118413743027	-0.63452755933849	132	14
57107	0	0.441022753036464	0	7	0.858118413743027	-0.63452755933849	132	14
57109	1	-0.163066859700943	0	7	0.858118413743027	-0.63452755933849	132	14
57111	12	0.104659279808196	0	7	0.858118413743027	-0.63452755933849	132	14
57113	3	0.425527217114176	0	7	0.858118413743027	-0.63452755933849	132	14
57117	1	-0.0276811935705147	0	7	0.858118413743027	-0.63452755933849	132	14
57122	0	-0.266876621136963	0	7	0.858118413743027	-0.63452755933849	132	14
57124	2	-0.219817577668269	0	7	0.858118413743027	-0.63452755933849	132	14
57125	2	-0.360817218353468	0	7	0.858118413743027	-0.63452755933849	132	14
57126	10	0.333120036384413	0	7	0.858118413743027	-0.63452755933849	132	14
57127	12	0.229459014179202	0	7	0.858118413743027	-0.63452755933849	132	14
57128	7	0.42811962333231	1	7	0.858118413743027	-0.63452755933849	132	14
57130	0	-0.0607144280720622	0	7	0.858118413743027	-0.63452755933849	132	14
57132	0	0.262254969718162	0	7	0.858118413743027	-0.63452755933849	132	14
57134	3	0.220183168602482	0	7	0.858118413743027	-0.63452755933849	132	14
57136	1	0.126056832215817	0	7	0.858118413743027	-0.63452755933849	132	14
57140	0	0.505245631393395	0	7	0.858118413743027	-0.63452755933849	132	14
57142	0	-0.275508088345043	0	7	0.858118413743027	-0.63452755933849	132	14
57146	4	0.480104059540184	0	7	0.858118413743027	-0.63452755933849	132	14
57147	4	-0.366348486427681	0	7	0.858118413743027	-0.63452755933849	132	14
57148	1	-0.365828226084092	0	7	0.858118413743027	-0.63452755933849	132	14
57149	3	0.474019954291445	0	7	0.858118413743027	-0.63452755933849	132	14
57150	0	0.17253800448738	0	7	0.858118413743027	-0.63452755933849	132	14
57154	3	-0.325937057461449	0	7	0.858118413743027	-0.63452755933849	132	14
57157	3	-0.102996783329424	0	7	0.858118413743027	-0.63452755933849	132	14
57158	0	0.0655933167888767	0	7	0.858118413743027	-0.63452755933849	132	14
57161	2	0.302790935405066	0	7	0.858118413743027	-0.63452755933849	132	14
57162	2	-0.479113920476814	0	7	0.858118413743027	-0.63452755933849	132	14
57165	1	-0.0588809040168417	0	7	0.858118413743027	-0.63452755933849	132	14
57171	0	0.296241041178154	0	7	0.858118413743027	-0.63452755933849	132	14
57172	3	0.104700982081463	0	7	0.858118413743027	-0.63452755933849	132	14
57178	1	0.0800983118687574	0	7	0.858118413743027	-0.63452755933849	132	14
57180	0	0.0486636853119487	0	7	0.858118413743027	-0.63452755933849	132	14
57185	5	0.324884636953741	0	7	0.858118413743027	-0.63452755933849	132	14
57187	6	-0.403524443598477	0	7	0.858118413743027	-0.63452755933849	132	14
57188	2	-0.497500478984315	0	7	0.858118413743027	-0.63452755933849	132	14
57191	3	-0.153568689669224	0	7	0.858118413743027	-0.63452755933849	132	14
57192	4	0.378943995321016	0	7	0.858118413743027	-0.63452755933849	132	14
57194	1	0.25589310618261	0	7	0.858118413743027	-0.63452755933849	132	14
57198	2	-0.280890127077175	0	7	0.858118413743027	-0.63452755933849	132	14
57205	1	0.2071404360881	0	7	0.858118413743027	-0.63452755933849	132	14
57209	0	-0.0905984889229694	0	7	0.858118413743027	-0.63452755933849	132	14
57211	2	-0.300100158765947	0	7	0.858118413743027	-0.63452755933849	132	14
57213	0	0.066486428353674	0	7	0.858118413743027	-0.63452755933849	132	14
57214	1	-0.524476025747437	0	7	0.858118413743027	-0.63452755933849	132	14
57215	0	0.289980124510831	0	7	0.858118413743027	-0.63452755933849	132	14
57228	2	-0.538194154503888	0	7	0.858118413743027	-0.63452755933849	132	14
57326	5	0.303049983572944	0	7	0.858118413743027	-0.63452755933849	132	14
57332	2	-0.0146289486569693	0	7	0.858118413743027	-0.63452755933849	132	14
57333	2	-0.131037081755996	0	7	0.858118413743027	-0.63452755933849	132	14
57335	2	-0.0581294626686008	0	7	0.858118413743027	-0.63452755933849	132	14
57336	0	0.248860276881851	0	7	0.858118413743027	-0.63452755933849	132	14
57337	0	0.294598129381389	0	7	0.858118413743027	-0.63452755933849	132	14
57338	0	0.0612361308276519	0	7	0.858118413743027	-0.63452755933849	132	14
57343	1	-0.0465167415614566	0	7	0.858118413743027	-0.63452755933849	132	14
57348	1	-0.332221165518545	0	7	0.858118413743027	-0.63452755933849	132	14
57380	1	0.253382689119522	0	7	0.858118413743027	-0.63452755933849	132	14
57396	6	-0.48478196957878	0	7	0.858118413743027	-0.63452755933849	132	14
57402	1	-0.251838438011051	0	7	0.858118413743027	-0.63452755933849	132	14
57403	0	0.1826807424007	0	7	0.858118413743027	-0.63452755933849	132	14
57404	1	0.442521188334904	0	7	0.858118413743027	-0.63452755933849	132	14
57406	3	0.238494179627734	0	7	0.858118413743027	-0.63452755933849	132	14
57408	1	0.0114644038428498	0	7	0.858118413743027	-0.63452755933849	132	14
57415	4	0.558706048788456	0	7	0.858118413743027	-0.63452755933849	132	14
57418	3	0.441716549071714	0	7	0.858118413743027	-0.63452755933849	132	14
57419	0	0.11087307780646	0	7	0.858118413743027	-0.63452755933849	132	14
57446	0	0.337266900382375	0	7	0.858118413743027	-0.63452755933849	132	14
57447	1	0.206384348099932	0	7	0.858118413743027	-0.63452755933849	132	14
57460	0	-0.00119798275764149	0	7	0.858118413743027	-0.63452755933849	132	14
57466	0	-0.0165663046896179	0	7	0.858118413743027	-0.63452755933849	132	14
57470	4	0.283817485518719	0	7	0.858118413743027	-0.63452755933849	132	14
57472	1	0.0919497021635694	0	7	0.858118413743027	-0.63452755933849	132	14
57473	0	0.0306917521355515	0	7	0.858118413743027	-0.63452755933849	132	14
57476	3	0.519781984257538	0	7	0.858118413743027	-0.63452755933849	132	14
57493	11	-0.414975378389933	0	7	0.858118413743027	-0.63452755933849	132	14
57496	1	-0.498708076500355	0	7	0.858118413743027	-0.63452755933849	132	14
57498	1	-0.0815947842329218	0	7	0.858118413743027	-0.63452755933849	132	14
57502	2	-0.322150168175893	0	7	0.858118413743027	-0.63452755933849	132	14
57506	0	-0.0282757718931706	0	7	0.858118413743027	-0.63452755933849	132	14
57509	0	-0.258243715774314	0	7	0.858118413743027	-0.63452755933849	132	14
57513	1	0.352514948020563	0	7	0.858118413743027	-0.63452755933849	132	14
57515	1	0.204554666530653	0	7	0.858118413743027	-0.63452755933849	132	14
57523	3	-0.363609245761736	0	7	0.858118413743027	-0.63452755933849	132	14
57535	0	0.110058435526742	0	7	0.858118413743027	-0.63452755933849	132	14
57538	11	-0.327714498113111	0	7	0.858118413743027	-0.63452755933849	132	14
57553	7	-0.721784044185328	1	7	0.858118413743027	-0.63452755933849	132	14
57556	2	0.33126650003128	0	7	0.858118413743027	-0.63452755933849	132	14
57572	11	-0.427556869990132	0	7	0.858118413743027	-0.63452755933849	132	14
57573	1	0.286683921885792	0	7	0.858118413743027	-0.63452755933849	132	14
57576	10	0.124517988826363	0	7	0.858118413743027	-0.63452755933849	132	14
57579	0	0.174323425637842	0	7	0.858118413743027	-0.63452755933849	132	14
57586	0	0.130241506669583	0	7	0.858118413743027	-0.63452755933849	132	14
57591	10	0.24205158801041	0	7	0.858118413743027	-0.63452755933849	132	14
57596	0	0.156125485703794	0	7	0.858118413743027	-0.63452755933849	132	14
57597	3	-0.110418011140312	0	7	0.858118413743027	-0.63452755933849	132	14
57599	1	0.0478630896306709	0	7	0.858118413743027	-0.63452755933849	132	14
57602	0	0.0723105396137449	0	7	0.858118413743027	-0.63452755933849	132	14
57608	11	-0.468841445552637	0	7	0.858118413743027	-0.63452755933849	132	14
57610	0	0.142847667875415	0	7	0.858118413743027	-0.63452755933849	132	14
57613	2	0.299220507398106	0	7	0.858118413743027	-0.63452755933849	132	14
57634	3	-0.602942401338355	0	7	0.858118413743027	-0.63452755933849	132	14
57645	1	0.212840903766654	0	7	0.858118413743027	-0.63452755933849	132	14
57658	1	0.368064632301545	0	7	0.858118413743027	-0.63452755933849	132	14
57664	2	0.103488878881796	0	7	0.858118413743027	-0.63452755933849	132	14
57669	1	0.436820538208997	0	7	0.858118413743027	-0.63452755933849	132	14
57680	0	-0.000912857587260855	0	7	0.858118413743027	-0.63452755933849	132	14
57698	2	-0.147220605736493	0	7	0.858118413743027	-0.63452755933849	132	14
57706	0	0.0801835754201665	0	7	0.858118413743027	-0.63452755933849	132	14
57707	5	0.299916146275132	0	7	0.858118413743027	-0.63452755933849	132	14
57710	1	-0.251402908447977	0	7	0.858118413743027	-0.63452755933849	132	14
57711	1	0.185877873938952	0	7	0.858118413743027	-0.63452755933849	132	14
57715	1	0.073968498536218	0	7	0.858118413743027	-0.63452755933849	132	14
57716	1	0.19218863858341	0	7	0.858118413743027	-0.63452755933849	132	14
57720	1	0.0629883386271942	0	7	0.858118413743027	-0.63452755933849	132	14
57728	0	-0.143982380100405	0	7	0.858118413743027	-0.63452755933849	132	14
57731	0	0.0384515292938105	0	7	0.858118413743027	-0.63452755933849	132	14
57733	3	0.290433061323939	0	7	0.858118413743027	-0.63452755933849	132	14
57758	4	-0.42111339987191	0	7	0.858118413743027	-0.63452755933849	132	14
57761	3	-0.252845202272708	0	7	0.858118413743027	-0.63452755933849	132	14
57763	0	0.00804106076202858	0	7	0.858118413743027	-0.63452755933849	132	14
57787	1	0.304389186573909	0	7	0.858118413743027	-0.63452755933849	132	14
57794	0	-0.209999126082334	0	7	0.858118413743027	-0.63452755933849	132	14
57798	0	-0.136052129762563	0	7	0.858118413743027	-0.63452755933849	132	14
57799	0	0.201205207947197	0	7	0.858118413743027	-0.63452755933849	132	14
57804	4	0.600577732028226	0	7	0.858118413743027	-0.63452755933849	132	14
57820	3	0.434419047062579	0	7	0.858118413743027	-0.63452755933849	132	14
57821	0	0.133311952538208	0	7	0.858118413743027	-0.63452755933849	132	14
57823	2	-0.227010288492123	0	7	0.858118413743027	-0.63452755933849	132	14
57826	1	0.0642178472538567	0	7	0.858118413743027	-0.63452755933849	132	14
57827	7	0.735598642271412	1	7	0.858118413743027	-0.63452755933849	132	14
57828	3	-0.293011301024784	0	7	0.858118413743027	-0.63452755933849	132	14
57834	3	0.0361944032330482	0	7	0.858118413743027	-0.63452755933849	132	14
57835	1	-0.259551495990042	0	7	0.858118413743027	-0.63452755933849	132	14
57863	2	-0.22468857657543	0	7	0.858118413743027	-0.63452755933849	132	14
58155	6	-0.511431367569496	0	7	0.858118413743027	-0.63452755933849	132	14
58189	11	-0.146454299707534	0	7	0.858118413743027	-0.63452755933849	132	14
58190	6	0.424495549399266	0	7	0.858118413743027	-0.63452755933849	132	14
58472	1	0.215447488538065	0	7	0.858118413743027	-0.63452755933849	132	14
58473	1	0.253541066675568	0	7	0.858118413743027	-0.63452755933849	132	14
58477	0	0.22088563031434	0	7	0.858118413743027	-0.63452755933849	132	14
58478	1	0.24748772824467	0	7	0.858118413743027	-0.63452755933849	132	14
58486	4	-0.448587092701537	0	7	0.858118413743027	-0.63452755933849	132	14
58487	6	-0.544755534465416	0	7	0.858118413743027	-0.63452755933849	132	14
58488	3	0.26841402152935	0	7	0.858118413743027	-0.63452755933849	132	14
58494	11	-0.396215709515222	0	7	0.858118413743027	-0.63452755933849	132	14
58495	0	0.158845401291512	0	7	0.858118413743027	-0.63452755933849	132	14
58497	1	0.472282661731306	0	7	0.858118413743027	-0.63452755933849	132	14
58500	2	0.402384973103405	0	7	0.858118413743027	-0.63452755933849	132	14
58504	2	-0.273999962280472	0	7	0.858118413743027	-0.63452755933849	132	14
58509	0	-0.105878152521873	0	7	0.858118413743027	-0.63452755933849	132	14
58510	3	0.477339061437014	0	7	0.858118413743027	-0.63452755933849	132	14
58513	1	0.476456127291122	0	7	0.858118413743027	-0.63452755933849	132	14
58517	4	-0.713719220080626	0	7	0.858118413743027	-0.63452755933849	132	14
58525	5	0.461394925957742	0	7	0.858118413743027	-0.63452755933849	132	14
58526	1	0.338133935380967	0	7	0.858118413743027	-0.63452755933849	132	14
58528	3	0.391897253191711	0	7	0.858118413743027	-0.63452755933849	132	14
58529	1	0.581931342461895	0	7	0.858118413743027	-0.63452755933849	132	14
58985	3	0.0804157900261504	0	7	0.858118413743027	-0.63452755933849	132	14
58986	4	0.129059010252906	0	7	0.858118413743027	-0.63452755933849	132	14
59269	3	-0.211790960902292	0	7	0.858118413743027	-0.63452755933849	132	14
59272	3	0.13817152469565	0	7	0.858118413743027	-0.63452755933849	132	14
59307	3	0.393096337350303	0	7	0.858118413743027	-0.63452755933849	132	14
59338	0	-0.190733750386631	0	7	0.858118413743027	-0.63452755933849	132	14
59339	1	-0.09542082518072	0	7	0.858118413743027	-0.63452755933849	132	14
59341	3	0.363169868349777	0	7	0.858118413743027	-0.63452755933849	132	14
59342	0	0.0218827850338268	0	7	0.858118413743027	-0.63452755933849	132	14
59343	5	0.628469506616702	0	7	0.858118413743027	-0.63452755933849	132	14
59348	1	0.472532930086612	0	7	0.858118413743027	-0.63452755933849	132	14
59349	2	0.370717755032018	0	7	0.858118413743027	-0.63452755933849	132	14
60312	1	-0.00571092110300422	0	7	0.858118413743027	-0.63452755933849	132	14
60313	1	0.3477116914449	0	7	0.858118413743027	-0.63452755933849	132	14
60314	4	0.570900243390476	0	7	0.858118413743027	-0.63452755933849	132	14
60343	4	0.559544937564578	0	7	0.858118413743027	-0.63452755933849	132	14
60370	1	0.464061890060141	0	7	0.858118413743027	-0.63452755933849	132	14
60401	0	0.14387703059081	0	7	0.858118413743027	-0.63452755933849	132	14
60436	0	-0.0463055522419633	0	7	0.858118413743027	-0.63452755933849	132	14
60468	0	-0.187985883777811	0	7	0.858118413743027	-0.63452755933849	132	14
60481	0	0.113634352849883	0	7	0.858118413743027	-0.63452755933849	132	14
60485	1	0.17280904537829	0	7	0.858118413743027	-0.63452755933849	132	14
60487	0	-0.0313247113234301	0	7	0.858118413743027	-0.63452755933849	132	14
60488	3	0.46048291913884	0	7	0.858118413743027	-0.63452755933849	132	14
60489	2	0.0658197669570715	0	7	0.858118413743027	-0.63452755933849	132	14
60490	0	0.145197062402937	0	7	0.858118413743027	-0.63452755933849	132	14
60491	1	0.407353005831198	0	7	0.858118413743027	-0.63452755933849	132	14
60492	1	0.345066814617699	0	7	0.858118413743027	-0.63452755933849	132	14
60494	0	-0.0887364608210334	0	7	0.858118413743027	-0.63452755933849	132	14
60495	0	0.184158538341006	0	7	0.858118413743027	-0.63452755933849	132	14
60496	3	0.419743614639549	0	7	0.858118413743027	-0.63452755933849	132	14
60506	0	0.0911688913554765	0	7	0.858118413743027	-0.63452755933849	132	14
60509	3	0.257536535566868	0	7	0.858118413743027	-0.63452755933849	132	14
60526	0	0.110385463680183	0	7	0.858118413743027	-0.63452755933849	132	14
60528	3	0.0429071110097046	0	7	0.858118413743027	-0.63452755933849	132	14
60529	0	-0.073608092713095	0	7	0.858118413743027	-0.63452755933849	132	14
60558	1	0.526477238025519	0	7	0.858118413743027	-0.63452755933849	132	14
60559	3	-0.140207875421592	0	7	0.858118413743027	-0.63452755933849	132	14
60560	0	-0.248654097211067	0	7	0.858118413743027	-0.63452755933849	132	14
60561	0	-0.29805392620344	0	7	0.858118413743027	-0.63452755933849	132	14
60598	2	-0.0868777779710324	0	7	0.858118413743027	-0.63452755933849	132	14
60625	0	-0.0765824369750763	0	7	0.858118413743027	-0.63452755933849	132	14
60672	0	0.180611075967179	0	7	0.858118413743027	-0.63452755933849	132	14
60673	4	0.214484355205448	0	7	0.858118413743027	-0.63452755933849	132	14
60676	2	-0.180802137974153	0	7	0.858118413743027	-0.63452755933849	132	14
60681	2	-0.150381647737345	0	7	0.858118413743027	-0.63452755933849	132	14
60682	0	-0.108465766918638	0	7	0.858118413743027	-0.63452755933849	132	14
60684	0	-0.319946866034327	0	7	0.858118413743027	-0.63452755933849	132	14
60685	4	0.497086897703487	0	7	0.858118413743027	-0.63452755933849	132	14
60686	0	0.369927540015021	0	7	0.858118413743027	-0.63452755933849	132	14
63035	0	0.195740300937769	0	7	0.858118413743027	-0.63452755933849	132	14
63826	1	0.0437796296013835	0	7	0.858118413743027	-0.63452755933849	132	14
63827	2	-0.144324445162403	0	7	0.858118413743027	-0.63452755933849	132	14
63874	4	0.561944037077725	0	7	0.858118413743027	-0.63452755933849	132	14
63875	4	0.361369340972679	0	7	0.858118413743027	-0.63452755933849	132	14
63876	3	-0.119081755973518	0	7	0.858118413743027	-0.63452755933849	132	14
63877	2	0.289791470220043	0	7	0.858118413743027	-0.63452755933849	132	14
63891	2	0.172145426138062	0	7	0.858118413743027	-0.63452755933849	132	14
63892	0	-0.406474253967581	0	7	0.858118413743027	-0.63452755933849	132	14
63893	0	-0.115238273819348	0	7	0.858118413743027	-0.63452755933849	132	14
63894	1	0.385617091349118	0	7	0.858118413743027	-0.63452755933849	132	14
63895	3	-0.445799469990296	0	7	0.858118413743027	-0.63452755933849	132	14
63897	0	-0.0485038934027563	0	7	0.858118413743027	-0.63452755933849	132	14
63898	0	0.265086158871918	0	7	0.858118413743027	-0.63452755933849	132	14
63899	0	0.168884497336043	0	7	0.858118413743027	-0.63452755933849	132	14
63901	3	-0.0580131227476542	0	7	0.858118413743027	-0.63452755933849	132	14
63906	4	0.279358382013504	0	7	0.858118413743027	-0.63452755933849	132	14
63910	1	-0.179229494644345	0	7	0.858118413743027	-0.63452755933849	132	14
63916	5	0.472745289322716	0	7	0.858118413743027	-0.63452755933849	132	14
63917	3	0.200048828518682	0	7	0.858118413743027	-0.63452755933849	132	14
63920	1	0.142815703504012	0	7	0.858118413743027	-0.63452755933849	132	14
63923	0	-0.126613512546997	0	7	0.858118413743027	-0.63452755933849	132	14
63924	3	-0.0379525242016068	0	7	0.858118413743027	-0.63452755933849	132	14
63925	3	-0.0255997631271652	0	7	0.858118413743027	-0.63452755933849	132	14
63926	1	0.476318898653024	0	7	0.858118413743027	-0.63452755933849	132	14
63928	3	0.279544973530299	0	7	0.858118413743027	-0.63452755933849	132	14
63931	4	0.582000864685665	0	7	0.858118413743027	-0.63452755933849	132	14
63932	1	0.357162753646517	0	7	0.858118413743027	-0.63452755933849	132	14
63933	3	0.568451266745321	0	7	0.858118413743027	-0.63452755933849	132	14
63934	4	-0.416258300878691	0	7	0.858118413743027	-0.63452755933849	132	14
63935	4	0.506324300095923	0	7	0.858118413743027	-0.63452755933849	132	14
63940	2	0.258075443187021	0	7	0.858118413743027	-0.63452755933849	132	14
63941	0	0.0746850975833127	0	7	0.858118413743027	-0.63452755933849	132	14
63976	1	-0.102942726269067	0	7	0.858118413743027	-0.63452755933849	132	14
63982	0	0.0943767400805414	0	7	0.858118413743027	-0.63452755933849	132	14
64061	0	-0.0809981752162657	0	7	0.858118413743027	-0.63452755933849	132	14
64062	6	-0.360631659109881	0	7	0.858118413743027	-0.63452755933849	132	14
64063	0	0.224360366167933	0	7	0.858118413743027	-0.63452755933849	132	14
64065	1	0.284190907896327	0	7	0.858118413743027	-0.63452755933849	132	14
64067	5	0.497612536841242	0	7	0.858118413743027	-0.63452755933849	132	14
64077	3	0.524005106262814	0	7	0.858118413743027	-0.63452755933849	132	14
64080	3	0.603840280294137	0	7	0.858118413743027	-0.63452755933849	132	14
64081	3	0.39798991707238	0	7	0.858118413743027	-0.63452755933849	132	14
64083	0	-0.0704481921117842	0	7	0.858118413743027	-0.63452755933849	132	14
64084	0	-0.237329292401233	0	7	0.858118413743027	-0.63452755933849	132	14
64087	3	0.410154017171745	0	7	0.858118413743027	-0.63452755933849	132	14
64089	0	-0.301259097740568	0	7	0.858118413743027	-0.63452755933849	132	14
64091	11	-0.0733188642814112	0	7	0.858118413743027	-0.63452755933849	132	14
64092	2	-0.298495892103546	0	7	0.858118413743027	-0.63452755933849	132	14
64097	0	0.0673141460863524	0	7	0.858118413743027	-0.63452755933849	132	14
64102	1	-0.150137501787603	0	7	0.858118413743027	-0.63452755933849	132	14
64108	1	0.331666921637196	0	7	0.858118413743027	-0.63452755933849	132	14
64110	0	0.225092749160726	0	7	0.858118413743027	-0.63452755933849	132	14
64112	1	0.259120260694941	0	7	0.858118413743027	-0.63452755933849	132	14
64116	1	0.158791404178272	0	7	0.858118413743027	-0.63452755933849	132	14
64118	4	0.445986093614365	0	7	0.858118413743027	-0.63452755933849	132	14
64121	3	0.410341593641792	0	7	0.858118413743027	-0.63452755933849	132	14
64122	3	0.683512013743732	0	7	0.858118413743027	-0.63452755933849	132	14
64123	3	-0.258297833137202	0	7	0.858118413743027	-0.63452755933849	132	14
64127	2	-0.150691885987022	0	7	0.858118413743027	-0.63452755933849	132	14
64129	0	-0.144072762911703	0	7	0.858118413743027	-0.63452755933849	132	14
64130	1	0.503794612826969	0	7	0.858118413743027	-0.63452755933849	132	14
64131	1	0.311859991556668	0	7	0.858118413743027	-0.63452755933849	132	14
64132	0	0.0809319526025979	0	7	0.858118413743027	-0.63452755933849	132	14
64135	14	-0.216075331168353	0	7	0.858118413743027	-0.63452755933849	132	14
64149	1	0.329514240821658	0	7	0.858118413743027	-0.63452755933849	132	14
64151	2	-0.315433052628125	0	7	0.858118413743027	-0.63452755933849	132	14
64167	0	-0.0387392444470676	0	7	0.858118413743027	-0.63452755933849	132	14
64172	1	-0.410217490396013	0	7	0.858118413743027	-0.63452755933849	132	14
64174	10	0.108709732533891	0	7	0.858118413743027	-0.63452755933849	132	14
64175	3	-0.140911198184874	0	7	0.858118413743027	-0.63452755933849	132	14
64210	0	-0.228058940437266	0	7	0.858118413743027	-0.63452755933849	132	14
64215	1	0.371874882194757	0	7	0.858118413743027	-0.63452755933849	132	14
64216	3	0.0391511873520027	0	7	0.858118413743027	-0.63452755933849	132	14
64218	0	0.20743520961086	0	7	0.858118413743027	-0.63452755933849	132	14
64219	1	0.365483530719709	0	7	0.858118413743027	-0.63452755933849	132	14
64220	3	0.372724407749485	0	7	0.858118413743027	-0.63452755933849	132	14
64221	2	-0.114639456092995	0	7	0.858118413743027	-0.63452755933849	132	14
64222	1	0.272924853459372	0	7	0.858118413743027	-0.63452755933849	132	14
64223	4	0.235895431146127	0	7	0.858118413743027	-0.63452755933849	132	14
64231	2	-0.343916183834088	0	7	0.858118413743027	-0.63452755933849	132	14
64236	1	0.438284485213267	0	7	0.858118413743027	-0.63452755933849	132	14
64240	1	-0.356276333551633	0	7	0.858118413743027	-0.63452755933849	132	14
64283	8	0.0168650421725647	0	7	0.858118413743027	-0.63452755933849	132	14
64284	3	0.374255403877734	0	7	0.858118413743027	-0.63452755933849	132	14
64285	2	-0.311510773204629	0	7	0.858118413743027	-0.63452755933849	132	14
64288	1	0.0187403506664486	0	7	0.858118413743027	-0.63452755933849	132	14
64318	2	-0.372291257737331	0	7	0.858118413743027	-0.63452755933849	132	14
64319	7	0.490134302344299	1	7	0.858118413743027	-0.63452755933849	132	14
64320	4	0.36524543849557	0	7	0.858118413743027	-0.63452755933849	132	14
64321	3	-0.38624140432169	0	7	0.858118413743027	-0.63452755933849	132	14
64324	3	-0.116472972542821	0	7	0.858118413743027	-0.63452755933849	132	14
64328	0	0.00526205317400654	0	7	0.858118413743027	-0.63452755933849	132	14
64342	0	0.1840649720031	0	7	0.858118413743027	-0.63452755933849	132	14
64343	1	0.370356257920806	0	7	0.858118413743027	-0.63452755933849	132	14
64344	8	-0.076872107961049	0	7	0.858118413743027	-0.63452755933849	132	14
64359	1	0.110016425511115	0	7	0.858118413743027	-0.63452755933849	132	14
64374	4	0.453275792302398	0	7	0.858118413743027	-0.63452755933849	132	14
64375	1	0.344179293204899	0	7	0.858118413743027	-0.63452755933849	132	14
64376	5	0.613386388908476	0	7	0.858118413743027	-0.63452755933849	132	14
64386	10	0.209727537556055	0	7	0.858118413743027	-0.63452755933849	132	14
64388	0	0.346068825838828	0	7	0.858118413743027	-0.63452755933849	132	14
64393	2	-0.259700802827564	0	7	0.858118413743027	-0.63452755933849	132	14
64397	1	0.0699137265267337	0	7	0.858118413743027	-0.63452755933849	132	14
64398	1	0.443724044470781	0	7	0.858118413743027	-0.63452755933849	132	14
64400	1	0.170070861441464	0	7	0.858118413743027	-0.63452755933849	132	14
64405	1	-0.236514897792515	0	7	0.858118413743027	-0.63452755933849	132	14
64410	0	0.0906547372872359	0	7	0.858118413743027	-0.63452755933849	132	14
64411	11	-0.216946463408779	0	7	0.858118413743027	-0.63452755933849	132	14
64417	0	-0.211827582585579	0	7	0.858118413743027	-0.63452755933849	132	14
64418	0	-0.0491526677237151	0	7	0.858118413743027	-0.63452755933849	132	14
64419	4	0.252369893281127	0	7	0.858118413743027	-0.63452755933849	132	14
64421	0	-0.0364486628224625	0	7	0.858118413743027	-0.63452755933849	132	14
64422	4	0.310139158979041	0	7	0.858118413743027	-0.63452755933849	132	14
64423	1	0.39352630614437	0	7	0.858118413743027	-0.63452755933849	132	14
64425	2	-0.00220884266059143	0	7	0.858118413743027	-0.63452755933849	132	14
64427	0	-0.0549882990404871	0	7	0.858118413743027	-0.63452755933849	132	14
64428	0	0.305353192667451	0	7	0.858118413743027	-0.63452755933849	132	14
64429	1	0.310332873378743	0	7	0.858118413743027	-0.63452755933849	132	14
64430	1	0.0922259224101417	0	7	0.858118413743027	-0.63452755933849	132	14
64431	1	0.351104154614226	0	7	0.858118413743027	-0.63452755933849	132	14
64506	1	0.243778895940092	0	7	0.858118413743027	-0.63452755933849	132	14
64577	3	0.298185527342273	0	7	0.858118413743027	-0.63452755933849	132	14
64581	2	-0.295765921966538	0	7	0.858118413743027	-0.63452755933849	132	14
64582	3	0.0531927220664256	0	7	0.858118413743027	-0.63452755933849	132	14
64598	4	0.531181205390211	0	7	0.858118413743027	-0.63452755933849	132	14
64601	2	0.585135289325037	0	7	0.858118413743027	-0.63452755933849	132	14
64641	1	-0.0823042583309363	0	7	0.858118413743027	-0.63452755933849	132	14
64689	1	-0.0896405027228902	0	7	0.858118413743027	-0.63452755933849	132	14
64699	1	0.462528613909522	0	7	0.858118413743027	-0.63452755933849	132	14
64708	0	-0.0151224577332133	0	7	0.858118413743027	-0.63452755933849	132	14
64710	1	0.443712048838922	0	7	0.858118413743027	-0.63452755933849	132	14
64718	0	0.04745025842995	0	7	0.858118413743027	-0.63452755933849	132	14
64743	4	0.302851552384136	0	7	0.858118413743027	-0.63452755933849	132	14
64745	1	-0.370384163816178	0	7	0.858118413743027	-0.63452755933849	132	14
64746	1	0.0345346200244268	0	7	0.858118413743027	-0.63452755933849	132	14
64748	0	0.162848889494583	0	7	0.858118413743027	-0.63452755933849	132	14
64750	3	-0.231828887696636	0	7	0.858118413743027	-0.63452755933849	132	14
64754	0	0.073613679157481	0	7	0.858118413743027	-0.63452755933849	132	14
64755	3	0.28441587171692	0	7	0.858118413743027	-0.63452755933849	132	14
64757	0	-0.00769228547426705	0	7	0.858118413743027	-0.63452755933849	132	14
64759	1	0.260042204110786	0	7	0.858118413743027	-0.63452755933849	132	14
64760	0	0.0184101291368344	0	7	0.858118413743027	-0.63452755933849	132	14
64761	14	-0.298409458099054	0	7	0.858118413743027	-0.63452755933849	132	14
64762	3	0.200568447217752	0	7	0.858118413743027	-0.63452755933849	132	14
64763	0	0.239863374516281	0	7	0.858118413743027	-0.63452755933849	132	14
64764	1	0.193075929808874	0	7	0.858118413743027	-0.63452755933849	132	14
64766	3	-0.466094093358908	0	7	0.858118413743027	-0.63452755933849	132	14
64768	1	0.170455956557923	0	7	0.858118413743027	-0.63452755933849	132	14
64769	0	-0.00545858775492106	0	7	0.858118413743027	-0.63452755933849	132	14
64771	2	0.344752668346464	0	7	0.858118413743027	-0.63452755933849	132	14
64772	0	0.0662346679399279	0	7	0.858118413743027	-0.63452755933849	132	14
64777	0	0.118922023010531	0	7	0.858118413743027	-0.63452755933849	132	14
64779	0	0.321440439421979	0	7	0.858118413743027	-0.63452755933849	132	14
64780	2	-0.443192926744335	0	7	0.858118413743027	-0.63452755933849	132	14
64781	1	0.284233620376027	0	7	0.858118413743027	-0.63452755933849	132	14
64782	2	-0.114799990213054	0	7	0.858118413743027	-0.63452755933849	132	14
64783	0	-0.0699572398514532	0	7	0.858118413743027	-0.63452755933849	132	14
64784	0	0.204514550857696	0	7	0.858118413743027	-0.63452755933849	132	14
64785	0	0.0947903192142751	0	7	0.858118413743027	-0.63452755933849	132	14
64786	2	0.148713719003423	0	7	0.858118413743027	-0.63452755933849	132	14
64787	3	0.51193929611866	0	7	0.858118413743027	-0.63452755933849	132	14
64788	0	-0.127269822512743	0	7	0.858118413743027	-0.63452755933849	132	14
64789	0	-0.143463525957521	0	7	0.858118413743027	-0.63452755933849	132	14
64792	3	0.40334214065896	0	7	0.858118413743027	-0.63452755933849	132	14
64793	3	-0.276547994872275	0	7	0.858118413743027	-0.63452755933849	132	14
64794	2	-0.0153077974450967	0	7	0.858118413743027	-0.63452755933849	132	14
64795	1	0.035945785680045	0	7	0.858118413743027	-0.63452755933849	132	14
64798	8	0.210303755463977	0	7	0.858118413743027	-0.63452755933849	132	14
64799	1	0.314971220888738	0	7	0.858118413743027	-0.63452755933849	132	14
64800	1	0.0863226887637228	0	7	0.858118413743027	-0.63452755933849	132	14
64837	0	0.0731527885008198	0	7	0.858118413743027	-0.63452755933849	132	14
64838	2	0.0410630142172266	0	7	0.858118413743027	-0.63452755933849	132	14
64840	0	0.232199729628292	0	7	0.858118413743027	-0.63452755933849	132	14
64844	4	-0.571873281283916	0	7	0.858118413743027	-0.63452755933849	132	14
64847	3	0.365962785838209	0	7	0.858118413743027	-0.63452755933849	132	14
64848	6	-0.435834328917184	0	7	0.858118413743027	-0.63452755933849	132	14
64849	3	0.257072062430156	0	7	0.858118413743027	-0.63452755933849	132	14
64850	3	0.325030225858645	0	7	0.858118413743027	-0.63452755933849	132	14
64852	0	0.103908719196604	0	7	0.858118413743027	-0.63452755933849	132	14
64854	5	0.472250688154394	0	7	0.858118413743027	-0.63452755933849	132	14
64856	0	0.384607450251464	0	7	0.858118413743027	-0.63452755933849	132	14
64858	0	0.160783040388921	0	7	0.858118413743027	-0.63452755933849	132	14
64859	2	-0.270977190174862	0	7	0.858118413743027	-0.63452755933849	132	14
64860	0	0.0686801645651654	0	7	0.858118413743027	-0.63452755933849	132	14
64863	1	0.275207261240758	0	7	0.858118413743027	-0.63452755933849	132	14
64864	0	-0.403710584491044	0	7	0.858118413743027	-0.63452755933849	132	14
64866	2	-0.304907495806785	0	7	0.858118413743027	-0.63452755933849	132	14
64895	0	0.211213734377693	0	7	0.858118413743027	-0.63452755933849	132	14
64897	4	0.358562991657163	0	7	0.858118413743027	-0.63452755933849	132	14
64901	0	0.0444767489219196	0	7	0.858118413743027	-0.63452755933849	132	14
64919	2	-0.108695778887803	0	7	0.858118413743027	-0.63452755933849	132	14
64921	1	-0.0238627485871691	0	7	0.858118413743027	-0.63452755933849	132	14
64922	3	0.231191669878495	0	7	0.858118413743027	-0.63452755933849	132	14
64924	5	0.322834546788904	0	7	0.858118413743027	-0.63452755933849	132	14
64927	0	-0.0514245647889013	0	7	0.858118413743027	-0.63452755933849	132	14
64943	1	-0.276940929544321	0	7	0.858118413743027	-0.63452755933849	132	14
64960	3	0.359590586924323	0	7	0.858118413743027	-0.63452755933849	132	14
64963	7	0.703340353351866	1	7	0.858118413743027	-0.63452755933849	132	14
64976	3	0.409222269332711	0	7	0.858118413743027	-0.63452755933849	132	14
64981	3	0.532592451412072	0	7	0.858118413743027	-0.63452755933849	132	14
65003	4	0.615564418883969	0	7	0.858118413743027	-0.63452755933849	132	14
65005	4	0.184594325378297	0	7	0.858118413743027	-0.63452755933849	132	14
65009	0	0.134420963925745	0	7	0.858118413743027	-0.63452755933849	132	14
65012	2	-0.061451800318257	0	7	0.858118413743027	-0.63452755933849	132	14
65018	4	0.337555906349184	0	7	0.858118413743027	-0.63452755933849	132	14
65055	0	-0.186581056656655	0	7	0.858118413743027	-0.63452755933849	132	14
65057	0	0.12025674527718	0	7	0.858118413743027	-0.63452755933849	132	14
65080	3	0.524587701711162	0	7	0.858118413743027	-0.63452755933849	132	14
65082	0	0.0399710010654593	0	7	0.858118413743027	-0.63452755933849	132	14
65083	2	-0.256936915261586	0	7	0.858118413743027	-0.63452755933849	132	14
65084	2	0.0476771197651029	0	7	0.858118413743027	-0.63452755933849	132	14
65094	0	0.166219745638376	0	7	0.858118413743027	-0.63452755933849	132	14
65095	4	0.331008247804378	0	7	0.858118413743027	-0.63452755933849	132	14
65108	2	-0.231871665897137	0	7	0.858118413743027	-0.63452755933849	132	14
65109	1	0.281781426516934	0	7	0.858118413743027	-0.63452755933849	132	14
65110	0	-0.216621598553042	0	7	0.858118413743027	-0.63452755933849	132	14
65117	0	0.150887819143892	0	7	0.858118413743027	-0.63452755933849	132	14
65123	3	-0.219996978550986	0	7	0.858118413743027	-0.63452755933849	132	14
65124	1	0.362163072576388	0	7	0.858118413743027	-0.63452755933849	132	14
65125	1	0.0362783271104485	0	7	0.858118413743027	-0.63452755933849	132	14
65220	0	0.107462641461111	0	7	0.858118413743027	-0.63452755933849	132	14
65243	2	-0.104690863729483	0	7	0.858118413743027	-0.63452755933849	132	14
65244	2	-0.587558325061204	0	7	0.858118413743027	-0.63452755933849	132	14
65250	4	-0.210116540405684	0	7	0.858118413743027	-0.63452755933849	132	14
65258	1	0.520997015385466	0	7	0.858118413743027	-0.63452755933849	132	14
65260	3	0.337374778135035	0	7	0.858118413743027	-0.63452755933849	132	14
65263	0	-0.208326004047538	0	7	0.858118413743027	-0.63452755933849	132	14
65264	0	0.022293478136219	0	7	0.858118413743027	-0.63452755933849	132	14
65265	1	0.166664512539472	0	7	0.858118413743027	-0.63452755933849	132	14
65979	1	0.251800131466952	0	7	0.858118413743027	-0.63452755933849	132	14
65980	0	-0.116431707463882	0	7	0.858118413743027	-0.63452755933849	132	14
65981	1	-0.0823757484833413	0	7	0.858118413743027	-0.63452755933849	132	14
65982	0	0.00137044299423788	0	7	0.858118413743027	-0.63452755933849	132	14
65983	0	-0.176567940619481	0	7	0.858118413743027	-0.63452755933849	132	14
65985	0	0.123848287749177	0	7	0.858118413743027	-0.63452755933849	132	14
65986	1	0.336039413486372	0	7	0.858118413743027	-0.63452755933849	132	14
65988	0	0.446044326477227	0	7	0.858118413743027	-0.63452755933849	132	14
65989	1	-0.21315315284172	0	7	0.858118413743027	-0.63452755933849	132	14
65990	4	0.533793751470939	0	7	0.858118413743027	-0.63452755933849	132	14
65992	0	0.255801913740594	0	7	0.858118413743027	-0.63452755933849	132	14
65993	4	0.553659573665407	0	7	0.858118413743027	-0.63452755933849	132	14
65997	1	0.430886069255952	0	7	0.858118413743027	-0.63452755933849	132	14
65998	0	-0.16977747736606	0	7	0.858118413743027	-0.63452755933849	132	14
65999	0	0.302485225038693	0	7	0.858118413743027	-0.63452755933849	132	14
66002	2	0.231211749869004	0	7	0.858118413743027	-0.63452755933849	132	14
66008	1	0.238724428962111	0	7	0.858118413743027	-0.63452755933849	132	14
66035	3	-0.0361755856258853	0	7	0.858118413743027	-0.63452755933849	132	14
66036	1	-0.0659664108789325	0	7	0.858118413743027	-0.63452755933849	132	14
78986	0	0.316325884696407	0	7	0.858118413743027	-0.63452755933849	132	14
78987	1	0.403718858438486	0	7	0.858118413743027	-0.63452755933849	132	14
78988	3	0.587839657464011	0	7	0.858118413743027	-0.63452755933849	132	14
78989	3	0.534442277216784	0	7	0.858118413743027	-0.63452755933849	132	14
78990	0	-0.179697922539836	0	7	0.858118413743027	-0.63452755933849	132	14
78991	2	0.0449927833714668	0	7	0.858118413743027	-0.63452755933849	132	14
78992	4	0.487472430369972	0	7	0.858118413743027	-0.63452755933849	132	14
78994	4	0.47646115217063	0	7	0.858118413743027	-0.63452755933849	132	14
78995	1	0.0273935475309136	0	7	0.858118413743027	-0.63452755933849	132	14
78997	3	-0.206711012265507	0	7	0.858118413743027	-0.63452755933849	132	14
78999	1	0.255072308184398	0	7	0.858118413743027	-0.63452755933849	132	14
79001	4	0.596525150196774	0	7	0.858118413743027	-0.63452755933849	132	14
79003	1	0.270154536973118	0	7	0.858118413743027	-0.63452755933849	132	14
79004	4	0.669703595262303	0	7	0.858118413743027	-0.63452755933849	132	14
79006	4	0.600610322942589	0	7	0.858118413743027	-0.63452755933849	132	14
79007	0	0.045106359393678	0	7	0.858118413743027	-0.63452755933849	132	14
79009	0	0.185830928949119	0	7	0.858118413743027	-0.63452755933849	132	14
79016	0	0.216222057987314	0	7	0.858118413743027	-0.63452755933849	132	14
79017	3	0.163024720241932	0	7	0.858118413743027	-0.63452755933849	132	14
79018	4	0.493986825835113	0	7	0.858118413743027	-0.63452755933849	132	14
79022	3	0.364252607471811	0	7	0.858118413743027	-0.63452755933849	132	14
79023	1	0.402606090672964	0	7	0.858118413743027	-0.63452755933849	132	14
79024	0	0.0108466215761039	0	7	0.858118413743027	-0.63452755933849	132	14
79026	3	0.0126055734177031	0	7	0.858118413743027	-0.63452755933849	132	14
79029	0	-0.0127145047708253	0	7	0.858118413743027	-0.63452755933849	132	14
79033	3	0.506024080130486	0	7	0.858118413743027	-0.63452755933849	132	14
79034	4	0.303970083777404	0	7	0.858118413743027	-0.63452755933849	132	14
79035	3	0.224950037933248	0	7	0.858118413743027	-0.63452755933849	132	14
79036	0	0.0366230836029076	0	7	0.858118413743027	-0.63452755933849	132	14
79037	2	-0.381079788405475	0	7	0.858118413743027	-0.63452755933849	132	14
79038	1	0.356772046139903	0	7	0.858118413743027	-0.63452755933849	132	14
79039	4	0.47706700746303	0	7	0.858118413743027	-0.63452755933849	132	14
79042	4	0.420202902227051	0	7	0.858118413743027	-0.63452755933849	132	14
79047	3	-0.139841175729324	0	7	0.858118413743027	-0.63452755933849	132	14
79048	2	0.0160364843758525	0	7	0.858118413743027	-0.63452755933849	132	14
79050	0	0.188490728756781	0	7	0.858118413743027	-0.63452755933849	132	14
79053	0	-0.0804969802358557	0	7	0.858118413743027	-0.63452755933849	132	14
79056	0	-0.0989725581618842	0	7	0.858118413743027	-0.63452755933849	132	14
79058	3	0.347815228292337	0	7	0.858118413743027	-0.63452755933849	132	14
79064	1	0.568559189128148	0	7	0.858118413743027	-0.63452755933849	132	14
79065	1	0.30314915549935	0	7	0.858118413743027	-0.63452755933849	132	14
79068	1	0.531376204871562	0	7	0.858118413743027	-0.63452755933849	132	14
79070	2	-0.358553310333518	0	7	0.858118413743027	-0.63452755933849	132	14
79071	2	0.0513349544414186	0	7	0.858118413743027	-0.63452755933849	132	14
79072	3	0.210837890538253	0	7	0.858118413743027	-0.63452755933849	132	14
79073	1	0.326692756066926	0	7	0.858118413743027	-0.63452755933849	132	14
79074	2	0.254325661880303	0	7	0.858118413743027	-0.63452755933849	132	14
79077	4	0.6666471189802	0	7	0.858118413743027	-0.63452755933849	132	14
79080	0	0.197725950790425	0	7	0.858118413743027	-0.63452755933849	132	14
79083	2	-0.282446833723166	0	7	0.858118413743027	-0.63452755933849	132	14
79084	0	-0.130404672563023	0	7	0.858118413743027	-0.63452755933849	132	14
79086	7	0.680037193287288	1	7	0.858118413743027	-0.63452755933849	132	14
79087	4	0.595678007497043	0	7	0.858118413743027	-0.63452755933849	132	14
79088	1	-0.0420915018581294	0	7	0.858118413743027	-0.63452755933849	132	14
79089	1	0.465972741496498	0	7	0.858118413743027	-0.63452755933849	132	14
79090	4	0.64252826377976	0	7	0.858118413743027	-0.63452755933849	132	14
79091	0	-0.170944273626436	0	7	0.858118413743027	-0.63452755933849	132	14
79092	1	-0.0878261558048419	0	7	0.858118413743027	-0.63452755933849	132	14
79094	0	0.255187321345513	0	7	0.858118413743027	-0.63452755933849	132	14
79095	4	0.351554704538997	0	7	0.858118413743027	-0.63452755933849	132	14
79096	1	0.548681469477766	0	7	0.858118413743027	-0.63452755933849	132	14
79098	12	0.0850653433137661	0	7	0.858118413743027	-0.63452755933849	132	14
79109	3	0.471762694150683	0	7	0.858118413743027	-0.63452755933849	132	14
79132	0	0.140521337018684	0	7	0.858118413743027	-0.63452755933849	132	14
79133	0	0.304088859421773	0	7	0.858118413743027	-0.63452755933849	132	14
79134	0	0.0235128906858737	0	7	0.858118413743027	-0.63452755933849	132	14
79135	1	0.527897261382984	0	7	0.858118413743027	-0.63452755933849	132	14
79137	0	0.286739982147153	0	7	0.858118413743027	-0.63452755933849	132	14
79139	0	0.0894637358448279	0	7	0.858118413743027	-0.63452755933849	132	14
79140	2	-0.00927554457862112	0	7	0.858118413743027	-0.63452755933849	132	14
79143	4	0.489913553429782	0	7	0.858118413743027	-0.63452755933849	132	14
79144	4	0.640564539126798	0	7	0.858118413743027	-0.63452755933849	132	14
79145	1	0.339754533920948	0	7	0.858118413743027	-0.63452755933849	132	14
79147	2	0.513754712059229	0	7	0.858118413743027	-0.63452755933849	132	14
79148	1	0.522853384595919	0	7	0.858118413743027	-0.63452755933849	132	14
79149	0	-0.118372234009626	0	7	0.858118413743027	-0.63452755933849	132	14
79152	12	0.345600940679496	0	7	0.858118413743027	-0.63452755933849	132	14
79153	3	0.23043456226805	0	7	0.858118413743027	-0.63452755933849	132	14
79154	3	0.0814149157272661	0	7	0.858118413743027	-0.63452755933849	132	14
79155	0	0.201633338322189	0	7	0.858118413743027	-0.63452755933849	132	14
79156	2	-0.292919895038549	0	7	0.858118413743027	-0.63452755933849	132	14
79157	1	0.0770763011586045	0	7	0.858118413743027	-0.63452755933849	132	14
79158	5	0.329862177890951	0	7	0.858118413743027	-0.63452755933849	132	14
79159	3	0.0835649200310682	0	7	0.858118413743027	-0.63452755933849	132	14
79161	1	-0.479887738707273	0	7	0.858118413743027	-0.63452755933849	132	14
79169	0	0.0250172588427826	0	7	0.858118413743027	-0.63452755933849	132	14
79170	3	0.26050155503392	0	7	0.858118413743027	-0.63452755933849	132	14
79171	4	0.371622566787254	0	7	0.858118413743027	-0.63452755933849	132	14
79172	0	0.384975429331717	0	7	0.858118413743027	-0.63452755933849	132	14
79173	1	-0.046709438376551	0	7	0.858118413743027	-0.63452755933849	132	14
79174	1	0.241867680999819	0	7	0.858118413743027	-0.63452755933849	132	14
79175	6	-0.23967822776449	0	7	0.858118413743027	-0.63452755933849	132	14
79176	4	0.519082113680667	0	7	0.858118413743027	-0.63452755933849	132	14
79177	7	0.53616974792935	1	7	0.858118413743027	-0.63452755933849	132	14
79178	2	0.289907270895399	0	7	0.858118413743027	-0.63452755933849	132	14
79180	2	-0.000898901461229682	0	7	0.858118413743027	-0.63452755933849	132	14
79183	0	0.0852362162442261	0	7	0.858118413743027	-0.63452755933849	132	14
79184	0	-0.0449249990887815	0	7	0.858118413743027	-0.63452755933849	132	14
79188	2	-0.112570581655113	0	7	0.858118413743027	-0.63452755933849	132	14
79228	2	-0.0492187566783182	0	7	0.858118413743027	-0.63452755933849	132	14
79230	0	0.284518493654025	0	7	0.858118413743027	-0.63452755933849	132	14
79269	1	0.306754144647409	0	7	0.858118413743027	-0.63452755933849	132	14
79363	5	0.437130048147226	0	7	0.858118413743027	-0.63452755933849	132	14
79364	2	-0.00651302933745612	0	7	0.858118413743027	-0.63452755933849	132	14
79365	2	-0.3195280024763	0	7	0.858118413743027	-0.63452755933849	132	14
79366	0	0.186569746958895	0	7	0.858118413743027	-0.63452755933849	132	14
79368	2	-0.149649604643773	0	7	0.858118413743027	-0.63452755933849	132	14
79369	3	0.268564859327383	0	7	0.858118413743027	-0.63452755933849	132	14
79370	1	-0.217230902341229	0	7	0.858118413743027	-0.63452755933849	132	14
79411	3	0.0320173619132626	0	7	0.858118413743027	-0.63452755933849	132	14
79413	2	-0.093045833106462	0	7	0.858118413743027	-0.63452755933849	132	14
79414	4	0.325818040735789	0	7	0.858118413743027	-0.63452755933849	132	14
79415	2	-0.26143623774302	0	7	0.858118413743027	-0.63452755933849	132	14
79442	1	0.463264233667155	0	7	0.858118413743027	-0.63452755933849	132	14
79443	1	0.0963744995406033	0	7	0.858118413743027	-0.63452755933849	132	14
79444	1	-0.266182019204736	0	7	0.858118413743027	-0.63452755933849	132	14
79446	4	0.302505312884296	0	7	0.858118413743027	-0.63452755933849	132	14
79447	0	-0.0226684443832158	0	7	0.858118413743027	-0.63452755933849	132	14
79567	1	0.42005377191669	0	7	0.858118413743027	-0.63452755933849	132	14
79568	3	0.308666107751271	0	7	0.858118413743027	-0.63452755933849	132	14
79571	0	-0.213948290292826	0	7	0.858118413743027	-0.63452755933849	132	14
79572	3	-0.519349642432812	0	7	0.858118413743027	-0.63452755933849	132	14
79573	3	-0.500064070930674	0	7	0.858118413743027	-0.63452755933849	132	14
79574	0	-0.183757947395335	0	7	0.858118413743027	-0.63452755933849	132	14
79575	0	0.130399415503206	0	7	0.858118413743027	-0.63452755933849	132	14
79577	1	0.0215851509085016	0	7	0.858118413743027	-0.63452755933849	132	14
79581	2	-0.189537369420335	0	7	0.858118413743027	-0.63452755933849	132	14
79582	3	0.475748365017153	0	7	0.858118413743027	-0.63452755933849	132	14
79583	1	0.435632199595128	0	7	0.858118413743027	-0.63452755933849	132	14
79585	2	-0.0524911278618866	0	7	0.858118413743027	-0.63452755933849	132	14
79586	1	0.579073798973578	0	7	0.858118413743027	-0.63452755933849	132	14
79587	4	0.30139954645867	0	7	0.858118413743027	-0.63452755933849	132	14
79589	8	-0.112099857729357	0	7	0.858118413743027	-0.63452755933849	132	14
79590	4	0.598931004784669	0	7	0.858118413743027	-0.63452755933849	132	14
79591	0	-0.212582537621623	0	7	0.858118413743027	-0.63452755933849	132	14
79594	0	0.00649240729111888	0	7	0.858118413743027	-0.63452755933849	132	14
79595	1	0.393272849241157	0	7	0.858118413743027	-0.63452755933849	132	14
79596	1	0.200968040545039	0	7	0.858118413743027	-0.63452755933849	132	14
79598	0	0.0712744909362498	0	7	0.858118413743027	-0.63452755933849	132	14
79600	1	0.425305290212136	0	7	0.858118413743027	-0.63452755933849	132	14
79602	1	0.298001729030861	0	7	0.858118413743027	-0.63452755933849	132	14
79603	4	0.419228258032813	0	7	0.858118413743027	-0.63452755933849	132	14
79605	0	-0.176059831081912	0	7	0.858118413743027	-0.63452755933849	132	14
79608	1	0.0929639939535109	0	7	0.858118413743027	-0.63452755933849	132	14
79609	6	-0.486042570159507	0	7	0.858118413743027	-0.63452755933849	132	14
79611	3	0.1696716223726	0	7	0.858118413743027	-0.63452755933849	132	14
79612	6	-0.284610868943329	0	7	0.858118413743027	-0.63452755933849	132	14
79616	0	0.0431011616900285	0	7	0.858118413743027	-0.63452755933849	132	14
79618	13	-0.35127363940207	0	7	0.858118413743027	-0.63452755933849	132	14
79621	0	0.204542972523831	0	7	0.858118413743027	-0.63452755933849	132	14
79622	4	0.581025102570753	0	7	0.858118413743027	-0.63452755933849	132	14
79623	8	-0.0108086725000485	0	7	0.858118413743027	-0.63452755933849	132	14
79624	3	0.188055627054404	0	7	0.858118413743027	-0.63452755933849	132	14
79625	1	0.378857799645776	0	7	0.858118413743027	-0.63452755933849	132	14
79627	3	-0.281524720144426	0	7	0.858118413743027	-0.63452755933849	132	14
79628	4	-0.300310448329351	0	7	0.858118413743027	-0.63452755933849	132	14
79629	4	0.766190428503748	0	7	0.858118413743027	-0.63452755933849	132	14
79630	3	-0.0740310817020837	0	7	0.858118413743027	-0.63452755933849	132	14
79631	1	0.105721243598609	0	7	0.858118413743027	-0.63452755933849	132	14
79632	0	0.189666350098848	0	7	0.858118413743027	-0.63452755933849	132	14
79633	3	-0.485415768359744	0	7	0.858118413743027	-0.63452755933849	132	14
79634	1	0.175476042906327	0	7	0.858118413743027	-0.63452755933849	132	14
79635	1	0.375320030223466	0	7	0.858118413743027	-0.63452755933849	132	14
79637	0	0.188893609021685	0	7	0.858118413743027	-0.63452755933849	132	14
79639	3	0.585663107622503	0	7	0.858118413743027	-0.63452755933849	132	14
79641	3	0.465949541565895	0	7	0.858118413743027	-0.63452755933849	132	14
79642	2	-0.205079868296439	0	7	0.858118413743027	-0.63452755933849	132	14
79643	4	0.300930981332669	0	7	0.858118413743027	-0.63452755933849	132	14
79644	1	0.438383461715792	0	7	0.858118413743027	-0.63452755933849	132	14
79646	0	0.204006865640355	0	7	0.858118413743027	-0.63452755933849	132	14
79647	1	0.319852002230837	0	7	0.858118413743027	-0.63452755933849	132	14
79648	1	0.225781013609078	0	7	0.858118413743027	-0.63452755933849	132	14
79649	2	-0.276130687432878	0	7	0.858118413743027	-0.63452755933849	132	14
79650	2	0.205580078500295	0	7	0.858118413743027	-0.63452755933849	132	14
79651	2	-0.199548335168429	0	7	0.858118413743027	-0.63452755933849	132	14
79652	9	0.221878280934628	0	7	0.858118413743027	-0.63452755933849	132	14
79654	0	0.188050324097823	0	7	0.858118413743027	-0.63452755933849	132	14
79656	1	0.0227827512758432	0	7	0.858118413743027	-0.63452755933849	132	14
79657	0	0.00903945800872718	0	7	0.858118413743027	-0.63452755933849	132	14
79658	1	-0.0468072330289321	0	7	0.858118413743027	-0.63452755933849	132	14
79659	2	-0.103584317436841	0	7	0.858118413743027	-0.63452755933849	132	14
79663	6	-0.358822932746518	0	7	0.858118413743027	-0.63452755933849	132	14
79664	1	0.114891250356644	0	7	0.858118413743027	-0.63452755933849	132	14
79665	0	0.145765825579181	0	7	0.858118413743027	-0.63452755933849	132	14
79666	3	0.268413306043435	0	7	0.858118413743027	-0.63452755933849	132	14
79668	3	-0.362771688792846	0	7	0.858118413743027	-0.63452755933849	132	14
79669	1	-0.188856332580133	0	7	0.858118413743027	-0.63452755933849	132	14
79670	3	-0.216209649910408	0	7	0.858118413743027	-0.63452755933849	132	14
79671	0	0.282219409505062	0	7	0.858118413743027	-0.63452755933849	132	14
79672	4	0.196451588499798	0	7	0.858118413743027	-0.63452755933849	132	14
79673	4	-0.399274384081073	0	7	0.858118413743027	-0.63452755933849	132	14
79675	4	-0.237153552342082	0	7	0.858118413743027	-0.63452755933849	132	14
79676	0	0.129318004811018	0	7	0.858118413743027	-0.63452755933849	132	14
79677	2	-0.2549507340872	0	7	0.858118413743027	-0.63452755933849	132	14
79679	2	-0.136954056689083	0	7	0.858118413743027	-0.63452755933849	132	14
79683	3	-0.392758775838864	0	7	0.858118413743027	-0.63452755933849	132	14
79684	6	-0.402690202746863	0	7	0.858118413743027	-0.63452755933849	132	14
79685	0	-0.175481410734644	0	7	0.858118413743027	-0.63452755933849	132	14
79689	2	-0.0139414628076539	0	7	0.858118413743027	-0.63452755933849	132	14
79690	2	-0.242801290400293	0	7	0.858118413743027	-0.63452755933849	132	14
79691	1	-0.122883741432791	0	7	0.858118413743027	-0.63452755933849	132	14
79693	1	0.305399622478499	0	7	0.858118413743027	-0.63452755933849	132	14
79694	1	0.467705004806137	0	7	0.858118413743027	-0.63452755933849	132	14
79695	2	-0.102390372841019	0	7	0.858118413743027	-0.63452755933849	132	14
79696	0	0.336500465593306	0	7	0.858118413743027	-0.63452755933849	132	14
79697	0	0.173215571544791	0	7	0.858118413743027	-0.63452755933849	132	14
79701	4	0.358163150833287	0	7	0.858118413743027	-0.63452755933849	132	14
79703	2	-0.332546048977223	0	7	0.858118413743027	-0.63452755933849	132	14
79705	2	-0.236463214644115	0	7	0.858118413743027	-0.63452755933849	132	14
79707	0	-0.202145893301612	0	7	0.858118413743027	-0.63452755933849	132	14
79709	2	-0.117665620841114	0	7	0.858118413743027	-0.63452755933849	132	14
79710	0	0.0200251109277344	0	7	0.858118413743027	-0.63452755933849	132	14
79711	3	0.175975412045585	0	7	0.858118413743027	-0.63452755933849	132	14
79712	5	0.506547507683444	0	7	0.858118413743027	-0.63452755933849	132	14
79713	2	0.21237578578829	0	7	0.858118413743027	-0.63452755933849	132	14
79714	0	0.197179762228976	0	7	0.858118413743027	-0.63452755933849	132	14
79717	3	0.363916655670476	0	7	0.858118413743027	-0.63452755933849	132	14
79718	2	-0.547646228583207	0	7	0.858118413743027	-0.63452755933849	132	14
79719	1	-0.0951776442002778	0	7	0.858118413743027	-0.63452755933849	132	14
79720	0	-0.370013005554714	0	7	0.858118413743027	-0.63452755933849	132	14
79722	0	0.0889132153106703	0	7	0.858118413743027	-0.63452755933849	132	14
79723	0	-0.0049065395001714	0	7	0.858118413743027	-0.63452755933849	132	14
79725	2	0.348622837703095	0	7	0.858118413743027	-0.63452755933849	132	14
79726	3	0.226383345799607	0	7	0.858118413743027	-0.63452755933849	132	14
79728	3	0.135048625627034	0	7	0.858118413743027	-0.63452755933849	132	14
79729	1	0.220968823758174	0	7	0.858118413743027	-0.63452755933849	132	14
79731	8	-0.0390491519249986	0	7	0.858118413743027	-0.63452755933849	132	14
79733	2	-0.0266429136543656	0	7	0.858118413743027	-0.63452755933849	132	14
79734	2	0.0164654112308659	0	7	0.858118413743027	-0.63452755933849	132	14
79736	0	-0.0397041757648478	0	7	0.858118413743027	-0.63452755933849	132	14
79738	0	0.40491321397713	0	7	0.858118413743027	-0.63452755933849	132	14
79739	0	0.0967308499408319	0	7	0.858118413743027	-0.63452755933849	132	14
79740	2	-0.039198802701444	0	7	0.858118413743027	-0.63452755933849	132	14
79742	2	0.212209901683895	0	7	0.858118413743027	-0.63452755933849	132	14
79744	0	-0.198824874514118	0	7	0.858118413743027	-0.63452755933849	132	14
79745	1	0.174365230334914	0	7	0.858118413743027	-0.63452755933849	132	14
79746	3	0.425956867596061	0	7	0.858118413743027	-0.63452755933849	132	14
79750	0	0.145591330257487	0	7	0.858118413743027	-0.63452755933849	132	14
79751	0	0.256109956680058	0	7	0.858118413743027	-0.63452755933849	132	14
79752	2	0.0257076598492836	0	7	0.858118413743027	-0.63452755933849	132	14
79753	0	-0.230569200390663	0	7	0.858118413743027	-0.63452755933849	132	14
79754	3	0.457498452820537	0	7	0.858118413743027	-0.63452755933849	132	14
79755	0	0.0835245563940717	0	7	0.858118413743027	-0.63452755933849	132	14
79758	3	0.550516088684768	0	7	0.858118413743027	-0.63452755933849	132	14
79759	2	-0.0815667377511458	0	7	0.858118413743027	-0.63452755933849	132	14
79760	7	0.612933085409117	1	7	0.858118413743027	-0.63452755933849	132	14
79762	1	0.509313965775802	0	7	0.858118413743027	-0.63452755933849	132	14
79763	3	0.502860428819388	0	7	0.858118413743027	-0.63452755933849	132	14
79767	3	0.107881270968316	0	7	0.858118413743027	-0.63452755933849	132	14
79768	6	-0.423651344910384	0	7	0.858118413743027	-0.63452755933849	132	14
79770	1	-0.0265694586490002	0	7	0.858118413743027	-0.63452755933849	132	14
79772	2	-0.341173239339167	0	7	0.858118413743027	-0.63452755933849	132	14
79774	3	0.526869697274649	0	7	0.858118413743027	-0.63452755933849	132	14
79776	2	-0.282551898025893	0	7	0.858118413743027	-0.63452755933849	132	14
79777	3	0.392386867112913	0	7	0.858118413743027	-0.63452755933849	132	14
79778	2	-0.381757737385958	0	7	0.858118413743027	-0.63452755933849	132	14
79781	0	-0.0643455519475257	0	7	0.858118413743027	-0.63452755933849	132	14
79783	3	0.445866744097114	0	7	0.858118413743027	-0.63452755933849	132	14
79784	0	-0.179347769871203	0	7	0.858118413743027	-0.63452755933849	132	14
79785	1	-0.00770075876174235	0	7	0.858118413743027	-0.63452755933849	132	14
79786	0	0.137184404659746	0	7	0.858118413743027	-0.63452755933849	132	14
79788	0	0.200852889997767	0	7	0.858118413743027	-0.63452755933849	132	14
79789	8	-0.269622069692097	0	7	0.858118413743027	-0.63452755933849	132	14
79791	0	0.403143675639758	0	7	0.858118413743027	-0.63452755933849	132	14
79792	4	0.595608160855028	0	7	0.858118413743027	-0.63452755933849	132	14
79794	0	0.373547086675483	0	7	0.858118413743027	-0.63452755933849	132	14
79796	0	-0.166446619590632	0	7	0.858118413743027	-0.63452755933849	132	14
79797	0	0.0772547062375073	0	7	0.858118413743027	-0.63452755933849	132	14
79800	1	0.178342271672216	0	7	0.858118413743027	-0.63452755933849	132	14
79801	1	-0.239718603542342	0	7	0.858118413743027	-0.63452755933849	132	14
79803	0	0.444778972957273	0	7	0.858118413743027	-0.63452755933849	132	14
79805	1	-0.38954749439442	0	7	0.858118413743027	-0.63452755933849	132	14
79810	1	0.291013206287209	0	7	0.858118413743027	-0.63452755933849	132	14
79811	4	-0.368816789264702	0	7	0.858118413743027	-0.63452755933849	132	14
79812	11	-0.350923459927899	0	7	0.858118413743027	-0.63452755933849	132	14
79813	3	-0.335211370896607	0	7	0.858118413743027	-0.63452755933849	132	14
79814	3	0.608185399294167	0	7	0.858118413743027	-0.63452755933849	132	14
79815	3	-0.212762961238052	0	7	0.858118413743027	-0.63452755933849	132	14
79816	1	-0.144412757392384	0	7	0.858118413743027	-0.63452755933849	132	14
79817	1	0.0421627956945139	0	7	0.858118413743027	-0.63452755933849	132	14
79818	1	-0.122225506337592	0	7	0.858118413743027	-0.63452755933849	132	14
79819	1	0.459473420929382	0	7	0.858118413743027	-0.63452755933849	132	14
79822	1	0.278232818648805	0	7	0.858118413743027	-0.63452755933849	132	14
79823	0	-0.174860959919269	0	7	0.858118413743027	-0.63452755933849	132	14
79825	0	0.0813411654895845	0	7	0.858118413743027	-0.63452755933849	132	14
79828	0	-0.0123551931196386	0	7	0.858118413743027	-0.63452755933849	132	14
79829	1	-0.335201143329277	0	7	0.858118413743027	-0.63452755933849	132	14
79830	0	-0.122767599361009	0	7	0.858118413743027	-0.63452755933849	132	14
79831	2	0.283653714033403	0	7	0.858118413743027	-0.63452755933849	132	14
79832	3	-0.390546747439547	0	7	0.858118413743027	-0.63452755933849	132	14
79833	0	0.431603407541062	0	7	0.858118413743027	-0.63452755933849	132	14
79834	3	-0.363170583601454	0	7	0.858118413743027	-0.63452755933849	132	14
79836	2	0.435693883983837	0	7	0.858118413743027	-0.63452755933849	132	14
79837	1	0.482749308377415	0	7	0.858118413743027	-0.63452755933849	132	14
79839	2	-0.229375234204181	0	7	0.858118413743027	-0.63452755933849	132	14
79841	0	0.0380917207842741	0	7	0.858118413743027	-0.63452755933849	132	14
79843	0	0.372557385725168	0	7	0.858118413743027	-0.63452755933849	132	14
79845	2	-0.0915901515318939	0	7	0.858118413743027	-0.63452755933849	132	14
79846	3	0.00944429299164875	0	7	0.858118413743027	-0.63452755933849	132	14
79847	3	-0.0437960212199173	0	7	0.858118413743027	-0.63452755933849	132	14
79848	2	0.099027804351951	0	7	0.858118413743027	-0.63452755933849	132	14
79849	3	0.412734125979472	0	7	0.858118413743027	-0.63452755933849	132	14
79850	2	-0.1168069689665	0	7	0.858118413743027	-0.63452755933849	132	14
79852	0	0.312531314471847	0	7	0.858118413743027	-0.63452755933849	132	14
79858	1	0.257788914036834	0	7	0.858118413743027	-0.63452755933849	132	14
79861	3	0.113940405626009	0	7	0.858118413743027	-0.63452755933849	132	14
79862	0	0.114586116957286	0	7	0.858118413743027	-0.63452755933849	132	14
79863	0	0.0576681985453324	0	7	0.858118413743027	-0.63452755933849	132	14
79864	1	0.586609337480897	0	7	0.858118413743027	-0.63452755933849	132	14
79865	0	0.0874730510463934	0	7	0.858118413743027	-0.63452755933849	132	14
79866	2	-0.236896202884644	0	7	0.858118413743027	-0.63452755933849	132	14
79867	5	0.292026714271892	0	7	0.858118413743027	-0.63452755933849	132	14
79868	6	-0.597727568112556	0	7	0.858118413743027	-0.63452755933849	132	14
79869	0	0.0158369985093524	0	7	0.858118413743027	-0.63452755933849	132	14
79870	3	-0.232295431355059	0	7	0.858118413743027	-0.63452755933849	132	14
79871	0	0.278171651034642	0	7	0.858118413743027	-0.63452755933849	132	14
79872	1	0.192483894475759	0	7	0.858118413743027	-0.63452755933849	132	14
79873	0	-0.116799876999636	0	7	0.858118413743027	-0.63452755933849	132	14
79874	3	-0.294585046747086	0	7	0.858118413743027	-0.63452755933849	132	14
79875	2	-0.305317742135211	0	7	0.858118413743027	-0.63452755933849	132	14
79876	0	-0.2034722766591	0	7	0.858118413743027	-0.63452755933849	132	14
79877	4	0.558209145467629	0	7	0.858118413743027	-0.63452755933849	132	14
79879	0	0.340218225096001	0	7	0.858118413743027	-0.63452755933849	132	14
79882	1	0.111823348265007	0	7	0.858118413743027	-0.63452755933849	132	14
79883	2	-0.174058529907269	0	7	0.858118413743027	-0.63452755933849	132	14
79884	1	0.258420850639384	0	7	0.858118413743027	-0.63452755933849	132	14
79885	3	0.168703028057442	0	7	0.858118413743027	-0.63452755933849	132	14
79886	0	0.275950988515175	0	7	0.858118413743027	-0.63452755933849	132	14
79887	1	0.319659773070028	0	7	0.858118413743027	-0.63452755933849	132	14
79888	1	0.0654190458583522	0	7	0.858118413743027	-0.63452755933849	132	14
79890	0	-0.028957134031688	0	7	0.858118413743027	-0.63452755933849	132	14
79891	1	0.259785236846906	0	7	0.858118413743027	-0.63452755933849	132	14
79892	3	0.0470365904444025	0	7	0.858118413743027	-0.63452755933849	132	14
79893	0	-0.238086640042535	0	7	0.858118413743027	-0.63452755933849	132	14
79894	0	0.0506832910278821	0	7	0.858118413743027	-0.63452755933849	132	14
79895	1	-0.34755637633558	0	7	0.858118413743027	-0.63452755933849	132	14
79896	3	0.0885374163932099	0	7	0.858118413743027	-0.63452755933849	132	14
79899	2	-0.405618261562299	0	7	0.858118413743027	-0.63452755933849	132	14
79901	2	-0.187322426951771	0	7	0.858118413743027	-0.63452755933849	132	14
79902	0	-0.298710807478504	0	7	0.858118413743027	-0.63452755933849	132	14
79903	4	0.643403894213997	0	7	0.858118413743027	-0.63452755933849	132	14
79905	1	-0.28020985493279	0	7	0.858118413743027	-0.63452755933849	132	14
79906	0	0.0431675642926106	0	7	0.858118413743027	-0.63452755933849	132	14
79912	1	0.462614554738559	0	7	0.858118413743027	-0.63452755933849	132	14
79913	0	-0.21444027999876	0	7	0.858118413743027	-0.63452755933849	132	14
79915	6	-0.40082181274865	0	7	0.858118413743027	-0.63452755933849	132	14
79917	0	-0.113099902231743	0	7	0.858118413743027	-0.63452755933849	132	14
79918	0	-0.188790768576475	0	7	0.858118413743027	-0.63452755933849	132	14
79919	3	-0.0626561057313829	0	7	0.858118413743027	-0.63452755933849	132	14
79921	0	0.213249396673838	0	7	0.858118413743027	-0.63452755933849	132	14
79922	0	0.0634054148153951	0	7	0.858118413743027	-0.63452755933849	132	14
79924	1	0.0209946268247386	0	7	0.858118413743027	-0.63452755933849	132	14
79927	0	0.171268964867424	0	7	0.858118413743027	-0.63452755933849	132	14
79929	3	-0.0163362308839077	0	7	0.858118413743027	-0.63452755933849	132	14
79930	2	-0.0126316613465833	0	7	0.858118413743027	-0.63452755933849	132	14
79932	2	0.28264228249966	0	7	0.858118413743027	-0.63452755933849	132	14
79933	0	0.0160881135746781	0	7	0.858118413743027	-0.63452755933849	132	14
79935	0	0.215907545216441	0	7	0.858118413743027	-0.63452755933849	132	14
79939	0	0.118240478843064	0	7	0.858118413743027	-0.63452755933849	132	14
79943	4	-0.401296009729071	0	7	0.858118413743027	-0.63452755933849	132	14
79944	3	0.176247726280633	0	7	0.858118413743027	-0.63452755933849	132	14
79947	0	0.123351995152663	0	7	0.858118413743027	-0.63452755933849	132	14
79948	0	-0.001691078437113	0	7	0.858118413743027	-0.63452755933849	132	14
79953	0	0.15989687975842	0	7	0.858118413743027	-0.63452755933849	132	14
79954	0	0.0545761320645028	0	7	0.858118413743027	-0.63452755933849	132	14
79955	0	0.0560147900064052	0	7	0.858118413743027	-0.63452755933849	132	14
79956	1	0.107086949466021	0	7	0.858118413743027	-0.63452755933849	132	14
79957	0	0.0739065005457015	0	7	0.858118413743027	-0.63452755933849	132	14
79958	2	-0.0144877919369807	0	7	0.858118413743027	-0.63452755933849	132	14
79959	0	-0.178517250205319	0	7	0.858118413743027	-0.63452755933849	132	14
79960	1	0.49676602326507	0	7	0.858118413743027	-0.63452755933849	132	14
79961	2	-0.235428538421441	0	7	0.858118413743027	-0.63452755933849	132	14
79962	3	0.0665101408054484	0	7	0.858118413743027	-0.63452755933849	132	14
79968	2	-0.0349152419908076	0	7	0.858118413743027	-0.63452755933849	132	14
79971	8	0.00167356761077422	0	7	0.858118413743027	-0.63452755933849	132	14
79973	2	0.469609787676683	0	7	0.858118413743027	-0.63452755933849	132	14
79974	1	-0.115173000816107	0	7	0.858118413743027	-0.63452755933849	132	14
79977	12	-0.11177351738114	0	7	0.858118413743027	-0.63452755933849	132	14
79979	0	-0.160129132208525	0	7	0.858118413743027	-0.63452755933849	132	14
79980	0	0.0243735251033035	0	7	0.858118413743027	-0.63452755933849	132	14
79981	2	0.502973369157411	0	7	0.858118413743027	-0.63452755933849	132	14
79982	1	-0.207879639011351	0	7	0.858118413743027	-0.63452755933849	132	14
79983	1	0.0129798136822517	0	7	0.858118413743027	-0.63452755933849	132	14
79987	2	-0.445074030533995	0	7	0.858118413743027	-0.63452755933849	132	14
79989	1	0.419713936411492	0	7	0.858118413743027	-0.63452755933849	132	14
79990	0	-0.00566681168461811	0	7	0.858118413743027	-0.63452755933849	132	14
79991	1	0.0945584667664347	0	7	0.858118413743027	-0.63452755933849	132	14
80000	0	-0.160869173281834	0	7	0.858118413743027	-0.63452755933849	132	14
80003	2	-0.207391539583673	0	7	0.858118413743027	-0.63452755933849	132	14
80005	5	0.410539782690093	0	7	0.858118413743027	-0.63452755933849	132	14
80006	0	-0.121042475133246	0	7	0.858118413743027	-0.63452755933849	132	14
80007	0	-0.108024597180534	0	7	0.858118413743027	-0.63452755933849	132	14
80008	2	-0.47196849300485	0	7	0.858118413743027	-0.63452755933849	132	14
80010	0	0.0907338943778896	0	7	0.858118413743027	-0.63452755933849	132	14
80011	1	0.462445140165156	0	7	0.858118413743027	-0.63452755933849	132	14
80017	3	-0.175179593293049	0	7	0.858118413743027	-0.63452755933849	132	14
80019	0	-0.0893019239018638	0	7	0.858118413743027	-0.63452755933849	132	14
80020	3	0.514774188346228	0	7	0.858118413743027	-0.63452755933849	132	14
80021	2	-0.235448297378347	0	7	0.858118413743027	-0.63452755933849	132	14
80022	0	-0.393488327915473	0	7	0.858118413743027	-0.63452755933849	132	14
80023	1	0.558075658788705	0	7	0.858118413743027	-0.63452755933849	132	14
80024	2	-0.218943195759111	0	7	0.858118413743027	-0.63452755933849	132	14
80025	3	-0.222698430417796	0	7	0.858118413743027	-0.63452755933849	132	14
80028	3	-0.163573339188555	0	7	0.858118413743027	-0.63452755933849	132	14
80031	1	0.435244725128516	0	7	0.858118413743027	-0.63452755933849	132	14
80034	3	0.0475382194417081	0	7	0.858118413743027	-0.63452755933849	132	14
80036	3	0.218729522068565	0	7	0.858118413743027	-0.63452755933849	132	14
80055	0	0.222492784578447	0	7	0.858118413743027	-0.63452755933849	132	14
80067	0	-0.124749997780787	0	7	0.858118413743027	-0.63452755933849	132	14
80071	0	0.0489491481722776	0	7	0.858118413743027	-0.63452755933849	132	14
80086	3	0.159927078082745	0	7	0.858118413743027	-0.63452755933849	132	14
80095	1	-0.131017757662431	0	7	0.858118413743027	-0.63452755933849	132	14
80108	1	0.00664347607100171	0	7	0.858118413743027	-0.63452755933849	132	14
80110	0	0.256188549521743	0	7	0.858118413743027	-0.63452755933849	132	14
80111	2	-0.173732965882491	0	7	0.858118413743027	-0.63452755933849	132	14
80114	2	-0.282966629056884	0	7	0.858118413743027	-0.63452755933849	132	14
80124	1	0.311565368335423	0	7	0.858118413743027	-0.63452755933849	132	14
80127	3	0.551045876761066	0	7	0.858118413743027	-0.63452755933849	132	14
80128	0	-0.0201488666331772	0	7	0.858118413743027	-0.63452755933849	132	14
80129	1	-0.287481126741512	0	7	0.858118413743027	-0.63452755933849	132	14
80131	2	-0.0654090239336403	0	7	0.858118413743027	-0.63452755933849	132	14
80133	0	0.0104631223768386	0	7	0.858118413743027	-0.63452755933849	132	14
80135	0	-0.0416391846816195	0	7	0.858118413743027	-0.63452755933849	132	14
80142	0	0.128717735144053	0	7	0.858118413743027	-0.63452755933849	132	14
80143	0	0.122904738075964	0	7	0.858118413743027	-0.63452755933849	132	14
80144	0	0.0716483764692371	0	7	0.858118413743027	-0.63452755933849	132	14
80145	1	0.550075386180469	0	7	0.858118413743027	-0.63452755933849	132	14
80146	2	-0.271623189924219	0	7	0.858118413743027	-0.63452755933849	132	14
80148	0	-0.145843501477908	0	7	0.858118413743027	-0.63452755933849	132	14
80150	3	0.156725901325575	0	7	0.858118413743027	-0.63452755933849	132	14
80152	0	-0.214589483456215	0	7	0.858118413743027	-0.63452755933849	132	14
80153	0	-0.092338532567479	0	7	0.858118413743027	-0.63452755933849	132	14
80155	0	-0.118916634434085	0	7	0.858118413743027	-0.63452755933849	132	14
80157	3	0.155348709754157	0	7	0.858118413743027	-0.63452755933849	132	14
80162	2	0.0922051864521344	0	7	0.858118413743027	-0.63452755933849	132	14
80164	0	0.281371673165462	0	7	0.858118413743027	-0.63452755933849	132	14
80167	6	-0.18791741792408	0	7	0.858118413743027	-0.63452755933849	132	14
80168	0	0.300211371597124	0	7	0.858118413743027	-0.63452755933849	132	14
80169	0	0.121807878806118	0	7	0.858118413743027	-0.63452755933849	132	14
80173	0	0.260830571211804	0	7	0.858118413743027	-0.63452755933849	132	14
80176	1	0.283771489646603	0	7	0.858118413743027	-0.63452755933849	132	14
80177	9	0.407146399275022	0	7	0.858118413743027	-0.63452755933849	132	14
80178	0	-0.0878516485456314	0	7	0.858118413743027	-0.63452755933849	132	14
80179	1	-0.0824793704553257	0	7	0.858118413743027	-0.63452755933849	132	14
80183	2	-0.39737575562275	0	7	0.858118413743027	-0.63452755933849	132	14
80184	1	0.117227814175479	0	7	0.858118413743027	-0.63452755933849	132	14
80185	1	0.250314635869737	0	7	0.858118413743027	-0.63452755933849	132	14
80194	4	0.676610737855483	0	7	0.858118413743027	-0.63452755933849	132	14
80195	3	0.45673322007339	0	7	0.858118413743027	-0.63452755933849	132	14
80196	3	-0.35230441500368	0	7	0.858118413743027	-0.63452755933849	132	14
80198	0	0.118132431494411	0	7	0.858118413743027	-0.63452755933849	132	14
80199	7	0.825816867396504	1	7	0.858118413743027	-0.63452755933849	132	14
80201	1	0.0749429570603117	0	7	0.858118413743027	-0.63452755933849	132	14
80204	7	-0.588012280589516	1	7	0.858118413743027	-0.63452755933849	132	14
80205	5	0.0348137995054602	0	7	0.858118413743027	-0.63452755933849	132	14
80206	8	-0.289051382459363	0	7	0.858118413743027	-0.63452755933849	132	14
80207	0	0.267045737574174	0	7	0.858118413743027	-0.63452755933849	132	14
80208	0	-0.352589143267487	0	7	0.858118413743027	-0.63452755933849	132	14
80209	2	0.161185891906516	0	7	0.858118413743027	-0.63452755933849	132	14
80210	2	-0.354051166267314	0	7	0.858118413743027	-0.63452755933849	132	14
80212	1	0.0779920786447686	0	7	0.858118413743027	-0.63452755933849	132	14
80213	1	0.0520599818358288	0	7	0.858118413743027	-0.63452755933849	132	14
80217	0	0.157573183986499	0	7	0.858118413743027	-0.63452755933849	132	14
80218	0	-0.138193224692156	0	7	0.858118413743027	-0.63452755933849	132	14
80219	1	0.213415470164453	0	7	0.858118413743027	-0.63452755933849	132	14
80221	3	0.293715427007811	0	7	0.858118413743027	-0.63452755933849	132	14
80223	0	0.0495729576398724	0	7	0.858118413743027	-0.63452755933849	132	14
80224	2	0.134395367232519	0	7	0.858118413743027	-0.63452755933849	132	14
80227	3	0.186607633642852	0	7	0.858118413743027	-0.63452755933849	132	14
80228	0	-0.276307082538428	0	7	0.858118413743027	-0.63452755933849	132	14
80230	0	0.145751855592424	0	7	0.858118413743027	-0.63452755933849	132	14
80231	2	-0.223138674757344	0	7	0.858118413743027	-0.63452755933849	132	14
80232	1	-0.148162604029655	0	7	0.858118413743027	-0.63452755933849	132	14
80233	1	-0.208646091336036	0	7	0.858118413743027	-0.63452755933849	132	14
80235	1	0.336371600838539	0	7	0.858118413743027	-0.63452755933849	132	14
80237	0	-0.0685637352161321	0	7	0.858118413743027	-0.63452755933849	132	14
80254	1	0.282630629724629	0	7	0.858118413743027	-0.63452755933849	132	14
80256	0	-0.475905003766304	0	7	0.858118413743027	-0.63452755933849	132	14
80258	0	-0.0993109580121317	0	7	0.858118413743027	-0.63452755933849	132	14
80263	3	-0.284199765975545	0	7	0.858118413743027	-0.63452755933849	132	14
80264	0	0.271029137739034	0	7	0.858118413743027	-0.63452755933849	132	14
80267	5	0.283527401831778	0	7	0.858118413743027	-0.63452755933849	132	14
80271	0	0.320406909801654	0	7	0.858118413743027	-0.63452755933849	132	14
80273	3	0.519304187457662	0	7	0.858118413743027	-0.63452755933849	132	14
80279	0	0.0468220414671939	0	7	0.858118413743027	-0.63452755933849	132	14
80301	2	-0.376157175900195	0	7	0.858118413743027	-0.63452755933849	132	14
80303	2	0.438385161661799	0	7	0.858118413743027	-0.63452755933849	132	14
80304	0	-0.00582181952754309	0	7	0.858118413743027	-0.63452755933849	132	14
80305	0	0.145132672583686	0	7	0.858118413743027	-0.63452755933849	132	14
80306	1	0.277319920941119	0	7	0.858118413743027	-0.63452755933849	132	14
80308	0	0.0621907322930263	0	7	0.858118413743027	-0.63452755933849	132	14
80310	9	0.140986591157185	0	7	0.858118413743027	-0.63452755933849	132	14
80317	2	-0.00042554713029486	0	7	0.858118413743027	-0.63452755933849	132	14
80319	1	0.278733458591753	0	7	0.858118413743027	-0.63452755933849	132	14
80321	3	0.102620050615026	0	7	0.858118413743027	-0.63452755933849	132	14
80323	1	0.318585518939921	0	7	0.858118413743027	-0.63452755933849	132	14
80324	1	0.0461210517141392	0	7	0.858118413743027	-0.63452755933849	132	14
80335	0	-0.0126252071608807	0	7	0.858118413743027	-0.63452755933849	132	14
80339	3	0.265782937507278	0	7	0.858118413743027	-0.63452755933849	132	14
80342	2	-0.284121116640447	0	7	0.858118413743027	-0.63452755933849	132	14
80344	1	0.488731897320478	0	7	0.858118413743027	-0.63452755933849	132	14
80345	2	-0.303623105637544	0	7	0.858118413743027	-0.63452755933849	132	14
80346	0	0.222467255504273	0	7	0.858118413743027	-0.63452755933849	132	14
80347	4	0.540349464383653	0	7	0.858118413743027	-0.63452755933849	132	14
80349	0	0.211263432612888	0	7	0.858118413743027	-0.63452755933849	132	14
80351	0	-0.15991390650965	0	7	0.858118413743027	-0.63452755933849	132	14
80380	2	0.174518397617722	0	7	0.858118413743027	-0.63452755933849	132	14
80704	1	0.17752653893644	0	7	0.858118413743027	-0.63452755933849	132	14
80705	1	0.128385368320431	0	7	0.858118413743027	-0.63452755933849	132	14
80723	0	-0.272111758768609	0	7	0.858118413743027	-0.63452755933849	132	14
80724	3	0.0121000451216179	0	7	0.858118413743027	-0.63452755933849	132	14
80745	6	-0.383222998896237	0	7	0.858118413743027	-0.63452755933849	132	14
80746	0	-0.307754006995429	0	7	0.858118413743027	-0.63452755933849	132	14
80757	0	0.019248957503788	0	7	0.858118413743027	-0.63452755933849	132	14
80758	1	0.120509196360208	0	7	0.858118413743027	-0.63452755933849	132	14
80760	1	0.198415067205032	0	7	0.858118413743027	-0.63452755933849	132	14
80762	1	0.331479982490149	0	7	0.858118413743027	-0.63452755933849	132	14
80763	11	0.517428344956014	0	7	0.858118413743027	-0.63452755933849	132	14
80764	4	0.30116768238102	0	7	0.858118413743027	-0.63452755933849	132	14
80765	2	-0.0205574364300129	0	7	0.858118413743027	-0.63452755933849	132	14
80772	4	0.493141664056068	0	7	0.858118413743027	-0.63452755933849	132	14
80774	2	0.118643206322013	0	7	0.858118413743027	-0.63452755933849	132	14
80775	3	0.10208669625135	0	7	0.858118413743027	-0.63452755933849	132	14
80776	7	0.564822021010478	1	7	0.858118413743027	-0.63452755933849	132	14
80777	1	0.118349506880979	0	7	0.858118413743027	-0.63452755933849	132	14
80778	1	0.368172426561205	0	7	0.858118413743027	-0.63452755933849	132	14
80781	2	-0.248922645240372	0	7	0.858118413743027	-0.63452755933849	132	14
80789	0	0.163775547093587	0	7	0.858118413743027	-0.63452755933849	132	14
80816	8	0.0742322976543566	0	7	0.858118413743027	-0.63452755933849	132	14
80823	0	-0.0488380994372567	0	7	0.858118413743027	-0.63452755933849	132	14
80830	14	0.192118411501982	0	7	0.858118413743027	-0.63452755933849	132	14
80833	11	-0.10273486241899	0	7	0.858118413743027	-0.63452755933849	132	14
80852	2	0.0815349489388139	0	7	0.858118413743027	-0.63452755933849	132	14
80853	4	-0.223697419444008	0	7	0.858118413743027	-0.63452755933849	132	14
80895	0	-0.239724876990418	0	7	0.858118413743027	-0.63452755933849	132	14
80896	3	0.393810262689666	0	7	0.858118413743027	-0.63452755933849	132	14
80975	4	-0.261851710727096	0	7	0.858118413743027	-0.63452755933849	132	14
81027	0	-0.0584332545019555	0	7	0.858118413743027	-0.63452755933849	132	14
81029	3	-0.282815809640365	0	7	0.858118413743027	-0.63452755933849	132	14
81030	1	-0.259111910499284	0	7	0.858118413743027	-0.63452755933849	132	14
81031	1	0.245535239627233	0	7	0.858118413743027	-0.63452755933849	132	14
81033	3	0.128015463079364	0	7	0.858118413743027	-0.63452755933849	132	14
81034	0	-0.00606314734044781	0	7	0.858118413743027	-0.63452755933849	132	14
81035	0	-0.199485106483985	0	7	0.858118413743027	-0.63452755933849	132	14
81490	4	0.381142645615078	0	7	0.858118413743027	-0.63452755933849	132	14
81491	5	0.333317345610077	0	7	0.858118413743027	-0.63452755933849	132	14
81493	4	-0.380667683542416	0	7	0.858118413743027	-0.63452755933849	132	14
81501	2	0.15935667253775	0	7	0.858118413743027	-0.63452755933849	132	14
81533	1	0.0172823469987042	0	7	0.858118413743027	-0.63452755933849	132	14
81537	3	0.213510134832994	0	7	0.858118413743027	-0.63452755933849	132	14
81539	2	-0.362500971042632	0	7	0.858118413743027	-0.63452755933849	132	14
81542	2	-0.353765237908228	0	7	0.858118413743027	-0.63452755933849	132	14
81543	0	0.208518466874597	0	7	0.858118413743027	-0.63452755933849	132	14
81544	3	-0.320864445720596	0	7	0.858118413743027	-0.63452755933849	132	14
81545	0	-0.107039234508362	0	7	0.858118413743027	-0.63452755933849	132	14
81550	0	0.127217759993038	0	7	0.858118413743027	-0.63452755933849	132	14
81553	2	-0.0922398976875284	0	7	0.858118413743027	-0.63452755933849	132	14
81554	3	0.266983411895946	0	7	0.858118413743027	-0.63452755933849	132	14
81555	0	0.144428639584376	0	7	0.858118413743027	-0.63452755933849	132	14
81556	0	0.149536500330785	0	7	0.858118413743027	-0.63452755933849	132	14
81558	0	-0.0672756054563512	0	7	0.858118413743027	-0.63452755933849	132	14
81562	3	0.353475490937197	0	7	0.858118413743027	-0.63452755933849	132	14
81563	1	0.451226653966136	0	7	0.858118413743027	-0.63452755933849	132	14
81565	1	0.0870617322650715	0	7	0.858118413743027	-0.63452755933849	132	14
81566	3	-0.216197762738035	0	7	0.858118413743027	-0.63452755933849	132	14
81570	3	0.386103447871367	0	7	0.858118413743027	-0.63452755933849	132	14
81575	0	0.0821949237806963	0	7	0.858118413743027	-0.63452755933849	132	14
81576	0	0.272026929212839	0	7	0.858118413743027	-0.63452755933849	132	14
81577	1	0.344761681269619	0	7	0.858118413743027	-0.63452755933849	132	14
81578	1	-0.386928041951954	0	7	0.858118413743027	-0.63452755933849	132	14
81579	4	0.531305460118634	0	7	0.858118413743027	-0.63452755933849	132	14
81602	1	0.334354753324305	0	7	0.858118413743027	-0.63452755933849	132	14
81603	1	0.480902383331832	0	7	0.858118413743027	-0.63452755933849	132	14
81605	7	0.441039421858986	1	7	0.858118413743027	-0.63452755933849	132	14
81606	0	-0.257029644765425	0	7	0.858118413743027	-0.63452755933849	132	14
81608	1	0.338639408742174	0	7	0.858118413743027	-0.63452755933849	132	14
81609	3	0.429481385653285	0	7	0.858118413743027	-0.63452755933849	132	14
81611	1	0.312800939177893	0	7	0.858118413743027	-0.63452755933849	132	14
81614	1	0.238511826074333	0	7	0.858118413743027	-0.63452755933849	132	14
81616	0	0.0742811954192873	0	7	0.858118413743027	-0.63452755933849	132	14
81617	0	0.0900211619822195	0	7	0.858118413743027	-0.63452755933849	132	14
81618	2	-0.137133753996944	0	7	0.858118413743027	-0.63452755933849	132	14
81619	1	0.325454156499028	0	7	0.858118413743027	-0.63452755933849	132	14
81620	0	0.161390098528211	0	7	0.858118413743027	-0.63452755933849	132	14
81621	2	-0.228228513801454	0	7	0.858118413743027	-0.63452755933849	132	14
81624	2	-0.271214501149331	0	7	0.858118413743027	-0.63452755933849	132	14
81627	2	0.502688748085092	0	7	0.858118413743027	-0.63452755933849	132	14
81628	1	-0.134470122531429	0	7	0.858118413743027	-0.63452755933849	132	14
81631	1	0.475372391619776	0	7	0.858118413743027	-0.63452755933849	132	14
81669	6	-0.32980250660533	0	7	0.858118413743027	-0.63452755933849	132	14
81688	0	-0.0651465113190898	0	7	0.858118413743027	-0.63452755933849	132	14
81689	7	0.735213515757618	1	7	0.858118413743027	-0.63452755933849	132	14
81789	2	0.387145463946046	0	7	0.858118413743027	-0.63452755933849	132	14
81792	2	-0.267428989653672	0	7	0.858118413743027	-0.63452755933849	132	14
81796	2	-0.215639572332904	0	7	0.858118413743027	-0.63452755933849	132	14
81831	3	-0.156876578844726	0	7	0.858118413743027	-0.63452755933849	132	14
81839	1	-0.0845811934658545	0	7	0.858118413743027	-0.63452755933849	132	14
81847	1	0.180153969288153	0	7	0.858118413743027	-0.63452755933849	132	14
81848	1	0.214769184752671	0	7	0.858118413743027	-0.63452755933849	132	14
81855	2	-0.215597773891383	0	7	0.858118413743027	-0.63452755933849	132	14
81856	0	-0.293586339790485	0	7	0.858118413743027	-0.63452755933849	132	14
81857	5	0.337414574588249	0	7	0.858118413743027	-0.63452755933849	132	14
81858	4	0.577813369758222	0	7	0.858118413743027	-0.63452755933849	132	14
81873	0	0.138888477999389	0	7	0.858118413743027	-0.63452755933849	132	14
81875	1	0.460420973311898	0	7	0.858118413743027	-0.63452755933849	132	14
81876	6	0.579188365096825	0	7	0.858118413743027	-0.63452755933849	132	14
81887	0	0.224379711186857	0	7	0.858118413743027	-0.63452755933849	132	14
81890	3	0.392106348849089	0	7	0.858118413743027	-0.63452755933849	132	14
81892	0	0.0538331220554642	0	7	0.858118413743027	-0.63452755933849	132	14
81894	0	-0.197494693266066	0	7	0.858118413743027	-0.63452755933849	132	14
81929	1	0.226279686445262	0	7	0.858118413743027	-0.63452755933849	132	14
81931	1	0.106964958140063	0	7	0.858118413743027	-0.63452755933849	132	14
81932	3	0.503697063790031	0	7	0.858118413743027	-0.63452755933849	132	14
83394	1	0.21575247228467	0	7	0.858118413743027	-0.63452755933849	132	14
83439	1	0.203700669094673	0	7	0.858118413743027	-0.63452755933849	132	14
83440	0	-0.18196964533618	0	7	0.858118413743027	-0.63452755933849	132	14
83442	13	0.140056745838266	0	7	0.858118413743027	-0.63452755933849	132	14
83443	4	0.661878711421684	0	7	0.858118413743027	-0.63452755933849	132	14
83448	0	0.079807588706206	0	7	0.858118413743027	-0.63452755933849	132	14
83449	0	-0.0385712980158888	0	7	0.858118413743027	-0.63452755933849	132	14
83450	0	-0.23422101894913	0	7	0.858118413743027	-0.63452755933849	132	14
83451	1	-0.0958215370240183	0	7	0.858118413743027	-0.63452755933849	132	14
83452	1	0.128224683246986	0	7	0.858118413743027	-0.63452755933849	132	14
83461	1	-0.135435175376303	0	7	0.858118413743027	-0.63452755933849	132	14
83463	1	-0.34281918934345	0	7	0.858118413743027	-0.63452755933849	132	14
83464	0	0.267069920112913	0	7	0.858118413743027	-0.63452755933849	132	14
83468	2	-0.298347208404745	0	7	0.858118413743027	-0.63452755933849	132	14
83475	0	0.162004337275133	0	7	0.858118413743027	-0.63452755933849	132	14
83478	3	0.525921925838086	0	7	0.858118413743027	-0.63452755933849	132	14
83480	0	0.269230403798161	0	7	0.858118413743027	-0.63452755933849	132	14
83481	0	0.214640559948247	0	7	0.858118413743027	-0.63452755933849	132	14
83483	1	-0.274148770649263	0	7	0.858118413743027	-0.63452755933849	132	14
83604	9	0.0829295361287115	0	7	0.858118413743027	-0.63452755933849	132	14
83637	2	-0.243547042445878	0	7	0.858118413743027	-0.63452755933849	132	14
83638	0	0.0779782789632846	0	7	0.858118413743027	-0.63452755933849	132	14
83658	4	0.578978969773786	0	7	0.858118413743027	-0.63452755933849	132	14
83660	3	0.342722219787368	0	7	0.858118413743027	-0.63452755933849	132	14
83696	2	0.500716070495981	0	7	0.858118413743027	-0.63452755933849	132	14
83700	1	0.104724894394349	0	7	0.858118413743027	-0.63452755933849	132	14
83714	1	0.377617296148596	0	7	0.858118413743027	-0.63452755933849	132	14
83716	2	-0.411252153865509	0	7	0.858118413743027	-0.63452755933849	132	14
83737	1	0.224989757966344	0	7	0.858118413743027	-0.63452755933849	132	14
83743	0	0.204094417033485	0	7	0.858118413743027	-0.63452755933849	132	14
83744	2	0.190299251596635	0	7	0.858118413743027	-0.63452755933849	132	14
83759	3	-0.0517347827277832	0	7	0.858118413743027	-0.63452755933849	132	14
83786	0	0.275489426727861	0	7	0.858118413743027	-0.63452755933849	132	14
83937	8	-0.0370857054601834	0	7	0.858118413743027	-0.63452755933849	132	14
83941	1	0.171103961904207	0	7	0.858118413743027	-0.63452755933849	132	14
83988	2	-0.149841303271259	0	7	0.858118413743027	-0.63452755933849	132	14
83990	2	-0.26670662210706	0	7	0.858118413743027	-0.63452755933849	132	14
84060	2	0.188678505363466	0	7	0.858118413743027	-0.63452755933849	132	14
84061	1	0.41011186578828	0	7	0.858118413743027	-0.63452755933849	132	14
84065	4	0.321992839975213	0	7	0.858118413743027	-0.63452755933849	132	14
84079	1	0.267655013101826	0	7	0.858118413743027	-0.63452755933849	132	14
84124	0	-0.128698903637616	0	7	0.858118413743027	-0.63452755933849	132	14
84148	0	0.462309297133068	0	7	0.858118413743027	-0.63452755933849	132	14
84159	0	0.166570718833828	0	7	0.858118413743027	-0.63452755933849	132	14
84162	4	-0.566775079666797	0	7	0.858118413743027	-0.63452755933849	132	14
84164	1	0.0771274541014691	0	7	0.858118413743027	-0.63452755933849	132	14
84168	3	-0.3447307491573	0	7	0.858118413743027	-0.63452755933849	132	14
84179	0	-0.0310834731776376	0	7	0.858118413743027	-0.63452755933849	132	14
84193	3	0.171353023780504	0	7	0.858118413743027	-0.63452755933849	132	14
84196	3	-0.308128318839069	0	7	0.858118413743027	-0.63452755933849	132	14
84223	0	-0.0443136191014799	0	7	0.858118413743027	-0.63452755933849	132	14
84243	0	0.297378401346675	0	7	0.858118413743027	-0.63452755933849	132	14
84263	3	0.182569239806942	0	7	0.858118413743027	-0.63452755933849	132	14
84271	1	0.245967879032958	0	7	0.858118413743027	-0.63452755933849	132	14
84272	1	0.380205438643318	0	7	0.858118413743027	-0.63452755933849	132	14
84288	0	-0.0847831025788829	0	7	0.858118413743027	-0.63452755933849	132	14
84296	0	0.0072823967412572	0	7	0.858118413743027	-0.63452755933849	132	14
84302	1	0.383349253059188	0	7	0.858118413743027	-0.63452755933849	132	14
84364	2	0.0611713828397599	0	7	0.858118413743027	-0.63452755933849	132	14
84436	3	0.0910850335876179	0	7	0.858118413743027	-0.63452755933849	132	14
84444	0	-0.237501854707062	0	7	0.858118413743027	-0.63452755933849	132	14
84516	0	0.305231645959709	0	7	0.858118413743027	-0.63452755933849	132	14
84525	2	-0.243566848732901	0	7	0.858118413743027	-0.63452755933849	132	14
84549	0	0.0673710995435544	0	7	0.858118413743027	-0.63452755933849	132	14
84561	1	-0.327271392437659	0	7	0.858118413743027	-0.63452755933849	132	14
84612	3	0.628041938753229	0	7	0.858118413743027	-0.63452755933849	132	14
84617	0	-0.0766439978293217	0	7	0.858118413743027	-0.63452755933849	132	14
84619	3	0.301707980822207	0	7	0.858118413743027	-0.63452755933849	132	14
84656	1	0.309946347915987	0	7	0.858118413743027	-0.63452755933849	132	14
84669	1	0.212110032106038	0	7	0.858118413743027	-0.63452755933849	132	14
84679	0	0.130382964242379	0	7	0.858118413743027	-0.63452755933849	132	14
84705	0	0.100380723214858	0	7	0.858118413743027	-0.63452755933849	132	14
84720	5	0.631420587662801	0	7	0.858118413743027	-0.63452755933849	132	14
84722	1	-0.257801352215424	0	7	0.858118413743027	-0.63452755933849	132	14
84726	1	0.0382687946036456	0	7	0.858118413743027	-0.63452755933849	132	14
84733	0	-0.11552824353896	0	7	0.858118413743027	-0.63452755933849	132	14
84759	4	0.417339334327306	0	7	0.858118413743027	-0.63452755933849	132	14
84790	2	-0.124120595750948	0	7	0.858118413743027	-0.63452755933849	132	14
84804	0	0.149377323960843	0	7	0.858118413743027	-0.63452755933849	132	14
84818	0	0.129451485660315	0	7	0.858118413743027	-0.63452755933849	132	14
84823	2	-0.167117879115603	0	7	0.858118413743027	-0.63452755933849	132	14
84830	1	-0.0688601974816513	0	7	0.858118413743027	-0.63452755933849	132	14
84861	0	0.119588085681495	0	7	0.858118413743027	-0.63452755933849	132	14
84864	1	0.170790054951847	0	7	0.858118413743027	-0.63452755933849	132	14
84869	3	0.256686394996363	0	7	0.858118413743027	-0.63452755933849	132	14
84890	1	0.399811008670385	0	7	0.858118413743027	-0.63452755933849	132	14
84898	2	-0.354046206954847	0	7	0.858118413743027	-0.63452755933849	132	14
84900	2	-0.0475286931710779	0	7	0.858118413743027	-0.63452755933849	132	14
84928	0	0.101382407439607	0	7	0.858118413743027	-0.63452755933849	132	14
84934	3	0.504823227086487	0	7	0.858118413743027	-0.63452755933849	132	14
84942	1	-0.380148025597659	0	7	0.858118413743027	-0.63452755933849	132	14
84951	0	0.119911524068603	0	7	0.858118413743027	-0.63452755933849	132	14
84975	0	-0.111114059339466	0	7	0.858118413743027	-0.63452755933849	132	14
84986	1	0.469949157954432	0	7	0.858118413743027	-0.63452755933849	132	14
85352	0	-0.049968287712145	0	7	0.858118413743027	-0.63452755933849	132	14
85360	5	0.430787495847719	0	7	0.858118413743027	-0.63452755933849	132	14
85363	3	-0.376679468872912	0	7	0.858118413743027	-0.63452755933849	132	14
85377	3	-0.370560857779466	0	7	0.858118413743027	-0.63452755933849	132	14
85453	1	0.506511918339826	0	7	0.858118413743027	-0.63452755933849	132	14
85458	2	-0.0828710478132342	0	7	0.858118413743027	-0.63452755933849	132	14
85477	1	-0.197379720666423	0	7	0.858118413743027	-0.63452755933849	132	14
89781	0	-0.26255277236601	0	7	0.858118413743027	-0.63452755933849	132	14
89795	2	-0.342440902169384	0	7	0.858118413743027	-0.63452755933849	132	14
89797	2	-0.29986567319741	0	7	0.858118413743027	-0.63452755933849	132	14
89845	3	-0.351177709447586	0	7	0.858118413743027	-0.63452755933849	132	14
89853	0	0.140601064891571	0	7	0.858118413743027	-0.63452755933849	132	14
89910	2	0.481484358037151	0	7	0.858118413743027	-0.63452755933849	132	14
89927	2	-0.173653650055339	0	7	0.858118413743027	-0.63452755933849	132	14
89941	0	0.223408011353908	0	7	0.858118413743027	-0.63452755933849	132	14
89944	3	0.467935464442632	0	7	0.858118413743027	-0.63452755933849	132	14
90121	1	0.640401623472899	0	7	0.858118413743027	-0.63452755933849	132	14
90141	0	0.410328596545299	0	7	0.858118413743027	-0.63452755933849	132	14
90233	0	-0.0015119105965479	0	7	0.858118413743027	-0.63452755933849	132	14
90273	2	-0.190270840370063	0	7	0.858118413743027	-0.63452755933849	132	14
90326	0	0.133483888195131	0	7	0.858118413743027	-0.63452755933849	132	14
90333	0	-0.0222969611817733	0	7	0.858118413743027	-0.63452755933849	132	14
90355	1	0.102944928330952	0	7	0.858118413743027	-0.63452755933849	132	14
90362	2	-0.269630371075329	0	7	0.858118413743027	-0.63452755933849	132	14
90379	0	0.126509053174426	0	7	0.858118413743027	-0.63452755933849	132	14
90410	0	0.15539006180646	0	7	0.858118413743027	-0.63452755933849	132	14
90411	0	0.27849640317076	0	7	0.858118413743027	-0.63452755933849	132	14
90480	0	0.390008922059092	0	7	0.858118413743027	-0.63452755933849	132	14
90485	0	0.0418702617009838	0	7	0.858118413743027	-0.63452755933849	132	14
90522	0	0.380595315450157	0	7	0.858118413743027	-0.63452755933849	132	14
90627	11	-0.294088939979965	0	7	0.858118413743027	-0.63452755933849	132	14
90634	1	0.26279530147859	0	7	0.858118413743027	-0.63452755933849	132	14
90665	0	0.339332732861218	0	7	0.858118413743027	-0.63452755933849	132	14
90806	0	-0.0588649231034768	0	7	0.858118413743027	-0.63452755933849	132	14
90864	4	0.424617984150174	0	7	0.858118413743027	-0.63452755933849	132	14
90865	2	-0.53085615194239	0	7	0.858118413743027	-0.63452755933849	132	14
90956	5	0.421273731469043	0	7	0.858118413743027	-0.63452755933849	132	14
90957	0	-0.0204726146657198	0	7	0.858118413743027	-0.63452755933849	132	14
90993	1	-0.0696249975816851	0	7	0.858118413743027	-0.63452755933849	132	14
91120	0	0.192038607668532	0	7	0.858118413743027	-0.63452755933849	132	14
91137	3	0.23950989924923	0	7	0.858118413743027	-0.63452755933849	132	14
91289	0	0.065175445363222	0	7	0.858118413743027	-0.63452755933849	132	14
91298	1	0.399027818400366	0	7	0.858118413743027	-0.63452755933849	132	14
91300	10	0.275538052868349	0	7	0.858118413743027	-0.63452755933849	132	14
91304	5	0.464532285467039	0	7	0.858118413743027	-0.63452755933849	132	14
91355	0	-0.0293274808242981	0	7	0.858118413743027	-0.63452755933849	132	14
91369	1	0.235930463992303	0	7	0.858118413743027	-0.63452755933849	132	14
91373	0	0.112858015411515	0	7	0.858118413743027	-0.63452755933849	132	14
91442	0	-0.276910520143768	0	7	0.858118413743027	-0.63452755933849	132	14
91543	14	0.14212188851835	0	7	0.858118413743027	-0.63452755933849	132	14
91647	0	0.33854998033679	0	7	0.858118413743027	-0.63452755933849	132	14
91754	5	0.302974814888094	0	7	0.858118413743027	-0.63452755933849	132	14
91775	1	0.0259647362493288	0	7	0.858118413743027	-0.63452755933849	132	14
91782	0	-0.167643929426671	0	7	0.858118413743027	-0.63452755933849	132	14
91807	1	-0.0933923317108306	0	7	0.858118413743027	-0.63452755933849	132	14
91851	1	0.199504135068149	0	7	0.858118413743027	-0.63452755933849	132	14
91860	3	0.149155378281543	0	7	0.858118413743027	-0.63452755933849	132	14
91949	2	0.291354186720036	0	7	0.858118413743027	-0.63452755933849	132	14
91977	0	-0.0805830447316553	0	7	0.858118413743027	-0.63452755933849	132	14
92104	1	0.311978802098725	0	7	0.858118413743027	-0.63452755933849	132	14
92140	2	-0.252720138959438	0	7	0.858118413743027	-0.63452755933849	132	14
92154	5	0.430485379099557	0	7	0.858118413743027	-0.63452755933849	132	14
92170	0	0.0188564266198539	0	7	0.858118413743027	-0.63452755933849	132	14
92211	0	0.0679743485019656	0	7	0.858118413743027	-0.63452755933849	132	14
92335	0	0.279452469008726	0	7	0.858118413743027	-0.63452755933849	132	14
92342	0	0.0583639653771645	0	7	0.858118413743027	-0.63452755933849	132	14
92482	7	0.675904377603839	1	7	0.858118413743027	-0.63452755933849	132	14
92483	4	-0.209442999485493	0	7	0.858118413743027	-0.63452755933849	132	14
92558	3	0.398905944270046	0	7	0.858118413743027	-0.63452755933849	132	14
92579	4	0.61198013443887	0	7	0.858118413743027	-0.63452755933849	132	14
92595	0	-0.0494921690407252	0	7	0.858118413743027	-0.63452755933849	132	14
92689	1	0.0739828721451945	0	7	0.858118413743027	-0.63452755933849	132	14
92822	1	0.0868078335537768	0	7	0.858118413743027	-0.63452755933849	132	14
92856	4	0.349096334608371	0	7	0.858118413743027	-0.63452755933849	132	14
93081	8	-0.169954695673381	0	7	0.858118413743027	-0.63452755933849	132	14
93129	2	0.417123184878884	0	7	0.858118413743027	-0.63452755933849	132	14
93210	1	0.2620955001522	0	7	0.858118413743027	-0.63452755933849	132	14
93349	3	-0.474842532137746	0	7	0.858118413743027	-0.63452755933849	132	14
93436	0	0.200333531441363	0	7	0.858118413743027	-0.63452755933849	132	14
93487	7	0.713106799665138	1	7	0.858118413743027	-0.63452755933849	132	14
93594	0	-0.0710556617069397	0	7	0.858118413743027	-0.63452755933849	132	14
93643	3	-0.136683158048407	0	7	0.858118413743027	-0.63452755933849	132	14
93664	12	-0.0875609853492297	0	7	0.858118413743027	-0.63452755933849	132	14
93973	0	-0.0180015482275758	0	7	0.858118413743027	-0.63452755933849	132	14
93974	3	0.645522487009956	0	7	0.858118413743027	-0.63452755933849	132	14
94081	3	0.443426830564519	0	7	0.858118413743027	-0.63452755933849	132	14
94104	6	-0.47591441068483	0	7	0.858118413743027	-0.63452755933849	132	14
94134	1	0.237922230179974	0	7	0.858118413743027	-0.63452755933849	132	14
94239	1	0.340773316188412	0	7	0.858118413743027	-0.63452755933849	132	14
95681	0	0.23702716818192	0	7	0.858118413743027	-0.63452755933849	132	14
96764	0	0.291165588538651	0	7	0.858118413743027	-0.63452755933849	132	14
103910	4	0.456216052160004	0	7	0.858118413743027	-0.63452755933849	132	14
112399	8	0.0332404493097434	0	7	0.858118413743027	-0.63452755933849	132	14
112464	2	-0.0695148351943713	0	7	0.858118413743027	-0.63452755933849	132	14
112479	0	0.00167215171969373	0	7	0.858118413743027	-0.63452755933849	132	14
112611	0	-0.0012730482766304	0	7	0.858118413743027	-0.63452755933849	132	14
112869	4	0.56293635956327	0	7	0.858118413743027	-0.63452755933849	132	14
112950	3	0.209930067144779	0	7	0.858118413743027	-0.63452755933849	132	14
113146	2	-0.39953761247375	0	7	0.858118413743027	-0.63452755933849	132	14
113177	0	0.0992373401040655	0	7	0.858118413743027	-0.63452755933849	132	14
113251	3	0.206871579507797	0	7	0.858118413743027	-0.63452755933849	132	14
113419	0	0.330444757895111	0	7	0.858118413743027	-0.63452755933849	132	14
113791	1	0.247584522277376	0	7	0.858118413743027	-0.63452755933849	132	14
113835	0	0.0686969908494269	0	7	0.858118413743027	-0.63452755933849	132	14
114034	0	0.319282902328837	0	7	0.858118413743027	-0.63452755933849	132	14
114049	4	0.164605799690538	0	7	0.858118413743027	-0.63452755933849	132	14
114088	3	-0.127573858447678	0	7	0.858118413743027	-0.63452755933849	132	14
114327	4	-0.222179247548197	0	7	0.858118413743027	-0.63452755933849	132	14
114548	2	-0.100052258717695	0	7	0.858118413743027	-0.63452755933849	132	14
114625	1	0.326922621042007	0	7	0.858118413743027	-0.63452755933849	132	14
114791	0	-0.434390045506693	0	7	0.858118413743027	-0.63452755933849	132	14
114825	0	0.405846344433491	0	7	0.858118413743027	-0.63452755933849	132	14
114876	3	0.176287962858605	0	7	0.858118413743027	-0.63452755933849	132	14
114881	1	-0.289389427141221	0	7	0.858118413743027	-0.63452755933849	132	14
114882	3	0.196460631972605	0	7	0.858118413743027	-0.63452755933849	132	14
114883	1	0.367331216083486	0	7	0.858118413743027	-0.63452755933849	132	14
114884	2	0.057565971400947	0	7	0.858118413743027	-0.63452755933849	132	14
114885	2	-0.0387741403375144	0	7	0.858118413743027	-0.63452755933849	132	14
114897	3	-0.13645335215097	0	7	0.858118413743027	-0.63452755933849	132	14
114899	1	-0.400262085441884	0	7	0.858118413743027	-0.63452755933849	132	14
114908	2	-0.0191209850628448	0	7	0.858118413743027	-0.63452755933849	132	14
114932	1	0.192345680449553	0	7	0.858118413743027	-0.63452755933849	132	14
115123	3	-0.235687238406725	0	7	0.858118413743027	-0.63452755933849	132	14
115201	1	0.104827100769658	0	7	0.858118413743027	-0.63452755933849	132	14
115207	2	-0.430117590102735	0	7	0.858118413743027	-0.63452755933849	132	14
115353	0	0.17420509635493	0	7	0.858118413743027	-0.63452755933849	132	14
115703	1	-0.162141817404438	0	7	0.858118413743027	-0.63452755933849	132	14
115708	1	0.073107314084712	0	7	0.858118413743027	-0.63452755933849	132	14
115817	3	0.442479228719609	0	7	0.858118413743027	-0.63452755933849	132	14
115939	1	0.624078061357431	0	7	0.858118413743027	-0.63452755933849	132	14
116039	0	0.0264959419268158	0	7	0.858118413743027	-0.63452755933849	132	14
116138	3	0.216100001953105	0	7	0.858118413743027	-0.63452755933849	132	14
116285	2	-0.240044885844714	0	7	0.858118413743027	-0.63452755933849	132	14
116372	2	-0.367017722281158	0	7	0.858118413743027	-0.63452755933849	132	14
116496	2	-0.198883969991504	0	7	0.858118413743027	-0.63452755933849	132	14
116832	2	-0.039133329082443	0	7	0.858118413743027	-0.63452755933849	132	14
116984	1	0.0444714335234655	0	7	0.858118413743027	-0.63452755933849	132	14
116985	0	0.178447873703181	0	7	0.858118413743027	-0.63452755933849	132	14
116986	2	-0.0665212080143375	0	7	0.858118413743027	-0.63452755933849	132	14
116987	0	-0.228515496826215	0	7	0.858118413743027	-0.63452755933849	132	14
117178	3	0.0380956306709431	0	7	0.858118413743027	-0.63452755933849	132	14
117246	0	0.343280471201998	0	7	0.858118413743027	-0.63452755933849	132	14
120227	1	-0.00797569816598045	0	7	0.858118413743027	-0.63452755933849	132	14
120526	0	-0.200296418552035	0	7	0.858118413743027	-0.63452755933849	132	14
122616	4	0.367867991549997	0	7	0.858118413743027	-0.63452755933849	132	14
123803	3	-0.154950794290107	0	7	0.858118413743027	-0.63452755933849	132	14
123872	1	-0.231020312211698	0	7	0.858118413743027	-0.63452755933849	132	14
124044	0	0.109382118815315	0	7	0.858118413743027	-0.63452755933849	132	14
124152	0	0.289935659696033	0	7	0.858118413743027	-0.63452755933849	132	14
124222	0	-0.120544169879385	0	7	0.858118413743027	-0.63452755933849	132	14
124565	4	0.0981598008145251	0	7	0.858118413743027	-0.63452755933849	132	14
124583	0	0.232682945951976	0	7	0.858118413743027	-0.63452755933849	132	14
125058	2	-0.345532076160397	0	7	0.858118413743027	-0.63452755933849	132	14
126208	0	0.2161868947544	0	7	0.858118413743027	-0.63452755933849	132	14
126231	0	-0.0682268838137199	0	7	0.858118413743027	-0.63452755933849	132	14
126298	0	-0.0436740666125317	0	7	0.858118413743027	-0.63452755933849	132	14
126299	0	0.174904960511536	0	7	0.858118413743027	-0.63452755933849	132	14
126353	0	0.0296525413797699	0	7	0.858118413743027	-0.63452755933849	132	14
126393	2	-0.140557179295331	0	7	0.858118413743027	-0.63452755933849	132	14
127544	6	0.180688921261932	0	7	0.858118413743027	-0.63452755933849	132	14
127703	0	0.0535137172165358	0	7	0.858118413743027	-0.63452755933849	132	14
127833	0	0.145054058622467	0	7	0.858118413743027	-0.63452755933849	132	14
128553	2	-0.23244651456068	0	7	0.858118413743027	-0.63452755933849	132	14
129080	1	0.0961840432427937	0	7	0.858118413743027	-0.63452755933849	132	14
130074	1	0.224244893686145	0	7	0.858118413743027	-0.63452755933849	132	14
130916	0	-0.138868506054791	0	7	0.858118413743027	-0.63452755933849	132	14
131408	1	-0.0485391147392264	0	7	0.858118413743027	-0.63452755933849	132	14
131544	3	-0.358493397297212	0	7	0.858118413743027	-0.63452755933849	132	14
131566	0	0.0816970204259174	0	7	0.858118413743027	-0.63452755933849	132	14
131601	4	0.411299553927949	0	7	0.858118413743027	-0.63452755933849	132	14
133619	4	0.268305938013571	0	7	0.858118413743027	-0.63452755933849	132	14
135138	0	0.361370112807891	0	7	0.858118413743027	-0.63452755933849	132	14
137886	1	0.488257463530635	0	7	0.858118413743027	-0.63452755933849	132	14
138046	3	0.451654929650082	0	7	0.858118413743027	-0.63452755933849	132	14
138050	3	-0.124557604222614	0	7	0.858118413743027	-0.63452755933849	132	14
138151	1	0.279646356180034	0	7	0.858118413743027	-0.63452755933849	132	14
138162	1	0.213532947389239	0	7	0.858118413743027	-0.63452755933849	132	14
139322	1	0.437266690692478	0	7	0.858118413743027	-0.63452755933849	132	14
140459	4	0.244208970344735	0	7	0.858118413743027	-0.63452755933849	132	14
140460	0	0.182074993043482	0	7	0.858118413743027	-0.63452755933849	132	14
140461	3	0.449264917482825	0	7	0.858118413743027	-0.63452755933849	132	14
140462	3	0.362219812692107	0	7	0.858118413743027	-0.63452755933849	132	14
140465	13	0.153983391726096	0	7	0.858118413743027	-0.63452755933849	132	14
140467	0	0.0779042417427082	0	7	0.858118413743027	-0.63452755933849	132	14
140545	2	0.367565970617651	0	7	0.858118413743027	-0.63452755933849	132	14
140578	0	-0.262395501305186	0	7	0.858118413743027	-0.63452755933849	132	14
140597	1	0.44751919760713	0	7	0.858118413743027	-0.63452755933849	132	14
140609	1	0.0927279513363706	0	7	0.858118413743027	-0.63452755933849	132	14
140803	2	0.471287347654115	0	7	0.858118413743027	-0.63452755933849	132	14
140883	2	-0.204380884700339	0	7	0.858118413743027	-0.63452755933849	132	14
140885	1	0.474330934391503	0	7	0.858118413743027	-0.63452755933849	132	14
140890	6	-0.586152543716716	0	7	0.858118413743027	-0.63452755933849	132	14
142684	0	-0.00994684305823649	0	7	0.858118413743027	-0.63452755933849	132	14
144404	0	-0.177940397412336	0	7	0.858118413743027	-0.63452755933849	132	14
145389	1	-0.421963036767147	0	7	0.858118413743027	-0.63452755933849	132	14
146057	0	-0.166098280880227	0	7	0.858118413743027	-0.63452755933849	132	14
146227	3	-0.172465395547638	0	7	0.858118413743027	-0.63452755933849	132	14
146542	4	0.376735485692564	0	7	0.858118413743027	-0.63452755933849	132	14
146562	0	0.0969616647926085	0	7	0.858118413743027	-0.63452755933849	132	14
146691	5	0.306627237768066	0	7	0.858118413743027	-0.63452755933849	132	14
146712	0	-0.010427267628791	0	7	0.858118413743027	-0.63452755933849	132	14
146909	2	-0.235137878789662	0	7	0.858118413743027	-0.63452755933849	132	14
147179	1	0.196312466317172	0	7	0.858118413743027	-0.63452755933849	132	14
147339	1	-0.0212730683020684	0	7	0.858118413743027	-0.63452755933849	132	14
147657	0	0.219701541657042	0	7	0.858118413743027	-0.63452755933849	132	14
147912	0	0.384055689651194	0	7	0.858118413743027	-0.63452755933849	132	14
148022	0	0.25278085120449	0	7	0.858118413743027	-0.63452755933849	132	14
148229	1	-0.115742547031643	0	7	0.858118413743027	-0.63452755933849	132	14
149111	1	0.0725384292283037	0	7	0.858118413743027	-0.63452755933849	132	14
149603	1	0.320657190637341	0	7	0.858118413743027	-0.63452755933849	132	14
149628	2	-0.128835633141241	0	7	0.858118413743027	-0.63452755933849	132	14
149986	0	0.32821144218467	0	7	0.858118413743027	-0.63452755933849	132	14
151011	1	0.425891530025745	0	7	0.858118413743027	-0.63452755933849	132	14
151050	3	-0.161325728418739	0	7	0.858118413743027	-0.63452755933849	132	14
151987	0	-0.021783444541113	0	7	0.858118413743027	-0.63452755933849	132	14
152006	1	0.488346663804013	0	7	0.858118413743027	-0.63452755933849	132	14
152185	6	-0.15941012951119	0	7	0.858118413743027	-0.63452755933849	132	14
152559	1	0.0649018059938287	0	7	0.858118413743027	-0.63452755933849	132	14
154661	3	0.193995814575216	0	7	0.858118413743027	-0.63452755933849	132	14
155066	3	0.269203524742834	0	7	0.858118413743027	-0.63452755933849	132	14
157567	2	0.131406348467971	0	7	0.858118413743027	-0.63452755933849	132	14
157680	3	-0.438989720523264	0	7	0.858118413743027	-0.63452755933849	132	14
157869	1	0.370937274167912	0	7	0.858118413743027	-0.63452755933849	132	14
157922	2	-0.436668546674177	0	7	0.858118413743027	-0.63452755933849	132	14
158471	3	0.0838703895636013	0	7	0.858118413743027	-0.63452755933849	132	14
158586	0	0.411753095077224	0	7	0.858118413743027	-0.63452755933849	132	14
158747	1	0.188031618247034	0	7	0.858118413743027	-0.63452755933849	132	14
159963	3	0.238980802996955	0	7	0.858118413743027	-0.63452755933849	132	14
160518	3	0.253450835347068	0	7	0.858118413743027	-0.63452755933849	132	14
161291	12	0.0899462023638579	0	7	0.858118413743027	-0.63452755933849	132	14
162427	4	0.257099061863231	0	7	0.858118413743027	-0.63452755933849	132	14
162972	0	0.300308646758751	0	7	0.858118413743027	-0.63452755933849	132	14
163131	0	-0.0411623570585456	0	7	0.858118413743027	-0.63452755933849	132	14
163486	3	0.166395276396728	0	7	0.858118413743027	-0.63452755933849	132	14
163590	1	0.206350450620301	0	7	0.858118413743027	-0.63452755933849	132	14
166647	1	0.050048703750046	0	7	0.858118413743027	-0.63452755933849	132	14
167227	0	-0.0932568098304927	0	7	0.858118413743027	-0.63452755933849	132	14
168544	0	0.332697500099529	0	7	0.858118413743027	-0.63452755933849	132	14
169522	0	0.279656392847428	0	7	0.858118413743027	-0.63452755933849	132	14
169611	1	0.286550339405681	0	7	0.858118413743027	-0.63452755933849	132	14
171017	0	0.33622845094337	0	7	0.858118413743027	-0.63452755933849	132	14
171023	0	-0.27168557928313	0	7	0.858118413743027	-0.63452755933849	132	14
171392	0	0.142587695667765	0	7	0.858118413743027	-0.63452755933849	132	14
171546	0	0.157031020988663	0	7	0.858118413743027	-0.63452755933849	132	14
171558	0	0.107098053970621	0	7	0.858118413743027	-0.63452755933849	132	14
171586	1	0.282600958598887	0	7	0.858118413743027	-0.63452755933849	132	14
192286	4	0.791212192176673	0	7	0.858118413743027	-0.63452755933849	132	14
192669	6	-0.46783155031729	0	7	0.858118413743027	-0.63452755933849	132	14
192670	6	-0.47298536231194	0	7	0.858118413743027	-0.63452755933849	132	14
192683	3	0.123135358733937	0	7	0.858118413743027	-0.63452755933849	132	14
196403	0	0.256846343118409	0	7	0.858118413743027	-0.63452755933849	132	14
196441	4	-0.452945840721948	0	7	0.858118413743027	-0.63452755933849	132	14
196740	3	-0.0700897805249695	0	7	0.858118413743027	-0.63452755933849	132	14
196743	0	0.368817205566521	0	7	0.858118413743027	-0.63452755933849	132	14
199731	0	0.403933123650001	0	7	0.858118413743027	-0.63452755933849	132	14
199870	5	0.100168093123631	0	7	0.858118413743027	-0.63452755933849	132	14
200081	0	-0.104596061377412	0	7	0.858118413743027	-0.63452755933849	132	14
200316	0	0.315429970660574	0	7	0.858118413743027	-0.63452755933849	132	14
200424	0	0.30638783995389	0	7	0.858118413743027	-0.63452755933849	132	14
200576	4	-0.410497265871269	0	7	0.858118413743027	-0.63452755933849	132	14
200734	9	0.0310630750533972	0	7	0.858118413743027	-0.63452755933849	132	14
201134	1	0.000850288530424678	0	7	0.858118413743027	-0.63452755933849	132	14
201191	2	0.388026334823037	0	7	0.858118413743027	-0.63452755933849	132	14
201229	2	0.423391202691867	0	7	0.858118413743027	-0.63452755933849	132	14
201254	4	0.664258746714778	0	7	0.858118413743027	-0.63452755933849	132	14
201501	3	-0.00776365615340474	0	7	0.858118413743027	-0.63452755933849	132	14
202559	0	-0.000279293574679276	0	7	0.858118413743027	-0.63452755933849	132	14
203068	2	-0.166732363013199	0	7	0.858118413743027	-0.63452755933849	132	14
203069	4	0.33847619548795	0	7	0.858118413743027	-0.63452755933849	132	14
203197	2	-0.284471422873621	0	7	0.858118413743027	-0.63452755933849	132	14
204851	1	0.308150742478439	0	7	0.858118413743027	-0.63452755933849	132	14
205564	3	-0.260951059915219	0	7	0.858118413743027	-0.63452755933849	132	14
206358	1	0.0876957120622859	0	7	0.858118413743027	-0.63452755933849	132	14
219333	1	0.271440344304315	0	7	0.858118413743027	-0.63452755933849	132	14
219654	3	-0.290992390495624	0	7	0.858118413743027	-0.63452755933849	132	14
219699	3	-0.37298728758236	0	7	0.858118413743027	-0.63452755933849	132	14
219899	1	0.124947848156172	0	7	0.858118413743027	-0.63452755933849	132	14
220972	0	-0.00576171908431455	0	7	0.858118413743027	-0.63452755933849	132	14
221037	4	-0.559679281054191	0	7	0.858118413743027	-0.63452755933849	132	14
221061	8	-0.14788120390922	0	7	0.858118413743027	-0.63452755933849	132	14
221092	1	0.584206651144535	0	7	0.858118413743027	-0.63452755933849	132	14
221154	3	0.301291470833071	0	7	0.858118413743027	-0.63452755933849	132	14
221395	9	-0.151430911335294	0	7	0.858118413743027	-0.63452755933849	132	14
221443	2	0.506947676740293	0	7	0.858118413743027	-0.63452755933849	132	14
221692	3	-0.237370952004328	0	7	0.858118413743027	-0.63452755933849	132	14
221749	1	0.234892454287638	0	7	0.858118413743027	-0.63452755933849	132	14
221830	1	0.295686743668057	0	7	0.858118413743027	-0.63452755933849	132	14
221981	1	0.283777850149435	0	7	0.858118413743027	-0.63452755933849	132	14
222255	3	0.204947895014518	0	7	0.858118413743027	-0.63452755933849	132	14
222487	10	0.282817303573142	0	7	0.858118413743027	-0.63452755933849	132	14
222642	0	-0.183698803284212	0	7	0.858118413743027	-0.63452755933849	132	14
222658	3	-0.297282334087843	0	7	0.858118413743027	-0.63452755933849	132	14
223117	1	-0.184532250669068	0	7	0.858118413743027	-0.63452755933849	132	14
246243	0	-0.0362256719770791	0	7	0.858118413743027	-0.63452755933849	132	14
253143	0	-0.159402749148132	0	7	0.858118413743027	-0.63452755933849	132	14
253190	0	-0.0797291154692356	0	7	0.858118413743027	-0.63452755933849	132	14
253461	1	0.210219128423001	0	7	0.858118413743027	-0.63452755933849	132	14
253782	1	0.395612690786764	0	7	0.858118413743027	-0.63452755933849	132	14
253943	0	-0.0727908223113558	0	7	0.858118413743027	-0.63452755933849	132	14
253959	3	-0.0818958203013715	0	7	0.858118413743027	-0.63452755933849	132	14
253980	1	0.281679134442703	0	7	0.858118413743027	-0.63452755933849	132	14
253982	2	-0.234643242931508	0	7	0.858118413743027	-0.63452755933849	132	14
254102	2	-0.405391759926021	0	7	0.858118413743027	-0.63452755933849	132	14
254359	4	0.253867378643147	0	7	0.858118413743027	-0.63452755933849	132	14
254394	0	-0.183356092708328	0	7	0.858118413743027	-0.63452755933849	132	14
254531	0	0.0923868697628788	0	7	0.858118413743027	-0.63452755933849	132	14
255057	0	0.284674197005349	0	7	0.858118413743027	-0.63452755933849	132	14
256051	0	0.168080557802488	0	7	0.858118413743027	-0.63452755933849	132	14
256364	3	0.0897726191157142	0	7	0.858118413743027	-0.63452755933849	132	14
256949	11	-0.0381316198753523	0	7	0.858118413743027	-0.63452755933849	132	14
256987	1	0.315303167346653	0	7	0.858118413743027	-0.63452755933849	132	14
257407	0	0.302912279372117	0	7	0.858118413743027	-0.63452755933849	132	14
259173	1	0.33811863731445	0	7	0.858118413743027	-0.63452755933849	132	14
259217	5	0.458699593064821	0	7	0.858118413743027	-0.63452755933849	132	14
259230	1	0.328941539801408	0	7	0.858118413743027	-0.63452755933849	132	14
259266	2	-0.352351369490148	0	7	0.858118413743027	-0.63452755933849	132	14
261726	1	-0.0903634315348382	0	7	0.858118413743027	-0.63452755933849	132	14
261734	1	0.0538922516911664	0	7	0.858118413743027	-0.63452755933849	132	14
266655	1	0.604292889672603	0	7	0.858118413743027	-0.63452755933849	132	14
266977	12	0.207529619270675	0	7	0.858118413743027	-0.63452755933849	132	14
283232	1	0.346160025509582	0	7	0.858118413743027	-0.63452755933849	132	14
283298	3	0.00183473779413851	0	7	0.858118413743027	-0.63452755933849	132	14
283450	1	-0.0536663706851753	0	7	0.858118413743027	-0.63452755933849	132	14
283459	3	0.0789678610322104	0	7	0.858118413743027	-0.63452755933849	132	14
283537	1	0.416265404927712	0	7	0.858118413743027	-0.63452755933849	132	14
283638	0	0.199711586084864	0	7	0.858118413743027	-0.63452755933849	132	14
284021	2	-0.404384150219306	0	7	0.858118413743027	-0.63452755933849	132	14
284119	2	-0.172754517768261	0	7	0.858118413743027	-0.63452755933849	132	14
284325	0	0.346817208779341	0	7	0.858118413743027	-0.63452755933849	132	14
284352	0	0.434833932760241	0	7	0.858118413743027	-0.63452755933849	132	14
284403	3	-0.161885855445913	0	7	0.858118413743027	-0.63452755933849	132	14
284443	6	-0.371047159675168	0	7	0.858118413743027	-0.63452755933849	132	14
285203	3	-0.410533381668227	0	7	0.858118413743027	-0.63452755933849	132	14
285282	1	0.467525107100274	0	7	0.858118413743027	-0.63452755933849	132	14
285527	4	-0.690288167799758	0	7	0.858118413743027	-0.63452755933849	132	14
285672	1	0.247993078141116	0	7	0.858118413743027	-0.63452755933849	132	14
285755	0	0.292230311249702	0	7	0.858118413743027	-0.63452755933849	132	14
286148	1	0.266387320924878	0	7	0.858118413743027	-0.63452755933849	132	14
286205	2	-0.318204005489469	0	7	0.858118413743027	-0.63452755933849	132	14
286451	2	0.599051605102179	0	7	0.858118413743027	-0.63452755933849	132	14
317662	1	0.445776282905959	0	7	0.858118413743027	-0.63452755933849	132	14
317762	1	0.393041584502635	0	7	0.858118413743027	-0.63452755933849	132	14
317781	0	-0.0581020706422754	0	7	0.858118413743027	-0.63452755933849	132	14
339105	0	0.0247159038746283	0	7	0.858118413743027	-0.63452755933849	132	14
339229	4	0.559157789751222	0	7	0.858118413743027	-0.63452755933849	132	14
339448	0	-0.182414176655554	0	7	0.858118413743027	-0.63452755933849	132	14
339479	3	0.219624292772265	0	7	0.858118413743027	-0.63452755933849	132	14
346157	2	0.316927570910011	0	7	0.858118413743027	-0.63452755933849	132	14
347344	0	0.058725484316644	0	7	0.858118413743027	-0.63452755933849	132	14
347733	2	-0.201861272810812	0	7	0.858118413743027	-0.63452755933849	132	14
347902	1	0.00415604173271574	0	7	0.858118413743027	-0.63452755933849	132	14
348110	3	0.35216492004993	0	7	0.858118413743027	-0.63452755933849	132	14
348995	1	-0.171452513159265	0	7	0.858118413743027	-0.63452755933849	132	14
353189	3	0.225482005961655	0	7	0.858118413743027	-0.63452755933849	132	14
353500	1	0.29560136017017	0	7	0.858118413743027	-0.63452755933849	132	14
353514	10	0.283967500854255	0	7	0.858118413743027	-0.63452755933849	132	14
373156	3	0.601790286110274	0	7	0.858118413743027	-0.63452755933849	132	14
374291	4	0.69579178795548	0	7	0.858118413743027	-0.63452755933849	132	14
374655	0	-0.0565032221185657	0	7	0.858118413743027	-0.63452755933849	132	14
374868	0	-0.274203432862358	0	7	0.858118413743027	-0.63452755933849	132	14
375035	1	-0.0727079140866379	0	7	0.858118413743027	-0.63452755933849	132	14
375056	1	0.0726535100559046	0	7	0.858118413743027	-0.63452755933849	132	14
375057	0	0.0649457089891346	0	7	0.858118413743027	-0.63452755933849	132	14
375449	0	0.149548837790532	0	7	0.858118413743027	-0.63452755933849	132	14
375790	5	0.574526626115087	0	7	0.858118413743027	-0.63452755933849	132	14
376267	1	-0.113412002754686	0	7	0.858118413743027	-0.63452755933849	132	14
387032	0	-0.313712026823402	0	7	0.858118413743027	-0.63452755933849	132	14
387082	0	0.123696507299647	0	7	0.858118413743027	-0.63452755933849	132	14
387263	1	0.438893365838504	0	7	0.858118413743027	-0.63452755933849	132	14
387509	0	0.231298761294427	0	7	0.858118413743027	-0.63452755933849	132	14
388567	3	-0.227309906368053	0	7	0.858118413743027	-0.63452755933849	132	14
388569	0	0.177267842827523	0	7	0.858118413743027	-0.63452755933849	132	14
388650	1	0.106925066442078	0	7	0.858118413743027	-0.63452755933849	132	14
388969	1	0.0955077753199124	0	7	0.858118413743027	-0.63452755933849	132	14
389136	2	-0.0811029918341177	0	7	0.858118413743027	-0.63452755933849	132	14
389677	0	-0.104129987593138	0	7	0.858118413743027	-0.63452755933849	132	14
389856	0	0.12958186984429	0	7	0.858118413743027	-0.63452755933849	132	14
390940	0	0.51323246378809	0	7	0.858118413743027	-0.63452755933849	132	14
399664	0	0.405778207568492	0	7	0.858118413743027	-0.63452755933849	132	14
399665	8	0.00842568753619132	0	7	0.858118413743027	-0.63452755933849	132	14
399979	1	0.185622697125112	0	7	0.858118413743027	-0.63452755933849	132	14
400410	2	0.532629541662134	0	7	0.858118413743027	-0.63452755933849	132	14
400451	1	0.611610907343843	0	7	0.858118413743027	-0.63452755933849	132	14
400506	0	-0.0123679768645282	0	7	0.858118413743027	-0.63452755933849	132	14
402055	0	-0.0933096899035781	0	7	0.858118413743027	-0.63452755933849	132	14
404093	0	-0.164457637325823	0	7	0.858118413743027	-0.63452755933849	132	14
404672	7	0.848509412574927	1	7	0.858118413743027	-0.63452755933849	132	14
440026	1	0.358737703013999	0	7	0.858118413743027	-0.63452755933849	132	14
440738	2	-0.320168164158944	0	7	0.858118413743027	-0.63452755933849	132	14
441024	1	0.271609175255222	0	7	0.858118413743027	-0.63452755933849	132	14
474344	9	-0.0371595639748558	0	7	0.858118413743027	-0.63452755933849	132	14
552889	1	0.66737489661729	0	7	0.858118413743027	-0.63452755933849	132	14
553115	4	0.189818271149001	0	7	0.858118413743027	-0.63452755933849	132	14
641339	2	0.266601992270368	0	7	0.858118413743027	-0.63452755933849	132	14
643641	3	-0.210023094463977	0	7	0.858118413743027	-0.63452755933849	132	14
644096	4	0.449633312046937	0	7	0.858118413743027	-0.63452755933849	132	14
727800	2	0.493017425154385	0	7	0.858118413743027	-0.63452755933849	132	14
727897	1	-0.283600093787721	0	7	0.858118413743027	-0.63452755933849	132	14
728215	2	-0.166363060859518	0	7	0.858118413743027	-0.63452755933849	132	14
729230	2	-0.387177520657862	0	7	0.858118413743027	-0.63452755933849	132	14
729515	7	0.68096819159981	1	7	0.858118413743027	-0.63452755933849	132	14
752014	0	0.101625587778663	0	7	0.858118413743027	-0.63452755933849	132	14
100129250	7	0.767437996319117	1	7	0.858118413743027	-0.63452755933849	132	14
100129361	1	0.530204927037879	0	7	0.858118413743027	-0.63452755933849	132	14
100131755	6	-0.265542200263196	0	7	0.858118413743027	-0.63452755933849	132	14
100133941	1	-0.258986074804775	0	7	0.858118413743027	-0.63452755933849	132	14
100288413	1	0.579300212000625	0	7	0.858118413743027	-0.63452755933849	132	14
100505741	6	-0.382685197288673	0	7	0.858118413743027	-0.63452755933849	132	14
100506581	4	0.336017104654376	0	7	0.858118413743027	-0.63452755933849	132	14
100507436	1	0.160138976425031	0	7	0.858118413743027	-0.63452755933849	132	14
