entrez_id	symbol
2	A2M
9	NAT1
12	SERPINA3
14	AAMP
15	AANAT
16	AARS1
18	ABAT
19	ABCA1
20	ABCA2
21	ABCA3
22	ABCB7
24	ABCA4
25	ABL1
26	AOC1
27	ABL2
28	ABO
29	ABR
30	ACAA1
31	ACACA
32	ACACB
33	ACADL
34	ACADM
35	ACADS
36	ACADSB
37	ACADVL
38	ACAT1
39	ACAT2
40	ASIC2
41	ASIC1
43	ACHE
47	ACLY
48	ACO1
50	ACO2
51	ACOX1
52	ACP1
53	ACP2
54	ACP5
55	ACP3
58	ACTA1
59	ACTA2
70	ACTC1
72	ACTG2
81	ACTN4
86	ACTL6A
87	ACTN1
88	ACTN2
89	ACTN3
90	ACVR1
91	ACVR1B
92	ACVR2A
93	ACVR2B
94	ACVRL1
97	ACYP1
100	ADA
101	ADAM8
102	ADAM10
103	ADAR
104	ADARB1
105	ADARB2
107	ADCY1
108	ADCY2
109	ADCY3
113	ADCY7
115	ADCY9
116	ADCYAP1
117	ADCYAP1R1
118	ADD1
119	ADD2
120	ADD3
125	ADH1B
126	ADH1C
128	ADH5
130	ADH6
132	ADK
133	ADM
134	ADORA1
136	ADORA2B
140	ADORA3
141	ADPRH
142	PARP1
147	ADRA1B
148	ADRA1A
150	ADRA2A
151	ADRA2B
152	ADRA2C
153	ADRB1
154	ADRB2
156	GRK2
157	GRK3
158	ADSL
159	ADSS2
161	AP2A2
162	AP1B1
163	AP2B1
164	AP1G1
166	TLE5
173	AFM
175	AGA
176	ACAN
178	AGL
181	AGRP
182	JAG1
183	AGT
185	AGTR1
186	AGTR2
187	APLNR
189	AGXT
191	AHCY
196	AHR
197	AHSG
202	CRYBG1
203	AK1
204	AK2
207	AKT1
208	AKT2
210	ALAD
211	ALAS1
212	ALAS2
213	ALB
214	ALCAM
215	ABCD1
216	ALDH1A1
217	ALDH2
218	ALDH3A1
219	ALDH1B1
220	ALDH1A3
221	ALDH3B1
223	ALDH9A1
224	ALDH3A2
225	ABCD2
226	ALDOA
229	ALDOB
230	ALDOC
231	AKR1B1
238	ALK
239	ALOX12
240	ALOX5
241	ALOX5AP
242	ALOX12B
245	ALOX12P2
246	ALOX15
248	ALPI
249	ALPL
257	ALX3
259	AMBP
262	AMD1
267	AMFR
270	AMPD1
271	AMPD2
272	AMPD3
273	AMPH
274	BIN1
275	AMT
284	ANGPT1
285	ANGPT2
286	ANK1
287	ANK2
288	ANK3
290	ANPEP
291	SLC25A4
292	SLC25A5
301	ANXA1
302	ANXA2
303	ANXA2P1
306	ANXA3
307	ANXA4
308	ANXA5
309	ANXA6
310	ANXA7
311	ANXA11
312	ANXA13
313	AOAH
314	AOC2
316	AOX1
317	APAF1
318	NUDT2
321	APBA2
322	APBB1
323	APBB2
324	APC
326	AIRE
327	APEH
328	APEX1
329	BIRC2
330	BIRC3
331	XIAP
332	BIRC5
333	APLP1
334	APLP2
338	APOB
341	APOC1
345	APOC3
347	APOD
348	APOE
350	APOH
351	APP
353	APRT
355	FAS
356	FASLG
357	SHROOM2
359	AQP2
360	AQP3
361	AQP4
362	AQP5
363	AQP6
366	AQP9
367	AR
369	ARAF
372	ARCN1
373	TRIM23
377	ARF3
378	ARF4
379	ARL4D
381	ARF5
382	ARF6
384	ARG2
387	RHOA
388	RHOB
389	RHOC
390	RND3
391	RHOG
392	ARHGAP1
393	ARHGAP4
394	ARHGAP5
395	ARHGAP6
396	ARHGDIA
397	ARHGDIB
399	RHOH
400	ARL1
402	ARL2
403	ARL3
405	ARNT
406	BMAL1
407	ARR3
408	ARRB1
409	ARRB2
410	ARSA
411	ARSB
412	STS
414	ARSD
415	ARSL
416	ARSF
420	ART4
421	ARVCF
427	ASAH1
430	ASCL2
433	ASGR2
435	ASL
439	GET3
440	ASNS
443	ASPA
444	ASPH
445	ASS1
462	SERPINC1
463	ZFHX3
466	ATF1
467	ATF3
471	ATIC
472	ATM
473	RERE
475	ATOX1
476	ATP1A1
477	ATP1A2
479	ATP12A
481	ATP1B1
482	ATP1B2
483	ATP1B3
487	ATP2A1
488	ATP2A2
489	ATP2A3
490	ATP2B1
491	ATP2B2
492	ATP2B3
493	ATP2B4
498	ATP5F1A
501	ALDH7A1
506	ATP5F1B
509	ATP5F1C
513	ATP5F1D
515	ATP5PB
516	ATP5MC1
517	ATP5MC2
518	ATP5MC3
521	ATP5ME
522	ATP5PF
523	ATP6V1A
525	ATP6V1B1
526	ATP6V1B2
527	ATP6V0C
528	ATP6V1C1
529	ATP6V1E1
533	ATP6V0B
535	ATP6V0A1
537	ATP6AP1
538	ATP7A
539	ATP5PO
540	ATP7B
545	ATR
546	ATRX
547	KIF1A
549	AUH
550	AUP1
552	AVPR1A
553	AVPR1B
554	AVPR2
558	AXL
563	AZGP1
567	B2M
572	BAD
573	BAG1
575	ADGRB1
576	ADGRB2
577	ADGRB3
580	BARD1
581	BAX
582	BBS1
585	BBS4
586	BCAT1
587	BCAT2
590	BCHE
593	BCKDHA
594	BCKDHB
595	CCND1
596	BCL2
597	BCL2A1
598	BCL2L1
599	BCL2L2
604	BCL6
605	BCL7A
608	TNFRSF17
610	HCN2
613	BCR
617	BCS1L
622	BDH1
623	BDKRB1
624	BDKRB2
627	BDNF
629	CFB
631	BFSP1
633	BGN
634	CEACAM1
635	BHMT
636	BICD1
637	BID
638	BIK
639	PRDM1
640	BLK
641	BLM
642	BLMH
643	CXCR5
644	BLVRA
645	BLVRB
649	BMP1
650	BMP2
652	BMP4
653	BMP5
654	BMP6
655	BMP7
656	BMP8B
657	BMPR1A
658	BMPR1B
659	BMPR2
660	BMX
661	POLR3D
662	BNIP1
663	BNIP2
664	BNIP3
665	BNIP3L
669	BPGM
670	BPHL
672	BRCA1
675	BRCA2
677	ZFP36L1
678	ZFP36L2
682	BSG
683	BST1
684	BST2
685	BTC
686	BTD
687	KLF9
688	KLF5
689	BTF3
694	BTG1
695	BTK
699	BUB1
705	BYSL
706	TSPO
708	C1QBP
710	SERPING1
712	C1QA
713	C1QB
715	C1R
716	C1S
718	C3
719	C3AR1
726	CAPN5
727	C5
728	C5AR1
729	C6
730	C7
733	C8G
734	OSGIN2
738	VPS51
740	MRPL49
741	ZNHIT2
744	MPPED2
745	MYRF
747	DAGLA
750	GAS8-AS1
752	FMNL1
753	LDLRAD4
754	PTTG1IP
755	CFAP410
757	TMEM50B
759	CA1
760	CA2
761	CA3
762	CA4
767	CA8
770	CA11
771	CA12
775	CACNA1C
776	CACNA1D
777	CACNA1E
779	CACNA1S
781	CACNA2D1
782	CACNB1
783	CACNB2
784	CACNB3
785	CACNB4
788	SLC25A20
790	CAD
793	CALB1
796	CALCA
799	CALCR
800	CALD1
810	CALML3
811	CALR
813	CALU
814	CAMK4
815	CAMK2A
816	CAMK2B
818	CAMK2G
819	CAMLG
821	CANX
822	CAPG
823	CAPN1
824	CAPN2
825	CAPN3
826	CAPNS1
827	CAPN6
830	CAPZA2
831	CAST
832	CAPZB
833	CARS1
834	CASP1
835	CASP2
836	CASP3
837	CASP4
839	CASP6
840	CASP7
841	CASP8
842	CASP9
843	CASP10
844	CASQ1
845	CASQ2
846	CASR
847	CAT
857	CAV1
858	CAV2
860	RUNX2
862	RUNX1T1
863	CBFA2T3
864	RUNX3
865	CBFB
866	SERPINA6
867	CBL
868	CBLB
871	SERPINH1
873	CBR1
874	CBR3
883	KYAT1
889	KRIT1
890	CCNA2
891	CCNB1
892	CCNC
894	CCND2
896	CCND3
899	CCNF
900	CCNG1
901	CCNG2
902	CCNH
904	CCNT1
905	CCNT2
908	CCT6A
911	CD1C
912	CD1D
913	CD1E
914	CD2
915	CD3D
916	CD3E
917	CD3G
919	CD247
920	CD4
921	CD5
922	CD5L
923	CD6
924	CD7
925	CD8A
929	CD14
930	CD19
931	MS4A1
933	CD22
939	CD27
940	CD28
941	CD80
942	CD86
943	TNFRSF8
944	TNFSF8
945	CD33
946	SIGLEC6
947	CD34
948	CD36
949	SCARB1
950	SCARB2
951	CD37
952	CD38
953	ENTPD1
954	ENTPD2
955	ENTPD6
956	ENTPD3
957	ENTPD5
958	CD40
959	CD40LG
960	CD44
961	CD47
962	CD48
963	CD53
965	CD58
967	CD63
969	CD69
970	CD70
971	CD72
972	CD74
973	CD79A
974	CD79B
975	CD81
976	ADGRE5
977	CD151
978	CDA
983	CDK1
987	LRBA
988	CDC5L
989	SEPTIN7
990	CDC6
991	CDC20
993	CDC25A
994	CDC25B
996	CDC27
997	CDC34
998	CDC42
999	CDH1
1000	CDH2
1001	CDH3
1002	CDH4
1003	CDH5
1004	CDH6
1007	CDH9
1009	CDH11
1012	CDH13
1013	CDH15
1014	CDH16
1017	CDK2
1019	CDK4
1020	CDK5
1021	CDK6
1022	CDK7
1024	CDK8
1026	CDKN1A
1027	CDKN1B
1028	CDKN1C
1030	CDKN2B
1031	CDKN2C
1032	CDKN2D
1036	CDO1
1038	CDR1
1040	CDS1
1043	CD52
1050	CEBPA
1051	CEBPB
1052	CEBPD
1054	CEBPG
1056	CEL
1059	CENPB
1060	CENPC
1063	CENPF
1069	CETN2
1070	CETN3
1071	CETP
1075	CTSC
1080	CFTR
1084	CEACAM3
1089	CEACAM4
1101	CHAD
1102	RCBTB2
1105	CHD1
1107	CHD3
1108	CHD4
1111	CHEK1
1112	FOXN3
1113	CHGA
1114	CHGB
1116	CHI3L1
1117	CHI3L2
1118	CHIT1
1119	CHKA
1121	CHM
1122	CHML
1123	CHN1
1124	CHN2
1130	LYST
1131	CHRM3
1133	CHRM5
1137	CHRNA4
1140	CHRNB1
1141	CHRNB2
1143	CHRNB4
1145	CHRNE
1146	CHRNG
1147	CHUK
1149	CIDEA
1152	CKB
1153	CIRBP
1154	CISH
1155	TBCB
1158	CKM
1160	CKMT2
1161	ERCC8
1164	CKS2
1173	AP2M1
1174	AP1S1
1175	AP2S1
1178	CLC
1181	CLCN2
1182	CLCN3
1183	CLCN4
1184	CLCN5
1186	CLCN7
1188	CLCNKB
1191	CLU
1193	CLIC2
1195	CLK1
1196	CLK2
1198	CLK3
1200	TPP1
1201	CLN3
1203	CLN5
1207	CLNS1A
1209	CLPTM1
1211	CLTA
1212	CLTB
1213	CLTC
1215	CMA1
1230	CCR1
1233	CCR4
1234	CCR5
1235	CCR6
1236	CCR7
1238	ACKR2
1240	CMKLR1
1241	LTB4R
1244	ABCC2
1259	CNGA1
1263	PLK3
1264	CNN1
1265	CNN2
1266	CNN3
1267	CNP
1268	CNR1
1269	CNR2
1271	CNTFR
1272	CNTN1
1277	COL1A1
1278	COL1A2
1282	COL4A1
1284	COL4A2
1285	COL4A3
1286	COL4A4
1287	COL4A5
1288	COL4A6
1289	COL5A1
1290	COL5A2
1291	COL6A1
1292	COL6A2
1293	COL6A3
1294	COL7A1
1296	COL8A2
1298	COL9A2
1299	COL9A3
1300	COL10A1
1301	COL11A1
1305	COL13A1
1306	COL15A1
1307	COL16A1
1310	COL19A1
1311	COMP
1314	COPA
1315	COPB1
1316	KLF6
1317	SLC31A1
1318	SLC31A2
1326	MAP3K8
1327	COX4I1
1329	COX5B
1339	COX6A2
1340	COX6B1
1345	COX6C
1346	COX7A1
1347	COX7A2
1349	COX7B
1351	COX8A
1352	COX10
1353	COX11
1355	COX15
1356	CP
1359	CPA3
1362	CPD
1363	CPE
1365	CLDN3
1366	CLDN7
1368	CPM
1370	CPN2
1371	CPOX
1373	CPS1
1374	CPT1A
1376	CPT2
1378	CR1
1380	CR2
1381	CRABP1
1382	CRABP2
1384	CRAT
1385	CREB1
1386	ATF2
1387	CREBBP
1388	ATF6B
1389	CREBL2
1390	CREM
1393	CRHBP
1395	CRHR2
1396	CRIP1
1397	CRIP2
1398	CRK
1399	CRKL
1400	CRMP1
1401	CRP
1404	HAPLN1
1407	CRY1
1408	CRY2
1410	CRYAB
1416	CRYBB2P1
1417	CRYBB3
1428	CRYM
1429	CRYZ
1432	MAPK14
1434	CSE1L
1435	CSF1
1436	CSF1R
1439	CSF2RB
1441	CSF3R
1445	CSK
1452	CSNK1A1
1453	CSNK1D
1455	CSNK1G2
1456	CSNK1G3
1459	CSNK2A2
1460	CSNK2B
1462	VCAN
1464	CSPG4
1465	CSRP1
1466	CSRP2
1468	SLC25A10
1469	CST1
1471	CST3
1474	CST6
1475	CSTA
1476	CSTB
1477	CSTF1
1478	CSTF2
1479	CSTF3
1486	CTBS
1487	CTBP1
1488	CTBP2
1489	CTF1
1490	CCN2
1491	CTH
1493	CTLA4
1495	CTNNA1
1497	CTNS
1499	CTNNB1
1503	CTPS1
1506	CTRL
1508	CTSB
1509	CTSD
1511	CTSG
1512	CTSH
1513	CTSK
1514	CTSL
1515	CTSV
1519	CTSO
1520	CTSS
1521	CTSW
1522	CTSZ
1523	CUX1
1524	CX3CR1
1525	CXADR
1528	CYB5A
1534	CYB561
1535	CYBA
1536	CYBB
1537	CYC1
1540	CYLD
1543	CYP1A1
1545	CYP1B1
1548	CYP2A6
1549	CYP2A7
1555	CYP2B6
1558	CYP2C8
1559	CYP2C9
1571	CYP2E1
1573	CYP2J2
1576	CYP3A4
1577	CYP3A5
1579	CYP4A11
1580	CYP4B1
1586	CYP17A1
1591	CYP24A1
1593	CYP27A1
1594	CYP27B1
1600	DAB1
1602	DACH1
1603	DAD1
1604	CD55
1605	DAG1
1606	DGKA
1607	DGKB
1608	DGKG
1609	DGKQ
1610	DAO
1611	DAP
1612	DAPK1
1615	DARS1
1620	BRINP1
1621	DBH
1622	DBI
1627	DBN1
1628	DBP
1629	DBT
1630	DCC
1632	ECI1
1633	DCK
1634	DCN
1635	DCTD
1636	ACE
1638	DCT
1639	DCTN1
1642	DDB1
1643	DDB2
1644	DDC
1645	AKR1C1
1647	GADD45A
1649	DDIT3
1650	DDOST
1653	DDX1
1654	DDX3X
1656	DDX6
1657	DMXL1
1659	DHX8
1660	DHX9
1662	DDX10
1663	DDX11
1665	DHX15
1666	DECR1
1672	DEFB1
1674	DES
1675	CFD
1676	DFFA
1677	DFFB
1678	TIMM8A
1687	GSDME
1690	COCH
1716	DGUOK
1717	DHCR7
1718	DHCR24
1723	DHODH
1725	DHPS
1727	CYB5R3
1728	NQO1
1729	DIAPH1
1730	DIAPH2
1733	DIO1
1734	DIO2
1737	DLAT
1738	DLD
1739	DLG1
1740	DLG2
1741	DLG3
1742	DLG4
1743	DLST
1756	DMD
1757	SARDH
1759	DNM1
1760	DMPK
1762	DMWD
1763	DNA2
1768	DNAH6
1770	DNAH9
1773	DNASE1
1774	DNASE1L1
1775	DNASE1L2
1776	DNASE1L3
1777	DNASE2
1778	DYNC1H1
1780	DYNC1I1
1783	DYNC1LI2
1785	DNM2
1786	DNMT1
1787	TRDMT1
1788	DNMT3A
1789	DNMT3B
1793	DOCK1
1794	DOCK2
1795	DOCK3
1796	DOK1
1798	DPAGT1
1800	DPEP1
1802	DPH2
1803	DPP4
1804	DPP6
1805	DPT
1806	DPYD
1807	DPYS
1808	DPYSL2
1809	DPYSL3
1810	DR1
1812	DRD1
1815	DRD4
1816	DRD5
1819	DRG2
1820	ARID3A
1821	DRP2
1822	ATN1
1824	DSC2
1827	RCAN1
1829	DSG2
1831	TSC22D3
1832	DSP
1836	SLC26A2
1837	DTNA
1838	DTNB
1839	HBEGF
1841	DTYMK
1842	ECM2
1843	DUSP1
1844	DUSP2
1845	DUSP3
1846	DUSP4
1847	DUSP5
1848	DUSP6
1849	DUSP7
1852	DUSP9
1854	DUT
1855	DVL1
1856	DVL2
1857	DVL3
1859	DYRK1A
1861	TOR1A
1869	E2F1
1870	E2F2
1871	E2F3
1874	E2F4
1875	E2F5
1877	E4F1
1880	GPR183
1889	ECE1
1890	TYMP
1891	ECH1
1892	ECHS1
1893	ECM1
1894	ECT2
1896	EDA
1901	S1PR1
1902	LPAR1
1906	EDN1
1907	EDN2
1909	EDNRA
1910	EDNRB
1917	EEF1A2
1936	EEF1D
1938	EEF2
1939	EIF2D
1942	EFNA1
1945	EFNA4
1946	EFNA5
1947	EFNB1
1948	EFNB2
1949	EFNB3
1950	EGF
1952	CELSR2
1953	MEGF6
1954	MEGF8
1955	MEGF9
1956	EGFR
1958	EGR1
1959	EGR2
1960	EGR3
1962	EHHADH
1965	EIF2S1
1967	EIF2B1
1969	EPHA2
1977	EIF4E
1978	EIF4EBP1
1979	EIF4EBP2
1981	EIF4G1
1982	EIF4G2
1983	EIF5
1984	EIF5A
1992	SERPINB1
1994	ELAVL1
1997	ELF1
1998	ELF2
1999	ELF3
2000	ELF4
2001	ELF5
2002	ELK1
2004	ELK3
2006	ELN
2009	EML1
2010	EMD
2011	MARK2
2012	EMP1
2013	EMP2
2014	EMP3
2015	ADGRE1
2016	EMX1
2017	CTTN
2018	EMX2
2021	ENDOG
2022	ENG
2023	ENO1
2026	ENO2
2027	ENO3
2028	ENPEP
2029	ENSA
2030	SLC29A1
2034	EPAS1
2035	EPB41
2036	EPB41L1
2037	EPB41L2
2038	EPB42
2039	DMTN
2040	STOM
2041	EPHA1
2042	EPHA3
2043	EPHA4
2045	EPHA7
2047	EPHB1
2048	EPHB2
2049	EPHB3
2050	EPHB4
2051	EPHB6
2052	EPHX1
2053	EPHX2
2054	STX2
2055	CLN8
2056	EPO
2057	EPOR
2058	EPRS1
2059	EPS8
2060	EPS15
2063	NR2F6
2065	ERBB3
2066	ERBB4
2067	ERCC1
2068	ERCC2
2070	EYA4
2071	ERCC3
2072	ERCC4
2077	ERF
2078	ERG
2079	ERH
2081	ERN1
2091	FBL
2098	ESD
2099	ESR1
2100	ESR2
2101	ESRRA
2104	ESRRG
2107	ETF1
2108	ETFA
2109	ETFB
2110	ETFDH
2113	ETS1
2114	ETS2
2115	ETV1
2117	ETV3
2118	ETV4
2119	ETV5
2120	ETV6
2122	MECOM
2123	EVI2A
2124	EVI2B
2125	EVPL
2130	EWSR1
2131	EXT1
2132	EXT2
2134	EXTL1
2135	EXTL2
2137	EXTL3
2139	EYA2
2140	EYA3
2145	EZH1
2146	EZH2
2149	F2R
2150	F2RL1
2151	F2RL2
2152	F3
2153	F5
2155	F7
2157	F8
2159	F10
2160	F11
2161	F12
2162	F13A1
2166	FAAH
2167	FABP4
2168	FABP1
2170	FABP3
2175	FANCA
2176	FANCC
2178	FANCE
2180	ACSL1
2181	ACSL3
2184	FAH
2185	PTK2B
2186	BPTF
2188	FANCF
2189	FANCG
2191	FAP
2192	FBLN1
2193	FARSA
2194	FASN
2195	FAT1
2196	FAT2
2197	FAU
2199	FBLN2
2200	FBN1
2201	FBN2
2202	EFEMP1
2203	FBP1
2204	FCAR
2205	FCER1A
2206	MS4A2
2207	FCER1G
2208	FCER2
2213	FCGR2B
2215	FCGR3B
2217	FCGRT
2218	FKTN
2219	FCN1
2220	FCN2
2222	FDFT1
2224	FDPS
2230	FDX1
2232	FDXR
2235	FECH
2237	FEN1
2239	GPC4
2241	FER
2242	FES
2243	FGA
2244	FGB
2245	FGD1
2246	FGF1
2247	FGF2
2250	FGF5
2252	FGF7
2254	FGF9
2257	FGF12
2258	FGF13
2260	FGFR1
2261	FGFR3
2262	GPC5
2263	FGFR2
2264	FGFR4
2266	FGG
2268	FGR
2271	FH
2272	FHIT
2273	FHL1
2274	FHL2
2275	FHL3
2281	FKBP1B
2286	FKBP2
2287	FKBP3
2288	FKBP4
2289	FKBP5
2294	FOXF1
2296	FOXC1
2297	FOXD1
2299	FOXI1
2300	FOXL1
2302	FOXJ1
2303	FOXC2
2305	FOXM1
2306	FOXD2
2308	FOXO1
2309	FOXO3
2312	FLG
2313	FLI1
2314	FLII
2315	MLANA
2316	FLNA
2317	FLNB
2318	FLNC
2319	FLOT2
2321	FLT1
2322	FLT3
2323	FLT3LG
2324	FLT4
2326	FMO1
2327	FMO2
2328	FMO3
2329	FMO4
2331	FMOD
2332	FMR1
2334	AFF2
2335	FN1
2339	FNTA
2348	FOLR1
2350	FOLR2
2352	FOLR3
2353	FOS
2354	FOSB
2355	FOSL2
2356	FPGS
2357	FPR1
2358	FPR2
2359	FPR3
2395	FXN
2444	FRK
2475	MTOR
2487	FRZB
2491	CENPI
2494	NR5A2
2495	FTH1
2512	FTL
2517	FUCA1
2521	FUS
2523	FUT1
2524	FUT2
2525	FUT3
2528	FUT6
2529	FUT7
2530	FUT8
2531	KDSR
2532	ACKR1
2533	FYB1
2534	FYN
2535	FZD2
2537	IFI6
2538	G6PC1
2539	G6PD
2542	SLC37A4
2548	GAA
2549	GAB1
2550	GABBR1
2551	GABPA
2553	GABPB1
2555	GABRA2
2558	GABRA5
2561	GABRB2
2562	GABRB3
2568	GABRP
2570	GABRR2
2571	GAD1
2580	GAK
2581	GALC
2582	GALE
2583	B4GALNT1
2584	GALK1
2585	GALK2
2588	GALNS
2589	GALNT1
2590	GALNT2
2591	GALNT3
2592	GALT
2593	GAMT
2597	GAPDH
2615	LRRC32
2617	GARS1
2618	GART
2619	GAS1
2620	GAS2
2621	GAS6
2622	DRC4
2623	GATA1
2624	GATA2
2625	GATA3
2627	GATA6
2628	GATM
2631	NIPSNAP2
2632	GBE1
2633	GBP1
2634	GBP2
2638	GC
2639	GCDH
2642	GCGR
2643	GCH1
2644	GCHFR
2647	BLOC1S1
2648	KAT2A
2649	NR6A1
2650	GCNT1
2651	GCNT2
2664	GDI1
2665	GDI2
2668	GDNF
2669	GEM
2671	GFER
2672	GFI1
2673	GFPT1
2674	GFRA1
2675	GFRA2
2677	GGCX
2683	B4GALT1
2687	GGT5
2690	GHR
2692	GHRHR
2694	CBLIF
2696	GIPR
2697	GJA1
2700	GJA3
2701	GJA4
2705	GJB1
2707	GJB3
2710	GK
2717	GLA
2719	GPC3
2729	GCLC
2730	GCLM
2731	GLDC
2733	GLE1
2734	GLG1
2735	GLI1
2736	GLI2
2737	GLI3
2739	GLO1
2740	GLP1R
2743	GLRB
2744	GLS
2745	GLRX
2746	GLUD1
2747	GLUD2
2752	GLUL
2760	GM2A
2762	GMDS
2764	GMFB
2766	GMPR
2767	GNA11
2768	GNA12
2769	GNA15
2770	GNAI1
2771	GNAI2
2773	GNAI3
2774	GNAL
2775	GNAO1
2776	GNAQ
2778	GNAS
2780	GNAT2
2781	GNAZ
2782	GNB1
2783	GNB2
2784	GNB3
2785	GNG3
2786	GNG4
2787	GNG5
2788	GNG7
2791	GNG11
2796	GNRH1
2798	GNRHR
2799	GNS
2800	GOLGA1
2801	GOLGA2
2802	GOLGA3
2803	GOLGA4
2804	GOLGB1
2805	GOT1
2806	GOT2
2810	SFN
2811	GP1BA
2813	GP2
2815	GP9
2817	GPC1
2819	GPD1
2820	GPD2
2821	GPI
2822	GPLD1
2823	GPM6A
2824	GPM6B
2826	CCR10
2827	GPR3
2828	GPR4
2829	XCR1
2833	CXCR3
2838	GPR15
2840	GPR17
2841	GPR18
2843	GPR20
2845	GPR22
2850	GPR27
2852	GPER1
2859	GPR35
2861	GPR37
2863	GPR39
2867	FFAR2
2868	GRK4
2869	GRK5
2870	GRK6
2872	MKNK2
2873	GPS1
2875	GPT
2877	GPX2
2878	GPX3
2879	GPX4
2882	GPX7
2885	GRB2
2886	GRB7
2887	GRB10
2888	GRB14
2889	RAPGEF1
2891	GRIA2
2892	GRIA3
2893	GRIA4
2896	GRN
2897	GRIK1
2898	GRIK2
2899	GRIK3
2900	GRIK4
2901	GRIK5
2903	GRIN2A
2904	GRIN2B
2905	GRIN2C
2906	GRIN2D
2907	GRINA
2908	NR3C1
2909	ARHGAP35
2911	GRM1
2915	GRM5
2916	GRM6
2918	GRM8
2919	CXCL1
2920	CXCL2
2921	CXCL3
2923	PDIA3
2926	GRSF1
2931	GSK3A
2932	GSK3B
2934	GSN
2935	GSPT1
2936	GSR
2937	GSS
2938	GSTA1
2941	GSTA4
2947	GSTM3
2948	GSTM4
2949	GSTM5
2950	GSTP1
2954	GSTZ1
2956	MSH6
2957	GTF2A1
2958	GTF2A2
2959	GTF2B
2960	GTF2E1
2961	GTF2E2
2962	GTF2F1
2963	GTF2F2
2965	GTF2H1
2967	GTF2H3
2968	GTF2H4
2969	GTF2I
2971	GTF3A
2972	BRF1
2974	GUCY1B2
2975	GTF3C1
2976	GTF3C2
2977	GUCY1A2
2979	GUCA1B
2982	GUCY1A1
2983	GUCY1B1
2984	GUCY2C
2987	GUK1
2990	GUSB
2992	GYG1
2995	GYPC
2997	GYS1
2998	GYS2
2999	GZMH
3000	GUCY2D
3001	GZMA
3002	GZMB
3003	GZMK
3004	GZMM
3005	H1-0
3006	H1-2
3007	H1-3
3008	H1-4
3009	H1-5
3014	H2AX
3015	H2AZ1
3017	H2BC5
3018	H2BC3
3024	H1-1
3026	HABP2
3028	HSD17B10
3029	HAGH
3030	HADHA
3032	HADHB
3033	HADH
3034	HAL
3037	HAS2
3043	HBB
3052	HCCS
3053	SERPIND1
3054	HCFC1
3055	HCK
3059	HCLS1
3061	HCRTR1
3062	HCRTR2
3064	HTT
3065	HDAC1
3066	HDAC2
3067	HDC
3068	HDGF
3069	HDLBP
3071	NCKAP1L
3073	HEXA
3074	HEXB
3075	CFH
3077	HFE
3081	HGD
3082	HGF
3083	HGFAC
3084	NRG1
3087	HHEX
3090	HIC1
3091	HIF1A
3092	HIP1
3093	UBE2K
3094	HINT1
3096	HIVEP1
3097	HIVEP2
3098	HK1
3099	HK2
3101	HK3
3104	ZBTB48
3105	HLA-A
3106	HLA-B
3107	HLA-C
3108	HLA-DMA
3111	HLA-DOA
3115	HLA-DPB1
3117	HLA-DQA1
3119	HLA-DQB1
3122	HLA-DRA
3123	HLA-DRB1
3131	HLF
3134	HLA-F
3140	MR1
3141	HLCS
3142	HLX
3145	HMBS
3148	HMGB2
3149	HMGB3
3155	HMGCL
3156	HMGCR
3157	HMGCS1
3158	HMGCS2
3162	HMOX1
3163	HMOX2
3164	NR4A1
3172	HNF4A
3174	HNF4G
3176	HNMT
3177	SLC29A2
3181	HNRNPA2B1
3182	HNRNPAB
3184	HNRNPD
3185	HNRNPF
3187	HNRNPH1
3189	HNRNPH3
3191	HNRNPL
3192	HNRNPU
3198	HOXA1
3199	HOXA2
3200	HOXA3
3201	HOXA4
3202	HOXA5
3203	HOXA6
3204	HOXA7
3206	HOXA10
3207	HOXA11
3212	HOXB2
3215	HOXB5
3216	HOXB6
3217	HOXB7
3218	HOXB8
3219	HOXB9
3221	HOXC4
3222	HOXC5
3223	HOXC6
3224	HOXC8
3226	HOXC10
3231	HOXD1
3235	HOXD9
3236	HOXD10
3237	HOXD11
3240	HP
3241	HPCAL1
3242	HPD
3248	HPGD
3249	HPN
3250	HPR
3251	HPRT1
3265	HRAS
3267	AGFG1
3268	AGFG2
3269	HRH1
3270	HRC
3273	HRG
3274	HRH2
3275	PRMT2
3276	PRMT1
3280	HES1
3281	HSBP1
3283	HSD3B1
3284	HSD3B2
3290	HSD11B1
3291	HSD11B2
3293	HSD17B3
3294	HSD17B2
3295	HSD17B4
3297	HSF1
3298	HSF2
3300	DNAJB2
3301	DNAJA1
3306	HSPA2
3308	HSPA4
3309	HSPA5
3310	HSPA6
3313	HSPA9
3320	HSP90AA1
3321	IGSF3
3326	HSP90AB1
3337	DNAJB1
3338	DNAJC4
3339	HSPG2
3340	NDST1
3344	FOXN2
3351	HTR1B
3355	HTR1F
3357	HTR2B
3362	HTR6
3363	HTR7
3364	HUS1
3371	TNC
3373	HYAL1
3376	IARS1
3382	ICA1
3383	ICAM1
3384	ICAM2
3385	ICAM3
3386	ICAM4
3394	IRF8
3396	MRPL58
3397	ID1
3398	ID2
3399	ID3
3400	ID4
3416	IDE
3417	IDH1
3418	IDH2
3419	IDH3A
3420	IDH3B
3421	IDH3G
3422	IDI1
3423	IDS
3425	IDUA
3426	CFI
3428	IFI16
3429	IFI27
3430	IFI35
3431	SP110
3433	IFIT2
3434	IFIT1
3437	IFIT3
3454	IFNAR1
3455	IFNAR2
3459	IFNGR1
3460	IFNGR2
3475	IFRD1
3476	IGBP1
3479	IGF1
3480	IGF1R
3482	IGF2R
3483	IGFALS
3484	IGFBP1
3485	IGFBP2
3486	IGFBP3
3487	IGFBP4
3488	IGFBP5
3489	IGFBP6
3490	IGFBP7
3491	CCN1
3508	IGHMBP2
3512	JCHAIN
3516	RBPJ
3547	IGSF1
3549	IHH
3551	IKBKB
3553	IL1B
3554	IL1R1
3556	IL1RAP
3557	IL1RN
3559	IL2RA
3560	IL2RB
3561	IL2RG
3566	IL4R
3568	IL5RA
3569	IL6
3570	IL6R
3572	IL6ST
3574	IL7
3575	IL7R
3576	CXCL8
3577	CXCR1
3579	CXCR2
3587	IL10RA
3588	IL10RB
3589	IL11
3590	IL11RA
3594	IL12RB1
3595	IL12RB2
3597	IL13RA1
3598	IL13RA2
3600	IL15
3601	IL15RA
3603	IL16
3604	TNFRSF9
3606	IL18
3607	FOXK2
3608	ILF2
3609	ILF3
3611	ILK
3612	IMPA1
3613	IMPA2
3614	IMPDH1
3615	IMPDH2
3617	IMPG1
3619	INCENP
3620	IDO1
3621	ING1
3622	ING2
3624	INHBA
3625	INHBB
3627	CXCL10
3628	INPP1
3631	INPP4A
3632	INPP5A
3633	INPP5B
3635	INPP5D
3636	INPPL1
3638	INSIG1
3643	INSR
3645	INSRR
3646	EIF3E
3652	IPP
3655	ITGA6
3658	IREB2
3659	IRF1
3660	IRF2
3661	IRF3
3662	IRF4
3663	IRF5
3664	IRF6
3665	IRF7
3667	IRS1
3669	ISG20
3671	ISLR
3673	ITGA2
3674	ITGA2B
3675	ITGA3
3676	ITGA4
3678	ITGA5
3679	ITGA7
3680	ITGA9
3682	ITGAE
3683	ITGAL
3684	ITGAM
3685	ITGAV
3687	ITGAX
3689	ITGB2
3690	ITGB3
3691	ITGB4
3692	EIF6
3693	ITGB5
3695	ITGB7
3696	ITGB8
3698	ITIH2
3699	ITIH3
3700	ITIH4
3702	ITK
3703	STT3A
3704	ITPA
3705	ITPK1
3707	ITPKB
3708	ITPR1
3709	ITPR2
3710	ITPR3
3712	IVD
3714	JAG2
3716	JAK1
3717	JAK2
3718	JAK3
3720	JARID2
3725	JUN
3726	JUNB
3727	JUND
3728	JUP
3730	ANOS1
3732	CD82
3735	KARS1
3737	KCNA2
3741	KCNA5
3745	KCNB1
3748	KCNC3
3749	KCNC4
3750	KCND1
3752	KCND3
3754	KCNF1
3756	KCNH1
3757	KCNH2
3758	KCNJ1
3759	KCNJ2
3760	KCNJ3
3762	KCNJ5
3764	KCNJ8
3766	KCNJ10
3769	KCNJ13
3770	KCNJ14
3772	KCNJ15
3773	KCNJ16
3775	KCNK1
3776	KCNK2
3777	KCNK3
3778	KCNMA1
3779	KCNMB1
3781	KCNN2
3782	KCNN3
3783	KCNN4
3784	KCNQ1
3785	KCNQ2
3786	KCNQ3
3787	KCNS1
3790	KCNS3
3791	KDR
3792	KEL
3795	KHK
3796	KIF2A
3797	KIF3C
3798	KIF5A
3799	KIF5B
3800	KIF5C
3801	KIFC3
3815	KIT
3816	KLK1
3818	KLKB1
3820	KLRB1
3824	KLRD1
3827	KNG1
3831	KLC1
3832	KIF11
3835	KIF22
3836	KPNA1
3837	KPNB1
3838	KPNA2
3839	KPNA3
3840	KPNA4
3841	KPNA5
3842	TNPO1
3843	IPO5
3845	KRAS
3855	KRT7
3858	KRT10
3880	KRT19
3895	KTN1
3897	L1CAM
3898	LAD1
3899	AFF3
3902	LAG3
3903	LAIR1
3908	LAMA2
3909	LAMA3
3910	LAMA4
3912	LAMB1
3913	LAMB2
3915	LAMC1
3916	LAMP1
3918	LAMC2
3920	LAMP2
3927	LASP1
3929	LBP
3930	LBR
3932	LCK
3934	LCN2
3936	LCP1
3937	LCP2
3945	LDHB
3949	LDLR
3952	LEP
3954	LETM1
3956	LGALS1
3957	LGALS2
3958	LGALS3
3959	LGALS3BP
3960	LGALS4
3964	LGALS8
3965	LGALS9
3973	LHCGR
3975	LHX1
3976	LIF
3977	LIFR
3978	LIG1
3980	LIG3
3981	LIG4
3983	ABLIM1
3984	LIMK1
3985	LIMK2
3990	LIPC
3991	LIPE
3993	LLGL2
3995	FADS3
3996	LLGL1
3998	LMAN1
4000	LMNA
4001	LMNB1
4004	LMO1
4005	LMO2
4007	PRICKLE3
4008	LMO7
4010	LMX1B
4012	LNPEP
4013	VWA5A
4015	LOX
4016	LOXL1
4017	LOXL2
4018	LPA
4023	LPL
4026	LPP
4033	IRAG2
4034	LRCH4
4035	LRP1
4036	LRP2
4037	LRP3
4038	LRP4
4040	LRP6
4041	LRP5
4043	LRPAP1
4045	LSAMP
4046	LSP1
4047	LSS
4052	LTBP1
4053	LTBP2
4054	LTBP3
4055	LTBR
4056	LTC4S
4057	LTF
4058	LTK
4059	BCAM
4060	LUM
4061	LY6E
4063	LY9
4064	CD180
4066	LYL1
4067	LYN
4068	SH2D1A
4069	LYZ
4070	TACSTD2
4071	TM4SF1
4072	EPCAM
4074	M6PR
4076	CAPRIN1
4077	NBR1
4082	MARCKS
4084	MXD1
4086	SMAD1
4087	SMAD2
4088	SMAD3
4089	SMAD4
4090	SMAD5
4091	SMAD6
4092	SMAD7
4093	SMAD9
4094	MAF
4097	MAFG
4117	MAK
4118	MAL
4121	MAN1A1
4122	MAN2A2
4123	MAN2C1
4124	MAN2A1
4125	MAN2B1
4126	MANBA
4128	MAOA
4129	MAOB
4130	MAP1A
4131	MAP1B
4133	MAP2
4134	MAP4
4137	MAPT
4139	MARK1
4140	MARK3
4144	MAT2A
4145	MATK
4148	MATN3
4149	MAX
4150	MAZ
4151	MB
4152	MBD1
4154	MBNL1
4155	MBP
4162	MCAM
4163	MCC
4168	MCF2
4170	MCL1
4171	MCM2
4172	MCM3
4173	MCM4
4174	MCM5
4175	MCM6
4176	MCM7
4179	CD46
4185	ADAM11
4188	MDFI
4189	DNAJB9
4190	MDH1
4191	MDH2
4192	MDK
4193	MDM2
4194	MDM4
4199	ME1
4200	ME2
4201	MEA1
4204	MECP2
4205	MEF2A
4208	MEF2C
4209	MEF2D
4210	MEFV
4211	MEIS1
4212	MEIS2
4214	MAP3K1
4215	MAP3K3
4216	MAP3K4
4217	MAP3K5
4218	RAB8A
4221	MEN1
4222	MEOX1
4225	MEP1B
4232	MEST
4233	MET
4234	METTL1
4236	MFAP1
4237	MFAP2
4238	MFAP3
4239	MFAP4
4240	MFGE8
4241	MELTF
4242	MFNG
4245	MGAT1
4247	MGAT2
4248	MGAT3
4249	MGAT5
4253	MIA2
4254	KITLG
4255	MGMT
4256	MGP
4258	MGST2
4261	CIITA
4281	MID1
4283	CXCL9
4285	MIPEP
4286	MITF
4287	ATXN3
4288	MKI67
4289	MKLN1
4291	MLF1
4292	MLH1
4293	MAP3K9
4294	MAP3K10
4296	MAP3K11
4297	KMT2A
4298	MLLT1
4299	AFF1
4300	MLLT3
4301	AFDN
4303	FOXO4
4306	NR3C2
4311	MME
4312	MMP1
4313	MMP2
4314	MMP3
4316	MMP7
4318	MMP9
4320	MMP11
4321	MMP12
4322	MMP13
4323	MMP14
4324	MMP15
4326	MMP17
4327	MMP19
4329	ALDH6A1
4330	MN1
4331	MNAT1
4332	MNDA
4335	MNT
4337	MOCS1
4338	MOCS2
4345	CD200
4350	MPG
4351	MPI
4352	MPL
4354	MPP1
4355	MPP2
4356	MPP3
4357	MPST
4358	MPV17
4359	MPZ
4360	MRC1
4361	MRE11
4363	ABCC1
4430	MYO1B
4436	MSH2
4437	MSH3
4440	MSI1
4478	MSN
4481	MSR1
4482	MSRA
4485	MST1
4486	MST1R
4487	MSX1
4494	MT1F
4495	MT1G
4499	MT1M
4501	MT1X
4502	MT2A
4507	MTAP
4520	MTF1
4521	NUDT1
4522	MTHFD1
4524	MTHFR
4528	MTIF2
4534	MTM1
4542	MYO1F
4543	MTNR1A
4547	MTTP
4548	MTR
4552	MTRR
4582	MUC1
4585	MUC4
4588	MUC6
4591	TRIM37
4593	MUSK
4594	MMUT
4595	MUTYH
4597	MVD
4598	MVK
4599	MX1
4600	MX2
4601	MXI1
4603	MYBL1
4604	MYBPC1
4605	MYBL2
4606	MYBPC2
4608	MYBPH
4609	MYC
4610	MYCL
4613	MYCN
4615	MYD88
4616	GADD45B
4619	MYH1
4620	MYH2
4621	MYH3
4622	MYH4
4624	MYH6
4625	MYH7
4626	MYH8
4627	MYH9
4628	MYH10
4629	MYH11
4632	MYL1
4633	MYL2
4634	MYL3
4636	MYL5
4637	MYL6
4638	MYLK
4641	MYO1C
4642	MYO1D
4643	MYO1E
4644	MYO5A
4646	MYO6
4647	MYO7A
4649	MYO9A
4650	MYO9B
4651	MYO10
4653	MYOC
4659	PPP1R12A
4660	PPP1R12B
4664	NAB1
4665	NAB2
4666	NACA
4668	NAGA
4669	NAGLU
4670	HNRNPM
4673	NAP1L1
4674	NAP1L2
4675	NAP1L3
4676	NAP1L4
4677	NARS1
4678	NASP
4682	NUBP1
4683	NBN
4684	NCAM1
4686	NCBP1
4688	NCF2
4689	NCF4
4690	NCK1
4692	NDN
4694	NDUFA1
4695	NDUFA2
4696	NDUFA3
4697	COXFA4
4698	NDUFA5
4700	NDUFA6
4701	NDUFA7
4702	NDUFA8
4703	NEB
4704	NDUFA9
4705	NDUFA10
4706	NDUFAB1
4707	NDUFB1
4708	NDUFB2
4709	NDUFB3
4710	NDUFB4
4711	NDUFB5
4712	NDUFB6
4713	NDUFB7
4717	NDUFC1
4719	NDUFS1
4720	NDUFS2
4722	NDUFS3
4723	NDUFV1
4724	NDUFS4
4726	NDUFS6
4733	DRG1
4734	NEDD4
4735	SEPTIN2
4738	NEDD8
4739	NEDD9
4741	NEFM
4744	NEFH
4745	NELL1
4747	NEFL
4750	NEK1
4752	NEK3
4756	NEO1
4763	NF1
4771	NF2
4772	NFATC1
4775	NFATC3
4776	NFATC4
4778	NFE2
4779	NFE2L1
4780	NFE2L2
4781	NFIB
4782	NFIC
4783	NFIL3
4784	NFIX
4790	NFKB1
4791	NFKB2
4792	NFKBIA
4793	NFKBIB
4794	NFKBIE
4796	TONSL
4798	NFRKB
4799	NFX1
4800	NFYA
4801	NFYB
4802	NFYC
4803	NGF
4804	NGFR
4809	SNU13
4811	NID1
4814	NINJ1
4815	NINJ2
4817	NIT1
4818	NKG7
4820	NKTR
4824	NKX3-1
4826	NNAT
4828	NMB
4830	NME1
4832	NME3
4833	NME4
4835	NQO2
4836	NMT1
4839	NOP2
4841	NONO
4842	NOS1
4843	NOS2
4846	NOS3
4848	CNOT2
4849	CNOT3
4850	CNOT4
4851	NOTCH1
4852	NPY
4853	NOTCH2
4854	NOTCH3
4855	NOTCH4
4856	CCN3
4857	NOVA1
4858	NOVA2
4860	PNP
4861	NPAS1
4862	NPAS2
4863	NPAT
4864	NPC1
4868	NPHS1
4869	NPM1
4881	NPR1
4882	NPR2
4883	NPR3
4884	NPTX1
4886	NPY1R
4888	NPY6RP
4889	NPY5R
4891	SLC11A2
4892	NRAP
4893	NRAS
4897	NRCAM
4900	NRGN
4901	NRL
4902	NRTN
4907	NT5E
4908	NTF3
4913	NTHL1
4914	NTRK1
4915	NTRK2
4916	NTRK3
4917	NTN3
4919	ROR1
4920	ROR2
4921	DDR2
4923	NTSR1
4924	NUCB1
4925	NUCB2
4926	NUMA1
4927	NUP88
4928	NUP98
4929	NR4A2
4931	NVL
4935	GPR143
4938	OAS1
4939	OAS2
4940	OAS3
4942	OAT
4946	OAZ1
4947	OAZ2
4948	OCA2
4952	OCRL
4953	ODC1
4957	ODF2
4967	OGDH
4968	OGG1
4969	OGN
4973	OLR1
4976	OPA1
4978	OPCML
4982	TNFRSF11B
4987	OPRL1
4998	ORC1
4999	ORC2
5000	ORC4
5001	ORC5
5002	SLC67A1
5003	SLC67A1-AS
5007	OSBP
5008	OSM
5010	CLDN11
5016	OVGP1
5017	OVOL1
5018	OXA1L
5019	OXCT1
5020	OXT
5021	OXTR
5023	P2RX1
5025	P2RX4
5026	P2RX5
5027	P2RX7
5028	P2RY1
5029	P2RY2
5031	P2RY6
5033	P4HA1
5034	P4HB
5036	PA2G4
5037	PEBP1
5045	FURIN
5048	PAFAH1B1
5049	PAFAH1B2
5050	PAFAH1B3
5051	PAFAH2
5052	PRDX1
5054	SERPINE1
5058	PAK1
5062	PAK2
5063	PAK3
5064	PALM
5066	PAM
5069	PAPPA
5071	PRKN
5073	PARN
5074	PAWR
5076	PAX2
5079	PAX5
5080	PAX6
5082	PDCL
5087	PBX1
5090	PBX3
5091	PC
5092	PCBD1
5093	PCBP1
5094	PCBP2
5095	PCCA
5096	PCCB
5097	PCDH1
5099	PCDH7
5101	PCDH9
5104	SERPINA5
5105	PCK1
5106	PCK2
5108	PCM1
5110	PCMT1
5111	PCNA
5116	PCNT
5118	PCOLCE
5119	CHMP1A
5121	PCP4
5122	PCSK1
5125	PCSK5
5127	CDK16
5128	CDK17
5129	CDK18
5130	PCYT1A
5133	PDCD1
5134	PDCD2
5136	PDE1A
5137	PDE1C
5138	PDE2A
5139	PDE3A
5140	PDE3B
5141	PDE4A
5142	PDE4B
5144	PDE4D
5147	PDE6D
5148	PDE6G
5151	PDE8A
5152	PDE9A
5153	PDE1B
5154	PDGFA
5155	PDGFB
5156	PDGFRA
5157	PDGFRL
5158	PDE6B
5159	PDGFRB
5160	PDHA1
5162	PDHB
5163	PDK1
5164	PDK2
5165	PDK3
5166	PDK4
5167	ENPP1
5168	ENPP2
5170	PDPK1
5172	SLC26A4
5175	PECAM1
5176	SERPINF1
5184	PEPD
5188	GATB
5189	PEX1
5190	PEX6
5191	PEX7
5192	PEX10
5193	PEX12
5194	PEX13
5195	PEX14
5196	PF4
5198	PFAS
5199	CFP
5201	PFDN1
5202	PFDN2
5203	PFDN4
5204	PFDN5
5207	PFKFB1
5208	PFKFB2
5209	PFKFB3
5210	PFKFB4
5211	PFKL
5213	PFKM
5214	PFKP
5216	PFN1
5217	PFN2
5218	CDK14
5224	PGAM2
5226	PGD
5228	PGF
5229	PGGT1B
5236	PGM1
5238	PGM3
5239	PGM5
5241	PGR
5243	ABCB1
5244	ABCB4
5245	PHB1
5250	SLC25A3
5251	PHEX
5252	PHF1
5253	PHF2
5255	PHKA1
5256	PHKA2
5257	PHKB
5260	PHKG1
5261	PHKG2
5264	PHYH
5265	SERPINA1
5266	PI3
5267	SERPINA4
5269	SERPINB6
5270	SERPINE2
5271	SERPINB8
5272	SERPINB9
5274	SERPINI1
5277	PIGA
5281	PIGF
5283	PIGH
5284	PIGR
5286	PIK3C2A
5287	PIK3C2B
5288	PIK3C2G
5289	PIK3C3
5290	PIK3CA
5291	PIK3CB
5292	PIM1
5293	PIK3CD
5294	PIK3CG
5295	PIK3R1
5296	PIK3R2
5297	PI4KA
5298	PI4KB
5300	PIN1
5303	PIN4
5305	PIP4K2A
5306	PITPNA
5308	PITX2
5311	PKD2
5313	PKLR
5315	PKM
5316	PKNOX1
5317	PKP1
5318	PKP2
5320	PLA2G2A
5321	PLA2G4A
5324	PLAG1
5325	PLAGL1
5326	PLAGL2
5327	PLAT
5328	PLAU
5329	PLAUR
5330	PLCB2
5331	PLCB3
5332	PLCB4
5333	PLCD1
5334	PLCL1
5335	PLCG1
5336	PLCG2
5337	PLD1
5338	PLD2
5339	PLEC
5340	PLG
5341	PLEK
5345	SERPINF2
5346	PLIN1
5347	PLK1
5348	FXYD1
5349	FXYD3
5350	PLN
5351	PLOD1
5352	PLOD2
5354	PLP1
5355	PLP2
5357	PLS1
5358	PLS3
5359	PLSCR1
5360	PLTP
5361	PLXNA1
5362	PLXNA2
5364	PLXNB1
5365	PLXNB3
5368	PNOC
5371	PML
5372	PMM1
5373	PMM2
5376	PMP22
5378	PMS1
5379	PMS2P1
5393	EXOSC9
5394	EXOSC10
5396	PRRX1
5411	PNN
5412	UBL3
5414	SEPTIN4
5420	PODXL
5422	POLA1
5423	POLB
5424	POLD1
5425	POLD2
5426	POLE
5427	POLE2
5428	POLG
5429	POLH
5430	POLR2A
5431	POLR2B
5432	POLR2C
5433	POLR2D
5434	POLR2E
5435	POLR2F
5436	POLR2G
5437	POLR2H
5438	POLR2I
5439	POLR2J
5440	POLR2K
5441	POLR2L
5445	PON2
5446	PON3
5450	POU2AF1
5451	POU2F1
5452	POU2F2
5455	POU3F3
5456	POU3F4
5463	POU6F1
5464	PPA1
5465	PPARA
5467	PPARD
5468	PPARG
5469	MED1
5471	PPAT
5473	PPBP
5476	CTSA
5479	PPIB
5480	PPIC
5481	PPID
5493	PPL
5494	PPM1A
5495	PPM1B
5496	PPM1G
5498	PPOX
5499	PPP1CA
5500	PPP1CB
5501	PPP1CC
5502	PPP1R1A
5504	PPP1R2
5506	PPP1R3A
5507	PPP1R3C
5509	PPP1R3D
5510	PPP1R7
5511	PPP1R8
5515	PPP2CA
5516	PPP2CB
5518	PPP2R1A
5519	PPP2R1B
5520	PPP2R2A
5521	PPP2R2B
5523	PPP2R3A
5524	PTPA
5525	PPP2R5A
5526	PPP2R5B
5527	PPP2R5C
5528	PPP2R5D
5530	PPP3CA
5531	PPP4C
5532	PPP3CB
5533	PPP3CC
5534	PPP3R1
5536	PPP5C
5537	PPP6C
5538	PPT1
5546	PRCC
5547	PRCP
5549	PRELP
5550	PREP
5551	PRF1
5552	SRGN
5557	PRIM1
5562	PRKAA1
5563	PRKAA2
5564	PRKAB1
5566	PRKACA
5567	PRKACB
5569	PKIA
5571	PRKAG1
5573	PRKAR1A
5575	PRKAR1B
5576	PRKAR2A
5577	PRKAR2B
5578	PRKCA
5579	PRKCB
5580	PRKCD
5581	PRKCE
5583	PRKCH
5584	PRKCI
5585	PKN1
5586	PKN2
5587	PRKD1
5588	PRKCQ
5589	PRKCSH
5590	PRKCZ
5591	PRKDC
5592	PRKG1
5593	PRKG2
5594	MAPK1
5595	MAPK3
5596	MAPK4
5597	MAPK6
5598	MAPK7
5599	MAPK8
5600	MAPK11
5601	MAPK9
5602	MAPK10
5603	MAPK13
5604	MAP2K1
5605	MAP2K2
5607	MAP2K5
5608	MAP2K6
5609	MAP2K7
5610	EIF2AK2
5611	DNAJC3
5613	PRKX
5616	PRKY
5618	PRLR
5621	PRNP
5624	PROC
5627	PROS1
5629	PROX1
5631	PRPS1
5634	PRPS2
5635	PRPSAP1
5636	PRPSAP2
5638	PRRG1
5639	PRRG2
5641	LGMN
5648	MASP1
5649	RELN
5650	KLK7
5652	PRSS8
5653	KLK6
5654	HTRA1
5660	PSAP
5662	PSD
5663	PSEN1
5664	PSEN2
5672	PSG4
5681	PSKH1
5682	PSMA1
5683	PSMA2
5684	PSMA3
5685	PSMA4
5686	PSMA5
5688	PSMA7
5689	PSMB1
5690	PSMB2
5691	PSMB3
5692	PSMB4
5693	PSMB5
5694	PSMB6
5695	PSMB7
5697	PYY
5699	PSMB10
5701	PSMC2
5702	PSMC3
5704	PSMC4
5705	PSMC5
5707	PSMD1
5708	PSMD2
5709	PSMD3
5710	PSMD4
5711	PSMD5
5713	PSMD7
5714	PSMD8
5715	PSMD9
5716	PSMD10
5717	PSMD11
5718	PSMD12
5719	PSMD13
5720	PSME1
5723	PSPH
5724	PTAFR
5727	PTCH1
5728	PTEN
5729	PTGDR
5730	PTGDS
5731	PTGER1
5732	PTGER2
5733	PTGER3
5734	PTGER4
5737	PTGFR
5739	PTGIR
5740	PTGIS
5742	PTGS1
5743	PTGS2
5744	PTHLH
5745	PTH1R
5753	PTK6
5754	PTK7
5763	PTMS
5764	PTN
5770	PTPN1
5771	PTPN2
5774	PTPN3
5775	PTPN4
5777	PTPN6
5778	PTPN7
5780	PTPN9
5781	PTPN11
5782	PTPN12
5783	PTPN13
5784	PTPN14
5786	PTPRA
5787	PTPRB
5788	PTPRC
5789	PTPRD
5790	PTPRCAP
5791	PTPRE
5792	PTPRF
5793	PTPRG
5794	PTPRH
5796	PTPRK
5797	PTPRM
5799	PTPRN2
5800	PTPRO
5802	PTPRS
5805	PTS
5806	PTX3
5810	RAD1
5813	PURA
5816	PVALB
5817	PVR
5818	NECTIN1
5819	NECTIN2
5824	PEX19
5825	ABCD3
5826	ABCD4
5827	PXMP2
5828	PEX2
5829	PXN
5830	PEX5
5831	PYCR1
5832	ALDH18A1
5833	PCYT2
5834	PYGB
5836	PYGL
5837	PYGM
5858	PZP
5860	QDPR
5861	RAB1A
5862	RAB2A
5864	RAB3A
5865	RAB3B
5866	RAB3IL1
5868	RAB5A
5869	RAB5B
5871	MAP4K2
5873	RAB27A
5874	RAB27B
5875	RABGGTA
5877	RABIF
5878	RAB5C
5879	RAC1
5880	RAC2
5881	RAC3
5883	RAD9A
5884	RAD17
5886	RAD23A
5887	RAD23B
5889	RAD51C
5890	RAD51B
5891	MOK
5892	RAD51D
5894	RAF1
5896	RAG1
5898	RALA
5899	RALB
5900	RALGDS
5901	RAN
5902	RANBP1
5903	RANBP2
5905	RANGAP1
5906	RAP1A
5909	RAP1GAP
5910	RAP1GDS1
5911	RAP2A
5912	RAP2B
5913	RAPSN
5914	RARA
5915	RARB
5916	RARG
5917	RARS1
5918	RARRES1
5919	RARRES2
5920	PLAAT4
5921	RASA1
5922	RASA2
5923	RASGRF1
5925	RB1
5926	ARID4A
5927	KDM5A
5929	RBBP5
5930	RBBP6
5931	RBBP7
5933	RBL1
5934	RBL2
5935	RBM3
5939	RBMS2
5947	RBP1
5950	RBP4
5955	RCN2
5961	PRPH2
5962	RDX
5965	RECQL
5966	REL
5967	REG1A
5970	RELA
5971	RELB
5972	REN
5973	RENBP
5976	UPF1
5977	DPF2
5978	REST
5979	RET
5980	REV3L
5981	RFC1
5982	RFC2
5983	RFC3
5984	RFC4
5985	RFC5
5986	RFNG
5989	RFX1
5990	RFX2
5991	RFX3
5993	RFX5
5994	RFXAP
5996	RGS1
5997	RGS2
5998	RGS3
5999	RGS4
6000	RGS7
6001	RGS10
6002	RGS12
6004	RGS16
6007	RHD
6009	RHEB
6016	RIT1
6018	RLF
6035	RNASE1
6039	RNASE6
6041	RNASEL
6045	RNF2
6046	BRD2
6047	RNF4
6049	RNF6
6050	RNH1
6051	RNPEP
6059	ABCE1
6091	ROBO1
6093	ROCK1
6094	ROM1
6095	RORA
6096	RORB
6097	RORC
6098	ROS1
6102	RP2
6103	RPGR
6117	RPA1
6118	RPA2
6119	RPA3
6123	RPL3L
6132	RPL8
6135	RPL11
6138	RPL15
6146	RPL22
6150	MRPL23
6156	RPL30
6160	RPL31
6165	RPL35A
6168	RPL37A
6169	RPL38
6182	MRPL12
6183	MRPS12
6184	RPN1
6185	RPN2
6188	RPS3
6192	RPS4Y1
6194	RPS6
6195	RPS6KA1
6196	RPS6KA2
6197	RPS6KA3
6198	RPS6KB1
6199	RPS6KB2
6208	RPS14
6217	RPS16
6223	RPS19
6227	RPS21
6228	RPS23
6229	RPS24
6236	RRAD
6237	RRAS
6238	RRBP1
6239	RREB1
6241	RRM2
6249	CLIP1
6251	RSU1
6252	RTN1
6253	RTN2
6256	RXRA
6259	RYK
6261	RYR1
6262	RYR2
6263	RYR3
6271	S100A1
6272	SORT1
6273	S100A2
6274	S100A3
6275	S100A4
6277	S100A6
6279	S100A8
6280	S100A9
6281	S100A10
6282	S100A11
6284	S100A13
6285	S100B
6294	SAFB
6296	ACSM3
6297	SALL2
6299	SALL1
6300	MAPK12
6301	SARS1
6302	TSPAN31
6303	SAT1
6304	SATB1
6305	SBF1
6307	MSMO1
6309	SC5D
6310	ATXN1
6311	ATXN2
6314	ATXN7
6319	SCD
6320	CLEC11A
6322	SCML1
6323	SCN1A
6324	SCN1B
6326	SCN2A
6327	SCN2B
6328	SCN3A
6329	SCN4A
6332	SCN7A
6334	SCN8A
6335	SCN9A
6337	SCNN1A
6338	SCNN1B
6339	SCNN1D
6342	SCP2
6343	SCT
6344	SCTR
6347	CCL2
6352	CCL5
6355	CCL8
6356	CCL11
6357	CCL13
6361	CCL17
6363	CCL19
6364	CCL20
6366	CCL21
6367	CCL22
6372	CXCL6
6376	CX3CL1
6382	SDC1
6383	SDC2
6385	SDC4
6386	SDCBP
6387	CXCL12
6388	SDF2
6390	SDHB
6392	SDHD
6396	SEC13
6398	SECTM1
6399	TRAPPC2
6400	SEL1L
6401	SELE
6402	SELL
6403	SELP
6404	SELPLG
6405	SEMA3F
6414	SELENOP
6415	SELENOW
6416	MAP2K4
6418	SET
6419	SETMAR
6422	SFRP1
6424	SFRP4
6426	SRSF1
6428	SRSF3
6429	SRSF4
6430	SRSF5
6431	SRSF6
6432	SRSF7
6433	SFSWAP
6434	TRA2B
6439	SFTPB
6441	SFTPD
6442	SGCA
6443	SGCB
6444	SGCD
6446	SGK1
6448	SGSH
6449	SGTA
6451	SH3BGRL
6452	SH3BP2
6453	ITSN1
6455	SH3GL1
6456	SH3GL2
6457	SH3GL3
6461	SHB
6462	SHBG
6464	SHC1
6468	FBXW4
6469	SHH
6470	SHMT1
6472	SHMT2
6477	SIAH1
6478	SIAH2
6480	ST6GAL1
6482	ST3GAL1
6483	ST3GAL2
6484	ST3GAL4
6489	ST8SIA1
6490	PMEL
6491	STIL
6492	SIM1
6493	SIM2
6494	SIPA1
6497	SKI
6498	SKIL
6500	SKP1
6502	SKP2
6503	SLA
6504	SLAMF1
6505	SLC1A1
6506	SLC1A2
6507	SLC1A3
6508	SLC4A3
6509	SLC1A4
6510	SLC1A5
6512	SLC1A7
6513	SLC2A1
6514	SLC2A2
6515	SLC2A3
6517	SLC2A4
6518	SLC2A5
6519	SLC3A1
6520	SLC3A2
6521	SLC4A1
6522	SLC4A2
6523	SLC5A1
6524	SLC5A2
6525	SMTN
6527	SLC5A4
6529	SLC6A1
6531	SLC6A3
6532	SLC6A4
6533	SLC6A6
6535	SLC6A8
6536	SLC6A9
6539	SLC6A12
6540	SLC6A13
6541	SLC7A1
6542	SLC7A2
6546	SLC8A1
6548	SLC9A1
6549	SLC9A2
6550	SLC9A3
6553	SLC9A5
6554	SLC10A1
6555	SLC10A2
6556	SLC11A1
6557	SLC12A1
6558	SLC12A2
6559	SLC12A3
6561	SLC13A1
6563	SLC14A1
6564	SLC15A1
6565	SLC15A2
6566	SLC16A1
6567	SLC16A2
6568	SLC17A1
6569	SLC34A1
6571	SLC18A2
6573	SLC19A1
6574	SLC20A1
6575	SLC20A2
6576	SLC25A1
6578	SLCO2A1
6579	SLCO1A2
6580	SLC22A1
6581	SLC22A3
6582	SLC22A2
6583	SLC22A4
6584	SLC22A5
6585	SLIT1
6586	SLIT3
6588	SLN
6590	SLPI
6591	SNAI2
6594	SMARCA1
6595	SMARCA2
6596	HLTF
6597	SMARCA4
6598	SMARCB1
6599	SMARCC1
6601	SMARCC2
6602	SMARCD1
6603	SMARCD2
6604	SMARCD3
6605	SMARCE1
6608	SMO
6609	SMPD1
6610	SMPD2
6612	SUMO3
6614	SIGLEC1
6615	SNAI1
6616	SNAP25
6617	SNAPC1
6618	SNAPC2
6619	SNAPC3
6621	SNAPC4
6622	SNCA
6623	SNCG
6625	SNRNP70
6626	SNRPA
6628	SNRPB
6629	SNRPB2
6631	SNRPC
6632	SNRPD1
6633	SNRPD2
6634	SNRPD3
6636	SNRPF
6640	SNTA1
6641	SNTB1
6642	SNX1
6643	SNX2
6645	SNTB2
6646	SOAT1
6647	SOD1
6649	SOD3
6651	SON
6653	SORL1
6654	SOS1
6655	SOS2
6659	SOX4
6660	SOX5
6662	SOX9
6663	SOX10
6666	SOX12
6667	SP1
6668	SP2
6670	SP3
6671	SP4
6672	SP100
6674	SPAG1
6675	UAP1
6676	SPAG4
6678	SPARC
6683	SPAST
6688	SPI1
6689	SPIB
6690	SPINK1
6692	SPINT1
6693	SPN
6695	SPOCK1
6696	SPP1
6697	SPR
6709	SPTAN1
6710	SPTB
6711	SPTBN1
6712	SPTBN2
6713	SQLE
6714	SRC
6715	SRD5A1
6717	SRI
6720	SREBF1
6721	SREBF2
6722	SRF
6723	SRM
6726	SRP9
6727	SRP14
6728	SRP19
6729	SRP54
6731	SRP72
6732	SRPK1
6733	SRPK2
6734	SRPRA
6737	TRIM21
6738	RO60
6741	SSB
6742	SSBP1
6744	ITPRID2
6745	SSR1
6746	SSR2
6747	SSR3
6748	SSR4
6749	SSRP1
6751	SSTR1
6752	SSTR2
6755	SSTR5
6760	SS18
6764	DENND2B
6767	ST13
6768	ST14
6769	STAC
6770	STAR
6772	STAT1
6773	STAT2
6774	STAT3
6775	STAT4
6776	STAT5A
6777	STAT5B
6778	STAT6
6780	STAU1
6781	STC1
6782	HSPA13
6785	ELOVL4
6787	NEK4
6788	STK3
6789	STK4
6790	AURKA
6792	CDKL5
6793	STK10
6794	STK11
6795	AURKC
6799	SULT1A2
6801	STRN
6804	STX1A
6809	STX3
6810	STX4
6811	STX5
6812	STXBP1
6813	STXBP2
6814	STXBP3
6817	SULT1A1
6819	SULT1C2
6820	SULT2B1
6821	SUOX
6827	SUPT4H1
6829	SUPT5H
6830	SUPT6H
6832	SUPV3L1
6833	ABCC8
6834	SURF1
6835	SURF2
6837	MED22
6839	SUV39H1
6840	SVIL
6843	VAMP1
6844	VAMP2
6850	SYK
6854	SYN2
6855	SYP
6856	SYPL1
6857	SYT1
6863	TAC1
6867	TACC1
6868	ADAM17
6869	TACR1
6871	TADA2A
6872	TAF1
6873	TAF2
6875	TAF4B
6876	TAGLN
6877	TAF5
6878	TAF6
6879	TAF7
6881	TAF10
6882	TAF11
6883	TAF12
6884	TAF13
6885	MAP3K7
6886	TAL1
6888	TALDO1
6891	TAP2
6894	TARBP1
6895	TARBP2
6897	TARS1
6899	TBX1
6900	CNTN2
6901	TAFAZZIN
6902	TBCA
6903	TBCC
6904	TBCD
6905	TBCE
6907	TBL1X
6908	TBP
6909	TBX2
6911	TBX6
6915	TBXA2R
6916	TBXAS1
6919	TCEA2
6921	ELOC
6923	ELOB
6924	ELOA
6925	TCF4
6926	TBX3
6927	HNF1A
6928	HNF1B
6929	TCF3
6932	TCF7
6934	TCF7L2
6936	GCFC2
6938	TCF12
6940	ZNF354A
6942	TCF20
6943	TCF21
6944	VPS72
6945	MLX
6947	TCN1
6948	TCN2
6949	TCOF1
6988	TCTA
6990	DYNLT3
6992	PPP1R11
6993	DYNLT1
6999	TDO2
7001	PRDX2
7003	TEAD1
7004	TEAD4
7005	TEAD3
7007	TECTA
7008	TEF
7009	TMBIM6
7010	TEK
7011	TEP1
7013	TERF1
7014	TERF2
7018	TF
7019	TFAM
7020	TFAP2A
7021	TFAP2B
7022	TFAP2C
7023	TFAP4
7024	TFCP2
7025	NR2F1
7027	TFDP1
7029	TFDP2
7030	TFE3
7033	TFF3
7035	TFPI
7037	TFRC
7038	TG
7039	TGFA
7040	TGFB1
7041	TGFB1I1
7042	TGFB2
7043	TGFB3
7046	TGFBR1
7048	TGFBR2
7049	TGFBR3
7050	TGIF1
7051	TGM1
7052	TGM2
7056	THBD
7057	THBS1
7058	THBS2
7059	THBS3
7060	THBS4
7064	THOP1
7066	THPO
7067	THRA
7068	THRB
7070	THY1
7071	KLF10
7072	TIA1
7073	TIAL1
7074	TIAM1
7075	TIE1
7076	TIMP1
7078	TIMP3
7079	TIMP4
7082	TJP1
7083	TK1
7084	TK2
7086	TKT
7087	ICAM5
7088	TLE1
7089	TLE2
7090	TLE3
7091	TLE4
7092	TLL1
7093	TLL2
7094	TLN1
7095	SEC62
7096	TLR1
7097	TLR2
7098	TLR3
7099	TLR4
7100	TLR5
7102	TSPAN7
7103	TSPAN8
7104	TM4SF4
7105	TSPAN6
7106	TSPAN4
7107	GPR137B
7108	TM7SF2
7110	TMF1
7111	TMOD1
7112	TMPO
7113	TMPRSS2
7122	CLDN5
7125	TNNC2
7126	TNFAIP1
7127	TNFAIP2
7128	TNFAIP3
7132	TNFRSF1A
7134	TNNC1
7135	TNNI1
7136	TNNI2
7138	TNNT1
7139	TNNT2
7140	TNNT3
7145	TNS1
7148	TNXB
7150	TOP1
7153	TOP2A
7156	TOP3A
7157	TP53
7158	TP53BP1
7159	TP53BP2
7161	TP73
7162	TPBG
7163	TPD52
7164	TPD52L1
7165	TPD52L2
7167	TPI1
7168	TPM1
7169	TPM2
7170	TPM3
7171	TPM4
7172	TPMT
7174	TPP2
7175	TPR
7181	NR2C1
7182	NR2C2
7185	TRAF1
7186	TRAF2
7187	TRAF3
7188	TRAF5
7189	TRAF6
7204	TRIO
7205	TRIP6
7216	TRO
7220	TRPC1
7221	TRPC2
7223	TRPC4
7224	TRPC5
7225	TRPC6
7226	TRPM2
7227	TRPS1
7247	TSN
7248	TSC1
7249	TSC2
7251	TSG101
7253	TSHR
7259	TSPYL1
7260	EIPR1
7262	PHLDA2
7263	TST
7264	GFUS
7265	TTC1
7266	DNAJC7
7270	TTF1
7273	TTN
7274	TTPA
7275	TUB
7276	TTR
7277	TUBA4A
7280	TUBB2A
7283	TUBG1
7286	TUFT1
7288	TULP2
7289	TULP3
7292	TNFSF4
7293	TNFRSF4
7294	TXK
7295	TXN
7296	TXNRD1
7297	TYK2
7298	TYMS
7301	TYRO3
7305	TYROBP
7306	TYRP1
7311	UBA52
7314	UBB
7317	UBA1
7319	UBE2A
7320	UBE2B
7321	UBE2D1
7322	UBE2D2
7323	UBE2D3
7324	UBE2E1
7326	UBE2G1
7327	UBE2G2
7328	UBE2H
7329	UBE2I
7332	UBE2L3
7334	UBE2N
7336	UBE2V2
7337	UBE3A
7341	SUMO1
7342	UBP1
7343	UBTF
7345	UCHL1
7347	UCHL3
7348	UPK1B
7351	UCP2
7352	UCP3
7353	UFD1
7355	SLC35A2
7357	UGCG
7358	UGDH
7360	UGP2
7368	UGT8
7369	UMOD
7372	UMPS
7373	COL14A1
7374	UNG
7375	USP4
7376	NR1H2
7378	UPP1
7381	UQCRB
7384	UQCRC1
7385	UQCRC2
7389	UROD
7390	UROS
7392	USF2
7398	USP1
7399	USH2A
7402	UTRN
7403	KDM6A
7404	UTY
7405	UVRAG
7408	VASP
7409	VAV1
7410	VAV2
7411	VBP1
7412	VCAM1
7414	VCL
7415	VCP
7419	VDAC3
7421	VDR
7422	VEGFA
7423	VEGFB
7424	VEGFC
7425	VGF
7429	VIL1
7430	EZR
7431	VIM
7433	VIPR1
7434	VIPR2
7436	VLDLR
7439	BEST1
7443	VRK1
7444	VRK2
7447	VSNL1
7450	VWF
7453	WARS1
7454	WAS
7456	WIPF1
7461	CLIP2
7462	LAT2
7464	CORO2A
7465	WEE1
7466	WFS1
7468	NSD2
7474	WNT5A
7475	WNT6
7476	WNT7A
7477	WNT7B
7479	WNT8B
7481	WNT11
7482	WNT2B
7485	GET1
7486	WRN
7490	WT1
7494	XBP1
7498	XDH
7503	XIST
7504	XK
7507	XPA
7508	XPC
7511	XPNPEP1
7512	XPNPEP2
7514	XPO1
7515	XRCC1
7517	XRCC3
7518	XRCC4
7520	XRCC5
7525	YES1
7528	YY1
7529	YWHAB
7531	YWHAE
7533	YWHAH
7534	YWHAZ
7535	ZAP70
7536	SF1
7538	ZFP36
7539	ZFP37
7541	ZBTB14
7542	ZFPL1
7543	ZFX
7544	ZFY
7551	ZNF3
7552	ZNF711
7553	ZNF7
7555	CNBP
7556	ZNF10
7559	ZNF12
7561	ZNF14
7564	ZNF16
7570	ZNF22
7571	ZNF23
7572	ZNF24
7580	ZNF32
7582	ZNF33B
7584	ZNF35
7586	ZKSCAN1
7592	ZNF41
7593	MZF1
7594	ZNF43
7596	ZNF45
7597	ZBTB25
7625	ZNF74
7626	ZNF75D
7629	ZNF76
7633	ZNF79
7638	ZNF221
7639	ZNF85
7644	ZNF91
7673	ZNF222
7678	ZNF124
7691	ZNF132
7692	ZNF133
7693	ZNF134
7694	ZNF135
7695	ZNF136
7696	ZNF137P
7699	ZNF140
7701	ZNF142
7702	ZNF143
7703	PCGF2
7704	ZBTB16
7705	ZNF146
7707	ZNF148
7709	ZBTB17
7710	ZNF154
7711	ZNF155
7716	VEZF1
7718	ZNF165
7727	ZNF174
7728	ZNF175
7733	ZNF180
7737	RNF113A
7738	ZNF184
7739	ZNF185
7741	ZSCAN26
7743	ZNF189
7745	ZKSCAN8
7746	ZSCAN9
7748	ZNF195
7750	ZMYM2
7752	ZNF200
7753	ZNF202
7754	ZNF204P
7755	ZNF205
7761	ZNF214
7762	ZNF215
7763	ZFAND5
7764	ZNF217
7766	ZNF223
7767	ZNF224
7768	ZNF225
7769	ZNF226
7770	ZNF227
7773	ZNF230
7775	ZNF232
7776	ZNF236
7782	SLC30A4
7786	MAP3K12
7791	ZYX
7798	LUZP1
7799	PRDM2
7802	DNALI1
7803	PTP4A1
7804	LRP8
7805	LAPTM5
7812	CSDE1
7813	EVI5
7818	DAP3
7827	NPHS2
7832	BTG2
7837	PXDN
7840	ALMS1
7841	MOGS
7844	RNF103
7846	TUBA1A
7849	PAX8
7850	IL1R2
7852	CXCR4
7855	FZD5
7862	BRPF1
7866	IFRD2
7867	MAPKAPK3
7869	SEMA3B
7873	MANF
7874	USP7
7879	RAB7A
7881	KCNAB1
7884	SLBP
7903	ST8SIA4
7905	REEP5
7913	DEK
7915	ALDH5A1
7916	PRRC2A
7941	PLA2G7
7942	TFEB
7957	EPM2A
7965	AIMP2
7975	MAFK
7976	FZD3
7978	MTERF1
7979	SEM1
7980	TFPI2
7988	ZNF212
7991	TUSC3
7993	UBXN8
7994	KAT6A
8000	PSCA
8013	NR4A3
8019	BRD3
8021	NUP214
8027	STAM
8028	MLLT10
8029	CUBN
8030	CCDC6
8031	NCOA4
8034	SLC25A16
8036	SHOC2
8038	ADAM12
8045	RASSF7
8048	CSRP3
8050	PDHX
8061	FOSL1
8065	CUL5
8073	PTP4A2
8076	MFAP5
8078	USP5
8079	MLF2
8082	SSPN
8085	KMT2D
8086	AAAS
8087	FXR1
8089	YEATS4
8091	HMGA2
8092	ALX1
8099	CDK2AP1
8100	IFT88
8111	GPR68
8115	TCL1A
8120	AP3B2
8125	ANP32A
8131	NPRL3
8139	GAN
8140	SLC7A5
8148	TAF15
8153	RND2
8161	COIL
8165	AKAP1
8175	SF3A2
8178	ELL
8187	ZNF239
8189	SYMPK
8192	CLPP
8195	MKKS
8200	GDF5
8202	NCOA3
8204	NRIP1
8208	CHAF1B
8216	LZTR1
8218	CLTCL1
8224	SYN3
8226	PUDP
8228	PNPLA4
8233	ZRSR2
8237	USP11
8239	USP9X
8241	RBM10
8242	KDM5C
8243	SMC1A
8260	NAA10
8266	UBL4A
8269	TMEM187
8270	LAGE3
8273	SLC10A3
8284	KDM5D
8287	USP9Y
8288	EPX
8289	ARID1A
8291	DYSF
8292	COLQ
8295	TRRAP
8301	PICALM
8303	SNN
8309	ACOX2
8310	ACOX3
8312	AXIN1
8314	BAP1
8315	BRAP
8317	CDC7
8321	FZD1
8322	FZD4
8323	FZD6
8324	FZD7
8328	GFI1B
8332	H2AC16
8340	H2BC13
8342	H2BC14
8345	H2BC9
8348	H2BC17
8349	H2BC21
8372	HYAL3
8379	MAD1L1
8382	NME5
8394	PIP5K1A
8395	PIP5K1B
8396	PIP4K2B
8398	PLA2G6
8402	SLC25A11
8404	SPARCL1
8405	SPOP
8406	SRPX
8407	TAGLN2
8408	ULK1
8409	UXT
8411	EEA1
8412	BCAR3
8416	ANXA9
8417	STX7
8418	CMAHP
8424	BBOX1
8425	LTBP4
8427	ZNF282
8428	STK24
8431	NR0B2
8434	RECK
8435	SOAT2
8436	CAVIN2
8437	RASAL1
8438	RAD54L
8439	NSMAF
8440	NCK2
8443	GNPAT
8444	DYRK3
8445	DYRK2
8446	DUSP11
8447	DOC2B
8448	DOC2A
8450	CUL4B
8451	CUL4A
8452	CUL3
8453	CUL2
8454	CUL1
8455	ATRN
8458	TTF2
8459	TPST2
8460	TPST1
8462	KLF11
8464	SUPT3H
8467	SMARCA5
8470	SORBS2
8473	OGT
8476	CDC42BPA
8477	GPR65
8479	HIRIP3
8480	RAE1
8481	OFD1
8482	SEMA7A
8483	CILP
8487	GEMIN2
8490	RGS5
8491	MAP4K3
8492	PRSS12
8493	PPM1D
8495	PPFIBP2
8496	PPFIBP1
8497	PPFIA4
8498	RANBP3
8499	PPFIA2
8500	PPFIA1
8501	SLC43A1
8502	PKP4
8503	PIK3R3
8504	PEX3
8506	CNTNAP1
8507	ENC1
8508	NIPSNAP1
8509	NDST2
8514	KCNAB2
8516	ITGA8
8518	ELP1
8519	IFITM1
8520	HAT1
8521	GCM1
8522	GAS7
8525	DGKZ
8526	DGKE
8527	DGKD
8528	DDO
8529	CYP4F2
8530	CST7
8531	YBX3
8533	COPS3
8534	CHST1
8535	CBX4
8536	CAMK1
8537	BCAS1
8538	BARX2
8539	API5
8540	AGPS
8541	PPFIA3
8542	APOL1
8543	LMO4
8545	CGGBP1
8546	AP3B1
8547	FCN3
8549	LGR5
8550	MAPKAPK5
8552	INE1
8553	BHLHE40
8554	PIAS1
8555	CDC14B
8556	CDC14A
8557	TCAP
8558	CDK10
8559	PRPF18
8560	DEGS1
8562	DENR
8563	THOC5
8564	KMO
8565	YARS1
8566	PDXK
8567	MADD
8568	RRP1
8569	MKNK1
8572	PDLIM4
8573	CASK
8574	AKR7A2
8575	PRKRA
8576	STK16
8578	SCARF1
8587	OR7E2P
8602	NOP14
8603	FAM193A
8604	SLC25A12
8605	PLA2G4C
8607	RUVBL1
8608	RDH16
8609	KLF7
8611	PLPP1
8612	PLPP2
8613	PLPP3
8614	STC2
8615	USO1
8620	NPFF
8621	CDK13
8622	PDE8B
8624	PSMG1
8625	RFXANK
8629	JRK
8630	HSD17B6
8631	SKAP1
8632	DNAH17
8633	UNC5C
8634	RTCA
8635	RNASET2
8636	SSNA1
8638	OASL
8639	AOC3
8642	DCHS1
8643	PTCH2
8644	AKR1C3
8645	KCNK5
8646	CHRD
8648	NCOA1
8649	LAMTOR3
8651	SOCS1
8653	DDX3Y
8654	PDE5A
8655	DYNLL1
8658	TNKS
8660	IRS2
8662	EIF3B
8664	EIF3D
8666	EIF3G
8667	EIF3H
8668	EIF3I
8669	EIF3J
8671	SLC4A4
8672	EIF4G3
8673	VAMP8
8674	VAMP4
8675	STX16
8676	STX11
8677	STX10
8678	BECN1
8682	PEA15
8685	MARCO
8690	JRKL
8692	HYAL2
8694	DGAT1
8697	CDC23
8698	S1PR4
8702	B4GALT4
8703	B4GALT3
8704	B4GALT2
8706	B3GALNT1
8707	B3GALT2
8711	TNK1
8714	ABCC3
8717	TRADD
8720	MBTPS1
8721	EDF1
8722	CTSF
8723	SNX4
8724	SNX3
8725	URI1
8726	EED
8727	CTNNAL1
8728	ADAM19
8729	GBF1
8731	RNMT
8732	RNGTT
8733	GPAA1
8736	MYOM1
8737	RIPK1
8738	CRADD
8740	TNFSF14
8743	TNFSF10
8744	TNFSF9
8745	ADAM23
8747	ADAM21
8748	ADAM20
8751	ADAM15
8754	ADAM9
8760	CDS2
8763	CD164
8764	TNFRSF14
8766	RAB11A
8767	RIPK2
8772	FADD
8773	SNAP23
8774	NAPG
8775	NAPA
8776	MTMR1
8777	MPDZ
8780	RIOK3
8786	RGS11
8787	RGS9
8792	TNFRSF11A
8793	TNFRSF10D
8795	TNFRSF10B
8796	SCEL
8798	DYRK4
8800	PEX11A
8801	SUCLG2
8802	SUCLG1
8803	SUCLA2
8804	CREG1
8805	TRIM24
8807	IL18RAP
8808	IL36R
8809	IL18R1
8812	CCNK
8813	DPM1
8814	CDKL1
8815	BANF1
8818	DPM2
8819	SAP30
8821	INPP4B
8824	CES2
8825	LIN7A
8826	IQGAP1
8828	NRP2
8829	NRP1
8832	CD84
8834	TMEM11
8835	SOCS2
8836	GGH
8837	CFLAR
8838	CCN6
8839	CCN5
8840	CCN4
8841	HDAC3
8842	PROM1
8844	KSR1
8846	ALKBH1
8848	TSC22D1
8850	KAT2B
8851	CDK5R1
8853	ASAP2
8854	ALDH1A2
8857	FCGBP
8858	PROZ
8861	LDB1
8863	PER3
8864	PER2
8867	SYNJ1
8869	ST3GAL5
8871	SYNJ2
8872	CDC123
8874	ARHGEF7
8875	VNN2
8876	VNN1
8877	SPHK1
8878	SQSTM1
8879	SGPL1
8880	FUBP1
8881	CDC16
8882	ZPR1
8883	NAE1
8884	SLC5A6
8886	DDX18
8887	TAX1BP1
8888	MCM3AP
8890	EIF2B4
8891	EIF2B3
8892	EIF2B2
8893	EIF2B5
8894	EIF2S2
8895	CPNE3
8896	BUD31
8897	MTMR3
8898	MTMR2
8899	PRP4K
8904	CPNE1
8905	AP1S2
8906	AP1G2
8908	GYG2
8909	ENDOU
8910	SGCE
8911	CACNA1I
8912	CACNA1H
8914	TIMELESS
8915	BCL10
8925	HERC1
8927	BSN
8930	MBD4
8932	MBD2
8933	RTL8C
8934	RAB29
8935	SKAP2
8936	WASF1
8938	BAIAP3
8939	FUBP3
8940	TOP3B
8942	KYNU
8943	AP3D1
8945	BTRC
8971	H1-10
8972	MGAM
8975	USP13
8976	WASL
8985	PLOD3
8986	RPS6KA4
8989	TRPA1
8991	SELENBP1
8992	ATP6V0E1
8993	PGLYRP1
8994	LIMD1
8996	NOL3
8997	KALRN
8999	CDKL2
9001	HAP1
9013	TAF1C
9014	TAF1B
9015	TAF1A
9016	SLC25A14
9019	MPZL1
9020	MAP3K14
9021	SOCS3
9022	CLIC3
9023	CH25H
9024	BRSK2
9025	RNF8
9026	HIP1R
9028	RHBDL1
9031	BAZ1B
9032	TM4SF5
9034	CCRL2
9037	SEMA5A
9039	UBA3
9040	UBE2M
9043	SPAG9
9044	BTAF1
9045	RPL14
9046	DOK2
9047	SH2D2A
9048	ARTN
9049	AIP
9050	PSTPIP2
9051	PSTPIP1
9053	MAP7
9054	NFS1
9055	PRC1
9056	SLC7A7
9057	SLC7A6
9058	SLC13A2
9060	PAPSS2
9061	PAPSS1
9063	PIAS2
9064	MAP3K6
9070	ASH2L
9071	CLDN10
9073	CLDN8
9076	CLDN1
9077	DIRAS3
9079	LDB2
9086	EIF1AY
9087	TMSB4Y
9088	PKMYT1
9092	SART1
9093	DNAJA3
9094	UNC119
9095	TBX19
9097	USP14
9099	USP2
9100	USP10
9101	USP8
9104	RGN
9107	MTMR6
9110	MTMR4
9111	NMI
9112	MTA1
9113	LATS1
9114	ATP6V0D1
9120	SLC16A6
9121	SLC16A5
9122	SLC16A4
9124	PDLIM1
9125	CNOT9
9126	SMC3
9127	P2RX6
9128	PRPF4
9129	PRPF3
9130	FAM50A
9131	AIFM1
9132	KCNQ4
9133	CCNB2
9135	RABEP1
9136	RRP9
9139	CBFA2T2
9140	ATG12
9141	PDCD5
9143	SYNGR3
9144	SYNGR2
9145	SYNGR1
9146	HGS
9147	NEMF
9148	NEURL1
9149	DYRK1B
9150	CTDP1
9153	SLC28A2
9154	SLC28A1
9158	FIBP
9159	PCSK7
9162	DGKI
9166	EBAG9
9167	COX7A2L
9168	TMSB10
9169	SCAF11
9170	LPAR2
9172	MYOM2
9173	IL33R
9175	MAP3K13
9179	AP4M1
9180	OSMR
9181	ARHGEF2
9182	RASSF9
9183	ZW10
9184	BUB3
9185	REPS2
9187	SLC24A1
9188	DDX21
9191	DEDD
9194	SLC16A7
9196	KCNAB3
9197	SLC33A1
9200	HACD1
9201	DCLK1
9202	ZMYM4
9203	ZMYM3
9205	ZMYM5
9208	LRRFIP1
9209	LRRFIP2
9212	AURKB
9214	FCMR
9215	LARGE1
9217	VAPB
9218	VAPA
9219	MTA2
9221	NOLC1
9228	DLGAP2
9229	DLGAP1
9230	RAB11B
9231	DLG5
9232	PTTG1
9235	IL32
9240	PNMA1
9242	MSC
9244	CRLF1
9245	GCNT3
9246	UBE2L6
9249	DHRS3
9252	RPS6KA5
9254	CACNA2D2
9255	AIMP1
9256	TSPOAP1
9258	MFHAS1
9260	PDLIM7
9261	MAPKAPK2
9262	STK17B
9263	STK17A
9265	CYTH3
9266	CYTH2
9267	CYTH1
9270	ITGB1BP1
9274	BCL7C
9275	BCL7B
9276	COPB2
9277	WDR46
9282	MED14
9289	ADGRG1
9293	GPR52
9294	S1PR2
9295	SRSF11
9306	SOCS6
9308	CD83
9310	ZNF235
9312	KCNB2
9314	KLF4
9315	NREP
9317	PTER
9318	COPS2
9319	TRIP13
9320	TRIP12
9321	TRIP11
9322	TRIP10
9324	HMGN3
9325	TRIP4
9326	ZNHIT3
9328	GTF3C5
9329	GTF3C4
9330	GTF3C3
9331	B4GALT6
9332	CD163
9334	B4GALT5
9337	CNOT8
9338	TCEAL1
9341	VAMP3
9342	SNAP29
9344	TAOK2
9348	NDST3
9351	NHERF2
9352	TXNL1
9353	SLIT2
9354	UBE4A
9356	SLC22A6
9358	ITGBL1
9360	PPIG
9361	LONP1
9362	CPNE6
9364	RAB28
9365	KL
9367	RAB9A
9369	NRXN3
9370	ADIPOQ
9371	KIF3B
9372	ZFYVE9
9373	PLAA
9375	TM9SF2
9376	SLC22A8
9377	COX5A
9378	NRXN1
9379	NRXN2
9380	GRHPR
9388	LIPG
9389	SLC22A14
9390	SLC22A13
9391	CIAO1
9392	TGFBRAP1
9397	NMT2
9398	CD101
9399	STOML1
9400	RECQL5
9401	RECQL4
9402	GRAP2
9403	SELENOF
9404	LPXN
9407	TMPRSS11D
9409	PEX16
9410	SNRNP40
9411	ARHGAP29
9413	ENTREP1
9414	TJP2
9415	FADS2
9416	DDX23
9419	CRIPT
9420	CYP7B1
9422	ZNF264
9423	NTN1
9425	CDYL
9427	ECEL1
9429	ABCG2
9435	CHST2
9439	MED23
9440	MED17
9442	MED27
9443	MED7
9444	QKI
9445	ITM2B
9446	GSTO1
9447	AIM2
9448	MAP4K4
9450	LY86
9451	EIF2AK3
9452	ITM2A
9453	GGPS1
9454	HOMER3
9455	HOMER2
9456	HOMER1
9457	FHL5
9459	ARHGEF6
9462	RASAL2
9463	PICK1
9465	AKAP7
9466	IL27RA
9467	SH3BP5
9469	CHST3
9470	EIF4E2
9472	AKAP6
9473	THEMIS2
9474	ATG5
9475	ROCK2
9477	MED20
9478	CABP1
9480	ONECUT2
9482	STX8
9486	CHST10
9487	PIGL
9488	PIGB
9489	PGS1
9491	PSMF1
9493	KIF23
9495	AKAP5
9497	SLC4A7
9499	MYOT
9500	MAGED1
9501	RPH3AL
9508	ADAMTS3
9509	ADAMTS2
9510	ADAMTS1
9512	PMPCB
9513	FXR2
9514	GAL3ST1
9516	LITAF
9517	SPTLC2
9518	GDF15
9519	TBPL1
9522	SCAMP1
9525	VPS4B
9526	MPDU1
9527	GOSR1
9528	TMEM59
9529	BAG5
9530	BAG4
9531	BAG3
9532	BAG2
9533	POLR1C
9534	ZNF254
9535	GMFG
9536	PTGES
9537	TP53I11
9538	EI24
9540	TP53I3
9542	NRG2
9545	RAB3D
9546	APBA3
9547	CXCL14
9550	ATP6V1G1
9552	SPAG7
9553	MRPL33
9555	MACROH2A1
9556	ATP5MJ
9559	VPS26A
9562	MINPP1
9563	H6PD
9567	GTPBP1
9569	GTF2IRD1
9570	GOSR2
9573	GDF3
9575	CLOCK
9576	SPAG6
9577	BABAM2
9578	CDC42BPB
9580	SOX13
9581	PREPL
9583	ENTPD4
9584	RBM39
9585	KIF20B
9587	MAD2L1BP
9588	PRDX6
9589	WTAP
9590	AKAP12
9592	IER2
9595	CYTIP
9597	SMAD5-AS1
9600	PITPNM1
9601	PDIA4
9603	NFE2L3
9604	RNF14
9605	VPS9D1
9609	RAB36
9610	RIN1
9611	NCOR1
9612	NCOR2
9616	RNF7
9617	MTRF1
9618	TRAF4
9619	ABCG1
9620	CELSR1
9625	LMTK1
9627	SNCAIP
9628	RGS6
9630	GNA14
9631	NUP155
9632	SEC24C
9633	TESMIN
9636	ISG15
9637	FEZ2
9638	FEZ1
9639	ARHGEF10
9640	ZNF592
9641	IKBKE
9643	MORF4L2
9644	SH3PXD2A
9645	MICAL2
9646	CTR9
9647	PPM1F
9648	GCC2
9649	RALGPS1
9650	MTFR1
9651	PLCH2
9652	SKIC3
9654	TTLL4
9655	SOCS5
9657	IQCB1
9658	ZNF516
9662	CEP135
9663	LPIN2
9665	MARF1
9666	DZIP3
9667	SAFB2
9669	EIF5B
9670	IPO13
9672	SDC3
9673	SLC25A44
9674	KIAA0040
9675	TTI1
9677	PPIP5K1
9678	PHF14
9679	FAM53B
9681	DEPDC5
9682	KDM4A
9683	N4BP1
9684	LRRC14
9685	CLINT1
9686	VGLL4
9687	GREB1
9688	NUP93
9690	UBE3C
9692	PRORP
9693	RAPGEF2
9694	EMC2
9695	EDEM1
9696	CROCC
9697	TRAM2
9698	PUM1
9699	RIMS2
9700	ESPL1
9701	PPP6R2
9702	CEP57
9703	BLTP2
9704	DHX34
9705	ST18
9706	ULK2
9709	HERPUD1
9710	GARRE1
9715	FAM131B
9716	AQR
9717	SEC14L5
9718	ECE2
9722	NOS1AP
9725	TMEM63A
9726	ZNF646
9727	RAB11FIP3
9728	SECISBP2L
9730	DCAF1
9731	CEP104
9732	DOCK4
9733	SART3
9734	HDAC9
9735	KNTC1
9736	USP34
9737	GPRASP1
9738	CCP110
9739	SETD1A
9741	LAPTM4A
9742	IFT140
9743	ARHGAP32
9744	ACAP1
9746	CLSTN3
9748	SLK
9749	PHACTR2
9750	RIPOR2
9753	ZSCAN12
9754	STARD8
9755	TBKBP1
9757	KMT2B
9759	HDAC4
9760	TOX
9761	MLEC
9762	LZTS3
9764	KIAA0513
9765	ZFYVE16
9766	SUSD6
9767	JADE3
9770	RASSF2
9771	RAPGEF5
9774	BCLAF1
9775	EIF4A3
9776	ATG13
9777	TM9SF4
9778	KIAA0232
9779	TBC1D5
9781	RNF144A
9783	RIMS3
9784	SNX17
9785	DHX38
9786	KIAA0586
9788	MTSS1
9790	BMS1
9791	PTDSS1
9792	SERTAD2
9793	CKAP5
9794	MAML1
9796	PHYHIP
9798	IST1
9801	MRPL19
9802	DAZAP2
9804	TOMM20
9805	SCRN1
9806	SPOCK2
9807	IP6K1
9808	KIAA0087
9810	RNF40
9812	DELE1
9813	EFCAB14
9814	SFI1
9815	GIT2
9816	URB2
9817	KEAP1
9819	TSC22D2
9820	CUL7
9821	RB1CC1
9823	ARMCX2
9824	ARHGAP11A
9825	SPATA2
9826	ARHGEF11
9828	ARHGEF17
9829	DNAJC6
9830	TRIM14
9833	MELK
9834	FAM30A
9836	LCMT2
9837	GINS1
9840	TESPA1
9841	ZBTB24
9843	HEPH
9844	ELMO1
9846	GAB2
9847	C2CD5
9848	MFAP3L
9849	ZNF518A
9851	KIAA0753
9852	EPM2AIP1
9853	RUSC2
9854	C2CD2L
9855	FARP2
9857	CEP350
9858	PPP1R26
9860	LRIG2
9861	PSMD6
9862	MED24
9863	MAGI2
9865	TRIL
9866	TRIM66
9867	PJA2
9868	TOMM70
9869	SETDB1
9870	AREL1
9871	SEC24D
9873	FCHSD2
9874	TLK1
9875	URB1
9878	TOX4
9879	DDX46
9880	ZBTB39
9881	TRANK1
9882	TBC1D4
9885	OSBPL2
9886	RHOBTB1
9887	SMG7
9889	ZBED4
9890	PLPPR4
9891	NUAK1
9894	TELO2
9895	TECPR2
9896	FIG4
9897	WASHC5
9898	UBAP2L
9899	SV2B
9900	SV2A
9901	SRGAP3
9902	MRC2
9903	KLHL21
9904	RBM19
9905	SGSM2
9908	G3BP2
9909	DENND4B
9910	RABGAP1L
9911	TMCC2
9912	ARHGAP44
9913	SUPT7L
9914	ATP2C2
9915	ARNT2
9917	FAM20B
9918	NCAPD2
9919	SEC16A
9920	KBTBD11
9921	RNF10
9922	IQSEC1
9923	ZBTB40
9924	PAN2
9925	ZBTB5
9926	LPGAT1
9927	MFN2
9929	JOSD1
9931	HELZ
9933	PUM3
9934	P2RY14
9935	MAFB
9937	DCLRE1A
9938	ARHGAP25
9940	DLEC1
9941	EXOG
9942	XYLB
9943	OXSR1
9945	GFPT2
9946	CRYZL1
9948	WDR1
9949	AMMECR1
9950	GOLGA5
9953	HS3ST3B1
9955	HS3ST3A1
9957	HS3ST1
9960	USP3
9961	MVP
9962	SLC23A2
9966	TNFSF15
9967	THRAP3
9968	MED12
9969	MED13
9970	NR1I3
9971	NR1H4
9972	NUP153
9973	CCS
9975	NR1D2
9976	CLEC2B
9980	DOP1B
9984	THOC1
9985	REC8
9986	RCE1
9987	HNRNPDL
9988	DMTF1
9989	PPP4R1
9990	SLC12A6
9993	DGCR2
9994	CASP8AP2
10000	AKT3
10001	MED6
10002	NR2E3
10003	NAALAD2
10004	NAALADL1
10005	ACOT8
10006	ABI1
10007	GNPDA1
10009	ZBTB33
10010	TANK
10013	HDAC6
10014	HDAC5
10015	PDCD6IP
10017	BCL2L10
10018	BCL2L11
10019	SH2B3
10020	GNE
10021	HCN4
10023	FRAT1
10024	TROAP
10025	MED16
10026	PIGK
10036	CHAF1A
10038	PARP2
10039	PARP3
10040	TOM1L1
10042	HMGXB4
10043	TOM1
10045	SH2D3A
10046	MAMLD1
10048	RANBP9
10049	DNAJB6
10050	SLC17A4
10051	SMC4
10052	GJC1
10053	AP1M2
10054	UBA2
10055	SAE1
10057	ABCC5
10058	ABCB6
10059	DNM1L
10060	ABCC9
10061	ABCF2
10062	NR1H3
10066	SCAMP2
10067	SCAMP3
10069	RWDD2B
10072	DPP3
10073	SNUPN
10075	HUWE1
10076	PTPRU
10077	TSPAN32
10078	TSSC4
10079	ATP9A
10083	USH1C
10084	PQBP1
10085	EDIL3
10087	CERT1
10090	UST
10092	ARPC5
10093	ARPC4
10095	ARPC1B
10096	ACTR3
10097	ACTR2
10098	TSPAN5
10099	TSPAN3
10100	TSPAN2
10101	NUBP2
10102	TSFM
10103	TSPAN1
10105	PPIF
10106	CTDSP2
10109	ARPC2
10110	SGK2
10111	RAD50
10112	KIF20A
10113	PREB
10114	HIPK3
10116	FEM1B
10120	ACTR1B
10121	ACTR1A
10123	ARL4C
10125	RASGRP1
10126	DNAL4
10128	LRPPRC
10129	FRY
10130	PDIA6
10131	TRAP1
10133	OPTN
10134	BCAP31
10135	NAMPT
10138	YAF2
10139	ARFRP1
10140	TOB1
10142	AKAP9
10144	FAM13A
10146	G3BP1
10147	SUGP2
10148	EBI3
10149	ADGRG2
10150	MBNL2
10152	ABI2
10153	CEBPZ
10154	PLXNC1
10155	TRIM28
10157	AASS
10158	PDZK1IP1
10159	ATP6AP2
10161	LPAR6
10162	LPCAT3
10163	WASF2
10164	CHST4
10165	SLC25A13
10168	ZNF197
10170	DHRS9
10171	RCL1
10174	SORBS3
10175	CNIH1
10178	TENM1
10179	RBM7
10180	RBM6
10181	RBM5
10184	LHFPL2
10186	LHFPL6
10188	TNK2
10190	TXNDC9
10193	RNF41
10195	ALG3
10196	PRMT3
10197	PSME3
10198	MPHOSPH9
10199	MPHOSPH10
10200	MPHOSPH6
10201	NME6
10203	CALCRL
10205	MPZL2
10207	PATJ
10208	USPL1
10209	EIF1
10210	TOPORS
10212	DDX39A
10213	PSMD14
10215	OLIG2
10217	CTDSPL
10218	ANGPTL7
10219	KLRG1
10220	GDF11
10221	TRIB1
10224	ZNF443
10225	CD96
10226	PLIN3
10227	SLC75A1
10228	STX6
10229	COQ7
10230	NBR2
10231	RCAN2
10232	MSLN
10234	LRRC17
10235	RASGRP2
10236	HNRNPR
10237	SLC35B1
10238	DCAF7
10240	MRPS31
10241	CALCOCO2
10242	KCNMB2
10243	GPHN
10244	RABEPK
10245	TIMM17B
10246	SLC17A2
10247	RIDA
10248	POP7
10249	GLYAT
10250	SRRM1
10252	SPRY1
10253	SPRY2
10254	STAM2
10256	CNKSR1
10257	ABCC4
10260	DENND4A
10261	IGSF6
10262	SF3B4
10263	CDK2AP2
10265	IRX5
10266	RAMP2
10267	RAMP1
10268	RAMP3
10269	ZMPSTE24
10270	AKAP8
10272	FSTL3
10273	STUB1
10274	STAG1
10276	NET1
10277	UBE4B
10278	EFS
10279	PRSS16
10280	SIGMAR1
10282	BET1
10284	SAP18
10285	SMNDC1
10286	BCAS2
10287	RGS19
10288	LILRB2
10289	EIF1B
10291	SF3A1
10293	TRAIP
10294	DNAJA2
10295	BCKDK
10296	MAEA
10297	APC2
10298	PAK4
10299	MARCHF6
10300	KATNB1
10301	DLEU1
10302	SNAPC5
10308	ZNF267
10309	CCNO
10311	VPS26C
10312	TCIRG1
10313	RTN3
10314	LANCL1
10316	NMUR1
10317	B3GALT5
10318	TNIP1
10319	LAMC3
10320	IKZF1
10322	SMYD5
10324	KLHL41
10325	RRAGB
10327	AKR1A1
10328	EMC8
10329	RXYLT1
10330	CNPY2
10331	B3GNT3
10333	TLR6
10336	PCGF3
10342	TFG
10343	PKDREJ
10345	TRDN
10347	ABCA7
10351	ABCA8
10352	WARS2
10360	NPM3
10362	HMG20B
10363	HMG20A
10365	KLF2
10367	MICU1
10370	CITED2
10371	SEMA3A
10382	TUBB4A
10383	TUBB4B
10384	BTN3A3
10385	BTN2A2
10388	SYCP2
10389	SCML2
10390	CEPT1
10391	CORO2B
10392	NOD1
10393	ANAPC10
10395	DLC1
10396	ATP8A1
10397	NDRG1
10398	MYL9
10400	PEMT
10402	ST3GAL6
10404	CPQ
10406	WFDC2
10408	MYCNOS
10409	BASP1
10411	RAPGEF3
10413	YAP1
10418	SPON1
10419	PRMT5
10420	TESK2
10421	CD2BP2
10422	UBAC1
10423	CDIPT
10425	ARIH2
10426	TUBGCP3
10427	SEC24B
10428	CFDP1
10430	TMEM147
10434	LYPLA1
10435	CDC42EP2
10436	EMG1
10438	C1D
10439	OLFM1
10440	TIMM17A
10443	N4BP2L2
10444	ZER1
10445	MCRS1
10446	LRRN2
10449	ACAA2
10450	PPIE
10451	VAV3
10455	ECI2
10456	HAX1
10457	GPNMB
10458	BAIAP2
10460	TACC3
10461	MERTK
10462	CLEC10A
10463	SLC30A9
10464	PIBF1
10465	PPIH
10466	COG5
10467	ZNHIT1
10468	FST
10469	TIMM44
10472	ZBTB18
10473	HMGN4
10474	TADA3
10475	TRIM38
10478	SLC25A17
10479	SLC9A6
10480	EIF3M
10482	NXF1
10483	SEC23B
10484	SEC23A
10486	CAP2
10487	CAP1
10488	CREB3
10489	LRRC41
10490	VTI1B
10492	SYNCRIP
10493	VAT1
10494	STK25
10495	ENOX2
10497	UNC13B
10498	CARM1
10499	NCOA2
10500	SEMA6C
10501	SEMA6B
10505	SEMA4F
10507	SEMA4D
10512	SEMA3C
10513	APPBP2
10514	MYBBP1A
10516	FBLN5
10518	CIB2
10519	CIB1
10520	ZNF211
10521	DDX17
10522	DEAF1
10523	CHERP
10524	KAT5
10525	HYOU1
10526	IPO8
10527	IPO7
10529	NEBL
10531	PITRM1
10533	ATG7
10534	ZNRD2
10535	RNASEH2A
10536	P3H3
10538	BATF
10539	GLRX3
10540	DCTN2
10541	ANP32B
10542	LAMTOR5
10544	PROCR
10548	TM9SF1
10549	PRDX4
10550	ARL6IP5
10551	AGR2
10552	ARPC1A
10553	HTATIP2
10554	AGPAT1
10555	AGPAT2
10556	RPP30
10557	RPP38
10558	SPTLC1
10559	SLC35A1
10560	SLC19A2
10561	IFI44
10562	OLFM4
10563	CXCL13
10564	ARFGEF2
10565	ARFGEF1
10566	AKAP3
10567	RABAC1
10568	SLC34A2
10570	DPYSL4
10572	SIVA1
10573	MRPL28
10574	CCT7
10575	CCT4
10576	CCT2
10578	GNLY
10579	TACC2
10580	SORBS1
10581	IFITM2
10584	COLEC10
10585	POMT1
10586	MAB21L2
10587	TXNRD2
10589	DRAP1
10590	SCGN
10591	DNPH1
10592	SMC2
10594	PRPF8
10598	AHSA1
10600	USP16
10602	CDC42EP3
10603	SH2B2
10606	PAICS
10607	TBL3
10609	P3H4
10610	ST6GALNAC2
10611	PDLIM5
10612	TRIM3
10613	ERLIN1
10614	HEXIM1
10616	RBCK1
10617	STAMBP
10618	TGOLN2
10621	POLR3F
10625	IVNS1ABP
10627	MYL12A
10629	TAF6L
10630	PDPN
10631	POSTN
10632	ATP5MG
10634	GAS2L1
10636	RGS14
10637	LEFTY1
10640	EXOC5
10641	NPRL2
10645	CAMKK2
10647	SCGB1D2
10650	PRELID3A
10651	MTX2
10652	YKT6
10653	SPINT2
10654	PMVK
10656	KHDRBS3
10657	KHDRBS1
10658	CELF1
10659	CELF2
10663	CXCR6
10664	CTCF
10666	CD226
10667	FARS2
10668	CGRRF1
10669	CGREF1
10670	RRAGA
10671	DCTN6
10672	GNA13
10677	AVIL
10678	B3GNT2
10681	GNB5
10682	EBP
10686	CLDN16
10687	PNMA2
10690	FUT9
10691	GMEB1
10693	CCT6B
10694	CCT8
10695	CNPY3
10699	CORIN
10712	ENTREP3
10713	USP39
10714	POLD3
10721	POLQ
10723	SLC12A7
10724	OGA
10725	NFAT5
10726	NUDC
10728	PTGES3
10730	YME1L1
10733	PLK4
10734	STAG3
10735	STAG2
10741	RBBP9
10742	RAI2
10745	PHTF1
10746	MAP3K2
10747	MASP2
10748	KLRA1P
10749	KIF1C
10750	GRAP
10752	CHL1
10755	GIPC1
10758	TRAF3IP2
10762	NUP50
10763	NES
10765	KDM5B
10766	TOB2
10767	HBS1L
10768	AHCYL1
10769	PLK2
10771	ZMYND11
10772	SRSF10
10773	ZBTB6
10775	POP4
10776	ARPP19
10777	ARPP21
10778	ZNF271P
10780	ZNF234
10781	ZNF266
10782	ZNF274
10785	WDR4
10786	SLC17A3
10787	NCKAP1
10788	IQGAP2
10791	VAMP5
10793	ZNF273
10794	ZNF460
10795	ZNF268
10797	MTHFD2
10801	SEPTIN9
10802	SEC24A
10803	CCR9
10807	ENTR1
10808	HSPH1
10810	WASF3
10813	UTP14A
10817	FRS3
10818	FRS2
10819	OR7E14P
10821	OR7E12P
10825	NEU3
10826	FAXDC2
10827	FAM114A2
10840	ALDH1L1
10841	FTCD
10844	TUBGCP2
10845	CLPX
10846	PDE10A
10847	SRCAP
10848	PPP1R13L
10849	POLR1G
10855	HPSE
10856	RUVBL2
10857	PGRMC1
10858	CYP46A1
10859	LILRB1
10861	SLC26A1
10863	ADAM28
10864	SLC22A7
10865	ARID5A
10867	TSPAN9
10868	USP20
10869	USP19
10871	CD300C
10873	ME3
10875	FGL2
10882	C1QL1
10884	MRPS30
10885	WDR3
10891	PPARGC1A
10892	MALT1
10893	MMP24
10894	LYVE1
10897	YIF1A
10898	CPSF4
10899	JTB
10900	RUNDC3A
10902	BRD8
10904	BLCAP
10905	MAN1A2
10906	TRAFD1
10907	TXNL4A
10908	PNPLA6
10912	GADD45G
10913	EDAR
10914	PAPOLA
10915	TCERG1
10916	MAGED2
10920	COPS8
10921	RNPS1
10922	FASTK
10923	SUB1
10924	SMPDL3A
10926	DBF4
10927	SPIN1
10928	RALBP1
10929	SRSF8
10930	APOBEC2
10935	PRDX3
10936	GPR75
10938	EHD1
10939	AFG3L2
10940	POP1
10943	MSL3
10944	C11orf58
10945	KDELR1
10946	SF3A3
10947	AP3M2
10948	STARD3
10949	HNRNPA0
10950	BTG3
10952	SEC61B
10953	TOMM34
10955	SERINC3
10956	OS9
10957	PNRC1
10959	TMED2
10960	LMAN2
10961	ERP29
10962	MLLT11
10963	STIP1
10964	IFI44L
10966	RAB40B
10970	CKAP4
10972	TMED10
10973	ASCC3
10974	ADIRF
10975	UQCR11
10978	CLP1
10979	FERMT2
10980	COPS6
10981	RAB32
10982	MAPRE2
10983	CCNI
10985	GCN1
10987	COPS5
10988	METAP2
10989	IMMT
10990	LILRB5
10991	SLC38A3
10992	SF3B2
10993	SDS
10994	HACL2
10998	SLC27A5
11000	SLC27A3
11001	SLC27A2
11004	KIF2C
11006	LILRB4
11007	CCDC85B
11009	IL24
11010	GLIPR1
11011	TLK2
11014	KDELR2
11015	KDELR3
11016	ATF7
11017	SNRNP27
11018	TMED1
11019	LIAS
11020	IFT27
11021	RAB35
11022	TDRKH
11024	LILRA1
11027	LILRA2
11030	RBPMS
11031	RAB31
11033	ADAP1
11034	DSTN
11040	PIM2
11041	B4GAT1
11043	MID2
11044	TENT4A
11046	SLC35D2
11047	ADRM1
11051	NUDT21
11052	CPSF6
11054	OGFR
11056	DDX52
11057	ABHD2
11059	WWP1
11060	WWP2
11062	DUS4L
11064	CNTRL
11065	UBE2C
11066	SNRNP35
11067	DEPP1
11068	CYB561D2
11069	RAPGEF4
11070	TMEM115
11072	DUSP14
11073	TOPBP1
11075	STMN2
11076	TPPP
11078	TRIOBP
11079	RER1
11080	DNAJB4
11082	ESM1
11083	DIDO1
11092	SPACA9
11093	ADAMTS13
11094	CACFD1
11095	ADAMTS8
11096	ADAMTS5
11097	NUP42
11098	PRSS23
11099	PTPN21
11100	HNRNPUL1
11102	RPP14
11103	KRR1
11104	KATNA1
11107	PRDM5
11108	PRDM4
11116	CEP43
11117	EMILIN1
11118	BTN3A2
11119	BTN3A1
11120	BTN2A1
11122	PTPRT
11123	RCAN3
11124	FAF1
11127	KIF3A
11129	CLASRP
11130	ZWINT
11132	CAPN10
11133	KPTN
11135	CDC42EP1
11136	SLC7A9
11137	PWP1
11138	TBC1D8
11142	PKIG
11145	PLAAT3
11146	GLMN
11147	ANKRD13C-DT
11148	HHLA2
11151	CORO1A
11152	WDR45
11153	FICD
11154	AP4S1
11155	LDB3
11156	PTP4A3
11157	LSM6
11160	ERLIN2
11161	ERG28
11162	NUDT6
11168	PSIP1
11169	WDHD1
11171	STRAP
11174	ADAMTS6
11176	BAZ2A
11177	BAZ1A
11178	LZTS1
11179	ZNF277
11180	WDR6
11181	TREH
11182	SLC2A6
11183	MAP4K5
11184	MAP4K1
11186	RASSF1
11187	PKP3
11188	NISCH
11189	CELF3
11190	CEP250
11193	WBP4
11194	ABCB8
11196	SEC23IP
11198	SUPT16H
11201	POLI
11212	PLPBP
11213	IRAK3
11214	AKAP13
11215	AKAP11
11216	AKAP10
11221	DUSP10
11222	MRPL3
11223	MST1L
11226	GALNT6
11230	PRAF2
11231	SEC63
11232	POLG2
11234	HPS5
11235	PDCD10
11236	RNF139
11237	RNF24
11238	CA5B
11240	PADI2
11245	GPR176
11248	NXPH3
11253	MAN1B1
11257	TP53TG1
11258	DCTN3
11259	FILIP1L
11260	XPOT
11261	CHP1
11262	SP140
11264	PXMP4
11266	DUSP12
11267	SNF8
11273	ATXN2L
11275	KLHL2
11276	SYNRG
11278	KLF12
11279	KLF8
11280	SCN11A
11282	MGAT4B
11284	PNKP
11285	B4GALT7
11309	SLCO2B1
11311	VPS45
11313	LYPLA2
11314	CD300A
11315	PARK7
11316	COPE
11318	ACKR5
11319	ECD
11320	MGAT4A
11321	GPN1
11322	TMC6
11325	DDX42
11326	VSIG4
11329	STK38
11331	PHB2
11332	ACOT7
11333	PDAP1
11334	TUSC2
11335	CBX3
11336	EXOC3
11337	GABARAP
11338	U2AF2
11339	OIP5
11340	EXOSC8
11342	RNF13
11343	MGLL
11345	GABARAPL2
11346	SYNPO
22795	NID2
22796	COG2
22797	TFEC
22798	LAMB4
22800	RRAS2
22806	IKZF3
22807	IKZF2
22808	MRAS
22818	COPZ1
22820	COPG1
22821	RASA3
22822	PHLDA1
22823	MTF2
22824	HSPA4L
22826	DNAJC8
22827	PUF60
22829	NLGN4Y
22832	CEP162
22834	ZNF652
22835	ZFP30
22836	RHOBTB3
22837	COBLL1
22838	RNF44
22839	DLGAP4
22841	RAB11FIP2
22843	PPM1E
22844	FRMPD1
22845	DOLK
22846	VASH1
22848	AAK1
22849	CPEB3
22850	ADNP2
22852	ANKRD26
22853	LMTK2
22856	CHSY1
22858	CILK1
22859	ADGRL1
22862	FNDC3A
22863	ATG14
22864	R3HDM2
22866	CNKSR2
22868	FASTKD2
22869	ZNF510
22870	PPP6R1
22871	NLGN1
22872	SEC31A
22873	DZIP1
22874	PLEKHA6
22875	ENPP4
22876	INPP5F
22877	MLXIP
22878	TRAPPC8
22879	MON1B
22880	MORC2
22881	ANKRD6
22882	ZHX2
22883	CLSTN1
22884	WDR37
22885	ABLIM3
22887	FOXJ3
22889	KHDC4
22890	ZBTB1
22891	ZNF365
22893	BAHD1
22894	DIS3
22897	CEP164
22898	DENND3
22899	ARHGEF15
22900	CARD8
22902	RUFY3
22903	BTBD3
22904	SBNO2
22906	TRAK1
22907	DHX30
22908	SACM1L
22909	FAN1
22911	WDR47
22913	RALY
22915	MMRN1
22916	NCBP2
22918	CD93
22919	MAPRE1
22920	KIFAP3
22921	MSRB2
22924	MAPRE3
22925	PLA2R1
22926	ATF6
22927	HABP4
22928	SEPHS2
22929	SEPHS1
22930	RAB3GAP1
22933	SIRT2
22936	ELL2
22937	SCAP
22938	SNW1
22941	SHANK2
22944	KIN
22948	CCT5
22954	TRIM32
22955	SCMH1
22974	TPX2
22976	PAXIP1
22977	AKR7A3
22978	NT5C2
22980	TCF25
22981	NINL
22982	DIP2C
22984	PDCD11
22985	ACIN1
22986	SORCS3
22989	MYH15
22990	PCNX1
22992	KDM2A
22993	HMGXB3
22994	CEP131
22996	TTC39A
22998	LIMCH1
22999	RIMS1
23001	WDFY3
23002	DAAM1
23005	MAPKBP1
23007	PLCH1
23008	KLHDC10
23011	RAB21
23012	STK38L
23013	SPEN
23014	FBXO21
23015	GOLGA8A
23016	EXOSC7
23017	FAIM2
23019	CNOT1
23022	PALLD
23023	TMCC1
23024	PDZRN3
23025	UNC13A
23026	MYO16
23028	KDM1A
23029	RBM34
23030	KDM4B
23031	MAST3
23032	USP33
23033	DOP1A
23034	SAMD4A
23035	PHLPP2
23036	ZNF292
23037	PDZD2
23038	WDTC1
23039	XPO7
23041	MON2
23043	TNIK
23046	KIF21B
23047	PDS5B
23048	FNBP1
23051	ZHX3
23052	ENDOD1
23053	ZSWIM8
23054	NCOA6
23057	NMNAT2
23059	IFT38
23060	ZNF609
23061	TBC1D9B
23062	GGA2
23063	WAPL
23064	SETX
23065	EMC1
23066	CAND2
23067	SETD1B
23070	CMTR1
23071	ERP44
23072	HECW1
23074	BLTP3B
23075	SWAP70
23076	RRP1B
23077	MYCBP2
23078	VWA8
23080	AVL9
23081	KDM4C
23082	PPRC1
23085	ERC1
23086	EXPH5
23089	PEG10
23090	ZNF423
23091	ZC3H13
23092	ARHGAP26
23093	TTLL5
23094	SIPA1L3
23095	KIF1B
23096	IQSEC2
23097	CDK19
23098	SARM1
23099	ZBTB43
23101	MCF2L2
23102	TBC1D2B
23105	FSTL4
23107	MRPS27
23108	RAP1GAP2
23109	DDN
23111	SPART
23112	TNRC6B
23113	CUL9
23114	NFASC
23116	TOGARAM1
23118	TAB2
23119	HIC2
23122	CLASP2
23125	CAMTA2
23126	POGZ
23127	COLGALT2
23129	PLXND1
23130	ATG2A
23131	GPATCH8
23132	RAD54L2
23133	PHF8
23135	KDM6B
23136	EPB41L3
23137	SMC5
23138	N4BP3
23139	MAST2
23140	ZZEF1
23141	ANKLE2
23142	DCUN1D4
23143	LRCH1
23144	ZC3H3
23148	NACAD
23149	FCHO1
23150	FRMD4B
23151	GRAMD4
23152	CIC
23154	NCDN
23155	CLCC1
23157	SEPTIN6
23158	TBC1D9
23160	WDR43
23161	SNX13
23162	MAPK8IP3
23163	GGA3
23164	MPRIP
23165	NUP205
23166	STAB1
23167	EFR3A
23168	RTF1
23169	SLC35D1
23170	TTLL12
23171	GPD1L
23172	ABRAXAS2
23173	METAP1
23174	ZCCHC14
23175	LPIN1
23176	SEPTIN8
23177	CEP68
23178	PASK
23179	RGL1
23180	RFTN1
23185	LARP4B
23186	RCOR1
23187	PHLDB1
23189	KANK1
23190	UBXN4
23191	CYFIP1
23192	ATG4B
23193	GANAB
23194	FBXL7
23195	MDN1
23196	FAM120A
23197	FAF2
23198	PSME4
23199	GSE1
23200	ATP11B
23201	FAM168A
23203	PMPCA
23204	ARL6IP1
23205	ACSBG1
23207	PLEKHM2
23208	SYT11
23210	JMJD6
23211	ZC3H4
23212	RRS1
23213	SULF1
23214	XPO6
23215	PRRC2C
23216	TBC1D1
23218	NBEAL2
23219	FBXO28
23220	DTX4
23221	RHOBTB2
23223	RRP12
23224	SYNE2
23225	NUP210
23229	ARHGEF9
23230	VPS13A
23231	SEL1L3
23232	TBC1D12
23236	PLCB1
23237	ARC
23239	PHLPP1
23240	TMEM131L
23241	PACS2
23242	COBL
23243	ANKRD28
23244	PDS5A
23245	ASTN2
23247	KATNIP
23248	RPRD2
23250	ATP11A
23251	MINAR1
23252	OTUD3
23253	ANKRD12
23254	KAZN
23255	MTCL1
23256	SCFD1
23258	DENND5A
23259	DDHD2
23261	CAMTA1
23262	PPIP5K2
23263	MCF2L
23264	ZC3H7B
23265	EXOC7
23266	ADGRL2
23268	DNMBP
23269	MGA
23270	TSPYL4
23271	CAMSAP2
23272	TASOR
23274	CLEC16A
23275	POFUT2
23276	KLHL18
23277	CLUH
23279	NUP160
23283	CSTF2T
23284	ADGRL3
23286	WWC1
23287	AGTPBP1
23288	IQCE
23291	FBXW11
23293	SMG6
23294	ANKS1A
23295	MGRN1
23299	BICD2
23300	ATMIN
23301	EHBP1
23303	KIF13B
23304	UBR2
23305	ACSL6
23306	NEMP1
23307	FKBP15
23309	SIN3B
23310	NCAPD3
23312	DMXL2
23313	KIAA0930
23314	SATB2
23315	SLC9A8
23316	CUX2
23317	DNAJC13
23318	TUT4
23321	TRIM2
23322	RPGRIP1L
23324	MAN2B2
23325	WASHC4
23326	USP22
23327	NEDD4L
23328	SASH1
23329	TBC1D30
23331	TTC28
23332	CLASP1
23334	SZT2
23335	WDR7
23336	SYNM
23338	JADE2
23339	VPS39
23341	DNAJC16
23344	ESYT1
23345	SYNE1
23347	SMCHD1
23348	DOCK9
23349	PHF24
23350	U2SURP
23351	KHNYN
23352	UBR4
23353	SUN1
23354	HAUS5
23357	ANGEL1
23358	USP24
23359	ENTREP2
23360	FNBP4
23361	ZNF629
23362	PSD3
23363	OBSL1
23365	ARHGEF12
23366	MATCAP2
23367	LARP1
23368	PPP1R13B
23369	PUM2
23370	ARHGEF18
23371	TNS2
23373	CRTC1
23376	UFL1
23378	RRP8
23379	ICE1
23381	SMG5
23382	AHCYL2
23383	MAU2
23384	SPECC1L
23385	NCSTN
23386	NUDCD3
23387	SIK3
23389	MED13L
23390	ZDHHC17
23392	ECPAS
23394	ADNP
23395	LARS2
23396	PIP5K1C
23397	NCAPH
23398	PPWD1
23399	CTDNEP1
23400	ATP13A2
23401	FRAT2
23403	FBXO46
23404	EXOSC2
23405	DICER1
23406	COTL1
23408	SIRT5
23409	SIRT4
23410	SIRT3
23411	SIRT1
23412	COMMD3
23413	NCS1
23414	ZFPM2
23417	MLYCD
23421	ITGB3BP
23423	TMED3
23424	TDRD7
23426	GRIP1
23428	SLC7A8
23429	RYBP
23430	TPSD1
23431	AP4E1
23432	GPR161
23433	RHOQ
23435	TARDBP
23438	HARS2
23439	ATP1B4
23443	SLC35A3
23446	SLC44A1
23450	SF3B3
23451	SF3B1
23452	ANGPTL2
23457	ABCB9
23460	ABCA6
23461	ABCA5
23462	HEY1
23463	ICMT
23464	GCAT
23466	CBX6
23467	NPTXR
23469	PHF3
23471	TRAM1
23473	CAPN7
23474	ETHE1
23475	QPRT
23476	BRD4
23478	SEC11A
23479	ISCU
23480	SEC61G
23481	PES1
23483	TGDS
23484	LEPROTL1
23492	CBX7
23493	HEY2
23495	TNFRSF13B
23498	HAAO
23499	MACF1
23500	DAAM2
23503	ZFYVE26
23504	RIMBP2
23505	TMEM131
23506	BICRAL
23507	LRRC8B
23508	TTC9
23510	KCTD2
23511	NUP188
23512	SUZ12
23515	MORC3
23516	SLC39A14
23517	MTREX
23518	R3HDM1
23522	KAT6B
23523	CABIN1
23524	SRRM2
23526	ARHGAP45
23527	ACAP2
23528	ZNF281
23529	CLCF1
23530	NNT
23531	MMD
23532	PRAME
23533	PIK3R5
23534	TNPO3
23536	ADAT1
23539	SLC16A8
23541	SEC14L2
23542	MAPK8IP2
23543	RBFOX2
23545	ATP6V0A2
23547	LILRA4
23548	TTC33
23549	DNPEP
23550	PSD4
23552	CDK20
23554	TSPAN12
23555	TSPAN15
23556	PIGN
23558	WBP2
23560	GTPBP4
23562	CLDN14
23568	ARL2BP
23569	PADI4
23576	DDAH1
23580	CDC42EP4
23583	SMUG1
23585	TMEM50A
23586	RIGI
23587	ELP5
23588	KLHDC2
23589	CARHSP1
23590	PDSS1
23592	LEMD3
23593	HEBP2
23595	ORC3
23596	OPN3
23597	ACOT9
23598	PATZ1
23601	CLEC5A
23603	CORO1C
23604	DAPK2
23607	CD2AP
23608	MKRN1
23609	MKRN2
23612	PHLDA3
23613	ZMYND8
23615	PYY2
23616	SH3BP1
23621	BACE1
23623	RUSC1
23624	CBLC
23625	FAM89B
23627	PRND
23629	BRD7P3
23632	CA14
23635	SSBP2
23636	NUP62
23639	DNAAF11
23640	HSPBP1
23641	LDOC1
23643	LY96
23644	EDC4
23645	PPP1R15A
23646	PLD3
23647	ARFIP2
23648	SSBP3
23649	POLA2
23650	TRIM29
23654	PLXNB2
23657	SLC7A11
23658	LSM5
23659	PLA2G15
23660	ZKSCAN5
23670	CEMIP2
23673	STX12
23677	SH3BP4
23682	RAB38
23683	PRKD3
23704	KCNE4
23705	CADM1
23708	GSPT2
23710	GABARAPL1
23729	SHPK
23741	EID1
23742	NPAP1
23743	BHMT2
23753	SDF2L1
23760	PITPNB
23762	OSBP2
23764	MAFF
23765	IL17RA
23767	FLRT3
23769	FLRT1
23770	FKBP8
23774	BRD1
23780	APOL2
23786	BCL2L13
23787	MTCH1
23788	MTCH2
24137	KIF4A
24138	IFIT5
24139	EML2
24140	FTSJ1
24141	LAMP5
24144	TFIP11
24145	PANX1
24146	CLDN15
24147	FJX1
24148	PRPF6
24149	ZNF318
25758	KIAA1549L
25759	SHC2
25771	TBC1D22A
25776	CBY1
25777	SUN2
25778	DSTYK
25780	RASGRP3
25786	DGCR11
25789	TMEM59L
25790	CFAP45
25792	CIZ1
25793	FBXO7
25794	FSCN2
25796	PGLS
25797	QPCT
25799	ZNF324
25800	SLC39A6
25801	GCA
25802	LMOD1
25804	LSM4
25805	BAMBI
25807	RHBDD3
25809	TTLL1
25813	SAMM50
25814	ATXN10
25816	TNFAIP8
25818	KLK5
25819	NOCT
25821	MTO1
25822	DNAJB5
25823	TPSG1
25825	BACE2
25827	FBXL2
25828	TXN2
25829	TMEM184B
25833	POU2F3
25836	NIPBL
25837	RAB26
25839	COG4
25840	TMT1A
25841	ABTB2
25842	ASF1A
25844	YIPF3
25847	ANAPC13
25849	PARM1
25850	ZNF345
25852	ARMC8
25854	FAM149A
25855	BRMS1
25859	PART1
25861	WHRN
25865	PRKD2
25873	RPL36
25874	MPC2
25875	LETMD1
25876	SPEF1
25878	MXRA5
25880	TMEM186
25888	ZNF473
25891	PAMR1
25896	INTS7
25897	RNF19A
25898	RCHY1
25900	IFFO1
25901	CCDC28A
25903	OLFML2B
25906	ANAPC15
25907	TMEM158
25909	AHCTF1
25913	POT1
25915	NDUFAF3
25920	NELFB
25924	MYRIP
25926	NOL11
25928	SOSTDC1
25932	CLIC4
25936	NSL1
25937	WWTR1
25939	SAMHD1
25940	TSLIG3A
25941	TPGS2
25945	NECTIN3
25948	KBTBD2
25949	SYF2
25950	RWDD3
25957	PNISR
25959	KANK2
25960	ADGRA2
25961	NUDT13
25963	TMEM87A
25966	C2CD2
25970	SH2B1
25972	UNC50
25974	MMACHC
25976	TIPARP
25977	NECAP1
25978	CHMP2B
25979	DHRS7B
25980	AAR2
25983	NGDN
25984	KRT23
25987	TSKU
25988	HINFP
25992	SNED1
25994	HIGD1A
25996	REXO2
25998	IBTK
25999	CLIP3
26000	TBC1D10B
26001	RNF167
26002	MOXD1
26003	GORASP2
26005	C2CD3
26007	TKFC
26009	ZZZ3
26010	SPATS2L
26011	TENM4
26013	L3MBTL1
26015	RPAP1
26017	FAM32A
26018	LRIG1
26019	UPF2
26020	LRP10
26027	ACOT11
26030	PLEKHG3
26031	OSBPL3
26032	SUSD5
26033	ATRNL1
26034	IPCEF1
26035	GLCE
26036	ZNF451
26037	SIPA1L1
26038	CHD5
26039	SS18L1
26040	SETBP1
26043	UBXN7
26045	LRRTM2
26046	LTN1
26047	CNTNAP2
26048	ZNF500
26049	FAM169A
26050	SLITRK5
26051	PPP1R16B
26052	DNM3
26053	AUTS2
26054	SENP6
26056	RAB11FIP5
26057	ANKRD17
26058	GIGYF2
26059	ERC2
26060	APPL1
26063	DECR2
26064	RAI14
26065	LSM14A
26071	RTL8A
26073	POLDIP2
26084	ARHGEF26
26088	GGA1
26091	HERC4
26092	TOR1AIP1
26093	CCDC9
26097	CHTOP
26098	EDRF1
26099	SZRD1
26100	WIPI2
26108	PYGO1
26112	CCDC69
26115	TANC2
26118	WSB1
26119	LDLRAP1
26121	PRPF31
26123	TCTN3
26128	KIFBP
26130	GAPVD1
26133	TRPC4AP
26135	SERBP1
26136	TES
26137	ZBTB20
26145	IRF2BP1
26146	IFT54
26151	NAT9
26152	ZNF337
26154	ABCA12
26155	NOC2L
26156	RSL1D1
26168	SENP3
26173	INTS1
26175	LYSET
26190	FBXW2
26191	PTPN22
26205	GMEB2
26206	SPAG8
26207	PITPNC1
26226	FBXW4P1
26227	PHGDH
26228	STAP1
26229	B3GAT3
26232	FBXO2
26233	FBXL6
26234	FBXL5
26235	FBXL4
26240	FAM50B
26249	KLHL3
26251	KCNG2
26253	CLEC4E
26256	CABYR
26261	FBXO24
26263	FBXO22
26266	SLC13A4
26268	FBXO9
26271	FBXO5
26273	FBXO3
26275	HIBCH
26276	VPS33B
26277	TINF2
26278	SACS
26279	PLA2G2D
26280	IL1RAPL2
26284	ERAL1
26287	ANKRD2
26289	AK5
26297	SERGEF
26298	EHF
26330	GAPDHS
26353	HSPB8
26355	FAM162A
26468	LHX6
26469	PTPN18
26470	SEZ6L2
26471	NUPR1
26499	PLEK2
26502	NARF
26503	SLC17A5
26504	CNNM4
26505	CNNM3
26507	CNNM1
26508	HEYL
26509	MYOF
26511	CHIC2
26512	INTS6
26515	TIMM10B
26517	TIMM13
26519	TIMM10
26520	TIMM9
26521	TIMM8B
26523	AGO1
26528	DAZAP1
26548	ITGB1BP2
26574	AATF
26576	SRPK3
26577	PCOLCE2
26578	OSTF1
26585	GREM1
26586	CKAP2
26589	MRPL46
26608	TBL2
26610	ELP4
26747	NUFIP1
26750	RPS6KC1
26751	SH3YL1
26872	STEAP1
26873	OPLAH
26953	RANBP6
26959	HBP1
26960	NBEA
26973	CHORDC1
26984	SEC22A
26993	AKAP8L
26994	RNF11
26998	FETUB
26999	CYFIP2
27000	DNAJC2
27005	USP21
27010	TPK1
27012	KCNV1
27013	CNPPD1
27018	BEX3
27019	DNAI1
27020	NPTN
27030	MLH3
27032	ATP2C1
27033	ZBTB32
27034	ACAD8
27036	SIGLEC7
27037	TRMT2A
27042	UTP25
27043	PELP1
27065	NSG1
27067	STAU2
27068	PPA2
27069	GHITM
27071	DAPP1
27072	VPS41
27074	LAMP3
27075	TSPAN13
27077	B9D1
27079	RPUSD2
27087	B3GAT1
27089	UQCRQ
27090	ST6GALNAC4
27095	TRAPPC3
27097	TAF5L
27098	CLUL1
27101	CACYBP
27102	EIF2AK1
27107	ZBTB11
27109	DMAC2L
27112	NALF2
27115	PDE7B
27122	DKK3
27124	INPP5J
27125	AFF4
27128	CYTH4
27129	HSPB7
27130	INVS
27131	SNX5
27132	CPNE7
27134	TJP3
27147	DENND2A
27156	RSPH14
27158	NDOR1
27163	NAAA
27165	GLS2
27173	SLC39A1
27175	TUBG2
27180	SIGLEC9
27181	SIGLEC8
27183	VPS4A
27202	C5AR2
27229	TUBGCP4
27230	SERP1
27231	NMRK2
27235	COQ2
27236	ARFIP1
27237	ARHGEF16
27238	GPKOW
27239	GPR162
27240	SIT1
27241	BBS9
27242	TNFRSF21
27243	CHMP2A
27244	SESN1
27245	AHDC1
27247	NFU1
27249	MMADHC
27252	KLHL20
27253	PCDH17
27254	CSDC2
27255	CNTN6
27257	LSM1
27258	LSM3
27285	TEKT2
27286	SRPX2
27287	VENTX
27289	RND1
27291	R3HCC1L
27292	DIMT1
27293	SMPDL3B
27295	PDLIM3
27296	TP53TG5
27297	CRCP
27299	ADAMDEC1
27300	ZNF544
27301	APEX2
27303	RBMS3
27304	MOCS3
27306	HPGDS
27309	NOAZFP
27314	RAB30
27315	PGAP2
27324	TOX3
27329	ANGPTL3
27330	RPS6KA6
27333	GOLIM4
27334	P2RY10
27335	EIF3K
27336	HTATSF1
27339	PRPF19
27340	UTP20
27341	RRP7A
27343	POLL
27344	PCSK1N
27345	KCNMB4
27346	TMEM97
27347	STK39
27348	TOR1B
27349	MCAT
27350	APOBEC3C
27351	DESI1
27352	SGSM3
27429	HTRA2
27430	MAT2B
27434	POLM
27436	EML4
27445	PCLO
28231	SLCO4A1
28232	SLCO3A1
28316	CDH20
28511	NKIRAS2
28513	CDH19
28951	TRIB2
28952	CCDC22
28954	REM1
28955	DEXI
28956	LAMTOR2
28957	MRPS28
28958	COA3
28959	TMEM176B
28960	DCPS
28962	OSTM1
28964	GIT1
28966	SNX24
28968	SLC6A16
28969	BZW2
28971	AAMDC
28972	SPCS1
28974	C19orf53
28977	MRPL42
28978	TMEM14A
28981	IFT81
28984	RGCC
28985	MCTS1
28986	MAGEH1
28990	ASTE1
28992	MACROD1
28996	HIPK2
28998	MRPL13
28999	KLF15
29015	SLC43A3
29018	FOXN3-AS2
29028	ATAD2
29062	WDR91
29063	ZCCHC4
29065	ASAP1-IT1
29066	ZC3H7A
29071	C1GALT1C1
29072	SETD2
29074	MRPL18
29078	NDUFAF4
29079	MED4
29080	CCDC59
29081	METTL5
29083	GTPBP8
29086	BABAM1
29087	THYN1
29088	MRPL15
29091	STXBP6
29092	LINC00339
29093	MRPL22
29094	LGALSL
29095	ORMDL2
29097	CNIH4
29099	COMMD9
29100	TMEM208
29102	DROSHA
29103	DNAJC15
29104	HEMK2
29105	CFAP20
29107	NXT1
29108	PYCARD
29109	FHOD1
29110	TBK1
29114	TAGLN3
29115	SAP30BP
29118	DDX25
29119	CTNNA3
29121	CLEC2D
29123	ANKRD11
29127	RACGAP1
29760	BLNK
29761	USP25
29763	PACSIN3
29766	TMOD3
29767	TMOD2
29775	CARD10
29777	ABT1
29780	PARVB
29781	NCAPH2
29789	OLA1
29796	UQCR10
29799	YPEL1
29802	VPREB3
29803	REPIN1
29842	TFCP2L1
29844	TFPT
29851	ICOS
29855	UBN1
29880	ALG5
29881	NPC1L1
29882	ANAPC2
29883	CNOT7
29887	SNX10
29888	STRN4
29889	GNL2
29890	RBM15B
29893	PSMC3IP
29895	MYL11
29896	TRA2A
29899	GPSM2
29901	SAC3D1
29902	FAM216A
29903	CCDC106
29906	ST8SIA5
29911	HOOK2
29914	UBIAD1
29915	HCFC2
29916	SNX11
29919	RMC1
29922	NME7
29923	HILPDA
29924	EPN1
29926	GMPPA
29927	SEC61A1
29928	TIMM22
29929	ALG6
29930	PCDHB1
29931	LINC00312
29933	GPR132
29937	NENF
29942	PURG
29944	PNMA3
29946	SERTAD3
29948	OSGIN1
29951	PDZRN4
29953	TRHDE
29954	POMT2
29956	CERS2
29957	SLC25A24
29959	NRBP1
29960	MRM2
29965	CDIP1
29966	STRN3
29967	LRP12
29968	PSAT1
29969	MDFIC
29974	A1CF
29978	UBQLN2
29980	DONSON
29982	NRBF2
29984	RHOD
29988	SLC2A8
29992	PILRA
29994	BAZ2B
29995	LMCD1
29998	BICRA
30000	TNPO2
30001	ERO1A
30008	EFEMP2
30009	TBX21
30811	HUNK
30817	ADGRE2
30819	KCNIP2
30820	KCNIP1
30827	CXXC1
30833	NT5C
30835	CD209
30836	DNTTIP2
30837	SOCS7
30844	EHD4
30845	EHD3
30846	EHD2
30849	PIK3R4
30850	CDR2L
30968	STOML2
49855	SCAPER
49856	WRAP73
50485	SMARCAL1
50486	G0S2
50488	MINK1
50489	CD207
50506	DUOX2
50507	NOX4
50509	COL5A3
50512	PODXL2
50515	CHST11
50613	UBQLN3
50615	IL21R
50617	ATP6V0A4
50618	ITSN2
50619	DEF6
50626	ZFTRAF1
50628	GEMIN4
50649	ARHGEF4
50650	ARHGEF3
50700	RDH8
50717	DCAF8
50807	ASAP1
50809	HP1BP3
50810	HDGFL3
50813	COPS7A
50814	NSDHL
50831	TAS2R3
50832	TAS2R4
50838	TAS2R13
50852	TRAT1
50853	VILL
50855	PARD6A
50856	CLEC4A
50861	STMN3
50862	RNF141
50865	HEBP1
50937	CDON
50939	IMPG2
50940	PDE11A
50943	FOXP3
50944	SHANK1
50999	TMED5
51001	MTERF3
51002	TPRKB
51003	MED31
51004	COQ6
51006	SLC35H1
51008	ASCC1
51009	DERL2
51011	FAHD2A
51012	PRELID3B
51015	ISOC1
51016	EMC9
51018	RRP15
51019	WASHC3
51020	HDDC2
51022	GLRX2
51023	MRPS18C
51024	FIS1
51026	GOLT1B
51027	BOLA1
51029	DESI2
51031	GLOD4
51035	UBXN1
51042	ZNF593
51043	ZBTB7B
51050	PI15
51053	GMNN
51054	PLEKHA8P1
51056	LAP3
51063	CALHM2
51065	RPS27L
51066	SSUH2
51067	YARS2
51068	NMD3
51069	MRPL2
51070	NOSIP
51071	DERA
51073	MRPL4
51075	TMX2
51076	CUTC
51077	FCF1
51078	THAP4
51081	MRPS7
51082	POLR1D
51084	CRYL1
51085	MLXIPL
51087	YBX2
51090	PLLP
51092	SIDT2
51093	METTL25B
51094	ADIPOR1
51096	UTP18
51097	SCCPDH
51098	IFT52
51099	ABHD5
51100	SH3GLB1
51101	ZC2HC1A
51102	MECR
51103	NDUFAF1
51104	ABHD17B
51105	PHF20L1
51106	TFB1M
51107	APH1A
51108	METTL9
51109	RDH11
51110	LACTB2
51111	KMT5B
51112	TRAPPC12
51115	RMDN1
51116	MRPS2
51117	COQ4
51118	UTP11
51125	GOLGA7
51127	TRIM17
51128	SAR1B
51129	ANGPTL4
51131	PHF11
51133	KCTD3
51134	CEP83
51135	IRAK4
51136	RNFT1
51138	COPS4
51141	INSIG2
51142	CHCHD2
51143	DYNC1LI1
51144	HSD17B12
51146	A4GNT
51147	ING4
51149	MRNIP
51150	SDF4
51151	SLC45A2
51154	MRTO4
51155	JPT1
51157	ZNF580
51160	VPS28
51161	C3orf18
51162	EGFL7
51163	DBR1
51164	DCTN4
51167	CYB5R4
51168	MYO15A
51170	HSD17B11
51171	HSD17B14
51172	NAGPA
51174	TUBD1
51176	LEF1
51177	PLEKHO1
51179	HAO2
51181	DCXR
51182	HSPA14
51184	GPN3
51185	CRBN
51186	TCEAL9
51187	RSL24D1
51188	SS18L2
51191	HERC5
51192	CKLF
51193	ZNF639
51195	RAPGEFL1
51196	PLCE1
51200	CPA4
51203	NUSAP1
51204	TACO1
51206	GP6
51207	DUSP13B
51208	CLDN18
51218	GLRX5
51222	ZNF219
51224	ELOA2
51226	COPZ2
51227	PIGP
51228	GLTP
51230	PHF20
51231	VRK3
51233	DRICH1
51237	MZB1
51257	MARCHF2
51265	CDKL3
51267	CLEC1A
51268	PIPOX
51271	UBAP1
51272	BET1L
51274	KLF3
51275	MAPKAPK5-AS1
51276	ZNF571
51278	IER5
51279	C1RL
51280	GOLM1
51281	ANKMY1
51282	SCAND1
51283	BFAR
51284	TLR7
51285	RASL12
51286	CEND1
51287	COA4
51290	ERGIC2
51291	GMIP
51292	GMPR2
51293	CD320
51294	PCDH12
51295	ECSIT
51296	SLC15A3
51299	NRN1
51301	GCNT4
51302	CYP39A1
51303	FKBP11
51304	ZDHHC3
51306	FAM13B
51307	FAM53C
51308	REEP2
51309	ARMCX1
51310	SLC22A17
51311	TLR8
51312	SLC25A37
51313	GASK1B
51315	KRCC1
51316	PLAC8
51317	PHF21A
51319	RSRC1
51320	MEX3C
51321	AMZ2
51322	WAC
51324	SPG21
51327	AHSP
51329	ARL6IP4
51330	TNFRSF12A
51332	SPTBN5
51333	ZNF771
51335	NGRN
51337	THEM6
51338	MS4A4A
51339	DACT1
51340	CRNKL1
51341	ZBTB7A
51343	FZR1
51347	TAOK3
51352	WT1-AS
51360	MBTPS2
51361	HOOK1
51362	CDC40
51363	CHST15
51364	ZMYND10
51365	PLA1A
51366	UBR5
51367	POP5
51368	TEX264
51371	POMP
51373	MRPS17
51374	ATRAID
51375	SNX7
51377	UCHL5
51378	ANGPT4
51379	CRLF3
51380	CSAD
51382	ATP6V1D
51384	WNT16
51385	ZNF589
51386	EIF3L
51388	NIP7
51389	RWDD1
51393	TRPV2
51397	COMMD10
51398	WDR83OS
51400	PPME1
51406	NOL7
51409	HEMK1
51411	BIN2
51421	AMOTL2
51422	PRKAG2
51427	ZNF107
51428	DDX41
51430	SUCO
51433	ANAPC5
51435	SCARA3
51439	FAM8A1
51440	HPCAL4
51442	VGLL1
51444	RNF138
51447	IP6K2
51449	PCYOX1
51451	LCMT1
51454	GULP1
51455	REV1
51458	RHCG
51460	SFMBT1
51465	UBE2J1
51466	EVL
51471	NAT8B
51474	LIMA1
51477	ISYNA1
51479	ANKFY1
51490	SPOUT1
51491	NOP16
51493	RTCB
51495	HACD3
51497	NELFCD
51499	TRIAP1
51501	HIKESHI
51504	TRMT112
51506	UFC1
51507	RTF2
51510	CHMP5
51512	GTSE1
51513	ETV7
51514	DTL
51517	NCKIPSD
51520	LARS1
51526	OSER1
51531	TRMO
51533	PHF7
51542	VPS54
51547	SIRT7
51548	SIRT6
51550	CINP
51552	RAB14
51555	PEX5L
51557	LGSN
51559	NT5DC3
51560	RAB6B
51562	MBIP
51564	HDAC7
51566	ARMCX3
51567	TDP2
51569	UFM1
51571	CYRIB
51573	GDE1
51574	LARP7
51575	ESF1
51582	AZIN1
51585	PCF11
51586	MED15
51588	PIAS4
51592	TRIM33
51593	SRRT
51594	NBAS
51599	LSR
51601	LIPT1
51603	METTL13
51604	PIGT
51606	ATP6V1H
51611	DPH5
51614	ERGIC3
51616	TAF9B
51619	UBE2D4
51621	KLF13
51626	DYNC2LI1
51634	RBMX2
51635	DHRS7
51637	RTRAF
51642	MRPL48
51643	TMBIM4
51646	YPEL5
51647	CIAO2B
51650	MRPS33
51651	PTRH2
51654	CDK5RAP1
51657	STYXL1
51659	GINS2
51660	MPC1
51663	ZFR
51665	ASB1
51668	IFT25
51669	SARAF
51673	TPPP3
51686	OAZ3
51690	LSM7
51691	LSM8
51693	TRAPPC2L
51696	HECA
51700	CYB5R2
51701	NLK
51703	ACSL5
51704	GPRC5B
51705	EMCN
51706	CYB5R1
51714	SELENOT
51715	RAB23
51719	CAB39
51720	UIMC1
51725	FBXO40
51727	CMPK1
51728	POLR3K
51729	WBP11
51733	UPB1
51734	MSRB1
51735	RAPGEF6
51741	WWOX
51742	ARID4B
51744	CD244
51747	LUC7L3
51752	ERAP1
51754	TMEM8B
51755	CDK12
51759	C9orf78
51760	SYT17
51761	ATP8A2
51762	RAB8B
51763	INPP5K
51765	STK26
51768	TM7SF3
51773	RSF1
51776	MAP3K20
51778	MYOZ2
51780	KDM3B
51805	COQ3
51807	TUBA8
51809	GALNT7
51816	ADA2
53335	BCL11A
53339	BTBD1
53340	SPA17
53343	NUDT9
53346	TM6SF1
53347	UBASH3A
53353	LRP1B
53358	SHC3
53371	NUP54
53373	TPCN1
53405	CLIC5
53407	STX18
53615	MBD3
53616	ADAM22
53630	BCO1
53637	S1PR5
53827	FXYD5
53829	P2RY13
53832	IL20RA
53838	C11orf24
53841	CDHR5
53904	MYO3A
53905	DUOX1
53942	CNTN5
53944	CSNK1G1
53947	A4GALT
54014	BRWD1
54020	SLC37A1
54039	PCBP3
54069	MIS18A
54093	SETD4
54101	RIPK4
54103	GSAP
54107	POLE3
54112	GPR88
54148	MRPL39
54149	C21orf91
54187	NANS
54205	CYCS
54207	KCNK10
54209	TREM2
54210	TREM1
54212	SNTG1
54328	GPR173
54332	GDAP1
54344	DPM3
54345	SOX18
54361	WNT4
54386	TERF2IP
54407	SLC38A2
54413	NLGN3
54431	DNAJC10
54432	YIPF1
54433	GAR1
54434	SSH1
54436	SH3TC1
54438	GFOD1
54440	SASH3
54442	KCTD5
54453	RIN2
54454	ATAD2B
54455	FBXO42
54462	CCSER2
54463	RETREG1
54465	ETAA1
54468	MIOS
54471	MIEF1
54472	TOLLIP
54475	NLE1
54476	RNF216
54477	PLEKHA5
54482	TRMT13
54491	OTULINL
54494	C11orf71
54496	PRMT7
54498	SMOX
54499	TMCO1
54502	RBM47
54503	ZDHHC13
54504	CPVL
54505	DHX29
54509	RHOF
54512	EXOSC4
54517	PUS7
54518	APBB1IP
54520	CCDC93
54521	WDR44
54529	ASNSD1
54531	MIER2
54535	CCHCR1
54538	ROBO4
54539	NDUFB11
54540	FAM193B
54541	DDIT4
54542	RC3H2
54545	MTMR12
54546	RNF186
54549	SDK2
54550	NECAB2
54552	GNL3L
54554	WDR5B
54555	DDX49
54556	ING3
54558	SPATA6
54566	EPB41L4B
54581	SCAND2P
54583	EGLN1
54585	LZTFL1
54587	MXRA8
54606	DDX56
54619	CCNJ
54622	ARL15
54623	PAF1
54626	HES2
54662	TBC1D13
54664	TMEM106B
54665	RSBN1
54674	LRRN3
54676	GTPBP2
54677	CROT
54680	ZNHIT6
54681	P4HTM
54682	MANSC1
54700	RRN3
54704	PDP1
54707	GPN2
54708	MARCHF5
54715	RBFOX1
54716	SLC6A20
54726	OTUD4
54732	TMED9
54733	SLC35F2
54737	MPHOSPH8
54739	XAF1
54758	KLHDC4
54762	GRAMD1C
54765	TRIM44
54769	DIRAS2
54777	CFAP46
54778	RNF111
54780	NSMCE4A
54784	ALKBH4
54785	BORCS6
54788	DNAJB12
54795	TRPM4
54796	BNC2
54798	DCHS2
54800	KLHL24
54801	HAUS6
54802	TRIT1
54805	CNNM2
54806	AHI1
54807	ZNF586
54809	SAMD9
54810	GIPC2
54811	ZNF562
54812	AFTPH
54814	QPCTL
54815	GATAD2A
54819	ZCCHC10
54821	ERCC6L
54825	CDHR2
54826	GIN1
54828	BCAS3
54829	ASPN
54830	NUP62CL
54832	VPS13C
54834	GDAP2
54836	BSPRY
54838	WBP1L
54839	LRRC49
54840	APTX
54842	MFSD6
54843	SYTL2
54845	ESRP1
54847	SIDT1
54848	ARHGEF38
54849	DEF8
54850	FBXL12
54851	ANKRD49
54852	PAQR5
54853	WDR55
54855	TENT5C
54857	GDPD2
54858	PGPEP1
54861	SNRK
54862	CC2D1A
54863	TOR4A
54866	PPP1R14D
54867	TMEM214
54868	SLC38A12
54869	EPS8L1
54870	QRICH1
54872	PIGG
54874	FNBP1L
54875	CNTLN
54876	DCAF16
54877	ZCCHC2
54878	DPP8
54879	ST7L
54880	BCOR
54881	TEX10
54883	CWC25
54884	RETSAT
54885	TBC1D8B
54886	PLPPR1
54891	INO80D
54892	NCAPG2
54894	RNF43
54896	SLC66A1
54897	CASZ1
54900	LAX1
54901	CDKAL1
54902	TTC19
54903	MKS1
54904	NSD3
54905	CYP2W1
54906	TASOR2
54908	SPDL1
54910	SEMA4C
54913	RPP25
54914	FOCAD
54915	YTHDF1
54916	TMEM260
54918	CMTM6
54919	DNAAF5
54920	DUS2
54922	RASIP1
54923	LIME1
54925	ZSCAN32
54927	CHCHD3
54928	BPNT2
54929	TMEM161A
54932	EXD3
54934	KANSL2
54938	SARS2
54939	COMMD4
54941	RNF125
54942	ABITRAM
54943	DNAJC28
54946	SLC41A3
54948	MRPL16
54951	COMMD8
54952	TRNAU1AP
54953	ODR4
54954	FAM120C
54955	AIRIM
54956	PARP16
54957	TXNL4B
54958	TMEM160
54960	GEMIN8
54961	SSH3
54962	TIPIN
54964	C1orf56
54968	TMEM70
54969	HPF1
54970	TTC12
54971	BANP
54972	TMEM132A
54974	THG1L
54976	ADISSP
54977	SLC25A38
54978	SLC35F6
54979	PLAAT2
54980	C2orf42
54981	NMRK1
54982	CLN6
54985	HCFC1R1
54986	ULK4
54987	CZIB
54988	ACSM5
54991	C1orf159
54993	ZSCAN2
54994	GID8
54995	OXSM
54996	MTARC2
54997	TESC
54998	AURKAIP1
55000	TUG1
55001	TTC22
55002	SLC9D1
55003	PAK1IP1
55005	RMND1
55006	TRMT61B
55007	SIRAL2
55008	HERC6
55009	FAM174C
55011	PIH1D1
55012	PPP2R3C
55013	MCUB
55014	STX17
55015	PRPF39
55016	MARCHF1
55020	TTC38
55022	PID1
55023	PHIP
55024	BANK1
55026	TMEM255A
55028	MTNAP1
55030	FBXO34
55031	USP47
55032	SLC35A5
55033	FKBP14
55034	MOCOS
55035	NOL8
55036	CCDC40
55037	PTCD3
55038	CDCA4
55039	TYW2
55040	EPN3
55041	PLEKHB2
55048	VPS37C
55049	REX1BD
55052	MRPL20
55055	ZWILCH
55057	CRYBG2
55061	SUSD4
55062	WIPI1
55063	ZCWPW1
55064	SPATA6L
55066	PDPR
55068	ENOX1
55069	TMEM248
55070	DET1
55071	C9orf40
55074	OXR1
55076	TMEM45A
55080	TAPBPL
55081	IFT57
55082	ARGLU1
55083	KIF26B
55084	SOBP
55086	RADX
55089	SLC38A4
55090	MED9
55092	TMEM51
55093	NTAQ1
55094	GPATCH1
55095	SAMD4B
55096	EBLN2
55100	WDR70
55101	DMAC2
55102	ATG2B
55105	GPATCH2
55106	SLFN12
55107	ANO1
55108	BSDC1
55109	AGGF1
55110	MAGOHB
55112	DYNC2I1
55114	ARHGAP17
55116	TMEM39B
55118	CRTAC1
55119	PRPF38B
55120	FANCL
55124	PIWIL2
55125	CEP192
55127	HEATR1
55128	TRIM68
55129	ANO10
55131	RBM28
55133	SRBD1
55135	WRAP53
55138	FAM90A1
55139	ANKZF1
55140	ELP3
55142	HAUS2
55143	CDCA8
55144	LRRC8D
55145	THAP1
55146	ZDHHC4
55147	RBM23
55148	UBR7
55151	TMEM38B
55152	DALRD3
55153	SDAD1
55156	ARMC1
55157	DARS2
55159	RFWD3
55160	ARHGEF10L
55161	TMEM33
55163	PNPO
55164	SHQ1
55167	MSL2
55168	MRPS18A
55171	TBCCD1
55172	DNAAF2
55175	KLHL11
55176	SEC61A2
55177	RMDN3
55178	MRM3
55179	FAIM
55180	LINS1
55181	SMG8
55182	RNF220
55183	RIF1
55184	DZANK1
55186	SLC25A36
55187	VPS13D
55188	RIC8B
55191	NADSYN1
55192	DNAJC17
55193	PBRM1
55194	EVA1B
55195	CCDC198
55196	RESF1
55197	RPRD1A
55198	APPL2
55200	PLEKHG6
55201	MAP1S
55203	LGI2
55204	GOLPH3L
55206	SBNO1
55207	ARL8B
55208	DCUN1D2
55209	SETD5
55212	BBS7
55213	RCBTB1
55214	P3H2
55215	FANCI
55216	NKAPD1
55218	EXD2
55219	MACO1
55220	KLHDC8A
55222	LRRC20
55223	TRIM62
55224	ETNK2
55226	NAT10
55227	LRRC1
55228	PNMA8A
55229	PANK4
55231	CCDC87
55233	MOB1A
55234	SMU1
55236	UBA6
55238	SLC38A7
55239	OGFOD1
55240	STEAP3
55243	KIRREL1
55244	SLC47A1
55245	UQCC1
55246	CCDC25
55249	YY1AP1
55251	PCMTD2
55252	ASXL2
55253	TYW1
55254	TMEM39A
55255	WDR41
55256	ADI1
55257	MRGBP
55258	THNSL2
55259	DNAI7
55267	PRR34
55268	ECHDC2
55269	PSPC1
55270	NUDT15
55272	IMP3
55274	PHF10
55275	VPS53
55277	FGGY
55278	QRSL1
55279	ZNF654
55280	CWF19L1
55281	TMEM140
55282	LRRC36
55283	MCOLN3
55284	UBE2W
55285	RBM41
55286	PGCKA1
55288	RHOT1
55290	BRF2
55291	PPP6R3
55293	UEVLD
55294	FBXW7
55295	KLHL26
55296	TBC1D19
55297	CCDC91
55298	RNF121
55299	BRIX1
55303	GIMAP4
55308	DDX19A
55311	ZNF444
55312	RFK
55313	CPPED1
55314	TMEM144
55315	SLC29A3
55316	RSAD1
55317	AP5S1
55319	TMA16
55320	MIS18BP1
55321	TMEM74B
55322	C5orf22
55323	LARP6
55324	ABCF3
55325	UFSP2
55326	AGPAT5
55327	LIN7C
55328	RNLS
55329	MNS1
55332	DRAM1
55334	SLC39A9
55335	NIPSNAP3B
55336	FBXL8
55337	SHFL
55341	LSG1
55343	SLC35C1
55346	TCP11L1
55347	ABHD10
55350	VNN3P
55351	STK32B
55353	LAPTM4B
55355	HJURP
55357	TBC1D2
55361	PI4K2A
55364	IMPACT
55365	TMEM176A
55366	LGR4
55367	PIDD1
55374	TMCO6
55379	LRRC59
55384	MEG3
55421	NCBP3
55422	ZNF331
55423	SIRPG
55432	YOD1
55435	AP1AR
55450	CAMK2N1
55454	CSGALNACT2
55471	NDUFAF7
55472	RBM12B-AS1
55486	PARL
55500	ETNK1
55501	CHST12
55503	TRPV6
55505	NOP10
55506	MACROH2A2
55508	SLC35E3
55509	BATF3
55510	DDX43
55512	SMPD3
55520	ELAC1
55526	DHTKD1
55540	IL17RB
55544	RBM38
55556	ENOSF1
55558	PLXNA3
55565	ZNF821
55567	DNAH3
55568	GALNT10
55573	CDV3
55576	STAB2
55577	NAGK
55578	SUPT20H
55585	UBE2Q1
55589	BMP2K
55592	GOLGA2P5
55596	ZCCHC8
55601	DDX60
55602	CDKN2AIP
55603	TENT5A
55604	CARMIL1
55607	PPP1R9A
55608	ANKRD10
55612	FERMT1
55614	KIF16B
55616	ASAP3
55617	TASP1
55619	DOCK10
55620	STAP2
55621	TRMT1
55622	TTC27
55623	THUMPD1
55624	POMGNT1
55625	ZDHHC7
55626	AMBRA1
55628	ZNF407
55630	SLC39A4
55631	LRRC40
55633	TBC1D22B
55634	KRABD4
55636	CHD7
55638	SYBU
55640	FLVCR2
55643	BTBD2
55644	OSGEP
55647	RAB20
55650	PIGV
55651	NHP2
55652	SLC48A1
55653	BCAS4
55654	TMEM127
55655	NLRP2
55656	INTS8
55657	ZNF692
55658	RNF126
55660	PRPF40A
55661	DDX27
55662	HIF1AN
55663	ZNF446
55664	CDC37L1
55665	URGCP
55666	NPLOC4
55667	DENND4C
55668	GPATCH2L
55669	MFN1
55670	PEX26
55671	PPP4R3A
55672	NBPF1
55679	LIMS2
55681	SCYL2
55683	KANSL3
55684	RABL6
55686	MREG
55687	TRMU
55689	YEATS2
55690	PACS1
55691	FRMD4A
55692	LUC7L
55693	KDM4D
55695	NSUN5
55696	RBM22
55697	VAC14
55699	IARS2
55700	MAP7D1
55701	ARHGEF40
55702	YJU2
55703	POLR3B
55704	CCDC88A
55705	IPO9
55706	NDC1
55707	NECAP2
55709	KBTBD4
55711	FAR2
55713	ZNF334
55714	TENM3
55715	DOK4
55716	LMBR1L
55717	WDR11
55719	SLF2
55720	TSR1
55721	IQCC
55722	CEP72
55723	ASF1B
55726	INTS13
55727	BTBD7
55729	ATF7IP
55731	FAM222B
55732	FIRRM
55733	HHAT
55734	ZFP64
55735	DNAJC11
55737	VPS35
55738	ARFGAP1
55739	NAXD
55740	ENAH
55741	EDEM2
55742	PARVA
55743	CHFR
55744	COA1
55745	AP5M1
55746	NUP133
55748	CNDP2
55750	AGK
55751	TMEM184C
55752	SEPTIN11
55753	OGDHL
55754	CDC50A
55755	CDK5RAP2
55756	INTS9
55757	UGGT2
55758	RCOR3
55759	WDR12
55760	DHX32
55761	TTC17
55762	ZNF701
55763	EXOC1
55764	IFT122
55768	NGLY1
55769	ZNF83
55770	EXOC2
55775	TDP1
55776	SAYSD1
55778	ZNF839
55779	CFAP44
55781	RIOK2
55784	MCTP2
55785	FGD6
55786	ZNF415
55787	TXLNG
55788	LMBRD1
55790	CSGALNACT1
55791	LRIF1
55794	DDX28
55795	PCID2
55796	MBNL3
55799	CACNA2D3
55800	SCN3B
55802	DCP1A
55803	ADAP2
55805	LRP2BP
55806	HR
55810	FOXJ2
55811	ADCY10
55812	SPATA7
55813	UTP6
55815	TSNAXIP1
55816	DOK5
55818	KDM3A
55819	RNF130
55821	ALLC
55823	VPS11
55825	PECR
55827	DCAF6
55830	GLT8D1
55831	EMC3
55832	CAND1
55833	UBAP2
55835	CPAP
55837	EAPP
55839	CENPN
55840	EAF2
55841	WWC3
55844	PPP2R2D
55847	CISD1
55848	PLGRKT
55850	USE1
55851	PSENEN
55852	TEX2
55854	ZC3H15
55856	ACOT13
55857	KIZ
55858	TMEM165
55859	BEX1
55860	ACTR10
55862	ECHDC1
55863	TMEM126B
55867	SLC22A11
55876	GSDMB
55884	WSB2
55885	LMO3
55888	ZKSCAN7
55890	GPRC5C
55892	MYNN
55893	ZNF395
55898	UNC45A
55900	ZNF302
55905	RNF114
55906	ZC4H2
55907	CMAS
55908	ANGPTL8
55909	BIN3
55911	APOBR
55914	ERBIN
55915	LANCL2
55916	NXT2
55922	NKRF
55930	MYO5C
55954	ZMAT5
55957	LIN37
55958	KLHL9
55966	AJAP1
55968	NSFL1C
55970	GNG12
55972	SLC25A40
55973	BCAP29
55974	SLC50A1
55975	KLHL7
56005	MYDGF
56006	SMG9
56034	PDGFC
56061	UBFD1
56062	KLHL4
56101	PCDHGB5
56106	PCDHGA10
56107	PCDHGA9
56123	PCDHB13
56124	PCDHB12
56125	PCDHB11
56128	PCDHB8
56130	PCDHB6
56155	TEX14
56163	RNF17
56165	TDRD1
56171	DNAH7
56172	ANKH
56180	MOSPD1
56242	ZNF253
56245	EPCIP
56252	YLPM1
56253	CRTAM
56255	TMX4
56257	MEPCE
56259	CTNNBL1
56260	C8orf44
56270	WDR45B
56271	BEX4
56288	PARD3
56301	SLC7A10
56302	TRPV5
56339	METTL3
56413	LTB4R2
56474	CTPS2
56475	RPRM
56478	EIF4ENIF1
56521	DNAJC12
56548	CHST7
56603	CYP26B1
56605	ERO1B
56606	SLC2A9
56616	DIABLO
56623	INPP5E
56647	BCCIP
56648	EIF5A2
56649	TMPRSS4
56650	CLDND1
56652	TWNK
56654	NPDC1
56659	KCNK13
56667	MUC13
56672	AKIP1
56673	C11orf16
56674	TMEM9B
56675	NRIP3
56681	SAR1A
56683	CFAP298
56729	RETN
56731	SLC2A4RG
56829	ZC3HAV1
56833	SLAMF8
56834	GPR137
56848	SPHK2
56851	EMC7
56882	CDC42SE1
56886	UGGT1
56888	KCMF1
56889	TM9SF3
56890	SAXO6
56892	TCIM
56894	AGPAT3
56895	AGPAT4
56898	BDH2
56899	ANKS1B
56901	COXFA4L2
56902	PNO1
56904	SH3GLB2
56905	PRMT2IP
56906	THAP10
56910	STARD7
56911	MAP3K7CL
56912	IFT46
56913	C1GALT1
56915	EXOSC5
56920	SEMA3G
56922	MCCC1
56925	LXN
56926	NCLN
56928	SPPL2B
56929	FEM1C
56934	CA10
56935	SMCO4
56937	PMEPA1
56938	BMAL2
56941	HMCES
56942	CMC2
56943	ENY2
56944	OLFML3
56945	MRPS22
56946	EMSY
56947	MFF
56948	SDR39U1
56949	XAB2
56950	SMYD2
56951	C5orf15
56953	NT5M
56954	NIT2
56955	MEPE
56957	OTUD7B
56965	PARP6
56967	C14orf132
56969	RPL23AP32
56978	PRDM8
56980	PRDM10
56983	POGLUT1
56984	PSMG2
56985	ADPRM
56986	DTWD1
56987	BBX
56993	TOMM22
56994	CHPT1
56995	TULP4
56996	SLC12A9
56997	COQ8A
56998	CTNNBIP1
57001	SDHAF3
57003	CCDC47
57007	ACKR3
57016	AKR1B10
57017	COQ9
57018	CCNL1
57019	CIAPIN1
57020	VPS35L
57030	SLC17A7
57035	RSRP1
57037	ANKMY2
57045	TWSG1
57047	PLSCR2
57050	UTP3
57053	CHRNA10
57060	PCBP4
57061	HYMAI
57062	DDX24
57088	PLSCR4
57089	ENTPD7
57091	CASS4
57092	PCNP
57097	PARP11
57099	AVEN
57101	ANO2
57102	FERRY3
57103	TIGAR
57104	PNPLA2
57105	CYSLTR2
57107	PDSS2
57109	REXO4
57111	RAB25
57113	TRPC7
57117	INTS12
57122	NUP107
57124	CD248
57125	PLXDC1
57126	CD177
57127	RHBG
57128	LYRM4
57130	ATP13A1
57132	CHMP1B
57134	MAN1C1
57136	APMAP
57140	RNPEPL1
57142	RTN4
57146	LDAF1
57147	SCYL3
57148	RALGAPB
57149	LYRM1
57150	SMIM8
57154	SMURF1
57157	PHTF2
57158	JPH2
57161	PELI2
57162	PELI1
57165	GJC2
57171	DOLPP1
57172	CAMK1G
57175	CORO1B
57178	ZMIZ1
57180	ACTR3B
57185	NIPAL3
57187	THOC2
57188	ADAMTSL3
57191	VN1R1
57192	MCOLN1
57194	ATP10A
57198	ATP8B2
57205	ATP10D
57209	ZNF248
57211	ADGRG6
57212	GFOD3P
57213	SPRYD7
57214	CEMIP
57215	THAP11
57228	SMAGP
57326	PBXIP1
57332	CBX8
57333	RCN3
57335	ZNF286A
57336	ZNF287
57337	SENP7
57338	JPH3
57343	ZNF304
57348	TTYH1
57380	MRS2
57396	CLK4
57402	S100A14
57403	RAB22A
57404	CYP20A1
57406	ABHD6
57408	LRTM1
57415	CEP15
57418	WDR18
57419	SLC24A3
57446	NDRG3
57447	NDRG2
57460	PPM1H
57466	SCAF4
57470	LRRC47
57472	CNOT6
57473	ZNF512B
57476	GRAMD1B
57493	HEG1
57496	MRTFB
57498	KIDINS220
57502	NLGN4X
57506	MAVS
57509	MTUS1
57513	CASKIN2
57515	SERINC1
57523	NYNRIN
57535	ELAPOR1
57538	ALPK3
57553	MICAL3
57556	SEMA6A
57572	DOCK6
57573	ZNF471
57576	KIF17
57579	FAM135A
57586	SYT13
57591	MRTFA
57596	BEGAIN
57597	BAHCC1
57599	WDR48
57602	USP36
57608	JCAD
57610	RANBP10
57613	FAM234B
57634	EP400
57645	POGK
57658	CALCOCO1
57664	PLEKHA4
57669	EPB41L5
57680	CHD8
57698	SHTN1
57706	DENND1A
57707	MEAK7
57710	KIAA1614
57711	ZNF529
57715	SEMA4G
57716	PRX
57720	GPR107
57728	WDR19
57731	SPTBN4
57733	GBA3
57758	SCUBE2
57761	TRIB3
57763	ANKRA2
57787	MARK4
57794	SUGP1
57798	GATAD1
57799	RAB40C
57804	POLD4
57820	CCNB1IP1
57821	CCDC181
57823	SLAMF7
57826	RAP2C
57827	C6orf47
57828	CATSPERG
57834	CYP4F11
57835	SLC4A5
57863	CADM3
58155	PTBP2
58189	WFDC1
58190	CTDSP1
58472	SQOR
58473	PLEKHB1
58477	SRPRB
58478	ENOPH1
58486	ZBED5
58487	CREBZF
58488	PCTP
58494	JAM2
58495	OVOL2
58497	PRUNE1
58500	ZNF250
58504	ARHGAP22
58509	CACTIN
58510	PRODH2
58513	EPS15L1
58517	RBM25
58525	WIZ
58526	MID1IP1
58528	RRAGD
58529	MYOZ1
58985	IL22RA1
58986	PGAP6
59269	HIVEP3
59272	ACE2
59307	SIGIRR
59338	PLEKHA1
59339	PLEKHA2
59341	TRPV4
59342	SCPEP1
59343	SENP2
59348	ZNF350
59349	KLHL12
60312	AFAP1
60313	GPBP1L1
60314	MYG1
60343	FAM3A
60370	AVPI1
60401	EDA2R
60436	TGIF2
60468	BACH2
60481	ELOVL5
60485	SAV1
60487	TRMT11
60488	MRPS35
60489	APOBEC3G
60490	PPCDC
60491	NIF3L1
60492	CCDC90B
60494	CCDC81
60495	HPSE2
60496	AASDHPPT
60506	NYX
60509	AGBL5
60526	LDAH
60528	ELAC2
60529	ALX4
60558	GUF1
60559	SPCS3
60560	NAA35
60561	RINT1
60598	KCNK15
60625	DHX35
60672	MIIP
60673	ATG101
60676	PAPPA2
60681	FKBP10
60682	SMAP1
60684	TRAPPC11
60685	ZFAND3
60686	C14orf93
63035	BCORL1
63826	SRR
63827	BCAN
63874	ABHD4
63875	MRPL17
63876	PKNOX2
63877	FAM204A
63891	RNF123
63892	THADA
63893	UBE2O
63894	VIPAS39
63895	PIEZO2
63897	HEATR6
63898	SH2D4A
63899	NSUN3
63901	FAM111A
63906	GPATCH3
63910	SLC17A9
63916	ELMO2
63917	GALNT11
63920	ZBED8
63923	TNN
63924	CIDEC
63925	ZNF335
63926	ANKEF1
63928	CHP2
63931	MRPS14
63932	STEEP1
63933	MCUR1
63934	ZNF667
63935	PCIF1
63940	GPSM3
63941	NECAB3
63976	PRDM16
63982	ANO3
64061	TSPYL2
64062	RBM26
64063	PRSS22
64065	PERP
64067	NPAS3
64077	LHPP
64080	RBKS
64081	PBLD
64083	GOLPH3
64084	CLSTN2
64087	MCCC2
64089	SNX16
64091	POPDC2
64092	SAMSN1
64097	EPB41L4A
64102	TNMD
64108	RTP4
64110	MAGEF1
64112	MOAP1
64116	SLC39A8
64118	DUS1L
64121	RRAGC
64122	FN3K
64123	ADGRL4
64127	NOD2
64129	TINAGL1
64130	LIN7B
64131	XYLT1
64132	XYLT2
64135	IFIH1
64149	C17orf75
64151	NCAPG
64167	ERAP2
64172	OSGEPL1
64174	DPEP2
64175	P3H1
64210	MMS19
64215	DNAJC1
64216	TFB2M
64218	SEMA4A
64219	PJA1
64220	STRA6
64221	ROBO3
64222	TOR3A
64223	MLST8
64231	MS4A6A
64236	PDLIM2
64240	ABCG5
64283	ARHGEF28
64284	RAB17
64285	RHBDF1
64288	ZSCAN31
64318	NOC3L
64319	FBRS
64320	RNF25
64321	SOX17
64324	NSD1
64328	XPO4
64342	HS1BP3
64343	AZI2
64344	HIF3A
64359	NXN
64374	SIL1
64375	IKZF4
64376	IKZF5
64386	MMP25
64388	GREM2
64393	ZMAT3
64397	ZNF106
64398	PALS1
64400	AKTIP
64405	CDH22
64410	KLHL25
64411	ARAP3
64417	TMEM267
64418	TMEM168
64419	MTMR14
64421	DCLRE1C
64422	ATG3
64423	INF2
64425	POLR1E
64427	TTC31
64428	CIAO3
64429	ZDHHC6
64430	PCNX4
64431	ACTR6
64506	CPEB1
64577	ALDH8A1
64581	CLEC7A
64582	GPR135
64595	TTTY15
64598	MOSPD3
64601	VPS16
64641	EBF2
64689	GORASP1
64699	TMPRSS3
64708	COPS7B
64710	NUCKS1
64718	UNKL
64743	WDR13
64745	METTL17
64746	ACBD3
64748	PLPPR2
64750	SMURF2
64754	SMYD3
64755	RUSF1
64757	MTARC1
64759	TNS3
64760	FHIP2B
64761	PARP12
64762	GAREM1
64763	ZNF574
64764	CREB3L2
64766	S100PBP
64768	IPPK
64769	MEAF6
64771	ILRUN
64772	ENGASE
64777	RMND5B
64779	MTHFSD
64780	MICAL1
64781	CERK
64782	AEN
64783	RBM15
64784	CRTC3
64785	GINS3
64786	TBC1D15
64787	EPS8L2
64788	LMF1
64789	EXO5
64792	IFT22
64793	CEP85
64794	DDX31
64795	RMND5A
64798	DEPTOR
64799	IQCH
64800	EFCAB6
64837	KLC2
64838	FNDC4
64840	PORCN
64844	MARCHF7
64847	SPATA20
64848	YTHDC2
64849	SLC13A3
64850	ETNPPL
64852	TUT1
64854	USP46
64856	VWA1
64858	DCLRE1B
64859	NABP1
64860	ARMCX5
64863	METTL4
64864	RFX7
64866	CDCP1
64895	PAPOLG
64897	C12orf43
64901	RANBP17
64919	BCL11B
64921	CASD1
64922	LRRC19
64924	SLC30A5
64927	TTC23
64940	STAG3L4
64943	NT5DC2
64960	MRPS15
64963	MRPS11
64976	MRPL40
64981	MRPL34
65003	MRPL11
65005	MRPL9
65009	NDRG4
65012	SLC26A10P
65018	PINK1
65055	REEP1
65057	ACD
65080	MRPL44
65082	VPS33A
65083	NOL6
65084	TMEM135
65094	JMJD4
65095	KRI1
65108	MARCKSL1
65109	UPF3B
65110	UPF3A
65117	RSRC2
65123	INTS3
65124	SOWAHC
65125	WNK1
65220	NADK
65243	ZFP69B
65244	SPATS2
65250	CPLANE1
65258	MPPE1
65260	COA7
65263	PYCR3
65264	UBE2Z
65265	C8orf33
65979	PHACTR4
65980	BRD9
65981	CAPRIN2
65982	ZSCAN18
65983	GRAMD2B
65985	AACS
65986	ZBTB10
65988	ZNF747
65989	DLK2
65990	ANTKMT
65992	DDRGK1
65993	MRPS34
65996	CENPBD2P
65997	RASL11B
65998	ZFTA
65999	LRRC61
66002	CYP4F12
66008	TRAK2
66035	SLC2A11
66036	MTMR9
78986	DUSP26
78987	CRELD1
78988	MRPL57
78989	COLEC11
78990	OTUB2
78991	PCYOX1L
78992	YIPF2
78994	PRR14
78995	HROB
78997	GDAP1L1
78999	LRFN4
79001	VKORC1
79003	MIS12
79004	CUEDC2
79006	METRN
79007	DBNDD1
79009	DDX50
79016	DDA1
79017	GGCT
79018	GID4
79022	TMEM106C
79023	NUP37
79024	SMIM2
79026	AHNAK
79029	AFG2B
79033	ERI3
79034	INTS15
79035	NABP2
79036	KXD1
79037	PVRIG
79038	ZFYVE21
79039	DDX54
79042	TSEN34
79047	KCTD15
79048	SECISBP2
79050	NOC4L
79053	ALG8
79056	PRRG4
79058	ASPSCR1
79064	TMEM223
79065	ATG9A
79068	FTO
79070	POGLUT2
79071	ELOVL6
79072	FASTKD3
79073	TMEM109
79074	TSLIG2
79077	DCTPP1
79080	CCDC86
79083	MLPH
79084	WDR77
79086	SMIM7
79087	ALG12
79088	ZNF426
79089	TMUB2
79090	TRAPPC6A
79091	METTL22
79092	CARD14
79094	CHAC1
79095	BBLN
79096	CSTPP1
79098	C1orf116
79109	MAPKAP1
79132	DHX58
79133	NDUFAF5
79134	TMEM185B
79135	APOO
79137	RETREG2
79139	DERL1
79140	CCDC28B
79143	MBOAT7
79144	PPDPF
79145	CHCHD7
79147	FKRP
79148	MMP28
79149	ZSCAN5A
79152	FA2H
79153	GDPD3
79154	DHRS11
79155	TNIP2
79156	PLEKHF1
79157	MFSD11
79158	GNPTAB
79159	NOL12
79161	TMEM243
79169	C1orf35
79170	PRR15L
79171	RBM42
79172	CENPO
79173	BRME1
79174	CRELD2
79175	ZNF343
79176	FBXL15
79177	ZNF576
79178	THTPA
79180	EFHD2
79183	TTPAL
79184	BRCC3
79188	TMEM43
79228	THOC6
79230	ZNF557
79269	DCAF10
79363	CPLANE2
79364	ZXDC
79365	BHLHE41
79366	HMGN5
79368	FCRL2
79369	B3GNT4
79370	BCL2L14
79411	GLB1L
79413	ZBED2
79414	LRFN3
79415	CYBC1
79442	LRRC2
79443	FYCO1
79444	BIRC7
79446	WDR25
79447	PAGR1
79567	RIPOR1
79568	MAIP1
79571	GCC1
79572	ATP13A3
79573	TTC13
79574	EPS8L3
79575	ABHD8
79577	CDC73
79581	SLC52A2
79582	SPAG16
79583	TMEM231
79585	CORO7
79586	CHPF
79587	CARS2
79589	RNF128
79590	MRPL24
79591	ARMH3
79594	MUL1
79595	SAP130
79596	OBI1
79598	CEP97
79600	TCTN1
79602	ADIPOR2
79603	CERS4
79605	PGBD5
79608	RIC3
79609	VCPKMT
79611	ACSS3
79612	NAA16
79616	CCNJL
79618	HMBOX1
79621	RNASEH2B
79622	SNRNP25
79623	GALNT14
79624	DCPH1
79625	NDNF
79627	OGFRL1
79628	SH3TC2
79629	OCEL1
79630	C1orf54
79631	EFL1
79632	FAM184A
79633	FAT4
79634	SCRN3
79635	CCDC121
79637	ARMC7
79639	TMEM53
79640	C22orf46P
79641	ROGDI
79642	ARSJ
79643	CHMP6
79644	SRD5A3
79646	PANK3
79647	AKIRIN1
79648	MCPH1
79649	MAP7D3
79650	USB1
79651	RHBDF2
79652	TMEM204
79654	HECTD3
79656	BEND5
79657	RPAP3
79658	ARHGAP10
79659	DYNC2H1
79663	HSPBAP1
79664	ICE2
79665	DHX40
79666	PLEKHF2
79667	KLF3-AS1
79668	PARP8
79669	C3orf52
79670	TUT7
79671	NLRX1
79672	FN3KRP
79673	ZNF329
79675	FASTKD1
79676	OGFOD2
79677	SMC6
79679	VTCN1
79683	ZDHHC14
79684	MSANTD2
79685	SAP30L
79689	STEAP4
79690	GAL3ST4
79691	QTRT2
79693	YRDC
79694	MANEA
79695	GALNT12
79696	ZC2HC1C
79697	RIOX1
79701	OGFOD3
79703	TOP6BL
79705	LRRK1
79707	NOL9
79709	COLGALT1
79710	MORC4
79711	IPO4
79712	QTMAN
79713	IGFLR1
79714	CCDC51
79717	PPCS
79718	TBL1XR1
79719	AAGAB
79720	VPS37B
79722	ANKRD55
79723	SUV39H2
79725	THAP9
79726	WDR59
79728	PALB2
79729	MNMIP1
79731	NARS2
79733	E2F8
79734	KCTD17
79736	TEFM
79738	BBS10
79739	TTLL7
79740	ZBBX
79742	DIPK2B
79744	ZNF419
79745	CLIP4
79746	ECHDC3
79750	ZNF385D
79751	SLC25A22
79752	ZFAND1
79753	SNIP1
79754	ASB13
79755	ZNF750
79758	DHRS12
79759	ZNF668
79760	GEMIN7
79762	C1orf115
79763	ISOC2
79767	ELMO3
79768	KATNBL1
79770	TXNDC15
79772	MCTP1
79774	GRTP1
79776	ZFHX4
79777	ACBD4
79778	MICALL2
79781	DRC11
79783	SUGCT
79784	MYH14
79785	RERGL
79786	KLHL36
79788	ZNF665
79789	CLMN
79791	FBXO31
79792	GSDMD
79794	SPRING1
79796	ALG9
79797	ZNF408
79800	CARF
79801	SHCBP1
79803	HPS6
79805	VASH2
79810	PTCD2
79811	SLTM
79812	MMRN2
79813	EHMT1
79814	AGMAT
79815	NIPAL2
79816	TLE6
79817	MOB3B
79818	ZNF552
79819	DNAI4
79822	ARHGAP28
79823	CAMKMT
79825	EFCC1
79828	METTL8
79829	NAA40
79830	ZMYM1
79831	KDM8
79832	QSER1
79833	GEMIN6
79834	PEAK1
79836	LONRF3
79837	PIP4K2C
79839	CCDC102B
79841	AGBL2
79843	FAM124B
79845	RNF122
79846	CFAP69
79847	SLC68A1
79848	CSPP1
79849	NHERF4
79850	TLCD3A
79852	EPHX3
79857	FLJ13224
79858	NEK11
79861	TUBAL3
79862	ZNF669
79863	RBFA
79864	JHY
79865	TREML2
79866	BORA
79867	TCTN2
79868	ALG13
79869	CPSF7
79870	BAALC
79871	RPAP2
79872	CBLL1
79873	NUDT18
79874	RABEP2
79875	THSD4
79876	UBA5
79877	DCAKD
79879	CCDC134
79882	ZC3H14
79883	PODNL1
79884	MAP9
79885	HDAC11
79886	CAAP1
79887	PLBD1
79888	LPCAT1
79890	RIN3
79891	ZNF671
79892	MCMBP
79893	GGNBP2
79894	ZNF672
79895	ATP8B4
79896	THNSL1
79899	PRR5L
79901	CYBRD1
79902	NUP85
79903	NAA60
79905	TMC7
79906	MORN1
79912	PYROXD1
79913	ACTR5
79915	ATAD5
79917	MAGIX
79918	SETD6
79919	MAB21L4
79921	TCEAL4
79922	MRM1
79924	ADM2
79927	FAM110D
79929	MAP6D1
79930	DOK3
79932	KIAA0319L
79933	SYNPO2L
79935	CCNP
79939	SLC35E1
79940	LINC00472
79943	ZNF696
79944	L2HGDH
79947	DHDDS
79948	PLPPR3
79953	SYNDIG1
79954	NOL10
79955	PDZD7
79956	ERMP1
79957	PAQR6
79958	DENND1C
79959	CEP76
79960	JADE1
79961	DENND2D
79962	DNAJC22
79968	WDR76
79970	ZNF767P
79971	WLS
79973	ZNF442
79974	CPED1
79977	GRHL2
79979	TRMT2B
79980	DSN1
79981	FRMD1
79982	DNAJB14
79983	POF1B
79987	SVEP1
79989	IFT56
79990	PLEKHH3
79991	STN1
80000	GREB1L
80003	PCNX2
80005	DOCK5
80006	TRAPPC13
80007	C10orf88
80008	TMEM156
80010	RMI1
80011	PSME3IP1
80017	DGLUCY
80019	UBTD1
80020	FOXRED2
80021	TMEM62
80022	MYO15B
80023	NRSN2
80024	SLC8B1
80025	PANK2
80028	FBXL18
80031	SEMA6D
80034	CSRNP3
80035	ANP32A-IT1
80036	TRPM3
80054	CEBPA-DT
80055	PGAP1
80067	DCAF17
80069	LINC00574
80071	CCDC15
80072	HEXA-AS1
80086	TUBA4B
80094	BIN3-IT1
80095	ZNF606
80108	ZFP2
80110	ZNF614
80111	C3orf36
80114	BICC1
80124	VCPIP1
80127	BBOF1
80128	TRIM46
80129	CCDC170
80131	LRRC8E
80133	MROH9
80135	RPF1
80142	PTGES2
80143	SIKE1
80144	FRAS1
80145	THOC7
80146	UXS1
80148	SLC66A2
80150	ASRGL1
80152	CENPT
80153	EDC3
80155	NAA15
80157	CWH43
80162	PGGHG
80164	PRR36
80167	ABHD18
80168	MOGAT2
80169	CTC1
80173	IFT74
80176	SPSB1
80177	MYCT1
80178	TEDC2
80179	MYO19
80183	RUBCNL
80184	CEP290
80185	TTI2
80194	TMEM134
80195	TMEM254
80196	RNF34
80198	MUS81
80199	FUZ
80201	HKDC1
80204	FBXO11
80205	CHD9
80206	FHOD3
80207	OPA3
80208	SPG11
80209	PROSER1
80210	ARMC9
80212	CCDC92
80213	TM2D3
80215	RUNX1-IT1
80217	CFAP43
80218	NAA50
80219	COQ10B
80221	ACSF2
80223	RAB11FIP1
80224	NUBPL
80227	PAAF1
80228	ORAI2
80230	RUFY1
80231	TASL
80232	WDR26
80233	FAAP100
80235	PIGZ
80237	ELL3
80254	CEP63
80256	ATOSB
80258	EFHC2
80263	TRIM45
80264	ZNF430
80267	EDEM3
80271	ITPKC
80273	GRPEL1
80279	CDK5RAP3
80301	PLEKHO2
80303	EFHD1
80304	WDCP
80305	TRABD
80306	MED28
80307	FER1L4
80308	FLAD1
80310	PDGFD
80317	ZKSCAN3
80319	CXXC4
80321	CEP70
80323	CCDC68
80324	PUS1
80335	WDR82
80339	PNPLA3
80342	TRAF3IP3
80344	DCAF11
80345	ZSCAN16
80346	REEP4
80347	COASY
80349	SKIC8
80350	LPAL2
80351	TNKS2
80380	PDCD1LG2
80704	SLC19A3
80705	TSGA10
80723	SLC35G2
80724	ACAD10
80745	THUMPD2
80746	TSEN2
80757	TMEM121
80758	PRR7
80760	ITIH5
80762	NDFIP1
80763	SPX
80764	THAP7
80765	STARD5
80772	CPTP
80774	LIMD2
80775	TMEM177
80776	B9D2
80777	CYB5B
80778	ZNF34
80781	COL18A1
80789	INTS5
80816	ASXL3
80823	GPRASP3
80830	APOL6
80833	APOL3
80852	GRIP2
80853	KDM7A
80868	HCG4B
80895	ILKAP
80896	NPL
80975	TMPRSS5
81027	TUBB1
81029	WNT5B
81030	ZBP1
81031	SLC2A10
81033	KCNH6
81034	SLC25A32
81035	COLEC12
81490	PTDSS2
81491	GPR63
81493	SYNC
81501	DCSTAMP
81533	ITFG1
81537	SGPP1
81539	SLC38A1
81542	TMX1
81543	LRRC3
81544	GDPD5
81545	FBXO38
81550	TDRD3
81553	CYRIA
81554	RCC1L
81555	YIPF5
81556	INTS14
81558	FAM117A
81562	LMAN2L
81563	C1orf21
81565	NDEL1
81566	CSRNP2
81570	CLPB
81575	APOLD1
81576	YJU2B
81577	GFOD2
81578	COL21A1
81579	PLA2G12A
81602	CDADC1
81603	TRIM8
81605	URM1
81606	LBH
81608	FIP1L1
81609	SNX27
81611	ANP32E
81614	NIPA2
81616	ACSBG2
81617	CAB39L
81618	ITM2C
81619	TSPAN14
81620	CDT1
81621	KAZALD1
81624	DIAPH3
81627	TRMT1L
81628	TSC22D4
81631	MAP1LC3B
81669	CCNL2
81688	C6orf62
81689	ISCA1
81789	TIGD6
81792	ADAMTS12
81796	SLCO5A1
81831	NETO2
81839	VANGL1
81847	RNF146
81848	SPRY4
81855	SFXN3
81856	ZNF611
81857	MED25
81858	SHARPIN
81873	ARPC5L
81875	ISG20L2
81876	RAB1B
81887	LAS1L
81890	QTRT1
81892	SLIRP
81894	SLC25A28
81929	SEH1L
81931	ZNF93
81932	HDHD3
83394	PITPNM3
83439	TCF7L1
83440	ADPGK
83442	SH3BGRL3
83443	SF3B5
83448	PUS7L
83449	PMFBP1
83450	DRC3
83451	ABHD11
83452	RAB33B
83461	CDCA3
83463	MXD3
83464	APH1B
83468	GLT8D2
83475	DOHH
83478	ARHGAP24
83480	PUS3
83481	EPPK1
83483	PLVAP
83604	TMEM47
83637	ZMIZ2
83638	C11orf68
83658	DYNLRB1
83660	TLN2
83696	TRAPPC9
83700	JAM3
83714	NRIP2
83716	CRISPLD2
83737	ITCH
83743	GRWD1
83744	ZNF484
83759	RBM4B
83786	FRMD8
83937	RASSF4
83941	TM2D1
83988	NCALD
83990	BRIP1
84060	RBM48
84061	MAGT1
84065	TMEM222
84079	ANKRD27
84124	ZNF394
84148	KAT8
84159	ARID5B
84162	BLTP1
84164	ASCC2
84168	ANTXR1
84179	SLC49A3
84193	SETD3
84196	USP48
84223	DRC9
84243	ZDHHC18
84263	HSDL2
84271	POLDIP3
84272	YIPF4
84288	DRC8
84296	GINS4
84302	PGAP4
84364	ARFGAP2
84436	ZNF528
84444	DOT1L
84516	DCTN5
84525	HOPX
84549	MAK16
84561	SLC12A8
84612	PARD6B
84617	TUBB6
84619	ZGPAT
84656	GLYR1
84658	ADGRE3
84669	USP32
84679	SLC9A7
84705	GTPBP3
84719	LINC00260
84720	PIGO
84722	PSRC1
84726	PRRC2B
84733	CBX2
84759	PCGF1
84790	TUBA1C
84804	SLC67A2
84809	CROCCP2
84818	IL17RC
84823	LMNB2
84830	ADTRP
84861	KLHL22
84864	RIOX2
84869	CBR4
84890	ADO
84898	PLXDC2
84900	RNFT2
84928	TMEM209
84934	RITA1
84942	WDR73
84951	TNS4
84975	SLC61A1
84986	ARHGAP19
85236	H2BC12
85352	SHISAL1
85360	SYDE1
85363	TRIM5
85377	MICALL1
85453	TSPYL5
85458	DIXDC1
85477	SCIN
89781	HPS4
89795	NAV3
89797	NAV2
89845	ABCC10
89853	MVB12B
89910	UBE3B
89927	BMERB1
89941	RHOT2
89944	GLB1L2
90121	TSR2
90141	EFCAB11
90233	ZNF551
90273	CEACAM21
90326	THAP3
90333	ZNF468
90355	MACIR
90362	FAM110B
90379	DCAF15
90410	IFT20
90411	MCFD2
90480	GADD45GIP1
90485	ZNF835
90522	YIF1B
90586	AOC4P
90627	STARD13
90634	N4BP2L1
90665	TBL1Y
90806	ANGEL2
90864	SPSB3
90865	IL33
90956	ADCK2
90957	DHX57
90993	CREB3L1
91120	ZNF682
91137	SLC25A46
91289	LMF2
91298	RLIG1
91300	R3HDM4
91304	TMEM259
91316	GUSBP11
91355	LRP5L
91369	ANKRD40
91373	UAP1L1
91442	FAAP24
91543	RSAD2
91647	ATPAF2
91754	NEK9
91775	NXPE3
91782	CHMP7
91807	MYLK3
91851	CHRDL1
91860	CALML4
91949	COG7
91977	MYOZ3
92104	IFT70A
92140	MTDH
92154	MTSS2
92170	MTG1
92211	CDHR1
92249	LINC01278
92335	STRADA
92342	METTL18
92482	BBIP1
92483	LDHAL6B
92558	BICDL1
92579	G6PC3
92595	ZNF764
92689	FAM114A1
92822	ZNF276
92856	IMP4
93081	TEX30
93129	ORAI3
93164	HTR7P1
93210	PGAP3
93349	SP140L
93436	ARMC6
93487	MAPK1IP1L
93594	TBC1D31
93643	TJAP1
93664	CADPS2
93973	ACTR8
93974	ATP5IF1
94081	SFXN1
94104	PAXBP1
94134	ARHGAP12
94239	H2AZ2
95681	CEP41
96764	TGS1
103910	MYL12B
112399	EGLN3
112464	CAVIN3
112479	ERI2
112611	RWDD2A
112869	SGF29
112950	MED8
113146	AHNAK2
113177	IZUMO4
113251	LARP4
113419	TEX261
113791	PIK3IP1
113835	ZNF257
114034	TOE1
114044	MCM3AP-AS1
114049	BUD23
114088	TRIM9
114327	EFHC1
114548	NLRP3
114625	ERMAP
114791	TUBGCP5
114819	CROCCP3
114825	PWWP2A
114876	OSBPL1A
114881	OSBPL7
114882	OSBPL8
114883	OSBPL9
114884	OSBPL10
114885	OSBPL11
114897	C1QTNF1
114899	C1QTNF3
114908	TMEM123
114932	MRFAP1L1
115123	MARCHF3
115201	ATG4A
115207	KCTD12
115353	LRRC42
115703	ARHGAP33
115708	TRMT61A
115817	DHRS1
115939	TSR3
116039	OSR2
116138	KLHDC3
116285	ACSM1
116372	LYPD1
116496	NIBAN1
116828	N4BP2L2-IT2
116832	RPL39L
116984	ARAP2
116985	ARAP1
116986	AGAP2
116987	AGAP1
117178	SSX2IP
117246	FTSJ3
120227	CYP2R1
120526	DNAJC24
122616	CLBA1
123803	NTAN1
123872	DNAAF1
124044	SPATA2L
124152	IQCK
124222	PAQR4
124565	SLC38A10
124583	CANT1
125058	TBC1D16
126208	ZNF787
126231	ZNF573
126298	IRGQ
126299	ZNF428
126353	MISP
126393	HSPB6
127544	RNF19B
127703	C1orf216
127833	SYT2
128553	TSHZ2
129080	EMID1
130074	FAM168B
130872	AHSA2P
130916	MTERF4
131408	FAM131A
131544	CRYBG3
131566	DCBLD2
131601	TPRA1
133619	PRRC1
135138	PACRG
137886	UBXN2B
138046	RALYL
138050	HGSNAT
138151	NACC2
138162	PIERCE1
139322	APOOL
140459	ASB6
140460	ASB7
140461	ASB8
140462	ASB9
140465	MYL6B
140467	ZNF358
140545	RNF32
140578	CHODL
140597	TCEAL2
140609	NEK7
140803	TRPM6
140883	ZNF280B
140885	SIRPA
140890	SREK1
142684	RAB40A
144404	TMEM120B
145389	SLC38A6
146057	TTBK2
146227	BEAN1
146542	ZNF688
146562	DNAAF8
146691	TOM1L2
146712	QTGAL
146909	KIF18B
147179	WIPF2
147339	ARK2N
147657	ZNF480
147912	SIX5
148022	TICAM1
148229	ATP8B3
149111	CNIH3
149603	RNF187
149628	PYHIN1
149986	LSM14B
150244	ZDHHC8BP
150967	LINC01963
151011	SEPTIN10
151050	KANSL1L
151987	PPP4R2
152006	RNF38
152185	SPICE1
152559	PAQR3
154661	RUNDC3B
155066	ATP6V0E2
155400	NSUN5P1
157567	ANKRD46
157680	VPS13B
157869	SBSPON
157922	CAMSAP1
158471	PRUNE2
158586	ZXDB
158747	MOSPD2
159963	SLC5A12
160518	DENND5B
161291	CDC50B
162427	RETREG3
162972	ZNF550
163131	ZNF780B
163486	DENND1B
163590	TOR1AIP2
166647	ADGRA3
167227	DCP2
168544	ZNF467
169522	KCNV2
169611	OLFML2A
171017	ZNF384
171023	ASXL1
171220	DSTNP2
171392	ZNF675
171546	SPTSSA
171558	PTCRA
171586	ABHD3
191585	PLAC4
192286	HIGD2A
192669	AGO3
192670	AGO4
192683	SCAMP5
196403	DTX3
196441	ZFC3H1
196740	VSTM4
196743	PAOX
199731	CADM4
199870	FAM76A
200081	TXLNA
200316	APOBEC3F
200424	TET3
200576	PIKFYVE
200734	SPRED2
201134	CEP112
201191	SAMD14
201229	LYRM9
201254	CENPX
201501	ZBTB7C
202559	KHDRBS2
203068	TUBB
203069	R3HCC1
203197	TMEM268
204851	HIPK1
205564	SENP5
206358	SLC36A1
219333	USP12
219654	ZCCHC24
219699	UNC5B
219899	TBCEL
220972	MARCHF8
221037	JMJD1C
221061	FAM171A1
221092	HNRNPUL2
221154	MICU2
221395	ADGRF5
221443	OARD1
221692	PHACTR1
221749	PXDC1
221830	POLR1F
221981	THSD7A
222161	DKFZP586I1420
222255	ATXN7L1
222487	ADGRG3
222642	TSPO2
222658	KCTD20
223117	SEMA3D
246243	RNASEH1
253143	PRR14L
253190	SERHL2
253461	ZBTB38
253782	CERS6
253943	YTHDF3
253959	RALGAPA1
253980	KCTD13
253982	ASPHD1
254102	EHBP1L1
254359	ZDHHC24
254394	MCM9
254531	LPCAT4
255057	CBARP
256051	ZNF549
256364	EML3
256949	KANK3
256987	SERINC5
257407	C2orf72
259173	ALS2CL
259217	HSPA12A
259230	SGMS1
259266	ASPM
261726	TIPRL
261734	NPHP4
266655	BRD3OS
266977	ADGRF1
282997	PDCD4-AS1
283232	TMEM80
283298	OLFML1
283450	HECTD4
283459	GATC
283537	SLC46A3
283638	CEP170B
284021	MILR1
284119	CAVIN1
284325	ACTMAP
284352	PPP1R37
284403	WDR62
284443	ZNF493
284649	SMG7-AS1
285203	EOGT
285282	RABL3
285527	FRYL
285672	SREK1IP1
285755	PPIL6
285830	HLA-F-AS1
286148	DPY19L4
286205	SCAI
286451	YIPF6
317648	NOP14-AS1
317662	FAM149B1
317762	CCDC85C
317781	DDX51
339105	PRSS53
339229	OXLD1
339290	LINC00667
339448	C1orf174
339479	BRINP3
340591	CA5BP1
346157	ZNF391
347344	ZNF81
347733	TUBB2B
347902	AMIGO2
348110	ARPIN
348995	NUP43
353189	SLCO4C1
353500	BMP8A
353514	LILRA5
373156	GSTK1
374291	NDUFS7
374655	ZNF710
374868	ATP9B
375035	SFT2D2
375056	MIA3
375057	STUM
375449	MAST4
375790	AGRN
376267	RAB15
387032	ZKSCAN4
387082	SUMO4
387263	C6orf120
387509	GPR153
387751	GVINP1
388567	ZNF749
388569	ZNF324B
388650	DIPK1A
388714	FMO6P
388796	SNHG17
388969	C2orf68
389136	VGLL3
389677	RBM12B
389856	USP27X
390940	PINLYP
399664	MEX3D
399665	EEIG1
399979	SNX19
400084	LINC00939
400410	ST20
400451	FAM174B
400506	KNOP1
402055	SRRD
404093	CUEDC1
404672	GTF2H5
440026	TMEM41B
440738	MAP1LC3C
441024	MTHFD2L
474344	GIMAP6
552889	ATXN7L3B
553115	PEF1
641339	ZNF674
643224	TUBBP5
643641	ZNF862
644096	SDHAF1
645682	POU5F1P4
646282	AZGP1P1
653483	AFDN-DT
727800	RNF208
727897	MUC5B
728215	NALF1
728448	PPIEL
729230	CCR2
729515	TMEM242
730101	LOC730101
752014	CEMP1
100126791	EGOT
100128640	ACVR2B-AS1
100129250	TZMP1
100129361	SMIM10L1
100129460	DPY19L1P1
100129482	ZNF37BP
100131755	ARMCX4
100131825	CADM3-AS1
100132341	CLUHP3
100133941	CD24
100134713	NDUFB2-AS1
100288413	ERVMER34-1
100289410	MCF2L-AS1
100499177	THAP9-AS1
100505741	SPATA1
100505761	C10orf95-AS1
100506190	LINC00963
100506469	TMEM147-AS1
100506581	C16orf95
100506963	ELOA-AS1
100507436	MICA
100996485	PITX1-AS1
