entrez_id	g_naive	g_matched
2	1.2436540675948056	0.2788799949300177
9	0.13105743819589735	-0.06432365669858557
12	2.2141416195608294	1.0103324015308126
14	0.3556030464850484	-0.12399223043226056
15	-0.5726543045111081	-0.33732523530901737
16	0.28856700295620863	-0.01679203891447456
18	-1.6373327784210607	-0.5870538123518758
19	0.7550642918261699	0.2131805637356362
20	-0.8692134668682422	-0.4813383939492894
21	1.1182766751124498	0.4247367938042896
22	-0.8064245763639045	-0.3490398979963627
24	-0.7231002341509829	-0.3356620939686725
25	1.1798492959912374	0.2846133808495317
26	-1.4331722038816808	-0.5259333945409901
27	0.9492109237284868	0.6024232408373731
28	-0.04287215853356105	0.11377528481008249
29	-0.034599663557282445	-0.004402835998620597
30	-2.0029779279977125	-0.5133110938740835
31	0.944179300860878	0.38903978829244606
32	-1.0447112983606166	-0.3195061163008718
33	-1.4075845494676078	-0.40057242607823823
34	-1.935152206698472	-0.667868895624635
35	-1.2098829009688474	-0.410598805722756
36	-1.8888302603647649	-0.589916804872964
37	-0.6134302461045824	-0.21259011915535272
38	-2.1393869820533045	-0.7032602190830883
39	0.2738271005105972	0.3001215799353384
40	-0.2382242480307584	-0.1143529839829188
41	-0.8202463769320545	-0.401533138975496
43	-0.27758397453191286	-0.12498481333517483
47	0.01719630703220565	0.09637688175555975
48	-1.6550765096531075	-0.45401148467655295
50	-1.0005693432416802	-0.4040719303351986
51	-1.0851790223405837	-0.395771037367088
52	0.2426193273264759	0.06085570706645038
53	0.8561811479199388	0.22963306683086607
54	-0.12738145272917278	-0.10159315883562729
55	-0.18649126916041714	-0.2791159770713334
58	-0.1140446044800959	0.038374946313239025
59	1.1180371079641498	0.10540892561955932
70	-0.18182989024082988	-0.3276207072221149
72	-0.050844328455797255	0.0014308207215597488
81	0.20763166107286382	0.11843259660219528
86	0.9142186553038609	0.33099845003801837
87	2.1067220441808105	0.6766704644341127
88	-0.32849647927789477	-0.17562342889860852
89	-0.7399004138107299	-0.2696815127396013
90	0.6374772114998288	0.036539953592741176
91	-0.6501515683876662	-0.2682673859088947
92	-0.41896554529908264	-0.3820522836721155
93	-0.6194123117177958	-0.3531464924474572
94	0.18280166372752116	0.1136903281328798
97	1.2779709736518523	0.39004468941904574
100	2.3888735138044863	1.017959561251239
101	0.544546575338373	0.4676921286182758
102	1.5723454518030118	0.5905887413018984
103	1.1089083802741264	0.2795423757853604
104	0.28671372965769937	-0.17684132362040977
105	-1.020182340282165	-0.3010536692189594
107	-1.152954348156416	-0.23822971338113008
108	-0.27343092757882315	-0.07950988479123043
109	0.889568852441952	0.2603762642062268
113	1.73616339887788	0.6352647817185972
115	-0.43029285506826065	-0.17098148088338005
116	-0.8205630898820964	-0.36714911848267606
117	-0.6107368049114541	-0.10650105947184411
118	-0.6398816070392394	-0.17752610049661044
119	-0.9275476166715797	-0.29705359102531464
120	-1.0173141463048836	-0.6294978634588748
125	0.21950414969918208	-0.04205010934246338
126	-0.6403411803074527	-0.3651889089782049
128	-1.2834086891580887	-0.5142362218614815
130	-2.1603888215107387	-0.7430128268347296
132	-0.5240075413139987	-0.14524453799659778
133	-0.21778846632617388	-0.02606521924801006
134	-0.008433294931291607	0.020061749328755756
136	-0.22916804843713734	0.01986942318962237
140	1.051825633460305	0.8134423702386884
141	0.5662375350424614	0.5395380868589763
142	1.2021666949166923	0.5387153502395274
147	-1.3742860015781981	-0.5044371239412262
148	-0.8195476632146094	-0.2519933134862704
150	0.6400455679771633	0.06239509147663584
151	-0.6448596113950518	-0.20794637328698917
152	-0.3234033886133082	-0.15979862235791661
153	-0.5520598591966845	-0.24025221552117343
154	1.8241889263656605	0.7263792308552277
156	0.8524449502148943	0.424283480929026
157	0.28229659673581586	0.3271617822329059
158	1.7782710021978807	0.5464808521748451
159	0.09124021457112955	0.06488949505052308
161	0.5389628167019302	0.07672572304042805
162	0.8756932002175077	0.5584797818735026
163	0.8303294425330328	0.4527248216380577
164	1.0864792378208095	0.3207688321507862
166	0.12649580766578356	0.19125469162862413
173	-2.0583878236510684	-0.6434242190508022
175	0.8955363430431967	0.23357247303586345
176	-0.5873844141288438	-0.2693238035863768
178	-0.5650281334983223	0.04447433736415756
181	-0.2754098773663546	-0.05656218142786612
182	-0.1826566903315436	-0.10034230961469755
183	-0.009675347226775599	0.0699955262867927
185	0.2732259230949837	-0.06331210014876211
186	-0.3658178887931776	-0.12474404964129142
187	-0.4100663061971478	-0.6947845874505987
189	-1.8568301236890066	-0.7871318365114393
191	-1.5893069990210185	-0.4634944330038525
196	1.5330531409465298	0.6298940369376713
197	-1.146892348658969	-0.7240979637687984
202	0.27174026708977556	0.022376526486869844
203	1.3063712616649363	0.3790802114162309
204	0.03699390602809648	-0.003043606484293207
207	0.31332700437869715	0.3045765058544182
208	-0.8784668084297721	-0.29300644542940696
210	-1.8310120428661505	-0.6587830804316488
211	1.548507427312002	0.5377277360795667
212	0.2183636925941903	0.04211098078814702
213	-2.1352273692548547	-0.3489352459915238
214	0.41481431615736036	0.39947323552879044
215	-0.45410538323845717	-0.13123745753622645
216	0.246653278481162	-0.15292490114247762
217	-1.7558594299813985	-0.5470731634458712
218	-1.2891856983388834	-0.6273140096062109
219	-1.123180727650054	-0.44465701247772876
220	1.133799651733978	0.49875004744516893
221	-1.049291370799038	-0.16950911160946974
223	-1.115472519212043	-0.5678389318808303
224	-2.3497907970430267	-0.8887493469350973
225	-0.29104654241891137	-0.021978349923189776
226	1.0360255266827463	0.5785106455043506
229	-1.8334655101630322	-0.5487272530528271
230	-0.783665682645782	-0.06525757820270789
231	1.634238015601429	0.59248910825855
238	-0.3360090627143132	-0.2208262738576525
239	-0.2845790368958989	-0.10779301512140178
240	2.4481281604324177	1.0414281628013233
241	1.755643658356509	1.0200002834653557
242	-0.8909686394286178	-0.3483026335450221
245	-0.9326847035537458	-0.36947027212546757
246	-1.0410862897508566	-0.4910314319675795
248	-0.4158161567887326	-0.3022077344799207
249	-1.9560724824186368	-0.5648765123822002
257	-1.094066939958169	-0.5459646036741481
259	-0.2942601987639857	-0.004119048200838332
262	1.0029064430599326	0.5520298436401091
267	-1.397577733702209	-0.5004402026632422
270	0.03497336175209231	0.06790585562129686
271	0.08767711299272812	-0.0075921145607951435
272	0.6033861902653069	0.7212718597637137
273	-0.6998445020410419	-0.3134509934800005
274	-1.3024394911131543	-0.34431075420694485
275	-1.654188743217595	-0.6895059724546999
284	-0.3699190030559114	-0.4366863643328745
285	0.5179786498540495	0.30583860901748816
286	-0.555105108103445	-0.4823111218577741
287	-1.1097332902885106	-0.3433190673276576
288	-0.39192440887820557	-0.35787573293798935
290	-0.3109536153959783	-0.1583195628262965
291	-0.5347900936925626	-0.1843777932455161
292	0.14535887151199667	0.010211639952831773
301	1.5809633740976672	0.45651840268691846
302	1.787464384285692	0.7206763369084592
303	0.6805602033796166	0.4789859546707707
306	0.9637753164569116	0.267491726753071
307	0.9003737974248667	0.23870913852927775
308	1.8484543092856585	0.6968002487028246
309	1.1093832200106086	0.2280675704934064
310	0.10349752311155883	0.003468548475166819
311	1.5049296947263582	0.4988139100674341
312	-0.5808520765076832	-0.36158540928174504
313	2.132388767465581	0.8748697255222521
314	-0.3624637142898754	0.003544803298785218
316	-0.35021540405349316	0.032436700067826604
317	0.8583991569018736	0.4530548416528114
318	0.3997607084193681	0.07668970625468438
321	0.4076842546297562	0.21431845771511765
322	-0.7244507159308239	-0.11970635118171168
323	-0.046003772048753555	0.27866565958585426
324	0.08597425000970244	0.07521125292342636
326	-1.064638437753744	-0.3368916085280213
327	-0.3021329148657773	-0.207730515460145
328	0.4676644694732636	0.1157935246264116
329	1.7169363641618138	0.6564588502290896
330	1.3605851810946863	0.7445609447152056
331	-0.5995707698296469	-0.2168088325432435
332	0.9701755714798894	0.5942661885357982
333	-0.5084580633962881	-0.020988847253391486
334	0.27567428806642014	0.21685990849670553
338	-0.5283811760119324	0.23907017490157123
341	1.8987842116773956	0.8818484435988196
345	-1.9771238752970712	-0.7441533102821185
347	-0.4756925047025822	0.06959664637608634
348	-0.7735165901477608	-0.30133224247077894
350	-2.3759166825284996	-0.7941219520375011
351	0.0011944516903434343	0.057036350315067874
353	0.33502439238752546	0.07206305142037103
355	1.50067804583023	0.5123371833756426
356	0.1869594422075411	0.13512486526592016
357	0.20860095974565412	0.15373492129273397
359	-1.152702449719769	-0.43988916700313463
360	-0.2898182631275581	-0.10232230925723926
361	0.10727555744033901	0.0019149630747940655
362	-0.35089847612359465	-0.04330663381850232
363	-1.0744686742269474	-0.08317213710372301
366	1.1589868508773051	1.0464120208992365
367	-0.307810576403181	-0.40039670171504194
369	-0.7193322686173332	-0.2501737086510636
372	0.38235265527319473	0.22809386994748956
373	0.21311561319880767	0.009156597045833317
377	0.14801752275210514	0.1963181998149057
378	1.1672192191723358	0.47310982740093555
379	-0.6727402746155183	-0.1579652975696446
381	0.3452168049620089	0.09940351666815485
382	-0.309637607888282	0.025808986047117455
384	-1.4629382542843032	-0.41879680114674644
387	1.4913890497902078	0.6222681552765823
388	-1.381008223080253	0.07749743610832036
389	1.6680986459086324	0.603927902355952
390	0.020294066461146974	0.27134683042713265
391	2.193509779437915	0.8976227306370188
392	1.6433200908526224	0.6658151225029458
393	0.924396764099643	0.5597443758570948
394	-0.9989748946572947	-0.2740956680032288
395	0.306184943498054	0.23064521926356646
396	0.6188828772501056	0.551714986755711
397	1.8641086950086976	0.6855144850792219
399	0.5026991510864429	0.33975237521771207
400	0.15379422830389294	-0.14711866324207237
402	-1.2468762997516534	-0.367598485025789
403	-0.827627237679941	-0.41752251964131654
405	-0.07879024486203534	0.09752383143910674
406	0.7607127938848459	0.4696099854271698
407	-1.356716463181129	-0.5262616712197352
408	-0.1277497340970863	0.07872080680716147
409	0.49665149598799807	0.4770471564681522
410	-0.14047945716717244	-0.11848845938834002
411	-0.17550647526387897	-0.15776927078145087
412	1.250100626326369	0.6032425017277051
414	-0.5458999011283614	-0.29660409516644587
415	-0.6178738440812265	-0.3131613405080783
416	-2.2097017826197147	-0.9071634181353623
420	-0.31557269555949496	0.1295244907237398
421	-0.6312940419204613	-0.3246893918214105
427	-0.14559670115734483	-0.2910516865884894
430	1.1406621857572992	0.4812849582085328
433	0.06286395218036589	-0.1568799978521131
435	-0.5668521485823331	-0.24959007188247617
439	0.46911754536497463	0.01527607430004048
440	2.1927794739358317	0.8054576691921855
443	-1.883994795374097	-0.5632477118620757
444	-0.4347198511520938	0.03072317508035438
445	-1.9000183780202313	-0.5949702074469516
462	-0.9482478965056798	-0.6096646593488071
463	0.5677063279993165	0.35648527266094676
466	0.40365247875886967	0.05962610669129362
467	-0.9226888458447651	0.13615749943431155
471	1.138241367225463	0.46942663894199765
472	0.48252351046822706	0.24829944015934638
473	-0.6454581207258412	0.14500301980214292
475	-0.10009577840272134	-0.24249074626506684
476	-0.19132277238740703	-0.06123772417215714
477	0.05971216817512873	-0.24548536394492537
479	-1.364255110542004	-0.5802992263858454
481	-1.0404593860829896	-0.3701315068580553
482	-1.1381687069365085	-0.5563714681431948
483	0.733190010255187	0.33459758122212047
487	-0.38504018015188735	-0.3772011136690936
488	0.7548401688555295	0.1830268119254448
489	0.1166288386285238	-0.15657406320548184
490	0.49466236588392465	0.38377101235426103
491	-0.7404793954756477	-0.20721810344343522
492	-0.532229332472465	-0.14997335039404505
493	0.7048584205612929	0.38866674996943434
498	0.6245038116506961	0.2018460713702635
501	-1.7352491535493302	-0.7785377602832966
506	0.07695874129110433	0.1430463280112166
509	-0.14907636321848552	-0.02553821162085465
513	-0.08164120952854409	0.13085730767660214
515	0.517439753576272	0.1184775916040953
516	1.1060595830297433	0.45974418681114093
517	-0.42759770730466423	-0.3331505353801237
518	0.0026433789385622714	0.12596890579661724
521	0.3972295926949356	0.1345278134019423
522	-0.34172563986531745	-0.18796602669694848
523	-1.1593986588659102	-0.38163845998307494
525	-1.6722371298707817	-0.5214671816616029
526	-0.26623786293196444	-0.17902745584459456
527	0.4652744435159232	0.3405915418687683
528	0.28449313666134235	0.13619120064850504
529	0.13544387674754077	0.23146517510036393
533	0.8379828559978402	0.3548852748862841
535	0.20904766266317845	0.05912377725635372
537	0.26931034565446704	0.07096396093721388
538	-0.5678095066275247	-0.1832843895585104
539	0.46497883881142904	0.16543281340076832
540	-0.29553339787296035	-0.2390289562521263
545	1.6743307795075628	0.7118233203140647
546	-0.5097343948135994	-0.42439175245455296
547	-0.19526525416141371	-0.08891645222027046
549	-1.6534438062959818	-0.5720430961430418
550	0.8727594099587065	0.25107504956558324
552	-1.0270548564165476	-0.25598357791728305
553	-0.23655702007020418	-0.004343514454981573
554	-0.5524378273713222	-0.3698629887966426
558	1.4140461305854608	0.4164114983389786
563	-2.215031287646194	-0.7611849043009236
567	1.3721285993285255	0.4880397221473912
572	-0.5339430853700228	-0.3578000149870182
573	-1.3356218351084277	-0.4168683444871466
575	-0.4883330327107812	-0.08023982094481438
576	-0.3811445091333264	-0.3926273371327215
577	0.1287611971574716	0.05541671626351717
580	1.1198157056099176	0.4210803597680748
581	1.7069959737835878	0.5151632767119075
582	-1.5088138230951897	-0.5242631757393257
585	0.10630032893809396	-0.35541418525644786
586	1.474966220561729	1.0741805709418952
587	1.421122626826783	0.6620877855876082
590	-0.21951519915480816	-0.14684606924057975
593	-1.3273001830521085	-0.5592846620801246
594	-0.9657476111682488	-0.5390386875716725
595	-0.161916129010941	-0.5903169641162354
596	-0.23436175076748372	-0.01875369600970729
597	1.4568528424336427	0.9128401018825558
598	-0.20918767010993128	0.2543792970178842
599	-1.0065872351340872	-0.4847833513331589
604	1.3712765955393582	0.8014853427079285
605	-1.1043777845039444	-0.6069507795953226
608	0.7828343077172292	0.4498957516658523
610	0.0701932293008615	-0.025892617316040242
613	0.09223541416120205	0.030169103296680905
617	0.30565016958240476	-0.22969192722261308
622	-0.5539080406329843	-0.14715699045545869
623	-0.5730562189106922	-0.2834961345136147
624	-0.01000676273185791	0.07697073536687356
627	0.5938552810220395	-0.25945342654858505
629	2.3156206835080897	0.8330533289671144
631	0.3886226362560189	-0.17016815715183797
633	0.6312961175867811	0.20634312402502145
634	0.14026923264166513	0.106388970697544
635	-1.9532150650166766	-0.5429905102792503
636	0.5427398389489659	0.201253437734202
637	2.038620862945356	0.8339697748796049
638	0.12439427276043732	0.3588358115378725
639	0.26413973250012873	0.5142801508043406
640	0.3534156545342486	0.09634671278125559
641	0.6688857450069217	0.47746730663549686
642	1.0826277564960751	0.08559632223295544
643	-0.13221725072127108	0.19249256448777205
644	1.421037899752196	0.5767566488473506
645	0.03178902683407164	0.07763780439857315
649	1.089197707699772	0.7527715786399092
650	0.4834984268741075	0.07539359132493165
652	-0.41528628490766306	-0.6358043000205895
653	-0.8386699628492587	-0.3767611441755966
654	0.33926351352708406	0.12825920065875335
655	-1.2493587373765336	-0.43928123275126885
656	-0.5928618332408102	-0.03815934673787634
657	-0.7665194270465004	-0.22804357771971262
658	-0.9873130564358927	-0.35906174529004486
659	0.31502218999951337	0.10912835493121892
660	-0.6753461243537247	-0.10439798915258064
661	0.8531527534107011	0.5272066447057928
662	0.9320529577418212	0.3833222722025208
663	0.15100028241252375	0.24203034169701826
664	-1.1508059731434996	-0.4363655956914986
665	-1.2525309221392176	-0.3526553405999775
669	0.22294199532222514	-0.02262843713394158
670	-2.1138494685183145	-0.7616715028156407
672	0.6924689442515441	0.18960785723288043
675	0.5766431963583311	0.028269633473791425
677	0.07805923453249632	-0.08866494851599366
678	-0.0032683717362382014	0.3757188027980368
682	0.7123996766347307	0.23857432766729803
683	-1.3436198358450078	-0.5032187517685559
684	0.40647469684630777	-0.03816511540706918
685	-0.045962538203921766	0.032415177838545584
686	-0.6574957084414025	-0.5743260657335737
687	-1.9374060596116025	-0.2088669612190613
688	0.0490055324599996	0.36718149543536927
689	0.9390615396252586	0.25342205126268985
694	0.23304745146115863	0.05688408526165045
695	1.3751439963663787	0.7999576796155901
699	1.102190890908878	0.7374795157361917
705	0.9775790547070355	0.36473015618164273
706	1.720512864752227	0.7192450395617223
708	0.2631741408919328	0.05760512680811608
710	1.9736999951170027	0.9056363029109984
712	2.4722553612358467	0.9213314462341777
713	2.5733235970860653	1.0269883054579902
715	2.6064900398931483	0.9045939811267742
716	1.9205964469513348	0.7340510506964113
718	3.0121195041202697	1.0845345465540146
719	2.205115171784647	1.0263023953435049
726	-0.7854439489116358	-0.32001910071701645
727	-0.6722905719891488	-0.39083166315147544
728	1.2974877828262543	1.1274577594993604
729	0.6481581574357895	0.65219087957532
730	0.14815216784385898	0.10059854376691885
733	0.7618614233065112	0.41296572079794225
734	-0.8470394376023627	-0.010405899684642547
738	-0.5790203090411057	-0.35738220621418587
740	-1.1936918590522194	-0.45364020720051734
741	-0.6043119098705934	-0.31713312554700823
744	-0.8554825485999552	-0.8944735314111771
745	0.9864578713121432	0.5368864002428627
747	-0.6233488825258546	-0.4958346541555626
750	-0.6934211138496456	-0.20770585759474886
752	-0.19947029074841655	0.1341820947816321
753	1.1134364754599155	0.5242978122588342
754	1.6741955056781668	0.5309508453600525
755	-1.1041919495207133	-0.6260693018553973
757	0.6559798003629435	0.0499090847300407
759	-0.6455678119419732	-0.13431269646373512
760	-1.7594087379597787	-0.3372177441628041
761	-0.2927768665860224	-0.19148313525039876
762	-1.0878466587617368	-0.6380551818237904
767	-0.8324977780230057	-0.27786012862373266
770	-1.0252903144038688	-0.47523148122129655
771	-1.3760688996079933	-0.5088583795713526
775	-0.49506726822560565	-0.44589680264980003
776	-0.6389579461813195	-0.21730953507954054
777	-0.9106751048857844	-0.2284213670860974
779	-0.6935253936708234	-0.22704330202819148
781	-0.9467062670003741	-0.16795155955008034
782	-0.42085508237395836	-0.10035439430741117
783	-1.8695141921600307	-0.7007664469534773
784	1.507326602543447	0.3779803428327372
785	-1.33276575081219	-0.46292223934002197
788	-0.8909731722965065	-0.2760367508271614
790	0.7632720159045556	0.5616373405040185
793	-1.2396298077718444	-0.3451337795076492
796	-1.0015253075260853	-0.14426040500685458
799	-0.3422254410438641	-0.1445118221266058
800	-0.536950402736459	-0.5352447385912837
810	-1.941245232161392	-0.65161645023179
811	0.8306571618795207	0.5154555932918535
813	1.3180771548651273	0.6546320895160298
814	-0.6346262802340502	-0.05247083123085891
815	-1.2951136867435293	-0.6800946305511033
816	-1.0064530748771643	-0.46113538056322767
818	-1.2800108517304263	-0.44067339926295845
819	0.42165445053387485	-0.08927324190587171
821	0.3257013997185926	0.17059151646466936
822	1.2334136171621515	0.5140021548016181
823	1.5632143822845852	0.6882244543147263
824	0.7310439845106688	0.3979006405474362
825	-0.962043861226257	-0.5886971996665499
826	0.7838800341962758	0.5807086267345585
827	0.658417518456378	0.19938315158196424
830	0.46166536997266405	0.2713854549856789
831	1.155601297063034	0.6013576740594366
832	1.27158483149909	0.7481386983102278
833	1.1447876785008648	0.5535932008046052
834	2.2335862452914785	0.6627627692146316
835	0.8379569760547649	0.2609984555393138
836	2.06372382049607	0.8681371574420722
837	2.442225129563151	0.7817093738152114
839	1.6434133213079605	0.47135415876636905
840	1.1760967009805032	0.32052822804483183
841	1.4421562573252156	0.45990985782948796
842	-0.3992222777073703	-0.18705562931870234
843	-0.5679606583614164	-0.17783647535994118
844	-0.6881329535780691	-0.30848341883016756
845	-0.7993054567084423	-0.4288208406272237
846	-0.6696676129034638	-0.2568999686612266
847	-1.2469072975281388	-0.6037055603230084
857	0.859537225480238	0.15560722808690639
858	1.052142165174475	0.2736134576617157
860	0.39166202305617676	0.3885814616637881
862	0.6061055947280002	-0.11487095172319017
863	0.5137567709916169	-0.00727358182666947
864	1.4684317349068503	0.4009938809381962
865	1.5944861753698203	0.7593344361629188
866	-1.975093343409406	-0.8504019013727535
867	0.5418940684758848	0.43281054669855057
868	-0.08803648183170562	0.26172264121526934
871	1.8743910474750765	0.4139261465209883
873	0.20560931528101195	-0.004688325872026264
874	1.8749058313917721	0.31694443291785146
883	-1.0791142058888146	-0.37475648131556555
889	0.038749905130789734	-0.2128771528216871
890	1.617934735755691	0.8192984618017232
891	1.631080137897456	0.7553302967986442
892	0.6420027135914979	0.23561078156712792
894	1.1379858541366017	0.24108261824789917
896	0.86929641416018	0.5079984663828441
899	0.19949928476019643	-0.03733912114439977
900	-0.9944984727611774	-0.35954409498043394
901	-0.16915252880028303	-0.4769737208202139
902	0.15145533728929578	0.035557651728492706
904	0.08925816395903478	-0.08621508371765324
905	0.7265710197866649	0.29297351550738604
908	2.0199875461543084	0.6262841203480414
911	0.49965344948095447	-0.006641084246644811
912	1.5370451874170235	0.633926675862996
913	0.25504650115591865	-0.009733436242939986
914	1.5623235063811869	0.7697157430982344
915	1.3689971495850002	0.5804008953802631
916	-0.0074693854633562165	0.12907488431898154
917	0.31091748067625247	0.21509506100932232
919	1.3260755944326936	0.3261922576285806
920	1.2723911644702972	0.7039570657065951
921	-0.388297309621285	-0.06061748370610388
922	-0.3115120291900512	-0.15787787720441335
923	-0.676672187208372	-0.1378741448632533
924	0.3027981524091373	0.1658415253967583
925	0.9837723752708508	0.726423072789435
929	1.721753804867399	0.7589191879528909
930	0.1753379479019512	0.12182049300495824
931	0.7484317114418799	0.24054054440340655
933	-0.283385515793922	-0.07794612703894495
939	0.8815616863920013	0.4829088593190562
940	0.5655244069350414	0.0658161759135163
941	0.4067903162696689	0.48707547019168895
942	1.6844055849442816	0.9821749744011519
943	-0.5914164481288962	-0.13823067676092823
944	0.5742020861535819	0.6503140743897496
945	0.43221393363351024	0.3896175434514789
946	-0.3532545031498888	0.00798548309292235
947	0.11742278515578976	-0.24718742381455966
948	1.647866370184743	0.7103370123430048
949	0.6596060506062278	-0.09521730775865456
950	0.5345435275192947	0.2272206738360231
951	1.5684901109431664	0.7598654239989961
952	1.1544164187364467	0.5665242040216129
953	1.6436719587872595	0.5809930252086271
954	-0.9611068953509161	-0.47702189129737743
955	1.1376078221969694	0.44189425628005014
956	-0.5763677338898698	-0.32944146709443645
957	-1.5294478000589073	-0.5328790208813496
958	1.43446446167495	0.6730897858017848
959	-0.21163698912232215	-0.00731997192436961
960	2.024843385764448	0.8829869461619735
961	0.8973183275805473	0.2951254609023553
962	2.0641693809427055	0.5881832353041339
963	2.4790682882524395	0.9344675960441045
965	1.4576345422815749	0.49178326351682267
967	1.5454715015094262	0.5406329187038751
969	0.42300213315808355	0.46509175605182995
970	0.48055378419194583	0.28161167049757185
971	0.7731176996748221	0.6962834878609061
972	1.5522794024844417	0.578305797491454
973	0.24014231385195323	0.2165286060682058
974	0.7020987589906995	0.20328098489408525
975	0.5990748807726096	0.2597269448129802
976	1.8173455520144077	0.5073096025473169
977	1.6443970908946715	0.6045718074515593
978	-0.6438741067793408	-0.0899474753548393
983	1.3833204015930933	0.6806109361004775
987	-0.6985169870696762	-0.34720736821029835
988	0.9140955740687612	0.31050151239853024
989	-0.28593446397080857	-0.07946094476085343
990	1.1385841622384496	0.6458032420670555
991	1.426013647515127	0.7640947992396785
993	-0.07232174153688548	0.09809374734777429
994	2.2470992608702858	0.9650733817609074
996	1.8550525106334597	0.6697283458301828
997	0.934312761537442	0.2056494969331857
998	0.2344706732199174	0.2482817859523215
999	-0.7589939487577744	-0.41667804659232555
1000	0.4690033711610033	0.14564488538776707
1001	1.1900676612487957	0.29728854683756933
1002	-0.3645927176256879	-0.2512377553332854
1003	0.3998298725166452	0.05020171383153786
1004	1.532355175370599	0.6680673089472051
1007	-1.3448104722287426	-0.5721692173849164
1009	1.079605949367843	0.31890288149443485
1012	0.008045021052273518	-0.19946374548140816
1013	-0.9879103553001758	-0.3905864133483875
1014	-0.2686516097508954	0.14299261701173382
1017	0.18182069127664163	0.013581966992869406
1019	0.9097969515432988	0.05797529766292139
1020	0.1493330853943411	-0.12370508569700922
1021	0.33864198218519465	-0.09637250248617388
1022	1.1589257624728742	0.11443812126366272
1024	1.453824135473988	0.42491400475764274
1026	0.4108127027819836	0.8133356841274046
1027	-0.042011110859170864	-0.0773822616356116
1028	-0.9733089512889028	-0.23820595534630518
1030	1.1530453213973975	0.6248047809188625
1031	0.670835468067053	0.13854364505714956
1032	0.12287938297126005	0.1672952706676689
1036	0.11608826124299804	-0.3335255981448141
1038	0.19443852432241013	-0.08743287503270727
1040	0.2173887038056483	0.3786101329552308
1043	2.1456656330057933	0.7047823050690551
1050	2.049507423857093	0.40846626779881284
1051	-0.18932963376482825	0.6259331436069315
1052	-0.8064785560021497	0.5161696893335125
1054	0.9755573193499882	0.26854940474885686
1056	-1.3100685703360626	-0.4289444535274043
1059	0.08100212932303352	0.34056754133278444
1060	-0.8266609667677929	-0.39010291383824824
1063	1.472979391513979	0.6866845109175106
1069	-0.17227427806545278	-0.25542179841085905
1070	0.6688025409516654	0.13069553352603552
1071	-0.13324988525020107	-0.30571038792140215
1075	0.985938661281605	0.23255020114186986
1080	0.9223187418182814	0.6445262371793884
1084	-0.39755025199813676	-0.05083018604550066
1089	-0.18751822274176735	0.06271277835689987
1101	-0.7635868296629764	-0.4433149237371721
1102	1.1566764800593128	0.1459050979419484
1105	0.5168282437717463	0.4222560615901729
1107	-0.02919662535314202	-0.020659218970724206
1108	-0.2256303286140977	-0.05356500704315685
1111	1.396761713011502	0.7256523912904712
1112	-0.931397400373764	-0.34414720358180473
1113	-0.5429994764131644	-0.4347717050442158
1114	-1.2868364500178864	-0.46619808800028334
1116	-0.6081283708003598	0.39215157284061464
1117	1.1562333835951488	0.6850324112463109
1118	0.02147076151755195	0.17748124311133284
1119	0.14056944614300879	0.28520290300328927
1121	0.5886903998895556	0.2592317621969442
1122	0.27297560485975086	0.057837900857200766
1123	0.7434108081020014	0.15538223275445973
1124	-2.0543530956472438	-0.7482251272109772
1130	0.034592935487935836	-0.08927723183298061
1131	-0.4531643475142642	-0.49098755654698306
1133	-0.8896590099093736	-0.28278986348425256
1137	-0.8834421917046154	-0.35164929743054746
1140	-0.015596475216939854	-0.07216272031089041
1141	-0.504729346056449	-0.2743641044078812
1143	-0.19218391046302938	0.07049348570344252
1145	-0.558060344560351	-0.23742322987833403
1146	-0.03686300258624711	-0.050813448284635285
1147	-0.33725824827289774	0.007999534895285092
1149	-0.7920999470668644	-0.29304861018413253
1152	0.1890786142458808	0.22599061166013976
1153	-1.1958091285952461	-0.5841909138034612
1154	-2.227378557849467	-0.2211445985564891
1155	1.457675227632837	0.4168151381260492
1158	-0.542027532253889	-0.18780890367519537
1160	-0.43789497917577663	0.06483532641565284
1161	-0.2267343065215403	-0.19088453091041682
1164	1.3336565305960315	0.5409099679658735
1173	1.3045982276829555	0.6733890286429685
1174	-0.043184856244015385	-0.046647811943708054
1175	1.6711639575893762	0.6574087308126765
1178	0.5104622885365278	0.11943199502049978
1181	-0.2620412254763046	-0.17593814744446473
1182	0.5425323933028878	0.1903771718679979
1183	0.020648392708431662	-0.012924629238543678
1184	-1.6174819384759895	-0.7312015263245643
1186	-0.7965836188284631	-0.3910655832417123
1188	-1.164691670938326	-0.3578208578824838
1191	1.5866823599982105	0.5432978055281001
1193	1.0651513649722526	0.38594634557375745
1195	0.2618533732883142	-0.05585817946792946
1196	0.7598745084686972	0.01992613006103542
1198	0.7002116195294958	0.14002093253726966
1200	0.5289656772399353	0.08594631862808534
1201	0.8685245999690723	0.20950404705704817
1203	0.3513646543234499	0.0015367749352874494
1207	0.3228652018985478	-0.03515783177708251
1209	-0.6608145804165481	-0.13277620770595636
1211	0.5845405667457181	0.18137511043188603
1212	-0.662355861650983	-0.03376200154471415
1213	1.2455117612023408	0.588348696195496
1215	-0.17949888885091206	-0.18266982236848814
1230	1.32924113443657	0.6258663142855493
1233	-0.8400985980940727	-0.25541069273107464
1234	1.5088255024729085	1.0276050467618807
1235	0.7553966526374616	0.2743489962069932
1236	0.6730427766327534	0.36571868944444064
1238	-0.7381673199550123	-0.19839586667550516
1240	1.0208201450183556	0.6922902878660215
1241	-0.0862683884969781	0.1294649206805169
1244	-1.3386132576456928	-0.5227333176367065
1259	0.18758473627591235	0.1617564237343425
1263	0.5651486934940817	0.5003491202524475
1264	0.13124014076669027	0.010887446401982616
1265	0.7909174438277863	0.6019146906823171
1266	0.3012016651061166	0.19512824805584358
1267	0.2509505139379784	-0.19576044743581428
1268	-0.2016521133951158	0.0018826348328119316
1269	-0.6756665447733813	-0.2165780244189667
1271	-0.8211584754631547	-0.1276778331354104
1272	-0.6962643233174369	-0.2114608881830611
1277	1.6508677223603976	0.9805024725182747
1278	1.774643118422671	0.5051894663166989
1282	2.1211083599224376	0.5861827078011282
1284	2.0807513521345653	0.4621602027724438
1285	-0.9032643041448829	-0.3083159079909055
1286	0.11241212896455219	0.17719594351754073
1287	-1.154562372236339	-0.5469034160764602
1288	-0.4616183807436486	-0.3636424939261528
1289	1.3117808777498494	0.7324985216827516
1290	1.4901221766556136	0.4914549946234217
1291	-0.42115187271881915	-0.17331962718840946
1292	0.8498570829301164	0.1671188411695198
1293	2.0454257527246833	0.7396183472979974
1294	1.582470260531914	0.6281009873971565
1296	0.004780004657718884	-0.022806054019572836
1298	-0.8509223112107771	-0.5324992467690444
1299	-0.5178912144939458	-0.393321526155139
1300	-0.07092975472033833	-0.05666243143450049
1301	0.6939282760280454	0.41107246978312206
1305	0.4577742588932632	0.004008437433106311
1306	0.898625305717163	0.059701267749189615
1307	0.7798071982348221	0.15536889757406372
1310	-0.4659059712601954	-0.35692991041403344
1311	1.0568997828014126	0.40153474657631516
1314	0.569016680704449	0.41276958357732785
1315	1.3688561213785215	0.5106379426002571
1316	-0.2723082975482098	0.4936671119603703
1317	0.17463576659583097	-0.03540358826339765
1318	-0.3337407314417543	0.2893880630550833
1326	1.5371168207086723	0.9349821079135557
1327	0.6288943646315007	0.2621578611980502
1329	-0.2001767754305219	-0.10569173765067334
1339	-1.1197479602635676	-0.4520127797292729
1340	0.6527830420137992	0.28984295025494927
1345	0.28082942101528574	-0.0010182142397557846
1346	-0.34208424736759613	-0.21080014747649167
1347	1.0380815095737117	0.41219447513440144
1349	-0.207401911305826	-0.0532738920979695
1351	-0.955083259076823	-0.20493696921478788
1352	0.5993655703886451	0.2379450125866599
1353	-0.7629042867894518	-0.28923447548796194
1355	-0.3253578080764859	-0.383854236302638
1356	1.3469555583304829	0.4901013824058157
1359	0.49033335581050463	-0.10414771324228153
1362	0.6305664282580575	0.3417143729709434
1363	0.1825510446348481	-0.34166726612007825
1365	1.0066947974078775	0.29939370134456866
1366	0.4614439555888159	0.3256692350326356
1368	-0.1370860053679794	0.3913067901755084
1370	-0.781342133863953	-0.2491356627201279
1371	1.2463250814084854	0.5823437709465301
1373	-0.21974716287786294	-0.23104925068125287
1374	-0.03151259418460815	0.2210791563296184
1376	-0.9581925309633034	-0.5018754506444076
1378	-0.8627792665483831	0.17170675149736178
1380	-1.2687070249944028	-0.47161291899693486
1381	-1.5724043951464721	-0.6770915518726109
1382	-0.26834158020285154	-0.25995347485147746
1384	-1.3088859977478708	-0.4111212626250256
1385	1.1308130262977885	0.2882988368682306
1386	0.31256540453008164	0.030280332075958274
1387	-0.04609840761445738	-0.12350259469007685
1388	-0.6455050914615817	-0.2886610675278795
1389	-0.8168014177313845	-0.38060420515391724
1390	-0.438701542035669	0.003924345299116089
1393	-0.1376992192604547	-0.216675532322334
1395	-0.9109265146447556	-0.2998947911657465
1396	1.57602804987348	0.1843778565374863
1397	1.0835411915905329	0.372793419608494
1398	0.3407730852708042	0.18876411493754391
1399	0.42367507577143293	-0.009411903667932497
1400	-0.789534913533189	-0.27299200364335174
1401	-0.2231281192685372	0.08328185711246502
1404	0.3931987171072289	0.6285164593928552
1407	-0.07346023670942672	-0.01864990813170006
1408	-1.8053986042006134	-0.7986088304154415
1410	0.9499398803285436	0.5629354202095469
1416	-0.2544439529482002	-0.31663976566198376
1417	-1.0792263332999354	-0.5402361191656172
1428	-1.978147563951108	-0.6410485901061405
1429	-0.8591680500002719	-0.3854020922960649
1432	1.4881630378386537	0.7081738327280013
1434	1.7037022810629958	0.5400752984359283
1435	0.04304760513452108	0.1732726494870186
1436	2.2462422483469644	0.9146018677395518
1439	1.1790211113874822	0.4790644329336557
1441	0.5489150264271943	0.626412497783501
1445	2.564650301406683	0.8366290377206672
1452	1.166267240358898	0.5076044159720098
1453	1.080083771415929	0.4673048965385226
1455	0.48898502939960997	0.09873628335397286
1456	0.9873176311934513	0.4152926080328577
1459	0.030820152550456614	-0.15009819720907594
1460	0.08208924374999083	-0.11202627384177684
1462	1.9022004448514198	0.6446866931840074
1464	0.3247017806132183	-0.03725582433965474
1465	-0.30167995683362114	-0.14925785299670527
1466	1.219831940044069	0.28699928861721946
1468	-1.8964826017550966	-0.6199053769100642
1469	0.3284937060635178	0.22190796443993638
1471	0.6422009346237474	0.05693422109920346
1474	1.8762144913804828	0.908003305899555
1475	2.4448033611304756	0.9632191767007946
1476	1.7298440912406625	0.6353183720546801
1477	1.2192969587720945	0.17572494298306335
1478	1.8033221522417344	0.6076948974563658
1479	0.4432858372897741	0.02985066647065177
1486	-0.30733731479577303	-0.1729411233083137
1487	-0.3866532412477578	0.017992546626452832
1488	0.9681906780881897	0.38926391570974805
1489	-1.6516038721907063	-0.5878536037415019
1490	-0.47878947103370045	0.2006623157602206
1491	-1.7184105566054737	-0.6034082411217363
1493	0.0972262605768366	0.2968801575924661
1495	0.5590867056196925	0.2047259593509475
1497	0.5855336228523507	0.09176697226661852
1499	-0.7842368172820946	-0.12566688663777853
1503	-0.1154208282092507	-0.03376364478722049
1506	-0.6740689288070247	-0.2786520067151585
1508	-0.06062183536662735	-0.03793723474063576
1509	0.9311716129694327	0.5211415361335006
1511	-0.6789238905030486	-0.37993398228230446
1512	-0.3628120887045059	-0.07030925970237267
1513	0.9489451583295793	0.3589615437103918
1514	0.4642125145240108	0.1544072918362332
1515	-1.8470692734031773	-0.8114616540544034
1519	0.11667267562630065	-0.15966493830368933
1520	2.340114155121172	0.9309995055469722
1521	0.5798886808790733	0.306212562643965
1522	1.6293685358767784	0.6284035166544484
1523	0.1367330732081625	0.09673599189206397
1524	1.8677637332169112	0.2952232793765769
1525	0.1605816749593103	0.0374416827883412
1528	-1.5095302588983626	-0.4727824338363866
1534	0.5399820740331416	0.013269829691608517
1535	1.3627570460214105	0.5879782021586066
1536	2.1846777844660124	0.8984618507557218
1537	-0.31219819319886943	-0.04016615485822026
1540	-0.5398498060648738	-0.1382852222810017
1543	-0.7433731170796862	-0.27760510487994344
1545	0.5032603380318724	0.19526420279678663
1548	-0.5793538931595732	-0.10453014404193359
1549	-0.6893532356353405	-0.23663128196951463
1555	-2.4053736865412607	-0.7368416947875657
1558	-1.4741452747798562	-0.729501511977054
1559	-0.978068454862185	-0.08336972031224643
1571	-0.533738847706485	-0.31499177791758315
1573	-0.6066173927725496	-0.3554554975886959
1576	-2.077595085685613	-0.8451180244903367
1577	-1.230650005000478	-0.3980072804373898
1579	-2.056629308713454	-0.4042562759929439
1580	0.07251315161743768	0.21261347871695285
1586	-1.1997931419811694	-0.6327273161150766
1591	0.6106741358316486	-0.13486449560629218
1593	-0.6501870790959428	-0.37265296655171637
1594	-2.0916564603574583	-0.2410606154403993
1600	-0.5810033553837718	-0.2817047245447508
1602	-1.003582468295239	-0.16747851079991716
1603	0.6443434998147746	0.07132813656818927
1604	0.8734972202165678	0.34319928901497954
1605	0.09792241489830192	-0.03262156036329386
1606	1.0655240345149037	0.3509684932955808
1607	-1.2136332132020202	-0.6511514796042662
1608	0.36806728738702565	0.2810818592131484
1609	0.8595265833234055	0.4536862749368761
1610	-1.9181467886602777	-0.7980445945880386
1611	0.5868667286059148	0.07795547719561742
1612	-0.2741192753374655	0.16451366727538227
1615	0.35412239029990494	0.27497971916099784
1620	-0.5494348120942723	-0.3218276347033907
1621	-0.3478452816886998	0.009111023183991665
1622	1.318286558624553	0.6506628410068243
1627	1.1544425687611013	0.4525142201777843
1628	-0.6482977310041835	-0.5776179959538923
1629	-0.5334300519966444	-0.5223308885237526
1630	-0.7633079741720287	-0.34070824217470164
1632	-0.8926487843250926	-0.380741085978902
1633	1.717226652868356	0.5255035721418491
1634	-0.23390875214997245	0.06086844093790156
1635	0.522371318012971	0.13530826529187467
1636	-1.399958709591266	-0.6218370352892388
1638	-1.2566851187332362	-0.567222351636698
1639	0.6508389263297257	0.47799144321075526
1642	-0.49425197733729576	-0.10891955256983106
1643	1.9968722584329965	0.6547281777079671
1644	-1.8109522136860732	-0.5946752329347597
1645	0.0015952949629160496	0.1112517824977481
1647	-1.2224795333068954	-0.31015675464966047
1649	-0.7293271942990226	-0.39491883675044026
1650	1.0248131372933533	0.25903222805259574
1653	0.02014011729139592	-0.11681016656087881
1654	-0.3286924252114205	0.01663329482690149
1656	0.6552557269832573	0.3751228968595282
1657	-1.1557317445099344	-0.4611707544375744
1659	1.0194111097416036	0.17279797097740457
1660	1.3016617182286176	0.45084125042959333
1662	-0.880796716626898	-0.5263975193488906
1663	0.5902624107741843	0.3005356037100324
1665	1.5407086977911075	0.5889185419295908
1666	-0.5329898104566528	-0.27123421416812343
1672	-1.5602867516133272	-0.3254540176877172
1674	-0.13976290571137173	0.019367535503838948
1675	1.9524041450224792	0.5072327708452941
1676	0.5706417825447815	-0.040867783442045696
1677	0.9628500265865941	0.09131289483744967
1678	0.008061854001802574	-0.2635315238919488
1687	0.7845138552879342	0.39101587816695427
1690	-0.41329671345413266	-0.23364140594899901
1716	0.7680417628593208	0.10661704111746423
1717	-0.022467396359494733	0.27486044683141214
1718	1.455911148139428	0.47168322856112443
1723	-0.6002961171191086	-0.524069362079502
1725	-0.5440245634594314	-0.34567811106731994
1727	0.6116529998657106	0.3747916673031885
1728	0.4016084933453912	0.559482875986834
1729	0.6158871427076194	0.4318572805520411
1730	1.1500900978973192	0.44081602640403383
1733	-1.9019147639502676	-0.8450595909908791
1734	-1.0151198589460033	-0.46752476703852547
1737	-0.9430588036707152	-0.10128102740507092
1738	-0.06937381337968533	-0.1813220098170247
1739	-0.1723586613607821	0.02352584317772538
1740	-1.856906474264536	-0.688164354284682
1741	0.7152859342142243	0.0853060403248318
1742	0.0447103998347243	0.06568649974437028
1743	-1.0641552293124177	-0.31879449197987086
1756	-0.2525732910013146	0.18555160353269876
1757	-1.6213338869024814	-0.7287419465834569
1759	0.011087747378781099	-0.012730519159585008
1760	-0.5176621387698405	-0.16237288200987843
1762	-0.8222609997581213	-0.3097812764200637
1763	-0.05386153516068218	-0.058930997127102855
1768	-0.9437455322158348	-0.22151837629148374
1770	-0.6282534402067586	-0.34901316701751284
1773	-1.2563733798237369	-0.40865138041828813
1774	0.6713821153849742	0.05299076977243419
1775	-0.0028731205596504994	-0.17112663778359902
1776	-0.353678942520267	-0.04974851117527454
1777	0.8311953621405594	0.2584870380605881
1778	-0.013099764655386967	0.09710308271538506
1780	-0.23793333524092114	0.054391715922419696
1783	1.044495215700316	0.21467917686901086
1785	-0.23688681028357883	0.05439749487737207
1786	2.4811933752757342	0.7246644098352119
1787	0.2072056056525134	0.005226072003568415
1788	1.5132034341310272	0.5408815370502575
1789	1.0303877209742058	0.3797326408047741
1793	-1.0410996563985022	-0.40233195801893473
1794	2.132630113039803	0.857410286889621
1795	-0.6065404737785557	-0.0707289631534707
1796	1.8994633963564187	0.6101163133689977
1798	1.3392371135720933	0.4675967129257026
1800	-1.6056327422606653	-0.5101204786220646
1802	0.7918673550035161	0.2658508039681804
1803	-1.2746998525419586	-0.5895707233836758
1804	-1.268791109407517	-0.2224075222175253
1805	-0.7969748791204991	-0.3303056840283912
1806	0.1568827929045376	-0.11663574716059139
1807	-2.483548051475526	-0.6240804104114679
1808	0.1794366023318184	0.15009161585753344
1809	0.8471120515124079	0.49249460786717236
1810	1.430433052163148	0.487130705829299
1812	-0.3285567594577704	0.015388326477024816
1815	-0.5683054479093068	-0.2673017367462887
1816	-0.8735250989098763	-0.36942159051341955
1819	-0.023448148340977526	-0.01845995581207613
1820	-0.11301332874446562	-0.14761391002077562
1821	-0.9450592472319986	-0.2522741723774301
1822	-0.21633473367349396	0.08998315651150664
1824	0.7343925355150535	0.5176737534371787
1827	-1.4404517527892597	-0.6018765181374433
1829	-0.007002989564725198	0.09880335414834499
1831	-1.583472537189351	-0.18443118907228254
1832	0.6006671629149944	0.351729261928597
1836	0.6353695180600223	0.31894417787144547
1837	-0.5261853919118484	-0.14568829088417212
1838	-0.46416287252760247	-0.1707821037502445
1839	0.05781102279865796	0.21607079222657538
1841	2.382824197478355	0.6368176176684445
1842	-1.2285259543452238	-0.5968591131288142
1843	-2.494785940244194	0.011863849537292609
1844	-0.47458340817316785	0.179406690125913
1845	0.3872783546867542	0.3878006953826354
1846	0.5984982239813395	0.22608259914221815
1847	-0.006331902409756618	0.23216888006282443
1848	-0.4107291623234121	0.12215118727450122
1849	0.21106354382168802	0.011132540987126766
1852	-1.4314458005679127	-0.6212169928357831
1854	0.1536129470583374	-0.08751070541073278
1855	-0.0024254087742024144	0.13704162495943387
1856	0.0457346867469708	0.045777279322869895
1857	-0.12119846484736924	0.008955435646867807
1859	-0.06358563574012502	0.3246619680531246
1861	0.7132593570742913	0.29864577106512874
1869	-0.22492801061500617	-0.11343377908504645
1870	-0.06500923601568882	0.1693922694030841
1871	1.3063818631221265	0.6451249262424184
1874	-0.5952043655938735	-0.0688315130615714
1875	-0.32961612137682383	-0.1685877888512191
1877	0.40407995884347236	0.05297252078839206
1880	1.2528876920322107	0.8949179224241863
1889	-0.2929807136084476	-0.13438995678314047
1890	1.3122523541687046	0.6172301168085442
1891	-1.3394940084381364	-0.48180489354346767
1892	-1.4658679042599891	-0.513887814162145
1893	0.24475459519408832	-0.3366719789580981
1894	1.9855689707881372	0.9266463845543527
1896	-1.8221756108091502	-0.6136375435213055
1901	0.24288946197129416	0.10164153302572702
1902	0.4520457264134028	0.04378924623871301
1906	0.7040054589377183	0.5681665901920919
1907	0.23494833726299785	0.21802624221480177
1909	0.02777552764102581	-0.2140476997043189
1910	0.10676839653559517	0.2778180672121761
1917	0.03349323924893241	-0.06857287525355957
1936	0.6155963654504585	0.1566131426144704
1938	0.17198538343808695	0.07574103603126334
1939	-0.41200901813599206	-0.3785022168187099
1942	-0.012105559435965363	0.04758699954751988
1945	1.4877937746324732	0.5857861558934567
1946	0.280862589017165	0.1791231756991497
1947	0.0036624442138941116	0.02600777222119715
1948	0.5397368303161559	0.007628441173004576
1949	0.03481162263154236	-0.1768208178609409
1950	-1.8006083261557309	-0.6443228263347206
1952	0.186863274502095	-0.059005660722518866
1953	-0.40592095264955386	-0.31509204199179863
1954	-0.09754043629651933	-0.0959735580306531
1955	-0.13927337651587887	0.1029294131327202
1956	-1.0573981578497762	-0.28473580412536287
1958	-1.4382619305055537	-0.18147687085862232
1959	0.12057576766900505	0.5767316807769932
1960	-0.3232326566018974	-0.10423377518152319
1962	-2.0365760626683396	-0.6880889397676586
1965	1.154898061923308	0.423182113601324
1967	0.9212537775258521	0.07323227459253435
1969	0.5706001846028874	0.27839181927944634
1977	-0.21645548875563742	0.004862993150391459
1978	0.8233791705752127	0.5205236541625247
1979	-0.5388515778883849	-0.3076499726555553
1981	0.8131446683079533	0.33320886841420827
1982	1.2480603415581704	0.5445293855344809
1983	-0.7763946513284139	-0.14461150165166975
1984	0.16369375504405334	0.06597387213781893
1992	1.3425141658892898	0.523699702441754
1994	-0.38110808621837167	-0.3148147456894422
1997	0.6140184667351672	0.2967976233365679
1998	0.47113229717091243	0.30515444151925203
1999	0.9643567477668689	0.6313183057743408
2000	2.665629187173534	0.998758702451736
2001	-1.103468450089173	-0.6027997373321582
2002	-1.0582084791913138	-0.17878132932629437
2004	1.6765439000588374	0.5393831462498113
2006	-0.20632846469576427	-0.2566530108734157
2009	-0.031575167053290804	-0.1604797950287536
2010	-0.3354309713794433	-0.06402047928455906
2011	-0.019620648874279542	0.04102454525634941
2012	1.0627013974442843	0.6700921611391903
2013	0.19346957076245797	-0.0860599397792596
2014	2.490850417201098	0.6587898011959473
2015	0.6875098616585505	0.15243437863946088
2016	-1.945859039906101	-0.6757700310596526
2017	0.5636379972845014	0.4421951022644078
2018	-0.35587412723634315	-0.013843527144012477
2021	-0.1973159009865079	-0.04417011141312376
2022	0.4114660217412739	0.05476728974739273
2023	1.4744594387164764	0.5960168939045869
2026	1.2857242941831104	0.01241756542026437
2027	-1.0586472428178846	-0.7187496806744444
2028	-0.08316822161906934	0.2256824617511633
2029	0.6848141282268937	0.026855008753508214
2030	0.5174514147617367	0.3056289738776027
2034	-0.5379383594120504	-0.22317829461991193
2035	0.9766926073819225	0.4409293211331733
2036	-1.0019204093093363	-0.5423583877370857
2037	1.584669295154638	0.3562490127641491
2038	-0.8253717342349922	-0.15136175121548848
2039	-1.0180039853312501	-0.17573445348517797
2040	0.6290049698340693	0.17651193689420502
2041	0.0904015138699783	-0.09090744650402552
2042	0.2296979990453022	0.01685411883828801
2043	-0.19834067886691767	-0.3573554244401156
2045	0.24427492546137464	0.13534575303951552
2047	-0.6309772856113169	-0.31000973181108216
2048	0.4027453684884579	0.27305562020152946
2049	-1.0050582446975584	-0.40847115044602034
2050	-0.09362850952591428	-0.12952777091503173
2051	0.473837254567493	0.2392799754628129
2052	-0.9454005635544758	-0.11258506716646782
2053	-1.8123109375114004	-0.7362349482761232
2054	0.4237823765982783	0.6744030716085647
2055	0.35543781651860346	0.14277132071285403
2056	-0.785918089816321	-0.31178256556697326
2057	-0.45604864652534616	-0.17112506870121122
2058	0.9119796180499746	0.28416188724071256
2059	0.7270543401274799	0.3238648490652134
2060	-0.03694966371147668	0.12449836109137248
2063	-0.13504983170026164	-0.07626158151565543
2065	-0.9963552380844519	-0.6859674237669535
2066	-0.43452746889759825	0.04988934918198538
2067	0.4918440306046661	0.13129661548193766
2068	-1.1551879946148498	-0.4244469617879428
2070	-0.6885516737918186	-0.7410619576818628
2071	0.7596069660937583	0.15530536712455636
2072	-0.24116486958942995	0.021454898907798274
2077	-0.948993432675426	-0.3312902161337024
2078	0.10762998081289386	-0.040485849610048655
2079	0.5831489027784503	0.3735334606017983
2081	-0.20735175599498198	0.04392981947969443
2091	0.48915171026764326	0.12311699052486075
2098	-0.38788532173529555	-0.3660810510693402
2099	-2.0872244672948117	-0.9360235726884393
2100	-1.0250235627107047	-0.44593017029001913
2101	-0.7079398967564131	-0.13872190236008192
2104	-2.2993715898762677	-0.5530841156827273
2107	0.6291338958953673	0.5284560899422395
2108	-0.8994931584969785	-0.29136104180184874
2109	-0.7832335988910234	-0.33750284032420685
2110	-0.4044738187484889	-0.3413728102076162
2113	1.427446640330977	0.7069018303550544
2114	0.2013297161411025	0.37563161118496724
2115	-0.15086631888531943	-0.4733469936184024
2117	-0.2317777658049831	-0.11522938670349675
2118	-0.34141104829282165	-0.5067069434687129
2119	-0.6910858955749694	-0.5341008949013482
2120	1.3854868938579328	0.8997891646306777
2122	0.5961902283018677	-0.019925139188177315
2123	2.143653593283033	0.8762159898524337
2124	1.9446190989956758	0.8932163831293644
2125	-0.8114553042798938	-0.272355505545121
2130	1.0971405845723974	0.3507297502788439
2131	1.433434685106714	0.34580954620267557
2132	1.1539918087585266	0.36740024733928356
2134	-1.072308202191282	-0.5065038051358781
2135	0.7215922611907328	-0.14764410109268666
2137	0.12159543238249171	-0.07793805801084604
2139	-1.3548831545427498	-0.4908427679938582
2140	-0.08381927297743445	-0.1491341271960987
2145	-0.3909856619450669	-0.37788222944484495
2146	1.7995240752731707	0.9480867492473843
2149	-0.1731510525886097	0.10760815187765388
2150	0.4699225535644799	0.2985725576804645
2151	0.9137017207104298	0.437450861434283
2152	-0.3564094011740382	0.07217739156906726
2153	-0.7415195979489027	-0.33912984907185084
2155	-0.4301656642229247	-0.09692792025659093
2157	0.04374614797257648	0.02788667044243323
2159	-0.5643270898612964	-0.4481712373918828
2160	-1.6916345735485212	-0.7207715928726853
2161	0.8963469325261623	0.5780616436038645
2162	0.9090352579443166	0.36095635527691294
2166	-1.2044909503489798	-0.47866180016415993
2167	0.848019424395353	0.18172008948696325
2168	-1.576433062768507	-0.47079860907275345
2170	0.1937810197590183	0.09350090765638697
2175	0.26920780621517226	-0.02829978312016046
2176	-0.5183295966025823	-0.4826433323654564
2178	0.7658268759796547	0.2054064794400169
2180	-0.33528521781543585	0.00663170708819363
2181	-0.6036567552216681	-0.38065826775021183
2184	-0.679761840561731	-0.21782972015971455
2185	-0.3175475204647863	0.07645065328424436
2186	-0.026093715386049626	-0.12679920485887045
2188	1.2678935709402241	0.1607508791915696
2189	1.497948146522059	0.5048717068982708
2191	1.107502246578071	0.6249412301315438
2192	-0.018555303232560747	-0.06266510364004374
2193	1.4302110032489717	0.5154454025150133
2194	-0.26287863672843315	-0.10322643986160553
2195	0.16494926269434798	0.20788168591042266
2196	-0.5205669444709504	-0.20316272241088237
2197	0.3299687044463401	0.022621176827345477
2199	-0.5477922758924854	-0.5429713571097223
2200	1.6696459467829012	0.4110214444678584
2201	0.7556029031289688	0.20926125306023374
2202	0.16510737748581067	0.041040135495602134
2203	-1.8065807423397742	-0.5744357103623403
2204	-0.10123475583790309	0.16910779652636063
2205	-0.3185723366941908	-0.37839319384315606
2206	-0.40730529542437455	-0.29960458755259356
2207	2.3234696513257576	0.8975094503947155
2208	-0.2633694869055349	0.03013895068582957
2213	1.5190314968926266	0.7194487554716271
2215	1.0085314816953697	0.6263797207395969
2217	-0.5930462281600359	-0.45289611492287846
2218	0.6162959225038926	0.12209866063280557
2219	1.8882684641110488	0.6635993801784927
2220	0.8725016228971845	0.7536358445412263
2222	0.4535044682206407	0.14950187436034232
2224	0.8133660191431878	0.13326026346620468
2230	-1.9531491828015963	-0.6002393229855231
2232	1.1632470408164766	0.47503541048752074
2235	-0.999851019444514	-0.38817604182691967
2237	1.2588470304714132	0.6054390560251657
2239	0.6136075012612117	0.4284351745040359
2241	0.10309619830047675	0.0808927980153889
2242	1.3292540601885374	0.4277853157217028
2243	0.7583374165106092	0.8207320159045055
2244	1.0521004577923543	0.7275818374207981
2245	-0.11547332824838205	-0.09563894070538842
2246	-1.1580874394155047	-0.08432861700515995
2247	0.5767648655301523	0.18039713103357588
2250	-0.8109694522281244	-0.19368963201576797
2252	0.2443259560574262	-0.07277534385556031
2254	-0.7141196459586452	-0.45853304614884444
2257	-0.7173444368039834	-0.3491368037697445
2258	0.2933882273323691	0.2138669481471171
2260	0.15092030573774462	-0.18316805161978855
2261	-0.5237594387185969	-0.3532998515971039
2262	-0.724988076951909	-0.32492893844852627
2263	-0.11489671827879411	0.25091487862464934
2264	-0.24693788332738242	0.05925521723380269
2266	1.0853582869890406	0.7211764136333283
2268	1.8456683920151202	0.8948717462974016
2271	-0.2172007225779561	-0.1488521501051093
2272	-1.371732342082417	-0.5769560110979556
2273	0.7938896062211208	0.33792359803630456
2274	1.5514902809521374	0.45538621876794116
2275	0.5084566038952156	0.4428527322973201
2281	1.2119828790128484	0.4746700063891211
2286	0.16842809632990122	-0.24395211005263973
2287	1.7195331265771023	0.630422752613252
2288	-0.707607581831688	-0.166992648256455
2289	-0.6228308026295332	0.32739504062705593
2294	-0.06939249468746386	-0.23058962369507346
2296	-0.06642418239694814	-0.06284246401585125
2297	0.5713793272405624	0.23821430473552294
2299	-0.8926361749846385	-0.21410170614539545
2300	-0.24240421871614287	-0.037556093589185685
2302	-0.27557534997838246	-0.16986109962800072
2303	-0.7696486737291607	-0.3512610419874549
2305	1.0985506401794154	0.4516837677269181
2306	-0.8877991339902809	-0.318697229804158
2308	-0.8689016466643706	-0.17378283949375198
2309	-0.8289153153292583	-0.25890977496522793
2312	-0.22660964685968438	-0.16391094313403176
2313	0.9895909172125523	0.38512767700910894
2314	1.7417526663597571	0.6383676067135259
2315	-0.5015653536715737	-0.44088774917787166
2316	1.300861748309217	0.5606203235464087
2317	0.3033773185523563	0.01630229978158635
2318	0.12119594981227663	-0.0616819839300755
2319	0.7327831234835387	0.564775026593115
2321	-0.3469662871793236	0.07732712997124333
2322	-0.19549488797895603	0.06997443920809096
2323	0.8388105230396713	0.1769614686700679
2324	-0.29281844997850454	-0.20308384393371431
2326	-1.24983051136003	-0.5913819319254454
2327	-0.7821116076223308	-0.7255894578969264
2328	-0.12727789132593115	-0.1880449104223283
2329	-1.708774478770163	-0.9049079987336395
2331	-0.04680479900773066	-0.20399403861868334
2332	-0.40153166783093464	-0.10217830532065623
2334	-0.8432433724844228	-0.1856081060925449
2335	2.0086978932467	0.9134075588138341
2339	1.5414725314760425	0.4257781469498998
2348	-1.5548563356353862	-0.7715699807501342
2350	1.0734751081037786	0.448039681655957
2352	-0.30589209150407415	0.014945223123740973
2353	-1.2867291735893545	-0.10679431600378918
2354	-1.7430465372339303	-0.6346805299729642
2355	-0.20711375858989692	0.5764054423269162
2356	0.04575993823370121	0.28170458848612634
2357	1.0831957023150656	0.8644201225312751
2358	0.45387432677364525	0.4936627552387258
2359	1.7637378133016077	0.9472995036531751
2395	0.7607536135229025	0.20436134417465157
2444	0.4573426523678544	0.15842046766563472
2475	-0.4268192895428978	-0.03239737539085985
2487	-0.006246729426660269	-0.5299515337961278
2491	0.5032527254763071	0.14774287982142728
2494	0.554678071869706	0.24930862399228831
2495	0.9824554630104305	0.41653927632561977
2512	0.11565041300077943	0.1498796683196583
2517	0.2612079374083405	-0.11508044003874156
2521	1.356346144830001	0.4049589447780544
2523	-0.05675011148601472	-0.2162470321705526
2524	-0.07188964013835875	0.019336046319961303
2525	-1.2948229953282682	-0.6089518285607962
2528	-1.2769295341854308	-0.5001715447157808
2529	-0.41253165769050304	-0.10243364952643678
2530	0.34825962266954025	0.08362827601858018
2531	-0.2701696255542931	0.04545372397081071
2532	1.2267264798163982	0.4541190899093891
2533	1.5500411362901632	0.9809273760452354
2534	-1.0329598229658132	-0.5041654881389148
2535	0.06325904909822486	-0.01110788479377093
2537	0.7138200463463936	0.17209687313435612
2538	-2.8290669957828736	-0.5415253006544927
2539	0.9777926493238023	0.7387330514707009
2542	-1.6756575524257147	-0.39786931093641553
2548	0.2973690890338528	0.27252652172243186
2549	-0.6717338723311823	-0.4128570803809088
2550	0.20358749229711068	0.08008618640858256
2551	0.17109562134981218	0.12561492696267365
2553	1.4614451228511576	0.597477325060294
2555	-1.0326568089920736	-0.46026976462122704
2558	-0.39850161928369865	-0.3656751483466438
2561	-1.2948007458216577	-0.6343749525926576
2562	-0.9907614202237971	-0.5572065531132917
2568	-0.031121126344700205	-0.13183254132898142
2570	-1.7116966266509719	-0.3514174502965662
2571	-1.7142480005836145	-0.8587761629325323
2580	0.010030624834529378	-0.014818769564636295
2581	-0.7090354661224126	-0.3151198517228848
2582	-0.11724523640583193	-0.06793967971521586
2583	-0.5800218694648653	-0.16331785114240507
2584	-1.5431992393771305	-0.4927492864846846
2585	-0.42030963778712865	-0.27529849835560005
2588	0.8881330550928483	0.26919829499004194
2589	1.9070526899048024	0.6470442732259357
2590	1.2770948995182427	0.6655862943723692
2591	0.912401728818161	0.29927280562760067
2592	-0.23324185688133772	-0.3093701616810562
2593	-1.9789531020318898	-0.7102392872394292
2597	0.9963858375129092	0.4416413168870494
2615	0.9626738813061486	0.36266856097791667
2617	1.5781415307467013	0.701652321737132
2618	1.9204300747756844	0.7820710005886895
2619	-0.2988166737407551	-0.12024744718768136
2620	-0.19710246614129506	-0.44348731232515937
2621	-0.016802721654031183	0.1562338607993862
2622	-0.46699099132940824	-0.2295129221181902
2623	-0.4272698623865233	-0.0756623831058552
2624	-0.297949435767604	-0.429058580071107
2625	0.2786556223658811	-0.280459873908768
2627	-1.3591651327827587	-0.3449790593132385
2628	-2.0803923373980697	-0.6333407443331222
2631	0.11366251156112239	0.14341316593111247
2632	-0.005852959767163685	-0.19012357958288184
2633	1.7374456033872483	0.7095806806662702
2634	2.672624887895233	0.9197927919984227
2638	-0.36074814598106275	-0.11272907765078982
2639	-0.961976542827562	-0.3956166491712775
2642	-1.310009532662317	-0.3951060416985073
2643	-0.40559584885390987	-0.0644242600942783
2644	-1.4497080436339862	-0.5016767458841065
2647	-0.18996425349318846	-0.15054316110315297
2648	-0.27191318459129776	-0.24546796010484
2649	-0.8518707240781869	-0.3590999124791424
2650	0.9194217139438223	0.6072021834158234
2651	0.06618183099744318	0.06923005268617577
2664	0.03251392637183009	0.26516080058572394
2665	0.3671342271444451	0.0725395923687486
2668	-0.8229927931480674	-0.35895922565232313
2669	0.034271512498475376	-0.0399338992195898
2671	-0.16833442997354076	-0.26747210676907696
2672	-0.034282778494663366	0.06919519479476119
2673	1.0460694244564988	0.3694432110315496
2674	0.0011155597042062787	-0.28452086245356073
2675	-0.3522222768182531	-0.2462966031757544
2677	0.3821602518823439	-0.008788635015385814
2683	0.6948468250642145	0.3857972166067255
2687	0.45924296720936186	0.2047668164269472
2690	-1.6912976858954623	-0.4765789340989756
2692	-0.8514550442866884	-0.5420873397222429
2694	-0.5272749239153358	-0.21731272189589015
2696	-1.1551484480832872	-0.34421549758232295
2697	0.299709095350611	0.4309258205567491
2700	-0.9682375101072627	-0.30893509251475326
2701	0.43326881251985166	-0.1652255070699984
2705	-1.49744839884279	-0.5697741991182051
2707	-0.6061544549271212	-0.07946847291731526
2710	-2.6889896305731975	-0.7047076532620536
2717	1.73485297636417	0.5951515067168847
2719	-1.5463112098302112	-0.8263294772274112
2729	-0.43780919160436593	-0.010976888658545847
2730	-0.20305564965971928	0.12025508178528468
2731	-0.9913352573151768	-0.2905159145027931
2733	0.5432712031561111	0.20750569369901925
2734	-0.450685835242597	-0.25222061716934785
2735	-0.7551123848564039	-0.33031307060780696
2736	0.094744995365842	0.08736785122903853
2737	-0.7604309169224398	-0.4583885167151188
2739	-0.18171630066503383	0.01996219550030956
2740	-0.8986997172429371	-0.25809028046553506
2743	0.6747028209346404	-0.029089917114022645
2744	-1.040442868417868	-0.3140569597633645
2745	-0.9639278365846835	-0.29007611026219277
2746	-1.4937571047126492	-0.47314602461503186
2747	-1.0059824098311125	-0.4621531276628018
2752	0.6341551617591669	0.8294601440426079
2760	1.4366991556986004	0.7117945500113732
2762	1.0285767684464382	0.2752187304742492
2764	1.2894237224124088	0.44990259946866273
2766	-0.07549179854360447	-0.1511816504874018
2767	-1.1899087432408002	-0.3741271451160735
2768	1.269273277803432	0.39536968145723694
2769	1.4318440113464697	0.7689976513660766
2770	1.362446971467676	0.19781408235682263
2771	1.0320463352498037	0.41617714338829004
2773	2.0192862026345995	0.7375466679967076
2774	-0.4631696483072282	-0.34579725420291296
2775	-0.7922423812836408	-0.31927691978627515
2776	0.14236355133794318	0.3098230477561743
2778	0.5294566551864663	0.1937123364998209
2780	-0.42303067637072145	-0.23923121952706486
2781	0.08656922542210727	0.11713071378710664
2782	1.2246033342093805	0.510481759935938
2783	1.1312248662477296	0.4503334891814884
2784	-0.8868911625319733	-0.4616442685457143
2785	-0.8509913279125965	-0.4328845572969784
2786	-0.19591256132864554	0.0881232089883458
2787	1.4069388957839868	0.5272542035705252
2788	-0.22699718717963524	-0.23727515627018753
2791	0.7184703738740106	-0.08613931928653489
2796	0.27707925677383544	0.1437121830412416
2798	-0.40982991745287617	-0.05735463161264967
2799	0.35061454285033583	0.04800979598667467
2800	0.9063816409191195	0.014169461888735487
2801	-0.7221994109475611	-0.355477810417388
2802	1.1246726154273654	0.653427548670297
2803	-0.4677386512043573	-0.19741766568190366
2804	-0.4566841288559824	-0.18701158917119473
2805	-0.8522926240394122	-0.14441564284005298
2806	-0.1619774463809791	-0.005348345240037536
2810	1.4651148146255026	0.8487822951505499
2811	-0.2551835338834476	-0.11004091049141249
2813	-1.2810504907743168	-0.6354835871847788
2815	-0.33890377756588663	-0.23288903579989814
2817	1.1463716383271088	0.6471845900860043
2819	-2.236093607584086	-0.7675796663449477
2820	1.4478508963761247	0.6887855405365535
2821	0.8381321378555838	0.5570978280973562
2822	-0.6841402140799051	-0.44943083400866124
2823	-0.030877128590069247	-0.1907422384499266
2824	0.8909581715690954	0.1302770663903914
2826	0.2459186643809911	-0.035896761050521156
2827	-1.1467603220471259	-0.3551177107644518
2828	0.30752828314318537	0.12380824361278331
2829	-0.3875086347486937	-0.1385738930755339
2833	0.37279582038792036	0.4075330265528704
2838	-0.6744442429651247	-0.15382862300115052
2840	-0.38083290049051	-0.11124740019810027
2841	1.3212404474443642	0.44938860661606383
2843	-0.4169536945465939	-0.26700780012023667
2845	-0.8964303412339868	-0.19366725555243725
2850	-0.3308358117897104	0.0028900002746676326
2852	-1.1270876393123535	-0.5736553892306097
2859	0.5024753016930675	0.1667928092963314
2861	0.7576069119115629	0.27427224645168713
2863	0.8939333489387059	0.2911398176642897
2867	0.13224196954156245	0.20562567792544567
2868	-0.750208574258755	-0.3312854906894429
2869	-0.1607766644606916	-0.09537494332374839
2870	1.024818453870194	0.41370115793018314
2872	-0.3944505960446895	-0.1519647690039731
2873	-1.045309714706474	-0.42811910560583016
2875	-1.0630419023109279	-0.3467945963228177
2877	0.8854014070883254	0.8732821449287261
2878	-1.1833465964712546	-0.20377002653910387
2879	-0.11719538026630993	-0.1820307815149671
2882	0.9260857308268206	0.22680345035423355
2885	1.7919932034173698	0.7084331243094274
2886	-0.1619873199493284	-0.21179061579230635
2887	-0.16697028979678208	-0.09245781549717733
2888	-0.023525219359986256	-0.009686796159788486
2889	0.22465736875755993	0.4329409610115138
2891	0.17199102528644408	0.1458434952055163
2892	-1.162490406038195	-0.5883181168249859
2893	-0.048909562566807716	-0.025542069334183518
2896	1.3704940304107411	0.49489767035973803
2897	-0.25945413955081537	-0.11173303277118372
2898	-0.48616470886299656	-0.3638862959243848
2899	-0.9574479199340113	-0.28694187548990746
2900	-0.3323043408661105	-0.17218492242515038
2901	-1.234857762828929	-0.34318442783135983
2903	-0.14105409859592039	-0.2335626478748496
2904	-0.7009213073994396	-0.23310424774955094
2905	0.047570091174691596	-0.014665612428289329
2906	-0.4591046664501922	-0.20024327847175452
2907	-0.8614908422978574	-0.334426159280745
2908	0.6846636163400732	-0.2629692600040711
2909	-0.8804162708301375	-0.36088244936867897
2911	-1.2308354822274845	-0.48772505129705157
2915	-0.32601628680233424	-0.0718945576046312
2916	-0.6305992085952716	-0.21773472618680034
2918	-0.4276583448622268	-0.2315387033984513
2919	1.802725986948825	0.8069071467699718
2920	0.2920798225652818	0.7158208260006145
2921	0.8190960918343206	0.49149942370597144
2923	0.6462084031343103	0.1675396267968685
2926	0.5533573302684556	0.15828220460942072
2931	-0.5836973290992757	-0.1383273537286353
2932	0.39886871649515204	0.13491326150743685
2934	0.2248852827884198	0.118006237116721
2935	0.5502566339884598	0.4430344174459442
2936	-0.5490105863605181	-0.07598168290718427
2937	-0.46704450172045386	-0.2747292170907379
2938	-2.1839741399086514	-0.6986567288119718
2941	-0.74227523680981	-0.5255588060636349
2947	-0.8593710877020958	-0.28746601394898297
2948	-1.4801624312018253	-0.45049482832687904
2949	-0.44266997070488234	-0.2727020519991909
2950	1.6092011901068959	0.6779498505604429
2954	-0.21988992718531977	-0.27342834222758494
2956	0.6938122318357536	0.32339945585107027
2957	0.019205219168521914	0.05970050451001094
2958	0.018772532856021873	0.057905608257592285
2959	1.195055746110023	0.28606752694679655
2960	1.2656390864711478	0.46794871312013686
2961	1.8208650665932526	0.5745227807129385
2962	0.09733581612496049	0.08869892377976216
2963	-0.2897502714407052	-0.11905303501714976
2965	0.8438847714825343	0.089819295774839
2967	0.2795176630963563	0.1571947945640292
2968	0.7502033896458754	0.06119856344187044
2969	0.5475402313879653	0.2708429706671345
2971	0.8488986786819124	0.30346670360950345
2972	-0.6154675272291	-0.4339299888758673
2974	-0.7524850988234367	-0.26797690497901566
2975	-0.4373694325148944	-0.057494191965983786
2976	0.21703345687974374	0.048873168650519175
2977	-0.04016042955264898	-0.058703557925911615
2979	-0.588715641990803	-0.22446858332368122
2982	1.5829604740158039	0.15252224669481587
2983	1.5026078912661833	0.40946563686018
2984	-0.013662345106405863	0.03660933983457692
2987	-0.05322434103792728	-0.25801076961330727
2990	0.6110396728176353	-0.03125359934227406
2992	0.8920129021652276	0.4368396588446768
2995	1.3483973999311512	0.38325169924972163
2997	-0.5637510825643955	-0.07475721098755739
2998	-0.245528867042541	0.043009089309670616
2999	1.3998411578149361	0.7819592551102945
3000	-0.8844836580961217	-0.43675510831551745
3001	1.9214420910464094	0.7341121407666658
3002	1.3563913956187372	0.505557105118982
3003	1.1912397442750962	0.5862580436250789
3004	0.4228818592617477	0.21007345949806536
3005	-0.3016357924434457	-0.4285767507421697
3006	1.2855954784088306	0.33511546411077237
3007	-0.0846386937145126	-0.003596766605937246
3008	-0.2886746494938354	-0.13993077038908008
3009	-0.41988186126817506	-0.2256676099817497
3014	1.0602902814476927	0.8079948864721272
3015	1.340239585819584	0.47733688915927946
3017	-0.11036617834473315	-0.312772257500054
3018	-0.17890803298869346	-0.2751747884772043
3024	-0.12411686872699368	0.07688674246632476
3026	0.45919258902337906	0.47878041976104335
3028	-0.016546611132513267	-0.09567281407225964
3029	-1.3911648149482378	-0.5845895004275972
3030	0.2731754997261594	-0.07523406001929983
3032	-0.7509741005853601	-0.2033127271262964
3033	-2.0342967334779347	-0.6550575627009281
3034	-0.11261108588734167	-0.03418807859064554
3037	0.030714910753605912	-0.12847659507266815
3043	1.1437891524516264	-0.05643898582027654
3052	1.1088569682302567	0.4435168102007442
3053	-0.4534376385524253	-0.5507915004318094
3054	-0.4429501256754981	-0.10427611174197443
3055	2.2952684451822356	0.8794409435813448
3059	2.3610804760837256	0.8882502611747873
3061	-0.8130025233592069	-0.16154453299802504
3062	-0.6864209830725185	-0.24900547360838238
3064	0.8816467639468164	0.3832716654230332
3065	1.2002440768252258	0.3834772676156567
3066	0.7388565960639948	0.1913565644223199
3067	-0.2804412879057916	-0.1948285332528981
3068	-0.4577126956119383	0.058099196639370736
3069	-0.7456863960810194	-0.2522393452634694
3071	1.8195245318654503	0.9235401568855006
3073	0.3439772593564559	-0.14054613757973852
3074	1.9447618344536504	0.6694860736009192
3075	1.067117912203741	0.3800981279496571
3077	-0.7491416863087608	-0.4169478155429961
3081	-1.5620979790895326	-0.5248375645629695
3082	0.9983423426103917	0.38534664800633944
3083	-0.6736910766458861	-0.3175282510432936
3084	-0.39074319484673614	0.07260132192206031
3087	1.5256342363582498	0.34777258042640985
3090	-0.011034511072194775	0.07828481458935055
3091	1.4660444018504522	0.8092690031311436
3092	-0.004276722545810574	-0.10480775153647744
3093	1.3743363368380708	0.5693209310772682
3094	0.5830331451992692	0.2475865772945348
3096	0.06350238073723113	-0.07039555604533923
3097	0.08296236964605376	0.09538844001138286
3098	1.9600097170658974	0.7296885578931009
3099	0.8340754110574795	-0.042307485647484405
3101	1.3342925985171632	0.7921998875561223
3104	0.0013778784630592011	-0.21772477794605624
3105	1.4484940843437828	0.43351336937516494
3106	1.7619045904333033	0.5554171879226856
3107	1.3096920718206964	0.4249697529043958
3108	1.6863339006366558	0.6045725211943036
3111	0.7531866847351352	0.6275457954971067
3115	0.8845082779244207	0.08444178634644534
3117	0.287450211441982	0.11848563993558042
3119	1.0239729295559348	0.37418979398176394
3122	1.7731686797403134	0.6711224233321947
3123	1.9163374946494578	0.47928705974319724
3131	-0.7825022192185501	-0.3803280196593155
3134	1.5150495138405848	0.3879222106451601
3140	1.2199469162659318	0.4523859434830412
3141	0.4157202910367307	0.29770707297503873
3142	1.794527496051669	0.2973500467670394
3145	0.8013301115038387	0.3543824114470635
3148	0.7975494257111277	0.4630309904690322
3149	0.33621341558338325	0.22250328540192635
3155	-1.4331005033955377	-0.6342538290610077
3156	0.2648535730019538	0.34570961721413695
3157	-0.13116192722240363	0.06767857830899082
3158	-1.570198212610197	-0.5598287247210305
3162	1.2750443264437559	0.6971392013554097
3163	0.19451266997579209	0.22661114420331718
3164	-2.071012291461393	-0.7939939556465456
3172	-1.9583031264935755	-0.707318385386823
3174	-0.8536325586619659	-0.6407497469148922
3176	-1.0259991365718708	-0.5542549816429384
3177	-0.9570268326052009	-0.40232297227123737
3181	0.5643306710445336	0.11490293623459436
3182	1.7459019462518566	0.7409841710477727
3184	0.39343234739472116	0.1733838026754494
3185	0.7376038343072916	0.31483569611494744
3187	-0.4404091077512953	-0.014332392461102822
3189	1.1074170261253569	0.3385344946891953
3191	-0.7141080679273926	-0.09716598570943477
3192	0.22991445454738768	0.013846379001919915
3198	0.8206941045766614	0.4229615337170233
3199	-0.3980554616635241	-0.3138111979104033
3200	0.9101011112234851	0.32111221171151466
3201	-0.06322445330328438	-0.3380378972954675
3202	-0.29350172934903956	-0.5467090211253727
3203	-0.5916666464958783	-0.30396643159873227
3204	0.08403972604423307	0.02958856974638986
3206	0.6727303348455204	0.0009322414101098631
3207	0.21515244413560203	-0.20540845964484125
3212	1.4615309832262005	0.28876434727577144
3215	1.0249539982124496	0.3709465902330442
3216	1.2106629281765742	0.3137397505889277
3217	0.7572413334417503	0.0045756850961916964
3218	0.5335658844229162	0.15467340023168707
3219	0.27029406905141573	-0.03650446406380524
3221	-0.6182830723937118	-0.501016145026844
3222	-0.09397490026148914	-0.4933630132297583
3223	0.6614982001628104	-0.12372826305832446
3224	-0.8430063733236444	-0.22184471561843397
3226	-0.6974524242136831	-0.40571718635733217
3231	0.07929886347278155	0.13418140234075981
3235	-0.3983388106130202	-0.4643979812068497
3236	-0.18849782779542087	-0.41299941693977316
3237	-0.12404677043946434	-0.24385253252411687
3240	0.7793279869915908	0.5876015554254764
3241	-0.581056042802147	-0.10269361454075886
3242	-2.4088110838586125	-0.6501262164294712
3248	-1.3594359407055887	-0.32111947231201476
3249	-1.5074206039911218	-0.4799601740508186
3250	-0.020435406295955735	-0.21399672360404054
3251	1.177995162273629	0.5366354704834431
3265	1.3904595319189783	0.6096369953413432
3267	1.239415546326424	0.6966502096472613
3268	-0.3169959482142492	0.24528988605231014
3269	1.5487414331066125	0.6979777872240951
3270	-0.5008858520639871	-0.3618928532582897
3273	-2.6567530428541684	-0.8857920973045739
3274	-0.4696763030894979	-0.13192544241069715
3275	0.3733418373178825	0.07372701560435341
3276	0.5041952982340988	0.306781897339537
3280	-0.6699083582268714	-0.2944289312928507
3281	1.2630263010022198	0.37256744647388984
3283	-0.5266619619209463	0.037598920649116435
3284	-1.3536136509115193	-0.3463690174473312
3290	0.7508695775599387	0.6737912153323251
3291	-1.7209897153551847	-0.5725215123290706
3293	-0.5472919345906828	-0.16441056390164713
3294	-0.4704790130456585	-0.23877785832610457
3295	0.8783081389589598	0.12320470383658289
3297	-0.23339505856913428	-0.0564229948393603
3298	0.20309087723904617	-0.06599128229210133
3300	0.26791602803345216	-0.15833817989455629
3301	1.3316178378057675	0.3556098939659455
3306	-0.8345505880633153	-0.17531690296770006
3308	1.1250628862902496	0.5695643199655799
3309	0.9389267870439659	0.3953362987043156
3310	-0.49840912646940894	-0.12643281701905412
3313	-1.1706357930013644	-0.43372504518480315
3320	0.022286601724920335	-0.03460798239191628
3321	0.7183010520824669	0.26500419133574443
3326	0.05017686261363144	-0.0046676319893157875
3337	-0.8175944622036645	-0.3122877494537037
3338	-0.27599241534582164	-0.3209734266764093
3339	0.8302660135824826	0.28943456850083166
3340	0.273729790031375	0.2634775834756795
3344	0.37954700996982793	0.3794009458321463
3351	-1.1089112548579787	-0.26478597393026626
3355	-0.8319625695320242	-0.17900506040186748
3357	1.3006741809804243	0.18688979811134715
3362	-1.3795962002450621	-0.427265918883828
3363	-0.40165356668865865	-0.1594926193237655
3364	1.6215449835013567	0.6099677260878393
3371	2.0224897314464334	0.5834233188129091
3373	-1.168336009157132	-0.5078873877146661
3376	-0.16217132995588562	0.2295940128917433
3382	0.31423428979896617	0.25906405683522665
3383	1.623535995265612	1.0376699739049353
3384	0.8983915316406723	0.06454746365377803
3385	0.4196432349182848	0.08776835345158006
3386	0.284210763063414	0.0823973707177178
3394	1.5973144222748767	0.6765230469700336
3396	0.044738912343685655	-0.08702416971638521
3397	0.17854465434225963	-0.21752382868248993
3398	-0.6746163830485636	-0.29770730963996506
3399	0.6145352394682077	-0.020448481402139826
3400	-0.6980709256624255	-0.22832451281423163
3416	1.5487395729678006	0.8239318732844854
3417	-0.20030791424541786	-0.17033373364560825
3418	0.4270577001367095	0.20649211245595522
3419	0.45384352827987606	0.4790214979477808
3420	-0.9798373325470985	-0.4272850170684512
3421	-0.49473509617135497	-0.18692980566207754
3422	-0.8265984844557017	0.03676884188183693
3423	0.7020601624122164	0.45828917569724803
3425	0.7302758400624926	0.304179103606971
3426	0.6813185950496549	0.31733159870634947
3428	2.0645352188367085	0.7098437258586608
3429	0.742014252675212	-0.005207152774182058
3430	1.6457765874643084	0.48636347139204317
3431	1.3796400396222555	0.3623192248428362
3433	1.449099721842017	0.4001861649963502
3434	0.0718411892832998	-0.4656365824952131
3437	1.454241919614343	0.3961826444109188
3454	1.6843826512226514	0.42579953466519727
3455	2.622643195899987	0.9099821527255372
3459	1.3520967864324254	0.7043280121040061
3460	2.2536676348559355	0.9323852436692175
3475	-0.262140545149932	0.01155546280228631
3476	-0.6257155133834923	-0.35529969153339286
3479	-1.2285116319656808	-0.3937421298558207
3480	-0.423215903414088	0.0817814234795668
3482	0.08150810146776256	-0.04789987158480899
3483	-1.0931519450719622	-0.36045765539195657
3484	0.7385352274753539	0.655620445035086
3485	-0.6845055226830448	-0.23407164290787455
3486	-0.25837039005932694	-0.11505852236996139
3487	-0.5459088310415283	-0.1557480713299162
3488	-0.8017745165517935	-0.6366354282506728
3489	1.3913649392537015	0.46924879775384143
3490	0.6558759233793345	0.16877275273262848
3491	-0.5455362176848975	0.11750951595578038
3508	-0.38628587903794187	-0.13461291224648525
3512	0.5519261251217338	0.3036227932358024
3516	0.5994518168574086	0.27209968642071286
3547	-0.3453886071234384	-0.3220476618381399
3549	-1.539104023067872	-0.5722928204371056
3551	1.9080074438586323	0.5720021174757546
3553	0.9387480423575499	0.72661956311514
3554	1.2508149329649625	0.7444412447951324
3556	-0.03338525749420393	-0.008073041787742402
3557	0.6654797683827168	0.6003642652746134
3559	-0.23838933025926498	0.1923016047132795
3560	1.309317916621729	0.6506295669240939
3561	1.2885874422533479	0.762515309680872
3566	0.9899692286581461	0.605016950068924
3568	-0.2715516143604181	-0.07542087796240947
3569	0.2754314212078187	0.7352315288882111
3570	-0.7195068325596623	0.19424492106710492
3572	0.09749961138754368	0.2657818782739785
3574	2.0985497499220567	0.9089203531877768
3575	1.2935664113305765	0.7247201591974022
3576	1.2131516028127918	0.8020552728660318
3577	-0.5389054588643587	-0.10891384016630909
3579	0.4366611709212793	0.4402382337949114
3587	2.285156496077198	0.7746430822926706
3588	1.9960625153349372	0.5116875085772319
3589	-0.10682276904132049	0.08568748882881981
3590	-0.3556664935274598	-0.18203386339264457
3594	1.1606092255412817	0.584201436212259
3595	-0.017807612643548576	0.2051480088260652
3597	1.6522206062759348	0.873194525462607
3598	-0.327995181384542	-0.2955640877348562
3600	1.461221316732927	0.6673741796318956
3601	1.210151554417143	0.5356438943924287
3603	0.8946448236498208	0.42387564442147874
3604	0.23789738666617838	0.13486357705524177
3606	1.180540875085678	0.7941544972588757
3607	0.07026588561464653	0.13711122919420515
3608	1.0799349766037856	0.37244714206418494
3609	0.6416203605224449	0.23151631534365497
3611	0.8642656775082582	0.35567623088909395
3612	0.3179196549885086	0.17636829807600135
3613	-1.5679285361678876	-0.6000854655388046
3614	1.8052823818609445	0.9126465816199285
3615	0.8725332194306745	0.25123793402544387
3617	-0.17398927764230465	-0.03490043785843136
3619	0.14093076218807504	0.19440579213159884
3620	0.7937668869981596	0.14639458832215696
3621	-0.9903952324074266	-0.19505448798801225
3622	-0.7954249670205384	-0.23532904897843512
3624	0.6358600506159693	0.3504820065396009
3625	0.148839706422275	0.22863337612263201
3627	1.2887847360974987	0.7693331675568875
3628	0.8060884853940556	0.36762765227321986
3631	0.9244160666333445	0.3399716370132846
3632	0.5869561553218171	0.04173534163562611
3633	-0.2618902447766769	-0.29708677080517915
3635	1.5331536239958283	0.6398642271735966
3636	-0.3400205358949244	-0.2233188680662472
3638	-0.124155427780138	0.14436227612898764
3643	-1.3757777079004487	-0.32189087681273765
3645	-0.3689038407657347	-0.16537449617144903
3646	0.7799734257307802	0.29812220167619996
3652	-0.636163982216736	-0.3248117465960821
3655	-0.16068840037006046	-0.16863189831260836
3658	-0.4408666952307808	-0.3100562622728309
3659	1.8565348192282822	0.7593366858708948
3660	1.305029838886307	0.4010259293556091
3661	0.460898733712023	0.2205703224748766
3662	-0.06595816887994699	0.06698324177694955
3663	0.2783715175696681	0.27665056797326304
3664	-0.7095445521476916	-0.3176810378286154
3665	2.265690991088566	0.6547154439638933
3667	-0.6289591271316519	-0.36032944836496805
3669	1.8132307749742085	0.6080022311900067
3671	0.2168213520509425	0.03423415923482734
3673	1.1562022514527164	0.5743914750343146
3674	0.15822813879209058	0.07165248914826797
3675	0.8591101083664723	0.5498815339644034
3676	1.7883041608652324	0.828086375152874
3678	1.225106346736073	0.5522306876963545
3679	0.03387916521863238	-0.3258846328617863
3680	-0.3717311446440244	-0.09113946394717276
3682	1.9257606487277061	0.599982615308753
3683	1.694573899762339	0.7815672118403159
3684	2.323415544518444	1.012743561155577
3685	0.8724992149702262	0.4535819601208299
3687	1.1318499787432117	0.8278528386598736
3689	2.3144743114601045	0.8971458853935278
3690	1.2116806701490341	0.6138073677854639
3691	-0.2588897834318983	-0.19101289408151279
3692	0.26664548967173113	-0.01454049649784487
3693	0.26031084031235785	0.21736807857594448
3695	-0.061448175239212185	-0.26923436248248955
3696	0.7256353732200683	0.4888938221332158
3698	-1.070845797746109	-0.6049538171487787
3699	0.14902956284266033	-0.26428516316207085
3700	-0.9941904229476626	-0.567524910035367
3702	0.9737982471053833	0.5483146948483062
3703	0.8053983476912518	0.1325706297768812
3704	1.1950024869818112	0.5442628234099065
3705	-0.6960838599385745	-0.20735673878939434
3707	-0.5464577760401557	-0.3012984211926413
3708	-1.0787806979865255	-0.4255037855655699
3709	-0.4463854640434267	-0.3560105548841198
3710	1.5198767313930621	0.5747208104649123
3712	-1.2072957212516526	-0.5950485837155224
3714	0.5854658227109676	-0.14848387234306176
3716	1.773039477487833	0.5676185645234648
3717	0.34712835678398135	0.4010285996422911
3718	0.6266607476409634	0.5147047057645434
3720	-0.27543415694595513	0.019035691944390094
3725	-0.7320157153900038	0.11909256603206447
3726	-0.7649606283921547	0.39388314483099607
3727	-0.9147046143296804	-0.023957155200633445
3728	-0.08220563265700394	0.039137538114147524
3730	0.9817537879580389	0.5357789684319225
3732	0.6094094699613571	0.5954333875923636
3735	1.6590113454648456	0.6234360399092751
3737	-0.8133534742972455	-0.3215470439208581
3741	-0.3286797697411735	-0.00694945375839888
3745	-1.0513202086835136	-0.5932657003011035
3748	-0.36594089945193015	-0.01536447998785323
3749	0.5804012777143366	0.4324533792101835
3750	0.9166824019966759	0.20780115993574322
3752	-0.7089942810164107	-0.2508464217315207
3754	-0.5277009066082281	-0.17535379101558732
3756	-0.38789613161277614	-0.10559041841115131
3757	-0.23894933259858994	-0.23729899191300924
3758	-0.6226526198778292	-0.2895317469929652
3759	1.2481671506347682	0.5001310446189088
3760	-1.1495904159380244	-0.4894322512593685
3762	-0.24932861397860037	-0.018069430719868912
3764	0.14511916627587407	-0.16780542857401975
3766	-1.2029259273350974	-0.5157756828134916
3769	-0.9070096475196439	-0.5858165274199439
3770	-0.140836112086118	-0.08215649231709246
3772	-0.5546126858655385	-0.3671130818481647
3773	-1.084581109161432	-0.28110049656756897
3775	0.2905178175875435	0.3446497709011509
3776	-0.514824853705611	-0.28305554112185866
3777	0.22837504316185947	0.16063925081163288
3778	-0.0041398556282428445	-0.08458423330144829
3779	0.8374832329569458	0.18778114589061567
3781	-0.38274390217096804	-0.4894417077630576
3782	-0.6077739467047384	-0.22449651698179587
3783	0.5554151111741885	0.4661651034591414
3784	-0.6867918904813572	-0.028318263864588075
3785	-0.801606424532322	-0.39597757525465466
3786	-0.29529198230704373	0.010648137001964184
3787	-0.7323123915820534	-0.22047008624643993
3790	0.360093409936748	0.03285788617995737
3791	0.2520710287112244	0.06387667776875065
3792	-1.1551418383862728	-0.5042301011597694
3795	-1.6824090948510841	-0.5754482479187368
3796	1.5471083151424727	0.5951856258948758
3797	0.5901178210789246	0.3740958540498743
3798	-0.5561916315246821	-0.13093613172194818
3799	0.1416485473044081	0.17443464233512468
3800	0.850541024041688	0.5802897452873992
3801	0.20733472072946224	-0.0009836305073094992
3815	-0.5450381432840794	-0.11853065969186916
3816	-1.245253555977612	-0.38620414249288093
3818	-0.5682634944973086	-0.4659311468021844
3820	1.0382885143441454	0.3257318144801624
3824	0.7895801084232666	0.4054510029124897
3827	-1.6943022890678576	-0.6583335266163601
3831	0.9027595066443692	0.3338958111646303
3832	0.8639134399878841	0.5153719656650829
3835	-0.32811212362478026	-0.37434583010507116
3836	0.6194506567515679	0.2899751688382928
3837	0.9470658718949224	0.3540344910804662
3838	1.9153397558967131	0.7391080236955687
3839	0.6448852048367876	0.4141989190377256
3840	0.5744784194749607	0.2959038394217222
3841	-1.0693768283693241	-0.372992189041215
3842	0.8879192415331805	0.3377073196792814
3843	-0.017442574554425855	0.10288986744975792
3845	0.7668699627854907	0.3125526889595488
3855	0.7433610762770472	0.20411269253906958
3858	1.455625464030465	0.4544861412494881
3880	1.378706814152589	0.399849306433979
3895	-0.11489253656917917	0.009099225785696968
3897	-0.431970429087081	-0.5107119972907058
3898	-0.16054855009725552	-0.016016667650715743
3899	-0.6384893259941703	-0.4253136738462391
3902	0.7013640299779936	0.47736655742711254
3903	1.82288965099371	1.008465029405844
3908	1.0327928113129214	0.510417737066091
3909	-0.38213823532473634	-0.09881990230739524
3910	0.7607948641762523	0.2887631667104245
3912	0.4599017537071747	0.178111042403826
3913	-0.3268948021589119	-0.16467060033778916
3915	1.7881915103904888	0.5243422449905017
3916	0.4863158723924673	0.09932954309834033
3918	1.1024738688910352	0.5853662340755776
3920	0.09879407883076391	-0.08897886157879614
3927	1.0856752250007515	0.4873866485358076
3929	-0.1736780647946667	0.25108216566566555
3930	1.5578923916752905	0.8184328915033556
3932	1.3820107334535585	0.5605957775604491
3934	1.548689456776184	0.6801113886531578
3936	1.7273072554499636	0.8352667367653892
3937	2.18050134068966	0.9613228060703832
3945	-0.05766983535341509	0.010933722538684465
3949	-0.19370223522409075	0.24815719677403608
3952	-0.6529365578588562	-0.37045453574414566
3954	0.09095880156355621	0.1622632607034496
3956	2.0440696815848316	0.5709367084072988
3957	-1.1138400214964306	-0.6059619173046704
3958	0.7800698863100225	0.34147846391103764
3959	1.0377166257613046	0.2979032438156721
3960	-0.8763852948766202	-0.3792435709665354
3964	0.8368151017772477	0.2654938708502507
3965	0.6469749238862018	0.49679403996418164
3973	0.17177077409105274	0.04064923018934927
3975	-0.4170342483692916	-0.22716645343231726
3976	0.6182791601743912	0.5097589898475512
3977	-0.5834611265559366	-0.029622998711243215
3978	0.5364757322691871	0.17738164577651572
3980	0.44839525474894615	-0.07821835107259181
3981	0.2935410010412379	0.25526602188922665
3983	-0.35403178556267895	-0.1679147182957815
3984	0.632772568594504	0.3622639677208201
3985	1.384539472151943	0.9596694195556958
3990	0.1703967852452023	-0.20988420017208914
3991	-1.2542469113315389	-0.6184322592102325
3993	-0.2306990425489392	-0.0932506736606077
3995	2.380374238651733	0.8615276004570632
3996	-0.6976483182440234	-0.12132231991871781
3998	-0.5600151070882958	-0.11591850032089532
4000	1.2432416094919474	0.7625612471753943
4001	1.3681309560008195	0.6041280311656181
4004	-0.5652399064261483	-0.2259982228439819
4005	-0.6499399422106036	-0.5343517239010112
4007	-0.4715981119004879	-0.06267679624662159
4008	-0.6742886284338179	-0.2600407806689593
4010	-0.8486285369341204	-0.20504559021640723
4012	1.5331966958537482	0.7433913597058346
4013	1.4086072900997522	0.5761924368224225
4015	-0.8794652459090515	-0.11248695503027532
4016	0.8509401450758469	0.28468750540505616
4017	1.2198099407914789	0.4725239923124783
4018	-1.4043228525672549	-0.6358173792342238
4023	-0.6390697222869476	0.20463499264982535
4026	0.7454179969978976	0.25146086933048445
4033	0.5879794870935028	0.2175308325019945
4034	0.19655732292892206	0.36298475310380507
4035	0.35838144420029894	0.29394256047606404
4036	-0.8613731443044299	-0.1605211224193842
4037	-0.06411570809547551	-0.23064055101431147
4038	0.5060131025128207	0.13625905899645607
4040	-0.8585418314731943	-0.5555267016071129
4041	-0.7048870351860979	-0.2888281876039119
4043	0.19968340616809893	-0.35340875047604847
4045	-0.15490527513803126	0.021416427026305168
4046	1.2830028024273439	0.6903802888280769
4047	-0.3404064583137342	-0.1647504276691455
4052	0.27438155230016825	-0.19624355500265928
4053	0.116418602947165	0.31006342750500304
4054	0.30510360643358064	0.09202902327631474
4055	0.6002476591933803	0.29323461350084
4056	1.0174095001110408	0.2993335410132391
4057	2.773465728284816	0.7505870191725372
4058	-0.6010739835022246	-0.3523040579739445
4059	-0.6001988452796159	0.05371772714232226
4060	0.8330360407517152	0.24811971146327927
4061	0.7884643096502097	0.3372513315314442
4063	0.3242380640353831	0.2481067393311559
4064	0.783289236759726	0.5340765574253521
4066	0.8426655749252092	0.07394494727050711
4067	2.0159105181718804	0.7373988044373943
4068	0.8669842211345689	0.3935378609714707
4069	2.250553440632624	0.7476319106001351
4070	0.409300149860018	0.25315132716205513
4071	1.3994778049770231	0.32606644630797915
4072	-0.3177576943035128	-0.07598880370944935
4074	0.7434168952827453	0.222337179829273
4076	0.7875984518329334	0.18716207773502205
4077	-0.3464633134555377	-0.5003325054121991
4082	1.5213843963314528	0.5369506609022345
4084	0.8837312024405815	0.5482882672903793
4086	0.803888721536181	0.20743680597433692
4087	0.66087808774428	0.42061224330176383
4088	-0.004218645112824632	-0.08871925961509941
4089	-0.31625629899288615	-0.04524622397000301
4090	-0.6016109718616313	-0.35993991063464037
4091	-0.3602156640241503	-0.307713988944295
4092	-0.48011351801165586	-0.25085945515554114
4093	0.17895223216732162	0.3502857639034067
4094	-0.44772896488947544	-0.26733984276838385
4097	-0.18759050142458075	-0.11212147710868839
4117	0.14791006500983161	0.39431233438965335
4118	-0.26955030604617797	-0.21198225496382825
4121	-0.4906080774190236	-0.13568698267528348
4122	-1.1139288234283822	-0.42938170764686273
4123	-0.7416079802547522	-0.3953390871570626
4124	0.6796814033653389	0.44482712604717556
4125	2.5179211638080496	0.8067425582669394
4126	0.6107476051360566	0.1992710877144944
4128	-0.4806736150133792	0.21611656810684052
4129	-1.0794101895678359	-0.34743997512982855
4130	-0.8420652144391553	-0.2630476186009151
4131	0.16537406608268793	0.17969111874593918
4133	0.12581219733980217	0.12448797792046332
4134	0.3966238630827032	0.146860951523366
4137	-2.7134576768452927	-0.7458753074598405
4139	-0.5552315990515642	-0.26967511735901883
4140	1.0744950679797878	0.4960268550195852
4144	-0.9132049312382726	-0.34676902559528666
4145	0.9649285039491217	0.3624222119991304
4148	0.9156514480306648	0.4534704341230284
4149	0.3706248392105441	-0.06134379204891929
4150	-0.3267364085741927	-0.03395245105249853
4151	-0.9327620199474166	-0.3867854561595735
4152	0.41008403478461997	-0.017223940827592432
4154	0.42929519884214534	0.2754639439542029
4155	0.7457486682586435	0.40123344642856723
4162	1.6070946456086312	0.29508354788770075
4163	-0.5239484671515	-0.003900634046323001
4168	-0.9068287146667446	-0.5741821660161788
4170	0.3643186623622129	0.8429447402638002
4171	1.2878092137991284	0.5260397306265217
4172	1.0864362108278165	0.28205318621982967
4173	0.7769188817039258	0.534480458610608
4174	1.7476428047134975	0.6769508846588623
4175	0.03749181009479008	0.19912218710317095
4176	0.7187937568375398	0.31910428520963036
4179	-0.5684921300325827	-0.2950797739165182
4185	-0.931505684932153	-0.32522310919325714
4188	-0.3323586251714452	0.032731544416995086
4189	-1.0863109669080075	-0.5393508351884133
4190	0.16524485719961574	0.06719112287142195
4191	-0.3694363463054873	-0.3199919664613796
4192	1.3950625834744397	0.3849345034444805
4193	0.760539147521295	0.8353073454047688
4194	-0.1390372680882917	-0.2316253474162361
4199	0.6877848607624022	0.4591291337849973
4200	1.2545421548272144	0.7609452370812834
4201	0.426051620258733	0.08955309905752715
4204	-0.9241826181932763	-0.4467194315137591
4205	1.4423721792590944	0.34612975454213246
4208	1.3022204263430874	0.2448296289363115
4209	-0.5023142289117127	-0.16716414825921214
4210	0.07951746887108269	0.259058129623374
4211	0.04559309063753214	-0.19596122228049526
4212	0.44658882834760477	-0.21931916704361573
4214	0.9776573874254757	0.18819816397942588
4215	0.38383722293477807	0.31621582187065134
4216	1.1004965784857026	0.21305615323518878
4217	-0.3461257844451822	-0.000758868493000997
4218	1.3139011354390462	0.36636886456877216
4221	0.3281312352860099	0.10422823614181906
4222	0.637158931690738	0.03289828140341111
4225	-0.36526282647936664	-0.02310799767091966
4232	0.4219528477918157	-0.28713966426192467
4233	0.7850640611869502	0.22702107798202253
4234	-0.5980374829720111	-0.08356018381691939
4236	1.7292300294602814	0.36165600440363893
4237	0.8847201599749721	0.2821739044589591
4238	1.9677016842616468	0.65188266742958
4239	0.020161930420146888	-0.07946361709650819
4240	0.5892494911441074	0.14815402012887643
4241	-0.13792457621184906	-0.15758862107816707
4242	1.5498513083285066	0.40760038667222825
4245	1.0451801092714095	0.579484629567404
4247	1.613588346020022	0.5822896447439447
4248	-1.0600541347323618	-0.48415689215950636
4249	-0.42096447864359215	-0.20433915487541898
4253	-0.18483269494038074	-0.10263929081860404
4254	0.9874384698417664	0.3957135689967077
4255	-0.22824437471213288	-0.2496484741958882
4256	1.0289638849974811	0.2822736775355099
4258	0.405560917229956	-0.1419625471757672
4261	-0.33826783438951613	-0.028818977627562303
4281	0.9421888905953462	0.24749140139942877
4283	1.1674539416141252	0.7207429142169313
4285	-0.06060200937087515	-0.11933354215958322
4286	0.8889147513973527	0.15942191513546833
4287	2.4481614661611033	0.7235121881355573
4288	0.8759936309281693	0.5393805647171399
4289	0.16634417221068773	-0.04962626566015965
4291	-0.447749960386555	-0.22976116089188417
4292	0.9861421710682323	0.17290855920106762
4293	0.100920623431375	0.07294791496988849
4294	-1.515317359261993	-0.41719267200529253
4296	0.32268127020874027	-0.005593493570881592
4297	-0.01932324537011404	-0.041682089765581326
4298	0.11502233316697136	-0.18365642096288942
4299	-0.7501906452474479	-0.16171121974740715
4300	0.26969004080976167	0.004966029232338798
4301	-0.5748155123842255	-0.10839052089836144
4303	-1.353652451788172	-0.47427925960112993
4306	-0.9746546266425486	-0.34039885918282997
4311	-1.3678111310950862	-0.458435961724855
4312	1.292938438279516	0.9397940106662082
4313	0.8861627242600238	0.09387368307616473
4314	0.8263686132927485	0.7497191063840771
4316	1.500177866028245	0.5953722183967748
4318	1.2324101315645029	0.9564654369738645
4320	0.21314284188692917	-0.07324711749660928
4321	0.6945077314139991	0.731578904957688
4322	0.22800297037253803	0.42447952303993425
4323	-0.33312358425906696	0.04991557920889993
4324	0.03170930959256901	0.05315301298446913
4326	-0.4913901714476667	-0.14763914753269985
4327	-0.4323820722385179	0.18174003477007783
4329	-2.2665670699932066	-0.6784120795214108
4330	0.16940891647554038	-0.29552638433610234
4331	-0.32750246785587783	-0.2269191652263887
4332	1.6312757171779748	0.8098836376407426
4335	0.7316649672319804	0.2944365828320006
4337	-0.043514359582539096	-0.0855247746483856
4338	-1.0586385456942633	-0.536727114748172
4345	0.060719599046735365	-0.04824142018331773
4350	1.1206244568763184	0.32843866581690956
4351	-0.5856714033902828	-0.4111454215412395
4352	-1.0517872477219117	-0.40271016391963976
4354	-0.2876945173807364	-0.030143228345106354
4355	-1.6486641301421896	-0.7519317107070917
4356	-0.8749923643001947	-0.2191686149640523
4357	-0.5573823633376864	-0.18582323908020987
4358	0.33777606680661343	-0.0672037095803667
4359	-0.9667306289309491	-0.26213204538548146
4360	1.501700903546848	0.8257273284352895
4361	1.215497933319609	0.4012139449540453
4363	0.8865463402796374	0.20787288140777938
4430	-0.3018142534412228	0.011297349842665887
4436	0.7985199536413851	0.10737804029378799
4437	-0.8810215132698445	-0.5331381741118981
4440	-0.3762728840228143	-0.17816270044253085
4478	1.2956170381318919	0.5780588319393992
4481	1.2210494424115483	0.8991923813954692
4482	-1.7611718245559687	-0.6215716774666262
4485	-0.3493074409283558	-0.1676228478529411
4486	-0.9316108666729127	-0.4226906563074514
4487	0.5110309785974575	-0.18739664075067275
4494	-1.1574021173110085	-0.13250143798213704
4495	-1.2794235434766041	-0.24300568334602818
4499	-0.08433795147540535	0.3862705371329549
4501	-1.368467222731657	-0.1340916853651391
4502	0.0031921182509780655	0.4820694432381353
4507	0.8817363175171833	0.38680855758531524
4520	0.689141867279309	0.31878921897431456
4521	1.1864975586018858	0.39404855994296306
4522	-0.5182483429316405	-0.22250603611722108
4524	-0.5738256231909912	-0.0961833167034144
4528	1.037639002137953	0.2924512961910243
4534	-0.5517122679266062	-0.12149163208389913
4542	2.065010963960445	0.9154528154491333
4543	-1.4380375769691502	-0.5099779122394763
4547	-1.2429310842192396	-0.6117801106679437
4548	-0.29383328051156543	-0.08395297834340554
4552	-0.6087914734907258	-0.17489326528804156
4582	0.6972310071316722	0.35165773073277623
4585	-0.7294098400830704	-0.47306320398268586
4588	-0.7569692970825833	-0.21033330085763785
4591	1.5828870790009484	0.49030844338529017
4593	-0.5943927448667478	-0.20245421282776863
4594	-0.8617327256938164	-0.484572191270923
4595	-0.7189250058962363	-0.36574052361154963
4597	0.5796174509736285	0.24074850297296196
4598	-0.4577188484330525	-0.05933425524352947
4599	1.1336685034948717	0.28979863799446576
4600	1.1135583753653593	0.22435654805397473
4601	-1.804498936209105	-0.547283698424764
4603	1.054962481311242	0.3337657800303413
4604	0.17971216577640375	0.0898147631228699
4605	0.14951390789588137	0.1429601790222108
4606	0.10453908711824106	0.017227543465067805
4608	-0.21000815399430303	-0.3339888831887813
4609	1.4248256209516899	1.1830097242109472
4610	-0.7069091940242883	-0.3374156939785677
4613	-1.142455220858082	-0.6108276170828855
4615	1.6969420606255086	0.6522270863397499
4616	-1.373806151683131	0.14848589546525875
4619	-0.0563721230423373	-0.01581833499673881
4620	-0.4023773153446863	-0.19459485623175693
4621	-0.18659368985699673	-0.14782214942721042
4622	-0.11194053807455093	-0.01532099264678613
4624	0.020515997430679306	-0.2562978515226199
4625	-0.13920882980603586	-0.07227544589155209
4626	-0.4187339960833707	-0.2690306580501539
4627	0.4679272095622775	0.4519627891767448
4628	-0.22129031979407707	-0.603602238658447
4629	-0.1382993434445018	-0.3019071363262166
4632	-0.5651026911098469	-0.2618835937739457
4633	-0.07143507508382345	-0.037294779679047596
4634	-0.9885334566536417	-0.3772399848517639
4636	-1.3236045578731437	-0.44662259393194553
4637	1.5265197922625597	0.4734195498717572
4638	0.18065831101479218	-0.07788212641249703
4641	0.06806845905460476	0.1371253181259208
4642	-0.07316851480777667	0.14365685095290298
4643	0.18721951273647686	0.20845313693091896
4644	1.2245487717549197	0.6649342047683742
4646	0.6126791912419954	0.054520423734990636
4647	-1.0253596628472905	-0.3894243379906152
4649	-0.2618401325596501	-0.09667950180810293
4650	1.0470352104207208	0.4438518982370185
4651	0.13572000077403928	0.04951613746848575
4653	-0.6585941891623788	-0.201098977752912
4659	1.4475860050787999	0.5963836880714622
4660	-1.3225983770430845	-0.5534279550961135
4664	0.1982497890330187	0.17863705258935714
4665	-0.5274950288952918	-0.17704289585168706
4666	0.18571292054650884	0.0037493269111274624
4668	0.8033745694793023	0.2613275154589763
4669	-0.9551427641056263	-0.6323181648192846
4670	1.3617401533124651	0.46274377382241255
4673	0.5198731132432023	0.23263598671099658
4674	-0.25335898516877	-0.21628350037063798
4675	0.37405618154669823	-0.04047096576924928
4676	0.40014687614072286	0.16124589237522852
4677	1.1191587198525794	0.4426630592267326
4678	0.8067838681216533	0.2874406734584714
4682	2.019862606300015	0.5925028253571745
4683	0.8452379314729981	0.5600843342460979
4684	-0.8560120076319946	-0.6796678854292055
4686	1.4921095179747785	0.5458684520095372
4688	2.1481632210573194	0.951838493897479
4689	1.4702755194122497	0.7417983335070122
4690	1.7423882740565613	0.6839654762142289
4692	0.1342350144730296	0.022527768470651282
4694	-0.2118185642558394	-0.07011344771591753
4695	-1.1636330580188123	-0.49407392266152217
4696	0.019829250217546904	0.06851363157304349
4697	-0.05998769257666392	-0.09081946787213574
4698	-0.42677449687284935	-0.24175288349615134
4700	0.41596928640527564	0.11018747596344615
4701	-0.324482915793801	-0.22499711733158595
4702	0.6606423112144064	0.04602715328258772
4703	-1.018103799329444	-0.6495940675801981
4704	0.49159849567130826	0.16452257029560807
4705	-1.313343852470714	-0.7142224357719528
4706	-0.253349278290328	-0.19567562280408046
4707	-0.3346483427719801	-0.12048255691302859
4708	1.0008607025363776	0.37777243203134503
4709	0.6731307546408949	0.22559846758501748
4710	-0.0493940865562241	-0.24238340458388793
4711	0.05910823253837373	-0.06346766275532183
4712	0.6802590555170624	0.09220399911606762
4713	-0.5154819674993658	-0.265271703987237
4717	-0.974869642027405	-0.5540477488759727
4719	-1.0151480848877972	-0.40867920351335785
4720	0.3742711353419418	0.0353371864036837
4722	-0.42229777022344483	-0.24107897359027503
4723	-0.9123926308235425	-0.3153136886775787
4724	-0.9272212072462418	-0.36665789503760826
4726	1.5587174969222177	0.49957347919674977
4733	0.3079418814661128	-0.07446568545524396
4734	0.5835894962118551	0.13470650390895564
4735	0.6158399647015722	0.23817961130678322
4738	1.0196608344022027	0.35177465086095694
4739	-1.4953261062206331	-0.09060358438985297
4741	1.1835088016456963	0.5913422889697832
4744	-0.21342458994077435	-0.19245233033066345
4745	-1.220170461503577	-0.5242811066213442
4747	0.8176254322610161	0.22315291491694383
4750	-0.08259272594475889	-0.04953004716321206
4752	0.8323041901982149	0.20695530374049054
4756	-0.7130035435943655	-0.5311698414522255
4763	-1.4029643528406017	-0.33776797012596227
4771	0.7233271243318043	0.4912568915854564
4772	-0.3179853616514004	-0.26633988001490905
4775	0.10918716045451975	-0.004198276689911615
4776	-0.4031995023334906	-0.2567309126892135
4778	0.45680678447921735	0.041117420391481446
4779	-0.625590624035613	-0.3032544298479454
4780	0.6138356081346775	0.17144358965467438
4781	-0.7153564707912721	-0.34750311057550143
4782	-0.7973345380619	-0.1683430439812
4783	-0.47597644168514364	0.5065991896657467
4784	0.18598217222389501	-0.01434105003758792
4790	1.1798988890781277	0.2910249299636932
4791	0.5623010427489323	0.34596793375462176
4792	-0.8603848357964013	0.17747215513203168
4793	0.3621924702486241	0.2627400620064632
4794	2.1430934792672476	0.5848519275178178
4796	-0.9263176085794569	-0.31160121430392956
4798	-0.5595800878448913	-0.2803540227869721
4799	0.5040740310370138	0.2843627173926986
4800	1.2709078182345208	0.1317795343818215
4801	0.09047078006442855	-0.260686209193085
4802	-0.18148450191213525	-0.4126886883529962
4803	-0.42337293743395216	0.15367797050386484
4804	0.24199674162290669	0.10770128222872152
4809	0.5384056591372501	0.10555830832329186
4811	0.428869134025879	0.15656199877032953
4814	-0.14983822591115642	-0.25390870972711466
4815	1.5244289758195353	0.6831177850982391
4817	-0.7693092883152249	-0.5429746810444673
4818	1.7798060892284506	0.6464995465088192
4820	0.3147176697860163	0.15196963157102092
4824	-0.9180883855738138	-0.21115446810155228
4826	-0.8504577387296354	-0.13452600032465867
4828	0.7545486722518475	0.25798047243113226
4830	2.166735957758051	0.8096666876762374
4832	-0.345674250880837	-0.4436651163081512
4833	-0.2451961885378263	-0.12020366854668041
4835	-1.426393162562342	-0.5563750884026747
4836	0.8395344669032698	0.32892387712919346
4839	1.5345850379231454	0.7183329847312758
4841	-0.16299950109006575	0.029729830799512476
4842	-1.029067379572999	-0.40872505869693765
4843	-0.8357866111154083	-0.41058607254536683
4846	0.22790503919675517	-0.12653110497750222
4848	1.442178198600303	0.2820050949935593
4849	0.4208622546926071	0.1982854930883266
4850	0.044731027398909246	-0.042774337485732866
4851	0.33161671019215777	0.1621378582517591
4852	-1.014216809679318	-0.47871016419771384
4853	0.6489486932675953	0.6185868770974552
4854	0.4579957371894293	-0.11029017523872897
4855	-0.13927916682694252	-0.11219980267795646
4856	-0.4172721537980283	-0.09388795809326592
4857	-0.3186763967858719	-0.19164297080102669
4858	-0.16392612271000934	0.0014933672789544383
4860	-0.948427632646675	-0.35403772481280704
4861	-0.6762608133296901	-0.2901931839296478
4862	0.74179329159349	0.6109277000538318
4863	0.5422258604776922	0.08964829767686296
4864	1.2835691984597732	0.5360822765970872
4868	-1.2343283956182518	-0.2759716094621036
4869	0.4442758998606212	0.13955223018339438
4881	0.5908357963865688	0.48593878161962606
4882	-0.23701643531886674	-0.21620748816075225
4883	-0.9183973412311314	-0.5845189336924507
4884	-0.8830502503834452	-0.6084934817105279
4886	0.35809698408304547	-0.23463238106899803
4888	-0.6702858874631656	-0.3902550905857538
4889	0.313843619728047	-0.22779531569858563
4891	-0.0038027527077527934	0.24559961537632294
4892	-0.45473670259208704	-0.17766611722509285
4893	1.8568121512604336	0.7477784864077649
4897	0.9403261437407442	0.29327597004752987
4900	0.14084051633811334	-0.21505255963791345
4901	-1.3205178226787813	-0.5437868798651615
4902	0.4626679546885346	0.13202641690035205
4907	0.1231392971021189	-0.2159497929428775
4908	-1.1303956687076866	-0.792938121304535
4913	-0.33121498151291445	-0.3414804183205731
4914	-0.1362886785032295	-0.08836920375169123
4915	-0.6061110561690713	-0.5167269194038415
4916	-0.8479251763299551	-0.5839843083024774
4917	-0.14853906033182213	-0.0892166844959502
4919	0.13289425918282355	-0.25759423450164937
4920	-0.44562279463745613	-0.2886599779927536
4921	-0.41229456949480525	-0.4603893438215937
4923	-0.03534213338764734	0.023688298832753137
4924	-0.8116715675914159	-0.09284097397226672
4925	0.7529524314555454	0.2552525785945652
4926	-1.1197783753744763	-0.6702559817489134
4927	1.6267930177486507	0.5947519672812401
4928	0.8215147707713351	0.5229332550342629
4929	-1.8674088391054957	-0.8545380822753906
4931	1.6874284294773296	0.5244499090901615
4935	0.7639012497780071	0.20406052026673077
4938	1.1388002582895167	0.2940538311040815
4939	0.8400790622986715	0.25373305222261944
4940	1.0746587950380755	0.349595800229569
4942	-1.458775552578003	-0.4535585367377822
4946	0.5058061934589745	0.19895947819849286
4947	0.27127355796838687	-0.12649451126989547
4948	-1.1311045748463586	-0.6733278021885158
4952	-0.45324136051509484	-0.15020061940591467
4953	0.867104955429898	0.4435126123094645
4957	1.0720925595889035	0.3835353436935409
4967	-0.742047359931135	-0.30976889802365093
4968	-0.7018248868505695	-0.41786728104606496
4969	-0.7618742252983164	-0.4647029072707567
4973	1.1093381356782186	1.0402698536458814
4976	-1.157932389074246	-0.2554593629605868
4978	-0.5714578818021719	-0.18193675292366118
4982	1.4038643762553584	0.22708693381664324
4987	-0.5179921972979934	-0.2363287242561448
4998	-0.2728501937372937	-0.2535935569629282
4999	1.4374969356994083	0.3811970129887512
5000	1.0433199133609117	0.20047835975142805
5001	1.858292443798697	0.12639418972933456
5002	-0.6150753488138172	-0.28369131889479415
5003	-1.159899009541888	-0.3034650042921244
5007	-0.6583231462054357	-0.24138119698247334
5008	-0.372667976610324	0.04864128468678247
5010	-0.5617067337551087	-0.11165122052461224
5016	-0.5363292320596689	-0.3609085544522729
5017	-1.4128091272998327	-0.6429745792795041
5018	-0.5027887243643827	-0.2849066746374884
5019	-0.0982742725722882	-0.21085379630846207
5020	-0.3239037714793745	-0.005384280932285726
5021	0.9873126955838354	0.4964372150184215
5023	0.06021344983515092	0.08890897107383097
5025	0.7093361805143359	0.044977207562924476
5026	1.1437258537577946	0.47083512826055907
5027	0.6866753783528387	0.3161521908315738
5028	0.19212362831277424	0.3414753323505111
5029	-0.11747964853164672	-0.24494680664829638
5031	0.8970847560202386	0.5979946962817793
5033	-1.4941640636598503	-0.42850339389547626
5034	1.4093988621804632	0.4513773696500851
5036	-0.6720703705566735	-0.3225724640430238
5037	-1.8432111455785218	-0.7143152887497979
5045	-0.09757242313677222	0.23513224896280205
5048	-0.06872939383480517	-0.005002528405386092
5049	0.3802940301733956	0.20547063452968256
5050	1.8745701304304798	0.5907999153122112
5051	-1.0012279593668176	-0.4883310470137879
5052	0.542594341716993	0.2161719123790691
5054	0.965547320941325	1.1921305314125887
5058	-0.28604321632514523	-0.1364274297514703
5062	2.030524547212183	0.8069799481487097
5063	-0.11001341499586337	-0.08088950272210824
5064	-1.342329210709289	-0.6537840368613954
5066	0.450091642561812	0.05776265940307612
5069	1.374268586770959	0.9791485436351118
5071	-1.5997306315288422	-0.5277608846126024
5073	0.5464982917853348	0.265753566045861
5074	-0.031105094167716722	0.2005019256825228
5076	-0.3758644578576277	-0.08115347047826324
5079	-0.5404811239918722	-0.2546137882838656
5080	-0.6113057377204929	-0.2965730935901868
5082	1.5033129677533408	0.37147532587481835
5087	-0.8476640935023076	-0.9002175112461261
5090	0.2914808735684768	0.2816389087991909
5091	-1.187053385291242	-0.4985722384994638
5092	-0.5669862229651165	-0.40028072760683264
5093	0.7069740575826644	0.09272928132392055
5094	-2.049349078691552	-0.6150651620739057
5095	-0.9858987673583396	-0.5349857585163366
5096	-0.533203593851854	-0.34274919743651094
5097	-0.5612381998032101	-0.0807855227381436
5099	-0.4190195509558936	-0.43347915031531636
5101	-0.41649355429291535	-0.06432055598374278
5104	-1.4395579265136589	-0.47604388535945097
5105	-1.9311258307111285	-0.43115280540002143
5106	-2.007309252136282	-0.7519690207419237
5108	0.08229515020508016	0.006185032929786068
5110	0.1526260568030225	-0.030771519558937088
5111	1.4706393781219913	0.590953492077601
5116	-0.47207485235497193	-0.12404348188125003
5118	0.8707463717953771	0.2586996193831838
5119	0.47378289215145264	0.22737045808125725
5121	0.3588104799715486	0.3264637470896883
5122	0.6467708704654125	0.4681243648204327
5125	1.1162419980944762	0.4717435955169828
5127	-0.36729705868742185	0.0323563148340692
5128	0.0018136262669662395	0.19084293428529034
5129	-1.5741502529752207	-0.6927174369946196
5130	0.5593624100653978	0.4640531105500006
5133	-0.7245479354540527	-0.3003978810379782
5134	1.0938795375441934	0.18271553797026935
5136	-0.008970255141558636	-0.1662527118793733
5137	-1.2312284330927845	-0.3967867087464851
5138	-0.17810840083073431	-0.3151539994578362
5139	-0.19881343908840418	-0.28449444787371164
5140	-1.0045489727277186	-0.5171149361976113
5141	-0.527298099328067	-0.16030790684212706
5142	-0.3801756042217658	-0.06123746623660739
5144	-1.1167105088642946	0.1295062748226929
5147	0.5608496568897413	0.11238042499543319
5148	-0.3694003326205961	0.019256994904555416
5151	-1.422702763074521	-0.4418538418429715
5152	-0.48241793646027464	-0.3085376559822081
5153	-0.9398847858027055	-0.28404544521096
5154	0.3966688034825848	0.29244741659042406
5155	0.2452959398122637	0.060150669380019964
5156	0.6132137594241662	0.18200671669229584
5157	0.2395604174717501	-0.03391555393445629
5158	-0.4300102141269349	-0.2833530517812989
5159	0.3010267449320968	0.0684867019263428
5160	0.2540290680200508	0.02565470338937828
5162	0.3579271345309544	-0.1142557362162642
5163	0.239441489882963	0.21903738619623586
5164	-2.1686489021194912	-0.6229902700808785
5165	-0.15512173018575923	-0.2173868519427185
5166	-2.3216136270216285	0.08397641535842684
5167	0.6630331294655294	0.40869161628116824
5168	-0.70175798337181	-0.41260343301092395
5170	-0.10368537536720007	-0.07499206614782383
5172	-0.576667040355731	-0.0810509835568172
5175	1.2838388366962863	0.40587892820408467
5176	0.7907027910443547	0.2501480915115637
5184	-1.6802006166657064	-0.6125966169743355
5188	-0.3963950937636843	-0.2149921752314361
5189	-0.9374543811898666	-0.6433915296003099
5190	0.03616334826232827	-0.26929529916730693
5191	-1.4705963215023021	-0.5986978881107712
5192	-0.5171960797010369	-0.2899379551151984
5193	-0.6067578063179744	-0.654454890716934
5194	-0.3507763739191403	-0.20591697237165107
5195	-0.0936937220393478	-0.10404657144448567
5196	0.506125277654368	0.12437397377902631
5198	0.7667243866177473	0.20077073973618753
5199	1.0703431966028951	0.3442321255123937
5201	0.4228465412676381	0.06928159455693991
5202	0.8177576283182779	0.26370082759398283
5203	0.5013351060523401	0.10689574315724718
5204	-0.6931838210834256	-0.4294827911308866
5207	-1.0322991914899131	-0.3110692705219537
5208	-1.7688887148198391	-0.4246561555070175
5209	0.9146961846933789	0.4233331867988703
5210	0.8984148593158026	0.2176472146209843
5211	-0.5874912357960783	-0.20415176418452122
5213	-0.539624128175031	-0.28173934985435856
5214	1.261341003664172	0.5644205347989637
5216	1.6972346893856893	0.727287467738529
5217	-0.2810520546318262	-0.17227652338901658
5218	-1.1940724461376613	-0.24995844926766964
5224	-0.8231044446777978	-0.4362943754589597
5226	0.6331055578682943	0.4781397135853763
5228	0.431684861214937	0.15553628601916714
5229	1.0655470842431245	0.5525895074121585
5236	-0.8504098889693466	-0.3150668988580142
5238	1.2052390185002968	0.4776283707606791
5239	-0.13908553404717922	-0.21486093876984458
5241	-0.633151846700458	-0.41780664917249677
5243	-0.5641051061076499	-0.40820190829589276
5244	0.5590235908119775	0.21929917590165404
5245	-0.5140615536964265	-0.23878494168530484
5250	0.346493848497896	0.21430580462346596
5251	-0.29823135431662817	-0.23284667781957838
5252	-0.8595126238413462	-0.3407997570604939
5253	0.05032099304077453	-0.013678931318081048
5255	-0.43554728933024167	-0.49134484738350526
5256	-1.2573725364058264	-0.6837682129855924
5257	0.012234961824951873	-0.10267834855700424
5260	-0.18413308226341815	0.15967704901867877
5261	-0.3750672129868712	-0.19930418268105196
5264	-1.7812761109981934	-0.6543545005549524
5265	0.0665282591942295	0.09016553770229296
5266	0.47870463199549085	0.32542715971725955
5267	-1.7976775720252505	-0.7442218674510599
5269	-0.16090076786398794	-0.22880981823135488
5270	1.3300074959760486	0.3919891509477777
5271	0.15058738213228584	0.2144721343041785
5272	0.2437368130534238	0.20477028016667082
5274	-0.17814562799587402	-0.4265485223251858
5277	0.04918629573817809	0.25415494998368593
5281	0.40646585850178263	0.21036591428381046
5283	-1.0403826610139137	-0.6070803640049018
5284	1.4277917176032922	0.5643127403035437
5286	-0.2652970386282618	-0.20527795210118485
5287	1.044613874608119	-0.017862665158399543
5288	-1.2662517913427351	-0.47655594219128733
5289	1.1289304991348603	0.4284082796243192
5290	-0.07638340382700481	-0.08771269847312031
5291	-0.9164260920538789	-0.3042619574339087
5292	-0.2517709200973044	0.41546607290794196
5293	1.2737701868536155	0.5744954464624943
5294	1.3952755378289057	0.8327463171849249
5295	-0.0004276089278092421	0.1467934956309655
5296	-0.5777707834990167	-0.24082249125863123
5297	0.1120310591788114	-0.09919126929907662
5298	-0.022853207633704242	-0.10658124032376634
5300	0.3100410455164957	0.15992375287230473
5303	0.29265122390751763	-0.19485070048803071
5305	1.5953211371176148	0.7017244860082497
5306	0.8332175986461476	0.30137736797987097
5308	0.46261075099020715	-0.07166425227626122
5311	-0.49695461573612326	-0.2801495315063267
5313	-2.0577427394995444	-0.8562853949165697
5315	1.1939521332483376	0.7967606002033456
5316	1.1967104663606514	0.37650102820445097
5317	-0.5631419630212683	-0.28822135938534416
5318	-1.178455725074158	-0.3310671809801082
5320	-0.22139565475498138	0.0590528149073306
5321	1.2369919006504453	0.32204901320084667
5324	0.8055284944255746	0.41440241234888586
5325	0.3424098296999062	0.32696986034945674
5326	-0.6467946230017976	-0.007941458764782722
5327	0.35019670835101596	0.21807504087991078
5328	0.9056858082059819	0.3925878062682469
5329	1.336511252314444	0.9643228885970155
5330	-0.224866115755493	0.12397868219525565
5331	0.5192305852213502	0.21991701028220378
5332	0.9731649455311273	0.5572832688268702
5333	-0.1214242298153189	0.0434268953577185
5334	-1.3621514841267297	-0.6932757597175854
5335	0.09500677554968845	0.006175781915219608
5336	-0.4975409198030818	-0.01913583960785653
5337	-1.2672728165574152	-0.6095181249031466
5338	-0.18254098052021578	0.21364900057776703
5339	0.17939671528553625	0.24965192775787323
5340	-2.075694016618905	-0.7031107797123003
5341	1.7242927714461866	0.9769217294537125
5345	-1.3522844932732032	-0.3936846144572623
5346	-0.42136114574283356	-0.04406597296836626
5347	0.45529572610164093	0.38335980152127125
5348	-0.7302299743485698	-0.6012690134576435
5349	-1.139275436269441	-0.4760090919381559
5350	-0.2893581466276522	-0.3302094633549447
5351	-0.13537146063257033	-0.13883452262954918
5352	1.76958993015336	0.706307216613346
5354	-0.45425917274672545	-0.5515593554906324
5355	2.187450633927847	0.8004407652136565
5357	0.20145613791087275	0.1356736630461071
5358	0.10885780489162622	-0.049894684928733335
5359	1.6126392706018366	0.6037604962479299
5360	1.2644150452134626	0.7382656351326626
5361	1.2268624275814233	0.6219711978145075
5362	-0.2762905203717313	-0.09996465009250902
5364	-0.17362636050785013	-0.08025668710040326
5365	-0.5770219712978844	-0.17072225134436203
5368	0.33939664896794525	0.3290663926838073
5371	1.32215063500306	0.5485847130640572
5372	-1.3000017168684312	-0.485940214488198
5373	1.411238631446798	0.7902269501650591
5376	1.6720705308971686	0.5107968136234892
5378	2.0748184213706207	0.5729888331468664
5379	0.030951407696608	-0.21387993428564323
5393	0.47600337097651524	0.08884710177618174
5394	1.826792174525768	0.49666284629613316
5396	0.2170727255568895	-0.02487945207250862
5411	1.128392045676995	0.4363812318849568
5412	-1.6960339351930989	-0.5659708691008495
5414	0.287408732070882	-0.09813376128360593
5420	-0.7708966741761433	-0.06912764600488039
5422	0.09270329112462229	-0.10225047088199997
5423	0.6349157297541312	0.05867395343079574
5424	0.4533972610445386	0.2091327520109948
5425	0.45437334814032576	0.22427776903967253
5426	-0.14107781988005674	-0.015188872976032525
5427	1.7634524501536266	0.7742870047289085
5428	0.8743514114045733	0.3928988357340477
5429	1.021610692366901	0.13255855102961023
5430	0.5116789436336311	0.16706737170177177
5431	1.210035412094129	0.3856530366066999
5432	-1.5760732112587785	-0.5075359155014485
5433	1.3002097832742172	0.35777305206728666
5434	1.081605311008785	0.2806902641497794
5435	0.07315370237260094	-0.19962689774397496
5436	1.3892687911803128	0.2289427524635017
5437	0.5140365047253537	0.1603990830546888
5438	-0.6840875807393039	-0.38599227438729555
5439	0.27513241528547505	-0.011687229814458019
5440	-0.5473777994800096	-0.3388129650171253
5441	1.2457691006772864	0.3659459977555723
5445	1.0074760749673066	0.2988285078588608
5446	-0.6720956056416225	-0.35331643058664886
5450	0.7277039671744163	0.4435253336922655
5451	-0.12354415579129115	-0.05349676720142355
5452	0.06638728739328242	0.24933465472226624
5455	-0.46002155628600155	-0.1825220560732589
5456	-0.2323019890230185	-0.023750975333482947
5463	-0.3552438348060223	-0.21659490484473232
5464	0.904834442624249	0.5624937881839791
5465	-1.4775063825863812	-0.5887801655992642
5467	0.6110861999968058	0.6012428207014744
5468	1.4865700190184006	0.3813459567846571
5469	0.956447790766398	0.308589282871247
5471	0.23434843017126047	0.14665201120011934
5473	0.5828069638575973	0.2416735196438215
5476	0.5622652711791603	0.03568160326863312
5479	1.8282414385597803	0.46224137310026325
5480	1.8480831878440473	0.3576180287956884
5481	1.8268502585380018	0.32408251479774436
5493	0.8635298482763494	0.2760892344562425
5494	-1.4618330773535182	-0.5179820527662025
5495	0.09496625177514066	0.24349502068409334
5496	0.9351671607077313	0.34193452815739894
5498	0.13366702669034997	-0.17071992010180348
5499	1.2857229616157304	0.4326711350201688
5500	0.10302649502834438	0.29847665836016435
5501	0.44561450927364044	0.19544378472580837
5502	0.8579026175322241	0.36262364459049456
5504	0.289524967743708	0.16142776850273755
5506	0.1305456368402864	0.06606068422923572
5507	1.3247263685282462	-0.1461829096615314
5509	-0.6908884185120084	-0.32048211097568813
5510	1.5110762360219185	0.4402171374524237
5511	1.1181601312365705	0.3450053071664982
5515	0.5234582975752538	0.09913373119139281
5516	-0.10850998522529987	0.08315727236118664
5518	0.04403178176265926	0.17437781705603608
5519	-1.0870934585569163	-0.11935495228859874
5520	-0.48207925703175303	-0.22800254547318266
5521	0.08404110410228771	0.08868625105913505
5523	-0.20788724499083966	0.3297198643903673
5524	0.28376716686894443	0.2001015409673999
5525	0.042866126899176626	0.08410638084624078
5526	-0.21360484835773846	-0.1525862131705663
5527	0.6358466167110319	0.08817749984766104
5528	-0.0812414827216448	-0.10432656932444419
5530	0.6575540962454036	0.4566298610431335
5531	1.0461519907637709	0.44104272907408537
5532	0.09645489571842847	0.23726535562072343
5533	0.03229203597702515	0.2885682551997466
5534	0.8494687824985466	0.20382081400834623
5536	0.1952638246095228	0.2382963246637189
5537	-0.48841221362076315	-0.17928677493093348
5538	1.3614968478367753	0.4777885925262081
5546	-0.40087860317762336	-0.2644116471104157
5547	1.1141043304952372	0.1712677352706181
5549	-0.12817300036407747	-0.26123854234254507
5550	1.217880879682511	0.4924432349737461
5551	1.2807271021028424	0.4268523504795435
5552	1.3631486141019997	0.6675265914300197
5557	0.8081360864435198	0.3964901393442574
5562	0.14946085555801086	0.16041945858612075
5563	-0.8526706176327402	-0.6058720501240578
5564	-0.6158935732629817	-0.21884937736123763
5566	-0.5684963310578007	-0.11670163440694184
5567	0.6512398823301069	0.06502921691175247
5569	0.2554515831496046	0.09137544986294782
5571	-0.6500760396928182	-0.40522012261162377
5573	-0.5023948109165864	-0.152553319416302
5575	-0.6044439361294135	-0.09506777781946177
5576	-0.4420040560153301	0.05379204720363245
5577	-0.9203800527596262	-0.06321732005490313
5578	-1.1711117389055352	-0.2635531215334064
5579	1.377992014314172	0.4574570026198374
5580	-0.46734918176045936	0.08798389704959053
5581	-0.9836293959470302	-0.5693802995338969
5583	0.6608923380868434	0.14654986819806803
5584	0.052409010165458736	0.21455589015994841
5585	0.14518074452994345	0.0072475818519434215
5586	-0.4131867054726693	-0.21815630761697774
5587	0.1700628753724988	0.044650209896928236
5588	0.661362179133543	0.18833118843188268
5589	-0.311914853742695	0.13331271771143255
5590	-0.8831203465968523	-0.4203230247101826
5591	0.2915043266334162	0.3879484192164652
5592	-1.3948871943400263	-0.4474113752008525
5593	-0.13336148547916613	-0.04517826954997866
5594	1.4899320231493252	0.661269215692985
5595	-0.4086926470576651	-0.09788963195859665
5596	-0.8171052198359829	-0.38331046213802966
5597	1.1618194212701316	0.46945169783078666
5598	0.2696468284702248	0.17152539565502725
5599	-1.5984731998859503	-0.5831028857767433
5600	0.9868311189884266	0.379377227126982
5601	-0.07951131655911775	-0.001614163099487781
5602	-1.5288256322607214	-0.8003307995722444
5603	1.9858143930980696	0.8987399592268254
5604	1.335741136633204	0.49561673210631574
5605	0.22580379032200587	0.07932879363807688
5607	0.0030403787089282874	-0.21895548160595069
5608	-0.6192238188224238	-0.29567081563149344
5609	-0.8382005419638011	-0.416599420670961
5610	0.5832470805413618	0.03434401432658039
5611	0.6585002796570905	0.3473336392275975
5613	0.8491959739341302	0.49780072939976094
5616	-0.35602518657778853	-0.22515733075268493
5618	-1.6670746030307355	-0.6389710907317494
5621	-0.9393573652710441	-0.4465635921603536
5624	-0.6802068385577962	-0.3546942892212087
5627	1.0571696208002281	0.3076386659981198
5629	-0.617046997382259	-0.41147259100888167
5631	0.6430928309223549	0.29449007018521106
5634	-0.05362137304358183	0.14545460512724723
5635	-0.12224846787465388	-0.4436616987235996
5636	-0.43976690642052707	-0.3237132926742997
5638	0.9039451186231189	0.31186275567021315
5639	-1.0344613645987601	-0.39352080228309644
5641	-0.37812808977607953	-0.24998531446997363
5648	-1.2577522750547452	-0.6620992998737013
5649	0.1373217975974898	-0.20869008824022783
5650	-1.0716825649956279	-0.25982573893857486
5652	-1.844406579070514	-0.5783851263300432
5653	-0.9076585333742947	-0.33882902775500356
5654	-0.8663625428818087	-0.0856906591160786
5660	0.6516181019087166	0.4521541537078134
5662	-0.4578459366023716	-0.17762437036416562
5663	0.37114202653885053	0.049801809571137376
5664	0.9211582167788217	0.5219206129499292
5672	-0.8331767466281437	-0.40710722965246005
5681	-0.28113641684615476	-0.1999433582365219
5682	1.1906253108885934	0.43404262454176246
5683	-0.1345726979082769	-0.1500450866162359
5684	1.758591701694407	0.5881269065595399
5685	1.4656814921309358	0.5973543719495968
5686	0.08054327679481957	0.08045904462720585
5688	1.8806865799201102	0.6340679436339692
5689	0.7715665708430642	0.3353733320947848
5690	0.6774338849568434	0.31658792555512816
5691	0.6051907069655784	0.28670406165937484
5692	0.9337561644886258	0.25401223400426687
5693	0.3563054649865552	0.09266634101017165
5694	-0.2992709644982874	-0.1775200085432747
5695	0.2726854976784022	-0.02894578271202186
5697	-0.5735736946358744	-0.06360525561663309
5699	2.2350639376519554	0.6799408735897596
5701	-0.9267192845426131	-0.5751331235162225
5702	0.9146025427408017	0.21769188806942424
5704	1.5477545392343897	0.5190168250909517
5705	-0.11054174756558399	-0.0649584028299142
5707	2.079725421485175	0.6736400476726487
5708	1.5212101870414623	0.552381152560829
5709	0.2922546537884129	0.2116564056836729
5710	1.2968523927491518	0.3792962926174074
5711	0.7789303514772363	0.3364194797200585
5713	1.5173810673448092	0.48585163134202775
5714	1.0084695993902677	0.35369645498850844
5715	-0.028117380044661355	-0.0488956704664997
5716	0.6298094058201757	0.0878399773392079
5717	-0.4749780010305593	-0.2559449639591449
5718	1.0992019231680032	0.5215075653415714
5719	1.686178449245351	0.6176801494197779
5720	1.4078656814302186	0.3801576306435199
5723	-0.36064133050984737	-0.3926065734790761
5724	1.3038289958476186	0.9773857633299898
5727	-0.6935700635179212	-0.38430248514043
5728	2.0929541548308	0.575227971903546
5729	0.3511456910659342	-0.0034302463149186585
5730	-0.8056059177516808	-0.005457858103761315
5731	-0.6746582419859242	-0.39642185642582356
5732	1.4812386223653504	0.6090846640665208
5733	-1.321026111063695	-0.2621184615545094
5734	-0.3655363804485277	0.14493842177234798
5737	-0.7125897513102437	-0.23008419923137496
5739	-0.37372747258274913	-0.15673679553451386
5740	0.19251301631971549	0.1345686099452768
5742	0.7332538626517002	0.010874736907467444
5743	0.2022170648429718	-0.16403179091206654
5744	0.6105764519665635	0.4849036108608809
5745	-0.9089373020169913	-0.33817589382439484
5753	-0.5251078681013606	-0.0768266540829683
5754	-0.3039523316760799	-0.10483948205724242
5763	-1.3607579769903646	-0.3519448415255616
5764	0.026595773958121946	-0.39450403126732714
5770	0.9005408768986672	0.8569158198433547
5771	1.2991032850596906	0.49858838407682227
5774	-0.393887140674561	-0.3333914776375886
5775	-0.3911601507411281	-0.28525664489230274
5777	1.971243926538397	0.6833961786340286
5778	0.2768747210226605	0.19813819853330605
5780	-0.9478261681885753	-0.1986299528343643
5781	0.19816361381025643	0.15521635874521425
5782	0.7975910803138102	0.44702315484424615
5783	-0.7360313540541279	-0.2287524490954336
5784	-0.624433757586256	-0.1463614096016097
5786	-0.13469817855740043	-0.10970467217949917
5787	-0.6257206262297289	-0.2741283980413358
5788	1.8085518035496437	0.6749130800384064
5789	-1.0769521556239556	-0.4792519812728957
5790	0.9135422921541592	0.42630595943938526
5791	1.9273031646637024	0.6945015664321167
5792	0.40453236135278814	0.29800707604157006
5793	-0.04576925887904153	0.07402644245246302
5794	-0.3575812394464422	-0.4143556529754543
5796	0.5706863835182325	-0.025514147506196683
5797	-0.07860068201600824	-0.07379368264776753
5799	0.44866522265836145	0.0051391275381359736
5800	-0.7168171589384077	0.05255067668166808
5802	-0.78167938327126	-0.5669463994356092
5805	1.2237345851149475	0.3390357185056038
5806	1.8088083335451102	0.9044241415902241
5810	0.44799581132071165	0.017019180605943755
5813	-0.9336161463932453	-0.5439171077111831
5816	-1.033476433203261	-0.22950081705769726
5817	0.36031805386819765	0.3529528725753514
5818	-1.1580659149461408	-0.4146354821138407
5819	0.6276399244167689	0.41694793287572934
5824	-1.2068240661034013	-0.35402167985273203
5825	-0.6035300780349263	-0.4795506635271838
5826	-0.1847944911923464	-0.30580155547661386
5827	-1.177598666189638	-0.42593448163219805
5828	-0.401803750873008	-0.4899090031755877
5829	-0.1476849236567367	0.017391066121312942
5830	-1.6506983434862033	-0.5824003468121577
5831	-0.1261243817443674	-0.022819879007163313
5832	1.9180311631175613	0.6925523254013823
5833	-0.9243832023826001	-0.2972285287132248
5834	0.8295271587411249	0.4017976486368301
5836	1.8188881860415975	0.7462852067454502
5837	-0.3508620453526552	-0.18642744748572596
5858	-0.38765791209338324	-0.14924272805968847
5860	-1.3602610853088426	-0.527193499085344
5861	-0.27896488604098835	0.0625712933185158
5862	-0.6588655635616165	-0.1476552875627429
5864	-0.8554981145257323	-0.4063044479014871
5865	0.34520781174243953	0.07174402930334284
5866	-0.8634614226158659	-0.2961813047470527
5868	0.45324755653302146	0.3531312661946094
5869	-0.10398035368086939	-0.16188265420796635
5871	-0.4584897405840235	-0.37451821235030536
5873	2.028190872810751	0.8791825842395946
5874	1.0013146589362465	0.6639371491806813
5875	0.7557703451374151	0.24846090897869602
5877	2.339029169878601	0.6985444441454571
5878	0.14211054692542147	0.24360854980700772
5879	0.9611492879297937	0.4887894308197821
5880	2.3703653354135366	0.779449608734347
5881	-0.5998486643721289	-0.23614635187377617
5883	-0.29851598627679177	-0.14510614902487157
5884	-0.6758901566326501	-0.3990525873581796
5886	-1.0459995312480876	-0.04602764986319899
5887	-0.7053842713925746	-0.08075486366544588
5889	0.8070623629782051	-0.007552416426555729
5890	-0.11342602013646982	-0.2155479715828502
5891	-0.38710552156149236	-0.31821500161691063
5892	1.0967146986520595	0.12010750507009708
5894	-0.6338218484455919	-0.36384435593956016
5896	0.8329231729023876	0.16395715050062687
5898	1.3146395257581487	0.510639692466897
5899	0.765054609980876	0.4930695852077578
5900	0.9552681853749145	0.4010833771352594
5901	0.259097450982116	0.32449742845768403
5902	-0.33717775336795225	-0.05529993035541487
5903	-0.727578323284486	-0.2804051136838899
5905	-0.6165148735281167	-0.05519952063122388
5906	0.04514607107998269	0.06819947724354762
5909	-0.2519326071917868	-0.04723935428409741
5910	1.4941098988205086	0.7064099586808903
5911	-0.12199696942683552	-0.3292534838448526
5912	1.8778022838201238	0.8528421864201499
5913	-0.2733759072996726	-0.01218591023979635
5914	-0.6011298972292342	-0.16001941648816198
5915	-1.1815804010400113	-0.41745155632691033
5916	-0.8852177746568703	-0.40342863433880427
5917	2.1384653219237935	0.6728863915861768
5918	2.259889856246426	1.015741872189415
5919	-0.14468665016978383	0.09453528603948685
5920	2.02597350828878	0.8198730841357701
5921	0.9645319581620895	0.44981280127888024
5922	0.38708454550778676	0.25141429439204577
5923	-0.8360409120407821	-0.21111157979565834
5925	1.0829781776484018	0.5072559953148952
5926	-0.509951930966434	-0.3196191447691072
5927	1.706849970578624	0.3568462853926093
5929	-0.01961942609271647	-0.3314682963971215
5930	0.2561767455195675	-0.11415724664932304
5931	0.6531665790617334	0.234822967070326
5933	0.35414623960488434	0.1554195431713679
5934	-0.602308452160226	-0.3664681802717975
5935	0.2904685174221786	0.07167054140396431
5939	0.8189570051448949	0.5612482103570229
5947	1.5848628945082357	0.5117629703548743
5950	-1.0088252742815063	-0.46693240522068896
5955	-0.15476886718621802	-0.08818195648791188
5961	0.08914241799041636	0.1593358602100927
5962	-0.8204223143225652	-0.36651424365646557
5965	1.1725465098707848	0.5475038592583179
5966	0.1335002487827748	0.20130864335584928
5967	1.7983947515743433	0.8644518385869752
5970	0.31097565798298676	0.1291677037279989
5971	1.299623071571076	0.5436464620276201
5972	-0.5084153513749703	-0.5283910536383645
5973	-1.327825019048944	-0.5069888948324393
5976	0.06262361190597038	-0.24701348647634414
5977	0.8496167627676399	0.15440956287061003
5978	-0.39656847819805263	-0.17689583141713244
5979	0.2562925388722824	-0.3197759101439423
5980	1.2968438043779222	0.4591339828523194
5981	-0.08556114463516276	-0.38672216020117095
5982	1.3740523482077354	0.5272915111398557
5983	0.7525685023280271	0.30694694275959067
5984	1.4705033058107975	0.5316889620427996
5985	0.8153530512686706	0.10852691883087291
5986	-0.8687860620624863	-0.3990374751818875
5989	-0.0071703421237116205	0.013390250486128106
5990	0.0452230504181739	-0.08198579926586719
5991	0.10037540377872287	-0.024235628068122683
5993	1.4192890047706435	0.24888897999480872
5994	-0.9684971834492075	-0.4557423465837828
5996	0.23479313556816667	0.7087421741356119
5997	-0.70138364281273	0.20439543268864024
5998	-0.15287719041086945	0.06286316423786284
5999	1.4271071106738575	0.5550946175205768
6000	-0.9882721469737181	-0.3892769287208864
6001	1.0467980055615322	0.6188919904406702
6002	-0.2917943713472168	-0.005291874433450784
6004	-0.06862120186997683	0.03422857943043486
6007	-0.9274328170960422	-0.47183868476748125
6009	0.5611723809480035	0.39262310319829996
6016	2.26407130629428	0.33805105017758574
6018	0.677555628048693	0.29881478761964936
6035	0.8714828419312404	0.10122197043918985
6039	1.7089593797265725	0.7325348288578677
6041	1.3597298583757358	0.4345360377699925
6045	-0.20407629039524444	0.009714505183904779
6046	0.5485975636793874	0.1727764664830012
6047	0.23614680655801462	0.2361003818990982
6049	0.7382453649216572	0.38794042686455804
6050	1.324748113454658	0.36980902391245196
6051	0.36744619951253765	0.08698023539189892
6059	0.8479611238193148	0.4678983912677518
6091	0.2421498922965676	0.20217806596649623
6093	0.6448131440138735	0.12974030761605249
6094	0.045347435929531776	0.24166205271375585
6095	-1.8258938573068497	-0.6593288039184864
6096	-0.041415943232908786	-0.1553221697510956
6097	-1.8697401863723155	-0.662101546817168
6098	-0.3453232216282668	0.03516922014771706
6102	1.0193974858537953	0.6294319858899426
6103	0.15324418440910895	0.4045290895299509
6117	1.1426025100919581	0.17558039596040054
6118	0.8913328197205593	0.10455443573946951
6119	-1.1556631519160987	-0.5424292987905002
6123	-0.5251333494218604	-0.18213862531281488
6132	0.7366151693779003	0.30645865336081834
6135	0.0897657686198961	-0.02041158966744448
6138	-0.39532407491148946	-0.2687783986959537
6146	-0.09344734630740105	-0.23473164590069873
6150	0.6229767903119576	0.07648622783079513
6156	0.18090486313171095	0.004094241815308534
6160	-0.8264872626678755	-0.5166679833413814
6165	0.8806280050152435	0.2245943079419985
6168	0.8789191981002428	0.31799765996197615
6169	0.3625000756920197	0.051509954644875205
6182	0.6750022252522636	0.26204911100665645
6183	-0.02915594153436385	0.062488593175246424
6184	0.15684006788952837	0.10724324939988328
6185	1.4726509875449274	0.4138335229273468
6188	1.207957706924139	0.4176354624861123
6192	0.1781563653239398	0.17101846849845578
6194	-0.49832205598462087	-0.15550026062299255
6195	0.34963929107132397	0.35431816110010284
6196	-0.048854195195826566	0.06661205561256331
6197	1.3502760467901378	0.5062026804393688
6198	-0.048992624999891	-0.009318285649697153
6199	0.7744477251888228	0.31616461024395504
6208	0.25421966787076095	-0.017172951849795948
6217	0.7613263632418397	0.2556120915404507
6223	1.4210777904041423	0.465161117549332
6227	0.6357405997303919	0.23265113829449457
6228	-0.0656150425079475	-0.1969123006453632
6229	0.5564979718686938	0.14387988062518925
6236	1.130998591630961	1.1164928122198727
6237	1.596014795477001	0.5665305876975835
6238	1.1977064034006168	0.5456520600599616
6239	-1.300591643635339	-0.3989099671398176
6241	2.0557225447985443	0.8475126501958681
6249	-1.124753815550609	-0.2364707283683588
6251	1.72394414585186	0.6771911205032405
6252	1.274856664125236	0.8285626364679286
6253	0.8489288023426224	0.3854438532769049
6256	-0.6103996720872378	-0.14190087829850578
6259	0.6437513251196307	0.1438505115905637
6261	0.42882976475747936	0.3134810282727819
6262	-0.6180512619660933	-0.23699441839533444
6263	-0.3182875041247528	-0.07514611513594083
6271	0.9416221574564453	0.5294765824208205
6272	0.24155180006008567	0.3632930084583774
6273	0.6583340624138306	0.37100282300541937
6274	0.8690729938289216	0.46780033059418924
6275	2.0201267296810514	0.4894636150255777
6277	1.0044016485800351	0.3664034868840196
6279	1.2639427854586378	0.8033787878020129
6280	1.2856778081288034	0.8628970192009132
6281	2.1721830328156284	0.8418596808295361
6282	2.45111874409523	0.8654037064512052
6284	1.8146621557411422	0.4337611554024909
6285	0.4811078641528648	0.05244139127480536
6294	0.4763826542335869	0.22050296790282384
6296	-1.9930028986631099	-0.8412469173859822
6297	-0.32267820415628484	-0.41250633332420444
6299	-0.9985956875760919	-0.17686477946274595
6300	0.13485362964511458	-0.24205009302227237
6301	0.5956482298734398	-0.020479481257554
6302	-0.07627894923262565	-0.324800549931311
6303	-0.28505685825456445	-0.022458958103987695
6304	0.16551829191307738	-0.255922408166468
6305	0.03394512802792318	0.10682163662152766
6307	0.19304192325322206	0.05906902576349138
6309	-0.3842660308128151	-0.27306660483485257
6310	-0.2007205470056313	-0.19974648999173125
6311	0.22865903485585595	0.06724701082824514
6314	-1.0818547247950179	-0.5034254086550652
6319	-0.37644021264472294	-0.37438920838006867
6320	0.5343411535236822	-0.005364847585729471
6322	-1.201216818026753	-0.5245707666868026
6323	0.07751631522084276	0.2207919305207061
6324	0.3892525405189515	0.3509661723390534
6326	-0.984528241798392	-0.3744977444556975
6327	-1.1194062097174657	-0.3814015300867988
6328	0.5638198314648902	0.23019608046620735
6329	-0.702234714576487	-0.42586062135809155
6332	-1.369243244109617	-0.44858351042114564
6334	-0.8589193150613603	-0.29547722161431894
6335	0.4611655816352993	0.3887182097279259
6337	-0.277453359946358	0.27398659950654436
6338	-1.4802728453781908	-0.5888491094369195
6339	-0.2774901004724841	-0.24949397473264717
6342	-0.859957754688015	-0.5335012056829951
6343	0.15783199135035056	0.2571433365829757
6344	-0.2786190507103895	-0.1696625311230408
6347	1.1647663993384303	0.6296218087735366
6352	1.6950511275573032	0.7145170272141284
6355	1.0542445753781369	0.45586889557008226
6356	0.25111489052421193	0.0167363190200599
6357	0.32976210958752267	-0.004448454980616301
6361	-0.49079456526244725	-0.1467404415755
6363	0.9236006374817172	0.27678308996616285
6364	1.4274280396322716	0.6324575300588704
6366	0.6517177996066887	0.15095775523693464
6367	-0.058602185205011564	0.07147961932040947
6372	2.060317769052026	0.696712651169592
6376	0.3019770584383302	0.14029999598575
6382	-1.0574472222245381	-0.006972459367017958
6383	0.11463269587813013	-0.1427083954751932
6385	0.07080598570175778	0.16450043894915364
6386	1.9515516279768388	0.7676450914975221
6387	0.005818025703730967	-0.1787425455734992
6388	0.6798763006102649	-0.18185410171574196
6390	-0.8735377765231227	-0.2373387866618516
6392	-0.9453525812085519	-0.36021107147896925
6396	0.42941075331524436	0.05828993057922141
6398	1.775749469768016	0.9086663321284784
6399	1.0070752913367533	-0.025145267540244685
6400	-0.09353002315128595	0.03630004592697637
6401	0.3965527131416308	0.22321419475708604
6402	1.173777580531635	0.6698952457433526
6403	0.1803622598471381	0.18768499829353943
6404	0.9796273345183518	0.606621365592121
6405	0.4615264536112741	0.004398630361047151
6414	-0.5746009384728151	-0.46689715396025544
6415	-0.03216486039167593	-0.220549277455344
6416	-0.06564810318147185	-0.12069465636181903
6418	0.8977022369187684	0.4550858745567091
6419	-0.5570014994235474	-0.47631629241968787
6422	-0.3267697106395942	-0.3240170952836404
6424	-0.3500258820647345	-0.29396626123202385
6426	0.612919093544644	0.3185594099978245
6428	0.28748881897473394	0.22084855068394016
6429	-0.06792627408612163	0.25021089302375565
6430	-1.0667238796889393	-0.2648994919395959
6431	-0.8176138444737517	-0.2980025959954474
6432	1.2394149225579365	0.22959334532552533
6433	-0.7411335662241054	-0.25040249271219206
6434	1.776203352539718	0.42067963243216777
6439	-0.4272961943861874	0.05837289089492345
6441	0.3921878448290685	0.295747347454981
6442	-0.962020235480687	-0.3408494276549817
6443	-0.14567640164738727	-0.024823688754957246
6444	-0.7651451305771905	-0.5857139527277497
6446	-1.0184671780040206	0.1716309126427636
6448	0.70429897619591	0.30191908403134826
6449	0.6391478524501135	0.24432323588489274
6451	0.46994285259015733	0.09400462488608619
6452	-0.06150498886653827	0.4247402258035936
6453	0.47124921584295776	0.32712794504083964
6455	0.47583928402572606	0.04802676192031563
6456	-1.9319946223714288	-0.41815626496379577
6457	-0.11601997197668132	-0.2521408563623432
6461	0.03889053458319887	-0.010715813885541634
6462	-1.479991016952202	-0.5680230407860225
6464	2.1404128625139074	0.7788130985257478
6468	-1.100765956176265	-0.4581823692361048
6469	-0.3802345091454535	-0.2068076823305111
6470	-1.6865519962223838	-0.47902258407337317
6472	-0.15546176395421396	-0.20333522415553135
6477	0.30578265054891585	0.042468981453165786
6478	0.13395816142024536	0.0006829485743402308
6480	0.8761755649234148	0.30099030087868955
6482	-0.3056343897943045	-0.35283627431534426
6483	0.9155417177182177	0.20515480249670434
6484	-1.2059147654224684	-0.469389701501697
6489	0.9001929717310502	0.2123336236855794
6490	-0.9840996946017486	-0.7058841185916895
6491	1.2274741906414266	0.6201574917927288
6492	-0.8360675721360264	-0.3171297477335693
6493	-0.22929627046725057	-0.10191387011181116
6494	1.4628692493057418	0.501789205249083
6497	0.9213465234733148	0.2593226181943155
6498	0.27348925326071655	0.2101258342539391
6500	-1.2011376663154825	-0.5642253011574873
6502	0.7580942377048991	-0.023831116476294115
6503	1.8006822101942659	0.8570735470682065
6504	0.5995840104981462	0.42184508444176017
6505	-1.5475208677792152	-0.422219419632464
6506	-0.48473475199446237	-0.29286837589215164
6507	1.4438667720802576	0.8933338074167889
6508	-0.20303904305746084	-0.1080646715250289
6509	1.9261858056836445	0.7198676406529093
6510	-0.9531226864681115	-0.19681299349385734
6512	-0.6201841589584949	-0.197355193241062
6513	-0.3606027196367942	-0.18416481783700456
6514	-0.24464003044638882	-0.01643876855172416
6515	0.9043979262334954	0.630924984404567
6517	-0.5274791958551946	-0.2027376150770886
6518	-1.4485406684610163	-0.4384599792616072
6519	-0.6337849042883872	-0.275065220923424
6520	-0.6917218528413277	-0.24413037093790185
6521	-1.5504694056085806	-0.34429898817593335
6522	0.3269956812714032	0.3297158641776426
6523	-0.2824880884313473	-0.14290520626835812
6524	-1.166807602921539	-0.08054476863658036
6525	-0.15906046321240647	0.0015897499765981787
6527	-0.02532453490638148	0.034428115669215664
6529	-0.34263361120653746	-0.1284579097626799
6531	-0.011253037492211432	0.07943479588778293
6532	-0.9344819217125659	-0.33890153096474396
6533	0.2798349938241482	0.12340208505557584
6535	-0.494626037408279	-0.06041059615007867
6536	0.03269655212051345	0.0243181029075049
6539	-0.01929576145529971	-0.0651873510849901
6540	-2.217542173486222	-0.6447663724300019
6541	0.18232783970301147	0.3535081354840445
6542	-0.4077421406289433	-0.4099010312650914
6546	-0.8773453808576948	-0.17853300501829672
6548	0.33195648946129724	0.29145745513890586
6549	-1.2909934394703981	-0.45273781050655104
6550	-0.8467860382024872	-0.33186923602597845
6553	-0.31139659545650156	-0.2215871786616415
6554	-1.0261048220479032	-0.3342022857081425
6555	-1.518440512753953	-0.616663412650543
6556	0.5621982314458348	0.5657237064282948
6557	-0.9848998974279687	-0.4205538710464244
6558	-0.1703989495290607	-0.05251080970124962
6559	-1.7587545300346292	-0.5154537390893428
6561	-1.4122597868124294	-0.42093964070987805
6563	-0.46392883166613463	-0.3851950981777428
6564	0.3199648189244474	0.3846345298586163
6565	-0.5529312481401696	-0.5059351224104371
6566	0.49609830690956336	0.37745325105376204
6567	-0.8014096003993256	-0.3345635707804676
6568	-1.523525522438848	-0.30275269731789056
6569	-1.605782592413457	-0.4729800864637239
6571	-0.5583613640907825	-0.2776570194756649
6573	-0.3284893642035806	-0.20191085703491035
6574	0.8831457609729629	0.7833142749886934
6575	-0.2714790744648239	-0.1976449187252178
6576	-1.3822036632641168	-0.4038930766623048
6578	0.6212173463336013	0.2967585415026075
6579	-0.37260838348728104	-0.02359939653500944
6580	-0.9923657647747905	-0.4886753759809606
6581	-0.28714269658400293	-0.3494844832961045
6582	-1.2200570011567076	-0.7166463957263354
6583	-0.8230299516189605	-0.2156640950130748
6584	-1.500910146371473	-0.3174578316438998
6585	-0.4507001589429478	-0.07957050465532295
6586	-0.05926860501576949	-0.31732129362948325
6588	-0.5362081262395251	-0.21802095895533502
6590	1.6498770809859127	0.8858791427934043
6591	0.33022043320130623	0.012265121276742771
6594	0.4182271929338427	0.12561633916054102
6595	-0.7661685414968303	-0.3052425025546177
6596	-0.4295882847670839	-0.34755326258137087
6597	1.21847647689295	0.3613397643540808
6598	0.812307265841872	0.38670850487094544
6599	-0.7659695821535923	-0.29291686250518
6601	-0.5572122827304447	-0.2470907100807595
6602	-0.738691319001131	-0.1000263888273232
6603	1.1991556187262291	0.3593186180324714
6604	1.29876920162918	0.596332701203856
6605	1.2467548593339295	0.3850329215559848
6608	-1.2997162068571804	-0.6042506770758108
6609	-0.27793621763662285	-0.018930669945113998
6610	1.2568020437006087	0.3982438618709371
6612	0.9995986037194908	0.524698374676952
6614	0.9667386254785904	0.6687574711430124
6615	0.12214887763109251	0.3207427582428398
6616	0.5870919973704761	0.17890704392243803
6617	0.2990191864932615	0.1731326653494053
6618	-0.14850147836100208	-0.06660622718381576
6619	0.5785640195413071	0.06110497176344125
6621	0.37452950388436657	0.11940801066248022
6622	-0.685743835511772	-0.3387090564471301
6623	-0.7191153112243395	-0.3697525294488301
6625	1.3119449732687891	0.5759457918898937
6626	0.8020108224033957	0.4426000569796645
6628	1.7535708887452386	0.6485593707380026
6629	0.6192949382705933	0.43346060003615144
6631	0.4138687882633089	0.11515620528226961
6632	1.2808750045885677	0.7767163027443083
6633	0.6204195596913042	0.1490962762800942
6634	0.25370040677226774	-0.10033409933086186
6636	1.313887888425291	0.3875186597875266
6640	-1.5114161076816472	-0.5091189165744205
6641	0.31042149325083934	0.1212704623766323
6642	1.031535987129117	0.2222382012145617
6643	0.7650046239222433	0.11126397663765356
6645	0.6786279143993801	0.01598237958658165
6646	1.743865563069258	0.8621721341146905
6647	-0.8040305104111485	-0.2676218230247734
6649	-0.7848775987678078	-0.4867252197190674
6651	-0.22552409776697613	-0.09021364721773267
6653	-0.0491093734206309	-0.03159392940753389
6654	0.45338960147706553	0.18644175476885053
6655	-0.8916649427970028	-0.18598473690746226
6659	1.5096067932724808	0.3316515050146719
6660	-0.28879450155618624	-0.022977523254346183
6662	0.5647967503910919	0.4555932253692907
6663	-1.1489419651797428	-0.3862014474665395
6666	0.18330195975508357	-0.021268384341699594
6667	0.11291453654741401	0.05744700751581726
6668	0.20008453677825594	0.10639505502960982
6670	0.28091128464895454	0.028979386920255056
6671	-0.7859910217466894	-0.3779788479052806
6672	1.343843843843307	0.45534831768569456
6674	0.6702537104411297	0.673167296066214
6675	-0.3721178546888068	0.0732156578018539
6676	0.6383409259547606	0.4751739448032379
6678	0.49018051295554027	0.03680889160378843
6683	1.3509860428308302	0.624474460163223
6688	0.9638662558164983	0.7752252033257476
6689	0.13451204471087091	0.08256752087520278
6690	-0.32296293866212916	0.16402333763890395
6692	0.674471767447213	0.4016602293980588
6693	0.6758968798993955	0.30027599743125266
6695	-0.6745928536539573	-0.06006622246882917
6696	1.522881489759862	0.6958601596861653
6697	0.1594739976117428	0.03592230879652207
6709	0.025018734077136798	0.2768852369619142
6710	-0.8754496641668159	-0.2006463506962321
6711	-0.4093047523139807	-0.29016044338369595
6712	-0.7864172333288841	-0.2846865216129846
6713	0.3635523634708795	0.27058876576255836
6714	-0.18195086416642178	-0.0031115555683773194
6715	0.23750088842272482	0.17245451127174422
6717	0.9987096212052664	0.34002728998532145
6720	0.17225954847200367	-0.34627317112333394
6721	-0.16834949456911433	0.146864342839772
6722	0.2299699674655507	0.26947754587260936
6723	1.6343773802903239	0.8850722685105328
6726	0.15501335342260447	0.04673962069747413
6727	0.34365666303596526	0.046349768090931644
6728	0.40649079669437166	0.12170757625625697
6729	1.2774525106843067	0.4417331632838042
6731	0.7890121051826902	0.39995039874341043
6732	0.11463394534042648	0.3503154595109208
6733	1.1742247775140129	0.33655695417408366
6734	0.343991859827678	0.13662854298568133
6737	2.14729074569693	0.5980760271888935
6738	0.4851411407117364	-0.08442496383802792
6741	0.22138418129705845	0.22993037533205612
6742	0.9188815335727643	0.26908525381124865
6744	-0.8313683128667804	-0.6928562261054853
6745	1.0549601257475365	0.5579966469982012
6746	1.251959212621732	0.21962874074406447
6747	0.2178907010548843	0.3350587150340724
6748	0.9086643656022855	0.225541036103302
6749	0.6654429816166553	0.4331235805837068
6751	-0.6563267353381981	-0.6076953882732073
6752	-1.3934680670954374	-0.3062935579219693
6755	-0.03155376300714913	-0.13631747858280566
6760	-0.6196279390899999	-0.026869584143250635
6764	1.093598863823302	0.39539498905750137
6767	-1.7233321663092473	-0.5775223069535595
6768	1.4462753469171854	0.5995630790335746
6769	-0.9807512680067633	-0.44694035884109784
6770	-0.10910259682944312	-0.3402640637823276
6772	1.28436200366404	0.5481392115397568
6773	1.0266611813368658	0.5076642274381721
6774	0.9331637298901443	0.4986646624040365
6775	1.1365561677443692	0.45159977678622243
6776	0.12993610512830178	0.09355255089554881
6777	-0.681501228073484	-0.18427313679876414
6778	0.7854552695409808	0.5045723277425588
6780	-0.9782603107304277	-0.4081161990650305
6781	0.19785639470772357	0.39458604380451023
6782	-0.1059779028715403	0.0767347073542883
6785	-0.7971923538352101	-0.14430617650848263
6787	0.47718473885582713	0.1964941537912045
6788	0.45842848319602403	0.2768432756236613
6789	1.7067988492431025	0.691112310744308
6790	1.6937116265651442	0.8394211054231302
6792	0.30764838978634634	0.3368288686364389
6793	2.1060106360460775	0.6840150815329533
6794	-0.2644729182240497	-0.0027559464446889614
6795	-0.6951763232215371	-0.12110613983278717
6799	-0.40552638450690587	-0.2848627865805624
6801	0.29770007574724194	0.16761339581741558
6804	-0.08155484435724072	-0.02603419878091333
6809	0.6435847830458802	-0.13782045587944342
6810	1.727029731022459	0.5954922468391888
6811	0.09125723938148483	0.2524753487008578
6812	0.733625983018237	0.16503856083596602
6813	0.606617969062798	0.6177281302657596
6814	-0.3134932483118023	-0.04355668224192865
6817	0.18374788609942214	-0.09008833724592984
6819	-1.023322903605641	-0.2728554297872875
6820	-0.7399109534387016	-0.3198255079504834
6821	-1.1819603987993292	-0.5861462862614961
6827	-0.02261100351649603	-0.26286018645039094
6829	0.33005460005354337	0.2663383131097308
6830	-0.43020068658198934	-0.026913582537311923
6832	-0.8604053341540276	-0.35016279954982976
6833	-0.6182712818896434	-0.43176469365369174
6834	-0.8667606602998978	-0.49615517245439655
6835	-0.0603409243758784	-0.17995264905467062
6837	0.44248601481753796	0.03450194036699044
6839	-0.529692415963492	-0.21891874009029424
6840	-0.24034807853437556	-0.25640254649157407
6843	0.22056042452672636	-0.06020493825516469
6844	-1.6575982127864364	-0.39103299845756606
6850	1.034753172830104	0.5414181847021539
6854	-0.7625412532241103	-0.11251099057984246
6855	-0.6027467105779818	-0.27426098894683226
6856	0.07061841550273334	-0.07778292217806955
6857	-0.5658518326915003	-0.3868392542762229
6863	1.0175690411295149	0.18702430849173282
6867	-0.9572948094853808	-0.13689782415854493
6868	1.0101153792992332	0.47472865135717573
6869	-0.7854531480308544	-0.410781287098005
6871	0.041611065645155876	-0.1918940722593182
6872	-0.7905793012062636	-0.36816257395661695
6873	-0.46540699610949665	-0.04139197562342009
6875	-0.08629237427829364	-0.2628561104600087
6876	1.4664339263686426	0.2962663876942036
6877	1.0370190235927987	0.3458561058244707
6878	-0.13618686346291317	-0.09063886375871527
6879	0.5085461511175191	0.1353187648137582
6881	0.9153614737985363	0.4233769328785733
6882	1.030004042790868	0.14949239901761088
6883	0.8081996166489873	-0.05172050935658676
6884	0.51666694327354	0.3805288698566297
6885	0.8322700158428866	0.28119120569337025
6886	-0.5435415317501441	-0.2891337818398592
6888	1.9129694519637126	0.7445112670040834
6891	0.9822991533601518	0.493928592229384
6894	0.397288602338159	0.04778339736002563
6895	0.8860963464537382	0.173636685303625
6897	1.8197954634062348	0.5694574145012481
6899	-0.40241079490990844	-0.22443760635438992
6900	-0.6577472470213623	-0.22536049148934703
6901	-0.0536254534820188	-0.07212447964048183
6902	0.6820492928144584	0.15118637968178467
6903	1.143240044024068	-0.008553207218532748
6904	-0.01838186842043621	-0.30751404214865397
6905	1.209030814358441	0.46242631850506005
6907	-0.4151949049301485	-0.5127760527669656
6908	1.3734768541326994	0.4644597435500868
6909	-0.7218751350970534	-0.17583663036454178
6911	-0.8358537314986022	-0.27803997830180405
6915	-0.8823286382944615	-0.3584818245618481
6916	1.5429965612584127	0.6525710201959269
6919	-1.6277997830139428	-0.6478375126401736
6921	0.10775461339888957	0.07141033756008364
6923	0.2916978035706643	0.06008149560491592
6924	0.7521195093288388	0.5185826617812533
6925	0.8935546534920955	0.10755288382155026
6926	0.09342946462382884	-0.4472535097323289
6927	-1.5652385771890307	-0.4816491177012363
6928	0.7271513595204216	0.12877437644014564
6929	1.1659373737213037	0.3269899561461621
6932	0.4413508052712096	0.21289449221910042
6934	-0.9657844419754643	-0.3822884518106132
6936	-1.0247635307480243	-0.49591851569611567
6938	0.9330342038556094	0.4087644049546093
6940	0.5167564510537961	0.05219123599443203
6942	0.6384101116237169	0.17524462789842402
6943	-0.580039862261236	-0.41542990367113863
6944	0.15577603116675692	-0.1793472170216906
6945	0.21090827562991016	0.07685510037201726
6947	0.5885649407981491	0.562538252704619
6948	0.0836871979228104	0.10002569697409297
6949	-0.6586613928147527	-0.2718952098937455
6988	0.08747595989023543	-0.04431406886044366
6990	-0.4742828630892759	-0.49279113054057433
6992	-0.18191954617578412	0.015645904731176365
6993	1.6554067905890006	0.5129517271407723
6999	1.3169623163564435	0.6223900148184298
7001	-0.10549057024776319	-0.04347833653071928
7003	-0.5261867456778898	0.06550603157139473
7004	2.1580006567951573	0.7771136340942522
7005	0.14091626512862226	0.21829303999855806
7007	-0.7352362932242105	-0.3238175664512517
7008	-1.282052716562323	-0.5017585655302428
7009	-1.0408955287455954	-0.4942229385335617
7010	-0.8743139641743038	-0.3113160725498193
7011	1.0596182052032228	0.6871601828836058
7013	-0.2547169235971677	-0.343626604656237
7014	-0.20836804245258445	0.16251449103950494
7018	-0.37286551758645087	-0.34127141239018083
7019	-0.40365203946239187	-0.27595155364015145
7020	-1.0712093708508041	-0.5417409946924031
7021	0.04313511790287827	-0.16017096875946762
7022	-0.2372123326583295	-0.13892429610586002
7023	-1.0622572174940565	-0.43158361383720234
7024	0.3819805907342565	-0.018114343515656384
7025	-0.7340908023927603	-0.47246814604606796
7027	0.07706633129481781	0.22986697048332866
7029	-1.0260808977746119	-0.5242310212782102
7030	0.4637422006045949	0.5948545832780312
7033	-0.0062604928352504585	-0.15667062695390552
7035	1.044337706362547	0.5557125366228912
7037	0.012183766078662672	0.550781660750654
7038	-1.0756574450589331	-0.42675720817029134
7039	-1.1389376562675195	-0.11409972040596683
7040	0.9633114216207318	0.6028159136466055
7041	0.7158135607313576	0.34728814625376275
7042	0.6546937145936789	0.15398353155786024
7043	-0.14284800452930313	0.16311815133501983
7046	0.027120304928005323	0.2412471492741241
7048	0.7210867840991504	0.321486071633269
7049	-1.6376020485241964	-0.42997030748508797
7050	0.5633848384864082	0.5502433814335318
7051	-0.3250374024349642	-0.041857306490924395
7052	2.0050587416005445	1.1826574212012642
7056	0.7582416923931752	0.17039926415756776
7057	0.196348867307368	0.10207290538422051
7058	1.3512833699728255	0.3833584163120233
7059	0.39802238516033894	0.11922432276908732
7060	-1.2928272805441405	-0.49425485725307394
7064	1.0962032700883912	0.6211063176648588
7066	-0.06141585892906394	0.03642594326587458
7067	-0.9836195369697921	-0.28963366509572697
7068	-0.9143033346277609	-0.49324349213044705
7070	-0.6194255546997656	-0.396659940596502
7071	-0.23566562715377648	0.2070741846333591
7072	1.3755037306479387	0.3596984525235228
7073	0.27213527487328126	0.1530329776984223
7074	0.7351779917992327	0.4913335677978861
7075	0.27479504146048706	-0.08193075030010655
7076	2.689140575182946	0.9523166299540795
7078	-0.3910206065339626	0.10587313010233296
7079	0.17137645794380837	0.27327043503577897
7082	-0.24396305781196714	0.13935645709893318
7083	0.9173655848811348	0.4547403644778961
7084	0.4302907570475641	0.07102519067307461
7086	1.7913072349272605	0.8298415201947882
7087	-0.36295387972518933	-0.2220726788856512
7088	1.1162279234698191	0.5040413388859218
7089	0.5410597722938331	0.016066095918926843
7090	1.3801111741257666	0.5464647450723981
7091	0.06355018927809783	-0.0016214362598243534
7092	0.2677340263689535	0.09618153784077456
7093	0.4256475728944813	0.2980377590413683
7094	0.15669762850624117	0.5023465875905371
7095	-0.7407625600970533	-0.5292874436871893
7096	2.3398017015120804	1.04453711897959
7097	2.499537781888978	1.1448308189884173
7098	1.1255692836445874	0.20013503820271972
7099	1.5727096835919037	0.9042786584382627
7100	1.680587547051704	0.7477669456706582
7102	-1.1030350120953178	-0.6484000348207659
7103	0.49125726927698987	-0.06604931257817483
7104	0.433198308556127	0.13166278888179786
7105	-0.11506673002278145	-0.3674575222499789
7106	0.34806607243592314	0.01827784459916501
7107	-0.8694276206588765	-0.42358773254264603
7108	-0.9173853148766347	-0.5154761171944984
7110	-0.2998847775639416	0.08916625218145974
7111	0.07893153455100123	-0.10641931311494242
7112	0.7057549065847621	0.4702703354933385
7113	-1.5859373839564	-0.42429230735128265
7122	-0.2190914608096616	-0.008135742648481497
7125	-0.9369890257677973	-0.5406420529104833
7126	1.146565836846807	0.3660548123792501
7127	1.8571462605798095	0.6967546104155702
7128	1.042761723941582	0.8978293742178318
7132	0.9887330067786868	0.8454287325319756
7134	-1.1811569766340768	-0.22094783719134725
7135	-1.521895073148023	-0.5649147117693127
7136	0.31260997688053094	0.03413437450632206
7138	-0.3624571068422856	-0.36972250184572375
7139	-1.2730151155141929	-0.2890067605403308
7140	-0.18321530830261276	-0.009853045940781197
7145	0.059873606202607954	0.05693201037143346
7148	-0.09537763143452657	-0.11463421960221709
7150	-0.05387536958138408	-0.030800594047831233
7153	1.4996835672976543	0.8341669078724978
7156	-0.5530964583931312	-0.18930502566809826
7157	1.8779940753620525	0.7433646586199367
7158	1.16105726377976	0.17669315189777615
7159	0.7847959411254783	0.5220538065874721
7161	-0.4209517037396461	0.06789200550178423
7162	1.0744256517253352	0.44864032490704936
7163	-0.9690300674093804	-0.12878621245713845
7164	0.7768007590771365	0.19777358593832767
7165	1.4764970245644338	0.7451452548436508
7167	-0.06294181819402156	0.19598484890314607
7168	1.7400899909844043	0.5075999839852885
7169	0.20455541270429742	0.187793128822415
7170	0.6954774826178023	0.4347202765651778
7171	1.2823510576407198	0.5344748143229345
7172	-0.8941340930519281	-0.4130929882373211
7174	1.5696735939912196	0.507943831823394
7175	0.2571324558129688	-0.023423042793205076
7181	0.9350585452412931	0.045374873456346936
7182	0.1223045536749508	-0.019441449430582666
7185	1.0503032857937606	0.4416310744204713
7186	0.8499990193684386	0.08587786183539478
7187	0.9849069783822084	0.4129685877085355
7188	0.7027013619230886	0.5160357930640651
7189	0.6133755622382481	0.15057299420154768
7204	0.8191611479167223	0.5200302286940626
7205	0.3676850115453488	0.029393847575955492
7216	1.0237089345807016	0.2481623894178336
7220	0.36500629274688307	0.1996279848915315
7221	0.33985716929639875	0.24219838197651897
7223	0.05711396438859917	-0.014703741794895739
7224	0.3174333738203381	0.3313056713845053
7225	0.14554631247770455	-0.19372959900865547
7226	-0.04793012659426754	0.22946248512178374
7227	-0.3219485221091634	-0.21819805587254112
7247	0.01325442942709859	-0.054232034398827456
7248	0.5731147388822936	0.09315164925304259
7249	-0.5372622558544079	-0.2402356904670928
7251	0.4582092273040506	0.11782037886241575
7253	-0.021529901613648705	0.036013086193893595
7259	-1.2925616755208658	-0.6724765310221563
7260	0.5936008697186976	-0.028152410095615393
7262	2.1150325756682724	0.900726408329091
7263	-1.1772083176976065	-0.4520529969832703
7264	2.5465239393697168	0.7569095869450582
7265	0.7772836596044329	0.1233645701049216
7266	0.5789656959195968	0.259096805946763
7270	0.9750125777957253	0.13394489512826893
7273	-0.3406417926175844	-0.08132091299212062
7274	-0.9689589192608168	-0.44664982905509804
7275	-1.1836642666437576	-0.5058387762471299
7276	-1.0901126728494828	-0.7361575969395302
7277	1.3116597275649309	0.5586301533756102
7280	0.34456304754318934	0.24868566701507733
7283	-0.32528017591457264	-0.11295633782023634
7286	0.2516266186415193	0.32025289425917264
7288	-0.8236592853177723	-0.3955788417481698
7289	0.7977116011068006	0.09117945633030336
7292	-0.6490334696815165	-0.23717969211296103
7293	0.871656822358645	0.1645692887814546
7294	0.5271788631363746	0.17992590792553328
7295	-0.41117575895886005	-0.08424648912012797
7296	1.0557480729696647	0.6869806837258063
7297	-0.14947107220846434	-0.04003338074429361
7298	1.0187700690209929	0.3669363417182909
7301	-1.3596269982059872	-0.38425273480840255
7305	2.4023312406945267	0.834668889922292
7306	-0.8738954373258797	-0.49674836034743186
7311	0.6644392497913271	0.21063099258406887
7314	-0.21482946377900808	-0.2803029324132232
7317	0.14252889394888962	0.3014416602839633
7319	1.0290385543971583	0.48718235132434773
7320	0.1580933819697352	-0.02050617953860339
7321	1.4991049896884983	0.7888327792182359
7322	1.5877828452941134	0.6449578828210449
7323	0.27512395938261514	0.05675377197214533
7324	1.566456059197587	0.493513606663444
7326	0.07782045330624453	-0.07686571837537691
7327	-0.05212165266909416	0.03908894475607451
7328	-0.10283251364953244	-0.21734641736922794
7329	1.8729337564200796	0.550154393716098
7332	0.8335398937756615	0.19391236740376228
7334	0.28666227846579484	0.28763333200670216
7336	0.2662352266665575	0.13770079552257553
7337	-0.2347424383286481	0.10189808359816957
7341	-0.7370079052687026	-0.5425046725680812
7342	1.1701886134492203	0.5755285734843736
7343	0.16789816944545294	-0.09738432996204169
7345	0.8233493351884382	0.3408326822241179
7347	1.3631776181861825	0.5797147423103379
7348	0.06888329719044367	-0.03706293334423769
7351	2.1229601118251273	0.7214924290502154
7352	-0.8882453412500897	-0.2329482487431721
7353	1.3989911192998785	0.503475434778742
7355	0.33012716203052306	0.09151239745989281
7357	0.9558762030966456	0.5002111501312937
7358	0.7420177928101497	0.5728207718565369
7360	-0.1683303320446081	-0.07380816232080151
7368	0.3189375002283126	-0.003547969699011805
7369	-1.101820913864341	-0.4394345584623205
7372	0.9651351083301182	0.057948643412967446
7373	-0.8789642066721928	-0.7750183567759088
7374	-0.988619498848	-0.28750955816511214
7375	0.5853000595293057	0.05176225361864206
7376	-0.6528599613445141	-0.049534021252320176
7378	1.7683006154253176	0.8715083031316239
7381	-0.4080383476447377	-0.21138906003548283
7384	-0.6382024694304214	-0.1888376381315045
7385	-0.33316524629915323	-0.1825210574604424
7389	0.21982207727085445	-0.23690961126834545
7390	-0.30004566976222435	-0.4418898476383607
7392	-0.5653223534746605	-0.08734135009064127
7398	0.48552341460575776	0.10334258962912982
7399	0.14807612011619942	0.07124057949149362
7402	0.2879816347274534	0.20085942508562218
7403	-0.23602866943465944	-0.263668610665297
7404	0.13919147248350797	0.24818784527443266
7405	0.1597417358850235	0.09385705439834963
7408	0.5860280843209489	0.45685927694302536
7409	1.5506415839683407	0.7682914500040253
7410	-0.7206818529540768	-0.2107170004029088
7411	0.851979643875189	0.37745813861149546
7412	1.7794436413618784	0.6455926730493112
7414	0.5736757967321735	0.4665744600898979
7415	1.629657879464382	0.6069964406418853
7419	1.068457831815494	0.31418153821429584
7421	-2.1890821198854975	-0.6946176269178232
7422	-1.565197144887212	-0.53750836653844
7423	-0.4521523508165055	-0.372065698295771
7424	1.1445130400440577	0.13251547004959377
7425	-0.20656703017292014	0.04384543321900701
7429	-1.55745684781896	-0.6450846203406164
7430	-0.5922422422739029	-0.17007629075112307
7431	1.7007587874966008	0.6149424594898034
7433	-0.43309681200081795	-0.14551295156599897
7434	-0.7320589152241528	-0.3585179118444013
7436	0.3204646334131639	-0.11293338648279105
7439	-0.5242552797249477	0.011649784019901438
7443	0.42211803356444605	0.14582199813716348
7444	1.729071507827586	0.6769392665754905
7447	-1.0712294092044337	-0.6613141467752436
7450	0.3800935746996613	0.11574698107496927
7453	1.5910598170480337	0.6009543866698532
7454	0.37769253344671866	0.3242869904339561
7456	1.6379442804981754	0.7781688509611937
7461	0.8333843675411168	0.23834191167869956
7462	1.0197527871521976	0.545965982059075
7464	-0.13662829161061163	0.3625748970000283
7465	-1.6238264548265837	-0.6476511792198281
7466	-0.07273676304494947	-0.10461896005152295
7468	1.262020916737093	0.5432810074311013
7474	-0.5084878992245447	-0.24765452210274436
7475	-0.2285339881231015	-0.18904605628060778
7476	-0.4840240334537559	-0.19417716552301983
7477	-0.9233687230604462	-0.38521565370368266
7479	-0.9039217583881816	-0.5010518283235281
7481	-0.3681415855004256	-0.18312941828788215
7482	0.33850081982147706	0.07306963675327155
7485	-0.3892382354630203	-0.10937378474435107
7486	1.5130933464009346	0.5705730114940755
7490	-1.0891903141324928	-0.2667302101805281
7494	1.0486777919179642	0.49414753753514035
7498	-0.6180558271534032	-0.20675943870380198
7503	-0.23849352925778436	-0.22244163047711601
7504	-0.21092213887111805	-0.26740459046443693
7507	-0.47553295578968663	-0.24447644804794416
7508	-0.6035756122149948	-0.503394723486545
7511	2.037810892542156	0.5289012957293349
7512	-2.3699503045564607	-0.8165284412043674
7514	1.6539812484322751	0.5628209988396761
7515	0.18603989888333347	-0.19287223999015773
7517	-0.022892133507820822	-0.09739136223359252
7518	1.3827162792284193	0.5005231426542811
7520	1.4413291970019637	0.5250075248840627
7525	-0.5729465588103826	-0.21654118082909657
7528	0.13319425435760604	-0.08829488618724633
7529	1.5847529006872598	0.46861470551796425
7531	-0.977067671022653	0.05312990979451836
7533	1.911874472433831	0.768581853063266
7534	0.32013706594106484	0.45110521483860855
7535	0.7639683058440296	0.011798880794540535
7536	0.8041837878836575	0.3356333105537195
7538	-1.8996884678513224	0.19680170353360435
7539	0.07885267361700571	-0.1162687986828972
7541	-0.8967855794635207	-0.6410924469707856
7542	-0.2638661235139698	-0.17932698492308782
7543	-0.5002663709720272	-0.31466147330651106
7544	0.09068879999144903	0.2733551467445503
7551	-0.19036258098208414	-0.36557109499331636
7552	-0.15825934988783524	-0.5779299157986864
7553	0.6092130009845194	0.029863043986548966
7555	-0.32905771929613636	-0.2739878702992455
7556	-1.2202161037342514	-0.3890150002264383
7559	0.1960393865323305	-0.14390695665900288
7561	0.4451841277083208	-0.07798114214064564
7564	-0.23071973748918995	-0.28788800605356923
7570	1.2031577475008595	0.1814919329810614
7571	0.20660958651814793	-0.016184958018619078
7572	-0.17593225885457636	-0.18389660484520248
7580	-0.3639548546712193	-0.3626302424318423
7582	0.19316504316878225	-0.10946508361726218
7584	0.5859535260934938	0.10099124719196145
7586	-0.43291266230330094	-0.4536600798402016
7592	-0.10923251096570458	-0.02410314515428283
7593	-0.2021398954221324	-0.15391797325617296
7594	-0.28221685108672534	-0.1861191554857698
7596	0.5761611646492412	0.062301008980433024
7597	-0.39087842613430834	-0.08071254725377583
7625	0.04225270842801526	-0.1884105323990081
7626	0.2660369799532407	-0.0020219403633737545
7629	-0.843860382889653	-0.33716614490660485
7633	0.9520827435804654	0.25413962448705424
7638	-0.7160225834992702	-0.42135547992065214
7639	0.39044501162878287	-0.0038659901233432693
7644	-1.4203877477605782	-0.6000794410176468
7673	-0.28968867377109847	-0.29237172531235694
7678	-0.4009558664462934	-0.1116681288649516
7691	0.4607102254923202	-0.001123589857772004
7692	0.3595775752359447	-0.19645263023945334
7693	0.9264547387413838	0.1740883925921019
7694	0.43668573830168833	0.007141658509629473
7695	0.23132788564381324	-0.11173460274848909
7696	1.0192977831018208	0.35582147500245637
7699	0.016827069499712854	0.003478117312694734
7701	0.9647809449039373	0.2974530283656486
7702	1.3710835410795228	0.2193112651808171
7703	-0.5729202516159343	-0.4814454134417838
7704	-0.6667090440491665	0.10504285576266892
7705	0.1606385721923504	0.13983048735499773
7707	0.26049545046638656	-0.07342116899624307
7709	0.6659759395516948	0.25243031786704007
7710	-0.62011112018339	-0.22551702937767587
7711	-0.7129636501094401	-0.22675881721577232
7716	0.094845445053374	-0.14340713205770853
7718	-0.7224164444064658	-0.13191342095387062
7727	-0.05814639605820712	-0.39329282803832466
7728	-0.0174471015522493	-0.15348090566975883
7733	0.21415540415814188	0.029923504969908366
7737	0.442700250272729	-0.21381628906691752
7738	-0.4813316808655957	0.005939536585075136
7739	-0.0463516953054888	0.18203293888528163
7741	0.8167958618010132	-0.21006021158069002
7743	-0.5818082523466136	0.063497903190326
7745	0.30749108222261645	0.02812521198551221
7746	0.8110604844985404	0.1608752589860184
7748	0.19138025192500616	0.01772493194611728
7750	0.0428610053054444	0.1516258373432134
7752	1.8784287019192853	0.7154035799810925
7753	1.0521990943593253	0.1901294578348699
7754	-1.2989653045829366	-0.2912677225686989
7755	0.013215168202442756	-0.04217295315771405
7761	-0.71975505980179	-0.3689553262182907
7762	0.5709167544840796	0.1883284319845358
7763	-1.5168836846599287	-0.019207743220954844
7764	0.4327114397444036	0.18056407874557517
7766	-0.6600477926951103	-0.425677596800197
7767	0.3138770335821315	-0.044606599497701446
7768	0.2912885727597275	-0.2209001759072676
7769	-0.06434504348627709	-0.17551054486972034
7770	1.0162151465480613	0.17698106115154705
7773	-0.18995220175235855	-0.025864452000810875
7775	0.565555004666267	-0.07782695188393339
7776	0.0561277957865349	-0.01279379676382461
7782	-0.23871145425452325	-0.07923314979274107
7786	-0.2365953039549703	-0.20150289979762323
7791	1.7626580944055852	0.9629358927260957
7798	0.39041159015161825	0.13046902158456217
7799	0.005085575066009998	0.1867547812768364
7802	0.006495236304869062	-0.05605040745343763
7803	-0.6544573681917041	0.2050592487277626
7804	0.7826625325483099	0.4297668027593027
7805	2.45146242426064	0.9619484097451598
7812	-1.0444068841401812	-0.3627689771317277
7813	-0.6918607132723991	-0.20092970479414027
7818	1.596826931715046	0.5300419265087278
7827	-0.4434536235639025	0.2481681035085272
7832	-1.3048583108380136	-0.10610566783950273
7837	2.439831093575113	0.7074459580852894
7840	1.0610951374668827	0.38307584728465155
7841	0.48415194658530764	0.012574903375667412
7844	0.3224971853120279	-0.07700614865541754
7846	2.3902139131832305	0.7058567010885679
7849	0.4454352120014803	0.44909581432996143
7850	0.661751547565355	0.6024437059166003
7852	1.4214274721568434	0.7433453864165692
7855	-0.8394811437771756	-0.1567773724040052
7862	0.9077374807336951	0.2197495514049082
7866	-0.1537909687317669	-0.15923836403215835
7867	0.09674056597636915	0.15078670031306682
7869	-0.9238144532258722	-0.4490470337100355
7873	1.9599145463421959	0.7159582101312909
7874	0.6523049863659227	0.26155890380371416
7879	0.22083923721160675	0.21051400782708135
7881	-0.48877200632752943	-0.3082127275547397
7884	-0.16040371758132804	0.28883587863195437
7903	1.8095518780821451	0.9781159679213903
7905	0.2929175413152287	0.17172660808531004
7913	1.702286413858269	0.5849513473665966
7915	-2.0774570268123824	-0.8868776506679296
7916	-0.0746886385904984	0.03358559483460921
7941	1.4026374293869348	0.7362536128119461
7942	-0.7397392057210915	-0.1487527572895412
7957	-1.8681030606929916	-0.7408486893354321
7965	0.5714222377213927	0.32897600787924064
7975	-0.6303135897604044	-0.07982679853939739
7976	0.0293676421189919	-0.34168773314949025
7978	2.457206477093338	0.3491809719022137
7979	1.4945126280495147	0.5175781277098517
7980	1.2644977170222096	0.45184933384929404
7988	0.146047611181855	-0.02944870366044728
7991	0.4397322190379039	0.11813442580192655
7993	1.506883099797434	0.2756830112210922
7994	0.4661297510128307	0.2853560765813458
8000	-0.13950780592424378	-0.028829222209889538
8013	-1.3660475410527564	-0.4166071357681469
8019	0.5414141835847255	0.016999244075320413
8021	1.4436173784565052	0.4138458526149078
8027	1.1719250025658163	0.24860951908715012
8028	-0.26359316115994513	-0.2988023871351021
8029	-2.1284073158373147	-0.8159777052003057
8030	0.20748077809662777	0.34332273918534895
8031	0.3867485739249422	0.0044883734292604505
8034	-0.4325775372003509	-0.07466296803072771
8036	0.6938154258084623	0.32697860456158556
8038	1.0465039322412468	0.286127113904299
8045	-0.1642174695205876	0.1381829489205499
8048	-0.29670454573706656	-0.1426031266785301
8050	0.5028994409674666	0.19689720995396542
8061	-0.044250245813603095	0.3057809228402556
8065	-0.5115919702086567	-0.13416964045795668
8073	0.6916707766727358	0.3715536193556882
8076	0.016924864629627584	0.12507297213730845
8078	-0.498921788919713	-0.016438789176662832
8079	-0.7516949754146838	-0.04483312526046003
8082	0.41489978527875443	-0.06553795253895406
8085	0.705075765909785	0.3632232846870472
8086	-0.14486009437148437	-0.036892396804736896
8087	-0.26491191963564276	-0.3991292706311722
8089	-0.46183405311554926	-0.4147516391370129
8091	0.5799369970913648	0.6013479961273893
8092	-0.2370891783247194	-0.3256715604128266
8099	1.0646733659769931	0.5618637887390006
8100	-0.14579149537944613	-0.25419316834325045
8111	-0.016382509860606864	0.026109579039756015
8115	-0.03901300639985361	0.01010529304352303
8120	-0.057693987839752464	0.13537135577959614
8125	0.6120376325402845	0.08646521058981826
8131	-0.17050974663579496	-0.06936842336380097
8139	0.7517653772467291	0.13040106180686206
8140	0.2980922949844452	0.5578139182139241
8148	-0.7400096658294106	-0.12505459615314324
8153	-0.4508760893549272	-0.27958818780520395
8161	0.7463349636621683	0.05005088949112366
8165	-1.4349908315554054	-0.6816788428846751
8175	0.10654892719268877	-0.04308235997253488
8178	-1.1469430684825463	-0.12672875315272478
8187	0.5908894444876757	0.2728263041508867
8189	-0.30127955127476413	-0.04426699330763579
8192	-0.4614595425079412	-0.17826928309636259
8195	0.8201780183577838	0.08955552559025838
8200	-0.5720905750609907	-0.3097864773617107
8202	0.3885994923858466	0.18860723078455635
8204	-0.34691809148056074	-0.22524559791805746
8208	0.009332425876212164	0.24679765687966715
8216	-0.039312146755422106	-0.021201865705231387
8218	-0.5704432709528178	-0.09021468928295615
8224	-0.48154932544105056	-0.2962270932171865
8226	0.6464759431329192	0.27810166813173715
8228	-1.2244529073724162	-0.6183577686407625
8233	-0.22021822626318388	-0.15009093964230832
8237	-0.7189390859908533	-0.1615171230355318
8239	-0.7051819744669086	-0.2230024599154839
8241	0.7200284232533919	0.2952367020691947
8242	-0.4861331973652365	-0.2595257250426119
8243	-0.0864817876942475	0.03492985521888252
8260	1.9711725239332916	0.7104495807955826
8266	1.0269690090714438	0.39656983782327726
8269	0.11307697058483263	-0.19521947640790363
8270	0.5450405513494672	-0.10017601115958007
8273	0.42405293991638193	0.31115841711628955
8284	0.2088667850791665	0.18152846610332324
8287	0.20941602607281615	0.25368495283372544
8288	-0.9903910972779215	-0.3639469129117799
8289	-0.25921416049783846	0.01015235235705125
8291	0.3105007286742924	-0.07278128937558098
8292	-0.6511522929750972	-0.5331694712511925
8295	0.9235526862852376	0.4582993440855261
8301	0.4717594170067496	0.2566572507633579
8303	1.6049293012641974	0.4204689777274065
8309	-1.4194229588478064	-0.7012892986564514
8310	0.19904920585449504	-0.10765830606010787
8312	-0.8714094979572852	-0.27713895132659744
8314	-0.5899722148680004	-0.44575610553826983
8315	0.9809216352911505	0.1316669530727288
8317	0.982095004561173	0.3973674535313247
8321	0.7431479821358505	0.09346686154161173
8322	-1.1736957122378482	-0.474803654302751
8323	0.25351376950905946	0.1144955882687688
8324	-0.4385717959087383	-0.25359415939671864
8328	-0.002853338720141277	0.030669775038048255
8332	-0.5556723047255593	-0.08904142043672364
8340	-0.6927560856788282	-0.262459132814307
8342	-0.1744863253437753	-0.07726947068162883
8345	-0.3015820511922631	-0.19622421015395783
8348	0.0013981163751611292	-0.05924824461173765
8349	1.0999415882187211	0.002334952845144081
8372	-0.24758664734685576	-0.13867028825664168
8379	0.9288565141703555	0.5035355025001687
8382	-0.31454229775940923	-0.2797151364309839
8394	-0.6125162845921588	0.003411689529640591
8395	-0.45018185354394014	-0.3960334372202873
8396	-0.9623165362176802	-0.5007683334269308
8398	-0.6741490140192651	-0.2752193694723606
8402	-1.140813587569275	-0.4253608373584219
8404	0.08005724115723305	0.06891250587089082
8405	0.6897308690040872	-0.06326640301283047
8406	1.4395684204547097	0.7388389923977365
8407	1.2938071970456821	0.49354327050215674
8408	-1.101925439626187	-0.37078287151473766
8409	0.4877246294223123	0.016938649440566764
8411	0.1403251928471425	0.3279152293006629
8412	-0.4153196864653762	-0.21039577205268228
8416	-1.3550298616468854	-0.5771443946082118
8417	0.19825114047466763	0.003613173678635083
8418	-0.8665413243084453	-0.017737218257174156
8424	-1.3352633373445872	-0.5547119199486217
8425	-0.7713669216565718	-0.5198575844880884
8427	0.03497713458155513	-0.12271754368893281
8428	0.39121963871482046	0.4368908062891151
8431	-2.0185057343461295	-0.6757042949843147
8434	-0.292900559392021	-0.06580534659045469
8435	-0.47933910055427914	-0.327363108531215
8436	-0.9398866985621466	-0.13744598036449715
8437	1.0363370510846734	0.4564239529774915
8438	0.48298336130088915	0.169918749960415
8439	1.4648488418628585	0.4960059360414243
8440	0.4330515743129612	0.16020339834755512
8443	1.2338685055970875	0.38539011623905034
8444	0.3393313364546904	-0.04296088141944496
8445	2.065830752169855	0.6010514212966953
8446	0.8098657634054871	0.04768002336286431
8447	-0.547130719140658	-0.19241418771282487
8448	-0.7027091464810187	-0.3225281686403507
8450	0.601852448793183	0.057405899548980774
8451	0.7207591479124986	0.34788690548260187
8452	-0.16265524806400972	-0.12233950444856881
8453	1.2961849443478752	0.5135609802678114
8454	1.0460214787554718	0.4883637526773187
8455	-0.7295488732758527	-0.46891275751931893
8458	1.1934194072860635	0.6353106088053682
8459	0.25253841057065113	0.14161025513736064
8460	1.8745398257182022	0.6592682954659214
8462	-0.026068945240950173	-0.16227782487825432
8464	0.04779975024640554	-0.08707546153031129
8467	1.5040395874029926	0.4267921512293211
8470	0.6806404963110643	-0.0826743991776985
8473	-0.18549510394056534	0.008654764506302759
8476	-0.4637304403803161	-0.4980014245847227
8477	2.3721615699205962	0.9923425046340504
8479	-1.2297440844104395	-0.7698914234878436
8480	2.077978828310464	0.5438574075324157
8481	0.5802094501742572	0.05240554954547305
8482	-0.07480808713141338	-0.11728781006626382
8483	0.5791535503123468	0.18836200427808247
8487	1.5046527498621205	0.35866767889231377
8490	-0.5246105573646034	-0.5964017237812477
8491	-0.7822279289306315	-0.1076388476136975
8492	-0.9181979402320604	-0.370627176132621
8493	1.3761273306338273	0.62160599641556
8495	-0.2529364595838847	-0.3020437915740038
8496	0.9840361096896415	0.4181394566643623
8497	-0.271691614582743	-0.272355189715805
8498	0.347570692874879	0.02036594997386301
8499	-0.7020375595499205	-0.2924534345763526
8500	0.01233637237871775	0.08345048467950988
8501	-0.9563389566944597	-0.35857394142795995
8502	-1.7578583076074206	-0.67506012956004
8503	1.1071718195674634	-0.1444430021482288
8504	-0.9545228094638427	-0.5782984287225266
8506	0.08318787800570221	-0.2219396386980583
8507	0.9666145010226046	0.15062722041865106
8508	-1.6309991623837417	-0.6569625952096423
8509	1.0453811457113038	0.44252556473013227
8514	-0.022092442360928943	0.08823807307841697
8516	-0.6448784656029838	-0.572211661151399
8518	0.6807694840978902	-0.048537998835556845
8519	1.8942947003389254	0.5842201251302257
8520	0.9690429499963233	0.2604987473290389
8521	-0.6758703555870758	-0.254914948441584
8522	0.8303444616708509	0.5573752329203633
8525	1.06953954397475	0.3062386026035099
8526	-0.2632917266349877	-0.16240111927955664
8527	0.8074897802923706	0.26806505525613267
8528	-0.8216376477442686	-0.6224542093019921
8529	-1.5699611847165273	-0.6429700800585463
8530	1.500148753473309	0.6252776288139481
8531	1.2003252342456299	0.7612888440316624
8533	1.0822872324827102	0.5448684659663436
8534	-0.5787011727617535	-0.2093639743151947
8535	0.6720504705167638	0.041817908001582166
8536	1.5020691716002728	0.502723528560564
8537	-0.16172403668602486	-0.2509240239819878
8538	-0.2510104382133717	-0.04698222766641587
8539	0.16056598241509878	-0.015033987869919822
8540	1.1688342202229025	0.360182192223417
8541	-0.030243435868407165	-0.16911219930154966
8542	0.8328394510086763	0.28440408297096015
8543	-0.07267158251467826	-0.38176208216484586
8545	-0.30582810508085684	-0.11127871504528447
8546	0.43923435153972523	0.29441918808642553
8547	0.411690434922525	0.3184675367009616
8549	-0.5905436912829293	-0.37015002382374423
8550	-0.241117784674245	-0.16608338896839797
8552	-0.7805568752524716	-0.12439577827839964
8553	-0.9716106340320108	-0.22516027862760113
8554	-0.6928903587937955	-0.14125819745904922
8555	-0.6127381391985053	-0.37681059889521284
8556	-1.2168471833676178	-0.5147568300317121
8557	-0.4553612694578126	-0.10128437913467168
8558	-0.8059499252278912	-0.43604457493217114
8559	1.04405402895802	0.23764292519618968
8560	1.033449335587991	0.3099293449950128
8562	1.3813872802951548	0.5282210268544416
8563	1.6393553946069668	0.5111437534100902
8564	-1.039845948338849	-0.4393531464964625
8565	2.328199458354029	0.6902945024601318
8566	0.31021043856232433	0.1996448467215633
8567	-0.12851773775030045	-0.03174787540828018
8568	0.29998647645272486	0.0587793674525888
8569	0.8122454321917634	0.5091973367767957
8572	1.3134794150768965	0.5749434638476012
8573	0.1432016843557749	0.09938808583392877
8574	-0.7100728394602235	-0.4660959759649722
8575	-0.3582773281926867	-0.0048957645375347775
8576	-1.593101403049844	-0.7209750435861323
8578	0.32510506359409286	0.16789850301023057
8587	-0.16547119083640666	0.09836892212258008
8602	0.9630733310161783	0.49009518102560745
8603	1.228311373693023	0.3536419192624112
8604	-0.028899495005888412	0.34161124055991854
8605	1.092950008873214	0.11472145542161483
8607	0.8942695540297858	0.36980125836400696
8608	-0.5853244809788312	-0.2189339844410682
8609	-0.585219553635302	-0.007834136887506123
8611	0.4815637727156618	0.06588444355195858
8612	1.195666143164551	0.24768560415090857
8613	-0.02628512705257917	-0.12964324453841602
8614	-0.35030465966751806	-0.3554779422453678
8615	0.43904568770571095	0.1501876097845238
8620	0.053791489916731994	0.054936792915773386
8621	0.5164866757467885	0.08769454324940532
8622	-0.1697266492947055	-0.2185566524451384
8624	-0.21502237017585074	0.00653495863044164
8625	1.1095655177021921	0.25670326553439077
8629	-0.1153423638250145	-0.10419941967878413
8630	0.17829126745795276	-0.18279228658420854
8631	-0.38133847137956983	-0.14257574301707082
8632	-0.1655880162826256	-0.039676700630729714
8633	-0.6348237368845323	-0.055570436155590874
8634	0.8242560877518743	0.26098536205162565
8635	1.4146028998960387	0.5664455578066427
8636	0.6735869665613499	-0.0235348232344382
8638	0.39455027711079715	0.2386009954438153
8639	-0.25043121192396434	-0.4354473636985417
8642	-0.04636273399101004	-0.21988094994836663
8643	-0.4642648280288315	-0.0692566083447707
8644	-0.10298940095241393	-0.11259503804675638
8645	-1.972584393036779	-0.3565451592578621
8646	-0.18311035890813804	-0.018976921547728856
8648	-0.6147012076826603	-0.1962148874686112
8649	-0.5966059450411023	-0.3314660860438241
8651	0.2880044154088148	0.547577286847148
8653	0.1374607844803581	0.11732618467288695
8654	0.04169304752585179	0.03132947678340901
8655	1.5168813446934193	0.5215604955207754
8658	0.5220102324770501	0.07822389855012227
8660	-0.6560088961990334	-0.13519850471735761
8662	0.5254583499834801	0.3604991094960367
8664	0.7181437300743124	0.20938288662853446
8666	0.6535026794038704	0.11943810380142894
8667	0.10154016098382733	-0.009251927317929601
8668	0.4985453117149514	0.12623681420706823
8669	1.2235308848340836	0.5772267208878202
8671	-1.2107224192913264	-0.20218889518302668
8672	1.5698078020573125	0.45146353516296533
8673	1.0460375421507573	0.4504762286357186
8674	-0.1597111107073257	0.08999763619536119
8675	-0.27852944845927796	-0.19984712231455726
8676	0.32421277738231796	0.34701666263924247
8677	0.795855891589875	0.11577915613294318
8678	0.8151694385866611	0.2722707680240775
8682	1.298783181913799	0.7058516051842141
8685	1.4589302677353972	1.084860248211014
8690	0.8294196277439551	0.5662650877857374
8692	0.6085102749054316	0.2402951239045355
8694	-0.16417080782483473	-0.20737172455805813
8697	0.580577322497498	-0.09569462985046898
8698	0.29661777953627394	0.27640023382310364
8702	0.2773946443056631	-0.23981476028594256
8703	0.25650406907039514	0.0006064906522438834
8704	-0.3857806833137958	-0.009636797214208973
8706	-0.18369348281159592	-0.11162050551825017
8707	-1.0683526480647443	-0.326855796972926
8711	-0.8766945151065653	-0.3035508482664736
8714	1.5520007757225276	0.6366326464903758
8717	0.438653879852011	0.16240926502561606
8720	-0.4920842544743649	-0.2699798136242785
8721	1.2176213961562838	0.300001211500695
8722	-0.9656393188499528	-0.578684347622135
8723	-0.8699192071303241	-0.43143236638131943
8724	1.2187382250213998	0.3414054078220189
8725	-0.6441526999027789	-0.20872204226036412
8726	2.7738855657934183	0.6890132451268007
8727	0.37316536749824547	0.08378074721245074
8728	1.132391521033553	0.6961101941621716
8729	-0.42143380575193434	0.01580471114105258
8731	0.10387080051908984	-0.014974455164904768
8732	0.5759417435382471	0.5550783520062867
8733	0.10793331022467051	-0.1947232116392346
8736	-0.12580607511120295	-0.16897126101829793
8737	0.17356329874260862	0.2161484296430246
8738	-1.454395878668201	-0.5791797364503665
8740	1.0718978159596226	0.6693297256715995
8743	1.5703936656587634	0.35137025528667915
8744	0.32501736036127543	-0.03595406662433867
8745	-0.30213335471192554	-0.3072986857553528
8747	-0.23592583290205255	0.010884240398797457
8748	-0.7520238648978242	-0.27339448959974816
8751	-0.2228675393978018	-0.012679635676084933
8754	1.156061847489392	0.4844527186849974
8760	0.3463398060967229	0.2230731813484563
8763	-0.9580133933746697	-0.40536165091709986
8764	0.8198480984899887	-0.13414862896340077
8766	0.6701224083134316	0.20158116771067325
8767	0.20339901147330067	0.5113196840125863
8772	2.286178188979645	0.7077354573635346
8773	0.7130038678033894	0.3046558199048516
8774	0.19230963782106203	0.19815119779398271
8775	-0.41429528333799714	-0.026573593554283167
8776	0.5241835143494871	0.16188393986993904
8777	-0.9570066732037654	-0.48187130984042537
8780	-0.17041299152182507	-0.0794657150806096
8786	-0.4760688835338063	-0.22169413368118251
8787	-0.3235535582163367	-0.2409720003080183
8792	1.1989216424365208	0.9432485220560449
8793	0.06052486298933024	0.0958593335143074
8795	1.5222382878296679	0.5752914725787054
8796	0.6938261499972705	0.31204989387588555
8798	0.7866101689441594	0.2279771724794037
8800	-0.6050516025102707	-0.4321962403588039
8801	-1.7114309673359114	-0.5354818111703095
8802	-1.2310556996493607	-0.37109397264108324
8803	-1.0774122492857234	-0.4870590939917532
8804	0.11157953965231265	-0.07179108860362352
8805	2.238955613753155	0.6345445994904313
8807	0.29464267975520075	0.49922059716800593
8808	-0.3630837822094184	-0.18519317974307523
8809	1.3119635561581762	0.9824981954872234
8812	1.1499235956814482	0.36731763382883925
8813	0.5830079117052175	0.20765792514826775
8814	-0.8490157646946399	-0.4828325885758038
8815	0.7807540406141792	0.5040319226816363
8818	0.4563581997735319	0.15896329509799037
8819	0.7993905633799141	0.34238888390557753
8821	1.301444636093741	0.26604332018508053
8824	-1.422698502937191	-0.5271974533899259
8825	-0.8200211794770882	-0.17167394949451031
8826	1.8003213380228278	0.6587069827377587
8828	0.08354682915684594	0.23823526705983528
8829	1.6235701816135277	0.6018358226064626
8832	1.4359327947801703	1.0363737903568802
8834	0.13309699728918803	0.17786674780441483
8835	-2.007680406163996	-0.6667374890692044
8836	-1.7295350941951346	-0.5981762052649884
8837	-0.5224461269971374	-0.33484259360904817
8838	0.45752021292389256	0.5799626007337724
8839	-0.9434141981774655	-0.48158632209999996
8840	0.7716643972356219	0.5878217277571512
8841	0.04976786294985214	-0.029396729893444565
8842	0.8593930971683326	0.14674535075305745
8844	-0.19000843509088644	0.09864738009934132
8846	0.7034579156736098	0.18893168473625044
8848	0.3750995805301325	0.006811588898566076
8850	-0.7488247511023586	-0.13683403693374846
8851	0.09252908199693816	0.22670236273132136
8853	0.03507918202603963	-0.3625727824920233
8854	0.5275136033010651	0.0784513161492078
8857	0.021684891964413477	0.09023779688288071
8858	-1.5760243473745457	-0.46616189537364994
8861	-0.7458064842586081	-0.31150660778035355
8863	-0.8516398209690113	-0.5716454879927362
8864	-0.9740229277521772	-0.5833565888611166
8867	0.2800988607076989	-0.31106368237855764
8869	1.407521663493093	0.5321589592523766
8871	-0.40929599730306476	0.066886106997746
8872	1.6344518597814575	0.44407932010607526
8874	0.030532094821108746	-0.19982750793930895
8875	1.32053495757687	0.7509176961729294
8876	-0.06412528566788303	0.12813386472068755
8877	1.2627651662784842	0.6708048862524703
8878	1.896662872922089	0.6945486278702611
8879	1.3502977775249771	0.8081124664459765
8880	1.3524111539494754	0.3960643097463378
8881	0.9503917435399372	0.33379487787624984
8882	1.831008540508991	0.6424199943668774
8883	1.064042515864107	0.5517377203988424
8884	1.2923418240292543	0.7516521340498867
8886	0.8664034858694005	0.12973028342561857
8887	0.6429575119164475	0.29131063286645503
8888	1.2883623982939856	0.4768488700608735
8890	1.3741115858600186	0.3912695210769268
8891	0.05584230233983051	-0.056621760247870676
8892	0.5942341061366285	0.02828139626652417
8893	0.9150118711109726	0.2177094142596509
8894	1.1858965429306831	0.3942767542307844
8895	-0.46525895837833986	-0.13199498231212065
8896	1.3840456020707177	0.38200872451366163
8897	-0.46977687379789634	0.10153588029736374
8898	1.0871166914110701	0.34995395464591755
8899	0.5604471951179024	0.24418900633241913
8904	0.7203835628791286	0.3402973558930756
8905	1.0626162653540063	0.2563928392559899
8906	1.4176536646585762	0.6805664103996278
8908	-0.8897881667630964	-0.17149275025098498
8909	-0.7334691748163402	-0.19779627759143087
8910	0.9547188672539042	0.16905473200102467
8911	-0.780467925581255	-0.13833454242195348
8912	-1.0011663146726917	-0.5035971507235416
8914	1.2999014531233137	0.3218855052436595
8915	1.2342147297014432	0.5627957267353099
8925	-0.15376328379468363	-0.15610795641621888
8927	-0.9074969936313928	-0.3822882029274787
8930	1.35134413269409	0.5245480872438958
8932	0.2106697649716749	0.2845344850001648
8933	0.8418800237535291	0.5045913753528317
8934	-0.5752264377913677	-0.28775852556799014
8935	0.8575583876099149	0.29259466650919214
8936	0.699979773344034	0.5977497970415083
8938	-1.3849125821270318	-0.5906995098692432
8939	0.0043678236714194	-0.011615419506083812
8940	-0.06816248751837146	-0.117091286615015
8942	-0.6026301623521811	-0.18596799865926503
8943	0.4134704457212305	0.2939451307183009
8945	-0.4760729123846432	-0.26770469877061637
8971	0.4583995942858312	0.09982461022236423
8972	-2.042294935289042	-0.7087046376735111
8975	0.014957968147467943	0.022625439180493742
8976	-1.1114903839774195	-0.23958559863516088
8985	1.6592989357821186	0.4897934102858963
8986	0.2531494755113514	0.24955939625103413
8989	-0.453677981630768	-0.22612273456543952
8991	-1.1656052007369122	-0.5779623773344541
8992	0.8519955298378294	0.18564394848421295
8993	-0.08057909828382662	0.09271493425251258
8994	0.6444788442377019	0.23766843185312048
8996	-0.9827918656777381	-0.17715357917501562
8997	0.5015868198803587	0.4928772411613578
8999	-0.7470967670241895	-0.16151155638436987
9001	-0.7943151629265097	-0.28428048410643814
9013	-0.012860951641096352	-0.144467817222865
9014	-0.38468040797679176	-0.43403114913824953
9015	2.1356769661863475	0.4907583974345161
9016	0.5186329297400609	0.14459350164190118
9019	1.5580297275441968	0.6209383053864581
9020	0.4524354065613071	0.3442993361598742
9021	-0.06903323088246108	0.5942574798364393
9022	0.9650057099644549	0.1414730847473501
9023	0.664010803638855	0.18544803555185774
9024	-0.7498017731317821	-0.3234543209752731
9025	-0.0757466731347869	-0.09940621790316272
9026	-1.0796171656425584	-0.18164936426664358
9028	-1.292704618225057	-0.7369498582318948
9031	0.3979864466204914	0.16760040861754244
9032	-1.9071029016832928	-0.7050222640120114
9034	1.390862719006759	0.6663811470837404
9037	-0.698104021278521	-0.32444923595459624
9039	1.073592739026496	0.3515511293735496
9040	-0.912102250670718	-0.04773381535768838
9043	-0.12682969032851693	-0.2058287891754763
9044	1.1066697041423559	0.414299864460118
9045	0.6807098499534592	0.322180772683534
9046	1.683907300196692	0.7514871385476385
9047	0.2240747802128003	0.10216017808077218
9048	-1.298195023044372	-0.39614966536444834
9049	-0.06185358516862982	-0.294933412583288
9050	2.2355388978082695	1.118335286949857
9051	0.9968782223001142	0.7417203620514603
9053	-1.8708586935730476	-0.8306922987329814
9054	-1.5474254066134598	-0.5732790152984151
9055	1.5742965448241062	0.6651750330300101
9056	-1.292735916299173	-0.18161412118999432
9057	0.8185047389693192	0.3881737852649052
9058	-1.9157368113854805	-0.6584473876471932
9060	0.27085156204339256	0.24489461005933028
9061	0.27555194435985697	0.17264195542452995
9063	-0.1937860832783336	-0.2528754855798626
9064	0.20841016329073964	0.08644126731576486
9070	0.9411753082542857	0.045682193247503035
9071	-1.0974532462809738	-0.6400325705670608
9073	-1.5088351134641664	-0.5140199820930201
9076	1.5203733742411272	0.8147014662308568
9077	-0.5514840568842265	-0.2624871828657064
9079	-0.2141584653023857	-0.2926152555913569
9086	0.18438228593994108	0.22302387793533812
9087	-0.021844631114290733	0.03147546760351117
9088	-0.04614638972976019	0.18435368305059857
9092	0.6472697493070753	0.20929996135717652
9093	-0.3177246472103631	-0.10004022622721195
9094	-0.48533490649246114	0.018431737775872578
9095	0.15685587237411788	0.14054454862868185
9097	1.3193360874931637	0.5890314924724279
9099	-2.17055613649947	-0.6071023341734973
9100	-0.09747852571031117	-0.01892140270598201
9101	0.7655077687891383	0.1960674556249411
9104	-1.419985283261885	-0.5799344062320674
9107	0.4223068577271436	0.4432718574397461
9110	0.061933706840513025	-0.24574666168814074
9111	2.4223971135487137	0.6834760186032516
9112	0.5013922856516737	0.12450927432057923
9113	-0.3861879085735339	-0.023494666686247483
9114	0.30617300396398484	0.06876309996992737
9120	0.9880711179934166	0.4085035448670855
9121	0.972710243086311	0.48581997542769867
9122	-2.091167804604186	-0.6562204727231021
9124	1.8475687251153698	0.5400137830248792
9125	1.0519450747255117	0.5365406656140449
9126	0.23187562744792484	-0.036667138044471526
9127	-0.8712560639673388	-0.26197297373176076
9128	0.2271360646229188	-0.040606458370719065
9129	1.369335757440278	0.3933563849385982
9130	0.9591576068440761	0.3139931286576287
9131	-0.34396465150930067	-0.20140753699400796
9132	-0.8393873855696161	-0.5642591679291546
9133	1.6757167877458348	0.8104115129830195
9135	0.49761908015024237	0.2035904359522937
9136	0.9788554169179042	0.3784605928864788
9139	-1.1712355605450284	-0.6158538106576014
9140	0.9443394840980484	0.24272290139028313
9141	1.3030731825920485	0.5232797434480594
9143	0.6443549078089547	0.2735428968669525
9144	1.189994285147754	0.39695713380528375
9145	0.014415314816448092	-0.06831510280554588
9146	0.7443733969897417	0.4437388219739263
9147	0.32551174416278295	0.14082136653151722
9148	0.09320415835956083	0.11621964907655088
9149	-0.3056713824490382	-0.23048615343003082
9150	-0.34410062322448126	-0.09332913773168579
9153	-0.6347473864255696	-0.4377600113198643
9154	-1.457410233540855	-0.42671958342679883
9158	1.4404368467760071	0.20677931409767372
9159	0.7593182499160005	0.1235794228929
9162	0.31207942440767494	0.10608596018815789
9166	-0.6245813743444983	-0.4817119491225779
9167	-0.4481761490014028	-0.2717441807147399
9168	2.670239174986783	0.7481300728350866
9169	0.4749576722082879	0.05371090965734042
9170	0.6596889699087624	0.31402061033146605
9172	-1.4705347361878296	-0.6793979452123043
9173	0.7183658282665909	0.6779003222126803
9175	-0.9965322459205629	-0.40242894673445156
9179	1.0497994018311134	0.22346279391301818
9180	2.5128114891088575	1.0830931341073313
9181	0.9826879269289466	0.2962632107588316
9182	0.0858488892963358	-0.17844388805958716
9183	1.1442800127609265	0.21425827412913884
9184	0.7991426218601418	0.13375901810754726
9185	0.011819250906134879	0.04019373902626702
9187	0.22239772521307513	-0.06746426788770316
9188	1.0306044660167704	0.5794173808925882
9191	-0.364784148383104	0.07804999787860889
9194	-1.1209131804957033	-0.4941687382300497
9196	-0.7528241303707028	-0.27776120507472823
9197	0.10368295609037001	-0.012523442289741244
9200	1.5683397690587806	0.5192198155135459
9201	0.8916635658939173	0.1790765155862755
9202	0.9585280399123076	0.25033339990371045
9203	-0.2984149211574792	-0.24776289498415652
9205	-0.17291818231763678	-0.2156732300370925
9208	0.6882117989423073	0.26279577145945404
9209	-0.06308496546684592	0.0955281758239927
9212	1.045681775214075	0.5779823291054962
9214	1.4719193204346919	0.5621319286022558
9215	-0.21386087692823788	0.14068647195056735
9217	0.23222107725699068	-0.0323530839008625
9218	-1.130032158362	-0.3546200442021442
9219	-0.4745160971572619	-0.18685925181957427
9221	1.5297543482565237	0.7501902207703599
9228	-1.3165127204402882	-0.46508047492173255
9229	0.9379174674010899	0.5419751384488387
9230	-0.7886637017264779	-0.09418975020878011
9231	0.5517856244966226	0.5712492873167836
9232	1.7065187146886025	0.7876705135534114
9235	1.6964544872026828	0.5999351043703824
9240	0.39314389357723145	0.1739676213495015
9242	1.242376847684071	0.5299970104079883
9244	0.677621408252399	0.26297627613069
9245	1.7381517852369386	0.5433664996511003
9246	1.7599613819864803	0.6468254018602466
9249	-1.4127310910416915	-0.5209859908650167
9252	-0.7847633966315025	-0.2262930501635295
9254	0.11041099979018887	0.254752510393608
9255	-0.2793300238546653	-0.1844991987399597
9256	-1.1667891551660807	-0.23372748971251905
9258	0.6633072580300307	0.24210137468241844
9260	1.476690633674591	0.5402515781030798
9261	0.012625108355717424	0.23225801498029203
9262	1.3017788803228332	0.521361365984524
9263	1.571277881845254	0.7937943715613995
9265	0.18819419502840626	-0.01383457638567521
9266	0.9029514009331638	0.03193679027006538
9267	0.8214007573755338	0.49967712247067053
9270	1.3940415457555055	0.40141064336615323
9274	-0.16950993711625623	-0.12863700903271247
9275	-0.14371891957872684	-0.013582934146684607
9276	1.5503076802984326	0.5067628874555762
9277	0.5088552536045795	0.1607643303480766
9282	0.08321842399678334	0.31989658723933423
9289	1.1899402314196017	0.5376886982557899
9293	-0.9607970380389039	-0.3186686181113252
9294	-0.16020472759355547	0.09877164046614414
9295	0.5719635524733155	0.33971692564739797
9306	-0.23208727523379502	0.23448736563707206
9308	-1.3039749102341172	-0.5322830150359662
9310	0.6684044491824557	0.25539833272334067
9312	-0.6224027440265119	-0.10412301732852619
9314	-0.40873572826077254	0.04059924065923308
9315	0.3721700453911821	-0.24910423761259354
9317	-0.7176534587303083	-0.37368663277051506
9318	0.2456070291327233	-0.12900192203479358
9319	0.9576186183752023	0.5509815946392981
9320	0.6917594131047831	0.28216253290301946
9321	0.3757323095153214	0.06594791468928157
9322	0.5900784810700763	0.43737388093632773
9324	0.9961603439735461	0.3487809613641699
9325	0.49643646831761556	-0.02279188960846023
9326	0.27240225622324465	-0.1201943845089666
9328	0.4685854371068971	-0.030666926545303078
9329	0.7601648230166554	0.2670019839694605
9330	0.854823283221199	0.172233356665013
9331	-0.7282099528854804	-0.26718319343202485
9332	2.033100140262951	1.1731326556208588
9334	2.1845357630270854	0.7696629702651497
9337	0.6400828068592619	0.2516728986224136
9338	-0.9529757151397196	-0.5670037210946017
9341	-0.23750248053852596	-0.10720524977104118
9342	0.7051237745539991	0.175703857457291
9344	-0.8089804742728609	-0.2664930866776898
9348	-0.07656829756546446	-0.07154600099766038
9351	-0.32872547353536924	-0.08351127787065721
9352	-0.2695469976402212	-0.1753995785604397
9353	-2.2212049775429317	-0.6171679148418172
9354	0.46181456064025816	0.11607766545114392
9356	-1.9103044778085336	-0.5915724289468189
9358	0.0320134834975495	-0.06701744109905095
9360	-0.46746999857017013	-0.32643802863790583
9361	-0.1722549155428227	-0.14327164447743262
9362	-1.4609054923510976	-0.6493427305427946
9364	-0.6059593357574848	-0.2065233089658408
9365	-1.8084317540721337	-0.595260964476093
9367	1.109668051125149	0.32574689231747633
9369	-0.3195147943872225	-0.09664134249658501
9370	-0.9230609376327529	-0.28992921497159063
9371	-0.7195059904891768	-0.3778444784682069
9372	-0.9233637712815408	-0.3711982254196521
9373	0.0476466118029632	-0.029760870200263793
9375	0.4934350508658251	0.12043592003542584
9376	-2.3901559306488798	-0.6391024013757131
9377	0.5659854342987001	0.27095026705086384
9378	-0.5293666830850943	-0.12915388948928808
9379	-0.4168863863635831	0.07812868541971041
9380	-0.951799289191551	-0.3687449493620558
9388	0.31653610977039515	0.7337967163876459
9389	-0.7843772677309404	-0.21592520637106125
9390	-1.6214908380139996	-0.7081025561535428
9391	-0.4594479000652596	-0.44677984200148685
9392	0.2416090370696784	0.1774293043495394
9397	0.9202944149146824	0.3008096587228927
9398	-0.3076119734086876	-0.077611182595349
9399	1.536467316998201	0.47642607509354495
9400	-0.38421815153700456	-0.29791222075131546
9401	-0.13080883001465754	-0.1453789246432108
9402	-0.4495432583772103	-0.14885888266037206
9403	0.5403895032125053	0.13149976504964656
9404	1.5773349326764263	0.7616185661816672
9407	-0.17821742377458502	0.013580669764615333
9409	-0.147365030171967	-0.06930038649609813
9410	-0.5562648012157047	-0.0878402951413235
9411	1.0332245838165586	0.3394013895170424
9413	0.16367014006862457	-0.19074157245097556
9414	0.3991938533134353	0.0020107726949571275
9415	0.24111665467970844	-0.12554635652159493
9416	0.8285188222224322	0.31683822885012025
9419	0.2629196970869411	-0.28491069546387743
9420	1.401437121303202	0.7551675061714808
9422	0.4687664332902085	0.23131513121976416
9423	-0.8782727085581152	-0.34156894141441807
9425	0.10285505978221693	0.13173921671370767
9427	-0.15544534567995258	-0.15303434313563585
9429	-0.9666761862917292	-0.5564935446565068
9435	0.49975754583758764	0.28029569008049554
9439	0.8194049015370333	0.13168966975955074
9440	1.0589457815429422	0.31202883663843956
9442	0.6965487598376365	0.44253042380280727
9443	1.0386613287317117	0.19046596303620977
9444	-0.05172839798509729	0.05679264549877488
9445	-0.22333143229146912	-0.12501351542374137
9446	0.9234006477966045	0.22260912507346223
9447	0.8905890093022311	0.5806605685206856
9448	2.296454345120639	0.6984100986996936
9450	1.8679603879865834	0.7511185589494057
9451	-0.3487838666694292	0.20593732719057478
9452	0.060102815895387046	-0.07967137390563053
9453	0.008821181175425297	-0.2517020183299885
9454	1.4239929287291786	0.3021543495924355
9455	-0.3225939201411289	-0.2158778844050588
9456	-0.1384456341485328	0.006684319224214641
9457	0.7950750854901312	0.1692578439578877
9459	1.4142875086475621	0.4319014784239539
9462	0.48172421659347336	0.30409360450219414
9463	-0.09609078160203119	-0.0051576876487615725
9465	0.02478699066885942	0.1168410454601161
9466	1.029999289736983	0.5427656928356297
9467	-0.9220915983726332	-0.45356273088418236
9469	0.21805479577426584	0.21885608021690608
9470	2.1116826635160715	0.4577586328042024
9472	-0.5460996359844345	-0.24764747954214383
9473	1.5693590535689284	0.7449440814682277
9474	0.9904644816830487	0.32847656241254164
9475	-0.20244527854854585	0.08497500432532012
9477	1.567812849479778	0.24780310337728606
9478	-0.6882213751897677	-0.36159094699091016
9480	-0.36787794925162975	-0.2713284028722471
9482	0.3936187833985668	-0.09351141025618664
9486	-0.4922494046900467	-0.30080953127871124
9487	-0.7122792606257544	-0.2999306756708991
9488	-0.36508251258685726	-0.3442419429111747
9489	1.3282317798056775	0.38445531975959285
9491	0.75665340111595	0.2803468757699995
9493	0.833404358768856	0.5103525152770422
9495	0.25195107570443365	0.0831475395054255
9497	0.48524390431234277	0.626989059485635
9499	-0.7666584091941293	-0.3555321045676956
9500	0.7663202822014307	0.3262850906130902
9501	0.3002038668075677	0.1279215951876526
9508	0.6121899287098223	0.39830579384968384
9509	0.9369636557887793	0.6344523177192773
9510	1.811572642880301	0.5673882260952995
9512	-1.143840677388427	-0.565623036214841
9513	-1.0799002723661513	-0.26689911009725886
9514	-1.0682461582118505	-0.5026171396431687
9516	1.051461043380967	0.4741358235470134
9517	1.444845087953302	0.5962003258617654
9518	-0.7817509208654527	-0.017352133347027787
9519	0.30699590949150135	0.1913946981817115
9522	-0.7651098568938154	-0.3751408982500416
9525	0.6805934016946266	0.23435148561266808
9526	0.3158368624971014	0.03544033594938084
9527	0.37065184922932937	-0.051220787327986905
9528	-0.2659604895111909	-0.3979210382040084
9529	0.5981730590197298	0.4338337672930347
9530	0.3885988231710472	0.11239321050585462
9531	-0.5305770569841229	0.3334502130863385
9532	1.141723101133182	0.20880670924957018
9533	1.419197855556896	0.3013021276124542
9534	-0.5542364533520413	-0.17049253088375388
9535	1.7697933140674493	0.5374268595394494
9536	0.08256643911488737	0.010878223674868015
9537	0.12837099210730202	-0.05238889544859991
9538	0.5080836849381414	0.028305047435122434
9540	1.244197122149771	0.167699579136063
9542	-0.35226484057817437	0.018919912900584118
9545	0.8962303601956252	0.45779389193093734
9546	0.5505782119909219	0.07610666945432047
9547	-1.1371070579991844	-0.4462000716102682
9550	0.03939607895500613	0.013841439726845267
9552	-0.13193650364900733	-0.0161101355743137
9553	0.9629664305421698	0.20015599140551307
9555	1.6824240590356556	0.7016777093874076
9556	0.7989584128574182	0.20072663801474072
9559	0.6996546110478964	0.26818293057749815
9562	0.5950064704069773	0.13189610477475938
9563	0.1464192690858762	0.1025646325024249
9567	-1.0790918149900564	-0.3282726832314712
9569	0.9540810484664923	0.5852491456438578
9570	-0.0008377236043184411	-0.25606275923676347
9573	-0.5528996778518075	-0.4001270757482857
9575	0.0018854506995124587	-0.014506731953925656
9576	-0.10114908879815479	-0.06773556623950389
9577	0.4367925301060692	0.001644771517286009
9578	0.4338510121538288	0.3857207666999309
9580	-1.2009584689897574	-0.4142693796936981
9581	0.1979273072470667	-0.2262382133542671
9583	1.791840244914785	0.4912701019381695
9584	-0.007955992707086995	-0.13418639216034742
9585	1.124171840323512	0.40103046350809646
9587	0.7940648917550774	0.13449403168662022
9588	-0.2288072713813511	0.14754414855944403
9589	0.7678114389991209	0.3760379348968756
9590	0.9035181888975886	0.5553418871920682
9592	-0.4578818262463663	-0.14138699097590587
9595	1.1764514810226074	0.6686723953956997
9597	-0.8984462554036026	-0.28962455943220866
9600	1.1495052155017838	0.6427830076948013
9601	2.047117161072869	0.7534052904105899
9603	-0.013589723434009049	-0.02611191753322556
9604	-0.2637155125974906	-0.1446669383283786
9605	0.31423961117606236	0.19646202017687864
9609	0.3456319909493132	0.36430414262078537
9610	-0.44109818571538556	-0.3054494810846268
9611	0.04150899843650054	-0.08539886335191847
9612	-0.20523894217915495	-0.044428440462809984
9616	1.141888253767811	0.09678562551917161
9617	0.3826374846566404	-0.07071638303768446
9618	-0.062853213283788	0.27095561708719884
9619	1.6178587065159926	0.1322672315229394
9620	-1.7636866766201758	-0.6453329068415203
9625	-0.24887467307766944	-0.031427660704802685
9627	-0.5008696105836221	-0.4723057267571056
9628	-1.3277264676389628	-0.40644894277034216
9630	-0.7700339325588001	-0.5072394897759251
9631	1.3951355725318473	0.43747578536541865
9632	1.3403372895864165	0.36461190163562407
9633	-0.11285072136259762	-0.43432865363839357
9636	1.2605395678079825	0.2701839644683028
9637	0.4150521987941601	0.15519984951849805
9638	0.6203640145736499	-0.05042234674746181
9639	0.36600590017729	0.10013363954117199
9640	-0.03143833357869512	-0.025199353546985326
9641	0.7526072216506052	0.45872845607144086
9643	0.9607439113694944	0.5266454136363685
9644	-0.5590715655137121	-0.22154568311472062
9645	1.2814943687284726	0.7159363437966952
9646	0.08171839887699425	-0.17842410333214254
9647	0.23508651203839137	-0.1675696913336094
9648	0.2794249443110269	0.0783382904050933
9649	-0.7820038739440419	-0.42493456384091466
9650	-1.764223846174869	-0.37631257804027823
9651	-1.2742204714373435	-0.6514756909256194
9652	0.17562447474219606	-0.08931998349880099
9654	0.5996343514826293	0.38736689749595776
9655	-0.36887606062147554	-0.07702999997334192
9657	-0.03431296391497729	-0.06435715251195297
9658	-0.10305243802657563	-0.07222911724917185
9662	-0.18270968434503848	-0.2677665831181062
9663	0.1401227075915044	0.05799884843506038
9665	0.04170094037569344	-0.10204986873058071
9666	-0.901887708222666	-0.6501442127557827
9667	-1.2099301414359436	-0.4708153330545951
9669	0.6669471572822923	0.2618884291584779
9670	-0.6860370000911016	-0.3749210065742802
9672	0.7560766288172822	0.2709035635018082
9673	-1.021718527718329	-0.38478420188441576
9674	0.17109248795593346	0.18851076301752567
9675	0.9545977426340451	0.06888798304427056
9677	0.830409872849165	0.3627631213890108
9678	1.1168146865393558	0.33402185449735766
9679	0.3038154673562305	0.2913763472906673
9681	-0.4055730665982707	-0.20540364632675728
9682	0.7286403152400543	-0.013879717053757762
9683	1.6298965978774524	0.559609054311071
9684	0.637089100383347	0.04829382726330056
9685	-0.3395164562988492	-0.08387257648456457
9686	1.035655852349682	0.2056940900482669
9687	-2.2181243801115027	-0.8518994470290808
9688	1.5807634503673964	0.4614376538496599
9690	1.4576100577487978	0.7055071856547513
9692	0.18944534288523876	0.003959678368578523
9693	-0.0981630812047159	0.08838246215531122
9694	-0.09072578233379994	-0.03261207978055544
9695	0.1391936258092597	0.1623312594181426
9696	0.3905376890281473	0.06818999061865635
9697	1.0760508791373284	0.15523467355788517
9698	0.1073049436382833	-0.14032637023491457
9699	-0.11275942894911661	-0.048468640064164015
9700	-0.3796765906490024	-0.24071016162067438
9701	-1.1184981412356003	-0.4124736917544569
9702	0.48911374281985764	-0.13377161235675344
9703	0.5593702082471252	0.22372467895323456
9704	-0.08957207619952162	0.051116829095987984
9705	-0.3845422464253902	0.21245684963107114
9706	0.13656901849547026	0.30759116644424805
9709	-0.05064869948978232	0.024213969108151913
9710	0.9718107454811864	0.11634367014796176
9715	-0.2791610727749339	-0.018753269324198837
9716	1.3692030411797664	0.4202092933598908
9717	-0.31964680039069115	-0.08346218579522843
9718	-0.4227025477766677	-0.22400904968008534
9722	-0.766572118902491	-0.19871456895926434
9725	0.054643064902813426	-0.19293699357661434
9726	-0.5076373423883914	-0.18748527712321353
9727	-1.7571235389725963	-0.5486537633263946
9728	-0.7003127959281092	-0.3407288898030575
9730	-0.42853612564541504	-0.12009306431334853
9731	-0.5105380308054605	-0.11315347094479869
9732	0.29387225667590944	0.24707450867131278
9733	1.3467639155880842	0.2397823350196388
9734	0.8142563813720657	-0.15960307392424777
9735	0.7429257723354149	0.34797491922150764
9736	0.08228755580227834	0.019950167728701854
9737	-2.002991060112251	-0.7930878290812875
9738	0.30576986278682805	0.2860823086079455
9739	-0.5542764684726367	-0.18425374958268517
9741	1.0219621763610074	0.41105130884211877
9742	-0.4556000181646722	-0.11888050539323924
9743	-1.1879548073532127	-0.5409798567085282
9744	-0.024870101653615917	0.009533805706515491
9746	-0.4671051539766596	-0.36246753142614885
9748	-0.22424235866174136	0.007841785188244348
9749	0.674884393909227	0.25786645766205835
9750	0.32823033462831736	0.32463091720406245
9753	0.08151985442489243	-0.08768930785954646
9754	-1.0832327745919175	-0.454018205275372
9755	-0.9117719518114427	-0.4364440650537473
9757	0.10448991087055703	0.16378773416490197
9759	1.0373237995286588	0.29021756556243067
9760	0.7198146246531532	0.16029570349827388
9761	0.23606669433582045	-0.04821192003811491
9762	-1.3690102624787692	-0.5513862511973191
9764	0.6953143538491446	0.11641247880131364
9765	0.16365842006765838	0.16994061252783138
9766	0.05661339317129594	0.09598693130806282
9767	1.1146445040819037	0.24480280740359772
9770	2.0507868927507804	0.8118837760698006
9771	0.37632237805438695	-0.04829564083689094
9774	0.6252953438859989	0.14593073391402323
9775	1.417365759640159	0.6205353737241901
9776	-0.18168957667645558	-0.09021938244293662
9777	-0.24278118377103344	-0.002883677406980839
9778	-0.4184639276932487	-0.23418686731307978
9779	-0.3986196369448366	-0.25617521666376086
9781	0.29813095933951145	-0.16333192770843646
9783	0.5530537740135202	0.21136823579956363
9784	0.020998845079891637	-0.20052181444409845
9785	0.22922973890717024	-0.003307871949103286
9786	1.1236124225206363	0.4425653883374831
9788	-1.0129514785645948	-0.28946195590734713
9790	1.3909371191926185	0.5134842480425597
9791	-0.11124674083978212	-0.008270544956463288
9792	0.49485816888173856	-0.03235496723209086
9793	1.0308632814828993	0.4286407558282941
9794	1.2912556136850597	0.3906702363542526
9796	-0.9122273046116943	-0.18854705528858715
9798	0.7650716492710568	0.21055350903843614
9801	0.2739215623368315	0.05167326860565116
9802	-0.04033607749923464	0.012724192772099907
9804	-0.7686242012265485	-0.353971716650491
9805	0.49162315146088326	0.10351227420467654
9806	-0.8964146879363523	-0.204847891858835
9807	0.5240252200985619	0.19119242079805732
9808	-0.09220141471459817	0.07884915684953432
9810	-0.09395524582347825	-0.1349840667385273
9812	-0.11316639602322487	-0.5042321406856961
9813	-0.45096025464233136	-0.08987148878906982
9814	0.39565571200920535	0.03987028015144198
9815	2.0892532835121633	0.9360663571835901
9816	1.2351953332623644	0.6400571853277947
9817	0.9523237965821759	0.10891012932653021
9819	-1.3673283387446882	-0.3963778490600267
9820	-0.6267718442633252	-0.11752704974987171
9821	0.04783194431663429	-0.010237409740958478
9823	-0.42468783677346944	-0.07429149809311847
9824	0.6764186559652006	0.21137826213982236
9825	-0.17496719454832987	-0.1239250398007338
9826	-0.2738372120618871	0.05216365053726342
9828	-0.9599795084380702	-0.337755166427301
9829	-0.4686571894363762	-0.13761190586292676
9830	0.7455090706681429	0.3167309439733477
9833	1.718163510375771	0.8133112686804276
9834	0.36038900322014233	0.33928712534177663
9836	0.2964434236913992	0.12472440961309139
9837	1.5312175912249757	0.5405401851923335
9840	-0.05441592486941818	-0.04556994334126406
9841	0.555709578938399	0.07256150012314935
9843	0.5681628761086447	0.002493553937578906
9844	0.9482370756341454	0.338888057092608
9846	0.1546227512501539	0.18618641705253863
9847	-0.17682101023118574	-0.15088431412822917
9848	-0.004698068084284024	0.19146242265530455
9849	0.4445241254708695	0.23108372076077752
9851	1.417708996263535	0.4702794073246559
9852	-1.0717302573230683	-0.6654010930737841
9853	-0.06665447924957663	0.04484039806040892
9854	0.1960959705389243	-0.0401275780056216
9855	0.013916229752902132	-0.3744513957355715
9857	0.5444883745889131	0.09110864279595894
9858	-1.2512906380146354	-0.3311246158806862
9860	-0.26538124070559804	-0.08983529370827176
9861	0.5039805897744732	0.114492414028223
9862	0.848386498410471	0.15903928499628894
9863	-1.7265987633801552	-0.5222778566040954
9865	0.005594725643443599	-0.45631758451355153
9866	-0.7492511428631251	-0.4656363582195594
9867	-0.6102307342096154	-0.2819231470605924
9868	0.6756252833516669	-0.0383030786504109
9869	0.3849835892952089	-0.16856056374661385
9870	0.7718970068409636	0.18062596444792184
9871	1.7253004801236829	0.7443782614449872
9873	0.5063953678230646	0.10823419802927561
9874	-0.751974460308541	-0.07923448554159998
9875	0.07120083766207061	-0.21675462425611366
9878	-0.16219309923607167	-0.12178975300706751
9879	0.6023145637236594	0.31725103989541636
9880	-0.1508524763306716	-0.13154616686193604
9881	1.2367906730624618	0.45953866709423474
9882	-0.1165706486528371	-0.1376930707171257
9885	-0.6328645422191124	-0.3959183139026868
9886	0.7171394473008812	-0.05010568489973352
9887	-0.8582928211351721	-0.3838084750996301
9889	0.9577495936848295	0.5921327647361214
9890	-0.36729985504807283	-0.23377112279177326
9891	0.8257780099812945	0.2726596294646541
9894	0.7088336694964779	0.1667286169264251
9895	0.9564485544415072	0.326654284089948
9896	1.0426224146015348	0.271549056085573
9897	0.7176246225407452	0.12928356626592874
9898	1.3781894213605455	0.6212564337196212
9899	-0.05780054091918682	-0.09359250037939877
9900	0.0033011676576595317	-0.2987846141796117
9901	-0.6563370493677926	-0.49729106702443227
9902	0.12910907262958854	-0.14731007041094155
9903	0.21727337235407218	0.017573091705975236
9904	0.5258521431173002	0.26465991459649746
9905	-0.6884500915336339	-0.4500815475827351
9908	0.08629378384369521	-0.02591128228802124
9909	0.9430879790690944	0.44734692366538986
9910	-0.07496790626207242	0.1535811008060369
9911	-0.3901435226946177	-0.15356551379837685
9912	0.15422555106831787	-0.03884155297294893
9913	0.5760743017515735	0.04303114985513362
9914	-1.0818350192077313	-0.5923265003462583
9915	0.2575200506092356	-0.008710509124455743
9917	-0.5904112523016618	-0.0271942169976266
9918	0.679305172406033	0.23824757566660337
9919	0.7046262717964155	0.36921875281559074
9920	-1.1469867598418033	-0.07981824997258637
9921	-0.25150573955282324	-0.15978651577362923
9922	-0.6974699563525573	-0.5506642398477883
9923	0.8158189257091273	0.05638221383457771
9924	0.032117664012807634	-0.340430157445472
9925	0.6712047492872936	-0.02423408493113317
9926	0.8569130718921874	0.5227347005055353
9927	-0.332073539161749	0.0970306627337353
9929	-0.09208138089670598	0.3829572547016114
9931	-0.051950466488487015	-0.15213716812329206
9933	1.4064937093309382	0.718172356194415
9934	0.1784980231050453	-0.0067298821260913105
9935	0.7850317493207344	0.36360218138432787
9937	0.11994040310987417	-0.14721761360301033
9938	1.342613179667425	0.6245474666051467
9940	-0.7911467603915466	-0.18491552218676555
9941	1.2500323005150213	0.5198772936032588
9942	-1.125506789474332	-0.7027542199392314
9943	-0.12208534405424437	0.2768342563849805
9945	0.7852121724027068	0.6804272022252835
9946	-0.8403880110019966	-0.42740484462263767
9948	1.845179984666097	0.7413350317102108
9949	1.9249858494919119	0.5730397906642464
9950	0.17368953562095416	0.13430931670953655
9953	-0.1363396797741273	0.18713360248949812
9955	0.11068179107749876	-0.011633759663723122
9957	1.4915442830959633	0.8716750307335372
9960	1.7183465577066168	0.4352093151162151
9961	1.7561308159411335	0.621816327532135
9962	-0.36071991477659227	-0.14865371424765927
9966	0.6457117446553997	-0.02438484228827437
9967	-0.9248012946461077	-0.29053207109677814
9968	0.25455507756051354	0.17208488383282894
9969	-0.4340035536080932	-0.12926442232858829
9970	-0.9005758765123668	-0.5320965785915607
9971	0.16962045726583538	0.14176243851460935
9972	0.8518174900879312	0.349495129346686
9973	-0.7289369499128934	-0.572647168062799
9975	0.43825440070249994	-0.06321284291559476
9976	1.3211935881486176	0.5085095545796626
9980	0.42967095874704264	0.29172273341073224
9984	1.9848365467986202	0.59477814855763
9985	0.8431781117305874	0.5301284297264045
9986	0.12678993022576251	0.09050178377143955
9987	-0.8292497704197841	-0.13339017476466755
9988	0.35157607958276654	0.14379324375007702
9989	1.1428215567597841	0.5146395258342271
9990	-1.4233988837257867	-0.5082635410698686
9993	0.4201898979399532	0.13742339199674086
9994	0.2626279634819024	0.1821633544355074
10000	0.09791784919395191	0.0022302214702353065
10001	1.042335260361087	0.17229333534950353
10002	-0.8257441400044302	-0.32691605241985355
10003	-0.5584972330762027	-0.5966339055369051
10004	0.0981547311470149	-0.03691480623984458
10005	-0.24738857439071327	-0.25569911122617567
10006	0.30430271192565206	0.4456591964066859
10007	-0.14435916055523507	-0.34607244667109793
10009	1.2839846889367128	0.6254038495376499
10010	1.6228665186401243	0.5880178245199503
10013	-1.7398843574200695	-0.6822884378816593
10014	0.13242076647970763	-0.33842093717980504
10015	0.16604974385556553	0.20747527468079474
10017	-1.0122267483764074	-0.5623606410415345
10018	-0.23300246172525219	0.02413681038824629
10019	1.8177622828225433	0.5129599318519819
10020	0.603608185763099	0.31269416039572573
10021	-0.8975370699995485	-0.3476971785157603
10023	0.7402807419798829	0.39619242150903067
10024	-0.20439484715029838	0.03259366687365006
10025	0.18612851603352565	0.08704081315039618
10026	-0.13307234763297143	-0.2389942442731917
10036	0.2590649158383622	0.03910139205058773
10038	0.7185794153319455	-0.3602745315220405
10039	0.40338991195745577	0.06816434613276753
10040	-1.3548878139598939	-0.6362114539235192
10042	0.6104678687392107	0.3111696462018118
10043	0.3994416661543894	0.18094983487638125
10045	-0.2308202328848632	-0.20575596945793112
10046	-0.06841021147017017	0.18102906176260222
10048	-0.07420332599864186	-0.044987865549286896
10049	1.2258506339956754	0.3848601454140199
10050	-0.2045925170684587	0.091251809857902
10051	2.057738040716043	0.7523348075398071
10052	-0.05167198229671319	-0.3065296194017984
10053	-0.4029365756591318	0.14077773950150713
10054	0.512217506914532	0.13772899749310935
10055	1.150861287048114	0.43235035173326275
10057	1.2021230775175389	0.7162636910162274
10058	0.5333393536669414	0.13731616512850836
10059	2.0938104258390142	0.7679742073227913
10060	-0.052745167283308594	-0.12540956567398626
10061	1.0999394007246897	0.4653952408283038
10062	0.2674337189500159	0.11324858245940007
10066	0.10980590000187712	-0.10219507997473351
10067	0.7059885620838127	0.17275383402209843
10069	-0.37914210388146746	-0.5471012893152711
10072	1.5221098831533335	0.6864481440235741
10073	0.4383746774444187	-0.14715374209261686
10075	-0.6359530038016443	-0.18137909508175387
10076	-0.8025494441420898	-0.24056973123409214
10077	-0.2001501484067139	-0.1344702071145908
10078	0.5526531067350301	0.08169193786713334
10079	0.3137480662882063	0.2353062874425018
10083	-1.5887139522598086	-0.5110965474745628
10084	0.6068882681951885	0.12939313576177347
10085	0.06452446780260951	0.4081777687820043
10087	1.0654154947353716	0.23635368618030353
10090	-0.29789866116720365	-0.1332631915055909
10092	2.0846315857852638	0.7222643302302363
10093	0.8295656645825149	0.4983707635772431
10095	2.8795303130865078	0.9177102168937894
10096	1.1603299605900235	0.5153144107937809
10097	0.9091596556438197	0.5109409686523139
10098	0.8013703561137027	0.46468853465954096
10099	-0.1695867914995639	-0.2627358791165407
10100	-0.8944224521674375	-0.2926600472684625
10101	0.7040705271661541	0.10553206152357684
10102	-0.7183575811308118	-0.38604995617937954
10103	0.5764740018580776	0.3610554001344357
10105	1.2981522510909427	0.7422220201040247
10106	0.6744963029982955	0.2677594955707453
10109	2.344699414015074	0.7363236042228472
10110	-0.47975004474950594	-0.08128442694558377
10111	1.090141228559552	0.3566428892649246
10112	1.5493592687622517	0.7062026927431364
10113	0.24675713014418194	0.1262262576832851
10114	-1.230547234631791	-0.01780427526855538
10116	0.3632449020815872	0.3675341461865528
10120	-0.9150752638575378	-0.4219640148221112
10121	1.6362948882114343	0.6955296397820911
10123	1.4239220576934173	0.5346089395651801
10125	0.5453138298683292	0.059609113785980425
10126	0.0737521632473792	-0.17588838265584816
10128	-1.137681595968595	-0.49780916183329554
10129	-1.2608181397662555	-0.2442830586476247
10130	2.003330799693891	0.6346389739553862
10131	-0.33450515958244287	-0.14185149192794533
10133	-0.3882656100794549	-0.27431349202416316
10134	1.146098767733062	0.37880206873967437
10135	0.6397296808018271	0.7374865819329779
10138	-0.033269521077480504	0.2214883440066565
10139	0.32143990432751723	0.02073253191755122
10140	-1.600741119859702	-0.5779007014696571
10142	-0.21736678984191224	-0.3075694201814539
10144	-1.3296634362590147	-0.7662376328468001
10146	0.4942750938178323	0.07706746244123842
10147	0.21454934387934138	-0.0740547201149648
10148	1.35018123037445	1.0536621445398582
10149	0.6376328984381219	0.14575036572659208
10150	-1.1463362120344947	-0.3621290834280337
10152	-0.9177956460615373	-0.3661120024781275
10153	0.3415504134839699	0.15111551027448183
10154	0.8799687217170586	0.5453312569826714
10155	0.4639749526423652	0.2751931261274997
10157	-0.8923831854551643	-0.10950678408959491
10158	-0.9622583622154834	-0.13069267819275013
10159	-0.030017541902683104	-0.06607962042987367
10161	1.6275819396026674	0.373388789154672
10162	1.1392273822497025	0.3582458804124253
10163	0.33801548372225715	0.250431209963942
10164	-0.6920589070330445	-0.2472152800246588
10165	-0.36739152634594874	-0.21569678736260983
10168	1.1695128867460995	0.25195116993396005
10170	1.0224887805867744	0.6521254736355366
10171	-0.9244022903645492	-0.4428985439865926
10174	-0.9865638250348203	-0.26291095567114126
10175	0.6391311189550388	0.06616312270003473
10178	-0.7389080843735816	-0.22049818889002754
10179	1.7032516937898894	0.5000102195607496
10180	0.3689948169547064	0.08852989074675835
10181	1.5209185453766088	0.2179624921379832
10184	1.960091653623303	1.1379988078965182
10186	0.45118639034455205	0.06548780363225064
10188	-0.3692582857364467	-0.24907920276975531
10190	2.2743384146125987	0.6406049195990517
10193	-0.17024291674724062	-0.06654189769325494
10195	0.8116623572550506	0.29416268174901267
10196	0.06988438620183046	0.13912099775783499
10197	1.6911589013187445	0.7121582170765786
10198	0.8537619350282468	0.48844832993789133
10199	1.0064185308234033	0.38995661028745804
10200	1.6501229470477958	0.8004276894872264
10201	0.5252938758911783	0.16581841841293063
10203	0.6984804925499262	0.37728828707041595
10205	1.2446163380814037	0.31527167950528145
10207	-1.363233239048593	-0.4202640364708835
10208	0.31789487960488705	0.0553287863562843
10209	-0.02024286217096083	0.03564593886445984
10210	-0.5185308351634587	-0.28556135147188827
10212	1.913357787562608	0.6173445595911893
10213	1.933864203214861	0.7488349296919675
10215	-0.17269357697566506	0.029849351576024447
10217	-0.38309807528786477	-0.2742513503357533
10218	-0.07283430389752976	0.008390684423601307
10219	-0.09317984464317805	0.051015214265649436
10220	0.22616425187558403	-0.07701607143220687
10221	-0.009699148302187988	0.26457543617014206
10224	-0.1524809599435229	-0.19122288095677398
10225	1.02924731035759	0.5097944657034588
10226	1.394589920432309	0.7750153338974533
10227	1.913118089556186	0.7405304733157088
10228	1.8371212799486885	0.8134136308418274
10229	0.2788708565604995	-0.014135663704004583
10230	0.22010675497389412	-0.20689222047115305
10231	-0.5737827840573407	-0.445647926255896
10232	-0.3449977764155471	-0.15029703457332796
10234	-0.4078896704165198	-0.3731245810995033
10235	1.1793269943217695	0.39747294947315936
10236	1.6572805064556886	0.5787765493662562
10237	0.663687111860932	0.13959872900812062
10238	-0.12482788627702801	-0.14131573963055172
10240	0.0161235528343366	-0.2578006096388527
10241	0.3667899367955552	0.06413992997101854
10242	-0.43551871097614225	-0.07642507180168072
10243	-1.0680637428663489	-0.5079705856150293
10244	0.8999850052759747	0.20432523213446527
10245	-0.8770053256391656	-0.31838784247785906
10246	0.5337442436250822	0.1016889867700641
10247	-2.4315524961753274	-0.6510789381621447
10248	1.0861511045557726	0.29378834925447744
10249	-1.9617774375989276	-0.5991690127388095
10250	-0.28751068764645565	-0.022744138243984996
10252	1.082153528458412	0.20906000113397227
10253	-1.310751698195232	-0.5141096335550386
10254	0.03741758477932658	0.09627062556779249
10256	0.0024004990272677995	-0.12510548815721662
10257	0.5127920798338251	0.042101776403055687
10260	1.1097527016352116	0.5520949114531627
10261	1.9611607174713503	0.9162156800751198
10262	-0.48260062855782027	0.03289851182695799
10263	1.562761138401021	0.6604954910701549
10265	0.10950908746400656	-0.27039457817628254
10266	-0.6675300417920806	-0.5329317616173095
10267	0.45913869831299453	0.21609273695288067
10268	-0.4228285471760962	-0.37686564445451076
10269	0.41746196217122594	0.1124533736031938
10270	-0.2727560604814219	0.26014234429747235
10272	0.8624351025012671	0.8490414144798457
10273	-1.1138382245287166	-0.36498176565706536
10274	0.7101261360927666	0.26872983294518127
10276	-1.5153713044016786	-0.8751109014880912
10277	0.2820820773086055	0.040147890655183566
10278	-0.40633545599731713	-0.31687132492063963
10279	-0.02278261196974707	0.06480176407717553
10280	0.8767866859756506	0.3670690729082604
10282	1.2245265610269025	0.18635786292308593
10284	-0.8261775424451208	-0.5439716958234152
10285	0.8232998992597171	0.3215979175115208
10286	0.4518067210510576	0.15570218426414345
10287	2.2272370724719215	0.8793369765897765
10288	1.8146057654460297	0.954733333020784
10289	0.23618212418825213	-0.02768687076928332
10291	0.3845502777352939	0.056874405793399876
10293	0.23565532984780488	0.1170661693271257
10294	-0.23526191876623348	-0.1532752270627204
10295	0.3499014862177246	0.06791678610664105
10296	1.2212995559111315	0.3562792984660804
10297	-0.3897860526401823	-0.19102852820668415
10298	-1.0134163386663615	-0.33879205790489947
10299	-0.6596086632500652	-0.2731523070075682
10300	0.5575068077634293	0.04510372501720916
10301	-0.8049515683219125	-0.4177581721424229
10302	-0.024050348333639116	0.0619522688773147
10308	1.692473903159107	0.8358809649088218
10309	0.3857679227461295	0.2115535059543449
10311	-0.026041719290911824	0.0006238024764774266
10312	2.1748997079290326	0.8769548302011695
10313	0.47769376116719486	0.11370696412981147
10314	-0.2246990646414108	-0.14077837349397088
10316	-0.17823842301320048	-0.10079546060029683
10317	-0.5606835057026179	-0.3530762792499879
10318	0.9482672585767159	0.3768025937144588
10319	-0.402933170652146	-0.2841876238253397
10320	1.4493344751639943	0.6365675545287348
10322	-0.9755673798661388	-0.29249635893395964
10324	-0.0008013137609431398	0.053736743334888856
10325	-0.3848220211250547	-0.2324402769054551
10327	-0.8640877389130271	-0.3715797196006809
10328	1.7319155634795482	0.5222574840087035
10329	0.2384571720564474	-0.15361205341784653
10330	0.7376535229643894	-0.13426213194195735
10331	-0.8373001440437424	-0.3116597511307283
10333	0.28341384121293844	0.3525401651752672
10336	0.9055633966655711	0.4241310853708601
10342	1.4186416472291383	0.4936924538578019
10343	-0.3283593214907844	0.0023413232163741887
10345	0.12513285870078353	0.15547137564505348
10347	1.057009836322428	0.06826746217654377
10351	-0.9570503019624099	-0.5523612137335632
10352	0.774019950560797	0.013217525715518551
10360	0.4848976703891775	0.26013644295338834
10362	-0.8771940499043711	-0.39356973833179687
10363	0.22949235539753107	-0.06185425239251746
10365	0.08176635868781942	0.037870462513251234
10367	-1.66942285486689	-0.6443115381739395
10370	0.8071544506162844	0.05271466408587125
10371	-0.0058482782001286066	-0.0919730733887774
10382	-1.0409735449878452	-0.4011661773593907
10383	0.2676946669200571	0.2875243193210655
10384	1.145514968913727	0.24468364798317957
10385	1.9537867398332143	0.35886707236252163
10388	-0.424980977311172	-0.6343814993926145
10389	-0.18893886113227035	-0.32354663440219333
10390	0.48425746883310794	0.16808266264699934
10391	-0.17432658877295715	0.15819874157092645
10392	-0.3028951355726638	0.06876917021712642
10393	0.06793538367683485	-0.10706365627336563
10395	-0.11862941897084017	-0.16613913286009033
10396	-1.319348197948164	-0.1736813502404532
10397	-1.4104257987910687	-0.5030007784381662
10398	-0.4130554364185455	-0.02227539196629459
10400	-0.5802638176399944	-0.2815270203040978
10402	-0.9456599579352508	-0.5073146915072788
10404	-0.49014614479244234	-0.5315908773932845
10406	1.797417527613674	0.5751473391197279
10408	-0.6553839816590978	-0.15967573464306858
10409	1.2117144995618057	0.5399266475098391
10411	0.06262928859925646	0.12468851262490527
10413	-0.029696148918823606	0.0011622799651470755
10418	0.4395970537559731	-0.10511830424126103
10419	0.7697402131502503	0.13764400878732364
10420	-0.1524543639008555	-0.30515775740215145
10421	2.0230507232774504	0.4756124193523027
10422	0.5657807323394999	0.2196201401196313
10423	1.0924947029583236	0.29878476396601494
10425	-0.9446490868290127	-0.43316529801620207
10426	-0.7922476838889387	-0.10345690970396201
10427	0.19693273810036993	0.055506293160621153
10428	-0.3241452937226453	-0.3584361439420288
10430	0.41097953756632666	0.028968401725486342
10434	-0.07487588990709511	0.09984168339024062
10435	-0.6782964300721963	-0.22094645142533625
10436	1.0042344326674124	0.14342081895539613
10438	0.12446682334068979	0.07058044710526627
10439	0.4368320280381701	0.21065033920748136
10440	1.1347601960752478	0.6047924044759706
10443	-0.320016706238037	-0.24264394745432283
10444	-1.579864949176955	-0.5536053529767022
10445	0.9762011604778946	0.053608765894997495
10446	0.9917888136598711	0.48188159366461925
10449	-1.1316765764293684	-0.510050217421535
10450	0.24389656220763323	-0.16346374788620693
10451	-0.08415292092486276	-0.26529397852019426
10455	-1.6992277411200225	-0.6329465893775644
10456	-0.5413212625571208	-0.2649384446392882
10457	0.7783359625141211	0.5840946767640924
10458	-1.8313085013587316	-0.5104771993411048
10460	1.6010724593330319	0.7113588050428867
10461	0.3954971763231625	0.4083227424998505
10462	1.2612702036398875	0.35125685910637183
10463	-1.0183788082782863	-0.37987965847854105
10464	1.078450518775357	0.2754875486694167
10465	1.059095993081969	0.28941500775150386
10466	0.5706476302485713	0.06275994455618011
10467	0.45747234330373615	-0.10733426201688565
10468	-0.402762464582328	-0.3975718308080163
10469	0.9831224550340201	0.26562059273128336
10472	0.537145145057	0.12388071082484381
10473	0.5324610679364629	0.3558245377341642
10474	0.043686937044492696	0.15993277615504897
10475	2.373671408510912	0.6413086717857734
10478	-0.21220472106104046	-0.1469782142482255
10479	0.12425776665266243	0.21846232283342482
10480	0.1355759551732629	0.0524752763781262
10482	0.6452490931301698	0.30196265123415844
10483	1.0104317303356487	0.3386226464290407
10484	0.7304597267805648	0.5310744270994645
10486	0.5997872885269381	0.13400554029361034
10487	1.932450133047582	0.7763586101001962
10488	0.6856599658390794	0.15780046543667747
10489	-0.11139382083086617	0.06982044383552635
10490	-0.8182246952384961	-0.25651984323118554
10492	1.2693580691701252	0.6316390155911311
10493	0.581697856389553	0.06481442943639676
10494	0.12432047206637659	-0.06029224592730454
10495	0.3847082538767434	0.41936877783720145
10497	-0.21118004593184284	-0.2977354614777999
10498	0.9099566209825907	0.3224469870094633
10499	-0.19909426307440947	0.0749865102027964
10500	-1.0065412738300572	-0.3250952658237381
10501	0.02178413807976104	0.09915876880634483
10505	0.6751728907271782	0.1495416220911153
10507	0.9181161056301843	0.3797478751680597
10512	-0.18284196453189738	0.14836042508161262
10513	-0.4059841645283899	0.030478293273211304
10514	0.578041062289758	0.22841695464276834
10516	-0.25997719821098175	-0.2770784412500766
10518	0.7928888676772141	0.43449686802703497
10519	0.46983449563641655	0.22614523772800768
10520	-0.24535887088040606	-0.1315559516540996
10521	0.5735181603858155	0.29841102678675896
10522	0.13565252658053	0.08112375356505055
10523	-0.19227431401015696	-0.29852029495385946
10524	-1.0421049000627327	-0.5995055192069074
10525	0.6036378756979848	0.44686832030973317
10526	-0.5865195225955973	-0.17235106191654137
10527	0.6381650703390471	0.23261406198059095
10529	-1.2069186546739896	-0.16353034716407233
10531	0.8310516333496121	0.1957295122899131
10533	1.1254858644784596	0.5379167050585456
10534	0.3617237346666548	-0.0017948079642312563
10535	0.8297304449935623	0.189036751666088
10536	0.3316688343587304	0.10044119345462849
10538	1.0829082936211425	0.7546809493426088
10539	1.4183184994904723	0.44763102047391623
10540	0.8442653900497008	0.41500488701688987
10541	0.9377815331998764	0.36322727588084125
10542	-1.0066846786253891	-0.5370727200183688
10544	1.3535856773876163	0.5061282513982733
10548	1.324144309317147	0.36293778833015355
10549	1.488977442540619	0.584123007116635
10550	1.8324547883902733	0.4858279906889006
10551	0.6890642654113743	0.04340405958269343
10552	0.32164605168265464	0.12481863939230028
10553	1.6358600617880645	0.42252604369386176
10554	-0.7251196298398991	-0.37563986601410165
10555	0.8038600901548056	0.396967401899603
10556	0.3344671307265941	-0.2683894903124122
10557	0.09827644549531396	0.02141599526311884
10558	0.4970599492319142	0.28542426363081586
10559	1.0249175335618836	0.2079838547614289
10560	-2.0506222135285284	-0.43141418293721573
10561	1.6713224708680792	0.44652177849605934
10562	1.298662710799665	0.68621027338752
10563	1.0410679414167263	1.0009558350624856
10564	-0.4730167923435818	-0.12603762457602716
10565	-0.23256243447316746	-0.32805394422605316
10566	-0.8230509745429319	-0.4049095554398731
10567	0.21600932878923929	-0.018294134663662642
10568	1.1719282599559304	0.7169391060620923
10570	-0.3349268698041772	-0.25855708525944976
10572	0.022975327386250632	-0.38416624647502184
10573	0.12465151609146963	-0.17213235009918826
10574	1.5317439534555883	0.5943931065208157
10575	1.2634534348365107	0.34853080504636547
10576	1.7634107958389498	0.5551219655149587
10578	1.1395590130405178	0.3355635550562659
10579	-0.43812989946145675	0.1709442733597284
10580	0.07465448758366755	0.2014193530897107
10581	2.130432633833075	0.7598875911742291
10584	-0.6681300610408787	-0.24828295835877848
10585	-0.2788330145452781	-0.23410293337095764
10586	-0.3540001604377322	-0.10553826459617617
10587	-0.7777956136866506	-0.14497937200268668
10589	0.5470475254111716	0.2779972128484889
10590	-0.03722255217251079	0.11095823160603303
10591	-1.3669195265243903	-0.5042037714607359
10592	0.6304625753753856	0.3754712757691108
10594	-0.1692934690193832	-0.09959167009272439
10598	1.0481103542690073	0.17119840694943847
10600	0.8224538898154949	0.2344067150849784
10602	-0.10365105242387732	-0.012505420718202865
10603	0.5055145586154035	0.4003170963641208
10606	0.33822989006944	0.262865637931351
10607	-0.08176787562645943	-0.2563353887813713
10609	1.3013863560359888	0.5361907494929744
10610	-0.31860718932710047	-0.19767355589659968
10611	0.16156849594905082	0.46860761280040775
10612	-0.5136120777751283	-0.04690158595363131
10613	0.12151327052016889	-0.05408537974320551
10614	0.12372442820830074	0.04028886087843722
10616	0.07729729784186218	-0.16923163746471181
10617	0.435655241442072	-0.014025161236950932
10618	-0.23461341510820571	-0.22649954243860138
10621	-0.17604495311248708	-0.14956823617164
10625	-1.348221092740638	-0.5422201437919087
10627	1.4918849566865648	0.47598256056557675
10629	-0.25145517263689343	-0.16500068070478002
10630	-0.30038686649897967	-0.37652918544658137
10631	1.5327203351610676	0.3739476396110045
10632	0.006812379203424596	-0.06807511609395164
10634	0.66470630725126	0.5686569108905203
10636	0.809186966213323	0.4568365055691688
10637	-0.6835821107498534	-0.04480402136759366
10640	0.6892742407533058	0.510353641327004
10641	-0.3463247231385135	-0.38298093549270973
10645	0.19229345109616824	-0.10837105633525296
10647	0.5615854426616559	0.03636246653278159
10650	0.37141114527857255	0.2001994265848701
10651	0.3056355672192989	-0.03221312272506049
10652	1.2070344249790734	0.3572469257110451
10653	0.35976971391086776	0.10451138363441957
10654	-0.8124314656223669	-0.4776572541335066
10656	0.9294823792093383	0.09180015232782757
10657	0.2172627882043286	0.14837362035688018
10658	0.9056830783805925	0.2627506314531514
10659	1.292722009910546	0.5855106887794317
10663	0.6505285659214499	0.625824983191432
10664	1.0539915806650373	0.17269256155498217
10666	0.39523996253909677	0.32970877193165693
10667	-0.5266281392109686	-0.40076433906849906
10668	-0.1801283541795443	-0.42083504313477493
10669	0.19412245569292041	0.21056636969131118
10670	-0.11168788497456497	-0.05290401451942605
10671	-0.06431249936420895	-0.051126876615089474
10672	0.5699820703908609	0.6997215157627955
10677	0.6293010220268828	0.3401227575853531
10678	-0.4077422916039479	-0.22294310180816307
10681	-1.2817028895268372	-0.7147178231417761
10682	-0.6483774314730364	-0.29533577914575704
10686	-0.6715498007950522	-0.4174759002276588
10687	0.7517579605526099	0.563731332861048
10690	-0.13227772872879173	-0.24949414284179694
10691	-0.030400426931725733	-0.2398186187264627
10693	-1.4289115874521037	-0.6845667725343827
10694	1.2201959762949381	0.45356528450996625
10695	1.4128248574177342	0.6539762444672912
10699	-0.19346965178187436	0.2611821481357488
10712	-0.2297995068279095	0.08936282662478506
10713	0.2380941821450195	0.2339700484493712
10714	-1.9877893188260038	-0.6810389711221528
10721	0.021399263425009085	-0.06478001911025863
10723	0.04216941451299093	-0.05848156745121297
10724	0.8776207106240421	0.10393816762092337
10725	-0.1040785709013488	-0.08340950197734551
10726	0.6633818821200627	0.1995078368509538
10728	0.7417781628506592	0.35661414646986767
10730	1.1434909920706289	0.2794851415132684
10733	0.4533833955069823	0.13564586106509569
10734	-0.5348082153511382	-0.27780141538229725
10735	-0.9223680452482403	-0.5498250565105866
10741	-1.0286484817964388	-0.639975735929758
10742	0.6748033206363184	0.1608111823991539
10745	1.6798391462378732	0.6462401769999925
10746	-0.16870662335467765	0.17411836365983702
10747	-0.56391689378348	-0.07622580606757377
10748	0.23270442457118928	0.22020753126686943
10749	0.4806058246463321	0.40014194102545486
10750	0.608327516122637	0.3608955549025127
10752	-0.7427949299742451	-0.2717532712549713
10755	0.22720118163760136	0.2958268001740904
10758	1.371159407265048	0.6942973484469717
10762	0.8418926449147398	0.46473146015738165
10763	-1.103431668655491	-0.35782297964818843
10765	1.1204754944605302	0.2971758802030661
10766	-0.40302743943593594	0.19083073977087356
10767	-0.7917815488035848	-0.24241707610862456
10768	-0.3820643824873959	0.07226195531395467
10769	2.4730218451743546	0.666266406833866
10771	-0.34395425516509087	-0.10689126990525614
10772	1.2765168291920568	0.28376149144689966
10773	-0.5971777573237895	-0.20436160873863732
10775	1.4584259517652534	0.2860087679405844
10776	-0.0339842773902598	0.17397330418447873
10777	-0.028823359125369874	-0.10245857294807506
10778	0.5476321713225952	-0.15585542642559722
10780	1.4798902808158303	0.6640626868669698
10781	0.30505204495412436	-0.09737273738857342
10782	-0.22506079719710348	-0.1965696072088999
10785	1.5366228485305806	0.6878891869793023
10786	-1.0142780230547714	-0.15660442475264658
10787	-0.29052801010548635	0.13086601576381926
10788	-1.448793230548341	-0.6319153021581743
10791	0.7543467515707409	0.28833597492195434
10793	0.4080878595113305	0.13882192618201822
10794	0.03485907990711412	-0.09467595172651581
10795	0.7977594701141952	0.13390919492048306
10797	0.8758088736627014	0.8981761376738966
10801	1.2693082752911677	0.4787772414063461
10802	0.7102940788997643	0.38661730035305164
10803	-0.126055634773145	-0.15213478008782777
10807	-0.015072936264453718	-0.03141759388374575
10808	-0.11871068320121059	-0.004413582906824906
10810	-0.6500125805260789	-0.154334008738645
10813	2.481688596726276	0.6487912177123127
10817	-0.4686179685488071	-0.2010941525941221
10818	-0.8601606231235808	-0.21799392160300857
10819	0.18099990587279846	-0.009649566954421249
10821	-0.8141858633001622	-0.38513307116282675
10825	-1.0558313239348802	-0.37935592670024865
10826	-0.676008539496262	-0.4535425546032579
10827	0.8795623576786444	0.3053691489358731
10840	-1.908735345560505	-0.43521657417384
10841	-2.317805236911977	-0.7194546890967196
10844	-0.09610667459033162	-0.08563143563300056
10845	-0.3191869992070341	-0.10824546224150518
10846	-1.0932598251064247	-0.3684223317844997
10847	-1.0065565042649829	-0.3048808012473108
10848	0.7233667700294779	0.4380737671802027
10849	-0.10778611478401628	0.12286735019143201
10855	1.4107003010828156	0.741269664824284
10856	0.8960509502488091	0.37696887746932733
10857	-1.1014603823117817	-0.6128139358176661
10858	-0.5021230771208882	-0.29918492152637294
10859	1.309925829158466	0.8343562760251162
10861	-1.3288794925904537	-0.5949319420336913
10863	-0.18302263388601803	0.1039440390812495
10864	-1.7530461052285329	-0.7213844999048962
10865	0.18346980604194502	0.0414425863275342
10867	-0.28313396455088174	-0.1751718855942608
10868	-0.23772127336442006	-0.32134286843252907
10869	-0.3337029749121481	-0.19752455898019328
10871	1.1903218303355005	0.6400916633932212
10873	-0.4834230323416114	-0.09852785355100592
10875	0.899859026621916	0.17125656320050395
10882	-0.16804422623489002	0.2540858313386124
10884	0.4537435246548298	0.1503680532111725
10885	1.5269702002621703	0.46621949632117526
10891	-1.5171107050098838	-0.2726205608248791
10892	1.5003583341107802	0.6506852441818686
10893	-0.9619535476583374	-0.1490488638660787
10894	0.9142912753365025	0.62941633943515
10897	1.2995331322312738	0.3637908836000765
10898	0.03385271390441269	-0.04006770963566372
10899	0.2468043167086153	0.013685112451154065
10900	-0.9484233426326532	-0.22024884187936236
10902	1.0679763082971518	0.21900943198881043
10904	-0.5275872805379195	-0.250875324820319
10905	0.2081179558996188	0.16966127647473606
10906	0.7828932301143972	0.2919306459044277
10907	0.32103803271184467	0.1813930849522741
10908	0.4105628781017514	0.2986224422913557
10912	-0.9838578658127162	-0.2869208871697163
10913	-0.36228743821638276	-0.2029557409316416
10914	0.25850068779642976	0.03824734147449893
10915	1.1203948951908744	0.6338703736686269
10916	0.2118260236262065	-0.1521173315420155
10920	0.27634980672290077	-0.06997058075577962
10921	0.676411003266008	0.3726608953188403
10922	-0.20940944623433186	-0.006265008297713391
10923	0.8580230073324961	0.36385876992855765
10924	-1.3581905803215646	-0.5870283113329546
10926	1.353051018410813	0.8909352033850578
10927	-1.076467456986546	-0.5768163346352393
10928	-0.06256410476544641	-0.15215410588691314
10929	-0.09474898090607717	-0.08502858430639912
10930	-0.55979796695848	-0.11328957210512164
10935	-0.8147912728188565	-0.28994301045869453
10936	-0.6753919159149159	-0.2616258343130303
10938	-0.09163464725452158	-0.04136078891411685
10939	-0.1360265697009598	-0.26104619502981125
10940	0.16274799873066068	-0.07936239596819261
10943	1.3928202661200768	0.5355730013390849
10944	-0.7095945291433555	-0.2879150181078698
10945	0.3809420499489117	0.0911267639181682
10946	-0.4136398710686048	-0.12233459543140554
10947	0.8657812768185158	-0.09681738386694526
10948	0.35733738270124943	0.2564076473750258
10949	-0.23898365302981953	0.00029038074492523935
10950	-0.6327688621785009	0.009896343405065594
10952	1.7864231155373913	0.5992802872605966
10953	-0.24557542008565592	0.043239151839559176
10955	0.08868482823623645	-0.09837591387451396
10956	0.2347056338522924	0.07089803107341713
10957	-0.7566506316525545	-0.2455900778403789
10959	-0.2350275893079467	-0.011061210250095613
10960	1.384860249008752	0.42724768729045987
10961	0.8801447697343856	0.09644348672537253
10962	1.3900593253148044	0.5879287645537932
10963	0.6422725018745221	0.3378028693005281
10964	0.40361211192623303	0.03552123400190148
10966	-0.5962871200206478	-0.4257331027435527
10970	1.1378785492818655	0.5657970373157211
10972	0.8506074036493764	0.3815323817220259
10973	1.7168180261401826	0.6894201799193447
10974	-1.0373734487011608	-0.572046648037536
10975	-0.14808314747037	-0.22071860522869588
10978	1.212740670895521	0.21949754745525463
10979	-1.1464549407651652	-0.13490505545319
10980	-0.3202673483902487	-0.378248219585012
10981	2.4181753458473376	0.8387264939771881
10982	-0.4029091954364659	-0.38893523632724314
10983	-0.6579860236762052	-0.24752390757554005
10985	0.9129496004950755	0.5131064242222794
10987	0.6385829529925455	-0.026321539796244464
10988	0.09832737843518774	0.12768260986955843
10989	-0.05439987681292595	-0.0904487319364923
10990	0.6764008523079672	0.29538164422726354
10991	-1.3281167327089156	-0.529462404204613
10992	1.220225317057212	0.44033678891213
10993	0.7200223976050592	0.5623352216260649
10994	-0.8110524813629887	-0.47703123350814647
10998	-0.6647808595363571	-0.39958764194181273
11000	1.8281981900909696	0.5727765682962251
11001	-2.4713198220909494	-0.8467885541089082
11004	1.2291570233223654	0.6949804924984276
11006	0.9159851493921793	0.8272363095962878
11007	0.6080265242871825	-0.12515544032479684
11009	-0.7121296224498426	-0.18514351881633948
11010	2.0631572926482775	0.8534071447939878
11011	-0.03682784051441357	-0.10032311192023552
11014	1.5227987618690575	0.7418363302365564
11015	1.5911240569436849	0.2646259842366006
11016	0.09939465526881044	0.2039957940124496
11017	0.10968042004363424	-0.06334772622206096
11018	0.186771013377884	-0.13846262824714584
11019	-0.3272268128448404	-0.6198960087757477
11020	0.049385983279027795	-0.2435747155635447
11021	1.5226395415259761	0.6493674563578186
11022	0.29123895049054604	-0.07584055744315953
11024	0.9612747900650992	0.47411983085545845
11027	0.9098950750947565	0.4356592219561196
11030	0.7718399484498144	0.4021468315330892
11031	1.3555065599980696	0.49997564730238114
11033	-0.15329552290361736	-0.0008134339803788082
11034	0.5937465270243483	0.32927242774967547
11040	0.32189659228327006	0.25188407938831775
11041	-1.123240825748391	-0.4855382032573713
11043	-0.31107863947754255	0.06061821167381308
11044	0.8146905520661356	0.35140199790713444
11046	1.11832311996274	0.3190481536642121
11047	0.9195060132428259	0.5061205235435077
11051	0.46763106764776435	0.40439849236057607
11052	1.0994953785897685	0.42585116491916386
11054	0.12665071578087103	0.08342394017484425
11056	1.8036932765586835	0.7431853948618918
11057	0.6170913613897153	0.38996096305100614
11059	-0.5366335598987064	-0.16460651469283827
11060	-0.14088147316790411	0.21222290986506961
11062	-0.8047945533067993	-0.46496298029359484
11064	1.3235885278903725	0.550097934819421
11065	1.811055944875104	0.8000926007105225
11066	1.0614606383202871	0.10178027277998511
11067	0.5907910789238575	0.6191437335944832
11068	0.8276062118680875	0.09180362423411151
11069	-0.23163716376174634	-0.3467933151762112
11070	-0.3234926530798288	-0.18460635561491007
11072	1.0185233312176958	0.5553510341620262
11073	0.8961709332328054	0.41619819053913176
11075	-0.5744091157252476	-0.28318158009337313
11076	-0.30062311776468553	-0.09718719373869698
11078	1.3890752309166081	0.19602818537625852
11079	0.9515062410575805	0.28155103987087676
11080	-0.3851076108941463	-0.005050331522114385
11082	-0.9537994117032998	0.05907527496018927
11083	-0.38422289455428627	-0.5386078325957362
11092	-0.7646557407912966	-0.20267939441669997
11093	-0.34940584010177167	-0.23427069944549309
11094	0.156723473105641	-0.1764625337082989
11095	-1.0079509051716748	-0.573659069235932
11096	0.2222599047292586	-0.4734090648836977
11097	0.43622190210480877	-0.13616041741158572
11098	0.7747878677063927	0.16088409710382412
11099	0.2578659751635264	0.199291775614365
11100	0.5155746713597941	0.34940402846486696
11102	-1.0750316192083642	-0.6147937689587745
11103	0.506112167192298	-0.06521105172071662
11104	1.4218573106778076	0.1903857032586062
11107	-0.49287994983109806	-0.06803856543083914
11108	0.491034578983239	0.21912442073411897
11116	0.645646890580277	0.12099210605824227
11117	0.7092422743852985	0.3710566044880061
11118	1.3433223662958447	0.39224076295405885
11119	0.7856557410228623	0.12709362564343352
11120	1.0299018657086556	0.2604071184159653
11122	-1.3381771869867474	-0.4077843812497228
11123	0.9552679721751258	0.455172563357122
11124	0.7884178219405099	0.2971929231540117
11127	0.23408669870756613	-0.0636273182489553
11129	-0.04212614508768442	0.02622332309169255
11130	1.317534450730272	0.5914025214138676
11132	-0.6880652397938499	-0.21764955570120567
11133	0.03377510562890129	0.08277064750038718
11135	0.8711370009493631	0.5529699068633303
11136	-1.623911414910978	-0.6104543174868902
11137	0.8094693152203102	0.21617159450390877
11138	0.11154759176664401	0.17783036658535104
11142	-0.8115757655441435	-0.45746121929009975
11145	0.10832344969282254	-0.12845694797416854
11146	1.0233614811586969	0.4685943734454414
11147	-0.37086237765718394	-0.20448995219187854
11148	0.17060039351989392	0.19204422574045069
11151	1.8387834041051723	0.7734433437883337
11152	0.14345362466122072	0.03628615966089685
11153	0.4573039752891497	0.0666491034461534
11154	0.07656586319165393	-0.25459182188824914
11155	-0.9361677350114923	-0.4288070587293489
11156	1.1562804894431178	0.35239920651068835
11157	0.6512712988578955	0.12120288003698754
11160	-0.8038693112449895	-0.5373326189866267
11161	0.15578432472868348	-0.1049303854573332
11162	-1.7093889201386452	-0.7303755789728169
11168	-0.11798556400397237	-0.1083596673270446
11169	1.0196226458351814	0.21559416814919918
11171	0.2491864286922589	0.2164446470793339
11174	-0.2210476135020318	-0.334387699208258
11176	-0.20136490658947495	0.039790629537268626
11177	2.0190403184358643	0.989041881867871
11178	0.038639820515158754	-0.007839129781951393
11179	-0.43252676217716957	-0.3891161980223459
11180	-0.044904065046046805	-0.033886973106592916
11181	-2.0564447134045762	-0.7294616234778578
11182	1.2067220427138277	0.5473021361780461
11183	0.7861073545484174	0.34171998660439934
11184	0.2203532340776324	0.1591567285759976
11186	1.2846477633951021	0.35951613311862624
11187	-0.4161474750257747	-0.2880420812752909
11188	-0.25439973722434694	-0.1655555458354197
11189	-1.0754503660347103	-0.5574093444946169
11190	-0.30193556245111647	-0.03431491525355329
11193	0.4914086600921028	0.09316903146735198
11194	-0.2975905287457048	-0.16508747064045173
11196	1.1620879138383837	0.5287847277495448
11198	-0.04476330269195561	0.019612120940685013
11201	-0.3362586650946434	-0.19531577815475146
11212	-0.8861471237427161	-0.3750762093864037
11213	-0.09980378380544157	0.5485905209759221
11214	-0.7720870172976999	-0.08978433218804109
11215	-1.1709165434023674	-0.3543048211979295
11216	-0.06434590489275457	-0.07000206140712938
11221	0.8451432998970576	0.4481860090077846
11222	1.0029093131026574	0.5246178694493405
11223	-1.118731098704249	-0.5245453870255918
11226	1.020449169513882	0.5049355361830318
11230	0.3237468654622813	0.25575676258421304
11231	-0.4096962388489479	-0.2619119736293989
11232	1.3403975406207969	0.16693134726872177
11234	-0.28679814470778403	0.16018489236855807
11235	1.7674715195208517	0.5297566227183879
11236	1.4718042653522723	0.5641052136369473
11237	0.9908766703390511	0.22465365050527852
11238	-1.5717531205732471	-0.6342146821131713
11240	-0.6509790476132088	0.02437909912399469
11245	1.1616020050159201	0.46525217000717267
11248	-0.6961457411101295	-0.21984662374574565
11253	1.3690755164160917	0.22090852541990633
11257	-1.101500723306095	-0.5869515556528381
11258	-0.3124166222283731	-0.32825520868504693
11259	-0.04655289918325073	0.051091362177121576
11260	0.7305857218841043	0.4051417690272076
11261	-0.448182522488065	-0.03338501978533611
11262	0.7958396030704207	0.4818455364899634
11264	-0.4478707232816864	-0.5663433415113177
11266	0.15186588518680683	0.1412673542893366
11267	1.1908656928441137	0.21743874799271276
11273	-0.8725578597268355	-0.4571286751223726
11275	1.3349584073528018	0.6218103641647408
11276	0.15349441815670928	-0.022741343148936416
11278	-1.0678704035096094	-0.6124919717319864
11279	1.1402645806681804	0.959968887325134
11280	-0.4368394685836996	-0.0718989233759916
11282	1.4366850075671647	0.49461289907814054
11284	1.0053446733282574	0.39529724086071094
11285	0.9240750473934791	0.01519951888912148
11309	0.8326824099225103	0.599272033702581
11311	0.8060918426805506	0.07361110441023959
11313	0.7705735804292634	0.3749653040589572
11314	2.0203259772573507	0.8371841918448175
11315	0.5077660381982148	0.2600728575922721
11316	0.2919763969455388	0.15248792013194945
11318	0.3627564358261613	0.19929219630322764
11319	1.6597456154552743	0.47086573861038705
11320	-0.6804705400491972	-0.2222626519475413
11321	1.12260582015517	0.33371427272815446
11322	1.5725825994890097	0.533324428671417
11325	-0.04503618339875823	-0.033007470892512186
11326	2.170541387560835	1.0644180985900684
11329	1.0188271950263545	0.3228804691706799
11331	-0.03141832493385768	-0.017701822441478936
11332	-0.9168220948971557	-0.3014659004326605
11333	0.5133983791191465	0.1294105382684373
11334	-0.39350276606781653	-0.19155088197966358
11335	0.8984599256100628	0.5046725684008986
11336	0.43252512378313224	0.12146627500772376
11337	0.7132184975524933	0.2844079346110459
11338	0.40733744917760517	0.2348745484474888
11339	1.025793972864915	0.6417777132494008
11340	1.6860032420520432	0.4521953925723388
11342	-0.37119079006850836	-0.3545160335666315
11343	1.143932779986354	0.044432247861282116
11345	-0.4229786849952872	-0.40037713068601777
11346	-0.9948086129278364	-0.3354835412258923
22795	1.1634240931333624	0.43930846072817664
22796	0.5085111466518208	-0.05871393267276441
22797	-0.28212542102432103	-0.09515062250395932
22798	-0.46254614434204777	-0.20912600121883557
22800	-0.3705511069646777	-0.232086456067077
22806	0.28023316391238634	0.19016951283883232
22807	-0.40930102840002386	-0.18147670420563888
22808	2.3367362405739946	1.031481922727759
22818	0.5140211004563321	0.18922195743233794
22820	-0.5512213211334236	-0.16996239185436618
22821	0.7854879606680654	0.432465295343521
22822	-0.05785746220527524	-0.1118871691364509
22823	2.1342179104233354	0.6747325832859283
22824	-0.8558186503581576	-0.32094255440244934
22826	0.6960043483640648	-0.06791298385371615
22827	0.9249344647127955	0.47192121093586775
22829	0.19376467804230701	0.10121564773761842
22832	1.3280311534209388	0.51603783378682
22834	-0.31838899722691894	-0.12578408828827742
22835	0.4617956680274914	0.05125924506644733
22836	-1.3733735745534619	-0.34997564232683454
22837	-1.2520861703622217	-0.5351266335310649
22838	0.9608653849592728	0.34149050754569377
22839	1.249880694663875	0.3906460923100143
22841	-0.5349280422513187	0.07258142969398548
22843	0.1537499151641653	-0.30451491808222186
22844	-1.308054376653292	-0.42452700135937266
22845	0.5062350613095963	-0.07398942046811946
22846	1.7062620152916006	0.5724018602395423
22848	-0.42454422358787247	0.07562564597082116
22849	-0.7294298506963286	-0.37378986710898954
22850	-0.15034421107544169	0.0002895111380830026
22852	0.14857536778026023	-0.024346525734167554
22853	0.017040895067148384	-0.1613742899295279
22856	0.4282881532696502	0.5386141906022464
22858	0.5390678667942574	0.2711251245449867
22859	0.08236595228091445	-0.1765959977630688
22862	0.24950048164748675	0.0363738234960595
22863	-0.12395293079702865	-0.3132745617008986
22864	-1.0676360762364512	-0.39769489273385406
22866	-0.5043919754735366	-0.12383243498339722
22868	0.7386264989464864	0.2517294115770325
22869	0.006408663518692681	-0.12024129226334136
22870	0.0840454742254153	0.11244419416740153
22871	0.41772933750251	-0.1142284436768595
22872	-0.016677002913015326	0.01235472426800524
22873	-1.0134324575030484	-0.5664267477525678
22874	-0.8554913146064285	-0.4453712105692301
22875	-0.7195766939148865	-0.06480231628717635
22876	1.3290290099845425	0.38925148242254487
22877	0.44982608479694725	0.10427006940449703
22878	-0.7704521634608605	-0.08395566555510493
22879	1.509722945493797	0.2892203169551494
22880	1.2456096880920917	0.44525310604741386
22881	0.9565757369927563	0.41599618907639035
22882	0.13205399108630606	-0.26552492758956137
22883	-0.2322678742550924	-0.1758009202657885
22884	0.5215546905862195	0.11642609826061391
22885	-0.07062725820349683	0.13956200788928336
22887	0.18423951853993684	-0.016272009003184297
22889	1.603727728214647	0.3661913078176402
22890	0.47544015657958905	0.35852799602590124
22891	0.5740292030263202	0.397566350507263
22893	0.4787874491937872	0.18215354795229505
22894	-0.007263251435097429	-0.1328094404300631
22897	0.38720752862299845	0.16236077684326203
22898	0.6275162004976896	0.4741052548320204
22899	-0.023416952644496947	-0.38004680925255824
22900	1.5552117399828453	0.43472051289675384
22902	0.4904813473997566	0.09178145324335667
22903	0.09566760336203778	0.037671916712323075
22904	0.5948353044837358	0.6184491809992428
22906	-0.4071374997417664	-0.389943078892366
22907	-0.11811498755382188	-0.030663567912446787
22908	-0.16968737509536092	-0.17310275361646715
22909	-0.012132403753675025	-0.2968868349078327
22911	-0.0005413782578361781	0.04401167563077827
22913	1.7474341038252605	0.5513988927349187
22915	0.6055597293277466	0.4119447215510736
22916	1.218395019453754	0.5134783492376136
22918	1.0711918468376618	0.4302244680663649
22919	1.2196906877772102	0.5664189364313087
22920	0.270482056746471	-0.12212200082476131
22921	-0.925437019642068	-0.6098387451551297
22924	-1.5071343732851523	-0.4189709276097944
22925	-0.9829266638109279	-0.29888897341797044
22926	-0.23957952754284612	0.03752424558922365
22927	-0.3273798154164089	-0.3903805908212136
22928	-0.1835018961353771	-0.28376746642545486
22929	-0.012287551390380264	-0.10649451879287816
22930	0.8581983442658598	0.19863948698542705
22933	-0.693874085973039	-0.3993939016092022
22936	-1.310495183461724	-0.03996514521793723
22937	0.18497723590982323	-0.02281398138044466
22938	1.1426335296728725	0.3414573254745009
22941	-1.8874276856998429	-0.5608802713257772
22944	1.2409001330831342	0.2387656693691677
22948	1.2886618842072628	0.5467295872019761
22954	1.6994489203697971	0.4728641910978174
22955	-0.43855621900041847	-0.27923213362548427
22974	1.28905421040812	0.6866163598104814
22976	0.9130352107459518	0.20513320689828365
22977	-1.7842773215225216	-0.5482809451725106
22978	0.6124675591996663	0.260064295379817
22980	0.6957685456721915	0.18783996768986136
22981	-1.578755261117148	-0.6979891765869042
22982	-2.4075112515448636	-0.9350812034796714
22984	1.2365846554931466	0.5894882463152832
22985	0.42220470238235336	0.09871823114294277
22986	0.16232082373838155	-0.03918950068247798
22989	-0.2272559410720147	0.06868005683361991
22990	0.31464235227569015	0.22629422991785103
22992	0.3530428033218864	0.2948844164099164
22993	0.1407098896547606	0.1300752963269587
22994	1.1221506853767431	0.08803347526975555
22996	1.8486432175190406	0.540155114623701
22998	-0.33779225482645847	-0.3926087813448904
22999	0.287810207301728	0.2668053343602765
23001	-0.10600181518811491	-0.1731071963400167
23002	-0.12853743936057394	-0.1711087284143859
23005	-0.33645062287497585	-0.2698862558562766
23007	0.012992701041033006	-0.028091961874448873
23008	-0.704449860018939	-0.3065926483684359
23011	-0.6200596520239402	-0.2397404524328561
23012	1.5711484049660234	0.5371252543585663
23013	0.28287182279734724	0.05978440948986254
23014	-1.9368825714740205	-0.4150887023365645
23015	0.3704798202650754	0.24904818509618648
23016	-0.04766524580321696	-0.10933359232808527
23017	-0.5443182695848349	-0.26265206903423327
23019	0.8317597686267396	0.31806391611575713
23022	0.17613672673419595	0.2555575819522249
23023	0.7569217146355441	0.22159219314055936
23024	-0.812458533616204	-0.6132943898339671
23025	-0.954045508939277	-0.3965194472463458
23026	-0.5203392243793699	-0.12788503393202844
23028	-0.020353847574889006	-0.08510999531670584
23029	0.5708725620726409	0.0806318725014939
23030	-0.4253642058534942	-0.11791120681714261
23031	-0.33274350011161863	-0.3299484847265226
23032	0.6306695974707321	0.14716638791282477
23033	-0.23295896912452013	-0.001742043893375407
23034	1.0871010267848997	0.3830962177985887
23035	0.3350099642381421	0.19893460016246514
23036	0.24623150703791036	0.028650237622272062
23037	-1.5444443868235096	-0.7072801075208144
23038	-0.6311227083722899	-0.10980066424524315
23039	-1.315244003793623	-0.6027273011651884
23041	-0.47205407955587964	-0.1590037553834241
23043	0.6051582693645643	0.29758463743490365
23046	0.03247228534269908	0.21480136389797524
23047	0.11106043565614071	0.12679303666411307
23048	0.8672587516582686	0.3250100384047256
23051	-0.7920717640563639	-0.2739053643172705
23052	0.9896241820284244	0.4145871175267609
23053	-0.27677876895801057	-0.0032122211556472255
23054	0.8605031151997073	0.42829508863404137
23057	-0.6651373113532675	-0.27175702571596433
23059	0.273522468632448	-0.14334787210568534
23060	-0.6426937684606747	-0.11306576886603281
23061	-0.6618603572738649	-0.21302779269455255
23062	-0.3152496018957956	-0.31690234267287964
23063	1.6634265021692758	0.5149078240459946
23064	1.3215475475245766	0.4652808068585926
23065	-0.06261182441745952	-0.01469132947360137
23066	0.06573794691130297	-0.07005401165052
23067	1.4209328682208509	0.4974742049467498
23070	0.30355000599423604	-0.05144883180036029
23071	0.26832619658171364	-0.143606640309407
23072	-1.6990563218679613	-0.6189295894076869
23074	-0.380071848028742	-0.14567213774684068
23075	0.8207701241512758	0.30203351731095923
23076	1.1631357703271348	0.5668016428854421
23077	0.06747014885649032	0.007559302754055461
23078	-1.2576523356866383	-0.5899304993286485
23080	0.8993138879065647	0.38432070754705105
23081	-0.4039017323339402	-0.07316539132535467
23082	1.3208366335307318	0.7267582525359386
23085	-0.3601002508259965	-0.18822221993826613
23086	-1.1160559165503754	-0.15275859937591213
23089	-0.6959669841319128	-0.3747414180722788
23090	0.0914350479347626	-0.007319547182388548
23091	-0.14473867806756488	0.01240484925451199
23092	1.7439704520478259	0.820024991737031
23093	1.0225312277096084	0.4028314699138617
23094	-0.8555618957776692	-0.1607847852697043
23095	0.7001567073883995	0.3524840945620194
23096	-1.0654699933815681	-0.3846072908957542
23097	-0.08004053335644926	-0.0662328937688034
23098	-0.3890416566714614	-0.2579561064876242
23099	-0.7014075228225585	-0.13367473011955133
23101	0.40535365417294744	0.4052801673855143
23102	1.3350294387943362	0.5842074277472042
23105	-0.9978107174545086	-0.3437784382006528
23107	0.38058754323109956	0.025203581467176533
23108	0.9869986650973839	0.2831887684450636
23109	-1.0184975185895415	-0.2749100234995884
23111	-0.2582122790086323	-0.10601889981764842
23112	0.14499649123922922	-0.02154837057134261
23113	-0.7895575123522325	-0.31427175950936315
23114	-1.194362784727871	-0.35373118660444913
23116	0.3070801768327	0.1243599191395242
23118	-0.7374597913709338	-0.18193369925118635
23119	-1.4803701109958578	-0.6599502199008922
23122	-1.0753811885237943	-0.5349232925788967
23125	0.26286165292569036	0.060910538539905704
23126	-0.23276282794058312	-0.14208448283413486
23127	-0.11377853359734405	-0.34648417563240524
23129	1.321233655237089	0.49599902286976405
23130	-0.0023422131211005975	-0.04101004657380215
23131	-0.3613041009892283	-0.13960877238037026
23132	-0.7512194655660382	-0.3375059884803062
23133	-0.5244475915914881	-0.09604090299552859
23135	-1.056841412892234	-0.24237336778652735
23136	-0.8905957100024835	-0.2012142974980831
23137	1.0822854536001478	0.5038833239898902
23138	0.09042349241357961	0.06694337488367093
23139	-1.0870960078357366	-0.5109619699328276
23140	0.39977148818230485	0.18080201208010335
23141	1.1081684843204584	0.5583037573203751
23142	0.3912619102421462	0.04934753497322102
23143	0.3081265964031602	0.37432801384539915
23144	0.630766679539547	0.29321109409094676
23148	0.3007157995734699	0.10271300279819778
23149	0.05873345070161036	-0.16774684758944025
23150	0.32809769049368537	0.026814326537171897
23151	1.5605964115396675	0.5726295171017378
23152	-0.021593008539814218	0.09525295598586407
23154	0.012653411427430428	0.02404802504522771
23155	1.331471723601466	0.4314746653986583
23157	0.40458578736513806	0.13706009375614991
23158	-0.27531187572225907	0.06302890233847616
23160	0.6180598035079458	0.5938689595743323
23161	-0.44256911815148625	-0.15772649860092167
23162	-0.9610482250485333	-0.36552115374608174
23163	0.935371575818277	0.290152123343787
23164	-0.5516514027066886	-0.2199564102540614
23165	1.2439834723469274	0.5303368447156076
23166	1.5907033648666011	0.700828028522319
23167	0.5596313490189648	0.3827040686960933
23168	-0.28109325065398716	-0.14579279666082662
23169	-0.4240884526524236	-0.2403425965044408
23170	1.0383140934120094	0.6602157884057602
23171	-1.4575821363970567	-0.2057641632901626
23172	0.11843567594213891	0.027029337248354886
23173	-0.06721155521485758	0.08096319377439098
23174	-0.6161093773134225	-0.27214930431577533
23175	0.02202660512091803	0.3310734890817548
23176	1.5836697991195126	0.46160432468366386
23177	0.13854265891776021	-0.18171934632623876
23178	0.23942532333012895	0.08777754082925411
23179	-0.14415163176513365	-0.3626177149486762
23180	1.6211228306142749	0.35655516600135434
23185	0.3952382217630136	0.21022919969006804
23186	0.6007360039280443	0.1918793260895162
23187	0.6925773751074776	0.22194651116723724
23189	-0.9001417823790144	-0.28624280888426207
23190	0.2758662646674883	0.043767577865456854
23191	1.8857955250400171	0.6863441512934272
23192	0.04227815048640432	0.02278717109792297
23193	0.06730384051148963	0.10448991262830312
23194	-0.7123455647223543	-0.4350005903578128
23195	0.07028604306625524	-0.022609035941578065
23196	-0.17490465288095403	0.0064687419046108655
23197	0.7509498289496441	0.30659780429414213
23198	1.30987005971738	0.5766602582423319
23199	-0.0904318798942566	-0.14445436357380886
23200	0.5173568969036555	0.3709027779486912
23201	-0.21422475146566103	-0.2573733489084421
23203	0.3025466811327615	-0.058894360440509205
23204	0.6221300418936213	0.19803579598019028
23205	-0.4123578017800228	-0.19529189616174397
23207	0.795316133979642	0.5237639496738606
23208	2.3436615898830944	0.5270829710041702
23210	0.10147105529365968	0.11544279881390888
23211	0.4325113218167763	0.21112185039632858
23212	0.5953156012788461	0.35745535500771713
23213	-0.26327300865498116	-0.00034211654363153904
23214	1.3624559837024688	0.566115728500603
23215	0.01817749682860549	0.02293326741151655
23216	-0.20879029047378284	-0.07467492670780719
23218	1.393046280239053	0.5168412667858017
23219	0.7768767895957813	-0.10865293379383165
23220	0.8166791143772214	0.1776186055554933
23221	-1.2947138736039991	-0.290015203365126
23223	0.8121637542802607	0.4016191901352165
23224	-0.009851832818252027	0.0694793718783936
23225	-0.2561881989255802	-0.1569129932076574
23229	-1.1638302331706152	-0.6914271498828124
23230	-0.6629752476635239	-0.34120443589438787
23231	1.5004803348483498	0.47794718762807914
23232	0.7808950566156719	0.10487322613147584
23236	-0.4469090672132318	-0.3550648350433433
23237	-0.8180140457596392	-0.08846841183383386
23239	-0.22761359781854165	-0.47162827255337353
23240	1.266268902079595	0.4065339767312829
23241	0.16454209756363739	0.05424732884874224
23242	-0.4530083779235907	-0.1676196444109214
23243	-0.012945516339355367	0.06667443553040622
23244	1.274950367748652	0.610321266679728
23245	-0.2770311499940535	-0.1127138148501072
23247	-0.0226478280388347	-0.06023506147999558
23248	-0.901752083619812	-0.4660931621640073
23250	-0.30419579633342964	0.03766073281897604
23251	-0.921197908117806	-0.32063689783101246
23252	-0.6954587123881432	-0.29634080415084385
23253	0.18596212990859445	0.14024924924806498
23254	-0.1968928340727908	-0.27568942119317835
23255	0.4116094738899588	0.2359662111476622
23256	0.5302544512162262	0.1884431539615222
23258	1.11858016169669	0.4160896458207533
23259	-0.03478604062092325	0.03854543786133987
23261	0.04510462031133119	-0.2799438387806664
23262	0.7670624246667681	0.4342281438680746
23263	-1.1228552041406366	-0.5297533265233356
23264	-1.369714200612084	-0.5439859704783169
23265	-0.2722837326850254	-0.25237959686129985
23266	0.5608796337767601	0.3009194525988935
23268	0.49799489937798574	-0.07917215895791906
23269	0.8523953760630434	0.27554138715185084
23270	-0.43640058614696775	-0.2921840753715258
23271	-0.4997241888369502	0.17934467395504433
23272	0.6463545588965478	0.21661435352604838
23274	0.0027402205855948103	0.06019367958129398
23275	-0.6761003823486308	-0.22445571305460926
23276	1.2924477154564524	0.41524091902233884
23277	-0.3724351945841322	0.07678147970742794
23279	0.4895526895013904	0.11778225354491761
23283	1.747184989369403	0.2137526908859888
23284	-0.5307681899419384	-0.2894930831719781
23286	0.5126707131052194	0.17473416101858957
23287	0.13316294921026617	0.18121979876562538
23288	0.2005489500118881	0.23631989879488485
23291	-0.22062475969228437	0.016955364186620872
23293	-0.17674609731451565	-0.09922102520902519
23294	-0.11551286585127327	0.179639290034745
23295	1.1360263375813673	0.5050739666409089
23299	0.7263657395559284	0.18129472588160714
23300	0.25001656089932767	-0.03841542265892881
23301	-1.1496259510119762	-0.36782256378060246
23303	-0.6139777761687872	-0.2238172634101937
23304	0.30434231276285895	-0.06211138087374409
23305	-0.9915236482743036	-0.5505344856957397
23306	0.7811903787653319	0.19492484608946917
23307	1.3818051465311436	0.448980504232781
23309	0.9654875534720996	0.4221097366094716
23310	-0.2902757746413068	-0.16279752378418416
23312	0.4552157341073488	0.29389146435608854
23313	1.9519994478309295	0.8720395964267357
23314	0.08409508339653873	-0.16623172075169562
23315	-0.2643752974834833	-0.27336689050114626
23316	-0.2757233082522181	-0.022114383610744685
23317	0.8524674315759193	0.24283445236786477
23318	-0.7083699639990804	-0.3249934807599816
23321	-0.5406325889348615	-0.5646271209247998
23322	1.1561572217532676	0.40445457713149663
23324	-0.0016113956882359282	0.05627942760443918
23325	0.3805065013827559	0.11405509160468941
23326	1.1454570112224394	0.4043603247869291
23327	-2.1057743557025947	-0.6730387727292741
23328	0.3118924854785382	0.3822884457679477
23329	0.27365843256288813	0.06273751700521041
23331	-0.3246135127802782	-0.24894145223112293
23332	-0.2894062194215299	-0.04419053464625368
23334	-0.21203751602396997	-0.18825684234699497
23335	0.11177668501601724	0.08430701361248656
23336	0.5788540798747988	-0.11629494409125987
23338	-0.703443580389399	-0.3091634038247022
23339	0.28855380449504764	-0.020883928524543263
23341	-0.8016522986074309	-0.3886412093574331
23344	1.5173865772836537	0.5288181816629508
23345	-0.17367058459122287	-0.3190567639868074
23347	0.9049499497503002	0.4509821522639599
23348	0.07626317362230974	0.17170789505333878
23349	-0.4547488385728131	-0.02994218655220017
23350	0.4208863584530111	0.3199992835823931
23351	2.6472463367622314	0.6939111881890485
23352	0.9132564515755306	0.4712089513904649
23353	-0.3639382476479619	-0.2578093772128555
23354	-0.21846150542196413	-0.2704670118824303
23357	-0.3964386938460568	-0.27502537263718807
23358	0.7106922561300419	0.37532121499082416
23359	0.05296367547522691	0.1470591197734135
23360	0.2303071721190985	0.2412745313600131
23361	0.10856062412526225	-0.011781033128331224
23362	0.06521747397967903	0.17837191202314315
23363	-0.2755570596679396	-0.20578806777041886
23365	-0.19844719860441573	-0.14031621145389978
23366	-0.8308193224133493	-0.22840019247337354
23367	-0.3803628674637664	-0.08819004257647657
23368	0.7648164567646517	0.19238276503786442
23369	-0.49438009312896813	-0.19282540754932598
23370	0.6137727742878138	0.18653805066471724
23371	-0.9919037224701149	-0.20917711246812346
23373	-1.037615048635387	-0.22931258689545028
23376	-0.26093573011150817	-0.24826767962981314
23378	1.6564120557190134	0.3749307967803053
23379	0.9915322980775492	0.49994790262674405
23381	1.3284029196670952	0.47296772931409425
23382	-0.6368085435586114	-0.15931746572049188
23383	-0.5010217208776497	-0.09308241512690854
23384	1.164580444618115	0.4271824051832017
23385	0.23841350282547147	0.11499937232528443
23386	-0.19150057424312983	-0.1397141646650806
23387	-1.0291386664407907	-0.2765839184566077
23389	-0.14450123058153888	0.17661348609387764
23390	-0.3979604413787182	-0.2687173309639793
23392	0.43847047217923607	0.22846821499423337
23394	0.6973043470389066	0.08345924495065442
23395	0.9321060499409064	0.203802250995013
23396	0.805949503691584	0.5714798361690758
23397	0.1532607755045748	0.12131280193826047
23398	1.559245185809988	0.4094200257579668
23399	0.5071126593271367	0.24795161070360977
23400	1.0164794554081618	0.44325960590993885
23401	1.5478488649079456	0.6103248746622316
23403	0.03152426090188648	0.006762025646037895
23404	0.45143097383634495	-0.09949207946605004
23405	0.5794311512964554	0.23545092885177404
23406	0.10178727714271485	-0.18413751571181197
23408	-0.4825438485800591	-0.09942057248831553
23409	-0.11368935117270401	-0.3249486388758279
23410	-1.5643405094937752	-0.6676322365377295
23411	-0.7369079591738374	-0.02048560041738865
23412	2.0836155845299387	0.46545145085217055
23413	-0.4067479676687354	0.20059818999383686
23414	-0.42687544406533606	0.028489681756032836
23417	-0.08823258376664053	-0.16512115400747113
23421	0.23822178211757858	-0.15104185046138954
23423	0.39245576019942197	0.21186152168239825
23424	1.147524927869412	0.4042387787656775
23426	0.06617218586928064	0.28015549402830525
23428	-1.033708023880427	-0.3438162163945638
23429	-0.3415169276461192	-0.22927128180535164
23430	-0.9115213139937994	-0.30246476152799384
23431	1.3275013573633339	0.7214786099430108
23432	-0.6128753172447743	-0.2493817837795442
23433	0.45988115950303976	0.14187029032739037
23435	-1.021660354616834	-0.4058163013872462
23438	1.5989541584137377	0.3395376367643449
23439	-0.6303923921767289	-0.41883923785024607
23443	-0.34468607387194494	-0.385016435227818
23446	-0.029034215971477567	-0.014839069075838277
23450	1.0220590011271706	0.44837176875149376
23451	0.5431299300482663	0.09966013990030972
23452	-0.05728772849838154	-0.4461137779368411
23457	-0.6095904026166787	-0.28551622601579674
23460	-0.1501115149528195	0.10997769265808352
23461	-1.1761374561112747	-0.36607190806448425
23462	0.2611159968964557	0.16281805642674826
23463	0.3293716656599976	0.06192550930428589
23464	-0.8807009916055021	-0.44180663865133585
23466	1.4212002883097983	0.35512222925072184
23467	0.7008061755593094	0.2052121632381205
23469	0.34701935624818636	-0.04032762096958281
23471	1.4413312742538005	0.6094292115737532
23473	-0.3208903710979157	-0.29620633703190535
23474	0.477154305223046	0.3286700121514523
23475	-1.3974390483082202	-0.5669779381998608
23476	0.02384948769472639	0.06522909879529781
23478	1.4788536383127742	0.49853451334837073
23479	-0.0993963548825503	-0.3463955753531731
23480	1.9332919882966153	0.6713614904920366
23481	0.9493505299905807	0.328411159765671
23483	0.47323381271054676	0.031653389320776895
23484	0.6802662884668415	0.15885058772038224
23492	-0.8596403278924255	-0.4107169344081272
23493	0.2190012184053925	-0.22443546065460396
23495	-0.577444933139647	-0.36193846696150955
23498	-1.6047395858376987	-0.7003823415341763
23499	0.7002501132144083	0.3474659518017466
23500	-0.22482927435370176	-0.38077044245486147
23503	2.3091872676878813	0.6429047565195949
23504	-0.2172581043639692	-0.046552904519579164
23505	0.4817780933264853	0.18751684699230173
23506	-0.547643840700777	-0.33300500623690293
23507	0.9251166335767773	0.3292098014608185
23508	0.7053493344364965	0.3980536539001613
23510	0.09880724087805637	0.2232002854702039
23511	0.7250491719632387	0.4263223350134554
23512	-0.407601886910937	-0.07629028527787768
23515	0.3727653297619784	0.22581533801133566
23516	-0.3379241451838002	0.32689648927453546
23517	1.286895493750835	0.3719907986138569
23518	1.2009564828268777	0.46127007892235256
23522	-0.5620711117617412	-0.3821026588132815
23523	0.15415861490240756	0.1237993939333856
23524	-0.49642993064911983	-0.13969018730664665
23526	1.3728753872289272	0.39947989211253654
23527	0.1803502611921648	0.2872686934298657
23528	1.4432592554826629	0.35757284481482576
23529	0.20947082863516775	0.43642193516512856
23530	-0.21266167251581103	-0.045106670514646424
23531	1.248136473385792	0.6419162822563285
23532	0.09488492596054499	0.12800237957241323
23533	1.3096566932735139	0.934049407637781
23534	0.516345503253191	0.06593975815067699
23536	0.24860368592237914	-0.0766363557520201
23539	-0.2702846329888975	-0.10871246669350532
23541	0.5630894085634124	0.5929486924204226
23542	-0.6341829939713681	-0.20784715260450448
23543	0.5855002275016629	-0.033525631332132544
23545	1.0865220443306052	0.36948562831193366
23547	0.05833271730172536	0.022152122117806046
23548	-0.0753623557754726	-0.15962259796928963
23549	0.2511702627145251	-0.045220189980687345
23550	0.8980986068158938	0.49812455434180436
23552	-0.9639161459550929	-0.377353925100056
23554	-0.8094980734305286	-0.48160280554665325
23555	0.8482839686568562	0.3262701499114018
23556	1.2112160314694504	0.35997240970256933
23558	-0.7992846307198359	-0.1811180147582278
23560	1.912387993739669	0.6583710780887907
23562	-0.700617756976838	-0.23905440403267986
23568	-0.11968130014003082	0.014210352990651706
23569	-0.2515883936145066	0.09421307554674416
23576	-1.3638361697513524	-0.5974891300643683
23580	-1.206387202371932	-0.1609538596096441
23583	-0.15198141831752698	-0.3935969659213057
23585	1.7479878899299899	0.47097975488276833
23586	1.5951076054117883	0.3591165005525459
23587	-0.3694767400877354	-0.2133556070838989
23588	-0.9921086884603585	-0.5321348310785465
23589	1.2001594699645528	0.6203995270445919
23590	0.42605668596419477	0.31949977581862765
23592	0.40927612914775513	0.19393304478712012
23593	0.43316333246965383	0.20675064118844833
23595	0.4163828957717641	-0.1971227543119068
23596	0.6631322985881664	0.4399317389287908
23597	1.6569619539237044	0.748196408094794
23598	-0.7970750624015122	-0.485399850339656
23601	1.5701493236276234	1.160350621970219
23603	1.904603194305207	0.7277430453212954
23604	-0.1734052813741616	-0.2812140541991288
23607	0.10911644528687059	-0.20367258918647824
23608	-0.2026221346555471	-0.32883893928222285
23609	-0.24566369668056126	-0.3897678404759881
23612	0.743366998366502	0.33878042861291807
23613	0.1677403771886152	0.08274698696977759
23615	-0.49250395120212787	-0.08753755415148735
23616	-0.49432669559794373	-0.07277310696963604
23621	-1.4175955226007724	-0.653957418284705
23623	0.8260046067631563	0.4658737961242639
23624	-0.29205404597300566	-0.2582745053461304
23625	1.8785311446505508	0.5156107875724079
23627	-0.46357427769671034	-0.21667852867318177
23629	-0.5205360829553973	-0.07954196874458919
23632	-0.7491627786470888	-0.2950987746720776
23635	0.5322785989136509	0.06233120996298512
23636	1.6962768425567785	0.6698361794623058
23639	-0.1763026820155363	-0.21619791347707729
23640	0.5832593173075912	0.2586019843694171
23641	0.004825382584129734	-0.07719711661410601
23643	2.4007694514532334	0.7957714382649161
23644	1.0395716200002243	0.3857204307020843
23645	-0.7520413048555518	0.10066444949455229
23646	0.1505852410619067	0.10101530053378771
23647	-0.891878443441537	-0.27132521579719465
23648	-0.4496628299120984	-0.01707930476048223
23649	-0.05405117825590139	0.09289554086922328
23650	-0.8489897833738497	-0.2983574255468435
23654	0.41790858571512535	0.1265584421166217
23657	0.4521993929314585	0.014867922413463075
23658	0.027159473671945808	-0.025117352131013966
23659	0.8964589508393253	0.2904017737062492
23660	0.915610102173714	0.10697003626683463
23670	-0.3557534158430512	0.45954675108092236
23673	-0.22822535362003912	0.07991867596983115
23677	-0.16691879940200766	0.2134983924226977
23682	0.8801363755074699	0.08584156160310936
23683	0.5115725333478026	0.16003096228795138
23704	-0.022921085162605992	-0.43651761314636406
23705	0.5697454692868875	0.22791568286582475
23708	1.03975565979554	0.20411681254661318
23710	-1.2310971120686918	-0.09581068368575661
23729	-0.7253755236868158	-0.35476590564748545
23741	-0.3149644679516344	-0.34663992066957716
23742	-1.2243924641311752	-0.3597487039039544
23743	-2.246275345902062	-0.6160988665390064
23753	2.3336295515432344	0.7705140493117608
23760	0.7783275790411031	0.42439343079937386
23762	-0.6763729171097067	-0.43640998491381566
23764	-0.1788213427484383	0.4908540009417358
23765	1.4768992346042937	0.9282637026578269
23767	0.6162052468630982	0.1401675585091826
23769	-1.2345574730617324	-0.6212507513425956
23770	-1.672586257589856	-0.3951898426084996
23774	0.20185156951993172	0.04396157741429673
23780	0.15254105411218902	0.13060602695990498
23786	-1.0942398745645585	-0.22353351607544514
23787	0.6500811330913449	0.2260467219005941
23788	-0.15695702467818068	-0.005496805375316938
24137	1.2943222380036454	0.6620639206939557
24138	0.8724452691880406	0.2407952128860933
24139	0.5639325702133058	0.21077298878097417
24140	0.8990855880174387	0.5165027202458694
24141	0.293382338643497	0.17269301752337565
24144	1.2171960287687944	0.29437660594033455
24145	1.1062940353142023	0.5370302420020017
24146	-1.1702773404427187	-0.5775290219793635
24147	1.0982475216794865	0.47547357867587914
24148	0.28887581008745483	-0.1224069092278266
24149	0.2285997096598094	0.1728015761914738
25758	-0.6076353569444706	-0.3759850158029932
25759	0.17589490502228047	-0.24382943633474874
25771	0.6764544535300319	0.07305221321604408
25776	0.8664632318431302	0.051384809354162425
25777	-1.0277117937711255	-0.16384015259368073
25778	0.18717879621548805	0.03655047754426391
25780	0.22768073333587252	0.09305258226636434
25786	-0.5131926077615785	-0.10220331668248252
25789	-0.7817651676902605	-0.3035421188805317
25790	-1.021012359757189	-0.16406599128336835
25792	0.09173466280548859	0.12843366834784975
25793	-1.7654569524823591	-0.6516267678419199
25794	-0.2721768162742227	-0.25834001741444707
25796	1.0133257172566803	0.24642608735179633
25797	2.336795998412576	0.7495239933759827
25799	-0.589375814787177	-0.36483121932665363
25800	0.45767801591772095	0.18449572272044829
25801	1.1627608537259773	0.715811806005985
25802	-0.08999545559802831	-0.25706401215864955
25804	-0.0935422706008463	-0.18512612862239544
25805	0.7119712403337513	0.08928093519043977
25807	1.2435196360225873	0.4455821757893269
25809	0.5459733638325277	-0.009420696271929346
25813	0.08197301389633177	-0.18409085399251723
25814	-0.0017132103498469498	-0.06646738198944471
25816	2.813844869382941	0.788681960618717
25818	-0.7002029147053758	-0.46467149350184356
25819	-0.7495029215456053	-0.010691495759149211
25821	-0.2102025592282363	-0.33934112849193654
25822	-0.6135384840760509	-0.14997314550770569
25823	-0.013504094891593037	0.07531744809781359
25825	-0.3671581630147932	-0.07847317036560182
25827	0.014494399812926662	-0.07922355539190643
25828	-1.1175971600804946	-0.3409884771843622
25829	1.2540730845218298	0.3989004668246818
25833	-0.37857403350528096	-0.17852961173780468
25836	0.819029940488599	0.3375601191880865
25837	-0.5228608539128923	-0.2359338999713455
25839	1.3245217858901954	0.4116538681560669
25840	-1.2340698396819172	-0.43939149203544553
25841	-1.2865413480512444	-0.3601998519205168
25842	0.7496539946718587	-0.13359741438033992
25844	0.9327622718675747	0.2557055524565068
25847	-0.41708793972767777	-0.35374993620845063
25849	-0.7915764320411626	-0.4499264009612104
25850	-0.14907227253822397	-0.23268672093968296
25852	0.1525444735289821	0.000719557165169811
25854	-1.120175462056681	-0.6406949000163781
25855	1.1333632100218562	0.3396198627893491
25859	-1.2369363584679505	-0.30638419191927124
25861	-0.15980347250537622	9.596901799802104e-06
25865	0.9003782598769261	0.3069205609656149
25873	1.3482853662707175	0.43541186496747414
25874	-0.9799841041762589	-0.36886500734763283
25875	-1.923917459938391	-0.8978134916894357
25876	-0.5440802990890631	-0.3212772014434865
25878	0.010248839776515528	0.08479427736080557
25880	0.9289850732158427	0.07169544654218069
25888	1.3326320994573644	0.20646152700642476
25891	-0.42685311494415856	-0.3993276415115481
25896	1.8248071802936479	0.654839428130696
25897	-0.2644767179505575	0.02013665589135788
25898	0.054270108384398996	-0.052343751294041806
25900	1.0044788893366896	0.28130852199709133
25901	-1.349155910479093	-0.7497999082009197
25903	1.2827567163120688	0.6843269500619421
25906	-0.060390057425652566	-0.14480309698093283
25907	0.8272081274371184	0.3931303892000385
25909	-0.8638963273641067	-0.33244798356565775
25913	0.4913127441984603	0.00038658407700289943
25915	-0.5970510084589542	-0.4089384093518261
25920	0.7720220344046873	0.30961937703757725
25924	-0.1186434725407291	0.410941369807277
25926	2.384440494595995	0.5332411163252643
25928	0.1617864050244623	-0.4143783280205526
25932	-0.20711831720367516	-0.295755749472987
25936	0.6774301923944384	-0.21174478900534205
25937	-0.5481497803978759	0.08836652775066156
25939	2.168025513934011	0.9971752025423806
25940	1.4483292888666546	0.37272948144201434
25941	1.3745677687625062	0.2403340440849646
25945	-0.24500018408456486	-0.07164963767852044
25948	0.4298331508407317	0.2587140796822024
25949	-0.05249341976678472	-0.1499340154212051
25950	0.4902892287933887	-0.133084595923896
25957	-0.34300153399506267	-0.34902549416480133
25959	0.6020547876268306	0.34966621848448676
25960	0.33193494688976893	-0.24255062283262313
25961	-0.6293561032510804	-0.4142873632199617
25963	1.5191525944146287	0.34687253680674474
25966	1.7424801185021077	0.5093480119379307
25970	-0.5049653225027287	-0.2423555583163762
25972	0.34268054498104755	-0.17649673150904016
25974	-0.3686684760417746	-0.4455748135375509
25976	-1.6089180439998843	-0.2600314492668322
25977	0.1078404085356055	-0.041998561007763745
25978	0.09696722745902919	0.12871588441222254
25979	0.24292199191443303	-0.24748519124326807
25980	0.6768884585224395	0.16143857551294993
25983	0.22325541977141988	-0.12524041780940848
25984	0.21860415344691791	0.021852407807216714
25987	-1.7339695191434115	-0.5736960374540878
25988	1.3582286248975366	0.34561638004921835
25992	-1.061059388766805	-0.4227332476718306
25994	-0.02639195143728157	0.32895045861833194
25996	0.16350391149067012	-0.1971505406536048
25998	0.004885370628743987	0.14199031980533489
25999	-0.7688968222207467	-0.366352982886819
26000	-0.08432272863174661	0.08168201216723578
26001	-0.6119898911755792	-0.16043332442797772
26002	1.0787016620683905	0.23156938384412787
26003	1.1677758627120234	0.4804625295765425
26005	0.804147302729611	0.2887599166869816
26007	-2.4098970073224724	-0.8085090092402494
26009	1.4016534532490321	0.20914846925211159
26010	0.6659678103525255	0.3953907095140945
26011	0.46148823675288186	0.19817514075454284
26013	0.11185069720184074	-0.0752617720459126
26015	-0.29782437684704066	-0.21130216193821227
26017	1.3474686241966398	0.34927728510565437
26018	-0.3654265996668691	-0.37447610798648423
26019	1.6548165784740188	0.40419774816756626
26020	0.7134299523749479	0.21725702077994402
26027	-0.8875797860899532	-0.3042024536340972
26030	-0.7996892907709168	-0.20543059491350668
26031	1.1535326578739147	0.40943818678134414
26032	0.7672008601735807	0.4936802135995053
26033	0.2497838079152122	0.013515254610815819
26034	-0.5592932098178708	-0.14383188282264936
26035	-0.8316607350723447	-0.511086642097253
26036	0.47077228550228367	0.17086058501053128
26037	-1.1783302244623486	-0.5469268221694072
26038	-0.9962957440554729	-0.3673015684592783
26039	-0.9435111306810067	-0.3299896605110435
26040	-0.40159116694417585	-0.12819816802615697
26043	0.8130598034604672	0.23856288167068987
26045	-1.1645797441382164	-0.4321187173509903
26046	0.17767433719936376	0.008690357735790986
26047	-0.9554250956104269	-0.5078063651450196
26048	-0.6317509436519282	-0.385674615117403
26049	-0.398538411627028	-0.29844295964061773
26050	-0.5087764163210768	-0.3949177811518918
26051	-1.1408746762039457	-0.29346497096909585
26052	0.7230111288245293	0.31307661375148327
26053	-1.2913899364163368	-0.5172155848374387
26054	-0.3376039976328828	-0.027984224368841782
26056	-1.5059303961780317	-0.6488135453203042
26057	-0.1824027432450187	-0.06722249579575293
26058	0.9621142966657356	0.16496006874963154
26059	0.24240956440189046	0.11386240646477869
26060	-0.22429135445252862	-0.14773589934271514
26063	-1.5422777534391416	-0.4772686668977224
26064	0.2767960450246917	0.14915902868079112
26065	-0.48149965267319106	-0.1739332472952902
26071	0.35455863527185605	0.1469036332691093
26073	-0.49682487123264274	-0.2595357362220053
26084	-1.412230278191955	-0.256212936787019
26088	0.7467192872644168	0.3132616777023852
26091	0.7469384825018911	0.3224783233959114
26092	-0.24318127176798732	-0.256357103884672
26093	-0.6140941767748814	-0.17769528676641722
26097	2.1894938701922397	0.38414535761588536
26098	1.835145650153708	0.4647208744990256
26099	-0.17795308882665078	0.044232573420637314
26100	0.2669393288588394	0.005501394653964542
26108	-1.0259283132913406	-0.37212963265220395
26112	0.8124737405979039	0.24456543562032124
26115	0.511160860633422	0.2779325438526992
26118	-0.24089687104822216	-0.07593164902217632
26119	1.8041332412631932	0.2827701033197738
26121	0.6728400887344338	0.08416560897431531
26123	0.22835332386408014	-0.23111621149410466
26128	0.6772675210036196	0.29002121857856733
26130	0.8181139075603786	0.12846903952047858
26133	-0.20499176623028087	-0.09642577805936531
26135	0.3089606964093782	0.08971329770724329
26136	1.786520031114021	0.6778011270499674
26137	-0.4336230769702679	-0.1856872679275506
26145	-1.9044276786263081	-0.6582302671260736
26146	0.210183758729049	0.178913684145762
26151	0.3347420925727569	0.08113943295322155
26152	0.6060897422477227	0.027258595169911262
26154	0.23539607852280042	-0.1298555899254251
26155	0.008225991484199197	0.04007526015031336
26156	-0.38715975697006744	-0.18911526138325946
26168	-0.09263513726398909	0.05328542918635078
26173	-0.44186296204193387	-0.32767629083358407
26175	0.9841805735626857	0.1666593916497261
26190	0.20118969689791769	-0.1121270703272034
26191	1.1822458867166392	0.8226920660220343
26205	0.5643715743320292	0.16631453046056893
26206	-0.0032646383165601395	0.08608295818951937
26207	-0.6783154823270079	-0.459482238370329
26226	-0.42800988746135094	-0.28241942173598666
26227	-0.7181836727475279	-0.23953876226489762
26228	-0.6541131481020528	-0.05514112840433291
26229	1.4926919506976215	0.4716855222849219
26232	-0.1263703428514285	0.0018053441715361468
26233	0.2643913693188576	0.10960096169929338
26234	-0.9423319153722491	-0.5045369488958594
26235	0.6686312686921467	0.10849687801949023
26240	-0.41142393635615165	-0.4640759074923545
26249	-1.8536051825845967	-0.527752797270197
26251	-0.7317545126169378	-0.30574018875210446
26253	0.6226698917475961	0.9111407149368826
26256	0.42595757090594893	0.07252367871390183
26261	-0.39324495934455406	-0.01304908433672762
26263	0.21561259819825265	-0.15135900241095795
26266	-0.6808316928008347	-0.1517569275981686
26268	-1.0666764109455138	-0.46593138872720397
26271	1.2469630041411819	0.7889779838619617
26273	-0.7105747272940255	-0.5235992127027986
26275	-1.3456415698383102	-0.6693594642461085
26276	0.03548697526578681	0.12074071928387334
26277	0.8870813155554643	0.28932345409028765
26278	2.2314746807724593	0.9127313003295068
26279	-0.8275764212206891	-0.16258185621879126
26280	-1.3300926950563186	-0.3622304947217787
26284	0.025900282300772293	0.08120410999063901
26287	0.743373651991768	0.2918257653301363
26289	0.4073104978890306	-0.12484622349913672
26297	-0.362375772289415	-0.20885432310686824
26298	0.016669875158357494	-0.06224962501044043
26330	-0.6714433689235384	-0.16269933343613313
26353	0.7864938344540078	0.5798098730134384
26355	-0.659204561827599	-0.1964317112991453
26468	-0.15584159291296723	-0.1213091285241513
26469	0.4030378925131766	0.5965614144060365
26470	0.3835654686593452	0.016998880862087222
26471	-0.20968869670980028	-0.03678070501759013
26499	0.6850991072052464	0.6452655178395288
26502	1.706551840699541	0.5847946619235167
26503	-0.8653128040205866	-0.15051217304079353
26504	0.993332033813227	0.29641187642445244
26505	0.3888603870241818	-0.0062285154635769585
26507	-0.4259009285840342	-0.17797744636342033
26508	-0.7529300790817545	-0.05384576322598966
26509	1.8237303506712386	0.46621866452943594
26511	0.15319115233372865	0.3428424547451436
26512	1.3695392004775542	0.523790646330632
26515	0.7341267128114793	0.20908497334893938
26517	0.9589752134982431	0.2714236331614154
26519	-0.032541893452183446	-0.0287577941007809
26520	0.19315584268635672	-0.07009517707271064
26521	0.27820606848761886	-0.1818322173204117
26523	-0.9039252366076479	-0.5051210578255589
26528	1.103996260303639	0.5419542943055495
26548	-0.46494798945009014	-0.08248376785409106
26574	1.120319049779734	0.4081736650616812
26576	-0.8865156107381624	-0.3550983822280738
26577	-0.940300863778737	-0.1651916209768935
26578	1.1784555767600944	0.4236917757146852
26585	0.8676078426365157	0.6405030210323234
26586	1.1836349110333633	0.2797645155586559
26589	-0.7000791788005368	-0.36201845317446746
26608	0.9721086653137218	0.20661885585687376
26610	-0.5381788725449926	-0.42104786367713143
26747	0.39361672244129975	0.023449914862925497
26750	1.0368498456989557	0.2639094046956903
26751	-2.364197175917278	-0.6905006447078534
26872	1.0437584454034459	0.2561102555294588
26873	-0.3323086564536345	-0.11068133278040168
26953	1.069058102904192	0.26961760156649145
26959	-0.4132741627516031	-0.4957632699257109
26960	0.6273724225099048	0.09049959027783766
26973	1.5295629785315383	0.5254616273132725
26984	2.1312378721996774	0.450069527325415
26993	0.3104345253153602	0.10806258149855102
26994	-0.5392107038232271	-0.08789932127498697
26998	-0.06268612130507772	0.025582698331976517
26999	-1.975397109351396	-0.7430655395105424
27000	1.6123217946287323	0.6199688495802251
27005	0.08724551109844252	-0.1332418248064918
27010	1.3540593951284663	0.5210937500342242
27012	0.005462260973359236	0.0035544845073772063
27013	0.6285614902305995	0.0839407414902458
27018	-0.0652988286948134	-0.08437557685375159
27019	-0.781439938805872	-0.28173065943045594
27020	0.22510753889971727	0.097869482682541
27030	0.514280726424262	-0.17429983273052851
27032	0.27596942492078064	0.09664445147303165
27033	-0.639400262243708	-0.2477467717454973
27034	-1.3828221520835333	-0.730324761159011
27036	0.45185817574218295	0.514725039980216
27037	-0.4919014243135748	-0.29109410727034957
27042	1.5607654142943366	0.5236648689217991
27043	-0.3958429013253275	-0.24863470017390416
27065	0.7474284613765536	0.34677559712867123
27067	0.3999772054050648	0.16516147344246052
27068	-0.5691648098780175	-0.23077657155976647
27069	-0.8147860187975279	-0.3058472112130667
27071	1.1928250094791335	0.6857442823228075
27072	0.16137788257220664	0.030117806091109145
27074	0.8502995479922522	0.6179894294487361
27075	1.7935149479155257	0.5321514250421109
27077	-0.11451635818305292	-0.09788511384656082
27079	0.2302744631629089	-0.18103982402548469
27087	0.2001231102718098	0.30141718663133776
27089	-0.30024631360300436	-0.12498488840745986
27090	1.685691190077085	0.6380884112354303
27095	-0.08982854210311736	0.03326140960604829
27097	0.6353565178551135	0.18116113686243698
27098	-0.5578336253806258	-0.3396886083013632
27101	-0.042542398074042864	-0.17527189008627678
27102	0.05268131950319958	0.08268553552326839
27107	0.3654219598087578	-0.060869092154879255
27109	-0.20722510212912898	-0.24178729746229136
27112	-0.1808462130287534	0.04993913343132776
27115	-0.634632675384311	-0.2305545345510488
27122	0.9536384214670601	0.061931820168593596
27124	-1.4428362139013444	-0.5549004196051361
27125	-0.5244334991297559	0.03192119367352314
27128	1.2117896732750635	0.6116906842025087
27129	-0.5642723447899569	-0.10081760849684249
27130	-0.05552202012640983	-0.2710253043147967
27131	-2.2372128386170833	-0.6604392203847652
27132	-1.055183896650141	-0.330490224707982
27134	-0.5968235794549128	-0.16215175770730894
27147	-0.7663788438040627	-0.6066204055960547
27156	-1.54123837215603	-0.5428177847225544
27158	-0.9182656805218751	-0.24381604810722168
27163	-0.0569725775211746	0.00029931623429864385
27165	-1.081741090557945	-0.527043404246778
27173	1.3970961519908172	0.647239282920635
27175	-1.5117004759407702	-0.7332450342222363
27180	0.36981888831007825	0.5143080553616147
27181	-0.5241327340971236	-0.03655093885496011
27183	-0.04502053500603831	0.19489879819197267
27202	-0.0008403374588207835	0.13197710027717804
27229	0.3928195383593083	0.011920506664823055
27230	0.23830702741941526	0.13332785545432158
27231	-0.8408165494150961	-0.4010150427372659
27235	2.0959884755256235	0.6683972105191773
27236	0.4597802621394147	0.218610430772743
27237	-1.7310353175741777	-0.35159028867933434
27238	0.8862707870633619	0.07554278059903231
27239	-0.6539364135282524	-0.2630635349014502
27240	0.427718748603818	0.4807635646471832
27241	0.968156670073129	0.11960304507428172
27242	-1.1968171812452362	-0.7203573879730507
27243	0.4788638478697218	0.018246364283630002
27244	0.1512363007951137	0.14116462945108
27245	-0.17015264480739525	-0.04133132807214842
27247	0.4171939515210296	0.004090278012921089
27249	-0.04800862579688134	-0.055582034031530426
27252	-1.0065341308682505	-0.5295548835230124
27253	0.76701051441984	0.05082315418722291
27254	-0.2121746860306441	-0.1850874303884314
27255	-0.10861041359439184	-0.19028111166610884
27257	1.3330583065449266	0.3604213898592189
27258	-0.309321254606026	-0.24771020530844684
27285	-0.37866872611810676	-0.30140865287054475
27286	1.544845381246462	0.4435517500089986
27287	-0.401369966039096	-0.18383170673199747
27289	-0.14124418301552605	-0.014707887926495022
27291	0.9526880657222946	0.37151318882963785
27292	1.5107894231810528	0.634422305667383
27293	0.2766313698830844	0.16608474758847933
27295	0.37863126091450805	0.0007534676689708378
27296	-1.1161324411640532	-0.2919849159636719
27297	-0.7651247939608875	-0.3886136376482015
27299	1.726520964887757	1.2428041845688513
27300	1.0639943046234475	0.20643970531396208
27301	0.7422885413351981	0.5684212831654578
27303	0.12614845548840334	-0.031912338580336146
27304	-0.7178169181535787	-0.49354210198932136
27306	0.5281262332302865	-0.002701317683272475
27309	0.4788074224270716	0.01344649962053597
27314	-0.09480232444843734	-0.15261571571399346
27315	-0.005741643716012504	-0.388186803677647
27324	-0.21261599239858048	-0.12135874105111287
27329	-1.4763026849627567	-0.6152117562352387
27330	-0.31350132551550247	-0.05456595178471242
27333	-1.0657527499484025	-0.3606370280230141
27334	0.6221170043481243	0.3352597061028743
27335	0.04778356158052882	-0.07816018123311819
27336	0.575830400768266	0.11074022272375394
27339	1.2643298088080632	0.43367972138297217
27340	-0.30785959644287436	-0.034083538363137336
27341	0.32176204746675424	-0.011882158805003595
27343	-0.42795896781621123	-0.1891208749609135
27344	-1.7982705378863355	-0.5865204871934291
27345	-1.0379988265445004	-0.46462594556099923
27346	0.38043009487555984	-0.11915216396290138
27347	1.2997113116036743	0.8186083694589806
27348	0.941785838809035	0.2548523709414684
27349	-0.10840209901780103	-0.14208360183936142
27350	0.5879067557026847	0.4129321331550251
27351	0.9153867325786388	0.6698213093125429
27352	0.2734729665679421	0.08908901843064446
27429	-0.04074961903233376	-0.28298824657694116
27430	-0.423148480879466	-0.3016714016534345
27434	-0.8137163151473731	-0.436150250931621
27436	-0.45080358346365307	-0.1965764859931861
27445	0.7699541877639461	0.5232075559510255
28231	-0.21964420101130874	0.17401674690765526
28232	1.790188515944644	0.43970193417500913
28316	-0.5645389943787585	-0.09924209215937585
28511	1.6790434127889844	0.42838982295002426
28513	-0.5335002746581329	-0.16915187305007937
28951	-0.5539766976071079	-0.4510702717952525
28952	1.005691885918586	0.18458799176896284
28954	-0.027980256005511822	-0.2722837849960872
28955	-0.919845182571997	-0.35254328340726504
28956	0.7052233671986273	0.10672658941388519
28957	0.3058764015658656	-0.19946435736866425
28958	-0.15286274574147557	-0.13353937202486088
28959	-0.1670883253452212	0.07114256875353119
28960	0.3163486314592538	0.1586899158660258
28962	1.1695437554889547	0.35504618247450087
28964	0.443496949888986	0.3869747505856823
28966	0.5117673522437095	0.2469517850099056
28968	-1.1858257686794915	-0.5278022221943033
28969	2.055463689267732	0.7915587516644256
28971	0.06583957006090707	-0.10644294754003686
28972	-0.06104808723330159	-0.17421021475160903
28974	0.2959580074413164	-0.09638736638503313
28977	0.11630593790162991	0.15957190040734442
28978	-0.06953088246454298	-0.3216849399614985
28981	0.023336423430068115	-0.331379460886419
28984	-0.13089212362583852	-0.039027958349057035
28985	1.6873564015774634	0.49820558376130736
28986	-0.9722811680998917	-0.7118075468807188
28990	0.6100660947803567	0.018703514880409104
28992	-2.236522211551157	-0.6464951818358946
28996	-0.3944872124478181	-0.03343247993465738
28998	-0.2682461858748203	-0.1953315162078811
28999	-1.5823578209036422	-0.3556795259675418
29015	1.3966783821672373	0.6108929677513951
29018	-0.4787313891129751	-0.12490154199711118
29028	0.9974101416895899	0.684327589480829
29062	-0.3369650745741143	0.024035275973814545
29063	0.06655731780793245	0.1484978296484214
29065	-0.21463359805883325	-0.16218141233906086
29066	1.376018922970445	0.2524113275090387
29071	1.577273724312394	0.47011602026804766
29072	0.08157845258634286	-0.10722558156304211
29074	1.3781233263126587	0.3477262993364813
29078	-0.02724941608177421	0.19679247877686157
29079	-0.13541598160696783	-0.060508421306429486
29080	-0.2928350860089488	-0.22216470375456934
29081	0.3888689996333411	0.26247619602995304
29083	1.5563963685655704	0.391246313461609
29086	1.0970586959958133	0.25291518102438726
29087	-0.056610709532645576	-0.3412452891444814
29088	0.6311360816781701	0.3961038751251569
29091	-0.6616986494470506	-0.5376141046598074
29092	-0.6597603150110226	-0.26563872739830574
29093	0.9053562820193726	0.21388315165920024
29094	-0.7560606584937943	-0.3252704091033005
29095	2.2761777996346026	0.6236876041382211
29097	1.1847777998782294	0.3000268646376256
29099	0.7510790155025205	0.005995242084102265
29100	0.9186662427123893	0.056234067739327306
29102	1.310307662513673	0.4582911187012241
29103	0.28750576094888963	-0.14881393719047586
29104	1.4655337585222727	0.18174358634366516
29105	0.40074240042219306	-0.047046195882123276
29107	0.8839540732957452	0.3670023498411715
29108	2.6371333375845563	0.7736919509374729
29109	1.0167572655728823	0.26096229632376783
29110	0.531076501430523	0.1611343701422988
29114	0.16729471492069908	0.05512198607481092
29115	1.5088399911237365	0.5222854460243298
29118	-1.8291413970953223	-0.9725337172184954
29119	-0.9600471784495768	-0.31470100279624336
29121	1.2489336870089285	0.4778766852132663
29123	-0.0605895792989824	0.010056232851662156
29127	0.469831991375993	0.2984063982823723
29760	1.2058030205556043	0.3577268063477733
29761	-0.15109719454614337	0.20882868960762935
29763	-0.08984457742639437	0.03432107840885046
29766	0.5211302355370637	0.3287367941898694
29767	0.3102380603096161	0.6566277716674856
29775	0.5977939994097812	0.10860971622812504
29777	0.4149300687236035	-0.012059268213544735
29780	1.2953225369826986	0.37278086673870076
29781	-0.11634378700042984	-0.14481116843952996
29789	-0.01350212380333457	-0.06563127575388292
29796	-0.949990459068734	-0.41650949474540344
29799	0.261179085822529	-0.15875851704413657
29802	-0.33811765308582176	-0.04236633297958389
29803	0.07551045742849802	-0.08820690512199265
29842	-1.2342582886231301	-0.24061110871634986
29844	1.3719495350113597	0.4658435512201567
29851	0.9698347865710214	0.6187613012690298
29855	1.0021150698835541	0.04738123930760893
29880	1.2428303054351524	0.3631505350670825
29881	-0.9653862852769959	-0.23495192416446553
29882	-0.09528897833771749	-0.1043209960836128
29883	0.5082705376823017	0.1136328979980207
29887	1.234140926170869	0.8227676290068912
29888	-0.12116186423857495	-0.09217086132185973
29889	1.6983879006837008	0.6064101381814635
29890	-0.22743468502381942	0.13605825124099763
29893	1.2640467973113947	0.47653642080365816
29895	-0.5903043654009964	-0.1567005134572441
29896	1.7353778331553604	0.6331897145790399
29899	1.5561655343772216	0.4688582463489819
29901	2.089750376370686	0.6020180329112284
29902	0.8290084737093094	0.24853006722891052
29903	-0.870355710249421	-0.2771121224757025
29906	-0.5549116002109848	-0.020458043615935034
29911	-0.4897411234530299	-0.37435387828649647
29914	0.3301338161001419	0.2709334099263084
29915	0.40732541380313975	0.11232198812214744
29916	1.6315138972969194	0.36582409208455885
29919	0.19833498609105227	0.23064599863923524
29922	0.26225626839622335	0.018456706950723448
29923	0.7519702685429343	0.5622979494609394
29924	-0.5352134734637023	-0.21200603860868944
29926	1.2259069231024033	0.5583676972036249
29927	1.4618862533896553	0.6669890216788887
29928	0.26701158337314923	0.0836909569526049
29929	1.4516140142437086	0.5091749435963545
29930	-0.6473437760838652	-0.2368466873641472
29931	-0.7195291172243969	-0.12336550537546943
29933	0.5833548292153928	0.3417242243958223
29937	-0.5495837834482261	-0.4266320316332415
29942	-0.1965513297968975	-0.04067490998284025
29944	-1.4005889025368776	-0.5475288417965896
29946	-0.5220668416136183	-0.14435400756000097
29948	-0.0788017694955452	0.02120711605033715
29951	-0.4031349450684033	-0.313061630098127
29953	-1.3749346619781027	-0.5548328233741282
29954	0.19545604591026694	0.024038259678269933
29956	-0.30980845380270855	-0.06305269843598486
29957	0.9568950895026598	0.6312477688012246
29959	0.7928786401851139	0.35046903750331065
29960	0.5164659996593473	0.16027776218589349
29965	-0.09851949651841936	-0.2022091530672177
29966	-0.1915482157128711	-0.014243143639338839
29967	0.1484436095816164	-0.01843746659790332
29968	-1.562779574815129	-0.46928209834784074
29969	0.541403266992704	0.27546836562177535
29974	-1.8115677560176158	-0.6404831176536825
29978	1.2539940295222665	0.42955128463293957
29980	1.3013436435744172	0.6877748522544986
29982	1.7529424317868927	0.6122079796236997
29984	0.6015925931776724	0.18268055146070955
29988	0.4043912319183	0.004125651428165188
29992	1.7607349009946236	0.9066794113660781
29994	0.47708172107709496	0.07666889571271922
29995	1.2245068772379928	0.6005020795876863
29998	0.06905766604474042	0.2668359134292012
30000	-1.4773214311066711	-0.5958783501145912
30001	1.3555559065779648	0.916982026013336
30008	0.31277249706685284	0.02112662978838213
30009	0.7525313021422839	0.26445447074265827
30811	0.2594990741301443	0.16079174646695243
30817	1.7857308447700553	1.1041952920216416
30819	-0.4682687637969538	-0.17035265845388253
30820	-0.11146908992174613	-0.018492943256418287
30827	0.6804048769306092	0.11860620503788072
30833	-0.5960866343246298	-0.2611346980244528
30835	0.2837296754920646	0.18494623113678807
30836	0.78699172221338	0.2515729200362505
30837	-0.6325388960316839	-0.4052183770720985
30844	0.5218251420607036	0.2603791548859161
30845	0.15458937915402424	-0.11993876203909279
30846	0.42388303500578867	0.28249275423413267
30849	-0.3328391681341368	-0.43232277750648496
30850	2.0574162892949053	0.6641207020448706
30968	-0.013826917970538755	-0.13080275291712393
49855	-0.8330546450553875	-0.31862469746124344
49856	1.0293184661588668	0.21473084835526843
50485	1.7604481812741342	0.49499599969377295
50486	-1.1906904415993171	-0.0660392620003471
50488	-0.34996978399670997	0.0637759994720119
50489	-0.11861503437448151	0.008317368023777527
50506	-0.8015827827943547	-0.4862326723932849
50507	-1.1489449995497978	-0.1692340948071804
50509	-0.3365148989958043	-0.2101364255951564
50512	-0.4007545059560811	-0.3034669714219015
50515	1.2963897153843025	0.9757118736090705
50613	-0.616064544172461	-0.1565089961604797
50615	1.078405755734639	0.6231054290743344
50617	-0.9590131170664723	-0.2750874580674235
50618	-0.23767925988046001	-0.13164036444652377
50619	1.0828805879042351	0.5986338193302891
50626	-0.3889587096081435	-0.434802742545179
50628	0.8014362522930085	0.151582222853698
50649	-1.1279039117441454	-0.5921508307634846
50650	0.03584948080436933	-0.07669197749597265
50700	-1.0354588766984576	-0.42263751637193564
50717	-0.7557765533620111	-0.2180547995040552
50807	0.8561882485504048	0.515580030708443
50809	-1.121955474627114	-0.2528249741730876
50810	0.224746961486602	0.19047931424479322
50813	-0.5373582547396214	-0.12214799354869707
50814	0.524346928115382	0.13682283528504807
50831	0.09587424895615013	0.1252608438138573
50832	-0.8196293472885978	-0.28039959630335604
50838	-0.35192276651678495	-0.08706491511738587
50852	1.0137975406831314	0.5222861146998095
50853	-0.6180190588981762	-0.45937342265356373
50855	-0.6567597225613842	-0.06528645793693474
50856	1.714035114379151	0.8791864498244076
50861	1.3306784804966665	0.757181830790906
50862	0.1347487734942011	-0.006025949548911627
50865	0.1825182142569387	0.11610623643606753
50937	-0.5312013621892514	-0.5399840298006934
50939	-1.0890204103291454	-0.42200761502063544
50940	-0.261751611817051	0.14043915316634933
50943	-0.6401586888795341	-0.33170631586929356
50944	-0.15839707744314627	-0.10997585323973477
50999	0.011876032990947027	0.0668281371324171
51001	0.8101076156554411	0.36657973252977993
51002	0.3063003340612206	-0.10679922705375984
51003	0.11070444965420036	-0.04407470710411093
51004	-0.7804045256353617	-0.4023413449967925
51006	1.0009410342998128	0.3308847129453459
51008	0.39013425768023935	0.12131645577386438
51009	1.7922038161848821	0.542483055650625
51011	0.18729566828425606	0.0034833143062538013
51012	-0.23972181152684502	0.03185071576074029
51015	-1.3222227658595753	-0.39960095469362117
51016	0.4915316294891579	-0.06426805601678721
51018	0.7561314550211164	0.40747620575341503
51019	0.009038845402170453	-0.16169693830607745
51020	-1.1411711630430843	-0.4288465752916327
51022	2.194059396033859	0.697011669379062
51023	-0.2324253130127772	-0.33636266533905046
51024	-0.21606023045741732	-0.30697487501213644
51026	1.473319522756603	0.7196898837878576
51027	-0.7639683959948183	-0.5874238650420747
51029	1.0225416221672003	0.25949994278247207
51031	-0.6700615595309927	-0.569208515375553
51035	-0.04659017145915145	-0.3461174846176331
51042	0.49974977029476464	0.281145961014491
51043	-1.1412257056558757	-0.26065149663434417
51050	0.583036198927204	0.5046601868106705
51053	0.3686089576817403	0.4032405978815794
51054	1.7255497648842026	0.461880561193847
51056	1.2249037749632143	0.5350643544709721
51063	2.3229188272861983	0.6419381519306768
51065	0.12762022949511787	-0.14740966498686042
51066	-0.7920073610794176	-0.7260210230816436
51067	2.232826794279757	0.5093510796975087
51068	0.7017206539882186	0.23658806157308349
51069	-1.4197029145201714	-0.3695045438165584
51070	1.0988877893153801	0.1998582841490132
51071	-0.10729538143656381	-0.0876183307972148
51073	0.009446794905640044	0.13870605949597442
51075	0.3333971690949779	0.009071616428545454
51076	-0.6962566625601403	-0.30047390816481695
51077	0.8047728335853883	0.3020408652855864
51078	-0.5834703662678525	-0.22298974134390565
51081	0.06761573595311238	-0.07310155135297146
51082	0.4443354324242461	0.14849889917183218
51084	-1.9051388052926472	-0.6273839398929064
51085	-1.4736730499785669	-0.6209787191609535
51087	-0.7107121380606055	-0.1777379731685041
51090	-0.9584161830662539	-0.5119756426953084
51092	1.1598014349022907	0.16321387001536009
51093	-1.2314913515092765	-0.5703797016874841
51094	-1.8578237597126395	-0.5482717176839289
51096	0.670876169108294	0.3543359110450117
51097	-0.25176648592639433	-0.09413530069914039
51098	0.8347546456520223	0.10933035031984345
51099	1.4153256469234576	0.5690031437923727
51100	1.4678679795183267	0.7538204982013645
51101	-0.13869531024481174	0.13556738360774456
51102	-0.4167896164336087	-0.35134523452097793
51103	0.21974887405891094	-0.1404268143279405
51104	-0.7372439538131531	-0.15557750639004664
51105	0.8777584789641442	0.4433320563959484
51106	0.08871715263426604	-0.0711712697890056
51107	0.0196048225431871	-0.06905965182056052
51108	-0.4781456686631902	-0.5024489321075852
51109	-0.3744414607007999	-0.4184911434459511
51110	0.06606796759954481	0.004920734203579247
51111	1.3638630661449067	0.1299755258684925
51112	-0.13257512598184068	-0.1443398026364997
51115	-0.19658789233065802	-0.050424109195405346
51116	-0.5977683535225867	-0.2830271076417521
51117	-0.6301696810864206	-0.28145709748142556
51118	1.4641127997173562	0.44590811216648246
51125	-0.3149097829630848	-0.49492706186129215
51127	-0.19694476505761596	-0.020089480942966642
51128	-0.026696553162183945	-0.2978252493915733
51129	0.3469888752991173	0.6043790886119926
51131	1.5492531735316164	0.452151835989841
51133	-0.807620911304448	-0.038938099878682936
51134	1.3811998045328089	0.5205119365018567
51135	0.7425775235727716	0.45214399530935084
51136	1.2050861017778827	0.6306203364769675
51138	0.1854862228885263	-0.10206689494553942
51141	0.09437604734712378	-0.27328283137989107
51142	-0.4517760750033979	-0.1565446262055128
51143	0.6805937525423544	0.3330355397756729
51144	0.12774115486570364	-0.29733870264925455
51146	-0.5006559456998215	-0.0698534999771758
51147	0.18073185198040048	-0.3860981639878144
51149	-0.40795393922787054	-0.4492089354078879
51150	0.341940949521495	-0.03203055123131647
51151	-0.9089817287569717	-0.4848812932839399
51154	0.9909151786726225	0.5336251713587095
51155	2.9863270547781493	0.9626279903805973
51157	0.19847482515435916	0.4072410848140531
51160	0.6951961455752557	0.10279817364540171
51161	-1.1983337495672934	-0.6051704517064247
51162	0.3217091611486954	-0.041827285338928995
51163	1.2028729858044043	0.5186314442106229
51164	0.26075713880248275	0.15453729353950313
51167	1.7551960702385487	0.8731619193838727
51168	-0.3663156463813329	-0.04313449376440516
51170	-0.22860424167996446	-0.20421671388102253
51171	-1.932264127174199	-0.589961838763413
51172	0.8381555157698121	0.21907276850846102
51174	0.5552558494946838	-0.09178347301806374
51176	0.407856877006356	0.2428242037763248
51177	1.6599373868823124	0.5681766982013254
51179	-2.212753982216338	-0.7209649477969989
51181	-1.5388288546287938	-0.50749931757606
51182	1.4662436185368433	0.46838544800939885
51184	-0.21656819833015467	-0.08136341226294148
51185	-0.585925667289665	-0.5297487796773247
51186	0.28730366779607996	0.0710134966196788
51187	0.02371635375250622	-0.11808416432331278
51188	1.5493105666249494	0.34789336235426893
51191	0.31519474269826364	-0.16293274921549347
51192	2.318651238522544	0.6903437069614623
51193	-0.28771663291076066	-0.08938391520825605
51195	0.09433473785191018	0.02966406825235697
51196	-1.2087761494224183	-0.17648780086415516
51200	0.8079023199274615	0.33817945670558647
51203	1.2911698731524042	0.5914404875003377
51204	-0.6617919550351044	-0.3203780447162723
51206	-0.07422492565652775	0.06373425445093338
51207	-0.48512312704199934	-0.30123351517818264
51208	-0.4236299219615103	-0.10259750787061891
51218	-0.8641475427909571	-0.4221354245057133
51222	-0.8082351219863609	-0.24378744282667658
51224	-0.689532443006256	-0.2800249785467244
51226	-0.8203485609453364	-0.3424958317249347
51227	-0.9259801049240478	-0.765730180023876
51228	0.12029968817070413	0.0009341603191252643
51230	0.661565678257241	0.27190529254842355
51231	1.7371021592707114	0.626610395307668
51233	-0.6775084677680888	-0.26922728449285593
51237	0.6217032863221829	0.37327349036401186
51257	0.5567159654982916	0.3011016614544309
51265	-0.6188236503688697	-0.46662473897655715
51267	-0.8020882983022707	-0.21125509022190217
51268	-1.8074944140254035	-0.6818720048003591
51271	0.7021004861247445	0.596934465982564
51272	-0.007352262207421245	-0.1302832764867773
51274	1.0727548975305985	0.428723084018636
51275	0.514773998353353	-0.028206339813401392
51276	0.5009356371487546	-0.14641500309964295
51278	1.1960183673191929	0.4013143489810128
51279	1.621299496219185	0.6680370123457252
51280	0.21216294454171258	0.004452531809043748
51281	-0.04757204324133371	-0.04081113774442282
51282	0.18294380697789814	-0.078859211954603
51283	0.31712455511506854	-0.056560388271053336
51284	1.7786555951291803	0.6428225290275098
51285	0.8053322316686745	0.17339847341869138
51286	-0.7843703517145013	-0.22937221323050516
51287	-0.11072635287614077	-0.11167749508099734
51290	1.5692175603812486	0.30721957365368946
51291	1.0927468948742658	0.47605909633063476
51292	-0.47826802603670837	-0.3765135784626144
51293	-0.4083746565341857	-0.3182824183682751
51294	1.1277997656873868	0.15768478957781518
51295	-0.7717038854031345	-0.28394868660085276
51296	1.712212455359433	0.6197526435944992
51299	-0.36465085740437697	-0.5373752393080471
51301	-0.5880622933042965	-0.1920970253160755
51302	-1.4282323943247295	-0.38721638981497364
51303	1.693693883960956	0.6974101260538337
51304	0.2931561182335797	-0.13399481821396658
51306	1.1067413592891624	0.1465253812883769
51307	1.5656430235714005	0.5763180065808555
51308	-0.3610782574321152	-0.19738672813697525
51309	0.40201787727147786	0.09038131036524566
51310	-0.3057278860563026	-0.12638919886477837
51311	1.7038413717234884	1.2085144249365387
51312	0.6998198938028711	0.22237008743844422
51313	0.7983911591959196	0.5359656526877052
51315	-1.0962754634965879	-0.43560490929280304
51316	1.757377785561478	0.4325743025091079
51317	0.9025382770483252	0.3224189311755221
51319	0.4069371390360612	0.17355271076017167
51320	0.3465402987672487	0.2517638376859156
51321	-0.983754561941435	-0.5174404859382427
51322	-0.12937433546180843	-0.24077026103097565
51324	-0.6242334987468243	-0.1985003110148963
51327	-0.5459977684926378	-0.19908450773470793
51329	-0.5895439900294672	-0.23767582119140218
51330	1.395042170164872	0.7307936887394497
51332	-0.6304713138906671	-0.2939118990938396
51333	-0.7262494397151387	-0.18153710229030787
51335	0.027491457228091792	-0.010377132347169658
51337	-0.9534017978548515	-0.5429169191927841
51338	1.8434057347727726	0.8142523151981177
51339	0.9351200127275148	0.2964807810293554
51340	1.366582595097357	0.17243791644347656
51341	0.038589616055442325	0.09842979124937194
51343	0.06410275489155415	0.02701536762290796
51347	0.9733882182111325	0.24870216483204144
51352	-0.501537164463706	-0.20208049602839412
51360	-0.4334164829591602	-0.19060598221471686
51361	-0.1024140348544087	0.02153785840785727
51362	0.7249710857051725	0.21852492226596187
51363	1.5000499558222347	0.5386144251988843
51364	-0.012009730318193641	0.06467078232926328
51365	0.5657176837225744	0.03404850447492229
51366	-0.12743804912533796	0.024091238471452926
51367	0.7770170288558924	-0.014253338571964678
51368	-0.9492444798759593	-0.616759037523336
51371	0.9341347984661801	0.5057812131908651
51373	1.374441458038045	0.41464849046309826
51374	-0.3535579440712715	-0.35788986040923526
51375	0.4968223679353903	-0.05422252098453643
51377	0.0854215705525547	0.03033084038677536
51378	-0.6377537082718989	-0.17987072123057712
51379	1.851223889977655	0.6921818764350662
51380	-0.9609982893916142	-0.49943441767845614
51382	0.05631168889019858	-0.010051866280393248
51384	-0.22241468880008028	-0.06746163972112963
51385	-0.3762579983265535	-0.36008951632317443
51386	0.15652743572264233	-0.056345709202557506
51388	1.3334584237303926	0.6479832550221614
51389	0.31452628573997854	-0.014326197684718898
51393	1.1991198222941044	0.48317508861109953
51397	-0.22120530393174673	-0.18905458711379428
51398	0.03135963570231229	-0.3491867266761742
51400	0.4911061854489476	0.501596398350321
51406	0.7846978630330235	0.1177952968608689
51409	-0.7246352180533355	-0.4257071769051018
51411	1.3322599237513169	0.7554836679155918
51421	-0.3176567825435851	-0.0483285417454717
51422	-1.08133908271999	-0.3071425170748866
51427	0.46181500459714525	0.34423100222847713
51428	1.4950326218380714	0.29695607361577275
51430	0.2855264377955503	0.3340772217581261
51433	-0.27504551767611446	-0.17941275683695848
51435	0.8402108074038368	-0.05264438475989194
51439	-0.2050409592192278	-0.34393320000379046
51440	-0.3513886157620285	-0.10083281561642601
51442	-0.3902495163489785	-0.18436111193123136
51444	0.5368883077580178	0.3741806412074796
51447	-0.19153821841878166	-0.057797975246885146
51449	-1.548656225269531	-0.7266129556847329
51451	1.2594608401067449	0.26417536088062293
51454	-0.5074688433661987	-0.043894691981437556
51455	-0.8736939477931784	-0.37905630284141345
51458	-1.6395313929768762	-0.3689284699163093
51460	-0.7077494440517236	-0.5649923923587428
51465	1.4884920113895648	0.7001010664097733
51466	0.5627518117180704	0.32433077161182006
51471	-0.8062673493709509	-0.6047241758642408
51474	0.638488447721904	0.050085640276766485
51477	0.4042630449002077	-0.0041976712622877645
51479	0.7787094691982881	0.4419481345994884
51490	1.1128345267179536	0.2503351054970697
51491	0.5797760958346428	0.3748806762101203
51493	0.5253493000366769	0.07051877098780629
51495	-0.08473005295867429	-0.23985731153955978
51497	-0.4311018685142568	-0.43475461459340814
51499	2.3677612787864057	0.6973431070158573
51501	1.0396846328102116	0.34716231505456313
51504	0.4261357426758842	-0.07639284025808477
51506	1.0753279912884954	0.24013494426622234
51507	0.5027057192002137	0.10675170222581422
51510	-0.40409718908775133	-0.29844086427713684
51512	0.7719426365938243	0.2957748080836149
51513	-0.17198112038662583	-0.021890294000038862
51514	1.5228060859671957	0.7397947503414737
51517	0.1838895152154182	0.2996085237655141
51520	0.22588773008007462	0.15326853109071834
51526	0.3586685152500637	-0.11175891691384204
51531	1.2544083020682435	0.4229403183999423
51533	-0.8647534484709161	-0.3504129250178754
51542	0.8653863879809034	0.1669487535102144
51547	0.6876610522152606	0.22116638586402082
51548	0.2923521592984534	0.16447004623344072
51550	1.590886643842647	0.4268257297288498
51552	-0.116038999616771	-0.1318320037164855
51555	-0.5600506956308614	-0.32582151750934785
51557	-1.0994703460294768	-0.6323858892653254
51559	0.18604712655695496	0.18923062168868027
51560	0.8200869007188125	0.3117705880604108
51562	-1.2136663014713873	-0.39370748559171853
51564	0.6160984326668799	0.23647528950705443
51566	0.46145137342744164	0.1388567947657562
51567	-0.3243036527940457	-0.2515512150415097
51569	0.5771883914277273	0.15386505284479488
51571	1.4991400970805093	0.691881153722844
51573	0.1286392886565827	-0.05277024235015422
51574	1.0428126373841564	0.1935940921507096
51575	0.42921988814958545	-0.028450510138678553
51582	0.8670342733516355	0.3706109799818482
51585	-0.2641703708341099	-0.045906025354724156
51586	0.6120106008517004	0.2780351456017127
51588	-0.22399344411411637	-0.21278717797253813
51592	-0.7019645851681672	-0.3992923873623327
51593	1.2415442755753574	0.5588001959420079
51594	0.030820543528079072	-0.2929180991312908
51599	0.876906642752492	0.4432463047836234
51601	0.3881685065711802	-0.3664476355945925
51603	1.300315766461059	0.23278657431208763
51604	0.740080780000415	0.20577910175011696
51606	-0.27890687350136195	-0.13950308768110178
51611	0.7515418335841597	-0.0449261280103774
51614	1.1938687746364778	0.18870317797352756
51616	-0.312263858378582	-0.26990126573147727
51619	-0.9434848294746889	-0.5500847006537466
51621	-0.6971919256222509	-0.21293500909220134
51626	-0.34901063379301434	-0.2611764777902911
51634	0.8254301436999579	0.18747762989509337
51635	0.7602981773119282	0.11214499142720981
51637	1.4571861924761516	0.45559117671183624
51642	-0.212062575703864	-0.23971310630778436
51643	0.23035867154699124	-0.09328049858643347
51646	0.08314931461156094	5.3042752186135966e-05
51647	-0.012753383970000476	0.019359915404048897
51650	-0.16233284484543314	-0.16884302819257083
51651	1.7680499783302137	0.660705928345547
51654	0.1294641309903624	-0.06971975428997179
51657	0.60119390722372	0.013398147819523781
51659	1.4738658872115087	0.7562533938571834
51660	-1.1498607155445597	-0.47926475734178897
51663	0.001367189327347057	-0.12711286963834845
51665	-0.30371733220957875	-0.00034904796506887714
51668	0.8802972821923943	0.4169122894026106
51669	0.21812323040708848	-0.03844088714908677
51673	-0.8919408638156071	-0.2172065117860107
51686	-0.2918517563097935	-0.21616777709510682
51690	1.316775843259431	0.3551900074997414
51691	0.5221250408170099	0.13265475004647506
51693	-0.7050323818534149	-0.4109772969996907
51696	0.9525000693373006	0.5149866188262608
51700	0.4352608058966816	0.33920284075997337
51701	-0.7067245364741921	-0.32566137799718686
51703	0.9570074270928401	0.38140447453324
51704	0.5725193167144937	0.024720814171150438
51705	-0.34742934986587104	-0.3332106916888259
51706	-0.8472101710404545	-0.6248880307021462
51714	-0.011181035825388846	-0.0424096473981002
51715	0.9958259468825954	0.13576481993788
51719	0.0570980164335928	0.07319602662507133
51720	1.1116481756736563	0.38623453158836685
51725	-0.6531026730579013	-0.26720544791374456
51727	0.527029101021311	0.3504072702437398
51728	0.2054352529593988	-0.05286146447532195
51729	-0.4895500353826854	-0.01688245754647874
51733	-2.1838412169238035	-0.6493847442110199
51734	-0.1974721273779147	-0.14527982036532647
51735	0.7614708218083021	0.045000541314557385
51741	-1.3599203116456335	-0.41636155999640895
51742	0.288896964255064	0.04416139326858638
51744	0.2264413283044519	-0.0705923808133574
51747	1.3926373087667618	0.24886572107939886
51752	0.6525097889594809	0.20514380711875296
51754	-0.804706560739362	-0.438468781564754
51755	0.5331589513291933	0.19825306391964612
51759	-0.45661956834814177	-0.2233038561519634
51760	0.014065997318022716	-0.003168452128343102
51761	0.039454877754206086	-0.06625276341788511
51762	1.3105634634867431	0.5762977513446154
51763	-0.19913618515650794	-0.18349075173696333
51765	0.9221817359113769	0.32969253862726167
51768	-1.7355816638411257	-0.8214573605021553
51773	0.024442732782061022	-0.01441200868260853
51776	-0.15015496392012467	-0.04575981666902904
51778	0.1992522475720358	-0.2240527140913905
51780	-1.578327366862194	-0.8092750558321457
51805	0.2963470671346069	0.032159419858537285
51807	-0.7090502346581985	-0.43754817076695207
51809	1.610117127833991	0.646505569021049
51816	1.4503534016888358	0.6255395830060562
53335	0.5622922805362727	-0.0372370720478456
53339	0.7927433471500688	0.42151514762127573
53340	1.1760644649342786	0.4360212998896634
53343	1.4183967976924845	0.34617113711860703
53346	1.3625355836362254	0.8273256555592053
53347	0.31729795371635755	0.24930830492336725
53353	-0.6197926394448838	-0.31729256888577695
53358	-1.113075052149532	-0.47387740934504063
53371	0.9228579779140271	0.3130443744795118
53373	-0.6652372275383064	-0.42698443820002263
53405	-1.260026971296266	-0.31300588321191114
53407	1.6322169432052753	0.22114241918480984
53615	-0.09028253160695693	-0.0395914829004653
53616	-0.44710013134429083	-0.19222492850754386
53630	-0.7341307075297845	-0.4667307767744284
53637	0.013667216581155162	-0.06547238629889583
53827	2.436933869085256	0.6854617276645907
53829	1.797915295427985	0.6393080652718528
53832	-0.8487052127700662	-0.3845230735712158
53838	0.7538747815432935	0.17635756431168087
53841	-2.4081873722448677	-0.7053774912799988
53904	-0.19145713376503154	-0.06427197388021093
53905	-0.29855631791153187	-0.09459462625521713
53942	-0.09981685937942883	-0.12653607296708808
53944	0.8700783048206365	0.4299547163795721
53947	-0.37003237728400873	0.30440799172787697
54014	0.3914784735387527	0.1947004287178
54020	1.5937443695656857	0.5647645118752145
54039	-0.5748146010569987	-0.29671705471219134
54069	0.5373243903559947	-0.036053951924207295
54093	0.8702268695211854	0.24874471831011685
54101	-0.29500545631497177	-0.12976672821003532
54103	0.42581103607830706	0.2191915329389068
54107	0.6273001346277112	0.032661021362564116
54112	-0.33053861231606013	-0.016310399601662695
54148	0.42346127296310687	0.10924066359687809
54149	1.1024332848229108	0.4132554453528482
54187	1.8266557315863505	0.7898590429321775
54205	-0.3389703718744552	-0.06256286081247046
54207	-1.3268813550364067	-0.5933641635834105
54209	1.4539452628785743	1.0122764176783217
54210	0.7792739710667094	0.7424444745844984
54212	-0.9179670422587247	-0.34547995984342295
54328	-0.43811830459550805	-0.07779513041305296
54332	-0.016098555597328257	-0.044352516607230996
54344	0.5740389034363241	0.1173852808427731
54345	0.580960231897135	-0.0013383074837800372
54361	0.13155542447666702	0.19213551091063136
54386	-0.37357282897591865	-0.20399940638288666
54407	-0.37400886569065744	0.2514365104338764
54413	-1.0345924426576731	-0.39069434647966444
54431	1.3452230087687596	0.5335824777253582
54432	1.9814116719720523	0.7532990048259054
54433	1.7405779393997238	0.4771643922002746
54434	0.19632052452641183	0.0335053219722079
54436	-0.14088435937804666	0.16102152460916538
54438	0.27701976623256874	0.18520581175994508
54440	1.789747471232075	0.8288493120219111
54442	0.668825903952462	0.4192907148622856
54453	1.5210262228051081	0.42127269492785147
54454	1.5480855384121073	0.4252461160227082
54455	-0.17411700560649584	-0.08257424720204531
54462	-0.11319071071410595	-0.22067351603051313
54463	-1.2660710066687624	0.0732728470190486
54465	-0.11376050994200423	-0.17481869917569914
54468	1.9842187255918298	0.7359993674233574
54471	-0.5423566560901997	-0.35236794571548674
54472	-0.6074400836563003	-0.27756171713319333
54475	0.44099564975898525	0.07496733342509072
54476	-0.43320898246169637	-0.23352864584383545
54477	-1.2705880609557794	-0.667428477266461
54482	1.0978775545577926	0.41739862991969223
54491	0.6687459919198941	0.4141271614083642
54494	-2.2791588058569348	-0.750525294805088
54496	1.5013097031475184	0.31575963458263845
54498	0.8037678737138754	0.4700300656012336
54499	0.7897796248037057	0.03526332406820337
54502	-0.06855873513101646	-0.1539109802887382
54503	0.7622572877410352	0.28708054276410744
54504	1.4092071238866735	0.3273151686453759
54505	0.25660372745913257	-0.13815460142093575
54509	1.7970220893247875	0.6435823236818919
54512	0.3460484547703613	-0.020043026798146013
54517	1.1432385233003206	0.5429919439381438
54518	1.4651424450104293	1.056399164722662
54520	1.2807183116645735	0.5010602436346674
54521	0.8905233906984102	0.4282858349902355
54529	0.8241060418257483	0.18405741444271187
54531	-0.4463111470415412	-0.19618299953069257
54535	-0.35511090823364977	-0.3869306947575672
54538	-0.13346562044487487	0.0880637511979296
54539	-0.6337566997887711	-0.20747941884681056
54540	-0.17736315344684372	-0.15623595194557716
54541	-0.3967296106986654	0.19783588998942275
54542	1.1883591345678233	0.2531020597503636
54545	0.01947016703123647	0.1925418829113601
54546	-1.5084965788396394	-0.3230317564700113
54549	-0.04676091478516891	0.1139116032820005
54550	-1.6769119147734957	-0.6176719292634958
54552	-0.18603351588080916	-0.1557733454023229
54554	-0.2797080337572074	-0.636845011778449
54555	1.3325166137813909	0.2285820619649146
54556	1.2176858755736988	0.00491556792004239
54558	-0.617024823079195	-0.2911883727086132
54566	-0.8613332279594585	-0.07480035547070799
54581	-0.8745975859575249	-0.40817282388128895
54583	0.14504508398573496	0.24206454889213191
54585	-0.054880042933102835	-0.27321201741037815
54587	-0.251888923684977	-0.1891969332395887
54606	-0.2897669950005182	-0.14840884550836395
54619	1.0645618713225078	0.5093339797237564
54622	-0.8393912820858227	-0.175168811755751
54623	0.9797170941465662	0.15466821211145335
54626	-0.5548785886329051	-0.31232986437362437
54662	-1.1821168211359299	-0.5018890643280931
54664	0.15787707374803947	-0.10318699961617642
54665	-1.0664568022492829	-0.431045488546915
54674	0.46219913137573365	0.2564906951903264
54676	0.8097215525717677	0.37154599385536347
54677	0.596970943294623	-0.20009953579328932
54680	1.055825847153382	0.09542742270874906
54681	-0.42464104677371317	-0.28015005456046926
54682	0.6515284534877802	0.110437549549216
54700	0.30971508608565423	0.09239029208356328
54704	0.5092684901120215	0.191011953408813
54707	1.5715508440014623	0.5160385433393232
54708	0.5096205677520653	0.19126623033477014
54715	-0.8208707479138586	-0.21554856683394025
54716	1.1813505099212895	0.5784621995284869
54726	0.017721246139077468	0.10329981095413764
54732	1.4549694825746973	0.4328067404864097
54733	0.8655446034830154	0.28948071581669044
54737	-0.028075543286303684	-0.21717719077017167
54739	0.8537395907536818	0.22154852570286143
54758	-0.07135532248428528	-0.08319406045248007
54762	-1.2808882579453993	-0.6481459263184646
54765	0.8699677244799262	0.18690641404308383
54769	0.292171695436187	-0.09653869554854469
54777	-0.5528102036471144	-0.23957339935956679
54778	1.185182096498925	0.3941512706513298
54780	0.20422807487266265	0.09215633367559099
54784	-0.8754691674531211	-0.44358594383933425
54785	-0.3855316534995865	-0.40224040314493537
54788	-0.032329594683623064	-0.05246621518507333
54795	0.5862470715070108	0.20841072033065122
54796	0.09126701888093372	-0.11253441317125155
54798	-0.7193652659641151	-0.20602936081778628
54800	0.7313161165066893	0.0758602177903448
54801	0.38358010282589405	-0.13416512604940714
54802	0.021883036464077632	-0.25676248468163265
54805	-1.8068783990969342	-0.6709935737897694
54806	-0.343655496601054	-0.03544683162934775
54807	0.5524109729647395	0.014646581546838372
54809	1.5347423091719663	0.6184069366985401
54810	-2.0499626239165627	-0.6860512986295065
54811	1.483348981752704	0.5510203986010018
54812	-1.225406206559551	-0.5980457084661739
54814	-0.0026083786450711854	0.0771025570736465
54815	0.7455283156830391	0.3290663767100867
54819	1.5744749096340045	0.4989825339409091
54821	0.3409962829127132	0.13172791048716562
54825	-1.307676141782172	-0.5301188400123036
54826	1.1789905706746797	0.10228019664998594
54828	-1.3200921882467693	-0.6543248806334769
54829	-0.8704613436713686	-0.6480804087777299
54830	-0.14900998936140541	-0.26898836103604495
54832	0.10250718307175966	0.24638319138662007
54834	-0.7979804916613426	-0.3418318100375296
54836	-0.6774566238665645	-0.31292942120470074
54838	0.18114536589711244	0.32672674563281723
54839	1.5134359239449853	0.4505888631507757
54840	1.1763218175217136	0.3731165864405096
54842	0.06838092538105806	0.3568944706907394
54843	0.9801689523574675	0.5015359591982185
54845	0.002219970103067126	-0.031526816200668564
54847	0.31275526368876627	-0.11888867347890938
54848	-0.5504100968485821	-0.11189437472924661
54849	1.317065110464412	0.5200297338127546
54850	0.0662530320765939	-0.03145798852721705
54851	0.9563481629571382	0.10586395617983227
54852	-1.2442966169903449	-0.5484113592561066
54853	0.6700948296636571	0.2565251124617186
54855	0.13035418645429692	0.03759991709668424
54857	-1.573817480280243	-0.4703311141911475
54858	-1.8128820484085026	-0.7771298814052585
54861	0.5689640280240733	0.10019888896919686
54862	-0.10793046445011177	-0.021818910764896823
54863	1.7221312305183	0.3865453458465954
54866	0.008617112193625487	0.1376125606760187
54867	0.7054990907651273	0.5360503696571788
54868	1.1705683319238605	0.4132094531548621
54869	-0.278406755723539	-0.12387257843333914
54870	0.30480055654868754	0.10181979508818394
54872	1.1468173964136275	0.13861762516494705
54874	0.3230454538162755	0.1416949873884362
54875	0.5019106264109688	0.16780818923748192
54876	-0.763398541290538	-0.43876325952288436
54877	0.9925484920520204	0.5340380570410815
54878	1.2038981721215198	0.35024840327886925
54879	-0.37445445581410713	-0.03716969624806728
54880	-0.3545423691529709	-0.4864630626621208
54881	1.3352220065084466	0.4460239873805827
54883	0.26292539757069594	-0.1800424636763225
54884	-0.288325551125267	-0.41365466193361855
54885	-0.5780043356626433	0.268534623398724
54886	-1.6136638422969958	-0.6905608222060817
54891	-0.5114814232427846	-0.12239190657466109
54892	0.9140781929365414	0.3625716134080112
54894	-0.8241434880549232	-0.7458009057404236
54896	0.41631333974753243	0.2541718960725317
54897	-0.2997113409001531	-0.05127883013224693
54900	0.8119167179933701	0.43048378021786626
54901	-0.367726330451725	-0.288199988995795
54902	-0.2614113867716257	-0.4455978407185293
54903	-0.7074149134608012	-0.3869980069773684
54904	0.8480816705177631	0.429147071891984
54905	-0.18732157055123794	-0.17532208746307287
54906	1.3924637628541805	0.521997142232907
54908	1.2927741773079107	0.4615333821176315
54910	0.8563757498913308	0.03197899004929091
54913	0.15242577785484143	0.0358296442105228
54914	1.3885771361640709	0.45312356343880433
54915	1.11569320956706	0.4581145552251428
54916	0.532239895374021	-0.06647518009378237
54918	1.5940442011549618	0.48904611671820053
54919	1.0275656141078793	0.23871433086813984
54920	0.5483698586280932	0.011884165751264109
54922	0.2948589850950467	-0.06610256718536058
54923	-1.407024928344844	-0.6119598474042098
54925	-0.7897291561749253	-0.35880007756212395
54927	0.13707836449890026	0.04105344258037314
54928	0.5912519509440413	0.34222189348633286
54929	-0.2553130699446631	-0.3294519237904384
54932	-0.28296607542126856	-0.1876673718396505
54934	0.6468668703850006	0.18840984376397152
54938	-0.38146409574087575	-0.10783967618816714
54939	0.47363346692890673	-0.07600664487285452
54941	0.9526183151597944	0.44616529597048726
54942	0.2895248362722568	0.06290886345328718
54943	-1.3708369491123213	-0.727768572660945
54946	0.43481202308444517	0.05960505627753053
54948	0.04266924875052741	-0.20594989528047547
54951	0.6662798466001746	0.21846192931169758
54952	1.7175715222306809	0.4876200086446366
54953	0.632587274692497	0.11371271542646978
54954	0.2975547368059924	0.2580212117861421
54955	0.07106325062198421	-0.3461381016638149
54956	-0.7010194420463576	-0.45189145686121546
54957	1.7217802307485897	0.4257950921930336
54958	-0.2923888794436419	-0.297506593496482
54960	0.27235748508462093	0.06456397467497176
54961	0.2790328712489787	0.3191933481584969
54962	1.1484682548633238	0.3887244272232509
54964	-0.34178535074259353	-0.41339281709592274
54968	0.7351200300121239	0.3402129000103158
54969	1.3882837696289483	0.5422865692359973
54970	-0.04330676160899645	-0.32957057419890856
54971	1.4801399414790408	0.3015978816054734
54972	0.9774561472731238	0.32683834995939154
54974	1.5303558695991422	0.4482008339367249
54976	1.1383783125071394	0.421142009684163
54977	0.01434437371403502	-0.3610692472725881
54978	1.0774813303715804	0.49712706124353623
54979	-0.761449460204607	-0.3637248206153134
54980	0.8531348599392634	-0.0951927879479937
54981	-0.9471398594493317	-0.5290932823606209
54982	0.1589165416150079	0.15662271278079998
54985	0.4600398108103015	0.03793351312610805
54986	-1.3781109431614533	-0.5702603779226889
54987	-0.24968765607460508	-0.5769210285873337
54988	-1.5700464588787826	-0.6204487488526516
54991	-0.2929248861544844	-0.29639114730078187
54993	0.8080662277003511	0.10704941503650228
54994	0.3992979591697311	0.029345895461544563
54995	0.46209673169142973	-0.08087620845004764
54996	-2.389825741331088	-0.7845615054749554
54997	1.4774253371366988	0.323267652423151
54998	-0.5126716596366291	-0.12352042184876105
55000	0.4600939527979766	-0.054274198664796824
55001	-0.2558080959368418	-0.12051705667375401
55002	0.1967854126292851	0.0521433165967803
55003	1.569787629820019	0.46314954864633384
55005	-0.9850143021360754	-0.6941450815350368
55006	-1.0834209750308024	-0.56083952284735
55007	-0.08110769276343957	-0.21486862515999738
55008	1.688045219072525	0.4435016938365487
55009	0.2864891295455306	-0.03181281417931581
55011	-0.4409245103742801	-0.27381758196367095
55012	1.3172854292499183	0.4160862668271183
55013	1.505271820985753	0.7763730815022787
55014	-0.07485957948217897	-0.26949059137006504
55015	0.495506503823414	0.20766792307954174
55016	1.953301517319388	1.247199506425769
55020	-1.3854380652205003	-0.5342140177100211
55022	0.22875669770420035	-0.16859795375872053
55023	0.8610899882008451	0.43639819380687117
55024	-0.40746111457085243	-0.20410782253585735
55026	-0.019957862467162333	-0.1665135274346884
55028	0.07738361400750082	-0.06202533501683355
55030	-0.273018832431166	-0.06379212104949583
55031	0.34234674476833277	0.060434441601138596
55032	1.06397905746261	0.2176273068118817
55033	1.1605504704246847	0.4356979242046367
55034	0.3381159481385303	0.2446380727229578
55035	1.939383542343464	0.655154808900974
55036	0.34868229163261527	0.24943655943677764
55037	-0.11299269780416346	-0.21949473098383582
55038	0.9652803818046034	0.4244796666128402
55039	0.7952889598229432	0.042477017791705755
55040	0.16961573037494312	-0.02295783166449417
55041	-0.7913388336753986	-0.2575602491945243
55048	1.0559013574095821	0.4550868674512532
55049	0.11671519668125818	-0.07754727828767621
55052	0.12289827505789219	0.042771417553093646
55055	1.673706145818095	0.722502789506853
55057	-0.5793003338012945	-0.25161425965442663
55061	-0.42505038860413524	-0.38236395826920694
55062	0.026823334773275753	0.09708620829646292
55063	-0.9549433686539384	-0.43969994491419356
55064	-0.16594359157203778	0.14888894152205853
55066	0.0834431623586735	0.15694240258593833
55068	0.24541715226172503	-0.247767337758652
55069	0.7068848984725726	0.2471767435616711
55070	0.39232011905172093	-0.27823506587726776
55071	0.4513790516262792	0.18303234662598636
55074	0.1768023525456415	0.06005804316504183
55076	1.1232555656519008	0.3061289298627793
55080	1.1338422844566205	0.3945389187427757
55081	-0.7988489631236357	-0.324336165987038
55082	0.46781696997928385	0.022458682584934136
55083	0.1550083614670985	0.1704157742531246
55084	-0.40642581114989174	-0.05638134256522754
55086	-0.4473099805971421	-0.0658581467694618
55089	-0.646876023367688	-0.14161951091774788
55090	0.07423437352031498	0.121275666100116
55092	1.2753435499350885	0.44786578521010745
55093	0.6414201286875965	0.49119477406350237
55094	1.006828283297387	0.10750918626339458
55095	-1.0202787369429982	-0.37744999748687236
55096	-0.27991163044643796	-0.15995609126250082
55100	-0.07013152731110595	-0.21851958189290122
55101	-0.017503419689286648	-0.08644164803077335
55102	0.6517454161912037	0.13382392006141425
55105	0.742960597691433	0.028611618065154817
55106	1.3960755811247059	0.3318090806688919
55107	0.14899897588609828	-0.32075947469587385
55108	-0.2707908718964622	-0.1555043149219903
55109	1.21187500434839	0.04967883410843301
55110	0.2533722501211687	-0.04967933429015862
55112	-0.07821299699307986	-0.07170132626560409
55114	1.0300496353606872	0.35823668151124033
55116	1.0074539851854354	-0.0157739332168206
55118	0.7948419625672448	0.2544630711271135
55119	2.129338429528929	0.7719001102977197
55120	1.0304820585121595	0.2493710782177003
55124	-1.1952408616237258	-0.5477309547389722
55125	0.7626635373271518	0.40680730200929793
55127	1.9879917864875627	0.5819099005234801
55128	1.017740706844576	0.30644846261172654
55129	0.5988712343931919	0.07685043821673854
55131	2.3108150966024397	0.6888041571331494
55133	0.9531037593848254	0.15137438401316536
55135	0.5471355241706313	0.31908315390800723
55138	-0.3434940957906994	-0.2659525349586026
55139	0.3135770970898981	0.007233710479112115
55140	0.9407985037597375	0.2084211427878937
55142	1.5191856212898909	0.6069065480810741
55143	0.7022634821459665	0.5288042510977348
55144	-0.49575981417767206	-0.4216888307625503
55145	1.6000803988686103	0.5167915625982038
55146	-0.8347455831334797	-0.48565977165475305
55147	-0.050298774496671236	-0.2718224519481529
55148	0.4391774121909265	0.13455562125737686
55151	-1.027747551982408	-0.3151951084952658
55152	0.2902759482453092	-0.007587915428095886
55153	0.4811379489233673	0.1156689337117123
55156	0.3343880318277055	0.06058813645748761
55157	-0.7088553091267502	-0.2414600924155089
55159	0.11729932363940003	-0.025127325876426937
55160	0.25983694363676935	-0.23839311898776486
55161	0.5581753047062086	-0.019531543793982115
55163	-0.9869443100203303	-0.36288022102705375
55164	1.69288544330319	0.5467102580782889
55167	0.0033823375044750906	-0.11363289693926296
55168	-0.11684156707107107	-0.12924586534182994
55171	0.45974670940924056	0.10874690741211437
55172	-0.4745027962256576	-0.17002200098126108
55175	-0.41978375870981677	-0.13303480110582647
55176	0.3663520985687426	0.3460138003353659
55177	-0.1829998288664737	-0.24769440530667466
55178	0.3850196650406484	0.048106620181054216
55179	0.8421736532215376	0.34914570044604787
55180	1.091721737645632	0.33367261768841505
55181	1.1609843597432457	0.18311429653339925
55182	-0.2620023109978361	0.14119467567017382
55183	0.8754572031542678	0.45567492839915635
55184	-0.5245441985700813	-0.3045584885536674
55186	-1.8825884577511376	-0.7881275029349982
55187	-0.600242400976192	-0.12365891342873131
55188	0.4661283951858975	0.16458863473172444
55191	1.1395218958149926	0.3984748683938045
55192	1.0003432079451748	0.1380848601693421
55193	0.9784898063202421	0.49994306117975984
55194	1.0757510788237021	0.22908407675613926
55195	-0.21013768273952113	-0.0842107287273803
55196	1.4176935948060305	0.4823968424112594
55197	-0.23864135105825354	-0.02560255193603501
55198	-0.0052908536152079175	-0.01591063784569069
55200	-0.9752509896516502	-0.20569299039876637
55201	1.3318263212793209	0.663655307160583
55203	-0.4216587710196009	-0.4179301075325422
55204	0.5534942464733633	-0.03855816979561734
55206	0.5915613371972592	0.17528504805760728
55207	0.5419720280827092	0.22765950822042977
55208	-0.7934865569901179	-0.3865500212713595
55209	-0.09101652475904283	-0.05583101769853052
55212	0.6543733701462543	0.19525349918804108
55213	0.5081673012159352	-0.08785943656883201
55214	-0.20625813795363798	-0.03364623093186532
55215	1.1446495113555937	0.6378184147009307
55216	0.20783893312144375	0.07692206057583914
55218	0.12663899850803395	-0.05666294379311107
55219	0.24330315178397627	-0.1178432163506801
55220	-0.36802697553176	-0.03639034321123977
55222	0.002364497822598094	0.11874131516250439
55223	-0.5249666166681317	-0.3354491313045815
55224	-1.8980522492997438	-0.2699036182996833
55226	2.1928839174068147	0.5766372914962603
55227	-0.5275618701350901	-0.0009475520327496684
55228	0.3383511166182928	-0.04204468991356353
55229	0.3080680446677705	-0.024404533669803684
55231	-0.8291681859210984	-0.40295555097245594
55233	1.1226125751597267	0.459729015880059
55234	0.3112139223988287	0.11932233116372915
55236	1.396759210913609	0.6410789460531345
55238	1.3794737138353117	0.7092691833933933
55239	1.3649413441851383	0.5403735966502097
55240	0.6008297749171866	0.4095827477500711
55243	-0.7138493520902252	-0.261052678301428
55244	-1.2358220095971384	-0.6060928112815638
55245	-0.10450861384039946	-0.2952620255126818
55246	-1.0210543989589016	-0.5280197631696397
55249	0.8576352841091697	0.28641519603479826
55251	-0.47596243588485004	-0.047100436088265474
55252	0.12974842440338924	-0.09032610849740086
55253	0.1919984402490834	-0.004463786345117085
55254	1.035442603624516	0.2181615498945607
55255	1.1462597616453212	0.33106000577513917
55256	-1.327381900773514	-0.4189073149034684
55257	0.23567302157345196	0.13032055842033746
55258	-0.5312265087207418	-0.26488754642437473
55259	-0.7438974042146915	-0.4295680666217842
55267	-0.7253560156722818	-0.1593082718454895
55268	-1.4153689226479753	-0.6141796831013746
55269	0.6755938699249415	0.1040602937830338
55270	0.5361744473571437	0.10547338033709439
55272	0.3262443829810795	-0.24627959850559092
55274	-0.19680605073120824	0.00627179777361675
55275	0.28037697485824536	0.2493872257305546
55277	-0.8973924559246766	-0.3583606508425621
55278	0.1347384939129888	-0.053345702483918664
55279	0.05150584173715957	0.12983163965254005
55280	-0.6457391882986009	-0.3833014538873496
55281	1.911323507712531	0.29738742132793466
55282	-0.5859464273992615	-0.28622522004474005
55283	-0.6016220100396104	-0.20179661032992058
55284	0.12980203325021625	-0.056819558966170025
55285	-0.2925766043442822	-0.2727674499055213
55286	0.07178451469071351	0.20474891318039196
55288	-0.09773533669551188	-0.1364497443539626
55290	-0.053514847372784585	-0.35168228657446826
55291	0.4433757649126064	0.19274642966750796
55293	0.5025835490662948	0.20061601699270654
55294	0.3113467633587674	0.2729202173857725
55295	-0.8636150436589269	-0.31477224124046077
55296	0.15406105273964343	-0.07649155307499202
55297	-0.32313359712037504	0.21805726201370057
55298	0.7614267528040806	0.19058037572402536
55299	0.3232493564176869	0.19021300119699824
55303	1.4275390553692298	0.4441836189471939
55308	1.1398267215806357	0.30936248056475935
55311	-0.15734980071038313	-0.1172151122955627
55312	0.8162513310918244	0.32421012324984005
55313	0.2047299606879155	0.0668829547685185
55314	0.5092867885488906	0.33826825989014636
55315	1.5132773197411087	0.5599806894467471
55316	-0.7793699317492561	-0.4947050319107992
55317	1.0216434665465906	0.4574775622600475
55319	0.04542061277713336	-0.1746907495416553
55320	0.9695445057081682	0.3923188150377735
55321	-0.39585116446172613	-0.2208751962034796
55322	-0.35096902543250064	-0.12474699507453355
55323	0.29451797809140445	0.23609569264885166
55324	-0.6568177533902614	-0.2713663746691549
55325	-0.20448336942938442	-0.18329622434852683
55326	0.14903767647171842	0.08499734826069684
55327	-0.3330376408143648	-0.331522424202649
55328	-1.0621655262747098	-0.4473738224379675
55329	1.1464591827452406	0.18454109466559593
55332	2.1010781854189795	0.5559256157106575
55334	-0.46003070135207624	-0.3192220823365225
55335	-0.5369787911328519	-0.26157943396073935
55336	-0.0673038374065767	-0.07696066240843681
55337	0.9519178877897372	0.4074924010005686
55341	0.6672851399774654	0.24332147373894508
55343	1.396184314008706	0.7361271387322093
55346	1.2033119373913936	0.7254973966154593
55347	-1.6661652532384643	-0.7161803176271043
55350	-0.8929596629824954	-0.2712563985368239
55351	-1.1245400327682218	-0.45455662509904954
55353	1.0583754706948585	0.23220588502661876
55355	0.5637401636985372	0.5184315046264489
55357	1.0012912901424993	0.5490370812799839
55361	1.0932728870232318	0.6357741409644622
55364	-0.7055276231715898	-0.460415668174066
55365	-0.4394537601037961	0.021165884080063604
55366	-0.6601832588578832	-0.32601167392393393
55367	-0.3162627582182645	-0.2595804804537498
55374	0.5128460242868068	0.03666996434588679
55379	2.0562515526282277	0.9249231413616623
55384	0.158852282116987	0.06713961212441134
55421	0.0805000814286457	0.19009481573624915
55422	-1.6946840009661293	-0.5324609419511979
55423	0.9305954841907662	0.4767937226652166
55432	-1.2910949125929843	-0.5903694614088132
55435	-1.1494239269167768	-0.5015281123420379
55450	-2.196471613228685	-0.7644061231918299
55454	-0.5499963461135546	-0.08840158173481816
55471	0.8508570452219022	0.18733674528071964
55472	-0.5020999487110046	-0.20929604677626784
55486	-0.22699157172194745	0.1509618850352038
55500	0.27908924503014704	0.1647763979189434
55501	0.6895544396252234	0.4582486451161749
55503	-0.8897197820444199	-0.3509467901955592
55505	1.8319675349528413	0.6536147760602087
55506	1.095004125621164	0.18664634131462796
55508	-0.04256678197177177	-0.19147822557582264
55509	0.9299457722656418	0.14818466866785246
55510	0.3080220952508328	0.04592591284342398
55512	-0.3287036587591625	-0.09075302929198864
55520	-0.11246445431831233	0.029659795038440982
55526	-1.6657661698166009	-0.5881805518151035
55540	0.08239993158605524	-0.044197178600641776
55544	-0.4667404899186503	-0.025439755923105253
55556	-1.0577439556584054	-0.5573529575003338
55558	0.14064533922837866	0.16171848779667963
55565	-0.6149306087891702	-0.2839608235808708
55567	-1.129600696027886	-0.3858864679941926
55568	1.1993852873860016	0.5833836194013113
55573	1.1253235869947518	0.6766819693582438
55576	-0.9520255826596631	-0.2642950713108063
55577	2.3812573958298913	0.5456076437113937
55578	1.7125965920332287	0.4821110269483687
55585	-0.21332969171681318	-0.17948442224926775
55589	2.3092925062832608	1.2404406945369102
55592	-0.6363682846871082	-0.33048027258163765
55596	1.0259674932544267	0.3343808278381685
55601	0.6908460461589346	0.19850298917751164
55602	-0.5223143660195654	-0.24525639497507595
55603	-0.2593628048418119	-0.16167173216080072
55604	0.5795576642772579	0.14641346169453243
55607	0.09731025757650286	0.08303452554143756
55608	-0.07148811011118983	-0.17900180386876738
55612	-0.23032363297725003	-0.30798073892233674
55614	-1.125623046502847	-0.4700809428877279
55616	-0.6379138728022682	-0.10818567452180906
55617	0.16278044183384283	0.005630312829904949
55619	1.5963933875421903	0.7279446289754199
55620	0.9929281313626298	0.24257472772453836
55621	1.902490535856304	0.7903715503203234
55622	0.5386234381626871	-0.1135090905094196
55623	0.08579943038407771	-0.15486705190036873
55624	-0.5368995638268012	-0.37066245584169255
55625	1.3631566482425912	0.4898389676080378
55626	0.5440266449777624	0.03539781171781571
55628	0.5407283121137385	0.384884665367613
55630	-0.8890466248962703	-0.3250714316185901
55631	0.3869138452238242	0.17217454369941737
55633	-0.38345770999448076	-0.10986683664594415
55634	0.24000510032400355	-0.20235495017988434
55636	-0.11253676682390522	0.08632621249138764
55638	-0.47132243733320284	-0.015032607469043545
55640	0.7304734138592419	0.1590540637642528
55643	-0.779888303593768	-0.2646401736430599
55644	1.081652261056549	0.13707440858263173
55647	0.09227730881417245	0.43624895290323007
55650	-0.6409611055086122	-0.4660083056885019
55651	0.8754766531091683	0.25661678488692324
55652	0.5077790100745514	0.25850148417336355
55653	-0.2619364904909036	-0.09314168132159237
55654	1.7985982624039742	0.5246448164629466
55655	0.3327679891389662	-0.014077318880900937
55656	2.1428624961918423	0.7538870428900428
55657	0.21835936028386876	-0.0777186046877608
55658	-0.11107143656611641	0.16826999407718968
55660	0.8300640226706665	0.256721975065779
55661	1.5325099601956806	0.5465488157058461
55662	0.9344747944775886	0.34633329689570114
55663	-0.6239194334071198	-0.37595813585975824
55664	-0.30245660201640473	-0.15855684823768798
55665	-0.11909574317923909	-0.2028511526913414
55666	-0.014138766496464283	0.06779827054657091
55667	0.06172554042004874	0.233157502130032
55668	0.5071779450552487	0.04407057993421435
55669	1.2874579153949026	0.4489698160207299
55670	-0.1520868800071694	-0.08216468273228011
55671	-0.7657128270639446	-0.05774287911767631
55672	0.10641547800730801	-0.05698340699923717
55679	-0.2833821544751071	-0.048556530537809096
55681	0.2740549630784065	0.19762057958591006
55683	-0.14816000264793316	-0.0442741271871864
55684	-0.3358352599804316	-0.0038108148827026705
55686	0.7427588442464443	0.7114319198633332
55687	0.48899551480197284	0.00019305288477293632
55689	2.007754047862584	0.5803570737436307
55690	0.17056321534202892	0.2789550962563895
55691	0.9414283842017704	0.26189972922998783
55692	1.55434121249393	0.37335470967584583
55693	-0.8064300193000504	-0.49866928817514544
55695	1.610613548166783	0.4952325053621973
55696	1.217967662504714	0.25103043582990897
55697	-0.5829545468890986	-0.04470669654383979
55699	0.3263726067301863	-0.1366534856096357
55700	1.5013916631008115	0.4451253599513332
55701	0.9225489353288966	0.1015819488824148
55702	0.6595318794127452	0.04800524621551385
55703	0.5779470774427901	-0.3893935712032654
55704	1.4369860493036897	0.5711423249031411
55705	-0.125586769719583	-0.2779492748124631
55706	0.9441350229956473	0.41872867198478547
55707	1.9477706540577415	0.630115918529174
55709	-0.5002212522576515	-0.33558281259521305
55711	1.8806901333387087	0.7050795600729025
55713	-0.1930373703399856	-0.04270848174922761
55714	-0.18550455122006665	0.24267988432610024
55715	0.04863115757679812	0.2312261065111595
55716	-0.161391184433058	0.1497253007834238
55717	0.7658449683881479	0.29144962049371187
55719	0.25834164130792026	0.15459902322677985
55720	1.6718458436048684	0.5496810588840657
55721	-0.5257213159238483	-0.42264682082062777
55722	-0.2600512150168006	-0.3386640821885904
55723	0.8457141387903473	0.4835336475929318
55726	2.024910705905865	0.6095013763112032
55727	1.1429240898156106	0.4293972370622346
55729	2.0619399341628277	0.4270393189655572
55731	0.4649363391266573	0.15801517488602032
55732	0.8218912418398742	0.17130869357437833
55733	0.590303834224374	0.08355530890675564
55734	0.6817153185104304	0.06053057384365966
55735	0.08877139900236655	0.0988522941663789
55737	1.363404147999453	0.3973771037239956
55738	0.627479179760598	0.21935559580869116
55739	-0.5383965627122452	-0.571783111216808
55740	1.4514682584178027	0.3871318091386686
55741	0.5134538749517125	0.30601773535919774
55742	0.1396232670512246	0.17775139712258142
55743	1.9977205462421566	0.8367870590112143
55744	-0.4357557207720265	-0.49812334794309276
55745	0.05167787465742801	0.0639877539982254
55746	0.8393697162414699	0.16958663738811286
55748	-0.3636042296796129	-0.26038518630300433
55750	-0.2726253929511088	-0.26317155353135213
55751	0.7997936797224139	0.07815822201703976
55752	-0.6314105393474352	0.09834646091693425
55753	-1.5818663603223042	-0.5710019092578896
55754	0.03931119697271587	0.1791195623324007
55755	-0.1187846402564447	-0.09048571316505177
55756	1.1272664807508237	0.23451556681036245
55757	0.14321950604090172	-0.0017080018419328262
55758	0.33794775785164644	0.06325862247845779
55759	0.9580829093022332	0.15777488678485235
55760	0.06826585325669604	0.06083906005868052
55761	0.7977480523552827	0.4025967640616178
55762	0.6229493081097324	0.31561388656616896
55763	1.4381582036533123	0.4531431108426458
55764	1.0609104259350484	0.2647770369765807
55768	1.5794121826906282	0.5631796089103084
55769	0.6987316872028285	0.2355596952782953
55770	1.0447982618226652	0.4007821931248191
55775	0.3967276710726797	0.1761843568240747
55776	1.718948971679083	0.48698036394875266
55778	-1.2245532871868083	-0.6217421252755828
55779	0.3317639119175742	-0.024404068434804166
55781	0.7680077260427343	0.15807993700942324
55784	0.21643703580405252	0.17097330962623275
55785	1.2176497748000146	0.4037241435185756
55786	-0.11273410614076695	-0.268081090498444
55787	-0.23154979427461125	-0.306128192549313
55788	-0.7930830891564755	-0.4162589482876665
55790	0.8177312804358304	0.35318919146878514
55791	0.19445735854160384	0.04943932000791111
55794	-0.6704354731157511	-0.37690637915382874
55795	0.6838052581060802	0.03644434749026164
55796	-0.5616989964281391	-0.08062282621099795
55799	0.5640170706562204	0.020039126385802908
55800	-0.23640630492248452	0.06404452681875852
55802	0.1848109152349949	0.17171464068484524
55803	1.441180870028782	0.6854128032255211
55805	-0.42848836062197976	-0.3006620844080844
55806	-0.9399732244669533	-0.33920195431542
55810	0.46211838239296876	0.028526313536394877
55811	-0.4037415788977743	-0.05230323355388693
55812	-0.38923915135565174	-0.20408299890908704
55813	2.191225704514249	0.7737574431715588
55815	-0.09427179917307285	-0.022567260168441697
55816	0.4343475407776888	-0.12894342207500814
55818	0.7097558521713552	0.1302239454208801
55819	0.6561723539825773	0.08292503999990208
55821	-1.5168582774981374	-0.6539304053700001
55823	-0.2061662127497968	-0.3687225529212258
55825	-1.3455366769865593	-0.5804981360548467
55827	0.2561047003215655	0.0013598906034385516
55830	0.5814510247385483	-0.0608821637966395
55831	1.216135612626921	0.1628764669910045
55832	0.1784536447722205	0.11702358784810182
55833	0.7889177243210619	0.3771492775388119
55835	-0.048811176791875924	-0.07152741192653664
55837	-0.07899836927435644	-0.3111242728215998
55839	0.7210677935782989	0.3409294200479204
55840	-1.7268417777696152	-0.49453136350396004
55841	0.3468764816305883	0.11197818269437963
55844	-0.013658291669491146	-0.24930814801873466
55847	-0.16438017950607214	-0.03958372185014433
55848	0.6619647570059422	0.23764125746528675
55850	0.5703750880248449	-0.10422634525786723
55851	1.711511954252055	0.47854091468143145
55852	-0.4093675441022361	-0.1258794891823199
55854	0.4689820832096467	0.10033734873389591
55856	-1.494216775707672	-0.6470151385761881
55857	0.1508241146871378	-0.16675061066171631
55858	1.28231101349296	0.5710860536161512
55859	-0.19415398209086188	-0.08256226763515903
55860	0.7201712788304084	0.32228838227713463
55862	-0.8039895800512354	-0.2080808124413936
55863	0.39980869713205236	-0.05120157920616131
55867	-2.165026139709651	-0.6896487551497745
55876	-0.2519879564029512	-0.19669678719475642
55884	1.0261578392370987	0.4082880468448423
55885	-0.044923337469933766	-0.09985509838070293
55888	0.8611012085325735	0.053995539878858086
55890	-0.6113902165898788	-0.37662529475767437
55892	0.24939959043501778	-0.19384502697223122
55893	-0.9318596731481259	-0.27086242847907965
55898	0.28541201446310205	0.004136755431550201
55900	0.21139109189215066	-0.3747899294888414
55905	-0.07428622474125998	-0.018713753860358798
55906	-0.4158009061406812	-0.2684522586491925
55907	0.212382564621459	0.21219248767937451
55908	-0.4002354382497363	-0.1809388168415052
55909	1.240206180687039	0.3736686308916066
55911	1.111052004623031	0.6238627094588907
55914	-0.5674783892769586	-0.06259001418283641
55915	-0.7552672868207475	-0.41279784066566794
55916	-0.0157821022786985	-0.08633454377833077
55922	0.08895055350995593	-0.004437555675157155
55930	-0.27831764645114265	-0.10846146941160378
55954	-0.3454155337251621	-0.35439240054649235
55957	1.3646357768046544	0.4185902224169444
55958	0.8007773585911068	0.2415940185691128
55966	-0.048637263513458893	-0.09867520258670705
55968	0.14987400227678332	0.032864105927351416
55970	-0.19220475185612873	0.013661414326224294
55972	-0.32126523017978653	0.18853993471335195
55973	1.5849451627560756	0.5403345903312475
55974	-0.8809437421672641	-0.3260717669687439
55975	0.748835266716858	0.33162839575528424
56005	2.274193870360631	0.7456314908788045
56006	0.39192974168070677	0.16511812399552583
56034	-0.14253194818479362	-0.14591911651204634
56061	2.1149227106746458	0.510609128207346
56062	0.45662040861603737	0.23504587021868442
56101	-1.0577609114811226	-0.48018273619290963
56106	-0.5469871164740459	-0.2147926170866586
56107	-0.1274834536909044	0.06816784174823853
56123	0.4012881567751754	-0.031150739216211677
56124	-0.3969605683339027	-0.0360781544232093
56125	-0.06398407028223596	0.09698082058333087
56128	-0.08099235880800207	-0.1251047917224912
56130	0.42312667508045243	0.30472452865710087
56155	-0.14656586303141977	-0.12771034430215403
56163	-0.4823701330074904	-0.18505027557456383
56165	-0.4170572580899894	-0.21943536341025396
56171	-0.08069850916853076	0.02437849883830459
56172	-1.2005107692230217	-0.5250990957867763
56180	0.6500291234188641	-0.08110274518618062
56242	-0.20640049779191377	-0.14327444194996508
56245	-0.027312992662132385	0.19918297946479835
56252	0.9596454487660737	0.36413304797838714
56253	1.4618628812564256	0.9667127894943396
56255	0.19885321096014974	0.08794539376047933
56257	-0.25441773503014353	-0.1336805456354076
56259	0.5948787487401901	0.1855310758389946
56260	0.004072511006278097	-0.12420798295082863
56270	0.1995469993649375	0.08167940780801128
56271	-1.0842923177903827	-0.5776384332965454
56288	0.5587901540683569	0.25783912314660046
56301	-1.1750169168060967	-0.46723786541522827
56302	-0.9797647479376701	-0.2336629050039698
56339	1.2922927952983758	0.1393766201134561
56413	0.17674548155960365	-0.07908085020460949
56474	0.6373157687876656	0.23067911396847082
56475	-0.27351737230191125	-0.23163410265280387
56478	1.1829474255981587	0.41315855971179716
56521	-0.4710609207112182	-0.13892982901148326
56548	0.6518748349780433	0.3170390610739736
56603	0.3041509184403414	0.03264492409717078
56605	-0.32019014582041283	-0.018583682068926258
56606	-0.7939924191290284	-0.3346124850924271
56616	0.5562310130750499	0.18013893364631903
56623	0.5356601503167429	0.18764606679173676
56647	0.5505767942085718	0.16236494218687186
56648	-0.6072067670078203	-0.39092167832942987
56649	0.6505652391192747	0.11853612313382828
56650	0.47309762772535996	0.20362504196807782
56652	2.2304114514632536	0.6382652813431132
56654	1.0901198714132208	0.2572877048777981
56659	-0.11354474314168053	-0.006630801623341925
56667	-1.1625793570056964	-0.3504762344974277
56672	1.0340108325968493	0.34487304611662434
56673	-0.8461212958777012	-0.28358439224947024
56674	0.08518293305283692	0.02581736516578652
56675	0.16421146793807145	0.3449173447270207
56681	0.2434882439549404	0.07590894910776363
56683	-0.0774668107429447	-0.20787088742194493
56729	0.08135825312648501	0.03345397874163006
56731	-1.6999205551167298	-0.6803817378363387
56829	1.529479702666236	0.48448446584030136
56833	1.6806549231557995	1.1185241778700392
56834	-0.5330320236541242	-0.13965803093210066
56848	-1.0040170043357897	-0.4468868313424644
56851	0.8062196864357449	0.04908956649211206
56882	1.3338793793806125	0.7267778447262334
56886	1.3549509609594468	0.5735019613989631
56888	-0.16352587415374198	0.037613306829121285
56889	0.2352965400425124	0.016900619261211607
56890	-0.13118013524178868	-0.06923189522082501
56892	1.1917481322608103	0.2123451439348924
56894	-0.846451681349487	-0.2985107582368464
56895	1.5540022943665441	0.20346913915229764
56898	-1.9302539437325617	-0.7321643857775612
56899	-1.3381407626627073	-0.39718082956004847
56901	0.627877338494295	-0.09936192612528853
56902	1.216185919584388	0.6097278084215664
56904	-0.7748516489478781	-0.2425167211057484
56905	1.6115954723055317	0.3133748836077562
56906	-0.07226882481054642	-0.329796923084691
56910	-0.09264627877455581	-0.025766316365280224
56911	0.45103861371597753	0.022552251673392608
56912	-0.6221537227129041	-0.47167640924561877
56913	-1.0764514828909095	-0.388585025739281
56915	0.30945472845223015	0.09696516104604988
56920	-1.090491345551336	-0.370616110678697
56922	-1.011143677274033	-0.3725354801406646
56925	1.2839159043512418	0.50480274346577
56926	1.0061852367945041	0.3526557169290653
56928	-0.6713179442574344	-0.37678559954683466
56929	0.7128699893569068	0.48223579299849845
56934	-1.1658522193868561	-0.34535343361702453
56935	1.518651545850182	0.7146936954316865
56937	0.2998410505673438	0.08662422329668859
56938	1.5503954045866288	0.9026376497960142
56941	-1.378869119367529	-0.2896098177889695
56942	-0.3358341205773657	-0.17733465868676848
56943	-0.6196711318866517	-0.17698799766585793
56944	-0.4349791941002855	-0.4513498278009507
56945	0.2832385099830979	0.08742822573124222
56946	0.3761309811510605	-0.08561591234207264
56947	-0.850963811251981	-0.5061474478306067
56948	-0.5931855235208354	-0.466216615380207
56949	-0.636892066026999	-0.21350910022523434
56950	0.9069915387186029	0.36644462032462255
56951	0.745019551366737	0.18307244183678728
56953	-0.8676124477664023	-0.3033368037518286
56954	-0.7940880407670432	-0.4220101405497998
56955	-0.7985851776417578	-0.1359194366322936
56957	-0.2981667957337226	-0.022504952065171294
56965	-0.7075364495748416	-0.2514241742352683
56967	-0.4675882206608095	-0.3173016481782265
56969	0.047482361962066344	-0.13447786123054897
56978	-0.5793728748494837	-0.26376686814370526
56980	0.7817085698868425	0.20834832398598901
56983	0.5367310164687847	0.0784389503648607
56984	0.9784416161007377	0.4051466714912294
56985	-0.4089309643136796	-0.186839961051397
56986	-0.057270654231169615	-0.2700154622556618
56987	0.05869260722571068	-0.16500275600878359
56993	-0.5837244205421727	-0.3584047538116534
56994	-0.826631200066674	-0.4055160620737821
56995	-1.2654065389020461	-0.43661190091542545
56996	-0.08316583220853396	-0.047929979714836396
56997	-1.0111110795036646	-0.5711196604429286
56998	-1.2252673855352247	-0.2890980622992953
57001	-0.9424880552037573	-0.44270196859948147
57003	0.7969043651802176	0.23819095695478382
57007	-0.6811334538919583	-0.31793773520604773
57016	0.6508824119773491	0.5067214279717727
57017	-0.5015843935769837	-0.24914541486000746
57018	-0.7777371725468297	0.1708114509823307
57019	1.5061695605540821	0.4014394733482538
57020	0.7172067085065579	0.28650664869477926
57030	-0.547769685142832	-0.21892942762668716
57035	1.9358167430774706	0.4712178843196678
57037	0.3445322660620793	-0.18161404757223687
57045	-0.14325993518485447	0.03147694228276978
57047	-0.1373190996453311	0.10201277417998922
57050	0.89699392711744	0.25958627833073644
57053	-0.07024181436700577	-0.11290696362309005
57060	-0.028327248713839515	0.13812562220973823
57061	-0.3238688707753379	-0.21181390924287238
57062	-0.6953428347168297	-0.46013573523916396
57088	-0.512069419881652	-0.34285391037279733
57089	1.946576158169042	0.6959671261677818
57091	-0.11328641825456223	0.06086479531590827
57092	-0.5685027551248845	-0.12326077599094817
57097	1.75720666277044	0.5905341593215929
57099	1.6296447404431158	0.7027839729003806
57101	-0.6842781992014956	-0.2664484660193619
57102	2.6093674688447344	0.8350793142700599
57103	2.3269341291466814	0.8865669864728066
57104	-1.1032232080293283	-0.14213697526387004
57105	-0.48685815893824347	-0.08362955972299746
57107	-0.3385298012287461	-0.29214682429738204
57109	1.3744952449158094	0.16923752898309022
57111	-0.2904422142984214	-0.25171657000858483
57113	-0.03811062969455986	-0.04615116841163054
57117	0.4662232156369299	0.03803104450903177
57122	1.8046445526254655	0.5165321653701918
57124	0.19715101979765443	-0.28608834482294776
57125	-0.16582821060820047	-0.1990284426500789
57126	-0.6942677553149912	-0.16095995228526352
57127	-1.3288477537579388	-0.4618074147736281
57128	1.0913955619607871	0.12107346660378414
57130	1.734064910073917	0.5816462369230029
57132	-1.0039404792506221	-0.36910761537114184
57134	-0.15125590227400262	0.14165812785887485
57136	1.2978251823281082	0.45281602802772936
57140	0.8316791485851154	0.42103443687505976
57142	-0.1354234449461811	-0.2305135099342228
57146	-1.331580744362181	-0.8788039199390776
57147	1.5864138253640778	0.3020336507972068
57148	0.38754657991733266	0.1095953061061841
57149	-1.0595823713797325	-0.5008203091316172
57150	-0.1884458028750121	-0.3042050003950984
57154	0.09670191818700996	0.29793893904687174
57157	0.7976602218236013	0.31686267931160195
57158	-0.9106504941763631	-0.29780688522095766
57161	-1.0210094683117001	-0.37335235943639417
57162	0.15148316989381613	0.1871556306803479
57165	-0.6074436649670405	-0.24131930041274657
57171	0.18272870197958146	-0.07457284433004312
57172	-0.6232268422120458	-0.34327366445542945
57175	0.5637791409726481	0.33148323850102424
57178	0.33317875479704884	0.12756473971058502
57180	0.041483204358888026	-0.13416057722684696
57185	0.4903069995465702	0.1669890611259337
57187	0.9488663436736032	0.3134067457184791
57188	-0.2739353958626505	-0.2297010467899926
57191	-0.5049893158692388	-0.18116306604314203
57192	1.226875331016167	0.5709308042567987
57194	-0.30881240161522217	0.03818690399801936
57198	1.1519816848578175	0.37008370501805704
57205	1.1723147077590101	0.6664877118936843
57209	0.06635840107193272	-0.1498275178514087
57211	-0.06289005833534317	-0.0662895259359542
57212	-0.36685759934290696	-0.3176998500882513
57213	-1.1718715854804453	-0.38797443544297766
57214	0.8523612128896823	0.4732900598388995
57215	0.5614090294501262	0.00788824929615908
57228	1.6861799328765157	0.4643501132049782
57326	-1.0709974620034528	-0.20486443788372366
57332	-0.07875137417125208	0.019399794885453625
57333	0.969052481970314	0.4167388422914407
57335	-0.572751401917218	-0.2586866010295416
57336	0.3005679273558851	-0.03582944731554174
57337	-0.4520063821316694	-0.16902291752759876
57338	-0.4365534199136656	-0.23632855096879393
57343	-0.24774530776113263	-0.2733596892026595
57348	-0.12846497963121317	-0.153773478268733
57380	-0.17256699243539525	0.020785195750024563
57396	0.5730707441302922	0.16800914634316205
57402	-0.09841253327269181	-0.32499779769807385
57403	1.390480886996496	0.37076723563928937
57404	1.1421509789824928	0.21108861841028684
57406	-0.8696582326765876	-0.5879150024828705
57408	-0.8665030414150318	-0.30543758042717867
57415	1.5295748370983577	0.2566156140929203
57418	0.07186921662911577	-0.1561541638907625
57419	-0.36482854652164354	-0.12512182989273965
57446	-0.2088843116342574	-0.0771110960577986
57447	-0.5588788604552624	-0.19074926419501095
57460	-1.0488348498129092	-0.5596914225294454
57466	-0.022858835016703938	-0.17319326040869745
57470	0.042416202298816215	-0.046262729263422876
57472	0.9200353654084179	0.2960187004580095
57473	0.07423343769209226	-0.12581232632838313
57476	-1.6740856656289549	-0.5001763937391265
57493	-0.02304728384317332	-0.2942502814968026
57496	0.5936307556972693	0.26742363726549195
57498	0.4313644050979319	0.09456871565160792
57502	0.4755299776824796	-0.10014587158253148
57506	0.8809253854708785	0.3481373713128777
57509	-0.1047798980253537	-0.25050945590408047
57513	-0.5722262671848796	-0.16459027468970164
57515	-0.49439348207391354	-0.23091054172070247
57523	0.17412479872020176	-0.10450164484827464
57535	-0.06348090166945222	-0.17923794361254033
57538	0.5627696434689621	0.06415258480415086
57553	0.24932186785491292	0.15827942530201794
57556	0.512178205310688	0.3019712822551579
57572	0.3847413276764061	0.08764607243311634
57573	0.32039539067160894	0.20193903497972895
57576	-0.1885750162782549	-0.13194859047273105
57579	0.0726202504088207	0.5847013567382875
57586	-0.8247455898876092	-0.170489292304006
57591	-0.2122324535792698	0.10176645796266384
57596	-0.6373725306840471	-0.37510384021030496
57597	-0.9662514374955543	-0.38530354461674926
57599	0.7399027565953035	-0.03542096678706521
57602	-0.3325571140678689	-0.1845535129462513
57608	0.3880091212395612	-0.2162773839283617
57610	-0.06987790185216744	-0.23466201600939157
57613	-0.9752679658912126	-0.2931534104904583
57634	0.33191597877162393	0.2534409460971334
57645	0.6093381897656831	0.1924897511426619
57658	-1.2442176304765027	-0.3101395196426745
57664	0.37270380507559847	0.1470276381732059
57669	-1.5606539227797755	-0.24230190505654076
57680	-0.005772434943507709	0.09552154480393933
57698	1.3184282505801317	0.5610755341885221
57706	0.10910459352107438	0.15170373152298933
57707	1.567389843864308	0.4881984895057876
57710	-0.3605229288185876	-0.26677325261208135
57711	0.25653869709272104	-0.02955353173733716
57715	-0.3713635605094694	-0.3013015764708159
57716	-0.8449507950186633	-0.299064798850287
57720	1.2010775240455613	0.3917051381190374
57728	0.9996322918967997	0.242664245386861
57731	-1.1720407425157557	-0.3297085481788296
57733	-1.7092682958114742	-0.6157542499283052
57758	0.15662742361429344	-0.036083895937094476
57761	1.420418140170837	0.4130366198820595
57763	-0.04862337410095766	0.006769495154029949
57787	-0.11869954304037433	0.029453342426758733
57794	1.3841583666532753	0.3985894208049771
57798	-0.0958551432224434	-0.36042987297943535
57799	0.4711876901809449	0.15283245935889533
57804	1.0252335115359903	0.27903408749168873
57820	-1.9486923852518587	-0.766249728635024
57821	0.24036153715080366	-0.022701400453715846
57823	0.7811394101101219	0.5622299183802275
57826	1.1367999018951895	0.5125560565353493
57827	0.9688581067241451	0.39246105073398563
57828	-1.102546278085795	-0.2959311872097621
57834	0.03547522248217087	0.08117252297186671
57835	-0.9973087999170314	-0.3366397460587228
57863	-0.4263820879710744	-0.05755561520628863
58155	-0.0311913820162086	-0.05815893103444053
58189	-0.10281058814084915	-0.3503468068084898
58190	-0.21457882270679818	-0.24274157478550373
58472	1.600166607725203	0.6275241244454598
58473	-0.9281875875430309	-0.3910814507064623
58477	1.547318252250685	0.5108220260659078
58478	-0.6164103357883924	-0.07447769060784448
58486	1.759191533012678	0.13338534070942246
58487	-0.6688573971162559	-0.15444358213646703
58488	-0.46902223794247566	-0.38298302457473826
58494	-0.008118751056317	-0.410635433346407
58495	-0.3621573416159721	-0.14396284462766082
58497	-0.5069640136090983	-0.3240379475188146
58500	0.8117719799823448	0.23948511493073885
58504	0.29143763928880057	0.2672540607801776
58509	-0.4780964885993923	-0.10972957859158294
58510	-2.4388562336039223	-0.6574547104027101
58513	0.39560605978264174	0.08799200039370637
58517	0.49914751557872983	0.37179357131198876
58525	-0.15225201398247826	0.09185945227011122
58526	0.3211598905318077	0.006491503784067931
58528	-0.7686770750993801	-0.13710620570026832
58529	-0.8810263279508703	-0.31165334299969427
58985	-0.739525008138112	-0.21770646623524284
58986	0.9960394140652508	0.3648454647084798
59269	0.4266972835155317	0.3354412319808834
59272	-1.3411350645150393	-0.4886885451502849
59307	-0.4714798051810266	-0.4308714647833735
59338	0.3719827005645099	0.12567181680440356
59339	-0.6067238088380138	0.08583872018392846
59341	-1.506421318960653	-0.7368108862733677
59342	-0.1345024725824403	-0.2635761406479506
59343	-1.410468287507008	-0.4113416893380679
59348	0.9850534321754385	0.15299467180083542
59349	0.4726127295360429	0.08308189954139851
60312	0.2255634647501772	0.3068451240076668
60313	-0.7804806500273593	-0.39350210558771814
60314	-0.2568083555020089	-0.4167529151017249
60343	-1.2078019741734511	-0.4335467588662964
60370	-1.6815801417469474	-0.3847141914564294
60401	-0.16861987207012327	0.10627333438946206
60436	0.10457132336945765	-0.17332455128699945
60468	0.22414779172783944	-0.11921762603423253
60481	0.9303373899280403	0.26388821330613416
60485	-1.069503984160683	-0.3336140969644902
60487	-0.6564187677698671	-0.2509111079334217
60488	-0.273052918619967	-0.09711955116542675
60489	1.52240482164478	0.44272689233742557
60490	1.7171604409380414	0.3057310055540315
60491	0.30448953480862984	-0.20403694950716178
60492	1.1116871403285722	0.3277101111943901
60494	-0.04546312704410474	0.025760759721725132
60495	-1.108536558138667	-0.27808975755931425
60496	0.5179352636592222	0.1418433373921743
60506	-1.0348980208218603	-0.3812482134204651
60509	-1.233597887763548	-0.6327671629937788
60526	0.1949291134698268	-0.24251964971515097
60528	1.0000279467366333	0.2994290981176793
60529	-0.4788714234023141	-0.12179761699890856
60558	0.1464752405625179	0.030739017610048373
60559	1.65123128045474	0.8491681949748466
60560	0.9655436471139788	0.17912899351378359
60561	0.10588337819581664	0.01914575105576681
60598	1.2700761008516739	0.4566040820116968
60625	-0.5977124958780792	-0.24927000357835702
60672	-0.2957886438542595	0.015365768182925343
60673	1.2174601044330207	0.5075866005781483
60676	-0.014399530024122309	-0.215399556275638
60681	0.4757676973557749	0.07295557321321086
60682	1.1102256300626283	0.4791760103734478
60684	0.2897939702616342	0.2471205431142024
60685	0.563096605752382	0.0013545932336668925
60686	-0.0017180589654667289	-0.29945463048076737
63035	-0.296971839616875	-0.07182973296081413
63826	0.33769856519473734	0.07075907944994306
63827	-1.1359246233481073	-0.3837505438249227
63874	0.36778215257245206	0.09697778581679556
63875	1.0796977531668548	0.13275197913351866
63876	-0.42277372124198415	-0.29197506165572695
63877	-1.2535487833311616	-0.32140923514474956
63891	-0.06850845387749263	-0.02122323261989032
63892	1.0271205232766674	0.08514352674261534
63893	-0.37774341614680595	-0.2705254842927228
63894	1.2114582613241573	0.09420107896215585
63895	0.1186099231076122	-0.27422456930369576
63897	1.5958145111686635	0.5378976078213311
63898	0.23385330026214207	0.3393595713250923
63899	2.1559021760003727	0.4858841529020864
63901	1.2557699393989605	0.30139348345355904
63906	-0.6607353725716976	-0.372402036936193
63910	0.12382507512957738	0.20192663206604844
63916	1.00989154735394	0.3621912180675203
63917	-0.9658429362297674	-0.7850222209906915
63920	1.7120170131028116	0.26972334489939614
63923	-1.0514192282814652	-0.4450551468879288
63924	-0.8818411790314742	-0.43664447886403673
63925	-0.8234548987362531	-0.3109153909268633
63926	0.13539901730842302	0.15608343665427038
63928	-1.7259869332351174	-0.5656732528882401
63931	0.5986419643405243	-0.03363249787219909
63932	-0.3501225777409157	-0.2544602070943572
63933	-1.4691351936645005	-0.3938564006733867
63934	0.13386800645566885	-0.3012744302742223
63935	-1.4200050314464057	-0.3410979682194796
63940	0.4703901169726784	0.38310246072574355
63941	-1.6227883215123775	-0.46709116677190343
63976	-0.6562864050162402	-0.4164795986658544
63982	0.014693261182828286	-0.1426274543217088
64061	-1.276790644720795	-0.18258704206449924
64062	0.6512615432847582	0.026807612273139797
64063	-0.46060144814102133	-0.12303889107448952
64065	0.7262727903898983	0.2444605343614737
64067	-1.2716755167415577	-0.4666234674638532
64077	-1.488472892897544	-0.533967834551949
64080	-0.7088143505714928	-0.32836377104656556
64081	-2.6706391593583807	-0.7834485941866132
64083	-0.4329708171811133	0.1044419616980427
64084	-0.3095266195611942	0.09344387785956049
64087	-1.0250308524084117	-0.3009140067695881
64089	1.1617967587946771	0.5437702528686357
64091	0.24738923157604725	-0.15351483165913746
64092	1.5408160189625026	0.7788803479644024
64097	0.18070834874217206	-0.027702590120882317
64102	0.23587193153534755	-0.017083937324134407
64108	1.3368649165666848	0.24287481280273632
64110	0.3814088482747641	-0.08853581674093351
64112	-0.49384478705312096	-0.45536495109873976
64116	0.5841476760149711	0.4286819450691743
64118	-0.17317843895247464	-0.15684936986732004
64121	1.3142756448240742	0.3629586303346409
64122	-1.6201745540970562	-0.8338847397599151
64123	0.9447556914954447	0.4310385461067714
64127	1.3674240788359693	0.6116592874187154
64129	0.7641090169309868	0.45866116195659856
64130	-0.9166995822161692	-0.47171870130135585
64131	-0.6265744153481457	0.39944694377362855
64132	0.9453287129374247	0.29845395901162164
64135	1.409028347944234	0.29143949784571815
64149	-0.0899713593430158	-0.246349502011314
64151	1.323118520257026	0.9254982087951021
64167	0.3651624378710911	0.28534019366297914
64172	-0.07525733421675194	-0.6170498336484522
64174	0.8811100357565674	0.26754839083393545
64175	1.6115553001843912	0.4727343917203012
64210	1.3095858260708835	0.3254171434360975
64215	0.7238531903078902	0.2081868761671802
64216	-0.6560828356189013	-0.29970330992924676
64218	-0.3401090821614252	0.017277084696721984
64219	1.0690619109006558	0.3064127540402505
64220	-1.2993299886163496	-0.32697765186429373
64221	0.8658160038069616	0.15989549412911608
64222	0.860715257428991	0.3062492951430196
64223	-0.4372228928045697	-0.2823070261331621
64231	2.080428341807538	0.7665334237845051
64236	-1.232189285322091	-0.4950291320854843
64240	-0.6133325860707433	-0.464587038071832
64283	-0.8280536072239112	-0.4874058893904425
64284	-1.3635919056998578	-0.6603184527378887
64285	1.2592430881209553	0.24296711295084458
64288	-0.5178977379621093	-0.49371182185994666
64318	1.6487556500162124	0.4292548110932626
64319	-0.6092213200162334	-0.14178962870434839
64320	-0.004721414900434678	0.05836397103968055
64321	0.6058337674956242	-0.3248925476034108
64324	0.31889153673501214	0.11467416547211041
64328	1.0596953942593634	0.38279889199743067
64342	0.4062358384561814	-0.026049197126005993
64343	-0.41315145808704634	-0.1918282346614667
64344	-0.525328827826922	-0.010099610087280608
64359	1.1392233861937957	0.1969729509496928
64374	1.318624038890169	0.18821954366868374
64375	-0.6096734216696879	-0.10266605389742117
64376	-0.9419936673379472	-0.30851887391536237
64386	-0.5514396076653632	0.0018570385075090678
64388	-0.6151351910751796	-0.12401540726634491
64393	0.966530368085431	0.48124828919843377
64397	-0.11979040840559188	-0.22068808189856298
64398	-0.699608562182533	-0.25489702700916184
64400	0.03167881201939564	-0.14967380181401366
64405	0.5310035622711113	0.22437960785995495
64410	-0.4159727705210038	-0.2789876572761584
64411	0.3447666638357097	-0.11538084935427448
64417	0.28027311069448524	0.21659579558139214
64418	0.3816051013263655	-0.06478704057682036
64419	-0.13207785695108026	0.04486697139894594
64421	1.033961187201714	0.2736212976761306
64422	1.3396757824540662	0.4205210869053559
64423	0.1325654808811924	0.017996728686023956
64425	0.8050609841185368	0.1656735551522584
64427	0.6233004731051704	0.11659059904918656
64428	0.12463363429303284	-0.01359158171120177
64429	-0.5740098494320844	-0.06129692539553241
64430	-0.3597940754723784	-0.05630763683613823
64431	0.6700870627651792	0.29128692294576286
64506	-0.6679618016090321	-0.07395018160023803
64577	-1.0538569702550415	-0.19643341557612312
64581	1.385682857617244	0.683801501140738
64582	-0.7648266644495976	-0.28960208409153093
64595	-0.07848760905155633	0.020288363725559422
64598	-0.5055932734793467	-0.06683428535655994
64601	0.6474035754425802	0.21886468449960336
64641	-0.2756743785208118	-0.016185147447644134
64689	0.0994566540273038	0.048929775848326994
64699	0.5274176007046608	0.049789593189397276
64708	0.19910870688695828	-0.03327871521272206
64710	-1.1997084041979433	-0.43348673809543226
64718	0.2720171548686062	-0.014172625752745222
64743	-0.9067991431350911	-0.2247282044109488
64745	0.4508626529680448	0.13020128320980665
64746	0.17234027348165834	0.13594177557107046
64748	-0.03799206383531267	0.0329721065435003
64750	0.7241272228085378	-0.07671725841595921
64754	-0.10633200242905835	-0.2339033813500743
64755	-1.2956952891934133	-0.43552795945206557
64757	-0.6226765526802803	-0.22458431396045525
64759	0.21620039406686536	0.0020065241756382027
64760	0.9352640577325396	0.3000009717262777
64761	2.53627746475939	0.6922716613844383
64762	-0.717681770898302	-0.33209580213338324
64763	-0.4813344432653763	-0.3517936979625453
64764	0.12414482898585555	-0.08098731609250007
64766	0.89501425895244	0.5156509865902321
64768	0.2610259139708968	0.024788239459562815
64769	-0.030629148771331743	-0.08542389353111493
64771	-0.12559548766824485	-0.00872560429789504
64772	-0.042137710861629096	-0.04582797962359178
64777	0.09743510209640581	-0.20060663363762177
64779	0.21692439472664926	0.018581832489436942
64780	1.6301821272086408	0.4484997793969143
64781	-0.1373177825761911	0.21155899083943353
64782	1.2661610414401991	0.6124122459725287
64783	1.1764772112719026	0.7626960695864621
64784	0.4803974637302385	0.24704191349373325
64785	1.6392325509751995	0.7742960985079809
64786	-0.8242633551213077	-0.22018207619879449
64787	-0.2217310101041793	-0.030741839232191273
64788	-0.9343869573973277	-0.3786230803452021
64789	0.7873747351048248	0.18441218405327975
64792	-0.6781344675611108	-0.35502450833485966
64793	-0.37812496445392657	-0.07570587764095475
64794	0.5292311329129064	0.08245746969856427
64795	-0.28375913663170227	-0.3715870290977212
64798	-0.13403639474590365	-0.054572144223199365
64799	-0.6157998294369199	-0.1289556697615998
64800	-0.8423771379798599	-0.2473386417572679
64837	-0.07566664389630362	0.030557760402286416
64838	0.1541243695573501	0.239809494296482
64840	-0.33225851566810527	-0.264930778847281
64844	-0.03243191771935608	0.11871375652444499
64847	0.25819315145881244	0.03160028622141228
64848	0.45627318503892544	0.40154911164446927
64849	-1.9320099407691136	-0.4511974693475797
64850	-1.7516860433533887	-0.7379463017070411
64852	-0.22002203425606387	-0.08727759185577005
64854	-0.6294296377325884	-0.015454476732922042
64856	0.040223026362810554	-0.15542165499053398
64858	0.1875386276442817	0.3525337637579434
64859	1.9590546060109997	1.230865634722255
64860	0.20978955554057627	-0.1421874377033785
64863	0.9462258828099974	0.355148476918148
64864	1.0517311138566754	0.3301279002461372
64866	0.9668194860323728	0.5804819922100444
64895	0.8097458301027114	0.39048749072842603
64897	1.3374517161960755	0.28699916601449127
64901	0.4968887835272845	0.21724747012215317
64919	1.083253406393252	0.38095010547313385
64921	-0.23314029031336223	-0.12913654752653078
64922	-1.2817436369555841	-0.4190683698510991
64924	0.4399073046298258	0.20385536982036864
64927	0.05686756705842627	-0.36875405471485956
64940	-0.5782819425622892	-0.3279952370289048
64943	2.1352149334034243	0.7910765969841901
64960	-0.5682629705970068	-0.23047376199633796
64963	0.3548262281606108	-0.11835673676940654
64976	-0.47524498255717995	-0.3352234459486373
64981	-0.6360603081932014	-0.42929006415417903
65003	0.685169605545717	0.1855405833343618
65005	0.5588779071887757	0.08734039640563276
65009	-0.27433955258556736	0.06309776981984105
65012	-0.372228659825833	-0.34111057703186154
65018	-0.8602089805798281	-0.3764008367208693
65055	0.6372416881154408	0.10704556580528216
65057	0.6607254315603989	0.16573808311843397
65080	0.054038685165742166	-0.09204269328872938
65082	0.671475428160581	0.2982507305642026
65083	-0.39448690467127456	-0.07804531658007074
65084	-0.17651850682764236	-0.20725080879374197
65094	0.13282056963116362	-0.1439876458239934
65095	0.5137953598114557	-0.035415557827290126
65108	1.5492237798507853	0.5445566438717775
65109	1.1775465558102178	0.3316195504378654
65110	-0.2754225040150394	-0.06911773177474176
65117	0.7095544323751632	0.334070235956598
65123	0.3586670331784249	0.4013237489917227
65124	-1.718330923791513	-0.221422252429907
65125	-0.9773211822956063	-0.14211694603641756
65220	1.3584123639901406	0.8204935192108842
65243	0.5746511774460749	0.11070564770794489
65244	1.0142944891782237	0.19969708693089883
65250	-0.27280080133773904	-0.09838093397115631
65258	0.29926915854173014	-0.0204261419825887
65260	-0.16119222990549475	-0.09186029156973785
65263	0.2820809661222403	0.0993983564602123
65264	1.0734819039331316	0.5406221648850296
65265	0.8222795502526076	0.20604823149401208
65979	-0.7405063975320665	-0.4449852654050666
65980	0.35678630627252345	0.13878587754151855
65981	0.16272023224217208	0.03101680867565238
65982	-0.45169238224984753	-0.4104459974450547
65983	0.5098869845515694	0.24715097880170717
65985	1.1162327977608948	0.4772683910873713
65986	-0.9990853647953908	-0.19850826156581883
65988	-1.0256643334089517	-0.46058440139188156
65989	0.10497489843748575	0.05091895488796528
65990	0.789835535383897	0.1475640606613788
65992	1.9558685397873403	0.478405668964272
65993	-0.3204406191729601	-0.22171790123275587
65996	0.5422030130915957	0.38459056824773613
65997	-1.0608763840328068	-0.19840454378417743
65998	0.08029836149655387	-0.38406678679002243
65999	0.11277053462213381	0.18794175515158673
66002	-1.1645984473005941	-0.4071549036883007
66008	0.5188817295038431	0.005146938794739243
66035	-0.6662522161257066	-0.6743339729462341
66036	0.494187478207216	0.046185321454892944
78986	-0.7111351648043839	-0.36761540882193533
78987	0.408779482481502	0.022530937882352442
78988	-0.3468737584675976	-0.37800582489994783
78989	-2.0605232110735856	-0.6935496841892121
78990	0.4484855426103196	0.19693666630883377
78991	0.19121868784291962	0.022404824660637923
78992	0.3924298121150001	0.12167487814310467
78994	0.5086583474968552	0.23477958027327633
78995	-0.663747601553728	-0.3310128894327013
78997	-0.6318708518355368	-0.3368892900431428
78999	0.5945923541483883	0.2410297887318355
79001	-0.03911336587609235	0.004843948089848806
79003	1.1009730776665172	0.12705956698357146
79004	0.24693893411682682	-0.14248921730587724
79006	-0.5581257483954325	-0.33025955199161094
79007	0.28194161731808126	0.1458614978049404
79009	1.409441355864948	0.41617373440412486
79016	-0.025827504212119906	-0.13698455684002664
79017	0.48349294603408866	0.29685215189824965
79018	0.01236906504980717	0.011336285719136613
79022	0.42818336366735044	-0.08532473479996683
79023	1.738233749346328	0.5418925206873577
79024	-0.4429829695686681	-0.22517765983418825
79026	0.46270155144262537	0.36136962886936175
79029	0.9051316987484452	0.2704166901052719
79033	-0.5278037161065693	-0.16912467442955614
79034	-0.15781236046617358	-0.10157215758155072
79035	-0.4708417949459176	-0.3364483768725012
79036	1.8568850566777333	0.662581989756313
79037	1.1600091226579132	0.43709397132784356
79038	0.34362460527441124	0.15278150986613656
79039	0.2486053214082787	0.13567845598081346
79042	0.17458959385694472	-0.1893805104616693
79047	0.7374693514591406	-0.08304157650128816
79048	-0.1880763331102052	-0.2008285784714853
79050	0.7489359270569494	0.40515308402379885
79053	0.8775588478714914	0.14243138983017137
79056	-0.6687326510557428	-0.05447425962430097
79058	-0.05783640675842881	-0.2942538763780695
79064	0.5300282572720213	-0.047198294662373325
79065	0.20655074632235249	0.004237824469523498
79068	-0.5664379870529378	-0.24795091768099947
79070	2.104598800089454	0.4305918592148257
79071	1.7392509444834199	0.7773164207345726
79072	-0.29803694570243566	-0.23517415549861398
79073	-0.6178472951188555	-0.1985295416872062
79074	0.7700893968722544	0.11719479311125973
79077	1.6595987723019996	0.5912766679412274
79080	0.46674724686749486	0.1703447705557492
79083	-0.32980426344309727	-0.1447453528561323
79084	1.1890347674267825	0.4806080518094451
79086	0.38637131405662906	-0.269254405738973
79087	-0.01953784003442941	0.033132778854973316
79088	0.29926326568610767	-0.008203213373984303
79089	0.4035982305647942	0.028348339362287808
79090	-1.815299126521618	-0.6758853510125945
79091	0.6397587938258682	0.22540722948668002
79092	-0.47467304082975464	-0.1736795284771095
79094	-0.9919038554995098	-0.45007649864612886
79095	1.0129440656319106	0.3162021256637003
79096	1.0112816792910369	0.1956391169340592
79098	0.6077299559677111	0.09886972790557555
79109	-0.5206943986204619	-0.2057572966391953
79132	-0.16620647181261247	-0.23019336958235975
79133	-0.7403633184355219	-0.26425719158300065
79134	1.396891116886073	0.3780833567987449
79135	-0.6014708083310922	-0.27381435991224223
79137	0.3678715906473061	-0.11649686188722891
79139	1.4507215405074487	0.6356745667626005
79140	-0.5088003594567311	-0.41183189408716925
79143	0.2505522027021948	0.010893760841108505
79144	-0.04183121120565968	0.008832020997441525
79145	1.4003409425917073	0.5404757794032851
79147	-0.2132560468501619	-0.15930437654185697
79148	-1.0024473302211088	-0.13612415238539838
79149	-0.17976422258373154	0.020518657449224043
79152	-1.019016394089639	-0.36306592513706976
79153	-1.2217609599619772	-0.6257304000496869
79154	-1.568421841369723	-0.5878932153166607
79155	0.844622259316298	0.5238162693537252
79156	1.419162549764017	0.7957348696408764
79157	0.38546127568965854	0.019767167626303442
79158	0.5783888095943363	0.22292476013831597
79159	1.142656777064654	0.3220152468317165
79161	0.704685465137926	0.11721309901132729
79169	0.38349006689570914	-0.091206121884981
79170	-0.3782260441357816	0.11371194787394678
79171	0.1498915987576244	0.036814287739479194
79172	0.4894983496029898	0.23068093132356848
79173	-1.1864526472678625	-0.5725766640438608
79174	2.2212530889266953	0.7432873758285672
79175	-0.15717676975431272	-0.1428392298886358
79176	-0.09410833695443777	-0.2457875473582014
79177	0.2945912110847299	-0.1165694209303472
79178	-1.2751873513894456	-0.48012759620981316
79180	1.203635728368344	0.8218993682285018
79183	1.2225792937275568	0.5965481142184975
79184	0.5814300871753262	0.09317647072708707
79188	1.4044502823744756	0.5506473521447386
79228	1.2382809854265961	0.34230554349281783
79230	1.708130625948454	0.5354032641800601
79269	-0.31608193862742323	-0.18250083696118632
79363	-0.3955026220258268	-0.21783788310031427
79364	-0.30121267097930693	-0.1506759182424671
79365	1.030259817232387	0.35973739356305223
79366	-0.7495553913100927	-0.21806598231472243
79368	-0.27589243438625055	-0.026040479135707076
79369	-0.8796390931277784	-0.2391893951387304
79370	-0.5177186969729775	-0.23228837737334976
79411	-1.0157993340741471	-0.5658642539633776
79413	1.2307093246146659	0.6115988249743938
79414	0.4577375503527207	0.15339875528095773
79415	2.2127901479424583	0.7802254972853198
79442	-1.1314856523813537	-0.091061234371087
79443	0.7512545983371979	0.13421417721709958
79444	0.05366428911184866	0.061289228358003545
79446	0.3758814205439744	-0.10035422928118154
79447	-0.3844758269047451	-0.38763077691568176
79567	-0.15418728566971301	0.01906414968233633
79568	-1.058993099137286	-0.47112775083639774
79571	1.056551300568593	0.21299952542001077
79572	0.9605927783710917	0.43941761135453516
79573	1.5865766656342872	0.7290472452196994
79574	-0.5826014212828512	-0.13146326672559153
79575	-0.7674942363510006	-0.20062524029731232
79577	0.1273935972166608	-0.07142984467868742
79581	1.6345241888522808	0.7230788668547723
79582	-0.5566157761159278	-0.48043876195802004
79583	-0.09736601206019183	-0.15851685735661913
79585	0.6850869726041875	0.3413083116076766
79586	-0.7412597555143088	-0.27922308057405254
79587	0.6514840384091564	0.24507914475150325
79589	-0.4635375098545835	-0.13649730343726996
79590	0.2291811252412324	0.004344465390389601
79591	0.8797826451995076	0.35335329458104114
79594	0.5012727361122737	0.09955935769148608
79595	0.13552774074502144	-0.03712642593690283
79596	1.357809372776803	0.5019744875635533
79598	0.7059813462678513	0.10874496937903735
79600	-0.16132638933183252	-0.40984213423878024
79602	-0.3691206782950023	0.1569148009973867
79603	0.11692332739413708	-0.0900723121638377
79605	0.25330801600045166	0.19358521086965505
79608	-0.6442014265914002	-0.09514166443646466
79609	1.0213794521762698	0.5188702057241723
79611	-1.3546728699842516	-0.448344749661712
79612	-0.17970346300501455	0.006813572156006767
79616	-0.5673009238352257	-0.31797301551082285
79618	-0.2494673109749942	-0.27124696376301294
79621	1.6870388903047209	0.5432933164393549
79622	0.3387188912752843	0.20420933080790027
79623	-0.4777209565720404	-0.4520324324412277
79624	0.5015195135131734	0.040783880630899196
79625	-1.1994680749333746	-0.23030715479202873
79627	1.2727738487669433	0.7204237802907425
79628	-0.7690703900700225	-0.2762751693245158
79629	-1.13657352292023	-0.41594236193822975
79630	0.5184121777147497	-0.18373819392632737
79631	1.4875744527727437	0.5124530108285674
79632	-1.2129511509004756	-0.4687485744008069
79633	-0.7217771675031217	-0.2564164620287181
79634	-0.33345316538246267	-0.27010284275155483
79635	-0.7455544086006252	-0.30419661087380956
79637	0.30124919099757347	0.2333128838203999
79639	-0.467227243352587	-0.16211094885247107
79640	-1.003514144541332	-0.5112046959765189
79641	-1.1927448043881725	-0.5196347896871555
79642	0.6453488737028545	0.17169331973966442
79643	-0.1721443118761942	-0.21863437264795477
79644	0.7356698568326532	0.43990988991530566
79646	0.12189984628902786	0.24155278195848778
79647	-0.4464480522287235	0.08788936350492849
79648	0.5803669152456901	0.052022573348548075
79649	1.3848663645449972	0.5394606204616775
79650	1.2677982538220032	0.7277575777510521
79651	2.0477087881954024	0.8026201488246765
79652	-0.6228471595191094	-0.5857175807609749
79654	0.029326238735216892	-0.031268080810364154
79656	-0.566506512774693	-0.6842826219433276
79657	1.0233717797506658	0.3478232863670485
79658	0.8357238245769509	0.47922296676198295
79659	-0.4841355762362582	-0.19599938682876683
79663	1.371042642912656	0.42162586392546664
79664	0.10172505296686868	-0.053982967729667944
79665	-0.016006497001046116	-0.10648515567469191
79666	-0.7683477293368681	-0.32173344781247776
79667	-0.599219344231446	-0.5179334794886876
79668	1.0036964526158014	0.13984870260386179
79669	0.980809771241848	0.7201879180378528
79670	2.021391644889439	0.856922440871196
79671	0.5372194630977098	0.11799678426150612
79672	-0.23979509038860142	-0.49994600017083207
79673	-0.34075095336353034	-0.1852998289236778
79675	1.7135910412282513	0.6113618349938319
79676	-0.773748956328177	-0.5259092466574514
79677	1.0840034610641942	0.4822540650988193
79679	0.3771176641686014	0.08625710476882255
79683	0.00937226111776776	-0.2917420949801348
79684	0.6456937866206223	0.28141213219300865
79685	-0.10045642418387354	-0.07887475842217517
79689	1.316569918862132	0.9829653737931678
79690	1.4209552336888644	0.880991735309658
79691	0.928536236426093	0.222668290243512
79693	-0.691388199610558	0.057869330425799115
79694	0.23159296832511905	-0.03436107473889903
79695	-0.09497636844419433	-0.21279259171345333
79696	-0.924779774451445	-0.5619081046163574
79697	1.373005083104946	0.6019877025771375
79701	-0.12272629982704479	-0.1722830804916198
79703	0.49210194281445774	0.20937594059283207
79705	1.1698998963918608	0.6242954243096503
79707	0.4203108445742488	0.26843351082979977
79709	1.3120013453642863	0.6174885559633647
79710	0.5043600060360284	0.3829618035618726
79711	1.0876440441999193	0.6053697975335663
79712	-0.11251981688341905	-0.20462278401314987
79713	1.5217604225593937	0.898723611029841
79714	1.2891870439148005	0.11648608574654969
79717	0.090620795969414	-0.2292117722489197
79718	0.6306032164847944	0.17112740759235334
79719	0.7931988676866394	0.5171662944303891
79720	-0.11660487537776607	0.12524764710058656
79722	-1.0476220991364409	-0.4108707800545608
79723	1.048683975161508	0.19360926156382768
79725	-0.9384124940466624	-0.5194201206943387
79726	-0.619381929661213	-0.24446964301888982
79728	0.18358816900136946	-0.12267313732755775
79729	-0.23854917641668696	0.012943416462933843
79731	-0.7497815765424567	-0.308551990044634
79733	1.1605310434923108	0.7190347326388972
79734	0.016860073257405905	0.2680382599119846
79736	1.5419908268244518	0.25907843706655387
79738	0.3639236500915782	-0.3122889158376101
79739	2.311052495608057	1.0665186906513913
79740	0.709044883756293	0.4941584944265091
79742	0.18926432845438723	0.2749958977224343
79744	-0.13459309625558924	-0.25189826950489863
79745	-0.12424062598636582	0.5384355530875472
79746	-1.5743829160407123	-0.43545797139697606
79750	-0.7293037183168269	-0.14989659945988723
79751	1.071542083918329	0.47829870327897894
79752	-1.1245839385649565	-0.5128439893335682
79753	0.41756439812387663	-0.029760670462022725
79754	-1.1387151202216161	-0.5424333601191088
79755	0.409738985427157	-0.10765775918436471
79758	-1.2811665061986055	-0.6080879802750487
79759	0.7175979692281393	0.3425044898593175
79760	0.5928126364512355	0.14719086615629248
79762	-1.225602992374569	-0.4314562177098158
79763	-1.671838226466389	-0.4751858683654935
79767	-0.9851976084856919	-0.3843277010003242
79768	0.5045737173192207	0.3139344656138338
79770	0.7966561264275176	0.056934823086672345
79772	1.2888813165561501	0.5197889909405982
79774	-1.0900210952354465	-0.6253904150739096
79776	-0.6323522556489822	-0.31174263763380144
79777	-1.7829584639206582	-0.7060639636255414
79778	1.9365499392469234	0.5718424797463162
79781	0.37151822688798297	0.23874272788155343
79783	-2.1419494239154826	-0.6971368545113712
79784	-0.9384361883569621	-0.34774556960503783
79785	-0.2168839128357266	-0.382027618009669
79786	-0.6160567581334997	-0.24171982600280256
79788	-0.4069369678354611	0.05873472689099904
79789	-1.5245338025857738	-0.5279532495342028
79791	0.16605777759538534	0.06704670504845504
79792	1.0631321459901977	0.3709393130070636
79794	1.5692951442820018	0.25403862679810363
79796	1.2679915029523203	0.24191123625755664
79797	-0.07885853668224632	-0.10604202224916362
79800	-0.6049001838157883	-0.31581817762197123
79801	1.0345676447461079	0.6718277718203819
79803	0.2701838435011529	0.07480401435608056
79805	0.35712999791415434	-0.4541827875873639
79810	-0.044383652581163904	-0.34839879310516697
79811	-0.045767323694279105	0.006445815043647593
79812	0.2788172071152219	-0.17300212529441308
79813	0.31537784244250616	0.28964518823170715
79814	-1.9919263178842335	-0.7425422152336022
79815	1.107224465659056	0.4753458178721052
79816	-0.5399089359505294	-0.2418669001020448
79817	-0.05623340705093033	-0.2341449891753597
79818	0.35288882776499464	0.01605555130988406
79819	-0.14967202002062854	0.05630811784536273
79822	-0.7485787359079192	-0.3501390325690923
79823	-0.7139154154942354	-0.4609302544083629
79825	-1.0174478401082796	-0.4477490903811412
79828	-0.17757741346596725	-0.09694485621898755
79829	0.4573104478622608	0.04790335611301526
79830	-0.32660705318571404	-0.18455135076746212
79831	-0.19511148928908661	-0.1836406219827413
79832	0.4691828605131699	0.1374227088819223
79833	0.42346925365744564	-0.12952362495796704
79834	0.5941848668762513	0.333581693655463
79836	-1.4271305812896038	-0.49683701636282385
79837	0.011109202895187811	0.06866300091243464
79839	0.0723624141575642	0.17957652915015565
79841	0.37342615958951797	0.059941171507753924
79843	-0.018311397682045732	0.059423051943585686
79845	0.12952564399811073	0.029074880123431984
79846	-0.59422712963119	-0.33804282444610256
79847	0.7964022944977884	0.34836653732360046
79848	-1.8089387361997957	-0.6156666061999382
79849	-1.519446694212699	-0.592197684577599
79850	1.881401215562917	0.7564006417832541
79852	0.6156333268053831	0.42596343049136487
79857	-0.44022081183846007	-0.09859032627318812
79858	0.46290793153370186	-0.09437587244252524
79861	-0.9339574707719906	-0.4036217087401586
79862	-0.6548305878517887	-0.23983456235425768
79863	-0.4815973312285613	-0.3720808693460968
79864	-0.8910432012610165	-0.26906318721710115
79865	-0.6534197546154564	-0.10811048722479584
79866	1.7766663820966213	0.779479941559651
79867	-0.4484482022186186	-0.221565435829509
79868	1.0725996194751661	0.411347310357862
79869	-0.6385265233308042	-0.03471712648072986
79870	-0.07273831239393094	0.14054906831088856
79871	0.15981814564599964	-0.200063184750555
79872	0.9077819036396038	0.4400824888701531
79873	-0.07676333720817441	-0.1236505704608028
79874	0.5346781561767217	0.2315389944316748
79875	-0.5876086461552348	-0.34779386091930065
79876	-0.5491913844358025	-0.3691574522665555
79877	-0.2850526367608319	-0.113102036523024
79879	-0.14819322368210525	-0.10516662783756914
79882	0.5440877132580846	-0.023966998921195463
79883	0.047186315516201366	0.051322255297706385
79884	0.5900419799792794	0.23624642501562731
79885	-0.7001751555921096	-0.3247572329793279
79886	0.30999797073051755	0.14735868094264243
79887	0.551992310524373	0.2669615355833934
79888	2.3300325963262924	0.7036420129181677
79890	1.3063788485765255	0.6003984495282491
79891	-0.6628502314265141	-0.15097653940113642
79892	1.0047148251067122	0.48929574313398816
79893	0.7384517765459699	0.3158336436335162
79894	0.8825480394339258	0.277243680372883
79895	0.26462388781474266	0.18607885845596506
79896	-0.5339132983848016	-0.6241668254679219
79899	1.6129944506704714	0.5321121847776957
79901	0.7708674522235646	0.17075389345518532
79902	2.145339940735402	0.7019816583559939
79903	-0.12994767013072495	-0.1799691778771264
79905	-0.4678723183294219	-0.45439857059706784
79906	-1.0234966426330727	-0.43176067945601593
79912	-0.474435147248435	-0.12358544227444225
79913	0.895178159048494	0.1998042422044943
79915	-0.368799613854496	-0.07822411127087109
79917	-1.27504970239205	-0.3997507055759536
79918	0.08994734054556056	-0.08943774867158008
79919	-1.1636976477348484	-0.6514470471083411
79921	0.50707954404861	0.16841170900822117
79922	-0.415020025189621	-0.15782400552803694
79924	-0.9572558950420709	-0.3258024114073605
79927	-0.20974617682721286	-0.2064360673123207
79929	-0.797193654472315	-0.21288005183409614
79930	1.1682408688899812	0.9434799655976189
79932	-0.7170746837759907	-0.18187170708635883
79933	-0.15000582696276535	-0.05204047391236874
79935	-0.9281225873789033	-0.32585072757979083
79939	0.7690230231282308	0.2188045630252515
79940	-1.107480633419899	-0.5620984267728589
79943	0.5284028084608846	-0.03151939094953758
79944	-1.9211929221314785	-0.7746314966064697
79947	-0.008972245941335055	-0.0446388624546924
79948	-0.018107889774980235	-0.007817976011933236
79953	-0.87179509509593	-0.3550462484231727
79954	0.8810836264332051	0.1811468310387338
79955	-0.6890774333756255	-0.3366007046244175
79956	0.16019729477034517	0.05147591108975019
79957	-0.3708702723394521	-0.2110801904093756
79958	0.009636463354528668	0.2234737180582997
79959	1.735283021898987	0.4290012303484704
79960	-1.085611825011938	-0.02215779109287941
79961	1.8192032418429238	0.6146706592292478
79962	-0.3881373055327789	-0.5270040833045101
79968	0.6427777743644795	0.10171695038493149
79970	0.30435490061331966	-0.061701349804472234
79971	-0.5677968734833565	-0.314803210145565
79973	0.48699203525913665	0.1402897826439682
79974	0.13088061763205538	-0.03951341247756267
79977	-0.5528417237949953	-0.2729683316678677
79979	-1.2039002010807391	-0.34547663006186485
79980	0.5314329335204908	-0.02728768736846183
79981	-0.7956308964474873	-0.4321912550608856
79982	-0.06937584206598874	0.04898415502807263
79983	0.1030411213268222	0.018417659267187407
79987	-0.6705932933492986	-0.38001014594860405
79989	0.9887704975288091	0.13180110100623618
79990	-0.5811062506571794	-0.2937461791313111
79991	-0.348728232973166	-0.32893406509625717
80000	-0.9759600836520853	-0.42296637128902376
80003	0.09394853240628422	0.057413484105341715
80005	-0.27031795582852697	0.16745158731790094
80006	-0.39605036791016557	-0.18296106153383995
80007	-0.5097293505705383	-0.031480945578410954
80008	0.6204485427416417	0.4283085206356807
80010	1.1220618236698787	0.5107010177949385
80011	-0.12528270938709923	-0.16998094517464807
80017	-0.11706218756463627	-0.41450801978754703
80019	0.33387188345857693	0.3539321182427403
80020	-1.2096457015108721	-0.509693350766623
80021	0.6726982843251876	0.24414154682626393
80022	-0.39836464126060156	-0.3336865811584332
80023	0.060790335692973305	0.24510096819597732
80024	1.1476678984822581	0.6590893209958795
80025	1.9154793041084566	0.44006588039084066
80028	0.20015269850467235	0.010682601229712565
80031	-1.676270645161396	-0.6880253402337992
80034	-1.2574336726031312	-0.41190860068071466
80035	0.32483712631274286	0.05434467752673057
80036	-2.464999897298714	-0.8770021739433735
80054	-1.1073106075481727	-0.34891281584899286
80055	-0.6311504945160871	-0.4119004586783122
80067	-0.10476090172553627	0.027402917334832064
80069	-1.07345454740309	-0.4834059574705619
80071	0.48532959595797703	-0.15161250550654976
80072	-0.3744418435317356	-0.2670477782157975
80086	0.8685236856359557	0.36669805789097853
80094	-0.302544739397053	-0.12867122688384985
80095	0.5125510997540403	-0.03666786336764327
80108	-1.0573410996978363	-0.4227101440764048
80110	-0.1931592342592925	-0.035033317632093684
80111	-0.4594861825448428	0.10682131521659155
80114	0.2735269337308332	0.18567706065791015
80124	0.5599425444440966	0.21932273169415067
80127	-0.04645223187692832	0.12029431655173785
80128	-0.2391421954125852	-0.06684279287658748
80129	-0.2586995232595637	0.045162364070075456
80131	0.6300016793543026	0.2600046107707603
80133	-0.47081873682569975	-0.2273447750870486
80135	0.9967218666843656	0.3626925437105621
80142	-0.3638921942804485	-0.002144868761864163
80143	-0.4154336736350457	-0.35013730620486716
80144	-1.4987467325600092	-0.7186155517900954
80145	0.4382649813320897	0.2603838400357468
80146	0.23648080947969413	0.0040250205913436934
80148	-1.0031186851652627	0.03239960815347363
80150	0.12861501437718112	0.13618583399961653
80152	0.35861393528327784	0.09840740445781651
80153	-0.053910926178426855	-0.10342371313998201
80155	1.5917047497238783	0.7107120956917672
80157	-1.6149086791019718	-0.7474706492540875
80162	0.5958598235429139	0.24288698535989905
80164	-1.201010854730159	-0.4645451322127465
80167	-0.14174960204910386	-0.10314938959982169
80168	-0.38934702582749814	-0.16239605063071835
80169	0.767672756035373	0.09399899855722608
80173	0.35141753544146176	0.09528067369361617
80176	-0.31911880797533876	0.5637097110818088
80177	0.13328260442560289	0.1329108430645843
80178	0.09524734910545068	-0.021569127070175304
80179	0.13089737411299185	0.3031383062733013
80183	1.476232811331661	0.7965581620184592
80184	0.26141241385869374	-0.005671262757164883
80185	1.3021214659256588	0.2564665340684669
80194	-0.16431509365226993	-0.2798217982411968
80195	-0.7074951641096396	-0.3697593281841006
80196	2.589532127188072	0.6837289041218293
80198	1.1350853770720382	0.30533605960153803
80199	-0.8737190103893666	-0.35169574824843175
80201	0.9981889368342205	0.4374876431845345
80204	0.2297596987777598	-0.0006119226234585773
80205	-0.36224413805740885	-0.07121894323051076
80206	-0.048191123963889596	-0.04759972982896176
80207	-0.3848972860392123	-0.11610327984208343
80208	0.33026436536441545	0.03864256437549861
80209	0.922991310308739	0.42198064106849653
80210	1.0076440895688263	0.42100061466098243
80212	0.6508751767278207	0.12565341561118834
80213	0.36119347861282053	-0.07212331857057948
80215	-0.33983406063379507	-0.2639386810992084
80217	0.13619621114648245	0.0611415006127526
80218	0.12654948137802358	-0.021513472088544365
80219	-0.27107549752541915	0.059638064655496634
80221	-1.7305767938182064	-0.5038541427243459
80223	0.05980622900544694	0.08495899026145315
80224	-1.0004948524915027	-0.6187962427293892
80227	-0.7418834889777584	-0.36672193966721
80228	1.1013611594586923	0.3883367541268282
80230	1.599141698742067	0.4220520704608398
80231	1.5625329958681848	0.8456186277877616
80232	-0.12236451430112985	0.08909219421401118
80233	0.8730024720450243	0.39993993521059856
80235	-0.2154060723388231	0.1078377747524053
80237	0.8469417234921891	0.11042327587867229
80254	0.6000982909840209	0.1999361693371211
80256	-0.20145470020626177	0.029964660833179474
80258	0.04099969936826056	0.0665385740361808
80263	0.6073108115969772	-0.14428571801442114
80264	0.2549003760013915	0.21172091742327376
80267	0.16714879164958704	0.13165215606376712
80271	-0.136253577030293	0.5140113429393492
80273	-0.5670723867055926	-0.06881755714886528
80279	0.18455087839027945	-0.0725544844399928
80301	2.3189570120063374	0.8175287693805913
80303	-1.0147082391547502	-0.6009213909204281
80304	1.6033194911770203	0.48547629336092657
80305	0.9196459404939068	0.43021486583177004
80306	1.5089534257481274	0.3914509372416158
80307	0.24282452351169798	0.2795508831670062
80308	0.6273500799971535	0.09187183768151005
80310	-0.26639090437142576	-0.4466265634771721
80317	0.083795999720511	0.018743733814921636
80319	-1.3763849010028413	-0.6408830084120968
80321	0.363800608584787	0.21755578378442691
80323	0.12488643794324034	0.3338457883165409
80324	1.2634100493303078	0.676124790884147
80335	1.2969350339390893	0.5229555981258728
80339	-1.7598676979351588	-0.8556612700249737
80342	1.462067683673402	0.41109896294150666
80344	-0.22913041343796695	-0.17279715658854838
80345	1.3274003926011062	0.21972922875140044
80346	2.0807334315969195	0.6969763224698732
80347	-0.23561481661176947	-0.16083464622043517
80349	-0.05532901598425645	-0.15351818524143038
80350	-0.364182814418479	0.05397119208280113
80351	-0.5266862753771565	-0.09950056470536006
80380	-0.07644619510530368	-0.06660085100575308
80704	-0.3657762947531073	0.013611598802192273
80705	0.3277557458908312	0.3338973826512418
80723	1.5990429296708066	0.52792384554445
80724	-0.4222226145384774	-0.09536806217001756
80745	1.0421927826641277	0.2752969635737737
80746	1.064364455314149	0.2896765244275063
80757	-0.10716923657126434	-0.18204404028794136
80758	0.199848480776452	0.02776545381704984
80760	-0.753544242544128	-0.23976815988152916
80762	-0.6271581555540386	-0.33915813299168
80763	-0.1269349867902736	0.3264131420914977
80764	-1.1520454595279923	-0.5155230731320266
80765	0.3412336509168905	0.05089524087480314
80772	0.13619295870672024	0.19722799851916015
80774	0.517779991913059	0.3315989486517642
80775	0.47568609763541925	-0.0679255611455723
80776	0.6643011657926187	0.25314992895486177
80777	0.3682385084944171	0.05893783820947948
80778	-0.9175438188898543	-0.44113858359827196
80781	0.42916125743899	0.12896122893399314
80789	0.4088433147759405	0.15613291734115592
80816	-0.14848392208708616	-0.228559488374143
80823	0.08194058687373323	-0.38715688234780016
80830	1.542014630113271	0.7219573895780406
80833	0.7416176896349138	0.281291104090309
80852	-1.109489680663218	-0.5250620264830146
80853	1.0079696847412962	0.32524240385578135
80868	-0.35781742282425627	-0.06202462666628011
80895	0.5553059275681311	0.26224203106451655
80896	-0.2364054808500637	-0.007627117614372778
80975	-0.18265029233494545	-0.05290841851172938
81027	-0.20190030984176527	-0.22707994047745805
81029	0.44026999382036475	0.10983901739577658
81030	0.003250977318152354	0.14882215604250976
81031	0.48473836167344103	0.1753379750769467
81033	-1.3039715145514075	-0.413671356478441
81034	-0.1875368159886267	-0.016129625840119066
81035	0.3092479177023192	-0.010351604747707507
81490	-0.3064052654351302	-0.3039884895982962
81491	0.24378823809204297	-0.07964178714766391
81493	0.7658116624480993	0.29046352267830733
81501	-0.016698986064766608	0.39250321297418034
81533	-0.1237302842168877	-0.15167219638712312
81537	-1.4568035222415459	-0.3623956838749412
81539	0.4680334198640114	0.2955856587827599
81542	0.867783942451898	0.4409397537874621
81543	-0.7044983419209919	-0.21947853203623702
81544	-0.24953827143436375	-0.2690676565216006
81545	0.47179130840130723	0.22733191705098602
81550	0.5787854245959034	0.042267859715489776
81553	1.596613035207077	0.6767700767800304
81554	0.07859120862867894	-0.3073930277970151
81555	0.6612996381378538	0.3427474672328142
81556	-0.4138288019937181	-0.22597198598670235
81558	-0.9727140322305776	-0.5107453134442904
81562	0.2908170476601808	-0.1885675851336963
81563	-1.3573943551203627	-0.16466249768016228
81565	-0.14883387445561339	0.2749371167098513
81566	0.05860811538534322	0.1978428560683454
81570	-0.4807002793435783	-0.1424421750138772
81575	-1.28410481570311	-0.06112450055137344
81576	1.0358016095929794	0.3370146813081766
81577	-0.47548214155966206	-0.3063560738214748
81578	0.10796880157698777	-0.38813607618877477
81579	-1.0857709337495183	-0.498100516115663
81602	-1.146761682342222	-0.5203036470168034
81603	-0.46194711689665335	-0.3689487991347885
81605	0.2932894808143963	0.1293949036791119
81606	-0.09741886276603434	-0.22127318173103638
81608	1.195282093936782	0.2916603161796321
81609	-1.0831852558825685	-0.2466630122823427
81611	0.15950055864982798	0.2211825121602504
81614	1.0625077833987502	0.27854929466323014
81616	-1.6046721110961821	-0.7903895525332947
81617	-0.8822481605966677	-0.1705714556580095
81618	0.7856108987884174	0.053663134047661015
81619	0.5492195320352373	0.326463411036078
81620	0.6186216283820649	0.2714893769251083
81621	-0.3672169021455556	-0.24614936353546712
81624	0.23116174588873437	-0.029669479930511597
81627	0.43687587497079833	-0.15426806144880856
81628	-0.018836795440498766	0.016893205091873104
81631	0.4814546046580843	0.39863240495738267
81669	0.4561176203078655	0.09830509234860832
81688	1.0333987459492473	0.5677403203832696
81689	-0.8274108807660834	-0.27491333147353636
81789	0.7433900022941919	0.346941452361217
81792	-0.725545843047566	-0.19879870097780244
81796	-0.06320368342734428	-0.08586597166866193
81831	1.7544289851877441	0.6127722235628712
81839	1.0968412904494176	0.18605510480833404
81847	-0.16351060224757866	-0.28659108566147984
81848	-0.8328600771309735	-0.38117976103457846
81855	1.2591091913317045	0.0999940123359871
81856	0.15382156039626943	0.15305922646749506
81857	0.1707044060332975	0.14894955797108003
81858	-0.5110105298463916	-0.16310971958198445
81873	1.8927415164009243	0.7240400078291652
81875	1.492146758239	0.5363477827406087
81876	0.21880065845561258	0.1970525225583878
81887	-0.4608141305305825	-0.28664293960035064
81890	-0.35420482184378155	-0.2812903943056297
81892	0.3544642318340563	0.10329801386922598
81894	-1.1362848724945092	-0.3862594168342145
81929	0.5625377297983689	0.5252586472077172
81931	-0.3432252092220587	-0.29282875545952347
81932	-1.444170908438739	-0.6283528600837931
83394	-0.7598520952532493	-0.3247007312035236
83439	-0.9204537050248731	-0.48734917086604335
83440	0.41315340649646415	0.14830352653802928
83442	2.710713212447736	1.0084657833941248
83443	0.39790840654727	0.011831732744214027
83448	1.0750911050135499	0.45869981962959516
83449	-0.32083065424560653	0.09039964444884935
83450	-0.9263820221198685	-0.5596501721091226
83451	0.6727372951222902	0.2505734546572368
83452	0.19043029508869525	0.14654159812363676
83461	0.9326112018713768	0.5335743561494924
83463	0.0879642752092746	0.17443004566469117
83464	0.7780585709358716	0.4733026241408833
83468	0.5553072781210391	-0.11435583587322048
83475	1.0755955494958012	0.4350951513942053
83478	-0.9300473153037618	-0.1929562234315292
83480	0.4986537922985361	-0.14573753489372276
83481	-0.34665929884823704	-0.035930315267762615
83483	-0.06706745759543808	-0.18570157618938454
83604	0.0779280898819126	-0.09417264448633833
83637	1.0069685943707465	0.49405350482118227
83638	0.7181948422647944	0.16264919099538444
83658	-0.16114160614213807	-0.1417931102090938
83660	-1.6665802038355921	-0.5825369184908528
83696	-1.0765211892598694	-0.4508661016697173
83700	-0.3247618365007191	-0.12328342955805525
83714	-0.40372577140680815	-0.39799345358771204
83716	-0.04918131446456994	0.3457199037339625
83737	-1.0412254745620257	-0.25534146294838383
83743	0.44817489970410407	0.14017997715127473
83744	0.4714449186445254	0.02609267310958644
83759	1.341099744371974	-0.08355267791667853
83786	0.9117494961919818	0.6154951642603774
83937	0.8731012078618519	0.7036419085196833
83941	0.1661838621910183	-0.007746313168678937
83988	-0.9593081796000772	-0.5411157301227393
83990	0.7978092657964271	0.011045185436360391
84060	0.48559205054760296	0.031304825942775186
84061	-0.27452117285266714	-0.2151864748209335
84065	-0.6884808213051732	-0.36550266956075905
84079	0.6124600935960783	0.189418621360661
84124	0.12784082069830338	-0.1413538718355923
84148	-1.0675775842968518	-0.4005774160772252
84159	-0.4393047234677885	-0.12628781574027398
84162	-1.0031637175433326	-0.38148535940966266
84164	-0.1295331292780314	-0.11994512017580934
84168	0.20714394946696085	-0.10128784177474269
84179	0.08127921876832142	0.07303809740530831
84193	-1.12069504004167	-0.5587981292386124
84196	0.7619431387988373	0.12695589342040223
84223	1.3189055304158428	0.7459993480210818
84243	1.3441200812658671	0.503102099082932
84263	-1.3753031805340306	-0.6235082830720167
84271	0.4993392055509721	0.053085442840242095
84272	0.14690940801009122	-0.05032423474134112
84288	0.44091759427474553	0.2603347421054234
84296	0.4657434148998314	0.34067139241863265
84302	0.8531920016518745	0.4496663572034605
84364	-0.15960723008460398	-0.1806020080879816
84436	0.6225643353093427	0.19923020294679547
84444	0.07107406093194951	0.0663928158676914
84516	1.0394679441064563	0.3453494513152303
84525	1.5648526416314117	0.5090523608520828
84549	1.5742386157607016	0.5609214382707302
84561	1.1128117847041554	0.4922425725208772
84612	-0.8313789899538633	-0.3960979683856208
84617	2.2895565147490626	0.8655418555798928
84619	-0.8086729883579988	-0.44793345015762703
84656	-0.9789459860303684	-0.3111119289440366
84658	-0.13610828543809367	-0.07602673502075986
84669	0.8640689487377676	0.2149901949356005
84679	0.3430084541844817	0.27108475431883283
84705	0.10631517275377239	0.0069483215933044545
84719	-0.15785702391249506	-0.24603349025855903
84720	0.18756625127061216	-0.22966843099601436
84722	1.065958643031423	0.2520184126716918
84726	-0.7537173258738802	-0.4725895551794438
84733	-0.302362069805477	-0.18472529493948775
84759	1.4006636811998527	0.2314174820516992
84790	1.632079412382267	0.817637277341672
84804	-0.19136990942980148	-0.02044369390768662
84809	0.12519453534511854	-0.0821201102526655
84818	-0.910555730019813	-0.33633795389367316
84823	1.1346085746620043	0.5719415700610486
84830	-0.25383745500438715	-0.1644051641757961
84861	-0.7979457663951133	-0.46189994466627315
84864	0.3506101086832149	0.14374241683577588
84869	-1.0175517229059001	-0.6311995366165191
84890	0.6418409595410342	0.07167866650278165
84898	1.3385833346762785	0.5661188810277084
84900	0.5468983977248593	-0.012954243528958097
84928	-0.6596693726103735	-0.5002808122818452
84934	-0.20399397951712603	-0.24112838475698914
84942	0.7381410080323991	0.028966966625090712
84951	-0.7844981166012717	-0.1870056615123336
84975	1.601754263966309	0.4627315320451472
84986	-0.6034670845588587	-0.2401518859760438
85236	0.7628603286356803	0.21011826304646014
85352	-0.49065630824684914	-0.5377839552742097
85360	-1.2332228051917	-0.318244109566315
85363	1.2447134900845613	0.1791256238353626
85377	2.1120900089015175	0.697972469945028
85453	-0.34645828818529756	-0.0845623443038449
85458	-0.8267789300903259	-0.01665819034353062
85477	-0.3178519446496704	-0.026551384375736734
89781	-0.037429035633630786	-0.3374851329751445
89795	0.3091475601567597	0.26843109047291597
89797	-0.051075357680916866	0.18821793188421257
89845	2.292278986853203	0.753499548086513
89853	-0.4228099963237809	-0.20742439343300784
89910	0.34569388892525577	0.021714302753571363
89927	0.1304277434575741	-0.058527706706667806
89941	-0.20435003968505752	-0.08684686161679374
89944	-1.5448902060389842	-0.4285666198419788
90121	-1.0481569108482707	-0.4988511539834871
90141	0.5334380946273514	0.11135395159173259
90233	0.2400916637337614	-0.17863267543890402
90273	0.0024609679852167776	0.15977786269727742
90326	-0.22886531946514907	-0.3070228365652369
90333	1.131684594906359	0.3000425146813945
90355	0.9695886880478621	0.44859650630753545
90362	1.3007064692881327	0.3751644486394339
90379	0.2850675746177639	0.025087506931039165
90410	1.04067227913213	0.16951563474946876
90411	0.18168376810667336	0.09515481765992997
90480	-0.023292316719823014	-0.0863072780608557
90485	-0.40129640133174727	-0.2533086433558828
90522	0.645297846247609	0.3634458889753477
90586	-0.6843882421393108	-0.18234788882986067
90627	-0.07909981893930328	0.25817831784751555
90634	-0.7997936305332154	-0.37380084246570316
90665	-0.4337582342626661	-0.3353327125259209
90806	0.6690419648387111	-0.00136207834212837
90864	-0.5716552540687124	-0.24467900608793752
90865	0.692794123679042	0.21506249622732487
90956	0.36728255340177174	0.38272277992746856
90957	0.29823908105211605	-0.05137687122744458
90993	-0.7462428250259406	-0.2865073878286137
91120	0.31151574807840904	-0.07596826284705928
91137	-0.5597841264764131	-0.15685816302344177
91289	0.12340807574013088	0.16456840863122824
91298	-0.27428403176426003	-0.19893565675462166
91300	1.157982454513105	0.768229289653384
91304	-0.275319550171021	-0.09991727958052343
91316	0.6617599126203936	0.30797631476848264
91355	-0.014404617411357526	-0.212528272424102
91369	0.6026447406697262	0.19206367573545405
91373	-0.4646073248533218	-0.37910503579283766
91442	0.03221523448814753	-0.10138941174227234
91543	0.21551685958364392	-0.03965515329567052
91647	0.7869390996074401	0.1258922931644375
91754	0.2378377441764936	0.05059871896512318
91775	0.5107951033790479	0.34239772393100854
91782	0.6419336714562951	0.2599755213912764
91807	-0.7655826708683449	-0.24343302525271296
91851	0.5375057965684419	0.09730557085053343
91860	-1.332618751150732	-0.5624149545651187
91949	-0.5871943956856677	-0.3317116479543718
91977	-1.167049556913033	-0.4285740883311176
92104	-0.502617649283415	-0.2923437591484242
92140	0.4666405130811825	0.22229668936206923
92154	-0.34461902694721835	0.125309585860057
92170	0.05510470014656349	-0.037902130333154274
92211	-0.005942887469213204	0.2532106650230307
92249	-0.3135918840435167	-0.354873723142206
92335	0.7657404626247061	0.34133349140196956
92342	0.788025981500591	-0.036963727738202765
92482	0.40028992941670105	-0.06498345992334181
92483	0.16683168665162426	0.1568950953915466
92558	-0.8779358687436185	-0.21576182760103388
92579	0.6681739024299315	0.46096956228516783
92595	0.5429900829257904	-0.05838595210064517
92689	0.485513133020403	0.25441711941520506
92822	0.2652746056146703	-0.01175586620261948
92856	0.41804416470056355	0.23618943544815368
93081	0.19501468165500777	-0.02698076503064789
93129	-0.27700193469422263	-0.2716801933919028
93164	0.09353985286201173	0.11698193026699376
93210	-0.4461942586324543	-0.12078001064148351
93349	2.402631378115248	0.7080459666891221
93436	0.4395031250803622	0.17544452695648527
93487	0.027775966068909613	0.08155984206526579
93594	1.0347649233114813	0.40682657977128467
93643	-0.22212970312563068	-0.15204963576149136
93664	-0.7397312023881304	-0.46607096951533106
93973	0.09664898757545663	-0.23255520627808596
93974	-0.35655045596397306	-0.5226537850314936
94081	-1.5727210559209275	-0.49534392914295056
94104	0.447709282809762	0.20563372953146997
94134	0.34518956921693844	0.12038178519053722
94239	-0.8537183960248549	-0.41251936039298814
95681	0.8269878008261202	0.20711427036778476
96764	0.14239264575894586	0.10035846492150191
103910	0.23768258123206587	0.13457737619258944
112399	-0.19236318308323683	-0.18557478466674276
112464	2.0472618325373007	0.5959904813047556
112479	-0.3612237194649618	-0.05985249793791284
112611	0.8429047375787425	0.05332717931191772
112869	0.5383913260598912	0.004906598939404511
112950	1.0427432031559043	0.17542260374833948
113146	0.5322073190790203	0.30815792427827365
113177	-0.3240693916131374	-0.1001900127336607
113251	-0.3433223591222357	0.08415664100324197
113419	-0.20728881034955754	-0.23026940610519314
113791	0.19448339279100113	-0.10803056913177037
113835	-0.47871637954643265	-0.37298995909016874
114034	0.08752834146427979	-0.22253641125784174
114044	-0.6568974908691918	-0.607572766156374
114049	0.312060884036784	-0.08381455287037196
114088	0.4182088844761946	-0.17871485709634669
114327	0.5606653682312581	0.1248134020497146
114548	0.6697007099979204	0.5662205985007579
114625	-0.14509190064322902	-0.09040678026438212
114791	0.45155389182024575	0.015323360377564552
114819	-0.2475527021288154	-0.08127219057141766
114825	0.020044070568856293	-0.13963254054974622
114876	-1.0075627831990779	-0.3511273893253582
114881	0.17392099392456595	0.0937155467552042
114882	-0.45830990267311333	-0.12030096000480953
114883	0.038371382703192514	0.07484722363045933
114884	-0.012119543110057168	0.12274566604929535
114885	0.8394888632100471	0.5182891612796487
114897	-0.16373399103795033	0.0842801538117793
114899	0.23830182522001203	0.10982817783824785
114908	0.8974880160902154	0.4590406633301438
114932	0.13559730666933578	-0.19645207462787279
115123	0.6004196059526997	0.2222244454978429
115201	0.4848500012432039	0.019336952853401555
115207	0.43015352514209854	0.17173556548678054
115353	0.8466015010519607	0.2055072935307321
115703	-0.8668485061676086	-0.18195892352114446
115708	0.02016420454315676	-0.06833702430298608
115817	-0.6155958205735714	-0.5434152052813839
115939	0.38482080306081634	0.06976553334439334
116039	0.2678774887187192	-0.08845899874346264
116138	-0.5212749586223948	-0.2497727704821343
116285	0.3656655314721603	0.4432727064876082
116372	1.8488143540697914	0.8237090720417746
116496	2.185095896382728	0.8096847362186029
116828	-0.453746614555838	-0.30188003391612583
116832	1.3348774291811862	0.43626841647019177
116984	1.142100080347	0.6229485546221201
116985	0.030027690270115037	0.1680667350663473
116986	-0.4667772710307661	0.0012141976648617214
116987	-0.7429756057378651	-0.4203851493787277
117178	-0.19241147354578692	0.10812584219284958
117246	0.6016281348334221	0.05083734016866085
120227	0.9524068185858301	0.3699554961221299
120526	-0.5860156731710201	-0.2671313378769222
122616	-0.5737659387062293	-0.3123951191674141
123803	1.4789211998405787	0.5492137005482316
123872	-0.46944322933665117	-0.1466185959758458
124044	-0.7950956914565399	-0.28903376977967116
124152	0.17018121649433282	-0.10165701472256294
124222	1.4674976173251735	0.7254234103761295
124565	-0.798276729502632	-0.3246796546654169
124583	1.4976933175806466	0.6002808047317082
125058	0.8416599250390042	0.33499682707777545
126208	-0.37245757134485513	0.004420077014347545
126231	0.6160643568500438	-0.2214571060685924
126298	0.5498273652974578	0.1671988369429595
126299	-0.06946736140879184	0.006760201419875572
126353	-1.0381765253373654	-0.28133420588765984
126393	-0.5490006343931517	-0.19245579767797355
127544	-0.28281773001696997	0.06947627962241842
127703	2.005685821281057	0.8089958457178907
127833	-1.12642209329255	-0.303155292080092
128553	-0.2949363228205307	-0.12195650286316181
129080	-0.018230173469134248	-0.1435494376570952
130074	0.011163280090677838	-0.09886036362959891
130872	-0.1028693848849915	-0.13366170154844542
130916	-0.38274801944003	-0.13822972601968225
131408	-0.12588203146129734	0.029375570052876
131544	0.9517703679299684	0.43871272457416205
131566	-0.09406369066079276	0.16181167968855573
131601	0.16172507530911823	0.04793225479317392
133619	0.7344919782340932	0.1759346010862855
135138	-0.7187724797252643	-0.19365948021528157
137886	0.19225292363742322	-0.046268363929808806
138046	-2.130078922505147	-0.7314606974809166
138050	0.9836322520622337	0.4068266022125435
138151	0.08821416672247231	0.21785297711371077
138162	0.46787816120949627	0.39806358037420136
139322	-0.8125016554944791	-0.3991611330407554
140459	0.37462084764213677	-0.0562896816579089
140460	-0.3989650307273754	-0.11338732910039175
140461	-1.2447297042315668	-0.4465241732931
140462	-1.6194654389015886	-0.7706981140991296
140465	0.1956856668535491	-0.28219748839918024
140467	-1.2854544539945492	-0.4461120090747036
140545	-0.9246148402110523	-0.27278669777420034
140578	-0.16188232291887655	-0.4337032813578545
140597	-0.6121990775556214	-0.22752515489695552
140609	-0.2901653678365938	-0.12473549054295073
140803	-1.8797443514028176	-0.5401226650524034
140883	0.7268533251428432	-0.0010069394108971341
140885	-0.19604672311046617	0.323017757334394
140890	-0.38773021552574927	0.04831795976883978
142684	-0.1900774343589816	-0.14888010043549157
144404	-1.0033100318893604	-0.4617071030548092
145389	-0.010131300789460729	0.07984160690023166
146057	-0.28467057783933575	-0.19059736268840594
146227	0.629998423885532	0.1325052585604266
146542	-0.8991043065883115	-0.5352919672834131
146562	-0.517108744015874	-0.1394683021873235
146691	-1.327965093244151	-0.4006981481832269
146712	1.2459232835419487	0.4976150552893874
146909	1.1022891092246314	0.49823889478845274
147179	-0.11679151613707464	0.00726503169695817
147339	0.07112418181386476	0.05863867890086352
147657	0.34463585605684527	0.11803153262636686
147912	0.27330869804319713	-0.0069617404125250065
148022	1.1863503322109488	0.6066565966965721
148229	-0.32726780214833623	-0.10827566967635258
149111	-1.2453598199797327	-0.7362440161456132
149603	-0.02564298079033639	-0.0019509653547459538
149628	0.543979906151518	0.34970503794677327
149986	-0.7409915931865116	-0.1565617685620272
150244	0.2634448514473826	0.22318971372765972
150967	-0.19368670260440277	0.012619291548707695
151011	-0.34774818178902844	0.02007258734297149
151050	-0.23095430861169053	-0.10210295572873848
151987	-0.01952474035543922	-0.020395371801780936
152006	-0.21156650755593998	-0.18465623785314206
152185	-0.22221621263857125	-0.19462063338153512
152559	0.14995173847597815	0.1418592457873839
154661	-1.905761919957261	-0.7865210763048468
155066	-1.3577110870131772	-0.7756777172281324
155400	0.7065165425808431	0.18289595824232846
157567	-2.0195485297378593	-0.7356403593619705
157680	-0.29039623574840157	0.027183359942775716
157869	0.6565198452564323	0.6867906952115227
157922	1.1153174045752945	0.5334490962587733
158471	-0.41395502915335497	-0.266132151830767
158586	0.15182531794444648	0.06610761473093062
158747	0.7749839133186598	0.17290135645017624
159963	-1.3098016599468898	-0.3505125816854888
160518	-1.7388210585672967	-0.7310621795186159
161291	-0.9007347947066017	-0.25101340230296726
162427	0.10434111757687373	-0.06919271544240485
162972	-0.8530486495949177	-0.25498526539535565
163131	0.5420979526042793	0.22033566875251548
163486	-0.6901974538142812	-0.27097359327791326
163590	0.51797046660736	0.07774003021321078
166647	0.017865205623838754	-0.07356190140535197
167227	1.2113829767186666	0.3467936432173106
168544	-0.06832769055194582	-0.07815427656055175
169522	-0.3832687063247367	0.0016566315885552206
169611	-0.5891454450980387	-0.3305853746277473
171017	-0.8939132709623774	-0.3840637120536201
171023	0.2999594972363289	0.23157117969989088
171220	0.5648522888268404	0.4021212945607082
171392	0.25568394500621383	-0.11099679157547115
171546	0.0423985525027087	0.028044455271550594
171558	-0.5800501063510781	-0.11834485037124967
171586	0.5072243158183881	0.22623978841278045
191585	-0.7251834263719643	-0.24395209627888306
192286	-0.3609774781017111	0.03088639807181271
192669	1.6296487936473856	0.5431340800232479
192670	1.3283288279253962	0.7211544836610805
192683	-1.2428459159386445	-0.5707665761804089
196403	-0.9249768807966516	-0.4828660258501728
196441	1.182825964971571	0.4305142447707244
196740	-1.4670742107285353	-0.8634306905244149
196743	-0.5414528621061931	-0.12889204840378954
199731	-0.297818560860159	0.07114510765667267
199870	-1.6256714939514851	-0.603488591192
200081	1.4425047923380843	0.6244951701275575
200316	2.15866439290544	0.716534514989692
200424	-0.05546796178519628	0.4297962355975029
200576	-1.6514920269350017	-0.4616939915057203
200734	-0.1735345766012273	-0.1857593466806477
201134	0.5081958757014203	0.4764013826232795
201191	-0.5176325951248375	-0.1560917420468558
201229	-1.3900853061194245	-0.725818178470746
201254	0.4619838113367174	-0.07046252804836843
201501	-0.8199334156405571	-0.43971798863279343
202559	-0.9990236177494826	-0.31764097456585627
203068	1.3005012435272998	0.6258299176077649
203069	-0.21595682013131995	-0.3441957986863493
203197	1.3961558929983835	0.5701804916455777
204851	-0.6173989493748981	-0.07480148883676618
205564	1.4499426099629757	0.364991686755788
206358	1.1084281916109486	0.5792521808900243
219333	-0.45610388877053654	-0.0787686318520767
219654	1.063311916273793	0.18155784402228167
219699	0.19718866605841684	-0.14789640495186274
219899	0.02894269076379119	0.07234756265176427
220972	0.5414368519707783	-0.031758448625720775
221037	0.010042070326150926	-0.1061460418261593
221061	-0.3027346743491199	-0.15667127175704718
221092	-0.398830690510601	0.026693102688764972
221154	-0.4017827951411439	-0.2868216111882622
221395	-0.7271098072578194	-0.051241785334419455
221443	-0.7531158526859281	-0.7252809940877467
221692	-0.35001234107969187	-0.1272553822305242
221749	0.21370963885454755	0.22744990552848704
221830	0.1299770891898021	0.03770954567299326
221981	-1.4831229341409191	-0.4605077849583989
222161	0.17770182051468952	0.004625711833706525
222255	-1.2133306346743127	-0.42961058950960723
222487	-0.10060869219411295	0.0807299384567135
222642	-0.8740073913537448	-0.37792450751581913
222658	0.33541450618629565	0.2663502406722259
223117	0.017945854287729407	-0.08989618274654261
246243	0.7469808487453994	0.2622380229389152
253143	0.9390053261268729	0.31367097234814756
253190	-0.6189135198832075	-0.3420318648419408
253461	-0.3825571943121102	-0.06148560207288446
253782	-0.4048441956016639	-0.05247789414279189
253943	0.4182191089819283	0.13048607096668988
253959	-0.1882711534080606	-0.20305089422582273
253980	0.10505206563926157	0.024827041394092156
253982	1.454047847935177	0.5779916003210124
254102	1.706002653371062	0.5731526902846207
254359	0.0943934896560088	0.08510331381525969
254394	0.70408778046591	0.14794326734445204
254531	1.1181293660878764	0.5066951921150165
255057	-0.8957148110201064	-0.415851333970794
256051	-0.06720462016736259	0.059298203010113314
256364	1.273171431890614	0.8012031645791435
256949	-0.08110570874856743	-0.16413717765758168
256987	-0.04708479400902402	0.23496624468548993
257407	-1.4379333636262697	-0.5590157715600028
259173	-0.9143059374168916	-0.10507381851663823
259217	-1.5202591426278416	-0.4364103661725601
259230	0.14110703850282647	0.004385258521311802
259266	1.4134273312002235	0.7786027437275829
261726	0.3070972787854145	2.5491944212956835e-05
261734	0.7990203241566444	0.1386987372085729
266655	0.6272240055320736	0.03204579769796655
266977	-0.04342579311313188	0.1576515708497419
282997	0.23439103328817157	-0.08995935221251333
283232	-0.5874104043210888	-0.3671198395455894
283298	0.2861926566452564	-0.2699065498979629
283450	0.09536119223239375	0.03619148419031381
283459	0.13023088281409884	0.03303833398228519
283537	0.2730814247885178	0.16295821737637337
283638	0.6254200872461488	0.34342010741007806
284021	1.4993392941684935	0.8380775154044385
284119	1.059671436589103	0.22078450687207998
284325	-0.0161244408761832	-0.16642350181443558
284352	0.05442876220399513	-0.0631714775161087
284403	-0.2176932595518164	-0.14653781564412102
284443	-0.05597487369118129	-0.1811900882972528
284649	-0.2791525693410002	-0.26482164784237877
285203	1.2403869057255332	0.7727305036624206
285282	-0.039208747964205204	-0.08244984871414052
285527	0.7678664174014065	0.23891802763155287
285672	0.6240541580576756	0.17203438929636217
285755	-0.9384178065281471	-0.1888699240336511
285830	-0.1847612592125529	-0.36542849281858675
286148	0.33673033872180086	0.060914965552120955
286205	-0.7039774670805107	-0.47377408591327225
286451	-0.3885397652675212	-0.3291343695983665
317648	0.16405963260279793	0.0705137488627248
317662	-0.5405853074760192	-0.35961856556589716
317762	0.543276723853703	0.17322859232631865
317781	-0.2537375438878652	-0.2613567161838463
339105	-0.814554283784929	-0.2971919669291405
339229	1.4378342706479001	0.24317084130358382
339290	-0.8577226987752131	-0.26192821148515616
339448	1.334906218374713	0.220564307806058
339479	-0.21615088514767977	-0.336826943595538
340591	0.1391200453574572	0.04280896447996796
346157	-0.8688153426896552	-0.29621296263279384
347344	-0.588355920103826	-0.22621985426665486
347733	0.3148396190534967	0.03550200333371695
347902	0.11263740957233534	0.15193819124400174
348110	-0.5901148566190509	-0.12512740590627294
348995	1.2151815511464044	0.26885681088169083
353189	-0.8848097664688827	-0.22976502300411228
353500	-0.6245992613425351	-0.08285081454596409
353514	0.503932253352078	0.14979766795847133
373156	-0.4311133925379882	-0.25687929545220667
374291	-0.5287180885991137	-0.20866569763312878
374655	0.4963781905261237	0.09030621036815419
374868	0.06357938217554714	-0.12342556580497245
375035	1.632462582136109	0.5522971118771953
375056	-0.9621325950674701	-0.5607235641489409
375057	-1.320214472402761	-0.2406979241527213
375449	-0.5557664938217853	-0.21957902920976524
375790	0.3590508860617564	0.22752893983522238
376267	1.2707646569117772	0.551608597084447
387032	1.3113135725675762	0.16674316901814962
387082	-0.2835652720095178	-0.06657581473239452
387263	-0.18201530874799612	-0.11601793411421157
387509	-0.29410401335329284	-0.3075424352239006
387751	0.3495791995292762	0.09227639944835357
388567	-0.13217879874108066	0.14903915226423176
388569	0.08063283281486193	0.03422684628138031
388650	0.8983283604833794	0.16405778015920525
388714	-0.4633422992951805	-0.14840125653632408
388796	0.23168072479555304	0.055121402364293665
388969	-0.673471579392662	-0.6028272318181132
389136	0.3279265873780507	0.03324814296109534
389677	1.2181829712146917	0.3207519424530422
389856	-1.3543631954632869	-0.5260598602527006
390940	-0.457158557944566	-0.13512894796802338
399664	0.10129210280974485	0.07052419528365414
399665	-1.5899781933860924	-0.3414030891900126
399979	-0.26441949709313095	-0.07392327751248923
400084	-0.6222622474247923	-0.31795916683136116
400410	-0.239749778970371	0.10260422512079105
400451	0.14339045509513498	-0.05194951820641805
400506	0.9786066252859607	0.24493302389893196
402055	0.8559088243853024	0.1733361720322984
404093	0.6204847032414142	0.1792025356444269
404672	-0.30307245933244475	-0.5781965457303442
440026	-0.10376083094933333	-0.07455881219544538
440738	1.1139521413585327	0.4129261489712067
441024	-0.8438546358188088	-0.13587243212538938
474344	1.0839350993801835	0.3121018421661104
552889	-1.12721417251326	-0.47877735748691347
553115	0.2830031190061508	-0.07209745225148752
641339	-0.03319793850005029	-0.01674926955575591
643224	0.4264791141649671	0.10802111236843795
643641	-0.1071279136640832	-0.08796075531001568
644096	-0.6196736307608071	-0.5458245821165426
645682	-0.4267156254432951	-0.19566065556014223
646282	-0.1474003495125045	-0.1157415958138412
653483	-1.0655899174136043	-0.7678617262736269
727800	-1.1070781202116864	-0.3880190845183734
727897	-1.1025536946598766	-0.5899162367919457
728215	0.4113424457777104	0.2620684759563215
728448	-0.8043763543872853	-0.11095482428968624
729230	1.5587869339107852	0.7220057795319355
729515	0.6872224210963211	-0.17799826307261585
730101	-0.8083050908344633	-0.7959228678960284
752014	-0.5259179250736578	-0.36966320864705493
100126791	-1.6500258103652594	-0.8521783043326911
100128640	-1.0908629073855793	-0.4939781184765967
100129250	-0.9206804005033076	-0.39254875204463513
100129361	0.6065544846836585	-0.08757059683897575
100129460	-0.14372395284094178	-0.0034335492558409363
100129482	-0.14148354089214626	-0.22112527027746395
100131755	-0.7527512450842211	-0.21306443543571937
100131825	-0.8388131757551341	-0.24226263960180144
100132341	-1.1758158746658438	-0.7254993457313861
100133941	1.0697896669314144	0.3996870702424858
100134713	0.022839126057061527	0.08538758157602067
100288413	-0.7941216817868537	-0.14834261978675614
100289410	-0.9206048312951752	-0.43112606325150704
100499177	0.0648740731654961	-0.005887159516592147
100505741	-0.41893078445437604	-0.10297586279219684
100505761	-1.3177410251926296	-0.7121453452342501
100506190	0.7593623068965772	0.38260363550485393
100506469	-0.8119408737892041	-0.29805001081481064
100506581	-0.04886286080800245	-0.30315886735581943
100506963	-1.0693786215189998	-0.65803584147566
100507436	0.8113248505578099	0.25908199145979444
100996485	-0.9296561281076972	-0.4626654509785821
