entrez_id	symbol	consensus_freq	univariate	lasso	relieff	rf
834	CASP1	0.6583333333333333	0.9833333333333333	0.3333333333333333	0.9666666666666667	0.35
6372	CXCL6	0.6125	0.85	0.4166666666666667	0.9833333333333333	0.2
4069	LYZ	0.5958333333333333	0.9	0.4166666666666667	0.85	0.21666666666666667
9124	PDLIM1	0.5916666666666667	0.85	0.55	0.8666666666666667	0.1
4316	MMP7	0.5833333333333333	0.8833333333333333	0.2833333333333333	0.95	0.21666666666666667
6678	SPARC	0.5458333333333334	0.95	0.3	0.6166666666666667	0.31666666666666665
25797	QPCT	0.5208333333333334	0.9333333333333333	0.13333333333333333	0.75	0.26666666666666666
240	ALOX5	0.5208333333333334	0.8	0.26666666666666666	0.8166666666666667	0.2
10769	PLK2	0.5125	0.8166666666666667	0.38333333333333336	0.7333333333333333	0.11666666666666667
79070	POGLUT2	0.5	0.75	0.3	0.85	0.1
4057	LTF	0.45	0.6	0.2	0.8666666666666667	0.13333333333333333
7837	PXDN	0.39166666666666666	0.6166666666666667	0.11666666666666667	0.7	0.13333333333333333
1462	VCAN	0.38333333333333336	0.5833333333333334	0.16666666666666666	0.7333333333333333	0.05
3512	JCHAIN	0.37083333333333335	0.6833333333333333	0.15	0.55	0.1
3371	TNC	0.35416666666666674	0.4666666666666667	0.05	0.8	0.1
9734	HDAC9	0.35	0.5666666666666667	0.08333333333333333	0.6333333333333333	0.11666666666666667
7805	LAPTM5	0.3416666666666667	0.65	0.05	0.5833333333333334	0.08333333333333333
718	C3	0.32083333333333336	0.45	0.06666666666666667	0.6833333333333333	0.08333333333333333
1191	CLU	0.31250000000000006	0.5166666666666667	0.15	0.55	0.03333333333333333
5788	PTPRC	0.3125	0.5833333333333334	0.08333333333333333	0.38333333333333336	0.2
81618	ITM2C	0.2833333333333333	0.3333333333333333	0.23333333333333334	0.4166666666666667	0.15
2205	FCER1A	0.2791666666666667	0.38333333333333336	0.13333333333333333	0.3333333333333333	0.26666666666666666
65108	MARCKSL1	0.2791666666666667	0.5166666666666667	0.21666666666666667	0.2833333333333333	0.1
6863	TAC1	0.2625	0.2833333333333333	0.18333333333333332	0.45	0.13333333333333333
100288413	ERVMER34-1	0.25833333333333336	0.03333333333333333	0.8666666666666667	0.06666666666666667	0.06666666666666667
2	A2M	0.25416666666666665	0.0	1.0	0.0	0.016666666666666666
100996485	PITX1-AS1	0.25416666666666665	0.0	1.0	0.0	0.016666666666666666
100506190	LINC00963	0.25	0.0	1.0	0.0	0.0
100506581	C16orf95	0.25	0.0	1.0	0.0	0.0
100506469	TMEM147-AS1	0.25	0.0	1.0	0.0	0.0
100506963	ELOA-AS1	0.25	0.0	1.0	0.0	0.0
100507436	MICA	0.25	0.0	1.0	0.0	0.0
6347	CCL2	0.24583333333333335	0.35	0.15	0.3	0.18333333333333332
100505741	SPATA1	0.2375	0.0	0.95	0.0	0.0
100505761	C10orf95-AS1	0.2375	0.0	0.95	0.0	0.0
10561	IFI44	0.23333333333333336	0.5166666666666667	0.05	0.25	0.11666666666666667
60370	AVPI1	0.23333333333333334	0.31666666666666665	0.2833333333333333	0.15	0.18333333333333332
100499177	THAP9-AS1	0.23333333333333334	0.0	0.9333333333333333	0.0	0.0
32	ACACB	0.22916666666666669	0.0	0.8666666666666667	0.016666666666666666	0.03333333333333333
12	SERPINA3	0.22916666666666669	0.11666666666666667	0.38333333333333336	0.4166666666666667	0.0
4332	MNDA	0.22916666666666669	0.4166666666666667	0.03333333333333333	0.35	0.11666666666666667
100289410	MCF2L-AS1	0.22916666666666666	0.0	0.9166666666666666	0.0	0.0
9111	NMI	0.22083333333333338	0.5166666666666667	0.05	0.11666666666666667	0.2
30	ACAA1	0.22083333333333333	0.0	0.8833333333333333	0.0	0.0
1417	CRYBB3	0.2125	0.31666666666666665	0.1	0.4	0.03333333333333333
31	ACACA	0.2125	0.0	0.85	0.0	0.0
2146	EZH2	0.20416666666666666	0.2833333333333333	0.1	0.23333333333333334	0.2
51338	MS4A4A	0.18333333333333335	0.18333333333333332	0.016666666666666666	0.4166666666666667	0.11666666666666667
25816	TNFAIP8	0.18333333333333332	0.35	0.1	0.2	0.08333333333333333
3273	HRG	0.17916666666666667	0.35	0.11666666666666667	0.15	0.1
994	CDC25B	0.17916666666666667	0.21666666666666667	0.11666666666666667	0.35	0.03333333333333333
5918	RARRES1	0.17916666666666664	0.35	0.03333333333333333	0.2	0.13333333333333333
827	CAPN6	0.17500000000000002	0.18333333333333332	0.05	0.45	0.016666666666666666
9132	KCNQ4	0.175	0.21666666666666667	0.1	0.3333333333333333	0.05
5791	PTPRE	0.175	0.45	0.08333333333333333	0.1	0.06666666666666667
729230	CCR2	0.17083333333333334	0.16666666666666666	0.03333333333333333	0.25	0.23333333333333334
3122	HLA-DRA	0.16666666666666666	0.36666666666666664	0.03333333333333333	0.2	0.06666666666666667
7127	TNFAIP2	0.16250000000000003	0.21666666666666667	0.11666666666666667	0.26666666666666666	0.05
27089	UQCRQ	0.1625	0.35	0.08333333333333333	0.16666666666666666	0.05
493	ATP2B4	0.1625	0.26666666666666666	0.06666666666666667	0.26666666666666666	0.05
1786	DNMT1	0.15416666666666667	0.31666666666666665	0.016666666666666666	0.2	0.08333333333333333
11076	TPPP	0.15416666666666667	0.2	0.13333333333333333	0.15	0.13333333333333333
29	ABR	0.15	0.0	0.6	0.0	0.0
1524	CX3CR1	0.15	0.21666666666666667	0.11666666666666667	0.16666666666666666	0.1
3816	KLK1	0.15	0.11666666666666667	0.2	0.16666666666666666	0.11666666666666667
4016	LOXL1	0.14583333333333334	0.08333333333333333	0.03333333333333333	0.43333333333333335	0.03333333333333333
10551	AGR2	0.14583333333333334	0.23333333333333334	0.03333333333333333	0.3	0.016666666666666666
1282	COL4A1	0.14583333333333334	0.2833333333333333	0.05	0.23333333333333334	0.016666666666666666
10130	PDIA6	0.14583333333333331	0.36666666666666664	0.0	0.08333333333333333	0.13333333333333333
3106	HLA-B	0.14166666666666666	0.3333333333333333	0.0	0.1	0.13333333333333333
3766	KCNJ10	0.1375	0.2	0.016666666666666666	0.26666666666666666	0.06666666666666667
55835	CPAP	0.1375	0.16666666666666666	0.15	0.23333333333333334	0.0
9194	SLC16A7	0.13749999999999998	0.016666666666666666	0.36666666666666664	0.06666666666666667	0.1
716	C1S	0.13749999999999998	0.26666666666666666	0.0	0.25	0.03333333333333333
57502	NLGN4X	0.13333333333333333	0.23333333333333334	0.0	0.05	0.25
23176	SEPTIN8	0.13333333333333333	0.2833333333333333	0.06666666666666667	0.1	0.08333333333333333
4745	NELL1	0.13333333333333333	0.15	0.2	0.15	0.03333333333333333
27158	NDOR1	0.12916666666666668	0.2833333333333333	0.03333333333333333	0.11666666666666667	0.08333333333333333
84900	RNFT2	0.12916666666666668	0.06666666666666667	0.11666666666666667	0.3	0.03333333333333333
215	ABCD1	0.125	0.18333333333333332	0.11666666666666667	0.1	0.1
8842	PROM1	0.125	0.15	0.05	0.26666666666666666	0.03333333333333333
80196	RNF34	0.12083333333333333	0.18333333333333332	0.03333333333333333	0.05	0.21666666666666667
2334	AFF2	0.12083333333333333	0.2	0.05	0.15	0.08333333333333333
80199	FUZ	0.12083333333333333	0.25	0.03333333333333333	0.15	0.05
80317	ZKSCAN3	0.11666666666666667	0.21666666666666667	0.05	0.13333333333333333	0.06666666666666667
3690	ITGB3	0.11666666666666667	0.05	0.2	0.11666666666666667	0.1
911	CD1C	0.1125	0.1	0.11666666666666667	0.18333333333333332	0.05
100133941	CD24	0.1125	0.0	0.45	0.0	0.0
30837	SOCS7	0.11249999999999999	0.21666666666666667	0.08333333333333333	0.15	0.0
8743	TNFSF10	0.10833333333333334	0.15	0.06666666666666667	0.18333333333333332	0.03333333333333333
56252	YLPM1	0.10833333333333334	0.11666666666666667	0.05	0.1	0.16666666666666666
7980	TFPI2	0.10833333333333332	0.16666666666666666	0.0	0.25	0.016666666666666666
9863	MAGI2	0.10416666666666667	0.03333333333333333	0.23333333333333334	0.1	0.05
1672	DEFB1	0.10416666666666667	0.18333333333333332	0.05	0.16666666666666666	0.016666666666666666
113	ADCY7	0.10416666666666667	0.016666666666666666	0.38333333333333336	0.0	0.016666666666666666
1950	EGF	0.10416666666666666	0.03333333333333333	0.16666666666666666	0.1	0.11666666666666667
11177	BAZ1A	0.10416666666666666	0.2	0.05	0.05	0.11666666666666667
7306	TYRP1	0.10416666666666666	0.016666666666666666	0.15	0.25	0.0
2124	EVI2B	0.10416666666666666	0.08333333333333333	0.016666666666666666	0.06666666666666667	0.25
81493	SYNC	0.10416666666666666	0.18333333333333332	0.1	0.03333333333333333	0.1
100132341	CLUHP3	0.1	0.0	0.4	0.0	0.0
115	ADCY9	0.1	0.0	0.38333333333333336	0.016666666666666666	0.0
4665	NAB2	0.1	0.08333333333333333	0.11666666666666667	0.03333333333333333	0.16666666666666666
79902	NUP85	0.09999999999999999	0.08333333333333333	0.05	0.21666666666666667	0.05
2903	GRIN2A	0.09999999999999999	0.2	0.03333333333333333	0.11666666666666667	0.05
9	NAT1	0.09583333333333334	0.0	0.38333333333333336	0.0	0.0
100134713	NDUFB2-AS1	0.09583333333333334	0.0	0.38333333333333336	0.0	0.0
3831	KLC1	0.09583333333333333	0.11666666666666667	0.016666666666666666	0.21666666666666667	0.03333333333333333
10566	AKAP3	0.09583333333333333	0.18333333333333332	0.03333333333333333	0.11666666666666667	0.05
2160	F11	0.09583333333333333	0.05	0.15	0.05	0.13333333333333333
10641	NPRL2	0.09166666666666667	0.16666666666666666	0.0	0.2	0.0
2123	EVI2A	0.09166666666666667	0.15	0.03333333333333333	0.08333333333333333	0.1
3108	HLA-DMA	0.09166666666666667	0.18333333333333332	0.0	0.08333333333333333	0.1
2273	FHL1	0.09166666666666666	0.11666666666666667	0.05	0.11666666666666667	0.08333333333333333
23511	NUP188	0.09166666666666666	0.08333333333333333	0.03333333333333333	0.2	0.05
1894	ECT2	0.0875	0.06666666666666667	0.03333333333333333	0.0	0.25
963	CD53	0.0875	0.1	0.0	0.16666666666666666	0.08333333333333333
22887	FOXJ3	0.0875	0.11666666666666667	0.05	0.15	0.03333333333333333
5536	PPP5C	0.0875	0.15	0.03333333333333333	0.05	0.11666666666666667
57476	GRAMD1B	0.08333333333333334	0.06666666666666667	0.016666666666666666	0.13333333333333333	0.11666666666666667
1439	CSF2RB	0.08333333333333333	0.016666666666666666	0.0	0.06666666666666667	0.25
55756	INTS9	0.08333333333333333	0.016666666666666666	0.13333333333333333	0.15	0.03333333333333333
109	ADCY3	0.08333333333333333	0.0	0.31666666666666665	0.0	0.016666666666666666
6402	SELL	0.08333333333333333	0.08333333333333333	0.0	0.21666666666666667	0.03333333333333333
2827	GPR3	0.08333333333333333	0.05	0.11666666666666667	0.15	0.016666666666666666
9631	NUP155	0.08333333333333333	0.08333333333333333	0.13333333333333333	0.03333333333333333	0.08333333333333333
100131825	CADM3-AS1	0.07916666666666666	0.0	0.31666666666666665	0.0	0.0
16	AARS1	0.07916666666666666	0.0	0.31666666666666665	0.0	0.0
4609	MYC	0.07916666666666666	0.11666666666666667	0.016666666666666666	0.16666666666666666	0.016666666666666666
3269	HRH1	0.07916666666666666	0.11666666666666667	0.03333333333333333	0.11666666666666667	0.05
3716	JAK1	0.07916666666666666	0.2	0.016666666666666666	0.0	0.1
3698	ITIH2	0.07916666666666666	0.13333333333333333	0.1	0.03333333333333333	0.05
23344	ESYT1	0.07916666666666666	0.016666666666666666	0.15	0.06666666666666667	0.08333333333333333
961	CD47	0.07916666666666666	0.11666666666666667	0.0	0.016666666666666666	0.18333333333333332
1390	CREM	0.07916666666666666	0.016666666666666666	0.2	0.08333333333333333	0.016666666666666666
56833	SLAMF8	0.07500000000000001	0.016666666666666666	0.016666666666666666	0.05	0.21666666666666667
10205	MPZL2	0.07500000000000001	0.1	0.08333333333333333	0.11666666666666667	0.0
14	AAMP	0.075	0.0	0.3	0.0	0.0
2039	DMTN	0.075	0.18333333333333332	0.03333333333333333	0.06666666666666667	0.016666666666666666
7168	TPM1	0.075	0.16666666666666666	0.0	0.03333333333333333	0.1
15	AANAT	0.075	0.0	0.3	0.0	0.0
7162	TPBG	0.075	0.16666666666666666	0.016666666666666666	0.08333333333333333	0.03333333333333333
9332	CD163	0.075	0.06666666666666667	0.0	0.18333333333333332	0.05
1359	CPA3	0.075	0.016666666666666666	0.0	0.1	0.18333333333333332
5967	REG1A	0.075	0.05	0.08333333333333333	0.13333333333333333	0.03333333333333333
2254	FGF9	0.07083333333333333	0.016666666666666666	0.08333333333333333	0.11666666666666667	0.06666666666666667
3090	HIC1	0.07083333333333333	0.06666666666666667	0.06666666666666667	0.11666666666666667	0.03333333333333333
3615	IMPDH2	0.07083333333333333	0.1	0.0	0.03333333333333333	0.15
23288	IQCE	0.07083333333333333	0.1	0.08333333333333333	0.05	0.05
5479	PPIB	0.07083333333333333	0.03333333333333333	0.016666666666666666	0.05	0.18333333333333332
3001	GZMA	0.07083333333333333	0.0	0.016666666666666666	0.05	0.21666666666666667
79632	FAM184A	0.07083333333333333	0.03333333333333333	0.1	0.13333333333333333	0.016666666666666666
5911	RAP2A	0.07083333333333333	0.2	0.016666666666666666	0.06666666666666667	0.0
3628	INPP1	0.06666666666666668	0.1	0.05	0.016666666666666666	0.1
59338	PLEKHA1	0.06666666666666667	0.11666666666666667	0.016666666666666666	0.016666666666666666	0.11666666666666667
55209	SETD5	0.06666666666666667	0.016666666666666666	0.2	0.016666666666666666	0.03333333333333333
5866	RAB3IL1	0.06666666666666667	0.1	0.03333333333333333	0.05	0.08333333333333333
85363	TRIM5	0.06666666666666667	0.06666666666666667	0.06666666666666667	0.1	0.03333333333333333
33	ACADL	0.06666666666666667	0.0	0.26666666666666666	0.0	0.0
301	ANXA1	0.06666666666666667	0.11666666666666667	0.016666666666666666	0.1	0.03333333333333333
29895	MYL11	0.0625	0.13333333333333333	0.016666666666666666	0.06666666666666667	0.03333333333333333
1004	CDH6	0.0625	0.03333333333333333	0.08333333333333333	0.11666666666666667	0.016666666666666666
29087	THYN1	0.0625	0.06666666666666667	0.05	0.1	0.03333333333333333
1278	COL1A2	0.0625	0.06666666666666667	0.0	0.05	0.13333333333333333
1207	CLNS1A	0.0625	0.05	0.11666666666666667	0.016666666666666666	0.06666666666666667
753	LDLRAD4	0.0625	0.11666666666666667	0.016666666666666666	0.016666666666666666	0.1
26509	MYOF	0.0625	0.13333333333333333	0.016666666666666666	0.0	0.1
9487	PIGL	0.0625	0.0	0.11666666666666667	0.03333333333333333	0.1
9495	AKAP5	0.0625	0.06666666666666667	0.1	0.05	0.03333333333333333
4803	NGF	0.0625	0.0	0.03333333333333333	0.0	0.21666666666666667
9055	PRC1	0.0625	0.016666666666666666	0.03333333333333333	0.13333333333333333	0.06666666666666667
200081	TXLNA	0.0625	0.1	0.016666666666666666	0.03333333333333333	0.1
34	ACADM	0.0625	0.0	0.25	0.0	0.0
116372	LYPD1	0.0625	0.06666666666666667	0.016666666666666666	0.11666666666666667	0.05
5326	PLAGL2	0.0625	0.11666666666666667	0.11666666666666667	0.0	0.016666666666666666
11016	ATF7	0.0625	0.05	0.03333333333333333	0.08333333333333333	0.08333333333333333
2215	FCGR3B	0.0625	0.03333333333333333	0.06666666666666667	0.06666666666666667	0.08333333333333333
302	ANXA2	0.0625	0.06666666666666667	0.03333333333333333	0.03333333333333333	0.11666666666666667
9957	HS3ST1	0.0625	0.1	0.0	0.15	0.0
2038	EPB42	0.0625	0.13333333333333333	0.0	0.05	0.06666666666666667
4485	MST1	0.058333333333333334	0.1	0.03333333333333333	0.06666666666666667	0.03333333333333333
9061	PAPSS1	0.058333333333333334	0.0	0.0	0.0	0.23333333333333334
114327	EFHC1	0.058333333333333334	0.06666666666666667	0.016666666666666666	0.016666666666666666	0.13333333333333333
11198	SUPT16H	0.058333333333333334	0.15	0.016666666666666666	0.0	0.06666666666666667
9903	KLHL21	0.058333333333333334	0.016666666666666666	0.15	0.05	0.016666666666666666
27239	GPR162	0.058333333333333334	0.1	0.06666666666666667	0.016666666666666666	0.05
80054	CEBPA-DT	0.058333333333333334	0.11666666666666667	0.0	0.03333333333333333	0.08333333333333333
962	CD48	0.058333333333333334	0.016666666666666666	0.0	0.11666666666666667	0.1
7422	VEGFA	0.058333333333333334	0.1	0.05	0.08333333333333333	0.0
2960	GTF2E1	0.058333333333333334	0.11666666666666667	0.03333333333333333	0.0	0.08333333333333333
7353	UFD1	0.058333333333333334	0.1	0.03333333333333333	0.03333333333333333	0.06666666666666667
1520	CTSS	0.05833333333333333	0.016666666666666666	0.0	0.18333333333333332	0.03333333333333333
3198	HOXA1	0.05416666666666667	0.05	0.06666666666666667	0.06666666666666667	0.03333333333333333
3115	HLA-DPB1	0.05416666666666667	0.05	0.1	0.016666666666666666	0.05
5613	PRKX	0.05416666666666667	0.03333333333333333	0.016666666666666666	0.16666666666666666	0.0
5869	RAB5B	0.05416666666666667	0.08333333333333333	0.06666666666666667	0.05	0.016666666666666666
100131755	ARMCX4	0.05416666666666667	0.0	0.21666666666666667	0.0	0.0
8501	SLC43A1	0.05416666666666667	0.0	0.13333333333333333	0.05	0.03333333333333333
55095	SAMD4B	0.05416666666666667	0.06666666666666667	0.0	0.0	0.15
10912	GADD45G	0.05416666666666667	0.016666666666666666	0.08333333333333333	0.016666666666666666	0.1
51226	COPZ2	0.05416666666666667	0.0	0.11666666666666667	0.0	0.1
1155	TBCB	0.05416666666666667	0.0	0.016666666666666666	0.15	0.05
81031	SLC2A10	0.05416666666666667	0.06666666666666667	0.03333333333333333	0.05	0.06666666666666667
7431	VIM	0.05416666666666667	0.08333333333333333	0.016666666666666666	0.1	0.016666666666666666
9688	NUP93	0.05416666666666667	0.05	0.05	0.08333333333333333	0.03333333333333333
948	CD36	0.05416666666666667	0.016666666666666666	0.08333333333333333	0.016666666666666666	0.1
56413	LTB4R2	0.05416666666666666	0.13333333333333333	0.016666666666666666	0.03333333333333333	0.03333333333333333
60528	ELAC2	0.05	0.03333333333333333	0.06666666666666667	0.1	0.0
108	ADCY2	0.05	0.0	0.2	0.0	0.0
54207	KCNK10	0.05	0.03333333333333333	0.03333333333333333	0.08333333333333333	0.05
416	ARSF	0.05	0.06666666666666667	0.0	0.1	0.03333333333333333
4074	M6PR	0.05	0.05	0.05	0.1	0.0
10252	SPRY1	0.05	0.0	0.0	0.0	0.2
2239	GPC4	0.05	0.0	0.016666666666666666	0.1	0.08333333333333333
1489	CTF1	0.05	0.1	0.016666666666666666	0.08333333333333333	0.0
1743	DLST	0.05	0.05	0.03333333333333333	0.1	0.016666666666666666
55076	TMEM45A	0.05	0.0	0.0	0.0	0.2
5321	PLA2G4A	0.05	0.05	0.016666666666666666	0.06666666666666667	0.06666666666666667
4978	OPCML	0.05	0.0	0.11666666666666667	0.016666666666666666	0.06666666666666667
80020	FOXRED2	0.05	0.06666666666666667	0.05	0.03333333333333333	0.05
871	SERPINH1	0.05	0.016666666666666666	0.03333333333333333	0.06666666666666667	0.08333333333333333
56953	NT5M	0.05	0.08333333333333333	0.03333333333333333	0.016666666666666666	0.06666666666666667
9805	SCRN1	0.049999999999999996	0.13333333333333333	0.016666666666666666	0.03333333333333333	0.016666666666666666
107	ADCY1	0.049999999999999996	0.0	0.16666666666666666	0.03333333333333333	0.0
2784	GNB3	0.04583333333333334	0.06666666666666667	0.016666666666666666	0.05	0.05
3224	HOXC8	0.04583333333333334	0.1	0.06666666666666667	0.016666666666666666	0.0
3134	HLA-F	0.04583333333333334	0.03333333333333333	0.05	0.016666666666666666	0.08333333333333333
8013	NR4A3	0.04583333333333334	0.016666666666666666	0.1	0.05	0.016666666666666666
7551	ZNF3	0.04583333333333334	0.06666666666666667	0.016666666666666666	0.0	0.1
9645	MICAL2	0.04583333333333334	0.06666666666666667	0.05	0.05	0.016666666666666666
64598	MOSPD3	0.04583333333333334	0.11666666666666667	0.0	0.05	0.016666666666666666
3684	ITGAM	0.04583333333333334	0.05	0.0	0.03333333333333333	0.1
960	CD44	0.04583333333333334	0.05	0.016666666666666666	0.06666666666666667	0.05
822	CAPG	0.04583333333333334	0.016666666666666666	0.0	0.11666666666666667	0.05
4017	LOXL2	0.04583333333333334	0.016666666666666666	0.03333333333333333	0.0	0.13333333333333333
1983	EIF5	0.04583333333333334	0.0	0.06666666666666667	0.03333333333333333	0.08333333333333333
1306	COL15A1	0.04583333333333334	0.03333333333333333	0.0	0.016666666666666666	0.13333333333333333
51279	C1RL	0.04583333333333334	0.06666666666666667	0.0	0.05	0.06666666666666667
80168	MOGAT2	0.04583333333333334	0.06666666666666667	0.0	0.06666666666666667	0.05
9127	P2RX6	0.04583333333333334	0.05	0.016666666666666666	0.0	0.11666666666666667
9168	TMSB10	0.04583333333333334	0.0	0.06666666666666667	0.016666666666666666	0.1
5144	PDE4D	0.04583333333333334	0.03333333333333333	0.0	0.016666666666666666	0.13333333333333333
100129482	ZNF37BP	0.04583333333333333	0.0	0.18333333333333332	0.0	0.0
3880	KRT19	0.04583333333333333	0.08333333333333333	0.0	0.06666666666666667	0.03333333333333333
6251	RSU1	0.04583333333333333	0.03333333333333333	0.1	0.016666666666666666	0.03333333333333333
9422	ZNF264	0.04583333333333333	0.08333333333333333	0.06666666666666667	0.03333333333333333	0.0
18	ABAT	0.04583333333333333	0.0	0.15	0.0	0.03333333333333333
10611	PDLIM5	0.04583333333333333	0.0	0.15	0.0	0.03333333333333333
64077	LHPP	0.04583333333333333	0.0	0.016666666666666666	0.016666666666666666	0.15
355	FAS	0.04583333333333333	0.0	0.0	0.0	0.18333333333333332
114088	TRIM9	0.04583333333333333	0.05	0.06666666666666667	0.03333333333333333	0.03333333333333333
7052	TGM2	0.04166666666666667	0.05	0.0	0.05	0.06666666666666667
140462	ASB9	0.04166666666666667	0.016666666666666666	0.05	0.03333333333333333	0.06666666666666667
3351	HTR1B	0.04166666666666667	0.03333333333333333	0.03333333333333333	0.05	0.05
3123	HLA-DRB1	0.04166666666666667	0.0	0.06666666666666667	0.03333333333333333	0.06666666666666667
23498	HAAO	0.04166666666666667	0.016666666666666666	0.03333333333333333	0.1	0.016666666666666666
84733	CBX2	0.04166666666666667	0.05	0.03333333333333333	0.0	0.08333333333333333
22924	MAPRE3	0.04166666666666667	0.03333333333333333	0.06666666666666667	0.016666666666666666	0.05
1123	CHN1	0.04166666666666667	0.05	0.03333333333333333	0.0	0.08333333333333333
57157	PHTF2	0.04166666666666667	0.03333333333333333	0.05	0.0	0.08333333333333333
60489	APOBEC3G	0.04166666666666667	0.0	0.0	0.05	0.11666666666666667
64231	MS4A6A	0.04166666666666667	0.05	0.016666666666666666	0.05	0.05
80304	WDCP	0.041666666666666664	0.0	0.06666666666666667	0.08333333333333333	0.016666666666666666
25865	PRKD2	0.041666666666666664	0.08333333333333333	0.0	0.06666666666666667	0.016666666666666666
191585	PLAC4	0.041666666666666664	0.08333333333333333	0.03333333333333333	0.03333333333333333	0.016666666666666666
7439	BEST1	0.041666666666666664	0.13333333333333333	0.0	0.016666666666666666	0.016666666666666666
10121	ACTR1A	0.041666666666666664	0.016666666666666666	0.016666666666666666	0.1	0.03333333333333333
2065	ERBB3	0.041666666666666664	0.0	0.0	0.0	0.16666666666666666
22874	PLEKHA6	0.041666666666666664	0.016666666666666666	0.0	0.06666666666666667	0.08333333333333333
23438	HARS2	0.041666666666666664	0.016666666666666666	0.13333333333333333	0.016666666666666666	0.0
5950	RBP4	0.041666666666666664	0.0	0.1	0.03333333333333333	0.03333333333333333
79173	BRME1	0.041666666666666664	0.08333333333333333	0.0	0.05	0.03333333333333333
4175	MCM6	0.041666666666666664	0.03333333333333333	0.1	0.016666666666666666	0.016666666666666666
6869	TACR1	0.041666666666666664	0.08333333333333333	0.016666666666666666	0.016666666666666666	0.05
3107	HLA-C	0.041666666666666664	0.06666666666666667	0.03333333333333333	0.03333333333333333	0.03333333333333333
79047	KCTD15	0.037500000000000006	0.016666666666666666	0.016666666666666666	0.06666666666666667	0.05
51447	IP6K2	0.037500000000000006	0.016666666666666666	0.016666666666666666	0.06666666666666667	0.05
7182	NR2C2	0.037500000000000006	0.0	0.1	0.05	0.0
5516	PPP2CB	0.037500000000000006	0.03333333333333333	0.06666666666666667	0.0	0.05
4695	NDUFA2	0.037500000000000006	0.03333333333333333	0.05	0.016666666666666666	0.05
246	ALOX15	0.037500000000000006	0.06666666666666667	0.0	0.03333333333333333	0.05
8445	DYRK2	0.037500000000000006	0.016666666666666666	0.016666666666666666	0.06666666666666667	0.05
3717	JAK2	0.0375	0.016666666666666666	0.05	0.016666666666666666	0.06666666666666667
105	ADARB2	0.0375	0.0	0.15	0.0	0.0
51760	SYT17	0.0375	0.0	0.15	0.0	0.0
100129460	DPY19L1P1	0.0375	0.0	0.15	0.0	0.0
8660	IRS2	0.0375	0.05	0.016666666666666666	0.06666666666666667	0.016666666666666666
10500	SEMA6C	0.0375	0.03333333333333333	0.03333333333333333	0.016666666666666666	0.06666666666666667
2132	EXT2	0.0375	0.0	0.0	0.0	0.15
11326	VSIG4	0.0375	0.016666666666666666	0.06666666666666667	0.03333333333333333	0.03333333333333333
55329	MNS1	0.0375	0.03333333333333333	0.0	0.03333333333333333	0.08333333333333333
1030	CDKN2B	0.0375	0.03333333333333333	0.06666666666666667	0.016666666666666666	0.03333333333333333
10818	FRS2	0.0375	0.0	0.016666666666666666	0.0	0.13333333333333333
10553	HTATIP2	0.0375	0.08333333333333333	0.03333333333333333	0.0	0.03333333333333333
6094	ROM1	0.0375	0.016666666666666666	0.06666666666666667	0.016666666666666666	0.05
6484	ST3GAL4	0.0375	0.016666666666666666	0.1	0.016666666666666666	0.016666666666666666
3026	HABP2	0.0375	0.0	0.15	0.0	0.0
7010	TEK	0.0375	0.016666666666666666	0.0	0.016666666666666666	0.11666666666666667
7058	THBS2	0.0375	0.05	0.016666666666666666	0.06666666666666667	0.016666666666666666
5365	PLXNB3	0.0375	0.05	0.016666666666666666	0.016666666666666666	0.06666666666666667
407	ARR3	0.0375	0.1	0.0	0.016666666666666666	0.03333333333333333
3483	IGFALS	0.0375	0.1	0.016666666666666666	0.0	0.03333333333333333
10298	PAK4	0.03333333333333334	0.016666666666666666	0.03333333333333333	0.03333333333333333	0.05
60495	HPSE2	0.03333333333333333	0.016666666666666666	0.03333333333333333	0.0	0.08333333333333333
7076	TIMP1	0.03333333333333333	0.06666666666666667	0.0	0.06666666666666667	0.0
203068	TUBB	0.03333333333333333	0.016666666666666666	0.0	0.0	0.11666666666666667
5579	PRKCB	0.03333333333333333	0.016666666666666666	0.0	0.06666666666666667	0.05
3059	HCLS1	0.03333333333333333	0.03333333333333333	0.0	0.016666666666666666	0.08333333333333333
6309	SC5D	0.03333333333333333	0.03333333333333333	0.0	0.0	0.1
3689	ITGB2	0.03333333333333333	0.03333333333333333	0.0	0.03333333333333333	0.06666666666666667
90362	FAM110B	0.03333333333333333	0.0	0.016666666666666666	0.08333333333333333	0.03333333333333333
1852	DUSP9	0.03333333333333333	0.016666666666666666	0.03333333333333333	0.0	0.08333333333333333
80110	ZNF614	0.03333333333333333	0.016666666666666666	0.0	0.0	0.11666666666666667
11082	ESM1	0.03333333333333333	0.0	0.11666666666666667	0.0	0.016666666666666666
6490	PMEL	0.03333333333333333	0.016666666666666666	0.016666666666666666	0.08333333333333333	0.016666666666666666
153	ADRB1	0.03333333333333333	0.0	0.05	0.0	0.08333333333333333
813	CALU	0.03333333333333333	0.03333333333333333	0.016666666666666666	0.0	0.08333333333333333
2634	GBP2	0.03333333333333333	0.016666666666666666	0.0	0.0	0.11666666666666667
5017	OVOL1	0.03333333333333333	0.016666666666666666	0.016666666666666666	0.016666666666666666	0.08333333333333333
283537	SLC46A3	0.03333333333333333	0.03333333333333333	0.0	0.1	0.0
56911	MAP3K7CL	0.03333333333333333	0.0	0.06666666666666667	0.016666666666666666	0.05
3673	ITGA2	0.03333333333333333	0.05	0.016666666666666666	0.03333333333333333	0.03333333333333333
2037	EPB41L2	0.03333333333333333	0.0	0.03333333333333333	0.0	0.1
23092	ARHGAP26	0.03333333333333333	0.03333333333333333	0.016666666666666666	0.08333333333333333	0.0
22933	SIRT2	0.03333333333333333	0.0	0.0	0.0	0.13333333333333333
83716	CRISPLD2	0.03333333333333333	0.016666666666666666	0.03333333333333333	0.06666666666666667	0.016666666666666666
3792	KEL	0.03333333333333333	0.03333333333333333	0.06666666666666667	0.03333333333333333	0.0
10103	TSPAN1	0.03333333333333333	0.0	0.016666666666666666	0.11666666666666667	0.0
10095	ARPC1B	0.03333333333333333	0.03333333333333333	0.016666666666666666	0.05	0.03333333333333333
26261	FBXO24	0.03333333333333333	0.08333333333333333	0.0	0.0	0.05
9976	CLEC2B	0.03333333333333333	0.0	0.0	0.0	0.13333333333333333
2571	GAD1	0.03333333333333333	0.016666666666666666	0.03333333333333333	0.06666666666666667	0.016666666666666666
3182	HNRNPAB	0.029166666666666667	0.0	0.06666666666666667	0.0	0.05
4249	MGAT5	0.029166666666666667	0.05	0.03333333333333333	0.03333333333333333	0.0
6850	SYK	0.029166666666666667	0.03333333333333333	0.0	0.05	0.03333333333333333
6640	SNTA1	0.029166666666666667	0.03333333333333333	0.016666666666666666	0.016666666666666666	0.05
7042	TGFB2	0.029166666666666667	0.0	0.0	0.03333333333333333	0.08333333333333333
64375	IKZF4	0.029166666666666667	0.05	0.016666666666666666	0.016666666666666666	0.03333333333333333
5153	PDE1B	0.029166666666666667	0.03333333333333333	0.0	0.0	0.08333333333333333
64376	IKZF5	0.029166666666666667	0.0	0.05	0.016666666666666666	0.05
5360	PLTP	0.029166666666666667	0.03333333333333333	0.0	0.06666666666666667	0.016666666666666666
24138	IFIT5	0.029166666666666667	0.05	0.0	0.06666666666666667	0.0
10163	WASF2	0.029166666666666667	0.016666666666666666	0.0	0.016666666666666666	0.08333333333333333
2140	EYA3	0.029166666666666667	0.05	0.03333333333333333	0.0	0.03333333333333333
9513	FXR2	0.029166666666666667	0.05	0.03333333333333333	0.03333333333333333	0.0
8999	CDKL2	0.029166666666666667	0.05	0.016666666666666666	0.016666666666666666	0.03333333333333333
56673	C11orf16	0.029166666666666667	0.0	0.0	0.016666666666666666	0.1
9450	LY86	0.029166666666666667	0.0	0.0	0.11666666666666667	0.0
57061	HYMAI	0.029166666666666667	0.0	0.05	0.016666666666666666	0.05
784	CACNB3	0.029166666666666667	0.016666666666666666	0.0	0.1	0.0
6999	TDO2	0.029166666666666667	0.016666666666666666	0.0	0.0	0.1
7023	TFAP4	0.029166666666666667	0.06666666666666667	0.0	0.03333333333333333	0.016666666666666666
7855	FZD5	0.029166666666666667	0.05	0.03333333333333333	0.0	0.03333333333333333
4690	NCK1	0.029166666666666667	0.06666666666666667	0.0	0.0	0.05
8120	AP3B2	0.029166666666666667	0.0	0.1	0.0	0.016666666666666666
2004	ELK3	0.029166666666666667	0.03333333333333333	0.016666666666666666	0.016666666666666666	0.05
2992	GYG1	0.029166666666666667	0.06666666666666667	0.0	0.03333333333333333	0.016666666666666666
80183	RUBCNL	0.029166666666666667	0.0	0.0	0.016666666666666666	0.1
4067	LYN	0.029166666666666667	0.03333333333333333	0.0	0.03333333333333333	0.05
4131	MAP1B	0.029166666666666667	0.03333333333333333	0.03333333333333333	0.05	0.0
51363	CHST15	0.029166666666666667	0.05	0.0	0.03333333333333333	0.03333333333333333
624	BDKRB2	0.029166666666666667	0.0	0.03333333333333333	0.08333333333333333	0.0
710	SERPING1	0.029166666666666667	0.03333333333333333	0.03333333333333333	0.03333333333333333	0.016666666666666666
5552	SRGN	0.029166666666666667	0.03333333333333333	0.016666666666666666	0.05	0.016666666666666666
79922	MRM1	0.029166666666666667	0.016666666666666666	0.0	0.0	0.1
9783	RIMS3	0.029166666666666667	0.0	0.1	0.0	0.016666666666666666
54769	DIRAS2	0.029166666666666667	0.0	0.1	0.0	0.016666666666666666
4148	MATN3	0.029166666666666667	0.016666666666666666	0.0	0.05	0.05
9632	SEC24C	0.029166666666666667	0.0	0.0	0.0	0.11666666666666667
9601	PDIA4	0.029166666666666667	0.06666666666666667	0.016666666666666666	0.0	0.03333333333333333
1476	CSTB	0.029166666666666667	0.03333333333333333	0.016666666666666666	0.05	0.016666666666666666
375057	STUM	0.029166666666666667	0.0	0.06666666666666667	0.016666666666666666	0.03333333333333333
10055	SAE1	0.029166666666666667	0.03333333333333333	0.05	0.03333333333333333	0.0
9840	TESPA1	0.029166666666666667	0.016666666666666666	0.05	0.05	0.0
6764	DENND2B	0.029166666666666664	0.016666666666666666	0.0	0.08333333333333333	0.016666666666666666
8829	NRP1	0.029166666666666664	0.08333333333333333	0.016666666666666666	0.016666666666666666	0.0
53358	SHC3	0.025	0.03333333333333333	0.05	0.0	0.016666666666666666
3832	KIF11	0.025	0.016666666666666666	0.0	0.05	0.03333333333333333
7533	YWHAH	0.025	0.016666666666666666	0.0	0.016666666666666666	0.06666666666666667
3978	LIG1	0.025	0.0	0.0	0.1	0.0
2335	FN1	0.025	0.0	0.03333333333333333	0.0	0.06666666666666667
8658	TNKS	0.025	0.03333333333333333	0.0	0.0	0.06666666666666667
3796	KIF2A	0.025	0.03333333333333333	0.016666666666666666	0.0	0.05
54834	GDAP2	0.025	0.016666666666666666	0.016666666666666666	0.03333333333333333	0.03333333333333333
306	ANXA3	0.025	0.016666666666666666	0.0	0.016666666666666666	0.06666666666666667
9696	CROCC	0.025	0.016666666666666666	0.016666666666666666	0.05	0.016666666666666666
79929	MAP6D1	0.025	0.06666666666666667	0.0	0.0	0.03333333333333333
55974	SLC50A1	0.025	0.03333333333333333	0.016666666666666666	0.0	0.05
9771	RAPGEF5	0.025	0.016666666666666666	0.03333333333333333	0.016666666666666666	0.03333333333333333
91316	GUSBP11	0.025	0.0	0.0	0.0	0.1
10406	WFDC2	0.025	0.03333333333333333	0.016666666666666666	0.016666666666666666	0.03333333333333333
10261	IGSF6	0.025	0.016666666666666666	0.0	0.016666666666666666	0.06666666666666667
2115	ETV1	0.025	0.05	0.0	0.03333333333333333	0.016666666666666666
4299	AFF1	0.025	0.05	0.0	0.0	0.05
3119	HLA-DQB1	0.025	0.016666666666666666	0.03333333333333333	0.0	0.05
5429	POLH	0.025	0.0	0.1	0.0	0.0
653483	AFDN-DT	0.025	0.0	0.06666666666666667	0.0	0.03333333333333333
2009	EML1	0.025	0.05	0.0	0.05	0.0
7770	ZNF227	0.025	0.016666666666666666	0.016666666666666666	0.05	0.016666666666666666
636	BICD1	0.025	0.016666666666666666	0.03333333333333333	0.05	0.0
8553	BHLHE40	0.025	0.0	0.03333333333333333	0.0	0.06666666666666667
836	CASP3	0.025	0.03333333333333333	0.0	0.0	0.06666666666666667
55721	IQCC	0.025	0.016666666666666666	0.03333333333333333	0.016666666666666666	0.03333333333333333
56901	COXFA4L2	0.025	0.05	0.0	0.05	0.0
330	BIRC3	0.025	0.016666666666666666	0.016666666666666666	0.0	0.06666666666666667
23608	MKRN1	0.025	0.06666666666666667	0.0	0.03333333333333333	0.0
23383	MAU2	0.025	0.0	0.0	0.0	0.1
1836	SLC26A2	0.025	0.1	0.0	0.0	0.0
1843	DUSP1	0.025	0.0	0.05	0.0	0.05
4615	MYD88	0.025	0.0	0.03333333333333333	0.0	0.06666666666666667
2077	ERF	0.025	0.03333333333333333	0.0	0.0	0.06666666666666667
11253	MAN1B1	0.025	0.0	0.016666666666666666	0.05	0.03333333333333333
3685	ITGAV	0.025	0.0	0.0	0.0	0.1
54431	DNAJC10	0.025	0.03333333333333333	0.0	0.0	0.06666666666666667
3394	IRF8	0.025	0.016666666666666666	0.016666666666666666	0.0	0.06666666666666667
1311	COMP	0.025	0.016666666666666666	0.016666666666666666	0.06666666666666667	0.0
5827	PXMP2	0.025	0.016666666666666666	0.0	0.016666666666666666	0.06666666666666667
3954	LETM1	0.024999999999999998	0.016666666666666666	0.06666666666666667	0.0	0.016666666666666666
5999	RGS4	0.024999999999999998	0.0	0.016666666666666666	0.08333333333333333	0.0
1293	COL6A3	0.024999999999999998	0.0	0.0	0.016666666666666666	0.08333333333333333
10742	RAI2	0.024999999999999998	0.0	0.08333333333333333	0.0	0.016666666666666666
23362	PSD3	0.024999999999999998	0.016666666666666666	0.0	0.0	0.08333333333333333
113146	AHNAK2	0.024999999999999998	0.016666666666666666	0.0	0.06666666666666667	0.016666666666666666
27289	RND1	0.024999999999999998	0.016666666666666666	0.08333333333333333	0.0	0.0
9440	MED17	0.024999999999999998	0.0	0.016666666666666666	0.0	0.08333333333333333
9580	SOX13	0.024999999999999998	0.08333333333333333	0.0	0.0	0.016666666666666666
9397	NMT2	0.024999999999999998	0.0	0.08333333333333333	0.016666666666666666	0.0
60506	NYX	0.020833333333333336	0.016666666666666666	0.03333333333333333	0.0	0.03333333333333333
5881	RAC3	0.020833333333333336	0.016666666666666666	0.03333333333333333	0.03333333333333333	0.0
7556	ZNF10	0.020833333333333336	0.016666666666666666	0.016666666666666666	0.05	0.0
728448	PPIEL	0.020833333333333336	0.016666666666666666	0.03333333333333333	0.0	0.03333333333333333
4060	LUM	0.020833333333333336	0.016666666666666666	0.03333333333333333	0.03333333333333333	0.0
7846	TUBA1A	0.020833333333333336	0.016666666666666666	0.016666666666666666	0.05	0.0
5260	PHKG1	0.020833333333333336	0.016666666666666666	0.0	0.03333333333333333	0.03333333333333333
200424	TET3	0.020833333333333336	0.03333333333333333	0.0	0.0	0.05
51286	CEND1	0.020833333333333336	0.0	0.03333333333333333	0.0	0.05
713	C1QB	0.020833333333333336	0.0	0.0	0.03333333333333333	0.05
6792	CDKL5	0.020833333333333336	0.0	0.03333333333333333	0.0	0.05
81563	C1orf21	0.020833333333333336	0.0	0.016666666666666666	0.016666666666666666	0.05
1605	DAG1	0.020833333333333336	0.0	0.016666666666666666	0.016666666666666666	0.05
25789	TMEM59L	0.020833333333333336	0.05	0.0	0.0	0.03333333333333333
1284	COL4A2	0.020833333333333336	0.03333333333333333	0.0	0.05	0.0
4356	MPP3	0.020833333333333336	0.016666666666666666	0.0	0.03333333333333333	0.03333333333333333
1310	COL19A1	0.020833333333333336	0.0	0.05	0.0	0.03333333333333333
26002	MOXD1	0.020833333333333336	0.0	0.0	0.03333333333333333	0.05
1479	CSTF3	0.020833333333333336	0.016666666666666666	0.016666666666666666	0.016666666666666666	0.03333333333333333
944	TNFSF8	0.020833333333333336	0.03333333333333333	0.0	0.0	0.05
4507	MTAP	0.020833333333333336	0.03333333333333333	0.0	0.0	0.05
9935	MAFB	0.020833333333333336	0.016666666666666666	0.016666666666666666	0.0	0.05
79888	LPCAT1	0.020833333333333336	0.03333333333333333	0.0	0.0	0.05
4199	ME1	0.020833333333333336	0.016666666666666666	0.016666666666666666	0.0	0.05
9846	GAB2	0.020833333333333336	0.016666666666666666	0.03333333333333333	0.0	0.03333333333333333
1506	CTRL	0.020833333333333336	0.0	0.03333333333333333	0.0	0.05
1536	CYBB	0.020833333333333336	0.016666666666666666	0.0	0.03333333333333333	0.03333333333333333
29102	DROSHA	0.020833333333333336	0.0	0.0	0.03333333333333333	0.05
8324	FZD7	0.020833333333333336	0.03333333333333333	0.0	0.0	0.05
10474	TADA3	0.020833333333333336	0.05	0.03333333333333333	0.0	0.0
4601	MXI1	0.020833333333333336	0.03333333333333333	0.0	0.05	0.0
8289	ARID1A	0.020833333333333336	0.016666666666666666	0.03333333333333333	0.0	0.03333333333333333
8874	ARHGEF7	0.020833333333333336	0.05	0.0	0.03333333333333333	0.0
23306	NEMP1	0.020833333333333336	0.016666666666666666	0.03333333333333333	0.0	0.03333333333333333
1056	CEL	0.020833333333333336	0.016666666666666666	0.016666666666666666	0.05	0.0
57134	MAN1C1	0.020833333333333336	0.0	0.03333333333333333	0.016666666666666666	0.03333333333333333
23682	RAB38	0.020833333333333336	0.05	0.0	0.03333333333333333	0.0
23629	BRD7P3	0.020833333333333336	0.0	0.0	0.03333333333333333	0.05
7916	PRRC2A	0.020833333333333336	0.0	0.0	0.03333333333333333	0.05
100129361	SMIM10L1	0.020833333333333332	0.0	0.08333333333333333	0.0	0.0
3927	LASP1	0.020833333333333332	0.0	0.016666666666666666	0.0	0.06666666666666667
658	BMPR1B	0.020833333333333332	0.03333333333333333	0.016666666666666666	0.016666666666666666	0.016666666666666666
104	ADARB1	0.020833333333333332	0.0	0.08333333333333333	0.0	0.0
388796	SNHG17	0.020833333333333332	0.0	0.016666666666666666	0.0	0.06666666666666667
285527	FRYL	0.020833333333333332	0.03333333333333333	0.03333333333333333	0.0	0.016666666666666666
347344	ZNF81	0.020833333333333332	0.0	0.016666666666666666	0.0	0.06666666666666667
5789	PTPRD	0.020833333333333332	0.0	0.0	0.08333333333333333	0.0
5507	PPP1R3C	0.020833333333333332	0.0	0.08333333333333333	0.0	0.0
3357	HTR2B	0.020833333333333332	0.0	0.0	0.0	0.08333333333333333
7482	WNT2B	0.020833333333333332	0.0	0.016666666666666666	0.06666666666666667	0.0
7057	THBS1	0.020833333333333332	0.0	0.016666666666666666	0.05	0.016666666666666666
5830	PEX5	0.020833333333333332	0.0	0.06666666666666667	0.016666666666666666	0.0
57731	SPTBN4	0.020833333333333332	0.05	0.0	0.016666666666666666	0.016666666666666666
6521	SLC4A1	0.020833333333333332	0.016666666666666666	0.016666666666666666	0.03333333333333333	0.016666666666666666
140467	ZNF358	0.020833333333333332	0.016666666666666666	0.0	0.0	0.06666666666666667
196	AHR	0.020833333333333332	0.0	0.0	0.016666666666666666	0.06666666666666667
6616	SNAP25	0.020833333333333332	0.0	0.05	0.016666666666666666	0.016666666666666666
4241	MELTF	0.020833333333333332	0.0	0.0	0.016666666666666666	0.06666666666666667
597	BCL2A1	0.020833333333333332	0.0	0.0	0.0	0.08333333333333333
1650	DDOST	0.020833333333333332	0.08333333333333333	0.0	0.0	0.0
79750	ZNF385D	0.020833333333333332	0.0	0.08333333333333333	0.0	0.0
220	ALDH1A3	0.020833333333333332	0.016666666666666666	0.06666666666666667	0.0	0.0
1948	EFNB2	0.020833333333333332	0.06666666666666667	0.0	0.016666666666666666	0.0
1794	DOCK2	0.020833333333333332	0.0	0.0	0.0	0.08333333333333333
80111	C3orf36	0.020833333333333332	0.0	0.0	0.0	0.08333333333333333
55332	DRAM1	0.020833333333333332	0.0	0.016666666666666666	0.0	0.06666666666666667
90634	N4BP2L1	0.020833333333333332	0.016666666666666666	0.0	0.05	0.016666666666666666
4939	OAS2	0.020833333333333332	0.0	0.06666666666666667	0.0	0.016666666666666666
3676	ITGA4	0.020833333333333332	0.0	0.0	0.0	0.08333333333333333
2813	GP2	0.020833333333333332	0.0	0.0	0.0	0.08333333333333333
8854	ALDH1A2	0.020833333333333332	0.06666666666666667	0.0	0.016666666666666666	0.0
78995	HROB	0.020833333333333332	0.05	0.0	0.016666666666666666	0.016666666666666666
9099	USP2	0.020833333333333332	0.016666666666666666	0.05	0.0	0.016666666666666666
259173	ALS2CL	0.020833333333333332	0.016666666666666666	0.0	0.0	0.06666666666666667
56731	SLC2A4RG	0.020833333333333332	0.0	0.0	0.0	0.08333333333333333
9726	ZNF646	0.020833333333333332	0.016666666666666666	0.0	0.0	0.06666666666666667
92249	LINC01278	0.020833333333333332	0.06666666666666667	0.0	0.0	0.016666666666666666
54737	MPHOSPH8	0.020833333333333332	0.06666666666666667	0.0	0.016666666666666666	0.0
80852	GRIP2	0.020833333333333332	0.016666666666666666	0.0	0.0	0.06666666666666667
25963	TMEM87A	0.020833333333333332	0.05	0.0	0.016666666666666666	0.016666666666666666
50856	CLEC4A	0.020833333333333332	0.016666666666666666	0.0	0.0	0.06666666666666667
79365	BHLHE41	0.016666666666666666	0.016666666666666666	0.016666666666666666	0.016666666666666666	0.016666666666666666
26266	SLC13A4	0.016666666666666666	0.016666666666666666	0.016666666666666666	0.0	0.03333333333333333
26003	GORASP2	0.016666666666666666	0.05	0.0	0.0	0.016666666666666666
81855	SFXN3	0.016666666666666666	0.0	0.0	0.03333333333333333	0.03333333333333333
116	ADCYAP1	0.016666666666666666	0.0	0.06666666666666667	0.0	0.0
27258	LSM3	0.016666666666666666	0.03333333333333333	0.0	0.016666666666666666	0.016666666666666666
1299	COL9A3	0.016666666666666666	0.0	0.03333333333333333	0.03333333333333333	0.0
29995	LMCD1	0.016666666666666666	0.016666666666666666	0.016666666666666666	0.016666666666666666	0.016666666666666666
29924	EPN1	0.016666666666666666	0.05	0.0	0.0	0.016666666666666666
54814	QPCTL	0.016666666666666666	0.016666666666666666	0.0	0.0	0.05
4162	MCAM	0.016666666666666666	0.0	0.016666666666666666	0.0	0.05
79364	ZXDC	0.016666666666666666	0.0	0.016666666666666666	0.03333333333333333	0.016666666666666666
9672	SDC3	0.016666666666666666	0.0	0.0	0.0	0.06666666666666667
2220	FCN2	0.016666666666666666	0.0	0.016666666666666666	0.03333333333333333	0.016666666666666666
2207	FCER1G	0.016666666666666666	0.0	0.0	0.03333333333333333	0.03333333333333333
2262	GPC5	0.016666666666666666	0.0	0.0	0.0	0.06666666666666667
55776	SAYSD1	0.016666666666666666	0.0	0.03333333333333333	0.0	0.03333333333333333
55764	IFT122	0.016666666666666666	0.0	0.0	0.0	0.06666666666666667
55740	ENAH	0.016666666666666666	0.016666666666666666	0.016666666666666666	0.0	0.03333333333333333
95681	CEP41	0.016666666666666666	0.0	0.0	0.05	0.016666666666666666
308	ANXA5	0.016666666666666666	0.03333333333333333	0.0	0.0	0.03333333333333333
2568	GABRP	0.016666666666666666	0.0	0.03333333333333333	0.03333333333333333	0.0
9245	GCNT3	0.016666666666666666	0.03333333333333333	0.0	0.03333333333333333	0.0
9833	MELK	0.016666666666666666	0.016666666666666666	0.0	0.05	0.0
9788	MTSS1	0.016666666666666666	0.016666666666666666	0.03333333333333333	0.0	0.016666666666666666
9779	TBC1D5	0.016666666666666666	0.016666666666666666	0.0	0.016666666666666666	0.03333333333333333
80000	GREB1L	0.016666666666666666	0.03333333333333333	0.0	0.0	0.03333333333333333
471	ATIC	0.016666666666666666	0.05	0.0	0.016666666666666666	0.0
9770	RASSF2	0.016666666666666666	0.0	0.0	0.0	0.06666666666666667
2313	FLI1	0.016666666666666666	0.0	0.0	0.0	0.06666666666666667
9754	STARD8	0.016666666666666666	0.03333333333333333	0.0	0.0	0.03333333333333333
84928	TMEM209	0.016666666666666666	0.03333333333333333	0.0	0.0	0.03333333333333333
10227	SLC75A1	0.016666666666666666	0.0	0.0	0.06666666666666667	0.0
2153	F5	0.016666666666666666	0.03333333333333333	0.0	0.03333333333333333	0.0
10123	ARL4C	0.016666666666666666	0.0	0.0	0.06666666666666667	0.0
3620	IDO1	0.016666666666666666	0.0	0.0	0.0	0.06666666666666667
9610	RIN1	0.016666666666666666	0.016666666666666666	0.016666666666666666	0.0	0.03333333333333333
9583	ENTPD4	0.016666666666666666	0.0	0.0	0.016666666666666666	0.05
56165	TDRD1	0.016666666666666666	0.0	0.0	0.0	0.06666666666666667
55972	SLC25A40	0.016666666666666666	0.016666666666666666	0.05	0.0	0.0
2696	GIPR	0.016666666666666666	0.03333333333333333	0.016666666666666666	0.0	0.016666666666666666
9200	HACD1	0.016666666666666666	0.0	0.0	0.016666666666666666	0.05
2589	GALNT1	0.016666666666666666	0.016666666666666666	0.016666666666666666	0.0	0.03333333333333333
56834	GPR137	0.016666666666666666	0.0	0.0	0.0	0.06666666666666667
883	KYAT1	0.016666666666666666	0.016666666666666666	0.0	0.0	0.05
259217	HSPA12A	0.016666666666666666	0.016666666666666666	0.0	0.016666666666666666	0.03333333333333333
2200	FBN1	0.016666666666666666	0.0	0.0	0.0	0.06666666666666667
10019	SH2B3	0.016666666666666666	0.0	0.03333333333333333	0.0	0.03333333333333333
11041	B4GAT1	0.016666666666666666	0.0	0.0	0.06666666666666667	0.0
991	CDC20	0.016666666666666666	0.0	0.0	0.0	0.06666666666666667
10875	FGL2	0.016666666666666666	0.016666666666666666	0.0	0.0	0.05
2057	EPOR	0.016666666666666666	0.0	0.016666666666666666	0.03333333333333333	0.016666666666666666
972	CD74	0.016666666666666666	0.0	0.0	0.016666666666666666	0.05
3645	INSRR	0.016666666666666666	0.016666666666666666	0.016666666666666666	0.03333333333333333	0.0
4603	MYBL1	0.016666666666666666	0.05	0.0	0.016666666666666666	0.0
8864	PER2	0.016666666666666666	0.0	0.03333333333333333	0.016666666666666666	0.016666666666666666
2671	GFER	0.016666666666666666	0.016666666666666666	0.016666666666666666	0.0	0.03333333333333333
7745	ZKSCAN8	0.016666666666666666	0.016666666666666666	0.016666666666666666	0.016666666666666666	0.016666666666666666
2875	GPT	0.016666666666666666	0.016666666666666666	0.03333333333333333	0.0	0.016666666666666666
8632	DNAH17	0.016666666666666666	0.016666666666666666	0.016666666666666666	0.0	0.03333333333333333
8470	SORBS2	0.016666666666666666	0.016666666666666666	0.016666666666666666	0.016666666666666666	0.016666666666666666
8431	NR0B2	0.016666666666666666	0.0	0.0	0.016666666666666666	0.05
56913	C1GALT1	0.016666666666666666	0.0	0.016666666666666666	0.0	0.05
2841	GPR18	0.016666666666666666	0.0	0.0	0.0	0.06666666666666667
317	APAF1	0.016666666666666666	0.0	0.0	0.03333333333333333	0.03333333333333333
22996	TTC39A	0.016666666666666666	0.05	0.016666666666666666	0.0	0.0
22982	DIP2C	0.016666666666666666	0.016666666666666666	0.0	0.05	0.0
440	ASNS	0.016666666666666666	0.016666666666666666	0.0	0.0	0.05
84679	SLC9A7	0.016666666666666666	0.016666666666666666	0.03333333333333333	0.0	0.016666666666666666
84525	HOPX	0.016666666666666666	0.016666666666666666	0.0	0.03333333333333333	0.016666666666666666
814	CAMK4	0.016666666666666666	0.0	0.05	0.0	0.016666666666666666
810	CALML3	0.016666666666666666	0.0	0.0	0.0	0.06666666666666667
57136	APMAP	0.016666666666666666	0.016666666666666666	0.0	0.0	0.05
57104	PNPLA2	0.016666666666666666	0.03333333333333333	0.0	0.016666666666666666	0.016666666666666666
126393	HSPB6	0.016666666666666666	0.016666666666666666	0.0	0.0	0.05
126353	MISP	0.016666666666666666	0.0	0.0	0.016666666666666666	0.05
231	AKR1B1	0.016666666666666666	0.016666666666666666	0.0	0.03333333333333333	0.016666666666666666
116984	ARAP2	0.016666666666666666	0.016666666666666666	0.016666666666666666	0.0	0.03333333333333333
1043	CD52	0.016666666666666666	0.0	0.0	0.06666666666666667	0.0
55069	TMEM248	0.016666666666666666	0.016666666666666666	0.0	0.016666666666666666	0.03333333333333333
23616	SH3BP1	0.016666666666666666	0.016666666666666666	0.0	0.0	0.05
23457	ABCB9	0.016666666666666666	0.0	0.016666666666666666	0.0	0.05
79825	EFCC1	0.016666666666666666	0.03333333333333333	0.016666666666666666	0.0	0.016666666666666666
2861	GPR37	0.016666666666666666	0.016666666666666666	0.016666666666666666	0.03333333333333333	0.0
7570	ZNF22	0.016666666666666666	0.0	0.0	0.05	0.016666666666666666
2889	RAPGEF1	0.016666666666666666	0.03333333333333333	0.016666666666666666	0.0	0.016666666666666666
2923	PDIA3	0.016666666666666666	0.016666666666666666	0.0	0.03333333333333333	0.016666666666666666
7412	VCAM1	0.016666666666666666	0.0	0.06666666666666667	0.0	0.0
7357	UGCG	0.016666666666666666	0.016666666666666666	0.0	0.03333333333333333	0.016666666666666666
7110	TMF1	0.016666666666666666	0.0	0.0	0.0	0.06666666666666667
5868	RAB5A	0.016666666666666666	0.016666666666666666	0.016666666666666666	0.0	0.03333333333333333
3024	H1-1	0.016666666666666666	0.0	0.05	0.0	0.016666666666666666
23237	ARC	0.016666666666666666	0.0	0.016666666666666666	0.0	0.05
1822	ATN1	0.016666666666666666	0.05	0.0	0.0	0.016666666666666666
23111	SPART	0.016666666666666666	0.0	0.016666666666666666	0.03333333333333333	0.016666666666666666
4297	KMT2A	0.016666666666666666	0.03333333333333333	0.016666666666666666	0.016666666666666666	0.0
81609	SNX27	0.016666666666666666	0.016666666666666666	0.0	0.03333333333333333	0.016666666666666666
81575	APOLD1	0.016666666666666666	0.0	0.05	0.016666666666666666	0.0
81027	TUBB1	0.016666666666666666	0.05	0.0	0.0	0.016666666666666666
25819	NOCT	0.016666666666666666	0.0	0.016666666666666666	0.0	0.05
5332	PLCB4	0.016666666666666666	0.0	0.0	0.06666666666666667	0.0
5313	PKLR	0.016666666666666666	0.016666666666666666	0.0	0.0	0.05
6462	SHBG	0.016666666666666666	0.0	0.0	0.03333333333333333	0.03333333333333333
6429	SRSF4	0.016666666666666666	0.03333333333333333	0.0	0.0	0.03333333333333333
221092	HNRNPUL2	0.016666666666666666	0.0	0.03333333333333333	0.0	0.03333333333333333
63934	ZNF667	0.016666666666666666	0.0	0.0	0.03333333333333333	0.03333333333333333
5890	RAD51B	0.016666666666666666	0.03333333333333333	0.016666666666666666	0.016666666666666666	0.0
5733	PTGER3	0.016666666666666666	0.0	0.06666666666666667	0.0	0.0
3428	IFI16	0.016666666666666666	0.05	0.0	0.0	0.016666666666666666
4359	MPZ	0.016666666666666666	0.03333333333333333	0.0	0.016666666666666666	0.016666666666666666
3587	IL10RA	0.016666666666666666	0.016666666666666666	0.0	0.016666666666666666	0.03333333333333333
3575	IL7R	0.016666666666666666	0.0	0.0	0.0	0.06666666666666667
5129	CDK18	0.016666666666666666	0.0	0.016666666666666666	0.0	0.05
5074	PAWR	0.016666666666666666	0.016666666666666666	0.0	0.05	0.0
64785	GINS3	0.016666666666666666	0.0	0.016666666666666666	0.0	0.05
3820	KLRB1	0.016666666666666666	0.03333333333333333	0.0	0.03333333333333333	0.0
51427	ZNF107	0.016666666666666666	0.03333333333333333	0.0	0.03333333333333333	0.0
80303	EFHD1	0.016666666666666666	0.0	0.0	0.0	0.06666666666666667
4130	MAP1A	0.016666666666666666	0.0	0.03333333333333333	0.0	0.03333333333333333
4088	SMAD3	0.016666666666666666	0.0	0.016666666666666666	0.016666666666666666	0.03333333333333333
3781	KCNN2	0.016666666666666666	0.0	0.016666666666666666	0.016666666666666666	0.03333333333333333
2139	EYA2	0.0125	0.0	0.0	0.016666666666666666	0.03333333333333333
10181	RBM5	0.0125	0.03333333333333333	0.016666666666666666	0.0	0.0
2070	EYA4	0.0125	0.0	0.05	0.0	0.0
10464	PIBF1	0.0125	0.0	0.0	0.016666666666666666	0.03333333333333333
55607	PPP1R9A	0.0125	0.016666666666666666	0.03333333333333333	0.0	0.0
55663	ZNF446	0.0125	0.0	0.0	0.016666666666666666	0.03333333333333333
79148	MMP28	0.0125	0.0	0.0	0.0	0.05
79094	CHAC1	0.0125	0.0	0.05	0.0	0.0
4185	ADAM11	0.0125	0.016666666666666666	0.016666666666666666	0.0	0.016666666666666666
10017	BCL2L10	0.0125	0.0	0.03333333333333333	0.0	0.016666666666666666
9990	SLC12A6	0.0125	0.016666666666666666	0.0	0.03333333333333333	0.0
2219	FCN1	0.0125	0.0	0.0	0.0	0.05
9967	THRAP3	0.0125	0.016666666666666666	0.0	0.0	0.03333333333333333
10516	FBLN5	0.0125	0.0	0.05	0.0	0.0
10495	ENOX2	0.0125	0.0	0.0	0.03333333333333333	0.016666666666666666
2072	ERCC4	0.0125	0.0	0.03333333333333333	0.0	0.016666666666666666
9905	SGSM2	0.0125	0.016666666666666666	0.016666666666666666	0.0	0.016666666666666666
53829	P2RY13	0.0125	0.0	0.0	0.0	0.05
339105	PRSS53	0.0125	0.03333333333333333	0.0	0.016666666666666666	0.0
4478	MSN	0.0125	0.016666666666666666	0.03333333333333333	0.0	0.0
4436	MSH2	0.0125	0.016666666666666666	0.0	0.0	0.03333333333333333
4361	MRE11	0.0125	0.0	0.016666666666666666	0.03333333333333333	0.0
4248	MGAT3	0.0125	0.016666666666666666	0.0	0.016666666666666666	0.016666666666666666
79850	TLCD3A	0.0125	0.03333333333333333	0.0	0.0	0.016666666666666666
9851	KIAA0753	0.0125	0.016666666666666666	0.016666666666666666	0.0	0.016666666666666666
93436	ARMC6	0.0125	0.0	0.016666666666666666	0.03333333333333333	0.0
93349	SP140L	0.0125	0.016666666666666666	0.0	0.03333333333333333	0.0
91120	ZNF682	0.0125	0.0	0.016666666666666666	0.03333333333333333	0.0
10777	ARPP21	0.0125	0.0	0.05	0.0	0.0
10755	GIPC1	0.0125	0.0	0.016666666666666666	0.0	0.03333333333333333
10746	MAP3K2	0.0125	0.0	0.016666666666666666	0.016666666666666666	0.016666666666666666
2034	EPAS1	0.0125	0.05	0.0	0.0	0.0
90865	IL33	0.0125	0.0	0.0	0.0	0.05
55840	EAF2	0.0125	0.0	0.0	0.05	0.0
4752	NEK3	0.0125	0.0	0.03333333333333333	0.0	0.016666666666666666
3635	INPP5D	0.0125	0.0	0.0	0.0	0.05
51339	DACT1	0.0125	0.0	0.0	0.016666666666666666	0.03333333333333333
51333	ZNF771	0.0125	0.016666666666666666	0.0	0.0	0.03333333333333333
51332	SPTBN5	0.0125	0.016666666666666666	0.0	0.0	0.03333333333333333
4673	NAP1L1	0.0125	0.0	0.0	0.016666666666666666	0.03333333333333333
4642	MYO1D	0.0125	0.016666666666666666	0.0	0.016666666666666666	0.016666666666666666
4610	MYCL	0.0125	0.03333333333333333	0.016666666666666666	0.0	0.0
10964	IFI44L	0.0125	0.03333333333333333	0.0	0.016666666666666666	0.0
10858	CYP46A1	0.0125	0.0	0.0	0.05	0.0
472	ATM	0.0125	0.016666666666666666	0.0	0.03333333333333333	0.0
9774	BCLAF1	0.0125	0.016666666666666666	0.0	0.03333333333333333	0.0
2352	FOLR3	0.0125	0.0	0.05	0.0	0.0
1032	CDKN2D	0.0125	0.03333333333333333	0.016666666666666666	0.0	0.0
9575	CLOCK	0.0125	0.0	0.03333333333333333	0.0	0.016666666666666666
2475	MTOR	0.0125	0.0	0.0	0.0	0.05
2354	FOSB	0.0125	0.0	0.0	0.05	0.0
9429	ABCG2	0.0125	0.0	0.03333333333333333	0.016666666666666666	0.0
51155	JPT1	0.0125	0.016666666666666666	0.0	0.03333333333333333	0.0
1349	COX7B	0.0125	0.0	0.016666666666666666	0.0	0.03333333333333333
51043	ZBTB7B	0.0125	0.0	0.016666666666666666	0.0	0.03333333333333333
51003	MED31	0.0125	0.0	0.03333333333333333	0.0	0.016666666666666666
5045	FURIN	0.0125	0.0	0.016666666666666666	0.0	0.03333333333333333
4796	TONSL	0.0125	0.03333333333333333	0.0	0.0	0.016666666666666666
914	CD2	0.0125	0.0	0.0	0.016666666666666666	0.03333333333333333
9404	LPXN	0.0125	0.016666666666666666	0.0	0.0	0.03333333333333333
9369	NRXN3	0.0125	0.0	0.0	0.016666666666666666	0.03333333333333333
9139	CBFA2T2	0.0125	0.0	0.016666666666666666	0.03333333333333333	0.0
2620	GAS2	0.0125	0.016666666666666666	0.0	0.016666666666666666	0.016666666666666666
84823	LMNB2	0.0125	0.016666666666666666	0.016666666666666666	0.016666666666666666	0.0
333	APLP1	0.0125	0.03333333333333333	0.016666666666666666	0.0	0.0
11261	CHP1	0.0125	0.016666666666666666	0.016666666666666666	0.016666666666666666	0.0
11238	CA5B	0.0125	0.016666666666666666	0.03333333333333333	0.0	0.0
2618	GART	0.0125	0.016666666666666666	0.016666666666666666	0.0	0.016666666666666666
9088	PKMYT1	0.0125	0.03333333333333333	0.016666666666666666	0.0	0.0
9073	CLDN8	0.0125	0.0	0.05	0.0	0.0
837	CASP4	0.0125	0.0	0.0	0.0	0.05
5216	PFN1	0.0125	0.016666666666666666	0.016666666666666666	0.0	0.016666666666666666
3491	CCN1	0.0125	0.016666666666666666	0.0	0.03333333333333333	0.0
5137	PDE1C	0.0125	0.0	0.0	0.0	0.05
30827	CXXC1	0.0125	0.0	0.03333333333333333	0.0	0.016666666666666666
29992	PILRA	0.0125	0.0	0.016666666666666666	0.0	0.03333333333333333
54828	BCAS3	0.0125	0.0	0.0	0.0	0.05
5064	PALM	0.0125	0.0	0.03333333333333333	0.0	0.016666666666666666
64795	RMND5A	0.0125	0.0	0.016666666666666666	0.016666666666666666	0.016666666666666666
56649	TMPRSS4	0.0125	0.0	0.03333333333333333	0.0	0.016666666666666666
56339	METTL3	0.0125	0.0	0.0	0.016666666666666666	0.03333333333333333
22890	ZBTB1	0.0125	0.0	0.0	0.0	0.05
22835	ZFP30	0.0125	0.0	0.016666666666666666	0.03333333333333333	0.0
64219	PJA1	0.0125	0.0	0.0	0.0	0.05
64102	TNMD	0.0125	0.0	0.016666666666666666	0.03333333333333333	0.0
80335	WDR82	0.0125	0.03333333333333333	0.0	0.0	0.016666666666666666
5355	PLP2	0.0125	0.0	0.0	0.016666666666666666	0.03333333333333333
8531	YBX3	0.0125	0.0	0.0	0.016666666666666666	0.03333333333333333
2760	GM2A	0.0125	0.0	0.016666666666666666	0.0	0.03333333333333333
80228	ORAI2	0.0125	0.0	0.0	0.03333333333333333	0.016666666666666666
8439	NSMAF	0.0125	0.0	0.016666666666666666	0.0	0.03333333333333333
56998	CTNNBIP1	0.0125	0.0	0.0	0.0	0.05
56894	AGPAT3	0.0125	0.0	0.0	0.05	0.0
23138	N4BP3	0.0125	0.0	0.03333333333333333	0.0	0.016666666666666666
1812	DRD1	0.0125	0.0	0.03333333333333333	0.0	0.016666666666666666
23046	KIF21B	0.0125	0.03333333333333333	0.0	0.0	0.016666666666666666
22999	RIMS1	0.0125	0.016666666666666666	0.016666666666666666	0.0	0.016666666666666666
2776	GNAQ	0.0125	0.0	0.016666666666666666	0.0	0.03333333333333333
2775	GNAO1	0.0125	0.0	0.0	0.016666666666666666	0.03333333333333333
80273	GRPEL1	0.0125	0.016666666666666666	0.0	0.016666666666666666	0.016666666666666666
29118	DDX25	0.0125	0.0	0.03333333333333333	0.016666666666666666	0.0
29086	BABAM1	0.0125	0.0	0.0	0.03333333333333333	0.016666666666666666
5546	PRCC	0.0125	0.0	0.0	0.03333333333333333	0.016666666666666666
3383	ICAM1	0.0125	0.0	0.05	0.0	0.0
3382	ICA1	0.0125	0.016666666666666666	0.016666666666666666	0.016666666666666666	0.0
2788	GNG7	0.0125	0.016666666666666666	0.016666666666666666	0.016666666666666666	0.0
8202	NCOA3	0.0125	0.0	0.0	0.03333333333333333	0.016666666666666666
8030	CCDC6	0.0125	0.0	0.0	0.05	0.0
57101	ANO2	0.0125	0.0	0.0	0.03333333333333333	0.016666666666666666
7832	BTG2	0.0125	0.016666666666666666	0.03333333333333333	0.0	0.0
2882	GPX7	0.0125	0.0	0.016666666666666666	0.0	0.03333333333333333
1718	DHCR24	0.0125	0.016666666666666666	0.0	0.016666666666666666	0.016666666666666666
23430	TPSD1	0.0125	0.016666666666666666	0.0	0.016666666666666666	0.016666666666666666
7474	WNT5A	0.0125	0.0	0.0	0.0	0.05
7425	VGF	0.0125	0.016666666666666666	0.0	0.0	0.03333333333333333
57332	CBX8	0.0125	0.016666666666666666	0.016666666666666666	0.016666666666666666	0.0
712	C1QA	0.0125	0.0	0.0	0.016666666666666666	0.03333333333333333
5922	RASA2	0.0125	0.016666666666666666	0.03333333333333333	0.0	0.0
5912	RAP2B	0.0125	0.016666666666666666	0.0	0.0	0.03333333333333333
5864	RAB3A	0.0125	0.0	0.0	0.016666666666666666	0.03333333333333333
3298	HSF2	0.0125	0.016666666666666666	0.0	0.016666666666666666	0.016666666666666666
27124	INPP5J	0.0125	0.0	0.0	0.05	0.0
27101	CACYBP	0.0125	0.0	0.016666666666666666	0.016666666666666666	0.016666666666666666
23589	CARHSP1	0.0125	0.0	0.016666666666666666	0.03333333333333333	0.0
23529	CLCF1	0.0125	0.016666666666666666	0.016666666666666666	0.0	0.016666666666666666
23493	HEY2	0.0125	0.016666666666666666	0.016666666666666666	0.0	0.016666666666666666
23478	SEC11A	0.0125	0.05	0.0	0.0	0.0
23471	TRAM1	0.0125	0.0	0.0	0.0	0.05
7305	TYROBP	0.0125	0.0	0.0	0.0	0.05
1635	DCTD	0.0125	0.0	0.0	0.0	0.05
6119	RPA3	0.0125	0.016666666666666666	0.016666666666666666	0.0	0.016666666666666666
6000	RGS7	0.0125	0.0	0.03333333333333333	0.0	0.016666666666666666
63906	GPATCH3	0.0125	0.0	0.0	0.0	0.05
63892	THADA	0.0125	0.0	0.0	0.0	0.05
60676	PAPPA2	0.0125	0.0	0.016666666666666666	0.0	0.03333333333333333
23643	LY96	0.0125	0.0	0.0	0.0	0.05
55124	PIWIL2	0.0125	0.0	0.0	0.0	0.05
2961	GTF2E2	0.0125	0.0	0.0	0.0	0.05
7088	TLE1	0.0125	0.0	0.0	0.0	0.05
7087	ICAM5	0.0125	0.016666666666666666	0.016666666666666666	0.0	0.016666666666666666
25822	DNAJB5	0.0125	0.0	0.016666666666666666	0.0	0.03333333333333333
25792	CIZ1	0.0125	0.016666666666666666	0.016666666666666666	0.016666666666666666	0.0
1649	DDIT3	0.0125	0.0	0.05	0.0	0.0
2998	GYS2	0.0125	0.016666666666666666	0.0	0.0	0.03333333333333333
60468	BACH2	0.0125	0.0	0.016666666666666666	0.0	0.03333333333333333
59341	TRPV4	0.0125	0.0	0.03333333333333333	0.0	0.016666666666666666
58529	MYOZ1	0.0125	0.0	0.0	0.0	0.05
6382	SDC1	0.0125	0.0	0.016666666666666666	0.0	0.03333333333333333
6352	CCL5	0.0125	0.016666666666666666	0.0	0.016666666666666666	0.016666666666666666
1548	CYP2A6	0.0125	0.016666666666666666	0.0	0.03333333333333333	0.0
26093	CCDC9	0.0125	0.03333333333333333	0.0	0.016666666666666666	0.0
3163	HMOX2	0.0125	0.0	0.0	0.0	0.05
3201	HOXA4	0.0125	0.0	0.05	0.0	0.0
6781	STC1	0.0125	0.016666666666666666	0.0	0.0	0.03333333333333333
157869	SBSPON	0.0125	0.0	0.0	0.0	0.05
81616	ACSBG2	0.0125	0.03333333333333333	0.0	0.016666666666666666	0.0
387	RHOA	0.0125	0.0	0.0	0.0	0.05
146057	TTBK2	0.0125	0.0	0.0	0.03333333333333333	0.016666666666666666
140597	TCEAL2	0.0125	0.0	0.016666666666666666	0.016666666666666666	0.016666666666666666
54988	ACSM5	0.0125	0.0	0.0	0.0	0.05
1116	CHI3L1	0.0125	0.016666666666666666	0.0	0.016666666666666666	0.016666666666666666
79805	VASH2	0.0125	0.016666666666666666	0.0	0.0	0.03333333333333333
58	ACTA1	0.0125	0.0	0.03333333333333333	0.0	0.016666666666666666
55576	STAB2	0.0125	0.016666666666666666	0.0	0.016666666666666666	0.016666666666666666
90522	YIF1B	0.0125	0.016666666666666666	0.0	0.0	0.03333333333333333
89853	MVB12B	0.0125	0.0	0.03333333333333333	0.016666666666666666	0.0
85377	MICALL1	0.0125	0.0	0.03333333333333333	0.0	0.016666666666666666
51673	TPPP3	0.0125	0.0	0.016666666666666666	0.016666666666666666	0.016666666666666666
51660	MPC1	0.0125	0.0	0.016666666666666666	0.0	0.03333333333333333
4040	LRP6	0.0125	0.016666666666666666	0.0	0.0	0.03333333333333333
79649	MAP7D3	0.0125	0.0	0.03333333333333333	0.016666666666666666	0.0
539	ATP5PO	0.0125	0.0	0.03333333333333333	0.0	0.016666666666666666
100129250	TZMP1	0.0125	0.0	0.03333333333333333	0.0	0.016666666666666666
28	ABO	0.0125	0.0	0.03333333333333333	0.016666666666666666	0.0
727800	RNF208	0.008333333333333333	0.0	0.0	0.0	0.03333333333333333
79634	SCRN3	0.008333333333333333	0.0	0.03333333333333333	0.0	0.0
3998	LMAN1	0.008333333333333333	0.0	0.016666666666666666	0.016666666666666666	0.0
4054	LTBP3	0.008333333333333333	0.0	0.0	0.0	0.03333333333333333
51703	ACSL5	0.008333333333333333	0.0	0.0	0.016666666666666666	0.016666666666666666
51725	FBXO40	0.008333333333333333	0.016666666666666666	0.0	0.0	0.016666666666666666
51735	RAPGEF6	0.008333333333333333	0.016666666666666666	0.0	0.0	0.016666666666666666
79172	CENPO	0.008333333333333333	0.0	0.0	0.0	0.03333333333333333
79161	TMEM243	0.008333333333333333	0.0	0.0	0.0	0.03333333333333333
79087	ALG12	0.008333333333333333	0.0	0.0	0.0	0.03333333333333333
51593	SRRT	0.008333333333333333	0.0	0.0	0.016666666666666666	0.016666666666666666
1236	CCR7	0.008333333333333333	0.0	0.0	0.0	0.03333333333333333
51564	HDAC7	0.008333333333333333	0.0	0.0	0.0	0.03333333333333333
51557	LGSN	0.008333333333333333	0.0	0.016666666666666666	0.016666666666666666	0.0
51379	CRLF3	0.008333333333333333	0.0	0.0	0.0	0.03333333333333333
4137	MAPT	0.008333333333333333	0.0	0.0	0.016666666666666666	0.016666666666666666
4059	BCAM	0.008333333333333333	0.016666666666666666	0.0	0.0	0.016666666666666666
388969	C2orf68	0.008333333333333333	0.016666666666666666	0.0	0.0	0.016666666666666666
3920	LAMP2	0.008333333333333333	0.0	0.0	0.0	0.03333333333333333
9980	DOP1B	0.008333333333333333	0.0	0.0	0.0	0.03333333333333333
2213	FCGR2B	0.008333333333333333	0.0	0.0	0.0	0.03333333333333333
10694	CCT8	0.008333333333333333	0.0	0.0	0.016666666666666666	0.016666666666666666
10672	GNA13	0.008333333333333333	0.0	0.03333333333333333	0.0	0.0
6605	SMARCE1	0.008333333333333333	0.016666666666666666	0.016666666666666666	0.0	0.0
54891	INO80D	0.008333333333333333	0.016666666666666666	0.016666666666666666	0.0	0.0
25939	SAMHD1	0.008333333333333333	0.0	0.016666666666666666	0.0	0.016666666666666666
81490	PTDSS2	0.008333333333333333	0.0	0.0	0.0	0.03333333333333333
149986	LSM14B	0.008333333333333333	0.0	0.0	0.016666666666666666	0.016666666666666666
146712	QTGAL	0.008333333333333333	0.0	0.0	0.0	0.03333333333333333
3075	CFH	0.008333333333333333	0.016666666666666666	0.016666666666666666	0.0	0.0
25987	TSKU	0.008333333333333333	0.016666666666666666	0.0	0.016666666666666666	0.0
55013	MCUB	0.008333333333333333	0.0	0.0	0.0	0.03333333333333333
54986	ULK4	0.008333333333333333	0.0	0.016666666666666666	0.016666666666666666	0.0
6500	SKP1	0.008333333333333333	0.0	0.0	0.0	0.03333333333333333
689	BTF3	0.008333333333333333	0.0	0.0	0.016666666666666666	0.016666666666666666
686	BTD	0.008333333333333333	0.0	0.03333333333333333	0.0	0.0
60558	GUF1	0.008333333333333333	0.0	0.0	0.0	0.03333333333333333
79829	NAA40	0.008333333333333333	0.0	0.016666666666666666	0.0	0.016666666666666666
79815	NIPAL2	0.008333333333333333	0.0	0.0	0.0	0.03333333333333333
6883	TAF12	0.008333333333333333	0.0	0.016666666666666666	0.0	0.016666666666666666
6793	STK10	0.008333333333333333	0.0	0.016666666666666666	0.0	0.016666666666666666
6452	SH3BP2	0.008333333333333333	0.0	0.0	0.03333333333333333	0.0
6448	SGSH	0.008333333333333333	0.0	0.016666666666666666	0.0	0.016666666666666666
3117	HLA-DQA1	0.008333333333333333	0.0	0.0	0.016666666666666666	0.016666666666666666
6385	SDC4	0.008333333333333333	0.016666666666666666	0.0	0.016666666666666666	0.0
26234	FBXL5	0.008333333333333333	0.0	0.0	0.03333333333333333	0.0
26051	PPP1R16B	0.008333333333333333	0.0	0.0	0.03333333333333333	0.0
26031	OSBPL3	0.008333333333333333	0.0	0.0	0.0	0.03333333333333333
3149	HMGB3	0.008333333333333333	0.0	0.0	0.0	0.03333333333333333
3200	HOXA3	0.008333333333333333	0.016666666666666666	0.016666666666666666	0.0	0.0
6194	RPS6	0.008333333333333333	0.0	0.03333333333333333	0.0	0.0
6773	STAT2	0.008333333333333333	0.0	0.0	0.0	0.03333333333333333
6772	STAT1	0.008333333333333333	0.0	0.0	0.03333333333333333	0.0
6662	SOX9	0.008333333333333333	0.03333333333333333	0.0	0.0	0.0
6622	SNCA	0.008333333333333333	0.0	0.016666666666666666	0.0	0.016666666666666666
23645	PPP1R15A	0.008333333333333333	0.0	0.0	0.0	0.03333333333333333
23639	DNAAF11	0.008333333333333333	0.0	0.0	0.016666666666666666	0.016666666666666666
55127	HEATR1	0.008333333333333333	0.0	0.016666666666666666	0.0	0.016666666666666666
55096	EBLN2	0.008333333333333333	0.0	0.0	0.0	0.03333333333333333
55064	SPATA6L	0.008333333333333333	0.0	0.0	0.0	0.03333333333333333
7188	TRAF5	0.008333333333333333	0.016666666666666666	0.0	0.0	0.016666666666666666
7165	TPD52L2	0.008333333333333333	0.0	0.016666666666666666	0.016666666666666666	0.0
7097	TLR2	0.008333333333333333	0.016666666666666666	0.0	0.016666666666666666	0.0
7096	TLR1	0.008333333333333333	0.016666666666666666	0.0	0.016666666666666666	0.0
7086	TKT	0.008333333333333333	0.0	0.0	0.0	0.03333333333333333
7048	TGFBR2	0.008333333333333333	0.016666666666666666	0.0	0.0	0.016666666666666666
25847	ANAPC13	0.008333333333333333	0.0	0.03333333333333333	0.0	0.0
1628	DBP	0.008333333333333333	0.0	0.0	0.0	0.03333333333333333
25777	SUN2	0.008333333333333333	0.0	0.0	0.0	0.03333333333333333
24147	FJX1	0.008333333333333333	0.0	0.03333333333333333	0.0	0.0
734	OSGIN2	0.008333333333333333	0.0	0.0	0.0	0.03333333333333333
2926	GRSF1	0.008333333333333333	0.0	0.016666666666666666	0.0	0.016666666666666666
2908	NR3C1	0.008333333333333333	0.016666666666666666	0.0	0.0	0.016666666666666666
7372	UMPS	0.008333333333333333	0.0	0.0	0.016666666666666666	0.016666666666666666
6188	RPS3	0.008333333333333333	0.0	0.03333333333333333	0.0	0.0
6051	RNPEP	0.008333333333333333	0.0	0.016666666666666666	0.016666666666666666	0.0
6039	RNASE6	0.008333333333333333	0.016666666666666666	0.0	0.0	0.016666666666666666
3223	HOXC6	0.008333333333333333	0.016666666666666666	0.0	0.0	0.016666666666666666
253982	ASPHD1	0.008333333333333333	0.0	0.03333333333333333	0.0	0.0
27075	TSPAN13	0.008333333333333333	0.0	0.0	0.0	0.03333333333333333
26589	MRPL46	0.008333333333333333	0.016666666666666666	0.0	0.016666666666666666	0.0
26576	SRPK3	0.008333333333333333	0.016666666666666666	0.0	0.0	0.016666666666666666
26515	TIMM10B	0.008333333333333333	0.0	0.03333333333333333	0.0	0.0
63982	ANO3	0.008333333333333333	0.0	0.0	0.0	0.03333333333333333
63894	VIPAS39	0.008333333333333333	0.0	0.0	0.016666666666666666	0.016666666666666666
23769	FLRT1	0.008333333333333333	0.0	0.0	0.0	0.03333333333333333
23648	SSBP3	0.008333333333333333	0.016666666666666666	0.016666666666666666	0.0	0.0
55035	NOL8	0.008333333333333333	0.0	0.0	0.0	0.03333333333333333
5925	RB1	0.008333333333333333	0.0	0.0	0.0	0.03333333333333333
5920	PLAAT4	0.008333333333333333	0.0	0.03333333333333333	0.0	0.0
5832	ALDH18A1	0.008333333333333333	0.0	0.016666666666666666	0.0	0.016666666666666666
27309	NOAZFP	0.008333333333333333	0.0	0.0	0.03333333333333333	0.0
27286	SRPX2	0.008333333333333333	0.0	0.0	0.0	0.03333333333333333
27180	SIGLEC9	0.008333333333333333	0.0	0.0	0.0	0.03333333333333333
5816	PVALB	0.008333333333333333	0.0	0.016666666666666666	0.0	0.016666666666666666
5813	PURA	0.008333333333333333	0.0	0.0	0.0	0.03333333333333333
5787	PTPRB	0.008333333333333333	0.0	0.03333333333333333	0.0	0.0
23597	ACOT9	0.008333333333333333	0.0	0.0	0.0	0.03333333333333333
23560	GTPBP4	0.008333333333333333	0.0	0.0	0.0	0.03333333333333333
23531	MMD	0.008333333333333333	0.0	0.0	0.0	0.03333333333333333
57194	ATP10A	0.008333333333333333	0.0	0.0	0.0	0.03333333333333333
57188	ADAMTSL3	0.008333333333333333	0.0	0.016666666666666666	0.016666666666666666	0.0
7424	VEGFC	0.008333333333333333	0.0	0.0	0.0	0.03333333333333333
127833	SYT2	0.008333333333333333	0.0	0.016666666666666666	0.0	0.016666666666666666
116496	NIBAN1	0.008333333333333333	0.0	0.0	0.0	0.03333333333333333
23223	RRP12	0.008333333333333333	0.0	0.016666666666666666	0.0	0.016666666666666666
23192	ATG4B	0.008333333333333333	0.0	0.0	0.03333333333333333	0.0
7525	YES1	0.008333333333333333	0.03333333333333333	0.0	0.0	0.0
2896	GRN	0.008333333333333333	0.016666666666666666	0.0	0.0	0.016666666666666666
1734	DIO2	0.008333333333333333	0.0	0.03333333333333333	0.0	0.0
23401	FRAT2	0.008333333333333333	0.03333333333333333	0.0	0.0	0.0
23328	SASH1	0.008333333333333333	0.0	0.0	0.0	0.03333333333333333
1778	DYNC1H1	0.008333333333333333	0.016666666666666666	0.016666666666666666	0.0	0.0
1768	DNAH6	0.008333333333333333	0.0	0.0	0.0	0.03333333333333333
7453	WARS1	0.008333333333333333	0.0	0.0	0.016666666666666666	0.016666666666666666
770	CA11	0.008333333333333333	0.016666666666666666	0.0	0.0	0.016666666666666666
57419	SLC24A3	0.008333333333333333	0.0	0.0	0.016666666666666666	0.016666666666666666
57209	ZNF248	0.008333333333333333	0.0	0.0	0.0	0.03333333333333333
55038	CDCA4	0.008333333333333333	0.016666666666666666	0.0	0.0	0.016666666666666666
8332	H2AC16	0.008333333333333333	0.016666666666666666	0.0	0.0	0.016666666666666666
2802	GOLGA3	0.008333333333333333	0.0	0.0	0.0	0.03333333333333333
29890	RBM15B	0.008333333333333333	0.016666666666666666	0.016666666666666666	0.0	0.0
29760	BLNK	0.008333333333333333	0.0	0.0	0.0	0.03333333333333333
1395	CRHR2	0.008333333333333333	0.0	0.016666666666666666	0.0	0.016666666666666666
28968	SLC6A16	0.008333333333333333	0.0	0.016666666666666666	0.0	0.016666666666666666
28232	SLCO3A1	0.008333333333333333	0.016666666666666666	0.0	0.0	0.016666666666666666
27330	RPS6KA6	0.008333333333333333	0.0	0.016666666666666666	0.016666666666666666	0.0
5599	MAPK8	0.008333333333333333	0.0	0.016666666666666666	0.0	0.016666666666666666
5533	PPP3CC	0.008333333333333333	0.0	0.0	0.0	0.03333333333333333
5445	PON2	0.008333333333333333	0.016666666666666666	0.0	0.0	0.016666666666666666
5432	POLR2C	0.008333333333333333	0.016666666666666666	0.0	0.016666666666666666	0.0
2791	GNG11	0.008333333333333333	0.0	0.0	0.016666666666666666	0.016666666666666666
7991	TUSC3	0.008333333333333333	0.016666666666666666	0.016666666666666666	0.0	0.0
7869	SEMA3B	0.008333333333333333	0.0	0.0	0.016666666666666666	0.016666666666666666
133619	PRRC1	0.008333333333333333	0.0	0.03333333333333333	0.0	0.0
8662	EIF3B	0.008333333333333333	0.016666666666666666	0.016666666666666666	0.0	0.0
2737	GLI3	0.008333333333333333	0.0	0.0	0.016666666666666666	0.016666666666666666
8507	ENC1	0.008333333333333333	0.0	0.0	0.016666666666666666	0.016666666666666666
1017	CDK2	0.008333333333333333	0.0	0.0	0.03333333333333333	0.0
55267	PRR34	0.008333333333333333	0.0	0.0	0.0	0.03333333333333333
80271	ITPKC	0.008333333333333333	0.0	0.016666666666666666	0.0	0.016666666666666666
80258	EFHC2	0.008333333333333333	0.0	0.0	0.0	0.03333333333333333
2782	GNB1	0.008333333333333333	0.0	0.0	0.0	0.03333333333333333
824	CAPN2	0.008333333333333333	0.0	0.016666666666666666	0.0	0.016666666666666666
860	RUNX2	0.008333333333333333	0.0	0.016666666666666666	0.0	0.016666666666666666
23174	ZCCHC14	0.008333333333333333	0.0	0.0	0.0	0.03333333333333333
23165	NUP205	0.008333333333333333	0.0	0.03333333333333333	0.0	0.0
23019	CNOT1	0.008333333333333333	0.0	0.03333333333333333	0.0	0.0
858	CAV2	0.008333333333333333	0.0	0.0	0.0	0.03333333333333333
845	CASQ2	0.008333333333333333	0.0	0.0	0.0	0.03333333333333333
8406	SRPX	0.008333333333333333	0.0	0.0	0.0	0.03333333333333333
9021	SOCS3	0.008333333333333333	0.0	0.0	0.0	0.03333333333333333
8905	AP1S2	0.008333333333333333	0.0	0.0	0.03333333333333333	0.0
64359	NXN	0.008333333333333333	0.0	0.0	0.016666666666666666	0.016666666666666666
64344	HIF3A	0.008333333333333333	0.016666666666666666	0.016666666666666666	0.0	0.0
64220	STRA6	0.008333333333333333	0.016666666666666666	0.0	0.0	0.016666666666666666
405	ARNT	0.008333333333333333	0.0	0.0	0.03333333333333333	0.0
80279	CDK5RAP3	0.008333333333333333	0.016666666666666666	0.0	0.0	0.016666666666666666
5359	PLSCR1	0.008333333333333333	0.0	0.0	0.016666666666666666	0.016666666666666666
5346	PLIN1	0.008333333333333333	0.0	0.016666666666666666	0.016666666666666666	0.0
5341	PLEK	0.008333333333333333	0.016666666666666666	0.0	0.0	0.016666666666666666
3480	IGF1R	0.008333333333333333	0.0	0.0	0.0	0.03333333333333333
3459	IFNGR1	0.008333333333333333	0.0	0.0	0.0	0.03333333333333333
5288	PIK3C2G	0.008333333333333333	0.0	0.0	0.016666666666666666	0.016666666666666666
5226	PGD	0.008333333333333333	0.0	0.03333333333333333	0.0	0.0
8872	CDC123	0.008333333333333333	0.0	0.0	0.0	0.03333333333333333
2735	GLI1	0.008333333333333333	0.016666666666666666	0.0	0.0	0.016666666666666666
5176	SERPINF1	0.008333333333333333	0.016666666666666666	0.0	0.016666666666666666	0.0
29944	PNMA3	0.008333333333333333	0.016666666666666666	0.0	0.0	0.016666666666666666
54863	TOR4A	0.008333333333333333	0.0	0.0	0.016666666666666666	0.016666666666666666
54853	WDR55	0.008333333333333333	0.0	0.0	0.0	0.03333333333333333
5101	PCDH9	0.008333333333333333	0.0	0.03333333333333333	0.0	0.0
64595	TTTY15	0.008333333333333333	0.0	0.0	0.0	0.03333333333333333
56652	TWNK	0.008333333333333333	0.0	0.03333333333333333	0.0	0.0
1831	TSC22D3	0.008333333333333333	0.0	0.0	0.0	0.03333333333333333
22913	RALY	0.008333333333333333	0.0	0.0	0.0	0.03333333333333333
22873	DZIP1	0.008333333333333333	0.03333333333333333	0.0	0.0	0.0
22852	ANKRD26	0.008333333333333333	0.0	0.016666666666666666	0.0	0.016666666666666666
22834	ZNF652	0.008333333333333333	0.016666666666666666	0.0	0.016666666666666666	0.0
22795	NID2	0.008333333333333333	0.0	0.0	0.0	0.03333333333333333
56260	C8orf44	0.008333333333333333	0.0	0.016666666666666666	0.0	0.016666666666666666
894	CCND2	0.008333333333333333	0.0	0.0	0.016666666666666666	0.016666666666666666
891	CCNB1	0.008333333333333333	0.016666666666666666	0.0	0.0	0.016666666666666666
9329	GTF3C4	0.008333333333333333	0.0	0.016666666666666666	0.016666666666666666	0.0
1902	LPAR1	0.008333333333333333	0.0	0.0	0.0	0.03333333333333333
11107	PRDM5	0.008333333333333333	0.0	0.016666666666666666	0.016666666666666666	0.0
1946	EFNA5	0.008333333333333333	0.0	0.0	0.0	0.03333333333333333
9201	DCLK1	0.008333333333333333	0.0	0.0	0.0	0.03333333333333333
114825	PWWP2A	0.008333333333333333	0.0	0.0	0.0	0.03333333333333333
114791	TUBGCP5	0.008333333333333333	0.0	0.0	0.03333333333333333	0.0
113791	PIK3IP1	0.008333333333333333	0.016666666666666666	0.0	0.016666666666666666	0.0
9130	FAM50A	0.008333333333333333	0.0	0.016666666666666666	0.016666666666666666	0.0
11316	COPE	0.008333333333333333	0.0	0.016666666666666666	0.016666666666666666	0.0
84790	TUBA1C	0.008333333333333333	0.016666666666666666	0.0	0.0	0.016666666666666666
84302	PGAP4	0.008333333333333333	0.0	0.0	0.03333333333333333	0.0
2597	GAPDH	0.008333333333333333	0.03333333333333333	0.0	0.0	0.0
839	CASP6	0.008333333333333333	0.016666666666666666	0.0	0.016666666666666666	0.0
3551	IKBKB	0.008333333333333333	0.0	0.0	0.016666666666666666	0.016666666666666666
5207	PFKFB1	0.008333333333333333	0.0	0.016666666666666666	0.0	0.016666666666666666
2537	IFI6	0.008333333333333333	0.0	0.0	0.016666666666666666	0.016666666666666666
51163	DBR1	0.008333333333333333	0.0	0.0	0.016666666666666666	0.016666666666666666
1365	CLDN3	0.008333333333333333	0.0	0.0	0.0	0.03333333333333333
50832	TAS2R4	0.008333333333333333	0.016666666666666666	0.0	0.0	0.016666666666666666
50809	HP1BP3	0.008333333333333333	0.0	0.0	0.0	0.03333333333333333
644	BLVRA	0.008333333333333333	0.0	0.016666666666666666	0.0	0.016666666666666666
5062	PAK2	0.008333333333333333	0.0	0.0	0.0	0.03333333333333333
285203	EOGT	0.008333333333333333	0.016666666666666666	0.0	0.0	0.016666666666666666
154	ADRB2	0.008333333333333333	0.016666666666666666	0.0	0.0	0.016666666666666666
152	ADRA2C	0.008333333333333333	0.0	0.0	0.0	0.03333333333333333
150	ADRA2A	0.008333333333333333	0.0	0.0	0.0	0.03333333333333333
56125	PCDHB11	0.008333333333333333	0.0	0.0	0.0	0.03333333333333333
56124	PCDHB12	0.008333333333333333	0.016666666666666666	0.0	0.0	0.016666666666666666
56101	PCDHGB5	0.008333333333333333	0.0	0.0	0.0	0.03333333333333333
9378	NRXN1	0.008333333333333333	0.0	0.016666666666666666	0.0	0.016666666666666666
9362	CPNE6	0.008333333333333333	0.016666666666666666	0.0	0.016666666666666666	0.0
10930	APOBEC2	0.008333333333333333	0.0	0.0	0.0	0.03333333333333333
10906	TRAFD1	0.008333333333333333	0.016666666666666666	0.0	0.016666666666666666	0.0
482	ATP1B2	0.008333333333333333	0.0	0.0	0.0	0.03333333333333333
79905	TMC7	0.008333333333333333	0.0	0.016666666666666666	0.0	0.016666666666666666
79866	BORA	0.008333333333333333	0.0	0.016666666666666666	0.0	0.016666666666666666
2319	FLOT2	0.008333333333333333	0.0	0.0	0.016666666666666666	0.016666666666666666
2314	FLII	0.008333333333333333	0.03333333333333333	0.0	0.0	0.0
2303	FOXC2	0.008333333333333333	0.0	0.0	0.0	0.03333333333333333
9677	PPIP5K1	0.008333333333333333	0.0	0.016666666666666666	0.0	0.016666666666666666
11057	ABHD2	0.008333333333333333	0.0	0.016666666666666666	0.016666666666666666	0.0
55384	MEG3	0.008333333333333333	0.0	0.0	0.0	0.03333333333333333
55361	PI4K2A	0.008333333333333333	0.016666666666666666	0.0	0.0	0.016666666666666666
55321	TMEM74B	0.008333333333333333	0.0	0.0	0.0	0.03333333333333333
9612	NCOR2	0.008333333333333333	0.016666666666666666	0.0	0.016666666666666666	0.0
9569	GTF2IRD1	0.008333333333333333	0.0	0.03333333333333333	0.0	0.0
9416	DDX23	0.008333333333333333	0.03333333333333333	0.0	0.0	0.0
2027	ENO3	0.008333333333333333	0.0	0.0	0.016666666666666666	0.016666666666666666
2289	FKBP5	0.008333333333333333	0.0	0.0	0.0	0.03333333333333333
80003	PCNX2	0.008333333333333333	0.0	0.0	0.0	0.03333333333333333
4706	NDUFAB1	0.008333333333333333	0.0	0.0	0.016666666666666666	0.016666666666666666
53407	STX18	0.008333333333333333	0.016666666666666666	0.016666666666666666	0.0	0.0
51284	TLR7	0.008333333333333333	0.0	0.0	0.0	0.03333333333333333
4692	NDN	0.008333333333333333	0.0	0.0	0.0	0.03333333333333333
4678	NASP	0.008333333333333333	0.0	0.0	0.016666666666666666	0.016666666666666666
4627	MYH9	0.008333333333333333	0.016666666666666666	0.016666666666666666	0.0	0.0
78986	DUSP26	0.008333333333333333	0.0	0.016666666666666666	0.0	0.016666666666666666
639	PRDM1	0.008333333333333333	0.03333333333333333	0.0	0.0	0.0
79927	FAM110D	0.008333333333333333	0.0	0.0	0.0	0.03333333333333333
79906	MORN1	0.008333333333333333	0.016666666666666666	0.016666666666666666	0.0	0.0
1031	CDKN2C	0.008333333333333333	0.016666666666666666	0.0	0.0	0.016666666666666666
10982	MAPRE2	0.008333333333333333	0.016666666666666666	0.0	0.016666666666666666	0.0
10963	STIP1	0.008333333333333333	0.0	0.0	0.03333333333333333	0.0
10512	SEMA3C	0.008333333333333333	0.016666666666666666	0.0	0.016666666666666666	0.0
9922	IQSEC1	0.008333333333333333	0.016666666666666666	0.0	0.016666666666666666	0.0
9914	ATP2C2	0.008333333333333333	0.0	0.016666666666666666	0.0	0.016666666666666666
2250	FGF5	0.008333333333333333	0.0	0.0	0.0	0.03333333333333333
4608	MYBPH	0.008333333333333333	0.0	0.0	0.0	0.03333333333333333
1188	CLCNKB	0.008333333333333333	0.0	0.0	0.0	0.03333333333333333
1158	CKM	0.008333333333333333	0.016666666666666666	0.0	0.0	0.016666666666666666
54332	GDAP1	0.008333333333333333	0.0	0.0	0.0	0.03333333333333333
54039	PCBP3	0.008333333333333333	0.0	0.0	0.0	0.03333333333333333
53615	MBD3	0.008333333333333333	0.0	0.0	0.016666666666666666	0.016666666666666666
4360	MRC1	0.008333333333333333	0.0	0.016666666666666666	0.0	0.016666666666666666
3709	ITPR2	0.008333333333333333	0.0	0.0	0.0	0.03333333333333333
4236	MFAP1	0.008333333333333333	0.0	0.0	0.0	0.03333333333333333
580	BARD1	0.008333333333333333	0.0	0.0	0.03333333333333333	0.0
9873	FCHSD2	0.008333333333333333	0.0	0.016666666666666666	0.0	0.016666666666666666
55734	ZFP64	0.008333333333333333	0.0	0.0	0.016666666666666666	0.016666666666666666
51807	TUBA8	0.008333333333333333	0.0	0.0	0.03333333333333333	0.0
79691	QTRT2	0.008333333333333333	0.0	0.0	0.0	0.03333333333333333
79677	SMC6	0.008333333333333333	0.016666666666666666	0.0	0.0	0.016666666666666666
79668	PARP8	0.008333333333333333	0.0	0.0	0.0	0.03333333333333333
102	ADAM10	0.008333333333333333	0.016666666666666666	0.016666666666666666	0.0	0.0
10170	DHRS9	0.008333333333333333	0.0	0.0	0.0	0.03333333333333333
55715	DOK4	0.008333333333333333	0.0	0.0	0.0	0.03333333333333333
55707	NECAP2	0.008333333333333333	0.0	0.0	0.0	0.03333333333333333
55691	FRMD4A	0.008333333333333333	0.0	0.0	0.0	0.03333333333333333
10462	CLEC10A	0.008333333333333333	0.0	0.016666666666666666	0.0	0.016666666666666666
55601	DDX60	0.008333333333333333	0.0	0.0	0.016666666666666666	0.016666666666666666
978	CDA	0.008333333333333333	0.016666666666666666	0.0	0.016666666666666666	0.0
2167	FABP4	0.008333333333333333	0.0	0.03333333333333333	0.0	0.0
10114	HIPK3	0.008333333333333333	0.0	0.03333333333333333	0.0	0.0
10069	RWDD2B	0.008333333333333333	0.0	0.0	0.016666666666666666	0.016666666666666666
558	AXL	0.008333333333333333	0.0	0.0	0.0	0.03333333333333333
79778	MICALL2	0.008333333333333333	0.0	0.0	0.016666666666666666	0.016666666666666666
79777	ACBD4	0.008333333333333333	0.0	0.0	0.0	0.03333333333333333
79745	CLIP4	0.008333333333333333	0.0	0.0	0.0	0.03333333333333333
100	ADA	0.008333333333333333	0.0	0.0	0.03333333333333333	0.0
89	ACTN3	0.008333333333333333	0.016666666666666666	0.0	0.0	0.016666666666666666
79627	OGFRL1	0.008333333333333333	0.0	0.0	0.03333333333333333	0.0
3937	LCP2	0.008333333333333333	0.0	0.0	0.0	0.03333333333333333
3932	LCK	0.008333333333333333	0.0	0.0	0.0	0.03333333333333333
54	ACP5	0.008333333333333333	0.0	0.016666666666666666	0.016666666666666666	0.0
55556	ENOSF1	0.008333333333333333	0.0	0.016666666666666666	0.0	0.016666666666666666
10444	ZER1	0.008333333333333333	0.0	0.0	0.016666666666666666	0.016666666666666666
90480	GADD45GIP1	0.008333333333333333	0.0	0.0	0.03333333333333333	0.0
10382	TUBB4A	0.008333333333333333	0.0	0.016666666666666666	0.0	0.016666666666666666
10230	NBR2	0.008333333333333333	0.0	0.03333333333333333	0.0	0.0
3838	KPNA2	0.008333333333333333	0.0	0.0	0.016666666666666666	0.016666666666666666
3827	KNG1	0.008333333333333333	0.0	0.0	0.0	0.03333333333333333
25	ABL1	0.004166666666666667	0.0	0.0	0.0	0.016666666666666666
100126791	EGOT	0.004166666666666667	0.0	0.016666666666666666	0.0	0.0
752014	CEMP1	0.004166666666666667	0.0	0.016666666666666666	0.0	0.0
730101	LOC730101	0.004166666666666667	0.0	0.016666666666666666	0.0	0.0
729515	TMEM242	0.004166666666666667	0.0	0.016666666666666666	0.0	0.0
728215	NALF1	0.004166666666666667	0.0	0.0	0.0	0.016666666666666666
645682	POU5F1P4	0.004166666666666667	0.0	0.016666666666666666	0.0	0.0
79663	HSPBAP1	0.004166666666666667	0.0	0.0	0.0	0.016666666666666666
87	ACTN1	0.004166666666666667	0.016666666666666666	0.0	0.0	0.0
390940	PINLYP	0.004166666666666667	0.0	0.0	0.016666666666666666	0.0
79628	SH3TC2	0.004166666666666667	0.0	0.0	0.0	0.016666666666666666
79596	OBI1	0.004166666666666667	0.0	0.0	0.0	0.016666666666666666
79583	TMEM231	0.004166666666666667	0.0	0.0	0.016666666666666666	0.0
3786	KCNQ3	0.004166666666666667	0.0	0.0	0.0	0.016666666666666666
3785	KCNQ2	0.004166666666666667	0.016666666666666666	0.0	0.0	0.0
3912	LAMB1	0.004166666666666667	0.0	0.016666666666666666	0.0	0.0
389136	VGLL3	0.004166666666666667	0.0	0.0	0.0	0.016666666666666666
3764	KCNJ8	0.004166666666666667	0.0	0.0	0.0	0.016666666666666666
3776	KCNK2	0.004166666666666667	0.0	0.0	0.0	0.016666666666666666
3779	KCNMB1	0.004166666666666667	0.0	0.0	0.016666666666666666	0.0
4145	MATK	0.004166666666666667	0.016666666666666666	0.0	0.0	0.0
4176	MCM7	0.004166666666666667	0.0	0.0	0.016666666666666666	0.0
4192	MDK	0.004166666666666667	0.0	0.0	0.016666666666666666	0.0
4193	MDM2	0.004166666666666667	0.0	0.0	0.0	0.016666666666666666
3730	ANOS1	0.004166666666666667	0.0	0.0	0.0	0.016666666666666666
3741	KCNA5	0.004166666666666667	0.0	0.0	0.0	0.016666666666666666
3754	KCNF1	0.004166666666666667	0.0	0.0	0.0	0.016666666666666666
4208	MEF2C	0.004166666666666667	0.0	0.0	0.0	0.016666666666666666
596	BCL2	0.004166666666666667	0.0	0.0	0.0	0.016666666666666666
79050	NOC4L	0.004166666666666667	0.0	0.0	0.0	0.016666666666666666
51389	RWDD1	0.004166666666666667	0.0	0.0	0.0	0.016666666666666666
10164	CHST4	0.004166666666666667	0.0	0.0	0.0	0.016666666666666666
10171	RCL1	0.004166666666666667	0.0	0.016666666666666666	0.0	0.0
10184	LHFPL2	0.004166666666666667	0.016666666666666666	0.0	0.0	0.0
10201	NME6	0.004166666666666667	0.0	0.0	0.016666666666666666	0.0
10217	CTDSPL	0.004166666666666667	0.0	0.0	0.0	0.016666666666666666
2137	EXTL3	0.004166666666666667	0.0	0.0	0.0	0.016666666666666666
2151	F2RL2	0.004166666666666667	0.0	0.016666666666666666	0.0	0.0
10241	CALCOCO2	0.004166666666666667	0.0	0.0	0.016666666666666666	0.0
10242	KCNMB2	0.004166666666666667	0.0	0.016666666666666666	0.0	0.0
10254	STAM2	0.004166666666666667	0.0	0.0	0.0	0.016666666666666666
10286	BCAS2	0.004166666666666667	0.0	0.0	0.0	0.016666666666666666
10308	ZNF267	0.004166666666666667	0.0	0.0	0.0	0.016666666666666666
10320	IKZF1	0.004166666666666667	0.0	0.0	0.0	0.016666666666666666
10322	SMYD5	0.004166666666666667	0.016666666666666666	0.0	0.0	0.0
2119	ETV5	0.004166666666666667	0.0	0.0	0.0	0.016666666666666666
2131	EXT1	0.004166666666666667	0.016666666666666666	0.0	0.0	0.0
55596	ZCCHC8	0.004166666666666667	0.0	0.0	0.0	0.016666666666666666
55619	DOCK10	0.004166666666666667	0.0	0.0	0.0	0.016666666666666666
55630	SLC39A4	0.004166666666666667	0.0	0.0	0.0	0.016666666666666666
55651	NHP2	0.004166666666666667	0.0	0.0	0.0	0.016666666666666666
965	CD58	0.004166666666666667	0.0	0.0	0.016666666666666666	0.0
967	CD63	0.004166666666666667	0.0	0.016666666666666666	0.0	0.0
969	CD69	0.004166666666666667	0.0	0.0	0.0	0.016666666666666666
973	CD79A	0.004166666666666667	0.0	0.0	0.016666666666666666	0.0
10458	BAIAP2	0.004166666666666667	0.0	0.0	0.0	0.016666666666666666
10489	LRRC41	0.004166666666666667	0.0	0.0	0.016666666666666666	0.0
55700	MAP7D1	0.004166666666666667	0.0	0.0	0.0	0.016666666666666666
55703	POLR3B	0.004166666666666667	0.0	0.0	0.0	0.016666666666666666
954	ENTPD2	0.004166666666666667	0.0	0.0	0.0	0.016666666666666666
55722	CEP72	0.004166666666666667	0.0	0.0	0.0	0.016666666666666666
55729	ATF7IP	0.004166666666666667	0.0	0.0	0.0	0.016666666666666666
55733	HHAT	0.004166666666666667	0.0	0.0	0.0	0.016666666666666666
2195	FAT1	0.004166666666666667	0.0	0.0	0.0	0.016666666666666666
2196	FAT2	0.004166666666666667	0.016666666666666666	0.0	0.0	0.0
2202	EFEMP1	0.004166666666666667	0.0	0.0	0.0	0.016666666666666666
2206	MS4A2	0.004166666666666667	0.0	0.0	0.0	0.016666666666666666
10066	SCAMP2	0.004166666666666667	0.0	0.0	0.016666666666666666	0.0
10079	ATP9A	0.004166666666666667	0.0	0.016666666666666666	0.0	0.0
10096	ACTR3	0.004166666666666667	0.0	0.0	0.0	0.016666666666666666
10101	NUBP2	0.004166666666666667	0.0	0.0	0.016666666666666666	0.0
10112	KIF20A	0.004166666666666667	0.0	0.016666666666666666	0.0	0.0
10139	ARFRP1	0.004166666666666667	0.016666666666666666	0.0	0.0	0.0
10159	ATP6AP2	0.004166666666666667	0.0	0.016666666666666666	0.0	0.0
55656	INTS8	0.004166666666666667	0.0	0.0	0.0	0.016666666666666666
55660	PRPF40A	0.004166666666666667	0.0	0.0	0.0	0.016666666666666666
55669	MFN1	0.004166666666666667	0.0	0.0	0.0	0.016666666666666666
55689	YEATS2	0.004166666666666667	0.0	0.0	0.0	0.016666666666666666
55578	SUPT20H	0.004166666666666667	0.0	0.0	0.0	0.016666666666666666
2078	ERG	0.004166666666666667	0.0	0.0	0.0	0.016666666666666666
10507	SEMA4D	0.004166666666666667	0.0	0.0	0.016666666666666666	0.0
10544	PROCR	0.004166666666666667	0.0	0.0	0.0	0.016666666666666666
10548	TM9SF1	0.004166666666666667	0.0	0.0	0.0	0.016666666666666666
10568	SLC34A2	0.004166666666666667	0.0	0.0	0.0	0.016666666666666666
2066	ERBB4	0.004166666666666667	0.0	0.0	0.0	0.016666666666666666
10647	SCGB1D2	0.004166666666666667	0.0	0.016666666666666666	0.0	0.0
10653	SPINT2	0.004166666666666667	0.0	0.016666666666666666	0.0	0.0
10659	CELF2	0.004166666666666667	0.0	0.0	0.0	0.016666666666666666
10663	CXCR6	0.004166666666666667	0.0	0.0	0.0	0.016666666666666666
9940	DLEC1	0.004166666666666667	0.0	0.016666666666666666	0.0	0.0
9970	NR1I3	0.004166666666666667	0.0	0.016666666666666666	0.0	0.0
9975	NR1D2	0.004166666666666667	0.016666666666666666	0.0	0.0	0.0
10001	MED6	0.004166666666666667	0.0	0.0	0.0	0.016666666666666666
10024	TROAP	0.004166666666666667	0.0	0.0	0.0	0.016666666666666666
2189	FANCG	0.004166666666666667	0.0	0.0	0.016666666666666666	0.0
9857	CEP350	0.004166666666666667	0.016666666666666666	0.0	0.0	0.0
9865	TRIL	0.004166666666666667	0.0	0.016666666666666666	0.0	0.0
55741	EDEM2	0.004166666666666667	0.0	0.0	0.0	0.016666666666666666
55769	ZNF83	0.004166666666666667	0.0	0.0	0.0	0.016666666666666666
55770	EXOC2	0.004166666666666667	0.0	0.016666666666666666	0.0	0.0
929	CD14	0.004166666666666667	0.016666666666666666	0.0	0.0	0.0
933	CD22	0.004166666666666667	0.0	0.016666666666666666	0.0	0.0
940	CD28	0.004166666666666667	0.0	0.0	0.0	0.016666666666666666
55787	TXLNG	0.004166666666666667	0.0	0.016666666666666666	0.0	0.0
55790	CSGALNACT1	0.004166666666666667	0.0	0.0	0.0	0.016666666666666666
55795	PCID2	0.004166666666666667	0.0	0.0	0.016666666666666666	0.0
55810	FOXJ2	0.004166666666666667	0.0	0.0	0.0	0.016666666666666666
9881	TRANK1	0.004166666666666667	0.0	0.0	0.016666666666666666	0.0
2247	FGF2	0.004166666666666667	0.0	0.0	0.0	0.016666666666666666
2258	FGF13	0.004166666666666667	0.0	0.0	0.0	0.016666666666666666
9891	NUAK1	0.004166666666666667	0.0	0.0	0.0	0.016666666666666666
2041	EPHA1	0.004166666666666667	0.0	0.0	0.0	0.016666666666666666
2042	EPHA3	0.004166666666666667	0.0	0.0	0.0	0.016666666666666666
10747	MASP2	0.004166666666666667	0.0	0.0	0.0	0.016666666666666666
10807	ENTR1	0.004166666666666667	0.0	0.0	0.0	0.016666666666666666
2006	ELN	0.004166666666666667	0.0	0.0	0.0	0.016666666666666666
2010	EMD	0.004166666666666667	0.0	0.0	0.0	0.016666666666666666
2011	MARK2	0.004166666666666667	0.0	0.0	0.0	0.016666666666666666
2014	EMP3	0.004166666666666667	0.0	0.0	0.0	0.016666666666666666
2016	EMX1	0.004166666666666667	0.0	0.0	0.0	0.016666666666666666
2023	ENO1	0.004166666666666667	0.0	0.0	0.0	0.016666666666666666
10825	NEU3	0.004166666666666667	0.0	0.0	0.0	0.016666666666666666
286	ANK1	0.004166666666666667	0.0	0.0	0.0	0.016666666666666666
92342	METTL18	0.004166666666666667	0.0	0.0	0.0	0.016666666666666666
93164	HTR7P1	0.004166666666666667	0.0	0.0	0.0	0.016666666666666666
93210	PGAP3	0.004166666666666667	0.0	0.0	0.0	0.016666666666666666
93487	MAPK1IP1L	0.004166666666666667	0.0	0.0	0.016666666666666666	0.0
10899	JTB	0.004166666666666667	0.0	0.0	0.016666666666666666	0.0
10908	PNPLA6	0.004166666666666667	0.0	0.0	0.016666666666666666	0.0
10938	EHD1	0.004166666666666667	0.016666666666666666	0.0	0.0	0.0
10953	TOMM34	0.004166666666666667	0.0	0.016666666666666666	0.0	0.0
1982	EIF4G2	0.004166666666666667	0.0	0.0	0.016666666666666666	0.0
1994	ELAVL1	0.004166666666666667	0.0	0.0	0.0	0.016666666666666666
79979	TRMT2B	0.004166666666666667	0.0	0.0	0.016666666666666666	0.0
55888	ZKSCAN7	0.004166666666666667	0.0	0.0	0.0	0.016666666666666666
9785	DHX38	0.004166666666666667	0.016666666666666666	0.0	0.0	0.0
9792	SERTAD2	0.004166666666666667	0.0	0.0	0.0	0.016666666666666666
9796	PHYHIP	0.004166666666666667	0.0	0.0	0.0	0.016666666666666666
9820	CUL7	0.004166666666666667	0.016666666666666666	0.0	0.0	0.0
2274	FHL2	0.004166666666666667	0.016666666666666666	0.0	0.0	0.0
2299	FOXI1	0.004166666666666667	0.0	0.0	0.0	0.016666666666666666
9829	DNAJC6	0.004166666666666667	0.0	0.0	0.0	0.016666666666666666
9837	GINS1	0.004166666666666667	0.0	0.0	0.0	0.016666666666666666
55367	PIDD1	0.004166666666666667	0.0	0.0	0.0	0.016666666666666666
55472	RBM12B-AS1	0.004166666666666667	0.0	0.0	0.0	0.016666666666666666
996	CDC27	0.004166666666666667	0.0	0.0	0.0	0.016666666666666666
11011	TLK2	0.004166666666666667	0.0	0.0	0.0	0.016666666666666666
11015	KDELR3	0.004166666666666667	0.0	0.0	0.016666666666666666	0.0
11031	RAB31	0.004166666666666667	0.0	0.0	0.0	0.016666666666666666
11079	RER1	0.004166666666666667	0.0	0.0	0.016666666666666666	0.0
9651	PLCH2	0.004166666666666667	0.0	0.0	0.0	0.016666666666666666
9670	IPO13	0.004166666666666667	0.0	0.0	0.0	0.016666666666666666
9750	RIPOR2	0.004166666666666667	0.016666666666666666	0.0	0.0	0.0
2316	FLNA	0.004166666666666667	0.0	0.0	0.0	0.016666666666666666
9775	EIF4A3	0.004166666666666667	0.0	0.016666666666666666	0.0	0.0
79870	BAALC	0.004166666666666667	0.0	0.016666666666666666	0.0	0.0
10841	FTCD	0.004166666666666667	0.016666666666666666	0.0	0.0	0.0
10847	SRCAP	0.004166666666666667	0.0	0.0	0.0	0.016666666666666666
10893	MMP24	0.004166666666666667	0.0	0.016666666666666666	0.0	0.0
2530	FUT8	0.004166666666666667	0.0	0.0	0.0	0.016666666666666666
2535	FZD2	0.004166666666666667	0.0	0.0	0.0	0.016666666666666666
2538	G6PC1	0.004166666666666667	0.0	0.0	0.016666666666666666	0.0
9446	GSTO1	0.004166666666666667	0.0	0.0	0.016666666666666666	0.0
9480	ONECUT2	0.004166666666666667	0.016666666666666666	0.0	0.0	0.0
9508	ADAMTS3	0.004166666666666667	0.0	0.0	0.0	0.016666666666666666
9516	LITAF	0.004166666666666667	0.0	0.0	0.0	0.016666666666666666
9542	NRG2	0.004166666666666667	0.0	0.0	0.016666666666666666	0.0
9547	CXCL14	0.004166666666666667	0.0	0.0	0.0	0.016666666666666666
9616	RNF7	0.004166666666666667	0.0	0.0	0.0	0.016666666666666666
2323	FLT3LG	0.004166666666666667	0.0	0.0	0.0	0.016666666666666666
2328	FMO3	0.004166666666666667	0.0	0.0	0.0	0.016666666666666666
55314	TMEM144	0.004166666666666667	0.0	0.0	0.016666666666666666	0.0
55334	SLC39A9	0.004166666666666667	0.0	0.0	0.0	0.016666666666666666
55341	LSG1	0.004166666666666667	0.0	0.016666666666666666	0.0	0.0
55365	TMEM176A	0.004166666666666667	0.0	0.0	0.016666666666666666	0.0
2549	GAB1	0.004166666666666667	0.0	0.0	0.0	0.016666666666666666
9330	GTF3C3	0.004166666666666667	0.0	0.0	0.0	0.016666666666666666
9334	B4GALT5	0.004166666666666667	0.0	0.0	0.016666666666666666	0.0
9370	ADIPOQ	0.004166666666666667	0.0	0.016666666666666666	0.0	0.0
9379	NRXN2	0.004166666666666667	0.0	0.0	0.0	0.016666666666666666
9411	ARHGAP29	0.004166666666666667	0.0	0.0	0.0	0.016666666666666666
55922	NKRF	0.004166666666666667	0.0	0.016666666666666666	0.0	0.0
55975	KLHL7	0.004166666666666667	0.0	0.0	0.0	0.016666666666666666
904	CCNT1	0.004166666666666667	0.0	0.0	0.0	0.016666666666666666
915	CD3D	0.004166666666666667	0.0	0.0	0.016666666666666666	0.0
921	CD5	0.004166666666666667	0.0	0.0	0.0	0.016666666666666666
922	CD5L	0.004166666666666667	0.0	0.0	0.0	0.016666666666666666
56006	SMG9	0.004166666666666667	0.0	0.0	0.0	0.016666666666666666
56061	UBFD1	0.004166666666666667	0.0	0.0	0.0	0.016666666666666666
56128	PCDHB8	0.004166666666666667	0.0	0.0	0.0	0.016666666666666666
9413	ENTREP1	0.004166666666666667	0.0	0.0	0.0	0.016666666666666666
1954	MEGF8	0.004166666666666667	0.0	0.0	0.0	0.016666666666666666
11096	ADAMTS5	0.004166666666666667	0.0	0.0	0.016666666666666666	0.0
11098	PRSS23	0.004166666666666667	0.0	0.0	0.0	0.016666666666666666
11122	PTPRT	0.004166666666666667	0.0	0.0	0.0	0.016666666666666666
11151	CORO1A	0.004166666666666667	0.0	0.0	0.0	0.016666666666666666
11155	LDB3	0.004166666666666667	0.0	0.0	0.0	0.016666666666666666
11178	LZTS1	0.004166666666666667	0.0	0.0	0.016666666666666666	0.0
11215	AKAP11	0.004166666666666667	0.0	0.0	0.0	0.016666666666666666
11230	PRAF2	0.004166666666666667	0.0	0.0	0.0	0.016666666666666666
1942	EFNA1	0.004166666666666667	0.0	0.0	0.0	0.016666666666666666
1945	EFNA4	0.004166666666666667	0.0	0.0	0.0	0.016666666666666666
11232	POLG2	0.004166666666666667	0.0	0.0	0.0	0.016666666666666666
11235	PDCD10	0.004166666666666667	0.0	0.0	0.0	0.016666666666666666
9293	GPR52	0.004166666666666667	0.0	0.0	0.0	0.016666666666666666
9294	S1PR2	0.004166666666666667	0.0	0.0	0.0	0.016666666666666666
9308	CD83	0.004166666666666667	0.0	0.016666666666666666	0.0	0.0
83442	SH3BGRL3	0.004166666666666667	0.0	0.0	0.0	0.016666666666666666
83450	DRC3	0.004166666666666667	0.0	0.0	0.0	0.016666666666666666
83658	DYNLRB1	0.004166666666666667	0.0	0.0	0.0	0.016666666666666666
83744	ZNF484	0.004166666666666667	0.0	0.0	0.016666666666666666	0.0
84364	ARFGAP2	0.004166666666666667	0.0	0.0	0.0	0.016666666666666666
84656	GLYR1	0.004166666666666667	0.0	0.0	0.016666666666666666	0.0
347	APOD	0.004166666666666667	0.0	0.016666666666666666	0.0	0.0
114034	TOE1	0.004166666666666667	0.0	0.0	0.016666666666666666	0.0
242	ALOX12B	0.004166666666666667	0.0	0.0	0.016666666666666666	0.0
257	ALX3	0.004166666666666667	0.016666666666666666	0.0	0.0	0.0
273	AMPH	0.004166666666666667	0.0	0.0	0.0	0.016666666666666666
114819	CROCCP3	0.004166666666666667	0.0	0.0	0.0	0.016666666666666666
114881	OSBPL7	0.004166666666666667	0.0	0.0	0.0	0.016666666666666666
114908	TMEM123	0.004166666666666667	0.0	0.0	0.0	0.016666666666666666
115353	LRRC42	0.004166666666666667	0.0	0.0	0.0	0.016666666666666666
9203	ZMYM3	0.004166666666666667	0.0	0.016666666666666666	0.0	0.0
11334	TUSC2	0.004166666666666667	0.0	0.0	0.0	0.016666666666666666
11340	EXOSC8	0.004166666666666667	0.0	0.0	0.0	0.016666666666666666
11343	MGLL	0.004166666666666667	0.0	0.0	0.0	0.016666666666666666
22798	LAMB4	0.004166666666666667	0.0	0.0	0.0	0.016666666666666666
1889	ECE1	0.004166666666666667	0.016666666666666666	0.0	0.0	0.0
22898	DENND3	0.004166666666666667	0.0	0.0	0.0	0.016666666666666666
80155	NAA15	0.004166666666666667	0.0	0.0	0.016666666666666666	0.0
56288	PARD3	0.004166666666666667	0.0	0.016666666666666666	0.0	0.0
56302	TRPV5	0.004166666666666667	0.0	0.0	0.0	0.016666666666666666
9031	BAZ1B	0.004166666666666667	0.0	0.0	0.0	0.016666666666666666
9043	SPAG9	0.004166666666666667	0.0	0.016666666666666666	0.0	0.0
9050	PSTPIP2	0.004166666666666667	0.0	0.0	0.0	0.016666666666666666
9063	PIAS2	0.004166666666666667	0.0	0.016666666666666666	0.0	0.0
2592	GALT	0.004166666666666667	0.0	0.0	0.0	0.016666666666666666
11264	PXMP4	0.004166666666666667	0.0	0.0	0.0	0.016666666666666666
11311	VPS45	0.004166666666666667	0.0	0.0	0.016666666666666666	0.0
8809	IL18R1	0.004166666666666667	0.0	0.0	0.0	0.016666666666666666
8812	CCNK	0.004166666666666667	0.0	0.016666666666666666	0.0	0.0
8814	CDKL1	0.004166666666666667	0.0	0.0	0.016666666666666666	0.0
8840	CCN4	0.004166666666666667	0.0	0.0	0.0	0.016666666666666666
2650	GCNT1	0.004166666666666667	0.0	0.0	0.0	0.016666666666666666
8871	SYNJ2	0.004166666666666667	0.0	0.0	0.016666666666666666	0.0
8891	EIF2B3	0.004166666666666667	0.0	0.0	0.016666666666666666	0.0
8896	BUD31	0.004166666666666667	0.0	0.0	0.016666666666666666	0.0
8904	CPNE1	0.004166666666666667	0.0	0.016666666666666666	0.0	0.0
8938	BAIAP3	0.004166666666666667	0.0	0.0	0.0	0.016666666666666666
9019	MPZL1	0.004166666666666667	0.0	0.0	0.0	0.016666666666666666
2638	GC	0.004166666666666667	0.0	0.016666666666666666	0.0	0.0
9028	RHBDL1	0.004166666666666667	0.0	0.0	0.0	0.016666666666666666
890	CCNA2	0.004166666666666667	0.0	0.0	0.0	0.016666666666666666
56245	EPCIP	0.004166666666666667	0.0	0.0	0.0	0.016666666666666666
11329	STK38	0.004166666666666667	0.0	0.0	0.0	0.016666666666666666
2745	GLRX	0.004166666666666667	0.0	0.0	0.0	0.016666666666666666
8540	AGPS	0.004166666666666667	0.0	0.0	0.0	0.016666666666666666
8541	PPFIA3	0.004166666666666667	0.0	0.016666666666666666	0.0	0.0
8557	TCAP	0.004166666666666667	0.0	0.0	0.0	0.016666666666666666
8559	PRPF18	0.004166666666666667	0.0	0.0	0.016666666666666666	0.0
8569	MKNK1	0.004166666666666667	0.0	0.0	0.0	0.016666666666666666
8620	NPFF	0.004166666666666667	0.0	0.016666666666666666	0.0	0.0
8664	EIF3D	0.004166666666666667	0.016666666666666666	0.0	0.0	0.0
8673	VAMP8	0.004166666666666667	0.0	0.0	0.0	0.016666666666666666
2710	GK	0.004166666666666667	0.0	0.0	0.0	0.016666666666666666
8682	PEA15	0.004166666666666667	0.0	0.0	0.0	0.016666666666666666
8698	S1PR4	0.004166666666666667	0.0	0.0	0.0	0.016666666666666666
8714	ABCC3	0.004166666666666667	0.0	0.0	0.0	0.016666666666666666
8720	MBTPS1	0.004166666666666667	0.0	0.0	0.0	0.016666666666666666
8732	RNGTT	0.004166666666666667	0.0	0.0	0.0	0.016666666666666666
8767	RIPK2	0.004166666666666667	0.0	0.0	0.0	0.016666666666666666
80178	TEDC2	0.004166666666666667	0.0	0.0	0.0	0.016666666666666666
80207	OPA3	0.004166666666666667	0.0	0.0	0.0	0.016666666666666666
55216	NKAPD1	0.004166666666666667	0.0	0.0	0.0	0.016666666666666666
55240	STEAP3	0.004166666666666667	0.0	0.0	0.0	0.016666666666666666
55272	IMP3	0.004166666666666667	0.0	0.0	0.0	0.016666666666666666
55286	PGCKA1	0.004166666666666667	0.0	0.0	0.0	0.016666666666666666
55295	KLHL26	0.004166666666666667	0.0	0.0	0.0	0.016666666666666666
22936	ELL2	0.004166666666666667	0.0	0.0	0.0	0.016666666666666666
22938	SNW1	0.004166666666666667	0.0	0.0	0.016666666666666666	0.0
22976	PAXIP1	0.004166666666666667	0.0	0.0	0.0	0.016666666666666666
22977	AKR7A3	0.004166666666666667	0.0	0.0	0.0	0.016666666666666666
8480	RAE1	0.004166666666666667	0.0	0.016666666666666666	0.0	0.0
8496	PPFIBP1	0.004166666666666667	0.0	0.0	0.0	0.016666666666666666
8506	CNTNAP1	0.004166666666666667	0.0	0.0	0.0	0.016666666666666666
8521	GCM1	0.004166666666666667	0.0	0.0	0.016666666666666666	0.0
2744	GLS	0.004166666666666667	0.0	0.0	0.0	0.016666666666666666
23062	GGA2	0.004166666666666667	0.0	0.0	0.0	0.016666666666666666
23064	SETX	0.004166666666666667	0.0	0.0	0.016666666666666666	0.0
1805	DPT	0.004166666666666667	0.0	0.0	0.0	0.016666666666666666
1827	RCAN1	0.004166666666666667	0.0	0.0	0.0	0.016666666666666666
23141	ANKLE2	0.004166666666666667	0.0	0.0	0.0	0.016666666666666666
23170	TTLL12	0.004166666666666667	0.0	0.0	0.016666666666666666	0.0
863	CBFA2T3	0.004166666666666667	0.0	0.0	0.0	0.016666666666666666
56950	SMYD2	0.004166666666666667	0.0	0.0	0.0	0.016666666666666666
56957	OTUD7B	0.004166666666666667	0.0	0.0	0.0	0.016666666666666666
56986	DTWD1	0.004166666666666667	0.0	0.0	0.0	0.016666666666666666
818	CAMK2G	0.004166666666666667	0.0	0.0	0.016666666666666666	0.0
823	CAPN1	0.004166666666666667	0.0	0.0	0.0	0.016666666666666666
2783	GNB2	0.004166666666666667	0.0	0.0	0.0	0.016666666666666666
2787	GNG5	0.004166666666666667	0.0	0.0	0.0	0.016666666666666666
8440	NCK2	0.004166666666666667	0.0	0.0	0.016666666666666666	0.0
8467	SMARCA5	0.004166666666666667	0.0	0.0	0.0	0.016666666666666666
7867	MAPKAPK3	0.004166666666666667	0.0	0.0	0.0	0.016666666666666666
8078	USP5	0.004166666666666667	0.0	0.0	0.0	0.016666666666666666
8125	ANP32A	0.004166666666666667	0.0	0.016666666666666666	0.0	0.0
8200	GDF5	0.004166666666666667	0.0	0.0	0.0	0.016666666666666666
8243	SMC1A	0.004166666666666667	0.0	0.0	0.0	0.016666666666666666
8291	DYSF	0.004166666666666667	0.0	0.0	0.0	0.016666666666666666
8317	CDC7	0.004166666666666667	0.0	0.0	0.0	0.016666666666666666
8323	FZD6	0.004166666666666667	0.0	0.0	0.0	0.016666666666666666
8340	H2BC13	0.004166666666666667	0.016666666666666666	0.0	0.0	0.0
8345	H2BC9	0.004166666666666667	0.0	0.0	0.016666666666666666	0.0
8382	NME5	0.004166666666666667	0.0	0.016666666666666666	0.0	0.0
8417	STX7	0.004166666666666667	0.0	0.0	0.0	0.016666666666666666
8428	STK24	0.004166666666666667	0.0	0.0	0.0	0.016666666666666666
22978	NT5C2	0.004166666666666667	0.0	0.0	0.0	0.016666666666666666
23035	PHLPP2	0.004166666666666667	0.0	0.0	0.0	0.016666666666666666
23057	NMNAT2	0.004166666666666667	0.0	0.0	0.0	0.016666666666666666
7776	ZNF236	0.004166666666666667	0.0	0.0	0.0	0.016666666666666666
117246	FTSJ3	0.004166666666666667	0.0	0.0	0.016666666666666666	0.0
125058	TBC1D16	0.004166666666666667	0.0	0.0	0.0	0.016666666666666666
126231	ZNF573	0.004166666666666667	0.0	0.016666666666666666	0.0	0.0
126299	ZNF428	0.004166666666666667	0.0	0.0	0.0	0.016666666666666666
131566	DCBLD2	0.004166666666666667	0.0	0.0	0.0	0.016666666666666666
138046	RALYL	0.004166666666666667	0.0	0.0	0.0	0.016666666666666666
140459	ASB6	0.004166666666666667	0.0	0.016666666666666666	0.0	0.0
7799	PRDM2	0.004166666666666667	0.0	0.0	0.0	0.016666666666666666
57007	ACKR3	0.004166666666666667	0.0	0.016666666666666666	0.0	0.0
57035	RSRP1	0.004166666666666667	0.0	0.0	0.0	0.016666666666666666
57060	PCBP4	0.004166666666666667	0.0	0.0	0.016666666666666666	0.0
57128	LYRM4	0.004166666666666667	0.0	0.0	0.0	0.016666666666666666
782	CACNB1	0.004166666666666667	0.0	0.0	0.016666666666666666	0.0
785	CACNB4	0.004166666666666667	0.0	0.016666666666666666	0.0	0.0
796	CALCA	0.004166666666666667	0.0	0.0	0.0	0.016666666666666666
2845	GPR22	0.004166666666666667	0.0	0.0	0.016666666666666666	0.0
23205	ACSBG1	0.004166666666666667	0.0	0.016666666666666666	0.0	0.0
23208	SYT11	0.004166666666666667	0.0	0.016666666666666666	0.0	0.0
23213	SULF1	0.004166666666666667	0.0	0.0	0.0	0.016666666666666666
23231	SEL1L3	0.004166666666666667	0.0	0.0	0.0	0.016666666666666666
1795	DOCK3	0.004166666666666667	0.0	0.0	0.016666666666666666	0.0
23248	RPRD2	0.004166666666666667	0.0	0.0	0.0	0.016666666666666666
23258	DENND5A	0.004166666666666667	0.0	0.0	0.0	0.016666666666666666
23272	TASOR	0.004166666666666667	0.0	0.0	0.0	0.016666666666666666
23276	KLHL18	0.004166666666666667	0.0	0.0	0.0	0.016666666666666666
23284	ADGRL3	0.004166666666666667	0.0	0.0	0.0	0.016666666666666666
23291	FBXW11	0.004166666666666667	0.0	0.0	0.016666666666666666	0.0
23318	TUT4	0.004166666666666667	0.0	0.0	0.0	0.016666666666666666
23326	USP22	0.004166666666666667	0.0	0.0	0.0	0.016666666666666666
1757	SARDH	0.004166666666666667	0.0	0.0	0.0	0.016666666666666666
7753	ZNF202	0.004166666666666667	0.0	0.0	0.016666666666666666	0.0
23408	SIRT5	0.004166666666666667	0.0	0.016666666666666666	0.0	0.0
23426	GRIP1	0.004166666666666667	0.0	0.0	0.016666666666666666	0.0
23428	SLC7A8	0.004166666666666667	0.0	0.0	0.0	0.016666666666666666
1740	DLG2	0.004166666666666667	0.0	0.0	0.0	0.016666666666666666
7475	WNT6	0.004166666666666667	0.016666666666666666	0.0	0.0	0.0
7481	WNT11	0.004166666666666667	0.0	0.0	0.0	0.016666666666666666
2893	GRIA4	0.004166666666666667	0.016666666666666666	0.0	0.0	0.0
2899	GRIK3	0.004166666666666667	0.0	0.0	0.0	0.016666666666666666
2900	GRIK4	0.004166666666666667	0.0	0.0	0.0	0.016666666666666666
7520	XRCC5	0.004166666666666667	0.0	0.0	0.0	0.016666666666666666
7538	ZFP36	0.004166666666666667	0.0	0.0	0.016666666666666666	0.0
7584	ZNF35	0.004166666666666667	0.016666666666666666	0.0	0.0	0.0
7633	ZNF79	0.004166666666666667	0.0	0.0	0.0	0.016666666666666666
7705	ZNF146	0.004166666666666667	0.0	0.0	0.0	0.016666666666666666
7710	ZNF154	0.004166666666666667	0.0	0.0	0.016666666666666666	0.0
7718	ZNF165	0.004166666666666667	0.0	0.016666666666666666	0.0	0.0
23623	RUSC1	0.004166666666666667	0.0	0.0	0.0	0.016666666666666666
55040	EPN3	0.004166666666666667	0.0	0.0	0.0	0.016666666666666666
57335	ZNF286A	0.004166666666666667	0.0	0.0	0.0	0.016666666666666666
57336	ZNF287	0.004166666666666667	0.0	0.0	0.0	0.016666666666666666
57404	CYP20A1	0.004166666666666667	0.0	0.0	0.0	0.016666666666666666
57408	LRTM1	0.004166666666666667	0.016666666666666666	0.0	0.0	0.0
57418	WDR18	0.004166666666666667	0.0	0.0	0.0	0.016666666666666666
754	PTTG1IP	0.004166666666666667	0.0	0.0	0.0	0.016666666666666666
767	CA8	0.004166666666666667	0.0	0.0	0.0	0.016666666666666666
57473	ZNF512B	0.004166666666666667	0.0	0.0	0.0	0.016666666666666666
57680	CHD8	0.004166666666666667	0.016666666666666666	0.0	0.0	0.0
1773	DNASE1	0.004166666666666667	0.0	0.016666666666666666	0.0	0.0
1774	DNASE1L1	0.004166666666666667	0.0	0.0	0.0	0.016666666666666666
23329	TBC1D30	0.004166666666666667	0.0	0.0	0.016666666666666666	0.0
23392	ECPAS	0.004166666666666667	0.0	0.0	0.016666666666666666	0.0
23396	PIP5K1C	0.004166666666666667	0.0	0.0	0.016666666666666666	0.0
55106	SLFN12	0.004166666666666667	0.0	0.0	0.016666666666666666	0.0
55192	DNAJC17	0.004166666666666667	0.0	0.016666666666666666	0.0	0.0
24139	EML2	0.004166666666666667	0.0	0.0	0.0	0.016666666666666666
7274	TTPA	0.004166666666666667	0.0	0.0	0.016666666666666666	0.0
7275	TUB	0.004166666666666667	0.016666666666666666	0.0	0.0	0.0
7369	UMOD	0.004166666666666667	0.0	0.0	0.0	0.016666666666666666
7402	UTRN	0.004166666666666667	0.0	0.0	0.0	0.016666666666666666
2906	GRIN2D	0.004166666666666667	0.0	0.0	0.0	0.016666666666666666
2911	GRM1	0.004166666666666667	0.016666666666666666	0.0	0.0	0.0
2919	CXCL1	0.004166666666666667	0.0	0.0	0.0	0.016666666666666666
7419	VDAC3	0.004166666666666667	0.0	0.0	0.016666666666666666	0.0
57185	NIPAL3	0.004166666666666667	0.0	0.0	0.0	0.016666666666666666
23462	HEY1	0.004166666666666667	0.0	0.0	0.0	0.016666666666666666
23533	PIK3R5	0.004166666666666667	0.0	0.0	0.0	0.016666666666666666
23580	CDC42EP4	0.004166666666666667	0.0	0.0	0.0	0.016666666666666666
1675	CFD	0.004166666666666667	0.0	0.0	0.0	0.016666666666666666
25813	SAMM50	0.004166666666666667	0.0	0.0	0.016666666666666666	0.0
25818	KLK5	0.004166666666666667	0.0	0.0	0.0	0.016666666666666666
1607	DGKB	0.004166666666666667	0.0	0.016666666666666666	0.0	0.0
1611	DAP	0.004166666666666667	0.0	0.0	0.0	0.016666666666666666
1629	DBT	0.004166666666666667	0.0	0.0	0.0	0.016666666666666666
25854	FAM149A	0.004166666666666667	0.0	0.0	0.0	0.016666666666666666
7060	THBS4	0.004166666666666667	0.0	0.016666666666666666	0.0	0.0
7099	TLR4	0.004166666666666667	0.0	0.0	0.016666666666666666	0.0
7132	TNFRSF1A	0.004166666666666667	0.016666666666666666	0.0	0.0	0.0
7153	TOP2A	0.004166666666666667	0.0	0.0	0.0	0.016666666666666666
7164	TPD52L1	0.004166666666666667	0.0	0.016666666666666666	0.0	0.0
7223	TRPC4	0.004166666666666667	0.0	0.0	0.0	0.016666666666666666
7270	TTF1	0.004166666666666667	0.0	0.0	0.0	0.016666666666666666
55055	ZWILCH	0.004166666666666667	0.016666666666666666	0.0	0.0	0.0
55063	ZCWPW1	0.004166666666666667	0.0	0.0	0.0	0.016666666666666666
55066	PDPR	0.004166666666666667	0.0	0.0	0.0	0.016666666666666666
57716	PRX	0.004166666666666667	0.0	0.0	0.016666666666666666	0.0
57799	RAB40C	0.004166666666666667	0.0	0.0	0.0	0.016666666666666666
57828	CATSPERG	0.004166666666666667	0.0	0.0	0.0	0.016666666666666666
58189	WFDC1	0.004166666666666667	0.016666666666666666	0.0	0.0	0.0
58494	JAM2	0.004166666666666667	0.0	0.0	0.0	0.016666666666666666
58528	RRAGD	0.004166666666666667	0.0	0.0	0.0	0.016666666666666666
79696	ZC2HC1C	0.004166666666666667	0.0	0.0	0.0	0.016666666666666666
79719	AAGAB	0.004166666666666667	0.0	0.0	0.016666666666666666	0.0
6992	PPP1R11	0.004166666666666667	0.0	0.0	0.0	0.016666666666666666
3002	GZMB	0.004166666666666667	0.0	0.0	0.0	0.016666666666666666
3003	GZMK	0.004166666666666667	0.0	0.0	0.016666666666666666	0.0
7020	TFAP2A	0.004166666666666667	0.0	0.016666666666666666	0.0	0.0
7025	NR2F1	0.004166666666666667	0.0	0.0	0.0	0.016666666666666666
1638	DCT	0.004166666666666667	0.0	0.0	0.0	0.016666666666666666
24149	ZNF318	0.004166666666666667	0.0	0.0	0.0	0.016666666666666666
25800	SLC39A6	0.004166666666666667	0.0	0.0	0.0	0.016666666666666666
6645	SNTB2	0.004166666666666667	0.0	0.0	0.0	0.016666666666666666
3053	SERPIND1	0.004166666666666667	0.0	0.0	0.0	0.016666666666666666
3054	HCFC1	0.004166666666666667	0.0	0.0	0.0	0.016666666666666666
3062	HCRTR2	0.004166666666666667	0.0	0.0	0.016666666666666666	0.0
6659	SOX4	0.004166666666666667	0.016666666666666666	0.0	0.0	0.0
6720	SREBF1	0.004166666666666667	0.0	0.0	0.0	0.016666666666666666
6723	SRM	0.004166666666666667	0.0	0.0	0.0	0.016666666666666666
6732	SRPK1	0.004166666666666667	0.0	0.016666666666666666	0.0	0.0
3017	H2BC5	0.004166666666666667	0.016666666666666666	0.0	0.0	0.0
3034	HAL	0.004166666666666667	0.0	0.0	0.0	0.016666666666666666
6810	STX4	0.004166666666666667	0.016666666666666666	0.0	0.0	0.0
6844	VAMP2	0.004166666666666667	0.0	0.0	0.0	0.016666666666666666
6855	SYP	0.004166666666666667	0.0	0.016666666666666666	0.0	0.0
6905	TBCE	0.004166666666666667	0.0	0.0	0.016666666666666666	0.0
6932	TCF7	0.004166666666666667	0.0	0.0	0.0	0.016666666666666666
57715	SEMA4G	0.004166666666666667	0.0	0.0	0.0	0.016666666666666666
25859	PART1	0.004166666666666667	0.0	0.0	0.016666666666666666	0.0
81033	KCNH6	0.004166666666666667	0.0	0.0	0.0	0.016666666666666666
81565	NDEL1	0.004166666666666667	0.0	0.016666666666666666	0.0	0.0
81578	COL21A1	0.004166666666666667	0.0	0.0	0.0	0.016666666666666666
81931	ZNF93	0.004166666666666667	0.0	0.016666666666666666	0.0	0.0
83440	ADPGK	0.004166666666666667	0.0	0.0	0.0	0.016666666666666666
25932	CLIC4	0.004166666666666667	0.0	0.0	0.016666666666666666	0.0
54866	PPP1R14D	0.004166666666666667	0.0	0.016666666666666666	0.0	0.0
54867	TMEM214	0.004166666666666667	0.0	0.0	0.016666666666666666	0.0
54870	QRICH1	0.004166666666666667	0.0	0.0	0.0	0.016666666666666666
54902	TTC19	0.004166666666666667	0.0	0.0	0.016666666666666666	0.0
152006	RNF38	0.004166666666666667	0.0	0.0	0.0	0.016666666666666666
167227	DCP2	0.004166666666666667	0.0	0.0	0.0	0.016666666666666666
6599	SMARCC1	0.004166666666666667	0.0	0.0	0.016666666666666666	0.0
6615	SNAI1	0.004166666666666667	0.0	0.0	0.0	0.016666666666666666
6628	SNRPB	0.004166666666666667	0.0	0.0	0.0	0.016666666666666666
55016	MARCHF1	0.004166666666666667	0.0	0.0	0.0	0.016666666666666666
1591	CYP24A1	0.004166666666666667	0.0	0.0	0.0	0.016666666666666666
1593	CYP27A1	0.004166666666666667	0.0	0.0	0.0	0.016666666666666666
1594	CYP27B1	0.004166666666666667	0.0	0.0	0.016666666666666666	0.0
1600	DAB1	0.004166666666666667	0.0	0.0	0.0	0.016666666666666666
6536	SLC6A9	0.004166666666666667	0.0	0.0	0.0	0.016666666666666666
6546	SLC8A1	0.004166666666666667	0.0	0.0	0.0	0.016666666666666666
6550	SLC9A3	0.004166666666666667	0.0	0.0	0.0	0.016666666666666666
6554	SLC10A1	0.004166666666666667	0.0	0.0	0.0	0.016666666666666666
6595	SMARCA2	0.004166666666666667	0.0	0.0	0.0	0.016666666666666666
6597	SMARCA4	0.004166666666666667	0.0	0.0	0.0	0.016666666666666666
140460	ASB7	0.004166666666666667	0.0	0.0	0.0	0.016666666666666666
142684	RAB40A	0.004166666666666667	0.0	0.0	0.0	0.016666666666666666
146562	DNAAF8	0.004166666666666667	0.0	0.0	0.0	0.016666666666666666
146691	TOM1L2	0.004166666666666667	0.0	0.0	0.0	0.016666666666666666
151987	PPP4R2	0.004166666666666667	0.0	0.0	0.0	0.016666666666666666
6478	SIAH2	0.004166666666666667	0.0	0.0	0.0	0.016666666666666666
79726	WDR59	0.004166666666666667	0.0	0.0	0.0	0.016666666666666666
79729	MNMIP1	0.004166666666666667	0.0	0.0	0.0	0.016666666666666666
79760	GEMIN7	0.004166666666666667	0.0	0.0	0.016666666666666666	0.0
491	ATP2B2	0.004166666666666667	0.0	0.0	0.0	0.016666666666666666
79814	AGMAT	0.004166666666666667	0.0	0.0	0.0	0.016666666666666666
6482	ST3GAL1	0.004166666666666667	0.0	0.0	0.0	0.016666666666666666
6508	SLC4A3	0.004166666666666667	0.0	0.0	0.0	0.016666666666666666
6509	SLC1A4	0.004166666666666667	0.0	0.0	0.0	0.016666666666666666
6527	SLC5A4	0.004166666666666667	0.0	0.0	0.0	0.016666666666666666
54916	TMEM260	0.004166666666666667	0.0	0.0	0.0	0.016666666666666666
54923	LIME1	0.004166666666666667	0.0	0.0	0.0	0.016666666666666666
54956	PARP16	0.004166666666666667	0.0	0.0	0.0	0.016666666666666666
54962	TIPIN	0.004166666666666667	0.0	0.0	0.016666666666666666	0.0
1089	CEACAM4	0.004166666666666667	0.016666666666666666	0.0	0.0	0.0
1122	CHML	0.004166666666666667	0.0	0.0	0.0	0.016666666666666666
26011	TENM4	0.004166666666666667	0.0	0.0	0.016666666666666666	0.0
26017	FAM32A	0.004166666666666667	0.0	0.0	0.016666666666666666	0.0
26027	ACOT11	0.004166666666666667	0.0	0.0	0.0	0.016666666666666666
26037	SIPA1L1	0.004166666666666667	0.0	0.0	0.016666666666666666	0.0
26038	CHD5	0.004166666666666667	0.0	0.0	0.0	0.016666666666666666
26050	SLITRK5	0.004166666666666667	0.0	0.0	0.0	0.016666666666666666
26088	GGA1	0.004166666666666667	0.0	0.016666666666666666	0.0	0.0
26108	PYGO1	0.004166666666666667	0.016666666666666666	0.0	0.0	0.0
26136	TES	0.004166666666666667	0.0	0.016666666666666666	0.0	0.0
1545	CYP1B1	0.004166666666666667	0.0	0.0	0.0	0.016666666666666666
3174	HNF4G	0.004166666666666667	0.0	0.016666666666666666	0.0	0.0
6364	CCL20	0.004166666666666667	0.0	0.0	0.016666666666666666	0.0
6387	CXCL12	0.004166666666666667	0.0	0.0	0.0	0.016666666666666666
6416	MAP2K4	0.004166666666666667	0.0	0.0	0.0	0.016666666666666666
6419	SETMAR	0.004166666666666667	0.0	0.0	0.016666666666666666	0.0
3105	HLA-A	0.004166666666666667	0.0	0.0	0.0	0.016666666666666666
5990	RFX2	0.004166666666666667	0.0	0.0	0.016666666666666666	0.0
5996	RGS1	0.004166666666666667	0.016666666666666666	0.0	0.0	0.0
3218	HOXB8	0.004166666666666667	0.0	0.0	0.0	0.016666666666666666
6117	RPA1	0.004166666666666667	0.016666666666666666	0.0	0.0	0.0
6183	MRPS12	0.004166666666666667	0.0	0.0	0.0	0.016666666666666666
6197	RPS6KA3	0.004166666666666667	0.0	0.0	0.0	0.016666666666666666
3203	HOXA6	0.004166666666666667	0.0	0.0	0.0	0.016666666666666666
6236	RRAD	0.004166666666666667	0.0	0.0	0.0	0.016666666666666666
6241	RRM2	0.004166666666666667	0.0	0.0	0.0	0.016666666666666666
6256	RXRA	0.004166666666666667	0.0	0.0	0.0	0.016666666666666666
6319	SCD	0.004166666666666667	0.016666666666666666	0.0	0.0	0.0
6326	SCN2A	0.004166666666666667	0.0	0.0	0.0	0.016666666666666666
6335	SCN9A	0.004166666666666667	0.0	0.0	0.016666666666666666	0.0
6337	SCNN1A	0.004166666666666667	0.0	0.016666666666666666	0.0	0.0
6339	SCNN1D	0.004166666666666667	0.0	0.0	0.0	0.016666666666666666
26010	SPATS2L	0.004166666666666667	0.0	0.016666666666666666	0.0	0.0
26277	TINF2	0.004166666666666667	0.0	0.016666666666666666	0.0	0.0
26278	SACS	0.004166666666666667	0.0	0.0	0.0	0.016666666666666666
26279	PLA2G2D	0.004166666666666667	0.0	0.0	0.0	0.016666666666666666
26468	LHX6	0.004166666666666667	0.0	0.0	0.016666666666666666	0.0
26574	AATF	0.004166666666666667	0.0	0.0	0.016666666666666666	0.0
1513	CTSK	0.004166666666666667	0.0	0.0	0.0	0.016666666666666666
26747	NUFIP1	0.004166666666666667	0.0	0.0	0.0	0.016666666666666666
27019	DNAI1	0.004166666666666667	0.0	0.0	0.0	0.016666666666666666
27034	ACAD8	0.004166666666666667	0.0	0.0	0.016666666666666666	0.0
27074	LAMP3	0.004166666666666667	0.0	0.0	0.016666666666666666	0.0
1466	CSRP2	0.004166666666666667	0.0	0.0	0.0	0.016666666666666666
253980	KCTD13	0.004166666666666667	0.0	0.0	0.0	0.016666666666666666
254394	MCM9	0.004166666666666667	0.0	0.0	0.0	0.016666666666666666
5973	RENBP	0.004166666666666667	0.0	0.0	0.0	0.016666666666666666
5978	REST	0.004166666666666667	0.0	0.0	0.0	0.016666666666666666
5983	RFC3	0.004166666666666667	0.0	0.0	0.0	0.016666666666666666
168544	ZNF467	0.004166666666666667	0.0	0.0	0.0	0.016666666666666666
171558	PTCRA	0.004166666666666667	0.0	0.0	0.0	0.016666666666666666
705	BYSL	0.004166666666666667	0.0	0.0	0.0	0.016666666666666666
60681	FKBP10	0.004166666666666667	0.0	0.0	0.0	0.016666666666666666
60682	SMAP1	0.004166666666666667	0.0	0.0	0.0	0.016666666666666666
63826	SRR	0.004166666666666667	0.016666666666666666	0.0	0.0	0.0
63910	SLC17A9	0.004166666666666667	0.0	0.0	0.0	0.016666666666666666
63928	CHP2	0.004166666666666667	0.0	0.0	0.0	0.016666666666666666
63935	PCIF1	0.004166666666666667	0.0	0.0	0.0	0.016666666666666666
196403	DTX3	0.004166666666666667	0.0	0.0	0.0	0.016666666666666666
196743	PAOX	0.004166666666666667	0.0	0.0	0.0	0.016666666666666666
199731	CADM4	0.004166666666666667	0.0	0.0	0.016666666666666666	0.0
221037	JMJD1C	0.004166666666666667	0.0	0.0	0.0	0.016666666666666666
253461	ZBTB38	0.004166666666666667	0.0	0.0	0.0	0.016666666666666666
253959	RALGAPA1	0.004166666666666667	0.0	0.016666666666666666	0.0	0.0
26249	KLHL3	0.004166666666666667	0.0	0.0	0.0	0.016666666666666666
3293	HSD17B3	0.004166666666666667	0.0	0.0	0.0	0.016666666666666666
1468	SLC25A10	0.004166666666666667	0.0	0.0	0.0	0.016666666666666666
1475	CSTA	0.004166666666666667	0.016666666666666666	0.0	0.0	0.0
1478	CSTF2	0.004166666666666667	0.0	0.0	0.0	0.016666666666666666
27122	DKK3	0.004166666666666667	0.0	0.0	0.0	0.016666666666666666
27129	HSPB7	0.004166666666666667	0.0	0.016666666666666666	0.0	0.0
27183	VPS4A	0.004166666666666667	0.0	0.0	0.0	0.016666666666666666
27202	C5AR2	0.004166666666666667	0.0	0.016666666666666666	0.0	0.0
27238	GPKOW	0.004166666666666667	0.0	0.0	0.0	0.016666666666666666
27287	VENTX	0.004166666666666667	0.0	0.0	0.0	0.016666666666666666
27296	TP53TG5	0.004166666666666667	0.0	0.016666666666666666	0.0	0.0
27306	HPGDS	0.004166666666666667	0.0	0.0	0.0	0.016666666666666666
5836	PYGL	0.004166666666666667	0.016666666666666666	0.0	0.0	0.0
5874	RAB27B	0.004166666666666667	0.0	0.0	0.0	0.016666666666666666
5883	RAD9A	0.004166666666666667	0.0	0.0	0.0	0.016666666666666666
5901	RAN	0.004166666666666667	0.0	0.0	0.0	0.016666666666666666
29091	STXBP6	0.004166666666666667	0.0	0.0	0.016666666666666666	0.0
29094	LGALSL	0.004166666666666667	0.0	0.0	0.016666666666666666	0.0
29119	CTNNA3	0.004166666666666667	0.0	0.0	0.0	0.016666666666666666
29802	VPREB3	0.004166666666666667	0.0	0.0	0.0	0.016666666666666666
5607	MAP2K5	0.004166666666666667	0.0	0.0	0.016666666666666666	0.0
5609	MAP2K7	0.004166666666666667	0.0	0.0	0.0	0.016666666666666666
5639	PRRG2	0.004166666666666667	0.0	0.0	0.0	0.016666666666666666
3355	HTR1F	0.004166666666666667	0.0	0.016666666666666666	0.0	0.0
3362	HTR6	0.004166666666666667	0.016666666666666666	0.0	0.0	0.0
5662	PSD	0.004166666666666667	0.0	0.016666666666666666	0.0	0.0
5685	PSMA4	0.004166666666666667	0.0	0.0	0.0	0.016666666666666666
5689	PSMB1	0.004166666666666667	0.0	0.0	0.0	0.016666666666666666
5699	PSMB10	0.004166666666666667	0.0	0.016666666666666666	0.0	0.0
5719	PSMD13	0.004166666666666667	0.0	0.0	0.016666666666666666	0.0
5742	PTGS1	0.004166666666666667	0.0	0.0	0.0	0.016666666666666666
5818	NECTIN1	0.004166666666666667	0.0	0.016666666666666666	0.0	0.0
643	CXCR5	0.004166666666666667	0.0	0.0	0.0	0.016666666666666666
5364	PLXNB1	0.004166666666666667	0.0	0.0	0.0	0.016666666666666666
3422	IDI1	0.004166666666666667	0.0	0.0	0.0	0.016666666666666666
3430	IFI35	0.004166666666666667	0.0	0.0	0.0	0.016666666666666666
3431	SP110	0.004166666666666667	0.0	0.0	0.016666666666666666	0.0
3433	IFIT2	0.004166666666666667	0.0	0.016666666666666666	0.0	0.0
5422	POLA1	0.004166666666666667	0.0	0.016666666666666666	0.0	0.0
5428	POLG	0.004166666666666667	0.016666666666666666	0.0	0.0	0.0
5433	POLR2D	0.004166666666666667	0.0	0.0	0.0	0.016666666666666666
5437	POLR2H	0.004166666666666667	0.016666666666666666	0.0	0.0	0.0
5450	POU2AF1	0.004166666666666667	0.0	0.0	0.0	0.016666666666666666
5451	POU2F1	0.004166666666666667	0.0	0.016666666666666666	0.0	0.0
5550	PREP	0.004166666666666667	0.0	0.0	0.0	0.016666666666666666
27315	PGAP2	0.004166666666666667	0.0	0.016666666666666666	0.0	0.0
28955	DEXI	0.004166666666666667	0.0	0.0	0.0	0.016666666666666666
29065	ASAP1-IT1	0.004166666666666667	0.0	0.0	0.0	0.016666666666666666
80763	SPX	0.004166666666666667	0.0	0.0	0.0	0.016666666666666666
80765	STARD5	0.004166666666666667	0.0	0.0	0.0	0.016666666666666666
80833	APOL3	0.004166666666666667	0.0	0.0	0.0	0.016666666666666666
29903	CCDC106	0.004166666666666667	0.0	0.016666666666666666	0.0	0.0
29914	UBIAD1	0.004166666666666667	0.0	0.0	0.0	0.016666666666666666
54517	PUS7	0.004166666666666667	0.0	0.0	0.0	0.016666666666666666
54581	SCAND2P	0.004166666666666667	0.0	0.0	0.0	0.016666666666666666
54682	MANSC1	0.004166666666666667	0.0	0.0	0.016666666666666666	0.0
54784	ALKBH4	0.004166666666666667	0.0	0.0	0.0	0.016666666666666666
64108	RTP4	0.004166666666666667	0.0	0.0	0.0	0.016666666666666666
684	BST2	0.004166666666666667	0.0	0.0	0.0	0.016666666666666666
64118	DUS1L	0.004166666666666667	0.0	0.0	0.0	0.016666666666666666
64122	FN3K	0.004166666666666667	0.0	0.0	0.0	0.016666666666666666
64236	PDLIM2	0.004166666666666667	0.0	0.0	0.0	0.016666666666666666
64240	ABCG5	0.004166666666666667	0.0	0.016666666666666666	0.0	0.0
64285	RHBDF1	0.004166666666666667	0.0	0.016666666666666666	0.0	0.0
5211	PFKL	0.004166666666666667	0.0	0.0	0.0	0.016666666666666666
5214	PFKP	0.004166666666666667	0.0	0.0	0.0	0.016666666666666666
5224	PGAM2	0.004166666666666667	0.0	0.0	0.016666666666666666	0.0
5267	SERPINA4	0.004166666666666667	0.0	0.016666666666666666	0.0	0.0
5270	SERPINE2	0.004166666666666667	0.0	0.016666666666666666	0.0	0.0
5272	SERPINB9	0.004166666666666667	0.0	0.016666666666666666	0.0	0.0
5291	PIK3CB	0.004166666666666667	0.0	0.0	0.016666666666666666	0.0
3484	IGFBP1	0.004166666666666667	0.0	0.0	0.0	0.016666666666666666
3488	IGFBP5	0.004166666666666667	0.016666666666666666	0.0	0.0	0.0
3489	IGFBP6	0.004166666666666667	0.0	0.016666666666666666	0.0	0.0
5293	PIK3CD	0.004166666666666667	0.0	0.016666666666666666	0.0	0.0
64080	RBKS	0.004166666666666667	0.0	0.0	0.016666666666666666	0.0
80305	TRABD	0.004166666666666667	0.0	0.0	0.016666666666666666	0.0
80344	DCAF11	0.004166666666666667	0.0	0.016666666666666666	0.0	0.0
80350	LPAL2	0.004166666666666667	0.0	0.0	0.0	0.016666666666666666
390	RND3	0.004166666666666667	0.0	0.0	0.0	0.016666666666666666
54788	DNAJB12	0.004166666666666667	0.016666666666666666	0.0	0.0	0.0
54801	HAUS6	0.004166666666666667	0.0	0.0	0.0	0.016666666666666666
54805	CNNM2	0.004166666666666667	0.0	0.0	0.016666666666666666	0.0
1133	CHRM5	0.004166666666666667	0.0	0.0	0.0	0.016666666666666666
54825	CDHR2	0.004166666666666667	0.0	0.0	0.0	0.016666666666666666
29933	GPR132	0.004166666666666667	0.0	0.0	0.0	0.016666666666666666
29982	NRBF2	0.004166666666666667	0.0	0.0	0.0	0.016666666666666666
30000	TNPO2	0.004166666666666667	0.0	0.0	0.0	0.016666666666666666
1387	CREBBP	0.004166666666666667	0.0	0.0	0.0	0.016666666666666666
49855	SCAPER	0.004166666666666667	0.0	0.0	0.016666666666666666	0.0
5138	PDE2A	0.004166666666666667	0.0	0.0	0.016666666666666666	0.0
5140	PDE3B	0.004166666666666667	0.0	0.0	0.0	0.016666666666666666
5156	PDGFRA	0.004166666666666667	0.0	0.0	0.0	0.016666666666666666
5163	PDK1	0.004166666666666667	0.0	0.0	0.0	0.016666666666666666
5190	PEX6	0.004166666666666667	0.016666666666666666	0.0	0.0	0.0
3557	IL1RN	0.004166666666666667	0.0	0.0	0.0	0.016666666666666666
51104	ABHD17B	0.004166666666666667	0.0	0.0	0.0	0.016666666666666666
51111	KMT5B	0.004166666666666667	0.0	0.0	0.0	0.016666666666666666
51131	PHF11	0.004166666666666667	0.0	0.0	0.0	0.016666666666666666
51161	C3orf18	0.004166666666666667	0.0	0.0	0.0	0.016666666666666666
64422	ATG3	0.004166666666666667	0.0	0.0	0.016666666666666666	0.0
64430	PCNX4	0.004166666666666667	0.0	0.0	0.0	0.016666666666666666
64581	CLEC7A	0.004166666666666667	0.0	0.0	0.0	0.016666666666666666
64769	MEAF6	0.004166666666666667	0.0	0.0	0.0	0.016666666666666666
64772	ENGASE	0.004166666666666667	0.0	0.0	0.0	0.016666666666666666
64850	ETNPPL	0.004166666666666667	0.0	0.016666666666666666	0.0	0.0
623	BDKRB1	0.004166666666666667	0.0	0.016666666666666666	0.0	0.0
5063	PAK3	0.004166666666666667	0.0	0.0	0.0	0.016666666666666666
5071	PRKN	0.004166666666666667	0.0	0.0	0.016666666666666666	0.0
5080	PAX6	0.004166666666666667	0.0	0.0	0.0	0.016666666666666666
5095	PCCA	0.004166666666666667	0.0	0.016666666666666666	0.0	0.0
5130	PCYT1A	0.004166666666666667	0.0	0.0	0.0	0.016666666666666666
5050	PAFAH1B3	0.004166666666666667	0.0	0.0	0.016666666666666666	0.0
5054	SERPINE1	0.004166666666666667	0.0	0.016666666666666666	0.0	0.0
254531	LPCAT4	0.004166666666666667	0.0	0.0	0.0	0.016666666666666666
256051	ZNF549	0.004166666666666667	0.016666666666666666	0.0	0.0	0.0
257407	C2orf72	0.004166666666666667	0.0	0.0	0.0	0.016666666666666666
261734	NPHP4	0.004166666666666667	0.0	0.016666666666666666	0.0	0.0
148	ADRA1A	0.004166666666666667	0.0	0.0	0.0	0.016666666666666666
284325	ACTMAP	0.004166666666666667	0.0	0.0	0.0	0.016666666666666666
285755	PPIL6	0.004166666666666667	0.0	0.0	0.016666666666666666	0.0
650	BMP2	0.004166666666666667	0.0	0.0	0.0	0.016666666666666666
656	BMP8B	0.004166666666666667	0.0	0.0	0.0	0.016666666666666666
64393	ZMAT3	0.004166666666666667	0.0	0.016666666666666666	0.0	0.0
50613	UBQLN3	0.004166666666666667	0.0	0.0	0.016666666666666666	0.0
50617	ATP6V0A4	0.004166666666666667	0.0	0.0	0.0	0.016666666666666666
51085	MLXIPL	0.004166666666666667	0.0	0.0	0.0	0.016666666666666666
51096	UTP18	0.004166666666666667	0.0	0.0	0.016666666666666666	0.0
1314	COPA	0.004166666666666667	0.0	0.0	0.0	0.016666666666666666
1317	SLC31A1	0.004166666666666667	0.0	0.0	0.0	0.016666666666666666
51301	GCNT4	0.004166666666666667	0.0	0.016666666666666666	0.0	0.0
51303	FKBP11	0.004166666666666667	0.016666666666666666	0.0	0.0	0.0
1290	COL5A2	0.004166666666666667	0.0	0.0	0.0	0.016666666666666666
1291	COL6A1	0.004166666666666667	0.0	0.0	0.0	0.016666666666666666
1292	COL6A2	0.004166666666666667	0.0	0.0	0.016666666666666666	0.0
4772	NFATC1	0.004166666666666667	0.0	0.016666666666666666	0.0	0.0
4776	NFATC4	0.004166666666666667	0.016666666666666666	0.0	0.0	0.0
4826	NNAT	0.004166666666666667	0.0	0.0	0.0	0.016666666666666666
4830	NME1	0.004166666666666667	0.0	0.0	0.016666666666666666	0.0
4841	NONO	0.004166666666666667	0.016666666666666666	0.0	0.0	0.0
4868	NPHS1	0.004166666666666667	0.016666666666666666	0.0	0.0	0.0
4901	NRL	0.004166666666666667	0.0	0.0	0.0	0.016666666666666666
3617	IMPG1	0.004166666666666667	0.0	0.0	0.0	0.016666666666666666
5001	ORC5	0.004166666666666667	0.0	0.0	0.0	0.016666666666666666
65244	SPATS2	0.004166666666666667	0.0	0.0	0.0	0.016666666666666666
65988	ZNF747	0.004166666666666667	0.0	0.0	0.0	0.016666666666666666
66002	CYP4F12	0.004166666666666667	0.0	0.0	0.0	0.016666666666666666
78992	YIPF2	0.004166666666666667	0.0	0.0	0.0	0.016666666666666666
78997	GDAP1L1	0.004166666666666667	0.0	0.0	0.0	0.016666666666666666
79023	NUP37	0.004166666666666667	0.0	0.0	0.0	0.016666666666666666
79026	AHNAK	0.004166666666666667	0.0	0.016666666666666666	0.0	0.0
586	BCAT1	0.004166666666666667	0.0	0.0	0.0	0.016666666666666666
593	BCKDHA	0.004166666666666667	0.0	0.016666666666666666	0.0	0.0
4637	MYL6	0.004166666666666667	0.0	0.016666666666666666	0.0	0.0
4647	MYO7A	0.004166666666666667	0.0	0.0	0.0	0.016666666666666666
4683	NBN	0.004166666666666667	0.0	0.016666666666666666	0.0	0.0
51171	HSD17B14	0.004166666666666667	0.0	0.0	0.0	0.016666666666666666
51174	TUBD1	0.004166666666666667	0.016666666666666666	0.0	0.0	0.0
51200	CPA4	0.004166666666666667	0.0	0.0	0.0	0.016666666666666666
51207	DUSP13B	0.004166666666666667	0.0	0.0	0.0	0.016666666666666666
54476	RNF216	0.004166666666666667	0.0	0.0	0.0	0.016666666666666666
54494	C11orf71	0.004166666666666667	0.0	0.0	0.0	0.016666666666666666
54503	ZDHHC13	0.004166666666666667	0.016666666666666666	0.0	0.0	0.0
51341	ZBTB7A	0.004166666666666667	0.0	0.0	0.0	0.016666666666666666
51365	PLA1A	0.004166666666666667	0.016666666666666666	0.0	0.0	0.0
117	ADCYAP1R1	0.004166666666666667	0.0	0.0	0.0	0.016666666666666666
348995	NUP43	0.004166666666666667	0.0	0.0	0.0	0.016666666666666666
387082	SUMO4	0.004166666666666667	0.0	0.0	0.0	0.016666666666666666
387263	C6orf120	0.004166666666666667	0.0	0.0	0.0	0.016666666666666666
388569	ZNF324B	0.004166666666666667	0.0	0.0	0.0	0.016666666666666666
388714	FMO6P	0.004166666666666667	0.0	0.0	0.0	0.016666666666666666
4588	MUC6	0.004166666666666667	0.0	0.0	0.0	0.016666666666666666
4604	MYBPC1	0.004166666666666667	0.016666666666666666	0.0	0.0	0.0
64864	RFX7	0.004166666666666667	0.0	0.0	0.0	0.016666666666666666
64866	CDCP1	0.004166666666666667	0.0	0.0	0.0	0.016666666666666666
65003	MRPL11	0.004166666666666667	0.0	0.0	0.0	0.016666666666666666
4211	MEIS1	0.004166666666666667	0.016666666666666666	0.0	0.0	0.0
4234	METTL1	0.004166666666666667	0.0	0.0	0.0	0.016666666666666666
4256	MGP	0.004166666666666667	0.0	0.016666666666666666	0.0	0.0
3710	ITPR3	0.004166666666666667	0.0	0.0	0.0	0.016666666666666666
3718	JAK3	0.004166666666666667	0.016666666666666666	0.0	0.0	0.0
4298	MLLT1	0.004166666666666667	0.0	0.0	0.0	0.016666666666666666
4303	FOXO4	0.004166666666666667	0.0	0.0	0.0	0.016666666666666666
3691	ITGB4	0.004166666666666667	0.0	0.0	0.0	0.016666666666666666
3693	ITGB5	0.004166666666666667	0.0	0.0	0.0	0.016666666666666666
3696	ITGB8	0.004166666666666667	0.0	0.0	0.016666666666666666	0.0
4440	MSI1	0.004166666666666667	0.0	0.0	0.0	0.016666666666666666
53832	IL20RA	0.004166666666666667	0.0	0.0	0.016666666666666666	0.0
53838	C11orf24	0.004166666666666667	0.0	0.016666666666666666	0.0	0.0
54014	BRWD1	0.004166666666666667	0.0	0.0	0.0	0.016666666666666666
54107	POLE3	0.004166666666666667	0.016666666666666666	0.0	0.0	0.0
54442	KCTD5	0.004166666666666667	0.0	0.0	0.0	0.016666666666666666
51421	AMOTL2	0.004166666666666667	0.016666666666666666	0.0	0.0	0.0
51490	SPOUT1	0.004166666666666667	0.0	0.0	0.0	0.016666666666666666
51501	HIKESHI	0.004166666666666667	0.0	0.0	0.016666666666666666	0.0
51514	DTL	0.004166666666666667	0.016666666666666666	0.0	0.0	0.0
51571	CYRIB	0.004166666666666667	0.0	0.016666666666666666	0.0	0.0
1235	CCR6	0.004166666666666667	0.016666666666666666	0.0	0.0	0.0
51586	MED15	0.004166666666666667	0.0	0.0	0.0	0.016666666666666666
51604	PIGT	0.004166666666666667	0.0	0.0	0.016666666666666666	0.0
51637	RTRAF	0.004166666666666667	0.0	0.0	0.0	0.016666666666666666
51654	CDK5RAP1	0.004166666666666667	0.0	0.0	0.016666666666666666	0.0
79073	TMEM109	0.004166666666666667	0.0	0.0	0.0	0.016666666666666666
79092	CARD14	0.004166666666666667	0.0	0.0	0.016666666666666666	0.0
79134	TMEM185B	0.004166666666666667	0.0	0.0	0.0	0.016666666666666666
79157	MFSD11	0.004166666666666667	0.0	0.0	0.0	0.016666666666666666
79171	RBM42	0.004166666666666667	0.016666666666666666	0.0	0.0	0.0
4209	MEF2D	0.004166666666666667	0.0	0.0	0.0	0.016666666666666666
3956	LGALS1	0.004166666666666667	0.0	0.016666666666666666	0.0	0.0
100128640	ACVR2B-AS1	0.004166666666666667	0.0	0.016666666666666666	0.0	0.0
79629	OCEL1	0.004166666666666667	0.0	0.0	0.0	0.016666666666666666
79631	EFL1	0.004166666666666667	0.0	0.016666666666666666	0.0	0.0
79641	ROGDI	0.004166666666666667	0.0	0.0	0.0	0.016666666666666666
79642	ARSJ	0.004166666666666667	0.0	0.0	0.0	0.016666666666666666
522	ATP5PF	0.004166666666666667	0.0	0.0	0.0	0.016666666666666666
79657	RPAP3	0.004166666666666667	0.0	0.0	0.0	0.016666666666666666
3787	KCNS1	0.004166666666666667	0.0	0.0	0.0	0.016666666666666666
3790	KCNS3	0.004166666666666667	0.0	0.0	0.0	0.016666666666666666
4023	LPL	0.004166666666666667	0.0	0.016666666666666666	0.0	0.0
4043	LRPAP1	0.004166666666666667	0.0	0.016666666666666666	0.0	0.0
51809	GALNT7	0.004166666666666667	0.0	0.0	0.0	0.016666666666666666
1213	CLTC	0.004166666666666667	0.0	0.0	0.0	0.016666666666666666
53373	TPCN1	0.004166666666666667	0.016666666666666666	0.0	0.0	0.0
3910	LAMA4	0.004166666666666667	0.016666666666666666	0.0	0.0	0.0
10331	B3GNT3	0.004166666666666667	0.0	0.0	0.0	0.016666666666666666
10363	HMG20A	0.004166666666666667	0.0	0.0	0.0	0.016666666666666666
89795	NAV3	0.004166666666666667	0.0	0.0	0.0	0.016666666666666666
89797	NAV2	0.004166666666666667	0.0	0.0	0.016666666666666666	0.0
323	APBB2	0.004166666666666667	0.016666666666666666	0.0	0.0	0.0
324	APC	0.004166666666666667	0.0	0.0	0.0	0.016666666666666666
90627	STARD13	0.004166666666666667	0.0	0.0	0.0	0.016666666666666666
10449	ACAA2	0.004166666666666667	0.0	0.0	0.0	0.016666666666666666
10457	GPNMB	0.004166666666666667	0.0	0.0	0.0	0.016666666666666666
1009	CDH11	0.004166666666666667	0.0	0.0	0.0	0.016666666666666666
55558	PLXNA3	0.004166666666666667	0.0	0.0	0.0	0.016666666666666666
103	ADAR	0.004166666666666667	0.0	0.016666666666666666	0.0	0.0
51	ACOX1	0.004166666666666667	0.0	0.016666666666666666	0.0	0.0
52	ACP1	0.004166666666666667	0.0	0.016666666666666666	0.0	0.0
53	ACP2	0.004166666666666667	0.0	0.016666666666666666	0.0	0.0
55	ACP3	0.004166666666666667	0.0	0.016666666666666666	0.0	0.0
19	ABCA1	0.0	0.0	0.0	0.0	0.0
22	ABCB7	0.0	0.0	0.0	0.0	0.0
24	ABCA4	0.0	0.0	0.0	0.0	0.0
97	ACYP1	0.0	0.0	0.0	0.0	0.0
94	ACVRL1	0.0	0.0	0.0	0.0	0.0
93	ACVR2B	0.0	0.0	0.0	0.0	0.0
92	ACVR2A	0.0	0.0	0.0	0.0	0.0
91	ACVR1B	0.0	0.0	0.0	0.0	0.0
90	ACVR1	0.0	0.0	0.0	0.0	0.0
88	ACTN2	0.0	0.0	0.0	0.0	0.0
86	ACTL6A	0.0	0.0	0.0	0.0	0.0
81	ACTN4	0.0	0.0	0.0	0.0	0.0
643641	ZNF862	0.0	0.0	0.0	0.0	0.0
643224	TUBBP5	0.0	0.0	0.0	0.0	0.0
641339	ZNF674	0.0	0.0	0.0	0.0	0.0
553115	PEF1	0.0	0.0	0.0	0.0	0.0
552889	ATXN7L3B	0.0	0.0	0.0	0.0	0.0
474344	GIMAP6	0.0	0.0	0.0	0.0	0.0
441024	MTHFD2L	0.0	0.0	0.0	0.0	0.0
3916	LAMP1	0.0	0.0	0.0	0.0	0.0
3915	LAMC1	0.0	0.0	0.0	0.0	0.0
3913	LAMB2	0.0	0.0	0.0	0.0	0.0
3909	LAMA3	0.0	0.0	0.0	0.0	0.0
3908	LAMA2	0.0	0.0	0.0	0.0	0.0
3903	LAIR1	0.0	0.0	0.0	0.0	0.0
3902	LAG3	0.0	0.0	0.0	0.0	0.0
3899	AFF3	0.0	0.0	0.0	0.0	0.0
3898	LAD1	0.0	0.0	0.0	0.0	0.0
3897	L1CAM	0.0	0.0	0.0	0.0	0.0
3895	KTN1	0.0	0.0	0.0	0.0	0.0
3858	KRT10	0.0	0.0	0.0	0.0	0.0
3855	KRT7	0.0	0.0	0.0	0.0	0.0
3845	KRAS	0.0	0.0	0.0	0.0	0.0
3843	IPO5	0.0	0.0	0.0	0.0	0.0
3842	TNPO1	0.0	0.0	0.0	0.0	0.0
3975	LHX1	0.0	0.0	0.0	0.0	0.0
3973	LHCGR	0.0	0.0	0.0	0.0	0.0
3965	LGALS9	0.0	0.0	0.0	0.0	0.0
3964	LGALS8	0.0	0.0	0.0	0.0	0.0
3960	LGALS4	0.0	0.0	0.0	0.0	0.0
3959	LGALS3BP	0.0	0.0	0.0	0.0	0.0
3958	LGALS3	0.0	0.0	0.0	0.0	0.0
3957	LGALS2	0.0	0.0	0.0	0.0	0.0
3952	LEP	0.0	0.0	0.0	0.0	0.0
3949	LDLR	0.0	0.0	0.0	0.0	0.0
3945	LDHB	0.0	0.0	0.0	0.0	0.0
3936	LCP1	0.0	0.0	0.0	0.0	0.0
3934	LCN2	0.0	0.0	0.0	0.0	0.0
3930	LBR	0.0	0.0	0.0	0.0	0.0
3929	LBP	0.0	0.0	0.0	0.0	0.0
3918	LAMC2	0.0	0.0	0.0	0.0	0.0
3985	LIMK2	0.0	0.0	0.0	0.0	0.0
3800	KIF5C	0.0	0.0	0.0	0.0	0.0
3799	KIF5B	0.0	0.0	0.0	0.0	0.0
3798	KIF5A	0.0	0.0	0.0	0.0	0.0
3797	KIF3C	0.0	0.0	0.0	0.0	0.0
3795	KHK	0.0	0.0	0.0	0.0	0.0
3791	KDR	0.0	0.0	0.0	0.0	0.0
3784	KCNQ1	0.0	0.0	0.0	0.0	0.0
3783	KCNN4	0.0	0.0	0.0	0.0	0.0
3782	KCNN3	0.0	0.0	0.0	0.0	0.0
3984	LIMK1	0.0	0.0	0.0	0.0	0.0
3983	ABLIM1	0.0	0.0	0.0	0.0	0.0
3981	LIG4	0.0	0.0	0.0	0.0	0.0
3980	LIG3	0.0	0.0	0.0	0.0	0.0
3977	LIFR	0.0	0.0	0.0	0.0	0.0
3976	LIF	0.0	0.0	0.0	0.0	0.0
4018	LPA	0.0	0.0	0.0	0.0	0.0
4015	LOX	0.0	0.0	0.0	0.0	0.0
4013	VWA5A	0.0	0.0	0.0	0.0	0.0
4012	LNPEP	0.0	0.0	0.0	0.0	0.0
4010	LMX1B	0.0	0.0	0.0	0.0	0.0
4008	LMO7	0.0	0.0	0.0	0.0	0.0
4007	PRICKLE3	0.0	0.0	0.0	0.0	0.0
4005	LMO2	0.0	0.0	0.0	0.0	0.0
4004	LMO1	0.0	0.0	0.0	0.0	0.0
4001	LMNB1	0.0	0.0	0.0	0.0	0.0
4000	LMNA	0.0	0.0	0.0	0.0	0.0
3996	LLGL1	0.0	0.0	0.0	0.0	0.0
3995	FADS3	0.0	0.0	0.0	0.0	0.0
3993	LLGL2	0.0	0.0	0.0	0.0	0.0
3991	LIPE	0.0	0.0	0.0	0.0	0.0
3990	LIPC	0.0	0.0	0.0	0.0	0.0
4058	LTK	0.0	0.0	0.0	0.0	0.0
4056	LTC4S	0.0	0.0	0.0	0.0	0.0
4055	LTBR	0.0	0.0	0.0	0.0	0.0
4053	LTBP2	0.0	0.0	0.0	0.0	0.0
4052	LTBP1	0.0	0.0	0.0	0.0	0.0
4047	LSS	0.0	0.0	0.0	0.0	0.0
4046	LSP1	0.0	0.0	0.0	0.0	0.0
4045	LSAMP	0.0	0.0	0.0	0.0	0.0
4041	LRP5	0.0	0.0	0.0	0.0	0.0
4038	LRP4	0.0	0.0	0.0	0.0	0.0
4037	LRP3	0.0	0.0	0.0	0.0	0.0
4036	LRP2	0.0	0.0	0.0	0.0	0.0
4035	LRP1	0.0	0.0	0.0	0.0	0.0
4034	LRCH4	0.0	0.0	0.0	0.0	0.0
4033	IRAG2	0.0	0.0	0.0	0.0	0.0
4026	LPP	0.0	0.0	0.0	0.0	0.0
3778	KCNMA1	0.0	0.0	0.0	0.0	0.0
3777	KCNK3	0.0	0.0	0.0	0.0	0.0
3775	KCNK1	0.0	0.0	0.0	0.0	0.0
3773	KCNJ16	0.0	0.0	0.0	0.0	0.0
3772	KCNJ15	0.0	0.0	0.0	0.0	0.0
3770	KCNJ14	0.0	0.0	0.0	0.0	0.0
3769	KCNJ13	0.0	0.0	0.0	0.0	0.0
3762	KCNJ5	0.0	0.0	0.0	0.0	0.0
3760	KCNJ3	0.0	0.0	0.0	0.0	0.0
3759	KCNJ2	0.0	0.0	0.0	0.0	0.0
3758	KCNJ1	0.0	0.0	0.0	0.0	0.0
3757	KCNH2	0.0	0.0	0.0	0.0	0.0
4066	LYL1	0.0	0.0	0.0	0.0	0.0
4064	CD180	0.0	0.0	0.0	0.0	0.0
4063	LY9	0.0	0.0	0.0	0.0	0.0
4061	LY6E	0.0	0.0	0.0	0.0	0.0
4094	MAF	0.0	0.0	0.0	0.0	0.0
4093	SMAD9	0.0	0.0	0.0	0.0	0.0
4092	SMAD7	0.0	0.0	0.0	0.0	0.0
4091	SMAD6	0.0	0.0	0.0	0.0	0.0
4090	SMAD5	0.0	0.0	0.0	0.0	0.0
4089	SMAD4	0.0	0.0	0.0	0.0	0.0
4087	SMAD2	0.0	0.0	0.0	0.0	0.0
4086	SMAD1	0.0	0.0	0.0	0.0	0.0
4084	MXD1	0.0	0.0	0.0	0.0	0.0
4082	MARCKS	0.0	0.0	0.0	0.0	0.0
4077	NBR1	0.0	0.0	0.0	0.0	0.0
4076	CAPRIN1	0.0	0.0	0.0	0.0	0.0
4072	EPCAM	0.0	0.0	0.0	0.0	0.0
4071	TM4SF1	0.0	0.0	0.0	0.0	0.0
4070	TACSTD2	0.0	0.0	0.0	0.0	0.0
4068	SH2D1A	0.0	0.0	0.0	0.0	0.0
4144	MAT2A	0.0	0.0	0.0	0.0	0.0
4140	MARK3	0.0	0.0	0.0	0.0	0.0
4139	MARK1	0.0	0.0	0.0	0.0	0.0
4134	MAP4	0.0	0.0	0.0	0.0	0.0
4133	MAP2	0.0	0.0	0.0	0.0	0.0
4129	MAOB	0.0	0.0	0.0	0.0	0.0
4128	MAOA	0.0	0.0	0.0	0.0	0.0
4126	MANBA	0.0	0.0	0.0	0.0	0.0
4125	MAN2B1	0.0	0.0	0.0	0.0	0.0
4124	MAN2A1	0.0	0.0	0.0	0.0	0.0
4123	MAN2C1	0.0	0.0	0.0	0.0	0.0
4122	MAN2A2	0.0	0.0	0.0	0.0	0.0
4121	MAN1A1	0.0	0.0	0.0	0.0	0.0
4118	MAL	0.0	0.0	0.0	0.0	0.0
4117	MAK	0.0	0.0	0.0	0.0	0.0
4097	MAFG	0.0	0.0	0.0	0.0	0.0
4189	DNAJB9	0.0	0.0	0.0	0.0	0.0
4188	MDFI	0.0	0.0	0.0	0.0	0.0
4179	CD46	0.0	0.0	0.0	0.0	0.0
4174	MCM5	0.0	0.0	0.0	0.0	0.0
4173	MCM4	0.0	0.0	0.0	0.0	0.0
4172	MCM3	0.0	0.0	0.0	0.0	0.0
4171	MCM2	0.0	0.0	0.0	0.0	0.0
4170	MCL1	0.0	0.0	0.0	0.0	0.0
4168	MCF2	0.0	0.0	0.0	0.0	0.0
4163	MCC	0.0	0.0	0.0	0.0	0.0
4155	MBP	0.0	0.0	0.0	0.0	0.0
4154	MBNL1	0.0	0.0	0.0	0.0	0.0
4152	MBD1	0.0	0.0	0.0	0.0	0.0
4151	MB	0.0	0.0	0.0	0.0	0.0
4150	MAZ	0.0	0.0	0.0	0.0	0.0
4149	MAX	0.0	0.0	0.0	0.0	0.0
4194	MDM4	0.0	0.0	0.0	0.0	0.0
3756	KCNH1	0.0	0.0	0.0	0.0	0.0
3752	KCND3	0.0	0.0	0.0	0.0	0.0
3750	KCND1	0.0	0.0	0.0	0.0	0.0
3749	KCNC4	0.0	0.0	0.0	0.0	0.0
3748	KCNC3	0.0	0.0	0.0	0.0	0.0
3745	KCNB1	0.0	0.0	0.0	0.0	0.0
3737	KCNA2	0.0	0.0	0.0	0.0	0.0
3735	KARS1	0.0	0.0	0.0	0.0	0.0
3732	CD82	0.0	0.0	0.0	0.0	0.0
3728	JUP	0.0	0.0	0.0	0.0	0.0
3727	JUND	0.0	0.0	0.0	0.0	0.0
3726	JUNB	0.0	0.0	0.0	0.0	0.0
3725	JUN	0.0	0.0	0.0	0.0	0.0
4191	MDH2	0.0	0.0	0.0	0.0	0.0
4190	MDH1	0.0	0.0	0.0	0.0	0.0
4233	MET	0.0	0.0	0.0	0.0	0.0
4232	MEST	0.0	0.0	0.0	0.0	0.0
4225	MEP1B	0.0	0.0	0.0	0.0	0.0
4222	MEOX1	0.0	0.0	0.0	0.0	0.0
4221	MEN1	0.0	0.0	0.0	0.0	0.0
4218	RAB8A	0.0	0.0	0.0	0.0	0.0
4217	MAP3K5	0.0	0.0	0.0	0.0	0.0
4216	MAP3K4	0.0	0.0	0.0	0.0	0.0
4215	MAP3K3	0.0	0.0	0.0	0.0	0.0
4214	MAP3K1	0.0	0.0	0.0	0.0	0.0
4212	MEIS2	0.0	0.0	0.0	0.0	0.0
4210	MEFV	0.0	0.0	0.0	0.0	0.0
4205	MEF2A	0.0	0.0	0.0	0.0	0.0
4204	MECP2	0.0	0.0	0.0	0.0	0.0
4201	MEA1	0.0	0.0	0.0	0.0	0.0
4200	ME2	0.0	0.0	0.0	0.0	0.0
4286	MITF	0.0	0.0	0.0	0.0	0.0
4285	MIPEP	0.0	0.0	0.0	0.0	0.0
4283	CXCL9	0.0	0.0	0.0	0.0	0.0
4281	MID1	0.0	0.0	0.0	0.0	0.0
4261	CIITA	0.0	0.0	0.0	0.0	0.0
4258	MGST2	0.0	0.0	0.0	0.0	0.0
4255	MGMT	0.0	0.0	0.0	0.0	0.0
4254	KITLG	0.0	0.0	0.0	0.0	0.0
4253	MIA2	0.0	0.0	0.0	0.0	0.0
4247	MGAT2	0.0	0.0	0.0	0.0	0.0
4245	MGAT1	0.0	0.0	0.0	0.0	0.0
4242	MFNG	0.0	0.0	0.0	0.0	0.0
4240	MFGE8	0.0	0.0	0.0	0.0	0.0
4239	MFAP4	0.0	0.0	0.0	0.0	0.0
4238	MFAP3	0.0	0.0	0.0	0.0	0.0
4237	MFAP2	0.0	0.0	0.0	0.0	0.0
3720	JARID2	0.0	0.0	0.0	0.0	0.0
3714	JAG2	0.0	0.0	0.0	0.0	0.0
3712	IVD	0.0	0.0	0.0	0.0	0.0
3708	ITPR1	0.0	0.0	0.0	0.0	0.0
3707	ITPKB	0.0	0.0	0.0	0.0	0.0
3705	ITPK1	0.0	0.0	0.0	0.0	0.0
3704	ITPA	0.0	0.0	0.0	0.0	0.0
3703	STT3A	0.0	0.0	0.0	0.0	0.0
3702	ITK	0.0	0.0	0.0	0.0	0.0
3700	ITIH4	0.0	0.0	0.0	0.0	0.0
3699	ITIH3	0.0	0.0	0.0	0.0	0.0
4292	MLH1	0.0	0.0	0.0	0.0	0.0
4291	MLF1	0.0	0.0	0.0	0.0	0.0
4289	MKLN1	0.0	0.0	0.0	0.0	0.0
4288	MKI67	0.0	0.0	0.0	0.0	0.0
4287	ATXN3	0.0	0.0	0.0	0.0	0.0
4324	MMP15	0.0	0.0	0.0	0.0	0.0
4323	MMP14	0.0	0.0	0.0	0.0	0.0
4322	MMP13	0.0	0.0	0.0	0.0	0.0
4321	MMP12	0.0	0.0	0.0	0.0	0.0
4320	MMP11	0.0	0.0	0.0	0.0	0.0
4318	MMP9	0.0	0.0	0.0	0.0	0.0
4314	MMP3	0.0	0.0	0.0	0.0	0.0
4313	MMP2	0.0	0.0	0.0	0.0	0.0
4312	MMP1	0.0	0.0	0.0	0.0	0.0
4311	MME	0.0	0.0	0.0	0.0	0.0
4306	NR3C2	0.0	0.0	0.0	0.0	0.0
4301	AFDN	0.0	0.0	0.0	0.0	0.0
4300	MLLT3	0.0	0.0	0.0	0.0	0.0
4296	MAP3K11	0.0	0.0	0.0	0.0	0.0
4294	MAP3K10	0.0	0.0	0.0	0.0	0.0
4293	MAP3K9	0.0	0.0	0.0	0.0	0.0
3687	ITGAX	0.0	0.0	0.0	0.0	0.0
3683	ITGAL	0.0	0.0	0.0	0.0	0.0
3682	ITGAE	0.0	0.0	0.0	0.0	0.0
3680	ITGA9	0.0	0.0	0.0	0.0	0.0
3679	ITGA7	0.0	0.0	0.0	0.0	0.0
3678	ITGA5	0.0	0.0	0.0	0.0	0.0
4350	MPG	0.0	0.0	0.0	0.0	0.0
4345	CD200	0.0	0.0	0.0	0.0	0.0
4338	MOCS2	0.0	0.0	0.0	0.0	0.0
4337	MOCS1	0.0	0.0	0.0	0.0	0.0
4335	MNT	0.0	0.0	0.0	0.0	0.0
4331	MNAT1	0.0	0.0	0.0	0.0	0.0
4330	MN1	0.0	0.0	0.0	0.0	0.0
4329	ALDH6A1	0.0	0.0	0.0	0.0	0.0
4327	MMP19	0.0	0.0	0.0	0.0	0.0
4326	MMP17	0.0	0.0	0.0	0.0	0.0
4494	MT1F	0.0	0.0	0.0	0.0	0.0
4487	MSX1	0.0	0.0	0.0	0.0	0.0
4486	MST1R	0.0	0.0	0.0	0.0	0.0
4482	MSRA	0.0	0.0	0.0	0.0	0.0
4481	MSR1	0.0	0.0	0.0	0.0	0.0
4437	MSH3	0.0	0.0	0.0	0.0	0.0
4430	MYO1B	0.0	0.0	0.0	0.0	0.0
4363	ABCC1	0.0	0.0	0.0	0.0	0.0
4358	MPV17	0.0	0.0	0.0	0.0	0.0
4357	MPST	0.0	0.0	0.0	0.0	0.0
4355	MPP2	0.0	0.0	0.0	0.0	0.0
4354	MPP1	0.0	0.0	0.0	0.0	0.0
4352	MPL	0.0	0.0	0.0	0.0	0.0
4351	MPI	0.0	0.0	0.0	0.0	0.0
3695	ITGB7	0.0	0.0	0.0	0.0	0.0
3692	EIF6	0.0	0.0	0.0	0.0	0.0
4582	MUC1	0.0	0.0	0.0	0.0	0.0
4552	MTRR	0.0	0.0	0.0	0.0	0.0
4548	MTR	0.0	0.0	0.0	0.0	0.0
4547	MTTP	0.0	0.0	0.0	0.0	0.0
4543	MTNR1A	0.0	0.0	0.0	0.0	0.0
4542	MYO1F	0.0	0.0	0.0	0.0	0.0
4534	MTM1	0.0	0.0	0.0	0.0	0.0
4528	MTIF2	0.0	0.0	0.0	0.0	0.0
4524	MTHFR	0.0	0.0	0.0	0.0	0.0
4522	MTHFD1	0.0	0.0	0.0	0.0	0.0
4521	NUDT1	0.0	0.0	0.0	0.0	0.0
4520	MTF1	0.0	0.0	0.0	0.0	0.0
4502	MT2A	0.0	0.0	0.0	0.0	0.0
4501	MT1X	0.0	0.0	0.0	0.0	0.0
4499	MT1M	0.0	0.0	0.0	0.0	0.0
4495	MT1G	0.0	0.0	0.0	0.0	0.0
4621	MYH3	0.0	0.0	0.0	0.0	0.0
4620	MYH2	0.0	0.0	0.0	0.0	0.0
4619	MYH1	0.0	0.0	0.0	0.0	0.0
4616	GADD45B	0.0	0.0	0.0	0.0	0.0
4613	MYCN	0.0	0.0	0.0	0.0	0.0
4606	MYBPC2	0.0	0.0	0.0	0.0	0.0
4605	MYBL2	0.0	0.0	0.0	0.0	0.0
4600	MX2	0.0	0.0	0.0	0.0	0.0
4599	MX1	0.0	0.0	0.0	0.0	0.0
4598	MVK	0.0	0.0	0.0	0.0	0.0
4597	MVD	0.0	0.0	0.0	0.0	0.0
4595	MUTYH	0.0	0.0	0.0	0.0	0.0
4594	MMUT	0.0	0.0	0.0	0.0	0.0
4593	MUSK	0.0	0.0	0.0	0.0	0.0
4591	TRIM37	0.0	0.0	0.0	0.0	0.0
4585	MUC4	0.0	0.0	0.0	0.0	0.0
4624	MYH6	0.0	0.0	0.0	0.0	0.0
3675	ITGA3	0.0	0.0	0.0	0.0	0.0
3674	ITGA2B	0.0	0.0	0.0	0.0	0.0
3671	ISLR	0.0	0.0	0.0	0.0	0.0
3669	ISG20	0.0	0.0	0.0	0.0	0.0
3667	IRS1	0.0	0.0	0.0	0.0	0.0
3665	IRF7	0.0	0.0	0.0	0.0	0.0
3664	IRF6	0.0	0.0	0.0	0.0	0.0
3663	IRF5	0.0	0.0	0.0	0.0	0.0
3662	IRF4	0.0	0.0	0.0	0.0	0.0
3661	IRF3	0.0	0.0	0.0	0.0	0.0
3660	IRF2	0.0	0.0	0.0	0.0	0.0
3659	IRF1	0.0	0.0	0.0	0.0	0.0
3658	IREB2	0.0	0.0	0.0	0.0	0.0
3655	ITGA6	0.0	0.0	0.0	0.0	0.0
4622	MYH4	0.0	0.0	0.0	0.0	0.0
4651	MYO10	0.0	0.0	0.0	0.0	0.0
4650	MYO9B	0.0	0.0	0.0	0.0	0.0
4649	MYO9A	0.0	0.0	0.0	0.0	0.0
4646	MYO6	0.0	0.0	0.0	0.0	0.0
4644	MYO5A	0.0	0.0	0.0	0.0	0.0
4643	MYO1E	0.0	0.0	0.0	0.0	0.0
4641	MYO1C	0.0	0.0	0.0	0.0	0.0
4638	MYLK	0.0	0.0	0.0	0.0	0.0
4636	MYL5	0.0	0.0	0.0	0.0	0.0
4634	MYL3	0.0	0.0	0.0	0.0	0.0
4633	MYL2	0.0	0.0	0.0	0.0	0.0
4632	MYL1	0.0	0.0	0.0	0.0	0.0
4629	MYH11	0.0	0.0	0.0	0.0	0.0
4628	MYH10	0.0	0.0	0.0	0.0	0.0
4626	MYH8	0.0	0.0	0.0	0.0	0.0
4625	MYH7	0.0	0.0	0.0	0.0	0.0
4688	NCF2	0.0	0.0	0.0	0.0	0.0
4686	NCBP1	0.0	0.0	0.0	0.0	0.0
4684	NCAM1	0.0	0.0	0.0	0.0	0.0
4682	NUBP1	0.0	0.0	0.0	0.0	0.0
4677	NARS1	0.0	0.0	0.0	0.0	0.0
4676	NAP1L4	0.0	0.0	0.0	0.0	0.0
4675	NAP1L3	0.0	0.0	0.0	0.0	0.0
4674	NAP1L2	0.0	0.0	0.0	0.0	0.0
4670	HNRNPM	0.0	0.0	0.0	0.0	0.0
4669	NAGLU	0.0	0.0	0.0	0.0	0.0
4668	NAGA	0.0	0.0	0.0	0.0	0.0
4666	NACA	0.0	0.0	0.0	0.0	0.0
4664	NAB1	0.0	0.0	0.0	0.0	0.0
4660	PPP1R12B	0.0	0.0	0.0	0.0	0.0
4659	PPP1R12A	0.0	0.0	0.0	0.0	0.0
4653	MYOC	0.0	0.0	0.0	0.0	0.0
4711	NDUFB5	0.0	0.0	0.0	0.0	0.0
4710	NDUFB4	0.0	0.0	0.0	0.0	0.0
4709	NDUFB3	0.0	0.0	0.0	0.0	0.0
4708	NDUFB2	0.0	0.0	0.0	0.0	0.0
4707	NDUFB1	0.0	0.0	0.0	0.0	0.0
4705	NDUFA10	0.0	0.0	0.0	0.0	0.0
4704	NDUFA9	0.0	0.0	0.0	0.0	0.0
4703	NEB	0.0	0.0	0.0	0.0	0.0
4702	NDUFA8	0.0	0.0	0.0	0.0	0.0
4701	NDUFA7	0.0	0.0	0.0	0.0	0.0
4700	NDUFA6	0.0	0.0	0.0	0.0	0.0
4698	NDUFA5	0.0	0.0	0.0	0.0	0.0
4697	COXFA4	0.0	0.0	0.0	0.0	0.0
4696	NDUFA3	0.0	0.0	0.0	0.0	0.0
4694	NDUFA1	0.0	0.0	0.0	0.0	0.0
4689	NCF4	0.0	0.0	0.0	0.0	0.0
4744	NEFH	0.0	0.0	0.0	0.0	0.0
4741	NEFM	0.0	0.0	0.0	0.0	0.0
4739	NEDD9	0.0	0.0	0.0	0.0	0.0
4738	NEDD8	0.0	0.0	0.0	0.0	0.0
4735	SEPTIN2	0.0	0.0	0.0	0.0	0.0
4734	NEDD4	0.0	0.0	0.0	0.0	0.0
4733	DRG1	0.0	0.0	0.0	0.0	0.0
4726	NDUFS6	0.0	0.0	0.0	0.0	0.0
4724	NDUFS4	0.0	0.0	0.0	0.0	0.0
4723	NDUFV1	0.0	0.0	0.0	0.0	0.0
4722	NDUFS3	0.0	0.0	0.0	0.0	0.0
4720	NDUFS2	0.0	0.0	0.0	0.0	0.0
4719	NDUFS1	0.0	0.0	0.0	0.0	0.0
4717	NDUFC1	0.0	0.0	0.0	0.0	0.0
4713	NDUFB7	0.0	0.0	0.0	0.0	0.0
4712	NDUFB6	0.0	0.0	0.0	0.0	0.0
4756	NEO1	0.0	0.0	0.0	0.0	0.0
3652	IPP	0.0	0.0	0.0	0.0	0.0
3646	EIF3E	0.0	0.0	0.0	0.0	0.0
3643	INSR	0.0	0.0	0.0	0.0	0.0
3638	INSIG1	0.0	0.0	0.0	0.0	0.0
3636	INPPL1	0.0	0.0	0.0	0.0	0.0
3633	INPP5B	0.0	0.0	0.0	0.0	0.0
3632	INPP5A	0.0	0.0	0.0	0.0	0.0
3631	INPP4A	0.0	0.0	0.0	0.0	0.0
3627	CXCL10	0.0	0.0	0.0	0.0	0.0
3625	INHBB	0.0	0.0	0.0	0.0	0.0
3624	INHBA	0.0	0.0	0.0	0.0	0.0
3622	ING2	0.0	0.0	0.0	0.0	0.0
3621	ING1	0.0	0.0	0.0	0.0	0.0
4750	NEK1	0.0	0.0	0.0	0.0	0.0
4747	NEFL	0.0	0.0	0.0	0.0	0.0
4798	NFRKB	0.0	0.0	0.0	0.0	0.0
4794	NFKBIE	0.0	0.0	0.0	0.0	0.0
4793	NFKBIB	0.0	0.0	0.0	0.0	0.0
4792	NFKBIA	0.0	0.0	0.0	0.0	0.0
4791	NFKB2	0.0	0.0	0.0	0.0	0.0
4790	NFKB1	0.0	0.0	0.0	0.0	0.0
4784	NFIX	0.0	0.0	0.0	0.0	0.0
4783	NFIL3	0.0	0.0	0.0	0.0	0.0
4782	NFIC	0.0	0.0	0.0	0.0	0.0
4781	NFIB	0.0	0.0	0.0	0.0	0.0
4780	NFE2L2	0.0	0.0	0.0	0.0	0.0
4779	NFE2L1	0.0	0.0	0.0	0.0	0.0
4778	NFE2	0.0	0.0	0.0	0.0	0.0
4775	NFATC3	0.0	0.0	0.0	0.0	0.0
4771	NF2	0.0	0.0	0.0	0.0	0.0
4763	NF1	0.0	0.0	0.0	0.0	0.0
4833	NME4	0.0	0.0	0.0	0.0	0.0
4832	NME3	0.0	0.0	0.0	0.0	0.0
4828	NMB	0.0	0.0	0.0	0.0	0.0
4824	NKX3-1	0.0	0.0	0.0	0.0	0.0
4820	NKTR	0.0	0.0	0.0	0.0	0.0
4818	NKG7	0.0	0.0	0.0	0.0	0.0
4817	NIT1	0.0	0.0	0.0	0.0	0.0
4815	NINJ2	0.0	0.0	0.0	0.0	0.0
4814	NINJ1	0.0	0.0	0.0	0.0	0.0
4811	NID1	0.0	0.0	0.0	0.0	0.0
4809	SNU13	0.0	0.0	0.0	0.0	0.0
4804	NGFR	0.0	0.0	0.0	0.0	0.0
4802	NFYC	0.0	0.0	0.0	0.0	0.0
4801	NFYB	0.0	0.0	0.0	0.0	0.0
4800	NFYA	0.0	0.0	0.0	0.0	0.0
4799	NFX1	0.0	0.0	0.0	0.0	0.0
4857	NOVA1	0.0	0.0	0.0	0.0	0.0
4856	CCN3	0.0	0.0	0.0	0.0	0.0
4855	NOTCH4	0.0	0.0	0.0	0.0	0.0
4854	NOTCH3	0.0	0.0	0.0	0.0	0.0
4853	NOTCH2	0.0	0.0	0.0	0.0	0.0
4852	NPY	0.0	0.0	0.0	0.0	0.0
4851	NOTCH1	0.0	0.0	0.0	0.0	0.0
4850	CNOT4	0.0	0.0	0.0	0.0	0.0
4849	CNOT3	0.0	0.0	0.0	0.0	0.0
4848	CNOT2	0.0	0.0	0.0	0.0	0.0
4846	NOS3	0.0	0.0	0.0	0.0	0.0
4843	NOS2	0.0	0.0	0.0	0.0	0.0
4842	NOS1	0.0	0.0	0.0	0.0	0.0
4839	NOP2	0.0	0.0	0.0	0.0	0.0
4836	NMT1	0.0	0.0	0.0	0.0	0.0
4835	NQO2	0.0	0.0	0.0	0.0	0.0
4892	NRAP	0.0	0.0	0.0	0.0	0.0
4891	SLC11A2	0.0	0.0	0.0	0.0	0.0
4889	NPY5R	0.0	0.0	0.0	0.0	0.0
4888	NPY6RP	0.0	0.0	0.0	0.0	0.0
4886	NPY1R	0.0	0.0	0.0	0.0	0.0
4884	NPTX1	0.0	0.0	0.0	0.0	0.0
4883	NPR3	0.0	0.0	0.0	0.0	0.0
4882	NPR2	0.0	0.0	0.0	0.0	0.0
4881	NPR1	0.0	0.0	0.0	0.0	0.0
4869	NPM1	0.0	0.0	0.0	0.0	0.0
4864	NPC1	0.0	0.0	0.0	0.0	0.0
4863	NPAT	0.0	0.0	0.0	0.0	0.0
4862	NPAS2	0.0	0.0	0.0	0.0	0.0
4861	NPAS1	0.0	0.0	0.0	0.0	0.0
4860	PNP	0.0	0.0	0.0	0.0	0.0
4858	NOVA2	0.0	0.0	0.0	0.0	0.0
4924	NUCB1	0.0	0.0	0.0	0.0	0.0
4923	NTSR1	0.0	0.0	0.0	0.0	0.0
4921	DDR2	0.0	0.0	0.0	0.0	0.0
4920	ROR2	0.0	0.0	0.0	0.0	0.0
4919	ROR1	0.0	0.0	0.0	0.0	0.0
4917	NTN3	0.0	0.0	0.0	0.0	0.0
4916	NTRK3	0.0	0.0	0.0	0.0	0.0
4915	NTRK2	0.0	0.0	0.0	0.0	0.0
4914	NTRK1	0.0	0.0	0.0	0.0	0.0
4913	NTHL1	0.0	0.0	0.0	0.0	0.0
4908	NTF3	0.0	0.0	0.0	0.0	0.0
4907	NT5E	0.0	0.0	0.0	0.0	0.0
4902	NRTN	0.0	0.0	0.0	0.0	0.0
4900	NRGN	0.0	0.0	0.0	0.0	0.0
4897	NRCAM	0.0	0.0	0.0	0.0	0.0
4893	NRAS	0.0	0.0	0.0	0.0	0.0
4957	ODF2	0.0	0.0	0.0	0.0	0.0
4953	ODC1	0.0	0.0	0.0	0.0	0.0
4952	OCRL	0.0	0.0	0.0	0.0	0.0
4948	OCA2	0.0	0.0	0.0	0.0	0.0
4947	OAZ2	0.0	0.0	0.0	0.0	0.0
4946	OAZ1	0.0	0.0	0.0	0.0	0.0
4942	OAT	0.0	0.0	0.0	0.0	0.0
4940	OAS3	0.0	0.0	0.0	0.0	0.0
4938	OAS1	0.0	0.0	0.0	0.0	0.0
4935	GPR143	0.0	0.0	0.0	0.0	0.0
4931	NVL	0.0	0.0	0.0	0.0	0.0
4929	NR4A2	0.0	0.0	0.0	0.0	0.0
4928	NUP98	0.0	0.0	0.0	0.0	0.0
4927	NUP88	0.0	0.0	0.0	0.0	0.0
4926	NUMA1	0.0	0.0	0.0	0.0	0.0
4925	NUCB2	0.0	0.0	0.0	0.0	0.0
3614	IMPDH1	0.0	0.0	0.0	0.0	0.0
3613	IMPA2	0.0	0.0	0.0	0.0	0.0
3612	IMPA1	0.0	0.0	0.0	0.0	0.0
3611	ILK	0.0	0.0	0.0	0.0	0.0
3609	ILF3	0.0	0.0	0.0	0.0	0.0
3608	ILF2	0.0	0.0	0.0	0.0	0.0
3607	FOXK2	0.0	0.0	0.0	0.0	0.0
3606	IL18	0.0	0.0	0.0	0.0	0.0
3604	TNFRSF9	0.0	0.0	0.0	0.0	0.0
3603	IL16	0.0	0.0	0.0	0.0	0.0
3601	IL15RA	0.0	0.0	0.0	0.0	0.0
3600	IL15	0.0	0.0	0.0	0.0	0.0
4973	OLR1	0.0	0.0	0.0	0.0	0.0
4969	OGN	0.0	0.0	0.0	0.0	0.0
4968	OGG1	0.0	0.0	0.0	0.0	0.0
4967	OGDH	0.0	0.0	0.0	0.0	0.0
5020	OXT	0.0	0.0	0.0	0.0	0.0
5019	OXCT1	0.0	0.0	0.0	0.0	0.0
5018	OXA1L	0.0	0.0	0.0	0.0	0.0
5016	OVGP1	0.0	0.0	0.0	0.0	0.0
5010	CLDN11	0.0	0.0	0.0	0.0	0.0
5008	OSM	0.0	0.0	0.0	0.0	0.0
5007	OSBP	0.0	0.0	0.0	0.0	0.0
5003	SLC67A1-AS	0.0	0.0	0.0	0.0	0.0
5002	SLC67A1	0.0	0.0	0.0	0.0	0.0
5000	ORC4	0.0	0.0	0.0	0.0	0.0
4999	ORC2	0.0	0.0	0.0	0.0	0.0
4998	ORC1	0.0	0.0	0.0	0.0	0.0
4987	OPRL1	0.0	0.0	0.0	0.0	0.0
4982	TNFRSF11B	0.0	0.0	0.0	0.0	0.0
4976	OPA1	0.0	0.0	0.0	0.0	0.0
3619	INCENP	0.0	0.0	0.0	0.0	0.0
5052	PRDX1	0.0	0.0	0.0	0.0	0.0
5051	PAFAH2	0.0	0.0	0.0	0.0	0.0
5049	PAFAH1B2	0.0	0.0	0.0	0.0	0.0
5048	PAFAH1B1	0.0	0.0	0.0	0.0	0.0
5037	PEBP1	0.0	0.0	0.0	0.0	0.0
5036	PA2G4	0.0	0.0	0.0	0.0	0.0
5034	P4HB	0.0	0.0	0.0	0.0	0.0
5033	P4HA1	0.0	0.0	0.0	0.0	0.0
5031	P2RY6	0.0	0.0	0.0	0.0	0.0
5029	P2RY2	0.0	0.0	0.0	0.0	0.0
5028	P2RY1	0.0	0.0	0.0	0.0	0.0
5027	P2RX7	0.0	0.0	0.0	0.0	0.0
5026	P2RX5	0.0	0.0	0.0	0.0	0.0
5025	P2RX4	0.0	0.0	0.0	0.0	0.0
5023	P2RX1	0.0	0.0	0.0	0.0	0.0
5021	OXTR	0.0	0.0	0.0	0.0	0.0
5099	PCDH7	0.0	0.0	0.0	0.0	0.0
5097	PCDH1	0.0	0.0	0.0	0.0	0.0
5096	PCCB	0.0	0.0	0.0	0.0	0.0
5094	PCBP2	0.0	0.0	0.0	0.0	0.0
5093	PCBP1	0.0	0.0	0.0	0.0	0.0
5092	PCBD1	0.0	0.0	0.0	0.0	0.0
5091	PC	0.0	0.0	0.0	0.0	0.0
5090	PBX3	0.0	0.0	0.0	0.0	0.0
5087	PBX1	0.0	0.0	0.0	0.0	0.0
5082	PDCL	0.0	0.0	0.0	0.0	0.0
5079	PAX5	0.0	0.0	0.0	0.0	0.0
5076	PAX2	0.0	0.0	0.0	0.0	0.0
5073	PARN	0.0	0.0	0.0	0.0	0.0
5069	PAPPA	0.0	0.0	0.0	0.0	0.0
5066	PAM	0.0	0.0	0.0	0.0	0.0
5058	PAK1	0.0	0.0	0.0	0.0	0.0
5134	PDCD2	0.0	0.0	0.0	0.0	0.0
5133	PDCD1	0.0	0.0	0.0	0.0	0.0
5128	CDK17	0.0	0.0	0.0	0.0	0.0
5127	CDK16	0.0	0.0	0.0	0.0	0.0
5125	PCSK5	0.0	0.0	0.0	0.0	0.0
5122	PCSK1	0.0	0.0	0.0	0.0	0.0
5121	PCP4	0.0	0.0	0.0	0.0	0.0
5119	CHMP1A	0.0	0.0	0.0	0.0	0.0
5118	PCOLCE	0.0	0.0	0.0	0.0	0.0
5116	PCNT	0.0	0.0	0.0	0.0	0.0
5111	PCNA	0.0	0.0	0.0	0.0	0.0
5110	PCMT1	0.0	0.0	0.0	0.0	0.0
5108	PCM1	0.0	0.0	0.0	0.0	0.0
5106	PCK2	0.0	0.0	0.0	0.0	0.0
5105	PCK1	0.0	0.0	0.0	0.0	0.0
5104	SERPINA5	0.0	0.0	0.0	0.0	0.0
5139	PDE3A	0.0	0.0	0.0	0.0	0.0
3598	IL13RA2	0.0	0.0	0.0	0.0	0.0
3597	IL13RA1	0.0	0.0	0.0	0.0	0.0
3595	IL12RB2	0.0	0.0	0.0	0.0	0.0
3594	IL12RB1	0.0	0.0	0.0	0.0	0.0
3590	IL11RA	0.0	0.0	0.0	0.0	0.0
3589	IL11	0.0	0.0	0.0	0.0	0.0
3588	IL10RB	0.0	0.0	0.0	0.0	0.0
3579	CXCR2	0.0	0.0	0.0	0.0	0.0
3577	CXCR1	0.0	0.0	0.0	0.0	0.0
3576	CXCL8	0.0	0.0	0.0	0.0	0.0
3574	IL7	0.0	0.0	0.0	0.0	0.0
3572	IL6ST	0.0	0.0	0.0	0.0	0.0
3570	IL6R	0.0	0.0	0.0	0.0	0.0
3569	IL6	0.0	0.0	0.0	0.0	0.0
5136	PDE1A	0.0	0.0	0.0	0.0	0.0
5166	PDK4	0.0	0.0	0.0	0.0	0.0
5165	PDK3	0.0	0.0	0.0	0.0	0.0
5164	PDK2	0.0	0.0	0.0	0.0	0.0
5162	PDHB	0.0	0.0	0.0	0.0	0.0
5160	PDHA1	0.0	0.0	0.0	0.0	0.0
5159	PDGFRB	0.0	0.0	0.0	0.0	0.0
5158	PDE6B	0.0	0.0	0.0	0.0	0.0
5157	PDGFRL	0.0	0.0	0.0	0.0	0.0
5155	PDGFB	0.0	0.0	0.0	0.0	0.0
5154	PDGFA	0.0	0.0	0.0	0.0	0.0
5152	PDE9A	0.0	0.0	0.0	0.0	0.0
5151	PDE8A	0.0	0.0	0.0	0.0	0.0
5148	PDE6G	0.0	0.0	0.0	0.0	0.0
5147	PDE6D	0.0	0.0	0.0	0.0	0.0
5142	PDE4B	0.0	0.0	0.0	0.0	0.0
5141	PDE4A	0.0	0.0	0.0	0.0	0.0
5199	CFP	0.0	0.0	0.0	0.0	0.0
5198	PFAS	0.0	0.0	0.0	0.0	0.0
5196	PF4	0.0	0.0	0.0	0.0	0.0
5195	PEX14	0.0	0.0	0.0	0.0	0.0
5194	PEX13	0.0	0.0	0.0	0.0	0.0
5193	PEX12	0.0	0.0	0.0	0.0	0.0
5192	PEX10	0.0	0.0	0.0	0.0	0.0
5191	PEX7	0.0	0.0	0.0	0.0	0.0
5189	PEX1	0.0	0.0	0.0	0.0	0.0
5188	GATB	0.0	0.0	0.0	0.0	0.0
5184	PEPD	0.0	0.0	0.0	0.0	0.0
5175	PECAM1	0.0	0.0	0.0	0.0	0.0
5172	SLC26A4	0.0	0.0	0.0	0.0	0.0
5170	PDPK1	0.0	0.0	0.0	0.0	0.0
5168	ENPP2	0.0	0.0	0.0	0.0	0.0
5167	ENPP1	0.0	0.0	0.0	0.0	0.0
3566	IL4R	0.0	0.0	0.0	0.0	0.0
3561	IL2RG	0.0	0.0	0.0	0.0	0.0
3560	IL2RB	0.0	0.0	0.0	0.0	0.0
3559	IL2RA	0.0	0.0	0.0	0.0	0.0
3556	IL1RAP	0.0	0.0	0.0	0.0	0.0
3554	IL1R1	0.0	0.0	0.0	0.0	0.0
3553	IL1B	0.0	0.0	0.0	0.0	0.0
3549	IHH	0.0	0.0	0.0	0.0	0.0
3547	IGSF1	0.0	0.0	0.0	0.0	0.0
3516	RBPJ	0.0	0.0	0.0	0.0	0.0
3508	IGHMBP2	0.0	0.0	0.0	0.0	0.0
5208	PFKFB2	0.0	0.0	0.0	0.0	0.0
5204	PFDN5	0.0	0.0	0.0	0.0	0.0
5203	PFDN4	0.0	0.0	0.0	0.0	0.0
5202	PFDN2	0.0	0.0	0.0	0.0	0.0
5201	PFDN1	0.0	0.0	0.0	0.0	0.0
5250	SLC25A3	0.0	0.0	0.0	0.0	0.0
5245	PHB1	0.0	0.0	0.0	0.0	0.0
5244	ABCB4	0.0	0.0	0.0	0.0	0.0
5243	ABCB1	0.0	0.0	0.0	0.0	0.0
5241	PGR	0.0	0.0	0.0	0.0	0.0
5239	PGM5	0.0	0.0	0.0	0.0	0.0
5238	PGM3	0.0	0.0	0.0	0.0	0.0
5236	PGM1	0.0	0.0	0.0	0.0	0.0
5229	PGGT1B	0.0	0.0	0.0	0.0	0.0
5228	PGF	0.0	0.0	0.0	0.0	0.0
5218	CDK14	0.0	0.0	0.0	0.0	0.0
5217	PFN2	0.0	0.0	0.0	0.0	0.0
5213	PFKM	0.0	0.0	0.0	0.0	0.0
5210	PFKFB4	0.0	0.0	0.0	0.0	0.0
5209	PFKFB3	0.0	0.0	0.0	0.0	0.0
3568	IL5RA	0.0	0.0	0.0	0.0	0.0
5283	PIGH	0.0	0.0	0.0	0.0	0.0
5281	PIGF	0.0	0.0	0.0	0.0	0.0
5277	PIGA	0.0	0.0	0.0	0.0	0.0
5274	SERPINI1	0.0	0.0	0.0	0.0	0.0
5271	SERPINB8	0.0	0.0	0.0	0.0	0.0
5269	SERPINB6	0.0	0.0	0.0	0.0	0.0
5266	PI3	0.0	0.0	0.0	0.0	0.0
5265	SERPINA1	0.0	0.0	0.0	0.0	0.0
5264	PHYH	0.0	0.0	0.0	0.0	0.0
5261	PHKG2	0.0	0.0	0.0	0.0	0.0
5257	PHKB	0.0	0.0	0.0	0.0	0.0
5256	PHKA2	0.0	0.0	0.0	0.0	0.0
5255	PHKA1	0.0	0.0	0.0	0.0	0.0
5253	PHF2	0.0	0.0	0.0	0.0	0.0
5252	PHF1	0.0	0.0	0.0	0.0	0.0
5251	PHEX	0.0	0.0	0.0	0.0	0.0
3490	IGFBP7	0.0	0.0	0.0	0.0	0.0
3487	IGFBP4	0.0	0.0	0.0	0.0	0.0
3486	IGFBP3	0.0	0.0	0.0	0.0	0.0
3485	IGFBP2	0.0	0.0	0.0	0.0	0.0
3482	IGF2R	0.0	0.0	0.0	0.0	0.0
3479	IGF1	0.0	0.0	0.0	0.0	0.0
3476	IGBP1	0.0	0.0	0.0	0.0	0.0
3475	IFRD1	0.0	0.0	0.0	0.0	0.0
3460	IFNGR2	0.0	0.0	0.0	0.0	0.0
3455	IFNAR2	0.0	0.0	0.0	0.0	0.0
5292	PIM1	0.0	0.0	0.0	0.0	0.0
5290	PIK3CA	0.0	0.0	0.0	0.0	0.0
5289	PIK3C3	0.0	0.0	0.0	0.0	0.0
5287	PIK3C2B	0.0	0.0	0.0	0.0	0.0
5286	PIK3C2A	0.0	0.0	0.0	0.0	0.0
5284	PIGR	0.0	0.0	0.0	0.0	0.0
5320	PLA2G2A	0.0	0.0	0.0	0.0	0.0
5318	PKP2	0.0	0.0	0.0	0.0	0.0
5317	PKP1	0.0	0.0	0.0	0.0	0.0
5316	PKNOX1	0.0	0.0	0.0	0.0	0.0
5315	PKM	0.0	0.0	0.0	0.0	0.0
5311	PKD2	0.0	0.0	0.0	0.0	0.0
5308	PITX2	0.0	0.0	0.0	0.0	0.0
5306	PITPNA	0.0	0.0	0.0	0.0	0.0
5305	PIP4K2A	0.0	0.0	0.0	0.0	0.0
5303	PIN4	0.0	0.0	0.0	0.0	0.0
5300	PIN1	0.0	0.0	0.0	0.0	0.0
5298	PI4KB	0.0	0.0	0.0	0.0	0.0
5297	PI4KA	0.0	0.0	0.0	0.0	0.0
5296	PIK3R2	0.0	0.0	0.0	0.0	0.0
5295	PIK3R1	0.0	0.0	0.0	0.0	0.0
5294	PIK3CG	0.0	0.0	0.0	0.0	0.0
5345	SERPINF2	0.0	0.0	0.0	0.0	0.0
5340	PLG	0.0	0.0	0.0	0.0	0.0
5339	PLEC	0.0	0.0	0.0	0.0	0.0
5338	PLD2	0.0	0.0	0.0	0.0	0.0
5337	PLD1	0.0	0.0	0.0	0.0	0.0
5336	PLCG2	0.0	0.0	0.0	0.0	0.0
5335	PLCG1	0.0	0.0	0.0	0.0	0.0
5334	PLCL1	0.0	0.0	0.0	0.0	0.0
5333	PLCD1	0.0	0.0	0.0	0.0	0.0
5331	PLCB3	0.0	0.0	0.0	0.0	0.0
5330	PLCB2	0.0	0.0	0.0	0.0	0.0
5329	PLAUR	0.0	0.0	0.0	0.0	0.0
5328	PLAU	0.0	0.0	0.0	0.0	0.0
5327	PLAT	0.0	0.0	0.0	0.0	0.0
5325	PLAGL1	0.0	0.0	0.0	0.0	0.0
5324	PLAG1	0.0	0.0	0.0	0.0	0.0
5376	PMP22	0.0	0.0	0.0	0.0	0.0
5373	PMM2	0.0	0.0	0.0	0.0	0.0
5372	PMM1	0.0	0.0	0.0	0.0	0.0
5371	PML	0.0	0.0	0.0	0.0	0.0
5368	PNOC	0.0	0.0	0.0	0.0	0.0
5362	PLXNA2	0.0	0.0	0.0	0.0	0.0
5361	PLXNA1	0.0	0.0	0.0	0.0	0.0
5358	PLS3	0.0	0.0	0.0	0.0	0.0
5357	PLS1	0.0	0.0	0.0	0.0	0.0
5354	PLP1	0.0	0.0	0.0	0.0	0.0
5352	PLOD2	0.0	0.0	0.0	0.0	0.0
5351	PLOD1	0.0	0.0	0.0	0.0	0.0
5350	PLN	0.0	0.0	0.0	0.0	0.0
5349	FXYD3	0.0	0.0	0.0	0.0	0.0
5348	FXYD1	0.0	0.0	0.0	0.0	0.0
5347	PLK1	0.0	0.0	0.0	0.0	0.0
5396	PRRX1	0.0	0.0	0.0	0.0	0.0
3454	IFNAR1	0.0	0.0	0.0	0.0	0.0
3437	IFIT3	0.0	0.0	0.0	0.0	0.0
3434	IFIT1	0.0	0.0	0.0	0.0	0.0
3429	IFI27	0.0	0.0	0.0	0.0	0.0
3426	CFI	0.0	0.0	0.0	0.0	0.0
3425	IDUA	0.0	0.0	0.0	0.0	0.0
3423	IDS	0.0	0.0	0.0	0.0	0.0
3421	IDH3G	0.0	0.0	0.0	0.0	0.0
3420	IDH3B	0.0	0.0	0.0	0.0	0.0
3419	IDH3A	0.0	0.0	0.0	0.0	0.0
3418	IDH2	0.0	0.0	0.0	0.0	0.0
5394	EXOSC10	0.0	0.0	0.0	0.0	0.0
5393	EXOSC9	0.0	0.0	0.0	0.0	0.0
5379	PMS2P1	0.0	0.0	0.0	0.0	0.0
5378	PMS1	0.0	0.0	0.0	0.0	0.0
5439	POLR2J	0.0	0.0	0.0	0.0	0.0
5438	POLR2I	0.0	0.0	0.0	0.0	0.0
5436	POLR2G	0.0	0.0	0.0	0.0	0.0
5435	POLR2F	0.0	0.0	0.0	0.0	0.0
5434	POLR2E	0.0	0.0	0.0	0.0	0.0
5431	POLR2B	0.0	0.0	0.0	0.0	0.0
5430	POLR2A	0.0	0.0	0.0	0.0	0.0
5427	POLE2	0.0	0.0	0.0	0.0	0.0
5426	POLE	0.0	0.0	0.0	0.0	0.0
5425	POLD2	0.0	0.0	0.0	0.0	0.0
5424	POLD1	0.0	0.0	0.0	0.0	0.0
5423	POLB	0.0	0.0	0.0	0.0	0.0
5420	PODXL	0.0	0.0	0.0	0.0	0.0
5414	SEPTIN4	0.0	0.0	0.0	0.0	0.0
5412	UBL3	0.0	0.0	0.0	0.0	0.0
5411	PNN	0.0	0.0	0.0	0.0	0.0
5480	PPIC	0.0	0.0	0.0	0.0	0.0
5476	CTSA	0.0	0.0	0.0	0.0	0.0
5473	PPBP	0.0	0.0	0.0	0.0	0.0
5471	PPAT	0.0	0.0	0.0	0.0	0.0
5469	MED1	0.0	0.0	0.0	0.0	0.0
5468	PPARG	0.0	0.0	0.0	0.0	0.0
5467	PPARD	0.0	0.0	0.0	0.0	0.0
5465	PPARA	0.0	0.0	0.0	0.0	0.0
5464	PPA1	0.0	0.0	0.0	0.0	0.0
5463	POU6F1	0.0	0.0	0.0	0.0	0.0
5456	POU3F4	0.0	0.0	0.0	0.0	0.0
5455	POU3F3	0.0	0.0	0.0	0.0	0.0
5452	POU2F2	0.0	0.0	0.0	0.0	0.0
5446	PON3	0.0	0.0	0.0	0.0	0.0
5441	POLR2L	0.0	0.0	0.0	0.0	0.0
5440	POLR2K	0.0	0.0	0.0	0.0	0.0
5515	PPP2CA	0.0	0.0	0.0	0.0	0.0
5511	PPP1R8	0.0	0.0	0.0	0.0	0.0
5510	PPP1R7	0.0	0.0	0.0	0.0	0.0
5509	PPP1R3D	0.0	0.0	0.0	0.0	0.0
5506	PPP1R3A	0.0	0.0	0.0	0.0	0.0
5504	PPP1R2	0.0	0.0	0.0	0.0	0.0
5502	PPP1R1A	0.0	0.0	0.0	0.0	0.0
5501	PPP1CC	0.0	0.0	0.0	0.0	0.0
5500	PPP1CB	0.0	0.0	0.0	0.0	0.0
5499	PPP1CA	0.0	0.0	0.0	0.0	0.0
5498	PPOX	0.0	0.0	0.0	0.0	0.0
5496	PPM1G	0.0	0.0	0.0	0.0	0.0
5495	PPM1B	0.0	0.0	0.0	0.0	0.0
5494	PPM1A	0.0	0.0	0.0	0.0	0.0
5493	PPL	0.0	0.0	0.0	0.0	0.0
5481	PPID	0.0	0.0	0.0	0.0	0.0
5521	PPP2R2B	0.0	0.0	0.0	0.0	0.0
3417	IDH1	0.0	0.0	0.0	0.0	0.0
3416	IDE	0.0	0.0	0.0	0.0	0.0
3400	ID4	0.0	0.0	0.0	0.0	0.0
3399	ID3	0.0	0.0	0.0	0.0	0.0
3398	ID2	0.0	0.0	0.0	0.0	0.0
3397	ID1	0.0	0.0	0.0	0.0	0.0
3396	MRPL58	0.0	0.0	0.0	0.0	0.0
3386	ICAM4	0.0	0.0	0.0	0.0	0.0
3385	ICAM3	0.0	0.0	0.0	0.0	0.0
3384	ICAM2	0.0	0.0	0.0	0.0	0.0
3376	IARS1	0.0	0.0	0.0	0.0	0.0
3373	HYAL1	0.0	0.0	0.0	0.0	0.0
5520	PPP2R2A	0.0	0.0	0.0	0.0	0.0
5519	PPP2R1B	0.0	0.0	0.0	0.0	0.0
5518	PPP2R1A	0.0	0.0	0.0	0.0	0.0
5557	PRIM1	0.0	0.0	0.0	0.0	0.0
5551	PRF1	0.0	0.0	0.0	0.0	0.0
5549	PRELP	0.0	0.0	0.0	0.0	0.0
5547	PRCP	0.0	0.0	0.0	0.0	0.0
5538	PPT1	0.0	0.0	0.0	0.0	0.0
5537	PPP6C	0.0	0.0	0.0	0.0	0.0
5534	PPP3R1	0.0	0.0	0.0	0.0	0.0
5532	PPP3CB	0.0	0.0	0.0	0.0	0.0
5531	PPP4C	0.0	0.0	0.0	0.0	0.0
5530	PPP3CA	0.0	0.0	0.0	0.0	0.0
5528	PPP2R5D	0.0	0.0	0.0	0.0	0.0
5527	PPP2R5C	0.0	0.0	0.0	0.0	0.0
5526	PPP2R5B	0.0	0.0	0.0	0.0	0.0
5525	PPP2R5A	0.0	0.0	0.0	0.0	0.0
5524	PTPA	0.0	0.0	0.0	0.0	0.0
5523	PPP2R3A	0.0	0.0	0.0	0.0	0.0
5584	PRKCI	0.0	0.0	0.0	0.0	0.0
5583	PRKCH	0.0	0.0	0.0	0.0	0.0
5581	PRKCE	0.0	0.0	0.0	0.0	0.0
5580	PRKCD	0.0	0.0	0.0	0.0	0.0
5578	PRKCA	0.0	0.0	0.0	0.0	0.0
5577	PRKAR2B	0.0	0.0	0.0	0.0	0.0
5576	PRKAR2A	0.0	0.0	0.0	0.0	0.0
5575	PRKAR1B	0.0	0.0	0.0	0.0	0.0
5573	PRKAR1A	0.0	0.0	0.0	0.0	0.0
5571	PRKAG1	0.0	0.0	0.0	0.0	0.0
5569	PKIA	0.0	0.0	0.0	0.0	0.0
5567	PRKACB	0.0	0.0	0.0	0.0	0.0
5566	PRKACA	0.0	0.0	0.0	0.0	0.0
5564	PRKAB1	0.0	0.0	0.0	0.0	0.0
5563	PRKAA2	0.0	0.0	0.0	0.0	0.0
5562	PRKAA1	0.0	0.0	0.0	0.0	0.0
5601	MAPK9	0.0	0.0	0.0	0.0	0.0
5600	MAPK11	0.0	0.0	0.0	0.0	0.0
5598	MAPK7	0.0	0.0	0.0	0.0	0.0
5597	MAPK6	0.0	0.0	0.0	0.0	0.0
5596	MAPK4	0.0	0.0	0.0	0.0	0.0
5595	MAPK3	0.0	0.0	0.0	0.0	0.0
5594	MAPK1	0.0	0.0	0.0	0.0	0.0
5593	PRKG2	0.0	0.0	0.0	0.0	0.0
5592	PRKG1	0.0	0.0	0.0	0.0	0.0
5591	PRKDC	0.0	0.0	0.0	0.0	0.0
5590	PRKCZ	0.0	0.0	0.0	0.0	0.0
5589	PRKCSH	0.0	0.0	0.0	0.0	0.0
5588	PRKCQ	0.0	0.0	0.0	0.0	0.0
5587	PRKD1	0.0	0.0	0.0	0.0	0.0
5586	PKN2	0.0	0.0	0.0	0.0	0.0
5585	PKN1	0.0	0.0	0.0	0.0	0.0
5635	PRPSAP1	0.0	0.0	0.0	0.0	0.0
5634	PRPS2	0.0	0.0	0.0	0.0	0.0
5631	PRPS1	0.0	0.0	0.0	0.0	0.0
5629	PROX1	0.0	0.0	0.0	0.0	0.0
5627	PROS1	0.0	0.0	0.0	0.0	0.0
5624	PROC	0.0	0.0	0.0	0.0	0.0
5621	PRNP	0.0	0.0	0.0	0.0	0.0
5618	PRLR	0.0	0.0	0.0	0.0	0.0
5616	PRKY	0.0	0.0	0.0	0.0	0.0
5611	DNAJC3	0.0	0.0	0.0	0.0	0.0
5610	EIF2AK2	0.0	0.0	0.0	0.0	0.0
5608	MAP2K6	0.0	0.0	0.0	0.0	0.0
5605	MAP2K2	0.0	0.0	0.0	0.0	0.0
5604	MAP2K1	0.0	0.0	0.0	0.0	0.0
5603	MAPK13	0.0	0.0	0.0	0.0	0.0
5602	MAPK10	0.0	0.0	0.0	0.0	0.0
3364	HUS1	0.0	0.0	0.0	0.0	0.0
3363	HTR7	0.0	0.0	0.0	0.0	0.0
3344	FOXN2	0.0	0.0	0.0	0.0	0.0
3340	NDST1	0.0	0.0	0.0	0.0	0.0
3339	HSPG2	0.0	0.0	0.0	0.0	0.0
3338	DNAJC4	0.0	0.0	0.0	0.0	0.0
3337	DNAJB1	0.0	0.0	0.0	0.0	0.0
3326	HSP90AB1	0.0	0.0	0.0	0.0	0.0
3321	IGSF3	0.0	0.0	0.0	0.0	0.0
3320	HSP90AA1	0.0	0.0	0.0	0.0	0.0
3313	HSPA9	0.0	0.0	0.0	0.0	0.0
3310	HSPA6	0.0	0.0	0.0	0.0	0.0
5648	MASP1	0.0	0.0	0.0	0.0	0.0
5641	LGMN	0.0	0.0	0.0	0.0	0.0
5638	PRRG1	0.0	0.0	0.0	0.0	0.0
5636	PRPSAP2	0.0	0.0	0.0	0.0	0.0
5690	PSMB2	0.0	0.0	0.0	0.0	0.0
5688	PSMA7	0.0	0.0	0.0	0.0	0.0
5686	PSMA5	0.0	0.0	0.0	0.0	0.0
5684	PSMA3	0.0	0.0	0.0	0.0	0.0
5683	PSMA2	0.0	0.0	0.0	0.0	0.0
5682	PSMA1	0.0	0.0	0.0	0.0	0.0
5681	PSKH1	0.0	0.0	0.0	0.0	0.0
5672	PSG4	0.0	0.0	0.0	0.0	0.0
5664	PSEN2	0.0	0.0	0.0	0.0	0.0
5663	PSEN1	0.0	0.0	0.0	0.0	0.0
5660	PSAP	0.0	0.0	0.0	0.0	0.0
5654	HTRA1	0.0	0.0	0.0	0.0	0.0
5653	KLK6	0.0	0.0	0.0	0.0	0.0
5652	PRSS8	0.0	0.0	0.0	0.0	0.0
5650	KLK7	0.0	0.0	0.0	0.0	0.0
5649	RELN	0.0	0.0	0.0	0.0	0.0
5713	PSMD7	0.0	0.0	0.0	0.0	0.0
5711	PSMD5	0.0	0.0	0.0	0.0	0.0
5710	PSMD4	0.0	0.0	0.0	0.0	0.0
5709	PSMD3	0.0	0.0	0.0	0.0	0.0
5708	PSMD2	0.0	0.0	0.0	0.0	0.0
5707	PSMD1	0.0	0.0	0.0	0.0	0.0
5705	PSMC5	0.0	0.0	0.0	0.0	0.0
5704	PSMC4	0.0	0.0	0.0	0.0	0.0
5702	PSMC3	0.0	0.0	0.0	0.0	0.0
5701	PSMC2	0.0	0.0	0.0	0.0	0.0
5697	PYY	0.0	0.0	0.0	0.0	0.0
5695	PSMB7	0.0	0.0	0.0	0.0	0.0
5694	PSMB6	0.0	0.0	0.0	0.0	0.0
5693	PSMB5	0.0	0.0	0.0	0.0	0.0
5692	PSMB4	0.0	0.0	0.0	0.0	0.0
5691	PSMB3	0.0	0.0	0.0	0.0	0.0
5737	PTGFR	0.0	0.0	0.0	0.0	0.0
5734	PTGER4	0.0	0.0	0.0	0.0	0.0
5732	PTGER2	0.0	0.0	0.0	0.0	0.0
5731	PTGER1	0.0	0.0	0.0	0.0	0.0
5730	PTGDS	0.0	0.0	0.0	0.0	0.0
5729	PTGDR	0.0	0.0	0.0	0.0	0.0
5728	PTEN	0.0	0.0	0.0	0.0	0.0
5727	PTCH1	0.0	0.0	0.0	0.0	0.0
5724	PTAFR	0.0	0.0	0.0	0.0	0.0
5723	PSPH	0.0	0.0	0.0	0.0	0.0
5720	PSME1	0.0	0.0	0.0	0.0	0.0
5718	PSMD12	0.0	0.0	0.0	0.0	0.0
5717	PSMD11	0.0	0.0	0.0	0.0	0.0
5716	PSMD10	0.0	0.0	0.0	0.0	0.0
5715	PSMD9	0.0	0.0	0.0	0.0	0.0
5714	PSMD8	0.0	0.0	0.0	0.0	0.0
5780	PTPN9	0.0	0.0	0.0	0.0	0.0
5778	PTPN7	0.0	0.0	0.0	0.0	0.0
5777	PTPN6	0.0	0.0	0.0	0.0	0.0
5775	PTPN4	0.0	0.0	0.0	0.0	0.0
5774	PTPN3	0.0	0.0	0.0	0.0	0.0
5771	PTPN2	0.0	0.0	0.0	0.0	0.0
5770	PTPN1	0.0	0.0	0.0	0.0	0.0
5764	PTN	0.0	0.0	0.0	0.0	0.0
5763	PTMS	0.0	0.0	0.0	0.0	0.0
5754	PTK7	0.0	0.0	0.0	0.0	0.0
5753	PTK6	0.0	0.0	0.0	0.0	0.0
5745	PTH1R	0.0	0.0	0.0	0.0	0.0
5744	PTHLH	0.0	0.0	0.0	0.0	0.0
5743	PTGS2	0.0	0.0	0.0	0.0	0.0
5740	PTGIS	0.0	0.0	0.0	0.0	0.0
5739	PTGIR	0.0	0.0	0.0	0.0	0.0
5806	PTX3	0.0	0.0	0.0	0.0	0.0
5805	PTS	0.0	0.0	0.0	0.0	0.0
5802	PTPRS	0.0	0.0	0.0	0.0	0.0
5800	PTPRO	0.0	0.0	0.0	0.0	0.0
5799	PTPRN2	0.0	0.0	0.0	0.0	0.0
5797	PTPRM	0.0	0.0	0.0	0.0	0.0
5796	PTPRK	0.0	0.0	0.0	0.0	0.0
5794	PTPRH	0.0	0.0	0.0	0.0	0.0
5793	PTPRG	0.0	0.0	0.0	0.0	0.0
5792	PTPRF	0.0	0.0	0.0	0.0	0.0
5790	PTPRCAP	0.0	0.0	0.0	0.0	0.0
5786	PTPRA	0.0	0.0	0.0	0.0	0.0
5784	PTPN14	0.0	0.0	0.0	0.0	0.0
5783	PTPN13	0.0	0.0	0.0	0.0	0.0
5782	PTPN12	0.0	0.0	0.0	0.0	0.0
5781	PTPN11	0.0	0.0	0.0	0.0	0.0
3309	HSPA5	0.0	0.0	0.0	0.0	0.0
3308	HSPA4	0.0	0.0	0.0	0.0	0.0
3306	HSPA2	0.0	0.0	0.0	0.0	0.0
3301	DNAJA1	0.0	0.0	0.0	0.0	0.0
3300	DNAJB2	0.0	0.0	0.0	0.0	0.0
3297	HSF1	0.0	0.0	0.0	0.0	0.0
3295	HSD17B4	0.0	0.0	0.0	0.0	0.0
3294	HSD17B2	0.0	0.0	0.0	0.0	0.0
3291	HSD11B2	0.0	0.0	0.0	0.0	0.0
3290	HSD11B1	0.0	0.0	0.0	0.0	0.0
3284	HSD3B2	0.0	0.0	0.0	0.0	0.0
3283	HSD3B1	0.0	0.0	0.0	0.0	0.0
3281	HSBP1	0.0	0.0	0.0	0.0	0.0
3280	HES1	0.0	0.0	0.0	0.0	0.0
5817	PVR	0.0	0.0	0.0	0.0	0.0
5810	RAD1	0.0	0.0	0.0	0.0	0.0
5871	MAP4K2	0.0	0.0	0.0	0.0	0.0
5865	RAB3B	0.0	0.0	0.0	0.0	0.0
5862	RAB2A	0.0	0.0	0.0	0.0	0.0
5861	RAB1A	0.0	0.0	0.0	0.0	0.0
5860	QDPR	0.0	0.0	0.0	0.0	0.0
5858	PZP	0.0	0.0	0.0	0.0	0.0
5837	PYGM	0.0	0.0	0.0	0.0	0.0
5834	PYGB	0.0	0.0	0.0	0.0	0.0
5833	PCYT2	0.0	0.0	0.0	0.0	0.0
5831	PYCR1	0.0	0.0	0.0	0.0	0.0
5829	PXN	0.0	0.0	0.0	0.0	0.0
5828	PEX2	0.0	0.0	0.0	0.0	0.0
5826	ABCD4	0.0	0.0	0.0	0.0	0.0
5825	ABCD3	0.0	0.0	0.0	0.0	0.0
5824	PEX19	0.0	0.0	0.0	0.0	0.0
5819	NECTIN2	0.0	0.0	0.0	0.0	0.0
5899	RALB	0.0	0.0	0.0	0.0	0.0
5898	RALA	0.0	0.0	0.0	0.0	0.0
5896	RAG1	0.0	0.0	0.0	0.0	0.0
5894	RAF1	0.0	0.0	0.0	0.0	0.0
5892	RAD51D	0.0	0.0	0.0	0.0	0.0
5891	MOK	0.0	0.0	0.0	0.0	0.0
5889	RAD51C	0.0	0.0	0.0	0.0	0.0
5887	RAD23B	0.0	0.0	0.0	0.0	0.0
5886	RAD23A	0.0	0.0	0.0	0.0	0.0
5884	RAD17	0.0	0.0	0.0	0.0	0.0
5880	RAC2	0.0	0.0	0.0	0.0	0.0
5879	RAC1	0.0	0.0	0.0	0.0	0.0
5878	RAB5C	0.0	0.0	0.0	0.0	0.0
5877	RABIF	0.0	0.0	0.0	0.0	0.0
5875	RABGGTA	0.0	0.0	0.0	0.0	0.0
5873	RAB27A	0.0	0.0	0.0	0.0	0.0
3275	PRMT2	0.0	0.0	0.0	0.0	0.0
3274	HRH2	0.0	0.0	0.0	0.0	0.0
3270	HRC	0.0	0.0	0.0	0.0	0.0
3268	AGFG2	0.0	0.0	0.0	0.0	0.0
3267	AGFG1	0.0	0.0	0.0	0.0	0.0
3265	HRAS	0.0	0.0	0.0	0.0	0.0
3251	HPRT1	0.0	0.0	0.0	0.0	0.0
3250	HPR	0.0	0.0	0.0	0.0	0.0
3249	HPN	0.0	0.0	0.0	0.0	0.0
3248	HPGD	0.0	0.0	0.0	0.0	0.0
3242	HPD	0.0	0.0	0.0	0.0	0.0
3241	HPCAL1	0.0	0.0	0.0	0.0	0.0
3240	HP	0.0	0.0	0.0	0.0	0.0
5903	RANBP2	0.0	0.0	0.0	0.0	0.0
5902	RANBP1	0.0	0.0	0.0	0.0	0.0
5900	RALGDS	0.0	0.0	0.0	0.0	0.0
5929	RBBP5	0.0	0.0	0.0	0.0	0.0
5927	KDM5A	0.0	0.0	0.0	0.0	0.0
5926	ARID4A	0.0	0.0	0.0	0.0	0.0
5923	RASGRF1	0.0	0.0	0.0	0.0	0.0
5921	RASA1	0.0	0.0	0.0	0.0	0.0
5919	RARRES2	0.0	0.0	0.0	0.0	0.0
5917	RARS1	0.0	0.0	0.0	0.0	0.0
5916	RARG	0.0	0.0	0.0	0.0	0.0
5915	RARB	0.0	0.0	0.0	0.0	0.0
5914	RARA	0.0	0.0	0.0	0.0	0.0
5913	RAPSN	0.0	0.0	0.0	0.0	0.0
5910	RAP1GDS1	0.0	0.0	0.0	0.0	0.0
5909	RAP1GAP	0.0	0.0	0.0	0.0	0.0
5906	RAP1A	0.0	0.0	0.0	0.0	0.0
5905	RANGAP1	0.0	0.0	0.0	0.0	0.0
3276	PRMT1	0.0	0.0	0.0	0.0	0.0
5976	UPF1	0.0	0.0	0.0	0.0	0.0
5972	REN	0.0	0.0	0.0	0.0	0.0
5971	RELB	0.0	0.0	0.0	0.0	0.0
5970	RELA	0.0	0.0	0.0	0.0	0.0
5966	REL	0.0	0.0	0.0	0.0	0.0
5965	RECQL	0.0	0.0	0.0	0.0	0.0
5962	RDX	0.0	0.0	0.0	0.0	0.0
5961	PRPH2	0.0	0.0	0.0	0.0	0.0
5955	RCN2	0.0	0.0	0.0	0.0	0.0
5947	RBP1	0.0	0.0	0.0	0.0	0.0
5939	RBMS2	0.0	0.0	0.0	0.0	0.0
5935	RBM3	0.0	0.0	0.0	0.0	0.0
5934	RBL2	0.0	0.0	0.0	0.0	0.0
5933	RBL1	0.0	0.0	0.0	0.0	0.0
5931	RBBP7	0.0	0.0	0.0	0.0	0.0
5930	RBBP6	0.0	0.0	0.0	0.0	0.0
6002	RGS12	0.0	0.0	0.0	0.0	0.0
6001	RGS10	0.0	0.0	0.0	0.0	0.0
5998	RGS3	0.0	0.0	0.0	0.0	0.0
5997	RGS2	0.0	0.0	0.0	0.0	0.0
5994	RFXAP	0.0	0.0	0.0	0.0	0.0
5993	RFX5	0.0	0.0	0.0	0.0	0.0
5991	RFX3	0.0	0.0	0.0	0.0	0.0
5989	RFX1	0.0	0.0	0.0	0.0	0.0
5986	RFNG	0.0	0.0	0.0	0.0	0.0
5985	RFC5	0.0	0.0	0.0	0.0	0.0
5984	RFC4	0.0	0.0	0.0	0.0	0.0
5982	RFC2	0.0	0.0	0.0	0.0	0.0
5981	RFC1	0.0	0.0	0.0	0.0	0.0
5980	REV3L	0.0	0.0	0.0	0.0	0.0
5979	RET	0.0	0.0	0.0	0.0	0.0
5977	DPF2	0.0	0.0	0.0	0.0	0.0
6009	RHEB	0.0	0.0	0.0	0.0	0.0
3237	HOXD11	0.0	0.0	0.0	0.0	0.0
3236	HOXD10	0.0	0.0	0.0	0.0	0.0
3235	HOXD9	0.0	0.0	0.0	0.0	0.0
3231	HOXD1	0.0	0.0	0.0	0.0	0.0
3226	HOXC10	0.0	0.0	0.0	0.0	0.0
3222	HOXC5	0.0	0.0	0.0	0.0	0.0
3221	HOXC4	0.0	0.0	0.0	0.0	0.0
3219	HOXB9	0.0	0.0	0.0	0.0	0.0
3217	HOXB7	0.0	0.0	0.0	0.0	0.0
3216	HOXB6	0.0	0.0	0.0	0.0	0.0
3215	HOXB5	0.0	0.0	0.0	0.0	0.0
3212	HOXB2	0.0	0.0	0.0	0.0	0.0
3207	HOXA11	0.0	0.0	0.0	0.0	0.0
6007	RHD	0.0	0.0	0.0	0.0	0.0
6004	RGS16	0.0	0.0	0.0	0.0	0.0
6098	ROS1	0.0	0.0	0.0	0.0	0.0
6097	RORC	0.0	0.0	0.0	0.0	0.0
6096	RORB	0.0	0.0	0.0	0.0	0.0
6095	RORA	0.0	0.0	0.0	0.0	0.0
6093	ROCK1	0.0	0.0	0.0	0.0	0.0
6091	ROBO1	0.0	0.0	0.0	0.0	0.0
6059	ABCE1	0.0	0.0	0.0	0.0	0.0
6050	RNH1	0.0	0.0	0.0	0.0	0.0
6049	RNF6	0.0	0.0	0.0	0.0	0.0
6047	RNF4	0.0	0.0	0.0	0.0	0.0
6046	BRD2	0.0	0.0	0.0	0.0	0.0
6045	RNF2	0.0	0.0	0.0	0.0	0.0
6041	RNASEL	0.0	0.0	0.0	0.0	0.0
6035	RNASE1	0.0	0.0	0.0	0.0	0.0
6018	RLF	0.0	0.0	0.0	0.0	0.0
6016	RIT1	0.0	0.0	0.0	0.0	0.0
6184	RPN1	0.0	0.0	0.0	0.0	0.0
6182	MRPL12	0.0	0.0	0.0	0.0	0.0
6169	RPL38	0.0	0.0	0.0	0.0	0.0
6168	RPL37A	0.0	0.0	0.0	0.0	0.0
6165	RPL35A	0.0	0.0	0.0	0.0	0.0
6160	RPL31	0.0	0.0	0.0	0.0	0.0
6156	RPL30	0.0	0.0	0.0	0.0	0.0
6150	MRPL23	0.0	0.0	0.0	0.0	0.0
6146	RPL22	0.0	0.0	0.0	0.0	0.0
6138	RPL15	0.0	0.0	0.0	0.0	0.0
6135	RPL11	0.0	0.0	0.0	0.0	0.0
6132	RPL8	0.0	0.0	0.0	0.0	0.0
6123	RPL3L	0.0	0.0	0.0	0.0	0.0
6118	RPA2	0.0	0.0	0.0	0.0	0.0
6103	RPGR	0.0	0.0	0.0	0.0	0.0
6102	RP2	0.0	0.0	0.0	0.0	0.0
3204	HOXA7	0.0	0.0	0.0	0.0	0.0
3202	HOXA5	0.0	0.0	0.0	0.0	0.0
3199	HOXA2	0.0	0.0	0.0	0.0	0.0
3192	HNRNPU	0.0	0.0	0.0	0.0	0.0
3191	HNRNPL	0.0	0.0	0.0	0.0	0.0
3189	HNRNPH3	0.0	0.0	0.0	0.0	0.0
3187	HNRNPH1	0.0	0.0	0.0	0.0	0.0
3185	HNRNPF	0.0	0.0	0.0	0.0	0.0
3184	HNRNPD	0.0	0.0	0.0	0.0	0.0
3181	HNRNPA2B1	0.0	0.0	0.0	0.0	0.0
6199	RPS6KB2	0.0	0.0	0.0	0.0	0.0
6198	RPS6KB1	0.0	0.0	0.0	0.0	0.0
6196	RPS6KA2	0.0	0.0	0.0	0.0	0.0
6195	RPS6KA1	0.0	0.0	0.0	0.0	0.0
6192	RPS4Y1	0.0	0.0	0.0	0.0	0.0
6185	RPN2	0.0	0.0	0.0	0.0	0.0
6262	RYR2	0.0	0.0	0.0	0.0	0.0
6261	RYR1	0.0	0.0	0.0	0.0	0.0
6259	RYK	0.0	0.0	0.0	0.0	0.0
6253	RTN2	0.0	0.0	0.0	0.0	0.0
6252	RTN1	0.0	0.0	0.0	0.0	0.0
6249	CLIP1	0.0	0.0	0.0	0.0	0.0
6239	RREB1	0.0	0.0	0.0	0.0	0.0
6238	RRBP1	0.0	0.0	0.0	0.0	0.0
6237	RRAS	0.0	0.0	0.0	0.0	0.0
6229	RPS24	0.0	0.0	0.0	0.0	0.0
6228	RPS23	0.0	0.0	0.0	0.0	0.0
6227	RPS21	0.0	0.0	0.0	0.0	0.0
6223	RPS19	0.0	0.0	0.0	0.0	0.0
6217	RPS16	0.0	0.0	0.0	0.0	0.0
6208	RPS14	0.0	0.0	0.0	0.0	0.0
3206	HOXA10	0.0	0.0	0.0	0.0	0.0
6297	SALL2	0.0	0.0	0.0	0.0	0.0
6296	ACSM3	0.0	0.0	0.0	0.0	0.0
6294	SAFB	0.0	0.0	0.0	0.0	0.0
6285	S100B	0.0	0.0	0.0	0.0	0.0
6284	S100A13	0.0	0.0	0.0	0.0	0.0
6282	S100A11	0.0	0.0	0.0	0.0	0.0
6281	S100A10	0.0	0.0	0.0	0.0	0.0
6280	S100A9	0.0	0.0	0.0	0.0	0.0
6279	S100A8	0.0	0.0	0.0	0.0	0.0
6277	S100A6	0.0	0.0	0.0	0.0	0.0
6275	S100A4	0.0	0.0	0.0	0.0	0.0
6274	S100A3	0.0	0.0	0.0	0.0	0.0
6273	S100A2	0.0	0.0	0.0	0.0	0.0
6272	SORT1	0.0	0.0	0.0	0.0	0.0
6271	S100A1	0.0	0.0	0.0	0.0	0.0
6263	RYR3	0.0	0.0	0.0	0.0	0.0
6327	SCN2B	0.0	0.0	0.0	0.0	0.0
6324	SCN1B	0.0	0.0	0.0	0.0	0.0
6323	SCN1A	0.0	0.0	0.0	0.0	0.0
6322	SCML1	0.0	0.0	0.0	0.0	0.0
6320	CLEC11A	0.0	0.0	0.0	0.0	0.0
6314	ATXN7	0.0	0.0	0.0	0.0	0.0
6311	ATXN2	0.0	0.0	0.0	0.0	0.0
6310	ATXN1	0.0	0.0	0.0	0.0	0.0
6307	MSMO1	0.0	0.0	0.0	0.0	0.0
6305	SBF1	0.0	0.0	0.0	0.0	0.0
6304	SATB1	0.0	0.0	0.0	0.0	0.0
6303	SAT1	0.0	0.0	0.0	0.0	0.0
6302	TSPAN31	0.0	0.0	0.0	0.0	0.0
6301	SARS1	0.0	0.0	0.0	0.0	0.0
6300	MAPK12	0.0	0.0	0.0	0.0	0.0
6299	SALL1	0.0	0.0	0.0	0.0	0.0
3162	HMOX1	0.0	0.0	0.0	0.0	0.0
3158	HMGCS2	0.0	0.0	0.0	0.0	0.0
3157	HMGCS1	0.0	0.0	0.0	0.0	0.0
3156	HMGCR	0.0	0.0	0.0	0.0	0.0
3155	HMGCL	0.0	0.0	0.0	0.0	0.0
3148	HMGB2	0.0	0.0	0.0	0.0	0.0
3145	HMBS	0.0	0.0	0.0	0.0	0.0
3142	HLX	0.0	0.0	0.0	0.0	0.0
3141	HLCS	0.0	0.0	0.0	0.0	0.0
6343	SCT	0.0	0.0	0.0	0.0	0.0
6342	SCP2	0.0	0.0	0.0	0.0	0.0
6338	SCNN1B	0.0	0.0	0.0	0.0	0.0
6334	SCN8A	0.0	0.0	0.0	0.0	0.0
6332	SCN7A	0.0	0.0	0.0	0.0	0.0
6329	SCN4A	0.0	0.0	0.0	0.0	0.0
6328	SCN3A	0.0	0.0	0.0	0.0	0.0
6388	SDF2	0.0	0.0	0.0	0.0	0.0
6386	SDCBP	0.0	0.0	0.0	0.0	0.0
6383	SDC2	0.0	0.0	0.0	0.0	0.0
6376	CX3CL1	0.0	0.0	0.0	0.0	0.0
6367	CCL22	0.0	0.0	0.0	0.0	0.0
6366	CCL21	0.0	0.0	0.0	0.0	0.0
6363	CCL19	0.0	0.0	0.0	0.0	0.0
6361	CCL17	0.0	0.0	0.0	0.0	0.0
6357	CCL13	0.0	0.0	0.0	0.0	0.0
6356	CCL11	0.0	0.0	0.0	0.0	0.0
6355	CCL8	0.0	0.0	0.0	0.0	0.0
6344	SCTR	0.0	0.0	0.0	0.0	0.0
3177	SLC29A2	0.0	0.0	0.0	0.0	0.0
3176	HNMT	0.0	0.0	0.0	0.0	0.0
3172	HNF4A	0.0	0.0	0.0	0.0	0.0
3164	NR4A1	0.0	0.0	0.0	0.0	0.0
6426	SRSF1	0.0	0.0	0.0	0.0	0.0
6424	SFRP4	0.0	0.0	0.0	0.0	0.0
6422	SFRP1	0.0	0.0	0.0	0.0	0.0
6418	SET	0.0	0.0	0.0	0.0	0.0
6415	SELENOW	0.0	0.0	0.0	0.0	0.0
6414	SELENOP	0.0	0.0	0.0	0.0	0.0
6405	SEMA3F	0.0	0.0	0.0	0.0	0.0
6404	SELPLG	0.0	0.0	0.0	0.0	0.0
6403	SELP	0.0	0.0	0.0	0.0	0.0
6401	SELE	0.0	0.0	0.0	0.0	0.0
6400	SEL1L	0.0	0.0	0.0	0.0	0.0
6399	TRAPPC2	0.0	0.0	0.0	0.0	0.0
6398	SECTM1	0.0	0.0	0.0	0.0	0.0
6396	SEC13	0.0	0.0	0.0	0.0	0.0
6392	SDHD	0.0	0.0	0.0	0.0	0.0
6390	SDHB	0.0	0.0	0.0	0.0	0.0
6443	SGCB	0.0	0.0	0.0	0.0	0.0
3140	MR1	0.0	0.0	0.0	0.0	0.0
3131	HLF	0.0	0.0	0.0	0.0	0.0
3111	HLA-DOA	0.0	0.0	0.0	0.0	0.0
3104	ZBTB48	0.0	0.0	0.0	0.0	0.0
3101	HK3	0.0	0.0	0.0	0.0	0.0
3099	HK2	0.0	0.0	0.0	0.0	0.0
6442	SGCA	0.0	0.0	0.0	0.0	0.0
6441	SFTPD	0.0	0.0	0.0	0.0	0.0
6439	SFTPB	0.0	0.0	0.0	0.0	0.0
6434	TRA2B	0.0	0.0	0.0	0.0	0.0
6433	SFSWAP	0.0	0.0	0.0	0.0	0.0
6432	SRSF7	0.0	0.0	0.0	0.0	0.0
6431	SRSF6	0.0	0.0	0.0	0.0	0.0
6430	SRSF5	0.0	0.0	0.0	0.0	0.0
6428	SRSF3	0.0	0.0	0.0	0.0	0.0
6480	ST6GAL1	0.0	0.0	0.0	0.0	0.0
6477	SIAH1	0.0	0.0	0.0	0.0	0.0
6472	SHMT2	0.0	0.0	0.0	0.0	0.0
6470	SHMT1	0.0	0.0	0.0	0.0	0.0
6469	SHH	0.0	0.0	0.0	0.0	0.0
6468	FBXW4	0.0	0.0	0.0	0.0	0.0
6464	SHC1	0.0	0.0	0.0	0.0	0.0
6461	SHB	0.0	0.0	0.0	0.0	0.0
6457	SH3GL3	0.0	0.0	0.0	0.0	0.0
6456	SH3GL2	0.0	0.0	0.0	0.0	0.0
6455	SH3GL1	0.0	0.0	0.0	0.0	0.0
6453	ITSN1	0.0	0.0	0.0	0.0	0.0
6451	SH3BGRL	0.0	0.0	0.0	0.0	0.0
6449	SGTA	0.0	0.0	0.0	0.0	0.0
6446	SGK1	0.0	0.0	0.0	0.0	0.0
6444	SGCD	0.0	0.0	0.0	0.0	0.0
6512	SLC1A7	0.0	0.0	0.0	0.0	0.0
6510	SLC1A5	0.0	0.0	0.0	0.0	0.0
6507	SLC1A3	0.0	0.0	0.0	0.0	0.0
6506	SLC1A2	0.0	0.0	0.0	0.0	0.0
6505	SLC1A1	0.0	0.0	0.0	0.0	0.0
6504	SLAMF1	0.0	0.0	0.0	0.0	0.0
6503	SLA	0.0	0.0	0.0	0.0	0.0
6502	SKP2	0.0	0.0	0.0	0.0	0.0
6498	SKIL	0.0	0.0	0.0	0.0	0.0
6497	SKI	0.0	0.0	0.0	0.0	0.0
6494	SIPA1	0.0	0.0	0.0	0.0	0.0
6493	SIM2	0.0	0.0	0.0	0.0	0.0
6492	SIM1	0.0	0.0	0.0	0.0	0.0
6491	STIL	0.0	0.0	0.0	0.0	0.0
6489	ST8SIA1	0.0	0.0	0.0	0.0	0.0
6483	ST3GAL2	0.0	0.0	0.0	0.0	0.0
6535	SLC6A8	0.0	0.0	0.0	0.0	0.0
6533	SLC6A6	0.0	0.0	0.0	0.0	0.0
6532	SLC6A4	0.0	0.0	0.0	0.0	0.0
6531	SLC6A3	0.0	0.0	0.0	0.0	0.0
6529	SLC6A1	0.0	0.0	0.0	0.0	0.0
6525	SMTN	0.0	0.0	0.0	0.0	0.0
6524	SLC5A2	0.0	0.0	0.0	0.0	0.0
6523	SLC5A1	0.0	0.0	0.0	0.0	0.0
6522	SLC4A2	0.0	0.0	0.0	0.0	0.0
6520	SLC3A2	0.0	0.0	0.0	0.0	0.0
6519	SLC3A1	0.0	0.0	0.0	0.0	0.0
6518	SLC2A5	0.0	0.0	0.0	0.0	0.0
6517	SLC2A4	0.0	0.0	0.0	0.0	0.0
6515	SLC2A3	0.0	0.0	0.0	0.0	0.0
6514	SLC2A2	0.0	0.0	0.0	0.0	0.0
6513	SLC2A1	0.0	0.0	0.0	0.0	0.0
3098	HK1	0.0	0.0	0.0	0.0	0.0
3097	HIVEP2	0.0	0.0	0.0	0.0	0.0
3096	HIVEP1	0.0	0.0	0.0	0.0	0.0
3094	HINT1	0.0	0.0	0.0	0.0	0.0
3093	UBE2K	0.0	0.0	0.0	0.0	0.0
3092	HIP1	0.0	0.0	0.0	0.0	0.0
3091	HIF1A	0.0	0.0	0.0	0.0	0.0
3087	HHEX	0.0	0.0	0.0	0.0	0.0
3084	NRG1	0.0	0.0	0.0	0.0	0.0
3083	HGFAC	0.0	0.0	0.0	0.0	0.0
3082	HGF	0.0	0.0	0.0	0.0	0.0
3081	HGD	0.0	0.0	0.0	0.0	0.0
3077	HFE	0.0	0.0	0.0	0.0	0.0
3074	HEXB	0.0	0.0	0.0	0.0	0.0
6540	SLC6A13	0.0	0.0	0.0	0.0	0.0
6539	SLC6A12	0.0	0.0	0.0	0.0	0.0
6567	SLC16A2	0.0	0.0	0.0	0.0	0.0
6566	SLC16A1	0.0	0.0	0.0	0.0	0.0
6565	SLC15A2	0.0	0.0	0.0	0.0	0.0
6564	SLC15A1	0.0	0.0	0.0	0.0	0.0
6563	SLC14A1	0.0	0.0	0.0	0.0	0.0
6561	SLC13A1	0.0	0.0	0.0	0.0	0.0
6559	SLC12A3	0.0	0.0	0.0	0.0	0.0
6558	SLC12A2	0.0	0.0	0.0	0.0	0.0
6557	SLC12A1	0.0	0.0	0.0	0.0	0.0
6556	SLC11A1	0.0	0.0	0.0	0.0	0.0
6555	SLC10A2	0.0	0.0	0.0	0.0	0.0
6553	SLC9A5	0.0	0.0	0.0	0.0	0.0
6549	SLC9A2	0.0	0.0	0.0	0.0	0.0
6548	SLC9A1	0.0	0.0	0.0	0.0	0.0
6542	SLC7A2	0.0	0.0	0.0	0.0	0.0
6541	SLC7A1	0.0	0.0	0.0	0.0	0.0
6586	SLIT3	0.0	0.0	0.0	0.0	0.0
6585	SLIT1	0.0	0.0	0.0	0.0	0.0
6584	SLC22A5	0.0	0.0	0.0	0.0	0.0
6583	SLC22A4	0.0	0.0	0.0	0.0	0.0
6582	SLC22A2	0.0	0.0	0.0	0.0	0.0
6581	SLC22A3	0.0	0.0	0.0	0.0	0.0
6580	SLC22A1	0.0	0.0	0.0	0.0	0.0
6579	SLCO1A2	0.0	0.0	0.0	0.0	0.0
6578	SLCO2A1	0.0	0.0	0.0	0.0	0.0
6576	SLC25A1	0.0	0.0	0.0	0.0	0.0
6575	SLC20A2	0.0	0.0	0.0	0.0	0.0
6574	SLC20A1	0.0	0.0	0.0	0.0	0.0
6573	SLC19A1	0.0	0.0	0.0	0.0	0.0
6571	SLC18A2	0.0	0.0	0.0	0.0	0.0
6569	SLC34A1	0.0	0.0	0.0	0.0	0.0
6568	SLC17A1	0.0	0.0	0.0	0.0	0.0
6617	SNAPC1	0.0	0.0	0.0	0.0	0.0
6614	SIGLEC1	0.0	0.0	0.0	0.0	0.0
6612	SUMO3	0.0	0.0	0.0	0.0	0.0
6610	SMPD2	0.0	0.0	0.0	0.0	0.0
6609	SMPD1	0.0	0.0	0.0	0.0	0.0
6608	SMO	0.0	0.0	0.0	0.0	0.0
6604	SMARCD3	0.0	0.0	0.0	0.0	0.0
6603	SMARCD2	0.0	0.0	0.0	0.0	0.0
6602	SMARCD1	0.0	0.0	0.0	0.0	0.0
6601	SMARCC2	0.0	0.0	0.0	0.0	0.0
6598	SMARCB1	0.0	0.0	0.0	0.0	0.0
6596	HLTF	0.0	0.0	0.0	0.0	0.0
6594	SMARCA1	0.0	0.0	0.0	0.0	0.0
6591	SNAI2	0.0	0.0	0.0	0.0	0.0
6590	SLPI	0.0	0.0	0.0	0.0	0.0
6588	SLN	0.0	0.0	0.0	0.0	0.0
6646	SOAT1	0.0	0.0	0.0	0.0	0.0
6643	SNX2	0.0	0.0	0.0	0.0	0.0
6642	SNX1	0.0	0.0	0.0	0.0	0.0
6641	SNTB1	0.0	0.0	0.0	0.0	0.0
6636	SNRPF	0.0	0.0	0.0	0.0	0.0
6634	SNRPD3	0.0	0.0	0.0	0.0	0.0
6633	SNRPD2	0.0	0.0	0.0	0.0	0.0
6632	SNRPD1	0.0	0.0	0.0	0.0	0.0
6631	SNRPC	0.0	0.0	0.0	0.0	0.0
6629	SNRPB2	0.0	0.0	0.0	0.0	0.0
6626	SNRPA	0.0	0.0	0.0	0.0	0.0
6625	SNRNP70	0.0	0.0	0.0	0.0	0.0
6623	SNCG	0.0	0.0	0.0	0.0	0.0
6621	SNAPC4	0.0	0.0	0.0	0.0	0.0
6619	SNAPC3	0.0	0.0	0.0	0.0	0.0
6618	SNAPC2	0.0	0.0	0.0	0.0	0.0
6653	SORL1	0.0	0.0	0.0	0.0	0.0
3073	HEXA	0.0	0.0	0.0	0.0	0.0
3071	NCKAP1L	0.0	0.0	0.0	0.0	0.0
3069	HDLBP	0.0	0.0	0.0	0.0	0.0
3068	HDGF	0.0	0.0	0.0	0.0	0.0
3067	HDC	0.0	0.0	0.0	0.0	0.0
3066	HDAC2	0.0	0.0	0.0	0.0	0.0
3065	HDAC1	0.0	0.0	0.0	0.0	0.0
3064	HTT	0.0	0.0	0.0	0.0	0.0
3061	HCRTR1	0.0	0.0	0.0	0.0	0.0
3055	HCK	0.0	0.0	0.0	0.0	0.0
3052	HCCS	0.0	0.0	0.0	0.0	0.0
3043	HBB	0.0	0.0	0.0	0.0	0.0
6651	SON	0.0	0.0	0.0	0.0	0.0
6649	SOD3	0.0	0.0	0.0	0.0	0.0
6647	SOD1	0.0	0.0	0.0	0.0	0.0
6689	SPIB	0.0	0.0	0.0	0.0	0.0
6688	SPI1	0.0	0.0	0.0	0.0	0.0
6683	SPAST	0.0	0.0	0.0	0.0	0.0
6676	SPAG4	0.0	0.0	0.0	0.0	0.0
6675	UAP1	0.0	0.0	0.0	0.0	0.0
6674	SPAG1	0.0	0.0	0.0	0.0	0.0
6672	SP100	0.0	0.0	0.0	0.0	0.0
6671	SP4	0.0	0.0	0.0	0.0	0.0
6670	SP3	0.0	0.0	0.0	0.0	0.0
6668	SP2	0.0	0.0	0.0	0.0	0.0
6667	SP1	0.0	0.0	0.0	0.0	0.0
6666	SOX12	0.0	0.0	0.0	0.0	0.0
6663	SOX10	0.0	0.0	0.0	0.0	0.0
6660	SOX5	0.0	0.0	0.0	0.0	0.0
6655	SOS2	0.0	0.0	0.0	0.0	0.0
6654	SOS1	0.0	0.0	0.0	0.0	0.0
6722	SRF	0.0	0.0	0.0	0.0	0.0
6721	SREBF2	0.0	0.0	0.0	0.0	0.0
6717	SRI	0.0	0.0	0.0	0.0	0.0
6715	SRD5A1	0.0	0.0	0.0	0.0	0.0
6714	SRC	0.0	0.0	0.0	0.0	0.0
6713	SQLE	0.0	0.0	0.0	0.0	0.0
6712	SPTBN2	0.0	0.0	0.0	0.0	0.0
6711	SPTBN1	0.0	0.0	0.0	0.0	0.0
6710	SPTB	0.0	0.0	0.0	0.0	0.0
6709	SPTAN1	0.0	0.0	0.0	0.0	0.0
6697	SPR	0.0	0.0	0.0	0.0	0.0
6696	SPP1	0.0	0.0	0.0	0.0	0.0
6695	SPOCK1	0.0	0.0	0.0	0.0	0.0
6693	SPN	0.0	0.0	0.0	0.0	0.0
6692	SPINT1	0.0	0.0	0.0	0.0	0.0
6690	SPINK1	0.0	0.0	0.0	0.0	0.0
6748	SSR4	0.0	0.0	0.0	0.0	0.0
6747	SSR3	0.0	0.0	0.0	0.0	0.0
6746	SSR2	0.0	0.0	0.0	0.0	0.0
6745	SSR1	0.0	0.0	0.0	0.0	0.0
6744	ITPRID2	0.0	0.0	0.0	0.0	0.0
6742	SSBP1	0.0	0.0	0.0	0.0	0.0
6741	SSB	0.0	0.0	0.0	0.0	0.0
6738	RO60	0.0	0.0	0.0	0.0	0.0
6737	TRIM21	0.0	0.0	0.0	0.0	0.0
6734	SRPRA	0.0	0.0	0.0	0.0	0.0
6733	SRPK2	0.0	0.0	0.0	0.0	0.0
6731	SRP72	0.0	0.0	0.0	0.0	0.0
6729	SRP54	0.0	0.0	0.0	0.0	0.0
6728	SRP19	0.0	0.0	0.0	0.0	0.0
6727	SRP14	0.0	0.0	0.0	0.0	0.0
6726	SRP9	0.0	0.0	0.0	0.0	0.0
6782	HSPA13	0.0	0.0	0.0	0.0	0.0
6780	STAU1	0.0	0.0	0.0	0.0	0.0
6778	STAT6	0.0	0.0	0.0	0.0	0.0
6777	STAT5B	0.0	0.0	0.0	0.0	0.0
6776	STAT5A	0.0	0.0	0.0	0.0	0.0
6775	STAT4	0.0	0.0	0.0	0.0	0.0
6774	STAT3	0.0	0.0	0.0	0.0	0.0
6770	STAR	0.0	0.0	0.0	0.0	0.0
6769	STAC	0.0	0.0	0.0	0.0	0.0
6768	ST14	0.0	0.0	0.0	0.0	0.0
6767	ST13	0.0	0.0	0.0	0.0	0.0
6760	SS18	0.0	0.0	0.0	0.0	0.0
6755	SSTR5	0.0	0.0	0.0	0.0	0.0
6752	SSTR2	0.0	0.0	0.0	0.0	0.0
6751	SSTR1	0.0	0.0	0.0	0.0	0.0
6749	SSRP1	0.0	0.0	0.0	0.0	0.0
3033	HADH	0.0	0.0	0.0	0.0	0.0
3032	HADHB	0.0	0.0	0.0	0.0	0.0
3030	HADHA	0.0	0.0	0.0	0.0	0.0
3029	HAGH	0.0	0.0	0.0	0.0	0.0
3028	HSD17B10	0.0	0.0	0.0	0.0	0.0
3018	H2BC3	0.0	0.0	0.0	0.0	0.0
3015	H2AZ1	0.0	0.0	0.0	0.0	0.0
3014	H2AX	0.0	0.0	0.0	0.0	0.0
3009	H1-5	0.0	0.0	0.0	0.0	0.0
3008	H1-4	0.0	0.0	0.0	0.0	0.0
3007	H1-3	0.0	0.0	0.0	0.0	0.0
6790	AURKA	0.0	0.0	0.0	0.0	0.0
6789	STK4	0.0	0.0	0.0	0.0	0.0
6788	STK3	0.0	0.0	0.0	0.0	0.0
6787	NEK4	0.0	0.0	0.0	0.0	0.0
6785	ELOVL4	0.0	0.0	0.0	0.0	0.0
6827	SUPT4H1	0.0	0.0	0.0	0.0	0.0
6821	SUOX	0.0	0.0	0.0	0.0	0.0
6820	SULT2B1	0.0	0.0	0.0	0.0	0.0
6819	SULT1C2	0.0	0.0	0.0	0.0	0.0
6817	SULT1A1	0.0	0.0	0.0	0.0	0.0
6814	STXBP3	0.0	0.0	0.0	0.0	0.0
6813	STXBP2	0.0	0.0	0.0	0.0	0.0
6812	STXBP1	0.0	0.0	0.0	0.0	0.0
6811	STX5	0.0	0.0	0.0	0.0	0.0
6809	STX3	0.0	0.0	0.0	0.0	0.0
6804	STX1A	0.0	0.0	0.0	0.0	0.0
6801	STRN	0.0	0.0	0.0	0.0	0.0
6799	SULT1A2	0.0	0.0	0.0	0.0	0.0
6795	AURKC	0.0	0.0	0.0	0.0	0.0
6794	STK11	0.0	0.0	0.0	0.0	0.0
3037	HAS2	0.0	0.0	0.0	0.0	0.0
6871	TADA2A	0.0	0.0	0.0	0.0	0.0
6868	ADAM17	0.0	0.0	0.0	0.0	0.0
6867	TACC1	0.0	0.0	0.0	0.0	0.0
6857	SYT1	0.0	0.0	0.0	0.0	0.0
6856	SYPL1	0.0	0.0	0.0	0.0	0.0
6854	SYN2	0.0	0.0	0.0	0.0	0.0
6843	VAMP1	0.0	0.0	0.0	0.0	0.0
6840	SVIL	0.0	0.0	0.0	0.0	0.0
6839	SUV39H1	0.0	0.0	0.0	0.0	0.0
6837	MED22	0.0	0.0	0.0	0.0	0.0
6835	SURF2	0.0	0.0	0.0	0.0	0.0
6834	SURF1	0.0	0.0	0.0	0.0	0.0
6833	ABCC8	0.0	0.0	0.0	0.0	0.0
6832	SUPV3L1	0.0	0.0	0.0	0.0	0.0
6830	SUPT6H	0.0	0.0	0.0	0.0	0.0
6829	SUPT5H	0.0	0.0	0.0	0.0	0.0
6895	TARBP2	0.0	0.0	0.0	0.0	0.0
6894	TARBP1	0.0	0.0	0.0	0.0	0.0
6891	TAP2	0.0	0.0	0.0	0.0	0.0
6888	TALDO1	0.0	0.0	0.0	0.0	0.0
6886	TAL1	0.0	0.0	0.0	0.0	0.0
6885	MAP3K7	0.0	0.0	0.0	0.0	0.0
6884	TAF13	0.0	0.0	0.0	0.0	0.0
6882	TAF11	0.0	0.0	0.0	0.0	0.0
6881	TAF10	0.0	0.0	0.0	0.0	0.0
6879	TAF7	0.0	0.0	0.0	0.0	0.0
6878	TAF6	0.0	0.0	0.0	0.0	0.0
6877	TAF5	0.0	0.0	0.0	0.0	0.0
6876	TAGLN	0.0	0.0	0.0	0.0	0.0
6875	TAF4B	0.0	0.0	0.0	0.0	0.0
6873	TAF2	0.0	0.0	0.0	0.0	0.0
6872	TAF1	0.0	0.0	0.0	0.0	0.0
6923	ELOB	0.0	0.0	0.0	0.0	0.0
6921	ELOC	0.0	0.0	0.0	0.0	0.0
6919	TCEA2	0.0	0.0	0.0	0.0	0.0
6916	TBXAS1	0.0	0.0	0.0	0.0	0.0
6915	TBXA2R	0.0	0.0	0.0	0.0	0.0
6911	TBX6	0.0	0.0	0.0	0.0	0.0
6909	TBX2	0.0	0.0	0.0	0.0	0.0
6908	TBP	0.0	0.0	0.0	0.0	0.0
6907	TBL1X	0.0	0.0	0.0	0.0	0.0
6904	TBCD	0.0	0.0	0.0	0.0	0.0
6903	TBCC	0.0	0.0	0.0	0.0	0.0
6902	TBCA	0.0	0.0	0.0	0.0	0.0
6901	TAFAZZIN	0.0	0.0	0.0	0.0	0.0
6900	CNTN2	0.0	0.0	0.0	0.0	0.0
6899	TBX1	0.0	0.0	0.0	0.0	0.0
6897	TARS1	0.0	0.0	0.0	0.0	0.0
6948	TCN2	0.0	0.0	0.0	0.0	0.0
6947	TCN1	0.0	0.0	0.0	0.0	0.0
6945	MLX	0.0	0.0	0.0	0.0	0.0
6944	VPS72	0.0	0.0	0.0	0.0	0.0
6943	TCF21	0.0	0.0	0.0	0.0	0.0
6942	TCF20	0.0	0.0	0.0	0.0	0.0
6940	ZNF354A	0.0	0.0	0.0	0.0	0.0
6938	TCF12	0.0	0.0	0.0	0.0	0.0
6936	GCFC2	0.0	0.0	0.0	0.0	0.0
6934	TCF7L2	0.0	0.0	0.0	0.0	0.0
6929	TCF3	0.0	0.0	0.0	0.0	0.0
6928	HNF1B	0.0	0.0	0.0	0.0	0.0
6927	HNF1A	0.0	0.0	0.0	0.0	0.0
6926	TBX3	0.0	0.0	0.0	0.0	0.0
6925	TCF4	0.0	0.0	0.0	0.0	0.0
6924	ELOA	0.0	0.0	0.0	0.0	0.0
7001	PRDX2	0.0	0.0	0.0	0.0	0.0
3006	H1-2	0.0	0.0	0.0	0.0	0.0
3005	H1-0	0.0	0.0	0.0	0.0	0.0
3004	GZMM	0.0	0.0	0.0	0.0	0.0
3000	GUCY2D	0.0	0.0	0.0	0.0	0.0
2999	GZMH	0.0	0.0	0.0	0.0	0.0
2997	GYS1	0.0	0.0	0.0	0.0	0.0
2995	GYPC	0.0	0.0	0.0	0.0	0.0
2990	GUSB	0.0	0.0	0.0	0.0	0.0
2987	GUK1	0.0	0.0	0.0	0.0	0.0
2984	GUCY2C	0.0	0.0	0.0	0.0	0.0
2983	GUCY1B1	0.0	0.0	0.0	0.0	0.0
6993	DYNLT1	0.0	0.0	0.0	0.0	0.0
6990	DYNLT3	0.0	0.0	0.0	0.0	0.0
6988	TCTA	0.0	0.0	0.0	0.0	0.0
6949	TCOF1	0.0	0.0	0.0	0.0	0.0
7029	TFDP2	0.0	0.0	0.0	0.0	0.0
7027	TFDP1	0.0	0.0	0.0	0.0	0.0
7024	TFCP2	0.0	0.0	0.0	0.0	0.0
7022	TFAP2C	0.0	0.0	0.0	0.0	0.0
7021	TFAP2B	0.0	0.0	0.0	0.0	0.0
7019	TFAM	0.0	0.0	0.0	0.0	0.0
7018	TF	0.0	0.0	0.0	0.0	0.0
7014	TERF2	0.0	0.0	0.0	0.0	0.0
7013	TERF1	0.0	0.0	0.0	0.0	0.0
7011	TEP1	0.0	0.0	0.0	0.0	0.0
7009	TMBIM6	0.0	0.0	0.0	0.0	0.0
7008	TEF	0.0	0.0	0.0	0.0	0.0
7007	TECTA	0.0	0.0	0.0	0.0	0.0
7005	TEAD3	0.0	0.0	0.0	0.0	0.0
7004	TEAD4	0.0	0.0	0.0	0.0	0.0
7003	TEAD1	0.0	0.0	0.0	0.0	0.0
7064	THOP1	0.0	0.0	0.0	0.0	0.0
7059	THBS3	0.0	0.0	0.0	0.0	0.0
7056	THBD	0.0	0.0	0.0	0.0	0.0
7051	TGM1	0.0	0.0	0.0	0.0	0.0
7050	TGIF1	0.0	0.0	0.0	0.0	0.0
7049	TGFBR3	0.0	0.0	0.0	0.0	0.0
7046	TGFBR1	0.0	0.0	0.0	0.0	0.0
7043	TGFB3	0.0	0.0	0.0	0.0	0.0
7041	TGFB1I1	0.0	0.0	0.0	0.0	0.0
7040	TGFB1	0.0	0.0	0.0	0.0	0.0
7039	TGFA	0.0	0.0	0.0	0.0	0.0
7038	TG	0.0	0.0	0.0	0.0	0.0
7037	TFRC	0.0	0.0	0.0	0.0	0.0
7035	TFPI	0.0	0.0	0.0	0.0	0.0
7033	TFF3	0.0	0.0	0.0	0.0	0.0
7030	TFE3	0.0	0.0	0.0	0.0	0.0
7090	TLE3	0.0	0.0	0.0	0.0	0.0
7089	TLE2	0.0	0.0	0.0	0.0	0.0
7084	TK2	0.0	0.0	0.0	0.0	0.0
7083	TK1	0.0	0.0	0.0	0.0	0.0
7082	TJP1	0.0	0.0	0.0	0.0	0.0
7079	TIMP4	0.0	0.0	0.0	0.0	0.0
7078	TIMP3	0.0	0.0	0.0	0.0	0.0
7075	TIE1	0.0	0.0	0.0	0.0	0.0
7074	TIAM1	0.0	0.0	0.0	0.0	0.0
7073	TIAL1	0.0	0.0	0.0	0.0	0.0
7072	TIA1	0.0	0.0	0.0	0.0	0.0
7071	KLF10	0.0	0.0	0.0	0.0	0.0
7070	THY1	0.0	0.0	0.0	0.0	0.0
7068	THRB	0.0	0.0	0.0	0.0	0.0
7067	THRA	0.0	0.0	0.0	0.0	0.0
7066	THPO	0.0	0.0	0.0	0.0	0.0
7092	TLL1	0.0	0.0	0.0	0.0	0.0
2982	GUCY1A1	0.0	0.0	0.0	0.0	0.0
2979	GUCA1B	0.0	0.0	0.0	0.0	0.0
2977	GUCY1A2	0.0	0.0	0.0	0.0	0.0
2976	GTF3C2	0.0	0.0	0.0	0.0	0.0
2975	GTF3C1	0.0	0.0	0.0	0.0	0.0
2974	GUCY1B2	0.0	0.0	0.0	0.0	0.0
2972	BRF1	0.0	0.0	0.0	0.0	0.0
2971	GTF3A	0.0	0.0	0.0	0.0	0.0
2969	GTF2I	0.0	0.0	0.0	0.0	0.0
2968	GTF2H4	0.0	0.0	0.0	0.0	0.0
2967	GTF2H3	0.0	0.0	0.0	0.0	0.0
2965	GTF2H1	0.0	0.0	0.0	0.0	0.0
2963	GTF2F2	0.0	0.0	0.0	0.0	0.0
2962	GTF2F1	0.0	0.0	0.0	0.0	0.0
7091	TLE4	0.0	0.0	0.0	0.0	0.0
7122	CLDN5	0.0	0.0	0.0	0.0	0.0
7113	TMPRSS2	0.0	0.0	0.0	0.0	0.0
7112	TMPO	0.0	0.0	0.0	0.0	0.0
7111	TMOD1	0.0	0.0	0.0	0.0	0.0
7108	TM7SF2	0.0	0.0	0.0	0.0	0.0
7107	GPR137B	0.0	0.0	0.0	0.0	0.0
7106	TSPAN4	0.0	0.0	0.0	0.0	0.0
7105	TSPAN6	0.0	0.0	0.0	0.0	0.0
7104	TM4SF4	0.0	0.0	0.0	0.0	0.0
7103	TSPAN8	0.0	0.0	0.0	0.0	0.0
7102	TSPAN7	0.0	0.0	0.0	0.0	0.0
7100	TLR5	0.0	0.0	0.0	0.0	0.0
7098	TLR3	0.0	0.0	0.0	0.0	0.0
7095	SEC62	0.0	0.0	0.0	0.0	0.0
7094	TLN1	0.0	0.0	0.0	0.0	0.0
7093	TLL2	0.0	0.0	0.0	0.0	0.0
7159	TP53BP2	0.0	0.0	0.0	0.0	0.0
7158	TP53BP1	0.0	0.0	0.0	0.0	0.0
7157	TP53	0.0	0.0	0.0	0.0	0.0
7156	TOP3A	0.0	0.0	0.0	0.0	0.0
7150	TOP1	0.0	0.0	0.0	0.0	0.0
7148	TNXB	0.0	0.0	0.0	0.0	0.0
7145	TNS1	0.0	0.0	0.0	0.0	0.0
7140	TNNT3	0.0	0.0	0.0	0.0	0.0
7139	TNNT2	0.0	0.0	0.0	0.0	0.0
7138	TNNT1	0.0	0.0	0.0	0.0	0.0
7136	TNNI2	0.0	0.0	0.0	0.0	0.0
7135	TNNI1	0.0	0.0	0.0	0.0	0.0
7134	TNNC1	0.0	0.0	0.0	0.0	0.0
7128	TNFAIP3	0.0	0.0	0.0	0.0	0.0
7126	TNFAIP1	0.0	0.0	0.0	0.0	0.0
7125	TNNC2	0.0	0.0	0.0	0.0	0.0
7205	TRIP6	0.0	0.0	0.0	0.0	0.0
7204	TRIO	0.0	0.0	0.0	0.0	0.0
7189	TRAF6	0.0	0.0	0.0	0.0	0.0
7187	TRAF3	0.0	0.0	0.0	0.0	0.0
7186	TRAF2	0.0	0.0	0.0	0.0	0.0
7185	TRAF1	0.0	0.0	0.0	0.0	0.0
7181	NR2C1	0.0	0.0	0.0	0.0	0.0
7175	TPR	0.0	0.0	0.0	0.0	0.0
7174	TPP2	0.0	0.0	0.0	0.0	0.0
7172	TPMT	0.0	0.0	0.0	0.0	0.0
7171	TPM4	0.0	0.0	0.0	0.0	0.0
7170	TPM3	0.0	0.0	0.0	0.0	0.0
7169	TPM2	0.0	0.0	0.0	0.0	0.0
7167	TPI1	0.0	0.0	0.0	0.0	0.0
7163	TPD52	0.0	0.0	0.0	0.0	0.0
7161	TP73	0.0	0.0	0.0	0.0	0.0
7263	TST	0.0	0.0	0.0	0.0	0.0
7262	PHLDA2	0.0	0.0	0.0	0.0	0.0
7260	EIPR1	0.0	0.0	0.0	0.0	0.0
7259	TSPYL1	0.0	0.0	0.0	0.0	0.0
7253	TSHR	0.0	0.0	0.0	0.0	0.0
7251	TSG101	0.0	0.0	0.0	0.0	0.0
7249	TSC2	0.0	0.0	0.0	0.0	0.0
7248	TSC1	0.0	0.0	0.0	0.0	0.0
7247	TSN	0.0	0.0	0.0	0.0	0.0
7227	TRPS1	0.0	0.0	0.0	0.0	0.0
7226	TRPM2	0.0	0.0	0.0	0.0	0.0
7225	TRPC6	0.0	0.0	0.0	0.0	0.0
7224	TRPC5	0.0	0.0	0.0	0.0	0.0
7221	TRPC2	0.0	0.0	0.0	0.0	0.0
7220	TRPC1	0.0	0.0	0.0	0.0	0.0
7216	TRO	0.0	0.0	0.0	0.0	0.0
2958	GTF2A2	0.0	0.0	0.0	0.0	0.0
2957	GTF2A1	0.0	0.0	0.0	0.0	0.0
2956	MSH6	0.0	0.0	0.0	0.0	0.0
2954	GSTZ1	0.0	0.0	0.0	0.0	0.0
2950	GSTP1	0.0	0.0	0.0	0.0	0.0
2949	GSTM5	0.0	0.0	0.0	0.0	0.0
2948	GSTM4	0.0	0.0	0.0	0.0	0.0
2947	GSTM3	0.0	0.0	0.0	0.0	0.0
2941	GSTA4	0.0	0.0	0.0	0.0	0.0
2938	GSTA1	0.0	0.0	0.0	0.0	0.0
2937	GSS	0.0	0.0	0.0	0.0	0.0
2936	GSR	0.0	0.0	0.0	0.0	0.0
2935	GSPT1	0.0	0.0	0.0	0.0	0.0
2934	GSN	0.0	0.0	0.0	0.0	0.0
2932	GSK3B	0.0	0.0	0.0	0.0	0.0
7264	GFUS	0.0	0.0	0.0	0.0	0.0
7296	TXNRD1	0.0	0.0	0.0	0.0	0.0
7295	TXN	0.0	0.0	0.0	0.0	0.0
7294	TXK	0.0	0.0	0.0	0.0	0.0
7293	TNFRSF4	0.0	0.0	0.0	0.0	0.0
7292	TNFSF4	0.0	0.0	0.0	0.0	0.0
7289	TULP3	0.0	0.0	0.0	0.0	0.0
7288	TULP2	0.0	0.0	0.0	0.0	0.0
7286	TUFT1	0.0	0.0	0.0	0.0	0.0
7283	TUBG1	0.0	0.0	0.0	0.0	0.0
7280	TUBB2A	0.0	0.0	0.0	0.0	0.0
7277	TUBA4A	0.0	0.0	0.0	0.0	0.0
7276	TTR	0.0	0.0	0.0	0.0	0.0
7273	TTN	0.0	0.0	0.0	0.0	0.0
7266	DNAJC7	0.0	0.0	0.0	0.0	0.0
7265	TTC1	0.0	0.0	0.0	0.0	0.0
2959	GTF2B	0.0	0.0	0.0	0.0	0.0
7329	UBE2I	0.0	0.0	0.0	0.0	0.0
7328	UBE2H	0.0	0.0	0.0	0.0	0.0
7327	UBE2G2	0.0	0.0	0.0	0.0	0.0
7326	UBE2G1	0.0	0.0	0.0	0.0	0.0
7324	UBE2E1	0.0	0.0	0.0	0.0	0.0
7323	UBE2D3	0.0	0.0	0.0	0.0	0.0
7322	UBE2D2	0.0	0.0	0.0	0.0	0.0
7321	UBE2D1	0.0	0.0	0.0	0.0	0.0
7320	UBE2B	0.0	0.0	0.0	0.0	0.0
7319	UBE2A	0.0	0.0	0.0	0.0	0.0
7317	UBA1	0.0	0.0	0.0	0.0	0.0
7314	UBB	0.0	0.0	0.0	0.0	0.0
7311	UBA52	0.0	0.0	0.0	0.0	0.0
7301	TYRO3	0.0	0.0	0.0	0.0	0.0
7298	TYMS	0.0	0.0	0.0	0.0	0.0
7297	TYK2	0.0	0.0	0.0	0.0	0.0
7368	UGT8	0.0	0.0	0.0	0.0	0.0
7360	UGP2	0.0	0.0	0.0	0.0	0.0
7358	UGDH	0.0	0.0	0.0	0.0	0.0
7355	SLC35A2	0.0	0.0	0.0	0.0	0.0
7352	UCP3	0.0	0.0	0.0	0.0	0.0
7351	UCP2	0.0	0.0	0.0	0.0	0.0
7348	UPK1B	0.0	0.0	0.0	0.0	0.0
7347	UCHL3	0.0	0.0	0.0	0.0	0.0
7345	UCHL1	0.0	0.0	0.0	0.0	0.0
7343	UBTF	0.0	0.0	0.0	0.0	0.0
7342	UBP1	0.0	0.0	0.0	0.0	0.0
7341	SUMO1	0.0	0.0	0.0	0.0	0.0
7337	UBE3A	0.0	0.0	0.0	0.0	0.0
7336	UBE2V2	0.0	0.0	0.0	0.0	0.0
7334	UBE2N	0.0	0.0	0.0	0.0	0.0
7332	UBE2L3	0.0	0.0	0.0	0.0	0.0
7405	UVRAG	0.0	0.0	0.0	0.0	0.0
7404	UTY	0.0	0.0	0.0	0.0	0.0
7403	KDM6A	0.0	0.0	0.0	0.0	0.0
7399	USH2A	0.0	0.0	0.0	0.0	0.0
7398	USP1	0.0	0.0	0.0	0.0	0.0
7392	USF2	0.0	0.0	0.0	0.0	0.0
7390	UROS	0.0	0.0	0.0	0.0	0.0
7389	UROD	0.0	0.0	0.0	0.0	0.0
7385	UQCRC2	0.0	0.0	0.0	0.0	0.0
7384	UQCRC1	0.0	0.0	0.0	0.0	0.0
7381	UQCRB	0.0	0.0	0.0	0.0	0.0
7378	UPP1	0.0	0.0	0.0	0.0	0.0
7376	NR1H2	0.0	0.0	0.0	0.0	0.0
7375	USP4	0.0	0.0	0.0	0.0	0.0
7374	UNG	0.0	0.0	0.0	0.0	0.0
7373	COL14A1	0.0	0.0	0.0	0.0	0.0
2931	GSK3A	0.0	0.0	0.0	0.0	0.0
2921	CXCL3	0.0	0.0	0.0	0.0	0.0
2920	CXCL2	0.0	0.0	0.0	0.0	0.0
2918	GRM8	0.0	0.0	0.0	0.0	0.0
2916	GRM6	0.0	0.0	0.0	0.0	0.0
2915	GRM5	0.0	0.0	0.0	0.0	0.0
2909	ARHGAP35	0.0	0.0	0.0	0.0	0.0
2907	GRINA	0.0	0.0	0.0	0.0	0.0
2905	GRIN2C	0.0	0.0	0.0	0.0	0.0
2904	GRIN2B	0.0	0.0	0.0	0.0	0.0
7415	VCP	0.0	0.0	0.0	0.0	0.0
7414	VCL	0.0	0.0	0.0	0.0	0.0
7411	VBP1	0.0	0.0	0.0	0.0	0.0
7410	VAV2	0.0	0.0	0.0	0.0	0.0
7409	VAV1	0.0	0.0	0.0	0.0	0.0
7408	VASP	0.0	0.0	0.0	0.0	0.0
7464	CORO2A	0.0	0.0	0.0	0.0	0.0
7462	LAT2	0.0	0.0	0.0	0.0	0.0
7461	CLIP2	0.0	0.0	0.0	0.0	0.0
7456	WIPF1	0.0	0.0	0.0	0.0	0.0
7454	WAS	0.0	0.0	0.0	0.0	0.0
7450	VWF	0.0	0.0	0.0	0.0	0.0
7447	VSNL1	0.0	0.0	0.0	0.0	0.0
7444	VRK2	0.0	0.0	0.0	0.0	0.0
7443	VRK1	0.0	0.0	0.0	0.0	0.0
7436	VLDLR	0.0	0.0	0.0	0.0	0.0
7434	VIPR2	0.0	0.0	0.0	0.0	0.0
7433	VIPR1	0.0	0.0	0.0	0.0	0.0
7430	EZR	0.0	0.0	0.0	0.0	0.0
7429	VIL1	0.0	0.0	0.0	0.0	0.0
7423	VEGFB	0.0	0.0	0.0	0.0	0.0
7421	VDR	0.0	0.0	0.0	0.0	0.0
7485	GET1	0.0	0.0	0.0	0.0	0.0
2901	GRIK5	0.0	0.0	0.0	0.0	0.0
2898	GRIK2	0.0	0.0	0.0	0.0	0.0
2897	GRIK1	0.0	0.0	0.0	0.0	0.0
2892	GRIA3	0.0	0.0	0.0	0.0	0.0
2891	GRIA2	0.0	0.0	0.0	0.0	0.0
2888	GRB14	0.0	0.0	0.0	0.0	0.0
2887	GRB10	0.0	0.0	0.0	0.0	0.0
2886	GRB7	0.0	0.0	0.0	0.0	0.0
2885	GRB2	0.0	0.0	0.0	0.0	0.0
7479	WNT8B	0.0	0.0	0.0	0.0	0.0
7477	WNT7B	0.0	0.0	0.0	0.0	0.0
7476	WNT7A	0.0	0.0	0.0	0.0	0.0
7468	NSD2	0.0	0.0	0.0	0.0	0.0
7466	WFS1	0.0	0.0	0.0	0.0	0.0
7465	WEE1	0.0	0.0	0.0	0.0	0.0
7529	YWHAB	0.0	0.0	0.0	0.0	0.0
7528	YY1	0.0	0.0	0.0	0.0	0.0
7518	XRCC4	0.0	0.0	0.0	0.0	0.0
7517	XRCC3	0.0	0.0	0.0	0.0	0.0
7515	XRCC1	0.0	0.0	0.0	0.0	0.0
7514	XPO1	0.0	0.0	0.0	0.0	0.0
7512	XPNPEP2	0.0	0.0	0.0	0.0	0.0
7511	XPNPEP1	0.0	0.0	0.0	0.0	0.0
7508	XPC	0.0	0.0	0.0	0.0	0.0
7507	XPA	0.0	0.0	0.0	0.0	0.0
7504	XK	0.0	0.0	0.0	0.0	0.0
7503	XIST	0.0	0.0	0.0	0.0	0.0
7498	XDH	0.0	0.0	0.0	0.0	0.0
7494	XBP1	0.0	0.0	0.0	0.0	0.0
7490	WT1	0.0	0.0	0.0	0.0	0.0
7486	WRN	0.0	0.0	0.0	0.0	0.0
7571	ZNF23	0.0	0.0	0.0	0.0	0.0
7564	ZNF16	0.0	0.0	0.0	0.0	0.0
7561	ZNF14	0.0	0.0	0.0	0.0	0.0
7559	ZNF12	0.0	0.0	0.0	0.0	0.0
7555	CNBP	0.0	0.0	0.0	0.0	0.0
7553	ZNF7	0.0	0.0	0.0	0.0	0.0
7552	ZNF711	0.0	0.0	0.0	0.0	0.0
7544	ZFY	0.0	0.0	0.0	0.0	0.0
7543	ZFX	0.0	0.0	0.0	0.0	0.0
7542	ZFPL1	0.0	0.0	0.0	0.0	0.0
7541	ZBTB14	0.0	0.0	0.0	0.0	0.0
7539	ZFP37	0.0	0.0	0.0	0.0	0.0
7536	SF1	0.0	0.0	0.0	0.0	0.0
7535	ZAP70	0.0	0.0	0.0	0.0	0.0
7534	YWHAZ	0.0	0.0	0.0	0.0	0.0
7531	YWHAE	0.0	0.0	0.0	0.0	0.0
7673	ZNF222	0.0	0.0	0.0	0.0	0.0
7644	ZNF91	0.0	0.0	0.0	0.0	0.0
7639	ZNF85	0.0	0.0	0.0	0.0	0.0
7638	ZNF221	0.0	0.0	0.0	0.0	0.0
7629	ZNF76	0.0	0.0	0.0	0.0	0.0
7626	ZNF75D	0.0	0.0	0.0	0.0	0.0
7625	ZNF74	0.0	0.0	0.0	0.0	0.0
7597	ZBTB25	0.0	0.0	0.0	0.0	0.0
7596	ZNF45	0.0	0.0	0.0	0.0	0.0
7594	ZNF43	0.0	0.0	0.0	0.0	0.0
7593	MZF1	0.0	0.0	0.0	0.0	0.0
7592	ZNF41	0.0	0.0	0.0	0.0	0.0
7586	ZKSCAN1	0.0	0.0	0.0	0.0	0.0
7582	ZNF33B	0.0	0.0	0.0	0.0	0.0
7580	ZNF32	0.0	0.0	0.0	0.0	0.0
7572	ZNF24	0.0	0.0	0.0	0.0	0.0
7716	VEZF1	0.0	0.0	0.0	0.0	0.0
7711	ZNF155	0.0	0.0	0.0	0.0	0.0
7709	ZBTB17	0.0	0.0	0.0	0.0	0.0
7707	ZNF148	0.0	0.0	0.0	0.0	0.0
7704	ZBTB16	0.0	0.0	0.0	0.0	0.0
7703	PCGF2	0.0	0.0	0.0	0.0	0.0
7702	ZNF143	0.0	0.0	0.0	0.0	0.0
7701	ZNF142	0.0	0.0	0.0	0.0	0.0
7699	ZNF140	0.0	0.0	0.0	0.0	0.0
7696	ZNF137P	0.0	0.0	0.0	0.0	0.0
7695	ZNF136	0.0	0.0	0.0	0.0	0.0
7694	ZNF135	0.0	0.0	0.0	0.0	0.0
7693	ZNF134	0.0	0.0	0.0	0.0	0.0
7692	ZNF133	0.0	0.0	0.0	0.0	0.0
7691	ZNF132	0.0	0.0	0.0	0.0	0.0
7678	ZNF124	0.0	0.0	0.0	0.0	0.0
7733	ZNF180	0.0	0.0	0.0	0.0	0.0
2879	GPX4	0.0	0.0	0.0	0.0	0.0
2878	GPX3	0.0	0.0	0.0	0.0	0.0
2877	GPX2	0.0	0.0	0.0	0.0	0.0
2873	GPS1	0.0	0.0	0.0	0.0	0.0
2872	MKNK2	0.0	0.0	0.0	0.0	0.0
2870	GRK6	0.0	0.0	0.0	0.0	0.0
2869	GRK5	0.0	0.0	0.0	0.0	0.0
2868	GRK4	0.0	0.0	0.0	0.0	0.0
2867	FFAR2	0.0	0.0	0.0	0.0	0.0
2863	GPR39	0.0	0.0	0.0	0.0	0.0
2859	GPR35	0.0	0.0	0.0	0.0	0.0
2852	GPER1	0.0	0.0	0.0	0.0	0.0
2850	GPR27	0.0	0.0	0.0	0.0	0.0
7728	ZNF175	0.0	0.0	0.0	0.0	0.0
7727	ZNF174	0.0	0.0	0.0	0.0	0.0
7766	ZNF223	0.0	0.0	0.0	0.0	0.0
7764	ZNF217	0.0	0.0	0.0	0.0	0.0
7763	ZFAND5	0.0	0.0	0.0	0.0	0.0
7762	ZNF215	0.0	0.0	0.0	0.0	0.0
7761	ZNF214	0.0	0.0	0.0	0.0	0.0
7755	ZNF205	0.0	0.0	0.0	0.0	0.0
7754	ZNF204P	0.0	0.0	0.0	0.0	0.0
7752	ZNF200	0.0	0.0	0.0	0.0	0.0
7750	ZMYM2	0.0	0.0	0.0	0.0	0.0
7748	ZNF195	0.0	0.0	0.0	0.0	0.0
7746	ZSCAN9	0.0	0.0	0.0	0.0	0.0
7743	ZNF189	0.0	0.0	0.0	0.0	0.0
7741	ZSCAN26	0.0	0.0	0.0	0.0	0.0
7739	ZNF185	0.0	0.0	0.0	0.0	0.0
7738	ZNF184	0.0	0.0	0.0	0.0	0.0
7737	RNF113A	0.0	0.0	0.0	0.0	0.0
7827	NPHS2	0.0	0.0	0.0	0.0	0.0
7818	DAP3	0.0	0.0	0.0	0.0	0.0
7813	EVI5	0.0	0.0	0.0	0.0	0.0
7812	CSDE1	0.0	0.0	0.0	0.0	0.0
7804	LRP8	0.0	0.0	0.0	0.0	0.0
7803	PTP4A1	0.0	0.0	0.0	0.0	0.0
7802	DNALI1	0.0	0.0	0.0	0.0	0.0
7798	LUZP1	0.0	0.0	0.0	0.0	0.0
7791	ZYX	0.0	0.0	0.0	0.0	0.0
7786	MAP3K12	0.0	0.0	0.0	0.0	0.0
7782	SLC30A4	0.0	0.0	0.0	0.0	0.0
7775	ZNF232	0.0	0.0	0.0	0.0	0.0
7773	ZNF230	0.0	0.0	0.0	0.0	0.0
7769	ZNF226	0.0	0.0	0.0	0.0	0.0
7768	ZNF225	0.0	0.0	0.0	0.0	0.0
7767	ZNF224	0.0	0.0	0.0	0.0	0.0
7913	DEK	0.0	0.0	0.0	0.0	0.0
7905	REEP5	0.0	0.0	0.0	0.0	0.0
7903	ST8SIA4	0.0	0.0	0.0	0.0	0.0
7884	SLBP	0.0	0.0	0.0	0.0	0.0
7881	KCNAB1	0.0	0.0	0.0	0.0	0.0
7879	RAB7A	0.0	0.0	0.0	0.0	0.0
7874	USP7	0.0	0.0	0.0	0.0	0.0
7873	MANF	0.0	0.0	0.0	0.0	0.0
7866	IFRD2	0.0	0.0	0.0	0.0	0.0
7862	BRPF1	0.0	0.0	0.0	0.0	0.0
7852	CXCR4	0.0	0.0	0.0	0.0	0.0
7850	IL1R2	0.0	0.0	0.0	0.0	0.0
7849	PAX8	0.0	0.0	0.0	0.0	0.0
7844	RNF103	0.0	0.0	0.0	0.0	0.0
7841	MOGS	0.0	0.0	0.0	0.0	0.0
7840	ALMS1	0.0	0.0	0.0	0.0	0.0
2843	GPR20	0.0	0.0	0.0	0.0	0.0
2840	GPR17	0.0	0.0	0.0	0.0	0.0
2838	GPR15	0.0	0.0	0.0	0.0	0.0
2833	CXCR3	0.0	0.0	0.0	0.0	0.0
2829	XCR1	0.0	0.0	0.0	0.0	0.0
2828	GPR4	0.0	0.0	0.0	0.0	0.0
2826	CCR10	0.0	0.0	0.0	0.0	0.0
2824	GPM6B	0.0	0.0	0.0	0.0	0.0
2823	GPM6A	0.0	0.0	0.0	0.0	0.0
2822	GPLD1	0.0	0.0	0.0	0.0	0.0
2821	GPI	0.0	0.0	0.0	0.0	0.0
2820	GPD2	0.0	0.0	0.0	0.0	0.0
2819	GPD1	0.0	0.0	0.0	0.0	0.0
2817	GPC1	0.0	0.0	0.0	0.0	0.0
7941	PLA2G7	0.0	0.0	0.0	0.0	0.0
7915	ALDH5A1	0.0	0.0	0.0	0.0	0.0
8029	CUBN	0.0	0.0	0.0	0.0	0.0
8028	MLLT10	0.0	0.0	0.0	0.0	0.0
8027	STAM	0.0	0.0	0.0	0.0	0.0
8021	NUP214	0.0	0.0	0.0	0.0	0.0
8019	BRD3	0.0	0.0	0.0	0.0	0.0
8000	PSCA	0.0	0.0	0.0	0.0	0.0
7994	KAT6A	0.0	0.0	0.0	0.0	0.0
7993	UBXN8	0.0	0.0	0.0	0.0	0.0
7988	ZNF212	0.0	0.0	0.0	0.0	0.0
7979	SEM1	0.0	0.0	0.0	0.0	0.0
7978	MTERF1	0.0	0.0	0.0	0.0	0.0
7976	FZD3	0.0	0.0	0.0	0.0	0.0
7975	MAFK	0.0	0.0	0.0	0.0	0.0
7965	AIMP2	0.0	0.0	0.0	0.0	0.0
7957	EPM2A	0.0	0.0	0.0	0.0	0.0
7942	TFEB	0.0	0.0	0.0	0.0	0.0
8087	FXR1	0.0	0.0	0.0	0.0	0.0
8086	AAAS	0.0	0.0	0.0	0.0	0.0
8085	KMT2D	0.0	0.0	0.0	0.0	0.0
8082	SSPN	0.0	0.0	0.0	0.0	0.0
8079	MLF2	0.0	0.0	0.0	0.0	0.0
8076	MFAP5	0.0	0.0	0.0	0.0	0.0
8073	PTP4A2	0.0	0.0	0.0	0.0	0.0
8065	CUL5	0.0	0.0	0.0	0.0	0.0
8061	FOSL1	0.0	0.0	0.0	0.0	0.0
8050	PDHX	0.0	0.0	0.0	0.0	0.0
8048	CSRP3	0.0	0.0	0.0	0.0	0.0
8045	RASSF7	0.0	0.0	0.0	0.0	0.0
8038	ADAM12	0.0	0.0	0.0	0.0	0.0
8036	SHOC2	0.0	0.0	0.0	0.0	0.0
8034	SLC25A16	0.0	0.0	0.0	0.0	0.0
8031	NCOA4	0.0	0.0	0.0	0.0	0.0
8178	ELL	0.0	0.0	0.0	0.0	0.0
8175	SF3A2	0.0	0.0	0.0	0.0	0.0
8165	AKAP1	0.0	0.0	0.0	0.0	0.0
8161	COIL	0.0	0.0	0.0	0.0	0.0
8153	RND2	0.0	0.0	0.0	0.0	0.0
8148	TAF15	0.0	0.0	0.0	0.0	0.0
8140	SLC7A5	0.0	0.0	0.0	0.0	0.0
8139	GAN	0.0	0.0	0.0	0.0	0.0
8131	NPRL3	0.0	0.0	0.0	0.0	0.0
8115	TCL1A	0.0	0.0	0.0	0.0	0.0
8111	GPR68	0.0	0.0	0.0	0.0	0.0
8100	IFT88	0.0	0.0	0.0	0.0	0.0
8099	CDK2AP1	0.0	0.0	0.0	0.0	0.0
8092	ALX1	0.0	0.0	0.0	0.0	0.0
8091	HMGA2	0.0	0.0	0.0	0.0	0.0
8089	YEATS4	0.0	0.0	0.0	0.0	0.0
8242	KDM5C	0.0	0.0	0.0	0.0	0.0
8241	RBM10	0.0	0.0	0.0	0.0	0.0
8239	USP9X	0.0	0.0	0.0	0.0	0.0
8237	USP11	0.0	0.0	0.0	0.0	0.0
8233	ZRSR2	0.0	0.0	0.0	0.0	0.0
8228	PNPLA4	0.0	0.0	0.0	0.0	0.0
8226	PUDP	0.0	0.0	0.0	0.0	0.0
8224	SYN3	0.0	0.0	0.0	0.0	0.0
8218	CLTCL1	0.0	0.0	0.0	0.0	0.0
8216	LZTR1	0.0	0.0	0.0	0.0	0.0
8208	CHAF1B	0.0	0.0	0.0	0.0	0.0
8204	NRIP1	0.0	0.0	0.0	0.0	0.0
8195	MKKS	0.0	0.0	0.0	0.0	0.0
8192	CLPP	0.0	0.0	0.0	0.0	0.0
8189	SYMPK	0.0	0.0	0.0	0.0	0.0
8187	ZNF239	0.0	0.0	0.0	0.0	0.0
8314	BAP1	0.0	0.0	0.0	0.0	0.0
8312	AXIN1	0.0	0.0	0.0	0.0	0.0
8310	ACOX3	0.0	0.0	0.0	0.0	0.0
8309	ACOX2	0.0	0.0	0.0	0.0	0.0
8303	SNN	0.0	0.0	0.0	0.0	0.0
8301	PICALM	0.0	0.0	0.0	0.0	0.0
8295	TRRAP	0.0	0.0	0.0	0.0	0.0
8292	COLQ	0.0	0.0	0.0	0.0	0.0
8288	EPX	0.0	0.0	0.0	0.0	0.0
8287	USP9Y	0.0	0.0	0.0	0.0	0.0
8284	KDM5D	0.0	0.0	0.0	0.0	0.0
8273	SLC10A3	0.0	0.0	0.0	0.0	0.0
8270	LAGE3	0.0	0.0	0.0	0.0	0.0
8269	TMEM187	0.0	0.0	0.0	0.0	0.0
8266	UBL4A	0.0	0.0	0.0	0.0	0.0
8260	NAA10	0.0	0.0	0.0	0.0	0.0
8328	GFI1B	0.0	0.0	0.0	0.0	0.0
2815	GP9	0.0	0.0	0.0	0.0	0.0
2811	GP1BA	0.0	0.0	0.0	0.0	0.0
2810	SFN	0.0	0.0	0.0	0.0	0.0
2806	GOT2	0.0	0.0	0.0	0.0	0.0
2805	GOT1	0.0	0.0	0.0	0.0	0.0
2804	GOLGB1	0.0	0.0	0.0	0.0	0.0
2803	GOLGA4	0.0	0.0	0.0	0.0	0.0
2801	GOLGA2	0.0	0.0	0.0	0.0	0.0
2800	GOLGA1	0.0	0.0	0.0	0.0	0.0
2799	GNS	0.0	0.0	0.0	0.0	0.0
2798	GNRHR	0.0	0.0	0.0	0.0	0.0
2796	GNRH1	0.0	0.0	0.0	0.0	0.0
8322	FZD4	0.0	0.0	0.0	0.0	0.0
8321	FZD1	0.0	0.0	0.0	0.0	0.0
8315	BRAP	0.0	0.0	0.0	0.0	0.0
8411	EEA1	0.0	0.0	0.0	0.0	0.0
8409	UXT	0.0	0.0	0.0	0.0	0.0
8408	ULK1	0.0	0.0	0.0	0.0	0.0
8407	TAGLN2	0.0	0.0	0.0	0.0	0.0
8405	SPOP	0.0	0.0	0.0	0.0	0.0
8404	SPARCL1	0.0	0.0	0.0	0.0	0.0
8402	SLC25A11	0.0	0.0	0.0	0.0	0.0
8398	PLA2G6	0.0	0.0	0.0	0.0	0.0
8396	PIP4K2B	0.0	0.0	0.0	0.0	0.0
8395	PIP5K1B	0.0	0.0	0.0	0.0	0.0
8394	PIP5K1A	0.0	0.0	0.0	0.0	0.0
8379	MAD1L1	0.0	0.0	0.0	0.0	0.0
8372	HYAL3	0.0	0.0	0.0	0.0	0.0
8349	H2BC21	0.0	0.0	0.0	0.0	0.0
8348	H2BC17	0.0	0.0	0.0	0.0	0.0
8342	H2BC14	0.0	0.0	0.0	0.0	0.0
2786	GNG4	0.0	0.0	0.0	0.0	0.0
2785	GNG3	0.0	0.0	0.0	0.0	0.0
2781	GNAZ	0.0	0.0	0.0	0.0	0.0
2780	GNAT2	0.0	0.0	0.0	0.0	0.0
2778	GNAS	0.0	0.0	0.0	0.0	0.0
2774	GNAL	0.0	0.0	0.0	0.0	0.0
2773	GNAI3	0.0	0.0	0.0	0.0	0.0
2771	GNAI2	0.0	0.0	0.0	0.0	0.0
2770	GNAI1	0.0	0.0	0.0	0.0	0.0
2769	GNA15	0.0	0.0	0.0	0.0	0.0
8427	ZNF282	0.0	0.0	0.0	0.0	0.0
8425	LTBP4	0.0	0.0	0.0	0.0	0.0
8424	BBOX1	0.0	0.0	0.0	0.0	0.0
8418	CMAHP	0.0	0.0	0.0	0.0	0.0
8416	ANXA9	0.0	0.0	0.0	0.0	0.0
8412	BCAR3	0.0	0.0	0.0	0.0	0.0
8455	ATRN	0.0	0.0	0.0	0.0	0.0
8454	CUL1	0.0	0.0	0.0	0.0	0.0
8453	CUL2	0.0	0.0	0.0	0.0	0.0
8452	CUL3	0.0	0.0	0.0	0.0	0.0
8451	CUL4A	0.0	0.0	0.0	0.0	0.0
8450	CUL4B	0.0	0.0	0.0	0.0	0.0
8448	DOC2A	0.0	0.0	0.0	0.0	0.0
8447	DOC2B	0.0	0.0	0.0	0.0	0.0
8446	DUSP11	0.0	0.0	0.0	0.0	0.0
8444	DYRK3	0.0	0.0	0.0	0.0	0.0
8443	GNPAT	0.0	0.0	0.0	0.0	0.0
8438	RAD54L	0.0	0.0	0.0	0.0	0.0
8437	RASAL1	0.0	0.0	0.0	0.0	0.0
8436	CAVIN2	0.0	0.0	0.0	0.0	0.0
8435	SOAT2	0.0	0.0	0.0	0.0	0.0
8434	RECK	0.0	0.0	0.0	0.0	0.0
8492	PRSS12	0.0	0.0	0.0	0.0	0.0
8491	MAP4K3	0.0	0.0	0.0	0.0	0.0
8490	RGS5	0.0	0.0	0.0	0.0	0.0
8487	GEMIN2	0.0	0.0	0.0	0.0	0.0
8483	CILP	0.0	0.0	0.0	0.0	0.0
8482	SEMA7A	0.0	0.0	0.0	0.0	0.0
8481	OFD1	0.0	0.0	0.0	0.0	0.0
8479	HIRIP3	0.0	0.0	0.0	0.0	0.0
8477	GPR65	0.0	0.0	0.0	0.0	0.0
8476	CDC42BPA	0.0	0.0	0.0	0.0	0.0
8473	OGT	0.0	0.0	0.0	0.0	0.0
8464	SUPT3H	0.0	0.0	0.0	0.0	0.0
8462	KLF11	0.0	0.0	0.0	0.0	0.0
8460	TPST1	0.0	0.0	0.0	0.0	0.0
8459	TPST2	0.0	0.0	0.0	0.0	0.0
8458	TTF2	0.0	0.0	0.0	0.0	0.0
8520	HAT1	0.0	0.0	0.0	0.0	0.0
8519	IFITM1	0.0	0.0	0.0	0.0	0.0
8518	ELP1	0.0	0.0	0.0	0.0	0.0
8516	ITGA8	0.0	0.0	0.0	0.0	0.0
8514	KCNAB2	0.0	0.0	0.0	0.0	0.0
8509	NDST2	0.0	0.0	0.0	0.0	0.0
8508	NIPSNAP1	0.0	0.0	0.0	0.0	0.0
8504	PEX3	0.0	0.0	0.0	0.0	0.0
8503	PIK3R3	0.0	0.0	0.0	0.0	0.0
8502	PKP4	0.0	0.0	0.0	0.0	0.0
8500	PPFIA1	0.0	0.0	0.0	0.0	0.0
8499	PPFIA2	0.0	0.0	0.0	0.0	0.0
8498	RANBP3	0.0	0.0	0.0	0.0	0.0
8497	PPFIA4	0.0	0.0	0.0	0.0	0.0
8495	PPFIBP2	0.0	0.0	0.0	0.0	0.0
8493	PPM1D	0.0	0.0	0.0	0.0	0.0
2768	GNA12	0.0	0.0	0.0	0.0	0.0
2767	GNA11	0.0	0.0	0.0	0.0	0.0
2766	GMPR	0.0	0.0	0.0	0.0	0.0
2764	GMFB	0.0	0.0	0.0	0.0	0.0
2762	GMDS	0.0	0.0	0.0	0.0	0.0
2752	GLUL	0.0	0.0	0.0	0.0	0.0
2747	GLUD2	0.0	0.0	0.0	0.0	0.0
2746	GLUD1	0.0	0.0	0.0	0.0	0.0
2743	GLRB	0.0	0.0	0.0	0.0	0.0
2740	GLP1R	0.0	0.0	0.0	0.0	0.0
2739	GLO1	0.0	0.0	0.0	0.0	0.0
2736	GLI2	0.0	0.0	0.0	0.0	0.0
8527	DGKD	0.0	0.0	0.0	0.0	0.0
8526	DGKE	0.0	0.0	0.0	0.0	0.0
8525	DGKZ	0.0	0.0	0.0	0.0	0.0
8522	GAS7	0.0	0.0	0.0	0.0	0.0
8549	LGR5	0.0	0.0	0.0	0.0	0.0
8547	FCN3	0.0	0.0	0.0	0.0	0.0
8546	AP3B1	0.0	0.0	0.0	0.0	0.0
8545	CGGBP1	0.0	0.0	0.0	0.0	0.0
8543	LMO4	0.0	0.0	0.0	0.0	0.0
8542	APOL1	0.0	0.0	0.0	0.0	0.0
8539	API5	0.0	0.0	0.0	0.0	0.0
8538	BARX2	0.0	0.0	0.0	0.0	0.0
8537	BCAS1	0.0	0.0	0.0	0.0	0.0
8536	CAMK1	0.0	0.0	0.0	0.0	0.0
8535	CBX4	0.0	0.0	0.0	0.0	0.0
8534	CHST1	0.0	0.0	0.0	0.0	0.0
8533	COPS3	0.0	0.0	0.0	0.0	0.0
8530	CST7	0.0	0.0	0.0	0.0	0.0
8529	CYP4F2	0.0	0.0	0.0	0.0	0.0
8528	DDO	0.0	0.0	0.0	0.0	0.0
8573	CASK	0.0	0.0	0.0	0.0	0.0
8572	PDLIM4	0.0	0.0	0.0	0.0	0.0
8568	RRP1	0.0	0.0	0.0	0.0	0.0
8567	MADD	0.0	0.0	0.0	0.0	0.0
8566	PDXK	0.0	0.0	0.0	0.0	0.0
8565	YARS1	0.0	0.0	0.0	0.0	0.0
8564	KMO	0.0	0.0	0.0	0.0	0.0
8563	THOC5	0.0	0.0	0.0	0.0	0.0
8562	DENR	0.0	0.0	0.0	0.0	0.0
8560	DEGS1	0.0	0.0	0.0	0.0	0.0
8558	CDK10	0.0	0.0	0.0	0.0	0.0
8556	CDC14A	0.0	0.0	0.0	0.0	0.0
8555	CDC14B	0.0	0.0	0.0	0.0	0.0
8554	PIAS1	0.0	0.0	0.0	0.0	0.0
8552	INE1	0.0	0.0	0.0	0.0	0.0
8550	MAPKAPK5	0.0	0.0	0.0	0.0	0.0
8614	STC2	0.0	0.0	0.0	0.0	0.0
8613	PLPP3	0.0	0.0	0.0	0.0	0.0
8612	PLPP2	0.0	0.0	0.0	0.0	0.0
8611	PLPP1	0.0	0.0	0.0	0.0	0.0
8609	KLF7	0.0	0.0	0.0	0.0	0.0
8608	RDH16	0.0	0.0	0.0	0.0	0.0
8607	RUVBL1	0.0	0.0	0.0	0.0	0.0
8605	PLA2G4C	0.0	0.0	0.0	0.0	0.0
8604	SLC25A12	0.0	0.0	0.0	0.0	0.0
8603	FAM193A	0.0	0.0	0.0	0.0	0.0
8602	NOP14	0.0	0.0	0.0	0.0	0.0
8587	OR7E2P	0.0	0.0	0.0	0.0	0.0
8578	SCARF1	0.0	0.0	0.0	0.0	0.0
8576	STK16	0.0	0.0	0.0	0.0	0.0
8575	PRKRA	0.0	0.0	0.0	0.0	0.0
8574	AKR7A2	0.0	0.0	0.0	0.0	0.0
8643	PTCH2	0.0	0.0	0.0	0.0	0.0
8642	DCHS1	0.0	0.0	0.0	0.0	0.0
8639	AOC3	0.0	0.0	0.0	0.0	0.0
8638	OASL	0.0	0.0	0.0	0.0	0.0
8636	SSNA1	0.0	0.0	0.0	0.0	0.0
8635	RNASET2	0.0	0.0	0.0	0.0	0.0
8634	RTCA	0.0	0.0	0.0	0.0	0.0
8633	UNC5C	0.0	0.0	0.0	0.0	0.0
8631	SKAP1	0.0	0.0	0.0	0.0	0.0
8630	HSD17B6	0.0	0.0	0.0	0.0	0.0
8629	JRK	0.0	0.0	0.0	0.0	0.0
8625	RFXANK	0.0	0.0	0.0	0.0	0.0
8624	PSMG1	0.0	0.0	0.0	0.0	0.0
8622	PDE8B	0.0	0.0	0.0	0.0	0.0
8621	CDK13	0.0	0.0	0.0	0.0	0.0
8615	USO1	0.0	0.0	0.0	0.0	0.0
8674	VAMP4	0.0	0.0	0.0	0.0	0.0
8672	EIF4G3	0.0	0.0	0.0	0.0	0.0
8671	SLC4A4	0.0	0.0	0.0	0.0	0.0
8669	EIF3J	0.0	0.0	0.0	0.0	0.0
8668	EIF3I	0.0	0.0	0.0	0.0	0.0
8667	EIF3H	0.0	0.0	0.0	0.0	0.0
8666	EIF3G	0.0	0.0	0.0	0.0	0.0
8655	DYNLL1	0.0	0.0	0.0	0.0	0.0
8654	PDE5A	0.0	0.0	0.0	0.0	0.0
8653	DDX3Y	0.0	0.0	0.0	0.0	0.0
8651	SOCS1	0.0	0.0	0.0	0.0	0.0
8649	LAMTOR3	0.0	0.0	0.0	0.0	0.0
8648	NCOA1	0.0	0.0	0.0	0.0	0.0
8646	CHRD	0.0	0.0	0.0	0.0	0.0
8645	KCNK5	0.0	0.0	0.0	0.0	0.0
8644	AKR1C3	0.0	0.0	0.0	0.0	0.0
8677	STX10	0.0	0.0	0.0	0.0	0.0
2734	GLG1	0.0	0.0	0.0	0.0	0.0
2733	GLE1	0.0	0.0	0.0	0.0	0.0
2731	GLDC	0.0	0.0	0.0	0.0	0.0
2730	GCLM	0.0	0.0	0.0	0.0	0.0
2729	GCLC	0.0	0.0	0.0	0.0	0.0
2719	GPC3	0.0	0.0	0.0	0.0	0.0
2717	GLA	0.0	0.0	0.0	0.0	0.0
2707	GJB3	0.0	0.0	0.0	0.0	0.0
2705	GJB1	0.0	0.0	0.0	0.0	0.0
2701	GJA4	0.0	0.0	0.0	0.0	0.0
2700	GJA3	0.0	0.0	0.0	0.0	0.0
2697	GJA1	0.0	0.0	0.0	0.0	0.0
2694	CBLIF	0.0	0.0	0.0	0.0	0.0
8676	STX11	0.0	0.0	0.0	0.0	0.0
8675	STX16	0.0	0.0	0.0	0.0	0.0
8723	SNX4	0.0	0.0	0.0	0.0	0.0
8722	CTSF	0.0	0.0	0.0	0.0	0.0
8721	EDF1	0.0	0.0	0.0	0.0	0.0
8717	TRADD	0.0	0.0	0.0	0.0	0.0
8711	TNK1	0.0	0.0	0.0	0.0	0.0
8707	B3GALT2	0.0	0.0	0.0	0.0	0.0
8706	B3GALNT1	0.0	0.0	0.0	0.0	0.0
8704	B4GALT2	0.0	0.0	0.0	0.0	0.0
8703	B4GALT3	0.0	0.0	0.0	0.0	0.0
8702	B4GALT4	0.0	0.0	0.0	0.0	0.0
8697	CDC23	0.0	0.0	0.0	0.0	0.0
8694	DGAT1	0.0	0.0	0.0	0.0	0.0
8692	HYAL2	0.0	0.0	0.0	0.0	0.0
8690	JRKL	0.0	0.0	0.0	0.0	0.0
8685	MARCO	0.0	0.0	0.0	0.0	0.0
8678	BECN1	0.0	0.0	0.0	0.0	0.0
8748	ADAM20	0.0	0.0	0.0	0.0	0.0
8747	ADAM21	0.0	0.0	0.0	0.0	0.0
8745	ADAM23	0.0	0.0	0.0	0.0	0.0
8744	TNFSF9	0.0	0.0	0.0	0.0	0.0
8740	TNFSF14	0.0	0.0	0.0	0.0	0.0
8738	CRADD	0.0	0.0	0.0	0.0	0.0
8737	RIPK1	0.0	0.0	0.0	0.0	0.0
8736	MYOM1	0.0	0.0	0.0	0.0	0.0
8733	GPAA1	0.0	0.0	0.0	0.0	0.0
8731	RNMT	0.0	0.0	0.0	0.0	0.0
8729	GBF1	0.0	0.0	0.0	0.0	0.0
8728	ADAM19	0.0	0.0	0.0	0.0	0.0
8727	CTNNAL1	0.0	0.0	0.0	0.0	0.0
8726	EED	0.0	0.0	0.0	0.0	0.0
8725	URI1	0.0	0.0	0.0	0.0	0.0
8724	SNX3	0.0	0.0	0.0	0.0	0.0
8792	TNFRSF11A	0.0	0.0	0.0	0.0	0.0
8787	RGS9	0.0	0.0	0.0	0.0	0.0
8786	RGS11	0.0	0.0	0.0	0.0	0.0
8780	RIOK3	0.0	0.0	0.0	0.0	0.0
8777	MPDZ	0.0	0.0	0.0	0.0	0.0
8776	MTMR1	0.0	0.0	0.0	0.0	0.0
8775	NAPA	0.0	0.0	0.0	0.0	0.0
8774	NAPG	0.0	0.0	0.0	0.0	0.0
8773	SNAP23	0.0	0.0	0.0	0.0	0.0
8772	FADD	0.0	0.0	0.0	0.0	0.0
8766	RAB11A	0.0	0.0	0.0	0.0	0.0
8764	TNFRSF14	0.0	0.0	0.0	0.0	0.0
8763	CD164	0.0	0.0	0.0	0.0	0.0
8760	CDS2	0.0	0.0	0.0	0.0	0.0
8754	ADAM9	0.0	0.0	0.0	0.0	0.0
8751	ADAM15	0.0	0.0	0.0	0.0	0.0
8819	SAP30	0.0	0.0	0.0	0.0	0.0
8818	DPM2	0.0	0.0	0.0	0.0	0.0
8815	BANF1	0.0	0.0	0.0	0.0	0.0
8813	DPM1	0.0	0.0	0.0	0.0	0.0
8808	IL36R	0.0	0.0	0.0	0.0	0.0
8807	IL18RAP	0.0	0.0	0.0	0.0	0.0
8805	TRIM24	0.0	0.0	0.0	0.0	0.0
8804	CREG1	0.0	0.0	0.0	0.0	0.0
8803	SUCLA2	0.0	0.0	0.0	0.0	0.0
8802	SUCLG1	0.0	0.0	0.0	0.0	0.0
8801	SUCLG2	0.0	0.0	0.0	0.0	0.0
8800	PEX11A	0.0	0.0	0.0	0.0	0.0
8798	DYRK4	0.0	0.0	0.0	0.0	0.0
8796	SCEL	0.0	0.0	0.0	0.0	0.0
8795	TNFRSF10B	0.0	0.0	0.0	0.0	0.0
8793	TNFRSF10D	0.0	0.0	0.0	0.0	0.0
8848	TSC22D1	0.0	0.0	0.0	0.0	0.0
8846	ALKBH1	0.0	0.0	0.0	0.0	0.0
8844	KSR1	0.0	0.0	0.0	0.0	0.0
8841	HDAC3	0.0	0.0	0.0	0.0	0.0
8839	CCN5	0.0	0.0	0.0	0.0	0.0
8838	CCN6	0.0	0.0	0.0	0.0	0.0
8837	CFLAR	0.0	0.0	0.0	0.0	0.0
8836	GGH	0.0	0.0	0.0	0.0	0.0
8835	SOCS2	0.0	0.0	0.0	0.0	0.0
8834	TMEM11	0.0	0.0	0.0	0.0	0.0
8832	CD84	0.0	0.0	0.0	0.0	0.0
8828	NRP2	0.0	0.0	0.0	0.0	0.0
8826	IQGAP1	0.0	0.0	0.0	0.0	0.0
8825	LIN7A	0.0	0.0	0.0	0.0	0.0
8824	CES2	0.0	0.0	0.0	0.0	0.0
8821	INPP4B	0.0	0.0	0.0	0.0	0.0
2692	GHRHR	0.0	0.0	0.0	0.0	0.0
2690	GHR	0.0	0.0	0.0	0.0	0.0
2687	GGT5	0.0	0.0	0.0	0.0	0.0
2683	B4GALT1	0.0	0.0	0.0	0.0	0.0
2677	GGCX	0.0	0.0	0.0	0.0	0.0
2675	GFRA2	0.0	0.0	0.0	0.0	0.0
2674	GFRA1	0.0	0.0	0.0	0.0	0.0
2673	GFPT1	0.0	0.0	0.0	0.0	0.0
2672	GFI1	0.0	0.0	0.0	0.0	0.0
2669	GEM	0.0	0.0	0.0	0.0	0.0
2668	GDNF	0.0	0.0	0.0	0.0	0.0
2665	GDI2	0.0	0.0	0.0	0.0	0.0
2664	GDI1	0.0	0.0	0.0	0.0	0.0
2651	GCNT2	0.0	0.0	0.0	0.0	0.0
8851	CDK5R1	0.0	0.0	0.0	0.0	0.0
8850	KAT2B	0.0	0.0	0.0	0.0	0.0
8883	NAE1	0.0	0.0	0.0	0.0	0.0
8882	ZPR1	0.0	0.0	0.0	0.0	0.0
8881	CDC16	0.0	0.0	0.0	0.0	0.0
8880	FUBP1	0.0	0.0	0.0	0.0	0.0
8879	SGPL1	0.0	0.0	0.0	0.0	0.0
8878	SQSTM1	0.0	0.0	0.0	0.0	0.0
8877	SPHK1	0.0	0.0	0.0	0.0	0.0
8876	VNN1	0.0	0.0	0.0	0.0	0.0
8875	VNN2	0.0	0.0	0.0	0.0	0.0
8869	ST3GAL5	0.0	0.0	0.0	0.0	0.0
8867	SYNJ1	0.0	0.0	0.0	0.0	0.0
8863	PER3	0.0	0.0	0.0	0.0	0.0
8861	LDB1	0.0	0.0	0.0	0.0	0.0
8858	PROZ	0.0	0.0	0.0	0.0	0.0
8857	FCGBP	0.0	0.0	0.0	0.0	0.0
8853	ASAP2	0.0	0.0	0.0	0.0	0.0
8910	SGCE	0.0	0.0	0.0	0.0	0.0
8909	ENDOU	0.0	0.0	0.0	0.0	0.0
8908	GYG2	0.0	0.0	0.0	0.0	0.0
8906	AP1G2	0.0	0.0	0.0	0.0	0.0
8899	PRP4K	0.0	0.0	0.0	0.0	0.0
8898	MTMR2	0.0	0.0	0.0	0.0	0.0
8897	MTMR3	0.0	0.0	0.0	0.0	0.0
8895	CPNE3	0.0	0.0	0.0	0.0	0.0
8894	EIF2S2	0.0	0.0	0.0	0.0	0.0
8893	EIF2B5	0.0	0.0	0.0	0.0	0.0
8892	EIF2B2	0.0	0.0	0.0	0.0	0.0
8890	EIF2B4	0.0	0.0	0.0	0.0	0.0
8888	MCM3AP	0.0	0.0	0.0	0.0	0.0
8887	TAX1BP1	0.0	0.0	0.0	0.0	0.0
8886	DDX18	0.0	0.0	0.0	0.0	0.0
8884	SLC5A6	0.0	0.0	0.0	0.0	0.0
8943	AP3D1	0.0	0.0	0.0	0.0	0.0
8942	KYNU	0.0	0.0	0.0	0.0	0.0
8940	TOP3B	0.0	0.0	0.0	0.0	0.0
8939	FUBP3	0.0	0.0	0.0	0.0	0.0
8936	WASF1	0.0	0.0	0.0	0.0	0.0
8935	SKAP2	0.0	0.0	0.0	0.0	0.0
8934	RAB29	0.0	0.0	0.0	0.0	0.0
8933	RTL8C	0.0	0.0	0.0	0.0	0.0
8932	MBD2	0.0	0.0	0.0	0.0	0.0
8930	MBD4	0.0	0.0	0.0	0.0	0.0
8927	BSN	0.0	0.0	0.0	0.0	0.0
8925	HERC1	0.0	0.0	0.0	0.0	0.0
8915	BCL10	0.0	0.0	0.0	0.0	0.0
8914	TIMELESS	0.0	0.0	0.0	0.0	0.0
8912	CACNA1H	0.0	0.0	0.0	0.0	0.0
8911	CACNA1I	0.0	0.0	0.0	0.0	0.0
9013	TAF1C	0.0	0.0	0.0	0.0	0.0
9001	HAP1	0.0	0.0	0.0	0.0	0.0
8997	KALRN	0.0	0.0	0.0	0.0	0.0
8996	NOL3	0.0	0.0	0.0	0.0	0.0
8994	LIMD1	0.0	0.0	0.0	0.0	0.0
8993	PGLYRP1	0.0	0.0	0.0	0.0	0.0
8992	ATP6V0E1	0.0	0.0	0.0	0.0	0.0
8991	SELENBP1	0.0	0.0	0.0	0.0	0.0
8989	TRPA1	0.0	0.0	0.0	0.0	0.0
8986	RPS6KA4	0.0	0.0	0.0	0.0	0.0
8985	PLOD3	0.0	0.0	0.0	0.0	0.0
8976	WASL	0.0	0.0	0.0	0.0	0.0
8975	USP13	0.0	0.0	0.0	0.0	0.0
8972	MGAM	0.0	0.0	0.0	0.0	0.0
8971	H1-10	0.0	0.0	0.0	0.0	0.0
8945	BTRC	0.0	0.0	0.0	0.0	0.0
2647	BLOC1S1	0.0	0.0	0.0	0.0	0.0
2644	GCHFR	0.0	0.0	0.0	0.0	0.0
2643	GCH1	0.0	0.0	0.0	0.0	0.0
2642	GCGR	0.0	0.0	0.0	0.0	0.0
2639	GCDH	0.0	0.0	0.0	0.0	0.0
2633	GBP1	0.0	0.0	0.0	0.0	0.0
2632	GBE1	0.0	0.0	0.0	0.0	0.0
2631	NIPSNAP2	0.0	0.0	0.0	0.0	0.0
2628	GATM	0.0	0.0	0.0	0.0	0.0
2627	GATA6	0.0	0.0	0.0	0.0	0.0
2625	GATA3	0.0	0.0	0.0	0.0	0.0
2624	GATA2	0.0	0.0	0.0	0.0	0.0
9020	MAP3K14	0.0	0.0	0.0	0.0	0.0
9016	SLC25A14	0.0	0.0	0.0	0.0	0.0
9015	TAF1A	0.0	0.0	0.0	0.0	0.0
9014	TAF1B	0.0	0.0	0.0	0.0	0.0
9047	SH2D2A	0.0	0.0	0.0	0.0	0.0
9046	DOK2	0.0	0.0	0.0	0.0	0.0
9045	RPL14	0.0	0.0	0.0	0.0	0.0
9044	BTAF1	0.0	0.0	0.0	0.0	0.0
9040	UBE2M	0.0	0.0	0.0	0.0	0.0
9039	UBA3	0.0	0.0	0.0	0.0	0.0
9037	SEMA5A	0.0	0.0	0.0	0.0	0.0
9034	CCRL2	0.0	0.0	0.0	0.0	0.0
9032	TM4SF5	0.0	0.0	0.0	0.0	0.0
9026	HIP1R	0.0	0.0	0.0	0.0	0.0
9025	RNF8	0.0	0.0	0.0	0.0	0.0
9024	BRSK2	0.0	0.0	0.0	0.0	0.0
9023	CH25H	0.0	0.0	0.0	0.0	0.0
9022	CLIC3	0.0	0.0	0.0	0.0	0.0
2649	NR6A1	0.0	0.0	0.0	0.0	0.0
2648	KAT2A	0.0	0.0	0.0	0.0	0.0
9086	EIF1AY	0.0	0.0	0.0	0.0	0.0
9079	LDB2	0.0	0.0	0.0	0.0	0.0
9077	DIRAS3	0.0	0.0	0.0	0.0	0.0
9076	CLDN1	0.0	0.0	0.0	0.0	0.0
9071	CLDN10	0.0	0.0	0.0	0.0	0.0
9070	ASH2L	0.0	0.0	0.0	0.0	0.0
9064	MAP3K6	0.0	0.0	0.0	0.0	0.0
9060	PAPSS2	0.0	0.0	0.0	0.0	0.0
9058	SLC13A2	0.0	0.0	0.0	0.0	0.0
9057	SLC7A6	0.0	0.0	0.0	0.0	0.0
9056	SLC7A7	0.0	0.0	0.0	0.0	0.0
9054	NFS1	0.0	0.0	0.0	0.0	0.0
9053	MAP7	0.0	0.0	0.0	0.0	0.0
9051	PSTPIP1	0.0	0.0	0.0	0.0	0.0
9049	AIP	0.0	0.0	0.0	0.0	0.0
9048	ARTN	0.0	0.0	0.0	0.0	0.0
9121	SLC16A5	0.0	0.0	0.0	0.0	0.0
9120	SLC16A6	0.0	0.0	0.0	0.0	0.0
9114	ATP6V0D1	0.0	0.0	0.0	0.0	0.0
9113	LATS1	0.0	0.0	0.0	0.0	0.0
9112	MTA1	0.0	0.0	0.0	0.0	0.0
9110	MTMR4	0.0	0.0	0.0	0.0	0.0
9107	MTMR6	0.0	0.0	0.0	0.0	0.0
9104	RGN	0.0	0.0	0.0	0.0	0.0
9101	USP8	0.0	0.0	0.0	0.0	0.0
9100	USP10	0.0	0.0	0.0	0.0	0.0
9097	USP14	0.0	0.0	0.0	0.0	0.0
9095	TBX19	0.0	0.0	0.0	0.0	0.0
9094	UNC119	0.0	0.0	0.0	0.0	0.0
9093	DNAJA3	0.0	0.0	0.0	0.0	0.0
9092	SART1	0.0	0.0	0.0	0.0	0.0
9087	TMSB4Y	0.0	0.0	0.0	0.0	0.0
9129	PRPF3	0.0	0.0	0.0	0.0	0.0
2623	GATA1	0.0	0.0	0.0	0.0	0.0
2622	DRC4	0.0	0.0	0.0	0.0	0.0
2621	GAS6	0.0	0.0	0.0	0.0	0.0
2619	GAS1	0.0	0.0	0.0	0.0	0.0
2617	GARS1	0.0	0.0	0.0	0.0	0.0
2615	LRRC32	0.0	0.0	0.0	0.0	0.0
2593	GAMT	0.0	0.0	0.0	0.0	0.0
2591	GALNT3	0.0	0.0	0.0	0.0	0.0
2590	GALNT2	0.0	0.0	0.0	0.0	0.0
2588	GALNS	0.0	0.0	0.0	0.0	0.0
2585	GALK2	0.0	0.0	0.0	0.0	0.0
9128	PRPF4	0.0	0.0	0.0	0.0	0.0
9126	SMC3	0.0	0.0	0.0	0.0	0.0
9125	CNOT9	0.0	0.0	0.0	0.0	0.0
9122	SLC16A4	0.0	0.0	0.0	0.0	0.0
9154	SLC28A1	0.0	0.0	0.0	0.0	0.0
9153	SLC28A2	0.0	0.0	0.0	0.0	0.0
9150	CTDP1	0.0	0.0	0.0	0.0	0.0
9149	DYRK1B	0.0	0.0	0.0	0.0	0.0
9148	NEURL1	0.0	0.0	0.0	0.0	0.0
9147	NEMF	0.0	0.0	0.0	0.0	0.0
9146	HGS	0.0	0.0	0.0	0.0	0.0
9145	SYNGR1	0.0	0.0	0.0	0.0	0.0
9144	SYNGR2	0.0	0.0	0.0	0.0	0.0
9143	SYNGR3	0.0	0.0	0.0	0.0	0.0
9141	PDCD5	0.0	0.0	0.0	0.0	0.0
9140	ATG12	0.0	0.0	0.0	0.0	0.0
9136	RRP9	0.0	0.0	0.0	0.0	0.0
9135	RABEP1	0.0	0.0	0.0	0.0	0.0
9133	CCNB2	0.0	0.0	0.0	0.0	0.0
9131	AIFM1	0.0	0.0	0.0	0.0	0.0
9184	BUB3	0.0	0.0	0.0	0.0	0.0
9183	ZW10	0.0	0.0	0.0	0.0	0.0
9182	RASSF9	0.0	0.0	0.0	0.0	0.0
9181	ARHGEF2	0.0	0.0	0.0	0.0	0.0
9180	OSMR	0.0	0.0	0.0	0.0	0.0
9179	AP4M1	0.0	0.0	0.0	0.0	0.0
9175	MAP3K13	0.0	0.0	0.0	0.0	0.0
9173	IL33R	0.0	0.0	0.0	0.0	0.0
9172	MYOM2	0.0	0.0	0.0	0.0	0.0
9170	LPAR2	0.0	0.0	0.0	0.0	0.0
9169	SCAF11	0.0	0.0	0.0	0.0	0.0
9167	COX7A2L	0.0	0.0	0.0	0.0	0.0
9166	EBAG9	0.0	0.0	0.0	0.0	0.0
9162	DGKI	0.0	0.0	0.0	0.0	0.0
9159	PCSK7	0.0	0.0	0.0	0.0	0.0
9158	FIBP	0.0	0.0	0.0	0.0	0.0
9219	MTA2	0.0	0.0	0.0	0.0	0.0
9218	VAPA	0.0	0.0	0.0	0.0	0.0
9217	VAPB	0.0	0.0	0.0	0.0	0.0
9215	LARGE1	0.0	0.0	0.0	0.0	0.0
9214	FCMR	0.0	0.0	0.0	0.0	0.0
9212	AURKB	0.0	0.0	0.0	0.0	0.0
9209	LRRFIP2	0.0	0.0	0.0	0.0	0.0
9208	LRRFIP1	0.0	0.0	0.0	0.0	0.0
9205	ZMYM5	0.0	0.0	0.0	0.0	0.0
9202	ZMYM4	0.0	0.0	0.0	0.0	0.0
9197	SLC33A1	0.0	0.0	0.0	0.0	0.0
9196	KCNAB3	0.0	0.0	0.0	0.0	0.0
9191	DEDD	0.0	0.0	0.0	0.0	0.0
9188	DDX21	0.0	0.0	0.0	0.0	0.0
9187	SLC24A1	0.0	0.0	0.0	0.0	0.0
9185	REPS2	0.0	0.0	0.0	0.0	0.0
9256	TSPOAP1	0.0	0.0	0.0	0.0	0.0
9255	AIMP1	0.0	0.0	0.0	0.0	0.0
9254	CACNA2D2	0.0	0.0	0.0	0.0	0.0
9252	RPS6KA5	0.0	0.0	0.0	0.0	0.0
9249	DHRS3	0.0	0.0	0.0	0.0	0.0
9246	UBE2L6	0.0	0.0	0.0	0.0	0.0
9244	CRLF1	0.0	0.0	0.0	0.0	0.0
9242	MSC	0.0	0.0	0.0	0.0	0.0
9240	PNMA1	0.0	0.0	0.0	0.0	0.0
9235	IL32	0.0	0.0	0.0	0.0	0.0
9232	PTTG1	0.0	0.0	0.0	0.0	0.0
9231	DLG5	0.0	0.0	0.0	0.0	0.0
9230	RAB11B	0.0	0.0	0.0	0.0	0.0
9229	DLGAP1	0.0	0.0	0.0	0.0	0.0
9228	DLGAP2	0.0	0.0	0.0	0.0	0.0
9221	NOLC1	0.0	0.0	0.0	0.0	0.0
9295	SRSF11	0.0	0.0	0.0	0.0	0.0
9289	ADGRG1	0.0	0.0	0.0	0.0	0.0
9282	MED14	0.0	0.0	0.0	0.0	0.0
9277	WDR46	0.0	0.0	0.0	0.0	0.0
9276	COPB2	0.0	0.0	0.0	0.0	0.0
9275	BCL7B	0.0	0.0	0.0	0.0	0.0
9274	BCL7C	0.0	0.0	0.0	0.0	0.0
9270	ITGB1BP1	0.0	0.0	0.0	0.0	0.0
9267	CYTH1	0.0	0.0	0.0	0.0	0.0
9266	CYTH2	0.0	0.0	0.0	0.0	0.0
9265	CYTH3	0.0	0.0	0.0	0.0	0.0
9263	STK17A	0.0	0.0	0.0	0.0	0.0
9262	STK17B	0.0	0.0	0.0	0.0	0.0
9261	MAPKAPK2	0.0	0.0	0.0	0.0	0.0
9260	PDLIM7	0.0	0.0	0.0	0.0	0.0
9258	MFHAS1	0.0	0.0	0.0	0.0	0.0
2584	GALK1	0.0	0.0	0.0	0.0	0.0
2583	B4GALNT1	0.0	0.0	0.0	0.0	0.0
2582	GALE	0.0	0.0	0.0	0.0	0.0
2581	GALC	0.0	0.0	0.0	0.0	0.0
2580	GAK	0.0	0.0	0.0	0.0	0.0
2570	GABRR2	0.0	0.0	0.0	0.0	0.0
2562	GABRB3	0.0	0.0	0.0	0.0	0.0
2561	GABRB2	0.0	0.0	0.0	0.0	0.0
2558	GABRA5	0.0	0.0	0.0	0.0	0.0
2555	GABRA2	0.0	0.0	0.0	0.0	0.0
2553	GABPB1	0.0	0.0	0.0	0.0	0.0
2551	GABPA	0.0	0.0	0.0	0.0	0.0
2550	GABBR1	0.0	0.0	0.0	0.0	0.0
9312	KCNB2	0.0	0.0	0.0	0.0	0.0
9310	ZNF235	0.0	0.0	0.0	0.0	0.0
9306	SOCS6	0.0	0.0	0.0	0.0	0.0
9341	VAMP3	0.0	0.0	0.0	0.0	0.0
9338	TCEAL1	0.0	0.0	0.0	0.0	0.0
9337	CNOT8	0.0	0.0	0.0	0.0	0.0
9331	B4GALT6	0.0	0.0	0.0	0.0	0.0
9328	GTF3C5	0.0	0.0	0.0	0.0	0.0
9326	ZNHIT3	0.0	0.0	0.0	0.0	0.0
9325	TRIP4	0.0	0.0	0.0	0.0	0.0
9324	HMGN3	0.0	0.0	0.0	0.0	0.0
9322	TRIP10	0.0	0.0	0.0	0.0	0.0
9321	TRIP11	0.0	0.0	0.0	0.0	0.0
9320	TRIP12	0.0	0.0	0.0	0.0	0.0
9319	TRIP13	0.0	0.0	0.0	0.0	0.0
9318	COPS2	0.0	0.0	0.0	0.0	0.0
9317	PTER	0.0	0.0	0.0	0.0	0.0
9315	NREP	0.0	0.0	0.0	0.0	0.0
9314	KLF4	0.0	0.0	0.0	0.0	0.0
9372	ZFYVE9	0.0	0.0	0.0	0.0	0.0
9371	KIF3B	0.0	0.0	0.0	0.0	0.0
9367	RAB9A	0.0	0.0	0.0	0.0	0.0
9365	KL	0.0	0.0	0.0	0.0	0.0
9364	RAB28	0.0	0.0	0.0	0.0	0.0
9361	LONP1	0.0	0.0	0.0	0.0	0.0
9360	PPIG	0.0	0.0	0.0	0.0	0.0
9358	ITGBL1	0.0	0.0	0.0	0.0	0.0
9356	SLC22A6	0.0	0.0	0.0	0.0	0.0
9354	UBE4A	0.0	0.0	0.0	0.0	0.0
9353	SLIT2	0.0	0.0	0.0	0.0	0.0
9352	TXNL1	0.0	0.0	0.0	0.0	0.0
9351	NHERF2	0.0	0.0	0.0	0.0	0.0
9348	NDST3	0.0	0.0	0.0	0.0	0.0
9344	TAOK2	0.0	0.0	0.0	0.0	0.0
9342	SNAP29	0.0	0.0	0.0	0.0	0.0
9403	SELENOF	0.0	0.0	0.0	0.0	0.0
9402	GRAP2	0.0	0.0	0.0	0.0	0.0
9401	RECQL4	0.0	0.0	0.0	0.0	0.0
9400	RECQL5	0.0	0.0	0.0	0.0	0.0
9399	STOML1	0.0	0.0	0.0	0.0	0.0
9398	CD101	0.0	0.0	0.0	0.0	0.0
9392	TGFBRAP1	0.0	0.0	0.0	0.0	0.0
9391	CIAO1	0.0	0.0	0.0	0.0	0.0
9390	SLC22A13	0.0	0.0	0.0	0.0	0.0
9389	SLC22A14	0.0	0.0	0.0	0.0	0.0
9388	LIPG	0.0	0.0	0.0	0.0	0.0
9380	GRHPR	0.0	0.0	0.0	0.0	0.0
9377	COX5A	0.0	0.0	0.0	0.0	0.0
9376	SLC22A8	0.0	0.0	0.0	0.0	0.0
9375	TM9SF2	0.0	0.0	0.0	0.0	0.0
9373	PLAA	0.0	0.0	0.0	0.0	0.0
9414	TJP2	0.0	0.0	0.0	0.0	0.0
2548	GAA	0.0	0.0	0.0	0.0	0.0
2542	SLC37A4	0.0	0.0	0.0	0.0	0.0
2539	G6PD	0.0	0.0	0.0	0.0	0.0
2534	FYN	0.0	0.0	0.0	0.0	0.0
2533	FYB1	0.0	0.0	0.0	0.0	0.0
2532	ACKR1	0.0	0.0	0.0	0.0	0.0
2531	KDSR	0.0	0.0	0.0	0.0	0.0
2529	FUT7	0.0	0.0	0.0	0.0	0.0
2528	FUT6	0.0	0.0	0.0	0.0	0.0
2525	FUT3	0.0	0.0	0.0	0.0	0.0
2524	FUT2	0.0	0.0	0.0	0.0	0.0
2523	FUT1	0.0	0.0	0.0	0.0	0.0
9410	SNRNP40	0.0	0.0	0.0	0.0	0.0
9409	PEX16	0.0	0.0	0.0	0.0	0.0
9407	TMPRSS11D	0.0	0.0	0.0	0.0	0.0
9452	ITM2A	0.0	0.0	0.0	0.0	0.0
9451	EIF2AK3	0.0	0.0	0.0	0.0	0.0
9448	MAP4K4	0.0	0.0	0.0	0.0	0.0
9447	AIM2	0.0	0.0	0.0	0.0	0.0
9445	ITM2B	0.0	0.0	0.0	0.0	0.0
9444	QKI	0.0	0.0	0.0	0.0	0.0
9443	MED7	0.0	0.0	0.0	0.0	0.0
9442	MED27	0.0	0.0	0.0	0.0	0.0
9439	MED23	0.0	0.0	0.0	0.0	0.0
9435	CHST2	0.0	0.0	0.0	0.0	0.0
9427	ECEL1	0.0	0.0	0.0	0.0	0.0
9425	CDYL	0.0	0.0	0.0	0.0	0.0
9423	NTN1	0.0	0.0	0.0	0.0	0.0
9420	CYP7B1	0.0	0.0	0.0	0.0	0.0
9419	CRIPT	0.0	0.0	0.0	0.0	0.0
9415	FADS2	0.0	0.0	0.0	0.0	0.0
9474	ATG5	0.0	0.0	0.0	0.0	0.0
9473	THEMIS2	0.0	0.0	0.0	0.0	0.0
9472	AKAP6	0.0	0.0	0.0	0.0	0.0
9470	EIF4E2	0.0	0.0	0.0	0.0	0.0
9469	CHST3	0.0	0.0	0.0	0.0	0.0
9467	SH3BP5	0.0	0.0	0.0	0.0	0.0
9466	IL27RA	0.0	0.0	0.0	0.0	0.0
9465	AKAP7	0.0	0.0	0.0	0.0	0.0
9463	PICK1	0.0	0.0	0.0	0.0	0.0
9462	RASAL2	0.0	0.0	0.0	0.0	0.0
9459	ARHGEF6	0.0	0.0	0.0	0.0	0.0
9457	FHL5	0.0	0.0	0.0	0.0	0.0
9456	HOMER1	0.0	0.0	0.0	0.0	0.0
9455	HOMER2	0.0	0.0	0.0	0.0	0.0
9454	HOMER3	0.0	0.0	0.0	0.0	0.0
9453	GGPS1	0.0	0.0	0.0	0.0	0.0
9512	PMPCB	0.0	0.0	0.0	0.0	0.0
9510	ADAMTS1	0.0	0.0	0.0	0.0	0.0
9509	ADAMTS2	0.0	0.0	0.0	0.0	0.0
9501	RPH3AL	0.0	0.0	0.0	0.0	0.0
9500	MAGED1	0.0	0.0	0.0	0.0	0.0
9499	MYOT	0.0	0.0	0.0	0.0	0.0
9497	SLC4A7	0.0	0.0	0.0	0.0	0.0
9493	KIF23	0.0	0.0	0.0	0.0	0.0
9491	PSMF1	0.0	0.0	0.0	0.0	0.0
9489	PGS1	0.0	0.0	0.0	0.0	0.0
9488	PIGB	0.0	0.0	0.0	0.0	0.0
9486	CHST10	0.0	0.0	0.0	0.0	0.0
9482	STX8	0.0	0.0	0.0	0.0	0.0
9478	CABP1	0.0	0.0	0.0	0.0	0.0
9477	MED20	0.0	0.0	0.0	0.0	0.0
9475	ROCK2	0.0	0.0	0.0	0.0	0.0
9535	GMFG	0.0	0.0	0.0	0.0	0.0
9534	ZNF254	0.0	0.0	0.0	0.0	0.0
9533	POLR1C	0.0	0.0	0.0	0.0	0.0
9532	BAG2	0.0	0.0	0.0	0.0	0.0
9531	BAG3	0.0	0.0	0.0	0.0	0.0
9530	BAG4	0.0	0.0	0.0	0.0	0.0
9529	BAG5	0.0	0.0	0.0	0.0	0.0
9528	TMEM59	0.0	0.0	0.0	0.0	0.0
9527	GOSR1	0.0	0.0	0.0	0.0	0.0
9526	MPDU1	0.0	0.0	0.0	0.0	0.0
9525	VPS4B	0.0	0.0	0.0	0.0	0.0
9522	SCAMP1	0.0	0.0	0.0	0.0	0.0
9519	TBPL1	0.0	0.0	0.0	0.0	0.0
9518	GDF15	0.0	0.0	0.0	0.0	0.0
9517	SPTLC2	0.0	0.0	0.0	0.0	0.0
9514	GAL3ST1	0.0	0.0	0.0	0.0	0.0
2517	FUCA1	0.0	0.0	0.0	0.0	0.0
2512	FTL	0.0	0.0	0.0	0.0	0.0
2495	FTH1	0.0	0.0	0.0	0.0	0.0
2494	NR5A2	0.0	0.0	0.0	0.0	0.0
2491	CENPI	0.0	0.0	0.0	0.0	0.0
2487	FRZB	0.0	0.0	0.0	0.0	0.0
2444	FRK	0.0	0.0	0.0	0.0	0.0
2395	FXN	0.0	0.0	0.0	0.0	0.0
2359	FPR3	0.0	0.0	0.0	0.0	0.0
2358	FPR2	0.0	0.0	0.0	0.0	0.0
2357	FPR1	0.0	0.0	0.0	0.0	0.0
2356	FPGS	0.0	0.0	0.0	0.0	0.0
2355	FOSL2	0.0	0.0	0.0	0.0	0.0
9538	EI24	0.0	0.0	0.0	0.0	0.0
9537	TP53I11	0.0	0.0	0.0	0.0	0.0
9536	PTGES	0.0	0.0	0.0	0.0	0.0
9576	SPAG6	0.0	0.0	0.0	0.0	0.0
9573	GDF3	0.0	0.0	0.0	0.0	0.0
9570	GOSR2	0.0	0.0	0.0	0.0	0.0
9567	GTPBP1	0.0	0.0	0.0	0.0	0.0
9563	H6PD	0.0	0.0	0.0	0.0	0.0
9562	MINPP1	0.0	0.0	0.0	0.0	0.0
9559	VPS26A	0.0	0.0	0.0	0.0	0.0
9556	ATP5MJ	0.0	0.0	0.0	0.0	0.0
9555	MACROH2A1	0.0	0.0	0.0	0.0	0.0
9553	MRPL33	0.0	0.0	0.0	0.0	0.0
9552	SPAG7	0.0	0.0	0.0	0.0	0.0
9550	ATP6V1G1	0.0	0.0	0.0	0.0	0.0
9546	APBA3	0.0	0.0	0.0	0.0	0.0
9545	RAB3D	0.0	0.0	0.0	0.0	0.0
9540	TP53I3	0.0	0.0	0.0	0.0	0.0
2521	FUS	0.0	0.0	0.0	0.0	0.0
9605	VPS9D1	0.0	0.0	0.0	0.0	0.0
9604	RNF14	0.0	0.0	0.0	0.0	0.0
9603	NFE2L3	0.0	0.0	0.0	0.0	0.0
9600	PITPNM1	0.0	0.0	0.0	0.0	0.0
9597	SMAD5-AS1	0.0	0.0	0.0	0.0	0.0
9595	CYTIP	0.0	0.0	0.0	0.0	0.0
9592	IER2	0.0	0.0	0.0	0.0	0.0
9590	AKAP12	0.0	0.0	0.0	0.0	0.0
9589	WTAP	0.0	0.0	0.0	0.0	0.0
9588	PRDX6	0.0	0.0	0.0	0.0	0.0
9587	MAD2L1BP	0.0	0.0	0.0	0.0	0.0
9585	KIF20B	0.0	0.0	0.0	0.0	0.0
9584	RBM39	0.0	0.0	0.0	0.0	0.0
9581	PREPL	0.0	0.0	0.0	0.0	0.0
9578	CDC42BPB	0.0	0.0	0.0	0.0	0.0
9577	BABAM2	0.0	0.0	0.0	0.0	0.0
9640	ZNF592	0.0	0.0	0.0	0.0	0.0
9639	ARHGEF10	0.0	0.0	0.0	0.0	0.0
9638	FEZ1	0.0	0.0	0.0	0.0	0.0
9637	FEZ2	0.0	0.0	0.0	0.0	0.0
9636	ISG15	0.0	0.0	0.0	0.0	0.0
9633	TESMIN	0.0	0.0	0.0	0.0	0.0
9630	GNA14	0.0	0.0	0.0	0.0	0.0
9628	RGS6	0.0	0.0	0.0	0.0	0.0
9627	SNCAIP	0.0	0.0	0.0	0.0	0.0
9625	LMTK1	0.0	0.0	0.0	0.0	0.0
9620	CELSR1	0.0	0.0	0.0	0.0	0.0
9619	ABCG1	0.0	0.0	0.0	0.0	0.0
9618	TRAF4	0.0	0.0	0.0	0.0	0.0
9617	MTRF1	0.0	0.0	0.0	0.0	0.0
9611	NCOR1	0.0	0.0	0.0	0.0	0.0
9609	RAB36	0.0	0.0	0.0	0.0	0.0
9647	PPM1F	0.0	0.0	0.0	0.0	0.0
2353	FOS	0.0	0.0	0.0	0.0	0.0
2350	FOLR2	0.0	0.0	0.0	0.0	0.0
2348	FOLR1	0.0	0.0	0.0	0.0	0.0
2339	FNTA	0.0	0.0	0.0	0.0	0.0
2332	FMR1	0.0	0.0	0.0	0.0	0.0
2331	FMOD	0.0	0.0	0.0	0.0	0.0
2329	FMO4	0.0	0.0	0.0	0.0	0.0
2327	FMO2	0.0	0.0	0.0	0.0	0.0
2326	FMO1	0.0	0.0	0.0	0.0	0.0
2324	FLT4	0.0	0.0	0.0	0.0	0.0
2322	FLT3	0.0	0.0	0.0	0.0	0.0
9646	CTR9	0.0	0.0	0.0	0.0	0.0
9644	SH3PXD2A	0.0	0.0	0.0	0.0	0.0
9643	MORF4L2	0.0	0.0	0.0	0.0	0.0
9641	IKBKE	0.0	0.0	0.0	0.0	0.0
9674	KIAA0040	0.0	0.0	0.0	0.0	0.0
9673	SLC25A44	0.0	0.0	0.0	0.0	0.0
9669	EIF5B	0.0	0.0	0.0	0.0	0.0
9667	SAFB2	0.0	0.0	0.0	0.0	0.0
9666	DZIP3	0.0	0.0	0.0	0.0	0.0
9665	MARF1	0.0	0.0	0.0	0.0	0.0
9663	LPIN2	0.0	0.0	0.0	0.0	0.0
9662	CEP135	0.0	0.0	0.0	0.0	0.0
9658	ZNF516	0.0	0.0	0.0	0.0	0.0
9657	IQCB1	0.0	0.0	0.0	0.0	0.0
9655	SOCS5	0.0	0.0	0.0	0.0	0.0
9654	TTLL4	0.0	0.0	0.0	0.0	0.0
9652	SKIC3	0.0	0.0	0.0	0.0	0.0
9650	MTFR1	0.0	0.0	0.0	0.0	0.0
9649	RALGPS1	0.0	0.0	0.0	0.0	0.0
9648	GCC2	0.0	0.0	0.0	0.0	0.0
9697	TRAM2	0.0	0.0	0.0	0.0	0.0
9695	EDEM1	0.0	0.0	0.0	0.0	0.0
9694	EMC2	0.0	0.0	0.0	0.0	0.0
9693	RAPGEF2	0.0	0.0	0.0	0.0	0.0
9692	PRORP	0.0	0.0	0.0	0.0	0.0
9690	UBE3C	0.0	0.0	0.0	0.0	0.0
9687	GREB1	0.0	0.0	0.0	0.0	0.0
9686	VGLL4	0.0	0.0	0.0	0.0	0.0
9685	CLINT1	0.0	0.0	0.0	0.0	0.0
9684	LRRC14	0.0	0.0	0.0	0.0	0.0
9683	N4BP1	0.0	0.0	0.0	0.0	0.0
9682	KDM4A	0.0	0.0	0.0	0.0	0.0
9681	DEPDC5	0.0	0.0	0.0	0.0	0.0
9679	FAM53B	0.0	0.0	0.0	0.0	0.0
9678	PHF14	0.0	0.0	0.0	0.0	0.0
9675	TTI1	0.0	0.0	0.0	0.0	0.0
9722	NOS1AP	0.0	0.0	0.0	0.0	0.0
9718	ECE2	0.0	0.0	0.0	0.0	0.0
9717	SEC14L5	0.0	0.0	0.0	0.0	0.0
9716	AQR	0.0	0.0	0.0	0.0	0.0
9715	FAM131B	0.0	0.0	0.0	0.0	0.0
9710	GARRE1	0.0	0.0	0.0	0.0	0.0
9709	HERPUD1	0.0	0.0	0.0	0.0	0.0
9706	ULK2	0.0	0.0	0.0	0.0	0.0
9705	ST18	0.0	0.0	0.0	0.0	0.0
9704	DHX34	0.0	0.0	0.0	0.0	0.0
9703	BLTP2	0.0	0.0	0.0	0.0	0.0
9702	CEP57	0.0	0.0	0.0	0.0	0.0
9701	PPP6R2	0.0	0.0	0.0	0.0	0.0
9700	ESPL1	0.0	0.0	0.0	0.0	0.0
9699	RIMS2	0.0	0.0	0.0	0.0	0.0
9698	PUM1	0.0	0.0	0.0	0.0	0.0
9744	ACAP1	0.0	0.0	0.0	0.0	0.0
9743	ARHGAP32	0.0	0.0	0.0	0.0	0.0
9742	IFT140	0.0	0.0	0.0	0.0	0.0
9741	LAPTM4A	0.0	0.0	0.0	0.0	0.0
9739	SETD1A	0.0	0.0	0.0	0.0	0.0
9738	CCP110	0.0	0.0	0.0	0.0	0.0
9737	GPRASP1	0.0	0.0	0.0	0.0	0.0
9736	USP34	0.0	0.0	0.0	0.0	0.0
9735	KNTC1	0.0	0.0	0.0	0.0	0.0
9733	SART3	0.0	0.0	0.0	0.0	0.0
9732	DOCK4	0.0	0.0	0.0	0.0	0.0
9731	CEP104	0.0	0.0	0.0	0.0	0.0
9730	DCAF1	0.0	0.0	0.0	0.0	0.0
9728	SECISBP2L	0.0	0.0	0.0	0.0	0.0
9727	RAB11FIP3	0.0	0.0	0.0	0.0	0.0
9725	TMEM63A	0.0	0.0	0.0	0.0	0.0
2321	FLT1	0.0	0.0	0.0	0.0	0.0
2318	FLNC	0.0	0.0	0.0	0.0	0.0
2317	FLNB	0.0	0.0	0.0	0.0	0.0
2315	MLANA	0.0	0.0	0.0	0.0	0.0
2312	FLG	0.0	0.0	0.0	0.0	0.0
2309	FOXO3	0.0	0.0	0.0	0.0	0.0
2308	FOXO1	0.0	0.0	0.0	0.0	0.0
2306	FOXD2	0.0	0.0	0.0	0.0	0.0
2305	FOXM1	0.0	0.0	0.0	0.0	0.0
2302	FOXJ1	0.0	0.0	0.0	0.0	0.0
2300	FOXL1	0.0	0.0	0.0	0.0	0.0
9755	TBKBP1	0.0	0.0	0.0	0.0	0.0
9753	ZSCAN12	0.0	0.0	0.0	0.0	0.0
9749	PHACTR2	0.0	0.0	0.0	0.0	0.0
9748	SLK	0.0	0.0	0.0	0.0	0.0
9746	CLSTN3	0.0	0.0	0.0	0.0	0.0
9790	BMS1	0.0	0.0	0.0	0.0	0.0
9786	KIAA0586	0.0	0.0	0.0	0.0	0.0
9784	SNX17	0.0	0.0	0.0	0.0	0.0
9781	RNF144A	0.0	0.0	0.0	0.0	0.0
9778	KIAA0232	0.0	0.0	0.0	0.0	0.0
9777	TM9SF4	0.0	0.0	0.0	0.0	0.0
9776	ATG13	0.0	0.0	0.0	0.0	0.0
9767	JADE3	0.0	0.0	0.0	0.0	0.0
9766	SUSD6	0.0	0.0	0.0	0.0	0.0
9765	ZFYVE16	0.0	0.0	0.0	0.0	0.0
9764	KIAA0513	0.0	0.0	0.0	0.0	0.0
9762	LZTS3	0.0	0.0	0.0	0.0	0.0
9761	MLEC	0.0	0.0	0.0	0.0	0.0
9760	TOX	0.0	0.0	0.0	0.0	0.0
9759	HDAC4	0.0	0.0	0.0	0.0	0.0
9757	KMT2B	0.0	0.0	0.0	0.0	0.0
9816	URB2	0.0	0.0	0.0	0.0	0.0
9815	GIT2	0.0	0.0	0.0	0.0	0.0
9814	SFI1	0.0	0.0	0.0	0.0	0.0
9813	EFCAB14	0.0	0.0	0.0	0.0	0.0
9812	DELE1	0.0	0.0	0.0	0.0	0.0
9810	RNF40	0.0	0.0	0.0	0.0	0.0
9808	KIAA0087	0.0	0.0	0.0	0.0	0.0
9807	IP6K1	0.0	0.0	0.0	0.0	0.0
9806	SPOCK2	0.0	0.0	0.0	0.0	0.0
9804	TOMM20	0.0	0.0	0.0	0.0	0.0
9802	DAZAP2	0.0	0.0	0.0	0.0	0.0
9801	MRPL19	0.0	0.0	0.0	0.0	0.0
9798	IST1	0.0	0.0	0.0	0.0	0.0
9794	MAML1	0.0	0.0	0.0	0.0	0.0
9793	CKAP5	0.0	0.0	0.0	0.0	0.0
9791	PTDSS1	0.0	0.0	0.0	0.0	0.0
2297	FOXD1	0.0	0.0	0.0	0.0	0.0
2296	FOXC1	0.0	0.0	0.0	0.0	0.0
2294	FOXF1	0.0	0.0	0.0	0.0	0.0
2288	FKBP4	0.0	0.0	0.0	0.0	0.0
2287	FKBP3	0.0	0.0	0.0	0.0	0.0
2286	FKBP2	0.0	0.0	0.0	0.0	0.0
2281	FKBP1B	0.0	0.0	0.0	0.0	0.0
2275	FHL3	0.0	0.0	0.0	0.0	0.0
2272	FHIT	0.0	0.0	0.0	0.0	0.0
2271	FH	0.0	0.0	0.0	0.0	0.0
2268	FGR	0.0	0.0	0.0	0.0	0.0
2266	FGG	0.0	0.0	0.0	0.0	0.0
9823	ARMCX2	0.0	0.0	0.0	0.0	0.0
9821	RB1CC1	0.0	0.0	0.0	0.0	0.0
9819	TSC22D2	0.0	0.0	0.0	0.0	0.0
9817	KEAP1	0.0	0.0	0.0	0.0	0.0
9854	C2CD2L	0.0	0.0	0.0	0.0	0.0
9853	RUSC2	0.0	0.0	0.0	0.0	0.0
9852	EPM2AIP1	0.0	0.0	0.0	0.0	0.0
9849	ZNF518A	0.0	0.0	0.0	0.0	0.0
9848	MFAP3L	0.0	0.0	0.0	0.0	0.0
9847	C2CD5	0.0	0.0	0.0	0.0	0.0
9844	ELMO1	0.0	0.0	0.0	0.0	0.0
9843	HEPH	0.0	0.0	0.0	0.0	0.0
9841	ZBTB24	0.0	0.0	0.0	0.0	0.0
9836	LCMT2	0.0	0.0	0.0	0.0	0.0
9834	FAM30A	0.0	0.0	0.0	0.0	0.0
9830	TRIM14	0.0	0.0	0.0	0.0	0.0
9828	ARHGEF17	0.0	0.0	0.0	0.0	0.0
9826	ARHGEF11	0.0	0.0	0.0	0.0	0.0
9825	SPATA2	0.0	0.0	0.0	0.0	0.0
9824	ARHGAP11A	0.0	0.0	0.0	0.0	0.0
9880	ZBTB39	0.0	0.0	0.0	0.0	0.0
9879	DDX46	0.0	0.0	0.0	0.0	0.0
9878	TOX4	0.0	0.0	0.0	0.0	0.0
9875	URB1	0.0	0.0	0.0	0.0	0.0
9874	TLK1	0.0	0.0	0.0	0.0	0.0
9871	SEC24D	0.0	0.0	0.0	0.0	0.0
9870	AREL1	0.0	0.0	0.0	0.0	0.0
9869	SETDB1	0.0	0.0	0.0	0.0	0.0
9868	TOMM70	0.0	0.0	0.0	0.0	0.0
9867	PJA2	0.0	0.0	0.0	0.0	0.0
9866	TRIM66	0.0	0.0	0.0	0.0	0.0
9862	MED24	0.0	0.0	0.0	0.0	0.0
9861	PSMD6	0.0	0.0	0.0	0.0	0.0
9860	LRIG2	0.0	0.0	0.0	0.0	0.0
9858	PPP1R26	0.0	0.0	0.0	0.0	0.0
9855	FARP2	0.0	0.0	0.0	0.0	0.0
2264	FGFR4	0.0	0.0	0.0	0.0	0.0
2263	FGFR2	0.0	0.0	0.0	0.0	0.0
2261	FGFR3	0.0	0.0	0.0	0.0	0.0
2260	FGFR1	0.0	0.0	0.0	0.0	0.0
2257	FGF12	0.0	0.0	0.0	0.0	0.0
2252	FGF7	0.0	0.0	0.0	0.0	0.0
2246	FGF1	0.0	0.0	0.0	0.0	0.0
2245	FGD1	0.0	0.0	0.0	0.0	0.0
2244	FGB	0.0	0.0	0.0	0.0	0.0
2243	FGA	0.0	0.0	0.0	0.0	0.0
2242	FES	0.0	0.0	0.0	0.0	0.0
9889	ZBED4	0.0	0.0	0.0	0.0	0.0
9887	SMG7	0.0	0.0	0.0	0.0	0.0
9886	RHOBTB1	0.0	0.0	0.0	0.0	0.0
9885	OSBPL2	0.0	0.0	0.0	0.0	0.0
9882	TBC1D4	0.0	0.0	0.0	0.0	0.0
9912	ARHGAP44	0.0	0.0	0.0	0.0	0.0
9911	TMCC2	0.0	0.0	0.0	0.0	0.0
9910	RABGAP1L	0.0	0.0	0.0	0.0	0.0
9909	DENND4B	0.0	0.0	0.0	0.0	0.0
9908	G3BP2	0.0	0.0	0.0	0.0	0.0
9904	RBM19	0.0	0.0	0.0	0.0	0.0
9902	MRC2	0.0	0.0	0.0	0.0	0.0
9901	SRGAP3	0.0	0.0	0.0	0.0	0.0
9900	SV2A	0.0	0.0	0.0	0.0	0.0
9899	SV2B	0.0	0.0	0.0	0.0	0.0
9898	UBAP2L	0.0	0.0	0.0	0.0	0.0
9897	WASHC5	0.0	0.0	0.0	0.0	0.0
9896	FIG4	0.0	0.0	0.0	0.0	0.0
9895	TECPR2	0.0	0.0	0.0	0.0	0.0
9894	TELO2	0.0	0.0	0.0	0.0	0.0
9890	PLPPR4	0.0	0.0	0.0	0.0	0.0
9934	P2RY14	0.0	0.0	0.0	0.0	0.0
9933	PUM3	0.0	0.0	0.0	0.0	0.0
9931	HELZ	0.0	0.0	0.0	0.0	0.0
9929	JOSD1	0.0	0.0	0.0	0.0	0.0
9927	MFN2	0.0	0.0	0.0	0.0	0.0
9926	LPGAT1	0.0	0.0	0.0	0.0	0.0
9925	ZBTB5	0.0	0.0	0.0	0.0	0.0
9924	PAN2	0.0	0.0	0.0	0.0	0.0
9923	ZBTB40	0.0	0.0	0.0	0.0	0.0
9921	RNF10	0.0	0.0	0.0	0.0	0.0
9920	KBTBD11	0.0	0.0	0.0	0.0	0.0
9919	SEC16A	0.0	0.0	0.0	0.0	0.0
9918	NCAPD2	0.0	0.0	0.0	0.0	0.0
9917	FAM20B	0.0	0.0	0.0	0.0	0.0
9915	ARNT2	0.0	0.0	0.0	0.0	0.0
9913	SUPT7L	0.0	0.0	0.0	0.0	0.0
9966	TNFSF15	0.0	0.0	0.0	0.0	0.0
9962	SLC23A2	0.0	0.0	0.0	0.0	0.0
9961	MVP	0.0	0.0	0.0	0.0	0.0
9960	USP3	0.0	0.0	0.0	0.0	0.0
9955	HS3ST3A1	0.0	0.0	0.0	0.0	0.0
9953	HS3ST3B1	0.0	0.0	0.0	0.0	0.0
9950	GOLGA5	0.0	0.0	0.0	0.0	0.0
9949	AMMECR1	0.0	0.0	0.0	0.0	0.0
9948	WDR1	0.0	0.0	0.0	0.0	0.0
9946	CRYZL1	0.0	0.0	0.0	0.0	0.0
9945	GFPT2	0.0	0.0	0.0	0.0	0.0
9943	OXSR1	0.0	0.0	0.0	0.0	0.0
9942	XYLB	0.0	0.0	0.0	0.0	0.0
9941	EXOG	0.0	0.0	0.0	0.0	0.0
9938	ARHGAP25	0.0	0.0	0.0	0.0	0.0
9937	DCLRE1A	0.0	0.0	0.0	0.0	0.0
9984	THOC1	0.0	0.0	0.0	0.0	0.0
2241	FER	0.0	0.0	0.0	0.0	0.0
2237	FEN1	0.0	0.0	0.0	0.0	0.0
2235	FECH	0.0	0.0	0.0	0.0	0.0
2232	FDXR	0.0	0.0	0.0	0.0	0.0
2230	FDX1	0.0	0.0	0.0	0.0	0.0
2224	FDPS	0.0	0.0	0.0	0.0	0.0
2222	FDFT1	0.0	0.0	0.0	0.0	0.0
2218	FKTN	0.0	0.0	0.0	0.0	0.0
2217	FCGRT	0.0	0.0	0.0	0.0	0.0
2208	FCER2	0.0	0.0	0.0	0.0	0.0
9973	CCS	0.0	0.0	0.0	0.0	0.0
9972	NUP153	0.0	0.0	0.0	0.0	0.0
9971	NR1H4	0.0	0.0	0.0	0.0	0.0
9969	MED13	0.0	0.0	0.0	0.0	0.0
9968	MED12	0.0	0.0	0.0	0.0	0.0
10010	TANK	0.0	0.0	0.0	0.0	0.0
10009	ZBTB33	0.0	0.0	0.0	0.0	0.0
10007	GNPDA1	0.0	0.0	0.0	0.0	0.0
10006	ABI1	0.0	0.0	0.0	0.0	0.0
10005	ACOT8	0.0	0.0	0.0	0.0	0.0
10004	NAALADL1	0.0	0.0	0.0	0.0	0.0
10003	NAALAD2	0.0	0.0	0.0	0.0	0.0
10002	NR2E3	0.0	0.0	0.0	0.0	0.0
10000	AKT3	0.0	0.0	0.0	0.0	0.0
9994	CASP8AP2	0.0	0.0	0.0	0.0	0.0
9993	DGCR2	0.0	0.0	0.0	0.0	0.0
9989	PPP4R1	0.0	0.0	0.0	0.0	0.0
9988	DMTF1	0.0	0.0	0.0	0.0	0.0
9987	HNRNPDL	0.0	0.0	0.0	0.0	0.0
9986	RCE1	0.0	0.0	0.0	0.0	0.0
9985	REC8	0.0	0.0	0.0	0.0	0.0
10045	SH2D3A	0.0	0.0	0.0	0.0	0.0
10043	TOM1	0.0	0.0	0.0	0.0	0.0
10042	HMGXB4	0.0	0.0	0.0	0.0	0.0
10040	TOM1L1	0.0	0.0	0.0	0.0	0.0
10039	PARP3	0.0	0.0	0.0	0.0	0.0
10038	PARP2	0.0	0.0	0.0	0.0	0.0
10036	CHAF1A	0.0	0.0	0.0	0.0	0.0
10026	PIGK	0.0	0.0	0.0	0.0	0.0
10025	MED16	0.0	0.0	0.0	0.0	0.0
10023	FRAT1	0.0	0.0	0.0	0.0	0.0
10021	HCN4	0.0	0.0	0.0	0.0	0.0
10020	GNE	0.0	0.0	0.0	0.0	0.0
10018	BCL2L11	0.0	0.0	0.0	0.0	0.0
10015	PDCD6IP	0.0	0.0	0.0	0.0	0.0
10014	HDAC5	0.0	0.0	0.0	0.0	0.0
10013	HDAC6	0.0	0.0	0.0	0.0	0.0
2203	FBP1	0.0	0.0	0.0	0.0	0.0
2201	FBN2	0.0	0.0	0.0	0.0	0.0
2199	FBLN2	0.0	0.0	0.0	0.0	0.0
2197	FAU	0.0	0.0	0.0	0.0	0.0
2194	FASN	0.0	0.0	0.0	0.0	0.0
2193	FARSA	0.0	0.0	0.0	0.0	0.0
2192	FBLN1	0.0	0.0	0.0	0.0	0.0
2191	FAP	0.0	0.0	0.0	0.0	0.0
10054	UBA2	0.0	0.0	0.0	0.0	0.0
10053	AP1M2	0.0	0.0	0.0	0.0	0.0
10052	GJC1	0.0	0.0	0.0	0.0	0.0
10051	SMC4	0.0	0.0	0.0	0.0	0.0
10050	SLC17A4	0.0	0.0	0.0	0.0	0.0
10049	DNAJB6	0.0	0.0	0.0	0.0	0.0
10048	RANBP9	0.0	0.0	0.0	0.0	0.0
10046	MAMLD1	0.0	0.0	0.0	0.0	0.0
10084	PQBP1	0.0	0.0	0.0	0.0	0.0
10083	USH1C	0.0	0.0	0.0	0.0	0.0
10078	TSSC4	0.0	0.0	0.0	0.0	0.0
10077	TSPAN32	0.0	0.0	0.0	0.0	0.0
10076	PTPRU	0.0	0.0	0.0	0.0	0.0
10075	HUWE1	0.0	0.0	0.0	0.0	0.0
10073	SNUPN	0.0	0.0	0.0	0.0	0.0
10072	DPP3	0.0	0.0	0.0	0.0	0.0
10067	SCAMP3	0.0	0.0	0.0	0.0	0.0
10062	NR1H3	0.0	0.0	0.0	0.0	0.0
10061	ABCF2	0.0	0.0	0.0	0.0	0.0
10060	ABCC9	0.0	0.0	0.0	0.0	0.0
10059	DNM1L	0.0	0.0	0.0	0.0	0.0
10058	ABCB6	0.0	0.0	0.0	0.0	0.0
10057	ABCC5	0.0	0.0	0.0	0.0	0.0
2204	FCAR	0.0	0.0	0.0	0.0	0.0
10113	PREB	0.0	0.0	0.0	0.0	0.0
10111	RAD50	0.0	0.0	0.0	0.0	0.0
10110	SGK2	0.0	0.0	0.0	0.0	0.0
10109	ARPC2	0.0	0.0	0.0	0.0	0.0
10106	CTDSP2	0.0	0.0	0.0	0.0	0.0
10105	PPIF	0.0	0.0	0.0	0.0	0.0
10102	TSFM	0.0	0.0	0.0	0.0	0.0
10100	TSPAN2	0.0	0.0	0.0	0.0	0.0
10099	TSPAN3	0.0	0.0	0.0	0.0	0.0
10098	TSPAN5	0.0	0.0	0.0	0.0	0.0
10097	ACTR2	0.0	0.0	0.0	0.0	0.0
10093	ARPC4	0.0	0.0	0.0	0.0	0.0
10092	ARPC5	0.0	0.0	0.0	0.0	0.0
10090	UST	0.0	0.0	0.0	0.0	0.0
10087	CERT1	0.0	0.0	0.0	0.0	0.0
10085	EDIL3	0.0	0.0	0.0	0.0	0.0
10147	SUGP2	0.0	0.0	0.0	0.0	0.0
10146	G3BP1	0.0	0.0	0.0	0.0	0.0
10144	FAM13A	0.0	0.0	0.0	0.0	0.0
10142	AKAP9	0.0	0.0	0.0	0.0	0.0
10140	TOB1	0.0	0.0	0.0	0.0	0.0
10138	YAF2	0.0	0.0	0.0	0.0	0.0
10135	NAMPT	0.0	0.0	0.0	0.0	0.0
10134	BCAP31	0.0	0.0	0.0	0.0	0.0
10133	OPTN	0.0	0.0	0.0	0.0	0.0
10131	TRAP1	0.0	0.0	0.0	0.0	0.0
10129	FRY	0.0	0.0	0.0	0.0	0.0
10128	LRPPRC	0.0	0.0	0.0	0.0	0.0
10126	DNAL4	0.0	0.0	0.0	0.0	0.0
10125	RASGRP1	0.0	0.0	0.0	0.0	0.0
10120	ACTR1B	0.0	0.0	0.0	0.0	0.0
10116	FEM1B	0.0	0.0	0.0	0.0	0.0
2186	BPTF	0.0	0.0	0.0	0.0	0.0
2185	PTK2B	0.0	0.0	0.0	0.0	0.0
2184	FAH	0.0	0.0	0.0	0.0	0.0
2181	ACSL3	0.0	0.0	0.0	0.0	0.0
2180	ACSL1	0.0	0.0	0.0	0.0	0.0
2178	FANCE	0.0	0.0	0.0	0.0	0.0
2176	FANCC	0.0	0.0	0.0	0.0	0.0
2175	FANCA	0.0	0.0	0.0	0.0	0.0
2170	FABP3	0.0	0.0	0.0	0.0	0.0
2168	FABP1	0.0	0.0	0.0	0.0	0.0
2166	FAAH	0.0	0.0	0.0	0.0	0.0
2162	F13A1	0.0	0.0	0.0	0.0	0.0
2161	F12	0.0	0.0	0.0	0.0	0.0
10150	MBNL2	0.0	0.0	0.0	0.0	0.0
10149	ADGRG2	0.0	0.0	0.0	0.0	0.0
10148	EBI3	0.0	0.0	0.0	0.0	0.0
10180	RBM6	0.0	0.0	0.0	0.0	0.0
10179	RBM7	0.0	0.0	0.0	0.0	0.0
10178	TENM1	0.0	0.0	0.0	0.0	0.0
10175	CNIH1	0.0	0.0	0.0	0.0	0.0
10174	SORBS3	0.0	0.0	0.0	0.0	0.0
10168	ZNF197	0.0	0.0	0.0	0.0	0.0
10165	SLC25A13	0.0	0.0	0.0	0.0	0.0
10162	LPCAT3	0.0	0.0	0.0	0.0	0.0
10161	LPAR6	0.0	0.0	0.0	0.0	0.0
10158	PDZK1IP1	0.0	0.0	0.0	0.0	0.0
10157	AASS	0.0	0.0	0.0	0.0	0.0
10155	TRIM28	0.0	0.0	0.0	0.0	0.0
10154	PLXNC1	0.0	0.0	0.0	0.0	0.0
10153	CEBPZ	0.0	0.0	0.0	0.0	0.0
10152	ABI2	0.0	0.0	0.0	0.0	0.0
2188	FANCF	0.0	0.0	0.0	0.0	0.0
10212	DDX39A	0.0	0.0	0.0	0.0	0.0
10210	TOPORS	0.0	0.0	0.0	0.0	0.0
10209	EIF1	0.0	0.0	0.0	0.0	0.0
10208	USPL1	0.0	0.0	0.0	0.0	0.0
10207	PATJ	0.0	0.0	0.0	0.0	0.0
10203	CALCRL	0.0	0.0	0.0	0.0	0.0
10200	MPHOSPH6	0.0	0.0	0.0	0.0	0.0
10199	MPHOSPH10	0.0	0.0	0.0	0.0	0.0
10198	MPHOSPH9	0.0	0.0	0.0	0.0	0.0
10197	PSME3	0.0	0.0	0.0	0.0	0.0
10196	PRMT3	0.0	0.0	0.0	0.0	0.0
10195	ALG3	0.0	0.0	0.0	0.0	0.0
10193	RNF41	0.0	0.0	0.0	0.0	0.0
10190	TXNDC9	0.0	0.0	0.0	0.0	0.0
10188	TNK2	0.0	0.0	0.0	0.0	0.0
10186	LHFPL6	0.0	0.0	0.0	0.0	0.0
2159	F10	0.0	0.0	0.0	0.0	0.0
2157	F8	0.0	0.0	0.0	0.0	0.0
2155	F7	0.0	0.0	0.0	0.0	0.0
2152	F3	0.0	0.0	0.0	0.0	0.0
2150	F2RL1	0.0	0.0	0.0	0.0	0.0
2149	F2R	0.0	0.0	0.0	0.0	0.0
2145	EZH1	0.0	0.0	0.0	0.0	0.0
2135	EXTL2	0.0	0.0	0.0	0.0	0.0
2134	EXTL1	0.0	0.0	0.0	0.0	0.0
10224	ZNF443	0.0	0.0	0.0	0.0	0.0
10221	TRIB1	0.0	0.0	0.0	0.0	0.0
10220	GDF11	0.0	0.0	0.0	0.0	0.0
10219	KLRG1	0.0	0.0	0.0	0.0	0.0
10218	ANGPTL7	0.0	0.0	0.0	0.0	0.0
10215	OLIG2	0.0	0.0	0.0	0.0	0.0
10213	PSMD14	0.0	0.0	0.0	0.0	0.0
10246	SLC17A2	0.0	0.0	0.0	0.0	0.0
10245	TIMM17B	0.0	0.0	0.0	0.0	0.0
10244	RABEPK	0.0	0.0	0.0	0.0	0.0
10243	GPHN	0.0	0.0	0.0	0.0	0.0
10240	MRPS31	0.0	0.0	0.0	0.0	0.0
10238	DCAF7	0.0	0.0	0.0	0.0	0.0
10237	SLC35B1	0.0	0.0	0.0	0.0	0.0
10236	HNRNPR	0.0	0.0	0.0	0.0	0.0
10235	RASGRP2	0.0	0.0	0.0	0.0	0.0
10234	LRRC17	0.0	0.0	0.0	0.0	0.0
10232	MSLN	0.0	0.0	0.0	0.0	0.0
10231	RCAN2	0.0	0.0	0.0	0.0	0.0
10229	COQ7	0.0	0.0	0.0	0.0	0.0
10228	STX6	0.0	0.0	0.0	0.0	0.0
10226	PLIN3	0.0	0.0	0.0	0.0	0.0
10225	CD96	0.0	0.0	0.0	0.0	0.0
10270	AKAP8	0.0	0.0	0.0	0.0	0.0
10269	ZMPSTE24	0.0	0.0	0.0	0.0	0.0
10268	RAMP3	0.0	0.0	0.0	0.0	0.0
10267	RAMP1	0.0	0.0	0.0	0.0	0.0
10266	RAMP2	0.0	0.0	0.0	0.0	0.0
10265	IRX5	0.0	0.0	0.0	0.0	0.0
10263	CDK2AP2	0.0	0.0	0.0	0.0	0.0
10262	SF3B4	0.0	0.0	0.0	0.0	0.0
10260	DENND4A	0.0	0.0	0.0	0.0	0.0
10257	ABCC4	0.0	0.0	0.0	0.0	0.0
10256	CNKSR1	0.0	0.0	0.0	0.0	0.0
10253	SPRY2	0.0	0.0	0.0	0.0	0.0
10250	SRRM1	0.0	0.0	0.0	0.0	0.0
10249	GLYAT	0.0	0.0	0.0	0.0	0.0
10248	POP7	0.0	0.0	0.0	0.0	0.0
10247	RIDA	0.0	0.0	0.0	0.0	0.0
10293	TRAIP	0.0	0.0	0.0	0.0	0.0
10291	SF3A1	0.0	0.0	0.0	0.0	0.0
10289	EIF1B	0.0	0.0	0.0	0.0	0.0
10288	LILRB2	0.0	0.0	0.0	0.0	0.0
10287	RGS19	0.0	0.0	0.0	0.0	0.0
10285	SMNDC1	0.0	0.0	0.0	0.0	0.0
10284	SAP18	0.0	0.0	0.0	0.0	0.0
10282	BET1	0.0	0.0	0.0	0.0	0.0
10280	SIGMAR1	0.0	0.0	0.0	0.0	0.0
10279	PRSS16	0.0	0.0	0.0	0.0	0.0
10278	EFS	0.0	0.0	0.0	0.0	0.0
10277	UBE4B	0.0	0.0	0.0	0.0	0.0
10276	NET1	0.0	0.0	0.0	0.0	0.0
10274	STAG1	0.0	0.0	0.0	0.0	0.0
10273	STUB1	0.0	0.0	0.0	0.0	0.0
10272	FSTL3	0.0	0.0	0.0	0.0	0.0
10318	TNIP1	0.0	0.0	0.0	0.0	0.0
10317	B3GALT5	0.0	0.0	0.0	0.0	0.0
10316	NMUR1	0.0	0.0	0.0	0.0	0.0
10314	LANCL1	0.0	0.0	0.0	0.0	0.0
10313	RTN3	0.0	0.0	0.0	0.0	0.0
10312	TCIRG1	0.0	0.0	0.0	0.0	0.0
10311	VPS26C	0.0	0.0	0.0	0.0	0.0
10309	CCNO	0.0	0.0	0.0	0.0	0.0
10302	SNAPC5	0.0	0.0	0.0	0.0	0.0
10301	DLEU1	0.0	0.0	0.0	0.0	0.0
10300	KATNB1	0.0	0.0	0.0	0.0	0.0
10299	MARCHF6	0.0	0.0	0.0	0.0	0.0
10297	APC2	0.0	0.0	0.0	0.0	0.0
10296	MAEA	0.0	0.0	0.0	0.0	0.0
10295	BCKDK	0.0	0.0	0.0	0.0	0.0
10294	DNAJA2	0.0	0.0	0.0	0.0	0.0
10328	EMC8	0.0	0.0	0.0	0.0	0.0
2130	EWSR1	0.0	0.0	0.0	0.0	0.0
2125	EVPL	0.0	0.0	0.0	0.0	0.0
2122	MECOM	0.0	0.0	0.0	0.0	0.0
2120	ETV6	0.0	0.0	0.0	0.0	0.0
2118	ETV4	0.0	0.0	0.0	0.0	0.0
2117	ETV3	0.0	0.0	0.0	0.0	0.0
2114	ETS2	0.0	0.0	0.0	0.0	0.0
2113	ETS1	0.0	0.0	0.0	0.0	0.0
2110	ETFDH	0.0	0.0	0.0	0.0	0.0
2109	ETFB	0.0	0.0	0.0	0.0	0.0
2108	ETFA	0.0	0.0	0.0	0.0	0.0
10327	AKR1A1	0.0	0.0	0.0	0.0	0.0
10325	RRAGB	0.0	0.0	0.0	0.0	0.0
10324	KLHL41	0.0	0.0	0.0	0.0	0.0
10319	LAMC3	0.0	0.0	0.0	0.0	0.0
10371	SEMA3A	0.0	0.0	0.0	0.0	0.0
10370	CITED2	0.0	0.0	0.0	0.0	0.0
10367	MICU1	0.0	0.0	0.0	0.0	0.0
10365	KLF2	0.0	0.0	0.0	0.0	0.0
10362	HMG20B	0.0	0.0	0.0	0.0	0.0
10360	NPM3	0.0	0.0	0.0	0.0	0.0
10352	WARS2	0.0	0.0	0.0	0.0	0.0
10351	ABCA8	0.0	0.0	0.0	0.0	0.0
10347	ABCA7	0.0	0.0	0.0	0.0	0.0
10345	TRDN	0.0	0.0	0.0	0.0	0.0
10343	PKDREJ	0.0	0.0	0.0	0.0	0.0
10342	TFG	0.0	0.0	0.0	0.0	0.0
10336	PCGF3	0.0	0.0	0.0	0.0	0.0
10333	TLR6	0.0	0.0	0.0	0.0	0.0
10330	CNPY2	0.0	0.0	0.0	0.0	0.0
10329	RXYLT1	0.0	0.0	0.0	0.0	0.0
10404	CPQ	0.0	0.0	0.0	0.0	0.0
10402	ST3GAL6	0.0	0.0	0.0	0.0	0.0
10400	PEMT	0.0	0.0	0.0	0.0	0.0
10398	MYL9	0.0	0.0	0.0	0.0	0.0
10397	NDRG1	0.0	0.0	0.0	0.0	0.0
10396	ATP8A1	0.0	0.0	0.0	0.0	0.0
10395	DLC1	0.0	0.0	0.0	0.0	0.0
10393	ANAPC10	0.0	0.0	0.0	0.0	0.0
10392	NOD1	0.0	0.0	0.0	0.0	0.0
10391	CORO2B	0.0	0.0	0.0	0.0	0.0
10390	CEPT1	0.0	0.0	0.0	0.0	0.0
10389	SCML2	0.0	0.0	0.0	0.0	0.0
10388	SYCP2	0.0	0.0	0.0	0.0	0.0
10385	BTN2A2	0.0	0.0	0.0	0.0	0.0
10384	BTN3A3	0.0	0.0	0.0	0.0	0.0
10383	TUBB4B	0.0	0.0	0.0	0.0	0.0
10434	LYPLA1	0.0	0.0	0.0	0.0	0.0
10430	TMEM147	0.0	0.0	0.0	0.0	0.0
10428	CFDP1	0.0	0.0	0.0	0.0	0.0
10427	SEC24B	0.0	0.0	0.0	0.0	0.0
10426	TUBGCP3	0.0	0.0	0.0	0.0	0.0
10425	ARIH2	0.0	0.0	0.0	0.0	0.0
10423	CDIPT	0.0	0.0	0.0	0.0	0.0
10422	UBAC1	0.0	0.0	0.0	0.0	0.0
10421	CD2BP2	0.0	0.0	0.0	0.0	0.0
10420	TESK2	0.0	0.0	0.0	0.0	0.0
10419	PRMT5	0.0	0.0	0.0	0.0	0.0
10418	SPON1	0.0	0.0	0.0	0.0	0.0
10413	YAP1	0.0	0.0	0.0	0.0	0.0
10411	RAPGEF3	0.0	0.0	0.0	0.0	0.0
10409	BASP1	0.0	0.0	0.0	0.0	0.0
10408	MYCNOS	0.0	0.0	0.0	0.0	0.0
10465	PPIH	0.0	0.0	0.0	0.0	0.0
10463	SLC30A9	0.0	0.0	0.0	0.0	0.0
10461	MERTK	0.0	0.0	0.0	0.0	0.0
10460	TACC3	0.0	0.0	0.0	0.0	0.0
10456	HAX1	0.0	0.0	0.0	0.0	0.0
10455	ECI2	0.0	0.0	0.0	0.0	0.0
10451	VAV3	0.0	0.0	0.0	0.0	0.0
10450	PPIE	0.0	0.0	0.0	0.0	0.0
10446	LRRN2	0.0	0.0	0.0	0.0	0.0
10445	MCRS1	0.0	0.0	0.0	0.0	0.0
10443	N4BP2L2	0.0	0.0	0.0	0.0	0.0
10440	TIMM17A	0.0	0.0	0.0	0.0	0.0
10439	OLFM1	0.0	0.0	0.0	0.0	0.0
10438	C1D	0.0	0.0	0.0	0.0	0.0
10436	EMG1	0.0	0.0	0.0	0.0	0.0
10435	CDC42EP2	0.0	0.0	0.0	0.0	0.0
10488	CREB3	0.0	0.0	0.0	0.0	0.0
10487	CAP1	0.0	0.0	0.0	0.0	0.0
10486	CAP2	0.0	0.0	0.0	0.0	0.0
10484	SEC23A	0.0	0.0	0.0	0.0	0.0
10483	SEC23B	0.0	0.0	0.0	0.0	0.0
10482	NXF1	0.0	0.0	0.0	0.0	0.0
10480	EIF3M	0.0	0.0	0.0	0.0	0.0
10479	SLC9A6	0.0	0.0	0.0	0.0	0.0
10478	SLC25A17	0.0	0.0	0.0	0.0	0.0
10475	TRIM38	0.0	0.0	0.0	0.0	0.0
10473	HMGN4	0.0	0.0	0.0	0.0	0.0
10472	ZBTB18	0.0	0.0	0.0	0.0	0.0
10469	TIMM44	0.0	0.0	0.0	0.0	0.0
10468	FST	0.0	0.0	0.0	0.0	0.0
10467	ZNHIT1	0.0	0.0	0.0	0.0	0.0
10466	COG5	0.0	0.0	0.0	0.0	0.0
10494	STK25	0.0	0.0	0.0	0.0	0.0
2107	ETF1	0.0	0.0	0.0	0.0	0.0
2104	ESRRG	0.0	0.0	0.0	0.0	0.0
2101	ESRRA	0.0	0.0	0.0	0.0	0.0
2100	ESR2	0.0	0.0	0.0	0.0	0.0
2099	ESR1	0.0	0.0	0.0	0.0	0.0
2098	ESD	0.0	0.0	0.0	0.0	0.0
2091	FBL	0.0	0.0	0.0	0.0	0.0
2081	ERN1	0.0	0.0	0.0	0.0	0.0
2079	ERH	0.0	0.0	0.0	0.0	0.0
2071	ERCC3	0.0	0.0	0.0	0.0	0.0
2068	ERCC2	0.0	0.0	0.0	0.0	0.0
2067	ERCC1	0.0	0.0	0.0	0.0	0.0
10493	VAT1	0.0	0.0	0.0	0.0	0.0
10492	SYNCRIP	0.0	0.0	0.0	0.0	0.0
10490	VTI1B	0.0	0.0	0.0	0.0	0.0
10526	IPO8	0.0	0.0	0.0	0.0	0.0
10525	HYOU1	0.0	0.0	0.0	0.0	0.0
10524	KAT5	0.0	0.0	0.0	0.0	0.0
10523	CHERP	0.0	0.0	0.0	0.0	0.0
10522	DEAF1	0.0	0.0	0.0	0.0	0.0
10521	DDX17	0.0	0.0	0.0	0.0	0.0
10520	ZNF211	0.0	0.0	0.0	0.0	0.0
10519	CIB1	0.0	0.0	0.0	0.0	0.0
10518	CIB2	0.0	0.0	0.0	0.0	0.0
10514	MYBBP1A	0.0	0.0	0.0	0.0	0.0
10513	APPBP2	0.0	0.0	0.0	0.0	0.0
10505	SEMA4F	0.0	0.0	0.0	0.0	0.0
10501	SEMA6B	0.0	0.0	0.0	0.0	0.0
10499	NCOA2	0.0	0.0	0.0	0.0	0.0
10498	CARM1	0.0	0.0	0.0	0.0	0.0
10497	UNC13B	0.0	0.0	0.0	0.0	0.0
10554	AGPAT1	0.0	0.0	0.0	0.0	0.0
10552	ARPC1A	0.0	0.0	0.0	0.0	0.0
10550	ARL6IP5	0.0	0.0	0.0	0.0	0.0
10549	PRDX4	0.0	0.0	0.0	0.0	0.0
10542	LAMTOR5	0.0	0.0	0.0	0.0	0.0
10541	ANP32B	0.0	0.0	0.0	0.0	0.0
10540	DCTN2	0.0	0.0	0.0	0.0	0.0
10539	GLRX3	0.0	0.0	0.0	0.0	0.0
10538	BATF	0.0	0.0	0.0	0.0	0.0
10536	P3H3	0.0	0.0	0.0	0.0	0.0
10535	RNASEH2A	0.0	0.0	0.0	0.0	0.0
10534	ZNRD2	0.0	0.0	0.0	0.0	0.0
10533	ATG7	0.0	0.0	0.0	0.0	0.0
10531	PITRM1	0.0	0.0	0.0	0.0	0.0
10529	NEBL	0.0	0.0	0.0	0.0	0.0
10527	IPO7	0.0	0.0	0.0	0.0	0.0
10575	CCT4	0.0	0.0	0.0	0.0	0.0
10574	CCT7	0.0	0.0	0.0	0.0	0.0
10573	MRPL28	0.0	0.0	0.0	0.0	0.0
10572	SIVA1	0.0	0.0	0.0	0.0	0.0
10570	DPYSL4	0.0	0.0	0.0	0.0	0.0
10567	RABAC1	0.0	0.0	0.0	0.0	0.0
10565	ARFGEF1	0.0	0.0	0.0	0.0	0.0
10564	ARFGEF2	0.0	0.0	0.0	0.0	0.0
10563	CXCL13	0.0	0.0	0.0	0.0	0.0
10562	OLFM4	0.0	0.0	0.0	0.0	0.0
10560	SLC19A2	0.0	0.0	0.0	0.0	0.0
10559	SLC35A1	0.0	0.0	0.0	0.0	0.0
10558	SPTLC1	0.0	0.0	0.0	0.0	0.0
10557	RPP38	0.0	0.0	0.0	0.0	0.0
10556	RPP30	0.0	0.0	0.0	0.0	0.0
10555	AGPAT2	0.0	0.0	0.0	0.0	0.0
10600	USP16	0.0	0.0	0.0	0.0	0.0
10598	AHSA1	0.0	0.0	0.0	0.0	0.0
10594	PRPF8	0.0	0.0	0.0	0.0	0.0
10592	SMC2	0.0	0.0	0.0	0.0	0.0
10591	DNPH1	0.0	0.0	0.0	0.0	0.0
10590	SCGN	0.0	0.0	0.0	0.0	0.0
10589	DRAP1	0.0	0.0	0.0	0.0	0.0
10587	TXNRD2	0.0	0.0	0.0	0.0	0.0
10586	MAB21L2	0.0	0.0	0.0	0.0	0.0
10585	POMT1	0.0	0.0	0.0	0.0	0.0
10584	COLEC10	0.0	0.0	0.0	0.0	0.0
10581	IFITM2	0.0	0.0	0.0	0.0	0.0
10580	SORBS1	0.0	0.0	0.0	0.0	0.0
10579	TACC2	0.0	0.0	0.0	0.0	0.0
10578	GNLY	0.0	0.0	0.0	0.0	0.0
10576	CCT2	0.0	0.0	0.0	0.0	0.0
10629	TAF6L	0.0	0.0	0.0	0.0	0.0
10627	MYL12A	0.0	0.0	0.0	0.0	0.0
10625	IVNS1ABP	0.0	0.0	0.0	0.0	0.0
10621	POLR3F	0.0	0.0	0.0	0.0	0.0
10618	TGOLN2	0.0	0.0	0.0	0.0	0.0
10617	STAMBP	0.0	0.0	0.0	0.0	0.0
10616	RBCK1	0.0	0.0	0.0	0.0	0.0
10614	HEXIM1	0.0	0.0	0.0	0.0	0.0
10613	ERLIN1	0.0	0.0	0.0	0.0	0.0
10612	TRIM3	0.0	0.0	0.0	0.0	0.0
10610	ST6GALNAC2	0.0	0.0	0.0	0.0	0.0
10609	P3H4	0.0	0.0	0.0	0.0	0.0
10607	TBL3	0.0	0.0	0.0	0.0	0.0
10606	PAICS	0.0	0.0	0.0	0.0	0.0
10603	SH2B2	0.0	0.0	0.0	0.0	0.0
10602	CDC42EP3	0.0	0.0	0.0	0.0	0.0
10632	ATP5MG	0.0	0.0	0.0	0.0	0.0
2063	NR2F6	0.0	0.0	0.0	0.0	0.0
2060	EPS15	0.0	0.0	0.0	0.0	0.0
2059	EPS8	0.0	0.0	0.0	0.0	0.0
2058	EPRS1	0.0	0.0	0.0	0.0	0.0
2056	EPO	0.0	0.0	0.0	0.0	0.0
2055	CLN8	0.0	0.0	0.0	0.0	0.0
2054	STX2	0.0	0.0	0.0	0.0	0.0
2053	EPHX2	0.0	0.0	0.0	0.0	0.0
2052	EPHX1	0.0	0.0	0.0	0.0	0.0
2051	EPHB6	0.0	0.0	0.0	0.0	0.0
2050	EPHB4	0.0	0.0	0.0	0.0	0.0
2049	EPHB3	0.0	0.0	0.0	0.0	0.0
2048	EPHB2	0.0	0.0	0.0	0.0	0.0
10631	POSTN	0.0	0.0	0.0	0.0	0.0
10630	PDPN	0.0	0.0	0.0	0.0	0.0
10668	CGRRF1	0.0	0.0	0.0	0.0	0.0
10667	FARS2	0.0	0.0	0.0	0.0	0.0
10666	CD226	0.0	0.0	0.0	0.0	0.0
10664	CTCF	0.0	0.0	0.0	0.0	0.0
10658	CELF1	0.0	0.0	0.0	0.0	0.0
10657	KHDRBS1	0.0	0.0	0.0	0.0	0.0
10656	KHDRBS3	0.0	0.0	0.0	0.0	0.0
10654	PMVK	0.0	0.0	0.0	0.0	0.0
10652	YKT6	0.0	0.0	0.0	0.0	0.0
10651	MTX2	0.0	0.0	0.0	0.0	0.0
10650	PRELID3A	0.0	0.0	0.0	0.0	0.0
10645	CAMKK2	0.0	0.0	0.0	0.0	0.0
10640	EXOC5	0.0	0.0	0.0	0.0	0.0
10637	LEFTY1	0.0	0.0	0.0	0.0	0.0
10636	RGS14	0.0	0.0	0.0	0.0	0.0
10634	GAS2L1	0.0	0.0	0.0	0.0	0.0
10713	USP39	0.0	0.0	0.0	0.0	0.0
10712	ENTREP3	0.0	0.0	0.0	0.0	0.0
10699	CORIN	0.0	0.0	0.0	0.0	0.0
10695	CNPY3	0.0	0.0	0.0	0.0	0.0
10693	CCT6B	0.0	0.0	0.0	0.0	0.0
10691	GMEB1	0.0	0.0	0.0	0.0	0.0
10690	FUT9	0.0	0.0	0.0	0.0	0.0
10687	PNMA2	0.0	0.0	0.0	0.0	0.0
10686	CLDN16	0.0	0.0	0.0	0.0	0.0
10682	EBP	0.0	0.0	0.0	0.0	0.0
10681	GNB5	0.0	0.0	0.0	0.0	0.0
10678	B3GNT2	0.0	0.0	0.0	0.0	0.0
10677	AVIL	0.0	0.0	0.0	0.0	0.0
10671	DCTN6	0.0	0.0	0.0	0.0	0.0
10670	RRAGA	0.0	0.0	0.0	0.0	0.0
10669	CGREF1	0.0	0.0	0.0	0.0	0.0
2045	EPHA7	0.0	0.0	0.0	0.0	0.0
2043	EPHA4	0.0	0.0	0.0	0.0	0.0
2040	STOM	0.0	0.0	0.0	0.0	0.0
2036	EPB41L1	0.0	0.0	0.0	0.0	0.0
2035	EPB41	0.0	0.0	0.0	0.0	0.0
2030	SLC29A1	0.0	0.0	0.0	0.0	0.0
2029	ENSA	0.0	0.0	0.0	0.0	0.0
2028	ENPEP	0.0	0.0	0.0	0.0	0.0
10730	YME1L1	0.0	0.0	0.0	0.0	0.0
10728	PTGES3	0.0	0.0	0.0	0.0	0.0
10726	NUDC	0.0	0.0	0.0	0.0	0.0
10725	NFAT5	0.0	0.0	0.0	0.0	0.0
10724	OGA	0.0	0.0	0.0	0.0	0.0
10723	SLC12A7	0.0	0.0	0.0	0.0	0.0
10721	POLQ	0.0	0.0	0.0	0.0	0.0
10714	POLD3	0.0	0.0	0.0	0.0	0.0
10767	HBS1L	0.0	0.0	0.0	0.0	0.0
10766	TOB2	0.0	0.0	0.0	0.0	0.0
10765	KDM5B	0.0	0.0	0.0	0.0	0.0
10763	NES	0.0	0.0	0.0	0.0	0.0
10762	NUP50	0.0	0.0	0.0	0.0	0.0
10758	TRAF3IP2	0.0	0.0	0.0	0.0	0.0
10752	CHL1	0.0	0.0	0.0	0.0	0.0
10750	GRAP	0.0	0.0	0.0	0.0	0.0
10749	KIF1C	0.0	0.0	0.0	0.0	0.0
10748	KLRA1P	0.0	0.0	0.0	0.0	0.0
10745	PHTF1	0.0	0.0	0.0	0.0	0.0
10741	RBBP9	0.0	0.0	0.0	0.0	0.0
10735	STAG2	0.0	0.0	0.0	0.0	0.0
10734	STAG3	0.0	0.0	0.0	0.0	0.0
10733	PLK4	0.0	0.0	0.0	0.0	0.0
2047	EPHB1	0.0	0.0	0.0	0.0	0.0
10793	ZNF273	0.0	0.0	0.0	0.0	0.0
10791	VAMP5	0.0	0.0	0.0	0.0	0.0
10788	IQGAP2	0.0	0.0	0.0	0.0	0.0
10787	NCKAP1	0.0	0.0	0.0	0.0	0.0
10786	SLC17A3	0.0	0.0	0.0	0.0	0.0
10785	WDR4	0.0	0.0	0.0	0.0	0.0
10782	ZNF274	0.0	0.0	0.0	0.0	0.0
10781	ZNF266	0.0	0.0	0.0	0.0	0.0
10780	ZNF234	0.0	0.0	0.0	0.0	0.0
10778	ZNF271P	0.0	0.0	0.0	0.0	0.0
10776	ARPP19	0.0	0.0	0.0	0.0	0.0
10775	POP4	0.0	0.0	0.0	0.0	0.0
10773	ZBTB6	0.0	0.0	0.0	0.0	0.0
10772	SRSF10	0.0	0.0	0.0	0.0	0.0
10771	ZMYND11	0.0	0.0	0.0	0.0	0.0
10768	AHCYL1	0.0	0.0	0.0	0.0	0.0
2021	ENDOG	0.0	0.0	0.0	0.0	0.0
2018	EMX2	0.0	0.0	0.0	0.0	0.0
2017	CTTN	0.0	0.0	0.0	0.0	0.0
2015	ADGRE1	0.0	0.0	0.0	0.0	0.0
2013	EMP2	0.0	0.0	0.0	0.0	0.0
2012	EMP1	0.0	0.0	0.0	0.0	0.0
10817	FRS3	0.0	0.0	0.0	0.0	0.0
10813	UTP14A	0.0	0.0	0.0	0.0	0.0
10810	WASF3	0.0	0.0	0.0	0.0	0.0
10808	HSPH1	0.0	0.0	0.0	0.0	0.0
10803	CCR9	0.0	0.0	0.0	0.0	0.0
10802	SEC24A	0.0	0.0	0.0	0.0	0.0
10801	SEPTIN9	0.0	0.0	0.0	0.0	0.0
10797	MTHFD2	0.0	0.0	0.0	0.0	0.0
10795	ZNF268	0.0	0.0	0.0	0.0	0.0
10794	ZNF460	0.0	0.0	0.0	0.0	0.0
10859	LILRB1	0.0	0.0	0.0	0.0	0.0
10857	PGRMC1	0.0	0.0	0.0	0.0	0.0
10856	RUVBL2	0.0	0.0	0.0	0.0	0.0
10855	HPSE	0.0	0.0	0.0	0.0	0.0
10849	POLR1G	0.0	0.0	0.0	0.0	0.0
10848	PPP1R13L	0.0	0.0	0.0	0.0	0.0
10846	PDE10A	0.0	0.0	0.0	0.0	0.0
10845	CLPX	0.0	0.0	0.0	0.0	0.0
10844	TUBGCP2	0.0	0.0	0.0	0.0	0.0
10840	ALDH1L1	0.0	0.0	0.0	0.0	0.0
10827	FAM114A2	0.0	0.0	0.0	0.0	0.0
10826	FAXDC2	0.0	0.0	0.0	0.0	0.0
10821	OR7E12P	0.0	0.0	0.0	0.0	0.0
10819	OR7E14P	0.0	0.0	0.0	0.0	0.0
2026	ENO2	0.0	0.0	0.0	0.0	0.0
2022	ENG	0.0	0.0	0.0	0.0	0.0
10897	YIF1A	0.0	0.0	0.0	0.0	0.0
10894	LYVE1	0.0	0.0	0.0	0.0	0.0
10892	MALT1	0.0	0.0	0.0	0.0	0.0
10891	PPARGC1A	0.0	0.0	0.0	0.0	0.0
10885	WDR3	0.0	0.0	0.0	0.0	0.0
10884	MRPS30	0.0	0.0	0.0	0.0	0.0
10882	C1QL1	0.0	0.0	0.0	0.0	0.0
10873	ME3	0.0	0.0	0.0	0.0	0.0
10871	CD300C	0.0	0.0	0.0	0.0	0.0
10869	USP19	0.0	0.0	0.0	0.0	0.0
10868	USP20	0.0	0.0	0.0	0.0	0.0
10867	TSPAN9	0.0	0.0	0.0	0.0	0.0
10865	ARID5A	0.0	0.0	0.0	0.0	0.0
10864	SLC22A7	0.0	0.0	0.0	0.0	0.0
10863	ADAM28	0.0	0.0	0.0	0.0	0.0
10861	SLC26A1	0.0	0.0	0.0	0.0	0.0
10926	DBF4	0.0	0.0	0.0	0.0	0.0
10924	SMPDL3A	0.0	0.0	0.0	0.0	0.0
10923	SUB1	0.0	0.0	0.0	0.0	0.0
10922	FASTK	0.0	0.0	0.0	0.0	0.0
10921	RNPS1	0.0	0.0	0.0	0.0	0.0
10920	COPS8	0.0	0.0	0.0	0.0	0.0
10916	MAGED2	0.0	0.0	0.0	0.0	0.0
10915	TCERG1	0.0	0.0	0.0	0.0	0.0
10914	PAPOLA	0.0	0.0	0.0	0.0	0.0
10913	EDAR	0.0	0.0	0.0	0.0	0.0
10907	TXNL4A	0.0	0.0	0.0	0.0	0.0
10905	MAN1A2	0.0	0.0	0.0	0.0	0.0
10904	BLCAP	0.0	0.0	0.0	0.0	0.0
10902	BRD8	0.0	0.0	0.0	0.0	0.0
10900	RUNDC3A	0.0	0.0	0.0	0.0	0.0
10898	CPSF4	0.0	0.0	0.0	0.0	0.0
10952	SEC61B	0.0	0.0	0.0	0.0	0.0
10950	BTG3	0.0	0.0	0.0	0.0	0.0
10949	HNRNPA0	0.0	0.0	0.0	0.0	0.0
10948	STARD3	0.0	0.0	0.0	0.0	0.0
10947	AP3M2	0.0	0.0	0.0	0.0	0.0
10946	SF3A3	0.0	0.0	0.0	0.0	0.0
10945	KDELR1	0.0	0.0	0.0	0.0	0.0
10944	C11orf58	0.0	0.0	0.0	0.0	0.0
10943	MSL3	0.0	0.0	0.0	0.0	0.0
10940	POP1	0.0	0.0	0.0	0.0	0.0
10939	AFG3L2	0.0	0.0	0.0	0.0	0.0
10936	GPR75	0.0	0.0	0.0	0.0	0.0
10935	PRDX3	0.0	0.0	0.0	0.0	0.0
10929	SRSF8	0.0	0.0	0.0	0.0	0.0
10928	RALBP1	0.0	0.0	0.0	0.0	0.0
10927	SPIN1	0.0	0.0	0.0	0.0	0.0
2001	ELF5	0.0	0.0	0.0	0.0	0.0
2000	ELF4	0.0	0.0	0.0	0.0	0.0
1999	ELF3	0.0	0.0	0.0	0.0	0.0
1998	ELF2	0.0	0.0	0.0	0.0	0.0
1997	ELF1	0.0	0.0	0.0	0.0	0.0
1992	SERPINB1	0.0	0.0	0.0	0.0	0.0
1984	EIF5A	0.0	0.0	0.0	0.0	0.0
1981	EIF4G1	0.0	0.0	0.0	0.0	0.0
1979	EIF4EBP2	0.0	0.0	0.0	0.0	0.0
1978	EIF4EBP1	0.0	0.0	0.0	0.0	0.0
1977	EIF4E	0.0	0.0	0.0	0.0	0.0
1969	EPHA2	0.0	0.0	0.0	0.0	0.0
10959	TMED2	0.0	0.0	0.0	0.0	0.0
10957	PNRC1	0.0	0.0	0.0	0.0	0.0
10956	OS9	0.0	0.0	0.0	0.0	0.0
10955	SERINC3	0.0	0.0	0.0	0.0	0.0
10985	GCN1	0.0	0.0	0.0	0.0	0.0
10983	CCNI	0.0	0.0	0.0	0.0	0.0
10981	RAB32	0.0	0.0	0.0	0.0	0.0
10980	COPS6	0.0	0.0	0.0	0.0	0.0
10979	FERMT2	0.0	0.0	0.0	0.0	0.0
10978	CLP1	0.0	0.0	0.0	0.0	0.0
10975	UQCR11	0.0	0.0	0.0	0.0	0.0
10974	ADIRF	0.0	0.0	0.0	0.0	0.0
10973	ASCC3	0.0	0.0	0.0	0.0	0.0
10972	TMED10	0.0	0.0	0.0	0.0	0.0
10970	CKAP4	0.0	0.0	0.0	0.0	0.0
10966	RAB40B	0.0	0.0	0.0	0.0	0.0
10962	MLLT11	0.0	0.0	0.0	0.0	0.0
10961	ERP29	0.0	0.0	0.0	0.0	0.0
10960	LMAN2	0.0	0.0	0.0	0.0	0.0
2002	ELK1	0.0	0.0	0.0	0.0	0.0
11010	GLIPR1	0.0	0.0	0.0	0.0	0.0
11009	IL24	0.0	0.0	0.0	0.0	0.0
11007	CCDC85B	0.0	0.0	0.0	0.0	0.0
11006	LILRB4	0.0	0.0	0.0	0.0	0.0
11004	KIF2C	0.0	0.0	0.0	0.0	0.0
11001	SLC27A2	0.0	0.0	0.0	0.0	0.0
11000	SLC27A3	0.0	0.0	0.0	0.0	0.0
10998	SLC27A5	0.0	0.0	0.0	0.0	0.0
10994	HACL2	0.0	0.0	0.0	0.0	0.0
10993	SDS	0.0	0.0	0.0	0.0	0.0
10992	SF3B2	0.0	0.0	0.0	0.0	0.0
10991	SLC38A3	0.0	0.0	0.0	0.0	0.0
10990	LILRB5	0.0	0.0	0.0	0.0	0.0
10989	IMMT	0.0	0.0	0.0	0.0	0.0
10988	METAP2	0.0	0.0	0.0	0.0	0.0
10987	COPS5	0.0	0.0	0.0	0.0	0.0
11046	SLC35D2	0.0	0.0	0.0	0.0	0.0
11044	TENT4A	0.0	0.0	0.0	0.0	0.0
11043	MID2	0.0	0.0	0.0	0.0	0.0
11040	PIM2	0.0	0.0	0.0	0.0	0.0
11034	DSTN	0.0	0.0	0.0	0.0	0.0
11033	ADAP1	0.0	0.0	0.0	0.0	0.0
11030	RBPMS	0.0	0.0	0.0	0.0	0.0
11027	LILRA2	0.0	0.0	0.0	0.0	0.0
11024	LILRA1	0.0	0.0	0.0	0.0	0.0
11022	TDRKH	0.0	0.0	0.0	0.0	0.0
11021	RAB35	0.0	0.0	0.0	0.0	0.0
11020	IFT27	0.0	0.0	0.0	0.0	0.0
11019	LIAS	0.0	0.0	0.0	0.0	0.0
11018	TMED1	0.0	0.0	0.0	0.0	0.0
11017	SNRNP27	0.0	0.0	0.0	0.0	0.0
11014	KDELR2	0.0	0.0	0.0	0.0	0.0
11072	DUSP14	0.0	0.0	0.0	0.0	0.0
11070	TMEM115	0.0	0.0	0.0	0.0	0.0
11069	RAPGEF4	0.0	0.0	0.0	0.0	0.0
11068	CYB561D2	0.0	0.0	0.0	0.0	0.0
11067	DEPP1	0.0	0.0	0.0	0.0	0.0
11066	SNRNP35	0.0	0.0	0.0	0.0	0.0
11065	UBE2C	0.0	0.0	0.0	0.0	0.0
11064	CNTRL	0.0	0.0	0.0	0.0	0.0
11062	DUS4L	0.0	0.0	0.0	0.0	0.0
11060	WWP2	0.0	0.0	0.0	0.0	0.0
11059	WWP1	0.0	0.0	0.0	0.0	0.0
11056	DDX52	0.0	0.0	0.0	0.0	0.0
11054	OGFR	0.0	0.0	0.0	0.0	0.0
11052	CPSF6	0.0	0.0	0.0	0.0	0.0
11051	NUDT21	0.0	0.0	0.0	0.0	0.0
11047	ADRM1	0.0	0.0	0.0	0.0	0.0
1965	EIF2S1	0.0	0.0	0.0	0.0	0.0
1962	EHHADH	0.0	0.0	0.0	0.0	0.0
1960	EGR3	0.0	0.0	0.0	0.0	0.0
1959	EGR2	0.0	0.0	0.0	0.0	0.0
1958	EGR1	0.0	0.0	0.0	0.0	0.0
1956	EGFR	0.0	0.0	0.0	0.0	0.0
1955	MEGF9	0.0	0.0	0.0	0.0	0.0
1953	MEGF6	0.0	0.0	0.0	0.0	0.0
1952	CELSR2	0.0	0.0	0.0	0.0	0.0
1949	EFNB3	0.0	0.0	0.0	0.0	0.0
1947	EFNB1	0.0	0.0	0.0	0.0	0.0
11083	DIDO1	0.0	0.0	0.0	0.0	0.0
11080	DNAJB4	0.0	0.0	0.0	0.0	0.0
11078	TRIOBP	0.0	0.0	0.0	0.0	0.0
11075	STMN2	0.0	0.0	0.0	0.0	0.0
11073	TOPBP1	0.0	0.0	0.0	0.0	0.0
11119	BTN3A1	0.0	0.0	0.0	0.0	0.0
11118	BTN3A2	0.0	0.0	0.0	0.0	0.0
11117	EMILIN1	0.0	0.0	0.0	0.0	0.0
11116	CEP43	0.0	0.0	0.0	0.0	0.0
11108	PRDM4	0.0	0.0	0.0	0.0	0.0
11104	KATNA1	0.0	0.0	0.0	0.0	0.0
11103	KRR1	0.0	0.0	0.0	0.0	0.0
11102	RPP14	0.0	0.0	0.0	0.0	0.0
11100	HNRNPUL1	0.0	0.0	0.0	0.0	0.0
11099	PTPN21	0.0	0.0	0.0	0.0	0.0
11097	NUP42	0.0	0.0	0.0	0.0	0.0
11095	ADAMTS8	0.0	0.0	0.0	0.0	0.0
11094	CACFD1	0.0	0.0	0.0	0.0	0.0
11093	ADAMTS13	0.0	0.0	0.0	0.0	0.0
11092	SPACA9	0.0	0.0	0.0	0.0	0.0
1967	EIF2B1	0.0	0.0	0.0	0.0	0.0
11147	ANKRD13C-DT	0.0	0.0	0.0	0.0	0.0
11146	GLMN	0.0	0.0	0.0	0.0	0.0
11145	PLAAT3	0.0	0.0	0.0	0.0	0.0
11142	PKIG	0.0	0.0	0.0	0.0	0.0
11138	TBC1D8	0.0	0.0	0.0	0.0	0.0
11137	PWP1	0.0	0.0	0.0	0.0	0.0
11136	SLC7A9	0.0	0.0	0.0	0.0	0.0
11135	CDC42EP1	0.0	0.0	0.0	0.0	0.0
11133	KPTN	0.0	0.0	0.0	0.0	0.0
11132	CAPN10	0.0	0.0	0.0	0.0	0.0
11130	ZWINT	0.0	0.0	0.0	0.0	0.0
11129	CLASRP	0.0	0.0	0.0	0.0	0.0
11127	KIF3A	0.0	0.0	0.0	0.0	0.0
11124	FAF1	0.0	0.0	0.0	0.0	0.0
11123	RCAN3	0.0	0.0	0.0	0.0	0.0
11120	BTN2A1	0.0	0.0	0.0	0.0	0.0
11180	WDR6	0.0	0.0	0.0	0.0	0.0
11179	ZNF277	0.0	0.0	0.0	0.0	0.0
11176	BAZ2A	0.0	0.0	0.0	0.0	0.0
11174	ADAMTS6	0.0	0.0	0.0	0.0	0.0
11171	STRAP	0.0	0.0	0.0	0.0	0.0
11169	WDHD1	0.0	0.0	0.0	0.0	0.0
11168	PSIP1	0.0	0.0	0.0	0.0	0.0
11162	NUDT6	0.0	0.0	0.0	0.0	0.0
11161	ERG28	0.0	0.0	0.0	0.0	0.0
11160	ERLIN2	0.0	0.0	0.0	0.0	0.0
11157	LSM6	0.0	0.0	0.0	0.0	0.0
11156	PTP4A3	0.0	0.0	0.0	0.0	0.0
11154	AP4S1	0.0	0.0	0.0	0.0	0.0
11153	FICD	0.0	0.0	0.0	0.0	0.0
11152	WDR45	0.0	0.0	0.0	0.0	0.0
11148	HHLA2	0.0	0.0	0.0	0.0	0.0
11214	AKAP13	0.0	0.0	0.0	0.0	0.0
11213	IRAK3	0.0	0.0	0.0	0.0	0.0
11212	PLPBP	0.0	0.0	0.0	0.0	0.0
11201	POLI	0.0	0.0	0.0	0.0	0.0
11196	SEC23IP	0.0	0.0	0.0	0.0	0.0
11194	ABCB8	0.0	0.0	0.0	0.0	0.0
11193	WBP4	0.0	0.0	0.0	0.0	0.0
11190	CEP250	0.0	0.0	0.0	0.0	0.0
11189	CELF3	0.0	0.0	0.0	0.0	0.0
11188	NISCH	0.0	0.0	0.0	0.0	0.0
11187	PKP3	0.0	0.0	0.0	0.0	0.0
11186	RASSF1	0.0	0.0	0.0	0.0	0.0
11184	MAP4K1	0.0	0.0	0.0	0.0	0.0
11183	MAP4K5	0.0	0.0	0.0	0.0	0.0
11182	SLC2A6	0.0	0.0	0.0	0.0	0.0
11181	TREH	0.0	0.0	0.0	0.0	0.0
1936	EEF1D	0.0	0.0	0.0	0.0	0.0
1917	EEF1A2	0.0	0.0	0.0	0.0	0.0
1910	EDNRB	0.0	0.0	0.0	0.0	0.0
1909	EDNRA	0.0	0.0	0.0	0.0	0.0
1907	EDN2	0.0	0.0	0.0	0.0	0.0
1906	EDN1	0.0	0.0	0.0	0.0	0.0
1901	S1PR1	0.0	0.0	0.0	0.0	0.0
1896	EDA	0.0	0.0	0.0	0.0	0.0
1893	ECM1	0.0	0.0	0.0	0.0	0.0
1892	ECHS1	0.0	0.0	0.0	0.0	0.0
11231	SEC63	0.0	0.0	0.0	0.0	0.0
11226	GALNT6	0.0	0.0	0.0	0.0	0.0
11223	MST1L	0.0	0.0	0.0	0.0	0.0
11222	MRPL3	0.0	0.0	0.0	0.0	0.0
11221	DUSP10	0.0	0.0	0.0	0.0	0.0
11216	AKAP10	0.0	0.0	0.0	0.0	0.0
11273	ATXN2L	0.0	0.0	0.0	0.0	0.0
11267	SNF8	0.0	0.0	0.0	0.0	0.0
11266	DUSP12	0.0	0.0	0.0	0.0	0.0
11262	SP140	0.0	0.0	0.0	0.0	0.0
11260	XPOT	0.0	0.0	0.0	0.0	0.0
11259	FILIP1L	0.0	0.0	0.0	0.0	0.0
11258	DCTN3	0.0	0.0	0.0	0.0	0.0
11257	TP53TG1	0.0	0.0	0.0	0.0	0.0
11248	NXPH3	0.0	0.0	0.0	0.0	0.0
11245	GPR176	0.0	0.0	0.0	0.0	0.0
11240	PADI2	0.0	0.0	0.0	0.0	0.0
11237	RNF24	0.0	0.0	0.0	0.0	0.0
11236	RNF139	0.0	0.0	0.0	0.0	0.0
11234	HPS5	0.0	0.0	0.0	0.0	0.0
1939	EIF2D	0.0	0.0	0.0	0.0	0.0
1938	EEF2	0.0	0.0	0.0	0.0	0.0
11321	GPN1	0.0	0.0	0.0	0.0	0.0
11320	MGAT4A	0.0	0.0	0.0	0.0	0.0
11319	ECD	0.0	0.0	0.0	0.0	0.0
11318	ACKR5	0.0	0.0	0.0	0.0	0.0
11315	PARK7	0.0	0.0	0.0	0.0	0.0
11314	CD300A	0.0	0.0	0.0	0.0	0.0
11313	LYPLA2	0.0	0.0	0.0	0.0	0.0
11309	SLCO2B1	0.0	0.0	0.0	0.0	0.0
11285	B4GALT7	0.0	0.0	0.0	0.0	0.0
11284	PNKP	0.0	0.0	0.0	0.0	0.0
11282	MGAT4B	0.0	0.0	0.0	0.0	0.0
11280	SCN11A	0.0	0.0	0.0	0.0	0.0
11279	KLF8	0.0	0.0	0.0	0.0	0.0
11278	KLF12	0.0	0.0	0.0	0.0	0.0
11276	SYNRG	0.0	0.0	0.0	0.0	0.0
11275	KLHL2	0.0	0.0	0.0	0.0	0.0
22800	RRAS2	0.0	0.0	0.0	0.0	0.0
22797	TFEC	0.0	0.0	0.0	0.0	0.0
22796	COG2	0.0	0.0	0.0	0.0	0.0
11346	SYNPO	0.0	0.0	0.0	0.0	0.0
11345	GABARAPL2	0.0	0.0	0.0	0.0	0.0
11342	RNF13	0.0	0.0	0.0	0.0	0.0
11339	OIP5	0.0	0.0	0.0	0.0	0.0
11338	U2AF2	0.0	0.0	0.0	0.0	0.0
11337	GABARAP	0.0	0.0	0.0	0.0	0.0
11336	EXOC3	0.0	0.0	0.0	0.0	0.0
11335	CBX3	0.0	0.0	0.0	0.0	0.0
11333	PDAP1	0.0	0.0	0.0	0.0	0.0
11332	ACOT7	0.0	0.0	0.0	0.0	0.0
11331	PHB2	0.0	0.0	0.0	0.0	0.0
11325	DDX42	0.0	0.0	0.0	0.0	0.0
11322	TMC6	0.0	0.0	0.0	0.0	0.0
22838	RNF44	0.0	0.0	0.0	0.0	0.0
22837	COBLL1	0.0	0.0	0.0	0.0	0.0
22836	RHOBTB3	0.0	0.0	0.0	0.0	0.0
22832	CEP162	0.0	0.0	0.0	0.0	0.0
22829	NLGN4Y	0.0	0.0	0.0	0.0	0.0
22827	PUF60	0.0	0.0	0.0	0.0	0.0
22826	DNAJC8	0.0	0.0	0.0	0.0	0.0
22824	HSPA4L	0.0	0.0	0.0	0.0	0.0
22823	MTF2	0.0	0.0	0.0	0.0	0.0
22822	PHLDA1	0.0	0.0	0.0	0.0	0.0
22821	RASA3	0.0	0.0	0.0	0.0	0.0
22820	COPG1	0.0	0.0	0.0	0.0	0.0
22818	COPZ1	0.0	0.0	0.0	0.0	0.0
22808	MRAS	0.0	0.0	0.0	0.0	0.0
22807	IKZF2	0.0	0.0	0.0	0.0	0.0
22806	IKZF3	0.0	0.0	0.0	0.0	0.0
22864	R3HDM2	0.0	0.0	0.0	0.0	0.0
22863	ATG14	0.0	0.0	0.0	0.0	0.0
22862	FNDC3A	0.0	0.0	0.0	0.0	0.0
22859	ADGRL1	0.0	0.0	0.0	0.0	0.0
22858	CILK1	0.0	0.0	0.0	0.0	0.0
22856	CHSY1	0.0	0.0	0.0	0.0	0.0
22853	LMTK2	0.0	0.0	0.0	0.0	0.0
22850	ADNP2	0.0	0.0	0.0	0.0	0.0
22849	CPEB3	0.0	0.0	0.0	0.0	0.0
22848	AAK1	0.0	0.0	0.0	0.0	0.0
22846	VASH1	0.0	0.0	0.0	0.0	0.0
22845	DOLK	0.0	0.0	0.0	0.0	0.0
22844	FRMPD1	0.0	0.0	0.0	0.0	0.0
22843	PPM1E	0.0	0.0	0.0	0.0	0.0
22841	RAB11FIP2	0.0	0.0	0.0	0.0	0.0
22839	DLGAP4	0.0	0.0	0.0	0.0	0.0
22866	CNKSR2	0.0	0.0	0.0	0.0	0.0
1891	ECH1	0.0	0.0	0.0	0.0	0.0
1890	TYMP	0.0	0.0	0.0	0.0	0.0
1880	GPR183	0.0	0.0	0.0	0.0	0.0
1877	E4F1	0.0	0.0	0.0	0.0	0.0
1875	E2F5	0.0	0.0	0.0	0.0	0.0
1874	E2F4	0.0	0.0	0.0	0.0	0.0
1871	E2F3	0.0	0.0	0.0	0.0	0.0
1870	E2F2	0.0	0.0	0.0	0.0	0.0
1869	E2F1	0.0	0.0	0.0	0.0	0.0
1861	TOR1A	0.0	0.0	0.0	0.0	0.0
1859	DYRK1A	0.0	0.0	0.0	0.0	0.0
1857	DVL3	0.0	0.0	0.0	0.0	0.0
1856	DVL2	0.0	0.0	0.0	0.0	0.0
1855	DVL1	0.0	0.0	0.0	0.0	0.0
1854	DUT	0.0	0.0	0.0	0.0	0.0
22885	ABLIM3	0.0	0.0	0.0	0.0	0.0
22884	WDR37	0.0	0.0	0.0	0.0	0.0
22883	CLSTN1	0.0	0.0	0.0	0.0	0.0
22882	ZHX2	0.0	0.0	0.0	0.0	0.0
22881	ANKRD6	0.0	0.0	0.0	0.0	0.0
22880	MORC2	0.0	0.0	0.0	0.0	0.0
22879	MON1B	0.0	0.0	0.0	0.0	0.0
22878	TRAPPC8	0.0	0.0	0.0	0.0	0.0
22877	MLXIP	0.0	0.0	0.0	0.0	0.0
22876	INPP5F	0.0	0.0	0.0	0.0	0.0
22875	ENPP4	0.0	0.0	0.0	0.0	0.0
22872	SEC31A	0.0	0.0	0.0	0.0	0.0
22871	NLGN1	0.0	0.0	0.0	0.0	0.0
22870	PPP6R1	0.0	0.0	0.0	0.0	0.0
22869	ZNF510	0.0	0.0	0.0	0.0	0.0
22868	FASTKD2	0.0	0.0	0.0	0.0	0.0
22915	MMRN1	0.0	0.0	0.0	0.0	0.0
22911	WDR47	0.0	0.0	0.0	0.0	0.0
22909	FAN1	0.0	0.0	0.0	0.0	0.0
22908	SACM1L	0.0	0.0	0.0	0.0	0.0
22907	DHX30	0.0	0.0	0.0	0.0	0.0
22906	TRAK1	0.0	0.0	0.0	0.0	0.0
22904	SBNO2	0.0	0.0	0.0	0.0	0.0
22903	BTBD3	0.0	0.0	0.0	0.0	0.0
22902	RUFY3	0.0	0.0	0.0	0.0	0.0
22900	CARD8	0.0	0.0	0.0	0.0	0.0
22899	ARHGEF15	0.0	0.0	0.0	0.0	0.0
22897	CEP164	0.0	0.0	0.0	0.0	0.0
22894	DIS3	0.0	0.0	0.0	0.0	0.0
22893	BAHD1	0.0	0.0	0.0	0.0	0.0
22891	ZNF365	0.0	0.0	0.0	0.0	0.0
22889	KHDC4	0.0	0.0	0.0	0.0	0.0
1845	DUSP3	0.0	0.0	0.0	0.0	0.0
1844	DUSP2	0.0	0.0	0.0	0.0	0.0
1842	ECM2	0.0	0.0	0.0	0.0	0.0
1841	DTYMK	0.0	0.0	0.0	0.0	0.0
1839	HBEGF	0.0	0.0	0.0	0.0	0.0
1838	DTNB	0.0	0.0	0.0	0.0	0.0
1837	DTNA	0.0	0.0	0.0	0.0	0.0
1832	DSP	0.0	0.0	0.0	0.0	0.0
22927	HABP4	0.0	0.0	0.0	0.0	0.0
22926	ATF6	0.0	0.0	0.0	0.0	0.0
22925	PLA2R1	0.0	0.0	0.0	0.0	0.0
22921	MSRB2	0.0	0.0	0.0	0.0	0.0
22920	KIFAP3	0.0	0.0	0.0	0.0	0.0
22919	MAPRE1	0.0	0.0	0.0	0.0	0.0
22918	CD93	0.0	0.0	0.0	0.0	0.0
22916	NCBP2	0.0	0.0	0.0	0.0	0.0
22981	NINL	0.0	0.0	0.0	0.0	0.0
22980	TCF25	0.0	0.0	0.0	0.0	0.0
22974	TPX2	0.0	0.0	0.0	0.0	0.0
22955	SCMH1	0.0	0.0	0.0	0.0	0.0
22954	TRIM32	0.0	0.0	0.0	0.0	0.0
22948	CCT5	0.0	0.0	0.0	0.0	0.0
22944	KIN	0.0	0.0	0.0	0.0	0.0
22941	SHANK2	0.0	0.0	0.0	0.0	0.0
22937	SCAP	0.0	0.0	0.0	0.0	0.0
22930	RAB3GAP1	0.0	0.0	0.0	0.0	0.0
22929	SEPHS1	0.0	0.0	0.0	0.0	0.0
22928	SEPHS2	0.0	0.0	0.0	0.0	0.0
1849	DUSP7	0.0	0.0	0.0	0.0	0.0
1848	DUSP6	0.0	0.0	0.0	0.0	0.0
1847	DUSP5	0.0	0.0	0.0	0.0	0.0
1846	DUSP4	0.0	0.0	0.0	0.0	0.0
23012	STK38L	0.0	0.0	0.0	0.0	0.0
23011	RAB21	0.0	0.0	0.0	0.0	0.0
23008	KLHDC10	0.0	0.0	0.0	0.0	0.0
23007	PLCH1	0.0	0.0	0.0	0.0	0.0
23005	MAPKBP1	0.0	0.0	0.0	0.0	0.0
23002	DAAM1	0.0	0.0	0.0	0.0	0.0
23001	WDFY3	0.0	0.0	0.0	0.0	0.0
22998	LIMCH1	0.0	0.0	0.0	0.0	0.0
22994	CEP131	0.0	0.0	0.0	0.0	0.0
22993	HMGXB3	0.0	0.0	0.0	0.0	0.0
22992	KDM2A	0.0	0.0	0.0	0.0	0.0
22990	PCNX1	0.0	0.0	0.0	0.0	0.0
22989	MYH15	0.0	0.0	0.0	0.0	0.0
22986	SORCS3	0.0	0.0	0.0	0.0	0.0
22985	ACIN1	0.0	0.0	0.0	0.0	0.0
22984	PDCD11	0.0	0.0	0.0	0.0	0.0
23033	DOP1A	0.0	0.0	0.0	0.0	0.0
23032	USP33	0.0	0.0	0.0	0.0	0.0
23031	MAST3	0.0	0.0	0.0	0.0	0.0
23030	KDM4B	0.0	0.0	0.0	0.0	0.0
23029	RBM34	0.0	0.0	0.0	0.0	0.0
23028	KDM1A	0.0	0.0	0.0	0.0	0.0
23026	MYO16	0.0	0.0	0.0	0.0	0.0
23025	UNC13A	0.0	0.0	0.0	0.0	0.0
23024	PDZRN3	0.0	0.0	0.0	0.0	0.0
23023	TMCC1	0.0	0.0	0.0	0.0	0.0
23022	PALLD	0.0	0.0	0.0	0.0	0.0
23017	FAIM2	0.0	0.0	0.0	0.0	0.0
23016	EXOSC7	0.0	0.0	0.0	0.0	0.0
23015	GOLGA8A	0.0	0.0	0.0	0.0	0.0
23014	FBXO21	0.0	0.0	0.0	0.0	0.0
23013	SPEN	0.0	0.0	0.0	0.0	0.0
23061	TBC1D9B	0.0	0.0	0.0	0.0	0.0
23060	ZNF609	0.0	0.0	0.0	0.0	0.0
23059	IFT38	0.0	0.0	0.0	0.0	0.0
23054	NCOA6	0.0	0.0	0.0	0.0	0.0
23053	ZSWIM8	0.0	0.0	0.0	0.0	0.0
23052	ENDOD1	0.0	0.0	0.0	0.0	0.0
23051	ZHX3	0.0	0.0	0.0	0.0	0.0
23048	FNBP1	0.0	0.0	0.0	0.0	0.0
23047	PDS5B	0.0	0.0	0.0	0.0	0.0
23043	TNIK	0.0	0.0	0.0	0.0	0.0
23041	MON2	0.0	0.0	0.0	0.0	0.0
23039	XPO7	0.0	0.0	0.0	0.0	0.0
23038	WDTC1	0.0	0.0	0.0	0.0	0.0
23037	PDZD2	0.0	0.0	0.0	0.0	0.0
23036	ZNF292	0.0	0.0	0.0	0.0	0.0
23034	SAMD4A	0.0	0.0	0.0	0.0	0.0
23085	ERC1	0.0	0.0	0.0	0.0	0.0
23082	PPRC1	0.0	0.0	0.0	0.0	0.0
23081	KDM4C	0.0	0.0	0.0	0.0	0.0
23080	AVL9	0.0	0.0	0.0	0.0	0.0
23078	VWA8	0.0	0.0	0.0	0.0	0.0
23077	MYCBP2	0.0	0.0	0.0	0.0	0.0
23076	RRP1B	0.0	0.0	0.0	0.0	0.0
23075	SWAP70	0.0	0.0	0.0	0.0	0.0
23074	BLTP3B	0.0	0.0	0.0	0.0	0.0
23072	HECW1	0.0	0.0	0.0	0.0	0.0
23071	ERP44	0.0	0.0	0.0	0.0	0.0
23070	CMTR1	0.0	0.0	0.0	0.0	0.0
23067	SETD1B	0.0	0.0	0.0	0.0	0.0
23066	CAND2	0.0	0.0	0.0	0.0	0.0
23065	EMC1	0.0	0.0	0.0	0.0	0.0
23063	WAPL	0.0	0.0	0.0	0.0	0.0
23108	RAP1GAP2	0.0	0.0	0.0	0.0	0.0
23107	MRPS27	0.0	0.0	0.0	0.0	0.0
23105	FSTL4	0.0	0.0	0.0	0.0	0.0
23102	TBC1D2B	0.0	0.0	0.0	0.0	0.0
23101	MCF2L2	0.0	0.0	0.0	0.0	0.0
23099	ZBTB43	0.0	0.0	0.0	0.0	0.0
23098	SARM1	0.0	0.0	0.0	0.0	0.0
23097	CDK19	0.0	0.0	0.0	0.0	0.0
23096	IQSEC2	0.0	0.0	0.0	0.0	0.0
23095	KIF1B	0.0	0.0	0.0	0.0	0.0
23094	SIPA1L3	0.0	0.0	0.0	0.0	0.0
23093	TTLL5	0.0	0.0	0.0	0.0	0.0
23091	ZC3H13	0.0	0.0	0.0	0.0	0.0
23090	ZNF423	0.0	0.0	0.0	0.0	0.0
23089	PEG10	0.0	0.0	0.0	0.0	0.0
23086	EXPH5	0.0	0.0	0.0	0.0	0.0
23133	PHF8	0.0	0.0	0.0	0.0	0.0
23132	RAD54L2	0.0	0.0	0.0	0.0	0.0
23131	GPATCH8	0.0	0.0	0.0	0.0	0.0
23130	ATG2A	0.0	0.0	0.0	0.0	0.0
23129	PLXND1	0.0	0.0	0.0	0.0	0.0
23127	COLGALT2	0.0	0.0	0.0	0.0	0.0
23126	POGZ	0.0	0.0	0.0	0.0	0.0
23125	CAMTA2	0.0	0.0	0.0	0.0	0.0
23122	CLASP2	0.0	0.0	0.0	0.0	0.0
23119	HIC2	0.0	0.0	0.0	0.0	0.0
23118	TAB2	0.0	0.0	0.0	0.0	0.0
23116	TOGARAM1	0.0	0.0	0.0	0.0	0.0
23114	NFASC	0.0	0.0	0.0	0.0	0.0
23113	CUL9	0.0	0.0	0.0	0.0	0.0
23112	TNRC6B	0.0	0.0	0.0	0.0	0.0
23109	DDN	0.0	0.0	0.0	0.0	0.0
23139	MAST2	0.0	0.0	0.0	0.0	0.0
1829	DSG2	0.0	0.0	0.0	0.0	0.0
1824	DSC2	0.0	0.0	0.0	0.0	0.0
1821	DRP2	0.0	0.0	0.0	0.0	0.0
1820	ARID3A	0.0	0.0	0.0	0.0	0.0
1819	DRG2	0.0	0.0	0.0	0.0	0.0
1816	DRD5	0.0	0.0	0.0	0.0	0.0
1815	DRD4	0.0	0.0	0.0	0.0	0.0
1810	DR1	0.0	0.0	0.0	0.0	0.0
1809	DPYSL3	0.0	0.0	0.0	0.0	0.0
1808	DPYSL2	0.0	0.0	0.0	0.0	0.0
1807	DPYS	0.0	0.0	0.0	0.0	0.0
1806	DPYD	0.0	0.0	0.0	0.0	0.0
23137	SMC5	0.0	0.0	0.0	0.0	0.0
23136	EPB41L3	0.0	0.0	0.0	0.0	0.0
23135	KDM6B	0.0	0.0	0.0	0.0	0.0
23162	MAPK8IP3	0.0	0.0	0.0	0.0	0.0
23161	SNX13	0.0	0.0	0.0	0.0	0.0
23160	WDR43	0.0	0.0	0.0	0.0	0.0
23158	TBC1D9	0.0	0.0	0.0	0.0	0.0
23157	SEPTIN6	0.0	0.0	0.0	0.0	0.0
23155	CLCC1	0.0	0.0	0.0	0.0	0.0
23154	NCDN	0.0	0.0	0.0	0.0	0.0
23152	CIC	0.0	0.0	0.0	0.0	0.0
23151	GRAMD4	0.0	0.0	0.0	0.0	0.0
23150	FRMD4B	0.0	0.0	0.0	0.0	0.0
23149	FCHO1	0.0	0.0	0.0	0.0	0.0
23148	NACAD	0.0	0.0	0.0	0.0	0.0
23144	ZC3H3	0.0	0.0	0.0	0.0	0.0
23143	LRCH1	0.0	0.0	0.0	0.0	0.0
23142	DCUN1D4	0.0	0.0	0.0	0.0	0.0
23140	ZZEF1	0.0	0.0	0.0	0.0	0.0
23186	RCOR1	0.0	0.0	0.0	0.0	0.0
23185	LARP4B	0.0	0.0	0.0	0.0	0.0
23180	RFTN1	0.0	0.0	0.0	0.0	0.0
23179	RGL1	0.0	0.0	0.0	0.0	0.0
23178	PASK	0.0	0.0	0.0	0.0	0.0
23177	CEP68	0.0	0.0	0.0	0.0	0.0
23175	LPIN1	0.0	0.0	0.0	0.0	0.0
23173	METAP1	0.0	0.0	0.0	0.0	0.0
23172	ABRAXAS2	0.0	0.0	0.0	0.0	0.0
23171	GPD1L	0.0	0.0	0.0	0.0	0.0
23169	SLC35D1	0.0	0.0	0.0	0.0	0.0
23168	RTF1	0.0	0.0	0.0	0.0	0.0
23167	EFR3A	0.0	0.0	0.0	0.0	0.0
23166	STAB1	0.0	0.0	0.0	0.0	0.0
23164	MPRIP	0.0	0.0	0.0	0.0	0.0
23163	GGA3	0.0	0.0	0.0	0.0	0.0
23207	PLEKHM2	0.0	0.0	0.0	0.0	0.0
23204	ARL6IP1	0.0	0.0	0.0	0.0	0.0
23203	PMPCA	0.0	0.0	0.0	0.0	0.0
23201	FAM168A	0.0	0.0	0.0	0.0	0.0
23200	ATP11B	0.0	0.0	0.0	0.0	0.0
23199	GSE1	0.0	0.0	0.0	0.0	0.0
23198	PSME4	0.0	0.0	0.0	0.0	0.0
23197	FAF2	0.0	0.0	0.0	0.0	0.0
23196	FAM120A	0.0	0.0	0.0	0.0	0.0
23195	MDN1	0.0	0.0	0.0	0.0	0.0
23194	FBXL7	0.0	0.0	0.0	0.0	0.0
23193	GANAB	0.0	0.0	0.0	0.0	0.0
23191	CYFIP1	0.0	0.0	0.0	0.0	0.0
23190	UBXN4	0.0	0.0	0.0	0.0	0.0
23189	KANK1	0.0	0.0	0.0	0.0	0.0
23187	PHLDB1	0.0	0.0	0.0	0.0	0.0
23236	PLCB1	0.0	0.0	0.0	0.0	0.0
23232	TBC1D12	0.0	0.0	0.0	0.0	0.0
23230	VPS13A	0.0	0.0	0.0	0.0	0.0
23229	ARHGEF9	0.0	0.0	0.0	0.0	0.0
23225	NUP210	0.0	0.0	0.0	0.0	0.0
23224	SYNE2	0.0	0.0	0.0	0.0	0.0
23221	RHOBTB2	0.0	0.0	0.0	0.0	0.0
23220	DTX4	0.0	0.0	0.0	0.0	0.0
23219	FBXO28	0.0	0.0	0.0	0.0	0.0
23218	NBEAL2	0.0	0.0	0.0	0.0	0.0
23216	TBC1D1	0.0	0.0	0.0	0.0	0.0
23215	PRRC2C	0.0	0.0	0.0	0.0	0.0
23214	XPO6	0.0	0.0	0.0	0.0	0.0
23212	RRS1	0.0	0.0	0.0	0.0	0.0
23211	ZC3H4	0.0	0.0	0.0	0.0	0.0
23210	JMJD6	0.0	0.0	0.0	0.0	0.0
23241	PACS2	0.0	0.0	0.0	0.0	0.0
1804	DPP6	0.0	0.0	0.0	0.0	0.0
1803	DPP4	0.0	0.0	0.0	0.0	0.0
1802	DPH2	0.0	0.0	0.0	0.0	0.0
1800	DPEP1	0.0	0.0	0.0	0.0	0.0
1798	DPAGT1	0.0	0.0	0.0	0.0	0.0
1796	DOK1	0.0	0.0	0.0	0.0	0.0
1793	DOCK1	0.0	0.0	0.0	0.0	0.0
1789	DNMT3B	0.0	0.0	0.0	0.0	0.0
1788	DNMT3A	0.0	0.0	0.0	0.0	0.0
1787	TRDMT1	0.0	0.0	0.0	0.0	0.0
1785	DNM2	0.0	0.0	0.0	0.0	0.0
1783	DYNC1LI2	0.0	0.0	0.0	0.0	0.0
1780	DYNC1I1	0.0	0.0	0.0	0.0	0.0
23240	TMEM131L	0.0	0.0	0.0	0.0	0.0
23239	PHLPP1	0.0	0.0	0.0	0.0	0.0
23263	MCF2L	0.0	0.0	0.0	0.0	0.0
23262	PPIP5K2	0.0	0.0	0.0	0.0	0.0
23261	CAMTA1	0.0	0.0	0.0	0.0	0.0
23259	DDHD2	0.0	0.0	0.0	0.0	0.0
23256	SCFD1	0.0	0.0	0.0	0.0	0.0
23255	MTCL1	0.0	0.0	0.0	0.0	0.0
23254	KAZN	0.0	0.0	0.0	0.0	0.0
23253	ANKRD12	0.0	0.0	0.0	0.0	0.0
23252	OTUD3	0.0	0.0	0.0	0.0	0.0
23251	MINAR1	0.0	0.0	0.0	0.0	0.0
23250	ATP11A	0.0	0.0	0.0	0.0	0.0
23247	KATNIP	0.0	0.0	0.0	0.0	0.0
23245	ASTN2	0.0	0.0	0.0	0.0	0.0
23244	PDS5A	0.0	0.0	0.0	0.0	0.0
23243	ANKRD28	0.0	0.0	0.0	0.0	0.0
23242	COBL	0.0	0.0	0.0	0.0	0.0
23294	ANKS1A	0.0	0.0	0.0	0.0	0.0
23293	SMG6	0.0	0.0	0.0	0.0	0.0
23287	AGTPBP1	0.0	0.0	0.0	0.0	0.0
23286	WWC1	0.0	0.0	0.0	0.0	0.0
23283	CSTF2T	0.0	0.0	0.0	0.0	0.0
23279	NUP160	0.0	0.0	0.0	0.0	0.0
23277	CLUH	0.0	0.0	0.0	0.0	0.0
23275	POFUT2	0.0	0.0	0.0	0.0	0.0
23274	CLEC16A	0.0	0.0	0.0	0.0	0.0
23271	CAMSAP2	0.0	0.0	0.0	0.0	0.0
23270	TSPYL4	0.0	0.0	0.0	0.0	0.0
23269	MGA	0.0	0.0	0.0	0.0	0.0
23268	DNMBP	0.0	0.0	0.0	0.0	0.0
23266	ADGRL2	0.0	0.0	0.0	0.0	0.0
23265	EXOC7	0.0	0.0	0.0	0.0	0.0
23264	ZC3H7B	0.0	0.0	0.0	0.0	0.0
23317	DNAJC13	0.0	0.0	0.0	0.0	0.0
23316	CUX2	0.0	0.0	0.0	0.0	0.0
23315	SLC9A8	0.0	0.0	0.0	0.0	0.0
23314	SATB2	0.0	0.0	0.0	0.0	0.0
23313	KIAA0930	0.0	0.0	0.0	0.0	0.0
23312	DMXL2	0.0	0.0	0.0	0.0	0.0
23310	NCAPD3	0.0	0.0	0.0	0.0	0.0
23309	SIN3B	0.0	0.0	0.0	0.0	0.0
23307	FKBP15	0.0	0.0	0.0	0.0	0.0
23305	ACSL6	0.0	0.0	0.0	0.0	0.0
23304	UBR2	0.0	0.0	0.0	0.0	0.0
23303	KIF13B	0.0	0.0	0.0	0.0	0.0
23301	EHBP1	0.0	0.0	0.0	0.0	0.0
23300	ATMIN	0.0	0.0	0.0	0.0	0.0
23299	BICD2	0.0	0.0	0.0	0.0	0.0
23295	MGRN1	0.0	0.0	0.0	0.0	0.0
23331	TTC28	0.0	0.0	0.0	0.0	0.0
1777	DNASE2	0.0	0.0	0.0	0.0	0.0
1776	DNASE1L3	0.0	0.0	0.0	0.0	0.0
1775	DNASE1L2	0.0	0.0	0.0	0.0	0.0
1770	DNAH9	0.0	0.0	0.0	0.0	0.0
1763	DNA2	0.0	0.0	0.0	0.0	0.0
1762	DMWD	0.0	0.0	0.0	0.0	0.0
1760	DMPK	0.0	0.0	0.0	0.0	0.0
1759	DNM1	0.0	0.0	0.0	0.0	0.0
1756	DMD	0.0	0.0	0.0	0.0	0.0
1742	DLG4	0.0	0.0	0.0	0.0	0.0
23327	NEDD4L	0.0	0.0	0.0	0.0	0.0
23325	WASHC4	0.0	0.0	0.0	0.0	0.0
23324	MAN2B2	0.0	0.0	0.0	0.0	0.0
23322	RPGRIP1L	0.0	0.0	0.0	0.0	0.0
23321	TRIM2	0.0	0.0	0.0	0.0	0.0
23354	HAUS5	0.0	0.0	0.0	0.0	0.0
23353	SUN1	0.0	0.0	0.0	0.0	0.0
23352	UBR4	0.0	0.0	0.0	0.0	0.0
23351	KHNYN	0.0	0.0	0.0	0.0	0.0
23350	U2SURP	0.0	0.0	0.0	0.0	0.0
23349	PHF24	0.0	0.0	0.0	0.0	0.0
23348	DOCK9	0.0	0.0	0.0	0.0	0.0
23347	SMCHD1	0.0	0.0	0.0	0.0	0.0
23345	SYNE1	0.0	0.0	0.0	0.0	0.0
23341	DNAJC16	0.0	0.0	0.0	0.0	0.0
23339	VPS39	0.0	0.0	0.0	0.0	0.0
23338	JADE2	0.0	0.0	0.0	0.0	0.0
23336	SYNM	0.0	0.0	0.0	0.0	0.0
23335	WDR7	0.0	0.0	0.0	0.0	0.0
23334	SZT2	0.0	0.0	0.0	0.0	0.0
23332	CLASP1	0.0	0.0	0.0	0.0	0.0
23378	RRP8	0.0	0.0	0.0	0.0	0.0
23376	UFL1	0.0	0.0	0.0	0.0	0.0
23373	CRTC1	0.0	0.0	0.0	0.0	0.0
23371	TNS2	0.0	0.0	0.0	0.0	0.0
23370	ARHGEF18	0.0	0.0	0.0	0.0	0.0
23369	PUM2	0.0	0.0	0.0	0.0	0.0
23368	PPP1R13B	0.0	0.0	0.0	0.0	0.0
23367	LARP1	0.0	0.0	0.0	0.0	0.0
23366	MATCAP2	0.0	0.0	0.0	0.0	0.0
23365	ARHGEF12	0.0	0.0	0.0	0.0	0.0
23363	OBSL1	0.0	0.0	0.0	0.0	0.0
23361	ZNF629	0.0	0.0	0.0	0.0	0.0
23360	FNBP4	0.0	0.0	0.0	0.0	0.0
23359	ENTREP2	0.0	0.0	0.0	0.0	0.0
23358	USP24	0.0	0.0	0.0	0.0	0.0
23357	ANGEL1	0.0	0.0	0.0	0.0	0.0
23403	FBXO46	0.0	0.0	0.0	0.0	0.0
23400	ATP13A2	0.0	0.0	0.0	0.0	0.0
23399	CTDNEP1	0.0	0.0	0.0	0.0	0.0
23398	PPWD1	0.0	0.0	0.0	0.0	0.0
23397	NCAPH	0.0	0.0	0.0	0.0	0.0
23395	LARS2	0.0	0.0	0.0	0.0	0.0
23394	ADNP	0.0	0.0	0.0	0.0	0.0
23390	ZDHHC17	0.0	0.0	0.0	0.0	0.0
23389	MED13L	0.0	0.0	0.0	0.0	0.0
23387	SIK3	0.0	0.0	0.0	0.0	0.0
23386	NUDCD3	0.0	0.0	0.0	0.0	0.0
23385	NCSTN	0.0	0.0	0.0	0.0	0.0
23384	SPECC1L	0.0	0.0	0.0	0.0	0.0
23382	AHCYL2	0.0	0.0	0.0	0.0	0.0
23381	SMG5	0.0	0.0	0.0	0.0	0.0
23379	ICE1	0.0	0.0	0.0	0.0	0.0
23432	GPR161	0.0	0.0	0.0	0.0	0.0
23431	AP4E1	0.0	0.0	0.0	0.0	0.0
23429	RYBP	0.0	0.0	0.0	0.0	0.0
23424	TDRD7	0.0	0.0	0.0	0.0	0.0
23423	TMED3	0.0	0.0	0.0	0.0	0.0
23421	ITGB3BP	0.0	0.0	0.0	0.0	0.0
23417	MLYCD	0.0	0.0	0.0	0.0	0.0
23414	ZFPM2	0.0	0.0	0.0	0.0	0.0
23413	NCS1	0.0	0.0	0.0	0.0	0.0
23412	COMMD3	0.0	0.0	0.0	0.0	0.0
23411	SIRT1	0.0	0.0	0.0	0.0	0.0
23410	SIRT3	0.0	0.0	0.0	0.0	0.0
23409	SIRT4	0.0	0.0	0.0	0.0	0.0
23406	COTL1	0.0	0.0	0.0	0.0	0.0
23405	DICER1	0.0	0.0	0.0	0.0	0.0
23404	EXOSC2	0.0	0.0	0.0	0.0	0.0
23439	ATP1B4	0.0	0.0	0.0	0.0	0.0
1741	DLG3	0.0	0.0	0.0	0.0	0.0
1739	DLG1	0.0	0.0	0.0	0.0	0.0
1738	DLD	0.0	0.0	0.0	0.0	0.0
1737	DLAT	0.0	0.0	0.0	0.0	0.0
1733	DIO1	0.0	0.0	0.0	0.0	0.0
1730	DIAPH2	0.0	0.0	0.0	0.0	0.0
1729	DIAPH1	0.0	0.0	0.0	0.0	0.0
1728	NQO1	0.0	0.0	0.0	0.0	0.0
1727	CYB5R3	0.0	0.0	0.0	0.0	0.0
1725	DHPS	0.0	0.0	0.0	0.0	0.0
1723	DHODH	0.0	0.0	0.0	0.0	0.0
1717	DHCR7	0.0	0.0	0.0	0.0	0.0
1716	DGUOK	0.0	0.0	0.0	0.0	0.0
23435	TARDBP	0.0	0.0	0.0	0.0	0.0
23433	RHOQ	0.0	0.0	0.0	0.0	0.0
23476	BRD4	0.0	0.0	0.0	0.0	0.0
23475	QPRT	0.0	0.0	0.0	0.0	0.0
23474	ETHE1	0.0	0.0	0.0	0.0	0.0
23473	CAPN7	0.0	0.0	0.0	0.0	0.0
23469	PHF3	0.0	0.0	0.0	0.0	0.0
23467	NPTXR	0.0	0.0	0.0	0.0	0.0
23466	CBX6	0.0	0.0	0.0	0.0	0.0
23464	GCAT	0.0	0.0	0.0	0.0	0.0
23463	ICMT	0.0	0.0	0.0	0.0	0.0
23461	ABCA5	0.0	0.0	0.0	0.0	0.0
23460	ABCA6	0.0	0.0	0.0	0.0	0.0
23452	ANGPTL2	0.0	0.0	0.0	0.0	0.0
23451	SF3B1	0.0	0.0	0.0	0.0	0.0
23450	SF3B3	0.0	0.0	0.0	0.0	0.0
23446	SLC44A1	0.0	0.0	0.0	0.0	0.0
23443	SLC35A3	0.0	0.0	0.0	0.0	0.0
23510	KCTD2	0.0	0.0	0.0	0.0	0.0
23508	TTC9	0.0	0.0	0.0	0.0	0.0
23507	LRRC8B	0.0	0.0	0.0	0.0	0.0
23506	BICRAL	0.0	0.0	0.0	0.0	0.0
23505	TMEM131	0.0	0.0	0.0	0.0	0.0
23504	RIMBP2	0.0	0.0	0.0	0.0	0.0
23503	ZFYVE26	0.0	0.0	0.0	0.0	0.0
23500	DAAM2	0.0	0.0	0.0	0.0	0.0
23499	MACF1	0.0	0.0	0.0	0.0	0.0
23495	TNFRSF13B	0.0	0.0	0.0	0.0	0.0
23492	CBX7	0.0	0.0	0.0	0.0	0.0
23484	LEPROTL1	0.0	0.0	0.0	0.0	0.0
23483	TGDS	0.0	0.0	0.0	0.0	0.0
23481	PES1	0.0	0.0	0.0	0.0	0.0
23480	SEC61G	0.0	0.0	0.0	0.0	0.0
23479	ISCU	0.0	0.0	0.0	0.0	0.0
23539	SLC16A8	0.0	0.0	0.0	0.0	0.0
23536	ADAT1	0.0	0.0	0.0	0.0	0.0
23534	TNPO3	0.0	0.0	0.0	0.0	0.0
23532	PRAME	0.0	0.0	0.0	0.0	0.0
23530	NNT	0.0	0.0	0.0	0.0	0.0
23528	ZNF281	0.0	0.0	0.0	0.0	0.0
23527	ACAP2	0.0	0.0	0.0	0.0	0.0
23526	ARHGAP45	0.0	0.0	0.0	0.0	0.0
23524	SRRM2	0.0	0.0	0.0	0.0	0.0
23523	CABIN1	0.0	0.0	0.0	0.0	0.0
23522	KAT6B	0.0	0.0	0.0	0.0	0.0
23518	R3HDM1	0.0	0.0	0.0	0.0	0.0
23517	MTREX	0.0	0.0	0.0	0.0	0.0
23516	SLC39A14	0.0	0.0	0.0	0.0	0.0
23515	MORC3	0.0	0.0	0.0	0.0	0.0
23512	SUZ12	0.0	0.0	0.0	0.0	0.0
23569	PADI4	0.0	0.0	0.0	0.0	0.0
23568	ARL2BP	0.0	0.0	0.0	0.0	0.0
23562	CLDN14	0.0	0.0	0.0	0.0	0.0
23558	WBP2	0.0	0.0	0.0	0.0	0.0
23556	PIGN	0.0	0.0	0.0	0.0	0.0
23555	TSPAN15	0.0	0.0	0.0	0.0	0.0
23554	TSPAN12	0.0	0.0	0.0	0.0	0.0
23552	CDK20	0.0	0.0	0.0	0.0	0.0
23550	PSD4	0.0	0.0	0.0	0.0	0.0
23549	DNPEP	0.0	0.0	0.0	0.0	0.0
23548	TTC33	0.0	0.0	0.0	0.0	0.0
23547	LILRA4	0.0	0.0	0.0	0.0	0.0
23545	ATP6V0A2	0.0	0.0	0.0	0.0	0.0
23543	RBFOX2	0.0	0.0	0.0	0.0	0.0
23542	MAPK8IP2	0.0	0.0	0.0	0.0	0.0
23541	SEC14L2	0.0	0.0	0.0	0.0	0.0
1687	GSDME	0.0	0.0	0.0	0.0	0.0
1678	TIMM8A	0.0	0.0	0.0	0.0	0.0
1677	DFFB	0.0	0.0	0.0	0.0	0.0
1676	DFFA	0.0	0.0	0.0	0.0	0.0
1674	DES	0.0	0.0	0.0	0.0	0.0
1666	DECR1	0.0	0.0	0.0	0.0	0.0
1665	DHX15	0.0	0.0	0.0	0.0	0.0
1663	DDX11	0.0	0.0	0.0	0.0	0.0
1662	DDX10	0.0	0.0	0.0	0.0	0.0
1660	DHX9	0.0	0.0	0.0	0.0	0.0
1659	DHX8	0.0	0.0	0.0	0.0	0.0
1657	DMXL1	0.0	0.0	0.0	0.0	0.0
1656	DDX6	0.0	0.0	0.0	0.0	0.0
23585	TMEM50A	0.0	0.0	0.0	0.0	0.0
23583	SMUG1	0.0	0.0	0.0	0.0	0.0
23576	DDAH1	0.0	0.0	0.0	0.0	0.0
23612	PHLDA3	0.0	0.0	0.0	0.0	0.0
23609	MKRN2	0.0	0.0	0.0	0.0	0.0
23607	CD2AP	0.0	0.0	0.0	0.0	0.0
23604	DAPK2	0.0	0.0	0.0	0.0	0.0
23603	CORO1C	0.0	0.0	0.0	0.0	0.0
23601	CLEC5A	0.0	0.0	0.0	0.0	0.0
23598	PATZ1	0.0	0.0	0.0	0.0	0.0
23596	OPN3	0.0	0.0	0.0	0.0	0.0
23595	ORC3	0.0	0.0	0.0	0.0	0.0
23593	HEBP2	0.0	0.0	0.0	0.0	0.0
23592	LEMD3	0.0	0.0	0.0	0.0	0.0
23590	PDSS1	0.0	0.0	0.0	0.0	0.0
23588	KLHDC2	0.0	0.0	0.0	0.0	0.0
23587	ELP5	0.0	0.0	0.0	0.0	0.0
23586	RIGI	0.0	0.0	0.0	0.0	0.0
1690	COCH	0.0	0.0	0.0	0.0	0.0
23650	TRIM29	0.0	0.0	0.0	0.0	0.0
23649	POLA2	0.0	0.0	0.0	0.0	0.0
23647	ARFIP2	0.0	0.0	0.0	0.0	0.0
23646	PLD3	0.0	0.0	0.0	0.0	0.0
23644	EDC4	0.0	0.0	0.0	0.0	0.0
23641	LDOC1	0.0	0.0	0.0	0.0	0.0
23640	HSPBP1	0.0	0.0	0.0	0.0	0.0
23636	NUP62	0.0	0.0	0.0	0.0	0.0
23635	SSBP2	0.0	0.0	0.0	0.0	0.0
23632	CA14	0.0	0.0	0.0	0.0	0.0
23627	PRND	0.0	0.0	0.0	0.0	0.0
23625	FAM89B	0.0	0.0	0.0	0.0	0.0
23624	CBLC	0.0	0.0	0.0	0.0	0.0
23621	BACE1	0.0	0.0	0.0	0.0	0.0
23615	PYY2	0.0	0.0	0.0	0.0	0.0
23613	ZMYND8	0.0	0.0	0.0	0.0	0.0
23742	NPAP1	0.0	0.0	0.0	0.0	0.0
23741	EID1	0.0	0.0	0.0	0.0	0.0
23729	SHPK	0.0	0.0	0.0	0.0	0.0
23710	GABARAPL1	0.0	0.0	0.0	0.0	0.0
23708	GSPT2	0.0	0.0	0.0	0.0	0.0
23705	CADM1	0.0	0.0	0.0	0.0	0.0
23704	KCNE4	0.0	0.0	0.0	0.0	0.0
23683	PRKD3	0.0	0.0	0.0	0.0	0.0
23677	SH3BP4	0.0	0.0	0.0	0.0	0.0
23673	STX12	0.0	0.0	0.0	0.0	0.0
23670	CEMIP2	0.0	0.0	0.0	0.0	0.0
23660	ZKSCAN5	0.0	0.0	0.0	0.0	0.0
23659	PLA2G15	0.0	0.0	0.0	0.0	0.0
23658	LSM5	0.0	0.0	0.0	0.0	0.0
23657	SLC7A11	0.0	0.0	0.0	0.0	0.0
23654	PLXNB2	0.0	0.0	0.0	0.0	0.0
24141	LAMP5	0.0	0.0	0.0	0.0	0.0
24140	FTSJ1	0.0	0.0	0.0	0.0	0.0
24137	KIF4A	0.0	0.0	0.0	0.0	0.0
23788	MTCH2	0.0	0.0	0.0	0.0	0.0
23787	MTCH1	0.0	0.0	0.0	0.0	0.0
23786	BCL2L13	0.0	0.0	0.0	0.0	0.0
23780	APOL2	0.0	0.0	0.0	0.0	0.0
23774	BRD1	0.0	0.0	0.0	0.0	0.0
23770	FKBP8	0.0	0.0	0.0	0.0	0.0
23767	FLRT3	0.0	0.0	0.0	0.0	0.0
23765	IL17RA	0.0	0.0	0.0	0.0	0.0
23764	MAFF	0.0	0.0	0.0	0.0	0.0
23762	OSBP2	0.0	0.0	0.0	0.0	0.0
23760	PITPNB	0.0	0.0	0.0	0.0	0.0
23753	SDF2L1	0.0	0.0	0.0	0.0	0.0
23743	BHMT2	0.0	0.0	0.0	0.0	0.0
24148	PRPF6	0.0	0.0	0.0	0.0	0.0
1654	DDX3X	0.0	0.0	0.0	0.0	0.0
1653	DDX1	0.0	0.0	0.0	0.0	0.0
1647	GADD45A	0.0	0.0	0.0	0.0	0.0
1645	AKR1C1	0.0	0.0	0.0	0.0	0.0
1644	DDC	0.0	0.0	0.0	0.0	0.0
1643	DDB2	0.0	0.0	0.0	0.0	0.0
1642	DDB1	0.0	0.0	0.0	0.0	0.0
1639	DCTN1	0.0	0.0	0.0	0.0	0.0
1636	ACE	0.0	0.0	0.0	0.0	0.0
1634	DCN	0.0	0.0	0.0	0.0	0.0
1633	DCK	0.0	0.0	0.0	0.0	0.0
1632	ECI1	0.0	0.0	0.0	0.0	0.0
24146	CLDN15	0.0	0.0	0.0	0.0	0.0
24145	PANX1	0.0	0.0	0.0	0.0	0.0
24144	TFIP11	0.0	0.0	0.0	0.0	0.0
25805	BAMBI	0.0	0.0	0.0	0.0	0.0
25804	LSM4	0.0	0.0	0.0	0.0	0.0
25802	LMOD1	0.0	0.0	0.0	0.0	0.0
25801	GCA	0.0	0.0	0.0	0.0	0.0
25799	ZNF324	0.0	0.0	0.0	0.0	0.0
25796	PGLS	0.0	0.0	0.0	0.0	0.0
25794	FSCN2	0.0	0.0	0.0	0.0	0.0
25793	FBXO7	0.0	0.0	0.0	0.0	0.0
25790	CFAP45	0.0	0.0	0.0	0.0	0.0
25786	DGCR11	0.0	0.0	0.0	0.0	0.0
25780	RASGRP3	0.0	0.0	0.0	0.0	0.0
25778	DSTYK	0.0	0.0	0.0	0.0	0.0
25776	CBY1	0.0	0.0	0.0	0.0	0.0
25771	TBC1D22A	0.0	0.0	0.0	0.0	0.0
25759	SHC2	0.0	0.0	0.0	0.0	0.0
25758	KIAA1549L	0.0	0.0	0.0	0.0	0.0
25823	TPSG1	0.0	0.0	0.0	0.0	0.0
1630	DCC	0.0	0.0	0.0	0.0	0.0
1627	DBN1	0.0	0.0	0.0	0.0	0.0
1622	DBI	0.0	0.0	0.0	0.0	0.0
1621	DBH	0.0	0.0	0.0	0.0	0.0
1620	BRINP1	0.0	0.0	0.0	0.0	0.0
1615	DARS1	0.0	0.0	0.0	0.0	0.0
1612	DAPK1	0.0	0.0	0.0	0.0	0.0
1610	DAO	0.0	0.0	0.0	0.0	0.0
1609	DGKQ	0.0	0.0	0.0	0.0	0.0
1608	DGKG	0.0	0.0	0.0	0.0	0.0
1606	DGKA	0.0	0.0	0.0	0.0	0.0
25821	MTO1	0.0	0.0	0.0	0.0	0.0
25814	ATXN10	0.0	0.0	0.0	0.0	0.0
25809	TTLL1	0.0	0.0	0.0	0.0	0.0
25807	RHBDD3	0.0	0.0	0.0	0.0	0.0
25855	BRMS1	0.0	0.0	0.0	0.0	0.0
25852	ARMC8	0.0	0.0	0.0	0.0	0.0
25850	ZNF345	0.0	0.0	0.0	0.0	0.0
25849	PARM1	0.0	0.0	0.0	0.0	0.0
25844	YIPF3	0.0	0.0	0.0	0.0	0.0
25842	ASF1A	0.0	0.0	0.0	0.0	0.0
25841	ABTB2	0.0	0.0	0.0	0.0	0.0
25840	TMT1A	0.0	0.0	0.0	0.0	0.0
25839	COG4	0.0	0.0	0.0	0.0	0.0
25837	RAB26	0.0	0.0	0.0	0.0	0.0
25836	NIPBL	0.0	0.0	0.0	0.0	0.0
25833	POU2F3	0.0	0.0	0.0	0.0	0.0
25829	TMEM184B	0.0	0.0	0.0	0.0	0.0
25828	TXN2	0.0	0.0	0.0	0.0	0.0
25827	FBXL2	0.0	0.0	0.0	0.0	0.0
25825	BACE2	0.0	0.0	0.0	0.0	0.0
25906	ANAPC15	0.0	0.0	0.0	0.0	0.0
25903	OLFML2B	0.0	0.0	0.0	0.0	0.0
25901	CCDC28A	0.0	0.0	0.0	0.0	0.0
25900	IFFO1	0.0	0.0	0.0	0.0	0.0
25898	RCHY1	0.0	0.0	0.0	0.0	0.0
25897	RNF19A	0.0	0.0	0.0	0.0	0.0
25896	INTS7	0.0	0.0	0.0	0.0	0.0
25891	PAMR1	0.0	0.0	0.0	0.0	0.0
25888	ZNF473	0.0	0.0	0.0	0.0	0.0
25880	TMEM186	0.0	0.0	0.0	0.0	0.0
25878	MXRA5	0.0	0.0	0.0	0.0	0.0
25876	SPEF1	0.0	0.0	0.0	0.0	0.0
25875	LETMD1	0.0	0.0	0.0	0.0	0.0
25874	MPC2	0.0	0.0	0.0	0.0	0.0
25873	RPL36	0.0	0.0	0.0	0.0	0.0
25861	WHRN	0.0	0.0	0.0	0.0	0.0
25950	RWDD3	0.0	0.0	0.0	0.0	0.0
25949	SYF2	0.0	0.0	0.0	0.0	0.0
25948	KBTBD2	0.0	0.0	0.0	0.0	0.0
25945	NECTIN3	0.0	0.0	0.0	0.0	0.0
25941	TPGS2	0.0	0.0	0.0	0.0	0.0
25940	TSLIG3A	0.0	0.0	0.0	0.0	0.0
25937	WWTR1	0.0	0.0	0.0	0.0	0.0
25936	NSL1	0.0	0.0	0.0	0.0	0.0
25928	SOSTDC1	0.0	0.0	0.0	0.0	0.0
25926	NOL11	0.0	0.0	0.0	0.0	0.0
25924	MYRIP	0.0	0.0	0.0	0.0	0.0
25920	NELFB	0.0	0.0	0.0	0.0	0.0
25915	NDUFAF3	0.0	0.0	0.0	0.0	0.0
25913	POT1	0.0	0.0	0.0	0.0	0.0
25909	AHCTF1	0.0	0.0	0.0	0.0	0.0
25907	TMEM158	0.0	0.0	0.0	0.0	0.0
25988	HINFP	0.0	0.0	0.0	0.0	0.0
25984	KRT23	0.0	0.0	0.0	0.0	0.0
25983	NGDN	0.0	0.0	0.0	0.0	0.0
25980	AAR2	0.0	0.0	0.0	0.0	0.0
25979	DHRS7B	0.0	0.0	0.0	0.0	0.0
25978	CHMP2B	0.0	0.0	0.0	0.0	0.0
25977	NECAP1	0.0	0.0	0.0	0.0	0.0
25976	TIPARP	0.0	0.0	0.0	0.0	0.0
25974	MMACHC	0.0	0.0	0.0	0.0	0.0
25972	UNC50	0.0	0.0	0.0	0.0	0.0
25970	SH2B1	0.0	0.0	0.0	0.0	0.0
25966	C2CD2	0.0	0.0	0.0	0.0	0.0
25961	NUDT13	0.0	0.0	0.0	0.0	0.0
25960	ADGRA2	0.0	0.0	0.0	0.0	0.0
25959	KANK2	0.0	0.0	0.0	0.0	0.0
25957	PNISR	0.0	0.0	0.0	0.0	0.0
1602	DACH1	0.0	0.0	0.0	0.0	0.0
1586	CYP17A1	0.0	0.0	0.0	0.0	0.0
1580	CYP4B1	0.0	0.0	0.0	0.0	0.0
1579	CYP4A11	0.0	0.0	0.0	0.0	0.0
1577	CYP3A5	0.0	0.0	0.0	0.0	0.0
1576	CYP3A4	0.0	0.0	0.0	0.0	0.0
1573	CYP2J2	0.0	0.0	0.0	0.0	0.0
1571	CYP2E1	0.0	0.0	0.0	0.0	0.0
1559	CYP2C9	0.0	0.0	0.0	0.0	0.0
1558	CYP2C8	0.0	0.0	0.0	0.0	0.0
26000	TBC1D10B	0.0	0.0	0.0	0.0	0.0
25999	CLIP3	0.0	0.0	0.0	0.0	0.0
25998	IBTK	0.0	0.0	0.0	0.0	0.0
25996	REXO2	0.0	0.0	0.0	0.0	0.0
25994	HIGD1A	0.0	0.0	0.0	0.0	0.0
25992	SNED1	0.0	0.0	0.0	0.0	0.0
26035	GLCE	0.0	0.0	0.0	0.0	0.0
26034	IPCEF1	0.0	0.0	0.0	0.0	0.0
26033	ATRNL1	0.0	0.0	0.0	0.0	0.0
26032	SUSD5	0.0	0.0	0.0	0.0	0.0
26030	PLEKHG3	0.0	0.0	0.0	0.0	0.0
26020	LRP10	0.0	0.0	0.0	0.0	0.0
26019	UPF2	0.0	0.0	0.0	0.0	0.0
26018	LRIG1	0.0	0.0	0.0	0.0	0.0
26015	RPAP1	0.0	0.0	0.0	0.0	0.0
26013	L3MBTL1	0.0	0.0	0.0	0.0	0.0
26009	ZZZ3	0.0	0.0	0.0	0.0	0.0
26007	TKFC	0.0	0.0	0.0	0.0	0.0
26005	C2CD3	0.0	0.0	0.0	0.0	0.0
26001	RNF167	0.0	0.0	0.0	0.0	0.0
1604	CD55	0.0	0.0	0.0	0.0	0.0
1603	DAD1	0.0	0.0	0.0	0.0	0.0
26059	ERC2	0.0	0.0	0.0	0.0	0.0
26058	GIGYF2	0.0	0.0	0.0	0.0	0.0
26057	ANKRD17	0.0	0.0	0.0	0.0	0.0
26056	RAB11FIP5	0.0	0.0	0.0	0.0	0.0
26054	SENP6	0.0	0.0	0.0	0.0	0.0
26053	AUTS2	0.0	0.0	0.0	0.0	0.0
26052	DNM3	0.0	0.0	0.0	0.0	0.0
26049	FAM169A	0.0	0.0	0.0	0.0	0.0
26048	ZNF500	0.0	0.0	0.0	0.0	0.0
26047	CNTNAP2	0.0	0.0	0.0	0.0	0.0
26046	LTN1	0.0	0.0	0.0	0.0	0.0
26045	LRRTM2	0.0	0.0	0.0	0.0	0.0
26043	UBXN7	0.0	0.0	0.0	0.0	0.0
26040	SETBP1	0.0	0.0	0.0	0.0	0.0
26039	SS18L1	0.0	0.0	0.0	0.0	0.0
26036	ZNF451	0.0	0.0	0.0	0.0	0.0
26118	WSB1	0.0	0.0	0.0	0.0	0.0
26115	TANC2	0.0	0.0	0.0	0.0	0.0
26112	CCDC69	0.0	0.0	0.0	0.0	0.0
26100	WIPI2	0.0	0.0	0.0	0.0	0.0
26099	SZRD1	0.0	0.0	0.0	0.0	0.0
26098	EDRF1	0.0	0.0	0.0	0.0	0.0
26097	CHTOP	0.0	0.0	0.0	0.0	0.0
26092	TOR1AIP1	0.0	0.0	0.0	0.0	0.0
26091	HERC4	0.0	0.0	0.0	0.0	0.0
26084	ARHGEF26	0.0	0.0	0.0	0.0	0.0
26073	POLDIP2	0.0	0.0	0.0	0.0	0.0
26071	RTL8A	0.0	0.0	0.0	0.0	0.0
26065	LSM14A	0.0	0.0	0.0	0.0	0.0
26064	RAI14	0.0	0.0	0.0	0.0	0.0
26063	DECR2	0.0	0.0	0.0	0.0	0.0
26060	APPL1	0.0	0.0	0.0	0.0	0.0
26168	SENP3	0.0	0.0	0.0	0.0	0.0
26156	RSL1D1	0.0	0.0	0.0	0.0	0.0
26155	NOC2L	0.0	0.0	0.0	0.0	0.0
26154	ABCA12	0.0	0.0	0.0	0.0	0.0
26152	ZNF337	0.0	0.0	0.0	0.0	0.0
26151	NAT9	0.0	0.0	0.0	0.0	0.0
26146	IFT54	0.0	0.0	0.0	0.0	0.0
26145	IRF2BP1	0.0	0.0	0.0	0.0	0.0
26137	ZBTB20	0.0	0.0	0.0	0.0	0.0
26135	SERBP1	0.0	0.0	0.0	0.0	0.0
26133	TRPC4AP	0.0	0.0	0.0	0.0	0.0
26130	GAPVD1	0.0	0.0	0.0	0.0	0.0
26128	KIFBP	0.0	0.0	0.0	0.0	0.0
26123	TCTN3	0.0	0.0	0.0	0.0	0.0
26121	PRPF31	0.0	0.0	0.0	0.0	0.0
26119	LDLRAP1	0.0	0.0	0.0	0.0	0.0
26191	PTPN22	0.0	0.0	0.0	0.0	0.0
1555	CYP2B6	0.0	0.0	0.0	0.0	0.0
1549	CYP2A7	0.0	0.0	0.0	0.0	0.0
1543	CYP1A1	0.0	0.0	0.0	0.0	0.0
1540	CYLD	0.0	0.0	0.0	0.0	0.0
1537	CYC1	0.0	0.0	0.0	0.0	0.0
1535	CYBA	0.0	0.0	0.0	0.0	0.0
1534	CYB561	0.0	0.0	0.0	0.0	0.0
1528	CYB5A	0.0	0.0	0.0	0.0	0.0
1525	CXADR	0.0	0.0	0.0	0.0	0.0
1523	CUX1	0.0	0.0	0.0	0.0	0.0
1522	CTSZ	0.0	0.0	0.0	0.0	0.0
1521	CTSW	0.0	0.0	0.0	0.0	0.0
26190	FBXW2	0.0	0.0	0.0	0.0	0.0
26175	LYSET	0.0	0.0	0.0	0.0	0.0
26173	INTS1	0.0	0.0	0.0	0.0	0.0
26268	FBXO9	0.0	0.0	0.0	0.0	0.0
26263	FBXO22	0.0	0.0	0.0	0.0	0.0
26256	CABYR	0.0	0.0	0.0	0.0	0.0
26253	CLEC4E	0.0	0.0	0.0	0.0	0.0
26251	KCNG2	0.0	0.0	0.0	0.0	0.0
26240	FAM50B	0.0	0.0	0.0	0.0	0.0
26235	FBXL4	0.0	0.0	0.0	0.0	0.0
26233	FBXL6	0.0	0.0	0.0	0.0	0.0
26232	FBXO2	0.0	0.0	0.0	0.0	0.0
26229	B3GAT3	0.0	0.0	0.0	0.0	0.0
26228	STAP1	0.0	0.0	0.0	0.0	0.0
26227	PHGDH	0.0	0.0	0.0	0.0	0.0
26226	FBXW4P1	0.0	0.0	0.0	0.0	0.0
26207	PITPNC1	0.0	0.0	0.0	0.0	0.0
26206	SPAG8	0.0	0.0	0.0	0.0	0.0
26205	GMEB2	0.0	0.0	0.0	0.0	0.0
26471	NUPR1	0.0	0.0	0.0	0.0	0.0
26470	SEZ6L2	0.0	0.0	0.0	0.0	0.0
26469	PTPN18	0.0	0.0	0.0	0.0	0.0
26355	FAM162A	0.0	0.0	0.0	0.0	0.0
26353	HSPB8	0.0	0.0	0.0	0.0	0.0
26330	GAPDHS	0.0	0.0	0.0	0.0	0.0
26298	EHF	0.0	0.0	0.0	0.0	0.0
26297	SERGEF	0.0	0.0	0.0	0.0	0.0
26289	AK5	0.0	0.0	0.0	0.0	0.0
26287	ANKRD2	0.0	0.0	0.0	0.0	0.0
26284	ERAL1	0.0	0.0	0.0	0.0	0.0
26280	IL1RAPL2	0.0	0.0	0.0	0.0	0.0
26276	VPS33B	0.0	0.0	0.0	0.0	0.0
26275	HIBCH	0.0	0.0	0.0	0.0	0.0
26273	FBXO3	0.0	0.0	0.0	0.0	0.0
26271	FBXO5	0.0	0.0	0.0	0.0	0.0
26548	ITGB1BP2	0.0	0.0	0.0	0.0	0.0
26528	DAZAP1	0.0	0.0	0.0	0.0	0.0
26523	AGO1	0.0	0.0	0.0	0.0	0.0
26521	TIMM8B	0.0	0.0	0.0	0.0	0.0
26520	TIMM9	0.0	0.0	0.0	0.0	0.0
26519	TIMM10	0.0	0.0	0.0	0.0	0.0
26517	TIMM13	0.0	0.0	0.0	0.0	0.0
26512	INTS6	0.0	0.0	0.0	0.0	0.0
26511	CHIC2	0.0	0.0	0.0	0.0	0.0
26508	HEYL	0.0	0.0	0.0	0.0	0.0
26507	CNNM1	0.0	0.0	0.0	0.0	0.0
26505	CNNM3	0.0	0.0	0.0	0.0	0.0
26504	CNNM4	0.0	0.0	0.0	0.0	0.0
26503	SLC17A5	0.0	0.0	0.0	0.0	0.0
26502	NARF	0.0	0.0	0.0	0.0	0.0
26499	PLEK2	0.0	0.0	0.0	0.0	0.0
1519	CTSO	0.0	0.0	0.0	0.0	0.0
1515	CTSV	0.0	0.0	0.0	0.0	0.0
1514	CTSL	0.0	0.0	0.0	0.0	0.0
1512	CTSH	0.0	0.0	0.0	0.0	0.0
1511	CTSG	0.0	0.0	0.0	0.0	0.0
1509	CTSD	0.0	0.0	0.0	0.0	0.0
1508	CTSB	0.0	0.0	0.0	0.0	0.0
1503	CTPS1	0.0	0.0	0.0	0.0	0.0
1499	CTNNB1	0.0	0.0	0.0	0.0	0.0
1497	CTNS	0.0	0.0	0.0	0.0	0.0
1495	CTNNA1	0.0	0.0	0.0	0.0	0.0
1493	CTLA4	0.0	0.0	0.0	0.0	0.0
1491	CTH	0.0	0.0	0.0	0.0	0.0
26585	GREM1	0.0	0.0	0.0	0.0	0.0
26578	OSTF1	0.0	0.0	0.0	0.0	0.0
26577	PCOLCE2	0.0	0.0	0.0	0.0	0.0
26999	CYFIP2	0.0	0.0	0.0	0.0	0.0
26998	FETUB	0.0	0.0	0.0	0.0	0.0
26994	RNF11	0.0	0.0	0.0	0.0	0.0
26993	AKAP8L	0.0	0.0	0.0	0.0	0.0
26984	SEC22A	0.0	0.0	0.0	0.0	0.0
26973	CHORDC1	0.0	0.0	0.0	0.0	0.0
26960	NBEA	0.0	0.0	0.0	0.0	0.0
26959	HBP1	0.0	0.0	0.0	0.0	0.0
26953	RANBP6	0.0	0.0	0.0	0.0	0.0
26873	OPLAH	0.0	0.0	0.0	0.0	0.0
26872	STEAP1	0.0	0.0	0.0	0.0	0.0
26751	SH3YL1	0.0	0.0	0.0	0.0	0.0
26750	RPS6KC1	0.0	0.0	0.0	0.0	0.0
26610	ELP4	0.0	0.0	0.0	0.0	0.0
26608	TBL2	0.0	0.0	0.0	0.0	0.0
26586	CKAP2	0.0	0.0	0.0	0.0	0.0
27067	STAU2	0.0	0.0	0.0	0.0	0.0
27065	NSG1	0.0	0.0	0.0	0.0	0.0
27043	PELP1	0.0	0.0	0.0	0.0	0.0
27042	UTP25	0.0	0.0	0.0	0.0	0.0
27037	TRMT2A	0.0	0.0	0.0	0.0	0.0
27036	SIGLEC7	0.0	0.0	0.0	0.0	0.0
27033	ZBTB32	0.0	0.0	0.0	0.0	0.0
27032	ATP2C1	0.0	0.0	0.0	0.0	0.0
27030	MLH3	0.0	0.0	0.0	0.0	0.0
27020	NPTN	0.0	0.0	0.0	0.0	0.0
27018	BEX3	0.0	0.0	0.0	0.0	0.0
27013	CNPPD1	0.0	0.0	0.0	0.0	0.0
27012	KCNV1	0.0	0.0	0.0	0.0	0.0
27010	TPK1	0.0	0.0	0.0	0.0	0.0
27005	USP21	0.0	0.0	0.0	0.0	0.0
27000	DNAJC2	0.0	0.0	0.0	0.0	0.0
1487	CTBP1	0.0	0.0	0.0	0.0	0.0
1486	CTBS	0.0	0.0	0.0	0.0	0.0
1477	CSTF1	0.0	0.0	0.0	0.0	0.0
1474	CST6	0.0	0.0	0.0	0.0	0.0
1471	CST3	0.0	0.0	0.0	0.0	0.0
1469	CST1	0.0	0.0	0.0	0.0	0.0
1465	CSRP1	0.0	0.0	0.0	0.0	0.0
27095	TRAPPC3	0.0	0.0	0.0	0.0	0.0
27090	ST6GALNAC4	0.0	0.0	0.0	0.0	0.0
27087	B3GAT1	0.0	0.0	0.0	0.0	0.0
27079	RPUSD2	0.0	0.0	0.0	0.0	0.0
27077	B9D1	0.0	0.0	0.0	0.0	0.0
27072	VPS41	0.0	0.0	0.0	0.0	0.0
27071	DAPP1	0.0	0.0	0.0	0.0	0.0
27069	GHITM	0.0	0.0	0.0	0.0	0.0
27068	PPA2	0.0	0.0	0.0	0.0	0.0
27147	DENND2A	0.0	0.0	0.0	0.0	0.0
27134	TJP3	0.0	0.0	0.0	0.0	0.0
27132	CPNE7	0.0	0.0	0.0	0.0	0.0
27131	SNX5	0.0	0.0	0.0	0.0	0.0
27130	INVS	0.0	0.0	0.0	0.0	0.0
27128	CYTH4	0.0	0.0	0.0	0.0	0.0
27125	AFF4	0.0	0.0	0.0	0.0	0.0
27115	PDE7B	0.0	0.0	0.0	0.0	0.0
27112	NALF2	0.0	0.0	0.0	0.0	0.0
27109	DMAC2L	0.0	0.0	0.0	0.0	0.0
27107	ZBTB11	0.0	0.0	0.0	0.0	0.0
27102	EIF2AK1	0.0	0.0	0.0	0.0	0.0
27098	CLUL1	0.0	0.0	0.0	0.0	0.0
27097	TAF5L	0.0	0.0	0.0	0.0	0.0
1490	CCN2	0.0	0.0	0.0	0.0	0.0
1488	CTBP2	0.0	0.0	0.0	0.0	0.0
27243	CHMP2A	0.0	0.0	0.0	0.0	0.0
27242	TNFRSF21	0.0	0.0	0.0	0.0	0.0
27241	BBS9	0.0	0.0	0.0	0.0	0.0
27240	SIT1	0.0	0.0	0.0	0.0	0.0
27237	ARHGEF16	0.0	0.0	0.0	0.0	0.0
27236	ARFIP1	0.0	0.0	0.0	0.0	0.0
27235	COQ2	0.0	0.0	0.0	0.0	0.0
27231	NMRK2	0.0	0.0	0.0	0.0	0.0
27230	SERP1	0.0	0.0	0.0	0.0	0.0
27229	TUBGCP4	0.0	0.0	0.0	0.0	0.0
27181	SIGLEC8	0.0	0.0	0.0	0.0	0.0
27175	TUBG2	0.0	0.0	0.0	0.0	0.0
27173	SLC39A1	0.0	0.0	0.0	0.0	0.0
27165	GLS2	0.0	0.0	0.0	0.0	0.0
27163	NAAA	0.0	0.0	0.0	0.0	0.0
27156	RSPH14	0.0	0.0	0.0	0.0	0.0
27299	ADAMDEC1	0.0	0.0	0.0	0.0	0.0
27297	CRCP	0.0	0.0	0.0	0.0	0.0
27295	PDLIM3	0.0	0.0	0.0	0.0	0.0
27293	SMPDL3B	0.0	0.0	0.0	0.0	0.0
27292	DIMT1	0.0	0.0	0.0	0.0	0.0
27291	R3HCC1L	0.0	0.0	0.0	0.0	0.0
27285	TEKT2	0.0	0.0	0.0	0.0	0.0
27257	LSM1	0.0	0.0	0.0	0.0	0.0
27255	CNTN6	0.0	0.0	0.0	0.0	0.0
27254	CSDC2	0.0	0.0	0.0	0.0	0.0
27253	PCDH17	0.0	0.0	0.0	0.0	0.0
27252	KLHL20	0.0	0.0	0.0	0.0	0.0
27249	MMADHC	0.0	0.0	0.0	0.0	0.0
27247	NFU1	0.0	0.0	0.0	0.0	0.0
27245	AHDC1	0.0	0.0	0.0	0.0	0.0
27244	SESN1	0.0	0.0	0.0	0.0	0.0
1460	CSNK2B	0.0	0.0	0.0	0.0	0.0
1459	CSNK2A2	0.0	0.0	0.0	0.0	0.0
1456	CSNK1G3	0.0	0.0	0.0	0.0	0.0
1455	CSNK1G2	0.0	0.0	0.0	0.0	0.0
1453	CSNK1D	0.0	0.0	0.0	0.0	0.0
1452	CSNK1A1	0.0	0.0	0.0	0.0	0.0
1445	CSK	0.0	0.0	0.0	0.0	0.0
1441	CSF3R	0.0	0.0	0.0	0.0	0.0
1436	CSF1R	0.0	0.0	0.0	0.0	0.0
1435	CSF1	0.0	0.0	0.0	0.0	0.0
1434	CSE1L	0.0	0.0	0.0	0.0	0.0
1432	MAPK14	0.0	0.0	0.0	0.0	0.0
1429	CRYZ	0.0	0.0	0.0	0.0	0.0
27303	RBMS3	0.0	0.0	0.0	0.0	0.0
27301	APEX2	0.0	0.0	0.0	0.0	0.0
27300	ZNF544	0.0	0.0	0.0	0.0	0.0
27346	TMEM97	0.0	0.0	0.0	0.0	0.0
27345	KCNMB4	0.0	0.0	0.0	0.0	0.0
27344	PCSK1N	0.0	0.0	0.0	0.0	0.0
27343	POLL	0.0	0.0	0.0	0.0	0.0
27341	RRP7A	0.0	0.0	0.0	0.0	0.0
27340	UTP20	0.0	0.0	0.0	0.0	0.0
27339	PRPF19	0.0	0.0	0.0	0.0	0.0
27336	HTATSF1	0.0	0.0	0.0	0.0	0.0
27335	EIF3K	0.0	0.0	0.0	0.0	0.0
27334	P2RY10	0.0	0.0	0.0	0.0	0.0
27333	GOLIM4	0.0	0.0	0.0	0.0	0.0
27329	ANGPTL3	0.0	0.0	0.0	0.0	0.0
27324	TOX3	0.0	0.0	0.0	0.0	0.0
27314	RAB30	0.0	0.0	0.0	0.0	0.0
27304	MOCS3	0.0	0.0	0.0	0.0	0.0
1464	CSPG4	0.0	0.0	0.0	0.0	0.0
28951	TRIB2	0.0	0.0	0.0	0.0	0.0
28513	CDH19	0.0	0.0	0.0	0.0	0.0
28511	NKIRAS2	0.0	0.0	0.0	0.0	0.0
28316	CDH20	0.0	0.0	0.0	0.0	0.0
28231	SLCO4A1	0.0	0.0	0.0	0.0	0.0
27445	PCLO	0.0	0.0	0.0	0.0	0.0
27436	EML4	0.0	0.0	0.0	0.0	0.0
27434	POLM	0.0	0.0	0.0	0.0	0.0
27430	MAT2B	0.0	0.0	0.0	0.0	0.0
27429	HTRA2	0.0	0.0	0.0	0.0	0.0
27352	SGSM3	0.0	0.0	0.0	0.0	0.0
27351	DESI1	0.0	0.0	0.0	0.0	0.0
27350	APOBEC3C	0.0	0.0	0.0	0.0	0.0
27349	MCAT	0.0	0.0	0.0	0.0	0.0
27348	TOR1B	0.0	0.0	0.0	0.0	0.0
27347	STK39	0.0	0.0	0.0	0.0	0.0
28978	TMEM14A	0.0	0.0	0.0	0.0	0.0
28977	MRPL42	0.0	0.0	0.0	0.0	0.0
28974	C19orf53	0.0	0.0	0.0	0.0	0.0
28972	SPCS1	0.0	0.0	0.0	0.0	0.0
28971	AAMDC	0.0	0.0	0.0	0.0	0.0
28969	BZW2	0.0	0.0	0.0	0.0	0.0
28966	SNX24	0.0	0.0	0.0	0.0	0.0
28964	GIT1	0.0	0.0	0.0	0.0	0.0
28962	OSTM1	0.0	0.0	0.0	0.0	0.0
28960	DCPS	0.0	0.0	0.0	0.0	0.0
28959	TMEM176B	0.0	0.0	0.0	0.0	0.0
28958	COA3	0.0	0.0	0.0	0.0	0.0
28957	MRPS28	0.0	0.0	0.0	0.0	0.0
28956	LAMTOR2	0.0	0.0	0.0	0.0	0.0
28954	REM1	0.0	0.0	0.0	0.0	0.0
28952	CCDC22	0.0	0.0	0.0	0.0	0.0
29071	C1GALT1C1	0.0	0.0	0.0	0.0	0.0
29066	ZC3H7A	0.0	0.0	0.0	0.0	0.0
29063	ZCCHC4	0.0	0.0	0.0	0.0	0.0
29062	WDR91	0.0	0.0	0.0	0.0	0.0
29028	ATAD2	0.0	0.0	0.0	0.0	0.0
29018	FOXN3-AS2	0.0	0.0	0.0	0.0	0.0
29015	SLC43A3	0.0	0.0	0.0	0.0	0.0
28999	KLF15	0.0	0.0	0.0	0.0	0.0
28998	MRPL13	0.0	0.0	0.0	0.0	0.0
28996	HIPK2	0.0	0.0	0.0	0.0	0.0
28992	MACROD1	0.0	0.0	0.0	0.0	0.0
28990	ASTE1	0.0	0.0	0.0	0.0	0.0
28986	MAGEH1	0.0	0.0	0.0	0.0	0.0
28985	MCTS1	0.0	0.0	0.0	0.0	0.0
28984	RGCC	0.0	0.0	0.0	0.0	0.0
28981	IFT81	0.0	0.0	0.0	0.0	0.0
29104	HEMK2	0.0	0.0	0.0	0.0	0.0
29103	DNAJC15	0.0	0.0	0.0	0.0	0.0
29100	TMEM208	0.0	0.0	0.0	0.0	0.0
29099	COMMD9	0.0	0.0	0.0	0.0	0.0
29097	CNIH4	0.0	0.0	0.0	0.0	0.0
29095	ORMDL2	0.0	0.0	0.0	0.0	0.0
29093	MRPL22	0.0	0.0	0.0	0.0	0.0
29092	LINC00339	0.0	0.0	0.0	0.0	0.0
29088	MRPL15	0.0	0.0	0.0	0.0	0.0
29083	GTPBP8	0.0	0.0	0.0	0.0	0.0
29081	METTL5	0.0	0.0	0.0	0.0	0.0
29080	CCDC59	0.0	0.0	0.0	0.0	0.0
29079	MED4	0.0	0.0	0.0	0.0	0.0
29078	NDUFAF4	0.0	0.0	0.0	0.0	0.0
29074	MRPL18	0.0	0.0	0.0	0.0	0.0
29072	SETD2	0.0	0.0	0.0	0.0	0.0
1416	CRYBB2P1	0.0	0.0	0.0	0.0	0.0
1410	CRYAB	0.0	0.0	0.0	0.0	0.0
1408	CRY2	0.0	0.0	0.0	0.0	0.0
1407	CRY1	0.0	0.0	0.0	0.0	0.0
1404	HAPLN1	0.0	0.0	0.0	0.0	0.0
1401	CRP	0.0	0.0	0.0	0.0	0.0
1400	CRMP1	0.0	0.0	0.0	0.0	0.0
1399	CRKL	0.0	0.0	0.0	0.0	0.0
1398	CRK	0.0	0.0	0.0	0.0	0.0
1397	CRIP2	0.0	0.0	0.0	0.0	0.0
1396	CRIP1	0.0	0.0	0.0	0.0	0.0
1393	CRHBP	0.0	0.0	0.0	0.0	0.0
29109	FHOD1	0.0	0.0	0.0	0.0	0.0
29108	PYCARD	0.0	0.0	0.0	0.0	0.0
29107	NXT1	0.0	0.0	0.0	0.0	0.0
29105	CFAP20	0.0	0.0	0.0	0.0	0.0
29789	OLA1	0.0	0.0	0.0	0.0	0.0
29781	NCAPH2	0.0	0.0	0.0	0.0	0.0
29780	PARVB	0.0	0.0	0.0	0.0	0.0
29777	ABT1	0.0	0.0	0.0	0.0	0.0
29775	CARD10	0.0	0.0	0.0	0.0	0.0
29767	TMOD2	0.0	0.0	0.0	0.0	0.0
29766	TMOD3	0.0	0.0	0.0	0.0	0.0
29763	PACSIN3	0.0	0.0	0.0	0.0	0.0
29761	USP25	0.0	0.0	0.0	0.0	0.0
29127	RACGAP1	0.0	0.0	0.0	0.0	0.0
29123	ANKRD11	0.0	0.0	0.0	0.0	0.0
29121	CLEC2D	0.0	0.0	0.0	0.0	0.0
29115	SAP30BP	0.0	0.0	0.0	0.0	0.0
29114	TAGLN3	0.0	0.0	0.0	0.0	0.0
29110	TBK1	0.0	0.0	0.0	0.0	0.0
1428	CRYM	0.0	0.0	0.0	0.0	0.0
29896	TRA2A	0.0	0.0	0.0	0.0	0.0
29893	PSMC3IP	0.0	0.0	0.0	0.0	0.0
29889	GNL2	0.0	0.0	0.0	0.0	0.0
29888	STRN4	0.0	0.0	0.0	0.0	0.0
29887	SNX10	0.0	0.0	0.0	0.0	0.0
29883	CNOT7	0.0	0.0	0.0	0.0	0.0
29882	ANAPC2	0.0	0.0	0.0	0.0	0.0
29881	NPC1L1	0.0	0.0	0.0	0.0	0.0
29880	ALG5	0.0	0.0	0.0	0.0	0.0
29855	UBN1	0.0	0.0	0.0	0.0	0.0
29851	ICOS	0.0	0.0	0.0	0.0	0.0
29844	TFPT	0.0	0.0	0.0	0.0	0.0
29842	TFCP2L1	0.0	0.0	0.0	0.0	0.0
29803	REPIN1	0.0	0.0	0.0	0.0	0.0
29799	YPEL1	0.0	0.0	0.0	0.0	0.0
29796	UQCR10	0.0	0.0	0.0	0.0	0.0
29931	LINC00312	0.0	0.0	0.0	0.0	0.0
29930	PCDHB1	0.0	0.0	0.0	0.0	0.0
29929	ALG6	0.0	0.0	0.0	0.0	0.0
29928	TIMM22	0.0	0.0	0.0	0.0	0.0
29927	SEC61A1	0.0	0.0	0.0	0.0	0.0
29926	GMPPA	0.0	0.0	0.0	0.0	0.0
29923	HILPDA	0.0	0.0	0.0	0.0	0.0
29922	NME7	0.0	0.0	0.0	0.0	0.0
29919	RMC1	0.0	0.0	0.0	0.0	0.0
29916	SNX11	0.0	0.0	0.0	0.0	0.0
29915	HCFC2	0.0	0.0	0.0	0.0	0.0
29911	HOOK2	0.0	0.0	0.0	0.0	0.0
29906	ST8SIA5	0.0	0.0	0.0	0.0	0.0
29902	FAM216A	0.0	0.0	0.0	0.0	0.0
29901	SAC3D1	0.0	0.0	0.0	0.0	0.0
29899	GPSM2	0.0	0.0	0.0	0.0	0.0
29969	MDFIC	0.0	0.0	0.0	0.0	0.0
29968	PSAT1	0.0	0.0	0.0	0.0	0.0
29967	LRP12	0.0	0.0	0.0	0.0	0.0
29966	STRN3	0.0	0.0	0.0	0.0	0.0
29965	CDIP1	0.0	0.0	0.0	0.0	0.0
29960	MRM2	0.0	0.0	0.0	0.0	0.0
29959	NRBP1	0.0	0.0	0.0	0.0	0.0
29957	SLC25A24	0.0	0.0	0.0	0.0	0.0
29956	CERS2	0.0	0.0	0.0	0.0	0.0
29954	POMT2	0.0	0.0	0.0	0.0	0.0
29953	TRHDE	0.0	0.0	0.0	0.0	0.0
29951	PDZRN4	0.0	0.0	0.0	0.0	0.0
29948	OSGIN1	0.0	0.0	0.0	0.0	0.0
29946	SERTAD3	0.0	0.0	0.0	0.0	0.0
29942	PURG	0.0	0.0	0.0	0.0	0.0
29937	NENF	0.0	0.0	0.0	0.0	0.0
30835	CD209	0.0	0.0	0.0	0.0	0.0
30833	NT5C	0.0	0.0	0.0	0.0	0.0
30820	KCNIP1	0.0	0.0	0.0	0.0	0.0
30819	KCNIP2	0.0	0.0	0.0	0.0	0.0
30817	ADGRE2	0.0	0.0	0.0	0.0	0.0
30811	HUNK	0.0	0.0	0.0	0.0	0.0
30009	TBX21	0.0	0.0	0.0	0.0	0.0
30008	EFEMP2	0.0	0.0	0.0	0.0	0.0
30001	ERO1A	0.0	0.0	0.0	0.0	0.0
29998	BICRA	0.0	0.0	0.0	0.0	0.0
29994	BAZ2B	0.0	0.0	0.0	0.0	0.0
29988	SLC2A8	0.0	0.0	0.0	0.0	0.0
29984	RHOD	0.0	0.0	0.0	0.0	0.0
29980	DONSON	0.0	0.0	0.0	0.0	0.0
29978	UBQLN2	0.0	0.0	0.0	0.0	0.0
29974	A1CF	0.0	0.0	0.0	0.0	0.0
1389	CREBL2	0.0	0.0	0.0	0.0	0.0
1388	ATF6B	0.0	0.0	0.0	0.0	0.0
1386	ATF2	0.0	0.0	0.0	0.0	0.0
1385	CREB1	0.0	0.0	0.0	0.0	0.0
1384	CRAT	0.0	0.0	0.0	0.0	0.0
1382	CRABP2	0.0	0.0	0.0	0.0	0.0
1381	CRABP1	0.0	0.0	0.0	0.0	0.0
1380	CR2	0.0	0.0	0.0	0.0	0.0
1378	CR1	0.0	0.0	0.0	0.0	0.0
1376	CPT2	0.0	0.0	0.0	0.0	0.0
1374	CPT1A	0.0	0.0	0.0	0.0	0.0
1373	CPS1	0.0	0.0	0.0	0.0	0.0
1371	CPOX	0.0	0.0	0.0	0.0	0.0
1370	CPN2	0.0	0.0	0.0	0.0	0.0
1368	CPM	0.0	0.0	0.0	0.0	0.0
30836	DNTTIP2	0.0	0.0	0.0	0.0	0.0
50515	CHST11	0.0	0.0	0.0	0.0	0.0
50512	PODXL2	0.0	0.0	0.0	0.0	0.0
50509	COL5A3	0.0	0.0	0.0	0.0	0.0
50507	NOX4	0.0	0.0	0.0	0.0	0.0
50506	DUOX2	0.0	0.0	0.0	0.0	0.0
50489	CD207	0.0	0.0	0.0	0.0	0.0
50488	MINK1	0.0	0.0	0.0	0.0	0.0
50486	G0S2	0.0	0.0	0.0	0.0	0.0
50485	SMARCAL1	0.0	0.0	0.0	0.0	0.0
49856	WRAP73	0.0	0.0	0.0	0.0	0.0
30968	STOML2	0.0	0.0	0.0	0.0	0.0
30850	CDR2L	0.0	0.0	0.0	0.0	0.0
30849	PIK3R4	0.0	0.0	0.0	0.0	0.0
30846	EHD2	0.0	0.0	0.0	0.0	0.0
30845	EHD3	0.0	0.0	0.0	0.0	0.0
30844	EHD4	0.0	0.0	0.0	0.0	0.0
50852	TRAT1	0.0	0.0	0.0	0.0	0.0
50838	TAS2R13	0.0	0.0	0.0	0.0	0.0
50831	TAS2R3	0.0	0.0	0.0	0.0	0.0
50814	NSDHL	0.0	0.0	0.0	0.0	0.0
50813	COPS7A	0.0	0.0	0.0	0.0	0.0
50810	HDGFL3	0.0	0.0	0.0	0.0	0.0
50807	ASAP1	0.0	0.0	0.0	0.0	0.0
50717	DCAF8	0.0	0.0	0.0	0.0	0.0
50700	RDH8	0.0	0.0	0.0	0.0	0.0
50650	ARHGEF3	0.0	0.0	0.0	0.0	0.0
50649	ARHGEF4	0.0	0.0	0.0	0.0	0.0
50628	GEMIN4	0.0	0.0	0.0	0.0	0.0
50626	ZFTRAF1	0.0	0.0	0.0	0.0	0.0
50619	DEF6	0.0	0.0	0.0	0.0	0.0
50618	ITSN2	0.0	0.0	0.0	0.0	0.0
50615	IL21R	0.0	0.0	0.0	0.0	0.0
51008	ASCC1	0.0	0.0	0.0	0.0	0.0
51006	SLC35H1	0.0	0.0	0.0	0.0	0.0
51004	COQ6	0.0	0.0	0.0	0.0	0.0
51002	TPRKB	0.0	0.0	0.0	0.0	0.0
51001	MTERF3	0.0	0.0	0.0	0.0	0.0
50999	TMED5	0.0	0.0	0.0	0.0	0.0
50944	SHANK1	0.0	0.0	0.0	0.0	0.0
50943	FOXP3	0.0	0.0	0.0	0.0	0.0
50940	PDE11A	0.0	0.0	0.0	0.0	0.0
50939	IMPG2	0.0	0.0	0.0	0.0	0.0
50937	CDON	0.0	0.0	0.0	0.0	0.0
50865	HEBP1	0.0	0.0	0.0	0.0	0.0
50862	RNF141	0.0	0.0	0.0	0.0	0.0
50861	STMN3	0.0	0.0	0.0	0.0	0.0
50855	PARD6A	0.0	0.0	0.0	0.0	0.0
50853	VILL	0.0	0.0	0.0	0.0	0.0
51035	UBXN1	0.0	0.0	0.0	0.0	0.0
51031	GLOD4	0.0	0.0	0.0	0.0	0.0
51029	DESI2	0.0	0.0	0.0	0.0	0.0
51027	BOLA1	0.0	0.0	0.0	0.0	0.0
51026	GOLT1B	0.0	0.0	0.0	0.0	0.0
51024	FIS1	0.0	0.0	0.0	0.0	0.0
51023	MRPS18C	0.0	0.0	0.0	0.0	0.0
51022	GLRX2	0.0	0.0	0.0	0.0	0.0
51020	HDDC2	0.0	0.0	0.0	0.0	0.0
51019	WASHC3	0.0	0.0	0.0	0.0	0.0
51018	RRP15	0.0	0.0	0.0	0.0	0.0
51016	EMC9	0.0	0.0	0.0	0.0	0.0
51015	ISOC1	0.0	0.0	0.0	0.0	0.0
51012	PRELID3B	0.0	0.0	0.0	0.0	0.0
51011	FAHD2A	0.0	0.0	0.0	0.0	0.0
51009	DERL2	0.0	0.0	0.0	0.0	0.0
51076	CUTC	0.0	0.0	0.0	0.0	0.0
51075	TMX2	0.0	0.0	0.0	0.0	0.0
51073	MRPL4	0.0	0.0	0.0	0.0	0.0
51071	DERA	0.0	0.0	0.0	0.0	0.0
51070	NOSIP	0.0	0.0	0.0	0.0	0.0
51069	MRPL2	0.0	0.0	0.0	0.0	0.0
51068	NMD3	0.0	0.0	0.0	0.0	0.0
51067	YARS2	0.0	0.0	0.0	0.0	0.0
51066	SSUH2	0.0	0.0	0.0	0.0	0.0
51065	RPS27L	0.0	0.0	0.0	0.0	0.0
51063	CALHM2	0.0	0.0	0.0	0.0	0.0
51056	LAP3	0.0	0.0	0.0	0.0	0.0
51054	PLEKHA8P1	0.0	0.0	0.0	0.0	0.0
51053	GMNN	0.0	0.0	0.0	0.0	0.0
51050	PI15	0.0	0.0	0.0	0.0	0.0
51042	ZNF593	0.0	0.0	0.0	0.0	0.0
51102	MECR	0.0	0.0	0.0	0.0	0.0
51101	ZC2HC1A	0.0	0.0	0.0	0.0	0.0
51100	SH3GLB1	0.0	0.0	0.0	0.0	0.0
51099	ABHD5	0.0	0.0	0.0	0.0	0.0
51098	IFT52	0.0	0.0	0.0	0.0	0.0
51097	SCCPDH	0.0	0.0	0.0	0.0	0.0
51094	ADIPOR1	0.0	0.0	0.0	0.0	0.0
51093	METTL25B	0.0	0.0	0.0	0.0	0.0
51092	SIDT2	0.0	0.0	0.0	0.0	0.0
51090	PLLP	0.0	0.0	0.0	0.0	0.0
51087	YBX2	0.0	0.0	0.0	0.0	0.0
51084	CRYL1	0.0	0.0	0.0	0.0	0.0
51082	POLR1D	0.0	0.0	0.0	0.0	0.0
51081	MRPS7	0.0	0.0	0.0	0.0	0.0
51078	THAP4	0.0	0.0	0.0	0.0	0.0
51077	FCF1	0.0	0.0	0.0	0.0	0.0
51129	ANGPTL4	0.0	0.0	0.0	0.0	0.0
51128	SAR1B	0.0	0.0	0.0	0.0	0.0
51127	TRIM17	0.0	0.0	0.0	0.0	0.0
51125	GOLGA7	0.0	0.0	0.0	0.0	0.0
51118	UTP11	0.0	0.0	0.0	0.0	0.0
51117	COQ4	0.0	0.0	0.0	0.0	0.0
51116	MRPS2	0.0	0.0	0.0	0.0	0.0
51115	RMDN1	0.0	0.0	0.0	0.0	0.0
51112	TRAPPC12	0.0	0.0	0.0	0.0	0.0
51110	LACTB2	0.0	0.0	0.0	0.0	0.0
51109	RDH11	0.0	0.0	0.0	0.0	0.0
51108	METTL9	0.0	0.0	0.0	0.0	0.0
51107	APH1A	0.0	0.0	0.0	0.0	0.0
51106	TFB1M	0.0	0.0	0.0	0.0	0.0
51105	PHF20L1	0.0	0.0	0.0	0.0	0.0
51103	NDUFAF1	0.0	0.0	0.0	0.0	0.0
51135	IRAK4	0.0	0.0	0.0	0.0	0.0
1366	CLDN7	0.0	0.0	0.0	0.0	0.0
1363	CPE	0.0	0.0	0.0	0.0	0.0
1362	CPD	0.0	0.0	0.0	0.0	0.0
1356	CP	0.0	0.0	0.0	0.0	0.0
1355	COX15	0.0	0.0	0.0	0.0	0.0
1353	COX11	0.0	0.0	0.0	0.0	0.0
1352	COX10	0.0	0.0	0.0	0.0	0.0
1351	COX8A	0.0	0.0	0.0	0.0	0.0
1347	COX7A2	0.0	0.0	0.0	0.0	0.0
1346	COX7A1	0.0	0.0	0.0	0.0	0.0
1345	COX6C	0.0	0.0	0.0	0.0	0.0
1340	COX6B1	0.0	0.0	0.0	0.0	0.0
1339	COX6A2	0.0	0.0	0.0	0.0	0.0
51134	CEP83	0.0	0.0	0.0	0.0	0.0
51133	KCTD3	0.0	0.0	0.0	0.0	0.0
51164	DCTN4	0.0	0.0	0.0	0.0	0.0
51162	EGFL7	0.0	0.0	0.0	0.0	0.0
51160	VPS28	0.0	0.0	0.0	0.0	0.0
51157	ZNF580	0.0	0.0	0.0	0.0	0.0
51154	MRTO4	0.0	0.0	0.0	0.0	0.0
51151	SLC45A2	0.0	0.0	0.0	0.0	0.0
51150	SDF4	0.0	0.0	0.0	0.0	0.0
51149	MRNIP	0.0	0.0	0.0	0.0	0.0
51147	ING4	0.0	0.0	0.0	0.0	0.0
51146	A4GNT	0.0	0.0	0.0	0.0	0.0
51144	HSD17B12	0.0	0.0	0.0	0.0	0.0
51143	DYNC1LI1	0.0	0.0	0.0	0.0	0.0
51142	CHCHD2	0.0	0.0	0.0	0.0	0.0
51141	INSIG2	0.0	0.0	0.0	0.0	0.0
51138	COPS4	0.0	0.0	0.0	0.0	0.0
51136	RNFT1	0.0	0.0	0.0	0.0	0.0
51192	CKLF	0.0	0.0	0.0	0.0	0.0
51191	HERC5	0.0	0.0	0.0	0.0	0.0
51188	SS18L2	0.0	0.0	0.0	0.0	0.0
51187	RSL24D1	0.0	0.0	0.0	0.0	0.0
51186	TCEAL9	0.0	0.0	0.0	0.0	0.0
51185	CRBN	0.0	0.0	0.0	0.0	0.0
51184	GPN3	0.0	0.0	0.0	0.0	0.0
51182	HSPA14	0.0	0.0	0.0	0.0	0.0
51181	DCXR	0.0	0.0	0.0	0.0	0.0
51179	HAO2	0.0	0.0	0.0	0.0	0.0
51177	PLEKHO1	0.0	0.0	0.0	0.0	0.0
51176	LEF1	0.0	0.0	0.0	0.0	0.0
51172	NAGPA	0.0	0.0	0.0	0.0	0.0
51170	HSD17B11	0.0	0.0	0.0	0.0	0.0
51168	MYO15A	0.0	0.0	0.0	0.0	0.0
51167	CYB5R4	0.0	0.0	0.0	0.0	0.0
51237	MZB1	0.0	0.0	0.0	0.0	0.0
51233	DRICH1	0.0	0.0	0.0	0.0	0.0
51231	VRK3	0.0	0.0	0.0	0.0	0.0
51230	PHF20	0.0	0.0	0.0	0.0	0.0
51228	GLTP	0.0	0.0	0.0	0.0	0.0
51227	PIGP	0.0	0.0	0.0	0.0	0.0
51224	ELOA2	0.0	0.0	0.0	0.0	0.0
51222	ZNF219	0.0	0.0	0.0	0.0	0.0
51218	GLRX5	0.0	0.0	0.0	0.0	0.0
51208	CLDN18	0.0	0.0	0.0	0.0	0.0
51206	GP6	0.0	0.0	0.0	0.0	0.0
51204	TACO1	0.0	0.0	0.0	0.0	0.0
51203	NUSAP1	0.0	0.0	0.0	0.0	0.0
51196	PLCE1	0.0	0.0	0.0	0.0	0.0
51195	RAPGEFL1	0.0	0.0	0.0	0.0	0.0
51193	ZNF639	0.0	0.0	0.0	0.0	0.0
1327	COX4I1	0.0	0.0	0.0	0.0	0.0
1326	MAP3K8	0.0	0.0	0.0	0.0	0.0
1318	SLC31A2	0.0	0.0	0.0	0.0	0.0
1316	KLF6	0.0	0.0	0.0	0.0	0.0
1315	COPB1	0.0	0.0	0.0	0.0	0.0
1307	COL16A1	0.0	0.0	0.0	0.0	0.0
1305	COL13A1	0.0	0.0	0.0	0.0	0.0
1301	COL11A1	0.0	0.0	0.0	0.0	0.0
1300	COL10A1	0.0	0.0	0.0	0.0	0.0
51274	KLF3	0.0	0.0	0.0	0.0	0.0
51272	BET1L	0.0	0.0	0.0	0.0	0.0
51271	UBAP1	0.0	0.0	0.0	0.0	0.0
51268	PIPOX	0.0	0.0	0.0	0.0	0.0
51267	CLEC1A	0.0	0.0	0.0	0.0	0.0
51265	CDKL3	0.0	0.0	0.0	0.0	0.0
51257	MARCHF2	0.0	0.0	0.0	0.0	0.0
51295	ECSIT	0.0	0.0	0.0	0.0	0.0
51294	PCDH12	0.0	0.0	0.0	0.0	0.0
51293	CD320	0.0	0.0	0.0	0.0	0.0
51292	GMPR2	0.0	0.0	0.0	0.0	0.0
51291	GMIP	0.0	0.0	0.0	0.0	0.0
51290	ERGIC2	0.0	0.0	0.0	0.0	0.0
51287	COA4	0.0	0.0	0.0	0.0	0.0
51285	RASL12	0.0	0.0	0.0	0.0	0.0
51283	BFAR	0.0	0.0	0.0	0.0	0.0
51282	SCAND1	0.0	0.0	0.0	0.0	0.0
51281	ANKMY1	0.0	0.0	0.0	0.0	0.0
51280	GOLM1	0.0	0.0	0.0	0.0	0.0
51278	IER5	0.0	0.0	0.0	0.0	0.0
51276	ZNF571	0.0	0.0	0.0	0.0	0.0
51275	MAPKAPK5-AS1	0.0	0.0	0.0	0.0	0.0
1329	COX5B	0.0	0.0	0.0	0.0	0.0
51319	RSRC1	0.0	0.0	0.0	0.0	0.0
51317	PHF21A	0.0	0.0	0.0	0.0	0.0
51316	PLAC8	0.0	0.0	0.0	0.0	0.0
51315	KRCC1	0.0	0.0	0.0	0.0	0.0
51313	GASK1B	0.0	0.0	0.0	0.0	0.0
51312	SLC25A37	0.0	0.0	0.0	0.0	0.0
51311	TLR8	0.0	0.0	0.0	0.0	0.0
51310	SLC22A17	0.0	0.0	0.0	0.0	0.0
51309	ARMCX1	0.0	0.0	0.0	0.0	0.0
51308	REEP2	0.0	0.0	0.0	0.0	0.0
51307	FAM53C	0.0	0.0	0.0	0.0	0.0
51306	FAM13B	0.0	0.0	0.0	0.0	0.0
51304	ZDHHC3	0.0	0.0	0.0	0.0	0.0
51302	CYP39A1	0.0	0.0	0.0	0.0	0.0
51299	NRN1	0.0	0.0	0.0	0.0	0.0
51296	SLC15A3	0.0	0.0	0.0	0.0	0.0
1294	COL7A1	0.0	0.0	0.0	0.0	0.0
1289	COL5A1	0.0	0.0	0.0	0.0	0.0
1288	COL4A6	0.0	0.0	0.0	0.0	0.0
1287	COL4A5	0.0	0.0	0.0	0.0	0.0
1286	COL4A4	0.0	0.0	0.0	0.0	0.0
1285	COL4A3	0.0	0.0	0.0	0.0	0.0
1277	COL1A1	0.0	0.0	0.0	0.0	0.0
51337	THEM6	0.0	0.0	0.0	0.0	0.0
51335	NGRN	0.0	0.0	0.0	0.0	0.0
51330	TNFRSF12A	0.0	0.0	0.0	0.0	0.0
51329	ARL6IP4	0.0	0.0	0.0	0.0	0.0
51327	AHSP	0.0	0.0	0.0	0.0	0.0
51324	SPG21	0.0	0.0	0.0	0.0	0.0
51322	WAC	0.0	0.0	0.0	0.0	0.0
51321	AMZ2	0.0	0.0	0.0	0.0	0.0
51320	MEX3C	0.0	0.0	0.0	0.0	0.0
51374	ATRAID	0.0	0.0	0.0	0.0	0.0
51373	MRPS17	0.0	0.0	0.0	0.0	0.0
51371	POMP	0.0	0.0	0.0	0.0	0.0
51368	TEX264	0.0	0.0	0.0	0.0	0.0
51367	POP5	0.0	0.0	0.0	0.0	0.0
51366	UBR5	0.0	0.0	0.0	0.0	0.0
51364	ZMYND10	0.0	0.0	0.0	0.0	0.0
51362	CDC40	0.0	0.0	0.0	0.0	0.0
51361	HOOK1	0.0	0.0	0.0	0.0	0.0
51360	MBTPS2	0.0	0.0	0.0	0.0	0.0
51352	WT1-AS	0.0	0.0	0.0	0.0	0.0
51347	TAOK3	0.0	0.0	0.0	0.0	0.0
51343	FZR1	0.0	0.0	0.0	0.0	0.0
51340	CRNKL1	0.0	0.0	0.0	0.0	0.0
1298	COL9A2	0.0	0.0	0.0	0.0	0.0
1296	COL8A2	0.0	0.0	0.0	0.0	0.0
51411	BIN2	0.0	0.0	0.0	0.0	0.0
51409	HEMK1	0.0	0.0	0.0	0.0	0.0
51406	NOL7	0.0	0.0	0.0	0.0	0.0
51400	PPME1	0.0	0.0	0.0	0.0	0.0
51398	WDR83OS	0.0	0.0	0.0	0.0	0.0
51397	COMMD10	0.0	0.0	0.0	0.0	0.0
51393	TRPV2	0.0	0.0	0.0	0.0	0.0
51388	NIP7	0.0	0.0	0.0	0.0	0.0
51386	EIF3L	0.0	0.0	0.0	0.0	0.0
51385	ZNF589	0.0	0.0	0.0	0.0	0.0
51384	WNT16	0.0	0.0	0.0	0.0	0.0
51382	ATP6V1D	0.0	0.0	0.0	0.0	0.0
51380	CSAD	0.0	0.0	0.0	0.0	0.0
51378	ANGPT4	0.0	0.0	0.0	0.0	0.0
51377	UCHL5	0.0	0.0	0.0	0.0	0.0
51375	SNX7	0.0	0.0	0.0	0.0	0.0
51465	UBE2J1	0.0	0.0	0.0	0.0	0.0
51460	SFMBT1	0.0	0.0	0.0	0.0	0.0
51458	RHCG	0.0	0.0	0.0	0.0	0.0
51455	REV1	0.0	0.0	0.0	0.0	0.0
51454	GULP1	0.0	0.0	0.0	0.0	0.0
51451	LCMT1	0.0	0.0	0.0	0.0	0.0
51449	PCYOX1	0.0	0.0	0.0	0.0	0.0
51444	RNF138	0.0	0.0	0.0	0.0	0.0
51442	VGLL1	0.0	0.0	0.0	0.0	0.0
51440	HPCAL4	0.0	0.0	0.0	0.0	0.0
51439	FAM8A1	0.0	0.0	0.0	0.0	0.0
51435	SCARA3	0.0	0.0	0.0	0.0	0.0
51433	ANAPC5	0.0	0.0	0.0	0.0	0.0
51430	SUCO	0.0	0.0	0.0	0.0	0.0
51428	DDX41	0.0	0.0	0.0	0.0	0.0
51422	PRKAG2	0.0	0.0	0.0	0.0	0.0
51513	ETV7	0.0	0.0	0.0	0.0	0.0
51512	GTSE1	0.0	0.0	0.0	0.0	0.0
51510	CHMP5	0.0	0.0	0.0	0.0	0.0
51507	RTF2	0.0	0.0	0.0	0.0	0.0
51506	UFC1	0.0	0.0	0.0	0.0	0.0
51504	TRMT112	0.0	0.0	0.0	0.0	0.0
51499	TRIAP1	0.0	0.0	0.0	0.0	0.0
51497	NELFCD	0.0	0.0	0.0	0.0	0.0
51495	HACD3	0.0	0.0	0.0	0.0	0.0
51493	RTCB	0.0	0.0	0.0	0.0	0.0
51491	NOP16	0.0	0.0	0.0	0.0	0.0
51479	ANKFY1	0.0	0.0	0.0	0.0	0.0
51477	ISYNA1	0.0	0.0	0.0	0.0	0.0
51474	LIMA1	0.0	0.0	0.0	0.0	0.0
51471	NAT8B	0.0	0.0	0.0	0.0	0.0
51466	EVL	0.0	0.0	0.0	0.0	0.0
51567	TDP2	0.0	0.0	0.0	0.0	0.0
51566	ARMCX3	0.0	0.0	0.0	0.0	0.0
51562	MBIP	0.0	0.0	0.0	0.0	0.0
51560	RAB6B	0.0	0.0	0.0	0.0	0.0
51559	NT5DC3	0.0	0.0	0.0	0.0	0.0
51555	PEX5L	0.0	0.0	0.0	0.0	0.0
51552	RAB14	0.0	0.0	0.0	0.0	0.0
51550	CINP	0.0	0.0	0.0	0.0	0.0
51548	SIRT6	0.0	0.0	0.0	0.0	0.0
51547	SIRT7	0.0	0.0	0.0	0.0	0.0
51542	VPS54	0.0	0.0	0.0	0.0	0.0
51533	PHF7	0.0	0.0	0.0	0.0	0.0
51531	TRMO	0.0	0.0	0.0	0.0	0.0
51526	OSER1	0.0	0.0	0.0	0.0	0.0
51520	LARS1	0.0	0.0	0.0	0.0	0.0
51517	NCKIPSD	0.0	0.0	0.0	0.0	0.0
1271	CNTFR	0.0	0.0	0.0	0.0	0.0
1269	CNR2	0.0	0.0	0.0	0.0	0.0
1268	CNR1	0.0	0.0	0.0	0.0	0.0
1267	CNP	0.0	0.0	0.0	0.0	0.0
1266	CNN3	0.0	0.0	0.0	0.0	0.0
1265	CNN2	0.0	0.0	0.0	0.0	0.0
1264	CNN1	0.0	0.0	0.0	0.0	0.0
1263	PLK3	0.0	0.0	0.0	0.0	0.0
1259	CNGA1	0.0	0.0	0.0	0.0	0.0
1244	ABCC2	0.0	0.0	0.0	0.0	0.0
1241	LTB4R	0.0	0.0	0.0	0.0	0.0
1240	CMKLR1	0.0	0.0	0.0	0.0	0.0
1238	ACKR2	0.0	0.0	0.0	0.0	0.0
51574	LARP7	0.0	0.0	0.0	0.0	0.0
51573	GDE1	0.0	0.0	0.0	0.0	0.0
51569	UFM1	0.0	0.0	0.0	0.0	0.0
51621	KLF13	0.0	0.0	0.0	0.0	0.0
51619	UBE2D4	0.0	0.0	0.0	0.0	0.0
51616	TAF9B	0.0	0.0	0.0	0.0	0.0
51614	ERGIC3	0.0	0.0	0.0	0.0	0.0
51611	DPH5	0.0	0.0	0.0	0.0	0.0
51606	ATP6V1H	0.0	0.0	0.0	0.0	0.0
51603	METTL13	0.0	0.0	0.0	0.0	0.0
51601	LIPT1	0.0	0.0	0.0	0.0	0.0
51599	LSR	0.0	0.0	0.0	0.0	0.0
51594	NBAS	0.0	0.0	0.0	0.0	0.0
51592	TRIM33	0.0	0.0	0.0	0.0	0.0
51588	PIAS4	0.0	0.0	0.0	0.0	0.0
51585	PCF11	0.0	0.0	0.0	0.0	0.0
51582	AZIN1	0.0	0.0	0.0	0.0	0.0
51575	ESF1	0.0	0.0	0.0	0.0	0.0
1272	CNTN1	0.0	0.0	0.0	0.0	0.0
51686	OAZ3	0.0	0.0	0.0	0.0	0.0
51669	SARAF	0.0	0.0	0.0	0.0	0.0
51668	IFT25	0.0	0.0	0.0	0.0	0.0
51665	ASB1	0.0	0.0	0.0	0.0	0.0
51663	ZFR	0.0	0.0	0.0	0.0	0.0
51659	GINS2	0.0	0.0	0.0	0.0	0.0
51657	STYXL1	0.0	0.0	0.0	0.0	0.0
51651	PTRH2	0.0	0.0	0.0	0.0	0.0
51650	MRPS33	0.0	0.0	0.0	0.0	0.0
51647	CIAO2B	0.0	0.0	0.0	0.0	0.0
51646	YPEL5	0.0	0.0	0.0	0.0	0.0
51643	TMBIM4	0.0	0.0	0.0	0.0	0.0
51642	MRPL48	0.0	0.0	0.0	0.0	0.0
51635	DHRS7	0.0	0.0	0.0	0.0	0.0
51634	RBMX2	0.0	0.0	0.0	0.0	0.0
51626	DYNC2LI1	0.0	0.0	0.0	0.0	0.0
51729	WBP11	0.0	0.0	0.0	0.0	0.0
51728	POLR3K	0.0	0.0	0.0	0.0	0.0
51727	CMPK1	0.0	0.0	0.0	0.0	0.0
51720	UIMC1	0.0	0.0	0.0	0.0	0.0
51719	CAB39	0.0	0.0	0.0	0.0	0.0
51715	RAB23	0.0	0.0	0.0	0.0	0.0
51714	SELENOT	0.0	0.0	0.0	0.0	0.0
51706	CYB5R1	0.0	0.0	0.0	0.0	0.0
51705	EMCN	0.0	0.0	0.0	0.0	0.0
51704	GPRC5B	0.0	0.0	0.0	0.0	0.0
51701	NLK	0.0	0.0	0.0	0.0	0.0
51700	CYB5R2	0.0	0.0	0.0	0.0	0.0
51696	HECA	0.0	0.0	0.0	0.0	0.0
51693	TRAPPC2L	0.0	0.0	0.0	0.0	0.0
51691	LSM8	0.0	0.0	0.0	0.0	0.0
51690	LSM7	0.0	0.0	0.0	0.0	0.0
51773	RSF1	0.0	0.0	0.0	0.0	0.0
51768	TM7SF3	0.0	0.0	0.0	0.0	0.0
51765	STK26	0.0	0.0	0.0	0.0	0.0
51763	INPP5K	0.0	0.0	0.0	0.0	0.0
51762	RAB8B	0.0	0.0	0.0	0.0	0.0
51761	ATP8A2	0.0	0.0	0.0	0.0	0.0
51759	C9orf78	0.0	0.0	0.0	0.0	0.0
51755	CDK12	0.0	0.0	0.0	0.0	0.0
51754	TMEM8B	0.0	0.0	0.0	0.0	0.0
51752	ERAP1	0.0	0.0	0.0	0.0	0.0
51747	LUC7L3	0.0	0.0	0.0	0.0	0.0
51744	CD244	0.0	0.0	0.0	0.0	0.0
51742	ARID4B	0.0	0.0	0.0	0.0	0.0
51741	WWOX	0.0	0.0	0.0	0.0	0.0
51734	MSRB1	0.0	0.0	0.0	0.0	0.0
51733	UPB1	0.0	0.0	0.0	0.0	0.0
1230	CCR1	0.0	0.0	0.0	0.0	0.0
1215	CMA1	0.0	0.0	0.0	0.0	0.0
1212	CLTB	0.0	0.0	0.0	0.0	0.0
1211	CLTA	0.0	0.0	0.0	0.0	0.0
1209	CLPTM1	0.0	0.0	0.0	0.0	0.0
1203	CLN5	0.0	0.0	0.0	0.0	0.0
1201	CLN3	0.0	0.0	0.0	0.0	0.0
1200	TPP1	0.0	0.0	0.0	0.0	0.0
1198	CLK3	0.0	0.0	0.0	0.0	0.0
1196	CLK2	0.0	0.0	0.0	0.0	0.0
1195	CLK1	0.0	0.0	0.0	0.0	0.0
1193	CLIC2	0.0	0.0	0.0	0.0	0.0
51805	COQ3	0.0	0.0	0.0	0.0	0.0
51780	KDM3B	0.0	0.0	0.0	0.0	0.0
51778	MYOZ2	0.0	0.0	0.0	0.0	0.0
51776	MAP3K20	0.0	0.0	0.0	0.0	0.0
53827	FXYD5	0.0	0.0	0.0	0.0	0.0
53637	S1PR5	0.0	0.0	0.0	0.0	0.0
53630	BCO1	0.0	0.0	0.0	0.0	0.0
53616	ADAM22	0.0	0.0	0.0	0.0	0.0
53405	CLIC5	0.0	0.0	0.0	0.0	0.0
53371	NUP54	0.0	0.0	0.0	0.0	0.0
53353	LRP1B	0.0	0.0	0.0	0.0	0.0
53347	UBASH3A	0.0	0.0	0.0	0.0	0.0
53346	TM6SF1	0.0	0.0	0.0	0.0	0.0
53343	NUDT9	0.0	0.0	0.0	0.0	0.0
53340	SPA17	0.0	0.0	0.0	0.0	0.0
53339	BTBD1	0.0	0.0	0.0	0.0	0.0
53335	BCL11A	0.0	0.0	0.0	0.0	0.0
51816	ADA2	0.0	0.0	0.0	0.0	0.0
1234	CCR5	0.0	0.0	0.0	0.0	0.0
1233	CCR4	0.0	0.0	0.0	0.0	0.0
54205	CYCS	0.0	0.0	0.0	0.0	0.0
54187	NANS	0.0	0.0	0.0	0.0	0.0
54149	C21orf91	0.0	0.0	0.0	0.0	0.0
54148	MRPL39	0.0	0.0	0.0	0.0	0.0
54112	GPR88	0.0	0.0	0.0	0.0	0.0
54103	GSAP	0.0	0.0	0.0	0.0	0.0
54101	RIPK4	0.0	0.0	0.0	0.0	0.0
54093	SETD4	0.0	0.0	0.0	0.0	0.0
54069	MIS18A	0.0	0.0	0.0	0.0	0.0
54020	SLC37A1	0.0	0.0	0.0	0.0	0.0
53947	A4GALT	0.0	0.0	0.0	0.0	0.0
53944	CSNK1G1	0.0	0.0	0.0	0.0	0.0
53942	CNTN5	0.0	0.0	0.0	0.0	0.0
53905	DUOX1	0.0	0.0	0.0	0.0	0.0
53904	MYO3A	0.0	0.0	0.0	0.0	0.0
53841	CDHR5	0.0	0.0	0.0	0.0	0.0
54440	SASH3	0.0	0.0	0.0	0.0	0.0
54438	GFOD1	0.0	0.0	0.0	0.0	0.0
54436	SH3TC1	0.0	0.0	0.0	0.0	0.0
54434	SSH1	0.0	0.0	0.0	0.0	0.0
54433	GAR1	0.0	0.0	0.0	0.0	0.0
54432	YIPF1	0.0	0.0	0.0	0.0	0.0
54413	NLGN3	0.0	0.0	0.0	0.0	0.0
54407	SLC38A2	0.0	0.0	0.0	0.0	0.0
54386	TERF2IP	0.0	0.0	0.0	0.0	0.0
54361	WNT4	0.0	0.0	0.0	0.0	0.0
54345	SOX18	0.0	0.0	0.0	0.0	0.0
54344	DPM3	0.0	0.0	0.0	0.0	0.0
54328	GPR173	0.0	0.0	0.0	0.0	0.0
54212	SNTG1	0.0	0.0	0.0	0.0	0.0
54210	TREM1	0.0	0.0	0.0	0.0	0.0
54209	TREM2	0.0	0.0	0.0	0.0	0.0
1186	CLCN7	0.0	0.0	0.0	0.0	0.0
1184	CLCN5	0.0	0.0	0.0	0.0	0.0
1183	CLCN4	0.0	0.0	0.0	0.0	0.0
1182	CLCN3	0.0	0.0	0.0	0.0	0.0
1181	CLCN2	0.0	0.0	0.0	0.0	0.0
1178	CLC	0.0	0.0	0.0	0.0	0.0
1175	AP2S1	0.0	0.0	0.0	0.0	0.0
1174	AP1S1	0.0	0.0	0.0	0.0	0.0
1173	AP2M1	0.0	0.0	0.0	0.0	0.0
1164	CKS2	0.0	0.0	0.0	0.0	0.0
1161	ERCC8	0.0	0.0	0.0	0.0	0.0
1160	CKMT2	0.0	0.0	0.0	0.0	0.0
54462	CCSER2	0.0	0.0	0.0	0.0	0.0
54455	FBXO42	0.0	0.0	0.0	0.0	0.0
54454	ATAD2B	0.0	0.0	0.0	0.0	0.0
54453	RIN2	0.0	0.0	0.0	0.0	0.0
54509	RHOF	0.0	0.0	0.0	0.0	0.0
54505	DHX29	0.0	0.0	0.0	0.0	0.0
54504	CPVL	0.0	0.0	0.0	0.0	0.0
54502	RBM47	0.0	0.0	0.0	0.0	0.0
54499	TMCO1	0.0	0.0	0.0	0.0	0.0
54498	SMOX	0.0	0.0	0.0	0.0	0.0
54496	PRMT7	0.0	0.0	0.0	0.0	0.0
54491	OTULINL	0.0	0.0	0.0	0.0	0.0
54482	TRMT13	0.0	0.0	0.0	0.0	0.0
54477	PLEKHA5	0.0	0.0	0.0	0.0	0.0
54475	NLE1	0.0	0.0	0.0	0.0	0.0
54472	TOLLIP	0.0	0.0	0.0	0.0	0.0
54471	MIEF1	0.0	0.0	0.0	0.0	0.0
54468	MIOS	0.0	0.0	0.0	0.0	0.0
54465	ETAA1	0.0	0.0	0.0	0.0	0.0
54463	RETREG1	0.0	0.0	0.0	0.0	0.0
54550	NECAB2	0.0	0.0	0.0	0.0	0.0
54549	SDK2	0.0	0.0	0.0	0.0	0.0
54546	RNF186	0.0	0.0	0.0	0.0	0.0
54545	MTMR12	0.0	0.0	0.0	0.0	0.0
54542	RC3H2	0.0	0.0	0.0	0.0	0.0
54541	DDIT4	0.0	0.0	0.0	0.0	0.0
54540	FAM193B	0.0	0.0	0.0	0.0	0.0
54539	NDUFB11	0.0	0.0	0.0	0.0	0.0
54538	ROBO4	0.0	0.0	0.0	0.0	0.0
54535	CCHCR1	0.0	0.0	0.0	0.0	0.0
54531	MIER2	0.0	0.0	0.0	0.0	0.0
54529	ASNSD1	0.0	0.0	0.0	0.0	0.0
54521	WDR44	0.0	0.0	0.0	0.0	0.0
54520	CCDC93	0.0	0.0	0.0	0.0	0.0
54518	APBB1IP	0.0	0.0	0.0	0.0	0.0
54512	EXOSC4	0.0	0.0	0.0	0.0	0.0
54664	TMEM106B	0.0	0.0	0.0	0.0	0.0
54662	TBC1D13	0.0	0.0	0.0	0.0	0.0
54626	HES2	0.0	0.0	0.0	0.0	0.0
54623	PAF1	0.0	0.0	0.0	0.0	0.0
54622	ARL15	0.0	0.0	0.0	0.0	0.0
54619	CCNJ	0.0	0.0	0.0	0.0	0.0
54606	DDX56	0.0	0.0	0.0	0.0	0.0
54587	MXRA8	0.0	0.0	0.0	0.0	0.0
54585	LZTFL1	0.0	0.0	0.0	0.0	0.0
54583	EGLN1	0.0	0.0	0.0	0.0	0.0
54566	EPB41L4B	0.0	0.0	0.0	0.0	0.0
54558	SPATA6	0.0	0.0	0.0	0.0	0.0
54556	ING3	0.0	0.0	0.0	0.0	0.0
54555	DDX49	0.0	0.0	0.0	0.0	0.0
54554	WDR5B	0.0	0.0	0.0	0.0	0.0
54552	GNL3L	0.0	0.0	0.0	0.0	0.0
54739	XAF1	0.0	0.0	0.0	0.0	0.0
54733	SLC35F2	0.0	0.0	0.0	0.0	0.0
54732	TMED9	0.0	0.0	0.0	0.0	0.0
54726	OTUD4	0.0	0.0	0.0	0.0	0.0
54716	SLC6A20	0.0	0.0	0.0	0.0	0.0
54715	RBFOX1	0.0	0.0	0.0	0.0	0.0
54708	MARCHF5	0.0	0.0	0.0	0.0	0.0
54707	GPN2	0.0	0.0	0.0	0.0	0.0
54704	PDP1	0.0	0.0	0.0	0.0	0.0
54700	RRN3	0.0	0.0	0.0	0.0	0.0
54681	P4HTM	0.0	0.0	0.0	0.0	0.0
54680	ZNHIT6	0.0	0.0	0.0	0.0	0.0
54677	CROT	0.0	0.0	0.0	0.0	0.0
54676	GTPBP2	0.0	0.0	0.0	0.0	0.0
54674	LRRN3	0.0	0.0	0.0	0.0	0.0
54665	RSBN1	0.0	0.0	0.0	0.0	0.0
54810	GIPC2	0.0	0.0	0.0	0.0	0.0
54809	SAMD9	0.0	0.0	0.0	0.0	0.0
54807	ZNF586	0.0	0.0	0.0	0.0	0.0
54806	AHI1	0.0	0.0	0.0	0.0	0.0
54802	TRIT1	0.0	0.0	0.0	0.0	0.0
54800	KLHL24	0.0	0.0	0.0	0.0	0.0
54798	DCHS2	0.0	0.0	0.0	0.0	0.0
54796	BNC2	0.0	0.0	0.0	0.0	0.0
54795	TRPM4	0.0	0.0	0.0	0.0	0.0
54785	BORCS6	0.0	0.0	0.0	0.0	0.0
54780	NSMCE4A	0.0	0.0	0.0	0.0	0.0
54778	RNF111	0.0	0.0	0.0	0.0	0.0
54777	CFAP46	0.0	0.0	0.0	0.0	0.0
54765	TRIM44	0.0	0.0	0.0	0.0	0.0
54762	GRAMD1C	0.0	0.0	0.0	0.0	0.0
54758	KLHDC4	0.0	0.0	0.0	0.0	0.0
1153	CIRBP	0.0	0.0	0.0	0.0	0.0
1152	CKB	0.0	0.0	0.0	0.0	0.0
1149	CIDEA	0.0	0.0	0.0	0.0	0.0
1147	CHUK	0.0	0.0	0.0	0.0	0.0
1146	CHRNG	0.0	0.0	0.0	0.0	0.0
1145	CHRNE	0.0	0.0	0.0	0.0	0.0
1143	CHRNB4	0.0	0.0	0.0	0.0	0.0
1141	CHRNB2	0.0	0.0	0.0	0.0	0.0
1140	CHRNB1	0.0	0.0	0.0	0.0	0.0
1137	CHRNA4	0.0	0.0	0.0	0.0	0.0
1131	CHRM3	0.0	0.0	0.0	0.0	0.0
1130	LYST	0.0	0.0	0.0	0.0	0.0
1124	CHN2	0.0	0.0	0.0	0.0	0.0
54815	GATAD2A	0.0	0.0	0.0	0.0	0.0
54812	AFTPH	0.0	0.0	0.0	0.0	0.0
54811	ZNF562	0.0	0.0	0.0	0.0	0.0
54848	ARHGEF38	0.0	0.0	0.0	0.0	0.0
54847	SIDT1	0.0	0.0	0.0	0.0	0.0
54845	ESRP1	0.0	0.0	0.0	0.0	0.0
54843	SYTL2	0.0	0.0	0.0	0.0	0.0
54842	MFSD6	0.0	0.0	0.0	0.0	0.0
54840	APTX	0.0	0.0	0.0	0.0	0.0
54839	LRRC49	0.0	0.0	0.0	0.0	0.0
54838	WBP1L	0.0	0.0	0.0	0.0	0.0
54836	BSPRY	0.0	0.0	0.0	0.0	0.0
54832	VPS13C	0.0	0.0	0.0	0.0	0.0
54830	NUP62CL	0.0	0.0	0.0	0.0	0.0
54829	ASPN	0.0	0.0	0.0	0.0	0.0
54826	GIN1	0.0	0.0	0.0	0.0	0.0
54821	ERCC6L	0.0	0.0	0.0	0.0	0.0
54819	ZCCHC10	0.0	0.0	0.0	0.0	0.0
1154	CISH	0.0	0.0	0.0	0.0	0.0
54877	ZCCHC2	0.0	0.0	0.0	0.0	0.0
54876	DCAF16	0.0	0.0	0.0	0.0	0.0
54875	CNTLN	0.0	0.0	0.0	0.0	0.0
54874	FNBP1L	0.0	0.0	0.0	0.0	0.0
54872	PIGG	0.0	0.0	0.0	0.0	0.0
54869	EPS8L1	0.0	0.0	0.0	0.0	0.0
54868	SLC38A12	0.0	0.0	0.0	0.0	0.0
54862	CC2D1A	0.0	0.0	0.0	0.0	0.0
54861	SNRK	0.0	0.0	0.0	0.0	0.0
54858	PGPEP1	0.0	0.0	0.0	0.0	0.0
54857	GDPD2	0.0	0.0	0.0	0.0	0.0
54855	TENT5C	0.0	0.0	0.0	0.0	0.0
54852	PAQR5	0.0	0.0	0.0	0.0	0.0
54851	ANKRD49	0.0	0.0	0.0	0.0	0.0
54850	FBXL12	0.0	0.0	0.0	0.0	0.0
54849	DEF8	0.0	0.0	0.0	0.0	0.0
54904	NSD3	0.0	0.0	0.0	0.0	0.0
54903	MKS1	0.0	0.0	0.0	0.0	0.0
54901	CDKAL1	0.0	0.0	0.0	0.0	0.0
54900	LAX1	0.0	0.0	0.0	0.0	0.0
54897	CASZ1	0.0	0.0	0.0	0.0	0.0
54896	SLC66A1	0.0	0.0	0.0	0.0	0.0
54894	RNF43	0.0	0.0	0.0	0.0	0.0
54892	NCAPG2	0.0	0.0	0.0	0.0	0.0
54886	PLPPR1	0.0	0.0	0.0	0.0	0.0
54885	TBC1D8B	0.0	0.0	0.0	0.0	0.0
54884	RETSAT	0.0	0.0	0.0	0.0	0.0
54883	CWC25	0.0	0.0	0.0	0.0	0.0
54881	TEX10	0.0	0.0	0.0	0.0	0.0
54880	BCOR	0.0	0.0	0.0	0.0	0.0
54879	ST7L	0.0	0.0	0.0	0.0	0.0
54878	DPP8	0.0	0.0	0.0	0.0	0.0
54932	EXD3	0.0	0.0	0.0	0.0	0.0
54929	TMEM161A	0.0	0.0	0.0	0.0	0.0
54928	BPNT2	0.0	0.0	0.0	0.0	0.0
54927	CHCHD3	0.0	0.0	0.0	0.0	0.0
54925	ZSCAN32	0.0	0.0	0.0	0.0	0.0
54922	RASIP1	0.0	0.0	0.0	0.0	0.0
54920	DUS2	0.0	0.0	0.0	0.0	0.0
54919	DNAAF5	0.0	0.0	0.0	0.0	0.0
54918	CMTM6	0.0	0.0	0.0	0.0	0.0
54915	YTHDF1	0.0	0.0	0.0	0.0	0.0
54914	FOCAD	0.0	0.0	0.0	0.0	0.0
54913	RPP25	0.0	0.0	0.0	0.0	0.0
54910	SEMA4C	0.0	0.0	0.0	0.0	0.0
54908	SPDL1	0.0	0.0	0.0	0.0	0.0
54906	TASOR2	0.0	0.0	0.0	0.0	0.0
54905	CYP2W1	0.0	0.0	0.0	0.0	0.0
54960	GEMIN8	0.0	0.0	0.0	0.0	0.0
54958	TMEM160	0.0	0.0	0.0	0.0	0.0
54957	TXNL4B	0.0	0.0	0.0	0.0	0.0
54955	AIRIM	0.0	0.0	0.0	0.0	0.0
54954	FAM120C	0.0	0.0	0.0	0.0	0.0
54953	ODR4	0.0	0.0	0.0	0.0	0.0
54952	TRNAU1AP	0.0	0.0	0.0	0.0	0.0
54951	COMMD8	0.0	0.0	0.0	0.0	0.0
54948	MRPL16	0.0	0.0	0.0	0.0	0.0
54946	SLC41A3	0.0	0.0	0.0	0.0	0.0
54943	DNAJC28	0.0	0.0	0.0	0.0	0.0
54942	ABITRAM	0.0	0.0	0.0	0.0	0.0
54941	RNF125	0.0	0.0	0.0	0.0	0.0
54939	COMMD4	0.0	0.0	0.0	0.0	0.0
54938	SARS2	0.0	0.0	0.0	0.0	0.0
54934	KANSL2	0.0	0.0	0.0	0.0	0.0
1121	CHM	0.0	0.0	0.0	0.0	0.0
1119	CHKA	0.0	0.0	0.0	0.0	0.0
1118	CHIT1	0.0	0.0	0.0	0.0	0.0
1117	CHI3L2	0.0	0.0	0.0	0.0	0.0
1114	CHGB	0.0	0.0	0.0	0.0	0.0
1113	CHGA	0.0	0.0	0.0	0.0	0.0
1112	FOXN3	0.0	0.0	0.0	0.0	0.0
1111	CHEK1	0.0	0.0	0.0	0.0	0.0
1108	CHD4	0.0	0.0	0.0	0.0	0.0
1107	CHD3	0.0	0.0	0.0	0.0	0.0
1105	CHD1	0.0	0.0	0.0	0.0	0.0
1102	RCBTB2	0.0	0.0	0.0	0.0	0.0
1101	CHAD	0.0	0.0	0.0	0.0	0.0
54968	TMEM70	0.0	0.0	0.0	0.0	0.0
54964	C1orf56	0.0	0.0	0.0	0.0	0.0
54961	SSH3	0.0	0.0	0.0	0.0	0.0
54993	ZSCAN2	0.0	0.0	0.0	0.0	0.0
54991	C1orf159	0.0	0.0	0.0	0.0	0.0
54987	CZIB	0.0	0.0	0.0	0.0	0.0
54985	HCFC1R1	0.0	0.0	0.0	0.0	0.0
54982	CLN6	0.0	0.0	0.0	0.0	0.0
54981	NMRK1	0.0	0.0	0.0	0.0	0.0
54980	C2orf42	0.0	0.0	0.0	0.0	0.0
54979	PLAAT2	0.0	0.0	0.0	0.0	0.0
54978	SLC35F6	0.0	0.0	0.0	0.0	0.0
54977	SLC25A38	0.0	0.0	0.0	0.0	0.0
54976	ADISSP	0.0	0.0	0.0	0.0	0.0
54974	THG1L	0.0	0.0	0.0	0.0	0.0
54972	TMEM132A	0.0	0.0	0.0	0.0	0.0
54971	BANP	0.0	0.0	0.0	0.0	0.0
54970	TTC12	0.0	0.0	0.0	0.0	0.0
54969	HPF1	0.0	0.0	0.0	0.0	0.0
55012	PPP2R3C	0.0	0.0	0.0	0.0	0.0
55011	PIH1D1	0.0	0.0	0.0	0.0	0.0
55009	FAM174C	0.0	0.0	0.0	0.0	0.0
55008	HERC6	0.0	0.0	0.0	0.0	0.0
55007	SIRAL2	0.0	0.0	0.0	0.0	0.0
55006	TRMT61B	0.0	0.0	0.0	0.0	0.0
55005	RMND1	0.0	0.0	0.0	0.0	0.0
55003	PAK1IP1	0.0	0.0	0.0	0.0	0.0
55002	SLC9D1	0.0	0.0	0.0	0.0	0.0
55001	TTC22	0.0	0.0	0.0	0.0	0.0
55000	TUG1	0.0	0.0	0.0	0.0	0.0
54998	AURKAIP1	0.0	0.0	0.0	0.0	0.0
54997	TESC	0.0	0.0	0.0	0.0	0.0
54996	MTARC2	0.0	0.0	0.0	0.0	0.0
54995	OXSM	0.0	0.0	0.0	0.0	0.0
54994	GID8	0.0	0.0	0.0	0.0	0.0
55039	TYW2	0.0	0.0	0.0	0.0	0.0
55037	PTCD3	0.0	0.0	0.0	0.0	0.0
55036	CCDC40	0.0	0.0	0.0	0.0	0.0
55034	MOCOS	0.0	0.0	0.0	0.0	0.0
55033	FKBP14	0.0	0.0	0.0	0.0	0.0
55032	SLC35A5	0.0	0.0	0.0	0.0	0.0
55031	USP47	0.0	0.0	0.0	0.0	0.0
55030	FBXO34	0.0	0.0	0.0	0.0	0.0
55028	MTNAP1	0.0	0.0	0.0	0.0	0.0
55026	TMEM255A	0.0	0.0	0.0	0.0	0.0
55024	BANK1	0.0	0.0	0.0	0.0	0.0
55023	PHIP	0.0	0.0	0.0	0.0	0.0
55022	PID1	0.0	0.0	0.0	0.0	0.0
55020	TTC38	0.0	0.0	0.0	0.0	0.0
55015	PRPF39	0.0	0.0	0.0	0.0	0.0
55014	STX17	0.0	0.0	0.0	0.0	0.0
55084	SOBP	0.0	0.0	0.0	0.0	0.0
55083	KIF26B	0.0	0.0	0.0	0.0	0.0
55082	ARGLU1	0.0	0.0	0.0	0.0	0.0
55081	IFT57	0.0	0.0	0.0	0.0	0.0
55080	TAPBPL	0.0	0.0	0.0	0.0	0.0
55074	OXR1	0.0	0.0	0.0	0.0	0.0
55071	C9orf40	0.0	0.0	0.0	0.0	0.0
55070	DET1	0.0	0.0	0.0	0.0	0.0
55068	ENOX1	0.0	0.0	0.0	0.0	0.0
55062	WIPI1	0.0	0.0	0.0	0.0	0.0
55061	SUSD4	0.0	0.0	0.0	0.0	0.0
55057	CRYBG2	0.0	0.0	0.0	0.0	0.0
55052	MRPL20	0.0	0.0	0.0	0.0	0.0
55049	REX1BD	0.0	0.0	0.0	0.0	0.0
55048	VPS37C	0.0	0.0	0.0	0.0	0.0
55041	PLEKHB2	0.0	0.0	0.0	0.0	0.0
1080	CFTR	0.0	0.0	0.0	0.0	0.0
1075	CTSC	0.0	0.0	0.0	0.0	0.0
1071	CETP	0.0	0.0	0.0	0.0	0.0
1070	CETN3	0.0	0.0	0.0	0.0	0.0
1069	CETN2	0.0	0.0	0.0	0.0	0.0
1063	CENPF	0.0	0.0	0.0	0.0	0.0
1060	CENPC	0.0	0.0	0.0	0.0	0.0
1059	CENPB	0.0	0.0	0.0	0.0	0.0
1054	CEBPG	0.0	0.0	0.0	0.0	0.0
1052	CEBPD	0.0	0.0	0.0	0.0	0.0
1051	CEBPB	0.0	0.0	0.0	0.0	0.0
1050	CEBPA	0.0	0.0	0.0	0.0	0.0
1040	CDS1	0.0	0.0	0.0	0.0	0.0
55090	MED9	0.0	0.0	0.0	0.0	0.0
55089	SLC38A4	0.0	0.0	0.0	0.0	0.0
55086	RADX	0.0	0.0	0.0	0.0	0.0
55118	CRTAC1	0.0	0.0	0.0	0.0	0.0
55116	TMEM39B	0.0	0.0	0.0	0.0	0.0
55114	ARHGAP17	0.0	0.0	0.0	0.0	0.0
55112	DYNC2I1	0.0	0.0	0.0	0.0	0.0
55110	MAGOHB	0.0	0.0	0.0	0.0	0.0
55109	AGGF1	0.0	0.0	0.0	0.0	0.0
55108	BSDC1	0.0	0.0	0.0	0.0	0.0
55107	ANO1	0.0	0.0	0.0	0.0	0.0
55105	GPATCH2	0.0	0.0	0.0	0.0	0.0
55102	ATG2B	0.0	0.0	0.0	0.0	0.0
55101	DMAC2	0.0	0.0	0.0	0.0	0.0
55100	WDR70	0.0	0.0	0.0	0.0	0.0
55094	GPATCH1	0.0	0.0	0.0	0.0	0.0
55093	NTAQ1	0.0	0.0	0.0	0.0	0.0
55092	TMEM51	0.0	0.0	0.0	0.0	0.0
1084	CEACAM3	0.0	0.0	0.0	0.0	0.0
55146	ZDHHC4	0.0	0.0	0.0	0.0	0.0
55145	THAP1	0.0	0.0	0.0	0.0	0.0
55144	LRRC8D	0.0	0.0	0.0	0.0	0.0
55143	CDCA8	0.0	0.0	0.0	0.0	0.0
55142	HAUS2	0.0	0.0	0.0	0.0	0.0
55140	ELP3	0.0	0.0	0.0	0.0	0.0
55139	ANKZF1	0.0	0.0	0.0	0.0	0.0
55138	FAM90A1	0.0	0.0	0.0	0.0	0.0
55135	WRAP53	0.0	0.0	0.0	0.0	0.0
55133	SRBD1	0.0	0.0	0.0	0.0	0.0
55131	RBM28	0.0	0.0	0.0	0.0	0.0
55129	ANO10	0.0	0.0	0.0	0.0	0.0
55128	TRIM68	0.0	0.0	0.0	0.0	0.0
55125	CEP192	0.0	0.0	0.0	0.0	0.0
55120	FANCL	0.0	0.0	0.0	0.0	0.0
55119	PRPF38B	0.0	0.0	0.0	0.0	0.0
55172	DNAAF2	0.0	0.0	0.0	0.0	0.0
55171	TBCCD1	0.0	0.0	0.0	0.0	0.0
55168	MRPS18A	0.0	0.0	0.0	0.0	0.0
55167	MSL2	0.0	0.0	0.0	0.0	0.0
55164	SHQ1	0.0	0.0	0.0	0.0	0.0
55163	PNPO	0.0	0.0	0.0	0.0	0.0
55161	TMEM33	0.0	0.0	0.0	0.0	0.0
55160	ARHGEF10L	0.0	0.0	0.0	0.0	0.0
55159	RFWD3	0.0	0.0	0.0	0.0	0.0
55157	DARS2	0.0	0.0	0.0	0.0	0.0
55156	ARMC1	0.0	0.0	0.0	0.0	0.0
55153	SDAD1	0.0	0.0	0.0	0.0	0.0
55152	DALRD3	0.0	0.0	0.0	0.0	0.0
55151	TMEM38B	0.0	0.0	0.0	0.0	0.0
55148	UBR7	0.0	0.0	0.0	0.0	0.0
55147	RBM23	0.0	0.0	0.0	0.0	0.0
55194	EVA1B	0.0	0.0	0.0	0.0	0.0
55193	PBRM1	0.0	0.0	0.0	0.0	0.0
55191	NADSYN1	0.0	0.0	0.0	0.0	0.0
55188	RIC8B	0.0	0.0	0.0	0.0	0.0
55187	VPS13D	0.0	0.0	0.0	0.0	0.0
55186	SLC25A36	0.0	0.0	0.0	0.0	0.0
55184	DZANK1	0.0	0.0	0.0	0.0	0.0
55183	RIF1	0.0	0.0	0.0	0.0	0.0
55182	RNF220	0.0	0.0	0.0	0.0	0.0
55181	SMG8	0.0	0.0	0.0	0.0	0.0
55180	LINS1	0.0	0.0	0.0	0.0	0.0
55179	FAIM	0.0	0.0	0.0	0.0	0.0
55178	MRM3	0.0	0.0	0.0	0.0	0.0
55177	RMDN3	0.0	0.0	0.0	0.0	0.0
55176	SEC61A2	0.0	0.0	0.0	0.0	0.0
55175	KLHL11	0.0	0.0	0.0	0.0	0.0
55218	EXD2	0.0	0.0	0.0	0.0	0.0
55215	FANCI	0.0	0.0	0.0	0.0	0.0
55214	P3H2	0.0	0.0	0.0	0.0	0.0
55213	RCBTB1	0.0	0.0	0.0	0.0	0.0
55212	BBS7	0.0	0.0	0.0	0.0	0.0
55208	DCUN1D2	0.0	0.0	0.0	0.0	0.0
55207	ARL8B	0.0	0.0	0.0	0.0	0.0
55206	SBNO1	0.0	0.0	0.0	0.0	0.0
55204	GOLPH3L	0.0	0.0	0.0	0.0	0.0
55203	LGI2	0.0	0.0	0.0	0.0	0.0
55201	MAP1S	0.0	0.0	0.0	0.0	0.0
55200	PLEKHG6	0.0	0.0	0.0	0.0	0.0
55198	APPL2	0.0	0.0	0.0	0.0	0.0
55197	RPRD1A	0.0	0.0	0.0	0.0	0.0
55196	RESF1	0.0	0.0	0.0	0.0	0.0
55195	CCDC198	0.0	0.0	0.0	0.0	0.0
55243	KIRREL1	0.0	0.0	0.0	0.0	0.0
55239	OGFOD1	0.0	0.0	0.0	0.0	0.0
55238	SLC38A7	0.0	0.0	0.0	0.0	0.0
55236	UBA6	0.0	0.0	0.0	0.0	0.0
55234	SMU1	0.0	0.0	0.0	0.0	0.0
55233	MOB1A	0.0	0.0	0.0	0.0	0.0
55231	CCDC87	0.0	0.0	0.0	0.0	0.0
55229	PANK4	0.0	0.0	0.0	0.0	0.0
55228	PNMA8A	0.0	0.0	0.0	0.0	0.0
55227	LRRC1	0.0	0.0	0.0	0.0	0.0
55226	NAT10	0.0	0.0	0.0	0.0	0.0
55224	ETNK2	0.0	0.0	0.0	0.0	0.0
55223	TRIM62	0.0	0.0	0.0	0.0	0.0
55222	LRRC20	0.0	0.0	0.0	0.0	0.0
55220	KLHDC8A	0.0	0.0	0.0	0.0	0.0
55219	MACO1	0.0	0.0	0.0	0.0	0.0
55270	NUDT15	0.0	0.0	0.0	0.0	0.0
55269	PSPC1	0.0	0.0	0.0	0.0	0.0
55268	ECHDC2	0.0	0.0	0.0	0.0	0.0
55259	DNAI7	0.0	0.0	0.0	0.0	0.0
55258	THNSL2	0.0	0.0	0.0	0.0	0.0
55257	MRGBP	0.0	0.0	0.0	0.0	0.0
55256	ADI1	0.0	0.0	0.0	0.0	0.0
55255	WDR41	0.0	0.0	0.0	0.0	0.0
55254	TMEM39A	0.0	0.0	0.0	0.0	0.0
55253	TYW1	0.0	0.0	0.0	0.0	0.0
55252	ASXL2	0.0	0.0	0.0	0.0	0.0
55251	PCMTD2	0.0	0.0	0.0	0.0	0.0
55249	YY1AP1	0.0	0.0	0.0	0.0	0.0
55246	CCDC25	0.0	0.0	0.0	0.0	0.0
55245	UQCC1	0.0	0.0	0.0	0.0	0.0
55244	SLC47A1	0.0	0.0	0.0	0.0	0.0
55294	FBXW7	0.0	0.0	0.0	0.0	0.0
55293	UEVLD	0.0	0.0	0.0	0.0	0.0
55291	PPP6R3	0.0	0.0	0.0	0.0	0.0
55290	BRF2	0.0	0.0	0.0	0.0	0.0
55288	RHOT1	0.0	0.0	0.0	0.0	0.0
55285	RBM41	0.0	0.0	0.0	0.0	0.0
55284	UBE2W	0.0	0.0	0.0	0.0	0.0
55283	MCOLN3	0.0	0.0	0.0	0.0	0.0
55282	LRRC36	0.0	0.0	0.0	0.0	0.0
55281	TMEM140	0.0	0.0	0.0	0.0	0.0
55280	CWF19L1	0.0	0.0	0.0	0.0	0.0
55279	ZNF654	0.0	0.0	0.0	0.0	0.0
55278	QRSL1	0.0	0.0	0.0	0.0	0.0
55277	FGGY	0.0	0.0	0.0	0.0	0.0
55275	VPS53	0.0	0.0	0.0	0.0	0.0
55274	PHF10	0.0	0.0	0.0	0.0	0.0
1038	CDR1	0.0	0.0	0.0	0.0	0.0
1036	CDO1	0.0	0.0	0.0	0.0	0.0
1028	CDKN1C	0.0	0.0	0.0	0.0	0.0
1027	CDKN1B	0.0	0.0	0.0	0.0	0.0
1026	CDKN1A	0.0	0.0	0.0	0.0	0.0
1024	CDK8	0.0	0.0	0.0	0.0	0.0
1022	CDK7	0.0	0.0	0.0	0.0	0.0
1021	CDK6	0.0	0.0	0.0	0.0	0.0
1020	CDK5	0.0	0.0	0.0	0.0	0.0
1019	CDK4	0.0	0.0	0.0	0.0	0.0
1014	CDH16	0.0	0.0	0.0	0.0	0.0
1013	CDH15	0.0	0.0	0.0	0.0	0.0
55299	BRIX1	0.0	0.0	0.0	0.0	0.0
55298	RNF121	0.0	0.0	0.0	0.0	0.0
55297	CCDC91	0.0	0.0	0.0	0.0	0.0
55296	TBC1D19	0.0	0.0	0.0	0.0	0.0
55327	LIN7C	0.0	0.0	0.0	0.0	0.0
55326	AGPAT5	0.0	0.0	0.0	0.0	0.0
55325	UFSP2	0.0	0.0	0.0	0.0	0.0
55324	ABCF3	0.0	0.0	0.0	0.0	0.0
55323	LARP6	0.0	0.0	0.0	0.0	0.0
55322	C5orf22	0.0	0.0	0.0	0.0	0.0
55320	MIS18BP1	0.0	0.0	0.0	0.0	0.0
55319	TMA16	0.0	0.0	0.0	0.0	0.0
55317	AP5S1	0.0	0.0	0.0	0.0	0.0
55316	RSAD1	0.0	0.0	0.0	0.0	0.0
55315	SLC29A3	0.0	0.0	0.0	0.0	0.0
55313	CPPED1	0.0	0.0	0.0	0.0	0.0
55312	RFK	0.0	0.0	0.0	0.0	0.0
55311	ZNF444	0.0	0.0	0.0	0.0	0.0
55308	DDX19A	0.0	0.0	0.0	0.0	0.0
55303	GIMAP4	0.0	0.0	0.0	0.0	0.0
55379	LRRC59	0.0	0.0	0.0	0.0	0.0
55374	TMCO6	0.0	0.0	0.0	0.0	0.0
55366	LGR4	0.0	0.0	0.0	0.0	0.0
55364	IMPACT	0.0	0.0	0.0	0.0	0.0
55357	TBC1D2	0.0	0.0	0.0	0.0	0.0
55355	HJURP	0.0	0.0	0.0	0.0	0.0
55353	LAPTM4B	0.0	0.0	0.0	0.0	0.0
55351	STK32B	0.0	0.0	0.0	0.0	0.0
55350	VNN3P	0.0	0.0	0.0	0.0	0.0
55347	ABHD10	0.0	0.0	0.0	0.0	0.0
55346	TCP11L1	0.0	0.0	0.0	0.0	0.0
55343	SLC35C1	0.0	0.0	0.0	0.0	0.0
55337	SHFL	0.0	0.0	0.0	0.0	0.0
55336	FBXL8	0.0	0.0	0.0	0.0	0.0
55335	NIPSNAP3B	0.0	0.0	0.0	0.0	0.0
55328	RNLS	0.0	0.0	0.0	0.0	0.0
55509	BATF3	0.0	0.0	0.0	0.0	0.0
55508	SLC35E3	0.0	0.0	0.0	0.0	0.0
55506	MACROH2A2	0.0	0.0	0.0	0.0	0.0
55505	NOP10	0.0	0.0	0.0	0.0	0.0
55503	TRPV6	0.0	0.0	0.0	0.0	0.0
55501	CHST12	0.0	0.0	0.0	0.0	0.0
55500	ETNK1	0.0	0.0	0.0	0.0	0.0
55486	PARL	0.0	0.0	0.0	0.0	0.0
55471	NDUFAF7	0.0	0.0	0.0	0.0	0.0
55454	CSGALNACT2	0.0	0.0	0.0	0.0	0.0
55450	CAMK2N1	0.0	0.0	0.0	0.0	0.0
55435	AP1AR	0.0	0.0	0.0	0.0	0.0
55432	YOD1	0.0	0.0	0.0	0.0	0.0
55423	SIRPG	0.0	0.0	0.0	0.0	0.0
55422	ZNF331	0.0	0.0	0.0	0.0	0.0
55421	NCBP3	0.0	0.0	0.0	0.0	0.0
1012	CDH13	0.0	0.0	0.0	0.0	0.0
1007	CDH9	0.0	0.0	0.0	0.0	0.0
1003	CDH5	0.0	0.0	0.0	0.0	0.0
1002	CDH4	0.0	0.0	0.0	0.0	0.0
1001	CDH3	0.0	0.0	0.0	0.0	0.0
1000	CDH2	0.0	0.0	0.0	0.0	0.0
999	CDH1	0.0	0.0	0.0	0.0	0.0
998	CDC42	0.0	0.0	0.0	0.0	0.0
997	CDC34	0.0	0.0	0.0	0.0	0.0
993	CDC25A	0.0	0.0	0.0	0.0	0.0
990	CDC6	0.0	0.0	0.0	0.0	0.0
55540	IL17RB	0.0	0.0	0.0	0.0	0.0
55526	DHTKD1	0.0	0.0	0.0	0.0	0.0
55520	ELAC1	0.0	0.0	0.0	0.0	0.0
55512	SMPD3	0.0	0.0	0.0	0.0	0.0
55510	DDX43	0.0	0.0	0.0	0.0	0.0
55616	ASAP3	0.0	0.0	0.0	0.0	0.0
55614	KIF16B	0.0	0.0	0.0	0.0	0.0
55612	FERMT1	0.0	0.0	0.0	0.0	0.0
55608	ANKRD10	0.0	0.0	0.0	0.0	0.0
55604	CARMIL1	0.0	0.0	0.0	0.0	0.0
55603	TENT5A	0.0	0.0	0.0	0.0	0.0
55602	CDKN2AIP	0.0	0.0	0.0	0.0	0.0
55592	GOLGA2P5	0.0	0.0	0.0	0.0	0.0
55589	BMP2K	0.0	0.0	0.0	0.0	0.0
55585	UBE2Q1	0.0	0.0	0.0	0.0	0.0
55577	NAGK	0.0	0.0	0.0	0.0	0.0
55573	CDV3	0.0	0.0	0.0	0.0	0.0
55568	GALNT10	0.0	0.0	0.0	0.0	0.0
55567	DNAH3	0.0	0.0	0.0	0.0	0.0
55565	ZNF821	0.0	0.0	0.0	0.0	0.0
55544	RBM38	0.0	0.0	0.0	0.0	0.0
55643	BTBD2	0.0	0.0	0.0	0.0	0.0
55640	FLVCR2	0.0	0.0	0.0	0.0	0.0
55638	SYBU	0.0	0.0	0.0	0.0	0.0
55636	CHD7	0.0	0.0	0.0	0.0	0.0
55634	KRABD4	0.0	0.0	0.0	0.0	0.0
55633	TBC1D22B	0.0	0.0	0.0	0.0	0.0
55631	LRRC40	0.0	0.0	0.0	0.0	0.0
55628	ZNF407	0.0	0.0	0.0	0.0	0.0
55626	AMBRA1	0.0	0.0	0.0	0.0	0.0
55625	ZDHHC7	0.0	0.0	0.0	0.0	0.0
55624	POMGNT1	0.0	0.0	0.0	0.0	0.0
55623	THUMPD1	0.0	0.0	0.0	0.0	0.0
55622	TTC27	0.0	0.0	0.0	0.0	0.0
55621	TRMT1	0.0	0.0	0.0	0.0	0.0
55620	STAP2	0.0	0.0	0.0	0.0	0.0
55617	TASP1	0.0	0.0	0.0	0.0	0.0
989	SEPTIN7	0.0	0.0	0.0	0.0	0.0
988	CDC5L	0.0	0.0	0.0	0.0	0.0
987	LRBA	0.0	0.0	0.0	0.0	0.0
983	CDK1	0.0	0.0	0.0	0.0	0.0
977	CD151	0.0	0.0	0.0	0.0	0.0
976	ADGRE5	0.0	0.0	0.0	0.0	0.0
975	CD81	0.0	0.0	0.0	0.0	0.0
974	CD79B	0.0	0.0	0.0	0.0	0.0
971	CD72	0.0	0.0	0.0	0.0	0.0
970	CD70	0.0	0.0	0.0	0.0	0.0
55654	TMEM127	0.0	0.0	0.0	0.0	0.0
55653	BCAS4	0.0	0.0	0.0	0.0	0.0
55652	SLC48A1	0.0	0.0	0.0	0.0	0.0
55650	PIGV	0.0	0.0	0.0	0.0	0.0
55647	RAB20	0.0	0.0	0.0	0.0	0.0
55644	OSGEP	0.0	0.0	0.0	0.0	0.0
55683	KANSL3	0.0	0.0	0.0	0.0	0.0
55681	SCYL2	0.0	0.0	0.0	0.0	0.0
55679	LIMS2	0.0	0.0	0.0	0.0	0.0
55672	NBPF1	0.0	0.0	0.0	0.0	0.0
55671	PPP4R3A	0.0	0.0	0.0	0.0	0.0
55670	PEX26	0.0	0.0	0.0	0.0	0.0
55668	GPATCH2L	0.0	0.0	0.0	0.0	0.0
55667	DENND4C	0.0	0.0	0.0	0.0	0.0
55666	NPLOC4	0.0	0.0	0.0	0.0	0.0
55665	URGCP	0.0	0.0	0.0	0.0	0.0
55664	CDC37L1	0.0	0.0	0.0	0.0	0.0
55662	HIF1AN	0.0	0.0	0.0	0.0	0.0
55661	DDX27	0.0	0.0	0.0	0.0	0.0
55658	RNF126	0.0	0.0	0.0	0.0	0.0
55657	ZNF692	0.0	0.0	0.0	0.0	0.0
55655	NLRP2	0.0	0.0	0.0	0.0	0.0
55709	KBTBD4	0.0	0.0	0.0	0.0	0.0
55706	NDC1	0.0	0.0	0.0	0.0	0.0
55705	IPO9	0.0	0.0	0.0	0.0	0.0
55704	CCDC88A	0.0	0.0	0.0	0.0	0.0
55702	YJU2	0.0	0.0	0.0	0.0	0.0
55701	ARHGEF40	0.0	0.0	0.0	0.0	0.0
55699	IARS2	0.0	0.0	0.0	0.0	0.0
55697	VAC14	0.0	0.0	0.0	0.0	0.0
55696	RBM22	0.0	0.0	0.0	0.0	0.0
55695	NSUN5	0.0	0.0	0.0	0.0	0.0
55693	KDM4D	0.0	0.0	0.0	0.0	0.0
55692	LUC7L	0.0	0.0	0.0	0.0	0.0
55690	PACS1	0.0	0.0	0.0	0.0	0.0
55687	TRMU	0.0	0.0	0.0	0.0	0.0
55686	MREG	0.0	0.0	0.0	0.0	0.0
55684	RABL6	0.0	0.0	0.0	0.0	0.0
959	CD40LG	0.0	0.0	0.0	0.0	0.0
958	CD40	0.0	0.0	0.0	0.0	0.0
957	ENTPD5	0.0	0.0	0.0	0.0	0.0
956	ENTPD3	0.0	0.0	0.0	0.0	0.0
955	ENTPD6	0.0	0.0	0.0	0.0	0.0
953	ENTPD1	0.0	0.0	0.0	0.0	0.0
952	CD38	0.0	0.0	0.0	0.0	0.0
951	CD37	0.0	0.0	0.0	0.0	0.0
950	SCARB2	0.0	0.0	0.0	0.0	0.0
949	SCARB1	0.0	0.0	0.0	0.0	0.0
55719	SLF2	0.0	0.0	0.0	0.0	0.0
55717	WDR11	0.0	0.0	0.0	0.0	0.0
55716	LMBR1L	0.0	0.0	0.0	0.0	0.0
55714	TENM3	0.0	0.0	0.0	0.0	0.0
55713	ZNF334	0.0	0.0	0.0	0.0	0.0
55711	FAR2	0.0	0.0	0.0	0.0	0.0
55748	CNDP2	0.0	0.0	0.0	0.0	0.0
55746	NUP133	0.0	0.0	0.0	0.0	0.0
55745	AP5M1	0.0	0.0	0.0	0.0	0.0
55744	COA1	0.0	0.0	0.0	0.0	0.0
55743	CHFR	0.0	0.0	0.0	0.0	0.0
55742	PARVA	0.0	0.0	0.0	0.0	0.0
55739	NAXD	0.0	0.0	0.0	0.0	0.0
55738	ARFGAP1	0.0	0.0	0.0	0.0	0.0
55737	VPS35	0.0	0.0	0.0	0.0	0.0
55735	DNAJC11	0.0	0.0	0.0	0.0	0.0
55732	FIRRM	0.0	0.0	0.0	0.0	0.0
55731	FAM222B	0.0	0.0	0.0	0.0	0.0
55727	BTBD7	0.0	0.0	0.0	0.0	0.0
55726	INTS13	0.0	0.0	0.0	0.0	0.0
55723	ASF1B	0.0	0.0	0.0	0.0	0.0
55720	TSR1	0.0	0.0	0.0	0.0	0.0
55778	ZNF839	0.0	0.0	0.0	0.0	0.0
55775	TDP1	0.0	0.0	0.0	0.0	0.0
55768	NGLY1	0.0	0.0	0.0	0.0	0.0
55763	EXOC1	0.0	0.0	0.0	0.0	0.0
55762	ZNF701	0.0	0.0	0.0	0.0	0.0
55761	TTC17	0.0	0.0	0.0	0.0	0.0
55760	DHX32	0.0	0.0	0.0	0.0	0.0
55759	WDR12	0.0	0.0	0.0	0.0	0.0
55758	RCOR3	0.0	0.0	0.0	0.0	0.0
55757	UGGT2	0.0	0.0	0.0	0.0	0.0
55755	CDK5RAP2	0.0	0.0	0.0	0.0	0.0
55754	CDC50A	0.0	0.0	0.0	0.0	0.0
55753	OGDHL	0.0	0.0	0.0	0.0	0.0
55752	SEPTIN11	0.0	0.0	0.0	0.0	0.0
55751	TMEM184C	0.0	0.0	0.0	0.0	0.0
55750	AGK	0.0	0.0	0.0	0.0	0.0
947	CD34	0.0	0.0	0.0	0.0	0.0
946	SIGLEC6	0.0	0.0	0.0	0.0	0.0
945	CD33	0.0	0.0	0.0	0.0	0.0
943	TNFRSF8	0.0	0.0	0.0	0.0	0.0
942	CD86	0.0	0.0	0.0	0.0	0.0
941	CD80	0.0	0.0	0.0	0.0	0.0
939	CD27	0.0	0.0	0.0	0.0	0.0
931	MS4A1	0.0	0.0	0.0	0.0	0.0
930	CD19	0.0	0.0	0.0	0.0	0.0
925	CD8A	0.0	0.0	0.0	0.0	0.0
924	CD7	0.0	0.0	0.0	0.0	0.0
923	CD6	0.0	0.0	0.0	0.0	0.0
55785	FGD6	0.0	0.0	0.0	0.0	0.0
55784	MCTP2	0.0	0.0	0.0	0.0	0.0
55781	RIOK2	0.0	0.0	0.0	0.0	0.0
55779	CFAP44	0.0	0.0	0.0	0.0	0.0
55816	DOK5	0.0	0.0	0.0	0.0	0.0
55815	TSNAXIP1	0.0	0.0	0.0	0.0	0.0
55813	UTP6	0.0	0.0	0.0	0.0	0.0
55812	SPATA7	0.0	0.0	0.0	0.0	0.0
55811	ADCY10	0.0	0.0	0.0	0.0	0.0
55806	HR	0.0	0.0	0.0	0.0	0.0
55805	LRP2BP	0.0	0.0	0.0	0.0	0.0
55803	ADAP2	0.0	0.0	0.0	0.0	0.0
55802	DCP1A	0.0	0.0	0.0	0.0	0.0
55800	SCN3B	0.0	0.0	0.0	0.0	0.0
55799	CACNA2D3	0.0	0.0	0.0	0.0	0.0
55796	MBNL3	0.0	0.0	0.0	0.0	0.0
55794	DDX28	0.0	0.0	0.0	0.0	0.0
55791	LRIF1	0.0	0.0	0.0	0.0	0.0
55788	LMBRD1	0.0	0.0	0.0	0.0	0.0
55786	ZNF415	0.0	0.0	0.0	0.0	0.0
55848	PLGRKT	0.0	0.0	0.0	0.0	0.0
55847	CISD1	0.0	0.0	0.0	0.0	0.0
55844	PPP2R2D	0.0	0.0	0.0	0.0	0.0
55841	WWC3	0.0	0.0	0.0	0.0	0.0
55839	CENPN	0.0	0.0	0.0	0.0	0.0
55837	EAPP	0.0	0.0	0.0	0.0	0.0
55833	UBAP2	0.0	0.0	0.0	0.0	0.0
55832	CAND1	0.0	0.0	0.0	0.0	0.0
55831	EMC3	0.0	0.0	0.0	0.0	0.0
55830	GLT8D1	0.0	0.0	0.0	0.0	0.0
55827	DCAF6	0.0	0.0	0.0	0.0	0.0
55825	PECR	0.0	0.0	0.0	0.0	0.0
55823	VPS11	0.0	0.0	0.0	0.0	0.0
55821	ALLC	0.0	0.0	0.0	0.0	0.0
55819	RNF130	0.0	0.0	0.0	0.0	0.0
55818	KDM3A	0.0	0.0	0.0	0.0	0.0
55890	GPRC5C	0.0	0.0	0.0	0.0	0.0
55885	LMO3	0.0	0.0	0.0	0.0	0.0
55884	WSB2	0.0	0.0	0.0	0.0	0.0
55876	GSDMB	0.0	0.0	0.0	0.0	0.0
55867	SLC22A11	0.0	0.0	0.0	0.0	0.0
55863	TMEM126B	0.0	0.0	0.0	0.0	0.0
55862	ECHDC1	0.0	0.0	0.0	0.0	0.0
55860	ACTR10	0.0	0.0	0.0	0.0	0.0
55859	BEX1	0.0	0.0	0.0	0.0	0.0
55858	TMEM165	0.0	0.0	0.0	0.0	0.0
55857	KIZ	0.0	0.0	0.0	0.0	0.0
55856	ACOT13	0.0	0.0	0.0	0.0	0.0
55854	ZC3H15	0.0	0.0	0.0	0.0	0.0
55852	TEX2	0.0	0.0	0.0	0.0	0.0
55851	PSENEN	0.0	0.0	0.0	0.0	0.0
55850	USE1	0.0	0.0	0.0	0.0	0.0
55957	LIN37	0.0	0.0	0.0	0.0	0.0
55954	ZMAT5	0.0	0.0	0.0	0.0	0.0
55930	MYO5C	0.0	0.0	0.0	0.0	0.0
55916	NXT2	0.0	0.0	0.0	0.0	0.0
55915	LANCL2	0.0	0.0	0.0	0.0	0.0
55914	ERBIN	0.0	0.0	0.0	0.0	0.0
55911	APOBR	0.0	0.0	0.0	0.0	0.0
55909	BIN3	0.0	0.0	0.0	0.0	0.0
55908	ANGPTL8	0.0	0.0	0.0	0.0	0.0
55907	CMAS	0.0	0.0	0.0	0.0	0.0
55906	ZC4H2	0.0	0.0	0.0	0.0	0.0
55905	RNF114	0.0	0.0	0.0	0.0	0.0
55900	ZNF302	0.0	0.0	0.0	0.0	0.0
55898	UNC45A	0.0	0.0	0.0	0.0	0.0
55893	ZNF395	0.0	0.0	0.0	0.0	0.0
55892	MYNN	0.0	0.0	0.0	0.0	0.0
56005	MYDGF	0.0	0.0	0.0	0.0	0.0
920	CD4	0.0	0.0	0.0	0.0	0.0
919	CD247	0.0	0.0	0.0	0.0	0.0
917	CD3G	0.0	0.0	0.0	0.0	0.0
916	CD3E	0.0	0.0	0.0	0.0	0.0
913	CD1E	0.0	0.0	0.0	0.0	0.0
912	CD1D	0.0	0.0	0.0	0.0	0.0
908	CCT6A	0.0	0.0	0.0	0.0	0.0
905	CCNT2	0.0	0.0	0.0	0.0	0.0
902	CCNH	0.0	0.0	0.0	0.0	0.0
901	CCNG2	0.0	0.0	0.0	0.0	0.0
55973	BCAP29	0.0	0.0	0.0	0.0	0.0
55970	GNG12	0.0	0.0	0.0	0.0	0.0
55968	NSFL1C	0.0	0.0	0.0	0.0	0.0
55966	AJAP1	0.0	0.0	0.0	0.0	0.0
55958	KLHL9	0.0	0.0	0.0	0.0	0.0
892	CCNC	0.0	0.0	0.0	0.0	0.0
889	KRIT1	0.0	0.0	0.0	0.0	0.0
874	CBR3	0.0	0.0	0.0	0.0	0.0
873	CBR1	0.0	0.0	0.0	0.0	0.0
868	CBLB	0.0	0.0	0.0	0.0	0.0
867	CBL	0.0	0.0	0.0	0.0	0.0
866	SERPINA6	0.0	0.0	0.0	0.0	0.0
865	CBFB	0.0	0.0	0.0	0.0	0.0
56163	RNF17	0.0	0.0	0.0	0.0	0.0
56155	TEX14	0.0	0.0	0.0	0.0	0.0
56130	PCDHB6	0.0	0.0	0.0	0.0	0.0
56123	PCDHB13	0.0	0.0	0.0	0.0	0.0
56107	PCDHGA9	0.0	0.0	0.0	0.0	0.0
56106	PCDHGA10	0.0	0.0	0.0	0.0	0.0
56062	KLHL4	0.0	0.0	0.0	0.0	0.0
56034	PDGFC	0.0	0.0	0.0	0.0	0.0
56475	RPRM	0.0	0.0	0.0	0.0	0.0
56474	CTPS2	0.0	0.0	0.0	0.0	0.0
56301	SLC7A10	0.0	0.0	0.0	0.0	0.0
56271	BEX4	0.0	0.0	0.0	0.0	0.0
56270	WDR45B	0.0	0.0	0.0	0.0	0.0
56259	CTNNBL1	0.0	0.0	0.0	0.0	0.0
56257	MEPCE	0.0	0.0	0.0	0.0	0.0
56255	TMX4	0.0	0.0	0.0	0.0	0.0
56253	CRTAM	0.0	0.0	0.0	0.0	0.0
56242	ZNF253	0.0	0.0	0.0	0.0	0.0
56180	MOSPD1	0.0	0.0	0.0	0.0	0.0
56172	ANKH	0.0	0.0	0.0	0.0	0.0
56171	DNAH7	0.0	0.0	0.0	0.0	0.0
900	CCNG1	0.0	0.0	0.0	0.0	0.0
899	CCNF	0.0	0.0	0.0	0.0	0.0
896	CCND3	0.0	0.0	0.0	0.0	0.0
56674	TMEM9B	0.0	0.0	0.0	0.0	0.0
56672	AKIP1	0.0	0.0	0.0	0.0	0.0
56667	MUC13	0.0	0.0	0.0	0.0	0.0
56659	KCNK13	0.0	0.0	0.0	0.0	0.0
56654	NPDC1	0.0	0.0	0.0	0.0	0.0
56650	CLDND1	0.0	0.0	0.0	0.0	0.0
56648	EIF5A2	0.0	0.0	0.0	0.0	0.0
56647	BCCIP	0.0	0.0	0.0	0.0	0.0
56623	INPP5E	0.0	0.0	0.0	0.0	0.0
56616	DIABLO	0.0	0.0	0.0	0.0	0.0
56606	SLC2A9	0.0	0.0	0.0	0.0	0.0
56605	ERO1B	0.0	0.0	0.0	0.0	0.0
56603	CYP26B1	0.0	0.0	0.0	0.0	0.0
56548	CHST7	0.0	0.0	0.0	0.0	0.0
56521	DNAJC12	0.0	0.0	0.0	0.0	0.0
56478	EIF4ENIF1	0.0	0.0	0.0	0.0	0.0
864	RUNX3	0.0	0.0	0.0	0.0	0.0
862	RUNX1T1	0.0	0.0	0.0	0.0	0.0
857	CAV1	0.0	0.0	0.0	0.0	0.0
847	CAT	0.0	0.0	0.0	0.0	0.0
846	CASR	0.0	0.0	0.0	0.0	0.0
844	CASQ1	0.0	0.0	0.0	0.0	0.0
843	CASP10	0.0	0.0	0.0	0.0	0.0
842	CASP9	0.0	0.0	0.0	0.0	0.0
841	CASP8	0.0	0.0	0.0	0.0	0.0
840	CASP7	0.0	0.0	0.0	0.0	0.0
56848	SPHK2	0.0	0.0	0.0	0.0	0.0
56829	ZC3HAV1	0.0	0.0	0.0	0.0	0.0
56729	RETN	0.0	0.0	0.0	0.0	0.0
56683	CFAP298	0.0	0.0	0.0	0.0	0.0
56681	SAR1A	0.0	0.0	0.0	0.0	0.0
56675	NRIP3	0.0	0.0	0.0	0.0	0.0
56912	IFT46	0.0	0.0	0.0	0.0	0.0
56910	STARD7	0.0	0.0	0.0	0.0	0.0
56906	THAP10	0.0	0.0	0.0	0.0	0.0
56905	PRMT2IP	0.0	0.0	0.0	0.0	0.0
56904	SH3GLB2	0.0	0.0	0.0	0.0	0.0
56902	PNO1	0.0	0.0	0.0	0.0	0.0
56899	ANKS1B	0.0	0.0	0.0	0.0	0.0
56898	BDH2	0.0	0.0	0.0	0.0	0.0
56895	AGPAT4	0.0	0.0	0.0	0.0	0.0
56892	TCIM	0.0	0.0	0.0	0.0	0.0
56890	SAXO6	0.0	0.0	0.0	0.0	0.0
56889	TM9SF3	0.0	0.0	0.0	0.0	0.0
56888	KCMF1	0.0	0.0	0.0	0.0	0.0
56886	UGGT1	0.0	0.0	0.0	0.0	0.0
56882	CDC42SE1	0.0	0.0	0.0	0.0	0.0
56851	EMC7	0.0	0.0	0.0	0.0	0.0
56945	MRPS22	0.0	0.0	0.0	0.0	0.0
56944	OLFML3	0.0	0.0	0.0	0.0	0.0
56943	ENY2	0.0	0.0	0.0	0.0	0.0
56942	CMC2	0.0	0.0	0.0	0.0	0.0
56941	HMCES	0.0	0.0	0.0	0.0	0.0
56938	BMAL2	0.0	0.0	0.0	0.0	0.0
56937	PMEPA1	0.0	0.0	0.0	0.0	0.0
56935	SMCO4	0.0	0.0	0.0	0.0	0.0
56934	CA10	0.0	0.0	0.0	0.0	0.0
56929	FEM1C	0.0	0.0	0.0	0.0	0.0
56928	SPPL2B	0.0	0.0	0.0	0.0	0.0
56926	NCLN	0.0	0.0	0.0	0.0	0.0
56925	LXN	0.0	0.0	0.0	0.0	0.0
56922	MCCC1	0.0	0.0	0.0	0.0	0.0
56920	SEMA3G	0.0	0.0	0.0	0.0	0.0
56915	EXOSC5	0.0	0.0	0.0	0.0	0.0
56987	BBX	0.0	0.0	0.0	0.0	0.0
56985	ADPRM	0.0	0.0	0.0	0.0	0.0
56984	PSMG2	0.0	0.0	0.0	0.0	0.0
56983	POGLUT1	0.0	0.0	0.0	0.0	0.0
56980	PRDM10	0.0	0.0	0.0	0.0	0.0
56978	PRDM8	0.0	0.0	0.0	0.0	0.0
56969	RPL23AP32	0.0	0.0	0.0	0.0	0.0
56967	C14orf132	0.0	0.0	0.0	0.0	0.0
56965	PARP6	0.0	0.0	0.0	0.0	0.0
56955	MEPE	0.0	0.0	0.0	0.0	0.0
56954	NIT2	0.0	0.0	0.0	0.0	0.0
56951	C5orf15	0.0	0.0	0.0	0.0	0.0
56949	XAB2	0.0	0.0	0.0	0.0	0.0
56948	SDR39U1	0.0	0.0	0.0	0.0	0.0
56947	MFF	0.0	0.0	0.0	0.0	0.0
56946	EMSY	0.0	0.0	0.0	0.0	0.0
835	CASP2	0.0	0.0	0.0	0.0	0.0
833	CARS1	0.0	0.0	0.0	0.0	0.0
832	CAPZB	0.0	0.0	0.0	0.0	0.0
831	CAST	0.0	0.0	0.0	0.0	0.0
830	CAPZA2	0.0	0.0	0.0	0.0	0.0
826	CAPNS1	0.0	0.0	0.0	0.0	0.0
825	CAPN3	0.0	0.0	0.0	0.0	0.0
821	CANX	0.0	0.0	0.0	0.0	0.0
819	CAMLG	0.0	0.0	0.0	0.0	0.0
57003	CCDC47	0.0	0.0	0.0	0.0	0.0
57001	SDHAF3	0.0	0.0	0.0	0.0	0.0
56997	COQ8A	0.0	0.0	0.0	0.0	0.0
56996	SLC12A9	0.0	0.0	0.0	0.0	0.0
56995	TULP4	0.0	0.0	0.0	0.0	0.0
56994	CHPT1	0.0	0.0	0.0	0.0	0.0
56993	TOMM22	0.0	0.0	0.0	0.0	0.0
57092	PCNP	0.0	0.0	0.0	0.0	0.0
57091	CASS4	0.0	0.0	0.0	0.0	0.0
57089	ENTPD7	0.0	0.0	0.0	0.0	0.0
57088	PLSCR4	0.0	0.0	0.0	0.0	0.0
57062	DDX24	0.0	0.0	0.0	0.0	0.0
57053	CHRNA10	0.0	0.0	0.0	0.0	0.0
57050	UTP3	0.0	0.0	0.0	0.0	0.0
57047	PLSCR2	0.0	0.0	0.0	0.0	0.0
57045	TWSG1	0.0	0.0	0.0	0.0	0.0
57037	ANKMY2	0.0	0.0	0.0	0.0	0.0
57030	SLC17A7	0.0	0.0	0.0	0.0	0.0
57020	VPS35L	0.0	0.0	0.0	0.0	0.0
57019	CIAPIN1	0.0	0.0	0.0	0.0	0.0
57018	CCNL1	0.0	0.0	0.0	0.0	0.0
57017	COQ9	0.0	0.0	0.0	0.0	0.0
57016	AKR1B10	0.0	0.0	0.0	0.0	0.0
57130	ATP13A1	0.0	0.0	0.0	0.0	0.0
57127	RHBG	0.0	0.0	0.0	0.0	0.0
57126	CD177	0.0	0.0	0.0	0.0	0.0
57125	PLXDC1	0.0	0.0	0.0	0.0	0.0
57124	CD248	0.0	0.0	0.0	0.0	0.0
57122	NUP107	0.0	0.0	0.0	0.0	0.0
57117	INTS12	0.0	0.0	0.0	0.0	0.0
57113	TRPC7	0.0	0.0	0.0	0.0	0.0
57111	RAB25	0.0	0.0	0.0	0.0	0.0
57109	REXO4	0.0	0.0	0.0	0.0	0.0
57107	PDSS2	0.0	0.0	0.0	0.0	0.0
57105	CYSLTR2	0.0	0.0	0.0	0.0	0.0
57103	TIGAR	0.0	0.0	0.0	0.0	0.0
57102	FERRY3	0.0	0.0	0.0	0.0	0.0
57099	AVEN	0.0	0.0	0.0	0.0	0.0
57097	PARP11	0.0	0.0	0.0	0.0	0.0
816	CAMK2B	0.0	0.0	0.0	0.0	0.0
815	CAMK2A	0.0	0.0	0.0	0.0	0.0
811	CALR	0.0	0.0	0.0	0.0	0.0
800	CALD1	0.0	0.0	0.0	0.0	0.0
799	CALCR	0.0	0.0	0.0	0.0	0.0
793	CALB1	0.0	0.0	0.0	0.0	0.0
790	CAD	0.0	0.0	0.0	0.0	0.0
788	SLC25A20	0.0	0.0	0.0	0.0	0.0
783	CACNB2	0.0	0.0	0.0	0.0	0.0
57149	LYRM1	0.0	0.0	0.0	0.0	0.0
57148	RALGAPB	0.0	0.0	0.0	0.0	0.0
57147	SCYL3	0.0	0.0	0.0	0.0	0.0
57146	LDAF1	0.0	0.0	0.0	0.0	0.0
57142	RTN4	0.0	0.0	0.0	0.0	0.0
57140	RNPEPL1	0.0	0.0	0.0	0.0	0.0
57132	CHMP1B	0.0	0.0	0.0	0.0	0.0
57205	ATP10D	0.0	0.0	0.0	0.0	0.0
57198	ATP8B2	0.0	0.0	0.0	0.0	0.0
57192	MCOLN1	0.0	0.0	0.0	0.0	0.0
57191	VN1R1	0.0	0.0	0.0	0.0	0.0
57187	THOC2	0.0	0.0	0.0	0.0	0.0
57180	ACTR3B	0.0	0.0	0.0	0.0	0.0
57178	ZMIZ1	0.0	0.0	0.0	0.0	0.0
57175	CORO1B	0.0	0.0	0.0	0.0	0.0
57172	CAMK1G	0.0	0.0	0.0	0.0	0.0
57171	DOLPP1	0.0	0.0	0.0	0.0	0.0
57165	GJC2	0.0	0.0	0.0	0.0	0.0
57162	PELI1	0.0	0.0	0.0	0.0	0.0
57161	PELI2	0.0	0.0	0.0	0.0	0.0
57158	JPH2	0.0	0.0	0.0	0.0	0.0
57154	SMURF1	0.0	0.0	0.0	0.0	0.0
57150	SMIM8	0.0	0.0	0.0	0.0	0.0
57403	RAB22A	0.0	0.0	0.0	0.0	0.0
57402	S100A14	0.0	0.0	0.0	0.0	0.0
57396	CLK4	0.0	0.0	0.0	0.0	0.0
57380	MRS2	0.0	0.0	0.0	0.0	0.0
57348	TTYH1	0.0	0.0	0.0	0.0	0.0
57343	ZNF304	0.0	0.0	0.0	0.0	0.0
57338	JPH3	0.0	0.0	0.0	0.0	0.0
57337	SENP7	0.0	0.0	0.0	0.0	0.0
57333	RCN3	0.0	0.0	0.0	0.0	0.0
57326	PBXIP1	0.0	0.0	0.0	0.0	0.0
57228	SMAGP	0.0	0.0	0.0	0.0	0.0
57215	THAP11	0.0	0.0	0.0	0.0	0.0
57214	CEMIP	0.0	0.0	0.0	0.0	0.0
57213	SPRYD7	0.0	0.0	0.0	0.0	0.0
57212	GFOD3P	0.0	0.0	0.0	0.0	0.0
57211	ADGRG6	0.0	0.0	0.0	0.0	0.0
781	CACNA2D1	0.0	0.0	0.0	0.0	0.0
779	CACNA1S	0.0	0.0	0.0	0.0	0.0
777	CACNA1E	0.0	0.0	0.0	0.0	0.0
776	CACNA1D	0.0	0.0	0.0	0.0	0.0
775	CACNA1C	0.0	0.0	0.0	0.0	0.0
771	CA12	0.0	0.0	0.0	0.0	0.0
762	CA4	0.0	0.0	0.0	0.0	0.0
761	CA3	0.0	0.0	0.0	0.0	0.0
760	CA2	0.0	0.0	0.0	0.0	0.0
759	CA1	0.0	0.0	0.0	0.0	0.0
757	TMEM50B	0.0	0.0	0.0	0.0	0.0
755	CFAP410	0.0	0.0	0.0	0.0	0.0
57447	NDRG2	0.0	0.0	0.0	0.0	0.0
57446	NDRG3	0.0	0.0	0.0	0.0	0.0
57415	CEP15	0.0	0.0	0.0	0.0	0.0
57406	ABHD6	0.0	0.0	0.0	0.0	0.0
57556	SEMA6A	0.0	0.0	0.0	0.0	0.0
57553	MICAL3	0.0	0.0	0.0	0.0	0.0
57538	ALPK3	0.0	0.0	0.0	0.0	0.0
57535	ELAPOR1	0.0	0.0	0.0	0.0	0.0
57523	NYNRIN	0.0	0.0	0.0	0.0	0.0
57515	SERINC1	0.0	0.0	0.0	0.0	0.0
57513	CASKIN2	0.0	0.0	0.0	0.0	0.0
57509	MTUS1	0.0	0.0	0.0	0.0	0.0
57506	MAVS	0.0	0.0	0.0	0.0	0.0
57498	KIDINS220	0.0	0.0	0.0	0.0	0.0
57496	MRTFB	0.0	0.0	0.0	0.0	0.0
57493	HEG1	0.0	0.0	0.0	0.0	0.0
57472	CNOT6	0.0	0.0	0.0	0.0	0.0
57470	LRRC47	0.0	0.0	0.0	0.0	0.0
57466	SCAF4	0.0	0.0	0.0	0.0	0.0
57460	PPM1H	0.0	0.0	0.0	0.0	0.0
57658	CALCOCO1	0.0	0.0	0.0	0.0	0.0
57645	POGK	0.0	0.0	0.0	0.0	0.0
57634	EP400	0.0	0.0	0.0	0.0	0.0
57613	FAM234B	0.0	0.0	0.0	0.0	0.0
57610	RANBP10	0.0	0.0	0.0	0.0	0.0
57608	JCAD	0.0	0.0	0.0	0.0	0.0
57602	USP36	0.0	0.0	0.0	0.0	0.0
57599	WDR48	0.0	0.0	0.0	0.0	0.0
57597	BAHCC1	0.0	0.0	0.0	0.0	0.0
57596	BEGAIN	0.0	0.0	0.0	0.0	0.0
57591	MRTFA	0.0	0.0	0.0	0.0	0.0
57586	SYT13	0.0	0.0	0.0	0.0	0.0
57579	FAM135A	0.0	0.0	0.0	0.0	0.0
57576	KIF17	0.0	0.0	0.0	0.0	0.0
57573	ZNF471	0.0	0.0	0.0	0.0	0.0
57572	DOCK6	0.0	0.0	0.0	0.0	0.0
57798	GATAD1	0.0	0.0	0.0	0.0	0.0
57794	SUGP1	0.0	0.0	0.0	0.0	0.0
57787	MARK4	0.0	0.0	0.0	0.0	0.0
57763	ANKRA2	0.0	0.0	0.0	0.0	0.0
57761	TRIB3	0.0	0.0	0.0	0.0	0.0
57758	SCUBE2	0.0	0.0	0.0	0.0	0.0
57733	GBA3	0.0	0.0	0.0	0.0	0.0
57728	WDR19	0.0	0.0	0.0	0.0	0.0
57720	GPR107	0.0	0.0	0.0	0.0	0.0
57711	ZNF529	0.0	0.0	0.0	0.0	0.0
57710	KIAA1614	0.0	0.0	0.0	0.0	0.0
57707	MEAK7	0.0	0.0	0.0	0.0	0.0
57706	DENND1A	0.0	0.0	0.0	0.0	0.0
57698	SHTN1	0.0	0.0	0.0	0.0	0.0
57669	EPB41L5	0.0	0.0	0.0	0.0	0.0
57664	PLEKHA4	0.0	0.0	0.0	0.0	0.0
58486	ZBED5	0.0	0.0	0.0	0.0	0.0
58478	ENOPH1	0.0	0.0	0.0	0.0	0.0
58477	SRPRB	0.0	0.0	0.0	0.0	0.0
58473	PLEKHB1	0.0	0.0	0.0	0.0	0.0
58472	SQOR	0.0	0.0	0.0	0.0	0.0
58190	CTDSP1	0.0	0.0	0.0	0.0	0.0
58155	PTBP2	0.0	0.0	0.0	0.0	0.0
57863	CADM3	0.0	0.0	0.0	0.0	0.0
57835	SLC4A5	0.0	0.0	0.0	0.0	0.0
57834	CYP4F11	0.0	0.0	0.0	0.0	0.0
57827	C6orf47	0.0	0.0	0.0	0.0	0.0
57826	RAP2C	0.0	0.0	0.0	0.0	0.0
57823	SLAMF7	0.0	0.0	0.0	0.0	0.0
57821	CCDC181	0.0	0.0	0.0	0.0	0.0
57820	CCNB1IP1	0.0	0.0	0.0	0.0	0.0
57804	POLD4	0.0	0.0	0.0	0.0	0.0
59272	ACE2	0.0	0.0	0.0	0.0	0.0
59269	HIVEP3	0.0	0.0	0.0	0.0	0.0
58986	PGAP6	0.0	0.0	0.0	0.0	0.0
58985	IL22RA1	0.0	0.0	0.0	0.0	0.0
58526	MID1IP1	0.0	0.0	0.0	0.0	0.0
58525	WIZ	0.0	0.0	0.0	0.0	0.0
58517	RBM25	0.0	0.0	0.0	0.0	0.0
58513	EPS15L1	0.0	0.0	0.0	0.0	0.0
58510	PRODH2	0.0	0.0	0.0	0.0	0.0
58509	CACTIN	0.0	0.0	0.0	0.0	0.0
58504	ARHGAP22	0.0	0.0	0.0	0.0	0.0
58500	ZNF250	0.0	0.0	0.0	0.0	0.0
58497	PRUNE1	0.0	0.0	0.0	0.0	0.0
58495	OVOL2	0.0	0.0	0.0	0.0	0.0
58488	PCTP	0.0	0.0	0.0	0.0	0.0
58487	CREBZF	0.0	0.0	0.0	0.0	0.0
750	GAS8-AS1	0.0	0.0	0.0	0.0	0.0
747	DAGLA	0.0	0.0	0.0	0.0	0.0
745	MYRF	0.0	0.0	0.0	0.0	0.0
744	MPPED2	0.0	0.0	0.0	0.0	0.0
741	ZNHIT2	0.0	0.0	0.0	0.0	0.0
740	MRPL49	0.0	0.0	0.0	0.0	0.0
738	VPS51	0.0	0.0	0.0	0.0	0.0
733	C8G	0.0	0.0	0.0	0.0	0.0
730	C7	0.0	0.0	0.0	0.0	0.0
729	C6	0.0	0.0	0.0	0.0	0.0
728	C5AR1	0.0	0.0	0.0	0.0	0.0
727	C5	0.0	0.0	0.0	0.0	0.0
726	CAPN5	0.0	0.0	0.0	0.0	0.0
719	C3AR1	0.0	0.0	0.0	0.0	0.0
59339	PLEKHA2	0.0	0.0	0.0	0.0	0.0
59307	SIGIRR	0.0	0.0	0.0	0.0	0.0
60490	PPCDC	0.0	0.0	0.0	0.0	0.0
60488	MRPS35	0.0	0.0	0.0	0.0	0.0
60487	TRMT11	0.0	0.0	0.0	0.0	0.0
60485	SAV1	0.0	0.0	0.0	0.0	0.0
60481	ELOVL5	0.0	0.0	0.0	0.0	0.0
60436	TGIF2	0.0	0.0	0.0	0.0	0.0
60401	EDA2R	0.0	0.0	0.0	0.0	0.0
60343	FAM3A	0.0	0.0	0.0	0.0	0.0
60314	MYG1	0.0	0.0	0.0	0.0	0.0
60313	GPBP1L1	0.0	0.0	0.0	0.0	0.0
60312	AFAP1	0.0	0.0	0.0	0.0	0.0
59349	KLHL12	0.0	0.0	0.0	0.0	0.0
59348	ZNF350	0.0	0.0	0.0	0.0	0.0
59343	SENP2	0.0	0.0	0.0	0.0	0.0
59342	SCPEP1	0.0	0.0	0.0	0.0	0.0
752	FMNL1	0.0	0.0	0.0	0.0	0.0
708	C1QBP	0.0	0.0	0.0	0.0	0.0
706	TSPO	0.0	0.0	0.0	0.0	0.0
699	BUB1	0.0	0.0	0.0	0.0	0.0
695	BTK	0.0	0.0	0.0	0.0	0.0
694	BTG1	0.0	0.0	0.0	0.0	0.0
688	KLF5	0.0	0.0	0.0	0.0	0.0
687	KLF9	0.0	0.0	0.0	0.0	0.0
60560	NAA35	0.0	0.0	0.0	0.0	0.0
60559	SPCS3	0.0	0.0	0.0	0.0	0.0
60529	ALX4	0.0	0.0	0.0	0.0	0.0
60526	LDAH	0.0	0.0	0.0	0.0	0.0
60509	AGBL5	0.0	0.0	0.0	0.0	0.0
60496	AASDHPPT	0.0	0.0	0.0	0.0	0.0
60494	CCDC81	0.0	0.0	0.0	0.0	0.0
60492	CCDC90B	0.0	0.0	0.0	0.0	0.0
60491	NIF3L1	0.0	0.0	0.0	0.0	0.0
63891	RNF123	0.0	0.0	0.0	0.0	0.0
63877	FAM204A	0.0	0.0	0.0	0.0	0.0
63876	PKNOX2	0.0	0.0	0.0	0.0	0.0
63875	MRPL17	0.0	0.0	0.0	0.0	0.0
63874	ABHD4	0.0	0.0	0.0	0.0	0.0
63827	BCAN	0.0	0.0	0.0	0.0	0.0
63035	BCORL1	0.0	0.0	0.0	0.0	0.0
60686	C14orf93	0.0	0.0	0.0	0.0	0.0
60685	ZFAND3	0.0	0.0	0.0	0.0	0.0
60684	TRAPPC11	0.0	0.0	0.0	0.0	0.0
60673	ATG101	0.0	0.0	0.0	0.0	0.0
60672	MIIP	0.0	0.0	0.0	0.0	0.0
60625	DHX35	0.0	0.0	0.0	0.0	0.0
60598	KCNK15	0.0	0.0	0.0	0.0	0.0
60561	RINT1	0.0	0.0	0.0	0.0	0.0
715	C1R	0.0	0.0	0.0	0.0	0.0
63933	MCUR1	0.0	0.0	0.0	0.0	0.0
63932	STEEP1	0.0	0.0	0.0	0.0	0.0
63931	MRPS14	0.0	0.0	0.0	0.0	0.0
63926	ANKEF1	0.0	0.0	0.0	0.0	0.0
63925	ZNF335	0.0	0.0	0.0	0.0	0.0
63924	CIDEC	0.0	0.0	0.0	0.0	0.0
63923	TNN	0.0	0.0	0.0	0.0	0.0
63920	ZBED8	0.0	0.0	0.0	0.0	0.0
63917	GALNT11	0.0	0.0	0.0	0.0	0.0
63916	ELMO2	0.0	0.0	0.0	0.0	0.0
63901	FAM111A	0.0	0.0	0.0	0.0	0.0
63899	NSUN3	0.0	0.0	0.0	0.0	0.0
63898	SH2D4A	0.0	0.0	0.0	0.0	0.0
63897	HEATR6	0.0	0.0	0.0	0.0	0.0
63895	PIEZO2	0.0	0.0	0.0	0.0	0.0
63893	UBE2O	0.0	0.0	0.0	0.0	0.0
64097	EPB41L4A	0.0	0.0	0.0	0.0	0.0
64092	SAMSN1	0.0	0.0	0.0	0.0	0.0
64091	POPDC2	0.0	0.0	0.0	0.0	0.0
64089	SNX16	0.0	0.0	0.0	0.0	0.0
64087	MCCC2	0.0	0.0	0.0	0.0	0.0
64084	CLSTN2	0.0	0.0	0.0	0.0	0.0
64083	GOLPH3	0.0	0.0	0.0	0.0	0.0
64081	PBLD	0.0	0.0	0.0	0.0	0.0
64067	NPAS3	0.0	0.0	0.0	0.0	0.0
64065	PERP	0.0	0.0	0.0	0.0	0.0
64063	PRSS22	0.0	0.0	0.0	0.0	0.0
64062	RBM26	0.0	0.0	0.0	0.0	0.0
64061	TSPYL2	0.0	0.0	0.0	0.0	0.0
63976	PRDM16	0.0	0.0	0.0	0.0	0.0
63941	NECAB3	0.0	0.0	0.0	0.0	0.0
63940	GPSM3	0.0	0.0	0.0	0.0	0.0
685	BTC	0.0	0.0	0.0	0.0	0.0
683	BST1	0.0	0.0	0.0	0.0	0.0
682	BSG	0.0	0.0	0.0	0.0	0.0
678	ZFP36L2	0.0	0.0	0.0	0.0	0.0
677	ZFP36L1	0.0	0.0	0.0	0.0	0.0
675	BRCA2	0.0	0.0	0.0	0.0	0.0
672	BRCA1	0.0	0.0	0.0	0.0	0.0
670	BPHL	0.0	0.0	0.0	0.0	0.0
669	BPGM	0.0	0.0	0.0	0.0	0.0
665	BNIP3L	0.0	0.0	0.0	0.0	0.0
664	BNIP3	0.0	0.0	0.0	0.0	0.0
663	BNIP2	0.0	0.0	0.0	0.0	0.0
662	BNIP1	0.0	0.0	0.0	0.0	0.0
661	POLR3D	0.0	0.0	0.0	0.0	0.0
660	BMX	0.0	0.0	0.0	0.0	0.0
64110	MAGEF1	0.0	0.0	0.0	0.0	0.0
64175	P3H1	0.0	0.0	0.0	0.0	0.0
64174	DPEP2	0.0	0.0	0.0	0.0	0.0
64172	OSGEPL1	0.0	0.0	0.0	0.0	0.0
64167	ERAP2	0.0	0.0	0.0	0.0	0.0
64151	NCAPG	0.0	0.0	0.0	0.0	0.0
64149	C17orf75	0.0	0.0	0.0	0.0	0.0
64135	IFIH1	0.0	0.0	0.0	0.0	0.0
64132	XYLT2	0.0	0.0	0.0	0.0	0.0
64131	XYLT1	0.0	0.0	0.0	0.0	0.0
64130	LIN7B	0.0	0.0	0.0	0.0	0.0
64129	TINAGL1	0.0	0.0	0.0	0.0	0.0
64127	NOD2	0.0	0.0	0.0	0.0	0.0
64123	ADGRL4	0.0	0.0	0.0	0.0	0.0
64121	RRAGC	0.0	0.0	0.0	0.0	0.0
64116	SLC39A8	0.0	0.0	0.0	0.0	0.0
64112	MOAP1	0.0	0.0	0.0	0.0	0.0
64328	XPO4	0.0	0.0	0.0	0.0	0.0
64324	NSD1	0.0	0.0	0.0	0.0	0.0
64321	SOX17	0.0	0.0	0.0	0.0	0.0
64320	RNF25	0.0	0.0	0.0	0.0	0.0
64319	FBRS	0.0	0.0	0.0	0.0	0.0
64318	NOC3L	0.0	0.0	0.0	0.0	0.0
64288	ZSCAN31	0.0	0.0	0.0	0.0	0.0
64284	RAB17	0.0	0.0	0.0	0.0	0.0
64283	ARHGEF28	0.0	0.0	0.0	0.0	0.0
64223	MLST8	0.0	0.0	0.0	0.0	0.0
64222	TOR3A	0.0	0.0	0.0	0.0	0.0
64221	ROBO3	0.0	0.0	0.0	0.0	0.0
64218	SEMA4A	0.0	0.0	0.0	0.0	0.0
64216	TFB2M	0.0	0.0	0.0	0.0	0.0
64215	DNAJC1	0.0	0.0	0.0	0.0	0.0
64210	MMS19	0.0	0.0	0.0	0.0	0.0
64388	GREM2	0.0	0.0	0.0	0.0	0.0
659	BMPR2	0.0	0.0	0.0	0.0	0.0
657	BMPR1A	0.0	0.0	0.0	0.0	0.0
655	BMP7	0.0	0.0	0.0	0.0	0.0
654	BMP6	0.0	0.0	0.0	0.0	0.0
653	BMP5	0.0	0.0	0.0	0.0	0.0
652	BMP4	0.0	0.0	0.0	0.0	0.0
649	BMP1	0.0	0.0	0.0	0.0	0.0
645	BLVRB	0.0	0.0	0.0	0.0	0.0
642	BLMH	0.0	0.0	0.0	0.0	0.0
641	BLM	0.0	0.0	0.0	0.0	0.0
640	BLK	0.0	0.0	0.0	0.0	0.0
64386	MMP25	0.0	0.0	0.0	0.0	0.0
64374	SIL1	0.0	0.0	0.0	0.0	0.0
64343	AZI2	0.0	0.0	0.0	0.0	0.0
64342	HS1BP3	0.0	0.0	0.0	0.0	0.0
64431	ACTR6	0.0	0.0	0.0	0.0	0.0
64429	ZDHHC6	0.0	0.0	0.0	0.0	0.0
64428	CIAO3	0.0	0.0	0.0	0.0	0.0
64427	TTC31	0.0	0.0	0.0	0.0	0.0
64425	POLR1E	0.0	0.0	0.0	0.0	0.0
64423	INF2	0.0	0.0	0.0	0.0	0.0
64421	DCLRE1C	0.0	0.0	0.0	0.0	0.0
64419	MTMR14	0.0	0.0	0.0	0.0	0.0
64418	TMEM168	0.0	0.0	0.0	0.0	0.0
64417	TMEM267	0.0	0.0	0.0	0.0	0.0
64411	ARAP3	0.0	0.0	0.0	0.0	0.0
64410	KLHL25	0.0	0.0	0.0	0.0	0.0
64405	CDH22	0.0	0.0	0.0	0.0	0.0
64400	AKTIP	0.0	0.0	0.0	0.0	0.0
64398	PALS1	0.0	0.0	0.0	0.0	0.0
64397	ZNF106	0.0	0.0	0.0	0.0	0.0
64754	SMYD3	0.0	0.0	0.0	0.0	0.0
64750	SMURF2	0.0	0.0	0.0	0.0	0.0
64748	PLPPR2	0.0	0.0	0.0	0.0	0.0
64746	ACBD3	0.0	0.0	0.0	0.0	0.0
64745	METTL17	0.0	0.0	0.0	0.0	0.0
64743	WDR13	0.0	0.0	0.0	0.0	0.0
64718	UNKL	0.0	0.0	0.0	0.0	0.0
64710	NUCKS1	0.0	0.0	0.0	0.0	0.0
64708	COPS7B	0.0	0.0	0.0	0.0	0.0
64699	TMPRSS3	0.0	0.0	0.0	0.0	0.0
64689	GORASP1	0.0	0.0	0.0	0.0	0.0
64641	EBF2	0.0	0.0	0.0	0.0	0.0
64601	VPS16	0.0	0.0	0.0	0.0	0.0
64582	GPR135	0.0	0.0	0.0	0.0	0.0
64577	ALDH8A1	0.0	0.0	0.0	0.0	0.0
64506	CPEB1	0.0	0.0	0.0	0.0	0.0
64782	AEN	0.0	0.0	0.0	0.0	0.0
64781	CERK	0.0	0.0	0.0	0.0	0.0
64780	MICAL1	0.0	0.0	0.0	0.0	0.0
64779	MTHFSD	0.0	0.0	0.0	0.0	0.0
64777	RMND5B	0.0	0.0	0.0	0.0	0.0
64771	ILRUN	0.0	0.0	0.0	0.0	0.0
64768	IPPK	0.0	0.0	0.0	0.0	0.0
64766	S100PBP	0.0	0.0	0.0	0.0	0.0
64764	CREB3L2	0.0	0.0	0.0	0.0	0.0
64763	ZNF574	0.0	0.0	0.0	0.0	0.0
64762	GAREM1	0.0	0.0	0.0	0.0	0.0
64761	PARP12	0.0	0.0	0.0	0.0	0.0
64760	FHIP2B	0.0	0.0	0.0	0.0	0.0
64759	TNS3	0.0	0.0	0.0	0.0	0.0
64757	MTARC1	0.0	0.0	0.0	0.0	0.0
64755	RUSF1	0.0	0.0	0.0	0.0	0.0
64844	MARCHF7	0.0	0.0	0.0	0.0	0.0
64840	PORCN	0.0	0.0	0.0	0.0	0.0
64838	FNDC4	0.0	0.0	0.0	0.0	0.0
64837	KLC2	0.0	0.0	0.0	0.0	0.0
64800	EFCAB6	0.0	0.0	0.0	0.0	0.0
64799	IQCH	0.0	0.0	0.0	0.0	0.0
64798	DEPTOR	0.0	0.0	0.0	0.0	0.0
64794	DDX31	0.0	0.0	0.0	0.0	0.0
64793	CEP85	0.0	0.0	0.0	0.0	0.0
64792	IFT22	0.0	0.0	0.0	0.0	0.0
64789	EXO5	0.0	0.0	0.0	0.0	0.0
64788	LMF1	0.0	0.0	0.0	0.0	0.0
64787	EPS8L2	0.0	0.0	0.0	0.0	0.0
64786	TBC1D15	0.0	0.0	0.0	0.0	0.0
64784	CRTC3	0.0	0.0	0.0	0.0	0.0
64783	RBM15	0.0	0.0	0.0	0.0	0.0
638	BIK	0.0	0.0	0.0	0.0	0.0
637	BID	0.0	0.0	0.0	0.0	0.0
635	BHMT	0.0	0.0	0.0	0.0	0.0
634	CEACAM1	0.0	0.0	0.0	0.0	0.0
633	BGN	0.0	0.0	0.0	0.0	0.0
631	BFSP1	0.0	0.0	0.0	0.0	0.0
629	CFB	0.0	0.0	0.0	0.0	0.0
627	BDNF	0.0	0.0	0.0	0.0	0.0
622	BDH1	0.0	0.0	0.0	0.0	0.0
617	BCS1L	0.0	0.0	0.0	0.0	0.0
613	BCR	0.0	0.0	0.0	0.0	0.0
610	HCN2	0.0	0.0	0.0	0.0	0.0
64852	TUT1	0.0	0.0	0.0	0.0	0.0
64849	SLC13A3	0.0	0.0	0.0	0.0	0.0
64848	YTHDC2	0.0	0.0	0.0	0.0	0.0
64847	SPATA20	0.0	0.0	0.0	0.0	0.0
64943	NT5DC2	0.0	0.0	0.0	0.0	0.0
64940	STAG3L4	0.0	0.0	0.0	0.0	0.0
64927	TTC23	0.0	0.0	0.0	0.0	0.0
64924	SLC30A5	0.0	0.0	0.0	0.0	0.0
64922	LRRC19	0.0	0.0	0.0	0.0	0.0
64921	CASD1	0.0	0.0	0.0	0.0	0.0
64919	BCL11B	0.0	0.0	0.0	0.0	0.0
64901	RANBP17	0.0	0.0	0.0	0.0	0.0
64897	C12orf43	0.0	0.0	0.0	0.0	0.0
64895	PAPOLG	0.0	0.0	0.0	0.0	0.0
64863	METTL4	0.0	0.0	0.0	0.0	0.0
64860	ARMCX5	0.0	0.0	0.0	0.0	0.0
64859	NABP1	0.0	0.0	0.0	0.0	0.0
64858	DCLRE1B	0.0	0.0	0.0	0.0	0.0
64856	VWA1	0.0	0.0	0.0	0.0	0.0
64854	USP46	0.0	0.0	0.0	0.0	0.0
65095	KRI1	0.0	0.0	0.0	0.0	0.0
65094	JMJD4	0.0	0.0	0.0	0.0	0.0
65084	TMEM135	0.0	0.0	0.0	0.0	0.0
65083	NOL6	0.0	0.0	0.0	0.0	0.0
65082	VPS33A	0.0	0.0	0.0	0.0	0.0
65080	MRPL44	0.0	0.0	0.0	0.0	0.0
65057	ACD	0.0	0.0	0.0	0.0	0.0
65055	REEP1	0.0	0.0	0.0	0.0	0.0
65018	PINK1	0.0	0.0	0.0	0.0	0.0
65012	SLC26A10P	0.0	0.0	0.0	0.0	0.0
65009	NDRG4	0.0	0.0	0.0	0.0	0.0
65005	MRPL9	0.0	0.0	0.0	0.0	0.0
64981	MRPL34	0.0	0.0	0.0	0.0	0.0
64976	MRPL40	0.0	0.0	0.0	0.0	0.0
64963	MRPS11	0.0	0.0	0.0	0.0	0.0
64960	MRPS15	0.0	0.0	0.0	0.0	0.0
65980	BRD9	0.0	0.0	0.0	0.0	0.0
65979	PHACTR4	0.0	0.0	0.0	0.0	0.0
65265	C8orf33	0.0	0.0	0.0	0.0	0.0
65264	UBE2Z	0.0	0.0	0.0	0.0	0.0
65263	PYCR3	0.0	0.0	0.0	0.0	0.0
65260	COA7	0.0	0.0	0.0	0.0	0.0
65258	MPPE1	0.0	0.0	0.0	0.0	0.0
65250	CPLANE1	0.0	0.0	0.0	0.0	0.0
65243	ZFP69B	0.0	0.0	0.0	0.0	0.0
65220	NADK	0.0	0.0	0.0	0.0	0.0
65125	WNK1	0.0	0.0	0.0	0.0	0.0
65124	SOWAHC	0.0	0.0	0.0	0.0	0.0
65123	INTS3	0.0	0.0	0.0	0.0	0.0
65117	RSRC2	0.0	0.0	0.0	0.0	0.0
65110	UPF3A	0.0	0.0	0.0	0.0	0.0
65109	UPF3B	0.0	0.0	0.0	0.0	0.0
66036	MTMR9	0.0	0.0	0.0	0.0	0.0
66035	SLC2A11	0.0	0.0	0.0	0.0	0.0
66008	TRAK2	0.0	0.0	0.0	0.0	0.0
65999	LRRC61	0.0	0.0	0.0	0.0	0.0
65998	ZFTA	0.0	0.0	0.0	0.0	0.0
65997	RASL11B	0.0	0.0	0.0	0.0	0.0
65996	CENPBD2P	0.0	0.0	0.0	0.0	0.0
65993	MRPS34	0.0	0.0	0.0	0.0	0.0
65992	DDRGK1	0.0	0.0	0.0	0.0	0.0
65990	ANTKMT	0.0	0.0	0.0	0.0	0.0
65989	DLK2	0.0	0.0	0.0	0.0	0.0
65986	ZBTB10	0.0	0.0	0.0	0.0	0.0
65985	AACS	0.0	0.0	0.0	0.0	0.0
65983	GRAMD2B	0.0	0.0	0.0	0.0	0.0
65982	ZSCAN18	0.0	0.0	0.0	0.0	0.0
65981	CAPRIN2	0.0	0.0	0.0	0.0	0.0
79018	GID4	0.0	0.0	0.0	0.0	0.0
79017	GGCT	0.0	0.0	0.0	0.0	0.0
79016	DDA1	0.0	0.0	0.0	0.0	0.0
79009	DDX50	0.0	0.0	0.0	0.0	0.0
79007	DBNDD1	0.0	0.0	0.0	0.0	0.0
79006	METRN	0.0	0.0	0.0	0.0	0.0
79004	CUEDC2	0.0	0.0	0.0	0.0	0.0
79003	MIS12	0.0	0.0	0.0	0.0	0.0
79001	VKORC1	0.0	0.0	0.0	0.0	0.0
78999	LRFN4	0.0	0.0	0.0	0.0	0.0
78994	PRR14	0.0	0.0	0.0	0.0	0.0
78991	PCYOX1L	0.0	0.0	0.0	0.0	0.0
78990	OTUB2	0.0	0.0	0.0	0.0	0.0
78989	COLEC11	0.0	0.0	0.0	0.0	0.0
78988	MRPL57	0.0	0.0	0.0	0.0	0.0
78987	CRELD1	0.0	0.0	0.0	0.0	0.0
79033	ERI3	0.0	0.0	0.0	0.0	0.0
608	TNFRSF17	0.0	0.0	0.0	0.0	0.0
605	BCL7A	0.0	0.0	0.0	0.0	0.0
604	BCL6	0.0	0.0	0.0	0.0	0.0
599	BCL2L2	0.0	0.0	0.0	0.0	0.0
598	BCL2L1	0.0	0.0	0.0	0.0	0.0
595	CCND1	0.0	0.0	0.0	0.0	0.0
594	BCKDHB	0.0	0.0	0.0	0.0	0.0
590	BCHE	0.0	0.0	0.0	0.0	0.0
587	BCAT2	0.0	0.0	0.0	0.0	0.0
585	BBS4	0.0	0.0	0.0	0.0	0.0
582	BBS1	0.0	0.0	0.0	0.0	0.0
581	BAX	0.0	0.0	0.0	0.0	0.0
79029	AFG2B	0.0	0.0	0.0	0.0	0.0
79024	SMIM2	0.0	0.0	0.0	0.0	0.0
79022	TMEM106C	0.0	0.0	0.0	0.0	0.0
79072	FASTKD3	0.0	0.0	0.0	0.0	0.0
79071	ELOVL6	0.0	0.0	0.0	0.0	0.0
79068	FTO	0.0	0.0	0.0	0.0	0.0
79065	ATG9A	0.0	0.0	0.0	0.0	0.0
79064	TMEM223	0.0	0.0	0.0	0.0	0.0
79058	ASPSCR1	0.0	0.0	0.0	0.0	0.0
79056	PRRG4	0.0	0.0	0.0	0.0	0.0
79053	ALG8	0.0	0.0	0.0	0.0	0.0
79048	SECISBP2	0.0	0.0	0.0	0.0	0.0
79042	TSEN34	0.0	0.0	0.0	0.0	0.0
79039	DDX54	0.0	0.0	0.0	0.0	0.0
79038	ZFYVE21	0.0	0.0	0.0	0.0	0.0
79037	PVRIG	0.0	0.0	0.0	0.0	0.0
79036	KXD1	0.0	0.0	0.0	0.0	0.0
79035	NABP2	0.0	0.0	0.0	0.0	0.0
79034	INTS15	0.0	0.0	0.0	0.0	0.0
79133	NDUFAF5	0.0	0.0	0.0	0.0	0.0
79132	DHX58	0.0	0.0	0.0	0.0	0.0
79109	MAPKAP1	0.0	0.0	0.0	0.0	0.0
79098	C1orf116	0.0	0.0	0.0	0.0	0.0
79096	CSTPP1	0.0	0.0	0.0	0.0	0.0
79095	BBLN	0.0	0.0	0.0	0.0	0.0
79091	METTL22	0.0	0.0	0.0	0.0	0.0
79090	TRAPPC6A	0.0	0.0	0.0	0.0	0.0
79089	TMUB2	0.0	0.0	0.0	0.0	0.0
79088	ZNF426	0.0	0.0	0.0	0.0	0.0
79086	SMIM7	0.0	0.0	0.0	0.0	0.0
79084	WDR77	0.0	0.0	0.0	0.0	0.0
79083	MLPH	0.0	0.0	0.0	0.0	0.0
79080	CCDC86	0.0	0.0	0.0	0.0	0.0
79077	DCTPP1	0.0	0.0	0.0	0.0	0.0
79074	TSLIG2	0.0	0.0	0.0	0.0	0.0
79159	NOL12	0.0	0.0	0.0	0.0	0.0
79158	GNPTAB	0.0	0.0	0.0	0.0	0.0
79156	PLEKHF1	0.0	0.0	0.0	0.0	0.0
79155	TNIP2	0.0	0.0	0.0	0.0	0.0
79154	DHRS11	0.0	0.0	0.0	0.0	0.0
79153	GDPD3	0.0	0.0	0.0	0.0	0.0
79152	FA2H	0.0	0.0	0.0	0.0	0.0
79149	ZSCAN5A	0.0	0.0	0.0	0.0	0.0
79147	FKRP	0.0	0.0	0.0	0.0	0.0
79145	CHCHD7	0.0	0.0	0.0	0.0	0.0
79144	PPDPF	0.0	0.0	0.0	0.0	0.0
79143	MBOAT7	0.0	0.0	0.0	0.0	0.0
79140	CCDC28B	0.0	0.0	0.0	0.0	0.0
79139	DERL1	0.0	0.0	0.0	0.0	0.0
79137	RETREG2	0.0	0.0	0.0	0.0	0.0
79135	APOO	0.0	0.0	0.0	0.0	0.0
577	ADGRB3	0.0	0.0	0.0	0.0	0.0
576	ADGRB2	0.0	0.0	0.0	0.0	0.0
575	ADGRB1	0.0	0.0	0.0	0.0	0.0
573	BAG1	0.0	0.0	0.0	0.0	0.0
572	BAD	0.0	0.0	0.0	0.0	0.0
567	B2M	0.0	0.0	0.0	0.0	0.0
563	AZGP1	0.0	0.0	0.0	0.0	0.0
554	AVPR2	0.0	0.0	0.0	0.0	0.0
553	AVPR1B	0.0	0.0	0.0	0.0	0.0
552	AVPR1A	0.0	0.0	0.0	0.0	0.0
550	AUP1	0.0	0.0	0.0	0.0	0.0
549	AUH	0.0	0.0	0.0	0.0	0.0
547	KIF1A	0.0	0.0	0.0	0.0	0.0
546	ATRX	0.0	0.0	0.0	0.0	0.0
79170	PRR15L	0.0	0.0	0.0	0.0	0.0
79169	C1orf35	0.0	0.0	0.0	0.0	0.0
79369	B3GNT4	0.0	0.0	0.0	0.0	0.0
79368	FCRL2	0.0	0.0	0.0	0.0	0.0
79366	HMGN5	0.0	0.0	0.0	0.0	0.0
79363	CPLANE2	0.0	0.0	0.0	0.0	0.0
79269	DCAF10	0.0	0.0	0.0	0.0	0.0
79230	ZNF557	0.0	0.0	0.0	0.0	0.0
79228	THOC6	0.0	0.0	0.0	0.0	0.0
79188	TMEM43	0.0	0.0	0.0	0.0	0.0
79184	BRCC3	0.0	0.0	0.0	0.0	0.0
79183	TTPAL	0.0	0.0	0.0	0.0	0.0
79180	EFHD2	0.0	0.0	0.0	0.0	0.0
79178	THTPA	0.0	0.0	0.0	0.0	0.0
79177	ZNF576	0.0	0.0	0.0	0.0	0.0
79176	FBXL15	0.0	0.0	0.0	0.0	0.0
79175	ZNF343	0.0	0.0	0.0	0.0	0.0
79174	CRELD2	0.0	0.0	0.0	0.0	0.0
79574	EPS8L3	0.0	0.0	0.0	0.0	0.0
79573	TTC13	0.0	0.0	0.0	0.0	0.0
79572	ATP13A3	0.0	0.0	0.0	0.0	0.0
79571	GCC1	0.0	0.0	0.0	0.0	0.0
79568	MAIP1	0.0	0.0	0.0	0.0	0.0
79567	RIPOR1	0.0	0.0	0.0	0.0	0.0
79447	PAGR1	0.0	0.0	0.0	0.0	0.0
79446	WDR25	0.0	0.0	0.0	0.0	0.0
79444	BIRC7	0.0	0.0	0.0	0.0	0.0
79443	FYCO1	0.0	0.0	0.0	0.0	0.0
79442	LRRC2	0.0	0.0	0.0	0.0	0.0
79415	CYBC1	0.0	0.0	0.0	0.0	0.0
79414	LRFN3	0.0	0.0	0.0	0.0	0.0
79413	ZBED2	0.0	0.0	0.0	0.0	0.0
79411	GLB1L	0.0	0.0	0.0	0.0	0.0
79370	BCL2L14	0.0	0.0	0.0	0.0	0.0
79603	CERS4	0.0	0.0	0.0	0.0	0.0
79602	ADIPOR2	0.0	0.0	0.0	0.0	0.0
79600	TCTN1	0.0	0.0	0.0	0.0	0.0
79598	CEP97	0.0	0.0	0.0	0.0	0.0
79595	SAP130	0.0	0.0	0.0	0.0	0.0
79594	MUL1	0.0	0.0	0.0	0.0	0.0
79591	ARMH3	0.0	0.0	0.0	0.0	0.0
79590	MRPL24	0.0	0.0	0.0	0.0	0.0
79589	RNF128	0.0	0.0	0.0	0.0	0.0
79587	CARS2	0.0	0.0	0.0	0.0	0.0
79586	CHPF	0.0	0.0	0.0	0.0	0.0
79585	CORO7	0.0	0.0	0.0	0.0	0.0
79582	SPAG16	0.0	0.0	0.0	0.0	0.0
79581	SLC52A2	0.0	0.0	0.0	0.0	0.0
79577	CDC73	0.0	0.0	0.0	0.0	0.0
79575	ABHD8	0.0	0.0	0.0	0.0	0.0
79637	ARMC7	0.0	0.0	0.0	0.0	0.0
79635	CCDC121	0.0	0.0	0.0	0.0	0.0
79633	FAT4	0.0	0.0	0.0	0.0	0.0
79630	C1orf54	0.0	0.0	0.0	0.0	0.0
79625	NDNF	0.0	0.0	0.0	0.0	0.0
79624	DCPH1	0.0	0.0	0.0	0.0	0.0
79623	GALNT14	0.0	0.0	0.0	0.0	0.0
79622	SNRNP25	0.0	0.0	0.0	0.0	0.0
79621	RNASEH2B	0.0	0.0	0.0	0.0	0.0
79618	HMBOX1	0.0	0.0	0.0	0.0	0.0
79616	CCNJL	0.0	0.0	0.0	0.0	0.0
79612	NAA16	0.0	0.0	0.0	0.0	0.0
79611	ACSS3	0.0	0.0	0.0	0.0	0.0
79609	VCPKMT	0.0	0.0	0.0	0.0	0.0
79608	RIC3	0.0	0.0	0.0	0.0	0.0
79605	PGBD5	0.0	0.0	0.0	0.0	0.0
540	ATP7B	0.0	0.0	0.0	0.0	0.0
538	ATP7A	0.0	0.0	0.0	0.0	0.0
537	ATP6AP1	0.0	0.0	0.0	0.0	0.0
535	ATP6V0A1	0.0	0.0	0.0	0.0	0.0
533	ATP6V0B	0.0	0.0	0.0	0.0	0.0
529	ATP6V1E1	0.0	0.0	0.0	0.0	0.0
528	ATP6V1C1	0.0	0.0	0.0	0.0	0.0
527	ATP6V0C	0.0	0.0	0.0	0.0	0.0
526	ATP6V1B2	0.0	0.0	0.0	0.0	0.0
525	ATP6V1B1	0.0	0.0	0.0	0.0	0.0
523	ATP6V1A	0.0	0.0	0.0	0.0	0.0
521	ATP5ME	0.0	0.0	0.0	0.0	0.0
518	ATP5MC3	0.0	0.0	0.0	0.0	0.0
79643	CHMP6	0.0	0.0	0.0	0.0	0.0
79640	C22orf46P	0.0	0.0	0.0	0.0	0.0
79639	TMEM53	0.0	0.0	0.0	0.0	0.0
79667	KLF3-AS1	0.0	0.0	0.0	0.0	0.0
79666	PLEKHF2	0.0	0.0	0.0	0.0	0.0
79665	DHX40	0.0	0.0	0.0	0.0	0.0
79664	ICE2	0.0	0.0	0.0	0.0	0.0
79659	DYNC2H1	0.0	0.0	0.0	0.0	0.0
79658	ARHGAP10	0.0	0.0	0.0	0.0	0.0
79656	BEND5	0.0	0.0	0.0	0.0	0.0
79654	HECTD3	0.0	0.0	0.0	0.0	0.0
79652	TMEM204	0.0	0.0	0.0	0.0	0.0
79651	RHBDF2	0.0	0.0	0.0	0.0	0.0
79650	USB1	0.0	0.0	0.0	0.0	0.0
79648	MCPH1	0.0	0.0	0.0	0.0	0.0
79647	AKIRIN1	0.0	0.0	0.0	0.0	0.0
79646	PANK3	0.0	0.0	0.0	0.0	0.0
79644	SRD5A3	0.0	0.0	0.0	0.0	0.0
545	ATR	0.0	0.0	0.0	0.0	0.0
79695	GALNT12	0.0	0.0	0.0	0.0	0.0
79694	MANEA	0.0	0.0	0.0	0.0	0.0
79693	YRDC	0.0	0.0	0.0	0.0	0.0
79690	GAL3ST4	0.0	0.0	0.0	0.0	0.0
79689	STEAP4	0.0	0.0	0.0	0.0	0.0
79685	SAP30L	0.0	0.0	0.0	0.0	0.0
79684	MSANTD2	0.0	0.0	0.0	0.0	0.0
79683	ZDHHC14	0.0	0.0	0.0	0.0	0.0
79679	VTCN1	0.0	0.0	0.0	0.0	0.0
79676	OGFOD2	0.0	0.0	0.0	0.0	0.0
79675	FASTKD1	0.0	0.0	0.0	0.0	0.0
79673	ZNF329	0.0	0.0	0.0	0.0	0.0
79672	FN3KRP	0.0	0.0	0.0	0.0	0.0
79671	NLRX1	0.0	0.0	0.0	0.0	0.0
79670	TUT7	0.0	0.0	0.0	0.0	0.0
79669	C3orf52	0.0	0.0	0.0	0.0	0.0
79723	SUV39H2	0.0	0.0	0.0	0.0	0.0
79722	ANKRD55	0.0	0.0	0.0	0.0	0.0
79720	VPS37B	0.0	0.0	0.0	0.0	0.0
79718	TBL1XR1	0.0	0.0	0.0	0.0	0.0
79717	PPCS	0.0	0.0	0.0	0.0	0.0
79714	CCDC51	0.0	0.0	0.0	0.0	0.0
79713	IGFLR1	0.0	0.0	0.0	0.0	0.0
79712	QTMAN	0.0	0.0	0.0	0.0	0.0
79711	IPO4	0.0	0.0	0.0	0.0	0.0
79710	MORC4	0.0	0.0	0.0	0.0	0.0
79709	COLGALT1	0.0	0.0	0.0	0.0	0.0
79707	NOL9	0.0	0.0	0.0	0.0	0.0
79705	LRRK1	0.0	0.0	0.0	0.0	0.0
79703	TOP6BL	0.0	0.0	0.0	0.0	0.0
79701	OGFOD3	0.0	0.0	0.0	0.0	0.0
79697	RIOX1	0.0	0.0	0.0	0.0	0.0
79754	ASB13	0.0	0.0	0.0	0.0	0.0
79753	SNIP1	0.0	0.0	0.0	0.0	0.0
79752	ZFAND1	0.0	0.0	0.0	0.0	0.0
79751	SLC25A22	0.0	0.0	0.0	0.0	0.0
79746	ECHDC3	0.0	0.0	0.0	0.0	0.0
79744	ZNF419	0.0	0.0	0.0	0.0	0.0
79742	DIPK2B	0.0	0.0	0.0	0.0	0.0
79740	ZBBX	0.0	0.0	0.0	0.0	0.0
79739	TTLL7	0.0	0.0	0.0	0.0	0.0
79738	BBS10	0.0	0.0	0.0	0.0	0.0
79736	TEFM	0.0	0.0	0.0	0.0	0.0
79734	KCTD17	0.0	0.0	0.0	0.0	0.0
79733	E2F8	0.0	0.0	0.0	0.0	0.0
79731	NARS2	0.0	0.0	0.0	0.0	0.0
79728	PALB2	0.0	0.0	0.0	0.0	0.0
79725	THAP9	0.0	0.0	0.0	0.0	0.0
79786	KLHL36	0.0	0.0	0.0	0.0	0.0
79785	RERGL	0.0	0.0	0.0	0.0	0.0
79784	MYH14	0.0	0.0	0.0	0.0	0.0
79783	SUGCT	0.0	0.0	0.0	0.0	0.0
79781	DRC11	0.0	0.0	0.0	0.0	0.0
79776	ZFHX4	0.0	0.0	0.0	0.0	0.0
79774	GRTP1	0.0	0.0	0.0	0.0	0.0
79772	MCTP1	0.0	0.0	0.0	0.0	0.0
79770	TXNDC15	0.0	0.0	0.0	0.0	0.0
79768	KATNBL1	0.0	0.0	0.0	0.0	0.0
79767	ELMO3	0.0	0.0	0.0	0.0	0.0
79763	ISOC2	0.0	0.0	0.0	0.0	0.0
79762	C1orf115	0.0	0.0	0.0	0.0	0.0
79759	ZNF668	0.0	0.0	0.0	0.0	0.0
79758	DHRS12	0.0	0.0	0.0	0.0	0.0
79755	ZNF750	0.0	0.0	0.0	0.0	0.0
517	ATP5MC2	0.0	0.0	0.0	0.0	0.0
516	ATP5MC1	0.0	0.0	0.0	0.0	0.0
515	ATP5PB	0.0	0.0	0.0	0.0	0.0
513	ATP5F1D	0.0	0.0	0.0	0.0	0.0
509	ATP5F1C	0.0	0.0	0.0	0.0	0.0
506	ATP5F1B	0.0	0.0	0.0	0.0	0.0
501	ALDH7A1	0.0	0.0	0.0	0.0	0.0
498	ATP5F1A	0.0	0.0	0.0	0.0	0.0
492	ATP2B3	0.0	0.0	0.0	0.0	0.0
490	ATP2B1	0.0	0.0	0.0	0.0	0.0
489	ATP2A3	0.0	0.0	0.0	0.0	0.0
488	ATP2A2	0.0	0.0	0.0	0.0	0.0
487	ATP2A1	0.0	0.0	0.0	0.0	0.0
483	ATP1B3	0.0	0.0	0.0	0.0	0.0
79789	CLMN	0.0	0.0	0.0	0.0	0.0
79788	ZNF665	0.0	0.0	0.0	0.0	0.0
79819	DNAI4	0.0	0.0	0.0	0.0	0.0
79818	ZNF552	0.0	0.0	0.0	0.0	0.0
79817	MOB3B	0.0	0.0	0.0	0.0	0.0
79816	TLE6	0.0	0.0	0.0	0.0	0.0
79813	EHMT1	0.0	0.0	0.0	0.0	0.0
79812	MMRN2	0.0	0.0	0.0	0.0	0.0
79811	SLTM	0.0	0.0	0.0	0.0	0.0
79810	PTCD2	0.0	0.0	0.0	0.0	0.0
79803	HPS6	0.0	0.0	0.0	0.0	0.0
79801	SHCBP1	0.0	0.0	0.0	0.0	0.0
79800	CARF	0.0	0.0	0.0	0.0	0.0
79797	ZNF408	0.0	0.0	0.0	0.0	0.0
79796	ALG9	0.0	0.0	0.0	0.0	0.0
79794	SPRING1	0.0	0.0	0.0	0.0	0.0
79792	GSDMD	0.0	0.0	0.0	0.0	0.0
79791	FBXO31	0.0	0.0	0.0	0.0	0.0
79847	SLC68A1	0.0	0.0	0.0	0.0	0.0
79846	CFAP69	0.0	0.0	0.0	0.0	0.0
79845	RNF122	0.0	0.0	0.0	0.0	0.0
79843	FAM124B	0.0	0.0	0.0	0.0	0.0
79841	AGBL2	0.0	0.0	0.0	0.0	0.0
79839	CCDC102B	0.0	0.0	0.0	0.0	0.0
79837	PIP4K2C	0.0	0.0	0.0	0.0	0.0
79836	LONRF3	0.0	0.0	0.0	0.0	0.0
79834	PEAK1	0.0	0.0	0.0	0.0	0.0
79833	GEMIN6	0.0	0.0	0.0	0.0	0.0
79832	QSER1	0.0	0.0	0.0	0.0	0.0
79831	KDM8	0.0	0.0	0.0	0.0	0.0
79830	ZMYM1	0.0	0.0	0.0	0.0	0.0
79828	METTL8	0.0	0.0	0.0	0.0	0.0
79823	CAMKMT	0.0	0.0	0.0	0.0	0.0
79822	ARHGAP28	0.0	0.0	0.0	0.0	0.0
79873	NUDT18	0.0	0.0	0.0	0.0	0.0
79872	CBLL1	0.0	0.0	0.0	0.0	0.0
79871	RPAP2	0.0	0.0	0.0	0.0	0.0
79869	CPSF7	0.0	0.0	0.0	0.0	0.0
79868	ALG13	0.0	0.0	0.0	0.0	0.0
79867	TCTN2	0.0	0.0	0.0	0.0	0.0
79865	TREML2	0.0	0.0	0.0	0.0	0.0
79864	JHY	0.0	0.0	0.0	0.0	0.0
79863	RBFA	0.0	0.0	0.0	0.0	0.0
79862	ZNF669	0.0	0.0	0.0	0.0	0.0
79861	TUBAL3	0.0	0.0	0.0	0.0	0.0
79858	NEK11	0.0	0.0	0.0	0.0	0.0
79857	FLJ13224	0.0	0.0	0.0	0.0	0.0
79852	EPHX3	0.0	0.0	0.0	0.0	0.0
79849	NHERF4	0.0	0.0	0.0	0.0	0.0
79848	CSPP1	0.0	0.0	0.0	0.0	0.0
79894	ZNF672	0.0	0.0	0.0	0.0	0.0
79893	GGNBP2	0.0	0.0	0.0	0.0	0.0
79892	MCMBP	0.0	0.0	0.0	0.0	0.0
79891	ZNF671	0.0	0.0	0.0	0.0	0.0
79890	RIN3	0.0	0.0	0.0	0.0	0.0
79887	PLBD1	0.0	0.0	0.0	0.0	0.0
79886	CAAP1	0.0	0.0	0.0	0.0	0.0
79885	HDAC11	0.0	0.0	0.0	0.0	0.0
79884	MAP9	0.0	0.0	0.0	0.0	0.0
79883	PODNL1	0.0	0.0	0.0	0.0	0.0
79882	ZC3H14	0.0	0.0	0.0	0.0	0.0
79879	CCDC134	0.0	0.0	0.0	0.0	0.0
79877	DCAKD	0.0	0.0	0.0	0.0	0.0
79876	UBA5	0.0	0.0	0.0	0.0	0.0
79875	THSD4	0.0	0.0	0.0	0.0	0.0
79874	RABEP2	0.0	0.0	0.0	0.0	0.0
477	ATP1A2	0.0	0.0	0.0	0.0	0.0
476	ATP1A1	0.0	0.0	0.0	0.0	0.0
475	ATOX1	0.0	0.0	0.0	0.0	0.0
473	RERE	0.0	0.0	0.0	0.0	0.0
467	ATF3	0.0	0.0	0.0	0.0	0.0
466	ATF1	0.0	0.0	0.0	0.0	0.0
463	ZFHX3	0.0	0.0	0.0	0.0	0.0
462	SERPINC1	0.0	0.0	0.0	0.0	0.0
445	ASS1	0.0	0.0	0.0	0.0	0.0
444	ASPH	0.0	0.0	0.0	0.0	0.0
443	ASPA	0.0	0.0	0.0	0.0	0.0
79903	NAA60	0.0	0.0	0.0	0.0	0.0
79901	CYBRD1	0.0	0.0	0.0	0.0	0.0
79899	PRR5L	0.0	0.0	0.0	0.0	0.0
79896	THNSL1	0.0	0.0	0.0	0.0	0.0
79895	ATP8B4	0.0	0.0	0.0	0.0	0.0
79940	LINC00472	0.0	0.0	0.0	0.0	0.0
79939	SLC35E1	0.0	0.0	0.0	0.0	0.0
79935	CCNP	0.0	0.0	0.0	0.0	0.0
79933	SYNPO2L	0.0	0.0	0.0	0.0	0.0
79932	KIAA0319L	0.0	0.0	0.0	0.0	0.0
79930	DOK3	0.0	0.0	0.0	0.0	0.0
79924	ADM2	0.0	0.0	0.0	0.0	0.0
79921	TCEAL4	0.0	0.0	0.0	0.0	0.0
79919	MAB21L4	0.0	0.0	0.0	0.0	0.0
79918	SETD6	0.0	0.0	0.0	0.0	0.0
79917	MAGIX	0.0	0.0	0.0	0.0	0.0
79915	ATAD5	0.0	0.0	0.0	0.0	0.0
79913	ACTR5	0.0	0.0	0.0	0.0	0.0
79912	PYROXD1	0.0	0.0	0.0	0.0	0.0
481	ATP1B1	0.0	0.0	0.0	0.0	0.0
479	ATP12A	0.0	0.0	0.0	0.0	0.0
79970	ZNF767P	0.0	0.0	0.0	0.0	0.0
79968	WDR76	0.0	0.0	0.0	0.0	0.0
79962	DNAJC22	0.0	0.0	0.0	0.0	0.0
79961	DENND2D	0.0	0.0	0.0	0.0	0.0
79960	JADE1	0.0	0.0	0.0	0.0	0.0
79959	CEP76	0.0	0.0	0.0	0.0	0.0
79958	DENND1C	0.0	0.0	0.0	0.0	0.0
79957	PAQR6	0.0	0.0	0.0	0.0	0.0
79956	ERMP1	0.0	0.0	0.0	0.0	0.0
79955	PDZD7	0.0	0.0	0.0	0.0	0.0
79954	NOL10	0.0	0.0	0.0	0.0	0.0
79953	SYNDIG1	0.0	0.0	0.0	0.0	0.0
79948	PLPPR3	0.0	0.0	0.0	0.0	0.0
79947	DHDDS	0.0	0.0	0.0	0.0	0.0
79944	L2HGDH	0.0	0.0	0.0	0.0	0.0
79943	ZNF696	0.0	0.0	0.0	0.0	0.0
80008	TMEM156	0.0	0.0	0.0	0.0	0.0
80007	C10orf88	0.0	0.0	0.0	0.0	0.0
80006	TRAPPC13	0.0	0.0	0.0	0.0	0.0
80005	DOCK5	0.0	0.0	0.0	0.0	0.0
79991	STN1	0.0	0.0	0.0	0.0	0.0
79990	PLEKHH3	0.0	0.0	0.0	0.0	0.0
79989	IFT56	0.0	0.0	0.0	0.0	0.0
79987	SVEP1	0.0	0.0	0.0	0.0	0.0
79983	POF1B	0.0	0.0	0.0	0.0	0.0
79982	DNAJB14	0.0	0.0	0.0	0.0	0.0
79981	FRMD1	0.0	0.0	0.0	0.0	0.0
79980	DSN1	0.0	0.0	0.0	0.0	0.0
79977	GRHL2	0.0	0.0	0.0	0.0	0.0
79974	CPED1	0.0	0.0	0.0	0.0	0.0
79973	ZNF442	0.0	0.0	0.0	0.0	0.0
79971	WLS	0.0	0.0	0.0	0.0	0.0
80067	DCAF17	0.0	0.0	0.0	0.0	0.0
80055	PGAP1	0.0	0.0	0.0	0.0	0.0
80036	TRPM3	0.0	0.0	0.0	0.0	0.0
80035	ANP32A-IT1	0.0	0.0	0.0	0.0	0.0
80034	CSRNP3	0.0	0.0	0.0	0.0	0.0
80031	SEMA6D	0.0	0.0	0.0	0.0	0.0
80028	FBXL18	0.0	0.0	0.0	0.0	0.0
80025	PANK2	0.0	0.0	0.0	0.0	0.0
80024	SLC8B1	0.0	0.0	0.0	0.0	0.0
80023	NRSN2	0.0	0.0	0.0	0.0	0.0
80022	MYO15B	0.0	0.0	0.0	0.0	0.0
80021	TMEM62	0.0	0.0	0.0	0.0	0.0
80019	UBTD1	0.0	0.0	0.0	0.0	0.0
80017	DGLUCY	0.0	0.0	0.0	0.0	0.0
80011	PSME3IP1	0.0	0.0	0.0	0.0	0.0
80010	RMI1	0.0	0.0	0.0	0.0	0.0
80142	PTGES2	0.0	0.0	0.0	0.0	0.0
80135	RPF1	0.0	0.0	0.0	0.0	0.0
80133	MROH9	0.0	0.0	0.0	0.0	0.0
80131	LRRC8E	0.0	0.0	0.0	0.0	0.0
80129	CCDC170	0.0	0.0	0.0	0.0	0.0
80128	TRIM46	0.0	0.0	0.0	0.0	0.0
80127	BBOF1	0.0	0.0	0.0	0.0	0.0
80124	VCPIP1	0.0	0.0	0.0	0.0	0.0
80114	BICC1	0.0	0.0	0.0	0.0	0.0
80108	ZFP2	0.0	0.0	0.0	0.0	0.0
80095	ZNF606	0.0	0.0	0.0	0.0	0.0
80094	BIN3-IT1	0.0	0.0	0.0	0.0	0.0
80086	TUBA4B	0.0	0.0	0.0	0.0	0.0
80072	HEXA-AS1	0.0	0.0	0.0	0.0	0.0
80071	CCDC15	0.0	0.0	0.0	0.0	0.0
80069	LINC00574	0.0	0.0	0.0	0.0	0.0
80177	MYCT1	0.0	0.0	0.0	0.0	0.0
80176	SPSB1	0.0	0.0	0.0	0.0	0.0
80173	IFT74	0.0	0.0	0.0	0.0	0.0
80169	CTC1	0.0	0.0	0.0	0.0	0.0
80167	ABHD18	0.0	0.0	0.0	0.0	0.0
80164	PRR36	0.0	0.0	0.0	0.0	0.0
80162	PGGHG	0.0	0.0	0.0	0.0	0.0
80157	CWH43	0.0	0.0	0.0	0.0	0.0
80153	EDC3	0.0	0.0	0.0	0.0	0.0
80152	CENPT	0.0	0.0	0.0	0.0	0.0
80150	ASRGL1	0.0	0.0	0.0	0.0	0.0
80148	SLC66A2	0.0	0.0	0.0	0.0	0.0
80146	UXS1	0.0	0.0	0.0	0.0	0.0
80145	THOC7	0.0	0.0	0.0	0.0	0.0
80144	FRAS1	0.0	0.0	0.0	0.0	0.0
80143	SIKE1	0.0	0.0	0.0	0.0	0.0
435	ASL	0.0	0.0	0.0	0.0	0.0
433	ASGR2	0.0	0.0	0.0	0.0	0.0
430	ASCL2	0.0	0.0	0.0	0.0	0.0
427	ASAH1	0.0	0.0	0.0	0.0	0.0
421	ARVCF	0.0	0.0	0.0	0.0	0.0
420	ART4	0.0	0.0	0.0	0.0	0.0
415	ARSL	0.0	0.0	0.0	0.0	0.0
414	ARSD	0.0	0.0	0.0	0.0	0.0
412	STS	0.0	0.0	0.0	0.0	0.0
411	ARSB	0.0	0.0	0.0	0.0	0.0
410	ARSA	0.0	0.0	0.0	0.0	0.0
409	ARRB2	0.0	0.0	0.0	0.0	0.0
408	ARRB1	0.0	0.0	0.0	0.0	0.0
80185	TTI2	0.0	0.0	0.0	0.0	0.0
80184	CEP290	0.0	0.0	0.0	0.0	0.0
80179	MYO19	0.0	0.0	0.0	0.0	0.0
80218	NAA50	0.0	0.0	0.0	0.0	0.0
80217	CFAP43	0.0	0.0	0.0	0.0	0.0
80215	RUNX1-IT1	0.0	0.0	0.0	0.0	0.0
80213	TM2D3	0.0	0.0	0.0	0.0	0.0
80212	CCDC92	0.0	0.0	0.0	0.0	0.0
80210	ARMC9	0.0	0.0	0.0	0.0	0.0
80209	PROSER1	0.0	0.0	0.0	0.0	0.0
80208	SPG11	0.0	0.0	0.0	0.0	0.0
80206	FHOD3	0.0	0.0	0.0	0.0	0.0
80205	CHD9	0.0	0.0	0.0	0.0	0.0
80204	FBXO11	0.0	0.0	0.0	0.0	0.0
80201	HKDC1	0.0	0.0	0.0	0.0	0.0
80198	MUS81	0.0	0.0	0.0	0.0	0.0
80195	TMEM254	0.0	0.0	0.0	0.0	0.0
80194	TMEM134	0.0	0.0	0.0	0.0	0.0
439	GET3	0.0	0.0	0.0	0.0	0.0
80267	EDEM3	0.0	0.0	0.0	0.0	0.0
80264	ZNF430	0.0	0.0	0.0	0.0	0.0
80263	TRIM45	0.0	0.0	0.0	0.0	0.0
80256	ATOSB	0.0	0.0	0.0	0.0	0.0
80254	CEP63	0.0	0.0	0.0	0.0	0.0
80237	ELL3	0.0	0.0	0.0	0.0	0.0
80235	PIGZ	0.0	0.0	0.0	0.0	0.0
80233	FAAP100	0.0	0.0	0.0	0.0	0.0
80232	WDR26	0.0	0.0	0.0	0.0	0.0
80231	TASL	0.0	0.0	0.0	0.0	0.0
80230	RUFY1	0.0	0.0	0.0	0.0	0.0
80227	PAAF1	0.0	0.0	0.0	0.0	0.0
80224	NUBPL	0.0	0.0	0.0	0.0	0.0
80223	RAB11FIP1	0.0	0.0	0.0	0.0	0.0
80221	ACSF2	0.0	0.0	0.0	0.0	0.0
80219	COQ10B	0.0	0.0	0.0	0.0	0.0
80351	TNKS2	0.0	0.0	0.0	0.0	0.0
80349	SKIC8	0.0	0.0	0.0	0.0	0.0
80347	COASY	0.0	0.0	0.0	0.0	0.0
80346	REEP4	0.0	0.0	0.0	0.0	0.0
80345	ZSCAN16	0.0	0.0	0.0	0.0	0.0
80342	TRAF3IP3	0.0	0.0	0.0	0.0	0.0
80339	PNPLA3	0.0	0.0	0.0	0.0	0.0
80324	PUS1	0.0	0.0	0.0	0.0	0.0
80323	CCDC68	0.0	0.0	0.0	0.0	0.0
80321	CEP70	0.0	0.0	0.0	0.0	0.0
80319	CXXC4	0.0	0.0	0.0	0.0	0.0
80310	PDGFD	0.0	0.0	0.0	0.0	0.0
80308	FLAD1	0.0	0.0	0.0	0.0	0.0
80307	FER1L4	0.0	0.0	0.0	0.0	0.0
80306	MED28	0.0	0.0	0.0	0.0	0.0
80301	PLEKHO2	0.0	0.0	0.0	0.0	0.0
80705	TSGA10	0.0	0.0	0.0	0.0	0.0
406	BMAL1	0.0	0.0	0.0	0.0	0.0
403	ARL3	0.0	0.0	0.0	0.0	0.0
402	ARL2	0.0	0.0	0.0	0.0	0.0
400	ARL1	0.0	0.0	0.0	0.0	0.0
399	RHOH	0.0	0.0	0.0	0.0	0.0
397	ARHGDIB	0.0	0.0	0.0	0.0	0.0
396	ARHGDIA	0.0	0.0	0.0	0.0	0.0
395	ARHGAP6	0.0	0.0	0.0	0.0	0.0
394	ARHGAP5	0.0	0.0	0.0	0.0	0.0
393	ARHGAP4	0.0	0.0	0.0	0.0	0.0
392	ARHGAP1	0.0	0.0	0.0	0.0	0.0
391	RHOG	0.0	0.0	0.0	0.0	0.0
389	RHOC	0.0	0.0	0.0	0.0	0.0
80704	SLC19A3	0.0	0.0	0.0	0.0	0.0
80380	PDCD1LG2	0.0	0.0	0.0	0.0	0.0
80781	COL18A1	0.0	0.0	0.0	0.0	0.0
80778	ZNF34	0.0	0.0	0.0	0.0	0.0
80777	CYB5B	0.0	0.0	0.0	0.0	0.0
80776	B9D2	0.0	0.0	0.0	0.0	0.0
80775	TMEM177	0.0	0.0	0.0	0.0	0.0
80774	LIMD2	0.0	0.0	0.0	0.0	0.0
80772	CPTP	0.0	0.0	0.0	0.0	0.0
80764	THAP7	0.0	0.0	0.0	0.0	0.0
80762	NDFIP1	0.0	0.0	0.0	0.0	0.0
80760	ITIH5	0.0	0.0	0.0	0.0	0.0
80758	PRR7	0.0	0.0	0.0	0.0	0.0
80757	TMEM121	0.0	0.0	0.0	0.0	0.0
80746	TSEN2	0.0	0.0	0.0	0.0	0.0
80745	THUMPD2	0.0	0.0	0.0	0.0	0.0
80724	ACAD10	0.0	0.0	0.0	0.0	0.0
80723	SLC35G2	0.0	0.0	0.0	0.0	0.0
81533	ITFG1	0.0	0.0	0.0	0.0	0.0
81501	DCSTAMP	0.0	0.0	0.0	0.0	0.0
81491	GPR63	0.0	0.0	0.0	0.0	0.0
81035	COLEC12	0.0	0.0	0.0	0.0	0.0
81034	SLC25A32	0.0	0.0	0.0	0.0	0.0
81030	ZBP1	0.0	0.0	0.0	0.0	0.0
81029	WNT5B	0.0	0.0	0.0	0.0	0.0
80975	TMPRSS5	0.0	0.0	0.0	0.0	0.0
80896	NPL	0.0	0.0	0.0	0.0	0.0
80895	ILKAP	0.0	0.0	0.0	0.0	0.0
80868	HCG4B	0.0	0.0	0.0	0.0	0.0
80853	KDM7A	0.0	0.0	0.0	0.0	0.0
80830	APOL6	0.0	0.0	0.0	0.0	0.0
80823	GPRASP3	0.0	0.0	0.0	0.0	0.0
80816	ASXL3	0.0	0.0	0.0	0.0	0.0
80789	INTS5	0.0	0.0	0.0	0.0	0.0
81576	YJU2B	0.0	0.0	0.0	0.0	0.0
81570	CLPB	0.0	0.0	0.0	0.0	0.0
81566	CSRNP2	0.0	0.0	0.0	0.0	0.0
81562	LMAN2L	0.0	0.0	0.0	0.0	0.0
81558	FAM117A	0.0	0.0	0.0	0.0	0.0
81556	INTS14	0.0	0.0	0.0	0.0	0.0
81555	YIPF5	0.0	0.0	0.0	0.0	0.0
81554	RCC1L	0.0	0.0	0.0	0.0	0.0
81553	CYRIA	0.0	0.0	0.0	0.0	0.0
81550	TDRD3	0.0	0.0	0.0	0.0	0.0
81545	FBXO38	0.0	0.0	0.0	0.0	0.0
81544	GDPD5	0.0	0.0	0.0	0.0	0.0
81543	LRRC3	0.0	0.0	0.0	0.0	0.0
81542	TMX1	0.0	0.0	0.0	0.0	0.0
81539	SLC38A1	0.0	0.0	0.0	0.0	0.0
81537	SGPP1	0.0	0.0	0.0	0.0	0.0
384	ARG2	0.0	0.0	0.0	0.0	0.0
382	ARF6	0.0	0.0	0.0	0.0	0.0
381	ARF5	0.0	0.0	0.0	0.0	0.0
379	ARL4D	0.0	0.0	0.0	0.0	0.0
378	ARF4	0.0	0.0	0.0	0.0	0.0
377	ARF3	0.0	0.0	0.0	0.0	0.0
373	TRIM23	0.0	0.0	0.0	0.0	0.0
372	ARCN1	0.0	0.0	0.0	0.0	0.0
369	ARAF	0.0	0.0	0.0	0.0	0.0
367	AR	0.0	0.0	0.0	0.0	0.0
366	AQP9	0.0	0.0	0.0	0.0	0.0
363	AQP6	0.0	0.0	0.0	0.0	0.0
362	AQP5	0.0	0.0	0.0	0.0	0.0
361	AQP4	0.0	0.0	0.0	0.0	0.0
81579	PLA2G12A	0.0	0.0	0.0	0.0	0.0
81577	GFOD2	0.0	0.0	0.0	0.0	0.0
81631	MAP1LC3B	0.0	0.0	0.0	0.0	0.0
81628	TSC22D4	0.0	0.0	0.0	0.0	0.0
81627	TRMT1L	0.0	0.0	0.0	0.0	0.0
81624	DIAPH3	0.0	0.0	0.0	0.0	0.0
81621	KAZALD1	0.0	0.0	0.0	0.0	0.0
81620	CDT1	0.0	0.0	0.0	0.0	0.0
81619	TSPAN14	0.0	0.0	0.0	0.0	0.0
81617	CAB39L	0.0	0.0	0.0	0.0	0.0
81614	NIPA2	0.0	0.0	0.0	0.0	0.0
81611	ANP32E	0.0	0.0	0.0	0.0	0.0
81608	FIP1L1	0.0	0.0	0.0	0.0	0.0
81606	LBH	0.0	0.0	0.0	0.0	0.0
81605	URM1	0.0	0.0	0.0	0.0	0.0
81603	TRIM8	0.0	0.0	0.0	0.0	0.0
81602	CDADC1	0.0	0.0	0.0	0.0	0.0
388	RHOB	0.0	0.0	0.0	0.0	0.0
81876	RAB1B	0.0	0.0	0.0	0.0	0.0
81875	ISG20L2	0.0	0.0	0.0	0.0	0.0
81873	ARPC5L	0.0	0.0	0.0	0.0	0.0
81858	SHARPIN	0.0	0.0	0.0	0.0	0.0
81857	MED25	0.0	0.0	0.0	0.0	0.0
81856	ZNF611	0.0	0.0	0.0	0.0	0.0
81848	SPRY4	0.0	0.0	0.0	0.0	0.0
81847	RNF146	0.0	0.0	0.0	0.0	0.0
81839	VANGL1	0.0	0.0	0.0	0.0	0.0
81831	NETO2	0.0	0.0	0.0	0.0	0.0
81796	SLCO5A1	0.0	0.0	0.0	0.0	0.0
81792	ADAMTS12	0.0	0.0	0.0	0.0	0.0
81789	TIGD6	0.0	0.0	0.0	0.0	0.0
81689	ISCA1	0.0	0.0	0.0	0.0	0.0
81688	C6orf62	0.0	0.0	0.0	0.0	0.0
81669	CCNL2	0.0	0.0	0.0	0.0	0.0
83464	APH1B	0.0	0.0	0.0	0.0	0.0
83463	MXD3	0.0	0.0	0.0	0.0	0.0
83461	CDCA3	0.0	0.0	0.0	0.0	0.0
83452	RAB33B	0.0	0.0	0.0	0.0	0.0
83451	ABHD11	0.0	0.0	0.0	0.0	0.0
83449	PMFBP1	0.0	0.0	0.0	0.0	0.0
83448	PUS7L	0.0	0.0	0.0	0.0	0.0
83443	SF3B5	0.0	0.0	0.0	0.0	0.0
83439	TCF7L1	0.0	0.0	0.0	0.0	0.0
83394	PITPNM3	0.0	0.0	0.0	0.0	0.0
81932	HDHD3	0.0	0.0	0.0	0.0	0.0
81929	SEH1L	0.0	0.0	0.0	0.0	0.0
81894	SLC25A28	0.0	0.0	0.0	0.0	0.0
81892	SLIRP	0.0	0.0	0.0	0.0	0.0
81890	QTRT1	0.0	0.0	0.0	0.0	0.0
81887	LAS1L	0.0	0.0	0.0	0.0	0.0
83759	RBM4B	0.0	0.0	0.0	0.0	0.0
83743	GRWD1	0.0	0.0	0.0	0.0	0.0
83737	ITCH	0.0	0.0	0.0	0.0	0.0
83714	NRIP2	0.0	0.0	0.0	0.0	0.0
83700	JAM3	0.0	0.0	0.0	0.0	0.0
83696	TRAPPC9	0.0	0.0	0.0	0.0	0.0
83660	TLN2	0.0	0.0	0.0	0.0	0.0
83638	C11orf68	0.0	0.0	0.0	0.0	0.0
83637	ZMIZ2	0.0	0.0	0.0	0.0	0.0
83604	TMEM47	0.0	0.0	0.0	0.0	0.0
83483	PLVAP	0.0	0.0	0.0	0.0	0.0
83481	EPPK1	0.0	0.0	0.0	0.0	0.0
83480	PUS3	0.0	0.0	0.0	0.0	0.0
83478	ARHGAP24	0.0	0.0	0.0	0.0	0.0
83475	DOHH	0.0	0.0	0.0	0.0	0.0
83468	GLT8D2	0.0	0.0	0.0	0.0	0.0
84179	SLC49A3	0.0	0.0	0.0	0.0	0.0
84168	ANTXR1	0.0	0.0	0.0	0.0	0.0
84164	ASCC2	0.0	0.0	0.0	0.0	0.0
84162	BLTP1	0.0	0.0	0.0	0.0	0.0
84159	ARID5B	0.0	0.0	0.0	0.0	0.0
84148	KAT8	0.0	0.0	0.0	0.0	0.0
84124	ZNF394	0.0	0.0	0.0	0.0	0.0
84079	ANKRD27	0.0	0.0	0.0	0.0	0.0
84065	TMEM222	0.0	0.0	0.0	0.0	0.0
84061	MAGT1	0.0	0.0	0.0	0.0	0.0
84060	RBM48	0.0	0.0	0.0	0.0	0.0
83990	BRIP1	0.0	0.0	0.0	0.0	0.0
83988	NCALD	0.0	0.0	0.0	0.0	0.0
83941	TM2D1	0.0	0.0	0.0	0.0	0.0
83937	RASSF4	0.0	0.0	0.0	0.0	0.0
83786	FRMD8	0.0	0.0	0.0	0.0	0.0
84617	TUBB6	0.0	0.0	0.0	0.0	0.0
84612	PARD6B	0.0	0.0	0.0	0.0	0.0
84561	SLC12A8	0.0	0.0	0.0	0.0	0.0
84549	MAK16	0.0	0.0	0.0	0.0	0.0
84516	DCTN5	0.0	0.0	0.0	0.0	0.0
84444	DOT1L	0.0	0.0	0.0	0.0	0.0
84436	ZNF528	0.0	0.0	0.0	0.0	0.0
84296	GINS4	0.0	0.0	0.0	0.0	0.0
84288	DRC8	0.0	0.0	0.0	0.0	0.0
84272	YIPF4	0.0	0.0	0.0	0.0	0.0
84271	POLDIP3	0.0	0.0	0.0	0.0	0.0
84263	HSDL2	0.0	0.0	0.0	0.0	0.0
84243	ZDHHC18	0.0	0.0	0.0	0.0	0.0
84223	DRC9	0.0	0.0	0.0	0.0	0.0
84196	USP48	0.0	0.0	0.0	0.0	0.0
84193	SETD3	0.0	0.0	0.0	0.0	0.0
84669	USP32	0.0	0.0	0.0	0.0	0.0
360	AQP3	0.0	0.0	0.0	0.0	0.0
359	AQP2	0.0	0.0	0.0	0.0	0.0
357	SHROOM2	0.0	0.0	0.0	0.0	0.0
356	FASLG	0.0	0.0	0.0	0.0	0.0
353	APRT	0.0	0.0	0.0	0.0	0.0
351	APP	0.0	0.0	0.0	0.0	0.0
350	APOH	0.0	0.0	0.0	0.0	0.0
348	APOE	0.0	0.0	0.0	0.0	0.0
345	APOC3	0.0	0.0	0.0	0.0	0.0
341	APOC1	0.0	0.0	0.0	0.0	0.0
338	APOB	0.0	0.0	0.0	0.0	0.0
334	APLP2	0.0	0.0	0.0	0.0	0.0
332	BIRC5	0.0	0.0	0.0	0.0	0.0
84658	ADGRE3	0.0	0.0	0.0	0.0	0.0
84619	ZGPAT	0.0	0.0	0.0	0.0	0.0
84934	RITA1	0.0	0.0	0.0	0.0	0.0
84898	PLXDC2	0.0	0.0	0.0	0.0	0.0
84890	ADO	0.0	0.0	0.0	0.0	0.0
84869	CBR4	0.0	0.0	0.0	0.0	0.0
84864	RIOX2	0.0	0.0	0.0	0.0	0.0
84861	KLHL22	0.0	0.0	0.0	0.0	0.0
84830	ADTRP	0.0	0.0	0.0	0.0	0.0
84818	IL17RC	0.0	0.0	0.0	0.0	0.0
84809	CROCCP2	0.0	0.0	0.0	0.0	0.0
84804	SLC67A2	0.0	0.0	0.0	0.0	0.0
84759	PCGF1	0.0	0.0	0.0	0.0	0.0
84726	PRRC2B	0.0	0.0	0.0	0.0	0.0
84722	PSRC1	0.0	0.0	0.0	0.0	0.0
84720	PIGO	0.0	0.0	0.0	0.0	0.0
84719	LINC00260	0.0	0.0	0.0	0.0	0.0
84705	GTPBP3	0.0	0.0	0.0	0.0	0.0
89944	GLB1L2	0.0	0.0	0.0	0.0	0.0
89941	RHOT2	0.0	0.0	0.0	0.0	0.0
89927	BMERB1	0.0	0.0	0.0	0.0	0.0
89910	UBE3B	0.0	0.0	0.0	0.0	0.0
89845	ABCC10	0.0	0.0	0.0	0.0	0.0
89781	HPS4	0.0	0.0	0.0	0.0	0.0
85477	SCIN	0.0	0.0	0.0	0.0	0.0
85458	DIXDC1	0.0	0.0	0.0	0.0	0.0
85453	TSPYL5	0.0	0.0	0.0	0.0	0.0
85360	SYDE1	0.0	0.0	0.0	0.0	0.0
85352	SHISAL1	0.0	0.0	0.0	0.0	0.0
85236	H2BC12	0.0	0.0	0.0	0.0	0.0
84986	ARHGAP19	0.0	0.0	0.0	0.0	0.0
84975	SLC61A1	0.0	0.0	0.0	0.0	0.0
84951	TNS4	0.0	0.0	0.0	0.0	0.0
84942	WDR73	0.0	0.0	0.0	0.0	0.0
331	XIAP	0.0	0.0	0.0	0.0	0.0
329	BIRC2	0.0	0.0	0.0	0.0	0.0
328	APEX1	0.0	0.0	0.0	0.0	0.0
327	APEH	0.0	0.0	0.0	0.0	0.0
326	AIRE	0.0	0.0	0.0	0.0	0.0
322	APBB1	0.0	0.0	0.0	0.0	0.0
321	APBA2	0.0	0.0	0.0	0.0	0.0
318	NUDT2	0.0	0.0	0.0	0.0	0.0
316	AOX1	0.0	0.0	0.0	0.0	0.0
314	AOC2	0.0	0.0	0.0	0.0	0.0
313	AOAH	0.0	0.0	0.0	0.0	0.0
312	ANXA13	0.0	0.0	0.0	0.0	0.0
90273	CEACAM21	0.0	0.0	0.0	0.0	0.0
90233	ZNF551	0.0	0.0	0.0	0.0	0.0
90141	EFCAB11	0.0	0.0	0.0	0.0	0.0
90121	TSR2	0.0	0.0	0.0	0.0	0.0
91289	LMF2	0.0	0.0	0.0	0.0	0.0
91137	SLC25A46	0.0	0.0	0.0	0.0	0.0
90993	CREB3L1	0.0	0.0	0.0	0.0	0.0
90957	DHX57	0.0	0.0	0.0	0.0	0.0
90956	ADCK2	0.0	0.0	0.0	0.0	0.0
90864	SPSB3	0.0	0.0	0.0	0.0	0.0
90806	ANGEL2	0.0	0.0	0.0	0.0	0.0
90665	TBL1Y	0.0	0.0	0.0	0.0	0.0
90586	AOC4P	0.0	0.0	0.0	0.0	0.0
90485	ZNF835	0.0	0.0	0.0	0.0	0.0
90411	MCFD2	0.0	0.0	0.0	0.0	0.0
90410	IFT20	0.0	0.0	0.0	0.0	0.0
90379	DCAF15	0.0	0.0	0.0	0.0	0.0
90355	MACIR	0.0	0.0	0.0	0.0	0.0
90333	ZNF468	0.0	0.0	0.0	0.0	0.0
90326	THAP3	0.0	0.0	0.0	0.0	0.0
91949	COG7	0.0	0.0	0.0	0.0	0.0
91860	CALML4	0.0	0.0	0.0	0.0	0.0
91851	CHRDL1	0.0	0.0	0.0	0.0	0.0
91807	MYLK3	0.0	0.0	0.0	0.0	0.0
91782	CHMP7	0.0	0.0	0.0	0.0	0.0
91775	NXPE3	0.0	0.0	0.0	0.0	0.0
91754	NEK9	0.0	0.0	0.0	0.0	0.0
91647	ATPAF2	0.0	0.0	0.0	0.0	0.0
91543	RSAD2	0.0	0.0	0.0	0.0	0.0
91442	FAAP24	0.0	0.0	0.0	0.0	0.0
91373	UAP1L1	0.0	0.0	0.0	0.0	0.0
91369	ANKRD40	0.0	0.0	0.0	0.0	0.0
91355	LRP5L	0.0	0.0	0.0	0.0	0.0
91304	TMEM259	0.0	0.0	0.0	0.0	0.0
91300	R3HDM4	0.0	0.0	0.0	0.0	0.0
91298	RLIG1	0.0	0.0	0.0	0.0	0.0
309	ANXA6	0.0	0.0	0.0	0.0	0.0
307	ANXA4	0.0	0.0	0.0	0.0	0.0
303	ANXA2P1	0.0	0.0	0.0	0.0	0.0
292	SLC25A5	0.0	0.0	0.0	0.0	0.0
291	SLC25A4	0.0	0.0	0.0	0.0	0.0
290	ANPEP	0.0	0.0	0.0	0.0	0.0
288	ANK3	0.0	0.0	0.0	0.0	0.0
287	ANK2	0.0	0.0	0.0	0.0	0.0
285	ANGPT2	0.0	0.0	0.0	0.0	0.0
92335	STRADA	0.0	0.0	0.0	0.0	0.0
92211	CDHR1	0.0	0.0	0.0	0.0	0.0
92170	MTG1	0.0	0.0	0.0	0.0	0.0
92154	MTSS2	0.0	0.0	0.0	0.0	0.0
92140	MTDH	0.0	0.0	0.0	0.0	0.0
92104	IFT70A	0.0	0.0	0.0	0.0	0.0
91977	MYOZ3	0.0	0.0	0.0	0.0	0.0
93973	ACTR8	0.0	0.0	0.0	0.0	0.0
93664	CADPS2	0.0	0.0	0.0	0.0	0.0
93643	TJAP1	0.0	0.0	0.0	0.0	0.0
93594	TBC1D31	0.0	0.0	0.0	0.0	0.0
93129	ORAI3	0.0	0.0	0.0	0.0	0.0
93081	TEX30	0.0	0.0	0.0	0.0	0.0
92856	IMP4	0.0	0.0	0.0	0.0	0.0
92822	ZNF276	0.0	0.0	0.0	0.0	0.0
92689	FAM114A1	0.0	0.0	0.0	0.0	0.0
92595	ZNF764	0.0	0.0	0.0	0.0	0.0
92579	G6PC3	0.0	0.0	0.0	0.0	0.0
92558	BICDL1	0.0	0.0	0.0	0.0	0.0
92483	LDHAL6B	0.0	0.0	0.0	0.0	0.0
92482	BBIP1	0.0	0.0	0.0	0.0	0.0
311	ANXA11	0.0	0.0	0.0	0.0	0.0
310	ANXA7	0.0	0.0	0.0	0.0	0.0
113419	TEX261	0.0	0.0	0.0	0.0	0.0
113251	LARP4	0.0	0.0	0.0	0.0	0.0
113177	IZUMO4	0.0	0.0	0.0	0.0	0.0
112950	MED8	0.0	0.0	0.0	0.0	0.0
112869	SGF29	0.0	0.0	0.0	0.0	0.0
112611	RWDD2A	0.0	0.0	0.0	0.0	0.0
112479	ERI2	0.0	0.0	0.0	0.0	0.0
112464	CAVIN3	0.0	0.0	0.0	0.0	0.0
112399	EGLN3	0.0	0.0	0.0	0.0	0.0
103910	MYL12B	0.0	0.0	0.0	0.0	0.0
96764	TGS1	0.0	0.0	0.0	0.0	0.0
94239	H2AZ2	0.0	0.0	0.0	0.0	0.0
94134	ARHGAP12	0.0	0.0	0.0	0.0	0.0
94104	PAXBP1	0.0	0.0	0.0	0.0	0.0
94081	SFXN1	0.0	0.0	0.0	0.0	0.0
93974	ATP5IF1	0.0	0.0	0.0	0.0	0.0
275	AMT	0.0	0.0	0.0	0.0	0.0
274	BIN1	0.0	0.0	0.0	0.0	0.0
272	AMPD3	0.0	0.0	0.0	0.0	0.0
271	AMPD2	0.0	0.0	0.0	0.0	0.0
270	AMPD1	0.0	0.0	0.0	0.0	0.0
267	AMFR	0.0	0.0	0.0	0.0	0.0
262	AMD1	0.0	0.0	0.0	0.0	0.0
259	AMBP	0.0	0.0	0.0	0.0	0.0
249	ALPL	0.0	0.0	0.0	0.0	0.0
248	ALPI	0.0	0.0	0.0	0.0	0.0
245	ALOX12P2	0.0	0.0	0.0	0.0	0.0
114625	ERMAP	0.0	0.0	0.0	0.0	0.0
114548	NLRP3	0.0	0.0	0.0	0.0	0.0
114049	BUD23	0.0	0.0	0.0	0.0	0.0
114044	MCM3AP-AS1	0.0	0.0	0.0	0.0	0.0
113835	ZNF257	0.0	0.0	0.0	0.0	0.0
115939	TSR3	0.0	0.0	0.0	0.0	0.0
115817	DHRS1	0.0	0.0	0.0	0.0	0.0
115708	TRMT61A	0.0	0.0	0.0	0.0	0.0
115703	ARHGAP33	0.0	0.0	0.0	0.0	0.0
115207	KCTD12	0.0	0.0	0.0	0.0	0.0
115201	ATG4A	0.0	0.0	0.0	0.0	0.0
115123	MARCHF3	0.0	0.0	0.0	0.0	0.0
114932	MRFAP1L1	0.0	0.0	0.0	0.0	0.0
114899	C1QTNF3	0.0	0.0	0.0	0.0	0.0
114897	C1QTNF1	0.0	0.0	0.0	0.0	0.0
114885	OSBPL11	0.0	0.0	0.0	0.0	0.0
114884	OSBPL10	0.0	0.0	0.0	0.0	0.0
114883	OSBPL9	0.0	0.0	0.0	0.0	0.0
114882	OSBPL8	0.0	0.0	0.0	0.0	0.0
114876	OSBPL1A	0.0	0.0	0.0	0.0	0.0
284	ANGPT1	0.0	0.0	0.0	0.0	0.0
124152	IQCK	0.0	0.0	0.0	0.0	0.0
124044	SPATA2L	0.0	0.0	0.0	0.0	0.0
123872	DNAAF1	0.0	0.0	0.0	0.0	0.0
123803	NTAN1	0.0	0.0	0.0	0.0	0.0
122616	CLBA1	0.0	0.0	0.0	0.0	0.0
120526	DNAJC24	0.0	0.0	0.0	0.0	0.0
120227	CYP2R1	0.0	0.0	0.0	0.0	0.0
117178	SSX2IP	0.0	0.0	0.0	0.0	0.0
116987	AGAP1	0.0	0.0	0.0	0.0	0.0
116986	AGAP2	0.0	0.0	0.0	0.0	0.0
116985	ARAP1	0.0	0.0	0.0	0.0	0.0
116832	RPL39L	0.0	0.0	0.0	0.0	0.0
116828	N4BP2L2-IT2	0.0	0.0	0.0	0.0	0.0
116285	ACSM1	0.0	0.0	0.0	0.0	0.0
116138	KLHDC3	0.0	0.0	0.0	0.0	0.0
116039	OSR2	0.0	0.0	0.0	0.0	0.0
238	ALK	0.0	0.0	0.0	0.0	0.0
230	ALDOC	0.0	0.0	0.0	0.0	0.0
229	ALDOB	0.0	0.0	0.0	0.0	0.0
226	ALDOA	0.0	0.0	0.0	0.0	0.0
225	ABCD2	0.0	0.0	0.0	0.0	0.0
224	ALDH3A2	0.0	0.0	0.0	0.0	0.0
223	ALDH9A1	0.0	0.0	0.0	0.0	0.0
221	ALDH3B1	0.0	0.0	0.0	0.0	0.0
219	ALDH1B1	0.0	0.0	0.0	0.0	0.0
218	ALDH3A1	0.0	0.0	0.0	0.0	0.0
217	ALDH2	0.0	0.0	0.0	0.0	0.0
126298	IRGQ	0.0	0.0	0.0	0.0	0.0
126208	ZNF787	0.0	0.0	0.0	0.0	0.0
124583	CANT1	0.0	0.0	0.0	0.0	0.0
124565	SLC38A10	0.0	0.0	0.0	0.0	0.0
124222	PAQR4	0.0	0.0	0.0	0.0	0.0
138151	NACC2	0.0	0.0	0.0	0.0	0.0
138050	HGSNAT	0.0	0.0	0.0	0.0	0.0
137886	UBXN2B	0.0	0.0	0.0	0.0	0.0
135138	PACRG	0.0	0.0	0.0	0.0	0.0
131601	TPRA1	0.0	0.0	0.0	0.0	0.0
131544	CRYBG3	0.0	0.0	0.0	0.0	0.0
131408	FAM131A	0.0	0.0	0.0	0.0	0.0
130916	MTERF4	0.0	0.0	0.0	0.0	0.0
130872	AHSA2P	0.0	0.0	0.0	0.0	0.0
130074	FAM168B	0.0	0.0	0.0	0.0	0.0
129080	EMID1	0.0	0.0	0.0	0.0	0.0
128553	TSHZ2	0.0	0.0	0.0	0.0	0.0
127703	C1orf216	0.0	0.0	0.0	0.0	0.0
127544	RNF19B	0.0	0.0	0.0	0.0	0.0
241	ALOX5AP	0.0	0.0	0.0	0.0	0.0
239	ALOX12	0.0	0.0	0.0	0.0	0.0
146909	KIF18B	0.0	0.0	0.0	0.0	0.0
146542	ZNF688	0.0	0.0	0.0	0.0	0.0
146227	BEAN1	0.0	0.0	0.0	0.0	0.0
145389	SLC38A6	0.0	0.0	0.0	0.0	0.0
144404	TMEM120B	0.0	0.0	0.0	0.0	0.0
140890	SREK1	0.0	0.0	0.0	0.0	0.0
140885	SIRPA	0.0	0.0	0.0	0.0	0.0
140883	ZNF280B	0.0	0.0	0.0	0.0	0.0
140803	TRPM6	0.0	0.0	0.0	0.0	0.0
140609	NEK7	0.0	0.0	0.0	0.0	0.0
140578	CHODL	0.0	0.0	0.0	0.0	0.0
140545	RNF32	0.0	0.0	0.0	0.0	0.0
140465	MYL6B	0.0	0.0	0.0	0.0	0.0
140461	ASB8	0.0	0.0	0.0	0.0	0.0
139322	APOOL	0.0	0.0	0.0	0.0	0.0
138162	PIERCE1	0.0	0.0	0.0	0.0	0.0
216	ALDH1A1	0.0	0.0	0.0	0.0	0.0
214	ALCAM	0.0	0.0	0.0	0.0	0.0
213	ALB	0.0	0.0	0.0	0.0	0.0
212	ALAS2	0.0	0.0	0.0	0.0	0.0
211	ALAS1	0.0	0.0	0.0	0.0	0.0
210	ALAD	0.0	0.0	0.0	0.0	0.0
208	AKT2	0.0	0.0	0.0	0.0	0.0
207	AKT1	0.0	0.0	0.0	0.0	0.0
204	AK2	0.0	0.0	0.0	0.0	0.0
203	AK1	0.0	0.0	0.0	0.0	0.0
202	CRYBG1	0.0	0.0	0.0	0.0	0.0
197	AHSG	0.0	0.0	0.0	0.0	0.0
191	AHCY	0.0	0.0	0.0	0.0	0.0
189	AGXT	0.0	0.0	0.0	0.0	0.0
147339	ARK2N	0.0	0.0	0.0	0.0	0.0
147179	WIPF2	0.0	0.0	0.0	0.0	0.0
155400	NSUN5P1	0.0	0.0	0.0	0.0	0.0
155066	ATP6V0E2	0.0	0.0	0.0	0.0	0.0
154661	RUNDC3B	0.0	0.0	0.0	0.0	0.0
152559	PAQR3	0.0	0.0	0.0	0.0	0.0
152185	SPICE1	0.0	0.0	0.0	0.0	0.0
151050	KANSL1L	0.0	0.0	0.0	0.0	0.0
151011	SEPTIN10	0.0	0.0	0.0	0.0	0.0
150967	LINC01963	0.0	0.0	0.0	0.0	0.0
150244	ZDHHC8BP	0.0	0.0	0.0	0.0	0.0
149628	PYHIN1	0.0	0.0	0.0	0.0	0.0
149603	RNF187	0.0	0.0	0.0	0.0	0.0
149111	CNIH3	0.0	0.0	0.0	0.0	0.0
148229	ATP8B3	0.0	0.0	0.0	0.0	0.0
148022	TICAM1	0.0	0.0	0.0	0.0	0.0
147912	SIX5	0.0	0.0	0.0	0.0	0.0
147657	ZNF480	0.0	0.0	0.0	0.0	0.0
169522	KCNV2	0.0	0.0	0.0	0.0	0.0
166647	ADGRA3	0.0	0.0	0.0	0.0	0.0
163590	TOR1AIP2	0.0	0.0	0.0	0.0	0.0
163486	DENND1B	0.0	0.0	0.0	0.0	0.0
163131	ZNF780B	0.0	0.0	0.0	0.0	0.0
162972	ZNF550	0.0	0.0	0.0	0.0	0.0
162427	RETREG3	0.0	0.0	0.0	0.0	0.0
161291	CDC50B	0.0	0.0	0.0	0.0	0.0
160518	DENND5B	0.0	0.0	0.0	0.0	0.0
159963	SLC5A12	0.0	0.0	0.0	0.0	0.0
158747	MOSPD2	0.0	0.0	0.0	0.0	0.0
158586	ZXDB	0.0	0.0	0.0	0.0	0.0
158471	PRUNE2	0.0	0.0	0.0	0.0	0.0
157922	CAMSAP1	0.0	0.0	0.0	0.0	0.0
157680	VPS13B	0.0	0.0	0.0	0.0	0.0
157567	ANKRD46	0.0	0.0	0.0	0.0	0.0
200576	PIKFYVE	0.0	0.0	0.0	0.0	0.0
200316	APOBEC3F	0.0	0.0	0.0	0.0	0.0
199870	FAM76A	0.0	0.0	0.0	0.0	0.0
196740	VSTM4	0.0	0.0	0.0	0.0	0.0
196441	ZFC3H1	0.0	0.0	0.0	0.0	0.0
192683	SCAMP5	0.0	0.0	0.0	0.0	0.0
192670	AGO4	0.0	0.0	0.0	0.0	0.0
192669	AGO3	0.0	0.0	0.0	0.0	0.0
192286	HIGD2A	0.0	0.0	0.0	0.0	0.0
171586	ABHD3	0.0	0.0	0.0	0.0	0.0
171546	SPTSSA	0.0	0.0	0.0	0.0	0.0
171392	ZNF675	0.0	0.0	0.0	0.0	0.0
171220	DSTNP2	0.0	0.0	0.0	0.0	0.0
171023	ASXL1	0.0	0.0	0.0	0.0	0.0
171017	ZNF384	0.0	0.0	0.0	0.0	0.0
169611	OLFML2A	0.0	0.0	0.0	0.0	0.0
219899	TBCEL	0.0	0.0	0.0	0.0	0.0
219699	UNC5B	0.0	0.0	0.0	0.0	0.0
219654	ZCCHC24	0.0	0.0	0.0	0.0	0.0
219333	USP12	0.0	0.0	0.0	0.0	0.0
206358	SLC36A1	0.0	0.0	0.0	0.0	0.0
205564	SENP5	0.0	0.0	0.0	0.0	0.0
204851	HIPK1	0.0	0.0	0.0	0.0	0.0
203197	TMEM268	0.0	0.0	0.0	0.0	0.0
203069	R3HCC1	0.0	0.0	0.0	0.0	0.0
202559	KHDRBS2	0.0	0.0	0.0	0.0	0.0
201501	ZBTB7C	0.0	0.0	0.0	0.0	0.0
201254	CENPX	0.0	0.0	0.0	0.0	0.0
201229	LYRM9	0.0	0.0	0.0	0.0	0.0
201191	SAMD14	0.0	0.0	0.0	0.0	0.0
201134	CEP112	0.0	0.0	0.0	0.0	0.0
200734	SPRED2	0.0	0.0	0.0	0.0	0.0
246243	RNASEH1	0.0	0.0	0.0	0.0	0.0
223117	SEMA3D	0.0	0.0	0.0	0.0	0.0
222658	KCTD20	0.0	0.0	0.0	0.0	0.0
222642	TSPO2	0.0	0.0	0.0	0.0	0.0
222487	ADGRG3	0.0	0.0	0.0	0.0	0.0
222255	ATXN7L1	0.0	0.0	0.0	0.0	0.0
222161	DKFZP586I1420	0.0	0.0	0.0	0.0	0.0
221981	THSD7A	0.0	0.0	0.0	0.0	0.0
221830	POLR1F	0.0	0.0	0.0	0.0	0.0
221749	PXDC1	0.0	0.0	0.0	0.0	0.0
221692	PHACTR1	0.0	0.0	0.0	0.0	0.0
221443	OARD1	0.0	0.0	0.0	0.0	0.0
221395	ADGRF5	0.0	0.0	0.0	0.0	0.0
221154	MICU2	0.0	0.0	0.0	0.0	0.0
221061	FAM171A1	0.0	0.0	0.0	0.0	0.0
220972	MARCHF8	0.0	0.0	0.0	0.0	0.0
187	APLNR	0.0	0.0	0.0	0.0	0.0
186	AGTR2	0.0	0.0	0.0	0.0	0.0
185	AGTR1	0.0	0.0	0.0	0.0	0.0
183	AGT	0.0	0.0	0.0	0.0	0.0
182	JAG1	0.0	0.0	0.0	0.0	0.0
181	AGRP	0.0	0.0	0.0	0.0	0.0
178	AGL	0.0	0.0	0.0	0.0	0.0
176	ACAN	0.0	0.0	0.0	0.0	0.0
175	AGA	0.0	0.0	0.0	0.0	0.0
173	AFM	0.0	0.0	0.0	0.0	0.0
166	TLE5	0.0	0.0	0.0	0.0	0.0
164	AP1G1	0.0	0.0	0.0	0.0	0.0
163	AP2B1	0.0	0.0	0.0	0.0	0.0
162	AP1B1	0.0	0.0	0.0	0.0	0.0
161	AP2A2	0.0	0.0	0.0	0.0	0.0
159	ADSS2	0.0	0.0	0.0	0.0	0.0
282997	PDCD4-AS1	0.0	0.0	0.0	0.0	0.0
266977	ADGRF1	0.0	0.0	0.0	0.0	0.0
266655	BRD3OS	0.0	0.0	0.0	0.0	0.0
261726	TIPRL	0.0	0.0	0.0	0.0	0.0
259266	ASPM	0.0	0.0	0.0	0.0	0.0
259230	SGMS1	0.0	0.0	0.0	0.0	0.0
256987	SERINC5	0.0	0.0	0.0	0.0	0.0
256949	KANK3	0.0	0.0	0.0	0.0	0.0
256364	EML3	0.0	0.0	0.0	0.0	0.0
255057	CBARP	0.0	0.0	0.0	0.0	0.0
254359	ZDHHC24	0.0	0.0	0.0	0.0	0.0
254102	EHBP1L1	0.0	0.0	0.0	0.0	0.0
253943	YTHDF3	0.0	0.0	0.0	0.0	0.0
253782	CERS6	0.0	0.0	0.0	0.0	0.0
253190	SERHL2	0.0	0.0	0.0	0.0	0.0
253143	PRR14L	0.0	0.0	0.0	0.0	0.0
283638	CEP170B	0.0	0.0	0.0	0.0	0.0
158	ADSL	0.0	0.0	0.0	0.0	0.0
157	GRK3	0.0	0.0	0.0	0.0	0.0
156	GRK2	0.0	0.0	0.0	0.0	0.0
151	ADRA2B	0.0	0.0	0.0	0.0	0.0
147	ADRA1B	0.0	0.0	0.0	0.0	0.0
142	PARP1	0.0	0.0	0.0	0.0	0.0
141	ADPRH	0.0	0.0	0.0	0.0	0.0
140	ADORA3	0.0	0.0	0.0	0.0	0.0
136	ADORA2B	0.0	0.0	0.0	0.0	0.0
134	ADORA1	0.0	0.0	0.0	0.0	0.0
133	ADM	0.0	0.0	0.0	0.0	0.0
283459	GATC	0.0	0.0	0.0	0.0	0.0
283450	HECTD4	0.0	0.0	0.0	0.0	0.0
283298	OLFML1	0.0	0.0	0.0	0.0	0.0
283232	TMEM80	0.0	0.0	0.0	0.0	0.0
317781	DDX51	0.0	0.0	0.0	0.0	0.0
317762	CCDC85C	0.0	0.0	0.0	0.0	0.0
317662	FAM149B1	0.0	0.0	0.0	0.0	0.0
317648	NOP14-AS1	0.0	0.0	0.0	0.0	0.0
286451	YIPF6	0.0	0.0	0.0	0.0	0.0
286205	SCAI	0.0	0.0	0.0	0.0	0.0
286148	DPY19L4	0.0	0.0	0.0	0.0	0.0
285830	HLA-F-AS1	0.0	0.0	0.0	0.0	0.0
285672	SREK1IP1	0.0	0.0	0.0	0.0	0.0
285282	RABL3	0.0	0.0	0.0	0.0	0.0
284649	SMG7-AS1	0.0	0.0	0.0	0.0	0.0
284443	ZNF493	0.0	0.0	0.0	0.0	0.0
284403	WDR62	0.0	0.0	0.0	0.0	0.0
284352	PPP1R37	0.0	0.0	0.0	0.0	0.0
284119	CAVIN1	0.0	0.0	0.0	0.0	0.0
284021	MILR1	0.0	0.0	0.0	0.0	0.0
130	ADH6	0.0	0.0	0.0	0.0	0.0
128	ADH5	0.0	0.0	0.0	0.0	0.0
126	ADH1C	0.0	0.0	0.0	0.0	0.0
125	ADH1B	0.0	0.0	0.0	0.0	0.0
120	ADD3	0.0	0.0	0.0	0.0	0.0
119	ADD2	0.0	0.0	0.0	0.0	0.0
118	ADD1	0.0	0.0	0.0	0.0	0.0
348110	ARPIN	0.0	0.0	0.0	0.0	0.0
347902	AMIGO2	0.0	0.0	0.0	0.0	0.0
347733	TUBB2B	0.0	0.0	0.0	0.0	0.0
346157	ZNF391	0.0	0.0	0.0	0.0	0.0
340591	CA5BP1	0.0	0.0	0.0	0.0	0.0
339479	BRINP3	0.0	0.0	0.0	0.0	0.0
339448	C1orf174	0.0	0.0	0.0	0.0	0.0
339290	LINC00667	0.0	0.0	0.0	0.0	0.0
339229	OXLD1	0.0	0.0	0.0	0.0	0.0
387751	GVINP1	0.0	0.0	0.0	0.0	0.0
387509	GPR153	0.0	0.0	0.0	0.0	0.0
387032	ZKSCAN4	0.0	0.0	0.0	0.0	0.0
376267	RAB15	0.0	0.0	0.0	0.0	0.0
375790	AGRN	0.0	0.0	0.0	0.0	0.0
375449	MAST4	0.0	0.0	0.0	0.0	0.0
375056	MIA3	0.0	0.0	0.0	0.0	0.0
375035	SFT2D2	0.0	0.0	0.0	0.0	0.0
374868	ATP9B	0.0	0.0	0.0	0.0	0.0
374655	ZNF710	0.0	0.0	0.0	0.0	0.0
374291	NDUFS7	0.0	0.0	0.0	0.0	0.0
373156	GSTK1	0.0	0.0	0.0	0.0	0.0
353514	LILRA5	0.0	0.0	0.0	0.0	0.0
353500	BMP8A	0.0	0.0	0.0	0.0	0.0
353189	SLCO4C1	0.0	0.0	0.0	0.0	0.0
132	ADK	0.0	0.0	0.0	0.0	0.0
440738	MAP1LC3C	0.0	0.0	0.0	0.0	0.0
440026	TMEM41B	0.0	0.0	0.0	0.0	0.0
404672	GTF2H5	0.0	0.0	0.0	0.0	0.0
404093	CUEDC1	0.0	0.0	0.0	0.0	0.0
402055	SRRD	0.0	0.0	0.0	0.0	0.0
400506	KNOP1	0.0	0.0	0.0	0.0	0.0
400451	FAM174B	0.0	0.0	0.0	0.0	0.0
400410	ST20	0.0	0.0	0.0	0.0	0.0
400084	LINC00939	0.0	0.0	0.0	0.0	0.0
399979	SNX19	0.0	0.0	0.0	0.0	0.0
399665	EEIG1	0.0	0.0	0.0	0.0	0.0
399664	MEX3D	0.0	0.0	0.0	0.0	0.0
389856	USP27X	0.0	0.0	0.0	0.0	0.0
389677	RBM12B	0.0	0.0	0.0	0.0	0.0
388650	DIPK1A	0.0	0.0	0.0	0.0	0.0
388567	ZNF749	0.0	0.0	0.0	0.0	0.0
26	AOC1	0.0	0.0	0.0	0.0	0.0
20	ABCA2	0.0	0.0	0.0	0.0	0.0
727897	MUC5B	0.0	0.0	0.0	0.0	0.0
646282	AZGP1P1	0.0	0.0	0.0	0.0	0.0
644096	SDHAF1	0.0	0.0	0.0	0.0	0.0
72	ACTG2	0.0	0.0	0.0	0.0	0.0
70	ACTC1	0.0	0.0	0.0	0.0	0.0
59	ACTA2	0.0	0.0	0.0	0.0	0.0
50	ACO2	0.0	0.0	0.0	0.0	0.0
48	ACO1	0.0	0.0	0.0	0.0	0.0
47	ACLY	0.0	0.0	0.0	0.0	0.0
43	ACHE	0.0	0.0	0.0	0.0	0.0
41	ASIC1	0.0	0.0	0.0	0.0	0.0
40	ASIC2	0.0	0.0	0.0	0.0	0.0
39	ACAT2	0.0	0.0	0.0	0.0	0.0
101	ADAM8	0.0	0.0	0.0	0.0	0.0
3841	KPNA5	0.0	0.0	0.0	0.0	0.0
3840	KPNA4	0.0	0.0	0.0	0.0	0.0
3839	KPNA3	0.0	0.0	0.0	0.0	0.0
3837	KPNB1	0.0	0.0	0.0	0.0	0.0
3836	KPNA1	0.0	0.0	0.0	0.0	0.0
3835	KIF22	0.0	0.0	0.0	0.0	0.0
3824	KLRD1	0.0	0.0	0.0	0.0	0.0
3818	KLKB1	0.0	0.0	0.0	0.0	0.0
3815	KIT	0.0	0.0	0.0	0.0	0.0
3801	KIFC3	0.0	0.0	0.0	0.0	0.0
21	ABCA3	0.0	0.0	0.0	0.0	0.0
38	ACAT1	0.0	0.0	0.0	0.0	0.0
37	ACADVL	0.0	0.0	0.0	0.0	0.0
36	ACADSB	0.0	0.0	0.0	0.0	0.0
35	ACADS	0.0	0.0	0.0	0.0	0.0
27	ABL2	0.0	0.0	0.0	0.0	0.0
