gene	prot_g	prot_p	abundance	peptides	miss_frac	prot_q	rna_g	is_cand	conc
A2M	-0.8685345438601411	0.2081455542632776	24.659385401395653	14.0	0.0	0.3607069886503672	1.1052889314922598	False	False
ABAT	-0.8702429156776631	0.17162624648074756	24.531357165217113	14.0	0.0	0.32214443735983994	-0.9682309226562048	False	True
ABCB6	0.8669120831715816	0.18852675384557913	22.021054583333335	1.0	0.0	0.3394312999226358	0.017561285426719888	False	True
ABCC1	2.8170881051738186	0.0004002639955815167	23.764741583333333	1.0	0.0	0.017612677775453042	0.6116751712830211	False	True
ABCE1	0.14565800097964912	0.7878885050073414	20.446614666666665	1.0	0.0	0.840380097111031	0.302072243879357	False	True
ABHD10	-1.0090363880753634	0.16928383276415215	21.27388721062253	3.0	0.0	0.3195843917963705	-0.9995233719580993	False	True
ABR	1.2366873840302859	0.030044749780296448	20.177645583333334	1.0	0.0	0.11410017765400954	-0.13248221479113556	False	False
ACAA1	-0.3392627853219974	0.577701542912671	22.937789132031828	6.0	0.0	0.6786954097671882	-0.8314233343554885	False	True
ACAA2	-1.585289300003696	0.02608192798860801	26.33403054109527	22.0	0.0	0.106117260246526	-0.7093275867456925	False	True
ACACA	-0.78036123371267	0.20130918538266104	21.658882583333334	1.0	0.0	0.3542434264330663	0.8003564106980532	False	False
ACADM	-1.4028068969568286	0.05040408946793983	24.925226553034122	17.0	0.0	0.15654052936292426	-1.1639929699450147	False	True
ACADS	0.3753504503601494	0.5649823260035676	23.09157274776089	4.0	0.0	0.6684332152113324	-0.6350996831356669	False	False
ACADSB	-1.0706601437559302	0.15577429460589054	22.83805273790578	3.0	0.0	0.30391806820958095	-1.0809055535971515	False	True
ACADVL	0.01670766591583524	0.9760548128291658	23.89656638427898	12.0	0.0	0.9832803882480122	-0.05467089366193878	False	False
ACAT1	-1.9168381861730577	0.023405584469131747	27.3444831401326	27.0	0.0	0.10062350695565501	-0.9442584935223978	False	True
ACAT2	-0.15755481144361785	0.8024277205241875	19.85020433333333	1.0	0.0	0.8508860179324663	-0.01595033632884753	False	True
ACO1	-0.5017639517976741	0.40377914509961677	24.458867116297572	13.0	0.0	0.5332531199723276	-0.7999579074340953	False	True
ACO2	-1.912758510880012	0.021802252208772775	26.018997050783856	25.0	0.0	0.09768105004530322	-0.7614591282793503	False	True
ACOT13	-1.7374944950161937	0.024838937504352607	21.550479516095958	2.0	0.0	0.1039605701757863	-0.7840752782575895	False	True
ACOX1	0.1523559408182934	0.805802396161392	23.052971800934547	2.0	0.0	0.8529276248077609	-0.8103881067217217	False	False
ACP1	1.0509245135383343	0.06382141277785332	20.023127	1.0	0.0	0.17785045574442743	-0.2140614027188318	False	False
ACSF2	-0.7941400045332025	0.18619506537014405	23.611616444739237	11.0	0.0	0.33808268346090087	-0.8918807273736283	False	True
ACSL1	-1.3026725294919344	0.03872686031753313	23.55571292159109	10.0	0.0	0.13557243784957573	-0.44711896432541903	False	True
ACSM3	-0.27469648397906016	0.6762219730475568	20.292739916666665	1.0	0.0	0.75738716185642	-0.49430139586138483	False	True
ACSS3	-0.8456684824979604	0.20742236926236451	21.125663329716126	3.0	0.0	0.3604826487480836	-0.44695193127113253	False	True
ACTA2	3.0102520973153073	0.00046242435763159493	30.012885285766213	56.0	0.0	0.01776203952893072	0.6313699250597903	False	True
ACTC1	-0.017757200756660024	0.974172182394051	22.721114722221973	2.0	0.0	0.9825961543233387	0.32470926085273427	False	False
ACTN1	1.7770016667341644	0.004956296855483243	25.91074906028045	25.0	0.0	0.0459522809440872	1.8116820711089483	True	True
ACTN2	0.18513840100110926	0.7437225830307721	21.106599499999998	1.0	0.0	0.8133751370093842	-0.41188942032394665	False	False
ACTN4	-0.024697785939828087	0.9627981817397964	25.46270524429526	26.0	0.0	0.9735290593071749	-0.6999035845261642	False	True
ACTR1A	3.2463082408193125	0.001897025894248237	26.935099113936023	3.0	0.0	0.031031496075903057	0.8454942807698388	False	True
ACTR2	0.7871176345216488	0.24228847021744634	23.16574781136464	5.0	0.0	0.3948673371907085	0.5510390569471316	False	True
ACTR3	-0.41897381903679026	0.5256762493917007	20.69787675	1.0	0.0	0.6321276253730834	0.9507235835298112	False	False
ACTR3B	1.914552673281562	0.012995714085545833	19.52865783333333	1.0	0.0	0.07368750382533454	-0.14651621860543595	False	False
ADD1	-1.4466260944882052	0.015227644529918438	20.100515833333333	1.0	0.0	0.07894204291224384	-0.44283225840672474	False	True
ADD3	-0.18476871938272968	0.7709734258922891	19.667007166666664	1.0	0.0	0.829380503611402	-0.6374533388500101	False	True
ADH1B	2.268160064709929	0.007113815121196634	23.839675881773786	6.0	0.0	0.05304502325531554	1.339535559655631	False	True
ADH5	-0.49369422666243673	0.41258967297123245	22.978855973522	6.0	0.0	0.5398709422772617	-0.9432487920601537	False	True
ADH6	-0.9569628708098709	0.2142541810985098	17.204232083333334	1.0	0.0	0.36676041098147577	-0.6919589803393861	False	True
AFAP1	0.224163706067167	0.7195828578703501	19.272043833333335	1.0	0.0	0.7955848387963993	0.3710087419277445	False	True
AFDN	-1.9859953366207923	0.026670251764598883	21.234541	1.0	0.0	0.10718082549387627	-0.1357415620536875	False	True
AFF1	1.7157956204060738	0.043037710539758994	21.389766666666663	1.0	0.0	0.14490841507510605	-0.7313432147712575	False	False
AFG3L2	-0.9962935555126095	0.182675322216678	20.452258416666666	1.0	0.0	0.33480224599308106	-0.17443679935790743	False	True
AGMAT	-1.223929164665336	0.11182147963020175	25.333594041465478	12.0	0.0	0.25117534557925647	-1.150957083690953	False	True
AGRN	0.5469426552115906	0.31709200134900467	22.161621237876343	4.0	0.0	0.4631585314874102	0.1717097554267978	False	True
AGT	0.07169960318538997	0.9133117009931668	20.55399029442671	2.0	0.0	0.9344322766259877	-0.39124689079713804	False	False
AHCTF1	-0.5467461388355043	0.3632556061152031	20.521052083333334	1.0	0.0	0.49723085061703826	-0.8725109440761015	False	True
AHCY	-1.1385300529884537	0.1000047171973932	23.883679846853255	9.0	0.0	0.23524747643209754	-0.9244544837110533	False	True
AHCYL1	2.5845963662200884	0.0038781905182909125	25.111397868440005	3.0	0.0	0.04166503366032276	-0.6733773291568731	False	False
AHNAK	0.8907130998580939	0.0992359608700121	22.515448486102738	6.0	0.0	0.234518558756483	0.4341717299739616	False	True
AHNAK2	-0.5398531670378314	0.44265298117428564	18.860300499999997	1.0	0.0	0.566055065197814	1.2030160382322301	False	False
AHSG	-0.4283402673316704	0.4989004784631916	23.010905491407637	4.0	0.0	0.6093526412343994	-0.20079292517703085	False	True
AIFM1	-0.8636949855170015	0.18628780966012745	25.425413095232646	20.0	0.0	0.33808268346090087	-0.3831229771624389	False	True
AIM2	-0.5991431449817695	0.34675003979671853	22.091460833333333	1.0	0.0	0.4863243401212642	0.5185396130190896	False	False
AIMP2	1.2611824175147712	0.08115530249421267	18.557023916666665	1.0	0.0	0.20671525698431353	-0.1156825403627445	False	False
AK1	-0.6762967750768392	0.2711830874495237	20.627651781484374	2.0	0.0	0.42196108879433997	0.5635210610391578	False	False
AK2	-1.78811839684994	0.01805843860953454	23.38686874298192	6.0	0.0	0.08679397255948164	-0.3439515199382033	False	True
AK5	-3.1654218105932324	0.0005011906549223807	19.350871333333334	1.0	0.0	0.017964141076539392	0.5284043114779582	False	False
AKAP12	-0.5919903082126922	0.3450174801383131	22.505977916666666	1.0	0.0	0.48537001103678373	0.7250212181155895	False	False
AKAP13	2.6595017022304943	0.0027859542545508823	21.651701083333336	1.0	0.0	0.035822545651036146	0.05870541885472713	False	True
AKAP9	0.3808231915918372	0.4986314271625346	21.85024083333333	1.0	0.0	0.6093526412343994	0.02132423501989351	False	True
AKR1A1	-1.016616140130522	0.13390198083090632	25.51340058448626	15.0	0.0	0.2796188423233632	-0.49143273090512096	False	True
AKR1B1	-0.4430553327964704	0.46582379447087463	24.627684789939313	15.0	0.0	0.5854726053275638	1.0003815606270026	False	False
AKR1C1	-0.4124517617061135	0.4903224426357185	23.91882562717431	6.0	0.0	0.6022488312207654	0.15910827294687419	False	False
AKR1C3	-0.8733731044288062	0.18976416798944237	21.223068180819727	2.0	0.0	0.340532842117318	-0.07009921974997953	False	True
AKR7A2	-0.44483962451913805	0.47875104981979666	22.121640423564802	3.0	0.0	0.592930857454888	-0.5323104146910604	False	True
AKR7A3	-0.9828683801364767	0.1462575495174172	23.405480092712665	5.0	0.0	0.2921219815898793	-0.970498235317033	False	True
ALAD	-0.4800437936221504	0.46260884222949783	22.2535623119209	4.0	0.0	0.5838023488104869	-0.9572382535078297	False	True
ALB	-1.0202521322880334	0.12550879915326923	31.109320638778797	118.0	0.0	0.2668696211162613	-1.375804214111616	False	True
ALDH1A1	-0.358751927149726	0.5842083290035914	25.891949026883555	14.0	0.0	0.6829463521297658	0.41481998978315904	False	False
ALDH1A2	-0.3065094906046485	0.584210959265156	19.55541608333333	1.0	0.0	0.6829463521297658	0.07622038973708066	False	False
ALDH1B1	-0.784444294581645	0.21819333840463528	23.344082265872213	8.0	0.0	0.3707697415346196	-0.2118101804143102	False	True
ALDH1L1	-0.8310427235032245	0.22005124184306438	22.627769651084293	6.0	0.0	0.37160669899661236	-1.0238149341493594	False	True
ALDH2	-0.8456528955754476	0.23883719211863713	25.72417617523473	18.0	0.0	0.39088589273639435	-0.9379248658998137	False	True
ALDH3A2	-0.05165764833899403	0.9331563356420933	20.569321155584632	2.0	0.0	0.9476643632484691	-0.9349217812132561	False	True
ALDH5A1	-0.7812326213573263	0.2859233283723227	21.82394252236148	4.0	0.0	0.4355529806268684	-0.9579222227796934	False	True
ALDH6A1	-1.3282329610810113	0.08374927396296021	26.94800138682092	36.0	0.0	0.21040394520232925	-0.8779773150800052	False	True
ALDH7A1	-1.1657872938269782	0.08097555358293745	24.63152266961443	12.0	0.0	0.20671525698431353	-0.930959895220691	False	True
ALDH9A1	0.23987614676418517	0.6997609690815312	25.08246379440786	12.0	0.0	0.7778826838054053	-1.0564653919259908	False	False
ALDOA	-0.9279358513604667	0.1494481276737692	25.70673865012911	15.0	0.0	0.29474491846771145	-0.07246291595754963	False	True
ALDOB	-1.0984091139298588	0.09572147869163276	27.185535167568958	27.0	0.0	0.22786177070471766	-1.079192552745964	False	True
ALDOC	0.18023081187961304	0.7731159780193432	19.51199183333333	1.0	0.0	0.8308578233368861	-0.4931409719968223	False	False
ALPI	-0.4474310615342018	0.3898200801640352	21.3801385	1.0	0.0	0.5213564217099668	-0.2060950006576547	False	True
AMBP	2.2970038155537162	0.003610991328224824	23.882826539461508	8.0	0.0	0.04038869067802149	0.028642710349731176	False	True
ANK1	-0.7538477468583422	0.24461764767008945	19.369030416666668	1.0	0.0	0.39629029627505563	0.31247409441032964	False	False
ANK2	-0.1714329460692215	0.7960591547291614	19.572545083333335	1.0	0.0	0.8452305589549549	-0.7766327355711495	False	True
ANK3	-1.2619375057366242	0.11266856274587228	19.81356545153786	2.0	0.0	0.25203803145754716	-0.15619322279715253	False	True
ANKLE2	-1.5141974541904155	0.023101863042720362	19.090576666666667	1.0	0.0	0.10006722108425027	1.0101977208990256	False	False
ANP32A	1.1487904918220389	0.09347986810330772	21.268281666666667	1.0	0.0	0.22500739208308615	-0.2688208287528196	False	False
ANP32E	1.4054005889646886	0.07621494132227724	19.105825666666664	1.0	0.0	0.20017329600061895	-0.5266370547401698	False	False
ANPEP	-1.072917225455903	0.1496985959414895	25.876653024353857	27.0	0.0	0.294882758953501	-0.2413362387464999	False	True
ANXA1	3.899323962832617	6.13023217322331e-05	22.804859225893875	8.0	0.0	0.010779412102378719	1.2594330854251874	False	True
ANXA11	1.9082216397684124	0.006759110568952746	21.895615686463525	4.0	0.0	0.05304502325531554	0.3040358880429928	False	True
ANXA13	0.1560339524212021	0.7785090244259907	19.83499133333333	1.0	0.0	0.8344362995561875	-0.24015361333034405	False	False
ANXA2	1.554054288013689	0.013781393979100014	25.540384075046017	21.0	0.0	0.07547735448043431	0.19019297433218293	False	True
ANXA4	1.0266998309547892	0.11656922744238878	24.37083325398217	14.0	0.0	0.2548497263476807	1.1256417670579504	False	True
ANXA5	1.532254211309756	0.012393274690122764	25.614962702437087	18.0	0.0	0.0723468105974321	1.0394881155880864	False	True
ANXA6	2.530060814467194	0.0008934565912871245	25.0377274063222	21.0	0.0	0.021776337515998122	0.5914118816362394	False	True
ANXA7	0.14856367864951264	0.7935990387019785	22.78074698669057	4.0	0.0	0.8437156446616737	0.18411723476988404	False	True
AOC2	0.08307740030451904	0.8749201088779138	22.791266034282767	4.0	0.0	0.905414789478855	-0.5834917184780338	False	False
AOC3	2.449246067138832	0.004890025292050208	22.41257209326768	4.0	0.0	0.0459522809440872	0.7883743336171931	False	True
AOX1	-0.685023308770811	0.3508133000904226	16.725391833333337	1.0	0.0	0.48922128014317684	-0.36901947878044966	False	True
AP1B1	1.133260985675636	0.0681339451822813	19.720302666666665	1.0	0.0	0.18605808107469127	0.005609252887025236	False	True
AP1G1	0.1849214135297389	0.7787390817658479	18.688450666666665	1.0	0.0	0.8344362995561875	-0.4707312142389383	False	False
AP2A2	-0.10445319385346889	0.8429902544093096	20.06216720885875	2.0	0.0	0.8824378752887196	0.11206094643667745	False	False
AP2B1	3.039505552178253	0.0002923746421019321	22.515099736819494	3.0	0.0	0.016481199486144352	0.21670212695509625	False	True
AP2M1	2.324309498801779	0.0015981181402160553	20.068113416666666	1.0	0.0	0.030500870644242364	0.6763324620634313	False	True
AP2S1	1.5873565302877708	0.02284654801600824	20.956354972521723	2.0	0.0	0.09951277342217653	0.5697329783415105	False	True
APAF1	-0.9099180295367492	0.21603034562933013	23.2470915	1.0	0.0	0.36824379375020466	0.5822609312374667	False	False
APC	0.2823956701321318	0.6646356624691596	20.491417833333333	1.0	0.0	0.7485172667669915	-0.22021108819828464	False	False
APEH	0.04797315705705481	0.9398320791870721	20.564515600415366	2.0	0.0	0.9526665334031588	-0.14011989196928176	False	False
APEX1	0.5065990635297285	0.37355277468721676	19.311627166666664	1.0	0.0	0.5074972388221506	0.6893802148074651	False	True
APMAP	1.6775631637194193	0.00687295379069238	19.092961999999996	1.0	0.0	0.05304502325531554	0.8413500092389651	False	True
APOD	-0.4066036161100154	0.46608351924423325	21.14221996041153	3.0	0.0	0.5854726053275638	-1.0645668890285018	False	True
APOE	2.0582727880099223	0.0228675088135717	23.879472860594827	14.0	0.0	0.09951277342217653	-0.6658122174951235	False	False
APOH	0.8157406192508652	0.16064098606873795	21.81766973274043	4.0	0.0	0.31007887736436057	-1.2191500455816466	False	False
APRT	2.7559836841534326	0.00047193789741755055	23.089190637996584	5.0	0.0	0.01776203952893072	0.17112808147455635	False	True
ARF4	3.8365504824719885	7.191489841875408e-05	20.869894430253016	2.0	0.0	0.010779412102378719	0.5321397863571972	False	True
ARF5	2.5100429981135925	0.003856809475362344	21.108441750000004	1.0	0.0	0.04166503366032276	0.5356179982522539	False	True
ARHGAP32	-1.6867557520376049	0.0070361819768200344	21.727782500000004	1.0	0.0	0.05304502325531554	-0.5866060949830562	False	True
ARHGDIA	1.0201629260788472	0.08656764231598404	20.48986835062436	2.0	0.0	0.2135422355015135	-0.1557510839084715	False	False
ARHGDIB	1.859632432510983	0.025388422411746298	21.45952922547634	2.0	0.0	0.10522663400604493	1.1661603151785533	False	True
ARHGEF15	0.3619142147763947	0.5892152757561485	19.885385333333335	1.0	0.0	0.6882607620241705	-0.02513759650354863	False	False
ARL6IP5	2.5887539324567546	0.0004119153559907359	20.58388786705819	2.0	0.0	0.017612677775453042	0.9267293651764019	False	True
ARPC1B	2.6138752393636158	0.00043062500794290324	20.660140378108274	2.0	0.0	0.017612677775453042	1.779218261145474	False	True
ARPC2	0.060250101049010574	0.9275045426668526	19.75436426108723	2.0	0.0	0.9445526488067194	1.3002698475866685	False	True
ARPC4	2.7031605157434564	0.0005522395742542259	22.764887043194573	6.0	0.0	0.018353952462552576	0.45916539640227105	False	True
ARPC5	2.4631667920154525	0.002876708586385034	21.73974978232023	3.0	0.0	0.03613588555051354	0.9263811225213073	False	True
ARRB1	-1.6061540199409328	0.02183318019996061	22.66809625	1.0	0.0	0.09768105004530322	0.28902526811046814	False	False
ASAH1	1.2465885681677058	0.029003462767354386	21.20907541833488	2.0	0.0	0.11268224493763661	-0.2624589356558994	False	False
ASL	0.42352721079151345	0.4998326218248201	19.458849083333337	1.0	0.0	0.609579291590688	-0.5239601845650578	False	False
ASNSD1	1.7741394611962018	0.018071004697013938	20.075421333333335	1.0	0.0	0.08679397255948164	-0.052429775876776726	False	False
ASS1	-0.7422343266608241	0.2636443141941422	26.853624183605017	29.0	0.0	0.4147699085539829	-0.8580671715682934	False	True
ATG101	0.08052175494625058	0.9055993314395837	19.9180885	1.0	0.0	0.930090382541409	0.20651604150633773	False	True
ATIC	0.456882573298736	0.42147543954688244	21.13604553435255	3.0	0.0	0.5465418543851656	0.41994282795541554	False	True
ATM	1.0555775729603252	0.0832357471901421	19.877047166666667	1.0	0.0	0.20943601719800004	0.6833966626850841	False	True
ATP10A	-0.896201249691345	0.23864216439822405	18.302816333333332	1.0	0.0	0.39088589273639435	-0.7349691324161762	False	True
ATP12A	-2.5943199586953547	0.009787034120466168	24.158881810623402	5.0	0.0	0.06267539889694608	-0.4437576787902044	False	True
ATP13A3	0.22815536702519265	0.695027525270278	19.738675666666666	1.0	0.0	0.774730340454856	0.5207087252175394	False	True
ATP1A1	-2.0342455699496957	0.026908372654307792	25.812992800401858	29.0	0.0	0.1075874108635492	0.009259253276493759	False	False
ATP1B1	-2.0509674309787167	0.01789418002816228	23.471005610588648	4.0	0.0	0.08679397255948164	-0.5916580676868087	False	True
ATP5F1A	-1.52932817602063	0.06029337304669541	27.53174481921607	36.0	0.0	0.17273522488640983	-0.29301063315509934	False	True
ATP5F1B	-1.9830033234985471	0.024696498629331064	27.73966539097331	38.0	0.0	0.1039605701757863	-0.3066401943518315	False	True
ATP5F1C	-1.7982788473958737	0.03646387946837822	23.96933884844502	11.0	0.0	0.1300120418599599	-0.5386409673368795	False	True
ATP5F1D	-2.3238917280955262	0.017029895393977038	22.651917914272772	3.0	0.0	0.08497551695122171	-0.65812369537474	False	True
ATP5IF1	-1.5825222608618785	0.0397168640486672	21.470944510373986	2.0	0.0	0.13683046200732812	-0.5621277525286653	False	True
ATP5MC1	-3.804897875762973	0.0005676786015138831	19.476594416666668	1.0	0.0	0.018353952462552576	-0.06046464017261536	False	True
ATP5ME	-0.5581104329602277	0.4036595696818053	22.057639585575476	3.0	0.0	0.5332531199723276	-0.23955107675277268	False	True
ATP5PB	-1.5992412080751506	0.04554125991596687	22.688786666326987	3.0	0.0	0.14933509526661426	-0.2226134566976624	False	True
ATP5PO	-1.5797764250555166	0.05264861404138654	24.698357335048133	11.0	0.0	0.15950869523113956	-0.33536311931586466	False	True
ATP6V0A1	-0.9946752708474081	0.15953069096207254	20.809514833333335	1.0	0.0	0.30857522857658715	-0.13203957205351194	False	True
ATP6V1A	-0.84711461901726	0.20442337520805826	24.422700738107263	16.0	0.0	0.35779568243811266	-0.8244410568053165	False	True
ATP6V1B1	-1.3868601896608888	0.051355113836457925	22.837866393263297	4.0	0.0	0.1579338999904629	-0.44787944489929155	False	True
ATP6V1B2	-0.5341445058169004	0.39166352747231015	22.25400328146465	4.0	0.0	0.5225380231717994	-0.19554828425159423	False	True
ATP6V1D	-0.7917314352465384	0.24848116364005068	19.507095666666668	1.0	0.0	0.3989869618723725	-0.6784470922810627	False	True
ATP6V1E1	-0.9237161107495	0.17856192951164143	22.301567340180693	2.0	0.0	0.3297261409210774	-0.5666934858643716	False	True
ATP6V1G1	-1.1375855338304648	0.09242091931304423	21.789530103348795	4.0	0.0	0.22425462293937776	-0.41865793526882844	False	True
ATP6V1H	-0.6412515694075552	0.32722229528433994	21.455148335453586	3.0	0.0	0.47158613146807316	-0.5539877707448287	False	True
ATXN10	0.10631350621582719	0.843631815931136	21.896311999999998	1.0	0.0	0.8825437254423735	-0.22203666493972896	False	False
AUH	-1.0935500988700935	0.15344389016628254	20.705054649437976	2.0	0.0	0.30117052000185024	-1.1388657466189984	False	True
AZGP1	0.7922191287192795	0.19320592412009088	21.37223738677778	4.0	0.0	0.34294051531316133	-0.8939879417049502	False	False
B2M	0.9875212037000077	0.07449692797567015	19.846956833333333	1.0	0.0	0.19781054208824284	0.9414723905404276	False	True
BANF1	0.11110341655978567	0.8660710867252148	20.354847968624462	2.0	0.0	0.8979644981728735	0.025591565075808214	False	True
BBOX1	0.2105908435875995	0.7156474910286792	23.046119291694122	7.0	0.0	0.7928442013906601	-0.2703606380425719	False	False
BCAM	0.147074331298411	0.827648791805485	19.729322666666665	1.0	0.0	0.8702836297606935	-0.9940628762465447	False	False
BCAP31	0.3035203559517243	0.6254809592242302	19.7542775	1.0	0.0	0.716276582337425	0.16668002766765913	False	True
BCKDHA	-0.7208621277408845	0.331086312511901	16.905546583333336	1.0	0.0	0.47322904404791616	-0.7171934607695633	False	True
BCL2L13	-1.8153389180244055	0.019241740424432517	18.797031999999998	1.0	0.0	0.09003370232979456	-1.1266190404839085	False	True
BDH1	-1.097027354805641	0.16809522179971353	15.8569355	1.0	0.0	0.31844489234214873	-0.385664297921368	False	True
BDH2	-0.5347372333081468	0.4097967954003713	24.4106045334626	7.0	0.0	0.537918204450506	-0.5983998873680255	False	True
BGN	-0.955243572254067	0.10826844533274156	23.94559546842224	9.0	0.0	0.24693068607313823	0.3850092546172244	False	False
BHMT	-1.7861380010135721	0.020969178303670767	26.06980536712005	22.0	0.0	0.09471346277431142	-0.9826264327067845	False	True
BHMT2	-0.9942981347250722	0.13566902043387638	21.944204353301654	5.0	0.0	0.2811516629042134	-1.0089284766250668	False	True
BLK	2.422845358815641	0.004662773719646272	20.62271175	1.0	0.0	0.04505508570522107	0.5546377863463038	False	True
BLTP1	0.3081874130781184	0.6145734250642632	19.75861575	1.0	0.0	0.7087485846250754	-0.1892907739248648	False	False
BLVRA	1.4720710123586043	0.042300107781168314	20.748051666666665	1.0	0.0	0.14301465011728334	0.11331189910822374	False	True
BLVRB	-0.28678784333409446	0.6359003652342762	23.28024782127343	4.0	0.0	0.7237704263208481	-0.556254488284796	False	True
BPGM	-0.7043279687716603	0.3399386039828018	17.522590750000003	1.0	0.0	0.48193456653623573	-0.21659931471502958	False	True
BPHL	-0.9303864169425367	0.18976006835917197	22.089113019321957	5.0	0.0	0.340532842117318	-0.8394189714479268	False	True
C1D	0.2744389850338661	0.5759127908760032	20.892642666666667	1.0	0.0	0.6771050225591663	-0.7599360995411057	False	False
C1QB	1.0333266154916585	0.07014546985117757	20.043262000000002	1.0	0.0	0.18996277324539468	1.761819981875086	False	True
C3	0.8811496986616826	0.1482432481306847	27.108523548405373	49.0	0.0	0.29343178690594923	1.7425287696437668	False	True
C5	0.636789018815827	0.375734466622455	21.552153770529674	4.0	0.0	0.5096132757429145	-0.4603901880632675	False	False
C6	1.2468336141288188	0.08784889048468228	18.237327999999998	1.0	0.0	0.2157251701676484	0.3881345797704794	False	True
C8G	0.5257894539861734	0.3246774260764606	19.48719541666667	1.0	0.0	0.4700338978571455	0.4521868562609243	False	True
CA1	-0.39704534929400415	0.5136011855105863	24.686646916469034	14.0	0.0	0.6217277508812361	-0.02388358343875718	False	True
CA12	-0.8133181827498703	0.18960299003111963	19.36914325	1.0	0.0	0.340532842117318	-0.42934526540530943	False	True
CA2	-3.7626927142546895	0.0002926851102867031	24.820913931091656	15.0	0.0	0.016481199486144352	-1.3557776594108413	False	True
CALB1	-2.278585693220376	0.0037077350539238686	22.87553773415566	5.0	0.0	0.040746360738719394	-0.8761946301698352	False	True
CALD1	2.718401565978219	0.0005063057241204568	22.715475868254984	7.0	0.0	0.017964141076539392	0.28555497073174074	False	True
CALML3	0.021317387077231704	0.9678651300951084	22.596172416666665	1.0	0.0	0.9776840075610906	-1.1429363092716074	False	False
CALR	-0.0728835443224962	0.8995289085335422	22.281477517960525	4.0	0.0	0.9256022102301665	0.5094439831459264	False	False
CAND1	2.627789796762375	0.0005861692817772316	22.378492764685237	6.0	0.0	0.018353952462552576	-0.46729404480655656	False	False
CANX	1.3949994416105829	0.03442206010083419	23.163480994004544	6.0	0.0	0.12463686063118014	0.011567251840466503	False	True
CAP1	1.6145950609535522	0.013117182675919678	21.826314127062005	5.0	0.0	0.07377602960186352	0.6827110186221289	False	True
CAPG	0.6374550083846788	0.25236188749576344	20.83161085936016	2.0	0.0	0.40284160535736235	1.199419408798608	False	True
CAPN1	0.9515414981508868	0.17264909928212308	22.267564827441788	4.0	0.0	0.3233210769813153	0.9911448691207126	False	True
CAPNS1	1.3234370451201904	0.03275082494195138	22.055866515791934	5.0	0.0	0.12183700750829635	0.26872382379731913	False	True
CAPZA2	0.6053897952211797	0.32731574067396385	21.639925869206166	3.0	0.0	0.47158613146807316	0.06747472139153231	False	True
CARHSP1	-0.2566452254188606	0.655781403887673	20.074865999999997	1.0	0.0	0.739565630213101	0.7607263882703398	False	False
CASP8	-0.6482962578612231	0.3765140515647452	17.021457416666667	1.0	0.0	0.5102468433238414	1.1067478471988474	False	False
CAT	-1.2544321410407833	0.07914477884590215	24.884450087202893	19.0	0.0	0.2051482918339019	-0.7022609429278258	False	True
CAVIN1	0.16514069374480927	0.7370532207320085	21.110829225249006	2.0	0.0	0.8088762832361357	0.98901801345718	False	True
CBR1	-0.9331738046602027	0.20626229739860996	25.324592596049403	13.0	0.0	0.35947313943642484	-0.06905657586978413	False	True
CCDC121	1.0143095291481585	0.07790556354787562	19.48125241666667	1.0	0.0	0.20322649404741355	-0.6303167075972969	False	False
CCDC22	0.4874373520372779	0.377537024163249	17.9064155	1.0	0.0	0.5104689539873986	0.2859545980096364	False	True
CCNT2	-0.5423326541986154	0.36880840251856933	23.08114375	1.0	0.0	0.5027246421642936	0.4565635374008325	False	False
CCT2	-0.04597171059108981	0.9328168982506938	25.84518949288675	6.0	0.0	0.9476643632484691	0.5737653090412643	False	False
CCT4	2.4475585556064856	0.0007972642832994971	23.05573530164682	6.0	0.0	0.02038838264271278	0.3592196768228498	False	True
CCT5	1.8155976448760525	0.006135209123812744	22.426600513803663	4.0	0.0	0.052240246371877734	0.7886111668463206	False	True
CCT6A	0.537262266812376	0.3652523798040694	21.587276464729566	4.0	0.0	0.49912731064438937	0.9525008077634456	False	True
CCT7	0.2815127847138064	0.6366217133511648	22.057263740548432	4.0	0.0	0.7237704263208481	0.3837219038789644	False	True
CCT8	0.893087350016678	0.13724289593746353	21.88656185065597	5.0	0.0	0.28333457530452333	0.18904287484938673	False	True
CD44	2.6999894753940166	0.0005170328417620034	19.0611835	1.0	0.0	0.017964141076539392	1.7495937436352562	False	True
CDC14A	-1.809411930743683	0.0045848918153876305	21.936388273916688	2.0	0.0	0.04483310379956886	-0.9617596803626297	False	True
CDC42	-0.17936842468850964	0.7482301590565172	21.129786830192966	2.0	0.0	0.815116644255699	0.1273744912342373	False	False
CDC5L	0.18729798433961845	0.7071206372468511	21.00725598937458	2.0	0.0	0.7849952417567014	0.078173426360423	False	True
CDH16	-1.2146907249271255	0.1240288386813312	23.73120667895455	6.0	0.0	0.26475698505439715	-0.3364855777049847	False	True
CDKL3	-0.7859401827963214	0.2468023450455797	20.051116166666663	1.0	0.0	0.39824923859627637	-0.7291888978590078	False	True
CDT1	-1.7753359370198731	0.01281736438676992	20.435280666666667	1.0	0.0	0.0734412492757729	0.29018517758494783	False	False
CENPF	-0.651564772966473	0.29435317830040714	23.266581916666667	1.0	0.0	0.44328729832018243	1.1628906920384243	False	False
CEP63	0.10777131675932838	0.8596474153477536	21.942572999999996	1.0	0.0	0.8941428211865488	-0.27208144374714993	False	False
CES2	1.6808713137756992	0.01802139736122729	18.509393250000002	1.0	0.0	0.08679397255948164	-0.8489105702756322	False	False
CFB	-0.3884673890758925	0.4888048651511817	20.487172850881528	2.0	0.0	0.6015209832644158	0.69611791511341	False	False
CFH	1.0789763267037606	0.12265709374302447	20.905308891221917	3.0	0.0	0.2632050382159776	1.0060597888118001	False	True
CHCHD3	-0.27971471112742397	0.6721435559850171	21.29135372301359	4.0	0.0	0.7543714274388542	-0.34039480181212545	False	True
CHERP	-0.5730307718811191	0.41929710019485145	21.05983833333333	1.0	0.0	0.5458701623555353	0.002434292301604376	False	False
CHST2	-0.6883150820433497	0.24513417159176507	21.311417583333334	1.0	0.0	0.3964916000789243	0.512958060830247	False	False
CIAPIN1	0.38235422546864045	0.5488442185630913	19.751953166666663	1.0	0.0	0.6532526304034462	0.28922421857578673	False	True
CISD1	-1.9117687538374182	0.01656896657988855	22.000850196541162	2.0	0.0	0.0835096371140679	-0.7532311276753436	False	True
CKB	-1.5151739033170926	0.034380141567235845	23.56989824604415	8.0	0.0	0.12463686063118014	-0.7484136145206657	False	True
CLIC2	-1.608503615596224	0.016255046263900477	19.918859666666666	1.0	0.0	0.08245814345061266	0.5284522166911887	False	False
CLIC4	-1.5059313549757363	0.06027239231617455	21.784836452631296	5.0	0.0	0.17273522488640983	-0.36725754592351545	False	True
CLINT1	-1.5789790338985747	0.07268873819564277	13.158532833333334	1.0	0.0	0.1942280843595487	-0.09282020850352485	False	True
CLK2	0.5358043545892865	0.3475447060144001	20.445039	1.0	0.0	0.4863243401212642	0.8739123678423364	False	True
CLK4	-0.5806859468812529	0.3563224683115612	21.83793933333334	1.0	0.0	0.492627046274746	0.317896817447109	False	False
CLTA	-0.15456804377218522	0.801211855873018	20.452845927608433	2.0	0.0	0.8501487723460939	0.4783493628822866	False	False
CLTC	0.49629650795618757	0.4119271591174769	25.817480278977573	43.0	0.0	0.5394362877616999	0.3476522576636654	False	True
CLU	1.4770633974558005	0.06973581186677043	24.14826636875812	8.0	0.0	0.18929029225509098	1.5286708221509808	False	True
CMPK1	-1.3813413671960695	0.02812620729101856	20.76310614700154	3.0	0.0	0.10961836874996017	-0.11989705428508095	False	True
CNDP2	-0.70436390962068	0.25353225052381734	25.58966495717273	22.0	0.0	0.4039201610784329	-0.3969119819641012	False	True
CNN1	0.7700244006388097	0.1755808248498456	22.60611499977175	5.0	0.0	0.3261928179519885	0.6467067276065516	False	True
CNN3	0.8178353352989782	0.16133405368960485	19.586594333333334	1.0	0.0	0.3103358781626391	0.030165952156190296	False	True
CNNM4	-0.33935859026696447	0.5732357754674748	20.85851175	1.0	0.0	0.6753925117881575	0.16340029516765353	False	False
CNP	-0.4876475868845465	0.4672283344461293	20.644753948331996	2.0	0.0	0.5861755599577184	0.9333640309847026	False	False
CNTN1	1.007234209881543	0.12141762668930242	19.469802666666666	1.0	0.0	0.2612318634830446	-0.5700475966127798	False	False
COASY	-1.8180165120304035	0.01679870884191578	19.031020749999996	1.0	0.0	0.0841481335547499	-0.581091059068554	False	True
COG5	-0.6317200769569448	0.2778130565405344	24.589759249999997	1.0	0.0	0.4283935045615606	-0.04470844060556178	False	True
COL14A1	1.1715739577311457	0.052036753332481846	21.59330602436184	3.0	0.0	0.1588336788634446	1.254018395156055	False	True
COL15A1	1.1570658781413299	0.03914014890428258	19.7227185	1.0	0.0	0.13628115812514596	1.6778652437383685	False	True
COL18A1	1.7773439757235667	0.006816026065340222	24.92222707762872	16.0	0.0	0.05304502325531554	0.38136895045704416	False	True
COL1A1	0.3069067524390698	0.5981150116587161	23.95048863271279	6.0	0.0	0.6961666529142433	1.6398519901200155	False	True
COL1A2	0.3930604562477066	0.5038287101188806	24.32115774967603	7.0	0.0	0.6135363785414856	2.0138590540825336	True	True
COL4A1	1.430758098135565	0.028015540741598965	25.440461665779853	10.0	0.0	0.10944827280150983	1.4087420096802659	False	True
COL4A2	1.3274092167819278	0.03727049302439222	25.414872493470554	12.0	0.0	0.13231025023659237	1.1274021869090405	False	True
COL4A4	1.197579375082695	0.03618089528700155	22.803172083333333	1.0	0.0	0.129590135217456	0.011740880142019836	False	True
COL6A1	0.8675066778302651	0.16664305473718732	25.7412694228926	18.0	0.0	0.3167097293013803	-0.23329468645327645	False	False
COL6A2	2.211346700613588	0.004199005792367359	24.124784219167214	13.0	0.0	0.04285610286834936	1.1379935450443908	False	True
COL6A3	2.2634433569127586	0.0024821037580011057	27.272069478223866	78.0	0.0	0.034643379801844496	1.8387460284453478	False	True
COPA	0.884649875758427	0.14294547313944517	19.828384301017806	2.0	0.0	0.2885413567820939	0.22235063327939783	False	True
COPG1	1.304297822309045	0.057704339231103054	18.310377666666668	1.0	0.0	0.16765518867488668	-0.12404423687702781	False	False
COQ9	-1.1318674445248347	0.14630908207424884	20.134333916666666	1.0	0.0	0.2921219815898793	-0.3707030788195249	False	True
CORO1A	3.4051715595321688	0.0007887717048951775	21.9083562935176	5.0	0.0	0.02038838264271278	1.3587947758069665	False	True
CORO1B	2.999284124194032	0.004099786541753775	25.800264833333333	1.0	0.0	0.04264300269225423	-0.03558948587482469	False	False
CORO1C	3.217492519740728	0.00037213364815838506	20.241471833333332	1.0	0.0	0.01736269278407551	1.5675563637950694	False	True
COTL1	-0.18484651508413177	0.7805866243614059	24.383589280956173	6.0	0.0	0.8348489047894571	-0.06340062914817063	False	True
COX4I1	-2.615423441003816	0.006174138119885122	23.123587536775087	4.0	0.0	0.052240246371877734	0.06619511967250218	False	False
COX5A	-1.7272222504183152	0.044025056627658314	24.34353563496305	7.0	0.0	0.1470202811308099	-0.5551288305332936	False	True
COX5B	-2.372398680106973	0.013819797299234451	23.910969301523767	7.0	0.0	0.07547735448043431	-0.406239192014223	False	True
COX6C	1.2049327465891932	0.05671409540003531	23.329812940744812	4.0	0.0	0.16597512148433272	-0.3703803563609271	False	False
COX7A2	-1.0549668862553885	0.14031842474147815	20.080589083333336	1.0	0.0	0.28415890274476535	0.4377541881164932	False	False
COXFA4	-1.7269682669562112	0.049558543293707756	21.597072082262187	3.0	0.0	0.15474015525549667	0.07918793687289323	False	False
CPPED1	-0.30453286567534005	0.6120938146200927	23.74595766666667	1.0	0.0	0.7063951938336477	-0.5586444121306222	False	True
CPQ	0.5349791235962841	0.31090818980624607	22.031414452565357	3.0	0.0	0.45698746530477036	-0.08231644231999032	False	False
CPT1A	0.5873490867749821	0.32982810896687303	19.618987416666666	1.0	0.0	0.4720502208088551	-0.5048475266955017	False	False
CPT2	-0.727750291319512	0.32667989493894783	16.828562	1.0	0.0	0.47158613146807316	-0.7179890099949392	False	True
CPVL	0.360586795433309	0.4906462343242251	19.695081166666665	1.0	0.0	0.6022488312207654	1.2800201321887699	False	True
CRAT	-0.7485434754462318	0.3146234998863693	18.073153333333334	1.0	0.0	0.459994168538372	-0.7046086766496228	False	True
CRIP2	-0.5719944283118379	0.4300563260687027	17.269826916666666	1.0	0.0	0.5529779373781035	0.3483447704460236	False	False
CRMP1	2.4304813466612436	0.00270190091825145	22.217379549634057	2.0	0.0	0.035683074861221735	-0.3014964915800702	False	False
CRYAB	0.17966826025774915	0.722357907484641	26.073178644322727	13.0	0.0	0.7973312828468379	-0.28273739594089303	False	False
CRYL1	-0.93415506221854	0.16958236401519952	24.515249442570852	13.0	0.0	0.3197782914974836	-0.7092970243084183	False	True
CRYM	-0.6864656373702	0.29033158595688574	20.634596482137667	2.0	0.0	0.4389921109885134	-0.8539149469946588	False	True
CRYZ	-0.9435572339256146	0.1209343405455436	25.795488400732683	19.0	0.0	0.2607513512628434	-0.36066614923168455	False	True
CSE1L	4.247261494656799	0.00011238385723072724	26.47374933333333	1.0	0.0	0.012778394440576797	0.13583994567710386	False	True
CSRP1	1.3079348182341606	0.04692032280881045	21.301087075382185	3.0	0.0	0.15069573245400641	-0.3205624255825615	False	False
CSTB	0.8297030077368225	0.20987880734722672	21.501821166666662	1.0	0.0	0.36217814791927094	1.0073505526505049	False	True
CTNNA1	3.5955153722378084	0.00035986913730179864	25.357787837919137	4.0	0.0	0.017284302976877566	-0.18757307232982476	False	False
CTNNA3	0.5847667094207065	0.35160660154504975	21.025919166666668	1.0	0.0	0.48949154332742223	-0.816083950259792	False	False
CTNNB1	0.542070448511666	0.36157175624152377	21.079311268063314	3.0	0.0	0.49616121469111857	0.33332122978694945	False	True
CTNNBIP1	0.7535800573197137	0.23708998487226088	19.85261525	1.0	0.0	0.3906841022163492	-1.417524153972132	True	False
CTR9	1.1618509304575506	0.051991399998873936	22.232136083333334	1.0	0.0	0.1588336788634446	-0.36572209758672	False	False
CTSA	-0.4056971134328839	0.45100848475695127	19.8166945	1.0	0.0	0.5740158536171563	0.12381968364398144	False	False
CTSB	0.17952965448329072	0.7282176628247555	22.640959664276135	3.0	0.0	0.8007942379749668	-0.02213058462728425	False	False
CTSC	1.0558827504285437	0.061308419887080336	21.40596489872956	2.0	0.0	0.1735123911188946	0.9337265872774436	False	True
CTSD	1.1425213121968605	0.054318860363882476	24.77201729004659	11.0	0.0	0.16275724582425705	0.3830060340475292	False	True
CTSG	3.8534843236740413	0.0005929342346915389	20.41281194085953	2.0	0.0	0.018353952462552576	0.8939634639363866	False	True
CTSL	-0.27002772584845713	0.5978874454993437	20.38268775	1.0	0.0	0.6961666529142433	-0.38723032601030205	False	True
CTSZ	0.1803856608227604	0.7733642936142479	19.707680103352093	2.0	0.0	0.8308578233368861	1.1203609969044053	False	True
CUBN	-0.1725911133204567	0.7932921197480782	23.450862733079862	13.0	0.0	0.8437156446616737	-0.8035438655423954	False	True
CUL1	0.3353884438811021	0.5748945285992345	20.323772333333334	1.0	0.0	0.6768585185310382	0.3528142837001413	False	True
CUL2	0.5097347503747659	0.3010454351254073	17.704232583333336	1.0	0.0	0.4493667235464261	0.019869148125150577	False	True
CYB5A	-1.3903220772379503	0.06010907933609347	23.47605207417462	5.0	0.0	0.17273522488640983	-1.0951210442682129	False	True
CYB5B	0.07515571279041915	0.9073349404799605	19.457836750000002	1.0	0.0	0.9307022348013666	0.34454341048475223	False	True
CYB5R1	-0.6284178908453804	0.323062009969541	21.672138944012005	2.0	0.0	0.46860307730571016	-0.46322377879632565	False	True
CYB5R3	2.2208714882402676	0.001419547330692149	23.02821764145143	5.0	0.0	0.028618775197781228	-0.3755784268112623	False	False
CYC1	-1.6434965799557189	0.05229453232001569	21.668106490356248	3.0	0.0	0.15932270760930153	-0.6477426724915795	False	True
CYCS	-2.965759959878481	0.004952082537737696	23.438211816891094	3.0	0.0	0.0459522809440872	-0.3792997875627497	False	True
CYP17A1	1.5363413980700014	0.07300324784615222	20.80336325	1.0	0.0	0.1942280843595487	-0.2229697942561125	False	False
CYP27A1	-1.0777691596598715	0.1737080022514316	15.957568416666666	1.0	0.0	0.32455968841714855	-0.5878687245585676	False	True
CYP3A4	1.4662689672851836	0.04889250535047525	20.06349875	1.0	0.0	0.15383711221064755	-1.0625143576997864	False	False
CYP4A11	-0.5839579667655216	0.36103861456541897	20.922228522879788	3.0	0.0	0.49585875322567635	-1.292756226849786	False	True
DAO	-0.05583440860039596	0.9302761652951766	21.359822606388175	2.0	0.0	0.9459159264800893	-0.8885438398745253	False	True
DBI	-0.4506894539293623	0.40180282112998655	19.965161833333333	1.0	0.0	0.5322621999157583	0.09882865384618228	False	False
DBT	-1.7633991447365602	0.04072528477364786	20.79231361633408	3.0	0.0	0.13971510511631713	-0.4277988255735372	False	True
DCAF7	0.43295861757452053	0.4712558102414932	24.054538666666662	1.0	0.0	0.5887993405695168	-0.14298527929695726	False	False
DCN	2.565123227910123	0.0005439514994122497	22.41080183705071	2.0	0.0	0.018353952462552576	-0.2438942796781024	False	False
DCP1A	1.6511881656830318	0.019717186434034452	21.501762749999997	1.0	0.0	0.09173266509053636	0.12196131845923397	False	True
DCTN6	-0.10649507460494854	0.8334437372291059	20.795940250000005	1.0	0.0	0.8741256409088823	-0.36973272742281443	False	True
DCXR	-1.1012919999727535	0.13559043591650155	24.892818451231097	9.0	0.0	0.2811516629042134	-1.0326417811300543	False	True
DDAH1	-1.1270324850499094	0.0787076215411419	23.974043122937726	10.0	0.0	0.20433950075784532	-0.5891688356523161	False	True
DDB1	0.6945157404547958	0.29939645517048874	20.497396232435054	2.0	0.0	0.4481341991690267	0.058927890941935686	False	True
DDC	-1.0361175023375644	0.0851554576999196	24.031871500200655	15.0	0.0	0.21261712918894837	-0.6653296086017265	False	True
DDOST	2.270016340266958	0.004938495954750044	19.883541338821367	2.0	0.0	0.0459522809440872	0.7103580885407444	False	True
DDX1	0.9474638658815361	0.1878668424096127	19.012387666666665	1.0	0.0	0.3391827673276474	-0.13637748058818064	False	False
DDX17	0.8549308437524341	0.10594065960131828	21.476377747059484	2.0	0.0	0.24341892493154013	0.27345381008886976	False	True
DDX39A	2.269097095250623	0.005901206335332886	22.16929575098575	3.0	0.0	0.052090107814046493	0.9591570612719323	False	True
DDX56	-1.5787112116546138	0.030934786899865098	20.791442916666668	1.0	0.0	0.11693635881361042	-0.020474012258321572	False	True
DECR1	-1.4240771933031258	0.0690148621403925	24.28098965146025	10.0	0.0	0.18814903151128706	-0.5007562923880818	False	True
DEDD	-0.7798108697091972	0.22820223584700183	19.97900325	1.0	0.0	0.3806478561166027	-0.23121465469164434	False	True
DENND3	-1.1644382416724557	0.09766426738418563	21.146773083333333	1.0	0.0	0.23181068116042897	0.4546629826332324	False	False
DES	3.0264933666292353	0.00217052141244887	24.703903996644758	10.0	0.0	0.03385249772558047	0.11573282925765149	False	True
DESI2	0.7357191793431136	0.2521659327576363	22.755854000000003	1.0	0.0	0.40284160535736235	0.4121443758936882	False	True
DGKG	2.5386676790788667	0.00882311780335896	21.137885416666666	1.0	0.0	0.059049800708545826	-0.11447040168443912	False	False
DHX15	1.3561258597004275	0.029425296898951958	19.409591583333334	1.0	0.0	0.11279697144598251	0.8803019197745839	False	True
DHX9	1.1201941283776775	0.09427635076683578	21.0658933646438	4.0	0.0	0.2257484212389039	0.011112786322320175	False	True
DIXDC1	-0.6048885534315648	0.40510124863605046	15.807010666666665	1.0	0.0	0.5339227917858519	-0.45768446434275073	False	True
DLAT	-2.1443593723958365	0.020133845281204633	22.169672558331225	4.0	0.0	0.0926156882935413	-0.7847501156942344	False	True
DLD	-1.4669330461112768	0.07464889500087789	24.418302589552766	14.0	0.0	0.1978322953924216	-0.49240085882881607	False	True
DLST	-0.9714731836294256	0.1905488787546917	24.005107567954937	8.0	0.0	0.34156566301472174	-0.8000896135564072	False	True
DMXL2	-0.6077607761312602	0.40414355119948264	18.388530833333338	1.0	0.0	0.5332531199723276	-0.03999103316069775	False	True
DNAH17	-0.5868965926765481	0.3985286174368133	21.81005083333333	1.0	0.0	0.5291034408734278	-0.35691390020155245	False	True
DNAJA1	-0.05101436646307664	0.9283570124524095	18.838135666666663	1.0	0.0	0.9445526488067194	0.2205024430902848	False	False
DNAJC7	-0.41210385145913425	0.5349865450124384	21.663212666666666	1.0	0.0	0.6414339412667488	-0.1822868101875517	False	True
DNM2	0.4726564800103919	0.4447882542079571	19.536392833333334	1.0	0.0	0.5675200102250703	0.14369840943158066	False	True
DNM3	0.8726777019397819	0.1404263530404321	19.278088166666663	1.0	0.0	0.28415890274476535	0.3887153958127545	False	True
DNPEP	-0.21644159017172743	0.6710238384408033	21.689313093373972	3.0	0.0	0.7536326878774634	0.09953025403711042	False	False
DNPH1	-0.7935179019343996	0.21142988310766547	23.11591681420336	4.0	0.0	0.36343684117349234	-0.6146009615239244	False	True
DOCK10	-0.2640093044975435	0.6178457481493924	21.865945522702958	2.0	0.0	0.7100225944602095	1.1830895746572756	False	False
DOP1A	-1.1512531388086398	0.1073579718946188	20.95984880349386	2.0	0.0	0.24588438724251405	0.331690121026131	False	False
DOT1L	0.18605843331269928	0.7444552844894565	22.89699675	1.0	0.0	0.8133751370093842	-0.22811841032238764	False	False
DPEP1	-1.0601347146873579	0.08412516672554317	24.03831831113654	7.0	0.0	0.2110236517093886	-0.8325177777567075	False	True
DPP4	0.41562080624653086	0.49878491168028194	22.99685312732396	6.0	0.0	0.6093526412343994	-0.641721382849071	False	False
DPYS	-0.7294175456721996	0.2428132493851898	23.30518466386329	9.0	0.0	0.3953280520897457	-0.9063357475322219	False	True
DPYSL2	2.024695436348241	0.002407191436446417	23.12589942833094	5.0	0.0	0.034182118397539124	0.09329500964295097	False	True
DPYSL3	1.8567944742869078	0.015932638247655152	19.179336083333332	1.0	0.0	0.08161070852695053	-0.015224234347195283	False	False
DSTN	-0.22718448652985684	0.6756719706846696	21.351459135431025	3.0	0.0	0.7572905477886517	-0.1967549492212944	False	True
DUS1L	-1.6400874085672619	0.02598549948406205	22.115570333333334	1.0	0.0	0.106117260246526	-0.27936502394708257	False	True
DUSP3	-2.192205612794912	0.020364114038584024	20.532007166666663	1.0	0.0	0.09281032079900534	-0.4361284169642829	False	True
DUSP9	-0.9969072230759148	0.16161097003153327	19.765663500000002	1.0	0.0	0.3103358781626391	-0.7943503556581017	False	True
DYNC1H1	2.8357565982922366	0.0030767067128155043	24.08002858990615	10.0	0.0	0.03680309000030211	0.8936307567310323	False	True
DYNLL1	0.4902094724755202	0.45473972041870336	19.739842	1.0	0.0	0.5774416512004219	0.35411456798288493	False	True
ECH1	-1.3013349321616439	0.07474741350711826	24.96916921955342	16.0	0.0	0.1978322953924216	-0.7136846983860163	False	True
ECHDC2	-0.20649438729253694	0.7438903031771581	21.57512856967993	2.0	0.0	0.8133751370093842	-0.6888505026309545	False	True
ECHDC3	-1.758232197950885	0.02695859847303283	23.48629111469148	8.0	0.0	0.1075874108635492	-0.9856073536648143	False	True
ECHS1	-1.5533930858207776	0.04877598403107732	25.517783609130912	15.0	0.0	0.15376676046862794	-0.7744785293112683	False	True
ECI1	-1.6661585861161243	0.052441725320187996	22.44330408923219	4.0	0.0	0.15932809154670768	-0.7494504411269102	False	True
ECI2	-0.715294820027211	0.1752488070567569	21.022990787273248	2.0	0.0	0.32594681312492485	-0.7797600353753724	False	True
ECM1	0.24140243273651046	0.6980699380206554	19.18062008333333	1.0	0.0	0.7765463237582679	0.510494853847266	False	True
EDC4	-0.8940624117869427	0.15132259939282963	22.061840250000003	1.0	0.0	0.2975526819792302	0.49025265950860825	False	False
EEF1D	0.7061474134953125	0.26932996218288136	21.10529753790634	2.0	0.0	0.4204740231784372	0.5258919576800068	False	True
EEF2	1.3382180289273902	0.041834342252576574	24.250214355357723	17.0	0.0	0.14232391853845322	0.559199359117697	False	True
EFL1	2.5176872859222152	0.002709553755536739	18.013521333333333	1.0	0.0	0.035683074861221735	0.21928067404667106	False	True
EHD1	0.5513056033757077	0.36509197599828525	20.83130390262845	3.0	0.0	0.49912731064438937	-0.5237376766716252	False	False
EHD2	3.0609562854126637	0.00016164375052874402	22.053533961919047	6.0	0.0	0.01552730850667288	-0.04213566151483585	False	False
EHHADH	-0.3565532199638095	0.5719238016741603	25.147871908742204	16.0	0.0	0.6743332621905442	-0.8934521786941011	False	True
EIF3B	0.6765730374856599	0.2816411043831375	18.755021916666667	1.0	0.0	0.4317663559668076	0.4088915313840363	False	True
EIF3E	-0.6144119917408388	0.38271000948501444	20.912316583333336	1.0	0.0	0.5135978681977698	0.3999956800906592	False	False
EIF4ENIF1	-1.3760750919575893	0.08528915450900378	21.423523083333333	1.0	0.0	0.21261712918894837	0.4799131688608181	False	False
EIF5A	1.0771371350567578	0.08248769631004571	23.29788458474846	6.0	0.0	0.20819537569444305	0.3711101298994124	False	True
ELAVL1	2.038731714266743	0.008057941021950475	20.602965749999996	1.0	0.0	0.0555215936238191	0.24571099912647257	False	True
ELMO2	-1.0631277956463547	0.12284593439002613	20.252143666666665	1.0	0.0	0.2632643187124838	0.08145416576684249	False	False
ELOB	0.8285151490227708	0.16900245156275093	19.489811999999997	1.0	0.0	0.3194224576411716	-0.4433387131432931	False	False
EMC1	0.24568284482294545	0.6980832843093309	19.83884816666667	1.0	0.0	0.7765463237582679	-0.498739924805707	False	False
EMILIN1	2.8519599569802425	0.00022636611857208163	23.761482549509353	10.0	0.0	0.016481199486144352	0.872920149114197	False	True
ENO1	-1.2519177869516191	0.09460116946118814	27.34596500514994	39.0	0.0	0.2257484212389039	0.9339377634317804	False	False
ENO3	-1.3365551706569756	0.07546737037954784	22.687595916666666	1.0	0.0	0.19877131585451877	-0.5210638577693855	False	True
ENOSF1	-0.30513507528262596	0.5980486973722998	19.191207000000002	1.0	0.0	0.6961666529142433	-0.711334422382795	False	True
ENPEP	-0.16909428347703256	0.7754611570283765	21.432923796856105	2.0	0.0	0.8325628332855612	-0.9350651891200789	False	True
ENTPD4	-0.4746447828142648	0.42077461458540816	22.262906583333333	1.0	0.0	0.5462042492988645	0.12450590885337452	False	False
ENTPD5	0.18362752831546	0.749514195559893	18.29257683333333	1.0	0.0	0.8159711208995368	-0.8532193115083663	False	False
EPB41L1	1.1129756876978054	0.1389066416485591	18.846704583333334	1.0	0.0	0.28415890274476535	-0.14028064872650658	False	False
EPHX1	0.9378340969626846	0.19151380813724692	22.700945103399718	5.0	0.0	0.34254331729257853	-0.9098493336300842	False	False
EPHX2	-0.022251424677066044	0.9710217645373723	21.907282395910567	3.0	0.0	0.9800238204508831	-0.8153669095753083	False	True
ERH	1.6981921070409711	0.02753302305764926	20.357345833333337	1.0	0.0	0.10854936767915942	0.43505904959306757	False	True
ERLIN1	1.4384817805221848	0.015882048207830297	19.62786816666667	1.0	0.0	0.08161070852695053	-0.29419323177551165	False	False
ERP29	1.1713749798940762	0.1196296716503491	18.888131	1.0	0.0	0.26012683595874847	0.327302759765481	False	True
ESD	-0.4451175668790883	0.48100847794389395	23.213695943761618	7.0	0.0	0.5947710675786939	-0.3651303307629914	False	True
ESYT1	2.6913474891772524	0.0005956885979885404	18.978168166666666	1.0	0.0	0.018353952462552576	0.8786841349943044	False	True
ETFA	-1.3783453294711003	0.06501106354559286	24.562839333368725	14.0	0.0	0.18085701323671743	-0.6351368761358281	False	True
ETFB	-0.7849738381774672	0.2439147028588471	24.78315427507322	12.0	0.0	0.39629029627505563	-0.7596457910586484	False	True
ETFDH	-0.7444262222838439	0.3174323026558041	16.95117533333333	1.0	0.0	0.46324124239225023	-0.5563199531611713	False	True
EZH1	0.6704777711965246	0.334150493199399	21.68286775	1.0	0.0	0.4765657252354747	-0.19448167835354627	False	False
EZR	-0.17375011260082213	0.7686252568281143	25.913424669294887	24.0	0.0	0.8280000315007144	-0.4592364782164347	False	True
F13A1	2.6810337516930427	0.00035291392484015184	21.923228037917625	5.0	0.0	0.017284302976877566	0.7587532722855808	False	True
FABP1	-1.4182370079007216	0.036729471210914966	23.54864159602037	6.0	0.0	0.130673696051033	-1.0962533025912822	False	True
FABP3	-2.115644945580501	0.004575188368575659	22.51482794674833	2.0	0.0	0.04483310379956886	-0.37130333107865227	False	True
FAF1	-0.10806482110803275	0.8310463621474341	20.796593	1.0	0.0	0.8732938927842728	0.0915270347571522	False	False
FAH	-0.6499953289317364	0.32936943303335453	23.281612120112168	6.0	0.0	0.4718072667925158	-0.666362965503668	False	True
FAM135A	1.2392519444612844	0.11118066643162162	18.340087166666667	1.0	0.0	0.250678697173024	-0.40404422734167805	False	False
FAM162A	-1.3217862757659982	0.08581438446264056	19.64435275	1.0	0.0	0.21261712918894837	-0.31114464506139616	False	True
FAT2	-0.061592441738650305	0.9064889568633177	21.491725916666667	1.0	0.0	0.9304188978993071	-0.29208910566365326	False	True
FAU	0.4985254529042204	0.3568755638352875	22.113251097235175	2.0	0.0	0.492627046274746	0.4607112574716385	False	True
FBLN1	1.0436951512909536	0.09701335799726038	19.38156141666667	1.0	0.0	0.23060089317252722	1.162494916001951	False	True
FBN1	2.0631095407854434	0.003444782385057872	25.38455597102502	31.0	0.0	0.03906478913055211	1.7614950735447665	False	True
FBP1	-1.2515466554805164	0.055548649338367735	24.936288287995186	15.0	0.0	0.16431101016180705	-1.2279068304243155	False	True
FBXO3	2.0326095241685156	0.006165044460286053	22.280271416666668	1.0	0.0	0.052240246371877734	-1.0043246861807544	False	False
FBXO38	0.005181928025371494	0.9926143558097861	20.138770750000003	1.0	0.0	0.99505171457175	0.4092695098528149	False	True
FDX1	-0.553431117801557	0.44402356272858623	17.145199166666664	1.0	0.0	0.5673634412643046	-0.8384961797798608	False	True
FDXR	1.0888913168779852	0.1626745325824979	19.359932415039335	2.0	0.0	0.3103358781626391	0.5888028487006117	False	True
FECH	-1.7806428177553326	0.017113773025344874	20.294414304181945	2.0	0.0	0.08497551695122171	-0.7996302843094343	False	True
FEM1C	3.182540752724111	0.0006438084934191781	24.55537616666666	1.0	0.0	0.01877391553131282	-0.19861796701855625	False	False
FERMT2	0.8590141844684046	0.10765869081121955	20.423515171168642	2.0	0.0	0.24621635986810295	-1.5701501998715477	False	False
FGA	-0.3323746178525804	0.5385550007081903	25.36203639440551	18.0	0.0	0.6433506336184892	0.006058777757682025	False	False
FGB	0.04543715768754063	0.9282472206693904	24.50086064745153	12.0	0.0	0.9445526488067194	0.2827500283176583	False	True
FGG	-0.2574709903855518	0.6168602949218231	25.137802505479915	15.0	0.0	0.710002461485147	0.7079115194477651	False	False
FH	-1.6094182854723948	0.05780151330309933	23.685845074059234	10.0	0.0	0.16765518867488668	-0.5858058314075776	False	True
FHL1	1.7896185472757906	0.016309847112399196	18.329792166666667	1.0	0.0	0.08245814345061266	0.8166222821250254	False	True
FIS1	-0.9608600075688581	0.16205002878407282	19.452561	1.0	0.0	0.3103358781626391	-0.3645881513414304	False	True
FLNA	2.123838971040491	0.001895234401661159	26.8215891039706	59.0	0.0	0.031031496075903057	0.8295240000175879	False	True
FLNB	1.3749892524646627	0.029123879605293806	21.023264196970363	4.0	0.0	0.11268224493763661	0.9970676056915863	False	True
FLOT2	-0.44611176958480414	0.39330456659150365	20.28418783333333	1.0	0.0	0.5238714170015705	0.7087390810628595	False	False
FMO1	-0.3549512659115407	0.5556371271597557	21.938112488035987	4.0	0.0	0.660375130023203	-0.6200355321306047	False	True
FN1	1.0485080778366662	0.12642466330714924	23.58421987188262	6.0	0.0	0.26751831174549784	1.6890471225734478	False	True
FN3K	-1.2257822563822833	0.08015361339515736	19.76167817176724	2.0	0.0	0.20561632178639816	-0.9425119576983289	False	True
FTCD	-0.22196130328335545	0.7129638580471391	23.008249478128672	8.0	0.0	0.7904073185274801	-1.0352859831190713	False	True
FTH1	1.3106748437734832	0.05020541605864005	23.63363322432518	5.0	0.0	0.15646077180106716	0.0423486966232203	False	True
FTL	0.9127397272179167	0.1378337821197697	25.52035851019745	9.0	0.0	0.2840864112623842	-0.3568924679931169	False	False
FUBP1	0.7701253940339821	0.14790201039327916	20.55709958333333	1.0	0.0	0.29343178690594923	0.6842287467191831	False	True
FUS	2.236377887192108	0.007912355475501707	20.009736416666666	1.0	0.0	0.05547022799652723	0.5885552739517365	False	True
FYCO1	-0.3130669860804717	0.6071507926131926	21.693990499999998	1.0	0.0	0.7031753505938607	0.07712451887514211	False	False
FZD3	-1.3255820192410968	0.06269087174761889	22.054373	1.0	0.0	0.1759006762265664	0.3522611834344607	False	False
GAA	1.0146892170938482	0.11442031930682506	19.95722058321579	2.0	0.0	0.25275243673719733	-0.17265871344028524	False	False
GALE	-0.2479015915992895	0.6062512165325764	18.835494750000002	1.0	0.0	0.7026318215739512	0.2563978064479555	False	False
GAMT	-1.1172515363486883	0.1141290060840485	20.204239416666667	1.0	0.0	0.25275243673719733	-0.5611120382845697	False	True
GANAB	0.8009443736806892	0.23206336667060265	24.27805176484847	14.0	0.0	0.3851214205011119	0.08180410027195655	False	True
GAPDH	-1.2448680381034802	0.046971296888603346	28.185072699248902	56.0	0.0	0.15069573245400641	0.21352296923899491	False	False
GAPDHS	-0.8567347958843161	0.12103461375213427	24.22945108333333	1.0	0.0	0.2607513512628434	-0.12786747362703083	False	True
GATM	-0.9486818776816206	0.16711789777629932	27.483069388206697	35.0	0.0	0.3169611231924469	-0.9640393545321481	False	True
GBE1	-0.10412103910414788	0.8626174131243959	20.814969896265012	3.0	0.0	0.8966608756410812	-0.43583555086456566	False	True
GBF1	1.00825147537424	0.11012630128296669	22.577150083333336	1.0	0.0	0.24942614423728796	0.07383456077331403	False	True
GC	-0.5897420311596127	0.3099986260051398	21.382259782656263	2.0	0.0	0.4561855299518928	-0.6399088241273415	False	True
GCDH	0.3451991808189755	0.5010402798820219	21.07124903804289	3.0	0.0	0.6105961022741356	-0.7995683617032721	False	False
GDI1	0.2681083857064571	0.6434204536729554	22.49716283602038	5.0	0.0	0.7296566672555113	-0.12015150629526121	False	False
GDI2	0.34973517834412127	0.5628720412168332	22.02898941060919	4.0	0.0	0.666548254754959	0.5872042208354612	False	True
GET3	0.5376125021713217	0.3991343900797775	20.180859666666663	1.0	0.0	0.5294772209587951	0.12459426881591988	False	True
GFUS	0.48611819067530376	0.408244591234548	18.7935765	1.0	0.0	0.5371985636470724	1.0710204122545182	False	True
GGH	-0.20464909899633538	0.7343177943017051	20.91157088141401	2.0	0.0	0.8069589220018065	-0.5545087814284719	False	True
GGT5	5.540515137826577	1.6495423754513886e-06	23.969815670207073	12.0	0.0	0.0026937026991121177	1.3838375279364497	False	True
GIPC2	1.8503085413058427	0.013366403142528151	19.14869625	1.0	0.0	0.07402800327868564	-0.8182150545426502	False	False
GLDC	-0.731697764336835	0.19105324019961806	19.10158225	1.0	0.0	0.34209423382234244	-0.6204477613378708	False	True
GLO1	0.24804286546430596	0.60264279953776	19.764230666666666	1.0	0.0	0.6999400367319787	-0.741397984514291	False	False
GLOD4	-1.0523167304825507	0.09355788072530036	22.16254906108369	3.0	0.0	0.22500739208308615	-0.012762899649927476	False	True
GLRX	-1.1413054725555232	0.04272223651553123	22.25790004293647	2.0	0.0	0.14414341369806302	-0.1972417519740953	False	True
GLRX5	-1.025653479897355	0.16265333291496392	18.755714666666666	1.0	0.0	0.3103358781626391	-0.768019584222523	False	True
GLS	-1.2004809225945885	0.10894324836178564	23.456893259745247	11.0	0.0	0.24812318629678654	-0.34720735932375496	False	True
GLS2	-1.210660291948303	0.1369333866448415	16.574719916666666	1.0	0.0	0.28305344353294454	0.44185542558736435	False	False
GLUD1	-1.5932285926051568	0.02060490697357745	26.278611373732577	27.0	0.0	0.09346614746625549	-0.8148617895506757	False	True
GLYAT	-1.4098889331331506	0.04600033973404065	24.652053951714468	10.0	0.0	0.15053818594326326	-1.0152128039802673	False	True
GM2A	-0.44485291692297707	0.4513388585697665	20.639697605663486	3.0	0.0	0.5740158536171563	0.6141235968812969	False	False
GMPR	-1.7230173652023788	0.037391635578748035	20.270813333333333	1.0	0.0	0.1324523663776476	-0.10384347219154196	False	True
GNA11	3.241610247980256	0.0007764497597331285	19.42781158333333	1.0	0.0	0.02038838264271278	-0.3515047634622454	False	False
GNA12	2.6100846949147143	0.0022267393258723098	21.960976333333335	1.0	0.0	0.03385249772558047	0.10117073685779589	False	True
GNAI1	1.4019379278576645	0.04778891993185434	20.66661325	1.0	0.0	0.15242052001702763	0.8589364496417654	False	True
GNB1	2.152369628919439	0.00801651794683431	23.372001507017767	6.0	0.0	0.05547022799652723	0.6331007841204342	False	True
GNB2	0.391126552591523	0.5622801425569482	19.563935083333334	1.0	0.0	0.6663305317819278	0.5967148966485941	False	True
GNS	0.873973816105741	0.14941648850198425	20.247493666666667	1.0	0.0	0.29474491846771145	-0.35886080453177166	False	False
GOLGA4	-0.6774876695434489	0.313345967898419	20.889247916666665	1.0	0.0	0.4589183547785814	-0.5201723446832434	False	True
GOT1	-1.389410412438162	0.03939148621777816	23.10522297611831	7.0	0.0	0.1362845275288808	-0.7411162776849963	False	True
GOT2	-0.8455303596681321	0.2100322756151559	24.895584136137966	14.0	0.0	0.36217814791927094	-0.4291842778238417	False	True
GPD1	-0.637625007711056	0.26981916878603696	24.679154782732383	12.0	0.0	0.4208354370846212	-0.6437161909022019	False	True
GPD1L	-0.4326001049511493	0.46562025540773205	18.71769925	1.0	0.0	0.5854726053275638	-1.198783351894022	False	True
GPI	-0.2958259771851157	0.6219234015754879	25.016850744973187	14.0	0.0	0.7142059878852122	0.2126524538934613	False	False
GPNMB	3.00888689030358	0.0010236199887033856	19.708141833333332	1.0	0.0	0.024225673065980124	-0.06544793500701528	False	False
GPS1	1.319083250305861	0.025992596791473643	14.462035809928151	2.0	0.0	0.106117260246526	-0.3944900539769871	False	False
GPT	-1.6507876301292992	0.03273499320328544	19.921816233089707	2.0	0.0	0.12183700750829635	-0.8523738874240124	False	True
GPX3	-0.7824428326793545	0.15754834537795695	24.604557976518297	9.0	0.0	0.3059172984568415	-0.7799246366560059	False	True
GRHPR	-0.7950031433229273	0.17137585127913985	24.481842658708235	8.0	0.0	0.3220446089054492	-0.9198367539402105	False	True
GRPEL1	-0.7992909659067988	0.26745621448122403	20.0431245	1.0	0.0	0.419554273052679	-0.9765886584019067	False	True
GRTP1	-0.7820646342234068	0.2514309118927568	20.959191	1.0	0.0	0.40284160535736235	-0.5345943019244236	False	True
GSN	1.6467063400842332	0.014011584456714823	24.829212968183644	17.0	0.0	0.0755151882217709	0.07408092817843144	False	True
GSR	0.6000970389183427	0.3664586698337347	21.297157249999998	1.0	0.0	0.5003570299652916	-0.44572275720660953	False	False
GSS	-1.2003939937945818	0.11368454790253281	21.802250437783204	2.0	0.0	0.25275243673719733	-0.1811096390395358	False	True
GSTA1	-0.41375231116700645	0.5220274170867235	26.570312286224084	14.0	0.0	0.6291297211089443	-0.981048537893317	False	True
GSTK1	-1.1649753784411965	0.09441616575208713	23.077332982432154	5.0	0.0	0.2257484212389039	-0.1841703572238135	False	True
GSTM3	-1.4774065825498255	0.017864009399689573	22.33743302586213	8.0	0.0	0.08679397255948164	-0.4226441288064276	False	True
GSTO1	-2.314816086997403	0.002363248463390186	22.0598761772265	3.0	0.0	0.03385249772558047	0.029908753813841404	False	False
GSTP1	0.10605915381656808	0.8592211769398667	25.172680579484567	13.0	0.0	0.8941428211865488	0.6473811113268683	False	True
GSTZ1	0.11124633044046915	0.8389151784196798	20.109894841639797	2.0	0.0	0.8787353985627563	-0.06964333260326704	False	False
GTF2B	0.35209909423013247	0.5955761953663565	20.904745000000002	1.0	0.0	0.694697090738043	-0.3599425618146397	False	False
GTF3C2	0.05484163611742603	0.9242941218361088	21.633230333333334	1.0	0.0	0.9433576880989786	0.042079583433878076	False	True
GULP1	-0.3367351236002917	0.5652824679772505	22.594314916666665	1.0	0.0	0.6684332152113324	-0.5606954754319053	False	True
GZMA	2.5666122347989413	0.0014720828532460348	22.648424333333335	1.0	0.0	0.029315991455497254	1.542764540348072	False	True
H1-0	0.4974350548583996	0.3464083580023758	23.967838411206532	4.0	0.0	0.4863243401212642	-0.3470901586442457	False	False
H1-1	1.4124938936383142	0.025940853572137455	24.23013525295987	7.0	0.0	0.106117260246526	0.0035284414982037124	False	True
H1-2	2.1116282618399227	0.004556630154263172	25.26675049308659	3.0	0.0	0.04483310379956886	-0.11635808879519614	False	False
H1-5	2.5141506128522635	0.0025154725209499944	21.265719083333334	1.0	0.0	0.0348115815822995	0.2054688206340339	False	True
H2AZ2	0.6789236799495418	0.2895276350103164	22.473602041724448	2.0	0.0	0.4389717995070058	-0.3884452731829669	False	False
H2BC3	2.683399525883909	0.0014126197921446161	26.997253778864504	13.0	0.0	0.028618775197781228	0.3288490861380662	False	True
HABP4	-1.3340413189483558	0.07049759742436991	19.734420749999998	1.0	0.0	0.19028525056858853	-0.24057870424900227	False	True
HACL2	0.5163463990923653	0.39723717647227913	18.87767566666667	1.0	0.0	0.5278179895681301	-0.6018876443966673	False	False
HADH	-1.7467344254196997	0.03431615312980142	24.530651524859703	9.0	0.0	0.12463686063118014	-0.9813020713116263	False	True
HADHA	-1.2939942323487168	0.07696507130061596	25.210223069529334	21.0	0.0	0.2010943382942494	0.09654735329839227	False	False
HADHB	-1.151786984708461	0.12054093293206933	25.31036468097125	15.0	0.0	0.26071966023585325	-0.6204004381105374	False	True
HAGH	-1.4905467009543496	0.05737918790490937	20.787999741523446	2.0	0.0	0.1673218104441375	-0.855443736510051	False	True
HAO2	0.057053043793587575	0.9217950046654676	20.97720493768865	2.0	0.0	0.9419845072707813	-1.0195183842451088	False	False
HBB	-0.5336402560824454	0.3811201571829642	30.866855778001774	72.0	0.0	0.5126554897662161	0.41126508662587896	False	False
HEATR1	0.6714978351291311	0.2771075521276622	19.727002833333334	1.0	0.0	0.4281141273646853	0.997106122630392	False	True
HEBP1	-1.1069078934387961	0.13322167879157143	20.215626791857083	2.0	0.0	0.2785544192914675	-0.5893880777139785	False	True
HERPUD1	0.6284843190562948	0.29742632174830286	21.163219416666667	1.0	0.0	0.44723497552023805	-0.5125340083512743	False	False
HEXB	1.2061440323960657	0.05561079642455031	19.59662366666667	1.0	0.0	0.16431101016180705	0.5019676957321354	False	True
HGD	-0.7489292873101743	0.2980627109663119	20.945300064386682	3.0	0.0	0.44736802114704716	-0.6941155295855337	False	True
HIBCH	-1.4306098845405644	0.026144171086949664	24.284043869550132	12.0	0.0	0.106117260246526	-0.5109947533215877	False	True
HINT1	-1.2333919796195754	0.04685963618216595	23.061223107237513	5.0	0.0	0.15069573245400641	-0.035775418548761616	False	True
HK1	0.7839743501346607	0.23153285394959344	19.138798999999995	1.0	0.0	0.3846318926751639	0.7093944897224405	False	True
HKDC1	1.1734136756469364	0.061242166990092196	19.84041925	1.0	0.0	0.1735123911188946	0.5841163172446442	False	True
HLA-DRA	2.033930323810356	0.002605426577554462	19.884087583333336	1.0	0.0	0.03545551334288697	1.0538336571606317	False	True
HMGCL	-0.9711140976394208	0.17869420374473574	21.94140175243531	4.0	0.0	0.3297261409210774	-0.8569920400962165	False	True
HMGN4	1.069815647547402	0.0913451561001068	20.290259333333335	1.0	0.0	0.22199936458370015	0.28377444475547237	False	True
HNMT	-0.7482380913715202	0.215328444661459	17.92701466666667	1.0	0.0	0.3678152198035173	-0.6161303655048203	False	True
HNRNPA2B1	1.5458798806955634	0.06812875643310429	25.000394781651618	18.0	0.0	0.18605808107469127	-0.034623090954521436	False	False
HNRNPAB	-1.4382973378539858	0.048278478857182006	24.740362999569886	2.0	0.0	0.15322627045376275	0.938795269581446	False	False
HNRNPD	2.4028903552726852	0.006462624117254861	22.05418204278276	3.0	0.0	0.052504801907846704	-0.15149410418551565	False	False
HNRNPDL	2.1129530508967886	0.01262551949074404	21.309612583333337	1.0	0.0	0.07285326264447002	-0.45414940451844377	False	False
HNRNPF	1.0097008490481783	0.13840278754964833	19.13334108333333	1.0	0.0	0.28415890274476535	0.7056112358361176	False	True
HNRNPH1	1.9089623871418093	0.01580240657542009	21.84932570132175	3.0	0.0	0.08161070852695053	0.545004587196794	False	True
HNRNPH3	2.1056193579732168	0.010379800019296717	21.222442665876027	3.0	0.0	0.06469547111263946	-0.10402336770079353	False	False
HNRNPL	0.7294977552818261	0.28712046663694574	21.700737392826554	4.0	0.0	0.43696898603740203	0.2674265871600347	False	True
HNRNPM	2.4691401232002366	0.0017370367237688547	22.90831821505178	9.0	0.0	0.030500870644242364	0.08078119295051427	False	True
HNRNPR	1.4185080962421324	0.027012148471558587	20.117751083333335	1.0	0.0	0.1075874108635492	0.3661146715533777	False	True
HNRNPU	0.8054759057191776	0.15967303621997314	23.06272682413642	7.0	0.0	0.30857522857658715	0.3078376109438634	False	True
HNRNPUL2	3.9854447959710653	0.0001017349297886156	22.815533166666665	1.0	0.0	0.012778394440576797	-0.49742531027940456	False	False
HP	-0.17636412291660813	0.7228424632466403	24.721987609167225	11.0	0.0	0.7973312828468379	0.5848214109334388	False	False
HP1BP3	2.8393650438910587	0.0002576319686759967	21.232763502097608	2.0	0.0	0.016481199486144352	-0.45023276769493137	False	False
HPD	-1.0562991992353796	0.10576023157406772	21.495398869636762	3.0	0.0	0.24341892493154013	-1.052962381312654	False	True
HPR	-0.24866369930074797	0.6234778697716299	23.688139728849617	4.0	0.0	0.7149855065569323	0.4708223338722511	False	False
HR	-0.4910493814570022	0.380818655232606	19.11288416666667	1.0	0.0	0.5126554897662161	0.1554208113615252	False	False
HRG	-0.1012718771446028	0.8513787822360561	21.16576999219311	2.0	0.0	0.8878043112333842	-1.523829367019368	False	True
HSD11B2	-0.46167528289312315	0.49124032038338006	23.069110179187124	7.0	0.0	0.6022488312207654	-1.0274820870181842	False	True
HSD17B10	-0.547571239308778	0.4094027730204469	23.71062537263551	7.0	0.0	0.537918204450506	-0.1755758792371308	False	True
HSD17B4	1.0116146286129475	0.12429750332255639	22.06103650964012	3.0	0.0	0.264984103036207	-0.15804488526091284	False	False
HSDL2	-1.213858109419957	0.10364942517556387	22.398541552315873	6.0	0.0	0.24076744141066259	-0.6812460642191146	False	True
HSP90AA1	-0.5601619670873301	0.34120057595078734	24.179565821774364	11.0	0.0	0.4824073943962214	-0.22997131720488176	False	True
HSP90AB1	0.8236003905327111	0.1713422381053937	23.78456607115305	7.0	0.0	0.3220446089054492	0.3561039962408988	False	True
HSPA12A	0.7552792795010048	0.23795398800999076	19.1120095	1.0	0.0	0.39088589273639435	-1.0978529055119683	False	False
HSPA2	-0.29496444198762173	0.616958660653658	23.395753869540197	7.0	0.0	0.710002461485147	-0.5727231788883521	False	True
HSPA4L	1.8468119408520576	0.0052301052743485375	20.234959583333335	1.0	0.0	0.04771375370397297	-0.6292644804565722	False	False
HSPA5	0.6183014610892227	0.31159540034955036	24.964778754205994	14.0	0.0	0.45752675397556325	0.3042386952783966	False	True
HSPA9	0.6403674064053246	0.2789730299148775	26.104771591317746	18.0	0.0	0.4289670036261723	-0.8603365794436075	False	False
HSPB6	2.9011129757305376	0.002311158131342735	19.72268313325702	2.0	0.0	0.03385249772558047	-0.07140534282187792	False	False
HSPG2	0.35207684452283544	0.4828323217303363	27.36199897087756	61.0	0.0	0.5964184428030553	0.6440453808623557	False	True
HSPH1	1.19582230786752	0.05042273021732894	21.95296191666667	1.0	0.0	0.15654052936292426	-0.09510299988523237	False	False
HTR6	2.5991909379586406	0.004263301287607465	20.941467	1.0	0.0	0.043024467083028844	-0.39299147828951814	False	False
IARS1	2.2432492950802962	0.004652450319012279	18.250554333333334	1.0	0.0	0.04505508570522107	-0.4420952801445976	False	False
IARS2	-1.5920598809148023	0.021960353415900018	19.0050835	1.0	0.0	0.0979815768529091	-0.18648070411885323	False	True
IDH1	-0.22695752058255894	0.7126156822946609	25.111236275859287	14.0	0.0	0.7904073185274801	-0.46943490365197843	False	True
IDH2	-4.168073993432549	0.0002444747095079764	26.5880518648565	21.0	0.0	0.016481199486144352	-0.2983833722478265	False	True
IDH3A	-1.5375950613775982	0.055727797605624164	20.285023	1.0	0.0	0.16431101016180705	-0.15779392413178547	False	True
ILF2	2.4774738032928165	0.00856956114406141	21.363264528337115	3.0	0.0	0.058071617952490516	0.44916622065880013	False	True
ILF3	0.14564985158547109	0.7650059751856312	23.16200909743158	3.0	0.0	0.8266495850685238	0.4597975519741755	False	True
ILK	2.1267753569828547	0.0023091545785495007	21.485226235674165	3.0	0.0	0.03385249772558047	0.6370482147358865	False	True
IMMT	-0.9390335043793946	0.08222316588575299	22.115157093700017	3.0	0.0	0.20784896268023934	-0.45330647489987336	False	True
IQCC	0.6741937453462785	0.27873554607300133	22.738356166666666	1.0	0.0	0.4289670036261723	-0.16363757546773058	False	False
IQGAP1	3.211704220834387	0.00011737655640456336	23.477559319161077	8.0	0.0	0.012778394440576797	0.6510529045317414	False	True
ISOC2	-0.8448371069643603	0.2297746768478938	22.16915101869334	2.0	0.0	0.3828796400945006	-0.6436667759100523	False	True
ITGA6	1.7830226892537606	0.004980743249910248	22.90150809701598	2.0	0.0	0.0459522809440872	-0.2724071582945752	False	False
ITGAE	-1.402187007375213	0.05583533156403924	22.975147916666668	1.0	0.0	0.16431101016180705	0.6236925523096654	False	False
ITGAM	0.07477123177575358	0.8875053162956905	21.69526133333333	1.0	0.0	0.914959710549787	1.4880608752582682	False	True
ITGB8	-0.7533554047030844	0.2433498121599423	22.110957166666665	1.0	0.0	0.39580701519640016	0.31955857291734835	False	False
ITIH4	0.35669917955342423	0.5251749000791968	21.03518105018641	2.0	0.0	0.6319901339936096	-0.28043381361682096	False	False
IVD	1.7060171226613265	0.020403493672285927	23.573353309091697	5.0	0.0	0.09281032079900534	-1.1388717958968846	False	False
JAG2	-0.2340365036129032	0.7023122887706162	23.45724475	1.0	0.0	0.7801877330356572	0.4518067789311566	False	False
JCHAIN	3.2371110946207606	0.003150150751532813	22.063988101740534	4.0	0.0	0.0370086055917488	1.3629808475681615	False	True
JRKL	3.145150035046736	0.0018990687221884471	21.505694166666668	1.0	0.0	0.031031496075903057	0.3853764978001024	False	True
JUP	-0.6009653920580188	0.3742365558709333	19.62578547332996	2.0	0.0	0.5080035708538937	-0.3640676006071742	False	True
KARS1	1.0258253377099853	0.061193754147160266	18.412801166666664	1.0	0.0	0.1735123911188946	0.7884347848759562	False	True
KAT2A	-0.9409487961954746	0.10458259751508787	24.118554083333333	1.0	0.0	0.24197018133480963	0.15141837747780165	False	False
KAT8	0.6291382310333117	0.30730093323286783	19.6750905	1.0	0.0	0.4548383362012905	-0.15961530725303572	False	False
KCNK15	1.8267451758419968	0.010228440073054106	20.880061583333333	1.0	0.0	0.06442487559000236	0.6998593180050191	False	True
KCTD12	2.4940576221378454	0.0016919637939970399	19.1372305	1.0	0.0	0.030500870644242364	0.8299112044334893	False	True
KDM3A	0.5248201549569802	0.28835865138966565	18.924006416666668	1.0	0.0	0.4384447651017915	0.27827678523537097	False	True
KHDRBS1	1.1168634463187597	0.07525605826136608	20.14014912695771	2.0	0.0	0.19873816219445328	0.012967322806386553	False	True
KHK	-0.9416075261443588	0.17792716982791057	23.75151191087824	7.0	0.0	0.3294275151122199	-0.9142671356768703	False	True
KIAA1614	1.7817586749820402	0.010996960103585852	23.91206275	1.0	0.0	0.06602219062189595	0.16381936868940197	False	True
KIF3B	1.1115770515164614	0.08020673421796426	22.108178499999998	1.0	0.0	0.20561632178639816	-0.27432039339038883	False	False
KIFBP	-0.8803950598913473	0.24816788132260212	19.269982583333334	1.0	0.0	0.39887613208642647	-0.1081474266178688	False	True
KLF8	-1.2947700494011207	0.09135552541350062	20.590276833333338	1.0	0.0	0.22199936458370015	0.6715544617330537	False	False
KMT2A	0.7616933350497088	0.25415546457397664	21.75490358333333	1.0	0.0	0.40412451182989667	0.7864202841734177	False	True
KNG1	0.31700163592246183	0.5316142729710354	21.747934123250257	3.0	0.0	0.6383280204130153	-0.9753615486398569	False	False
KPNB1	0.7717468618956735	0.20750379046123613	19.441646083333335	1.0	0.0	0.3604826487480836	0.18761432475550474	False	True
KRT10	0.8959136942416625	0.18623367300260532	21.64327975609864	2.0	0.0	0.33808268346090087	0.39010370011074835	False	True
KRT19	0.34720890073755806	0.5697379222772951	24.32512244900487	14.0	0.0	0.6727274237735524	1.340874001608091	False	True
KRT7	1.3683606977447895	0.03617842948740733	22.235456756620323	7.0	0.0	0.129590135217456	0.8639341434177652	False	True
KYNU	-0.6342898115940899	0.27749006681051464	22.123814416666665	1.0	0.0	0.4282998857292726	-0.5442073975162137	False	True
LACTB2	-0.6930930409775988	0.3472540689145155	17.086839833333336	1.0	0.0	0.4863243401212642	-0.11333524427326074	False	True
LAMB1	0.4411827976661526	0.46559068702530165	20.39671738939099	2.0	0.0	0.5854726053275638	0.8166481080993996	False	True
LAMB2	0.8114955310694236	0.16439809906879557	22.739203448650557	6.0	0.0	0.31289288552371	-0.5124071532119531	False	False
LAMC1	1.642223449462022	0.01387600095670445	23.29100634112793	7.0	0.0	0.0755151882217709	1.5186230745577127	False	True
LAMP1	3.6009747831727847	0.00033871454528865196	19.208011583333334	1.0	0.0	0.017284302976877566	-0.30670690080492075	False	False
LAMP2	2.7810773391457064	0.0014191993707006138	21.11411191666667	1.0	0.0	0.028618775197781228	-0.37182958868340954	False	False
LAP3	-0.32315469115805334	0.5800038996090722	23.15793698820323	6.0	0.0	0.6801701863519762	0.3290862519068653	False	False
LASP1	0.5725426409027862	0.2618013277708456	20.2230196372994	2.0	0.0	0.4129983586850074	0.8349500375574145	False	True
LCP1	0.17296354440242712	0.7805730991576889	22.128769917674504	6.0	0.0	0.8348489047894571	1.1059170089096326	False	True
LDHAL6B	0.13680436861236425	0.8231088378056814	24.68418471135251	3.0	0.0	0.867184988475276	-0.10889050819782377	False	False
LDHB	-1.4389010088854066	0.056302790701472885	27.03283312373289	21.0	0.0	0.16536413168256334	-0.3288033891585055	False	True
LGALS1	1.8327890380093377	0.00853091123188293	22.789822312519373	5.0	0.0	0.058071617952490516	1.0867830451817333	False	True
LGALS3	1.3855815233101942	0.04618915761995967	22.018464831457255	3.0	0.0	0.15069573245400641	0.6624485923834472	False	True
LGALS3BP	2.7552814811523976	0.010849105516251548	22.25823576801058	8.0	0.0	0.06602219062189595	0.13996787123604068	False	True
LGI2	0.21113963650675338	0.7238153060490554	23.019694916666666	1.0	0.0	0.7973312828468379	0.1930908359580861	False	True
LHPP	1.0988562487365143	0.11453570311422293	18.836011166666665	1.0	0.0	0.25275243673719733	-0.991367191185318	False	False
LMAN1	-1.4403460174254576	0.015188871354231739	19.265871750000002	1.0	0.0	0.07894204291224384	-0.6067667414719147	False	True
LMNA	2.0960620720754926	0.0023062940186508725	26.22506082810871	30.0	0.0	0.03385249772558047	0.12733426000817033	False	True
LMNB1	1.7190128547653414	0.007465125623554601	18.424371750000002	1.0	0.0	0.055160860376763175	0.799165256077694	False	True
LMNB2	-0.23624280136464015	0.7170403678968894	23.32127876758904	2.0	0.0	0.7933109219347021	0.7608771612721569	False	False
LONP1	-0.32683393821791096	0.6369002465542306	21.369728497971153	4.0	0.0	0.7237704263208481	-0.6744547277954233	False	True
LPP	1.1021725497919894	0.04738097887575801	20.538103833333334	1.0	0.0	0.15171203628257418	0.6078287825511226	False	True
LRP2	-0.26736718017178707	0.6352817722645017	25.148673117386107	27.0	0.0	0.7237704263208481	-0.3275950156052421	False	True
LRPAP1	-0.16542622321725342	0.7690505406787946	19.786480833333332	1.0	0.0	0.8280000315007144	-0.4910464611819209	False	True
LRPPRC	0.14414793938787587	0.8121802265436386	23.572603446840432	11.0	0.0	0.8578850646479702	-0.5884461453810045	False	False
LRRC47	-0.32617891978470337	0.5595630488844284	19.51670408333333	1.0	0.0	0.6640744613577556	-0.4450964293190656	False	True
LRRC8E	0.0008695112128846578	0.9988793716978891	20.966595833333336	1.0	0.0	0.998879371697889	0.6270540038097748	False	True
LRRFIP2	1.896766949104721	0.0033925985991362733	21.852679583333337	1.0	0.0	0.03874205253419254	-0.3765412668094628	False	False
LSM14A	-0.6723490960179717	0.3196957013568461	21.369049083333334	1.0	0.0	0.4652968630264971	-0.5833410956678514	False	True
LTF	2.7723504865138318	0.002758194462588313	20.45074674787859	2.0	0.0	0.035747075852434244	1.7631554830505036	False	True
LUM	0.433481981271417	0.4684272565216673	22.574803483759155	4.0	0.0	0.5870619415962262	1.7160527114116768	True	True
LYPLA1	-2.098462152076902	0.019169502422843897	18.861805666666665	1.0	0.0	0.09000456878243031	-0.25095365463683883	False	True
LYPLA2	-0.05241251098481262	0.9252338517577049	21.369627635561802	2.0	0.0	0.9437269705935866	0.28234783327210927	False	False
LYRM1	3.1488730284814115	0.001900275326142257	21.771003083333337	1.0	0.0	0.031031496075903057	-0.5555152913446576	False	False
LYST	-0.43531313622177475	0.43662875118416755	21.828958	1.0	0.0	0.5601058528544742	0.6560333738318979	False	False
LYZ	0.7219008037356608	0.2038237119593691	23.839817301636028	7.0	0.0	0.3575124829534369	1.7595620937295637	False	True
LZTFL1	2.5066034809501163	0.002581515890301162	24.103961916666666	1.0	0.0	0.03542533990640166	-0.7015259172942762	False	False
MACROH2A1	-0.17932817958797231	0.7582607801940694	21.28825594365059	2.0	0.0	0.8216588281731356	1.343413099090898	False	False
MACROH2A2	0.9895033485516953	0.09330180696187929	22.17735176868271	2.0	0.0	0.22500739208308615	0.9808487907637574	False	True
MAOA	-0.9469803430469986	0.11356431531315363	23.94561777876449	7.0	0.0	0.25275243673719733	-1.1088934912385695	False	True
MAOB	-1.378030192546768	0.046968278368198155	24.343361930469385	14.0	0.0	0.15069573245400641	-0.7582436375021783	False	True
MAP3K8	0.039147560674901674	0.9503683020517849	21.584114083333333	1.0	0.0	0.9627490305524595	0.7007714477911242	False	True
MAPRE1	0.7738358715024226	0.2620091791703856	18.718045	1.0	0.0	0.4129983586850074	0.33700457350381713	False	True
MAT2B	0.3480740332405926	0.6002595391586912	20.10183508333333	1.0	0.0	0.6981651192636344	-0.2947548177868394	False	False
MCCC1	-0.8167073892951687	0.27859340626194895	18.437490217348238	2.0	0.0	0.4289670036261723	-0.6294172824375005	False	True
MCCC2	-0.6406174432347638	0.34266806085404766	21.932774921627445	4.0	0.0	0.4832270668174955	-0.8041544940000301	False	True
MCM3AP	0.7251770719262723	0.19491648914300222	23.92472752076274	2.0	0.0	0.3448522500222347	0.7033086640279779	False	True
MDH1	-1.155974349757705	0.07302880820377397	24.474203936649463	15.0	0.0	0.1942280843595487	-0.18185106933239062	False	True
MDH2	-1.735128488849359	0.03855439068612414	25.776102474484304	15.0	0.0	0.13557243784957573	-0.4253359019012957	False	True
MED13L	-0.4173158289514289	0.4633998583123906	22.753192916666666	1.0	0.0	0.5843490105205666	0.1407452588286446	False	False
MEGF8	0.26933551426916424	0.6834626762273156	20.733853166666666	1.0	0.0	0.7639250857489436	-0.2468501836404391	False	False
MFAP2	0.8960965182587901	0.1313966840962873	20.4448395	1.0	0.0	0.27544388334947	1.3457282103340065	False	True
MFAP4	0.8244347425744774	0.11657853373038427	17.549355	1.0	0.0	0.2548497263476807	1.3430143273252027	False	True
MFAP5	2.264942810430468	0.0029441367842199286	19.219220250000003	1.0	0.0	0.03642254067144806	0.18436878742246524	False	True
MFGE8	1.7672567155455534	0.013944427212593946	20.906660135120774	2.0	0.0	0.0755151882217709	0.85201529964636	False	True
MGA	-0.14416619807640774	0.7655529777066148	21.237528	1.0	0.0	0.8266495850685238	0.6607651804217581	False	False
MGAM	-0.37499698191265163	0.5572797751572202	19.776404333333335	1.0	0.0	0.6618457256958112	-0.806954438699746	False	True
MICU1	2.2975136682826736	0.009247632277992607	21.1025855	1.0	0.0	0.06113920449377298	-0.7283866441733938	False	False
MIER2	-0.7170517956538845	0.30754030659766707	21.253497416666665	1.0	0.0	0.4548383362012905	-0.27224304759484025	False	True
MME	-1.935431920114956	0.024332616798783176	24.530824397587878	10.0	0.0	0.10365575874757656	-1.2933526182833912	False	True
MMP7	3.340909612924888	0.00458346894555649	19.977060997974178	2.0	0.0	0.04483310379956886	1.8192133260409546	True	True
MMUT	-0.8002952730543023	0.225132159538775	20.339716176180332	2.0	0.0	0.3782167968191769	-1.1486759552805703	False	True
MOGS	-0.0035821825423517657	0.9949941816654206	18.718108499999996	1.0	0.0	0.9962142848924782	0.3171015665836203	False	False
MPC2	-2.143465725729825	0.02245840059237914	20.39176319316383	2.0	0.0	0.09912045450636522	-0.4802361111918831	False	True
MPDU1	0.13723520408725157	0.8253479698911421	18.57770958333333	1.0	0.0	0.8684234760516979	0.12994082810450197	False	True
MPST	-0.5083164039925373	0.4237743239666273	22.01621736350609	3.0	0.0	0.5471301525439273	-0.4561223867439912	False	True
MRPS15	1.96861585991341	0.008138519401287632	18.23689883333333	1.0	0.0	0.05584118563992733	-0.3075223861511444	False	False
MRPS34	0.3991160807962566	0.5357461660412974	18.551855749999998	1.0	0.0	0.6418734329753769	-0.09407564682250054	False	False
MSN	1.0479215237315758	0.08004790944910382	24.958781243074284	15.0	0.0	0.20561632178639816	0.8514630512508562	False	True
MSRA	-0.9873997806507157	0.12518190112903008	21.469745686946485	3.0	0.0	0.26652157046115527	-0.8326521979219619	False	True
MTARC2	-1.0668365277983505	0.14037544419561357	22.50034014305652	5.0	0.0	0.28415890274476535	-1.1295266987383334	False	True
MTCH2	-0.8877208258096756	0.19681920301845357	22.33611373161672	2.0	0.0	0.34784173000988605	-0.4760210309869155	False	True
MTERF4	2.6011465972631838	0.0007183816792197924	20.481485	1.0	0.0	0.019883343765524086	0.019979374743954687	False	True
MTHFD1	-0.799733344011545	0.2176422074463206	23.001262657398115	6.0	0.0	0.3702184632915016	-0.3793332551500337	False	True
MTREX	0.5869539444271604	0.264508961135192	20.264214416666665	1.0	0.0	0.41532993609016206	0.199876371444395	False	True
MUL1	1.0100875149279391	0.11429973417072634	19.892221166666666	1.0	0.0	0.25275243673719733	0.14425857650500976	False	True
MVP	0.5574319589637488	0.337499597762656	23.492219607207787	11.0	0.0	0.4800283359028853	0.6881666937465848	False	True
MXRA5	1.7616555152158448	0.03762567210748346	21.984829083333334	1.0	0.0	0.13299290595567206	0.553856692582079	False	True
MYBL1	0.09709087425327216	0.8483744236624947	22.624318666666667	1.0	0.0	0.8869368974653354	0.9282207330237465	False	True
MYH10	1.6115193445118996	0.010281557454510929	25.342230476774947	15.0	0.0	0.06442487559000236	1.1417948570599583	False	True
MYH11	0.7966193984721688	0.21205085226082748	24.756251378948864	21.0	0.0	0.36373848922471774	0.27051037454975063	False	True
MYH6	1.6839062200371124	0.03426726511826388	20.337476605839615	2.0	0.0	0.12463686063118014	-0.08580990302165163	False	False
MYH7	-0.26227276205822136	0.6490612768040298	20.336789362173604	2.0	0.0	0.7350326387108049	0.07504118029411001	False	False
MYH9	2.0419056684877632	0.00303069382181945	26.272792296221585	42.0	0.0	0.03674126301799058	-0.05147374870202961	False	False
MYL12A	1.7884061684491876	0.020294930449087093	23.107842238516415	4.0	0.0	0.09281032079900534	0.5556614104738373	False	True
MYL6	1.0463413093492273	0.09469544920309196	24.398452339475295	5.0	0.0	0.2257484212389039	0.2740204607145078	False	True
MYL6B	2.0914308671634303	0.007047815183766166	23.044306400732363	3.0	0.0	0.05304502325531554	0.5313696367524134	False	True
MYL9	0.7702003851300119	0.21633417423417492	20.11439075	1.0	0.0	0.368377170515545	-0.514169853639105	False	False
MYO1C	3.148368073028438	0.0015732538981121263	22.350689219838813	3.0	0.0	0.030500870644242364	-0.43146228228657524	False	False
MYO5A	1.0876808148057526	0.0906995079778191	19.569677416666664	1.0	0.0	0.22139356730609655	1.1397989256948595	False	True
MYO6	0.23042165058418043	0.6777721579602435	21.852885974244277	2.0	0.0	0.7586031075730485	0.2746800052827865	False	True
MYOF	1.7522907462970383	0.03993320496408058	18.71257425	1.0	0.0	0.13728615517124967	1.3562623740709367	False	True
MYOM1	-0.8445371889244653	0.26152848432044207	17.955926749999996	1.0	0.0	0.4129983586850074	-0.28305254422865883	False	True
NAGA	-0.9343981507537754	0.20847752167508757	21.22770458333333	1.0	0.0	0.3607069886503672	0.28353354350427434	False	False
NAGK	1.7514642669166849	0.017592578164585863	20.506063360385067	2.0	0.0	0.08679359559748857	1.5314755022942244	False	True
NAP1L4	1.344351524146801	0.07250961910147155	19.240329333333335	1.0	0.0	0.1941118163814804	0.19963442363856984	False	True
NAPA	0.5888325771308699	0.3313757285601321	18.888516666666668	1.0	0.0	0.47322904404791616	-0.5243341474981812	False	False
NAPG	-0.8179788286060127	0.2624703356194154	22.802430924243197	2.0	0.0	0.4133211746060804	-0.24567567212609967	False	True
NARS1	-0.3161127795424961	0.5904533400427773	22.310072436828232	5.0	0.0	0.6892139415938923	0.0856490809621268	False	False
NAT8B	-0.42863380037604215	0.5182179586540464	21.0381865	1.0	0.0	0.6263878064263936	-0.3438284097892552	False	True
NAXD	0.01882459823568294	0.9753939035984136	19.522731250000003	1.0	0.0	0.9832211386272898	-0.47106834780948154	False	False
NDUFA10	-0.9717363779323854	0.17233619291320956	21.80218873511272	4.0	0.0	0.32310562919319313	-0.1302539960869508	False	True
NDUFA2	-0.47431764605862947	0.4314002279369486	21.31045267428799	2.0	0.0	0.5542695296782353	-0.8041074607564337	False	True
NDUFA5	-2.037621126138303	0.019861804859352836	21.17717431049184	2.0	0.0	0.09214297538444086	-0.4364042296165856	False	True
NDUFA6	-0.9962935555126095	0.182675322216678	20.452258416666666	1.0	0.0	0.33480224599308106	-0.315402384550501	False	True
NDUFA8	-2.1507679450614834	0.024374654843275813	19.9510775	1.0	0.0	0.10365575874757656	-0.3128045354307516	False	True
NDUFA9	-1.1711389937454755	0.11566113259781723	22.221180317297065	5.0	0.0	0.2538564030013642	-0.1543958430064133	False	True
NDUFAB1	-2.248049177576974	0.0020117941805730052	21.649302871665128	2.0	0.0	0.031895727154133184	-0.8293246881508556	False	True
NDUFB11	-0.5417580046580435	0.3878848483340683	20.105779749999996	1.0	0.0	0.5191934076471586	-0.454616989341081	False	True
NDUFB4	-0.8144847661856375	0.26201243086201326	19.944668044660663	2.0	0.0	0.4129983586850074	-0.37285397506645745	False	True
NDUFS1	-1.4136680322318194	0.053224259158027865	24.451598687656332	11.0	0.0	0.1606299624182309	-0.8638529847547854	False	True
NDUFS2	-1.0646810431110583	0.1432205584412617	22.629475499820128	7.0	0.0	0.28873971843775353	-0.35840719227062373	False	True
NDUFS3	-0.6962732048016931	0.3231151653681749	21.67352788794817	3.0	0.0	0.46860307730571016	-0.20991662098256503	False	True
NDUFS4	-0.7366242515681057	0.28535969452503923	20.793999333333335	1.0	0.0	0.4355068982798029	-0.6100034276169993	False	True
NDUFS7	0.7427438004752126	0.1744210003005172	19.73087466666667	1.0	0.0	0.3251478236195714	-0.6774020506779195	False	False
NDUFV1	-1.3303226545681488	0.09347403462151496	21.79479596891716	4.0	0.0	0.22500739208308615	-0.39895186279992995	False	True
NEB	-0.5911027164253068	0.3087636034237831	22.82558819816533	2.0	0.0	0.45506404728433014	0.000623773279046848	False	False
NECTIN3	1.3972040624266315	0.02271560968989137	20.939658333333337	1.0	0.0	0.09944930462089172	-0.2658462136262902	False	False
NEDD8	-0.9818294882755358	0.11934211342574332	20.01618508333333	1.0	0.0	0.2598475616323184	0.3840219414728953	False	False
NEMF	-0.8585218278254199	0.12203113860665647	23.299372126498827	3.0	0.0	0.2622063807166711	-0.3364340131728722	False	True
NES	2.996889708896135	0.0016621087381530426	21.455623250000002	1.0	0.0	0.030500870644242364	-1.1373695700241007	False	False
NFKBIB	-0.98747372243002	0.18811086108523464	23.1457375	1.0	0.0	0.3391827673276474	-0.19581241461220267	False	True
NHERF2	-1.1102239250381196	0.15903913936240888	20.099871249999996	1.0	0.0	0.3080793767245714	-0.3029683154959348	False	True
NID1	1.2490547617983987	0.06210351925134642	23.73375412549666	10.0	0.0	0.17515552148091315	0.5611993115607218	False	True
NIPSNAP1	-0.8838915575925849	0.2143191339901324	22.91289235620349	3.0	0.0	0.36676041098147577	-0.7695386265494245	False	True
NIPSNAP2	0.5216640991831119	0.4177868968711189	20.778508083333335	1.0	0.0	0.5449249221969147	-0.1074394704120798	False	False
NIT1	-1.3362928914339745	0.05937449931233079	19.738473661673513	2.0	0.0	0.17130487169087666	-0.4305833303773325	False	True
NIT2	-0.11313271276794813	0.8634287717123774	21.812608118594355	2.0	0.0	0.8969333232864583	-0.31133990676245155	False	True
NME1	-0.39520494370481335	0.5391629132982124	22.934597666765082	4.0	0.0	0.64360602150291	1.059718214884614	False	False
NNT	-1.813420667058349	0.030024411218553006	23.304438981194505	8.0	0.0	0.11410017765400954	-0.3085901734381522	False	True
NONO	1.2589497094791957	0.04155308252769599	22.941756647608546	5.0	0.0	0.14195854344712874	0.6318912949410036	False	True
NPM1	-0.5336710813892169	0.33847845481777944	22.639602691038807	4.0	0.0	0.48063940584124687	0.47193016065014115	False	False
NQO1	1.3440591989224338	0.03077826961923767	19.227758416666664	1.0	0.0	0.11661465032068472	-0.5235428991062938	False	False
NQO2	-1.298886619787679	0.04924977150687274	22.18021981174442	4.0	0.0	0.15436636635455508	-0.7978172052429517	False	True
NRIP1	-0.6982556930212004	0.2085164710875362	22.888998416666666	1.0	0.0	0.3607069886503672	-0.4258701971555789	False	True
NSFL1C	-0.600503923587252	0.32371810488118297	22.03127318639966	2.0	0.0	0.4690609274808978	-0.16292455469185174	False	True
NT5C2	-0.948915991690271	0.18544457681751075	20.953495916666668	1.0	0.0	0.33808268346090087	-0.20429633791132007	False	True
NUBPL	0.07297685997552437	0.9115387291396211	22.332642583333335	1.0	0.0	0.933841119626726	-0.7595087775805532	False	False
NUCKS1	0.1831673912270804	0.7582340258139149	20.267250872345173	2.0	0.0	0.8216588281731356	-0.8730853145085545	False	False
NUDT21	0.7936548928393384	0.24204437695084335	18.634259	1.0	0.0	0.3948636039567704	-0.34567932997672685	False	False
NUP155	1.5261665856726432	0.011370957451523571	18.05065683333333	1.0	0.0	0.06752281279395633	0.663618030752056	False	True
OAT	-0.6376179244603103	0.3146438985042018	20.107284166666666	1.0	0.0	0.459994168538372	-0.9122321416390754	False	True
OGDH	-0.7036785818469464	0.30025046864085725	24.312519653084852	17.0	0.0	0.44865144200655843	-0.38503637637552585	False	True
OGDHL	-0.9240755318719407	0.1733036672505228	21.132832372368544	2.0	0.0	0.3241751301490306	-0.6207204608027439	False	True
OGN	-0.5952593029950141	0.38534074445043254	20.782164123579964	2.0	0.0	0.5162111859619002	0.3123480522935415	False	False
OLA1	-0.42295955578912164	0.47875711915380365	19.254052416666667	1.0	0.0	0.592930857454888	-0.19789894858063098	False	True
OXCT1	-1.2095490298688794	0.13558097734525187	20.336518833333333	1.0	0.0	0.2811516629042134	-0.28565044445299204	False	True
P4HB	0.5434184403962766	0.3467598517334602	23.037909158611086	6.0	0.0	0.4863243401212642	1.0028897678393938	False	True
PAFAH1B2	1.5749715708678609	0.01778066754651027	20.92286016666667	1.0	0.0	0.08679397255948164	-0.3087066296701522	False	False
PAFAH1B3	0.9371302707498275	0.20494035711875133	24.002711467493913	2.0	0.0	0.3579332654277229	1.1107914446769849	False	True
PAICS	0.5120449630122862	0.4284356495291355	19.30281125	1.0	0.0	0.5513281447447426	-0.17357501195591638	False	False
PALLD	1.3756254925707194	0.018845347127062952	19.447380666666668	1.0	0.0	0.08908318177058563	-0.32489013278571954	False	False
PAMR1	1.0964121258307258	0.04911700950179158	20.04427208333333	1.0	0.0	0.15424630099312625	-0.10614377234832217	False	False
PANK3	-0.17521002673391067	0.7383508959406004	19.9507515	1.0	0.0	0.809212760450336	-0.1473306145050366	False	True
PANK4	-1.099127361700033	0.14565820477794622	20.238695	1.0	0.0	0.2921219815898793	-0.20943152991635794	False	True
PARK7	-1.2720690309670755	0.03392673636063358	24.98527251123407	11.0	0.0	0.12394264088795219	-0.1586575086343152	False	True
PARVA	1.507590807695921	0.012479112269685367	19.6867465	1.0	0.0	0.07252096205123204	-0.018783818200540443	False	False
PBLD	-0.9101204637177144	0.19820944890524264	23.648229338934755	9.0	0.0	0.3499200324997419	-1.1566779201109647	False	True
PC	-0.5933056274129456	0.3196728180937389	24.580998159887923	19.0	0.0	0.4652968630264971	-1.1934446035626254	False	True
PCBD1	-0.877989922985797	0.15454008620627915	20.071490550926473	2.0	0.0	0.3025946771880742	-0.6420047570288411	False	True
PCBP1	0.9765064619364137	0.15551058131326845	23.572436294590076	9.0	0.0	0.30376648239780785	0.08504897095676955	False	True
PCBP2	0.891753333668071	0.16679140673557077	21.946788180122653	3.0	0.0	0.3167097293013803	-0.6694616448419373	False	False
PCCA	-0.9577811145447044	0.18255494692134305	24.100121485398372	13.0	0.0	0.33480224599308106	-0.5960825102449051	False	True
PCCB	-0.9281482785369581	0.2072753645570879	23.51870878551846	8.0	0.0	0.3604826487480836	-0.4516017663236163	False	True
PCK1	-1.9080012515959526	0.005700858454338771	25.811093834030075	11.0	0.0	0.05096369544110156	-1.3333217796508474	False	True
PCK2	-0.7354993745152189	0.26825743699241883	25.862505551762002	25.0	0.0	0.4197522639407129	-0.8555378792721121	False	True
PCOLCE2	-0.40526805602795374	0.47891965767482997	21.523929666666664	1.0	0.0	0.592930857454888	-1.3503741613222282	False	True
PCYOX1	0.8747851833670582	0.18016746827335908	22.098592443065375	2.0	0.0	0.3320693856550738	-0.9876990147901066	False	False
PDE2A	-1.1834725372399666	0.07036718058351787	20.530239666666663	1.0	0.0	0.1902476918756369	-0.2724504918627854	False	True
PDHA1	-1.1870125670450467	0.11111192972682021	22.697180510730515	3.0	0.0	0.250678697173024	-0.03210988642469743	False	True
PDHB	-1.6683833064572462	0.025364313076709	23.080017307732987	7.0	0.0	0.10522663400604493	0.019790992235377808	False	False
PDIA3	0.8948823969681114	0.16219021200650274	22.9863247116516	7.0	0.0	0.3103358781626391	0.27310394808894783	False	True
PDIA4	0.6085799697787894	0.26835356004537925	20.20827175	1.0	0.0	0.4197522639407129	1.3214874571849888	False	True
PDIA6	1.1629324674820958	0.10954178882314569	22.712658357736235	5.0	0.0	0.24844686270582905	0.8547789661227472	False	True
PDLIM2	-0.033290644199254225	0.9561126792712752	19.380791833333333	1.0	0.0	0.9679677651890839	-1.1896343349938225	False	True
PDLIM5	3.4138856663083703	5.0832045819647796e-05	20.737195527678708	2.0	0.0	0.010779412102378719	0.09409531288213867	False	True
PDS5A	1.1029820400777515	0.048323043039612865	21.076100833333335	1.0	0.0	0.15322627045376275	0.6353992794775111	False	True
PDXK	-0.21591090246850986	0.7464050296113397	22.079065547198727	3.0	0.0	0.8147589661466027	0.16520256648256768	False	False
PEBP1	-1.9540220097861967	0.029320711580523868	26.62518362905482	18.0	0.0	0.11268224493763661	-0.7958531409789753	False	True
PEPD	0.3522098574206381	0.5418721181245455	23.431058869407547	6.0	0.0	0.6458957437207173	-0.912378147728254	False	False
PFDN5	3.997434653331731	0.0030875831782249783	20.27584591666667	1.0	0.0	0.03680309000030211	0.5595449121597303	False	True
PFKL	-0.5243214942612332	0.39454920042446906	25.507477745292746	4.0	0.0	0.5251009325942608	-0.6659153138005403	False	True
PFKM	0.5876152463745058	0.35021724896394496	22.116197111324038	4.0	0.0	0.4888074936394206	-0.5393209786186047	False	False
PFN1	1.4383056716843825	0.03361455752661453	24.882639065323783	11.0	0.0	0.12335409537294725	1.0669620652094949	False	True
PFN2	-0.6444409831347642	0.24734412012346793	19.584524666666667	1.0	0.0	0.398513165902696	-0.5749381904801721	False	True
PGD	1.693104568451027	0.017725979646552828	21.02905702173361	3.0	0.0	0.08679397255948164	0.1470296625334419	False	True
PGLS	-0.7450136770200427	0.21112630338315438	22.83712331204823	2.0	0.0	0.36336021749335723	0.6264431583779095	False	False
PGM1	-0.5633699207162214	0.348315245996769	21.435268124585807	4.0	0.0	0.4865686883770092	-0.5382805044794993	False	True
PGRMC1	0.3050603461381508	0.6233041463284508	21.0271735	1.0	0.0	0.7149855065569323	-0.40877467142202156	False	False
PHB1	-0.34890695443767183	0.6086280027281189	23.920858048490185	11.0	0.0	0.7038877680276333	-0.3931275946572918	False	True
PHB2	0.23507799841787008	0.7240920345755423	23.917093537625135	12.0	0.0	0.7973312828468379	0.15911737463304826	False	True
PHGDH	-0.14931422686389706	0.7922794865644865	21.50916091997671	4.0	0.0	0.8434109527769272	-0.5153069026102214	False	True
PHYHIP	-0.6935651772578969	0.33702605399695224	17.139450583333335	1.0	0.0	0.4798287237811883	-1.384401770770145	False	True
PID1	1.043790403265752	0.08473217483425446	24.395330833333333	1.0	0.0	0.21222030905573241	1.266789909209834	False	True
PIGR	3.04564367617791	0.007984309790039135	23.0208642711968	8.0	0.0	0.05547022799652723	0.9540597892548263	False	True
PIP4K2A	-0.9677008216234406	0.19306262946183123	20.152434500000002	1.0	0.0	0.34294051531316133	0.35951109412391524	False	False
PIP5K1A	1.8776452352742106	0.009684599978393544	23.451620583333334	1.0	0.0	0.06226358962486873	0.11566558189880992	False	True
PIPOX	0.5481246737289529	0.35498811564683813	21.851797823850575	4.0	0.0	0.49168413303756286	-1.0022327515030074	False	False
PKLR	0.14860411876037943	0.8237600483889144	21.244416924124575	3.0	0.0	0.8673115145190826	-1.1378603970286132	False	False
PKM	-0.115968987034283	0.8322463585468018	26.76072235434739	27.0	0.0	0.873430786315506	0.6295275407640466	False	False
PLEC	0.9691933624480198	0.16397702485876922	23.393461309262417	9.0	0.0	0.31245563779973173	-0.07285203615616116	False	False
PLG	1.006108899560635	0.08746261209345134	22.013089880820704	3.0	0.0	0.21523220895187248	-0.9414667558344059	False	False
PLK2	-0.8829518306258399	0.2239910003262915	21.07687125	1.0	0.0	0.3767016514241339	1.8316589570939812	False	False
PLS1	0.3859866954464602	0.46109711200141557	21.829860256330534	2.0	0.0	0.5832467729653846	0.2938708772294247	False	True
PLS3	-1.0628077873795991	0.08634984092325508	19.695159313623297	2.0	0.0	0.21332721668332152	-0.5816164258207221	False	True
PML	3.5977259299044384	0.0008644267370997079	18.965829916666667	1.0	0.0	0.021388013055815502	0.6437818184450488	False	True
PMS1	0.7107461674311544	0.2688244445953936	19.494808083333332	1.0	0.0	0.4200864287313663	0.4680747928387013	False	True
PMVK	-0.17321095398559055	0.7810548720307987	18.551162416666667	1.0	0.0	0.8348489047894571	-0.3872399483205551	False	True
PNP	-1.1075557132064797	0.11156161697369257	23.64352203595159	10.0	0.0	0.2509368051212672	-0.4035301338000079	False	True
PODXL	-0.4087098117300507	0.5379186801496912	19.865639833333336	1.0	0.0	0.6433506336184892	-1.0144626574013953	False	True
POLQ	0.3908115297420442	0.5685441366674334	20.87805433333333	1.0	0.0	0.6718035999840223	0.07411936045543198	False	True
POMT2	0.8534467086414463	0.10598337760338336	18.075424416666664	1.0	0.0	0.24341892493154013	0.3452100755311112	False	True
PON2	-0.5384422958602196	0.4552898481059156	16.514860666666667	1.0	0.0	0.5776910038515619	0.4758023180408497	False	False
POSTN	2.8458496646801836	0.00031507566969202157	19.25752075	1.0	0.0	0.017150618953569043	1.0507940238667104	False	True
PPA1	-0.487687401525323	0.4771173658452875	21.075001275263073	2.0	0.0	0.5927989664097354	0.042340345776463506	False	False
PPA2	-1.4561352424126404	0.04770436472591394	21.66486361476179	5.0	0.0	0.15242052001702763	-0.397424317156251	False	True
PPIB	1.7888628782941294	0.00868207706490163	23.19299935802881	6.0	0.0	0.05858608201233208	1.1030090924295104	False	True
PPIL6	-0.23332362808525337	0.6684156630546209	20.838669083333336	1.0	0.0	0.7522555325762894	-0.799150410283315	False	True
PPM1E	-0.5416126652125208	0.3905181292525265	23.433783833333333	1.0	0.0	0.5215235308709393	0.0036452841264434516	False	False
PPME1	0.8244803077934755	0.18047370649923497	18.94152325	1.0	0.0	0.3322588080194484	-0.24016887537210851	False	False
PPP1CA	0.865990727783212	0.14731341021022562	20.51766368594428	2.0	0.0	0.2930119352902539	0.7054759864151423	False	True
PPP1CB	0.8416611050707263	0.11110050711086095	19.042513	1.0	0.0	0.250678697173024	0.17011991876547297	False	True
PPP2R1A	1.9340746691807569	0.014853756726917177	21.109748832732016	3.0	0.0	0.07799416313522749	0.381451361185897	False	True
PPP2R2A	0.8395986126987222	0.18589562411819194	17.881995333333336	1.0	0.0	0.33808268346090087	-0.7020346194828412	False	False
PRCP	1.0618905300395245	0.05562963715303279	20.695193536216696	3.0	0.0	0.16431101016180705	0.7452973158963521	False	True
PRDX1	0.10622948160867553	0.8657947250536843	26.003312608707247	14.0	0.0	0.8979644981728735	0.10546201280857313	False	True
PRDX2	-0.49777932269012115	0.40321644343225094	25.468518490262856	14.0	0.0	0.5332531199723276	-0.352836081996343	False	True
PRDX3	-1.2610702779060552	0.11129335912458199	24.876738066987503	10.0	0.0	0.250678697173024	-0.6390777212482489	False	True
PRDX4	-2.2013368992887212	0.02399705272690616	21.54199708333333	1.0	0.0	0.10258425943203603	1.025195167576079	False	False
PRDX6	-0.5215978937614935	0.33775416898494504	25.462227709760736	12.0	0.0	0.4800283359028853	-0.6837758234145599	False	True
PRELP	-0.7062265583116444	0.3083319278474149	23.567286490013544	8.0	0.0	0.4548383362012905	0.8878639978289881	False	False
PRKAG1	-0.7686172916256614	0.16265364033294613	22.494050166666668	1.0	0.0	0.3103358781626391	-0.12103174959258152	False	True
PRKD1	-1.2890009892724577	0.06654745341498693	21.18780625	1.0	0.0	0.18356755308559738	-0.3609024512458648	False	True
PRKDC	0.5139871471887006	0.4622240518745517	20.43287120019153	2.0	0.0	0.5837678860875042	0.826690496082279	False	True
PRODH2	-1.063986220968572	0.13239989760190332	20.92243868738858	3.0	0.0	0.27719106767167706	-1.0928968099993759	False	True
PRPS1	1.2986253706355169	0.052491434937004734	21.044597218201766	3.0	0.0	0.15932809154670768	-0.15446771830307462	False	False
PRR14L	-0.8748426993931752	0.1471696629443551	21.987035583333334	1.0	0.0	0.2930119352902539	0.7359353115157132	False	False
PRSS23	-0.1738060612898808	0.7861129424681231	19.52503475	1.0	0.0	0.8390342712748007	1.3192157263584872	False	False
PSAP	1.1671277340959993	0.03925038195175004	22.548287734226335	4.0	0.0	0.1362845275288808	0.15079227192373748	False	True
PSAT1	-0.8165879493578151	0.2111627963265132	22.94269272497726	9.0	0.0	0.36336021749335723	-0.3977734262141787	False	True
PSMA1	1.6528042453971041	0.0077425317590135295	22.752893768377206	2.0	0.0	0.05545418580030304	0.34502851419897057	False	True
PSMA2	-0.26516366113276835	0.6509622132513477	19.11855075	1.0	0.0	0.736674493582433	-0.2319042600308984	False	True
PSMA3	0.6102424047584792	0.3052252892963736	21.89846473271439	3.0	0.0	0.4527092619627412	0.25278323683425225	False	True
PSMA5	0.30517948933977207	0.5500406963294784	19.204768499999997	1.0	0.0	0.6541998959257379	-0.09766872904269663	False	False
PSMB1	-0.4989787768200927	0.3576084961443484	20.18686866666667	1.0	0.0	0.49322185321260215	-0.26515802233100305	False	True
PSMB2	1.6605216675758305	0.04665369458838436	20.386838083333334	1.0	0.0	0.15069573245400641	0.10726731741425748	False	True
PSMB4	0.7464738172567812	0.20567560041069416	20.040321083333335	1.0	0.0	0.35883360627207644	0.3435288845728024	False	True
PSMB6	1.14026179502784	0.11556299253725687	20.044248333333336	1.0	0.0	0.2538564030013642	-0.10776314221283374	False	False
PSMB7	0.7620179606151978	0.22143726212368456	19.60874408333333	1.0	0.0	0.37317548921359844	-0.16430406841699619	False	False
PSMC2	0.5413441468490753	0.34217339419090054	19.60098925	1.0	0.0	0.4829465451285571	-0.25218583058781846	False	False
PSMC4	-0.12519727786740278	0.8144992875705493	20.769059333333335	1.0	0.0	0.859778498127154	0.17018030389267955	False	False
PSMC5	1.8734098928416394	0.029213201075543763	19.728611	1.0	0.0	0.11268224493763661	-0.12569809376425545	False	False
PSMD1	1.5369555915258535	0.05365570252686766	18.840054833333333	1.0	0.0	0.16106573938671853	-0.09720071444309912	False	False
PSMD12	1.964378725247641	0.010869581567156561	18.949509749999997	1.0	0.0	0.06602219062189595	-0.42199933217602337	False	False
PSMD2	2.0872423931428123	0.007904249363558827	18.625208999999998	1.0	0.0	0.05547022799652723	0.6313389341502752	False	True
PSMD5	-1.1507533784230428	0.090115870536386	26.1375515	1.0	0.0	0.22029822842203348	-0.03648846224825334	False	True
PSMD7	-0.0793337058325625	0.884240908332036	19.66846691666667	1.0	0.0	0.9127467783225125	0.4286525677803999	False	False
PSME1	1.0289494385496798	0.10479278881643735	22.97621013076456	5.0	0.0	0.24204614446568906	0.6317140608375047	False	True
PTBP2	0.8409844853028833	0.14820789624787065	20.524806333333334	1.0	0.0	0.29343178690594923	0.27625715984689914	False	True
PTER	-1.2803296328934426	0.06101663088461473	23.374700306235894	4.0	0.0	0.1735123911188946	-0.28812685233488616	False	True
PTMS	-0.12593315876443703	0.8501741144060397	22.061901914036568	2.0	0.0	0.88745127502684	-0.4055244640661761	False	True
PTPN6	-0.8267796266840535	0.24981312159061217	20.578527166666667	1.0	0.0	0.400731657718536	1.0124349188999175	False	False
PTPRA	2.2016572302048623	0.005981698735693741	20.561056749999995	1.0	0.0	0.052240246371877734	-0.5438784578626079	False	False
PTPRE	-1.7409231576991377	0.0057111795870922145	21.981779500000002	1.0	0.0	0.05096369544110156	1.5443792938172836	False	False
PURA	1.2030091911924574	0.0857772433858312	18.781647666666668	1.0	0.0	0.21261712918894837	-0.8835274640598051	False	False
PWP1	-0.8648617752242043	0.23851556404540925	18.954860999999998	1.0	0.0	0.39088589273639435	0.10838548827496741	False	False
PYGB	0.6704997648152126	0.2528785684499332	21.79261308218987	4.0	0.0	0.40327217019408296	0.5757343382799719	False	True
QDPR	-1.0628804093042465	0.13437392043364937	22.262488719455888	3.0	0.0	0.28024599242420106	-0.9029740880622495	False	True
QPRT	-0.5221886856745419	0.42218087362771145	23.724291575574096	7.0	0.0	0.546725905340248	-0.7202770149317673	False	True
R3HDM1	-0.5750828110216001	0.38307544608994704	19.543710916666665	1.0	0.0	0.5135978681977698	0.3847256235552141	False	False
RAB11A	0.4968228381519775	0.4101091025969871	22.227637294754626	2.0	0.0	0.537918204450506	-0.20651195192223107	False	False
RAB15	1.6911417410796699	0.014537411688330323	20.20540425	1.0	0.0	0.07682716274124084	0.3922583993344249	False	True
RAB1A	1.7267782809178602	0.018697491432583896	21.75971319512045	4.0	0.0	0.08901750294288484	-0.5675945933047531	False	False
RAB25	1.466598363622382	0.05052786754583984	19.39421941666667	1.0	0.0	0.15656927457752648	0.6003078608363778	False	True
RAB7A	2.0172547627615804	0.014057940734487663	20.777167755423704	2.0	0.0	0.0755151882217709	-0.11958299541989742	False	False
RABGGTA	1.8983486890514298	0.008727932524913882	23.469999416666667	1.0	0.0	0.058653143264133206	0.025522801970557535	False	True
RALA	0.013240091814913733	0.9809340768955235	21.079689698295095	2.0	0.0	0.987586527478662	-0.07834375318217683	False	False
RALY	1.7110629156407058	0.007960466247716461	20.943686854794443	2.0	0.0	0.05547022799652723	0.8754697551393497	False	True
RAN	1.120023421594079	0.07828237969986336	21.790927809710563	3.0	0.0	0.20381074891082915	0.09859909286862456	False	True
RAP1A	3.0122992529838055	0.00040048020372305756	22.643514225372034	4.0	0.0	0.017612677775453042	0.5256876379590983	False	True
RAPGEF6	-0.5558089634543903	0.4423369941204251	17.809173166666667	1.0	0.0	0.566055065197814	0.7292478148450781	False	False
RARS1	-0.5980792482951921	0.29186379576264	21.15051425	1.0	0.0	0.4406835602670047	0.944043886841229	False	False
RASAL1	-0.8967637405257007	0.15395031727981356	21.5340405	1.0	0.0	0.30180176244650125	0.8405472666360554	False	False
RBM15	3.2989821270749458	0.001236873879635146	23.078519583333335	1.0	0.0	0.02729479791140802	0.41210412455077866	False	True
RBP1	0.7448562860393387	0.27131607056586465	20.825442166666665	1.0	0.0	0.42196108879433997	1.2758818304326074	False	True
RBP4	0.7039056911130983	0.20222317913856766	22.03819784312385	4.0	0.0	0.35546873146747143	-0.8429178180382858	False	False
REEP5	-0.08833283253722747	0.8769681570938279	21.55334225	1.0	0.0	0.9063854433760893	-0.3988282959768284	False	True
RELN	-0.7713589685887581	0.2986970668234923	18.36521525	1.0	0.0	0.4477481485996115	0.6135892950332004	False	False
RENBP	-0.4488642297995472	0.5103426479627153	18.956354666666666	1.0	0.0	0.618700478190879	-0.6315453381989332	False	True
RHOA	2.406559173371124	0.002358658510602098	22.734977416052526	4.0	0.0	0.03385249772558047	0.7865903913098218	False	True
RHOG	2.299466618871127	0.0016281621798462662	18.878427000000002	1.0	0.0	0.030500870644242364	0.700236634628333	False	True
RIDA	-1.2159770874577327	0.0982088907715008	23.872552543998225	7.0	0.0	0.2324277081592186	-1.2218570449847024	False	True
RNASE6	-0.5892660053540358	0.41518892353493947	18.146458583333338	1.0	0.0	0.54196923431859	1.709772519114629	True	False
RNH1	-0.7929503426460627	0.21167175314039982	21.532866126827134	3.0	0.0	0.3634700030265751	0.06751149129121492	False	False
RNPEP	-0.005991731661443779	0.9922100372922685	19.607859083333334	1.0	0.0	0.99505171457175	0.4670527081615145	False	False
RPL11	1.7510877127798314	0.01716799097376452	19.70733258333333	1.0	0.0	0.08497551695122171	0.527658921989529	False	True
RPL14	0.7501693163875118	0.25805407559328103	22.742307095469883	3.0	0.0	0.4087316250667584	0.34133489933197786	False	True
RPL15	0.7805693205542393	0.18818100869494706	22.234365385903303	3.0	0.0	0.3391827673276474	0.5757394653360856	False	True
RPL22	2.1511205326540086	0.010181936644394382	21.008419147340074	2.0	0.0	0.06442487559000236	-0.019803925464537537	False	False
RPL31	2.038120700143452	0.003707122205838962	20.32003883333333	1.0	0.0	0.040746360738719394	0.36745786973567557	False	True
RPL35A	2.3246935833768756	0.0019617717402394515	20.9705935	1.0	0.0	0.03140758090010808	0.6823708274503887	False	True
RPL37A	1.3407067691091268	0.024667734106089946	13.020155166666667	1.0	0.0	0.1039605701757863	0.7512557609343288	False	True
RPL38	2.5753946213871366	0.003717824709166681	19.25747708333333	1.0	0.0	0.040746360738719394	0.5949943760410921	False	True
RPL3L	-0.26166858396092535	0.6691092604598394	21.92613515259224	2.0	0.0	0.7525175084923676	-0.2944679657156842	False	True
RPL8	3.2815644235748875	0.0012220169454531346	22.83996136496261	4.0	0.0	0.02729479791140802	0.6307597944205882	False	True
RPN1	-0.6796510471765292	0.32777521050138003	24.109392963687572	6.0	0.0	0.47158613146807316	0.1403887228759522	False	False
RPN2	1.987568194582699	0.012404841988537042	19.371626666666664	1.0	0.0	0.0723468105974321	0.23357262657685327	False	True
RPS14	1.6750152835353904	0.00763785384918545	21.736392002201715	3.0	0.0	0.055188563432388676	0.2898993468253905	False	True
RPS16	0.09034297610082118	0.8504967822516868	23.282412947923618	4.0	0.0	0.88745127502684	0.6185872624841887	False	True
RPS19	1.132411861186282	0.12047303408064876	21.859670451985433	3.0	0.0	0.26071966023585325	0.9972595463010023	False	True
RPS23	0.4784943527405621	0.42296108002617633	21.341796916666667	1.0	0.0	0.5468689181969485	0.4921986584160189	False	True
RPS3	2.089871582938487	0.0029883740749462044	21.121258533977073	3.0	0.0	0.03669184108561768	1.0964366543211177	False	True
RPS6	2.890007890402452	0.0013402220611563724	20.83631199751258	2.0	0.0	0.028423150985303326	0.14726955172317788	False	True
RRAGA	-0.27208980097916163	0.6081376120533154	21.018897083333332	1.0	0.0	0.7038190790099674	-0.13146280686741232	False	True
RRAGC	2.5564584114521582	0.0006288721797409776	19.250949666666667	1.0	0.0	0.01877391553131282	-0.4401954677345272	False	False
RSU1	2.4903096157487568	0.0006371516511093667	20.12866676338373	2.0	0.0	0.01877391553131282	1.121301444461542	False	True
RTN2	-1.6579274417972032	0.036284322235408055	21.939853	1.0	0.0	0.12965491949763971	0.2899001625252278	False	False
RTN3	0.005181928025371494	0.9926143558097861	20.138770750000003	1.0	0.0	0.99505171457175	0.3507559682944426	False	True
RTN4	2.361288849146355	0.003938405804384306	20.63327525	1.0	0.0	0.04176244596467255	-0.30941848306485803	False	False
RTRAF	1.4091563715372422	0.03147969251089569	19.99999358333333	1.0	0.0	0.11817548935699462	0.34941270741582847	False	True
RUFY1	-0.6092741294259849	0.36016694534053634	22.138242666666667	1.0	0.0	0.495268566191459	0.5327168989419963	False	False
S100A11	1.8757932756062017	0.009407907364885525	22.659030505682633	5.0	0.0	0.0614698243099015	0.960214272355126	False	True
S100A4	0.9617455268088136	0.12037769340298027	21.032935166666665	1.0	0.0	0.26071966023585325	1.5441318598217393	False	True
S100A6	1.4771500262644859	0.05098012142078741	23.52940804476677	3.0	0.0	0.15737341829895243	0.31495758220178666	False	True
S100A8	2.3087305595421324	0.0010768093158847604	21.029706365058285	2.0	0.0	0.025120423040568766	-0.0512042108745727	False	False
S100A9	1.7775275628721998	0.014527874590511133	22.141167054751644	4.0	0.0	0.07682716274124084	0.052914111274844335	False	True
SAE1	3.2903846018905876	0.0017336361904148453	18.94968791666666	1.0	0.0	0.030500870644242364	0.7023722104534694	False	True
SAMHD1	1.9281600988741174	0.003037397738780605	20.625521828772204	2.0	0.0	0.03674126301799058	1.4193274924734824	False	True
SAR1A	0.5475258999532738	0.3482267059446798	19.34826525	1.0	0.0	0.4865686883770092	-0.07897051873759516	False	False
SARDH	-1.3740225030044226	0.0763673995152392	20.104027666666664	1.0	0.0	0.20017329600061895	-0.5818217178231072	False	True
SARS1	0.6186091569289467	0.34507935261096506	19.92829709963809	2.0	0.0	0.48537001103678373	0.24091252780352665	False	True
SCCPDH	0.2036164762150395	0.7539129141686411	19.319272166666668	1.0	0.0	0.8196010050856817	-0.5676968235596587	False	False
SCEL	-0.8743303999735308	0.1821279948314508	25.30900783333333	1.0	0.0	0.33480224599308106	0.6649067279544325	False	False
SCIN	-0.5725861086327236	0.3770851314838526	19.30575658333333	1.0	0.0	0.5104689539873986	0.5681731603094307	False	False
SCN11A	-0.6418850368956861	0.3791022323094703	17.433735916666667	1.0	0.0	0.5110727762632984	-0.3577580994556871	False	True
SCP2	-0.4847386669837225	0.41951442361065333	20.04969975	1.0	0.0	0.5458701623555353	-0.7546881463947138	False	True
SCRN1	-0.054449184682439596	0.9088331925030632	18.970577333333335	1.0	0.0	0.9316538627479611	0.5164899424416652	False	False
SDHB	-1.343677966510248	0.07837914899938807	22.923472295991697	7.0	0.0	0.20381074891082915	-0.9331856733490645	False	True
SEL1L3	-0.5679447372377916	0.3691596274140468	21.531435333333334	1.0	0.0	0.5027837127332263	1.5312976725576821	False	False
SELENBP1	-0.32773167099098416	0.603863871126129	24.33536883336276	11.0	0.0	0.7003620039410289	-0.8273206701252714	False	True
SEMA3C	-0.4951311689507885	0.442366369545268	23.24291175	1.0	0.0	0.566055065197814	-0.12726077801008573	False	True
SEPHS2	-0.21258479761957433	0.7481522864363804	18.862525750000003	1.0	0.0	0.815116644255699	-0.47501467103982514	False	True
SEPTIN11	1.589275823827347	0.014600081489654654	19.78292275	1.0	0.0	0.07690946152453565	-0.7370015014936805	False	False
SEPTIN2	1.5032502074951752	0.024695841973576677	22.3127683165664	5.0	0.0	0.1039605701757863	0.02077065904523216	False	True
SEPTIN7	2.759174922130937	0.0038594186483399957	18.6422285	1.0	0.0	0.04166503366032276	-0.2731851725739101	False	False
SEPTIN9	1.634836565116416	0.014193089678495894	20.12215864917958	2.0	0.0	0.07574286093131959	0.8757421627095786	False	True
SERPINA1	-0.6392186968605394	0.22357594907681128	27.017032711585376	30.0	0.0	0.3763912627241575	-0.30843631641427016	False	True
SERPINA3	0.3956044790775632	0.4245105500686309	24.643677286551707	14.0	0.0	0.5475716652938976	1.5819715875970548	False	True
SERPINB1	2.428551115762598	0.0008416581125597201	19.8989695	1.0	0.0	0.021145041504769584	0.062306388388858346	False	True
SERPINB8	-1.357231890690639	0.08514663646090462	23.22538833333334	1.0	0.0	0.21261712918894837	0.3569444643889625	False	False
SERPINC1	0.5791737130142732	0.35662056296867256	23.756338495735232	7.0	0.0	0.492627046274746	-0.6978541473625923	False	False
SERPIND1	0.9722651855664348	0.0818749590917997	19.643375000000002	1.0	0.0	0.2077572460225308	-0.3621425746154101	False	False
SERPINF1	-0.5418145583436041	0.45272659862024267	16.73771875	1.0	0.0	0.5753327124878259	1.2459289497339576	False	False
SERPING1	0.5725760595114957	0.3777322158886224	22.203794920099188	3.0	0.0	0.5104689539873986	0.6385762895235212	False	True
SERPINH1	0.33293930601485544	0.6007911767457574	21.65646263105171	3.0	0.0	0.6982861150361722	1.6210546266444634	False	True
SET	1.0119785751329995	0.10341877204505512	20.89353243047122	2.0	0.0	0.24057386716463677	0.5326869273780065	False	True
SETX	0.6251004011214029	0.3430999753724747	18.823322666666666	1.0	0.0	0.48341868833757656	0.6966193680778656	False	True
SFXN1	-1.581040901553942	0.0361868350637844	21.903972340016875	5.0	0.0	0.129590135217456	-1.1074696408796856	False	True
SH3BGRL3	1.6018766232833253	0.031352522601163016	20.116525438316618	2.0	0.0	0.11796928434953734	0.9704551296232881	False	True
SHMT1	-0.7100211716297673	0.2730117370986823	24.7693216438854	14.0	0.0	0.4237910329678215	-0.7574197409517135	False	True
SHMT2	-1.7327016872983498	0.015987645844241064	24.705285738593933	3.0	0.0	0.08161070852695053	0.18360035687930823	False	False
SKIC3	-0.688165390321388	0.23888801038023366	21.665991833333333	1.0	0.0	0.39088589273639435	0.03275328903256425	False	False
SLC12A1	1.6808274173320528	0.027673571490859097	21.431353489278823	2.0	0.0	0.10863207270330026	-0.28397092159629606	False	False
SLC13A2	1.2946809951426872	0.08924848974197118	20.891373249999997	1.0	0.0	0.21883300863159	-0.6682606101847678	False	False
SLC25A1	-0.7419489009224313	0.22708317941894537	21.943971068504908	5.0	0.0	0.37916853986823906	-0.7837351596053533	False	True
SLC25A10	-0.9695832199508726	0.18537078258803086	20.302890522417012	2.0	0.0	0.33808268346090087	-0.6887232956814144	False	True
SLC25A11	-1.1155819411952537	0.1465082075456896	20.972181472262566	3.0	0.0	0.2921219815898793	-0.2445551439791134	False	True
SLC25A12	-0.31356164699688793	0.6367476692889426	20.856090733536508	3.0	0.0	0.7237704263208481	-0.20626953713839513	False	True
SLC25A3	-1.1511720511790864	0.11227526632776282	23.71636654184833	7.0	0.0	0.2518482279027976	-0.2272285543300163	False	True
SLC25A4	-1.7133605444533635	0.04181924540058	25.716300380586173	11.0	0.0	0.14232391853845322	-0.6218422045804738	False	True
SLC25A5	-1.4949890003364985	0.05077737480579356	24.324208856695993	6.0	0.0	0.15704441867019106	-0.2494157857000129	False	True
SLC27A2	-0.4388595893141009	0.509228964861675	19.482480416666665	1.0	0.0	0.6183379973850968	-0.7915463130763065	False	True
SLC3A2	-0.7884561352522799	0.24564062655526195	22.75445057723005	5.0	0.0	0.39676670936176334	-0.7171271078106921	False	True
SLC4A1	-0.36396709714585596	0.5092863481218342	23.078700063067682	7.0	0.0	0.6183379973850968	-1.1828827612556303	False	True
SLC4A4	-1.0617220743293942	0.11773770119839934	22.871823936020533	7.0	0.0	0.2570396605039922	-0.5610256957072831	False	True
SLC5A2	-0.9278365469520325	0.16234163129827003	20.37272975	1.0	0.0	0.3103358781626391	-0.6469829541364748	False	True
SLC7A8	-0.008633132891717155	0.9895206816317328	19.090870666666664	1.0	0.0	0.9937806107654488	-0.9260304586314408	False	True
SMARCAL1	-0.6705979371811558	0.25508298089753606	21.929106587481808	2.0	0.0	0.40481098912116265	0.6803565172489122	False	False
SMC4	0.253649638670452	0.6789875941363903	18.6125115	1.0	0.0	0.7594429734415927	0.670826037779298	False	True
SMO	-0.18884822890878025	0.7246520622313838	21.097677833333332	1.0	0.0	0.7974102544635107	-0.5324751559505849	False	True
SMYD2	-0.7612615316105431	0.2765929602928494	25.346684083333333	1.0	0.0	0.4277237728771052	0.7272490403572771	False	False
SNRNP70	1.9042184732984355	0.018295826894402473	19.954259833333335	1.0	0.0	0.08761608597817959	0.247666513906433	False	True
SNRPB	2.143728974454925	0.013146861368121423	21.682177875812528	3.0	0.0	0.07377602960186352	0.5568637427928403	False	True
SNRPD2	2.7035316435330863	0.004743273628706089	19.407901000000003	1.0	0.0	0.04529687623202949	0.7787600177117051	False	True
SNRPD3	-1.488699801307726	0.05584360725033858	22.972896804891093	2.0	0.0	0.16431101016180705	0.08699353680247097	False	False
SNTB2	1.665454224866492	0.010189101504421674	18.30058625	1.0	0.0	0.06442487559000236	0.25645884635159955	False	True
SNX2	2.0003408213749734	0.011063606985633792	21.640652724498025	2.0	0.0	0.0661790117492307	0.10231029579059103	False	True
SNX3	0.2665609644515115	0.6110197438221832	20.78395336795869	2.0	0.0	0.7056543434664958	0.44172974979687324	False	True
SOD1	-2.1194120947750332	0.0028493389535465415	24.632616573666567	6.0	0.0	0.03613588555051354	-0.5688909578897864	False	True
SOD3	0.9642443361164477	0.1382151805787583	22.088167896214696	2.0	0.0	0.28415890274476535	-0.3059519143144689	False	False
SPATA6L	-1.0874945535219422	0.127251333730645	22.90536158333333	1.0	0.0	0.2684772971345521	0.10342180870641826	False	False
SPEN	-1.0847513661518189	0.13648686790106265	22.617561250000005	1.0	0.0	0.28248802950879004	0.22795097861424166	False	False
SPR	-0.8807540401653728	0.22611022753865795	19.158757583333333	1.0	0.0	0.378705642636542	-0.005242380923163352	False	True
SPTAN1	-0.24503014884031257	0.6947869717471616	24.707265649495298	24.0	0.0	0.774730340454856	0.24756549687277818	False	False
SPTB	0.07667540247580418	0.9034132334440289	19.840698333333332	1.0	0.0	0.9284290813178724	-1.1873711533399327	False	False
SPTBN1	0.43726338438848017	0.4984970396356213	25.073731907088312	21.0	0.0	0.6093526412343994	0.3171326009860923	False	True
SRP9	0.5935420252161141	0.2605111883550509	19.054472916666665	1.0	0.0	0.4122236149067811	-0.40791401013814177	False	False
SRSF1	1.2598253187080029	0.08751634215801796	20.04173833333333	1.0	0.0	0.21523220895187248	0.5241232428005075	False	True
SRSF3	1.7750614965390985	0.015992300507424475	20.755795527671186	2.0	0.0	0.08161070852695053	-0.019285122196477118	False	False
SRSF4	1.2975387063512525	0.09373166396215808	21.545265784705474	2.0	0.0	0.2250938341914767	0.010919229697844072	False	True
SRSF7	1.9749276666016353	0.017841853598446592	18.401248416666668	1.0	0.0	0.08679397255948164	0.5076953757361946	False	True
SSBP1	-1.6546409669807396	0.026713163488063466	22.58333491666667	1.0	0.0	0.10718082549387627	0.42734431355703056	False	False
ST13	-0.13271118741258464	0.7897359650984459	22.303134479730186	4.0	0.0	0.8418008035285653	-0.7819714435217685	False	True
STAT3	1.1369734314346225	0.0654626304587309	19.227056833333332	1.0	0.0	0.1814948650918634	0.8151856853496442	False	True
STIP1	0.14224520463328763	0.8226773756548211	19.453071416666663	1.0	0.0	0.867184988475276	0.1234336723386635	False	True
STK26	1.1035996957539655	0.13931351363572053	18.6329865	1.0	0.0	0.28415890274476535	0.6127778014129914	False	True
STK32B	0.06756202288241014	0.899381287681905	22.027982000000005	1.0	0.0	0.9256022102301665	-0.10815125111986047	False	False
STOML2	-0.6366821412821222	0.3547375103840916	19.861978666666666	1.0	0.0	0.49168413303756286	-0.010093231847955964	False	True
STYXL1	1.9302426268827355	0.024762153878798564	21.47977908333333	1.0	0.0	0.1039605701757863	0.5241657615216712	False	True
SUB1	1.8231710817086417	0.014915430747870152	21.457195424537584	2.0	0.0	0.07806698208741011	-0.16488919872135127	False	False
SUCLA2	-1.3737139220529457	0.08126833740595792	22.975466598137615	4.0	0.0	0.20671525698431353	-0.8614660575183174	False	True
SUCLG1	-2.6502053343125804	0.004150021183858785	23.347559531982707	5.0	0.0	0.04285610286834936	-0.938735621181257	False	True
SUCLG2	-1.4865799587189235	0.0610321823639851	24.62570121868661	14.0	0.0	0.1735123911188946	-1.233205188617917	False	True
SULT1A1	0.8726777019397819	0.1404263530404321	19.278088166666663	1.0	0.0	0.28415890274476535	-0.3233871926743568	False	False
SULT1C2	-0.6851811901236677	0.3526978778519109	17.320301833333332	1.0	0.0	0.49049241797774984	-0.5965555061940698	False	True
SUOX	-1.6780270035736116	0.006864481781486698	19.648048499999998	1.0	0.0	0.05304502325531554	-0.3461086927012446	False	True
SUPT6H	-0.5885015112225394	0.41311366588913717	17.496176166666668	1.0	0.0	0.5401237921512898	-0.31576403701232786	False	True
SYNCRIP	-0.22328908513511453	0.7236104235405586	19.97929125	1.0	0.0	0.7973312828468379	0.39734997669684624	False	False
SYNE1	0.4492583581171284	0.49120649641358316	23.464771989263244	2.0	0.0	0.6022488312207654	0.019702042209115686	False	True
TACSTD2	0.4354906458019927	0.4758425857007836	18.749217166666664	1.0	0.0	0.5927989664097354	0.5227784782619526	False	True
TAGLN	0.8886396587854574	0.14788731627768803	25.891763332158206	15.0	0.0	0.29343178690594923	1.3049770789653772	False	True
TAGLN2	2.955070474845763	0.0003432612992330569	24.12731800382086	10.0	0.0	0.017284302976877566	0.9511441467405831	False	True
TAGLN3	0.7947355026310441	0.1924362774963471	21.2081745	1.0	0.0	0.34294051531316133	0.13469063359104885	False	True
TALDO1	0.004372457520653938	0.9942767409311012	22.52693741952412	5.0	0.0	0.996106698122999	0.06325005863600236	False	True
TASOR2	0.3105778497161345	0.6033712691028273	20.85363595777763	2.0	0.0	0.7002880472245324	1.0125535502488978	False	True
TBC1D8B	0.4741228357793848	0.4583156057376704	20.920570916666666	1.0	0.0	0.5806279163457065	-0.7113538120940355	False	False
TBCA	0.3900209791687312	0.5218002162097604	19.411937249999998	1.0	0.0	0.6291297211089443	-0.17814490070496258	False	False
TBL3	0.6011974241876138	0.2938437661840042	20.663278416666667	1.0	0.0	0.44307190228853083	-0.36562248054991503	False	False
TCERG1	0.8473730831620465	0.23357183947114687	17.9735775	1.0	0.0	0.3864466199152815	0.38573107540968804	False	True
TF	-0.6558137898341829	0.2303738529616025	25.777888823648876	24.0	0.0	0.3831352428158517	-0.22991821106049326	False	True
TFG	-1.1593465414372732	0.08284228852444135	20.858270500000003	1.0	0.0	0.20876768080310604	0.2768788726981346	False	False
TGFB1I1	2.070867699519645	0.0019526372886102263	18.476987166666667	1.0	0.0	0.03140758090010808	-0.06620823960840368	False	False
TGM2	0.9687556232611924	0.08583883195515304	23.5589416798623	8.0	0.0	0.21261712918894837	0.9791690510383377	False	True
THBS1	0.3658102038381333	0.4574964153743406	18.232866416666667	1.0	0.0	0.5800400980638961	0.346604110412144	False	True
THY1	-0.9576942047291169	0.08981086348897407	19.64231608333333	1.0	0.0	0.21988176923162617	-0.31675724006806144	False	True
TINAGL1	0.26305926082631964	0.6468484124529504	24.09621165068813	8.0	0.0	0.7330350156389092	0.6342150942091084	False	True
TJP1	0.6383524044946187	0.22604549306978222	19.164181666666664	1.0	0.0	0.378705642636542	-1.0982703158167972	False	False
TKFC	-0.39978371249133093	0.5228615280812593	24.33125883736891	14.0	0.0	0.6296702620624605	-0.8350096980991606	False	True
TKT	1.3337061749021906	0.026311200691741216	24.76559589353897	17.0	0.0	0.10635195725151834	1.0456841917002366	False	True
TLN1	2.0593134349567137	0.0029393059802159606	25.88768748375639	27.0	0.0	0.03642254067144806	0.08796059475875721	False	True
TM9SF2	2.417341214615451	0.001701686447607707	19.957868416666667	1.0	0.0	0.030500870644242364	-0.03546708777588431	False	False
TM9SF4	-0.7257522892643623	0.32827293830124366	17.733093166666666	1.0	0.0	0.47158613146807316	-0.5314534506736835	False	True
TMED10	0.9452388938506979	0.09274729240328339	21.103611255797784	2.0	0.0	0.22454904171037407	0.46658090584151274	False	True
TMEM109	3.697898711990615	7.261085923218978e-05	20.204344666666668	1.0	0.0	0.010779412102378719	-0.19694777066525748	False	False
TMEM33	1.2611743879814261	0.10247729745781858	19.300044833333335	1.0	0.0	0.23974989505532626	-0.31227606778064393	False	False
TMEM43	-1.0802221179425644	0.11917153440677318	23.08506063401947	2.0	0.0	0.2598225843608286	0.5845593214600678	False	False
TMT1A	-0.20639601724213474	0.716309270074216	20.683400583333334	1.0	0.0	0.7930393478177591	-0.5583288562358465	False	True
TMX4	-0.7572348978449727	0.29009237148212763	18.950006416666664	1.0	0.0	0.4389921109885134	-0.07888931703711045	False	True
TNC	0.09809672942939263	0.8681049670331991	21.83650665807963	5.0	0.0	0.8995021644449328	1.7594243765541104	False	True
TNKS2	-1.9986057863543862	0.018536913860345793	23.18939191666667	1.0	0.0	0.08851105360802539	-0.18836093685621833	False	True
TNS1	1.2447919682904494	0.029325741090813005	20.363386695518173	2.0	0.0	0.11268224493763661	-0.02606380246273317	False	False
TPD52L2	1.4965992222139095	0.05873571340196462	19.42094475	1.0	0.0	0.16976180528390838	0.45822141506638586	False	True
TPI1	-1.5030694081836404	0.0388535829232097	25.90083177619728	15.0	0.0	0.13557243784957573	-0.411985628336212	False	True
TPM1	2.342674335983025	0.0018499179928545993	25.90273078409973	15.0	0.0	0.031031496075903057	1.6251355588359633	False	True
TPM2	1.7180123774362512	0.006377329217943021	23.38154829712228	3.0	0.0	0.05233543753463731	0.2573502947593877	False	True
TPM3	1.0399648967209756	0.11421390949984615	21.990363623272117	4.0	0.0	0.25275243673719733	0.10942692441463175	False	True
TPM4	1.2110550253743968	0.04504349198288059	22.409020747192432	6.0	0.0	0.14879173584672134	0.807825467341745	False	True
TPP1	0.8165993141129972	0.2200333429003404	22.82800993024308	5.0	0.0	0.37160669899661236	-0.2146139261445622	False	False
TPX2	1.768153315232962	0.013293847250848098	21.187785083333335	1.0	0.0	0.07402800327868564	0.7640732954784334	False	True
TRA2B	1.2808934050946144	0.08593221387918305	18.99891441666667	1.0	0.0	0.21261712918894837	0.6621794694663079	False	True
TRAP1	1.1332154736413385	0.13935920381099332	22.672645561769116	2.0	0.0	0.28415890274476535	-0.28053267513413166	False	False
TRIM28	1.3951978162487462	0.027538932461429102	19.338506858284276	2.0	0.0	0.10854936767915942	0.4830796448249895	False	True
TRIOBP	0.18282656510228645	0.7678830937936431	20.529421166666665	1.0	0.0	0.8280000315007144	0.6552615563218496	False	True
TSN	0.7124625448624053	0.23308815406000644	18.532137000000002	1.0	0.0	0.38642939652790914	-0.21547645117584321	False	False
TSPAN14	-0.7587280061828415	0.18632848445487493	20.38072025	1.0	0.0	0.33808268346090087	-0.07533186207647673	False	True
TSPO	1.5580754247155317	0.02476474770845899	19.731929333333333	1.0	0.0	0.1039605701757863	0.9946849808587115	False	True
TSPOAP1	1.4106361770303908	0.0336042209042099	22.866305583333332	1.0	0.0	0.12335409537294725	-0.6995023503987724	False	False
TST	-0.35844639393165817	0.5714133355301242	23.546181107284724	8.0	0.0	0.6742181914166856	-0.8537705679000095	False	True
TTC28	0.7701287400467629	0.15749304915390597	20.818676583333332	1.0	0.0	0.3059172984568415	0.28752213674291455	False	True
TTC38	0.2535152315144199	0.6525148482602402	20.950161401967257	2.0	0.0	0.7378191034307955	-0.8231723334696825	False	False
TTN	0.6830102355804498	0.18766548262933755	21.600834588125583	3.0	0.0	0.3391827673276474	0.1934302396679046	False	True
TTR	0.9872491087394505	0.06921119206812729	24.847995660208273	9.0	0.0	0.18836979441208643	-0.2623350625326412	False	False
TUBA1A	1.0613280537712637	0.115813239581149	27.225350390215187	27.0	0.0	0.2538564030013642	1.4411268023169692	False	True
TUBA4A	-0.36722292325101713	0.583328327473733	21.455296802779344	2.0	0.0	0.6829463521297658	0.5108878909440681	False	False
TUBA4B	1.0880228648891548	0.05867463802347583	22.883562083333334	1.0	0.0	0.16976180528390838	0.24424250460189786	False	True
TUBB	1.3430365072434927	0.06040115218937703	24.06273547086492	5.0	0.0	0.17274094838047757	0.9285144185507823	False	True
TUBB1	0.7986757498630656	0.19304808291962897	25.008628247737335	4.0	0.0	0.34294051531316133	0.060918300827875194	False	True
TUBB2A	0.7976528029585243	0.19470878910806041	26.50712940015555	18.0	0.0	0.3448522500222347	-0.6709817061647435	False	False
TUBB4A	-1.3439816570024017	0.029922586653074422	21.481470416666667	1.0	0.0	0.11410017765400954	-0.8365153073799134	False	True
TUBB4B	0.42370132785102776	0.5054535159897134	25.77743051956931	7.0	0.0	0.6150563275791371	-0.24233668702059974	False	False
TUBB6	-0.48745209619231117	0.3472070196184028	21.613327166666668	1.0	0.0	0.4863243401212642	0.8848699981513737	False	False
TUFT1	-0.8205464357835593	0.2748643605851907	18.819180083333332	1.0	0.0	0.4258572114189909	-0.3788203809768664	False	True
TUT4	-0.5781869824202492	0.35147655870812783	20.175902	1.0	0.0	0.48949154332742223	-0.20234126024185028	False	True
TUT7	1.3380856760063753	0.022354294447757207	19.861619166666667	1.0	0.0	0.0989283545614838	0.6019577112980179	False	True
TXN	-2.384257427057401	0.0007445905137229422	23.832740739645416	5.0	0.0	0.02026527181515941	-0.3655375975223505	False	True
TXNDC15	-0.5502310757888613	0.4448411592701102	19.77052166666667	1.0	0.0	0.5675200102250703	0.49494749431200624	False	False
TYMP	1.459551959987269	0.014174179969636545	19.324296	1.0	0.0	0.07574286093131959	0.8719834547595625	False	True
UBA1	0.7402717407294067	0.2214161489110814	24.05111173561367	13.0	0.0	0.37317548921359844	-0.16925859365011808	False	False
UBA52	2.4086890523730093	0.011807847055865102	25.939697343924845	7.0	0.0	0.06961088174089428	0.6158848263692903	False	True
UBAP2L	0.07620853571572518	0.8906567513471098	21.704352	1.0	0.0	0.9176293217349087	0.17701608972701466	False	True
UBE2N	-0.16171368903160468	0.8059199786150489	22.357073082928736	4.0	0.0	0.8529276248077609	-0.07887311489018255	False	True
UBXN7	-0.16782080520348616	0.7349551850856756	21.652506083333332	1.0	0.0	0.8071162187255603	0.1542712109160669	False	False
UGDH	-0.1559243808126174	0.7811690915604963	19.989498485465454	2.0	0.0	0.8348489047894571	0.1806388783646812	False	False
UGP2	0.2748806324105098	0.6365687237893803	20.839266523588922	2.0	0.0	0.7237704263208481	-0.5406974894433348	False	False
UMOD	1.758071084029551	0.04692243358110988	23.65722743364843	10.0	0.0	0.15069573245400641	-0.7934490162276746	False	False
UNC13A	0.14534909689067715	0.8093065690781819	21.18943708333333	1.0	0.0	0.8554029950192046	-0.20915202218456697	False	False
UNC13B	-0.73033389380819	0.3215323043299442	17.4891255	1.0	0.0	0.4673979201034967	-0.38652756535726124	False	True
UPF1	1.5775999190635	0.05116696543136364	19.219070166666665	1.0	0.0	0.1576521783951261	-0.27825385740985986	False	False
UQCR10	0.4267830760942988	0.47002875334673483	19.10946358333333	1.0	0.0	0.58816624844078	-0.6047929808555809	False	False
UQCRB	-1.758355496381296	0.04507554611442304	21.219740999999996	1.0	0.0	0.14879173584672134	-0.43761068641875084	False	True
UQCRC1	-1.2353265004723946	0.11340888475307913	24.081245329942533	8.0	0.0	0.25275243673719733	-0.7262876669362633	False	True
UQCRC2	-1.6255436592332033	0.055692671667075526	24.721614385006884	10.0	0.0	0.16431101016180705	-0.5271265093867811	False	True
USP5	1.544173156666468	0.010971859427264283	19.017577833333334	1.0	0.0	0.06602219062189595	-0.21286359738711122	False	False
USP7	-1.093618797807657	0.10627245713532059	20.599145492366592	2.0	0.0	0.24374005969379006	0.06866193886873169	False	False
VAT1	1.4314414274065417	0.026188154243325157	22.591334777273996	5.0	0.0	0.106117260246526	0.8320031358784781	False	True
VCAN	0.4157359015294157	0.47110385083384654	21.71403029796161	3.0	0.0	0.5887993405695168	1.6632059840959226	True	True
VCL	2.931192834060689	0.00024688386556792505	25.166879443158635	24.0	0.0	0.016481199486144352	0.5721183520783085	False	True
VCP	1.3780013031630576	0.03384622230295035	24.0431946815461	15.0	0.0	0.1239257421989191	0.3122177040523164	False	True
VDAC3	-2.5828460887124414	0.007613546874236351	21.046877166666665	1.0	0.0	0.055188563432388676	-0.29738131630178705	False	True
VIL1	-0.9396376748670338	0.13967075422933822	19.862565333333336	1.0	0.0	0.28415890274476535	-0.6136548475066158	False	True
VIM	3.857229028627709	5.9543717684902144e-05	27.4631959951568	45.0	0.0	0.010779412102378719	1.0392084371125985	False	True
VPS13D	-2.1853638819893075	0.013140414526873109	20.044072416666666	1.0	0.0	0.07377602960186352	0.1438706392023212	False	False
VPS35	1.4532482233949053	0.045290630046678715	22.215823842433977	5.0	0.0	0.14911209448835958	0.04988767284620669	False	True
VWA1	0.011781091718060879	0.983811823854104	22.781752206840277	3.0	0.0	0.9892639829764482	-0.15840673572444117	False	False
WARS1	0.10219687001650249	0.8523948397914767	20.28036266666667	1.0	0.0	0.8882966007527003	0.6924274681043823	False	True
WDR1	1.8413605853585175	0.010505207365897681	23.34542854991894	5.0	0.0	0.06498107435042012	1.010619074709122	False	True
WIPI2	2.1785841143170535	0.006911751960772078	19.776914833333333	1.0	0.0	0.05304502325531554	0.04597948712447364	False	True
WLS	-0.37119071351626903	0.5161352512300296	23.51902216666667	1.0	0.0	0.6243324927841765	-0.0035427470616145964	False	True
XAB2	-0.7409484582488126	0.25404957076638296	20.247932416666668	1.0	0.0	0.40412451182989667	-0.7913955098070874	False	True
XPNPEP2	-0.28252732287872695	0.6245400631502478	19.402290416666666	1.0	0.0	0.7157009986837576	-0.9475432604846478	False	True
XPO1	-0.5159420679508973	0.47223935260702565	16.336865166666666	1.0	0.0	0.5895771122379762	0.35576395057265014	False	False
XPO6	-0.6537423258607429	0.3710062154863724	17.348355916666666	1.0	0.0	0.5048776249077052	0.5351586266354597	False	False
XRCC5	0.9184038648693257	0.12613105506857433	22.684734163579844	6.0	0.0	0.26749612068439205	0.9667527201413687	False	True
YOD1	-0.6596682768362024	0.32834870268168964	21.370814749999997	1.0	0.0	0.47158613146807316	-0.812909868599467	False	True
YTHDC2	-0.9321051439443615	0.11306551402269616	21.090053083333334	1.0	0.0	0.25258000601786984	0.02712678194807498	False	False
YWHAB	1.691013445003132	0.011193329785435281	25.005632339451335	12.0	0.0	0.06671061145845188	0.31864115478920746	False	True
YWHAE	-0.2185502495481282	0.7235823994827619	23.983529180483924	8.0	0.0	0.7973312828468379	-0.49459096063520896	False	True
YWHAH	1.2927377397134812	0.0359546068117623	18.12798225	1.0	0.0	0.129590135217456	1.4673797706369303	False	True
YWHAZ	1.5625733604751975	0.011785893671319533	23.163112988909074	5.0	0.0	0.06961088174089428	-0.23247048545323676	False	False
ZBTB14	-1.4037418994698094	0.06241354591189366	22.543469333333334	1.0	0.0	0.17572641461055577	0.19324415032506884	False	False
ZFYVE26	-0.8893142708306974	0.1859068636936744	18.56674391666667	1.0	0.0	0.33808268346090087	1.123822768321577	False	False
ZMYM2	-0.6560664035631134	0.3081847796839461	20.931463833333336	1.0	0.0	0.4548383362012905	0.10580164115206049	False	False
ZNF154	-1.4689515886137081	0.02610778642587834	18.749455166666667	1.0	0.0	0.106117260246526	-0.1409730167898427	False	True
ZNF276	-0.7509534444427656	0.31183544223809057	19.449295250000002	1.0	0.0	0.45752675397556325	0.19955740358902918	False	False
ZNF480	-1.153569672455847	0.06378903615253802	20.55742325	1.0	0.0	0.17785045574442743	-0.13470534118444838	False	True
ZNF528	-0.09096058345790638	0.8775759708793447	21.786478333333335	1.0	0.0	0.9064399496811953	0.035976815150974166	False	False
ZNF711	-0.6415603171752706	0.30449031376954866	21.742648666666664	1.0	0.0	0.4520297112597027	-0.15125455545793398	False	True
ZSCAN31	0.7839023562119527	0.24052212356170066	21.76121091666667	1.0	0.0	0.3927726277762572	-0.17997031519994175	False	False
